OSHPD_ID,FAC_NAME,BEG_DATE,END_DATE,LIC_STATUS,LIC_STATUS_DATE,LIC_ORIG_DATE,County Name,HEALTH_SVC_AREA,LIC_CAT,LICEE_TOC,PARENT_NAME,TYPE_SVC_PRINCIPAL,TEACH_HOSP,HOSP_BED_LIC_TOTL,FAC_ADDRESS_1,FAC_CITY,FAC_ZIPCODE,FAC_PHONE,HOSPICE_PROG,HOSPICE_CLASS_GAC_BED,HOSPICE_CLASS_SN_BED,HOSPICE_CLASS_IC_BED,CHEM_PSY_DIS,CHEM_PSY_CENS_DAY,CHEM_PSY_BED_LIC,PSY_PROG_SHDOYL,MED_SURG_BED_LIC,MED_SURG_DIS,MED_SURG_CENS_DAY,MED_SURG_LICBED_DAY,PERINATL_BED_LIC,PERINATL_DIS,PERINATL_CENS_DAY,PERINATL_LICBED_DAY,PED_BED_LIC,PED_DIS,PED_CENS_DAY,PED_LICBED_DAY,ICU_BED_LIC,ICU_DIS,ICU_TFR_INHOSP,ICU_CENS_DAY,ICU_LICBED_DAY,CCU_BED_LIC,CCU_DIS,CCU_TFR_INHOSP,CCU_CENS_DAY,CCU_LICBED_DAY,RESP_BED_LIC,RESP_DIS,RESP_TFR_INHOSP,RESP_CENS_DAY,RESP_LICBED_DAY,BURN_BED_LIC,BURN_DIS,BURN_TFR_INHOSP,BURN_CENS_DAY,BURN_LICBED_DAY,NICU_BED_LIC,NICU_DIS,NICU_TFR_INHOSP,NICU_CENS_DAY,NICU_LICBED_DAY,REHAB_BED_LIC,REHAB_DIS,REHAB_CENS_DAY,REHAB_LICBED_DAY,GAC_BED_LIC_SUBTOTL,GAC_DIS_SUBTOTL,GAC_CENS_DAY_SUBTOTL,GAC_LICBED_DAY_SUBTOTL,CHEM_BED_LIC,CHEM_DIS,CHEM_CENS_DAY,CHEM_LICBED_DAY,PSY_BED_LIC,PSY_DIS,PSY_CENS_DAY,PSY_LICBED_DAY,SN_BED_LIC,SN_DIS,SN_CENS_DAY,SN_LICBED_DAY,IC_BED_LIC,IC_DIS,IC_CENS_DAY,IC_LICBED_DAY,HOSP_BED_LIC_TOTL,HOSP_DIS_TOTL,HOSP_CENS_DAY_TOTL,HOSP_LICBED_DAY_TOTL,CHEM_GAC_DIS,CHEM_GAC_CENS_DAY,CHEM_GAC_BED_LIC,LICENSURE_CVSURG_SVCS,CVSURG_LIC_OP_RM,CVSURG_WITH_ECBPASS_PED,CVSURG_WITHOUT_ECBPASS_PED,CVSURG_WITH_ECBPASS_ADLT,CVSURG_WITHOUT_ECBPASS_ADLT,CVSURG_WITH_ECBPASS_TOTL,CVSURG_WITHOUT_ECBPASS_TOTL,CVSURG_CABG_TOTL,CATH_CARD_RM,CATH_IP_PED_DX_VIS,CATH_IP_PED_THER_VIS,CATH_OP_PED_DX_VIS,CATH_OP_PED_THER_VIS,CATH_IP_ADLT_DX_VIS,CATH_IP_ADLT_THER_VIS,CATH_OP_ADLT_DX_VIS,CATH_OP_ADLT_THER_VIS,CATH_DX_VIS_TOTL,CATH_THER_VIS_TOTL,PACEMKR_PERM_IMPL,PTCA_ANGIOPLASTY_WITH_STENT,PTCA_ANGIOPLASTY_WITHOUT_STENT,PTBV_BALLOON,THROMBO_AGT,CATH_OTHR,CATH_TOTL,BIRTHS_LIVE_TOTL,BIRTHS_LIVE_<5LBS_8OZ,BIRTHS_LIVE_<3LBS_5OZ,ABC_PROG,ABC_LDR,ABC_LDRP,BIRTHS_LIVE_ABC,BIRTHS_LIVE_C_SEC,births_all other,NEWBORN_NURSRY_CENS_DAY,SURG_IP,OR_MIN_IP,SURG_OP,OR_MIN_OP,AMB_SURG_PROG,OR_TOTL,OR_OP_ONLY,OR_IP_AND_OP,OR_IP_ONLY,ED_LIC_LEVL_BEGIN,ED_LIC_LEVL_END,EMS_non-GAC,EMS_GAC None,EMS_Standby,EMS_Basic,EMS_Comp,EMSA_Trauma Ctr,EMS_NONURGENT_CPT_99281_TOTL_VIS,EMS_NONURGENT_CPT_99281_ADM_VIS,EMS_URGENT_CPT_99282_TOTL_VIS,EMS_URGENT_CPT_99282_ADM_VIS,EMS_MODER_CPT_99283_TOTL_VIS,EMS_MODER_CPT_99283_ADM_VIS,EMS_SEVERE_CPT_99284_TOTL_VIS,EMS_SEVERE_CPT_99284_ADM_VIS,EMS_CRITICAL_CPT_99285_TOTL_VIS,EMS_CRITICAL_CPT_99285_ADM_VIS,EMS_VIS_TOTL,EMS_ADM_VIS_TOTL,EMS_STATION,EMS_NON_EMERG_VIS,EMS_REGISTERS_NO_TREAT,EMS_CLOSURE_AMB_DIVERS,EMS_CLOSED_JAN_HOURS,EMS_CLOSED_FEB_HOURS,EMS_CLOSED_MAR_HOURS,EMS_CLOSED_APR_HOURS,EMS_CLOSED_MAY_HOURS,EMS_CLOSED_JUN_HOURS,EMS_CLOSED_JUL_HOURS,EMS_CLOSED_AUG_HOURS,EMS_CLOSED_SEP_HOURS,EMS_CLOSED_OCT_HOURS,EMS_CLOSED_NOV_HOURS,EMS_CLOSED_DEC_HOURS,EMS_CLOSED_TOTL_HOURS,EMSA_TRAUMA_CTR_DESIG,Level I-Trauma,Level II-Trauma,Level III-Trauma,Level IV-Trauma,EMSA_TRAUMA_PEDS_CTR_DESIG,Level I - ped,Level II - ped,Level III - ped,Level IV - ped,IC_DEV_DISBL_BED_LIC,IC_DEV_DISBL_LICBED_DAY,IC_DEV_DISBL_DIS,IC_DEV_DISBL_CENS_DAY,Level I ems visits,Level II ems visits,Level III ems visits,Level IV ems visits,ED_OP_RM_AVAIL24HRS,ED_OP_RM_AVAIL_ON_CALL,Jan hours open per month,Feb hours open per month,March hours open per month,April hours open per month,May hours open per month,June hours open per month,July hours open per month,Aug hours open per month,Sept hours open per month,Oct hours open per month,Nov hours open per month,Dec hours open per month,MED_SVC_STUDY_AREA,ASSEMBLY_DIST,SENATE_DIST,CONGRESS_DIST,MSSA_Name,MSSA_Designt_Type,Non-Responder,Not in Operation,State Hospital,Non Trauma Center,Non Trauma Ctr # of Visits,Bed Size Range,ATHERECTOMY_PTCRA_ABLATION
106010811,ALAMEDA CO MED CTR - FAIRMONT CAMPUS,1/1/04,12/31/04,Open,7/1/53,7/1/53,Alameda,05 - East Bay,General Acute Care,City and/or County,none,Long-Term Care (SN/IC),NO,159,15400 FOOTHILL BOULEVARD,SAN LEANDRO,94578,510-437-4599,0,0,0,0,0,0,0,No,0,0,0,0,0,0,0,0,0,0,0,0,0,0,0,0,0,0,0,0,0,0,0,0,0,0,0,0,0,0,0,0,0,0,0,0,0,50,361,7799,18300,50,361,7799,18300,0,0,0,0,0,0,0,0,109,89,37129,39894,0,0,0,0,159,450,44928,58194,0,0,0,NEITHER,0,0,0,0,0,0,0,0,0,0,0,0,0,0,0,0,0,0,0,0,0,0,0,0,0,0,0,0,0,0,0,0,0,0,0,0,0,0,0,0,No,0,0,0,0,0,0,0,1,0,0,0,0,0,0,0,0,0,0,0,0,0,0,0,0,0,0,0,0,0,0,0,0,0,0,0,0,0,0,0,0,0,0,0,0,0,0,0,0,0,0,0,0,0,0,0,0,0,0,0,0,0,0,0,0,0,0,0,0,0,0,0,0,0,2f,71,143,9,Castro Valley Central and North/Oak Knoll/San Leandro Northeast/Sheffield Village/Union City East,Urban,No,No,No,1,0,150 - 199,0
106010846,ALAMEDA CO MED CTR - HIGHLAND CAMPUS,1/1/04,12/31/04,Open,7/1/53,7/1/53,Alameda,05 - East Bay,General Acute Care,City and/or County,none,General Medical / Surgical,YES,316,1411 EAST 31ST STREET,OAKLAND,94602,510-437-4599,0,0,0,0,0,0,0,Yes,191,7007,24647,69906,17,1505,3825,0,0,0,0,0,20,924,2202,10087,7320,0,0,0,0,0,0,0,0,0,0,0,0,0,0,0,8,183,35,1224,2928,0,0,0,0,236,9619,39783,86376,0,0,0,0,80,3126,26132,29280,0,0,0,0,0,0,0,0,316,12745,65915,115656,0,0,0,NEITHER,0,0,0,0,0,0,0,0,0,0,0,0,0,0,0,0,0,0,0,0,0,0,0,0,0,0,1326,63,8,0,0,0,0,314,1012,2631,2131,772043,1495,300990,Yes,7,0,7,0,Basic,Basic,0,0,0,1,0,1,10901,0,16715,0,17757,0,7218,0,10188,0,62779,0,52,0,11213,1,35,20,45,25,45,65,65,60,70,65,65,80,640,1,0,1,0,0,0,0,0,0,0,0,0,0,0,0,62779,0,0,1,0,744,696,744,720,744,720,744,744,720,744,720,744,2c,69,142,9,Oakland West Central,Urban,No,No,No,0,0,300 - 499,0
106010735,ALAMEDA HOSPITAL,1/1/04,12/31/04,Open,1/1/46,1/1/46,Alameda,05 - East Bay,General Acute Care,District,,General Medical / Surgical,NO,135,2070 CLINTON,ALAMEDA,94501,510-522-3700-4000,0,0,0,0,0,0,0,No,84,2862,11290,30744,0,0,0,0,0,0,0,0,8,147,321,1266,2928,8,0,0,0,2928,0,0,0,0,0,0,0,0,0,0,0,0,0,0,0,0,0,0,0,100,3009,12556,36600,0,0,0,0,0,0,0,0,35,82,9919,12810,0,0,0,0,135,3091,22475,49410,0,0,0,NEITHER,0,0,0,0,0,0,0,0,0,0,0,0,0,0,0,0,0,0,0,0,0,0,0,0,0,0,0,0,0,0,0,0,0,0,0,0,1034,134638,2968,166231,Yes,8,0,8,0,Basic,Basic,0,0,0,1,0,0,324,0,3681,2,6164,8,4262,1063,2501,1558,16932,2631,12,0,64,1,1,5,10,4,24,0,35,0,0,45,27,0,151,0,0,0,0,0,0,0,0,0,0,0,0,0,0,0,0,0,0,0,1,744,696,744,720,744,720,744,744,720,744,720,744,2e,69,142,13,Alameda/Jack London Square/Oakland Inner Harbor,Urban,No,No,No,1,16932,100 - 149,0
106190017,ALHAMBRA HOSPITAL,1/1/04,12/31/04,Open,1/1/46,1/1/46,Los Angeles,11 - Los Angeles,General Acute Care,Investor - Partnership,"AHMC, INC.",General Medical / Surgical,NO,144,100 SOUTH RAYMOND AVENUE,ALHAMBRA,91801,626-570-1606-4770,0,0,0,0,0,0,0,No,88,3704,22720,32208,0,0,0,0,0,0,0,0,6,129,412,1583,2196,7,111,479,2174,2562,0,0,0,0,0,0,0,0,0,0,0,0,0,0,0,17,246,4323,6222,118,4190,30800,43188,0,0,0,0,0,0,0,0,26,10,9385,9516,0,0,0,0,144,4200,40185,52704,0,0,0,NEITHER,0,0,0,0,0,0,0,0,0,0,0,0,0,0,0,0,0,0,0,0,0,0,0,0,0,0,0,0,0,0,0,0,0,0,0,0,609,36633,1441,61219,Yes,5,0,5,0,Basic,Basic,0,0,0,1,0,0,1408,0,7827,1779,879,819,353,321,8,6,10475,2925,3,136,96,1,348,214,110,117,48,69,95,74,136,115,74,37,1437,0,0,0,0,0,0,0,0,0,0,0,0,0,0,0,0,0,0,0,1,744,696,744,720,744,720,744,744,720,744,720,744,78.2eeee,102,155,29,Alhambra/El Sereno South/San Gabriel Central,Urban,No,No,No,1,10475,100 - 149,0
106010844,ALTA BATES SUMMIT MED CTR - HERRICK CAMPUS,1/1/04,12/31/04,Open,1/1/46,1/1/46,Alameda,05 - East Bay,General Acute Care,Non-Profit Corporation (incl. Church-related),Sutter Health,Psychiatric,NO,206,2001 DWIGHT WAY,BERKELEY,94704,510-869-6199,0,0,0,0,0,0,0,Yes,0,0,0,0,0,0,0,0,0,0,0,0,0,0,0,0,0,0,0,0,0,0,0,0,0,0,0,0,0,0,0,0,0,0,0,0,0,42,612,10915,15372,42,612,10915,15372,0,0,0,0,105,2993,24950,38430,59,33,18563,21594,0,0,0,0,206,3638,54428,75396,0,0,0,NEITHER,0,0,0,0,0,0,0,0,0,0,0,0,0,0,0,0,0,0,0,0,0,0,0,0,0,0,0,0,0,0,0,0,0,0,0,0,0,0,0,0,No,0,0,0,0,0,0,0,1,0,0,0,0,0,0,0,0,0,0,0,0,0,0,0,0,0,0,0,0,0,0,0,0,0,0,0,0,0,0,0,0,0,0,0,0,0,0,0,0,0,0,0,0,0,0,0,0,0,0,0,0,0,0,0,0,0,0,0,0,0,0,0,0,0,2a,67,142,9,Berkeley South and West/Emeryville/Oakland Northwest,Urban,No,No,No,1,0,200 - 299,0
106010739,ALTA BATES SUMMIT MED CTR-ALTA BATES CAMPUS,1/1/04,12/31/04,Open,1/2/46,1/2/46,Alameda,05 - East Bay,General Acute Care,Non-Profit Corporation (incl. Church-related),Sutter Health,General Medical / Surgical,NO,354,2450 ASHBY STREET,BERKELEY,94705,510-869-6199,0,0,0,0,0,0,0,No,176,9334,44205,64332,87,8200,23191,0,0,0,0,0,16,246,765,3438,5856,14,242,724,2910,5124,0,0,0,0,0,6,0,0,0,2196,55,998,105,17580,20130,0,0,0,0,354,19020,91324,126276,0,0,0,0,0,0,0,0,0,0,0,0,0,0,0,0,354,19020,91324,126276,0,0,0,CATH LAB,0,0,0,0,0,0,0,0,2,0,0,0,0,360,259,121,17,481,276,149,0,91,0,0,36,276,7576,737,172,1,1,0,5371,2200,5,12485,3713,481920,6820,485880,Yes,13,0,13,0,Basic,Basic,0,0,0,1,0,0,5412,57,12958,606,11372,1982,6967,2255,3393,1644,40102,6544,22,793,1782,1,11,9,8,16,19,4,0,1,0,7,4,17,96,0,0,0,0,0,0,0,0,0,0,0,0,0,0,0,0,0,0,1,0,744,696,744,720,744,720,744,744,720,744,720,744,2b,67,142,9,Albany/Berkeley East and North/Claremont/Cragmont/Forest Park/Rockridge/Temescal/Thousand Oaks,Urban,No,No,No,1,40102,300 - 499,0
106010937,ALTA BATES SUMMIT MED CTR-SUMMIT CAMPUS-HAWTHORNE,1/1/04,12/31/04,Open,1/1/46,1/1/46,Alameda,05 - East Bay,General Acute Care,Non-Profit Corporation (incl. Church-related),Sutter Health,General Medical / Surgical,NO,342,350 HAWTHORNE AVENUE,OAKLAND,94609,510-869-6199,0,0,0,0,0,0,0,No,273,14583,65568,99918,25,2111,2255,0,0,0,0,0,24,268,1685,7639,8784,12,24,1091,1862,4392,0,0,0,0,0,0,0,0,0,0,8,272,68,1358,2928,0,0,0,0,342,17258,78682,125172,0,0,0,0,0,0,0,0,0,0,0,0,0,0,0,0,342,17258,78682,125172,0,0,0,CV SURG,4,0,0,512,9958,512,9958,890,4,0,0,0,0,2378,3010,1232,39,3610,3049,402,0,1350,1,0,1295,3049,2093,135,10,1,1,0,1659,432,2,3824,4919,898500,1567,198960,Yes,12,0,12,0,Basic,Basic,0,0,0,1,0,0,8651,41,12328,986,15336,5640,2066,1154,690,417,39071,8238,31,8757,2029,1,64,43,29,30,14,32,9,9,6,42,8,8,294,0,0,0,0,0,0,0,0,0,0,0,0,0,0,0,0,0,0,1,0,744,696,744,720,744,720,744,744,720,744,720,744,2m,69,142,9,Dimond/Montclair/Oakland East/Oakmore/Piedmont/Piedmont Pines/Trestle Glen,Urban,No,No,No,1,39071,300 - 499,1
106013626,ALTA BATES SUMMIT MED CTR-SUMMIT CAMPUS-SUMMIT,1/1/04,12/31/04,Open,1/1/46,1/1/46,Alameda,05 - East Bay,General Acute Care,Non-Profit Corporation (incl. Church-related),Sutter Health,General Medical / Surgical,NO,192,3100 SUMMIT STREET,OAKLAND,94609,510-869-6199,0,0,0,0,0,0,0,No,104,300,456,38064,0,0,0,0,0,0,0,0,0,0,0,0,0,0,0,0,0,0,0,0,0,0,0,0,0,0,0,0,0,0,0,0,0,0,0,0,0,104,300,456,38064,0,0,0,0,17,168,2781,6222,71,1120,12445,25986,0,0,0,0,192,1588,15682,70272,0,0,0,NEITHER,0,0,0,0,0,0,0,0,0,0,0,0,0,0,0,0,0,0,0,0,0,0,0,0,0,0,0,0,0,0,0,0,0,0,0,0,74,5402,2515,181080,Yes,7,7,0,0,0,0,0,1,0,0,0,0,0,0,0,0,0,0,0,0,0,0,0,0,0,0,0,0,0,0,0,0,0,0,0,0,0,0,0,0,0,0,0,0,0,0,0,0,0,0,0,0,0,0,0,0,0,0,0,0,0,0,0,0,0,0,0,0,0,0,0,0,0,2m,69,142,9,Dimond/Montclair/Oakland East/Oakmore/Piedmont/Piedmont Pines/Trestle Glen,Urban,No,No,No,1,0,150 - 199,0
106370652,ALVARADO HOSPITAL MEDICAL CENTER,1/1/04,12/31/04,Open,8/11/72,8/11/72,San Diego,14 - San Diego/Imperial,General Acute Care,Investor - Corporation,Tenet Health Corporation,General Medical / Surgical,NO,231,6655 ALVARADO ROAD,SAN DIEGO,92120-5298,619-287-3270,0,0,0,0,0,0,0,No,198,7411,41022,72468,0,0,0,0,0,0,0,0,18,111,742,2187,6588,10,104,432,1981,3660,0,0,0,0,0,0,0,0,0,0,5,0,0,0,1830,0,0,0,0,231,7626,45190,84546,0,0,0,0,0,0,0,0,0,0,0,0,0,0,0,0,231,7626,45190,84546,0,0,0,CV SURG,1,0,0,132,14,132,14,147,2,0,0,0,0,340,94,340,94,680,188,177,170,18,0,0,78,443,0,0,0,0,0,0,0,0,0,0,2943,427680,1519,162600,No,8,0,8,0,Basic,Basic,0,0,0,1,0,0,1665,13,5004,49,4146,174,3595,670,8571,4540,22981,5446,12,0,336,1,170,152,194,140,99,30,5,11,2,1,0,0,804,0,0,0,0,0,0,0,0,0,0,0,0,0,0,0,0,0,0,0,1,744,696,744,720,744,720,744,744,720,744,720,744,161e,131,172,,College Heights/Hillcrest Southeast/Kensington/Rolando North/University Heights,Urban,No,No,No,1,22981,200 - 299,0
106374063,ALVARADO HOSPITAL MEDICAL CENTER/SDRI,1/1/04,12/31/04,Open,6/7/90,6/7/90,San Diego,14 - San Diego/Imperial,General Acute Care,Investor - Corporation,Tenet Health Corporation,Physical Rehabilitation,NO,80,6645 ALVARADO ROAD,SAN DIEGO,92120,619-287-3270,0,0,0,0,0,0,0,No,0,0,0,0,0,0,0,0,0,0,0,0,0,0,0,0,0,0,0,0,0,0,0,0,0,0,0,0,0,0,0,0,0,0,0,0,0,50,592,6782,18300,50,592,6782,18300,0,0,0,0,0,0,0,0,30,578,7364,10980,0,0,0,0,80,1170,14146,29280,0,0,0,NEITHER,0,0,0,0,0,0,0,0,0,0,0,0,0,0,0,0,0,0,0,0,0,0,0,0,0,0,0,0,0,0,0,0,0,0,0,0,0,0,0,0,Yes,0,0,0,0,0,0,0,1,0,0,0,0,0,0,0,0,0,0,0,0,0,0,0,0,0,0,0,0,0,0,0,0,0,0,0,0,0,0,0,0,0,0,0,0,0,0,0,0,0,0,0,0,0,0,0,0,0,0,0,0,0,0,0,0,0,0,0,0,0,0,0,0,0,161e,131,172,,College Heights/Hillcrest Southeast/Kensington/Rolando North/University Heights,Urban,No,No,No,1,0,50 - 99,0
106370749,ALVARADO PARKWAY INSTITUTE B.H.S.,1/1/04,12/31/04,Open,9/30/59,9/30/59,San Diego,14 - San Diego/Imperial,Acute Psychiatric,Investor - Corporation,,Psychiatric,NO,66,7050 PARKWAY DRIVE,LA MESA,91942,619-465-4411-6073,0,0,0,0,0,0,12,No,0,0,0,0,0,0,0,0,0,0,0,0,0,0,0,0,0,0,0,0,0,0,0,0,0,0,0,0,0,0,0,0,0,0,0,0,0,0,0,0,0,0,0,0,0,0,0,0,0,66,2103,20851,24156,0,0,0,0,0,0,0,0,66,2103,20851,24156,0,0,0,NEITHER,0,0,0,0,0,0,0,0,0,0,0,0,0,0,0,0,0,0,0,0,0,0,0,0,0,0,0,0,0,0,0,0,0,0,0,0,0,0,0,0,No,0,0,0,0,0,0,1,0,0,0,0,0,0,0,0,0,0,0,0,0,0,0,0,0,0,0,0,0,0,0,0,0,0,0,0,0,0,0,0,0,0,0,0,0,0,0,0,0,0,0,0,0,0,0,0,0,0,0,0,0,0,0,0,0,0,0,0,0,0,0,0,0,0,161f,130,169,52,La Mesa/Rolando South,Urban,No,No,No,1,0,50 - 99,0
106194010,AMERICAN RECOVERY CENTER,1/1/04,12/31/04,Open,7/1/87,7/1/87,Los Angeles,11 - Los Angeles,Chemical Dependency Recovery Hospital,Non-Profit Corporation (incl. Church-related),Behavioral Health Services,Chemical Dependency (Alcohol/Drug),NO,50,2180 WEST VALLEY BOULEVARD,POMONA,91768,909-864-2336-245,0,0,0,0,0,0,0,No,0,0,0,0,0,0,0,0,0,0,0,0,0,0,0,0,0,0,0,0,0,0,0,0,0,0,0,0,0,0,0,0,0,0,0,0,0,0,0,0,0,0,0,0,0,50,1620,10893,18300,0,0,0,0,0,0,0,0,0,0,0,0,50,1620,10893,18300,0,0,0,NEITHER,0,0,0,0,0,0,0,0,0,0,0,0,0,0,0,0,0,0,0,0,0,0,0,0,0,0,0,0,0,0,0,0,0,0,0,0,0,0,0,0,No,0,0,0,0,0,0,1,0,0,0,0,0,0,0,0,0,0,0,0,0,0,0,0,0,0,0,0,0,0,0,0,0,0,0,0,0,0,0,0,0,0,0,0,0,0,0,0,0,0,0,0,0,0,0,0,0,0,0,0,0,0,0,0,0,0,0,0,0,0,0,0,0,0,78.2ss,114,165,38,Pomona East and South,Urban,No,No,No,1,0,50 - 99,0
106301097,ANAHEIM GENERAL HOSPITAL,1/1/04,12/31/04,Open,8/5/65,8/5/65,Orange,13 - Orange,General Acute Care,Investor - Partnership,Pacific Health Corrporation,General Medical / Surgical,NO,101,3350 WEST BALL ROAD,ANAHEIM,92804,714-827-6700,0,0,0,0,0,0,0,No,70,1699,9712,25620,14,558,1133,1830,5,5,11,1830,12,198,252,1636,4392,0,0,0,0,0,0,0,0,0,0,0,0,0,0,0,0,0,0,0,0,0,0,0,0,101,2460,12492,36966,0,0,0,0,0,0,0,0,0,0,0,0,0,0,0,0,101,2460,12492,36966,0,0,0,NEITHER,0,0,0,0,0,0,0,0,0,0,0,0,0,0,13,0,0,0,13,13,0,0,0,0,0,13,511,17,5,0,0,0,0,143,368,1082,467,44215,956,53396,Yes,3,0,3,0,Basic,Basic,0,0,0,1,0,0,2196,2,4856,111,1965,709,1967,390,578,317,11562,1529,1,0,239,1,47,31,37,18,25,19,17,24,22,20,14,57,331,0,0,0,0,0,0,0,0,0,0,0,0,0,0,0,0,0,0,0,1,744,696,744,720,744,720,744,744,720,744,720,744,116c,120,167,40,Anaheim West,Urban,No,No,No,1,11562,100 - 149,0
106301109,ANAHEIM GENERAL HOSPITAL - BUENA PARK CAMPUS,1/1/04,12/31/04,Open,1/29/62,1/29/62,Orange,13 - Orange,General Acute Care,Investor - Partnership,Pacific Health Corporation,Long-Term Care (SN/IC),NO,42,5742 BEACH BOULEVARD,BUENA PARK,90621,714-521-4770,0,0,0,0,0,0,0,No,0,0,0,0,0,0,0,0,0,0,0,0,0,0,0,0,0,0,0,0,0,0,0,0,0,0,0,0,0,0,0,0,0,0,0,0,0,0,0,0,0,0,0,0,0,0,0,0,0,21,292,3432,7686,21,110,6713,7686,0,0,0,0,42,402,10145,15372,0,0,0,NEITHER,0,0,0,0,0,0,0,0,0,0,0,0,0,0,0,0,0,0,0,0,0,0,0,0,0,0,0,0,0,0,0,0,0,0,0,0,0,0,0,0,Yes,0,0,0,0,0,0,0,1,0,0,0,0,0,0,0,0,0,0,0,0,0,0,0,0,0,0,0,0,0,0,0,0,0,0,0,0,0,0,0,0,0,0,0,0,0,0,0,0,0,0,0,0,0,0,0,0,0,0,0,0,0,0,0,0,0,0,0,0,0,0,0,0,0,116a,109,167,40,Buena Park/La Palma,Urban,No,No,No,1,0,1 - 49,0
106301098,ANAHEIM MEMORIAL MEDICAL CENTER,1/1/04,12/31/04,Open,2/18/58,2/18/58,Orange,13 - Orange,General Acute Care,Non-Profit Corporation (incl. Church-related),Memorial Health Services,General Medical / Surgical,NO,217,1111 WEST LA PALMA AVENUE,ANAHEIM,92801,714-774-1450,0,0,0,0,0,0,0,No,156,10010,40946,57096,18,2134,5620,0,0,0,0,0,22,493,1447,5798,8052,10,291,906,2886,3660,0,0,0,0,0,0,0,0,0,0,11,245,328,2799,4026,0,0,0,0,217,13173,58049,79422,0,0,0,0,0,0,0,0,0,0,0,0,0,0,0,0,217,13173,58049,79422,0,0,0,CV SURG,2,0,0,316,5,316,5,276,2,0,0,0,0,590,609,1134,0,1724,609,323,585,24,0,17,0,980,1846,128,24,1,1,0,1329,517,0,3297,2804,437138,3572,375073,Yes,6,0,6,0,Basic,Basic,0,0,0,1,0,0,1214,7,12636,98,18375,1975,6729,4088,962,763,39916,6931,31,0,827,1,148,82,88,31,20,7,14,12,8,0,0,0,410,0,0,0,0,0,0,0,0,0,0,0,0,0,0,0,0,0,0,0,1,744,696,744,720,744,720,744,744,720,744,720,744,116l,125,167,47,Anaheim Central,Urban,No,No,No,1,39916,200 - 299,31
106190034,ANTELOPE VALLEY HOSPITAL MEDICAL CENTER,1/1/04,12/31/04,Open,9/27/55,9/27/55,Los Angeles,11 - Los Angeles,General Acute Care,District,,General Medical / Surgical,NO,379,1600 WEST AVENUE J,LANCASTER,93534,661-949-5000,0,0,0,0,0,0,0,No,182,10091,55156,66612,26,4361,13169,8418,23,1539,3409,8418,21,789,1587,7349,7686,0,0,0,0,0,0,0,0,0,0,0,0,0,0,0,27,210,726,5155,9882,0,0,0,0,279,16990,84238,102114,0,0,0,0,30,764,3789,10980,70,0,0,25620,0,0,0,0,379,17754,88027,138714,0,0,0,CV SURG,1,0,0,45,2,45,2,43,1,0,0,0,0,726,434,328,31,1054,465,109,381,41,0,9,21,574,5112,413,79,0,0,0,0,0,5112,11123,4175,464713,3124,241411,No,9,0,9,0,Basic,Basic,0,0,0,1,0,0,1959,8,20597,14,33452,1143,23836,6103,9251,5588,89095,12856,28,1959,2573,1,239,140,137,38,19,2,29,31,25,44,26,53,783,0,0,0,0,0,0,0,0,0,0,0,0,0,0,0,0,0,0,0,1,744,696,744,720,744,720,744,744,720,744,720,744,77.1b,89,150,22,Desert View Highlands/Lancaster West/Palmdale Northwest/Quartz Hill,Urban,No,No,No,1,89095,300 - 499,13
106364231,ARROWHEAD REGIONAL MEDICAL CENTER,1/1/04,12/31/04,Open,3/30/99,3/30/99,San Bernardino,12 - Inland Counties,General Acute Care,City and/or County,County of San Bernardino,General Medical / Surgical,NO,373,400 W. PEPPER AVENUE,COLTON,92314,909-580-6150,0,0,0,0,0,0,0,No,144,9629,41404,52704,24,3291,7569,8418,23,1366,3961,8418,48,1452,0,5544,17568,0,0,0,0,0,0,0,0,0,0,14,305,458,1830,5124,30,300,342,7378,10980,0,0,0,0,283,16343,67686,103578,0,0,0,0,90,3242,17506,32940,0,0,0,0,0,0,0,0,373,19585,85192,136518,0,0,0,CV SURG,0,0,0,0,0,0,0,0,1,0,0,0,0,237,0,33,0,270,0,0,0,0,0,0,0,0,3071,228,62,0,0,0,0,943,2128,8300,2991,396723,2607,249313,No,19,0,19,0,Basic,Basic,0,0,0,1,0,1,0,0,0,0,0,0,0,0,0,0,0,0,35,0,0,0,0,0,0,0,0,0,0,0,0,0,0,0,0,1,0,1,0,0,0,0,0,0,0,0,0,0,0,0,0,0,0,1,0,744,696,744,720,744,720,744,744,720,744,720,744,151f,115,165,43,Bloomington/Colton Central and West/Fontana South/Rialto South,Urban,No,No,No,0,0,300 - 499,0
106400466,ARROYO GRANDE COMMUNITY HOSPITAL,1/1/04,12/31/04,Open,4/16/62,4/16/62,San Luis Obispo,08 - Mid-Coast,General Acute Care,Non-Profit Corporation (incl. Church-related),Catholic Healthcare West,General Medical / Surgical,NO,65,345 SOUTH HALCYON ROAD,ARROYO GRANDE,93420,805-489-4261-7600,0,0,0,0,0,0,0,No,45,2519,9042,24660,0,0,0,0,0,0,0,0,8,228,294,1197,4384,0,0,0,0,0,0,0,0,0,0,0,0,0,0,0,0,0,0,0,0,0,0,0,0,53,2747,10239,29044,0,0,0,0,0,0,0,0,12,281,2518,6576,0,0,0,0,65,3028,12757,35620,0,0,0,NEITHER,0,0,0,0,0,0,0,0,0,0,0,0,0,0,0,0,0,0,0,0,0,0,0,0,0,0,0,0,0,0,0,0,0,0,0,0,925,99216,1057,47605,No,2,0,2,0,Basic,Basic,0,0,0,1,0,0,1642,2,9117,47,3756,91,3334,416,3604,1594,21453,2150,11,0,0,0,0,0,0,0,0,0,0,0,0,0,0,0,0,0,0,0,0,0,0,0,0,0,0,0,0,0,0,0,0,0,0,0,1,744,696,744,720,744,720,744,744,720,744,720,744,171,86,148,22,Arroyo Grande/Nipomo/Oceano/Pismo Beach,Rural,No,No,No,1,21453,50 - 99,0
106190163,AURORA CHARTER OAK,1/1/04,12/31/04,Open,1/1/46,1/1/46,Los Angeles,11 - Los Angeles,Acute Psychiatric,Investor - Corporation,Signature Healthcare Services,Psychiatric,NO,95,1161 EAST COVINA BOULEVARD,COVINA,91724,626-966-1632-283,0,0,0,0,0,0,0,Yes,0,0,0,0,0,0,0,0,0,0,0,0,0,0,0,0,0,0,0,0,0,0,0,0,0,0,0,0,0,0,0,0,0,0,0,0,0,0,0,0,0,0,0,0,0,0,0,0,0,95,4082,25032,34770,0,0,0,0,0,0,0,0,95,4082,25032,34770,0,0,0,NEITHER,0,0,0,0,0,0,0,0,0,0,0,0,0,0,0,0,0,0,0,0,0,0,0,0,0,0,0,0,0,0,0,0,0,0,0,0,0,0,0,0,Yes,0,0,0,0,0,0,1,0,0,0,0,0,0,0,0,0,0,0,0,0,0,0,0,0,0,0,0,0,0,0,0,0,0,0,0,0,0,0,0,0,0,0,0,0,0,0,0,0,0,0,0,0,0,0,0,0,0,0,0,0,0,0,0,0,0,0,0,0,0,0,0,0,0,78.2qq,110,157,32,Asuza/Charter Oak/Covina,Urban,No,No,No,1,0,50 - 99,0
106374024,AURORA SAN DIEGO,1/1/04,12/31/04,Open,5/19/88,5/19/88,San Diego,14 - San Diego/Imperial,Acute Psychiatric,Investor - Limited Liability Company,"Signature Healthcare,LLC",Psychiatric,NO,80,11878 AVENUE OF INDUSTRY,SAN DIEGO,92128,858-675-4210,1,0,0,0,0,0,10,,0,0,0,0,0,0,0,0,0,0,0,0,0,0,0,0,0,0,0,0,0,0,0,0,0,0,0,0,0,0,0,0,0,0,0,0,0,0,0,0,0,0,0,0,0,0,0,0,0,80,0,0,29280,0,0,0,0,0,0,0,0,80,0,0,29280,0,0,0,NEITHER,0,0,0,0,0,0,0,0,0,0,0,0,0,0,0,0,0,0,0,0,0,0,0,0,0,0,0,0,0,0,0,0,0,0,0,0,0,0,0,0,Yes,0,0,0,0,0,0,1,0,0,0,0,0,0,0,0,0,0,0,0,0,0,0,0,0,0,0,0,0,0,0,0,0,0,0,0,0,0,0,0,0,,0,0,0,0,0,0,0,0,0,0,0,0,0,0,0,0,0,0,0,0,0,0,0,0,0,0,0,0,0,0,0,0,161q,128,169,52,Poway Central/Poway Grove/Rancho Bernardo Southwest/Sabre Springs,Urban,No,Yes,No,1,0,50 - 99,0
106560203,AURORA VISTA DEL MAR HOSPITAL,1/1/04,12/31/04,Open,2/27/85,2/27/85,Ventura,10 - Santa Barbara/Ventura,Acute Psychiatric,Investor - Limited Liability Company,Signature Healthcare Services,Psychiatric,NO,87,801 SENECA STREET,VENTURA,93001,805-653-6434-208,0,0,0,0,0,0,0,No,0,0,0,0,0,0,0,0,0,0,0,0,0,0,0,0,0,0,0,0,0,0,0,0,0,0,0,0,0,0,0,0,0,0,0,0,0,0,0,0,0,0,0,0,0,0,0,0,0,87,2819,22150,31842,0,0,0,0,0,0,0,0,87,2819,22150,31842,0,0,0,NEITHER,0,0,0,0,0,0,0,0,0,0,0,0,0,0,0,0,0,0,0,0,0,0,0,0,0,0,0,0,0,0,0,0,0,0,0,0,0,0,0,0,Yes,0,0,0,0,0,0,1,0,0,0,0,0,0,0,0,0,0,0,0,0,0,0,0,0,0,0,0,0,0,0,0,0,0,0,0,0,0,0,0,0,0,0,0,0,0,0,0,0,0,0,0,0,0,0,0,0,0,0,0,0,0,0,0,0,0,0,0,0,0,0,0,0,0,241c,88,152,24,Ventura,Urban,No,No,No,1,0,50 - 99,0
106190045,AVALON MUNICIPAL HOSPITAL,1/1/04,12/31/04,Open,1/1/46,1/1/46,Los Angeles,11 - Los Angeles,General Acute Care,Non-Profit Corporation (incl. Church-related),Catalina Island Medical Center,General Medical / Surgical,NO,12,100 FALLS CANYON ROAD,AVALON,90704,310-510-0700-22,0,0,0,0,0,0,0,No,8,68,266,2928,0,0,0,0,0,0,0,0,0,0,0,0,0,0,0,0,0,0,0,0,0,0,0,0,0,0,0,0,0,0,0,0,0,0,0,0,0,8,68,266,2928,0,0,0,0,0,0,0,0,4,6,4618,1464,0,0,0,0,12,74,4884,4392,0,0,0,NEITHER,0,0,0,0,0,0,0,0,0,0,0,0,0,0,0,0,0,0,0,0,0,0,0,0,0,0,0,0,0,0,0,0,0,0,0,0,0,0,0,0,No,1,0,1,0,Standby,Standby,0,0,1,0,0,0,579,0,620,0,42,0,22,0,25,0,1288,0,2,6188,1,0,0,0,0,0,0,0,0,0,0,0,0,0,0,0,0,0,0,0,0,0,0,0,0,0,0,0,0,0,0,0,0,0,0,744,696,744,720,744,720,744,744,720,744,720,744,78.1,107,160,46,Avalon,Frontier,No,No,No,1,1288,1 - 49,0
106154101,BAKERSFIELD HEART HOSPITAL,1/1/04,12/31/04,Open,9/10/99,9/10/99,Kern,09 - Central,General Acute Care,Investor - Corporation,MedCath Inc.,General Medical / Surgical,NO,47,3001 SILLECT AVENUE,BAKERSFIELD,93308,661-316-6000,0,0,0,0,0,0,0,No,37,3875,13285,13542,0,0,0,0,0,0,0,0,0,0,0,0,0,10,809,0,2674,3660,0,0,0,0,0,0,0,0,0,0,0,0,0,0,0,0,0,0,0,47,4684,15959,17202,0,0,0,0,0,0,0,0,0,0,0,0,0,0,0,0,47,4684,15959,17202,0,0,0,CV SURG,3,0,0,269,85,269,85,215,4,0,0,0,0,410,1086,568,127,978,1213,293,837,36,0,10,37,1213,0,0,0,0,0,0,0,0,0,0,592,110168,7,4237,No,3,0,3,0,Basic,Basic,0,0,0,1,0,0,332,4,637,5,1984,23,2252,87,2632,2323,7837,2442,8,0,0,0,0,0,0,0,0,0,0,0,0,0,0,0,0,0,0,0,0,0,0,0,0,0,0,0,0,0,0,0,0,0,0,0,1,744,696,744,720,744,720,744,744,720,744,720,744,66d,85,151,22,Bakersfield Northwest/Rosedale,Urban,No,No,No,1,7837,1 - 49,0
106150722,BAKERSFIELD MEMORIAL HOSPITAL- 34TH STREET,1/1/04,12/31/04,Open,9/27/56,9/27/56,Kern,09 - Central,General Acute Care,Non-Profit Corporation (incl. Church-related),Catholic Healthcare West,General Medical / Surgical,NO,367,420 - 34TH STREET,BAKERSFIELD,93301,661-327-4647,0,0,0,0,0,0,0,No,215,10288,42988,78690,22,2439,4432,4392,12,903,2103,4392,8,257,1084,6023,2928,16,0,0,0,5856,0,0,0,0,0,0,0,0,0,0,10,330,24,4268,3660,0,0,0,0,283,14217,59814,103578,17,228,1507,6222,43,878,4768,15738,24,525,7546,8784,0,0,0,0,367,15848,73635,134322,0,0,0,CV SURG,2,0,0,310,5,310,5,267,3,0,0,0,0,1147,570,895,665,2042,1235,280,810,144,0,5,160,1401,2389,189,25,1,0,1,1876,513,0,2662,4874,667607,4406,283591,No,10,0,10,0,Basic,Basic,0,0,0,1,0,0,1452,27,5023,49,9711,479,10987,5050,1846,1163,29019,6768,18,0,2068,1,18,3,8,1,4,6,23,24,19,26,15,24,171,0,0,0,0,0,0,0,0,0,0,0,0,0,0,0,0,0,0,0,1,744,696,744,720,744,720,744,744,720,744,720,744,66a,85,151,22,Bakersfield Northeast/Oildale,Urban,No,No,No,1,29019,300 - 499,2
106184008,BANNER LASSEN MEDICAL CENTER,1/1/04,12/31/04,Open,4/23/03,4/23/03,Lassen,01 - Northern California,General Acute Care,Non-Profit Corporation (incl. Church-related),Banner Health,General Medical / Surgical,NO,38,1800 SPRING RIDGE DRIVE,SUSANVILLE,96130,530-252-2000,0,0,0,0,0,0,0,No,34,946,3958,12444,4,267,547,0,0,0,0,0,0,0,0,0,0,0,0,0,0,0,0,0,0,0,0,0,0,0,0,0,0,0,0,0,0,0,0,0,0,38,1213,4505,13908,0,0,0,0,0,0,0,0,0,0,0,0,0,0,0,0,38,1213,4505,13908,0,0,0,NEITHER,0,0,0,0,0,0,0,0,0,0,0,0,0,0,0,0,0,0,0,0,0,0,0,0,0,0,265,19,0,1,1,1,207,58,0,425,223,16380,675,21904,Yes,3,0,3,0,Basic,Basic,0,0,0,1,0,0,820,5,2255,2,4305,33,1640,120,1230,423,10250,583,7,0,225,0,0,0,0,0,0,0,0,0,0,0,0,0,0,0,0,0,0,0,0,0,0,0,0,0,0,0,0,0,0,0,0,0,1,744,696,744,720,744,720,744,744,720,744,720,744,72,56,134,4,Susanville,Rural,No,No,No,1,10250,1 - 49,0
106190052,BARLOW RESPIRATORY HOSPITAL,1/1/04,12/31/04,Open,1/1/46,1/1/46,Los Angeles,11 - Los Angeles,General Acute Care,Non-Profit Corporation (incl. Church-related),,General Medical / Surgical,NO,75,2000 STADIUM WAY,LOS ANGELES,90026,213-250-4200,0,0,0,0,0,0,0,No,69,473,17296,25254,0,0,0,0,0,0,0,0,0,0,0,0,0,0,0,0,0,0,6,52,75,1372,2196,0,0,0,0,0,0,0,0,0,0,0,0,0,0,75,525,18668,27450,0,0,0,0,0,0,0,0,0,0,0,0,0,0,0,0,75,525,18668,27450,0,0,0,NEITHER,0,0,0,0,0,0,0,0,0,0,0,0,0,0,0,0,0,0,0,0,0,0,0,0,0,0,0,0,0,0,0,0,0,0,0,0,0,0,0,0,No,0,0,0,0,0,0,0,1,0,0,0,0,0,0,0,0,0,0,0,0,0,0,0,0,0,0,0,0,0,0,0,0,0,0,0,0,0,0,0,0,0,0,0,0,0,0,0,0,0,0,0,0,0,0,0,0,0,0,0,0,0,0,0,0,0,0,0,0,0,0,0,0,0,78.2ff,98,154,31,Glassell Park/Glendale Southeast/Silverlake North,Urban,No,No,No,1,0,50 - 99,0
106361105,BARSTOW COMMUNITY HOSPITAL,1/1/04,12/31/04,Open,10/1/58,10/1/58,San Bernardino,12 - Inland Counties,General Acute Care,Investor - Corporation,Community Health System,General Medical / Surgical,NO,56,555 SOUTH 7TH AVENUE,BARSTOW,92311,760-256-1761,0,0,0,0,0,0,0,No,46,2154,6452,16836,6,370,819,0,0,0,0,0,4,167,0,1168,1464,0,0,0,0,0,0,0,0,0,0,0,0,0,0,0,0,0,0,0,0,0,0,0,0,56,2691,8439,20496,0,0,0,0,0,0,0,0,0,0,0,0,0,0,0,0,56,2691,8439,20496,0,0,0,NEITHER,0,0,0,0,0,0,0,0,0,0,0,0,0,0,0,0,0,0,0,0,0,0,0,0,0,0,284,16,0,0,0,0,0,0,284,548,631,78255,904,67600,No,2,0,2,0,Basic,Basic,0,0,0,1,0,0,959,5,8555,43,4745,212,2826,789,1278,788,18363,1837,10,0,973,0,0,0,0,0,0,0,0,0,0,0,0,0,0,0,0,0,0,0,0,0,0,0,0,0,0,0,0,0,0,0,0,1,0,744,696,744,720,744,720,744,744,720,744,720,744,149,87,151,25,Barstow/Daggett/Lenwood/Nebo Center/Oro Grande/Yermo,Rural,No,No,No,1,18363,50 - 99,0
106090793,BARTON MEMORIAL HOSPITAL,1/1/04,12/31/04,Open,11/21/63,11/21/63,El Dorado,02 - Golden Empire,General Acute Care,Non-Profit Corporation (incl. Church-related),BARTON MEMORIAL HOSPITAL,General Medical / Surgical,NO,121,2170 SOUTH AVENUE,SOUTH LAKE TAHOE,96150,530-542-3000-3147,0,0,0,0,0,0,0,No,54,2817,9263,19764,10,592,1125,0,0,0,0,0,9,183,0,1593,3294,0,0,0,0,0,0,0,0,0,0,0,0,0,0,0,0,0,0,0,0,0,0,0,0,73,3592,11981,26718,0,0,0,0,0,0,0,0,48,37,522,17568,0,0,0,0,121,3629,12503,44286,0,0,0,NEITHER,0,0,0,0,0,0,0,0,0,0,0,0,0,0,0,0,0,0,0,0,0,0,0,0,0,0,562,39,6,0,0,0,0,164,398,1006,1203,151075,2029,180304,No,9,0,9,0,Basic,Basic,0,0,0,1,0,0,2752,46,7323,50,7120,628,2192,1274,224,108,19611,2106,12,0,213,0,0,0,0,0,0,0,0,0,0,0,0,0,0,0,0,0,0,0,0,0,0,0,0,0,0,0,0,0,0,0,0,0,1,744,696,744,720,744,720,744,744,720,744,720,744,24,57,134,4,South Lake Tahoe,Rural,No,No,No,1,19611,100 - 149,0
106361110,BEAR VALLEY COMMUNITY HOSPITAL,1/1/04,12/31/04,Open,7/5/74,7/5/74,San Bernardino,12 - Inland Counties,General Acute Care,District,,General Medical / Surgical,NO,30,41870 GARSTIN DRIVE,BIG BEAR LAKE,92315,909-866-6501,0,0,0,0,0,0,0,No,9,405,964,3294,0,0,0,0,0,0,0,0,0,0,0,0,0,0,0,0,0,0,0,0,0,0,0,0,0,0,0,0,0,0,0,0,0,0,0,0,0,9,405,964,3294,0,0,0,0,0,0,0,0,21,11,7140,7686,0,0,0,0,30,416,8104,10980,0,0,0,NEITHER,0,0,0,0,0,0,0,0,0,0,0,0,0,0,0,0,0,0,0,0,0,0,0,0,0,0,0,0,0,0,0,0,0,0,0,0,87,8414,234,12802,No,1,0,1,0,Standby,Standby,0,0,1,0,0,0,971,0,5321,0,2141,0,1049,359,507,0,9989,359,7,0,116,0,0,0,0,0,0,0,0,0,0,0,0,0,0,0,0,0,0,0,0,0,0,0,0,0,0,0,0,0,0,0,0,1,1,744,696,744,720,744,720,744,744,720,744,720,744,146,118,164,41,Big Bear Lake/Fawnskin/Moorridge/Running Springs/Sugarloaf,Rural,No,No,No,1,9989,1 - 49,0
106330120,"BETTY FORD CENTER AT EISENHOWER, THE",1/1/04,12/31/04,Open,7/5/83,7/5/83,Riverside,12 - Inland Counties,Chemical Dependency Recovery Hospital,Non-Profit Corporation (incl. Church-related),,Chemical Dependency (Alcohol/Drug),NO,100,39000 BOB HOPE DRIVE,RANCHO MIRAGE,92270,760-773-4100,0,0,0,0,0,0,0,No,0,0,0,0,0,0,0,0,0,0,0,0,0,0,0,0,0,0,0,0,0,0,0,0,0,0,0,0,0,0,0,0,0,0,0,0,0,0,0,0,0,0,0,0,0,100,1260,29003,36600,0,0,0,0,0,0,0,0,0,0,0,0,100,1260,29003,36600,0,0,0,NEITHER,0,0,0,0,0,0,0,0,0,0,0,0,0,0,0,0,0,0,0,0,0,0,0,0,0,0,0,0,0,0,0,0,0,0,0,0,0,0,0,0,Yes,0,0,0,0,0,0,1,0,0,0,0,0,0,0,0,0,0,0,0,0,0,0,0,0,0,0,0,0,0,0,0,0,0,0,0,0,0,0,0,0,0,0,0,0,0,0,0,0,0,0,0,0,0,0,0,0,0,0,0,0,0,0,0,0,0,0,0,0,0,0,0,0,0,129.1,117,170,45,Bermuda Dunes South/Indian Wells/La Quinta West/Palm Desert/Rancho Mirage Central and South,Urban,No,No,No,1,0,100 - 149,0
106190081,BEVERLY HOSPITAL,1/1/04,12/31/04,Open,1/1/46,1/1/46,Los Angeles,11 - Los Angeles,General Acute Care,Non-Profit Corporation (incl. Church-related),,General Medical / Surgical,NO,223,309 WEST BEVERLY BOULEVARD,MONTEBELLO,90640,323-725-4224,0,0,0,0,0,0,0,No,141,7006,31365,49791,18,1958,4864,5490,15,582,1513,5490,12,273,0,3631,4392,13,281,0,3114,4758,0,0,0,0,0,0,0,0,0,0,10,167,0,1839,3660,0,0,0,0,209,10267,46326,74679,0,0,0,0,0,0,0,0,14,0,0,6939,0,0,0,0,223,10267,46326,81618,0,0,0,CV SURG,1,0,0,29,6,29,6,26,1,0,0,0,0,283,0,88,0,371,0,0,0,0,0,0,0,0,1858,108,16,0,0,0,0,729,1129,3674,1989,181002,2716,161976,No,7,0,7,0,Basic,Basic,0,0,0,1,0,0,1215,4,7436,27,11885,236,6903,2850,2813,2049,30252,5166,17,0,0,1,256,298,125,81,33,43,48,69,122,53,127,164,1419,0,0,0,0,0,0,0,0,0,0,0,0,0,0,0,0,0,0,0,1,744,696,744,720,744,720,744,744,720,744,720,744,78.2ww,111,163,38,Pico Rivera/Santa Fe Springs Northwest,Urban,No,No,No,1,30252,200 - 299,0
106190020,BHC ALHAMBRA HOSPITAL,1/1/04,12/31/04,Open,1/1/46,1/1/46,Los Angeles,11 - Los Angeles,Acute Psychiatric,Non-Profit Corporation (incl. Church-related),Ardent,Psychiatric,NO,85,4619 ROSEMEAD BOULEVARD,ROSEMEAD,91770,626-286-1191-247,0,0,0,0,0,0,0,No,0,0,0,0,0,0,0,0,0,0,0,0,0,0,0,0,0,0,0,0,0,0,0,0,0,0,0,0,0,0,0,0,0,0,0,0,0,0,0,0,0,0,0,0,0,0,0,0,0,85,3150,21573,31110,0,0,0,0,0,0,0,0,85,3150,21573,31110,0,0,0,NEITHER,0,0,0,0,0,0,0,0,0,0,0,0,0,0,0,0,0,0,0,0,0,0,0,0,0,0,0,0,0,0,0,0,0,0,0,0,0,0,0,0,Yes,0,0,0,0,0,0,1,0,0,0,0,0,0,0,0,0,0,0,0,0,0,0,0,0,0,0,0,0,0,0,0,0,0,0,0,0,0,0,0,0,0,0,0,0,0,0,0,0,0,0,0,0,0,0,0,0,0,0,0,0,0,0,0,0,0,0,0,0,0,0,0,0,0,78.2qqq,102,157,32,Rosemead/San Gabriel South/South El Monte West/Temple City West,Urban,No,No,No,1,0,50 - 99,0
106040802,BIGGS GRIDLEY MEMORIAL HOSPITAL,1/1/04,12/31/04,Open,5/24/49,5/24/49,Butte,01 - Northern California,General Acute Care,Non-Profit Corporation (incl. Church-related),,General Medical / Surgical,NO,49,240 SPRUCE STREET,GRIDLEY,95948,530-846-9060,0,0,0,0,0,0,0,No,26,496,1688,9516,0,0,0,0,0,0,0,0,2,128,146,712,732,0,0,0,0,0,0,0,0,0,0,0,0,0,0,0,0,0,0,0,0,0,0,0,0,28,624,2400,10248,0,0,0,0,0,0,0,0,21,223,8637,7686,0,0,0,0,49,847,11037,17934,0,0,0,NEITHER,0,0,0,0,0,0,0,0,0,0,0,0,0,0,0,0,0,0,0,0,0,0,0,0,0,0,0,0,0,0,0,0,0,0,0,0,151,17960,390,28120,No,2,0,2,0,Basic,Basic,0,0,0,1,0,1,1560,0,0,0,5988,451,0,0,59,0,7607,451,4,0,9,0,0,0,0,0,0,0,0,0,0,0,0,0,0,1,0,0,0,1,0,0,0,0,0,0,0,0,0,0,0,0,7607,0,1,744,696,744,720,744,720,744,744,720,744,720,744,9,56,137,2,Biggs/East Biggs/Gridley,Rural,No,No,No,0,0,1 - 49,0
106301126,BREA COMMUNITY HOSPITAL,1/1/04,12/31/04,Closed,3/22/05,11/9/72,Orange,13 - Orange,General Acute Care,Investor - Corporation,Central Care Management,General Medical / Surgical,NO,162,380 WEST CENTRAL AVENUE,BREA,92621,714-671-5424-290,1,1,1,0,0,0,0,No,95,1852,5927,34770,0,0,0,2196,6,1,2,2196,15,255,0,663,5490,0,0,0,0,0,0,0,0,0,0,0,0,0,0,0,0,0,0,0,0,0,0,0,0,116,2108,6592,42456,0,0,0,0,0,0,0,0,46,0,0,16836,0,0,0,0,162,2108,6592,59292,0,0,0,NEITHER,0,0,0,0,0,0,0,0,0,0,0,0,0,0,0,0,0,0,0,0,0,0,0,0,0,0,0,0,0,0,0,0,0,0,0,0,702,46836,2403,86523,Yes,5,0,5,0,Basic,Basic,0,0,0,1,0,0,27,0,1492,0,4901,12,1647,22,1511,1190,9578,1224,8,27,221,0,151,9,62,17,58,36,59,153,58,156,14,13,786,0,0,0,0,0,0,0,0,0,0,0,0,0,0,0,0,0,0,0,1,744,696,744,720,744,720,744,744,720,744,720,744,116k,125,162,42,Brea West/Fullerton North/La Habra,Urban,No,No,No,1,9578,150 - 199,0
106190110,BROTMAN MEDICAL CENTER,1/1/04,12/31/04,Open,1/1/46,1/1/46,Los Angeles,11 - Los Angeles,General Acute Care,Investor - Corporation,Tenet Healthcare Corporation,General Medical / Surgical,NO,420,3828 DELMAS TERRACE,CULVER CITY,90231,310-836-7000-1010,0,0,0,0,0,0,0,No,263,6539,34477,96258,14,0,0,0,0,0,0,0,10,641,663,2938,3660,10,429,445,3064,3660,0,0,0,0,0,0,0,0,0,0,0,0,0,0,0,32,620,9232,11712,329,8229,49711,120414,0,0,0,0,70,2859,21401,25620,21,0,0,7686,0,0,0,0,420,11088,71112,153720,859,5324,18,CV SURG,1,0,0,21,12,21,12,26,1,0,0,0,0,300,140,259,95,559,235,48,152,19,0,0,16,235,0,0,0,0,0,0,0,0,0,0,1503,203954,1757,161837,No,8,0,8,0,Basic,Basic,0,0,0,1,0,0,100,0,1200,0,10417,372,7117,1532,6000,5072,24834,6976,12,0,432,1,181,106,149,155,103,94,113,88,152,110,148,105,1504,0,0,0,0,0,0,0,0,0,0,0,0,0,0,0,0,0,0,0,1,744,696,744,720,744,720,744,744,720,744,720,744,78.2y,100,159,33,Culver City North/Palms,Urban,No,No,No,1,24834,300 - 499,0
106044006,BUTTE COUNTY PHF,1/1/04,12/31/04,Open,1/29/88,1/29/88,Butte,01 - Northern California,Psychiatric Health Facility,City and/or County,Butte County,Psychiatric,NO,16,592 RIO LINDO AVENUE,CHICO,95926,530-891-2775,0,0,0,0,0,0,0,Yes,0,0,0,0,0,0,0,0,0,0,0,0,0,0,0,0,0,0,0,0,0,0,0,0,0,0,0,0,0,0,0,0,0,0,0,0,0,0,0,0,0,0,0,0,0,0,0,0,0,16,1292,5223,5856,0,0,0,0,0,0,0,0,16,1292,5223,5856,0,0,0,NEITHER,0,0,0,0,0,0,0,0,0,0,0,0,0,0,0,0,0,0,0,0,0,0,0,0,0,0,0,0,0,0,0,0,0,0,0,0,0,0,0,0,No,0,0,0,0,0,0,1,0,0,0,0,0,0,0,0,0,0,0,0,0,0,0,0,0,0,0,0,0,0,0,0,0,0,0,0,0,0,0,0,0,0,0,0,0,0,0,0,0,0,0,0,0,0,0,0,0,0,0,0,0,0,0,0,0,0,0,0,0,0,0,0,0,0,7.1,56,137,2,Chapmantown/Chico,Urban,No,No,No,1,0,1 - 49,0
106380826,CALIFORNIA PACIFIC MED CTR-CALIFORNIA EAST,1/1/04,12/31/04,Open,1/1/46,1/1/46,San Francisco,04 - West Bay,General Acute Care,Non-Profit Corporation (incl. Church-related),,General Medical / Surgical,NO,190,3773 SACRAMENTO STREET,SAN FRANCISCO,94118,415-600-6000,0,0,0,0,0,0,0,No,95,0,0,34770,0,0,0,0,0,0,0,0,0,0,0,0,0,0,0,0,0,0,0,0,0,0,0,0,0,0,0,0,0,0,0,0,0,0,0,0,0,95,0,0,34770,0,0,0,0,0,0,0,0,95,1531,21556,34770,0,0,0,0,190,1531,21556,69540,0,0,0,NEITHER,0,0,0,0,0,0,0,0,0,0,0,0,0,0,0,0,0,0,0,0,0,0,0,0,0,0,0,0,0,0,0,0,0,0,0,0,0,0,4735,267654,Yes,5,5,0,0,0,0,0,1,0,0,0,0,0,0,0,0,0,0,0,0,0,0,0,0,0,0,0,0,0,0,0,0,0,0,0,0,0,0,0,0,0,0,0,0,0,0,0,0,0,0,0,0,0,0,0,0,0,0,0,0,0,0,0,0,0,0,0,0,0,0,0,0,0,162b,65,141,8,Cow Hollow/Financial District/Marina/Nob Hill/Pacific Heights/Russian Hill/Seacliff,Urban,No,No,No,1,0,150 - 199,0
106380777,CALIFORNIA PACIFIC MED CTR-CALIFORNIA WEST,1/1/04,12/31/04,Open,1/1/46,1/1/46,San Francisco,04 - West Bay,General Acute Care,Non-Profit Corporation (incl. Church-related),,General Medical / Surgical,NO,382,3700 CALIFORNIA STREET,SAN FRANCISCO,94118,415-600-6000,0,0,0,0,0,0,0,No,279,1341,3705,102114,83,6197,19524,0,0,0,0,0,0,0,0,0,0,0,0,0,0,0,0,0,0,0,0,0,0,0,0,0,20,468,0,8479,7320,0,0,0,0,382,8006,31708,139812,0,0,0,0,0,0,0,0,0,0,0,0,0,0,0,0,382,8006,31708,139812,0,0,0,NEITHER,0,0,0,0,0,0,0,0,0,0,0,0,0,0,0,0,0,0,0,0,0,0,0,0,0,0,6188,495,97,0,0,0,0,1630,4558,14526,3094,303334,6866,551112,Yes,9,0,9,0,0,0,0,1,0,0,0,0,0,0,0,0,0,0,0,0,0,0,0,0,0,0,0,0,0,0,0,0,0,0,0,0,0,0,0,0,0,0,0,0,0,0,0,0,0,0,0,0,0,0,0,0,0,0,0,0,0,0,0,0,0,0,0,0,0,0,0,0,0,162b,65,141,8,Cow Hollow/Financial District/Marina/Nob Hill/Pacific Heights/Russian Hill/Seacliff,Urban,No,No,No,1,0,300 - 499,0
106380933,CALIFORNIA PACIFIC MED CTR-DAVIES CAMPUS,1/1/04,12/31/04,Open,1/1/46,1/1/46,San Francisco,04 - West Bay,General Acute Care,Non-Profit Corporation (incl. Church-related),,General Medical / Surgical,NO,341,CASTRO AND DUBOCE STREETS,SAN FRANCISCO,94114,415-600-6000,0,0,0,0,0,0,0,No,239,3150,13414,87474,0,0,0,0,0,0,0,0,8,0,321,2983,2928,0,0,0,0,0,0,0,0,0,0,0,0,0,0,0,0,0,0,0,0,32,434,7206,11712,279,3584,23603,102114,0,0,0,0,20,221,3127,7320,42,772,13900,15372,0,0,0,0,341,4577,40630,124806,0,0,0,NEITHER,0,0,0,0,0,0,0,0,0,0,0,0,0,0,0,0,0,0,0,0,0,0,0,0,0,0,0,0,0,0,0,0,0,0,0,0,1723,306136,2694,236636,No,7,0,7,0,Basic,Basic,0,0,0,1,0,0,252,0,2788,0,7047,0,3105,0,242,0,13434,0,11,0,199,1,74,63,30,22,30,29,37,30,58,22,72,82,549,0,0,0,0,0,0,0,0,0,0,0,0,0,0,0,0,0,0,0,1,744,696,744,720,744,720,744,744,720,744,720,744,162g,66,136,8,Buena Vista/Castro/Eureka Valley/Forest Hill/Haight-Ashbury/Noe Valley/West of Twin Peaks,Urban,No,No,No,1,13434,300 - 499,0
106380929,CALIFORNIA PACIFIC MED CTR-PACIFIC CAMPUS,1/1/04,12/31/04,Open,4/2/73,4/2/73,San Francisco,04 - West Bay,General Acute Care,Non-Profit Corporation (incl. Church-related),,General Medical / Surgical,YES,325,2333 BUCHANAN STREET,SAN FRANCISCO,94115,415-600-6000,0,0,0,0,0,0,0,No,234,13455,53121,85644,0,0,0,9150,25,1453,3993,9150,29,0,500,14245,10614,7,27,108,7366,2562,0,0,0,0,0,0,0,0,0,0,0,0,0,0,0,0,0,0,0,295,14935,78725,107970,0,0,0,0,30,614,3430,10980,0,0,0,0,0,0,0,0,325,15549,82155,118950,0,0,0,CV SURG,5,36,29,202,62,238,91,257,3,8,0,10,4,419,468,923,483,1360,955,164,605,84,2,3,93,955,0,0,0,0,0,0,0,0,0,0,5932,1001251,585,55099,No,11,0,11,0,Basic,Basic,0,0,0,1,0,0,558,0,12539,0,15664,0,3989,0,338,0,33088,0,24,0,270,1,201,174,97,115,111,72,82,74,122,104,144,156,1452,0,0,0,0,0,0,0,0,0,0,0,0,0,0,0,0,0,0,0,1,744,696,744,720,744,720,744,744,720,744,720,744,162b,66,136,8,Cow Hollow/Financial District/Marina/Nob Hill/Pacific Heights/Russian Hill/Seacliff,Urban,No,No,No,1,33088,300 - 499,4
106364050,CANYON RIDGE HOSPITAL,1/1/04,12/31/04,Open,1/11/90,1/11/90,San Bernardino,12 - Inland Counties,Acute Psychiatric,Investor - Corporation,"Inland Mental Health Associates, Inc.",Psychiatric,NO,59,5353 G STREET,CHINO,91710,909-590-3700,0,0,0,0,0,0,0,No,0,0,0,0,0,0,0,0,0,0,0,0,0,0,0,0,0,0,0,0,0,0,0,0,0,0,0,0,0,0,0,0,0,0,0,0,0,0,0,0,0,0,0,0,0,0,0,0,0,59,3381,15939,21594,0,0,0,0,0,0,0,0,59,3381,15939,21594,0,0,0,NEITHER,0,0,0,0,0,0,0,0,0,0,0,0,0,0,0,0,0,0,0,0,0,0,0,0,0,0,0,0,0,0,0,0,0,0,0,0,0,0,0,0,Yes,0,0,0,0,0,0,1,0,0,0,0,0,0,0,0,0,0,0,0,0,0,0,0,0,0,0,0,0,0,0,0,0,0,0,0,0,0,0,0,0,0,0,0,0,0,0,0,0,0,0,0,0,0,0,0,0,0,0,0,0,0,0,0,0,0,0,0,0,0,0,0,0,0,151a,114,162,42,Chino Hills/Chino West Central/Los Serranos/Sleepy Hollow,Urban,No,No,No,1,0,50 - 99,0
106190137,CASA COLINA HOSPITAL FOR REHAB MEDICINE,1/1/04,12/31/04,Open,2/28/61,2/28/61,Los Angeles,11 - Los Angeles,General Acute Care,Non-Profit Corporation (incl. Church-related),"Casa Colina, Inc.",Physical Rehabilitation,NO,64,255 EAST BONITA AVENUE,POMONA,91767,909-596-7733-3003,0,0,0,0,0,0,0,No,0,0,0,0,0,0,0,0,0,0,0,0,0,0,0,0,0,0,0,0,0,0,0,0,0,0,0,0,0,0,0,0,0,0,0,0,0,38,629,12857,13908,38,629,12857,13908,0,0,0,0,0,0,0,0,26,288,6682,9516,0,0,0,0,64,917,19539,23424,0,0,0,NEITHER,0,0,0,0,0,0,0,0,0,0,0,0,0,0,0,0,0,0,0,0,0,0,0,0,0,0,0,0,0,0,0,0,0,0,0,0,0,0,0,0,No,0,0,0,0,0,0,0,1,0,0,0,0,0,0,0,0,0,0,0,0,0,0,0,0,0,0,0,0,0,0,0,0,0,0,0,0,0,0,0,0,0,0,0,0,0,0,0,0,0,0,0,0,0,0,0,0,0,0,0,0,0,0,0,0,0,0,0,0,0,0,0,0,0,78.2ss,114,165,38,Pomona East and South,Urban,No,No,No,1,0,50 - 99,0
106190555,CEDARS SINAI MEDICAL CENTER,1/1/04,12/31/04,Open,8/15/55,8/15/55,Los Angeles,11 - Los Angeles,General Acute Care,Non-Profit Corporation (incl. Church-related),Cedars-Sinai Health System,General Medical / Surgical,YES,877,8700 BEVERLY BOULEVARD,LOS ANGELES,90048,310-423-5000,0,0,0,0,0,0,0,Yes,558,35686,186859,204228,64,7045,22776,11346,31,1942,6413,11346,54,914,7039,17245,19764,18,292,1773,5218,6588,10,114,672,3083,3660,0,0,0,0,0,45,580,0,14061,16470,29,818,10038,10614,809,47391,265693,296094,0,0,0,0,68,1651,18113,24888,0,0,0,0,0,0,0,0,877,49042,283806,320982,0,0,0,CV SURG,6,86,65,532,92,618,157,301,7,128,65,0,0,2608,3009,949,18,3685,3092,876,882,209,10,0,707,2836,7199,569,117,0,0,0,0,2161,5038,16676,15390,2532219,12276,918398,No,38,8,30,0,Basic,Basic,0,0,0,1,0,1,1736,0,13685,0,22124,0,23844,10843,11706,9724,73095,20567,40,0,2931,1,353,229,279,226,190,207,196,244,242,161,130,206,2663,1,1,0,0,0,0,0,0,0,0,0,0,0,0,73095,0,0,0,1,0,744,696,744,720,744,720,744,744,720,744,720,744,78.2x,95,156,30,Hancock Park/Mid-City West/Park La Brea,Urban,No,No,No,0,0,500+,152
106190148,CENTINELA HOSPITAL MEDICAL CENTER,1/1/04,12/31/04,Open,1/1/46,1/1/46,Los Angeles,11 - Los Angeles,General Acute Care,Investor - Corporation,"CFHS Holdings, Inc.",General Medical / Surgical,NO,370,555 EAST HARDY STREET,INGLEWOOD,90301,310-673-4660,0,0,0,0,0,0,0,No,216,10918,53190,79056,29,2418,6028,2928,8,0,0,2928,12,186,549,4081,4392,12,302,1109,3807,4392,0,0,0,0,0,0,0,0,0,0,9,162,0,2553,3294,32,460,4435,11712,318,14446,74094,116388,0,0,0,0,28,325,3453,10248,24,380,4100,8784,0,0,0,0,370,15151,81647,135420,0,0,0,CV SURG,2,0,0,78,24,78,24,95,4,0,0,0,0,453,486,464,0,917,486,128,492,65,0,0,723,1409,2321,0,0,0,0,0,0,763,1558,5111,4133,457052,3947,350455,No,13,0,13,0,Basic,Basic,0,0,0,1,0,0,2489,4,5642,52,4170,123,3374,634,6629,3624,22304,4437,22,0,3443,1,0,0,0,0,0,0,0,0,0,4,0,9,13,0,0,0,0,0,0,0,0,0,0,0,0,0,0,0,0,0,0,0,0,744,696,744,720,744,720,744,744,720,744,720,744,78.2q,104,158,35,Del Aire/Inglewood West/Los Angeles International Airport,Urban,No,No,No,1,22304,300 - 499,1
106160787,CENTRAL VALLEY GENERAL HOSPITAL,1/1/04,12/31/04,Open,1/1/46,1/1/46,Kings,09 - Central,General Acute Care,Non-Profit Corporation (incl. Church-related),Adventist Health Systems West,General Medical / Surgical,NO,49,1025 NORTH DOUTY STREET,HANFORD,93230,559-583-2100,1,0,0,0,0,0,0,,29,0,0,7047,20,0,0,0,0,0,0,0,0,0,0,0,0,0,0,0,0,0,0,0,0,0,0,0,0,0,0,0,0,0,0,0,0,0,0,0,0,49,0,0,11907,0,0,0,0,0,0,0,0,0,0,0,0,0,0,0,0,49,0,0,11907,0,0,0,NEITHER,0,0,0,0,0,0,0,0,0,0,0,0,0,0,0,0,0,0,0,0,0,0,0,0,0,0,0,0,0,0,0,0,0,0,0,0,0,0,0,0,Yes,0,0,0,0,Standby,Standby,0,0,1,0,0,0,0,0,0,0,0,0,0,0,0,0,0,0,0,0,0,0,0,0,0,0,0,0,0,0,0,0,0,0,,0,0,0,0,0,0,0,0,0,0,0,0,0,0,0,0,0,0,0,0,744,696,744,720,744,720,744,744,720,744,720,744,69,83,149,20,Armona/Hanford/Lemoore,Rural,No,Yes,No,1,0,1 - 49,0
106100791,CENTRAL VALLEY ORTHOPEDIC AND SPINE INSTITUTE,1/1/04,7/2/04,Suspense,7/2/04,8/20/63,Fresno,09 - Central,General Acute Care,Investor - Partnership,,General Medical / Surgical,NO,31,2558 JENSEN AVENUE,SANGER,93657,559-875-6571,0,0,0,0,0,0,0,No,31,34,91,19871,0,0,0,0,0,0,0,0,0,0,0,0,0,0,0,0,0,0,0,0,0,0,0,0,0,0,0,0,0,0,0,0,0,0,0,0,0,31,34,91,19871,0,0,0,0,0,0,0,0,0,0,0,0,0,0,0,0,31,34,91,19871,0,0,0,NEITHER,0,0,0,0,0,0,0,0,0,0,0,0,0,0,0,0,0,0,0,0,0,0,0,0,0,0,0,0,0,0,0,0,0,0,0,0,10,905,236,5194,No,3,0,3,0,0,0,0,1,0,0,0,0,0,0,0,0,0,0,0,0,0,0,0,0,0,0,0,0,0,0,0,0,0,0,0,0,0,0,0,0,0,0,0,0,0,0,0,0,0,0,0,0,0,0,0,0,0,0,0,0,1,0,0,0,0,0,0,0,0,0,0,0,0,31,84,149,20,Auberry/Calwa/Centerville/Clovis East/Del Rey/Fowler/Friant/Sanger/Shaver Lake,Rural,No,No,No,1,0,1 - 49,0
106301140,CHAPMAN MEDICAL CENTER,1/1/04,12/31/04,Open,12/3/68,12/3/68,Orange,13 - Orange,General Acute Care,Investor - Corporation,Tenet Healthcare,General Medical / Surgical,NO,114,2601 EAST CHAPMAN AVENUE,ORANGE,92669,714-633-0011-1104,0,0,0,0,0,0,0,No,35,1519,5076,12810,0,0,0,0,0,0,0,0,12,216,517,1367,4392,0,0,0,0,0,0,0,0,0,0,0,0,0,0,0,0,0,0,0,0,0,0,0,0,47,1735,6443,17202,28,509,6957,10248,12,257,3458,4392,27,12,8969,9882,0,0,0,0,114,2513,25827,41724,0,0,0,NEITHER,0,0,0,0,0,0,0,0,0,0,0,0,0,0,0,0,0,0,0,0,0,0,0,0,0,0,0,0,0,0,0,0,0,0,0,0,893,126302,1051,86643,Yes,6,0,6,0,Basic,Basic,0,0,0,1,0,0,1292,4,3783,108,1653,106,1304,283,1529,602,9561,1103,6,0,65,0,0,0,0,0,0,0,0,0,0,0,0,0,0,0,0,0,0,0,0,0,0,0,0,0,0,0,0,0,0,0,0,0,1,744,696,744,720,744,720,744,744,720,744,720,744,116h,124,166,40,City of Orange South/Santa Ana North/Tustin Foothills/Tustin West,Urban,No,No,No,1,9561,100 - 149,0
106010776,CHILDRENS HOSPITAL AND RESEARCH CTR AT OAKLAND,1/1/04,12/31/04,Open,1/1/46,1/1/46,Alameda,05 - East Bay,General Acute Care,Non-Profit Corporation (incl. Church-related),,Pediatric,NO,170,747 52ND STREET,OAKLAND,94609,510-428-3000,0,0,0,0,0,0,0,No,0,0,0,0,0,0,0,33306,91,7154,26923,33306,23,632,1135,5749,8418,0,0,0,0,0,0,0,0,0,0,0,0,0,0,0,44,449,288,10813,16104,12,640,4061,4392,170,8875,47546,62220,0,0,0,0,0,0,0,0,0,0,0,0,0,0,0,0,170,8875,47546,62220,0,0,0,CV SURG,5,139,57,0,0,139,57,0,5,111,109,0,0,0,0,0,0,111,109,0,0,0,0,0,109,109,0,0,0,0,0,0,0,0,0,0,3353,437249,4543,264588,Yes,9,4,5,0,Basic,Basic,0,0,0,1,0,0,21773,0,3121,0,15250,0,6015,5413,1249,1249,47408,6662,14,21546,527,0,0,0,0,0,0,0,0,0,0,0,0,0,0,0,0,0,0,0,1,0,1,0,0,0,0,0,0,0,47408,0,0,1,0,744,696,744,720,744,720,744,744,720,744,720,744,2c,69,142,9,Oakland West Central,Urban,No,No,No,0,0,150 - 199,0
106304113,CHILDRENS HOSPITAL AT MISSION,1/1/04,12/31/04,Open,1/1/93,1/1/93,Orange,13 - Orange,General Acute Care,Non-Profit Corporation (incl. Church-related),Childrens Healthcare of California,General Medical / Surgical,NO,48,"27700 MEDICAL CTR. RD., 5TH FL",MISSION VIEJO,92691,949-364-1400-2608,0,0,0,0,0,0,0,No,24,1566,3822,8784,0,0,0,0,0,0,0,0,8,242,0,1157,2928,0,0,0,0,0,0,0,0,0,0,0,0,0,0,0,16,251,0,3206,5856,0,0,0,0,48,2059,8185,17568,0,0,0,0,0,0,0,0,0,0,0,0,0,0,0,0,48,2059,8185,17568,0,0,0,NEITHER,0,0,0,0,0,0,0,0,0,0,0,0,0,0,0,0,0,0,0,0,0,0,0,0,0,0,0,0,0,0,0,0,0,0,0,0,452,57394,736,29299,No,9,0,9,0,Basic,Basic,0,0,0,1,0,0,2071,0,6618,3,5314,14,2212,938,219,92,16434,1047,21,0,265,0,0,0,0,0,0,0,0,0,0,0,0,0,0,0,0,0,0,0,0,0,0,0,0,0,0,0,0,0,0,0,0,1,0,744,696,744,720,744,720,744,744,720,744,720,744,115.2a,124,166,42,Lake Forest East/Mission Viejo Central and South,Urban,No,No,No,1,16434,1 - 49,0
106204019,CHILDRENS HOSPITAL CENTRAL CALIFORNIA,1/1/04,12/31/04,Open,8/31/98,8/31/98,Madera,09 - Central,General Acute Care,Non-Profit Corporation (incl. Church-related),,Pediatric,NO,255,9300 VALLEY CHILDRENS PLACE,MADERA,93638,559-353-3000,0,0,0,0,0,0,0,No,10,0,0,3660,0,0,0,43188,118,10834,41146,43188,28,335,2058,6766,10248,0,0,0,0,0,0,0,0,0,0,0,0,0,0,0,81,1145,2484,19512,29646,18,78,1752,6588,255,12392,69176,93330,0,0,0,0,0,0,0,0,0,0,0,0,0,0,0,0,255,12392,69176,93330,0,0,0,CV SURG,1,148,75,0,0,148,75,0,1,26,14,142,99,0,0,2,1,170,114,0,0,0,14,0,100,114,0,0,0,0,0,0,0,0,0,0,4192,493961,7751,385648,No,8,0,8,0,Basic,Basic,0,0,0,1,0,0,7961,8,14115,36,8991,86,6196,246,8410,6519,45673,6895,30,0,3759,1,0,38,0,0,0,5,0,5,2,0,0,0,50,0,0,0,0,0,1,0,1,0,0,0,0,0,0,0,45673,0,0,0,1,744,696,744,720,744,720,744,744,720,744,720,744,80,82,147,19,Madera,Rural,No,No,No,0,0,200 - 299,0
106190170,CHILDRENS HOSPITAL OF LOS ANGELES,1/1/04,12/31/04,Open,1/1/46,1/1/46,Los Angeles,11 - Los Angeles,General Acute Care,Non-Profit Corporation (incl. Church-related),,Pediatric,NO,286,4650 SUNSET BOULEVARD,LOS ANGELES,90027,323-669-2301,0,0,0,0,0,0,0,No,26,0,0,9516,0,0,0,53436,146,9949,56011,53436,46,425,1536,12915,16836,0,0,0,0,0,0,0,0,0,0,0,0,0,0,0,40,333,72,10601,14640,28,112,3539,10248,286,10819,83066,104676,0,0,0,0,0,0,0,0,0,0,0,0,0,0,0,0,286,10819,83066,104676,0,0,0,CV SURG,3,493,0,0,0,493,0,0,2,75,32,231,186,0,0,0,0,306,218,13,0,0,0,0,70,83,0,0,0,0,0,0,0,0,0,0,6628,849697,6822,503986,Yes,15,0,15,0,Basic,Basic,0,0,0,1,0,0,0,0,25671,0,0,0,49532,3941,4994,437,80197,4378,25,0,0,1,8,8,8,8,8,8,8,8,8,8,8,8,96,0,0,0,0,0,1,1,0,0,0,0,0,0,0,80197,0,0,0,1,0,744,696,744,720,744,720,744,744,720,744,720,744,78.2g,98,159,31,Hollywood South Central/Inner Sunset,Urban,No,No,No,0,0,200 - 299,0
106300032,CHILDRENS HOSPITAL OF ORANGE COUNTY,1/1/04,12/31/04,Open,6/30/78,6/30/78,Orange,13 - Orange,General Acute Care,Non-Profit Corporation (incl. Church-related),Childrens Healthcare of California,General Medical / Surgical,NO,202,455 SO. MAIN STREET,ORANGE,92668,714-997-3000,0,0,0,0,0,0,0,No,124,8962,24063,45384,0,0,0,0,0,0,0,0,36,617,2619,9515,13176,0,0,0,0,0,0,0,0,0,0,0,0,0,0,0,42,579,45,11624,15372,0,0,0,0,202,10158,45202,73932,0,0,0,0,0,0,0,0,0,0,0,0,0,0,0,0,202,10158,45202,73932,0,0,0,CV SURG,2,117,76,0,0,117,76,0,3,17,14,126,27,0,0,0,0,143,41,10,3,13,0,0,6,41,0,0,0,0,0,0,0,0,0,0,3113,367272,4012,198234,Yes,26,13,0,13,Basic,Basic,0,0,0,1,0,0,625,3,24244,29,9646,415,5130,3607,159,145,39804,4199,53,0,1131,0,0,0,0,0,0,0,0,0,0,0,0,0,0,0,0,0,0,0,0,0,0,0,0,0,0,0,0,0,0,0,0,0,1,744,696,744,720,744,720,744,744,720,744,720,744,116h,125,166,40,City of Orange South/Santa Ana North/Tustin Foothills/Tustin West,Urban,No,No,No,1,39804,200 - 299,9
106434051,CHILDRENS RECOVERY CENTER OF NORTHERN CALIFORNIA,1/1/04,12/31/04,Open,5/29/92,5/29/92,Santa Clara,07 - Santa Clara,General Acute Care,Investor - Corporation,Subacute Childrens Hospital of Northern California,Long-Term Care (SN/IC),NO,29,3777 SOUTH BASCOM AVENUE,CAMPBELL,95008,408-558-3640,0,0,0,0,0,0,0,No,7,0,0,2562,0,0,0,0,0,0,0,0,0,0,0,0,0,0,0,0,0,0,0,0,0,0,0,0,0,0,0,0,0,0,0,0,0,0,0,0,0,7,0,0,2562,0,0,0,0,0,0,0,0,22,46,7181,8052,0,0,0,0,29,46,7181,10614,0,0,0,NEITHER,0,0,0,0,0,0,0,0,0,0,0,0,0,0,0,0,0,0,0,0,0,0,0,0,0,0,0,0,0,0,0,0,0,0,0,0,0,0,0,0,Yes,0,0,0,0,0,0,0,1,0,0,0,0,0,0,0,0,0,0,0,0,0,0,0,0,0,0,0,0,0,0,0,0,0,0,0,0,0,0,0,0,0,0,0,0,0,0,0,0,0,0,0,0,0,0,0,0,0,0,0,0,0,0,0,0,0,0,0,0,0,0,0,0,0,183m,77,144,15,Cambrian Village West/Campbell South/Los Gatos/Monte Sereno/San Tomas,Urban,No,No,No,1,0,1 - 49,0
106382715,CHINESE HOSPITAL,1/1/04,12/31/04,Open,1/1/46,1/1/46,San Francisco,04 - West Bay,General Acute Care,Non-Profit Corporation (incl. Church-related),,General Medical / Surgical,NO,54,845 JACKSON STREET,SAN FRANCISCO,94133,415-982-2400,0,0,0,0,0,0,0,No,49,2135,10050,17934,0,0,0,0,0,0,0,0,5,58,48,1050,1830,0,0,0,0,0,0,0,0,0,0,0,0,0,0,0,0,0,0,0,0,0,0,0,0,54,2193,11100,19764,0,0,0,0,0,0,0,0,0,0,0,0,0,0,0,0,54,2193,11100,19764,0,0,0,NEITHER,0,0,0,0,0,0,0,0,0,0,0,0,0,0,0,0,0,0,0,0,0,0,0,0,0,0,0,0,0,0,0,0,0,0,0,0,629,77620,1826,118714,No,2,0,2,0,Standby,Standby,0,0,1,0,0,0,1745,7,1143,21,1403,516,669,549,250,212,5210,1305,5,1728,62,0,0,0,0,0,0,0,0,0,0,0,0,0,0,0,0,0,0,0,0,0,0,0,0,0,0,0,0,0,0,0,0,0,1,744,696,744,720,744,720,744,744,720,744,720,744,162a,66,136,8,Chinatown/Civic Center/Inner Mission/North Beach/South of Market/Tenderloin/Western Addition,Urban,No,No,No,1,5210,50 - 99,0
106361144,CHINO VALLEY MEDICAL CENTER,1/1/04,12/31/04,Open,10/1/72,10/1/72,San Bernardino,12 - Inland Counties,General Acute Care,Investor - Corporation,"Veritas Health Services, Inc.",General Medical / Surgical,NO,126,5451 WALNUT AVENUE,CHINO,91710,909-464-8604,0,0,0,0,0,0,0,No,96,4588,14991,35136,10,948,2202,2196,6,330,746,2196,14,297,0,1141,5124,0,0,0,0,0,0,0,0,0,0,0,0,0,0,0,0,0,0,0,0,0,0,0,0,126,6163,19080,46116,0,0,0,0,0,0,0,0,0,0,0,0,0,0,0,0,126,6163,19080,46116,0,0,0,NEITHER,0,0,0,0,0,0,0,0,0,0,0,0,0,0,0,0,0,0,0,0,0,0,0,0,0,0,917,28,0,0,0,0,0,291,626,1871,1260,173940,2056,253760,No,4,0,4,0,Basic,Basic,0,0,0,1,0,0,1169,1,7610,37,13575,319,4499,538,4591,3409,31444,4304,17,0,1039,1,167,131,68,49,41,41,82,60,70,11,0,0,720,0,0,0,0,0,0,0,0,0,0,0,0,0,0,0,0,0,0,0,1,744,696,744,720,744,720,744,744,720,744,720,744,151a,114,162,42,Chino Hills/Chino West Central/Los Serranos/Sleepy Hollow,Urban,No,No,No,1,31444,100 - 149,0
106200692,CHOWCHILLA DISTRICT MEMORIAL HOSPITAL,1/1/04,12/31/04,Open,3/15/57,3/15/57,Madera,09 - Central,General Acute Care,District,,Long-Term Care (SN/IC),NO,24,1104 VENTURA AVENUE,CHOWCHILLA,93610-1027,559-665-3781-362,1,0,0,0,0,0,0,,3,0,0,1098,0,0,0,0,0,0,0,0,0,0,0,0,0,0,0,0,0,0,0,0,0,0,0,0,0,0,0,0,0,0,0,0,0,0,0,0,0,3,0,0,1098,0,0,0,0,0,0,0,0,21,0,0,7686,0,0,0,0,24,0,0,8784,0,0,0,NEITHER,0,0,0,0,0,0,0,0,0,0,0,0,0,0,0,0,0,0,0,0,0,0,0,0,0,0,0,0,0,0,0,0,0,0,0,0,0,0,0,0,No,0,0,0,0,0,0,0,1,0,0,0,0,0,0,0,0,0,0,0,0,0,0,0,0,0,0,0,0,0,0,0,0,0,0,0,0,0,0,0,0,,0,0,0,0,0,0,0,0,0,0,0,0,0,0,0,0,0,0,0,0,0,0,0,0,0,0,0,0,0,0,0,0,79.2,78,147,19,Chowchilla,Rural,No,Yes,No,1,0,1 - 49,0
106190413,CITRUS VALLEY MEDICAL CENTER - IC CAMPUS,1/1/04,12/31/04,Open,3/28/46,3/28/46,Los Angeles,11 - Los Angeles,General Acute Care,Non-Profit Corporation (incl. Church-related),Citrus Valley Health Partners,General Medical / Surgical,NO,222,210 W. SAN BERNARDINO ROAD,COVINA,91723,626-331-7331,0,0,0,0,0,0,0,No,145,6008,27417,53070,0,0,0,0,0,0,0,0,8,130,685,2087,2928,14,287,632,2750,5124,0,0,0,0,0,0,0,0,0,0,0,0,0,0,0,0,0,0,0,167,6425,32254,61122,0,0,0,0,30,1531,7649,10980,25,611,4456,9150,0,0,0,0,222,8567,44359,81252,0,0,0,CV SURG,2,0,0,181,181,181,181,162,2,0,0,0,0,491,419,444,69,935,488,23,426,39,0,0,0,488,0,0,0,0,0,0,0,0,0,0,1449,208998,2371,158182,No,8,0,8,0,Basic,Basic,0,0,0,1,0,0,2895,20,4119,506,4810,1586,5698,2937,55,16,17577,5065,12,0,1771,1,350,452,374,205,195,250,274,247,302,298,304,285,3536,0,0,0,0,0,0,0,0,0,0,0,0,0,0,0,0,0,0,0,1,744,696,744,720,744,720,744,744,720,744,720,744,78.2qq,110,157,32,Asuza/Charter Oak/Covina,Urban,No,No,No,1,17577,200 - 299,0
106190636,CITRUS VALLEY MEDICAL CENTER - QV CAMPUS,1/1/04,12/31/04,Open,12/16/62,12/16/62,Los Angeles,11 - Los Angeles,General Acute Care,Non-Profit Corporation (incl. Church-related),Citrus Valley Health Partners,General Medical / Surgical,NO,547,1115 SOUTH SUNSET AVENUE,WEST COVINA,91790,626-962-4011,0,0,0,0,0,0,0,No,319,8194,37924,116754,40,5780,15110,6588,18,1451,4553,6588,20,211,778,3873,7320,20,112,391,1873,7320,0,0,0,0,0,0,0,0,0,0,40,575,110,13994,14640,12,244,4130,4392,469,16567,81457,171654,0,0,0,0,30,0,0,10980,48,854,4724,17568,0,0,0,0,547,17421,86181,200202,0,0,0,CATH LAB,0,0,0,0,0,0,0,0,0,0,0,0,0,0,0,0,0,0,0,0,0,0,0,0,0,0,5394,414,95,1,1,0,3240,2022,132,11197,5315,487592,3507,230819,No,7,0,7,0,Basic,Basic,0,0,0,1,0,0,10755,44,14187,77,9557,1752,11993,6180,134,36,46626,8089,30,0,4171,1,465,465,348,176,219,184,225,233,321,219,322,291,3468,0,0,0,0,0,0,0,0,0,0,0,0,0,0,0,0,0,0,0,1,744,696,744,720,744,720,744,744,720,744,720,744,78.2www,110,157,32,Valinda/West Covina,Urban,No,No,No,1,46626,500+,0
106190661,CITY OF ANGELS MEDICAL CENTER-DOWNTOWN CAMPUS,1/1/04,12/31/04,Open,7/7/99,10/21/74,Los Angeles,11 - Los Angeles,General Acute Care,Investor - Corporation,Intercare Health System,General Medical / Surgical,NO,145,1711 WEST TEMPLE STREET,LOS ANGELES,90026,213-989-6100,0,0,0,0,0,0,0,No,105,3102,18752,38430,0,0,0,0,0,0,0,0,12,200,726,2212,4392,0,0,0,0,0,0,0,0,0,0,0,0,0,0,0,0,0,0,0,0,0,0,0,0,117,3302,20964,42822,0,0,0,0,0,0,0,0,28,0,0,10248,0,0,0,0,145,3302,20964,53070,0,0,0,NEITHER,0,0,0,0,0,0,0,0,0,0,0,0,0,0,0,0,0,0,0,0,0,0,0,0,0,0,0,0,0,0,0,0,0,0,0,0,312,16732,577,26851,Yes,4,1,2,1,0,0,0,1,0,0,0,0,0,0,0,0,0,0,0,0,0,0,0,0,12,0,0,0,0,0,0,0,0,0,0,0,0,0,0,0,0,0,0,0,0,0,0,0,0,0,0,0,0,0,0,0,0,0,0,0,1,0,0,0,0,0,0,0,0,0,0,0,0,78.2ffff,98,155,31,Boyle Heights Northwest/Chinatown/Downtown Northwest/Little Tokyo/Westlake,Urban,No,No,No,1,0,100 - 149,0
106190410,CITY OF ANGELS MEDICAL CENTER-INGLESIDE CAMPUS,1/1/04,12/31/04,Open,8/13/96,1/1/46,Los Angeles,11 - Los Angeles,General Acute Care,Investor - Corporation,Intercare Healthcare Systems,Psychiatric,NO,70,7500 EAST HELLMAN AVENUE,ROSEMEAD,91770,626-288-1160,0,0,0,0,0,0,0,No,0,0,0,0,0,0,0,0,0,0,0,0,0,0,0,0,0,0,0,0,0,0,0,0,0,0,0,0,0,0,0,0,0,0,0,0,0,0,0,0,0,0,0,0,0,0,0,0,0,70,3587,23784,25620,0,0,0,0,0,0,0,0,70,3587,23784,25620,0,0,0,NEITHER,0,0,0,0,0,0,0,0,0,0,0,0,0,0,0,0,0,0,0,0,0,0,0,0,0,0,0,0,0,0,0,0,0,0,0,0,0,0,0,0,Yes,0,0,0,0,0,0,0,1,0,0,0,0,0,0,0,0,0,0,0,0,0,0,0,0,0,0,0,0,0,0,0,0,0,0,0,0,0,0,0,0,0,0,0,0,0,0,0,0,0,0,0,0,0,0,0,0,0,0,0,0,0,0,0,0,0,0,0,0,0,0,0,0,0,78.2qqq,102,157,32,Rosemead/San Gabriel South/South El Monte West/Temple City West,Urban,No,No,No,1,0,50 - 99,0
106190176,CITY OF HOPE NATIONAL MEDICAL CENTER,1/1/04,12/31/04,Open,3/8/46,3/8/46,Los Angeles,11 - Los Angeles,General Acute Care,Non-Profit Corporation (incl. Church-related),City of Hope Corporation,Other,NO,165,1500 EAST DUARTE ROAD,DUARTE,91010,626-256-4673-64889,0,0,0,0,0,0,0,No,137,3329,37089,50142,0,0,0,5856,16,583,3647,5856,12,637,0,3365,4392,0,0,0,0,0,0,0,0,0,0,0,0,0,0,0,0,0,0,0,0,0,0,0,0,165,4549,44101,60390,0,0,0,0,0,0,0,0,0,0,0,0,0,0,0,0,165,4549,44101,60390,0,0,0,NEITHER,0,0,0,0,0,0,0,0,0,0,0,0,0,0,0,0,0,0,0,0,0,0,0,0,0,0,0,0,0,0,0,0,0,0,0,0,2288,372635,2041,137634,No,5,0,5,0,0,0,0,1,0,0,0,0,0,0,0,0,0,0,0,0,0,0,0,0,0,0,0,0,0,0,0,0,0,0,0,0,0,0,0,0,0,0,0,0,0,0,0,0,0,0,0,0,0,0,0,0,0,0,0,0,0,0,0,0,0,0,0,0,0,0,0,0,0,78.2zzz,97,157,32,Baldwin Park/Irwindale,Urban,No,No,No,1,0,150 - 199,0
106100697,COALINGA REGIONAL MEDICAL CENTER,1/1/04,12/31/04,Open,3/11/46,3/11/46,Fresno,09 - Central,General Acute Care,District,,General Medical / Surgical,NO,78,1191 PHELPS AVENUE,COALINGA,93210,559-935-6400,0,0,0,0,0,0,0,No,22,552,1694,8052,2,0,0,0,0,0,0,0,0,0,0,0,0,0,0,0,0,0,0,0,0,0,0,0,0,0,0,0,0,0,0,0,0,0,0,0,0,24,552,1694,8784,0,0,0,0,0,0,0,0,54,67,12548,19764,0,0,0,0,78,619,14242,28548,0,0,0,NEITHER,0,0,0,0,0,0,0,0,0,0,0,0,0,0,0,0,0,0,0,0,0,0,0,0,0,0,1,0,0,0,0,0,0,0,1,0,0,0,0,0,No,0,0,0,0,Standby,Standby,0,0,1,0,0,0,844,0,3493,0,1696,251,865,143,136,17,7034,411,8,0,0,0,0,0,0,0,0,0,0,0,0,0,0,0,0,0,0,0,0,0,0,0,0,0,0,0,0,0,0,0,0,0,0,0,0,744,696,744,720,744,720,744,744,720,744,720,744,27,83,149,20,Coalinga,Rural,No,No,No,1,7034,50 - 99,0
106190766,COAST PLAZA DOCTORS HOSPITAL,1/1/04,12/31/04,Open,4/10/58,4/10/58,Los Angeles,11 - Los Angeles,General Acute Care,Investor - Partnership,,General Medical / Surgical,NO,123,13100 SOUTH STUDEBAKER ROAD,NORWALK,90650,562-868-3751-2273,0,0,0,0,0,0,0,No,104,7453,15615,38064,0,0,0,0,0,0,0,0,4,150,0,916,1464,3,69,0,128,1098,0,0,0,0,0,0,0,0,0,0,0,0,0,0,0,0,0,0,0,111,7672,16659,40626,0,0,0,0,0,0,0,0,12,83,894,4392,0,0,0,0,123,7755,17553,45018,0,0,0,NEITHER,0,0,0,0,0,0,0,0,0,0,0,0,0,0,0,0,0,0,0,0,0,0,0,0,0,0,0,0,0,0,0,0,0,0,0,0,972,184247,2919,194974,No,4,0,4,0,Basic,Basic,0,0,0,1,0,0,10223,514,956,786,2365,1275,862,695,466,360,14872,3630,8,0,0,0,0,0,0,0,0,0,0,0,0,0,0,0,0,0,0,0,0,0,0,0,0,0,0,0,0,0,0,0,0,0,0,0,0,744,696,744,720,744,720,744,744,720,744,720,744,78.2jjjj,109,163,38,Norwalk/Studebaker,Urban,No,No,No,1,14872,100 - 149,0
106301258,COASTAL COMMUNITIES HOSPITAL,1/1/04,12/31/04,Open,6/7/73,6/7/73,Orange,13 - Orange,General Acute Care,Investor - Corporation,Tenet Healthcare Corp,General Medical / Surgical,NO,178,2701 BRISTOL STREET,SANTA ANA,92704,714-754-5454,0,0,0,0,0,0,0,No,79,3262,12638,28914,12,1782,4236,3294,9,25,76,3294,9,188,0,1789,3294,0,0,0,0,0,0,0,0,0,0,0,0,0,0,0,0,0,0,0,0,0,0,0,0,109,5257,18739,39894,0,0,0,0,23,480,6779,8418,46,47,15405,16836,0,0,0,0,178,5784,40923,65148,0,0,0,NEITHER,0,0,0,0,0,0,0,0,0,0,0,0,0,0,0,0,0,0,0,0,0,0,0,0,0,0,2777,98,0,0,0,0,0,1023,1754,6666,2164,191815,1738,110781,Yes,5,0,5,0,Basic,Basic,0,0,0,1,0,0,1274,10,3835,41,2253,126,1482,266,877,495,9721,938,10,0,0,1,53,31,64,42,35,29,27,19,19,45,30,27,421,0,0,0,0,0,0,0,0,0,0,0,0,0,0,0,0,0,0,1,1,744,696,744,720,744,720,744,744,720,744,720,744,116g,122,167,47,Santa Ana South,Urban,No,No,No,1,9721,150 - 199,0
106190184,COLLEGE HOSPITAL,1/1/04,12/31/04,Open,4/14/74,4/14/74,Los Angeles,11 - Los Angeles,Acute Psychiatric,Investor - Corporation,,Psychiatric,NO,125,10802 COLLEGE PLACE,CERRITOS,90701,562-924-9581,0,0,0,0,0,0,0,No,0,0,0,0,0,0,0,0,0,0,0,0,0,0,0,0,0,0,0,0,0,0,0,0,0,0,0,0,0,0,0,0,0,0,0,0,0,0,0,0,0,0,0,0,0,0,0,0,0,125,6027,44087,45750,0,0,0,0,0,0,0,0,125,6027,44087,45750,0,0,0,NEITHER,0,0,0,0,0,0,0,0,0,0,0,0,0,0,0,0,0,0,0,0,0,0,0,0,0,0,0,0,0,0,0,0,0,0,0,0,0,0,0,0,Yes,0,0,0,0,0,0,1,0,0,0,0,0,0,0,0,0,0,0,0,0,0,0,0,0,0,0,0,0,0,0,0,0,0,0,0,0,0,0,0,0,0,0,0,0,0,0,0,0,0,0,0,0,0,0,0,0,0,0,0,0,0,0,0,0,0,0,0,0,0,0,0,0,0,78.2n,109,160,39,Cerritos/Hawaiian Gardens,Urban,No,No,No,1,0,100 - 149,0
106301155,COLLEGE HOSPITAL COSTA MESA,1/1/04,12/31/04,Open,9/5/68,9/5/68,Orange,13 - Orange,General Acute Care,Investor - individual,College Health Enterprises,Psychiatric,NO,122,301 VICTORIA STREET,COSTA MESA,92627,949-574-3317,0,0,0,0,0,0,0,No,37,978,3430,13542,0,0,0,0,0,0,0,0,4,0,0,0,1464,0,0,0,0,0,0,0,0,0,0,0,0,0,0,0,0,0,0,0,0,0,0,0,0,41,978,3430,15006,0,0,0,0,81,4019,27144,29646,0,0,0,0,0,0,0,0,122,4997,30574,44652,0,0,0,NEITHER,0,0,0,0,0,0,0,0,0,0,0,0,0,0,0,0,0,0,0,0,0,0,0,0,0,0,0,0,0,0,0,0,0,0,0,0,61,2829,233,17009,Yes,3,0,3,0,0,0,0,1,0,0,0,0,0,0,0,0,0,0,0,0,0,0,0,0,0,0,0,0,0,0,0,0,0,0,0,0,0,0,0,0,0,0,0,0,0,0,0,0,0,0,0,0,0,0,0,0,0,0,0,0,1,0,0,0,0,0,0,0,0,0,0,0,0,116p,121,168,46,Costa Mesa,Urban,No,No,No,1,0,100 - 149,0
106361458,COLORADO RIVER MEDICAL CENTER,1/1/04,12/31/04,Open,8/11/52,8/11/52,San Bernardino,12 - Inland Counties,General Acute Care,Investor - Corporation,"Province Healthcare, Inc.",General Medical / Surgical,NO,49,1401 BAILEY AVENUE,NEEDLES,92363,760-326-4531,0,0,0,0,0,0,0,No,31,1789,5399,11346,4,174,327,0,0,0,0,0,4,93,207,754,1464,0,0,0,0,0,0,0,0,0,0,0,0,0,0,0,0,0,0,0,0,10,199,1991,3660,49,2255,8471,17934,0,0,0,0,0,0,0,0,0,0,0,0,0,0,0,0,49,2255,8471,17934,0,0,0,NEITHER,0,0,0,0,0,0,0,0,0,0,0,0,0,0,0,0,0,0,0,0,0,0,0,0,0,0,163,9,1,0,0,0,0,51,112,281,683,60454,1550,79761,Yes,2,0,2,0,Standby,Standby,0,0,1,0,0,0,1680,12,2837,20,3924,246,1350,585,928,623,10719,1486,4,6,158,0,0,0,0,0,0,0,0,0,0,0,0,0,0,0,0,0,0,0,0,0,0,0,0,0,0,0,0,0,0,0,0,0,1,744,696,744,720,744,720,744,744,720,744,720,744,143,87,151,41,Big River/Needles,Frontier,No,No,No,1,10719,1 - 49,0
106060870,COLUSA REGIONAL MEDICAL CENTER,1/1/04,12/31/04,Open,7/1/53,7/1/53,Colusa,01 - Northern California,General Acute Care,Non-Profit Corporation (incl. Church-related),Colusa Regional Medical Center,General Medical / Surgical,NO,48,199 EAST WEBSTER STREET,COLUSA,95932,530-458-5821-254,0,0,0,0,0,0,0,No,28,603,2075,10248,8,224,498,0,0,18,46,0,6,36,49,146,2196,0,0,0,0,0,0,0,0,0,0,0,0,0,0,0,0,0,0,0,0,0,0,0,0,42,881,2765,15372,0,0,0,0,0,0,0,0,6,108,1334,2196,0,0,0,0,48,989,4099,17568,0,0,0,NEITHER,0,0,0,0,0,0,0,0,0,0,0,0,0,0,0,0,0,0,0,0,0,0,0,0,0,0,205,5,0,0,0,0,0,61,144,409,195,11450,420,13549,Yes,2,0,2,0,Standby,Standby,0,0,1,0,0,1,792,0,726,51,3236,241,1388,212,462,14,6604,518,4,778,20,0,0,0,0,0,0,0,0,0,0,0,0,0,0,1,0,0,0,1,0,0,0,0,0,0,0,0,0,0,0,0,6604,1,1,744,696,744,720,744,720,744,744,720,744,720,744,15,55,137,2,Colusa,Rural,No,No,No,0,0,1 - 49,0
106190538,COMMUNITY AND MISSION HSP OF HNTG PARK-FLORENCE,1/1/04,12/31/04,Open,1/1/46,1/1/46,Los Angeles,11 - Los Angeles,General Acute Care,0,,,NO,109,3111 EAST FLORENCE AVENUE,HUNTINGTON PARK,90255,323-583-1931,1,0,0,0,0,0,0,,75,0,0,27450,14,0,0,7320,20,0,0,7320,0,0,0,0,0,0,0,0,0,0,0,0,0,0,0,0,0,0,0,0,0,0,0,0,0,0,0,0,0,109,0,0,39894,0,0,0,0,0,0,0,0,0,0,0,0,0,0,0,0,109,0,0,39894,0,0,0,NEITHER,0,0,0,0,0,0,0,0,0,0,0,0,0,0,0,0,0,0,0,0,0,0,0,0,0,0,0,0,0,0,0,0,0,0,0,0,0,0,0,0,Yes,0,0,0,0,0,0,0,1,0,0,0,0,0,0,0,0,0,0,0,0,0,0,0,0,0,0,0,0,0,0,0,0,0,0,0,0,0,0,0,0,,0,0,0,0,0,0,0,0,0,0,0,0,0,0,0,0,0,0,0,0,0,0,0,0,0,0,0,0,0,0,0,0,78.2ccc,99,163,34,Huntington Park/South Gate West/Walnut Park,Urban,No,Yes,No,1,0,100 - 149,0
106190197,COMMUNITY AND MISSION HSP OF HNTG PK - SLAUSON,1/1/04,12/31/04,Open,12/31/57,12/31/57,Los Angeles,11 - Los Angeles,General Acute Care,Investor - Corporation,Tenet Corporation,General Medical / Surgical,NO,81,2623 EAST SLAUSON AVENUE,HUNTINGTON PARK,90255,323-583-1931,0,0,0,0,0,0,0,No,77,1524,6464,28182,0,2228,5799,0,0,1452,4910,0,4,119,161,960,1464,0,916,131,4379,0,0,0,0,0,0,0,0,0,0,0,0,0,0,0,0,0,0,0,0,81,6239,22512,29646,0,0,0,0,0,0,0,0,0,0,0,0,0,0,0,0,81,6239,22512,29646,0,0,0,NEITHER,0,0,0,0,0,0,0,0,0,0,0,0,0,0,7,0,7,0,14,14,0,0,0,0,0,14,1952,20,1,0,0,0,0,0,1952,5010,1948,1762,1701,1090,Yes,5,0,5,0,Standby,Standby,0,0,1,0,0,0,1698,10,6172,43,3908,297,2042,689,1036,481,14856,1520,5,0,341,0,0,0,0,0,0,0,0,0,0,0,0,0,0,0,0,0,0,0,0,0,0,0,0,0,0,0,0,0,0,0,0,0,0,744,696,744,720,744,720,744,744,720,744,720,744,78.2ccc,99,163,34,Huntington Park/South Gate West/Walnut Park,Urban,No,No,No,1,14856,50 - 99,0
106104008,COMMUNITY BEHAVIORAL HEALTH CENTER,1/1/04,12/31/04,Open,10/1/87,10/1/87,Fresno,09 - Central,General Acute Care,Non-Profit Corporation (incl. Church-related),Community Medical Centers,Psychiatric,NO,61,7171 NORTH CEDAR AVENUE,FRESNO,93720,559-459-2710,0,0,0,0,0,0,0,Yes,0,0,0,0,0,0,0,0,0,0,0,0,0,0,0,0,0,0,0,0,0,0,0,0,0,0,0,0,0,0,0,0,0,0,0,0,0,0,0,0,0,0,0,0,0,0,0,0,0,61,2926,17073,22326,0,0,0,0,0,0,0,0,61,2926,17073,22326,0,0,0,NEITHER,0,0,0,0,0,0,0,0,0,0,0,0,0,0,0,0,0,0,0,0,0,0,0,0,0,0,0,0,0,0,0,0,0,0,0,0,0,0,0,0,Yes,0,0,0,0,0,0,0,1,0,0,0,0,0,0,0,0,0,0,0,0,0,0,0,0,0,0,0,0,0,0,0,0,0,0,0,0,0,0,0,0,0,0,0,0,0,0,0,0,0,0,0,0,0,0,0,0,0,0,0,0,0,0,0,0,0,0,0,0,0,0,0,0,0,35a,82,147,19,Fresno Northwest,Urban,No,No,No,1,0,50 - 99,0
106270744,COMMUNITY HOSPITAL MONTEREY PENINSULA,1/1/04,12/31/04,Open,6/19/62,6/19/62,Monterey,08 - Mid-Coast,General Acute Care,Non-Profit Corporation (incl. Church-related),none,General Medical / Surgical,NO,173,23625 W. R. HOLMAN HIGHWAY,MONTEREY,93940,831-624-5311,1,0,1,0,0,0,0,Yes,128,9919,41418,46848,7,713,1726,2196,6,532,1906,2196,5,84,0,963,1830,5,155,0,1788,1830,0,0,0,0,0,0,0,0,0,0,8,268,0,1106,2928,0,0,0,0,159,11671,48907,58194,0,0,0,0,14,764,4008,5124,0,0,0,0,0,0,0,0,173,12435,52915,63318,0,0,0,NEITHER,0,0,0,0,0,0,0,0,0,0,0,0,0,0,0,0,0,0,0,0,0,0,0,0,0,0,1218,56,2,1,1,1,886,332,0,2035,3716,556125,3521,343485,Yes,12,4,0,8,Basic,Basic,0,0,0,1,0,0,8431,39,11267,88,19186,493,7734,5420,1257,1238,47875,7278,14,0,0,1,33,0,17,23,0,0,18,10,37,0,14,4,156,0,0,0,0,0,0,0,0,0,0,0,0,0,0,0,0,0,0,0,1,744,696,744,720,744,720,744,744,720,744,720,744,110,80,148,17,Carmel/Del Rey Oaks/Monterey/Pacific Grove/Sand City/Seaside,Urban,No,No,No,1,47875,150 - 199,0
106190475,COMMUNITY HOSPITAL OF LONG BEACH,1/1/04,12/31/04,Open,6/27/01,1/1/46,Los Angeles,11 - Los Angeles,General Acute Care,Non-Profit Corporation (incl. Church-related),Community Hospital of Long Beach,General Medical / Surgical,NO,256,1720 TERMINO AVENUE,LONG BEACH,90804,562-498-1000,0,0,0,0,0,0,0,No,125,2174,7391,44462,13,0,0,4392,12,0,0,4392,21,349,0,2680,7686,10,10,0,59,3660,0,0,0,0,0,0,0,0,0,0,20,0,0,0,7320,0,0,0,0,201,2533,10130,73566,0,0,0,0,28,867,7367,10248,27,0,0,9882,0,0,0,0,256,3400,17497,93696,0,0,0,CATH LAB,0,0,0,0,0,0,0,0,1,0,0,0,0,25,0,3,0,28,0,0,0,0,0,0,0,0,0,0,0,0,0,0,0,0,0,0,319,46680,694,100980,No,6,0,6,0,Basic,Basic,0,0,0,1,0,0,1986,0,6151,0,4430,0,3005,1402,1813,1813,17385,3215,18,1986,305,1,82,120,52,27,32,35,43,2,10,12,34,102,551,0,0,0,0,0,0,0,0,0,0,0,0,0,0,0,0,0,0,1,0,744,696,744,720,744,720,744,744,720,744,720,744,78.2lll,107,160,37,Bixby Knolls/Long Beach Central,Urban,No,No,No,1,17385,200 - 299,0
106430743,COMMUNITY HOSPITAL OF LOS GATOS,1/1/04,12/31/04,Open,12/17/62,12/17/62,Santa Clara,07 - Santa Clara,General Acute Care,Investor - Corporation,"Tenet Healthcare, Inc.",General Medical / Surgical,NO,143,815 POLLARD ROAD,LOS GATOS,95030,408-378-6131,0,0,0,0,0,0,0,No,82,3922,19074,30012,14,987,2554,0,0,0,0,0,7,59,187,759,2562,8,99,319,2410,2928,0,0,0,0,0,0,0,0,0,0,2,71,24,488,732,30,467,4776,10980,143,5605,30061,52338,0,0,0,0,0,0,0,0,0,0,0,0,0,0,0,0,143,5605,30061,52338,0,0,0,NEITHER,0,0,0,0,0,0,0,0,0,0,0,0,0,0,0,0,0,0,0,0,0,0,0,0,0,0,974,40,2,1,1,0,735,239,0,2014,2328,423348,3461,241117,Yes,11,0,11,0,Basic,Basic,0,0,0,1,0,0,2277,3,7032,174,2740,1398,227,168,0,0,12276,1743,8,2279,36,1,3,1,0,13,0,0,3,8,11,2,2,2,45,0,0,0,0,0,0,0,0,0,0,0,0,0,0,0,0,0,0,1,0,744,696,744,720,744,720,744,744,720,744,720,744,183m,74,148,15,Cambrian Village West/Campbell South/Los Gatos/Monte Sereno/San Tomas,Urban,No,No,No,1,12276,100 - 149,0
106361323,COMMUNITY HOSPITAL OF SAN BERNARDINO,1/1/04,12/31/04,Open,4/21/58,4/21/58,San Bernardino,12 - Inland Counties,General Acute Care,Non-Profit Corporation (incl. Church-related),Catholic Healthcare West,General Medical / Surgical,NO,321,1805 MEDICAL CENTER DRIVE,SAN BERNARDINO,92411,909-887-6333,0,0,0,0,0,0,0,No,119,4730,22464,43554,24,2633,6099,9882,27,861,2685,9882,11,347,864,4569,4026,10,0,0,0,3660,0,0,0,0,0,0,0,0,0,0,5,316,60,2055,1830,0,0,0,0,196,8887,37872,71736,0,0,0,0,37,1433,9461,13542,88,142,28441,32208,0,0,0,0,321,10462,75774,117486,0,0,0,CATH LAB,0,0,0,0,0,0,0,0,1,0,0,0,0,513,0,101,0,614,0,0,0,0,0,0,0,0,2492,250,30,1,1,0,1761,731,0,4735,1242,137590,1687,133905,Yes,5,0,5,0,Basic,Basic,0,0,0,1,0,0,2019,9,6475,25,11858,63,7406,246,5032,4257,32790,4600,19,0,0,1,380,344,186,117,236,273,390,390,444,401,293,342,3796,0,0,0,0,0,0,0,0,0,0,0,0,0,0,0,0,0,0,0,1,744,696,744,720,744,720,744,744,720,744,720,744,151g,115,165,43,Muscoy/San Bernardino Central,Urban,No,No,No,1,32790,300 - 499,0
106100005,COMMUNITY MEDICAL CENTER - CLOVIS,1/1/04,12/31/04,Open,12/15/88,12/15/88,Fresno,09 - Central,General Acute Care,Non-Profit Corporation (incl. Church-related),Community Medical Centers,General Medical / Surgical,NO,109,2755 HERNDON AVENUE,CLOVIS,93612,559-459-2710,0,0,0,0,0,0,0,No,66,5934,20431,24156,36,3344,6613,0,0,0,0,0,7,115,0,1722,2562,0,0,0,0,0,0,0,0,0,0,0,0,0,0,0,0,0,0,0,0,0,0,0,0,109,9393,28766,39894,0,0,0,0,0,0,0,0,0,0,0,0,0,0,0,0,109,9393,28766,39894,0,0,0,CATH LAB,0,0,0,0,0,0,0,0,1,0,0,0,0,171,155,125,208,296,363,35,49,5,0,0,274,363,3138,156,9,1,1,0,2143,995,0,5951,3224,351336,6031,478015,Yes,10,6,0,4,Basic,Basic,0,0,0,1,0,0,175,1,802,0,14926,54,6331,1294,2180,1815,24414,3164,12,0,1902,0,0,0,0,0,0,0,0,0,0,0,0,0,0,0,0,0,0,0,0,0,0,0,0,0,0,0,0,0,0,0,0,0,1,744,696,744,720,744,720,744,744,720,744,720,744,31,82,147,21,Auberry/Calwa/Centerville/Clovis East/Del Rey/Fowler/Friant/Sanger/Shaver Lake,Rural,No,No,No,1,24414,100 - 149,0
106100717,COMMUNITY MEDICAL CENTER - FRESNO,1/1/04,12/31/04,Open,1/1/46,1/1/46,Fresno,09 - Central,General Acute Care,Non-Profit Corporation (incl. Church-related),Community Medical Centers,General Medical / Surgical,NO,459,2823 FRESNO AND R STREETS,FRESNO,93721,559-459-2710,0,0,0,0,0,0,0,No,238,11637,62838,87108,49,7771,17939,0,0,0,0,0,80,189,0,3746,14592,8,89,0,1938,2928,0,0,0,0,0,0,0,0,0,0,19,1262,0,6355,6954,32,667,8670,11712,426,21615,101486,141064,0,0,0,0,0,0,0,0,33,27,11770,12078,0,0,0,0,459,21642,113256,153142,0,0,0,CV SURG,2,0,0,116,108,116,108,188,3,0,0,0,0,370,333,1255,671,1625,1004,180,765,55,0,0,4,1004,7474,832,212,1,1,0,5253,2221,0,11017,3808,479436,4639,302134,Yes,11,0,11,0,Basic,Basic,0,0,0,1,0,0,806,3,1477,2,25054,116,14530,2794,6536,5331,48403,8246,26,0,4523,0,0,0,0,0,0,0,0,0,0,0,0,0,0,0,0,0,0,0,0,0,0,0,0,0,0,0,0,0,0,0,0,1,0,744,696,744,720,744,720,744,744,720,744,720,744,35c,84,149,20,Fresno West Central,Urban,No,No,No,1,48403,300 - 499,0
106560473,COMMUNITY MEMORIAL HOSPITAL-SAN BUENAVENTURA,1/1/04,12/31/04,Open,1/1/46,1/1/46,Ventura,10 - Santa Barbara/Ventura,General Acute Care,Non-Profit Corporation (incl. Church-related),Community Memorial Hospital of San Buenaventura,General Medical / Surgical,NO,240,LOMA VISTA AT BRENT STREET,VENTURA,93003,805-652-5012,0,0,0,0,0,0,0,No,192,11826,48044,70272,10,2276,4791,1830,5,24,56,1830,10,174,971,3091,3720,11,184,1417,3707,3966,0,0,0,0,0,0,0,0,0,0,12,278,626,4720,4392,0,0,0,0,240,14762,64409,87840,0,0,0,0,0,0,0,0,0,0,0,0,0,0,0,0,240,14762,64409,87840,0,0,0,CV SURG,2,0,0,198,9,198,9,216,3,0,0,0,0,1015,516,250,28,1265,544,215,516,28,0,0,70,837,3401,228,37,0,0,0,0,1140,2261,6566,5332,806598,6474,682158,No,15,2,0,13,Basic,Basic,0,0,0,1,0,0,2753,0,22719,0,6601,0,1547,0,139,0,33759,0,16,479,1003,1,114,134,47,32,7,29,18,17,22,20,21,24,485,0,0,0,0,0,0,0,0,0,0,0,0,0,0,0,0,0,0,1,0,744,696,744,720,744,720,744,744,720,744,720,744,241c,88,152,24,Ventura,Urban,No,No,No,1,33759,200 - 299,8
106070924,CONTRA COSTA REGIONAL MEDICAL CENTER,1/1/04,12/31/04,Open,7/2/53,7/2/53,Contra Costa,05 - East Bay,General Acute Care,City and/or County,,General Medical / Surgical,NO,166,2500 ALHAMBRA AVENUE,MARTINEZ,94553,925-370-5113,0,0,0,0,0,0,0,Yes,91,5896,24302,33306,10,1497,3660,2928,8,381,848,2928,8,144,185,1385,2928,0,0,0,0,0,0,0,0,0,0,0,0,0,0,0,6,281,576,1515,2196,0,0,0,0,123,8199,31710,44348,0,0,0,0,43,1357,12681,15738,0,0,0,0,0,0,0,0,166,9556,44391,60086,0,0,0,NEITHER,0,0,0,0,0,0,0,0,0,0,0,0,0,0,0,0,0,0,0,0,0,0,0,0,0,0,2043,82,8,0,0,0,0,446,1597,3411,2139,262890,2326,201870,Yes,2,0,1,1,Basic,Basic,0,0,0,1,0,0,2027,50,8841,299,32956,1975,4484,1169,1212,874,49520,4367,19,3109,1602,1,2,0,1,0,0,0,3,7,2,0,0,0,15,0,0,0,0,0,0,0,0,0,0,0,0,0,0,0,0,0,0,1,1,744,696,744,720,744,720,744,744,720,744,720,744,18a,64,140,7,Crockett/Hercules/Martinez West/Pinole/Port Costa/Richmond Northeast/Rodeo,Urban,No,No,No,1,49520,150 - 199,0
106160702,CORCORAN DISTRICT HOSPITAL,1/1/04,12/31/04,Open,1/14/49,1/14/49,Kings,09 - Central,General Acute Care,District,,General Medical / Surgical,NO,32,1310 HANNA AVENUE,CORCORAN,93212,559-992-5051-301,1,0,1,0,0,0,0,No,32,553,1533,11712,0,0,0,0,0,0,0,0,0,0,0,0,0,0,0,0,0,0,0,0,0,0,0,0,0,0,0,0,0,0,0,0,0,0,0,0,0,32,553,1533,11712,0,0,0,0,0,0,0,0,0,57,2069,0,0,0,0,0,32,610,3602,11712,0,0,0,NEITHER,0,0,0,0,0,0,0,0,0,0,0,0,0,0,0,0,0,0,0,0,0,0,0,0,0,0,0,0,0,0,0,0,0,0,0,0,43,6738,603,44111,No,1,0,1,0,Standby,Standby,0,0,1,0,0,0,2331,0,2168,0,996,0,515,471,219,175,6229,646,5,0,97,0,0,0,0,0,0,0,0,0,0,0,0,0,0,0,0,0,0,0,0,0,0,0,0,0,0,0,0,0,0,0,0,0,0,744,696,744,720,744,720,744,744,720,744,720,744,68,83,149,20,Corcoran/Kettleman City/Stratford,Rural,No,No,No,1,6229,1 - 49,0
106331145,CORONA REGIONAL MEDICAL CENTER-MAGNOLIA,1/1/04,12/31/04,Open,1/15/65,1/15/65,Riverside,12 - Inland Counties,General Acute Care,Investor - Corporation,"Universal Health Services, Inc.",Psychiatric,NO,80,730 OLD MAGNOLIA AVENUE,CORONA,91720,951-736-4343,0,0,0,0,0,0,0,No,0,0,0,0,0,0,0,0,0,0,0,0,0,0,0,0,0,0,0,0,0,0,0,0,0,0,0,0,0,0,0,0,0,0,0,0,0,10,166,2329,3660,10,166,2329,3660,0,0,0,0,40,461,6982,14640,30,171,8135,10980,0,0,0,0,80,798,17446,29280,0,0,0,NEITHER,0,0,0,0,0,0,0,0,0,0,0,0,0,0,0,0,0,0,0,0,0,0,0,0,0,0,0,0,0,0,0,0,0,0,0,0,0,0,0,0,Yes,0,0,0,0,0,0,0,1,0,0,0,0,0,0,0,0,0,0,0,0,0,0,0,0,0,0,0,0,0,0,0,0,0,0,0,0,0,0,0,0,0,0,0,0,0,0,0,0,0,0,0,0,0,0,0,0,0,0,0,0,0,0,0,0,0,0,0,0,0,0,0,0,0,135f,124,170,44,Corona South/El Cerrito/Temescal,Urban,No,No,No,1,0,50 - 99,0
106331152,CORONA REGIONAL MEDICAL CENTER-MAIN,1/1/04,12/31/04,Open,3/31/65,3/31/65,Riverside,12 - Inland Counties,General Acute Care,Investor - Corporation,"Universal Health Services, Inc.",General Medical / Surgical,NO,148,800 SOUTH MAIN STREET,CORONA,91720,909-737-4343,0,0,0,0,0,0,0,No,121,4088,16782,44286,12,2015,4433,1830,5,574,1213,1830,6,293,0,2596,2196,4,0,0,0,1464,0,0,0,0,0,0,0,0,0,0,0,0,0,0,0,0,0,0,0,148,6970,25024,54168,0,0,0,0,0,0,0,0,0,0,0,0,0,0,0,0,148,6970,25024,54168,0,0,0,NEITHER,0,0,0,0,0,0,0,0,0,0,0,0,0,0,0,0,0,0,0,0,0,0,0,0,0,0,1912,62,10,0,0,0,0,511,1401,3576,2147,188521,3304,200833,No,7,0,7,0,Basic,Basic,0,0,0,1,0,0,5145,12,9005,28,13464,1537,4790,2780,403,324,32807,4681,14,8468,0,0,0,0,0,0,0,0,0,0,0,0,0,0,0,0,0,0,0,0,0,0,0,0,0,0,0,0,0,0,0,0,0,0,1,744,696,744,720,744,720,744,744,720,744,720,744,135d,124,170,44,Arlington/Corona East/Home Gardens/La Sierra/Riverside Southwest,Urban,No,No,No,1,32807,100 - 149,0
106390846,DAMERON HOSPITAL,1/1/04,12/31/04,Open,1/1/46,1/1/46,San Joaquin,06 - North San Joaquin,General Acute Care,Non-Profit Corporation (incl. Church-related),,General Medical / Surgical,NO,188,525 WEST ACACIA,STOCKTON,95203,209-944-5550,0,0,0,0,0,0,0,No,112,8557,34739,40992,21,2870,5308,5490,15,660,1590,5490,12,381,441,3890,4392,12,555,491,3736,4392,0,0,0,0,0,0,0,0,0,840,16,31,166,919,5856,0,0,0,0,188,13054,50182,69648,0,0,0,0,0,0,0,0,0,0,0,0,0,0,0,0,188,13054,50182,69648,0,0,0,CV SURG,2,0,0,49,22,49,22,59,2,0,0,0,0,215,201,550,0,765,201,0,177,24,0,0,0,202,2611,188,40,0,0,0,0,602,2009,8446,4288,524788,2421,193150,No,10,2,1,7,Basic,Basic,0,0,0,1,0,0,82,15,6103,24,13945,866,9258,3308,2261,1481,31649,5694,13,8416,1282,0,0,0,0,0,0,0,0,0,0,0,0,0,0,0,0,0,0,0,0,0,0,0,0,0,0,0,0,0,0,0,0,1,0,744,696,744,720,744,720,744,744,720,744,720,744,169b,70,138,18,French Camp/Stockton South/Stockton Southeast,Urban,No,No,No,1,31649,150 - 199,1
106190500,DANIEL FREEMAN MARINA HOSPITAL,1/1/04,12/31/04,Open,4/17/70,4/17/70,Los Angeles,11 - Los Angeles,General Acute Care,Investor - Corporation,Tenet HealthSystem / CFHS Holdings Inc,General Medical / Surgical,NO,166,4650 LINCOLN BOULEVARD,MARINA DEL REY,90291,310-680-8694,0,0,0,0,0,0,0,No,93,2507,10865,34038,0,0,0,0,0,0,0,0,12,173,294,2844,4392,0,0,0,0,0,0,0,0,0,0,0,0,0,0,0,0,0,0,0,0,0,0,0,0,105,2680,13709,38430,0,0,0,0,40,0,0,14640,21,0,0,7686,0,0,0,0,166,2680,13709,60756,0,0,15,NEITHER,0,0,0,0,0,0,0,0,0,0,0,0,0,0,0,0,0,0,0,0,0,0,0,0,0,0,0,0,0,0,0,0,0,0,0,0,594,60281,1399,80764,Yes,4,0,4,0,Basic,Basic,0,0,0,1,0,0,2265,0,5140,7,2281,49,1782,131,3979,1637,15447,1824,15,0,356,1,191,75,61,93,72,43,58,33,81,31,5,31,774,0,0,0,0,0,0,0,0,0,0,0,0,0,0,0,0,0,0,0,1,744,696,744,720,744,720,744,744,720,744,720,744,78.2j,106,161,36,Baldwin Hills/Culver City South/Fox Hills/Ladera Heights/Marina del Rey/View Park/Windsor Hills,Urban,No,No,No,1,15447,150 - 199,0
106190230,DANIEL FREEMAN MEMORIAL HOSPITAL,1/1/04,12/31/04,Open,5/21/54,5/21/54,Los Angeles,11 - Los Angeles,General Acute Care,Investor - Corporation,Tenet HealthSystem / CFHS Holdings Inc,General Medical / Surgical,NO,358,333 NORTH PRAIRIE AVENUE,INGLEWOOD,90301,310-680-6894,0,0,0,0,0,0,0,No,187,5602,29228,68442,32,2044,5048,6954,19,939,3345,6954,13,233,292,3566,4758,12,223,166,3681,4392,0,0,0,0,0,0,0,0,0,0,13,290,59,4816,4758,53,550,8660,19398,329,9881,58344,120414,0,0,0,0,0,0,0,0,29,433,6340,10614,0,0,0,0,358,10314,64684,131028,0,0,0,NEITHER,0,0,0,0,0,0,0,0,0,0,0,0,0,0,0,0,0,0,0,0,0,0,0,0,0,0,1495,127,18,1,1,0,1201,294,0,2689,1407,183197,2098,154204,No,10,3,0,7,Basic,Basic,0,0,0,1,0,0,3148,6,11440,25,5868,65,3934,325,10323,4400,34713,4821,16,7804,4616,1,0,0,0,0,0,0,0,0,0,0,0,4,4,0,0,0,0,0,0,0,0,0,0,0,0,0,0,0,0,0,0,1,0,744,696,744,720,744,720,744,744,720,744,720,744,78.2q,104,158,35,Del Aire/Inglewood West/Los Angeles International Airport,Urban,No,No,No,1,34713,300 - 499,0
106190232,DEL AMO HOSPITAL,1/1/04,12/31/04,Open,10/25/72,10/25/72,Los Angeles,11 - Los Angeles,Acute Psychiatric,Investor - Corporation,Universal Health Services,Psychiatric,NO,166,23700 CAMINO DEL SOL,TORRANCE,90505,310-530-1151,0,0,0,0,286,3422,19,No,0,0,0,0,0,0,0,0,0,0,0,0,0,0,0,0,0,0,0,0,0,0,0,0,0,0,0,0,0,0,0,0,0,0,0,0,0,0,0,0,0,0,0,0,0,0,0,0,0,166,3257,34386,60756,0,0,0,0,0,0,0,0,166,3257,34386,60756,0,0,0,NEITHER,0,0,0,0,0,0,0,0,0,0,0,0,0,0,0,0,0,0,0,0,0,0,0,0,0,0,0,0,0,0,0,0,0,0,0,0,0,0,0,0,No,0,0,0,0,0,0,1,0,0,0,0,0,0,0,0,0,0,0,0,0,0,0,0,0,0,0,0,0,0,0,0,0,0,0,0,0,0,0,0,0,0,0,0,0,0,0,0,0,0,0,0,0,0,0,0,0,0,0,0,0,0,0,0,0,0,0,0,0,0,0,0,0,0,78.2aaaa,106,161,36,Harbor Gateway South/Lomita/Torrance East Central,Urban,No,No,No,1,0,150 - 199,0
106150706,DELANO REGIONAL MEDICAL CENTER,1/1/04,12/31/04,Open,1/1/74,1/1/74,Kern,09 - Central,General Acute Care,Non-Profit Corporation (incl. Church-related),California Foundation for Health,General Medical / Surgical,NO,156,1401 GARCES HIGHWAY,DELANO,93215,661-725-4800-5201,0,0,0,0,0,0,0,No,85,2673,12897,31110,16,849,1678,0,0,0,0,0,10,166,234,1647,3660,0,0,0,0,0,0,0,0,0,0,0,0,0,0,0,0,0,0,0,0,0,0,0,0,111,3688,16222,40626,0,0,0,0,0,0,0,0,45,0,0,16470,0,0,0,0,156,3688,16222,57096,0,0,0,NEITHER,0,0,0,0,0,0,0,0,0,0,0,0,0,0,0,0,0,0,0,0,0,0,0,0,0,0,806,26,2,1,0,1,609,197,0,1582,1664,157673,2239,116068,No,4,0,4,0,Basic,Basic,0,0,0,1,0,0,1024,11,2926,33,11516,1707,45,0,152,61,15663,1812,7,0,854,0,0,0,0,0,0,0,0,0,0,0,0,0,0,0,0,0,0,0,0,0,0,0,0,0,0,0,0,0,0,0,0,1,0,744,696,744,720,744,720,744,744,720,744,720,744,60,83,149,20,Delano/McFarland,Rural,No,No,No,1,15663,150 - 199,0
106331164,DESERT REGIONAL MEDICAL CENTER,1/1/04,12/31/04,Open,9/20/51,9/20/51,Riverside,12 - Inland Counties,General Acute Care,Investor - Corporation,Tenet Healthcare Inc,General Medical / Surgical,NO,394,1150 NORTH INDIAN CANYON DRIVE,PALM SPRINGS,92262,760-323-6511,1,1,0,0,0,0,0,No,218,10682,50608,77964,28,3606,8570,5124,14,659,1930,5124,23,421,1233,7540,8418,8,123,447,1940,2928,0,0,0,0,0,0,0,0,0,0,30,510,12,8954,10980,12,242,4304,4392,333,16243,83846,120414,0,0,0,0,27,1101,6638,9882,34,878,10331,13698,0,0,0,0,394,18222,100815,143994,0,0,0,CV SURG,1,0,0,92,151,92,151,189,2,0,0,0,0,1275,741,613,0,1888,741,0,632,107,0,504,0,1245,3309,201,69,1,0,1,2220,1089,0,0,4828,667941,1472,126952,No,10,0,8,2,Comprehensive,Comprehensive,0,0,0,0,1,1,6671,23,8741,45,8968,136,8485,1020,6881,5989,39746,7213,28,0,1602,1,177,250,127,83,29,60,39,10,4,6,4,3,792,1,0,1,0,0,0,0,0,0,0,0,0,0,0,0,39746,0,0,1,0,744,696,744,720,744,720,744,744,720,744,720,744,129.4,133,170,45,Cathedral City Southeast/Palm Desert North/Palm Springs South/Rancho Mirage North,Urban,No,No,No,0,0,300 - 499,2
106364144,DESERT VALLEY HOSPITAL,1/1/04,12/31/04,Open,8/31/94,8/31/94,San Bernardino,12 - Inland Counties,General Acute Care,Investor - Corporation,,General Medical / Surgical,NO,83,16850 BEAR VALLEY ROAD,VICTORVILLE,92392,760-241-8000-8168,0,0,0,0,0,0,0,No,77,4940,16542,28182,0,484,844,0,0,53,103,0,6,231,646,1781,2196,0,0,0,0,0,0,0,0,0,0,0,0,0,0,0,0,0,0,0,0,0,0,0,0,83,5708,19270,30378,0,0,0,0,0,0,0,0,0,0,0,0,0,0,0,0,83,5708,19270,30378,0,0,0,CATH LAB,0,0,0,0,0,0,0,0,1,0,0,0,0,256,78,127,0,383,78,83,70,8,0,0,0,161,450,18,0,1,0,1,321,129,0,699,1395,139366,1272,77600,No,4,0,4,0,Basic,Basic,0,0,0,1,0,0,944,11,5363,3,9955,20,2650,6,9240,4198,28152,4238,18,1295,42,1,181,157,23,14,14,25,25,8,29,18,12,12,518,0,0,0,0,0,0,0,0,0,0,0,0,0,0,0,0,0,0,0,1,744,696,744,720,744,720,744,744,720,744,720,744,145.1a,89,150,25,Hesperia West/Mountain View Acres/Victorville Central and South,Urban,No,No,No,1,28152,50 - 99,0
106361166,DOCTORS HOSPITAL MEDICAL CENTER OF MONTCLAIR,1/1/04,12/31/04,Open,8/7/72,8/7/72,San Bernardino,12 - Inland Counties,General Acute Care,Investor - Partnership,,General Medical / Surgical,NO,102,5000 SAN BERNARDINO STREET,MONTCLAIR,91763,909-625-5411,0,0,0,0,0,0,0,No,78,4374,16788,28548,16,1152,2848,0,0,77,186,0,8,240,409,1635,2928,0,0,0,0,0,0,0,0,0,0,0,0,0,0,0,0,0,0,0,0,0,0,0,0,102,5843,21457,37332,0,0,0,0,0,0,0,0,0,0,0,0,0,0,0,0,102,5843,21457,37332,0,0,0,NEITHER,0,0,0,0,0,0,0,0,0,0,0,0,0,0,0,0,0,0,0,0,0,0,0,0,0,0,1065,31,1,1,1,0,730,335,0,2506,1055,106241,1683,56417,Yes,3,0,3,0,Basic,Basic,0,0,0,1,0,0,209,1,7391,25,3413,309,2314,995,1934,1441,15261,2771,7,0,412,1,156,88,76,23,24,29,5,39,69,51,46,51,657,0,0,0,0,0,0,0,0,0,0,0,0,0,0,0,0,0,0,0,1,744,696,744,720,744,720,744,744,720,744,720,744,151c,114,165,26,Montclair/Ontario Northwest/Upland South,Urban,No,No,No,1,15261,100 - 149,0
106392287,DOCTORS HOSPITAL OF MANTECA,1/1/04,12/31/04,Open,2/26/62,2/26/62,San Joaquin,06 - North San Joaquin,General Acute Care,Investor - Corporation,Tenet HealthCare Corp.,General Medical / Surgical,NO,73,1205 EAST NORTH STREET,MANTECA,95336,209-239-8317,0,0,0,0,0,0,0,No,60,2466,11514,21960,5,775,1737,0,0,0,0,0,8,519,0,1595,2928,0,0,0,0,0,0,0,0,0,0,0,0,0,0,0,0,0,0,0,0,0,0,0,0,73,3760,14846,26718,0,0,0,0,0,0,0,0,0,0,0,0,0,0,0,0,73,3760,14846,26718,0,0,0,NEITHER,0,0,0,0,0,0,0,0,0,0,0,0,0,0,0,0,0,0,0,0,0,0,0,0,0,0,675,26,3,0,0,0,0,147,528,1337,1301,130260,3521,170400,No,5,0,5,0,Basic,Basic,0,0,0,1,0,0,3117,8,7593,75,3380,286,2118,577,2138,808,18346,1754,11,3109,275,0,0,0,0,0,0,0,0,0,0,0,0,0,0,0,0,0,0,0,0,0,0,0,0,0,0,0,0,0,0,0,0,0,1,744,696,744,720,744,720,744,744,720,744,720,744,164.1,79,138,11,Lathrop/Manteca,Urban,No,No,No,1,18346,50 - 99,0
106190857,"DOCTORS HOSPITAL OF WEST COVINA, INC",1/1/04,12/31/04,Open,11/7/58,11/7/58,Los Angeles,11 - Los Angeles,General Acute Care,Investor - Corporation,"Doctors Hospital of West Covina, Inc.",General Medical / Surgical,NO,51,725 SOUTH ORANGE AVENUE,WEST COVINA,91790,626-338-8481,0,0,0,0,0,0,0,No,24,363,1384,8536,0,0,0,0,0,0,0,0,3,0,0,0,1098,0,0,0,0,0,0,0,0,0,0,0,0,0,0,0,0,0,0,0,0,0,0,0,0,27,363,1384,9882,0,0,0,0,0,0,0,0,24,7,7864,8784,0,0,0,0,51,370,9248,18666,0,0,0,NEITHER,0,0,0,0,0,0,0,0,0,0,0,0,0,0,0,0,0,0,0,0,0,0,0,0,0,0,0,0,0,0,0,0,0,0,0,0,189,9902,1027,34211,Yes,2,0,2,0,0,0,0,1,0,0,0,0,0,0,0,0,0,0,0,0,0,0,0,0,0,0,0,0,0,0,0,0,0,0,0,0,0,0,0,0,0,0,0,0,0,0,0,0,0,0,0,0,0,0,0,0,0,0,0,0,1,0,0,0,0,0,0,0,0,0,0,0,0,78.2www,110,157,32,Valinda/West Covina,Urban,No,No,No,1,0,50 - 99,0
106500852,DOCTORS MEDICAL CENTER,1/1/04,12/31/04,Open,7/11/62,7/11/62,Stanislaus,06 - North San Joaquin,General Acute Care,Investor - Corporation,Tenet Healthcare,General Medical / Surgical,NO,398,1441 FLORIDA AVENUE,MODESTO,95350,209-578-1211,0,0,0,0,0,0,0,No,225,11755,63218,82350,56,5316,13022,8052,22,943,2673,8052,38,481,1729,6403,13908,12,247,1303,3428,4392,0,0,0,0,0,0,0,0,0,0,45,663,25,12272,16470,0,0,0,0,398,19405,101016,145668,0,0,0,0,0,0,0,0,0,0,0,0,0,0,0,0,398,19405,101016,145668,0,0,0,CV SURG,4,0,0,421,17,421,17,378,4,0,0,0,0,1422,709,735,195,2157,904,104,702,97,0,1,0,904,4615,251,149,0,0,0,0,1454,3161,8708,6920,791383,4306,265073,No,18,0,15,3,Basic,Basic,0,0,0,1,0,1,10157,63,18591,221,8762,567,7207,1410,11404,5007,56121,7268,34,9979,3250,1,21,17,21,23,42,29,19,14,8,15,8,24,241,1,0,1,0,0,0,0,0,0,0,0,0,0,0,0,56121,0,0,0,1,744,696,744,720,744,720,744,744,720,744,720,744,215a,78,145,18,Modesto West,Urban,No,No,No,0,0,300 - 499,0
106070904,DOCTORS MEDICAL CENTER - SAN PABLO CAMPUS,8/1/04,12/31/04,Open,1/15/54,1/15/54,Contra Costa,05 - East Bay,General Acute Care,District,West Contra Costa Healthcare District,General Medical / Surgical,NO,247,2000 VALE ROAD,SAN PABLO,94806,510-970-5000,0,0,0,0,0,0,0,No,183,2397,11484,66978,18,338,679,0,0,0,0,0,38,251,738,2051,13908,0,0,0,0,0,0,0,0,0,0,6,47,88,533,2196,2,14,0,57,732,0,0,0,0,247,3047,14804,90402,0,0,0,0,0,0,0,0,0,0,0,0,0,0,0,0,247,3047,14804,90402,153,919,14,CV SURG,6,0,0,26,6,26,6,21,1,0,0,0,0,152,59,102,15,254,74,22,59,6,0,0,5,92,301,14,1,0,0,0,0,0,301,527,918,114736,1172,108479,Yes,12,6,5,1,Basic,Basic,0,0,0,1,0,0,1561,4,5963,42,4398,131,2182,308,2236,1119,16340,1604,24,0,127,0,0,0,0,0,0,0,0,0,0,0,0,0,0,0,0,0,0,0,0,0,0,0,0,0,0,0,0,0,0,0,0,0,1,744,696,744,720,744,720,744,744,720,744,720,744,18f,67,142,7,Richmond Central/San Pablo Central,Urban,No,No,No,1,16340,200 - 299,0
106441807,DOMINICAN HOSPITAL-SANTA CRUZ/FREDERICK,1/1/04,12/31/04,Open,10/1/59,10/1/59,Santa Cruz,08 - Mid-Coast,General Acute Care,Non-Profit Corporation (incl. Church-related),Catholic Healthcare West,Long-Term Care (SN/IC),NO,111,610 FREDERICK STREET,SANTA CRUZ,95062,831-462-7700,0,0,0,0,0,0,0,No,54,0,0,19764,0,0,0,0,0,0,0,0,0,0,0,0,0,0,0,0,0,0,0,0,0,0,0,0,0,0,0,0,0,0,0,0,0,20,373,4785,7320,74,373,4785,27084,0,0,0,0,0,0,0,0,37,805,9972,13542,0,0,0,0,111,1178,14757,40626,0,0,0,NEITHER,0,0,0,0,0,0,0,0,0,0,0,0,0,0,0,0,0,0,0,0,0,0,0,0,0,0,0,0,0,0,0,0,0,0,0,0,0,0,0,0,Yes,0,0,0,0,0,0,0,1,0,0,0,0,0,0,0,0,0,0,0,0,0,0,0,0,0,0,0,0,0,0,0,0,0,0,0,0,0,0,0,0,0,0,0,0,0,0,0,0,0,0,0,0,0,0,0,0,0,0,0,0,0,0,0,0,0,0,0,0,0,0,0,0,0,185.1,80,144,17,Aptos/Capitola/Live Oak/Rio del Mar/Santa Cruz,Urban,No,No,No,1,0,100 - 149,0
106440755,DOMINICAN HOSPITAL-SANTA CRUZ/SOQUEL,1/1/04,12/31/04,Open,12/26/67,12/26/67,Santa Cruz,08 - Mid-Coast,General Acute Care,Non-Profit Corporation (incl. Church-related),Catholic Healthcare West,General Medical / Surgical,NO,268,1555 SOQUEL DRIVE,SANTA CRUZ,95065,831-462-7700,0,0,0,0,0,0,0,Yes,181,9243,34032,66246,20,1130,2533,3294,9,357,724,3294,10,169,703,2701,3660,6,97,421,1620,2196,0,0,0,0,0,0,0,0,0,0,14,492,169,3194,5124,0,0,0,0,240,11488,44804,87840,0,0,0,0,28,1175,7603,10248,0,0,0,0,0,0,0,0,268,12663,52407,98088,0,0,0,CV SURG,1,0,0,102,5,102,5,92,1,0,0,0,0,647,398,312,0,959,398,0,337,57,0,1,0,398,1072,78,12,0,0,0,0,422,650,1869,3440,485324,1083,104700,Yes,7,0,6,1,Basic,Basic,0,0,0,1,0,0,1198,0,11248,0,23286,0,11251,1735,9722,6943,56705,8678,24,107,302,1,33,17,21,10,13,4,23,16,2,1,0,1,141,0,0,0,0,0,0,0,0,0,0,0,0,0,0,0,0,0,0,0,1,744,696,744,720,744,720,744,744,720,744,720,744,185.1,80,144,17,Aptos/Capitola/Live Oak/Rio del Mar/Santa Cruz,Urban,No,No,No,1,56705,200 - 299,3
106240853,DOS PALOS MEMORIAL HOSPITAL,1/1/04,12/31/04,Open,1/1/46,1/1/46,Merced,06 - North San Joaquin,General Acute Care,Non-Profit Corporation (incl. Church-related),,Long-Term Care (SN/IC),NO,29,2118 MARGUERITE STREET,DOS PALOS,93620,209-392-6121,0,0,0,0,0,0,0,No,2,0,0,732,0,0,0,0,0,0,0,0,0,0,0,0,0,0,0,0,0,0,0,0,0,0,0,0,0,0,0,0,0,0,0,0,0,0,0,0,0,2,0,0,732,0,0,0,0,0,0,0,0,27,27,9006,9882,0,0,0,0,29,27,9006,10614,0,0,0,NEITHER,0,0,0,0,0,0,0,0,0,0,0,0,0,0,0,0,0,0,0,0,0,0,0,0,0,0,0,0,0,0,0,0,0,0,0,0,0,0,0,0,Yes,0,0,0,0,0,0,0,1,0,0,0,0,0,0,0,0,0,0,0,0,0,0,0,0,0,0,0,0,0,0,0,0,0,0,0,0,0,0,0,0,0,0,0,0,0,0,0,0,0,0,0,0,0,0,0,0,0,0,0,0,0,0,0,0,0,0,0,0,0,0,0,0,0,94,70,145,18,Dos Palos/Gustine/Los Banos,Rural,No,No,No,1,0,1 - 49,0
106190243,DOWNEY REGIONAL MEDICAL CENTER,1/1/04,12/31/04,Open,9/18/69,9/18/69,Los Angeles,11 - Los Angeles,General Acute Care,Non-Profit Corporation (incl. Church-related),,General Medical / Surgical,NO,199,11500 BROOKSHIRE AVENUE,DOWNEY,90241,562-904-5000,0,0,0,0,0,0,0,No,147,9647,35522,53802,20,1598,3224,2562,7,0,0,2562,8,189,660,2417,2928,10,297,882,3118,3660,0,0,0,0,0,0,0,0,0,0,7,235,19,1585,2562,0,0,0,0,199,11966,45866,72834,0,0,0,0,0,0,0,0,0,0,0,0,0,0,0,0,199,11966,45866,72834,0,0,0,CV SURG,2,0,0,70,0,70,0,115,2,0,0,0,0,680,730,279,0,959,730,74,306,348,0,2,0,730,1455,71,12,1,1,0,1027,428,0,2238,1990,239996,3855,409235,No,11,3,5,3,Basic,Basic,0,0,0,1,0,0,8385,0,14494,0,9050,0,13449,0,929,0,46307,0,22,0,0,1,356,372,234,162,99,114,199,288,206,217,70,197,2514,0,0,0,0,0,0,0,0,0,0,0,0,0,0,0,0,0,0,0,1,744,696,744,720,744,720,744,744,720,744,720,744,78.2eee,111,160,34,Downey Northeast,Urban,No,No,No,1,46307,150 - 199,0
106196168,EARL AND LORRAINE MILLER CHILDRENS HOSPITAL,1/1/04,12/31/04,Open,6/30/00,6/30/00,Los Angeles,11 - Los Angeles,General Acute Care,Non-Profit Corporation (incl. Church-related),Memorial Health Services,Pediatric,NO,281,2801 ATLANTIC AVENUE,LONG BEACH,90806,562-933-2000,0,0,0,0,0,0,0,No,24,1854,6375,4440,59,6395,17163,39894,109,6471,27542,39894,20,351,1506,4475,7320,0,0,0,0,0,0,0,0,0,0,0,0,0,0,0,69,995,5014,20007,25254,0,0,0,0,281,16066,75562,87823,0,0,0,0,0,0,0,0,0,0,0,0,0,0,0,0,281,16066,75562,87823,0,0,0,NEITHER,0,32,66,0,0,32,66,0,0,18,5,27,15,0,0,0,0,45,20,4,0,1,4,0,11,20,6077,589,158,1,1,0,4153,1866,58,12319,4758,453522,3617,209883,Yes,13,0,13,0,0,0,0,1,0,0,0,0,306,25,12337,191,7495,1318,2406,1359,707,484,23251,3377,9,900,213,1,20,48,31,13,14,61,143,39,73,23,47,35,547,0,0,0,0,0,0,0,0,0,0,0,0,0,0,0,0,0,0,1,0,0,0,0,0,0,0,0,0,0,0,0,0,78.2lll,107,160,37,Bixby Knolls/Long Beach Central,Urban,No,No,No,1,23251,200 - 299,0
106190256,EAST LOS ANGELES DOCTORS HOSPITAL,1/1/04,12/31/04,Open,8/15/49,8/15/49,Los Angeles,11 - Los Angeles,General Acute Care,Investor - Partnership,Health Plus+,General Medical / Surgical,NO,127,4060 WHITTIER BOULEVARD,LOS ANGELES,90023,323-268-5514-4126,0,0,0,0,0,0,0,No,71,2454,11896,25986,14,690,1828,2562,7,305,1100,2562,4,87,90,1460,1464,6,131,135,1158,2196,0,0,0,0,0,0,0,0,0,0,0,0,0,0,0,0,0,0,0,102,3667,17442,37332,0,0,0,0,0,0,0,0,25,11,9097,9150,0,0,0,0,127,3678,26539,46482,0,0,0,NEITHER,0,0,0,0,0,0,0,0,0,0,0,0,0,0,0,0,0,0,0,0,0,0,0,0,0,0,641,9,1,1,1,1,6,231,404,1543,837,52777,1096,56863,No,3,0,3,0,Basic,Basic,0,0,0,1,0,0,1961,37,5273,30,2355,207,1766,130,3677,1669,15032,2073,8,0,0,1,148,120,96,64,124,112,110,68,58,136,148,147,1331,0,0,0,0,0,0,0,0,0,0,0,0,0,0,0,0,0,0,1,0,744,696,744,720,744,720,744,744,720,744,720,744,78.2d,111,163,34,City Terrace East/East Los Angeles,Urban,No,No,No,1,15032,100 - 149,0
106190328,EAST VALLEY HOSPITAL MEDICAL CENTER,1/1/04,12/31/04,Open,6/12/58,6/12/58,Los Angeles,11 - Los Angeles,General Acute Care,Investor - Partnership,East Valley Glendora Hospital L.P.,General Medical / Surgical,NO,128,150 WEST ROUTE 66,GLENDORA,91740,626-852-5051,0,0,0,0,0,0,0,No,67,1804,8383,24522,30,515,1350,0,0,0,0,0,5,301,289,1830,1830,5,79,92,976,1830,0,0,0,0,0,0,0,0,0,0,0,0,0,0,0,0,0,0,0,107,2699,12539,39162,0,0,0,0,21,586,5684,7686,0,0,0,0,0,0,0,0,128,3285,18223,46848,0,0,0,NEITHER,0,0,0,0,0,0,0,0,0,0,0,0,0,0,0,0,0,0,0,0,0,0,0,0,0,0,449,6,4,1,1,0,244,205,0,1428,1051,69137,1691,99280,No,3,0,3,0,Basic,Basic,0,0,0,1,0,0,70,8,915,208,4786,843,1953,614,1110,242,8834,1915,7,4936,65,1,224,192,110,132,119,80,65,17,70,92,86,153,1340,0,0,0,0,0,0,0,0,0,0,0,0,0,0,0,0,0,0,0,1,744,696,744,720,744,720,744,744,720,744,720,744,78.2qq,112,162,26,Asuza/Charter Oak/Covina,Urban,No,No,No,1,8834,100 - 149,0
106461024,EASTERN PLUMAS HOSPITAL-LOYALTON CAMPUS,1/1/04,12/31/04,Open,12/1/03,7/23/51,Sierra,02 - Golden Empire,General Acute Care,District,Eastern Plumas Health Care,General Medical / Surgical,NO,40,700 THIRD STREET,LOYALTON,96118,530-832-6578-6578,0,0,0,0,0,0,0,No,1,0,0,366,0,0,0,0,0,0,0,0,0,0,0,0,0,0,0,0,0,0,0,0,0,0,0,0,0,0,0,0,0,0,0,0,0,0,0,0,0,1,0,0,366,0,0,0,0,0,0,0,0,39,78,8829,14274,0,0,0,0,40,78,8829,14640,0,0,0,NEITHER,0,0,0,0,0,0,0,0,0,0,0,0,0,0,0,0,0,0,0,0,0,0,0,0,0,0,0,0,0,0,0,0,0,0,0,0,0,0,0,0,Yes,0,0,0,0,0,0,0,1,0,0,0,0,0,0,0,0,0,0,0,0,0,0,0,0,0,0,0,0,0,0,0,0,0,0,0,0,0,0,0,0,0,0,0,0,0,0,0,0,0,0,0,0,0,0,0,0,0,0,0,0,0,0,0,0,0,0,0,0,0,0,0,0,0,191,56,134,4,Alleghany/Calpine/Downieville/Goodyear Bar/Sattley/Sierra City/Sierraville,Frontier,No,No,No,1,0,1 - 49,0
106320859,EASTERN PLUMAS HOSPITAL-PORTOLA CAMPUS,1/1/04,12/31/04,Open,8/16/71,8/16/71,Plumas,01 - Northern California,General Acute Care,District,,General Medical / Surgical,NO,36,500 1ST STREET,PORTOLA,96122,530-832-6578-6578,0,0,0,0,0,0,0,No,9,537,1758,3294,0,0,0,0,0,0,0,0,0,0,0,0,0,0,0,0,0,0,0,0,0,0,0,0,0,0,0,0,0,0,0,0,0,0,0,0,0,9,537,1758,3294,0,0,0,0,0,0,0,0,27,51,9152,9882,0,0,0,0,36,588,10910,13176,0,0,0,NEITHER,0,0,0,0,0,0,0,0,0,0,0,0,0,0,0,0,0,0,0,0,0,0,0,0,0,0,0,0,0,0,0,0,0,0,0,0,79,3970,55,5790,Yes,1,0,1,0,Standby,Standby,0,0,1,0,0,0,320,0,1004,0,1232,0,547,0,57,0,3160,0,2,294,0,0,0,0,0,0,0,0,0,0,0,0,0,0,0,0,0,0,0,0,0,0,0,0,0,0,0,0,0,0,0,0,0,1,0,744,696,744,720,744,720,744,744,720,744,720,744,124,56,134,4,Beckwourth/Chilcoot/Crocker Mountain/Delleker/Iron Horse/Lake Davis/Maybe/Portola/Valley View/Vinton,Frontier,No,No,No,1,3160,1 - 49,0
106010805,EDEN MEDICAL CENTER,1/1/04,12/31/04,Open,11/8/54,11/8/54,Alameda,05 - East Bay,General Acute Care,Non-Profit Corporation (incl. Church-related),SUTTER HEALTH,General Medical / Surgical,NO,214,20103 LAKE CHABOT ROAD,CASTRO VALLEY,94546,510-727-2700-2209,0,0,0,0,0,0,0,No,97,8114,26669,35502,11,757,1921,732,2,0,0,732,11,299,569,3202,4026,11,398,606,2774,4026,0,0,0,0,0,0,0,0,0,0,3,221,0,574,1098,0,0,0,0,135,9789,35140,49410,0,0,0,0,23,469,2877,8418,56,661,10135,20496,0,0,0,0,214,10919,48152,78324,0,0,0,NEITHER,0,0,0,0,0,0,0,0,0,0,0,0,0,0,0,0,0,0,0,0,0,0,0,0,0,0,949,39,6,0,0,0,0,0,949,1921,2716,335662,1839,156575,Yes,7,1,0,6,Basic,Basic,0,0,0,1,0,1,1258,0,1693,0,10212,2511,5974,2511,6741,1114,25878,6136,16,2951,810,0,0,0,0,0,0,0,0,0,0,0,0,0,0,1,0,1,0,0,0,0,0,0,0,0,0,0,0,0,25878,0,0,1,0,744,696,744,720,744,720,744,744,720,744,720,744,2f,71,143,9,Castro Valley Central and North/Oak Knoll/San Leandro Northeast/Sheffield Village/Union City East,Urban,No,No,No,0,0,200 - 299,0
106331168,EISENHOWER MEMORIAL HOSPITAL,1/1/04,12/31/04,Open,12/27/71,12/27/71,Riverside,12 - Inland Counties,General Acute Care,Non-Profit Corporation (incl. Church-related),,General Medical / Surgical,NO,253,39-000 BOB HOPE DRIVE,RANCHO MIRAGE,92270,760-340-3911,0,0,0,0,0,0,0,No,203,15778,64433,74298,14,0,0,4392,12,0,0,4392,18,231,1546,5367,6588,6,105,468,1911,2196,0,0,0,0,0,0,0,0,0,0,0,0,0,0,0,0,0,0,0,253,16114,71711,92598,0,0,0,0,0,0,0,0,0,0,0,0,0,0,0,0,253,16114,71711,92598,0,0,0,CV SURG,2,0,0,166,37,166,37,254,2,0,0,0,0,907,976,484,65,1391,1041,263,716,211,0,0,143,1345,0,0,0,0,0,0,0,0,0,0,7215,898452,3558,243459,No,14,0,14,0,Basic,Basic,0,0,0,1,0,0,707,0,10099,0,9433,252,10299,5471,10829,3198,41367,8921,31,0,857,0,0,0,0,0,0,0,0,0,0,0,0,0,0,0,0,0,0,0,0,0,0,0,0,0,0,0,0,0,0,0,0,0,1,744,696,744,720,744,720,744,744,720,744,720,744,129.1,117,170,45,Bermuda Dunes South/Indian Wells/La Quinta West/Palm Desert/Rancho Mirage Central and South,Urban,No,No,No,1,41367,200 - 299,12
106430763,EL CAMINO HOSPITAL,1/1/04,12/31/04,Open,8/18/61,8/18/61,Santa Clara,07 - Santa Clara,General Acute Care,Non-Profit Corporation (incl. Church-related),,General Medical / Surgical,NO,395,2500 GRANT ROAD,MOUNTAIN VIEW,94040,650-940-7300,0,0,0,0,0,0,0,No,210,10371,38533,79436,44,4495,10485,4392,12,328,932,4392,16,119,1377,4504,5856,12,5,25,124,4392,0,0,0,0,0,0,0,0,0,0,16,249,252,4846,5856,0,0,0,0,310,15567,59424,116036,0,0,0,0,25,746,5599,9150,60,17,17183,21960,0,0,0,0,395,16330,82206,147146,0,0,0,CV SURG,2,0,0,241,0,241,0,133,2,0,0,0,0,649,589,402,42,1051,631,123,473,33,0,1,0,631,4468,203,3,0,0,0,0,1349,3119,10146,4456,621770,1419,125598,No,10,0,10,0,Basic,Basic,0,0,0,1,0,0,794,0,7253,0,12879,1452,4907,110,10676,5476,36509,7038,24,1091,862,1,106,53,23,6,19,20,13,26,30,18,15,8,337,0,0,0,0,0,0,0,0,0,0,0,0,0,0,0,0,0,0,1,0,744,696,744,720,744,720,744,744,720,744,720,744,183a,75,146,14,Los Altos/Los Altos Hills/Palo Alto Central/Stanford,Urban,No,No,No,1,36509,300 - 499,1
106130699,EL CENTRO REGIONAL MEDICAL CENTER,1/1/04,12/31/04,Open,1/21/67,1/21/67,Imperial,14 - San Diego/Imperial,General Acute Care,City and/or County,,General Medical / Surgical,NO,165,1415 ROSS AVENUE,EL CENTRO,92243,760-339-7157,0,0,0,0,0,0,0,No,110,4284,19454,31572,19,1678,3703,4392,12,758,2158,4392,20,241,811,3605,5148,0,0,0,0,0,0,0,0,0,0,0,0,0,0,0,4,122,127,529,1464,0,0,0,0,165,7083,29449,49892,0,0,0,0,0,0,0,0,0,0,0,0,0,0,0,0,165,7083,29449,49892,0,0,0,NEITHER,0,0,0,0,0,0,0,0,0,0,0,0,0,0,0,0,0,0,0,0,0,0,0,0,0,0,1246,64,7,1,1,0,66,58,1122,2113,1189,157774,2354,165450,No,1,0,1,0,Basic,Basic,0,0,0,1,0,1,54,0,11137,23,18773,107,5835,3350,1077,568,36876,4048,20,296,581,1,163,144,231,81,160,104,32,40,62,33,45,62,1157,1,0,0,0,1,0,0,0,0,0,0,0,0,0,0,0,0,36876,0,1,744,696,744,720,744,720,744,744,720,744,720,744,48,133,173,51,El Centro/Heber/Holtville/Imperial/Seeley,Rural,No,No,No,0,0,150 - 199,0
106094002,EL DORADO COUNTY P H F,1/1/04,12/31/04,Open,1/29/88,1/29/88,El Dorado,02 - Golden Empire,Psychiatric Health Facility,City and/or County,,Psychiatric,NO,15,935-B SPRING STREET,PLACERVILLE,95667,530-621-6210,0,0,0,0,0,0,0,No,0,0,0,0,0,0,0,0,0,0,0,0,0,0,0,0,0,0,0,0,0,0,0,0,0,0,0,0,0,0,0,0,0,0,0,0,0,0,0,0,0,0,0,0,0,0,0,0,0,15,432,3227,5490,0,0,0,0,0,0,0,0,15,432,3227,5490,0,0,0,NEITHER,0,0,0,0,0,0,0,0,0,0,0,0,0,0,0,0,0,0,0,0,0,0,0,0,0,0,0,0,0,0,0,0,0,0,0,0,0,0,0,0,No,0,0,0,0,0,0,1,0,0,0,0,0,0,0,0,0,0,0,0,0,0,0,0,0,0,0,0,0,0,0,0,0,0,0,0,0,0,0,0,0,0,0,0,0,0,0,0,0,0,0,0,0,0,0,0,0,0,0,0,0,0,0,0,0,0,0,0,0,0,0,0,0,0,23.3,57,134,4,Cool/Diamond Springs/Latrobe/Pilot Hill/Placerville,Rural,No,No,No,1,0,1 - 49,0
106500867,"EMANUEL MEDICAL CENTER, INC",1/1/04,12/31/04,Open,11/5/66,11/5/66,Stanislaus,06 - North San Joaquin,General Acute Care,Non-Profit Corporation (incl. Church-related),Covenant Ministries of Benevolence,General Medical / Surgical,NO,296,825 DELBON AVENUE,TURLOCK,95380,209-668-4200-5000,0,0,0,0,0,0,0,No,108,7506,30622,38244,25,2855,4350,0,0,0,0,0,12,484,0,2780,4392,0,0,0,0,0,0,0,0,0,0,0,0,0,0,0,6,488,0,1401,2196,0,0,0,0,151,11333,39153,54945,0,0,0,0,0,0,0,0,145,0,0,53070,0,0,0,0,296,11333,39153,108015,0,0,0,NEITHER,0,0,0,0,0,0,0,0,0,0,0,0,0,0,0,0,0,0,0,0,0,0,0,0,0,0,2390,61,2,1,0,1,1847,541,2,5274,4268,280602,5772,285246,No,6,0,6,0,Basic,Basic,0,0,0,1,0,0,4850,13,4656,11,26227,523,9725,1431,4789,3636,50247,5614,24,21152,286,1,0,0,0,0,0,0,0,0,0,0,0,5,5,0,0,0,0,0,0,0,0,0,0,0,0,0,0,0,0,0,0,1,0,744,696,744,720,744,720,744,744,720,744,720,744,212.1,79,145,19,Denair/Turlock,Urban,No,No,No,1,50247,200 - 299,0
106190280,ENCINO-TARZANA REGIONAL MED CTR-ENCINO,1/1/04,12/31/04,Open,11/8/54,11/8/54,Los Angeles,11 - Los Angeles,General Acute Care,Investor - Corporation,Tenet Health Corporation,General Medical / Surgical,NO,151,16237 VENTURA BOULEVARD,ENCINO,91436,818-995-5000,0,0,0,0,0,0,0,No,69,3082,16680,25254,0,0,0,0,0,0,0,0,5,92,0,828,1830,10,65,0,617,3660,0,0,0,0,0,0,0,0,0,0,0,0,0,0,0,25,448,5296,9150,109,3687,23421,39894,0,0,0,0,14,236,2337,5124,28,14,3478,10248,0,0,0,0,151,3937,29236,55266,0,0,0,NEITHER,0,0,0,0,0,0,0,0,0,0,0,0,0,0,0,0,0,0,0,0,0,0,0,0,0,0,0,0,0,0,0,0,0,0,0,0,882,115910,2157,309964,Yes,7,0,7,0,Basic,Basic,0,0,0,1,0,0,1509,0,3801,0,3317,51,1408,132,1079,331,11114,514,8,0,0,1,164,142,202,80,80,152,134,102,152,140,92,189,1629,0,0,0,0,0,0,0,0,0,0,0,0,0,0,0,0,0,0,0,1,744,696,744,720,744,720,744,744,720,744,720,744,78.2yy,94,156,28,Encino/Tarzana/Warner Center/Woodland Hills,Urban,No,No,No,1,11114,150 - 199,0
106190517,ENCINO-TARZANA REGIONAL MED CTR-TARZANA,1/1/04,12/31/04,Open,10/2/73,10/2/73,Los Angeles,11 - Los Angeles,General Acute Care,Investor - Corporation,Tenet Health Corporation,General Medical / Surgical,NO,236,18321 CLARK STREET,TARZANA,91356,818-881-0800,0,0,0,0,0,0,0,No,141,4480,23462,51606,29,3586,10604,6588,18,1201,3369,6588,17,71,0,422,6222,10,18,0,41,3660,0,0,0,0,0,0,0,0,0,0,21,394,0,5714,7686,0,0,0,0,236,9750,43612,86376,0,0,0,0,0,0,0,0,0,0,0,0,0,0,0,0,236,9750,43612,86376,0,0,0,CV SURG,2,0,0,137,6,137,6,143,2,0,0,0,0,827,1182,382,0,1209,1182,99,381,314,0,15,51,1158,3226,122,35,0,0,0,0,983,2243,8064,2857,376967,4239,309964,Yes,9,0,9,0,Basic,Basic,0,0,0,1,0,0,4803,84,12881,209,4981,791,3069,2293,2411,1751,28145,5128,15,0,0,1,276,369,209,152,145,187,202,200,247,199,168,244,2598,0,0,0,0,0,0,0,0,0,0,0,0,0,0,0,0,0,0,1,0,744,696,744,720,744,720,744,744,720,744,720,744,78.2yy,94,156,27,Encino/Tarzana/Warner Center/Woodland Hills,Urban,No,No,No,1,28145,200 - 299,298
106040828,ENLOE MEDICAL CENTER - COHASSET CAMPUS,1/1/04,12/31/04,Open,6/19/64,6/19/64,Butte,01 - Northern California,General Acute Care,Non-Profit Corporation (incl. Church-related),Enloe Medical Center,Psychiatric,NO,123,560 COHASSET ROAD,CHICO,95926,530-332-7300-7400,0,0,0,0,0,0,0,No,71,0,0,25986,0,0,0,0,0,0,0,0,9,0,0,0,3294,0,0,0,0,0,0,0,0,0,0,0,0,0,0,0,0,0,0,0,0,0,0,0,0,80,0,0,29280,0,0,0,0,21,646,4056,7686,22,0,0,8052,0,0,0,0,123,646,4056,45018,0,0,0,NEITHER,0,0,0,0,0,0,0,0,0,0,0,0,0,0,0,0,0,0,0,0,0,0,0,0,0,0,0,0,0,0,0,0,0,0,0,0,0,0,0,0,No,0,0,0,0,0,0,0,1,0,0,0,0,0,0,0,0,0,0,0,0,0,0,0,0,0,0,0,0,0,0,0,0,0,0,0,0,0,0,0,0,0,0,0,0,0,0,0,0,0,0,0,0,0,0,0,0,0,0,0,0,0,0,0,0,0,0,0,0,0,0,0,0,0,7.1,56,137,2,Chapmantown/Chico,Urban,No,No,No,1,0,100 - 149,0
106040962,ENLOE MEDICAL CENTER- ESPLANADE CAMPUS,1/1/04,12/31/04,Open,3/29/46,3/29/46,Butte,01 - Northern California,General Acute Care,Non-Profit Corporation (incl. Church-related),Enloe Medical Center,General Medical / Surgical,NO,208,1531 ESPLANADE,CHICO,95926,530-332-7300-7400,0,0,0,0,0,0,0,No,142,10041,45489,51972,18,1733,3048,4026,11,943,2303,4026,18,134,1241,4284,6588,15,103,601,2183,5490,0,0,0,0,0,0,0,0,0,0,4,54,66,372,1464,0,0,0,0,208,13008,57679,76128,0,0,0,0,0,0,0,0,0,0,0,0,0,0,0,0,208,13008,57679,76128,0,0,0,CV SURG,2,0,0,183,109,183,109,238,2,0,0,0,0,689,546,671,18,1360,564,174,354,36,0,0,0,564,1529,40,4,0,0,0,0,0,1529,2897,3980,615336,5512,398354,Yes,13,4,9,0,Basic,Basic,0,0,0,1,0,1,55,0,976,0,10644,0,7475,540,11917,6504,31067,7044,24,0,1093,0,0,0,0,0,0,0,0,0,0,0,0,0,0,1,0,1,0,0,0,0,0,0,0,0,0,0,0,0,31067,0,0,1,0,744,696,744,720,744,720,744,744,720,744,720,744,7.1,56,137,2,Chapmantown/Chico,Urban,No,No,No,0,0,200 - 299,0
106044011,ENLOE REHABILITATION CENTER,1/1/04,12/31/04,Open,5/14/91,5/14/91,Butte,01 - Northern California,General Acute Care,Non-Profit Corporation (incl. Church-related),Enloe Medical Center,Physical Rehabilitation,NO,60,340 WEST EAST AVENUE,CHICO,95926,530-332-4300-7400,0,0,0,0,0,0,0,No,0,0,0,0,0,0,0,0,0,0,0,0,0,0,0,0,0,0,0,0,0,0,0,0,0,0,0,0,0,0,0,0,0,0,0,0,0,60,423,6667,21960,60,423,6667,21960,0,0,0,0,0,0,0,0,0,0,0,0,0,0,0,0,60,423,6667,21960,0,0,0,NEITHER,0,0,0,0,0,0,0,0,0,0,0,0,0,0,0,0,0,0,0,0,0,0,0,0,0,0,0,0,0,0,0,0,0,0,0,0,0,0,0,0,No,0,0,0,0,0,0,0,1,0,0,0,0,0,0,0,0,0,0,0,0,0,0,0,0,0,0,0,0,0,0,0,0,0,0,0,0,0,0,0,0,0,0,0,0,0,0,0,0,0,0,0,0,0,0,0,0,0,0,0,0,0,0,0,0,0,0,0,0,0,0,0,0,0,7.1,56,137,2,Chapmantown/Chico,Urban,No,No,No,1,0,50 - 99,0
106474007,FAIRCHILD MEDICAL CENTER,1/1/04,12/31/04,Open,7/11/97,7/11/97,Siskiyou,01 - Northern California,General Acute Care,Non-Profit Corporation (incl. Church-related),"Siskiyou Hospital, Inc.",General Medical / Surgical,NO,28,444 BRUCE STREET,YREKA,96097,530-842-4121,0,0,0,0,0,0,0,No,24,1492,3964,8784,0,230,490,0,0,0,0,0,4,124,0,449,1464,0,0,0,0,0,0,0,0,0,0,0,0,0,0,0,0,0,0,0,0,0,0,0,0,28,1846,4903,10944,0,0,0,0,0,0,0,0,0,0,0,0,0,0,0,0,28,1846,4903,10944,0,0,0,NEITHER,0,0,0,0,0,0,0,0,0,0,0,0,0,0,0,0,0,0,0,0,0,0,0,0,0,0,216,9,0,1,0,1,151,65,0,413,667,89456,994,73738,No,4,0,4,0,Basic,Basic,0,0,0,1,0,1,1861,0,6499,0,4004,0,494,0,36,0,12894,0,5,8360,135,0,0,0,0,0,0,0,0,0,0,0,0,0,0,1,0,0,1,0,0,0,0,0,0,0,0,0,0,0,0,12894,0,0,0,744,696,744,720,744,720,744,744,720,744,720,744,195,55,137,2,Gazelle/Grenada/Hilt/Hornbrook/Yreka,Rural,No,No,No,0,0,1 - 49,0
106370705,FALLBROOK HOSPITAL DISTRICT,1/1/04,12/31/04,Open,12/19/60,12/19/60,San Diego,14 - San Diego/Imperial,General Acute Care,Investor - Corporation,Community Health Systems,General Medical / Surgical,NO,140,624 EAST ELDER STREET,FALLBROOK,92028,760-728-1191,1,1,1,0,0,0,0,No,35,1794,6447,12810,4,557,1162,0,0,18,33,0,4,85,0,363,1464,4,0,0,0,1464,0,0,0,0,0,0,0,0,0,0,0,0,0,0,0,0,0,0,0,47,2454,8005,17202,0,0,0,0,0,0,0,0,93,0,0,34038,0,0,0,0,140,2454,8005,51240,0,0,0,NEITHER,0,0,0,0,0,0,0,0,0,0,0,0,0,0,0,0,0,0,0,0,0,0,0,0,0,0,530,19,3,0,0,0,0,147,383,906,785,86350,1171,73637,No,2,0,2,0,Basic,Basic,0,0,0,1,0,0,390,0,5877,78,2129,1115,1694,231,0,0,10090,1424,7,449,295,1,9,5,0,1,2,0,0,2,1,2,1,0,23,0,0,0,0,0,0,0,0,0,0,0,0,0,0,0,0,0,0,0,1,744,696,744,720,744,720,744,744,720,744,720,744,160,119,169,49,Bonsall/Camp Pendleton/Fallbrook/Live Oak Park/Rainbow/San Luis Rey Heights/Winterwarm,Rural,No,No,No,1,10090,100 - 149,0
106040875,FEATHER RIVER HOSPITAL,1/1/04,12/31/04,Open,3/5/51,3/5/51,Butte,01 - Northern California,General Acute Care,Non-Profit Corporation (incl. Church-related),Adventist Health,General Medical / Surgical,NO,122,5974 PENTZ ROAD,PARADISE,95969,530-877-9361,1,1,1,0,0,0,0,No,74,3181,14349,27084,15,913,2160,0,0,0,0,0,12,245,472,2747,4392,0,0,0,0,0,0,0,0,0,0,0,0,0,0,0,0,0,0,0,0,0,0,0,0,101,4339,19256,36966,0,0,0,0,0,0,0,0,21,296,3847,7686,0,0,0,0,122,4635,23103,44652,0,0,0,CATH LAB,0,0,0,0,0,0,0,0,1,0,0,0,0,229,26,156,10,385,36,36,0,0,0,0,0,36,664,25,1,1,0,1,496,167,1,1399,1351,175421,1865,132520,Yes,4,0,4,0,Basic,Basic,0,0,0,1,0,0,887,0,7557,11,2802,94,3503,970,2419,1683,17168,2758,7,0,741,0,0,0,0,0,0,0,0,0,0,0,0,0,0,0,0,0,0,0,0,0,0,0,0,0,0,0,0,0,0,0,0,0,1,744,696,744,720,744,720,744,744,720,744,720,744,8,56,137,2,Magalia/Paradise/Stirling City,Rural,No,No,No,1,17168,100 - 149,0
106190298,FOOTHILL PRESBYTERIAN HOSPITAL-JOHNSTON MEMORIAL,1/1/04,12/31/04,Open,3/26/73,3/26/73,Los Angeles,11 - Los Angeles,General Acute Care,Non-Profit Corporation (incl. Church-related),Citrus Valley Health Partners,General Medical / Surgical,NO,106,250 SOUTH GRAND AVENUE,GLENDORA,91741,626-963-8411,0,0,0,0,0,0,0,No,69,3788,13398,25254,13,827,2080,2196,6,208,484,2196,9,491,580,2859,3294,9,453,536,2639,3294,0,0,0,0,0,0,0,0,0,0,0,0,0,0,0,0,0,0,0,106,5767,21460,38796,0,0,0,0,0,0,0,0,0,0,0,0,0,0,0,0,106,5767,21460,38796,0,0,0,NEITHER,0,0,0,0,0,0,0,0,0,0,0,0,0,0,0,0,0,0,0,0,0,0,0,0,0,0,778,20,3,1,0,1,483,295,0,1700,1604,133130,2222,118237,Yes,5,0,5,0,Basic,Basic,0,0,0,1,0,0,2176,4,6028,32,6969,210,7494,3184,89,47,22756,3477,11,536,291,1,327,306,199,144,198,169,233,270,250,242,205,280,2823,0,0,0,0,0,0,0,0,0,0,0,0,0,0,0,0,0,0,0,1,744,696,744,720,744,720,744,744,720,744,720,744,78.2qq,112,162,26,Asuza/Charter Oak/Covina,Urban,No,No,No,1,22756,100 - 149,0
106301175,FOUNTAIN VALLEY RGNL HOSP AND MED CTR - EUCLID,1/1/04,12/31/04,Open,11/1/71,11/1/71,Orange,13 - Orange,General Acute Care,Investor - Corporation,Tenet Healthcare Corporation,General Medical / Surgical,NO,322,17100 EUCLID STREET,FOUNTAIN VALLEY,92708,714-966-7200-8011,0,0,0,0,0,0,0,No,233,11616,57389,85278,18,3764,10237,4544,12,1442,5095,4544,36,520,1429,10305,13176,0,0,0,0,0,0,0,0,0,0,0,0,0,0,0,23,383,37,6692,8418,0,0,0,0,322,17725,89718,118004,0,0,0,0,0,0,0,0,0,0,0,0,0,0,0,0,322,17725,89718,118004,0,0,0,CV SURG,3,0,0,179,0,179,0,132,3,0,0,0,0,1150,540,522,260,1672,800,82,562,99,1,2,54,800,3658,242,37,0,0,0,0,1051,2607,7894,4529,624287,7695,589380,Yes,13,4,9,0,Basic,Basic,0,0,0,1,0,0,3287,17,8861,105,4161,295,4917,1165,11961,6316,33187,7898,20,7832,468,1,87,147,92,12,4,1,0,2,3,1,0,0,349,0,0,0,0,0,0,0,0,0,0,0,0,0,0,0,0,0,0,0,1,744,696,744,720,744,720,744,744,720,744,720,744,116j,121,168,46,Fountain Valley/Huntington Beach Central,Urban,No,No,No,1,33187,300 - 499,0
106230949,FRANK R HOWARD MEMORIAL HOSPITAL,1/1/04,12/31/04,Open,1/1/47,1/1/47,Mendocino,01 - Northern California,General Acute Care,Non-Profit Corporation (incl. Church-related),,General Medical / Surgical,NO,38,1 MADRONE STREET,WILLITS,95490,707-459-6801-3002,0,0,0,0,0,0,0,No,34,976,3514,12444,0,0,0,0,0,0,0,0,4,65,44,192,1464,0,0,0,0,0,0,0,0,0,0,0,0,0,0,0,0,0,0,0,0,0,0,0,0,38,1041,3706,13908,0,0,0,0,0,0,0,0,0,0,0,0,0,0,0,0,38,1041,3706,13908,0,0,0,NEITHER,0,0,0,0,0,0,0,0,0,0,0,0,0,0,0,0,0,0,0,0,0,0,0,0,0,0,10,1,0,0,0,0,0,0,10,0,484,51150,646,42575,Yes,2,0,2,0,Standby,Standby,0,0,1,0,0,0,3930,0,0,0,4610,0,0,0,1118,577,9658,577,5,0,147,0,0,0,0,0,0,0,0,0,0,0,0,0,0,0,0,0,0,0,0,0,0,0,0,0,0,0,0,0,0,0,0,0,1,744,696,744,720,744,720,744,744,720,744,720,744,91,54,135,1,Brooktrails/Pine Mountain/Willits,Rural,No,No,No,1,9658,1 - 49,0
106014034,FREMONT HOSPITAL,1/1/04,12/31/04,Open,2/16/90,2/16/90,Alameda,05 - East Bay,Acute Psychiatric,Investor - Corporation,Ardent Health Services LLC,Psychiatric,NO,78,39001 SUNDALE DRIVE,FREMONT,94538,510-796-1100,0,0,0,0,0,0,0,Yes,0,0,0,0,0,0,0,0,0,0,0,0,0,0,0,0,0,0,0,0,0,0,0,0,0,0,0,0,0,0,0,0,0,0,0,0,0,0,0,0,0,0,0,0,0,0,0,0,0,78,3498,24302,28548,0,0,0,0,0,0,0,0,78,3498,24302,28548,16,84,0,NEITHER,0,0,0,0,0,0,0,0,0,0,0,0,0,0,0,0,0,0,0,0,0,0,0,0,0,0,0,0,0,0,0,0,0,0,0,0,0,0,0,0,No,0,0,0,0,0,0,1,0,0,0,0,0,0,0,0,0,0,0,0,0,0,0,0,0,0,0,0,0,0,0,0,0,0,0,0,0,0,0,0,0,0,0,0,0,0,0,0,0,0,0,0,0,0,0,0,0,0,0,0,0,0,0,0,0,0,0,0,0,0,0,0,0,0,2j,73,143,13,Centerville/Fremont West/Irvington/Newark East Central,Urban,No,No,No,1,0,50 - 99,0
106510882,FREMONT MEDICAL CENTER,1/1/04,12/31/04,Open,11/1/03,7/22/59,Sutter,02 - Golden Empire,General Acute Care,Non-Profit Corporation (incl. Church-related),The Fremont Rideout Health Group,General Medical / Surgical,NO,132,970 PLUMAS STREET,YUBA CITY,95991,530-751-4010,0,0,0,0,0,0,0,No,90,3145,14337,32940,16,2110,4652,5124,14,812,1749,5124,8,193,215,1486,2928,0,0,0,0,0,0,0,0,0,0,0,0,0,0,0,4,109,70,442,1464,0,0,0,0,132,6369,22666,48312,0,0,0,0,0,0,0,0,0,0,0,0,0,0,0,0,132,6369,22666,48312,0,0,0,NEITHER,0,0,0,0,0,0,0,0,0,0,0,0,0,0,0,0,0,0,0,0,0,0,0,0,0,0,2104,189,15,0,0,0,0,634,1470,3932,1501,160751,1638,119444,No,5,0,5,0,0,0,0,1,0,0,0,0,0,0,0,0,0,0,0,0,0,0,0,0,0,0,0,0,0,0,0,0,0,0,0,0,0,0,0,0,0,0,0,0,0,0,0,0,0,0,0,0,0,0,0,0,0,0,0,0,1,0,0,0,0,0,0,0,0,0,0,0,0,216,55,137,2,Meridian/Robbins/Yuba City,Rural,No,No,No,1,0,100 - 149,0
106400480,FRENCH HOSPITAL MEDICAL CENTER,1/1/04,12/31/04,Open,9/26/72,9/26/72,San Luis Obispo,08 - Mid-Coast,General Acute Care,Non-Profit Corporation (incl. Church-related),Catholic Healthcare West,General Medical / Surgical,NO,112,1911 JOHNSON AVENUE,SAN LUIS OBISPO,93401,805-542-6300,0,0,0,0,0,0,0,No,75,2598,9642,41100,8,799,1799,3288,6,0,0,3288,8,141,223,1437,4384,0,0,0,0,0,0,0,0,0,0,0,0,0,0,0,0,0,0,0,0,0,0,0,0,97,3538,12878,53156,0,0,0,0,15,0,0,8220,0,0,0,0,0,0,0,0,112,3538,12878,61376,0,0,0,CV SURG,7,0,0,80,0,80,0,65,1,0,0,0,0,217,167,129,99,346,266,51,152,12,0,144,92,451,771,14,0,1,0,1,599,172,0,1521,1156,168180,2962,253920,,7,0,7,0,Basic,Basic,0,0,0,1,0,0,1938,5,6045,38,1898,43,1971,283,2454,1317,14306,1686,9,91,36,0,0,0,0,0,0,0,0,0,0,0,0,0,0,0,0,0,0,0,0,0,0,0,0,0,0,0,0,0,0,0,0,0,1,744,696,744,720,744,720,744,744,720,744,720,744,172,86,148,23,San Luis Obispo,Rural,No,No,No,1,14306,100 - 149,0
106104089,FRESNO COUNTY PSYCHIATRIC HEALTH FACILITY,1/1/04,12/31/04,Open,10/7/96,10/7/96,Fresno,09 - Central,Psychiatric Health Facility,City and/or County,,Psychiatric,NO,16,4411 E. KINGS CANYON ROAD,FRESNO,93702,559-453-4260,0,0,0,0,0,0,0,No,0,0,0,0,0,0,0,0,0,0,0,0,0,0,0,0,0,0,0,0,0,0,0,0,0,0,0,0,0,0,0,0,0,0,0,0,0,0,0,0,0,0,0,0,0,0,0,0,0,16,532,5642,5856,0,0,0,0,0,0,0,0,16,532,5642,5856,0,0,0,NEITHER,0,0,0,0,0,0,0,0,0,0,0,0,0,0,0,0,0,0,0,0,0,0,0,0,0,0,0,0,0,0,0,0,0,0,0,0,0,0,0,0,Yes,0,0,0,0,0,0,1,0,0,0,0,0,0,0,0,0,0,0,0,0,0,0,0,0,0,0,0,0,0,0,0,0,0,0,0,0,0,0,0,0,0,0,0,0,0,0,0,0,0,0,0,0,0,0,0,0,0,0,0,0,0,0,0,0,0,0,0,0,0,0,0,0,0,35d,84,149,20,Fresno East Central,Urban,No,No,No,1,0,1 - 49,0
106105029,FRESNO HEART HOSPITAL,1/1/04,12/31/04,Open,10/9/03,,Fresno,09 - Central,General Acute Care,Investor - Limited Liability Company,,General Medical / Surgical,NO,60,15 E. Audubon Drive,FRESNO,93720,559-433-8000,0,0,0,0,0,0,0,No,48,2261,4840,17568,0,0,0,0,0,0,0,0,0,0,0,0,0,12,85,554,1184,4392,0,0,0,0,0,0,0,0,0,0,0,0,0,0,0,0,0,0,0,60,2346,6024,21960,0,0,0,0,0,0,0,0,0,0,0,0,0,0,0,0,60,2346,6024,21960,0,0,0,CV SURG,3,0,0,32,261,32,261,241,3,0,0,0,0,502,982,1301,99,1803,1081,279,678,39,0,0,84,1081,0,0,0,0,0,0,0,0,0,0,597,123612,29,2356,No,3,0,3,0,0,0,0,1,0,0,0,0,0,0,0,0,0,0,0,0,0,0,0,0,0,0,0,0,0,0,0,0,0,0,0,0,0,0,0,0,0,0,0,0,0,0,0,0,0,0,0,0,0,0,0,0,0,0,0,0,0,0,0,0,0,0,0,0,0,0,0,0,0,35a,82,147,19,Fresno Northwest,Urban,No,No,No,1,0,50 - 99,1
106104047,FRESNO SURGERY CENTER,1/1/04,12/31/04,Open,2/23/93,2/23/93,Fresno,09 - Central,General Acute Care,Investor - Partnership,"FSC Health, Inc.",General Medical / Surgical,NO,20,6125 NORTH FRESNO STREET,FRESNO,93710,559-431-8000,0,0,0,0,0,0,0,No,20,1764,3701,7320,0,0,0,0,0,0,0,0,0,0,0,0,0,0,0,0,0,0,0,0,0,0,0,0,0,0,0,0,0,0,0,0,0,0,0,0,0,20,1764,3701,7320,0,0,0,0,0,0,0,0,0,0,0,0,0,0,0,0,20,1764,3701,7320,0,0,0,NEITHER,0,0,0,0,0,0,0,0,0,0,0,0,0,0,0,0,0,0,0,0,0,0,0,0,0,0,0,0,0,0,0,0,0,0,0,0,1764,244641,3714,187642,No,6,0,6,0,0,0,0,1,0,0,0,0,0,0,0,0,0,0,0,0,0,0,0,0,0,0,0,0,0,0,0,0,0,0,0,0,0,0,0,0,0,0,0,0,0,0,0,0,0,0,0,0,0,0,0,0,0,0,0,0,0,0,0,0,0,0,0,0,0,0,0,0,0,35f,82,147,19,Fresno North Central,Urban,No,No,No,1,0,1 - 49,0
106301283,GARDEN GROVE HOSPITAL AND MEDICAL CENTER,1/1/04,12/31/04,Open,1/7/58,1/7/58,Orange,13 - Orange,General Acute Care,Investor - Corporation,Tenet Healthcare Corp.,General Medical / Surgical,NO,167,12601 GARDEN GROVE BLVD.,GARDEN GROVE,92643-1959,714-537-5160,0,0,0,0,0,0,0,No,96,3815,14785,35136,35,3148,6368,0,0,0,0,0,12,274,0,3680,4392,0,0,0,0,0,0,0,0,0,0,0,0,0,0,0,12,248,0,1825,4392,0,0,0,0,155,7485,26658,56730,0,0,0,0,0,0,0,0,12,4,213,4392,0,0,0,0,167,7489,26871,61122,0,0,0,NEITHER,0,0,0,0,0,0,0,0,0,0,0,0,0,0,0,0,0,0,0,0,0,0,0,0,0,0,3078,118,1,1,1,0,2189,889,0,5271,2468,190405,2715,205195,Yes,6,0,6,0,Basic,Basic,0,0,0,1,0,0,4136,4,9722,49,3817,202,3057,630,3755,1641,24487,2526,12,0,23,1,26,26,5,1,153,41,26,17,14,3,18,7,337,0,0,0,0,0,0,0,0,0,0,0,0,0,0,0,0,0,0,0,1,744,696,744,720,744,720,744,744,720,744,720,744,116r,122,167,47,Garden Grove North/Stanton,Urban,No,No,No,1,24487,150 - 199,0
106190315,GARFIELD MEDICAL CENTER,1/1/04,12/31/04,Open,1/1/46,1/1/46,Los Angeles,11 - Los Angeles,General Acute Care,Investor - Partnership,AHMC,General Medical / Surgical,NO,210,525 NORTH GARFIELD AVENUE,MONTEREY PARK,91754,626-307-2108,0,0,0,0,0,0,0,No,106,6362,33938,38796,34,4218,11255,0,0,0,0,0,14,203,580,3754,5124,8,229,840,3552,2928,0,0,0,0,0,0,0,0,0,0,20,387,168,5417,7320,28,467,8234,10248,210,11866,66150,76860,0,0,0,0,0,0,0,0,0,0,0,0,0,0,0,0,210,11866,66150,76860,0,0,0,CV SURG,0,0,0,134,11,134,11,115,2,0,0,0,0,352,91,515,153,867,244,81,217,26,0,0,0,325,3890,257,49,0,0,0,0,1450,2440,7537,3380,282632,7815,424743,No,6,0,6,0,Basic,Basic,0,0,0,1,0,0,5115,25,9502,233,3212,1892,2796,2300,2057,972,22682,5422,21,0,392,1,362,539,209,112,133,216,389,0,278,237,318,275,3068,0,0,0,0,0,0,0,0,0,0,0,0,0,0,0,0,0,0,1,0,744,696,744,720,744,720,744,744,720,744,720,744,78.2qqq,102,157,29,Rosemead/San Gabriel South/South El Monte West/Temple City West,Urban,No,No,No,1,22682,200 - 299,1
106190317,GATEWAYS HOSPITAL AND MENTAL HEALTH CENTER,1/1/04,12/31/04,Open,7/2/74,7/2/74,Los Angeles,11 - Los Angeles,Acute Psychiatric,Non-Profit Corporation (incl. Church-related),,Psychiatric,NO,55,1891 EFFIE STREET,LOS ANGELES,90026,323-644-2000,0,0,0,0,0,0,0,Yes,0,0,0,0,0,0,0,0,0,0,0,0,0,0,0,0,0,0,0,0,0,0,0,0,0,0,0,0,0,0,0,0,0,0,0,0,0,0,0,0,0,0,0,0,0,0,0,0,0,55,674,11415,20130,0,0,0,0,0,0,0,0,55,674,11415,20130,0,0,0,NEITHER,0,0,0,0,0,0,0,0,0,0,0,0,0,0,0,0,0,0,0,0,0,0,0,0,0,0,0,0,0,0,0,0,0,0,0,0,0,0,0,0,Yes,0,0,0,0,0,0,1,0,0,0,0,0,0,0,0,0,0,0,0,0,0,0,0,0,0,0,0,0,0,0,0,0,0,0,0,0,0,0,0,0,0,0,0,0,0,0,0,0,0,0,0,0,0,0,0,0,0,0,0,0,0,0,0,0,0,0,0,0,0,0,0,0,0,78.2a,98,155,31,Echo Park/Hollywood North Central/Silverlake South,Urban,No,No,No,1,0,50 - 99,0
106120981,"GENERAL HOSPITAL, THE",1/1/04,12/31/04,Open,7/1/53,7/1/53,Humboldt,01 - Northern California,General Acute Care,Non-Profit Corporation (incl. Church-related),St Joseph Health System,General Medical / Surgical,NO,74,2200 HARRISON AVENUE,EUREKA,95501,707-445-5111,0,0,0,0,0,0,0,No,40,0,0,14640,8,0,0,0,0,0,0,0,8,0,0,0,2928,0,0,0,0,0,0,0,0,0,0,0,0,0,0,0,3,0,0,0,1098,15,240,3386,5490,74,240,3386,27084,0,0,0,0,0,0,0,0,0,0,0,0,0,0,0,0,74,240,3386,27084,0,0,0,NEITHER,0,0,0,0,0,0,0,0,0,0,0,0,0,0,0,0,0,0,0,0,0,0,0,0,0,0,0,0,0,0,0,0,0,0,0,0,0,0,5822,243062,Yes,6,6,0,0,0,0,0,1,0,0,0,0,1417,0,7069,0,4920,0,23,0,0,0,13429,0,8,0,205,0,0,0,0,0,0,0,0,0,0,0,0,0,0,0,0,0,0,0,0,0,0,0,0,0,0,0,0,0,0,0,0,0,0,0,0,0,0,0,0,0,0,0,0,0,0,39,54,135,1,Arcata/Eureka,Rural,No,No,No,1,13429,50 - 99,0
106270777,GEORGE L MEE MEMORIAL HOSPITAL,1/1/04,12/31/04,Open,9/12/62,9/12/62,Monterey,08 - Mid-Coast,General Acute Care,Non-Profit Corporation (incl. Church-related),,General Medical / Surgical,NO,68,300 CANAL STREET,KING CITY,93930,831-385-6000-7206,0,0,0,0,0,0,0,No,37,1083,2932,13542,8,565,1405,0,0,0,0,0,4,69,124,433,1464,0,0,0,0,0,0,0,0,0,0,0,0,0,0,0,0,0,0,0,0,0,0,0,0,49,1717,4770,17934,0,0,0,0,0,0,0,0,16,21,5025,5856,3,0,0,1098,68,1738,9795,24888,0,0,0,NEITHER,0,0,0,0,0,0,0,0,0,0,0,0,0,0,0,0,0,0,0,0,0,0,0,0,0,0,592,18,2,0,0,0,0,177,415,1284,362,42379,729,49362,Yes,5,1,3,1,Basic,Basic,0,0,0,1,0,0,1405,2,3675,50,2744,452,307,160,0,0,8131,664,6,0,107,0,0,0,0,0,0,0,0,0,0,0,0,0,0,0,0,0,0,0,0,0,0,0,0,0,0,0,0,0,0,0,0,0,1,744,696,744,720,744,720,744,744,720,744,720,744,105,81,145,17,King City/San Lucas,Rural,No,No,No,1,8131,50 - 99,0
106190323,GLENDALE ADVENTIST MEDICAL CENTER - WILSON TERRACE,1/1/04,12/31/04,Open,1/1/46,1/1/46,Los Angeles,11 - Los Angeles,General Acute Care,Non-Profit Corporation (incl. Church-related),Adventist Health,General Medical / Surgical,NO,448,1509 EAST WILSON TERRACE,GLENDALE,91206,818-409-8000,0,0,0,0,0,0,0,No,256,10576,53011,93696,30,2325,6535,0,0,0,0,0,10,191,795,3104,3660,10,350,698,3109,3660,0,0,0,0,0,0,0,0,0,0,14,176,5,3572,5124,28,557,6381,10248,348,14175,75712,127368,0,0,0,0,60,1529,20427,21960,40,718,11150,14640,0,0,0,0,448,16422,107289,163968,0,0,0,CV SURG,3,0,0,121,39,121,39,160,3,0,0,0,0,656,756,988,0,1644,756,0,696,60,0,20,240,1016,2301,138,21,1,0,1,1638,663,0,4497,2936,418980,4269,330660,No,10,0,10,0,Basic,Basic,0,0,0,1,0,0,950,1,10333,22,3956,108,5033,1613,11067,7213,31339,8957,27,0,153,1,520,370,343,261,188,217,228,222,294,294,198,244,3379,0,0,0,0,0,0,0,0,0,0,0,0,0,0,0,0,0,0,0,1,744,696,744,720,744,720,744,744,720,744,720,744,78.2ee,96,154,29,Atwater Village/Glendale Central/Glendale Southwest/Griffith Park,Urban,No,No,No,1,31339,300 - 499,0
106190522,GLENDALE MEMORIAL HOSPITAL AND HEALTH CENTER,1/1/04,12/31/04,Open,1/1/46,1/1/46,Los Angeles,11 - Los Angeles,General Acute Care,Non-Profit Corporation (incl. Church-related),Catholic Healthcare West,General Medical / Surgical,NO,334,1420 SOUTH CENTRAL AVENUE,GLENDALE,91204,818-409-7771,0,0,0,0,0,0,0,No,180,9483,38980,65880,24,2278,5236,0,0,0,0,0,12,430,0,3232,4392,12,430,0,3232,4392,0,0,0,0,0,0,0,0,0,0,13,324,0,4163,4758,14,248,3283,5124,255,13193,58126,93330,0,0,0,0,49,887,8746,17934,30,750,5462,10980,0,0,0,0,334,14830,72334,122244,0,0,0,CV SURG,2,0,0,153,10,153,10,144,4,0,0,0,0,1262,610,622,301,1884,911,172,772,121,0,0,211,1308,2040,135,24,0,0,0,0,551,1489,3401,2632,351815,3982,240616,No,10,0,10,0,Basic,Basic,0,0,0,1,0,0,2828,0,5693,0,11022,27,7024,4610,6380,2350,32947,6987,15,2828,444,1,389,399,362,333,313,567,512,459,429,360,303,271,4697,0,0,0,0,0,0,0,0,0,0,0,0,0,0,0,0,0,0,0,1,744,696,744,720,744,720,744,744,720,744,720,744,78.2ee,96,154,29,Atwater Village/Glendale Central/Glendale Southwest/Griffith Park,Urban,No,No,No,1,32947,300 - 499,32
106110889,GLENN MEDICAL CENTER,1/1/04,12/31/04,Open,7/1/53,7/1/53,Glenn,01 - Northern California,General Acute Care,Non-Profit Corporation (incl. Church-related),Enloe Medical Center,General Medical / Surgical,NO,49,1133 WEST SYCAMORE STREET,WILLOWS,95988,530-934-1800-1881,0,0,0,0,0,0,0,No,49,176,405,17934,0,0,0,0,0,0,0,0,0,0,0,0,0,0,0,0,0,0,0,0,0,0,0,0,0,0,0,0,0,0,0,0,0,0,0,0,0,49,176,405,17934,0,0,0,0,0,0,0,0,0,0,0,0,0,0,0,0,49,176,405,17934,0,0,0,NEITHER,0,0,0,0,0,0,0,0,0,0,0,0,0,0,0,0,0,0,0,0,0,0,0,0,0,0,0,0,0,0,0,0,0,0,0,0,0,0,0,0,No,0,0,0,0,Standby,Standby,0,0,1,0,0,1,172,0,1347,0,2172,0,725,0,291,0,4707,0,5,0,0,0,0,0,0,0,0,0,0,0,0,0,0,0,0,1,0,0,0,1,0,0,0,0,0,0,0,0,0,0,0,0,4707,0,0,744,696,744,720,744,720,744,744,720,744,720,744,37,55,137,2,Artois/Elk Creek/Glenn/Grindstone Indian Rancheria/Willows,Frontier,No,No,No,0,0,1 - 49,0
106420483,GOLETA VALLEY COTTAGE HOSPITAL,1/1/04,12/31/04,Open,7/13/64,7/13/64,Santa Barbara,10 - Santa Barbara/Ventura,General Acute Care,Non-Profit Corporation (incl. Church-related),,General Medical / Surgical,NO,122,351 SOUTH PATTERSON AVENUE,SANTA BARBARA,93111,805-967-3411,0,0,0,0,0,0,0,No,46,1382,4023,16836,10,387,1005,0,0,0,0,0,11,240,0,944,4026,0,0,0,0,0,0,0,0,0,0,0,0,0,0,0,0,0,0,0,0,0,0,0,0,67,2009,5972,24522,0,0,0,0,0,0,0,0,55,16,10824,20130,0,0,0,0,122,2025,16796,44652,0,0,0,NEITHER,0,0,0,0,0,0,0,0,0,0,0,0,0,0,0,0,0,0,0,0,0,0,0,0,0,0,379,2,0,1,0,1,292,87,0,887,1161,146696,996,62297,Yes,4,0,4,0,Basic,Basic,0,0,0,1,0,1,1247,0,6220,9,6232,34,3067,516,477,170,17243,729,8,375,0,0,0,0,0,0,0,0,0,0,0,0,0,0,0,1,0,0,0,1,0,0,0,0,0,0,0,0,0,0,0,0,17243,0,1,744,696,744,720,744,720,744,744,720,744,720,744,181a,88,152,23,Goleta South/Isla Vista/Santa Barbara South,Urban,No,No,No,0,0,100 - 149,0
106150775,GOOD SAMARITAN HOSPITAL-BAKERSFIELD,1/1/04,12/31/04,Open,5/10/60,5/10/60,Kern,09 - Central,General Acute Care,District,,General Medical / Surgical,NO,64,901 OLIVE DRIVE,BAKERSFIELD,93308,661-215-7500,0,0,0,0,0,0,0,Yes,39,1805,7574,14274,0,0,0,0,0,0,0,0,4,33,0,210,1464,0,0,0,0,0,0,0,0,0,0,0,0,0,0,0,0,0,0,0,0,0,0,0,0,43,1838,7784,15738,0,0,0,0,21,546,4173,7686,0,0,0,0,0,0,0,0,64,2384,11957,23424,0,0,0,NEITHER,0,0,0,0,0,0,0,0,0,0,0,0,0,0,7,0,0,0,7,7,0,0,0,0,7,14,0,0,0,0,0,0,0,0,0,0,155,23631,244,25388,Yes,2,0,2,0,0,0,0,1,0,0,0,0,0,0,0,0,0,0,0,0,0,0,0,0,0,0,0,0,0,0,0,0,0,0,0,0,0,0,0,0,0,0,0,0,0,0,0,0,0,0,0,0,0,0,0,0,0,0,0,1,0,0,0,0,0,0,0,0,0,0,0,0,0,66a,85,151,22,Bakersfield Northeast/Oildale,Urban,No,No,No,1,0,50 - 99,0
106190392,GOOD SAMARITAN HOSPITAL-LOS ANGELES,1/1/04,12/31/04,Open,1/1/46,1/1/46,Los Angeles,11 - Los Angeles,General Acute Care,Non-Profit Corporation (incl. Church-related),,General Medical / Surgical,NO,408,1225 WILSHIRE BOULEVARD,LOS ANGELES,90017,213-977-2121,0,0,0,0,0,0,0,No,235,9768,45275,86010,31,3652,8928,0,0,0,0,0,58,374,2410,9007,21228,10,557,867,2755,3660,0,0,0,0,0,0,0,0,0,0,23,493,83,6839,8418,23,438,5646,8418,380,15282,78450,139080,0,0,0,0,0,0,0,0,28,943,9322,10248,0,0,0,0,408,16225,87772,149328,0,0,0,CV SURG,4,0,0,353,0,353,0,260,3,0,0,0,0,893,1343,564,17,1457,1360,238,718,140,30,3,619,1814,3310,223,56,1,1,0,2276,1034,0,5978,3826,628402,4510,609252,Yes,18,3,15,0,Basic,Basic,0,0,0,1,0,0,5163,10,6427,28,4111,124,6697,3201,1638,1381,24036,4744,14,5738,179,1,426,467,420,302,225,228,189,129,307,337,333,339,3702,0,0,0,0,0,0,0,0,0,0,0,0,0,0,0,0,0,0,0,1,744,696,744,720,744,720,744,744,720,744,720,744,78.2ffff,99,155,34,Boyle Heights Northwest/Chinatown/Downtown Northwest/Little Tokyo/Westlake,Urban,No,No,No,1,24036,300 - 499,66
106430779,GOOD SAMARITAN HOSPITAL-SAN JOSE,1/1/04,12/31/04,Open,9/21/65,9/21/65,Santa Clara,07 - Santa Clara,General Acute Care,Investor - Corporation,HCA,General Medical / Surgical,NO,303,2425 SAMARITAN DRIVE,SAN JOSE,95124,408-559-2011,0,0,0,0,0,0,0,No,116,11111,37602,42590,58,2937,8057,9150,25,948,2756,9150,22,222,767,3554,8052,21,453,665,3417,7686,0,0,0,0,0,0,0,0,0,0,34,445,247,9906,12605,0,0,0,0,276,16116,65292,101311,0,0,0,0,0,0,0,0,27,0,0,9882,0,0,0,0,303,16116,65292,111193,233,665,0,CV SURG,10,0,0,180,51,180,51,182,3,0,0,0,0,0,1480,0,663,0,2143,105,1683,887,0,4,77,2756,3159,205,51,1,1,0,1967,1192,0,6262,4722,655963,5373,421122,Yes,13,0,13,0,Basic,Basic,0,0,0,1,0,0,267,1,894,10,1083,220,968,735,1183,1067,4395,2033,25,1161,0,1,27,47,24,65,34,14,10,38,28,8,16,16,327,0,0,0,0,0,0,0,0,0,0,0,0,0,0,0,0,0,0,0,1,744,696,744,720,744,720,744,744,720,744,720,744,183m,77,144,15,Cambrian Village West/Campbell South/Los Gatos/Monte Sereno/San Tomas,Urban,No,No,No,1,4395,300 - 499,0
106190352,GREATER EL MONTE COMMUNITY HOSPITAL,1/1/04,12/31/04,Open,7/1/74,7/1/74,Los Angeles,11 - Los Angeles,General Acute Care,Investor - Limited Liability Company,"Alhambra Hospital Medical Center, Inc.",General Medical / Surgical,NO,117,1701 SANTA ANITA AVENUE,SOUTH EL MONTE,91733,626-579-7777,0,0,0,0,0,0,0,No,59,1887,13360,21594,19,1156,2666,5856,16,676,1808,5856,5,317,0,2156,1830,5,316,0,2156,1830,0,0,0,0,0,0,0,0,0,0,0,0,0,0,0,0,0,0,0,104,4352,22146,38064,0,0,0,0,0,0,0,0,13,17,4571,4758,0,0,0,0,117,4369,26717,42822,0,0,0,NEITHER,0,0,0,0,0,0,0,0,0,0,0,0,0,0,0,0,0,0,0,0,0,0,0,0,0,0,1093,35,2,1,1,1,773,320,0,2223,816,66402,841,51220,Yes,4,0,4,0,Basic,Basic,0,0,0,1,0,0,6412,253,0,0,9419,1782,0,0,1351,533,17182,2568,9,6412,1128,1,260,118,58,14,43,13,26,95,77,20,40,42,806,0,0,0,0,0,0,0,0,0,0,0,0,0,0,0,0,0,0,0,1,744,696,744,720,744,720,744,744,720,744,720,744,78.2yyy,102,163,32,Bassett/Industry West/La Puente,Urban,No,No,No,1,17182,100 - 149,0
106370714,GROSSMONT HOSPITAL,1/1/04,12/31/04,Open,8/10/55,8/10/55,San Diego,14 - San Diego/Imperial,General Acute Care,Non-Profit Corporation (incl. Church-related),Sharp HealthCare,General Medical / Surgical,NO,481,5555 GROSSMONT CENTER DRIVE,LA MESA,91942,619-740-4644,0,0,0,0,0,0,0,No,265,18439,70923,94686,24,1174,3234,4538,11,271,533,4538,46,421,2215,9408,10692,5,0,0,0,1830,0,0,0,0,0,0,0,0,0,0,24,358,71,2447,8784,30,459,6243,10980,405,21122,92788,140294,0,0,0,0,46,1352,11506,16836,30,965,8797,10980,0,0,0,0,481,23439,113091,168110,0,0,0,CV SURG,2,0,0,170,29,170,29,158,2,0,0,0,0,1437,603,351,147,1788,750,221,660,64,0,0,42,1057,3493,175,24,0,0,0,0,1080,2413,6395,6418,833258,6620,436101,Yes,20,6,13,1,Basic,Basic,0,0,0,1,0,0,7630,19,10000,56,19629,596,22041,7708,3760,2187,63060,10566,64,0,2042,1,436,359,385,341,346,342,324,232,200,73,96,67,3201,0,0,0,0,0,0,0,0,0,0,0,0,0,0,0,0,0,0,1,0,744,696,744,720,744,720,744,744,720,744,720,744,161f,130,169,52,La Mesa/Rolando South,Urban,No,No,No,1,63060,300 - 499,70
106160725,HANFORD COMMUNITY MEDICAL CENTER,1/1/04,12/31/04,Open,3/16/65,3/16/65,Kings,09 - Central,General Acute Care,Non-Profit Corporation (incl. Church-related),Adventist Health Systems West,General Medical / Surgical,NO,62,450 GREENFIELD AVENUE,HANFORD,93230,559-582-9000-5110,1,0,0,0,0,0,0,,54,0,0,19400,0,0,0,0,0,0,0,0,8,0,0,0,2928,0,0,0,0,0,0,0,0,0,0,0,0,0,0,0,0,0,0,0,0,0,0,0,0,62,0,0,22328,0,0,0,0,0,0,0,0,0,0,0,0,0,0,0,0,62,0,0,22328,0,0,0,CATH LAB,0,0,0,0,0,0,0,0,0,0,0,0,0,0,0,0,0,0,0,0,0,0,0,0,0,0,0,0,0,0,0,0,0,0,0,0,0,0,0,0,Yes,0,0,0,0,Basic,Basic,0,0,0,1,0,0,0,0,0,0,0,0,0,0,0,0,0,0,0,0,0,0,0,0,0,0,0,0,0,0,0,0,0,0,,0,0,0,0,0,0,0,0,0,0,0,0,0,0,0,0,0,0,0,0,744,696,744,720,744,720,744,744,720,744,720,744,69,83,149,20,Armona/Hanford/Lemoore,Rural,No,Yes,No,1,0,50 - 99,0
206351814,HAZEL HAWKINS CONVALESCENT HOSPITAL - SUNSET,1/1/04,12/31/04,Open,5/20/69,5/20/69,San Benito,08 - Mid-Coast,General Acute Care,District,HAZEL HAWKINS MEMORIAL HOSPITAL,Long-Term Care (SN/IC),NO,70,900 SUNSET DRIVE,HOLLISTER,95023,831-635-1106,0,0,0,0,0,0,0,No,0,0,0,0,0,0,0,0,0,0,0,0,0,0,0,0,0,0,0,0,0,0,0,0,0,0,0,0,0,0,0,0,0,0,0,0,0,0,0,0,0,0,0,0,0,0,0,0,0,0,0,0,0,70,129,17958,25620,0,0,0,0,70,129,17958,25620,0,0,0,NEITHER,0,0,0,0,0,0,0,0,0,0,0,0,0,0,0,0,0,0,0,0,0,0,0,0,0,0,0,0,0,0,0,0,0,0,0,0,0,0,0,0,No,0,0,0,0,0,0,0,1,0,0,0,0,0,0,0,0,0,0,0,0,0,0,0,0,0,0,0,0,0,0,0,0,0,0,0,0,0,0,0,0,0,0,0,0,0,0,0,0,0,0,0,0,0,0,0,0,0,0,0,0,0,0,0,0,0,0,0,0,0,0,0,0,0,140,81,145,17,Hollister/Paicines/Panoche/San Juan Bautista,Rural,No,No,No,1,0,50 - 99,0
106350784,HAZEL HAWKINS MEMORIAL HOSPITAL,1/1/04,12/31/04,Open,6/29/62,6/29/62,San Benito,08 - Mid-Coast,General Acute Care,District,,General Medical / Surgical,NO,106,911 SUNSET DRIVE,HOLLISTER,95023,831-637-5711,0,0,0,0,0,0,0,No,33,1598,4966,12078,8,659,1336,0,0,0,0,0,8,301,350,1277,2928,0,0,0,0,0,0,0,0,0,0,0,0,0,0,0,0,0,0,0,0,0,0,0,0,49,2558,7579,17934,0,0,0,0,0,0,0,0,57,116,19783,20862,0,0,0,0,106,2674,27362,38796,0,0,0,NEITHER,0,0,0,0,0,0,0,0,0,0,0,0,0,0,0,0,0,0,0,0,0,0,0,0,0,0,585,17,0,1,1,0,397,188,0,1077,930,86093,2304,76701,No,3,0,3,0,Basic,Basic,0,0,0,1,0,0,430,0,2159,7,9078,126,2037,1018,342,186,14046,1337,6,2589,216,0,0,0,0,0,0,0,0,0,0,0,0,0,0,0,0,0,0,0,0,0,0,0,0,0,0,0,0,0,0,0,0,0,1,744,696,744,720,744,720,744,744,720,744,720,744,140,81,145,17,Hollister/Paicines/Panoche/San Juan Bautista,Rural,No,No,No,1,14046,100 - 149,0
106490964,HEALDSBURG DISTRICT HOSPITAL,1/1/04,12/31/04,Open,1/10/72,1/10/72,Sonoma,03 - North Bay,General Acute Care,District,North Sonoma County Hospital District,General Medical / Surgical,NO,43,1375 UNIVERSITY STREET,HEALDSBURG,95448,707-431-6501,1,0,1,0,0,0,0,No,25,559,1942,9150,5,0,0,0,0,0,0,0,4,0,0,0,1464,0,0,0,0,0,0,0,0,0,0,0,0,0,0,0,0,0,0,0,0,0,0,0,0,34,559,1942,12444,0,0,0,0,0,0,0,0,9,171,1922,3294,0,0,0,0,43,730,3864,15738,0,0,0,NEITHER,0,0,0,0,0,0,0,0,0,0,0,0,0,0,0,0,0,0,0,0,0,0,0,0,0,0,0,0,0,0,0,0,0,0,0,0,146,18560,1218,65977,No,2,0,2,0,Standby,Standby,0,0,1,0,0,0,109,0,2622,4,3205,17,1311,251,37,7,7284,279,4,0,188,0,0,0,0,0,0,0,0,0,0,0,0,0,0,0,0,0,0,0,0,0,0,0,0,0,0,0,0,0,0,0,0,0,0,744,696,744,720,744,720,744,744,720,744,720,744,205.1,54,135,1,Geyserville/Healdsburg,Rural,No,No,No,1,7284,1 - 49,0
106304159,HEALTHBRIDGE CHILDRENS HOSPITAL-ORANGE,1/1/04,12/31/04,Open,2/4/00,2/4/00,Orange,13 - Orange,General Acute Care,State,Nexus Health Systems LTD,Physical Rehabilitation,NO,24,"393 S, TUSTIN STREET",ORANGE,92866,714-289-2400-235,0,0,0,0,0,0,0,No,0,0,0,0,0,0,0,0,0,0,0,0,0,0,0,0,0,0,0,0,0,0,0,0,0,0,0,0,0,0,0,0,0,0,0,0,0,6,41,1952,2196,6,41,1952,2196,0,0,0,0,0,0,0,0,18,14,6486,6588,0,0,0,0,24,55,8438,8784,0,0,0,NEITHER,0,0,0,0,0,0,0,0,0,0,0,0,0,0,0,0,0,0,0,0,0,0,0,0,0,0,0,0,0,0,0,0,0,0,0,0,0,0,0,0,Yes,0,0,0,0,0,0,0,1,0,0,0,0,0,0,0,0,0,0,0,0,0,0,0,0,0,0,0,0,0,0,0,0,0,0,0,0,0,0,0,0,0,0,0,0,0,0,0,0,0,0,0,0,0,0,0,0,0,0,0,0,0,0,0,0,0,0,0,0,0,0,0,0,0,116h,124,166,40,City of Orange South/Santa Ana North/Tustin Foothills/Tustin West,Urban,No,No,No,1,0,1 - 49,0
106154022,HEALTHSOUTH BAKERSFIELD REHABILITATION HOSPITAL,1/1/04,12/31/04,Open,5/1/90,5/1/90,Kern,09 - Central,General Acute Care,Investor - Corporation,Healthsouth Corporation,Physical Rehabilitation,NO,60,5001 COMMERCE DRIVE,BAKERSFIELD,93309,661-323-5500-4002,0,0,0,0,0,0,0,No,0,0,0,0,0,0,0,0,0,0,0,0,0,0,0,0,0,0,0,0,0,0,0,0,0,0,0,0,0,0,0,0,0,0,0,0,0,60,1022,12687,21960,60,1022,12687,21960,0,0,0,0,0,0,0,0,0,0,0,0,0,0,0,0,60,1022,12687,21960,0,0,0,NEITHER,0,0,0,0,0,0,0,0,0,0,0,0,0,0,0,0,0,0,0,0,0,0,0,0,0,0,0,0,0,0,0,0,0,0,0,0,0,0,0,0,No,0,0,0,0,0,0,0,1,0,0,0,0,0,0,0,0,0,0,0,0,0,0,0,0,0,0,0,0,0,0,0,0,0,0,0,0,0,0,0,0,0,0,0,0,0,0,0,0,0,0,0,0,0,0,0,0,0,0,0,0,0,0,0,0,0,0,0,0,0,0,0,0,0,66d,85,151,22,Bakersfield Northwest/Rosedale,Urban,No,No,No,1,0,50 - 99,0
106304079,HEALTHSOUTH TUSTIN REHABILITATION HOSPITAL,1/1/04,12/31/04,Open,6/7/91,6/7/91,Orange,13 - Orange,General Acute Care,Investor - Corporation,HealthSouth Corporation,Physical Rehabilitation,NO,47,14851 YORBA STREET,TUSTIN,92680,714-832-9200,1,0,0,0,0,0,0,,0,0,0,0,0,0,0,0,0,0,0,0,0,0,0,0,0,0,0,0,0,0,0,0,0,0,0,0,0,0,0,0,0,0,0,0,0,47,0,0,20751,47,0,0,20751,0,0,0,0,0,0,0,0,0,0,0,0,0,0,0,0,47,0,0,20751,0,0,0,NEITHER,0,0,0,0,0,0,0,0,0,0,0,0,0,0,0,0,0,0,0,0,0,0,0,0,0,0,0,0,0,0,0,0,0,0,0,0,0,0,0,0,Yes,0,0,0,0,0,0,0,1,0,0,0,0,0,0,0,0,0,0,0,0,0,0,0,0,0,0,0,0,0,0,0,0,0,0,0,0,0,0,0,0,,0,0,0,0,0,0,0,0,0,0,0,0,0,0,0,0,0,0,0,0,0,0,0,0,0,0,0,0,0,0,0,0,116h,123,166,48,City of Orange South/Santa Ana North/Tustin Foothills/Tustin West,Urban,No,Yes,No,1,0,1 - 49,0
106380842,HEBREW HOME FOR THE AGED DISABLED/APH,1/1/04,12/31/04,Open,5/1/87,5/1/87,San Francisco,04 - West Bay,Acute Psychiatric,Non-Profit Corporation (incl. Church-related),Hebrew Home for the Aged Disabled,Psychiatric,NO,491,302 SILVER AVENUE,SAN FRANCISCO,94112-1596,415-334-2500,0,0,0,0,0,0,0,No,0,0,0,0,0,0,0,0,0,0,0,0,0,0,0,0,0,0,0,0,0,0,0,0,0,0,0,0,0,0,0,0,0,0,0,0,0,0,0,0,0,0,0,0,0,0,0,0,0,13,15,122,4758,478,348,149802,176516,0,0,0,0,491,363,149924,181274,0,0,0,NEITHER,0,0,0,0,0,0,0,0,0,0,0,0,0,0,0,0,0,0,0,0,0,0,0,0,0,0,0,0,0,0,0,0,0,0,0,0,0,0,0,0,No,0,0,0,0,0,0,1,0,0,0,0,0,0,0,0,0,0,0,0,0,0,0,0,0,0,0,0,0,0,0,0,0,0,0,0,0,0,0,0,0,0,0,0,0,0,0,0,0,0,0,0,0,0,0,0,0,0,0,0,0,0,0,0,0,0,0,0,0,0,0,0,0,0,162c,65,141,8,Bernal Heights/Mission District/Potrero Hill,Urban,No,No,No,1,0,300 - 499,0
106331194,HEMET VALLEY MEDICAL CENTER,1/1/04,12/31/04,Open,1/1/46,1/1/46,Riverside,12 - Inland Counties,General Acute Care,District,Valley Health System,General Medical / Surgical,NO,433,1117 EAST DEVONSHIRE,HEMET,92543,951-652-2811-5202,0,0,0,0,0,0,0,No,266,10872,43415,96660,12,1252,2602,0,0,0,0,0,18,655,0,6196,6588,8,492,0,2156,2928,0,0,0,0,0,0,0,0,0,0,0,0,0,0,0,0,0,0,0,304,13271,54369,110568,0,0,0,0,16,494,2819,5856,113,1527,26786,41358,0,0,0,0,433,15292,83974,157782,615,4596,21,CATH LAB,0,0,0,0,0,0,0,0,1,0,0,0,0,437,38,432,54,869,92,93,0,0,0,0,0,93,1016,29,3,0,0,0,0,209,807,1994,3011,367110,1042,97800,No,6,0,6,0,Basic,Basic,0,0,0,1,0,0,6983,150,5339,69,10629,517,6242,1736,8352,6952,37545,9424,12,0,118,0,0,0,0,0,0,0,0,0,0,0,0,0,0,0,0,0,0,0,0,0,0,0,0,0,0,0,0,0,0,0,0,0,0,744,696,744,720,744,720,744,744,720,744,720,744,132,118,170,45,East Hemet/Hemet/Valle Vista,Urban,No,No,No,1,37545,300 - 499,0
106190949,HENRY MAYO NEWHALL MEMORIAL HOSPITAL,1/1/04,12/31/04,Open,7/30/75,7/30/75,Los Angeles,11 - Los Angeles,General Acute Care,Non-Profit Corporation (incl. Church-related),,General Medical / Surgical,NO,217,23845 WEST MCBEAN PARKWAY,VALENCIA,91355,661-253-8000-8011,1,0,1,0,0,0,0,No,121,7732,32476,50583,15,1299,3022,0,0,0,0,0,6,140,476,1881,2196,6,141,476,1881,2196,0,0,0,0,0,0,0,0,0,0,0,0,0,0,0,19,231,3173,6954,167,9543,42433,67419,0,0,0,0,23,894,6369,8418,27,577,5798,14985,0,0,0,0,217,11014,54600,90822,0,0,0,NEITHER,0,0,0,0,0,0,0,0,0,0,0,0,0,0,0,0,0,0,0,0,0,0,0,0,0,0,1305,52,10,0,0,0,0,431,874,2912,2362,298218,3347,269154,Yes,8,4,4,0,Basic,Basic,0,0,0,1,0,1,2958,5,8771,31,11730,85,4784,1653,7412,5330,35655,7104,23,0,2170,1,292,198,66,183,137,88,330,225,361,115,183,264,2442,1,0,1,0,0,0,0,0,0,0,0,0,0,0,0,35655,0,0,1,0,744,696,744,720,744,720,744,744,720,744,720,744,76.1a,91,152,25,Canyon Country/Santa Clarita West/Saugus,Urban,No,No,No,0,0,200 - 299,0
106344021,HERITAGE OAKS HOSPITAL,1/1/04,12/31/04,Open,12/16/88,12/16/88,Sacramento,02 - Golden Empire,Acute Psychiatric,Investor - Limited Liability Company,Ardent Health Services LLC,Psychiatric,NO,76,4250 AUBURN BLVD.,SACRAMENTO,95841,916-489-3336,0,0,0,0,0,0,0,Yes,0,0,0,0,0,0,0,0,0,0,0,0,0,0,0,0,0,0,0,0,0,0,0,0,0,0,0,0,0,0,0,0,0,0,0,0,0,0,0,0,0,0,0,0,0,0,0,0,0,76,2751,23707,27816,0,0,0,0,0,0,0,0,76,2751,23707,27816,0,0,0,NEITHER,0,0,0,0,0,0,0,0,0,0,0,0,0,0,0,0,0,0,0,0,0,0,0,0,0,0,0,0,0,0,0,0,0,0,0,0,0,0,0,0,Yes,0,0,0,0,0,0,1,0,0,0,0,0,0,0,0,0,0,0,0,0,0,0,0,0,0,0,0,0,0,0,0,0,0,0,0,0,0,0,0,0,0,0,0,0,0,0,0,0,0,0,0,0,0,0,0,0,0,0,0,0,0,0,0,0,0,0,0,0,0,0,0,0,0,139d,58,139,5,Arcade/Arden/Town and Country Village,Urban,No,No,No,1,0,50 - 99,0
106362041,HI-DESERT MEDICAL CENTER,1/1/04,12/31/04,Open,6/11/71,6/11/71,San Bernardino,12 - Inland Counties,General Acute Care,District,,General Medical / Surgical,NO,179,6601 WHITE FEATHER ROAD,JOSHUA TREE,92252,760-366-3711,0,0,0,0,0,0,0,No,55,2705,8934,20130,0,0,0,0,0,0,0,0,4,90,195,922,1464,0,0,0,0,0,0,0,0,0,0,0,0,0,0,0,0,0,0,0,0,0,0,0,0,59,2795,9856,21594,0,0,0,0,0,0,0,0,120,698,41323,43920,0,0,0,0,179,3493,51179,65514,0,0,0,NEITHER,0,0,0,0,0,0,0,0,0,0,0,0,0,0,0,0,0,0,0,0,0,0,0,0,0,0,334,2,2,1,0,1,211,123,0,616,465,36719,1009,43298,Yes,5,2,3,0,Basic,Basic,0,0,0,1,0,0,838,0,2202,10,6655,80,2863,404,1873,1427,14431,1921,14,0,30,0,0,0,0,0,0,0,0,0,0,0,0,0,0,0,0,0,0,0,0,0,0,0,0,0,0,0,0,0,0,0,0,0,1,744,696,744,720,744,720,744,744,720,744,720,744,144.2,118,151,41,Joshua Tree/Landers/Morongo Valley/Rimrock/Yucca Valley,Rural,No,No,No,1,14431,150 - 199,0
106301205,HOAG MEMORIAL HOSPITAL PRESBYTERIAN,1/1/04,12/31/04,Open,9/15/52,9/15/52,Orange,13 - Orange,General Acute Care,Non-Profit Corporation (incl. Church-related),,General Medical / Surgical,NO,409,ONE HOAG DRIVE,NEWPORT BEACH,92663,949-764-4448,0,0,0,0,0,0,0,No,292,18786,76565,106872,59,4778,13779,3294,9,449,986,3294,25,168,1919,4440,9150,12,188,1167,3653,4392,0,0,0,0,0,0,0,0,0,0,12,304,21,3737,4392,0,0,0,0,409,24673,103160,149694,0,0,0,0,0,0,0,0,0,0,0,0,0,0,0,0,409,24673,103160,149694,552,4842,21,CV SURG,2,0,0,386,13,386,13,276,4,0,0,0,0,1422,993,648,39,2070,1032,177,731,34,0,1,89,1032,4670,222,34,0,0,0,0,1734,2936,10404,8719,1306003,10873,665959,Yes,20,8,12,0,Basic,Basic,0,0,0,1,0,0,9197,37,12777,122,21957,6367,4775,2641,646,396,49352,9563,30,0,955,1,30,62,30,2,0,5,0,1,0,0,3,0,133,0,0,0,0,0,0,0,0,0,0,0,0,0,0,0,0,0,0,1,0,744,696,744,720,744,720,744,744,720,744,720,744,116p,121,168,48,Costa Mesa,Urban,No,No,No,1,49352,300 - 499,0
106190380,HOLLYWOOD COMMUNITY HOSPITAL OF HOLLYWOOD,1/1/04,12/31/04,Open,2/8/63,2/8/63,Los Angeles,11 - Los Angeles,General Acute Care,Investor - Partnership,"Alta Healthcare System, LLC",General Medical / Surgical,NO,100,6245 DE LONGPRE AVENUE,HOLLYWOOD,90028,323-462-2271,0,0,0,0,0,0,0,No,92,1599,9818,33672,0,0,0,0,0,0,0,0,5,73,0,1323,1830,3,1,0,26,1098,0,0,0,0,0,0,0,0,0,0,0,0,0,0,0,0,0,0,0,100,1673,11167,36600,0,0,0,0,0,0,0,0,0,0,0,0,0,0,0,0,100,1673,11167,36600,0,0,0,NEITHER,0,0,0,0,0,0,0,0,0,0,0,0,0,0,0,0,0,0,0,0,0,0,0,0,0,0,0,0,0,0,0,0,0,0,0,0,271,22133,24,2275,Yes,3,0,3,0,0,0,0,1,0,0,0,0,0,0,0,0,0,0,0,0,0,0,0,0,0,0,0,0,0,0,0,0,0,0,0,0,0,0,0,0,0,0,0,0,0,0,0,0,0,0,0,0,0,0,0,0,0,0,0,0,1,0,0,0,0,0,0,0,0,0,0,0,0,78.2g,98,159,31,Hollywood South Central/Inner Sunset,Urban,No,No,No,1,0,100 - 149,0
106190814,HOLLYWOOD COMMUNITY HOSPITAL OF VAN NUYS,1/1/04,12/31/04,Open,4/22/64,4/22/64,Los Angeles,11 - Los Angeles,General Acute Care,Investor - Corporation,Alta Healthcare System LLC,Psychiatric,NO,59,14433 EMELITA STREET,VAN NUYS,91401,323-881-2655,0,0,0,0,0,0,0,No,0,0,0,0,0,0,0,0,0,0,0,0,0,0,0,0,0,0,0,0,0,0,0,0,0,0,0,0,0,0,0,0,0,0,0,0,0,0,0,0,0,0,0,0,0,0,0,0,0,59,2144,15358,21594,0,0,0,0,0,0,0,0,59,2144,15358,21594,0,0,0,NEITHER,0,0,0,0,0,0,0,0,0,0,0,0,0,0,0,0,0,0,0,0,0,0,0,0,0,0,0,0,0,0,0,0,0,0,0,0,0,0,0,0,Yes,0,0,0,0,0,0,0,1,0,0,0,0,0,0,0,0,0,0,0,0,0,0,0,0,0,0,0,0,0,0,0,0,0,0,0,0,0,0,0,0,0,0,0,0,0,0,0,0,0,0,0,0,0,0,0,0,0,0,0,0,0,0,0,0,0,0,0,0,0,0,0,0,0,78.2ii,93,154,27,Reseda South/Van Nuys Southwest,Urban,No,No,No,1,0,50 - 99,0
106301209,HUNTINGTON BEACH HOSPITAL,1/1/04,12/31/04,Open,4/3/67,4/3/67,Orange,13 - Orange,General Acute Care,Investor - Partnership,Vanguard Health Systems,General Medical / Surgical,NO,131,17772 BEACH BOULEVARD,HUNTINGTON BEACH,92647,714-842-1473,0,0,0,0,0,0,0,No,76,3354,10759,27816,0,0,0,0,0,0,0,0,6,78,93,1300,2196,6,79,93,1299,2196,0,0,0,0,0,0,0,0,0,0,0,0,0,0,0,0,0,0,0,88,3511,13358,32208,0,0,0,0,25,944,6498,9150,18,23,5614,6588,0,0,0,0,131,4478,25470,47946,0,0,0,NEITHER,0,0,0,0,0,0,0,0,0,0,0,0,0,0,0,0,0,0,0,0,0,0,0,0,0,0,0,0,0,0,0,0,0,0,0,0,899,123334,1779,148594,Yes,3,0,3,0,Basic,Basic,0,0,0,1,0,0,2340,9,6133,59,7702,517,4490,1997,992,701,21657,3283,12,0,222,1,4,12,12,6,3,0,5,1,10,0,5,0,58,0,0,0,0,0,0,0,0,0,0,0,0,0,0,0,0,0,0,0,1,744,696,744,720,744,720,744,744,720,744,720,744,116s,120,168,46,Huntington Beach North/Seal Beach East/Westminster,Urban,No,No,No,1,21657,100 - 149,0
106190400,HUNTINGTON MEMORIAL HOSPITAL,1/1/04,12/31/04,Open,1/1/46,1/1/46,Los Angeles,11 - Los Angeles,General Acute Care,Non-Profit Corporation (incl. Church-related),,General Medical / Surgical,NO,522,100 W. CALIFORNIA BOULEVARD,PASADENA,91105,626-397-5000-8798,0,0,0,0,0,0,0,No,259,16689,61647,94794,56,3615,9881,10248,28,1401,4206,10248,40,577,1565,4080,14640,10,529,1643,2711,3660,0,0,0,0,0,0,0,0,0,0,51,262,371,9455,18666,24,601,6687,8784,468,23674,98667,171288,0,0,0,0,54,1216,17250,19764,0,0,0,0,0,0,0,0,522,24890,115917,191052,0,0,0,CV SURG,2,0,0,235,28,235,28,159,2,0,0,0,0,714,331,352,163,1066,494,192,396,29,0,0,154,771,3510,275,79,0,0,0,0,1252,2258,8203,7140,1029774,3897,233820,Yes,15,0,15,0,Basic,Basic,0,0,0,1,0,1,7072,3,7266,3,20658,75,15616,6326,6431,5826,57043,12233,33,0,2441,1,443,449,317,352,240,266,298,296,321,343,285,348,3958,1,0,1,0,0,0,0,0,0,0,0,0,0,0,0,57043,0,0,1,0,744,696,744,720,744,720,744,744,720,744,720,744,78.2mm,97,154,29,Pasadena South/San Marino/South Pasadena,Urban,No,No,No,0,0,500+,0
106320874,INDIAN VALLEY HOSPITAL,1/1/04,12/31/04,Open,1/1/56,1/1/56,Plumas,01 - Northern California,General Acute Care,District,,General Medical / Surgical,NO,26,184 HOT SPRINGS ROAD,GREENVILLE,95947,530-284-7191,0,0,0,0,0,0,0,No,9,123,326,3294,0,0,0,0,0,0,0,0,0,0,0,0,0,0,0,0,0,0,0,0,0,0,0,0,0,0,0,0,0,0,0,0,0,0,0,0,0,9,123,326,3294,0,0,0,0,0,0,0,0,17,34,7851,6222,0,0,0,0,26,157,8177,9516,0,0,0,NEITHER,0,0,0,0,0,0,0,0,0,0,0,0,0,0,0,0,0,0,0,0,0,0,0,0,0,0,0,0,0,0,0,0,0,0,0,0,0,0,0,0,No,1,0,1,0,Standby,Standby,0,0,1,0,0,1,38,0,202,2,695,16,158,18,139,31,1232,67,1,423,2,0,0,0,0,0,0,0,0,0,0,0,0,0,0,1,0,0,0,1,0,0,0,0,0,0,0,0,0,0,0,0,1232,0,0,744,696,744,720,744,720,744,744,720,744,720,744,122,56,134,4,Belden/Caribou/Crescent Mills/Genessee/Greenville/Indian Falls/North Arm/Storrie/Taylorsville/Tobin/Twain,Frontier,No,No,No,0,0,1 - 49,0
106304045,IRVINE REGIONAL HOSPITAL AND MEDICAL CENTER,1/1/04,12/31/04,Open,8/15/90,8/15/90,Orange,13 - Orange,General Acute Care,Investor - Corporation,Tenet HealthCare,General Medical / Surgical,NO,176,16200 SAND CANYON AVENUE,IRVINE,92718,949-753-2000,0,0,0,0,0,0,0,No,118,6725,20408,43188,23,2157,5237,2562,7,18,19,2562,12,307,756,3148,4392,0,0,0,0,0,0,0,0,0,0,0,0,0,0,0,16,129,0,1034,5856,0,0,0,0,176,9336,29846,64416,0,0,0,0,0,0,0,0,0,0,0,0,0,0,0,0,176,9336,29846,64416,0,0,0,CV SURG,1,0,0,44,2,44,2,43,2,0,0,0,0,232,93,304,138,536,231,7,223,8,0,0,2,249,2069,57,3,1,0,1,1337,732,0,4071,3071,349541,3518,296879,Yes,8,0,8,0,Basic,Basic,0,0,0,1,0,0,1484,2,5111,26,3572,212,3930,935,3561,1680,17658,2855,10,0,803,1,165,118,55,40,44,77,70,38,63,22,50,68,810,0,0,0,0,0,0,0,0,0,0,0,0,0,0,0,0,0,0,1,0,744,696,744,720,744,720,744,744,720,744,720,744,116o,123,168,48,Irvine Central/Tustin East,Urban,No,No,No,1,17658,150 - 199,9
106121031,JEROLD PHELPS COMMUNITY HOSPITAL,1/1/04,12/31/04,Open,8/20/63,8/20/63,Humboldt,01 - Northern California,General Acute Care,District,Southern Humboldt Community Healthcare District,Other,NO,17,733 CEDAR STREET,GARBERVILLE,95542,707-923-3921-260,0,0,0,0,0,0,0,No,9,74,210,3294,0,0,0,0,0,0,0,0,0,0,0,0,0,0,0,0,0,0,0,0,0,0,0,0,0,0,0,0,0,0,0,0,0,0,0,0,0,9,74,210,3294,0,0,0,0,0,0,0,0,8,30,3078,2928,0,0,0,0,17,104,3288,6222,0,0,0,NEITHER,0,0,0,0,0,0,0,0,0,0,0,0,0,0,0,0,0,0,0,0,0,0,0,0,0,0,0,0,0,0,0,0,0,0,0,0,0,0,0,0,Yes,0,0,0,0,Standby,Standby,0,0,1,0,0,0,89,2,623,8,1075,35,357,14,61,0,2205,59,2,10,49,0,0,0,0,0,0,0,0,0,0,0,0,0,0,0,0,0,0,0,0,0,0,0,0,0,0,0,0,0,0,0,0,0,0,744,696,744,720,744,720,744,744,720,744,720,744,44,54,135,1,Garberville/Redway,Frontier,No,No,No,1,2205,1 - 49,0
106220733,JOHN C FREMONT HEALTHCARE DISTRICT,1/1/04,12/31/04,Open,10/1/51,10/1/51,Mariposa,09 - Central,General Acute Care,District,,General Medical / Surgical,NO,34,"5189 HOSPITAL RD., PO BOX 216",MARIPOSA,95338,209-366-3631-271,0,0,0,0,0,0,0,No,18,287,4370,6588,0,0,0,0,0,0,0,0,0,0,0,0,0,0,0,0,0,0,0,0,0,0,0,0,0,0,0,0,0,0,0,0,0,0,0,0,0,18,287,4370,6588,0,0,0,0,0,0,0,0,16,10,5640,5856,0,0,0,0,34,297,10010,12444,0,0,0,NEITHER,0,0,0,0,0,0,0,0,0,0,0,0,0,0,0,0,0,0,0,0,0,0,0,0,0,0,1,0,0,0,0,0,0,0,1,0,0,0,19,1216,Yes,1,1,0,0,Standby,Standby,0,0,1,0,0,0,1061,0,630,0,1545,120,852,88,170,3,4258,211,4,1061,59,0,0,0,0,0,0,0,0,0,0,0,0,0,0,0,0,0,0,0,0,0,0,0,0,0,0,0,0,0,0,0,0,0,0,744,696,744,720,744,720,744,744,720,744,720,744,85,78,147,19,Bootjack/CatheyÆs Valley/Coulterville/Don Pedro/El Portal/Fish Camp/Mariposa,Rural,No,No,No,1,4258,1 - 49,0
106331216,JOHN F KENNEDY MEMORIAL HOSPITAL,1/1/04,12/31/04,Open,2/18/66,2/18/66,Riverside,12 - Inland Counties,General Acute Care,Investor - Corporation,Tenet Healthcare Corporation,General Medical / Surgical,NO,145,47-111 MONROE STREET,INDIO,92201,760-347-6191,0,0,0,0,0,0,0,No,81,4014,15508,36900,26,3493,4938,8052,22,1278,3095,8052,16,180,522,2613,5856,0,0,0,0,0,0,0,0,0,0,0,0,0,0,0,0,0,0,0,0,0,0,0,0,145,8965,26154,57813,0,0,0,0,0,0,0,0,0,0,0,0,0,0,0,0,145,8965,26154,57813,0,0,0,CATH LAB,0,0,0,0,0,0,0,0,1,0,0,0,0,123,10,51,0,174,10,0,10,0,0,0,0,10,3009,95,28,1,1,1,35,891,2083,5157,2526,256380,2654,225120,No,5,0,5,0,Basic,Basic,0,0,0,1,0,0,7960,36,9657,142,5471,353,4030,807,5737,2464,32855,3802,12,1397,1079,1,53,84,28,7,14,0,0,0,0,0,0,3,189,0,0,0,0,0,0,0,0,0,0,0,0,0,0,0,0,0,0,0,1,744,696,744,720,744,720,744,744,720,744,720,744,128,133,173,45,Arabia/Coachella/Desert Beach/Flowing Wells/Indio South/La Quinta East/Mecca/Oasis/Thermal,Rural,No,No,No,1,32855,100 - 149,0
106070988,JOHN MUIR MEDICAL CENTER,1/1/04,12/31/04,Open,6/15/65,6/15/65,Contra Costa,05 - East Bay,General Acute Care,Non-Profit Corporation (incl. Church-related),John Muir Mt. Diablo Health System,General Medical / Surgical,NO,322,1601 YGNACIO VALLEY ROAD,WALNUT CREEK,94598,925-947-4433,0,0,0,0,0,0,0,No,187,12209,53772,68442,48,3334,10538,5490,15,738,1990,5490,24,387,1323,7713,8784,11,399,562,3415,4026,0,0,0,0,0,0,0,0,0,0,19,393,139,6496,6954,18,418,6352,6588,322,17878,90276,117852,0,0,0,0,0,0,0,0,0,0,0,0,0,0,0,0,322,17878,90276,117852,0,0,0,CV SURG,2,0,0,108,8,108,8,66,2,0,0,0,0,241,526,242,31,483,557,159,36,29,0,0,332,557,3092,221,49,1,1,0,2087,922,83,6021,6536,1017422,954,72406,Yes,9,0,9,0,Basic,Basic,0,0,0,1,0,1,684,7,6753,9,15178,14,9731,58,10519,8977,42865,9065,18,684,550,1,4,0,0,2,2,0,0,3,0,0,0,1,12,1,0,1,0,0,0,0,0,0,0,0,0,0,0,0,42865,0,0,1,0,744,696,744,720,744,720,744,744,720,744,720,744,18j,68,140,10,Clayton/Concord South/Walnut Creek Central and East,Urban,No,No,No,0,0,300 - 499,1
106301132,KAISER FND HOSP - ANAHEIM,1/1/04,12/31/04,Open,4/9/74,4/9/74,Orange,13 - Orange,General Acute Care,Non-Profit Corporation (incl. Church-related),Kaiser Foundation Hospital,General Medical / Surgical,NO,200,441 LAKEVIEW AVENUE,ANAHEIM,92807,714-279-4100,0,0,0,0,0,0,0,No,112,9869,35811,40992,36,3923,8548,5856,16,755,2046,5856,12,511,929,4070,4392,10,0,0,0,3660,0,0,0,0,0,0,0,0,0,0,14,128,254,1939,5124,0,0,0,0,200,15186,52414,73200,0,0,0,0,0,0,0,0,0,0,0,0,0,0,0,0,200,15186,52414,73200,0,0,0,CV SURG,0,0,0,0,0,0,0,0,1,0,0,0,0,192,0,318,0,510,0,0,0,0,0,0,0,0,3234,269,40,0,0,0,0,897,2337,1602,4055,549923,2126,203936,Yes,6,0,6,0,Basic,Basic,0,0,0,1,0,0,1209,0,19456,0,20119,5423,1022,324,72,23,41878,5770,21,1209,729,1,99,64,77,64,69,77,41,78,42,9,9,62,691,0,0,0,0,0,0,0,0,0,0,0,0,0,0,0,0,0,0,1,0,744,696,744,720,744,720,744,744,720,744,720,744,116n,113,162,42,Anaheim Hills/City of Orange East/Villa Park,Urban,No,No,No,1,41878,200 - 299,0
106196035,KAISER FND HOSP - BALDWIN PARK,1/1/04,12/31/04,Open,10/7/98,10/7/98,Los Angeles,11 - Los Angeles,General Acute Care,Non-Profit Corporation (incl. Church-related),Kaiser Foundation Hospitals (Kaiser Permanente),General Medical / Surgical,NO,269,1011 BALDWIN PARK BLVD.,BALDWIN PARK,91706,626-851-5099,0,0,0,0,0,0,0,No,187,9314,29846,68442,50,3450,7396,0,0,0,0,0,12,262,715,2757,4392,0,0,0,0,0,0,0,0,0,0,0,0,0,0,0,20,266,149,2635,7320,0,0,0,0,269,13292,42634,98454,0,0,0,0,0,0,0,0,0,0,0,0,0,0,0,0,269,13292,42634,98454,0,0,0,NEITHER,0,0,0,0,0,0,0,0,0,0,0,0,0,0,0,0,0,0,0,0,0,0,0,0,0,0,3121,195,31,1,1,1,2404,717,0,4449,2652,357218,7840,588534,Yes,10,1,9,0,Basic,Basic,0,0,0,1,0,0,5565,0,17545,0,28637,0,6180,260,7897,7339,65824,7599,40,23110,1507,1,304,346,229,154,124,139,145,201,337,203,191,238,2611,0,0,0,0,0,0,0,0,0,0,0,0,0,0,0,0,0,0,0,0,744,696,744,720,744,720,744,744,720,744,720,744,78.2yyy,110,157,38,Bassett/Industry West/La Puente,Urban,No,No,No,1,65824,200 - 299,0
106190430,KAISER FND HOSP - BELLFLOWER,1/1/04,12/31/04,Open,7/16/65,7/16/65,Los Angeles,11 - Los Angeles,General Acute Care,Non-Profit Corporation (incl. Church-related),Keiser Permanente,General Medical / Surgical,NO,352,9400 EAST ROSECRANS AVENUE,BELLFLOWER,90706,562-461-3000,0,0,0,0,0,0,0,No,218,12031,41622,79788,48,4200,10314,8784,24,1366,3345,8784,24,335,1139,4143,8784,0,0,0,0,0,0,0,0,0,0,0,0,0,0,0,38,585,375,8723,13908,0,0,0,0,352,18517,68147,128832,0,0,0,0,0,0,0,0,0,0,0,0,0,0,0,0,352,18517,68147,128832,0,0,0,NEITHER,0,0,0,0,0,0,0,0,0,0,0,0,0,0,0,0,0,0,0,0,0,0,0,0,0,0,3337,292,77,0,0,0,0,839,2498,4271,4851,663197,9576,843321,Yes,14,1,13,0,Basic,Basic,0,0,0,1,0,0,3401,18,29477,2558,45016,9003,1126,505,16,5,79036,12089,45,0,1101,1,104,152,211,149,123,171,105,170,215,169,154,134,1857,0,0,0,0,0,0,0,0,0,0,0,0,0,0,0,0,0,0,1,0,744,696,744,720,744,720,744,744,720,744,720,744,78.2m,103,160,34,Bellflower/Paramount South,Urban,No,No,No,1,79036,300 - 499,0
106190135,KAISER FND HOSP - CARSON,1/1/04,12/31/04,Open,3/7/60,3/7/60,Los Angeles,11 - Los Angeles,General Acute Care,Non-Profit Corporation (incl. Church-related),Kaiser Foundation Health Plan / Hospitals,Chemical Dependency (Alcohol/Drug),NO,20,23621 SOUTH MAIN STREET,CARSON,90745,310-517-2770-2662,0,0,0,0,0,0,0,No,20,704,2276,7320,0,0,0,0,0,0,0,0,0,0,0,0,0,0,0,0,0,0,0,0,0,0,0,0,0,0,0,0,0,0,0,0,0,0,0,0,0,20,704,2276,7320,0,0,0,0,0,0,0,0,0,0,0,0,0,0,0,0,20,704,2276,7320,704,2276,20,NEITHER,0,0,0,0,0,0,0,0,0,0,0,0,0,0,0,0,0,0,0,0,0,0,0,0,0,0,0,0,0,0,0,0,0,0,0,0,0,0,0,0,Yes,0,0,0,0,0,0,0,1,0,0,0,0,0,0,0,0,0,0,0,0,0,0,0,0,0,0,0,0,0,0,0,0,0,0,0,0,0,0,0,0,0,0,0,0,0,0,0,0,0,0,0,0,0,0,0,0,0,0,0,0,0,0,0,0,0,0,0,0,0,0,0,0,0,78.2v,108,161,37,Carson/Compton West/Rancho Dominguez,Urban,No,No,No,1,0,1 - 49,0
106361223,KAISER FND HOSP - FONTANA,1/1/04,12/31/04,Open,9/1/54,9/1/54,San Bernardino,12 - Inland Counties,General Acute Care,Non-Profit Corporation (incl. Church-related),"Kaiser Foundation Hospital, Inc.",General Medical / Surgical,NO,424,9961 SIERRA AVENUE,FONTANA,92335,909-427-7700,0,0,0,0,0,0,0,No,250,16841,69311,91500,48,4070,8489,14640,40,1204,3219,14640,34,592,1679,7608,12444,0,0,0,0,0,0,0,0,0,0,0,0,0,0,0,36,352,289,5232,13176,16,234,2681,5856,424,23293,96540,155184,0,0,0,0,0,0,0,0,0,0,0,0,0,0,0,0,424,23293,96540,155184,0,0,0,CATH LAB,0,0,0,0,0,0,0,0,1,0,0,0,0,1096,146,749,25,1845,171,174,0,0,0,0,0,174,3967,288,72,1,0,1,1332,1011,1624,4749,6493,975003,8292,766532,Yes,13,0,13,0,Basic,Basic,0,0,0,1,0,0,1653,0,39597,0,33080,13091,1672,0,34,0,76036,13091,54,1653,2735,1,224,265,124,128,82,203,214,255,290,221,241,127,2374,0,0,0,0,0,0,0,0,0,0,0,0,0,0,0,0,0,0,1,0,744,696,744,720,744,720,744,744,720,744,720,744,151f,115,165,43,Bloomington/Colton Central and West/Fontana South/Rialto South,Urban,No,No,No,1,76036,300 - 499,0
106014132,KAISER FND HOSP - FREMONT,1/1/04,12/31/04,Open,12/1/96,12/1/96,Alameda,05 - East Bay,General Acute Care,Non-Profit Corporation (incl. Church-related),Kaiser Foundation Hospitals,General Medical / Surgical,NO,106,39400 PASEO PADRE PARKWAY,FREMONT,94538,510-248-7070,0,0,0,0,0,0,0,No,96,10107,21256,35136,0,0,0,0,0,0,0,0,10,158,486,2273,3660,0,0,0,0,0,0,0,0,0,0,0,0,0,0,0,0,0,0,0,0,0,0,0,0,106,10265,23529,38796,0,0,0,0,0,0,0,0,0,0,0,0,0,0,0,0,106,10265,23529,38796,0,0,0,NEITHER,0,0,0,0,0,0,0,0,0,0,0,0,0,0,0,0,0,0,0,0,0,0,0,0,0,0,0,0,0,0,0,0,0,0,0,0,1649,221753,7141,416615,No,7,0,7,0,Basic,Basic,0,0,0,1,0,0,0,0,0,0,0,0,0,0,0,0,0,0,16,0,0,0,0,0,0,0,0,0,0,0,0,0,0,0,0,0,0,0,0,0,0,0,0,0,0,0,0,0,0,0,0,0,0,0,1,744,696,744,720,744,720,744,744,720,744,720,744,2l,73,143,13,Fremont East/Niles/Union City Central,Urban,No,No,No,1,0,100 - 149,0
106104062,KAISER FND HOSP - FRESNO,1/1/04,12/31/04,Open,2/23/95,2/23/95,Fresno,09 - Central,General Acute Care,Non-Profit Corporation (incl. Church-related),Kaiser Permanente,General Medical / Surgical,NO,145,7300 NORTH FRESNO STREET,FRESNO,93720,559-448-4500,0,0,0,0,0,0,0,No,95,8485,29680,33138,26,1475,3335,0,0,0,0,0,12,0,0,0,4392,0,0,0,0,0,0,0,0,0,0,0,0,0,0,0,12,1142,0,2011,4392,0,0,0,0,145,11102,35026,51438,0,0,0,0,0,0,0,0,0,0,0,0,0,0,0,0,145,11102,35026,51438,0,0,0,NEITHER,0,0,0,0,0,0,0,0,0,0,0,0,0,0,0,0,0,0,0,0,0,0,0,0,0,0,1242,38,6,0,0,0,0,330,912,2910,2839,351211,5164,348044,No,8,0,8,0,Basic,Basic,0,0,0,1,0,0,162,2,8561,218,0,0,15694,4993,359,181,24776,5394,20,0,554,0,0,0,0,0,0,0,0,0,0,0,0,0,0,0,0,0,0,0,0,0,0,0,0,0,0,0,0,0,0,0,0,0,1,744,696,744,720,744,720,744,744,720,744,720,744,35f,82,147,19,Fresno North Central,Urban,No,No,No,1,24776,100 - 149,0
106380857,KAISER FND HOSP - GEARY S F,1/1/04,12/31/04,Open,2/16/54,2/16/54,San Francisco,04 - West Bay,General Acute Care,Non-Profit Corporation (incl. Church-related),"Kaiser Foundation Hospitals, Inc.",General Medical / Surgical,NO,247,2425 GEARY BOULEVARD,SAN FRANCISCO,94115,415-833-9057,0,0,0,0,0,0,0,No,161,9411,43767,58926,22,2477,7058,3660,10,575,1769,3660,32,305,2214,8179,11712,0,0,0,0,0,0,0,0,0,0,0,0,0,0,0,22,284,320,4203,8052,0,0,0,0,247,13052,64976,90402,0,0,0,0,0,0,0,0,0,0,0,0,0,0,0,0,247,13052,64976,90402,0,0,0,CV SURG,5,0,0,1016,193,1016,193,835,3,0,91,0,1,1837,1389,2030,870,3867,2351,143,1569,33,6,3,501,2351,2437,171,29,0,0,0,0,618,1819,4786,3730,734866,4499,368944,No,12,0,12,0,Basic,Basic,0,0,0,1,0,0,456,6,2383,60,8255,402,9160,2296,2437,1645,22691,4409,24,0,256,1,0,0,0,0,3,0,0,1,2,1,0,0,7,0,0,0,0,0,0,0,0,0,0,0,0,0,0,0,0,0,0,0,1,744,696,744,720,744,720,744,744,720,744,720,744,162h,65,141,8,Laurel Heights/Ocean Beach North/Richmond/Sutro Heights,Urban,No,No,No,1,22691,200 - 299,96
106190431,KAISER FND HOSP - HARBOR CITY,1/1/04,12/31/04,Open,1/14/59,1/14/59,Los Angeles,11 - Los Angeles,General Acute Care,Non-Profit Corporation (incl. Church-related),Kaiser Foundation Health Plan / Hospitals,General Medical / Surgical,NO,235,25825 SOUTH VERMONT AVENUE,HARBOR CITY,90710,310-517-2770-2662,0,0,0,0,0,0,0,No,162,8777,33261,59292,24,2063,4760,8052,22,666,1583,8052,10,218,841,2637,3660,10,243,655,2778,3660,0,0,0,0,0,0,0,0,0,0,7,207,193,1371,2562,0,0,0,0,235,12174,46390,86010,0,0,0,0,0,0,0,0,0,0,0,0,0,0,0,0,235,12174,46390,86010,0,0,0,NEITHER,0,0,0,0,0,0,0,0,0,0,0,0,0,0,0,0,0,0,0,0,0,0,0,0,0,0,1775,106,10,1,1,0,1223,528,24,2206,3154,446097,5532,435591,Yes,8,0,7,1,Basic,Basic,0,0,0,1,0,0,1448,0,28920,2619,24327,7000,1941,1700,22,12,56658,11331,29,1448,1193,0,326,195,323,362,210,260,248,225,283,173,118,238,2961,0,0,0,0,0,0,0,0,0,0,0,0,0,0,0,0,0,0,0,1,744,696,744,720,744,720,744,744,720,744,720,744,78.2aaaa,108,161,36,Harbor Gateway South/Lomita/Torrance East Central,Urban,No,No,No,1,56658,200 - 299,0
106010858,KAISER FND HOSP - HAYWARD,1/1/04,12/31/04,Open,12/1/66,12/1/66,Alameda,05 - East Bay,General Acute Care,Non-Profit Corporation (incl. Church-related),Kaiser Foundation Hospital,General Medical / Surgical,NO,210,27400 HESPERIAN BOULEVARD,HAYWARD,94545,510-784-4000,0,0,0,0,0,0,0,No,128,12301,34747,46848,30,3194,6732,7320,20,1013,2747,7320,16,292,879,4892,5856,0,0,0,0,0,0,0,0,0,0,0,0,0,0,0,16,272,0,3558,5856,0,0,0,0,210,17072,52676,76860,0,0,0,0,0,0,0,0,0,0,0,0,0,0,0,0,210,17072,52676,76860,0,0,0,NEITHER,0,0,0,0,0,0,0,0,0,0,0,0,0,0,0,0,0,0,0,0,0,0,0,0,0,0,2790,51,19,0,0,0,0,0,2790,27,2448,357417,3209,282234,No,8,1,4,3,Basic,Basic,0,0,0,1,0,0,0,0,0,0,0,0,0,0,0,0,0,0,20,0,560,0,0,0,0,0,0,0,0,0,0,0,0,0,0,0,0,0,0,0,0,0,0,0,0,0,0,0,0,0,0,0,0,0,1,744,696,744,720,744,720,744,744,720,744,720,744,2g,71,143,13,San Leandro West/San Lorenzo West/Hayward West,Urban,No,No,No,1,0,200 - 299,0
106190646,KAISER FND HOSP - MENTAL HEALTH CENTER,1/1/04,12/31/04,Open,1/1/46,1/1/46,Los Angeles,11 - Los Angeles,General Acute Care,Non-Profit Corporation (incl. Church-related),Kaiser Foundation Hospital,Psychiatric,NO,68,765 COLLEGE STREET,LOS ANGELES,90012,323-783-4011-8100,0,0,0,0,0,0,0,No,0,0,0,0,0,0,0,0,0,0,0,0,0,0,0,0,0,0,0,0,0,0,0,0,0,0,0,0,0,0,0,0,0,0,0,0,0,0,0,0,0,0,0,0,0,0,0,0,0,68,2455,19318,24888,0,0,0,0,0,0,0,0,68,2455,19318,24888,0,0,0,NEITHER,0,0,0,0,0,0,0,0,0,0,0,0,0,0,0,0,0,0,0,0,0,0,0,0,0,0,0,0,0,0,0,0,0,0,0,0,0,0,0,0,Yes,0,0,0,0,0,0,0,1,0,0,0,0,0,0,0,0,0,0,0,0,0,0,0,0,0,0,0,0,0,0,0,0,0,0,0,0,0,0,0,0,0,0,0,0,0,0,0,0,0,0,0,0,0,0,0,0,0,0,0,0,0,0,0,0,0,0,0,0,0,0,0,0,0,78.2ff,98,154,31,Glassell Park/Glendale Southeast/Silverlake North,Urban,No,No,No,1,0,50 - 99,0
106010856,KAISER FND HOSP - OAKLAND CAMPUS,1/1/04,12/31/04,Open,1/1/46,1/1/46,Alameda,05 - East Bay,General Acute Care,Non-Profit Corporation (incl. Church-related),Kaiser Foundation Hospitals,General Medical / Surgical,NO,346,280 W. MACARTHUR BOULEVARD,OAKLAND,94611-5693,510-752-1000,0,0,0,0,0,0,0,No,246,10868,46648,90036,39,1986,4429,6222,17,1236,4142,6222,16,209,965,5709,5856,10,0,0,0,3660,0,0,0,0,0,0,0,0,0,0,18,82,1120,1908,6588,0,0,0,0,346,14381,62836,126636,0,0,0,0,0,0,0,0,0,0,0,0,0,0,0,0,346,14381,62836,126636,0,0,0,NEITHER,0,0,0,0,0,0,0,0,0,0,0,0,0,0,0,0,0,0,0,0,0,0,0,0,0,0,993,48,35,0,0,0,0,265,728,3508,4361,881651,4958,497756,No,12,0,12,0,Basic,Basic,0,0,0,1,0,0,2,0,1592,7,17046,408,16572,4041,6576,3195,41788,7651,28,1428,886,0,0,0,0,0,0,0,0,0,0,0,0,0,0,0,0,0,0,0,0,0,0,0,0,0,0,0,0,0,0,0,0,1,0,744,696,744,720,744,720,744,744,720,744,720,744,2b,67,142,9,Albany/Berkeley East and North/Claremont/Cragmont/Forest Park/Rockridge/Temescal/Thousand Oaks,Urban,No,No,No,1,41788,300 - 499,0
106190432,KAISER FND HOSP - PANORAMA CITY,1/1/04,12/31/04,Open,6/21/63,6/21/63,Los Angeles,11 - Los Angeles,General Acute Care,Non-Profit Corporation (incl. Church-related),Kaiser Permanente,General Medical / Surgical,NO,262,13652 CANTARA STREET,PANORAMA CITY,91402,818-375-2000-2347,0,0,0,0,0,0,0,No,167,9938,31475,61122,39,1828,4248,5856,16,804,1627,5856,30,320,1066,2857,10980,0,0,0,0,0,0,0,0,0,0,0,0,0,0,0,10,128,141,910,3660,0,0,0,0,262,13018,41117,95892,0,0,0,0,0,0,0,0,0,0,0,0,0,0,0,0,262,13018,41117,95892,0,0,0,NEITHER,0,0,0,0,0,0,0,0,0,0,0,0,0,0,0,0,0,0,0,0,0,0,0,0,0,0,1616,93,15,1,1,0,81,494,1041,2505,3546,458676,6545,447944,Yes,8,2,6,0,Basic,Basic,0,0,0,1,0,0,554,7,8412,451,24989,4703,2697,900,19,19,36671,6080,23,8412,303,1,61,107,81,87,36,33,32,96,107,60,63,56,819,0,0,0,0,0,0,0,0,0,0,0,0,0,0,0,0,0,0,1,1,744,696,744,720,744,720,744,744,720,744,720,744,78.2zz,92,153,28,Northridge South/Reseda North,Urban,No,No,No,1,36671,200 - 299,0
106364110,KAISER FND HOSP - PERMANENTE CHEM DEP PROGRAM,1/1/04,12/31/04,Open,12/22/92,12/22/92,San Bernardino,12 - Inland Counties,Chemical Dependency Recovery Hospital,Non-Profit Corporation (incl. Church-related),"Kaiser Foundation Hospitals, Inc.",Chemical Dependency (Alcohol/Drug),NO,20,17046 MARYGOLD AVENUE,FONTANA,92335,909-427-7700,0,0,0,0,0,0,0,No,0,0,0,0,0,0,0,0,0,0,0,0,0,0,0,0,0,0,0,0,0,0,0,0,0,0,0,0,0,0,0,0,0,0,0,0,0,0,0,0,0,0,0,0,0,20,658,2001,7320,0,0,0,0,0,0,0,0,0,0,0,0,20,658,2001,7320,0,0,0,NEITHER,0,0,0,0,0,0,0,0,0,0,0,0,0,0,0,0,0,0,0,0,0,0,0,0,0,0,0,0,0,0,0,0,0,0,0,0,0,0,0,0,Yes,0,0,0,0,0,0,1,0,0,0,0,0,0,0,0,0,0,0,0,0,0,0,0,0,0,0,0,0,0,0,0,0,0,0,0,0,0,0,0,0,0,0,0,0,0,0,0,0,0,0,0,0,0,0,0,0,0,0,0,0,0,0,0,0,0,0,0,0,0,0,0,0,0,151f,115,165,43,Bloomington/Colton Central and West/Fontana South/Rialto South,Urban,No,No,No,1,0,1 - 49,0
106410804,KAISER FND HOSP - REDWOOD CITY,1/1/04,12/31/04,Open,7/17/68,7/17/68,San Mateo,04 - West Bay,General Acute Care,Non-Profit Corporation (incl. Church-related),"Kaiser Foundation Hospital, Inc",General Medical / Surgical,NO,213,1150 VETERANS BOULEVARD,REDWOOD CITY,94063,650-299-2000,0,0,0,0,0,0,0,No,163,6422,26407,59658,24,1364,3063,4392,12,292,667,4392,10,201,785,2923,3660,0,0,0,0,0,0,0,0,0,0,0,0,0,0,0,4,44,45,369,1464,0,0,0,0,213,8323,33429,77958,0,0,0,0,0,0,0,0,0,0,0,0,0,0,0,0,213,8323,33429,77958,0,0,0,NEITHER,0,0,0,0,0,0,0,0,0,0,0,0,0,0,0,0,0,0,0,0,0,0,0,0,0,0,1371,34,3,0,0,0,0,154,1217,2397,3054,457172,4718,290501,Yes,8,2,6,0,Basic,Basic,0,0,0,1,0,0,642,2,1356,10,10667,182,7214,1552,4042,2164,23921,3910,16,0,395,1,4,3,0,0,0,0,0,0,0,0,2,1,10,0,0,0,0,0,0,0,0,0,0,0,0,0,0,0,0,0,0,0,1,744,696,744,720,744,720,744,744,720,744,720,744,176c,74,144,14,Atherton/Lindenwood/Menlo Oaks/Menlo Park/Redwood City Central/Sharon Heights/West Menlo Park/Woodside/Woodside Hills,Urban,No,No,No,1,23921,200 - 299,0
106480989,KAISER FND HOSP - REHABILITATION CENTER VALLEJO,1/1/04,12/31/04,Open,3/21/73,3/21/73,Solano,03 - North Bay,General Acute Care,Non-Profit Corporation (incl. Church-related),Kaiser Permanente Program Offices,General Medical / Surgical,NO,287,975 SERENO DRIVE,VALLEJO,94590,707-651-1000,0,0,0,0,0,0,0,No,160,11333,51507,58560,32,2411,5090,0,0,0,0,0,9,449,1430,6108,3294,10,0,0,0,3660,0,0,0,0,0,0,0,0,0,0,16,439,544,1904,5856,60,804,15726,21960,287,15436,80335,105042,0,0,0,0,0,0,0,0,0,0,0,0,0,0,0,0,287,15436,80335,105042,0,0,0,NEITHER,0,0,0,0,0,0,0,0,0,0,0,0,0,0,0,0,0,0,0,0,0,0,0,0,0,0,2252,67,7,0,0,0,0,488,1764,0,3310,442698,5970,482464,No,10,3,7,0,Basic,Basic,0,0,0,1,0,0,191,3,7342,927,23616,6693,958,262,0,0,32107,7885,26,13587,358,0,0,0,0,0,0,0,0,0,0,0,0,0,0,0,0,0,0,0,0,0,0,0,0,0,0,0,0,0,0,0,0,1,0,744,696,744,720,744,720,744,744,720,744,720,744,204,60,135,7,Vallejo,Urban,No,No,No,1,32107,200 - 299,0
106334025,KAISER FND HOSP - RIVERSIDE,1/1/04,12/31/04,Open,9/11/89,9/11/89,Riverside,12 - Inland Counties,General Acute Care,Non-Profit Corporation (incl. Church-related),Kaiser Foundation Health,General Medical / Surgical,NO,215,10800 MAGNOLIA AVENUE,RIVERSIDE,92505,951-353-4600,0,0,0,0,0,0,0,No,120,10228,35142,43920,28,3267,6222,10980,30,810,1611,10980,11,263,714,2982,4026,11,265,742,2777,4026,0,0,0,0,0,0,0,0,0,0,15,286,241,2135,5490,0,0,0,0,215,15119,50869,78690,0,0,0,0,0,0,0,0,0,0,0,0,0,0,0,0,215,15119,50869,78690,0,0,0,NEITHER,0,0,0,0,0,0,0,0,0,0,0,0,0,0,0,0,0,0,0,0,0,0,0,0,0,0,3157,145,13,0,0,0,0,752,2405,4248,3330,462240,6858,505377,Yes,8,0,8,0,Basic,Basic,0,0,0,1,0,0,1419,0,7233,0,14240,2265,10725,3218,1193,1140,34810,6623,32,1419,364,1,4,1,0,7,2,0,2,5,0,2,2,2,27,0,0,0,0,0,0,0,0,0,0,0,0,0,0,0,0,0,0,1,0,744,696,744,720,744,720,744,744,720,744,720,744,135d,119,164,44,Arlington/Corona East/Home Gardens/La Sierra/Riverside Southwest,Urban,No,No,No,1,34810,200 - 299,0
106340913,KAISER FND HOSP - SACRAMENTO,1/1/04,12/31/04,Open,5/11/61,5/11/61,Sacramento,02 - Golden Empire,General Acute Care,Non-Profit Corporation (incl. Church-related),Kaiser Permanente-KFHP Program Offices,General Medical / Surgical,NO,333,2025 MORSE AVENUE,SACRAMENTO,95825,916-973-7447,0,0,0,0,0,0,0,No,190,15521,51210,73008,42,4804,48833,8052,22,1439,4746,8052,25,1060,1809,11106,9150,9,192,627,2375,3294,0,0,0,0,0,0,0,0,0,0,45,516,765,10957,16470,0,0,0,0,333,23532,129227,127590,0,0,0,0,0,0,0,0,0,0,0,0,0,0,0,0,333,23532,129227,127590,0,0,0,CATH LAB,0,0,0,0,0,0,0,0,1,0,0,0,0,692,0,793,0,1485,0,0,0,0,0,0,0,0,3843,251,91,0,0,0,0,1068,2775,4532,6994,493920,2842,284742,No,12,0,12,0,Basic,Basic,0,0,0,1,0,0,92,3,2253,28,10623,377,18450,2662,11710,6771,43128,9841,36,0,671,1,6,7,0,0,0,2,0,3,0,0,0,3,21,0,0,0,0,0,0,0,0,0,0,0,0,0,0,0,0,0,0,1,0,744,696,744,720,744,720,744,744,720,744,720,744,139d,58,139,5,Arcade/Arden/Town and Country Village,Urban,No,No,No,1,43128,300 - 499,0
106370730,KAISER FND HOSP - SAN DIEGO,1/1/04,12/31/04,Open,11/18/75,11/18/75,San Diego,14 - San Diego/Imperial,General Acute Care,Non-Profit Corporation (incl. Church-related),Kaiser Foundation Hospital,General Medical / Surgical,NO,392,4647 ZION AVENUE,SAN DIEGO,92120,619-528-5088,1,1,0,0,0,0,0,No,265,18180,74919,96990,45,6225,14261,9150,25,1650,3933,9150,24,403,1652,5822,8784,0,0,0,0,0,0,0,0,0,0,0,0,0,0,0,33,317,218,5434,12078,0,0,0,0,392,26775,104369,143472,0,0,0,0,0,0,0,0,0,0,0,0,0,0,0,0,392,26775,104369,143472,0,0,0,NEITHER,0,0,0,0,0,0,0,0,0,0,0,0,0,0,0,0,0,0,0,0,0,0,0,0,0,0,4022,263,60,0,0,0,0,1123,2899,5482,7235,1084437,19566,1431722,No,22,9,13,0,Basic,Basic,0,0,0,1,0,0,12587,0,25205,0,52647,0,1809,0,26,0,92274,0,54,37792,559,1,238,206,148,116,68,117,80,87,150,150,47,89,1496,0,0,0,0,0,0,0,0,0,0,0,0,0,0,0,0,0,0,1,0,744,696,744,720,744,720,744,744,720,744,720,744,161o,131,172,52,Allied Gardens/Del Cerro/Grantville/Miramar/Tierrasanta,Urban,No,No,No,1,92274,300 - 499,0
106210992,KAISER FND HOSP - SAN RAFAEL,1/1/04,12/31/04,Open,12/9/66,12/9/66,Marin,04 - West Bay,General Acute Care,Non-Profit Corporation (incl. Church-related),"Kaiser Foundation Hospitals, Inc",General Medical / Surgical,NO,120,99 MONTECILLO ROAD,SAN RAFAEL,94903,415-444-2000,0,0,0,0,0,0,0,No,108,5708,22108,39528,0,0,0,0,0,0,0,0,12,229,708,2469,4392,0,0,0,0,0,0,0,0,0,0,0,0,0,0,0,0,0,0,0,0,0,0,0,0,120,5937,24577,43920,0,0,0,0,0,0,0,0,0,0,0,0,0,0,0,0,120,5937,24577,43920,0,0,0,NEITHER,0,0,0,0,0,0,0,0,0,0,0,0,0,0,0,0,0,0,0,0,0,0,0,0,0,0,0,0,0,0,0,0,0,0,0,0,1120,152220,3542,411180,No,5,0,5,0,Basic,Basic,0,0,0,1,0,0,220,4,1631,13,9733,134,5866,1151,2260,1784,19710,3086,18,0,152,0,0,0,0,0,0,0,0,0,0,0,0,0,0,0,0,0,0,0,0,0,0,0,0,0,0,0,0,0,0,0,0,0,1,744,696,744,720,744,720,744,744,720,744,720,744,83a,59,136,6,Corte Madera/Fairfax/Kentfield/Larkspur/Marinwood/Mill Valley/Ross/San Anselmo/San Rafael West/Terra Linda,Urban,No,No,No,1,19710,100 - 149,0
106430805,KAISER FND HOSP - SANTA CLARA,1/1/04,12/31/04,Open,7/1/64,7/1/64,Santa Clara,07 - Santa Clara,General Acute Care,Non-Profit Corporation (incl. Church-related),Kaiser Foundation Health Plan AND Hospital,General Medical / Surgical,NO,286,900 KIELY BOULEVARD,SANTA CLARA,95051-5386,408-236-6400,0,0,0,0,0,0,0,No,177,13613,51680,64782,44,3962,7857,6954,19,1583,3793,6954,27,397,652,5583,9882,0,0,0,0,0,0,0,0,0,0,0,0,0,0,0,19,315,67,4676,6954,0,0,0,0,286,19870,73589,104676,0,0,0,0,0,0,0,0,0,0,0,0,0,0,0,0,286,19870,73589,104676,0,0,0,NEITHER,0,0,0,0,0,0,0,0,0,0,0,0,0,0,0,0,0,0,0,0,0,0,0,0,0,0,3349,293,30,0,0,0,0,780,2569,4312,4114,647367,11356,853970,Yes,16,6,0,10,Basic,Basic,0,0,0,1,0,0,60,0,1183,7,18928,648,19384,7152,1769,1257,41324,9064,22,0,2400,1,0,7,1,0,0,0,2,0,0,3,5,5,23,0,0,0,0,0,0,0,0,0,0,0,0,0,0,0,0,0,0,1,0,744,696,744,720,744,720,744,744,720,744,720,744,183n,75,146,15,Santa Clara South and West,Urban,No,No,No,1,41324,200 - 299,0
106494019,KAISER FND HOSP - SANTA ROSA,1/1/04,12/31/04,Open,3/30/90,3/30/90,Sonoma,03 - North Bay,General Acute Care,Non-Profit Corporation (incl. Church-related),"Kaiser Foundation Hospitals, Inc.",General Medical / Surgical,NO,117,401 BICENTENNIAL WAY,SANTA ROSA,95403,707-571-4000,0,0,0,0,0,0,0,No,72,5449,21531,26352,17,2313,4223,2562,7,355,729,2562,10,284,569,2384,3660,0,0,0,0,0,0,0,0,0,0,0,0,0,0,0,11,204,218,1529,4026,0,0,0,0,117,8605,30396,42822,0,0,0,0,0,0,0,0,0,0,0,0,0,0,0,0,117,8605,30396,42822,0,0,0,NEITHER,0,0,0,0,0,0,0,0,0,0,0,0,0,0,0,0,0,0,0,0,0,0,0,0,0,0,1789,74,5,0,0,0,0,431,1358,2833,1329,119051,5698,465593,Yes,6,2,4,0,Basic,Basic,0,0,0,1,0,0,34,4,2731,14,10619,253,8176,1701,2619,1689,24179,3661,17,0,376,1,4,0,0,0,0,0,0,0,0,0,0,0,4,0,0,0,0,0,0,0,0,0,0,0,0,0,0,0,0,0,0,0,1,744,696,744,720,744,720,744,744,720,744,720,744,210.1,60,135,6,Santa Rosa,Urban,No,No,No,1,24179,100 - 149,0
106431506,KAISER FND HOSP - SANTA TERESA COMMUNITY HOSPITAL,1/1/04,12/31/04,Open,12/1/73,12/1/73,Santa Clara,07 - Santa Clara,General Acute Care,Non-Profit Corporation (incl. Church-related),KAISER FOUNDATION HOSPITAL,General Medical / Surgical,NO,228,250 HOSPITAL PARKWAY,SAN JOSE,95119,408-972-7000,0,0,0,0,0,0,0,No,138,9566,40636,50508,32,3118,5676,8052,22,1417,3385,8052,14,316,972,3600,5124,10,0,0,0,3660,0,0,0,0,0,0,0,0,0,0,12,262,0,1943,4392,0,0,0,0,228,14679,55240,83448,0,0,0,0,0,0,0,0,0,0,0,0,0,0,0,0,228,14679,55240,83448,0,0,0,CATH LAB,0,0,0,0,0,0,0,0,1,0,0,0,0,847,0,814,0,1661,0,0,0,0,0,0,0,0,2485,64,7,1,1,1,7,586,1892,5737,4781,560591,4455,267749,Yes,10,4,6,0,Basic,Basic,0,0,0,1,0,0,32,4,317,0,4107,48,12006,827,6999,4200,23461,5079,25,0,0,1,0,6,0,0,0,0,0,0,0,0,0,3,9,0,0,0,0,0,0,0,0,0,0,0,0,0,0,0,0,0,0,0,1,744,696,744,720,744,720,744,744,720,744,720,744,183i,77,144,16,New Almaden/San Jose Southwest,Urban,No,No,No,1,23461,200 - 299,0
106342344,KAISER FND HOSP - SOUTH SACRAMENTO,1/1/04,12/31/04,Open,10/24/85,10/24/85,Sacramento,02 - Golden Empire,General Acute Care,Non-Profit Corporation (incl. Church-related),Kaiser Permanente,General Medical / Surgical,NO,162,6600 BRUCEVILLE ROAD,SACRAMENTO,95823,916-688-2000,1,1,0,1,0,0,0,No,105,7359,26408,38430,29,4135,7395,0,0,2336,7331,0,10,226,0,2757,3660,10,266,0,2655,3660,0,0,0,0,0,0,0,0,0,0,8,289,0,1588,2928,0,0,0,0,162,14611,48134,59292,0,0,0,0,0,0,0,0,0,0,0,0,0,0,0,0,162,14611,48134,59292,0,0,0,NEITHER,0,0,0,0,0,0,0,0,0,0,0,0,0,0,0,0,0,0,0,0,0,0,0,0,0,0,3499,0,0,0,0,0,0,0,3499,6371,2657,354587,6648,484410,Yes,8,0,8,0,Basic,Basic,0,0,0,1,0,0,521,0,52567,7312,3421,0,448,0,98,0,57055,7312,24,577,0,1,0,9,0,0,0,0,0,3,0,0,0,0,12,0,0,0,0,0,0,0,0,0,0,0,0,0,0,0,0,0,0,0,0,744,696,744,720,744,720,744,744,720,744,720,744,139h,62,139,5,Elk Grove/Laguna/Laguna West/Lakeside,Urban,No,No,No,1,57055,150 - 199,0
106410806,KAISER FND HOSP - SOUTH SAN FRANCISCO,1/1/04,12/31/04,Open,7/1/74,7/1/74,San Mateo,04 - West Bay,General Acute Care,Non-Profit Corporation (incl. Church-related),"Kaiser Foundation Hospitals, Inc",General Medical / Surgical,NO,120,1200 EL CAMINO REAL,SOUTH SAN FRANCISCO,94080,650-742-2000,0,0,0,0,0,0,0,No,105,6115,24159,39302,0,0,0,0,0,0,0,0,15,335,968,3197,5490,0,0,0,0,0,0,0,0,0,0,0,0,0,0,0,0,0,0,0,0,0,0,0,0,120,6450,27356,44792,0,0,0,0,0,0,0,0,0,0,0,0,0,0,0,0,120,6450,27356,44792,0,0,0,NEITHER,0,0,0,0,0,0,0,0,0,0,0,0,0,0,0,0,0,0,0,0,0,0,0,0,0,0,0,0,0,0,0,0,0,0,0,0,2563,317248,4206,296922,Yes,7,0,7,0,Basic,Basic,0,0,0,1,0,0,23,1,892,3,12780,88,14173,1741,4258,2429,32126,4262,19,0,369,1,2,7,0,5,1,12,1,1,11,6,14,5,65,0,0,0,0,0,0,0,0,0,0,0,0,0,0,0,0,0,0,0,1,744,696,744,720,744,720,744,744,720,744,720,744,176a,72,141,12,Brisbane/Burlingame Northeast/Colma/Daly City East/Millbrae East/San Bruno/South San Francisco,Urban,No,No,No,1,32126,100 - 149,0
106190429,KAISER FND HOSP - SUNSET,1/1/04,12/31/04,Open,5/1/53,5/1/53,Los Angeles,11 - Los Angeles,General Acute Care,Non-Profit Corporation (incl. Church-related),Kaiser Foundation Hospital,General Medical / Surgical,NO,439,4867 SUNSET BOULEVARD,LOS ANGELES,90027,323-783-4011-8100,0,0,0,0,0,0,0,No,249,12395,60181,91134,38,2591,6195,11346,31,2371,8598,11346,60,1817,1897,15038,21960,33,1574,1456,9698,12078,0,0,0,0,0,0,0,0,0,0,28,421,226,6088,10248,0,0,0,0,439,21169,105798,160674,0,0,0,0,0,0,0,0,0,0,0,0,0,0,0,0,439,21169,105798,160674,0,0,0,CV SURG,4,0,0,1382,58,1382,58,1012,4,14,13,77,93,629,256,3673,1500,4393,1862,0,2043,187,6,0,51,2300,2249,183,51,1,1,1,672,617,960,3285,7207,1386855,7915,649182,Yes,23,6,13,4,Basic,Basic,0,0,0,1,0,0,1950,0,22472,932,27066,3851,11017,8282,218,138,62723,13203,47,0,803,1,309,269,335,312,221,169,136,175,152,168,146,303,2695,0,0,0,0,0,0,0,0,0,0,0,0,0,0,0,0,0,0,0,0,744,696,744,720,744,720,744,744,720,744,720,744,78.2g,98,159,33,Hollywood South Central/Inner Sunset,Urban,No,No,No,1,62723,300 - 499,13
106314024,KAISER FND HOSP - VALLEY MEDICAL CENTER,1/1/04,12/31/04,Open,7/23/98,7/23/96,Placer,02 - Golden Empire,General Acute Care,Non-Profit Corporation (incl. Church-related),Kaiser Permanente-KFHP Program Offices,General Medical / Surgical,NO,166,1600 EUREKA ROAD,ROSEVILLE,95661,916-784-4000,0,0,0,0,0,0,0,No,146,14930,43241,53436,0,0,0,0,0,0,0,0,20,467,1623,4755,7320,0,0,0,0,0,0,0,0,0,0,0,0,0,0,0,0,0,0,0,0,0,0,0,0,166,15397,47996,60756,0,0,0,0,0,0,0,0,0,0,0,0,0,0,0,0,166,15397,47996,60756,0,0,0,CATH LAB,0,0,0,0,0,0,0,0,0,0,0,0,0,0,0,0,0,0,0,0,0,0,0,0,0,0,0,0,0,0,0,0,0,0,0,0,981,491118,7308,612641,Yes,9,0,9,0,Basic,Basic,0,0,0,1,0,0,90,4,2505,17,9103,302,14868,2462,10134,6288,36700,9073,24,0,519,1,8,2,2,0,0,0,0,0,2,0,0,0,14,0,0,0,0,0,0,0,0,0,0,0,0,0,0,0,0,0,0,0,1,744,696,744,720,744,720,744,744,720,744,720,744,121.1,57,134,4,Granite Bay West/Roseville,Urban,No,No,No,1,36700,150 - 199,0
106070990,KAISER FND HOSP - WALNUT CREEK,1/1/04,12/31/04,Open,9/11/53,9/11/53,Contra Costa,05 - East Bay,General Acute Care,Non-Profit Corporation (incl. Church-related),Kaiser Permanente Medical Care Program,General Medical / Surgical,NO,233,1425 SOUTH MAIN STREET,WALNUT CREEK,94596-5300,925-295-4000,0,0,0,0,0,0,0,No,138,10980,47150,50508,34,4979,11493,4392,12,1196,3327,4392,24,711,1644,7983,8784,0,0,0,0,0,0,0,0,0,0,0,0,0,0,0,25,402,138,6225,9150,0,0,0,0,233,18268,76178,85278,0,0,0,0,0,0,0,0,0,0,0,0,0,0,0,0,233,18268,76178,85278,0,0,0,NEITHER,0,0,0,0,0,0,0,0,0,0,0,0,0,0,0,0,0,0,0,0,0,0,0,0,0,0,4037,239,51,1,1,0,3049,988,0,11488,5753,807824,5385,376848,Yes,14,4,10,0,Basic,Basic,0,0,0,1,0,0,604,11,13325,1165,26064,6142,1533,507,5,1,41531,7826,36,7048,417,0,0,0,0,0,0,0,0,0,0,0,0,0,0,0,0,0,0,0,0,0,0,0,0,0,0,0,0,0,0,0,0,1,0,744,696,744,720,744,720,744,744,720,744,720,744,18j,68,140,10,Clayton/Concord South/Walnut Creek Central and East,Urban,No,No,No,1,41531,200 - 299,0
106190434,KAISER FND HOSP - WEST LA,1/1/04,12/31/04,Open,9/16/74,9/16/74,Los Angeles,11 - Los Angeles,General Acute Care,Non-Profit Corporation (incl. Church-related),Kaiser Foundation,General Medical / Surgical,NO,293,6041 CADILLAC AVENUE,LOS ANGELES,90034,323-857-2000-2201,0,0,0,0,0,0,0,No,203,8868,38178,74298,30,1856,4345,3294,9,428,896,3294,34,788,875,6202,12444,0,0,0,0,0,0,0,0,0,0,0,0,0,0,0,17,197,151,1988,6222,0,0,0,0,293,12137,51609,107238,0,0,0,0,0,0,0,0,0,0,0,0,0,0,0,0,293,12137,51609,107238,0,0,0,NEITHER,0,0,0,0,0,0,0,0,0,0,0,0,0,0,0,0,0,0,0,0,0,0,0,0,0,0,1428,119,14,0,0,0,0,363,1065,1741,2192,344611,5606,491926,Yes,9,0,9,0,Basic,Basic,0,0,0,1,0,0,1949,0,37106,0,17406,0,950,0,63,0,57474,0,27,0,1241,1,157,69,91,105,111,119,148,150,141,184,79,135,1489,0,0,0,0,0,0,0,0,0,0,0,0,0,0,0,0,0,0,0,1,744,696,744,720,744,720,744,744,720,744,720,744,78.2x,100,159,33,Hancock Park/Mid-City West/Park La Brea,Urban,No,No,No,1,57474,200 - 299,0
106191450,KAISER FND HOSP - WOODLAND HILLS,1/1/04,12/31/04,Open,4/8/86,4/8/86,Los Angeles,11 - Los Angeles,General Acute Care,Non-Profit Corporation (incl. Church-related),Kaiser Foundation Hospitals,General Medical / Surgical,NO,218,5601 DE SOTO AVENUE,WOODLAND HILLS,91367,818-719-2000,0,0,0,0,0,0,0,No,147,9068,33480,53074,24,1595,5330,2562,7,789,1790,2562,11,188,622,2496,4026,11,154,555,2064,4026,0,0,0,0,0,0,0,0,0,0,18,206,107,3446,6588,0,0,0,0,218,12000,48606,79788,0,0,0,0,0,0,0,0,0,0,0,0,0,0,0,0,218,12000,48606,79788,0,0,0,NEITHER,0,0,0,0,0,0,0,0,0,0,0,0,0,0,0,0,0,0,0,0,0,0,0,0,0,0,1744,151,44,1,1,0,758,480,506,3025,3885,524261,8162,555010,Yes,12,4,8,0,Basic,Basic,0,0,0,1,0,0,2094,16,14855,758,16800,3691,1463,552,43,18,35255,5035,33,0,587,1,241,147,230,245,159,111,159,160,253,139,200,240,2284,0,0,0,0,0,0,0,0,0,0,0,0,0,0,0,0,0,0,0,1,744,696,744,720,744,720,744,744,720,744,720,744,78.2yy,94,156,30,Encino/Tarzana/Warner Center/Woodland Hills,Urban,No,No,No,1,35255,200 - 299,0
106071010,KAISER FND HOSPITAL-MARTINEZ/WALNUT CREEK,1/1/04,12/31/04,Open,10/29/04,,Contra Costa,05 - East Bay,General Acute Care,Non-Profit Corporation (incl. Church-related),Kaiser Permanente Medical Care Program,General Medical / Surgical,NO,55,200 MUIR ROAD,MARTINEZ,94596,925-372-1000,0,0,0,0,0,0,0,No,55,185,486,3520,0,0,0,0,0,0,0,0,0,0,0,0,0,0,0,0,0,0,0,0,0,0,0,0,0,0,0,0,0,0,0,0,0,0,0,0,0,55,185,486,3520,0,0,0,0,0,0,0,0,0,0,0,0,0,0,0,0,55,185,486,3520,0,0,0,NEITHER,0,0,0,0,0,0,0,0,0,0,0,0,0,0,0,0,0,0,0,0,0,0,0,0,0,0,0,0,0,0,0,0,0,0,0,0,133,21432,4467,347041,Yes,5,0,5,0,0,0,0,1,0,0,0,0,0,0,0,0,0,0,0,0,0,0,0,0,0,0,0,0,0,0,0,0,0,0,0,0,0,0,0,0,0,0,0,0,0,0,0,0,0,0,0,0,0,0,0,0,0,0,0,0,0,0,0,0,0,0,0,0,0,0,0,0,0,,,,,Not Available,Not Available,No,No,No,1,0,50 - 99,0
106074093,KAISER FNDN HOSP - RICHMOND CAMPUS,1/1/04,12/31/04,Open,9/7/95,9/7/95,Contra Costa,05 - East Bay,General Acute Care,Non-Profit Corporation (incl. Church-related),Kaiser Foundation Hospital,General Medical / Surgical,NO,50,901 NEVIN,RICHMOND,94804,510-307-1500,0,0,0,0,0,0,0,No,42,3203,10070,15372,0,0,0,0,0,0,0,0,4,150,345,1058,1464,4,0,0,0,1464,0,0,0,0,0,0,0,0,0,0,0,0,0,0,0,0,0,0,0,50,3353,11128,18300,0,0,0,0,0,0,0,0,0,0,0,0,0,0,0,0,50,3353,11128,18300,0,0,0,NEITHER,0,0,0,0,0,0,0,0,0,0,0,0,0,0,0,0,0,0,0,0,0,0,0,0,0,0,0,0,0,0,0,0,0,0,0,0,826,113225,2250,199489,Yes,3,0,3,0,Basic,Basic,0,0,0,1,0,0,10,2,481,1,11206,148,10554,1444,3793,1325,26044,2920,15,491,429,0,0,0,0,0,0,0,0,0,0,0,0,0,0,0,0,0,0,0,0,0,0,0,0,0,0,0,0,0,0,0,0,0,1,744,696,744,720,744,720,744,744,720,744,720,744,18f,67,142,7,Richmond Central/San Pablo Central,Urban,No,No,No,1,26044,50 - 99,0
106394009,KAISER FOUNDATION HOSPITAL - MANTECA,11/1/04,12/31/04,Open,9/1/90,9/1/90,San Joaquin,06 - North San Joaquin,General Acute Care,Non-Profit Corporation (incl. Church-related),Kaiser Foundation Hospitals,General Medical / Surgical,NO,99,1777 WEST YOSEMITE AVENUE,MANTECA,95336,209-825-3700,0,0,0,0,0,0,0,No,55,184,627,12427,0,0,0,0,0,0,0,0,6,45,16,249,2196,0,0,0,0,0,0,0,0,0,0,0,0,0,0,0,0,0,0,0,0,0,0,0,0,61,229,876,16410,0,0,0,0,0,0,0,0,38,5,2265,15996,0,0,0,0,99,234,3141,32406,0,0,0,NEITHER,0,0,0,0,0,0,0,0,0,0,0,0,0,0,0,0,0,0,0,0,0,0,0,0,0,0,0,0,0,0,0,0,0,0,0,0,15,2680,91,7994,No,2,0,2,0,Basic,Basic,0,0,0,1,0,0,0,0,1076,18,819,70,233,15,24,9,2152,112,10,0,12,0,0,0,0,0,0,0,0,0,0,0,0,0,0,0,0,0,0,0,0,0,0,0,0,0,0,0,0,0,0,0,0,0,1,744,696,744,720,744,720,744,744,720,744,720,744,164.1,79,138,11,Lathrop/Manteca,Urban,No,No,No,1,2152,50 - 99,0
106544009,KAWEAH DELTA  MENTAL HEALTH HOSPITAL D/P APH,1/1/04,12/31/04,Open,1/29/01,11/20/90,Tulare,09 - Central,General Acute Care,District,Kaweah Delta Healthcare District,Psychiatric,NO,63,1100 SO. AKERS STREET,VISALIA,93277,559-624-2000,0,0,0,0,0,0,0,Yes,0,0,0,0,0,0,0,0,0,0,0,0,0,0,0,0,0,0,0,0,0,0,0,0,0,0,0,0,0,0,0,0,0,0,0,0,0,0,0,0,0,0,0,0,0,0,0,0,0,63,1562,11865,20146,0,0,0,0,0,0,0,0,63,1562,11865,20146,0,0,0,NEITHER,0,0,0,0,0,0,0,0,0,0,0,0,0,0,0,0,0,0,0,0,0,0,0,0,0,0,0,0,0,0,0,0,0,0,0,0,0,0,0,0,Yes,0,0,0,0,0,0,0,1,0,0,0,0,0,0,0,0,0,0,0,0,0,0,0,0,0,0,0,0,0,0,0,0,0,0,0,0,0,0,0,0,0,0,0,0,0,0,0,0,0,0,0,0,0,0,0,0,0,0,0,0,0,0,0,0,0,0,0,0,0,0,0,0,0,233,87,151,21,Farmersville/Goshen/Visalia,Urban,No,No,No,1,0,50 - 99,0
106540734,KAWEAH DELTA DISTRICT HOSPITAL,1/1/04,12/31/04,Open,6/22/69,6/22/69,Tulare,09 - Central,General Acute Care,District,Kaweah Delta Healthcare District,General Medical / Surgical,NO,427,400 WEST MINERAL KING,VISALIA,93291,559-624-2691,0,0,0,0,0,0,0,No,222,12844,70163,81252,47,4344,8743,4392,12,787,1944,4392,21,0,202,1961,7686,0,0,0,0,0,0,0,0,0,0,0,0,0,0,0,10,547,0,4774,3660,45,813,10244,13740,357,19335,97829,127932,0,0,0,0,0,0,0,0,70,535,24501,28350,0,0,0,0,427,19870,122330,156282,0,0,0,CV SURG,2,0,0,2529,0,2529,0,2529,2,0,0,0,0,0,1328,162,851,162,2179,162,1098,1135,0,2,0,2443,4119,229,33,0,0,0,0,1209,2910,10566,4863,473648,2980,119579,No,12,0,10,2,Basic,Basic,0,0,0,1,0,0,5447,0,20800,0,28885,0,3947,0,313,0,59392,0,30,0,1180,0,0,0,0,0,0,0,0,0,0,0,0,0,0,0,0,0,0,0,0,0,0,0,0,0,0,0,0,0,0,0,0,0,1,744,696,744,720,744,720,744,744,720,744,720,744,233,87,151,21,Farmersville/Goshen/Visalia,Urban,No,No,No,1,59392,300 - 499,46
106190150,KEDREN COMMUNITY MENTAL HEALTH CENTER,1/1/04,12/31/04,Open,10/17/73,10/17/73,Los Angeles,11 - Los Angeles,Acute Psychiatric,Non-Profit Corporation (incl. Church-related),"Kedren Community Health Center, Inc.",Psychiatric,NO,48,4211 SOUTH AVALON BOULEVARD,LOS ANGELES,90011,323-233-0425-297,0,0,0,0,0,0,0,Yes,0,0,0,0,0,0,0,0,0,0,0,0,0,0,0,0,0,0,0,0,0,0,0,0,0,0,0,0,0,0,0,0,0,0,0,0,0,0,0,0,0,0,0,0,0,0,0,0,0,48,930,12095,17568,0,0,0,0,0,0,0,0,48,930,12095,17568,0,0,0,NEITHER,0,0,0,0,0,0,0,0,0,0,0,0,0,0,0,0,0,0,0,0,0,0,0,0,0,0,0,0,0,0,0,0,0,0,0,0,0,0,0,0,Yes,0,0,0,0,0,0,1,0,0,0,0,0,0,0,0,0,0,0,0,0,0,0,0,0,0,0,0,0,0,0,0,0,0,0,0,0,0,0,0,0,0,0,0,0,0,0,0,0,0,0,0,0,0,0,0,0,0,0,0,0,0,0,0,0,0,0,0,0,0,0,0,0,0,78.2ggg,105,155,31,South Central Northeast,Urban,No,No,No,1,0,1 - 49,0
106210993,KENTFIELD REHABILITATION HOSPITAL,1/1/04,12/31/04,Open,9/24/63,9/24/63,Marin,04 - West Bay,General Acute Care,Investor - Limited Liability Company,Vibra Healthcare,Physical Rehabilitation,NO,60,1125 SIR FRANCIS DRAKE BLVD.,KENTFIELD,94914-0338,415-456-9680,0,0,0,0,0,0,0,No,60,511,13816,21960,0,0,0,0,0,0,0,0,0,0,0,0,0,0,0,0,0,0,0,0,0,0,0,0,0,0,0,0,0,0,0,0,0,0,0,0,0,60,511,13816,21960,0,0,0,0,0,0,0,0,0,0,0,0,0,0,0,0,60,511,13816,21960,0,0,0,NEITHER,0,0,0,0,0,0,0,0,0,0,0,0,0,0,0,0,0,0,0,0,0,0,0,0,0,0,0,0,0,0,0,0,0,0,0,0,0,0,0,0,Yes,0,0,0,0,0,0,0,1,0,0,0,0,0,0,0,0,0,0,0,0,0,0,0,0,0,0,0,0,0,0,0,0,0,0,0,0,0,0,0,0,0,0,0,0,0,0,0,0,0,0,0,0,0,0,0,0,0,0,0,0,0,0,0,0,0,0,0,0,0,0,0,0,0,83a,59,136,6,Corte Madera/Fairfax/Kentfield/Larkspur/Marinwood/Mill Valley/Ross/San Anselmo/San Rafael West/Terra Linda,Urban,No,No,No,1,0,50 - 99,0
106150736,KERN MEDICAL CENTER,1/1/04,12/31/04,Open,7/1/53,7/1/53,Kern,09 - Central,General Acute Care,City and/or County,County of Kern,General Medical / Surgical,YES,222,1830 FLOWER STREET,BAKERSFIELD,93305-4197,661-326-2102,0,0,0,0,0,0,0,Yes,80,6371,23552,29280,41,4527,9270,8784,24,1168,3195,8784,12,230,528,2618,4392,12,0,0,0,4392,0,0,0,0,0,0,0,0,0,0,28,638,45,9258,10248,0,0,0,0,197,12934,47893,72102,0,0,0,0,25,865,8217,9150,0,0,0,0,0,0,0,0,222,13799,56110,81252,0,0,0,CV SURG,0,0,0,0,0,0,0,0,1,0,0,0,0,39,0,54,0,93,0,0,0,0,0,0,0,0,4197,288,68,0,0,0,0,1221,2976,6054,3065,365001,2280,174179,Yes,8,0,8,0,Basic,Basic,0,0,0,1,0,1,20171,480,5452,662,6094,1979,2543,1689,2200,2200,36460,7010,32,12984,6121,1,4,14,7,7,12,33,10,29,18,17,20,8,179,1,0,1,0,0,0,0,0,0,0,0,0,0,0,0,36460,0,0,1,0,744,696,744,720,744,720,744,744,720,744,720,744,66b,83,149,20,Bakersfield East/Lakeview/La Loma,Urban,No,No,No,0,0,200 - 299,0
106150737,KERN VALLEY HEALTHCARE DISTRICT,1/1/04,12/31/04,Open,6/17/68,6/17/68,Kern,09 - Central,General Acute Care,District,,Long-Term Care (SN/IC),NO,101,6412 LAUREL AVENUE,LAKE ISABELLA,93240,760-379-2681-116,1,1,1,0,0,0,0,No,24,1120,3901,8784,0,0,0,0,0,0,0,0,3,22,45,107,1098,0,0,0,0,0,0,0,0,0,0,0,0,0,0,0,0,0,0,0,0,0,0,0,0,27,1142,4008,9882,0,0,0,0,0,0,0,0,74,158,24866,27084,0,0,0,0,101,1300,28874,36966,0,0,0,NEITHER,0,0,0,0,0,0,0,0,0,0,0,0,0,0,0,0,0,0,0,0,0,0,0,0,0,0,0,0,0,0,0,0,0,0,0,0,0,0,7,547,Yes,2,0,2,0,Standby,Standby,0,0,1,0,0,0,547,1,1640,6,2190,84,1308,423,1141,421,6826,935,8,0,76,0,0,0,0,0,0,0,0,0,0,0,0,0,0,0,0,0,0,0,0,0,0,0,0,0,0,0,0,0,0,0,0,0,1,744,696,744,720,744,720,744,744,720,744,720,744,63,85,151,22,Alta Sierra/Bodfish/Glennville/Kernville/Lake Isabella/Weldon/Wofford Heights,Frontier,No,No,No,1,6826,100 - 149,0
106190449,KINDRED HOSPITAL - LA MIRADA,1/1/04,12/31/04,Open,7/27/61,7/27/61,Los Angeles,11 - Los Angeles,General Acute Care,Investor - Corporation,Kindred Healthcare,General Medical / Surgical,NO,118,14900 EAST IMPERIAL HIGHWAY,LA MIRADA,90637-3780,562-944-1900-744,0,0,0,0,0,0,0,No,88,861,24446,32208,0,0,0,0,0,0,0,0,6,81,92,1949,2196,0,0,0,0,0,0,0,0,0,0,0,0,0,0,0,0,0,0,0,0,24,0,0,8784,118,942,26395,43188,0,0,0,0,0,0,0,0,0,0,0,0,0,0,0,0,118,942,26395,43188,0,0,0,NEITHER,0,0,0,0,0,0,0,0,0,0,0,0,0,0,0,0,0,0,0,0,0,0,0,0,0,0,0,0,0,0,0,0,0,0,0,0,101,6075,0,0,Yes,1,0,0,1,0,0,0,1,0,0,0,0,0,0,0,0,0,0,0,0,0,0,0,0,0,0,0,0,0,0,0,0,0,0,0,0,0,0,0,0,0,0,0,0,0,0,0,0,0,0,0,0,0,0,0,0,0,0,0,0,0,0,0,0,0,0,0,0,0,0,0,0,0,78.2rrr,113,163,39,La Mirada/Santa Fe Springs South,Urban,No,No,No,1,0,100 - 149,0
106190305,KINDRED HOSPITAL - LOS ANGELES,1/1/04,12/31/04,Open,4/28/58,4/28/58,Los Angeles,11 - Los Angeles,General Acute Care,Investor - Corporation,"Kindred Healthcare, Inc.",General Medical / Surgical,NO,81,5525 WEST SLAUSON AVENUE,LOS ANGELES,90056,310-642-0325-4186,0,0,0,0,0,0,0,No,76,465,25069,27816,0,0,0,0,0,0,0,0,5,75,163,1536,1830,0,0,0,0,0,0,0,0,0,0,0,0,0,0,0,0,0,0,0,0,0,0,0,0,81,540,26605,29646,0,0,0,0,0,0,0,0,0,0,0,0,0,0,0,0,81,540,26605,29646,0,0,0,NEITHER,0,0,0,0,0,0,0,0,0,0,0,0,0,0,0,0,0,0,0,0,0,0,0,0,0,0,0,0,0,0,0,0,0,0,0,0,167,10276,0,0,No,2,0,0,2,0,0,0,1,0,0,0,0,0,0,0,0,0,0,0,0,0,0,0,0,0,0,0,0,0,0,0,0,0,0,0,0,0,0,0,0,0,0,0,0,0,0,0,0,0,0,0,0,0,0,0,0,0,0,0,0,0,0,0,0,0,0,0,0,0,0,0,0,0,78.2j,100,159,33,Baldwin Hills/Culver City South/Fox Hills/Ladera Heights/Marina del Rey/View Park/Windsor Hills,Urban,No,No,No,1,0,50 - 99,0
106344035,KINDRED HOSPITAL - SACRAMENTO,1/1/04,12/31/04,Open,2/21/62,2/21/62,Sacramento,02 - Golden Empire,General Acute Care,Investor - Corporation,"Kindred Healthcare, Inc",General Medical / Surgical,NO,39,223 FARGO WAY,FOLSOM,95630,916-351-9151,0,0,0,0,0,0,0,No,35,229,8284,12810,0,0,0,0,0,0,0,0,4,36,84,1433,1464,0,0,0,0,0,0,0,0,0,0,0,0,0,0,0,0,0,0,0,0,0,0,0,0,39,265,9717,14274,0,0,0,0,0,0,0,0,0,0,0,0,0,0,0,0,39,265,9717,14274,0,0,0,NEITHER,0,0,0,0,0,0,0,0,0,0,0,0,0,0,0,0,0,0,0,0,0,0,0,0,0,0,0,0,0,0,0,0,0,0,0,0,78,120,0,0,No,2,0,0,2,0,0,0,1,0,0,0,0,0,0,0,0,0,0,0,0,0,0,0,0,0,0,0,0,0,0,0,0,0,0,0,0,0,0,0,0,0,0,0,0,0,0,0,0,0,0,0,0,0,0,0,0,0,0,0,0,0,0,0,0,0,0,0,0,0,0,0,0,0,139e,58,134,3,Folsom/Orangevale,Urban,No,No,No,1,0,1 - 49,0
106370721,KINDRED HOSPITAL - SAN DIEGO,1/1/04,12/31/04,Open,1/1/46,1/1/46,San Diego,14 - San Diego/Imperial,General Acute Care,Investor - Corporation,Kindred Healthcare,Other,NO,70,1940 EL CAJON BOULEVARD,SAN DIEGO,92104-9988,619-543-4500-4143,0,0,0,0,0,0,0,No,62,375,11977,22692,0,0,0,0,0,0,0,0,8,8,49,718,2928,0,0,0,0,0,0,0,0,0,0,0,0,0,0,0,0,0,0,0,0,0,0,0,0,70,383,12695,25620,0,0,0,0,0,0,0,0,0,0,0,0,0,0,0,0,70,383,12695,25620,0,0,0,NEITHER,0,0,0,0,0,0,0,0,0,0,0,0,0,0,0,0,0,0,0,0,0,0,0,0,0,0,0,0,0,0,0,0,0,0,0,0,43,4598,0,0,Yes,2,0,0,2,0,0,0,1,0,0,0,0,0,0,0,0,0,0,0,0,0,0,0,0,0,0,0,0,0,0,0,0,0,0,0,0,0,0,0,0,0,0,0,0,0,0,0,0,0,0,0,0,0,0,0,0,0,0,0,0,0,0,0,0,0,0,0,0,0,0,0,0,0,161b,129,172,,Bay Park/Five Points/Hillcrest Northwest/Mission Hills/Mission Valley/Morena/Normal Heights/Old Town/Serra Mesa,Urban,No,No,No,1,0,50 - 99,0
106010887,KINDRED HOSPITAL - SAN FRANCISCO BAY AREA,1/1/04,12/31/04,Open,11/13/62,11/13/62,Alameda,05 - East Bay,General Acute Care,Investor - Corporation,"Kindred Healthcare, Inc",General Medical / Surgical,NO,99,2800 BENEDICT DRIVE,SAN LEANDRO,94577,510-357-3500-4508,0,0,0,0,0,0,0,No,89,341,15998,32574,0,0,0,0,0,0,0,0,10,10,101,1548,3660,0,0,0,0,0,0,0,0,0,0,0,0,0,0,0,0,0,0,0,0,0,0,0,0,99,351,17546,36234,0,0,0,0,0,0,0,0,0,0,0,0,0,0,0,0,99,351,17546,36234,0,0,0,NEITHER,0,0,0,0,0,0,0,0,0,0,0,0,0,0,0,0,0,0,0,0,0,0,0,0,0,0,0,0,0,0,0,0,0,0,0,0,198,19190,1,265,No,2,0,2,0,0,0,0,1,0,0,0,0,0,0,0,0,0,0,0,0,0,0,0,0,0,0,0,0,0,0,0,0,0,0,0,0,0,0,0,0,0,0,0,0,0,0,0,0,0,0,0,0,0,0,0,0,0,0,0,0,0,0,0,0,0,0,0,0,0,0,0,0,0,2f,71,143,13,Castro Valley Central and North/Oak Knoll/San Leandro Northeast/Sheffield Village/Union City East,Urban,No,No,No,1,0,50 - 99,0
106190458,KINDRED HOSPITAL - SAN GABRIEL VALLEY,1/1/04,12/31/04,Open,6/12/56,6/12/56,Los Angeles,11 - Los Angeles,General Acute Care,Investor - Corporation,Kindred Healthcare,General Medical / Surgical,NO,76,845 NORTH LARK ELLEN AVENUE,WEST COVINA,91791,562-944-1900-744,0,0,0,0,0,0,0,No,70,590,18458,25620,0,0,0,0,0,0,0,0,6,49,126,1541,2196,0,0,0,0,0,0,0,0,0,0,0,0,0,0,0,0,0,0,0,0,0,0,0,0,76,639,19999,27816,0,0,0,0,0,0,0,0,0,0,0,0,0,0,0,0,76,639,19999,27816,0,0,0,NEITHER,0,0,0,0,0,0,0,0,0,0,0,0,0,0,0,0,0,0,0,0,0,0,0,0,0,0,0,0,0,0,0,0,0,0,0,0,100,6432,0,0,No,1,0,0,1,0,0,0,1,0,0,0,0,0,0,0,0,0,0,0,0,0,0,0,0,0,0,0,0,0,0,0,0,0,0,0,0,0,0,0,0,0,0,0,0,0,0,0,0,0,0,0,0,0,0,0,0,0,0,0,0,0,0,0,0,0,0,0,0,0,0,0,0,0,78.2www,110,157,32,Valinda/West Covina,Urban,No,No,No,1,0,50 - 99,0
106301167,KINDRED HOSPITAL - SANTA ANA,1/1/04,12/31/04,Open,12/7/56,12/7/56,Orange,13 - Orange,General Acute Care,Investor - Corporation,Kindred Healthcare,General Medical / Surgical,NO,54,1901 NORTH COLLEGE AVENUE,SANTA ANA,92706,562-944-1900-744,0,0,0,0,0,0,0,No,47,475,13391,17202,0,0,0,0,0,0,0,0,7,51,132,1700,2562,0,0,0,0,0,0,0,0,0,0,0,0,0,0,0,0,0,0,0,0,0,0,0,0,54,526,15091,19764,0,0,0,0,0,0,0,0,0,0,0,0,0,0,0,0,54,526,15091,19764,0,0,0,NEITHER,0,0,0,0,0,0,0,0,0,0,0,0,0,0,0,0,0,0,0,0,0,0,0,0,0,0,0,0,0,0,0,0,0,0,0,0,54,2387,0,0,No,1,0,0,1,0,0,0,1,0,0,0,0,0,0,0,0,0,0,0,0,0,0,0,0,0,0,0,0,0,0,0,0,0,0,0,0,0,0,0,0,0,0,0,0,0,0,0,0,0,0,0,0,0,0,0,0,0,0,0,0,0,0,0,0,0,0,0,0,0,0,0,0,0,116h,122,167,47,City of Orange South/Santa Ana North/Tustin Foothills/Tustin West,Urban,No,No,No,1,0,50 - 99,0
106301127,KINDRED HOSPITAL BREA,1/1/04,12/31/04,Open,3/3/95,3/3/95,Orange,13 - Orange,General Acute Care,Investor - Corporation,Kindred Health Care,General Medical / Surgical,NO,48,875 NORTH BREA BOULEVARD,BREA,92621-2699,714-529-6842,0,0,0,0,0,0,0,No,44,401,12789,16104,0,0,0,0,0,0,0,0,4,111,90,1307,1464,0,0,0,0,0,0,0,0,0,0,0,0,0,0,0,0,0,0,0,0,0,0,0,0,48,512,14096,17568,0,0,0,0,0,0,0,0,0,0,0,0,0,0,0,0,48,512,14096,17568,0,0,0,NEITHER,0,0,0,0,0,0,0,0,0,0,0,0,0,0,0,0,0,0,0,0,0,0,0,0,0,0,0,0,0,0,0,0,0,0,0,0,1,95,0,0,Yes,2,0,0,2,0,0,0,1,0,0,0,0,0,0,0,0,0,0,0,0,0,0,0,0,0,0,0,0,0,0,0,0,0,0,0,0,0,0,0,0,0,0,0,0,0,0,0,0,0,0,0,0,0,0,0,0,0,0,0,0,0,0,0,0,0,0,0,0,0,0,0,0,0,116k,125,162,42,Brea West/Fullerton North/La Habra,Urban,No,No,No,1,0,1 - 49,0
106500954,KINDRED HOSPITAL MODESTO,1/1/04,12/31/04,Open,1/1/46,1/1/46,Stanislaus,06 - North San Joaquin,General Acute Care,Investor - Corporation,THC - Orange Co Inc.,Physical Rehabilitation,NO,100,730 17TH STREET,MODESTO,95354,209-523-9006,0,0,0,0,0,0,0,No,0,0,0,0,0,0,0,0,0,0,0,0,0,0,0,0,0,0,0,0,0,0,0,0,0,0,0,0,0,0,0,0,0,0,0,0,0,36,301,3902,13176,36,301,3902,13176,0,0,0,0,0,0,0,0,64,1350,21275,23424,0,0,0,0,100,1651,25177,36600,0,0,0,NEITHER,0,0,0,0,0,0,0,0,0,0,0,0,0,0,0,0,0,0,0,0,0,0,0,0,0,0,0,0,0,0,0,0,0,0,0,0,0,0,0,0,Yes,0,0,0,0,0,0,0,1,0,0,0,0,0,0,0,0,0,0,0,0,0,0,0,0,0,0,0,0,0,0,0,0,0,0,0,0,0,0,0,0,0,0,0,0,0,0,0,0,0,0,0,0,0,0,0,0,0,0,0,0,0,0,0,0,0,0,0,0,0,0,0,0,0,215c,79,145,18,Ceres/Modesto South Central,Urban,No,No,No,1,0,100 - 149,0
106361274,KINDRED HOSPITAL ONTARIO,1/1/04,12/31/04,Open,5/25/51,5/25/51,San Bernardino,12 - Inland Counties,General Acute Care,Investor - Limited Liability Company,Kindred Healthcare,Other,NO,91,550 NORTH MONTEREY AVENUE,ONTARIO,91764,909-391-0333-4800,0,0,0,0,0,0,0,No,84,735,28151,30744,0,0,0,0,0,0,0,0,7,111,560,2373,2562,0,0,0,0,0,0,0,0,0,0,0,0,0,0,0,0,0,0,0,0,0,0,0,0,91,846,30524,33306,0,0,0,0,0,0,0,0,0,0,0,0,0,0,0,0,91,846,30524,33306,0,0,0,NEITHER,0,0,0,0,0,0,0,0,0,0,0,0,0,0,0,0,0,0,0,0,0,0,0,0,0,0,0,0,0,0,0,0,0,0,0,0,419,25140,0,0,No,3,0,0,3,0,0,0,1,0,0,0,0,0,0,0,0,0,0,0,0,0,0,0,0,0,0,0,0,0,0,0,0,0,0,0,0,0,0,0,0,0,0,0,0,0,0,0,0,0,0,0,0,0,0,0,0,0,0,0,0,1,0,0,0,0,0,0,0,0,0,0,0,0,151c,114,165,43,Montclair/Ontario Northwest/Upland South,Urban,No,No,No,1,0,50 - 99,0
106301380,KINDRED HOSPITAL WESTMINSTER,1/1/04,12/31/04,Open,9/15/59,9/15/59,Orange,13 - Orange,General Acute Care,Investor - Corporation,Kindred Health Care Incorporated,General Medical / Surgical,NO,109,200 HOSPITAL CIRCLE,WESTMINSTER,92683,714-893-4541,0,0,0,0,0,0,0,No,93,602,32238,34038,0,0,0,0,0,0,0,0,16,97,328,4899,5856,0,0,0,0,0,0,0,0,0,0,0,0,0,0,0,0,0,0,0,0,0,0,0,0,109,699,37137,39894,0,0,0,0,0,0,0,0,0,0,0,0,0,0,0,0,109,699,37137,39894,0,0,0,NEITHER,0,0,0,0,0,0,0,0,0,0,0,0,0,0,0,0,0,0,0,0,0,0,0,0,0,0,0,0,0,0,0,0,0,0,0,0,464,7323,0,0,No,3,0,0,3,0,0,0,1,0,0,0,0,0,0,0,0,0,0,0,0,0,0,0,0,0,0,0,0,0,0,0,0,0,0,0,0,0,0,0,0,0,0,0,0,0,0,0,0,0,0,0,0,0,0,0,0,0,0,0,0,0,0,0,0,0,0,0,0,0,0,0,0,0,116s,121,168,46,Huntington Beach North/Seal Beach East/Westminster,Urban,No,No,No,1,0,100 - 149,0
106194981,LA CASA PSYCHIATRIC HEALTH FACILITY,1/1/04,12/31/04,Open,11/10/97,11/10/97,Los Angeles,11 - Los Angeles,Psychiatric Health Facility,Investor - Corporation,Telecare Coroporation,Psychiatric,NO,16,6060 PARAMOUNT BLVD.,LONG BEACH,90805,562-630-8672-376,0,0,0,0,112,5733,0,No,0,0,0,0,0,0,0,0,0,0,0,0,0,0,0,0,0,0,0,0,0,0,0,0,0,0,0,0,0,0,0,0,0,0,0,0,0,0,0,0,0,0,0,0,0,0,0,0,0,16,112,5733,5856,0,0,0,0,0,0,0,0,16,112,5733,5856,0,0,0,NEITHER,0,0,0,0,0,0,0,0,0,0,0,0,0,0,0,0,0,0,0,0,0,0,0,0,0,0,0,0,0,0,0,0,0,0,0,0,0,0,0,0,Yes,0,0,0,0,0,0,1,0,0,0,0,0,0,0,0,0,0,0,0,0,0,0,0,0,0,0,0,0,0,0,0,0,0,0,0,0,0,0,0,0,0,0,0,0,0,0,0,0,0,0,0,0,0,0,0,0,0,0,0,0,0,0,0,0,0,0,0,0,0,0,0,0,0,78.2iii,108,158,39,North Long Beach,Urban,No,No,No,1,0,1 - 49,0
106301234,LA PALMA INTERCOMMUNITY HOSPITAL,1/1/04,12/31/04,Open,5/30/72,5/30/72,Orange,13 - Orange,General Acute Care,Investor - Partnership,Vanguard Health Systems,General Medical / Surgical,NO,141,7901 WALKER STREET,LA PALMA,90623,714-670-7400,0,0,0,0,0,0,0,No,78,3108,10373,28548,11,717,1512,0,0,0,0,0,4,84,205,787,1464,4,83,204,787,1464,0,0,0,0,0,0,0,0,0,0,0,0,0,0,0,27,245,3733,9882,124,4237,17192,45384,0,0,0,0,17,518,5009,6222,0,0,0,0,0,0,0,0,141,4755,22201,51606,0,0,0,NEITHER,0,0,0,0,0,0,0,0,0,0,0,0,0,0,0,0,0,0,0,0,0,0,0,0,0,0,673,16,2,0,0,0,0,165,508,1279,756,110355,1352,118069,Yes,4,0,3,1,Basic,Basic,0,0,0,1,0,0,876,36,3482,16,7261,230,3486,1447,1004,673,16109,2402,10,876,213,1,56,63,47,24,21,24,10,4,2,14,14,24,303,0,0,0,0,0,0,0,0,0,0,0,0,0,0,0,0,0,0,0,1,744,696,744,720,744,720,744,744,720,744,720,744,116a,120,168,40,Buena Park/La Palma,Urban,No,No,No,1,16109,100 - 149,0
106191306,LAC/RANCHO LOS AMIGOS NATIONAL REHAB CENTER,1/1/04,12/31/04,Open,9/1/66,9/1/66,Los Angeles,11 - Los Angeles,General Acute Care,City and/or County,LOS ANGELES COUNTY - DEPARTMENT OF HEALTH SERVICES,General Medical / Surgical,YES,395,7601 EAST IMPERIAL HIGHWAY,DOWNEY,90242,562-401-7111,0,0,0,0,0,0,0,No,221,1042,20203,80886,0,0,0,0,0,117,4804,0,24,55,80,998,8784,0,0,0,0,0,0,0,0,0,0,0,0,0,0,0,0,0,0,0,0,150,1053,27229,54900,395,2267,53234,144570,0,0,0,0,0,0,0,0,0,0,0,0,0,0,0,0,395,2267,53234,144570,0,0,0,NEITHER,0,0,0,0,0,0,0,0,0,0,0,0,0,0,0,0,0,0,0,0,0,0,0,0,0,0,0,0,0,0,0,0,0,0,0,0,953,152681,295,31795,Yes,7,0,7,0,0,0,0,1,0,0,0,0,0,0,0,0,0,0,0,0,0,0,0,0,0,0,0,0,0,0,0,0,0,0,0,0,0,0,0,0,0,0,0,0,0,0,0,0,0,0,0,0,0,0,0,0,0,0,0,0,0,0,0,0,0,0,0,0,0,0,0,0,0,78.2sss,103,160,34,Downey Southwest/Lynwood North Central/South Gate East,Urban,No,No,No,1,0,300 - 499,0
106380865,LAGUNA HONDA HOSPITAL AND REHABILITATION CENTER,1/1/04,12/31/04,Open,7/1/53,7/1/53,San Francisco,04 - West Bay,General Acute Care,City and/or County,N/A,Long-Term Care (SN/IC),NO,1457,375 LAGUNA HONDA BOULEVARD,SAN FRANCISCO,94116,415-759-2363,1,0,1,0,0,0,0,No,213,106,797,77958,0,0,0,0,0,0,0,0,0,0,0,0,0,0,0,0,0,0,0,0,0,0,0,0,0,0,0,0,0,0,0,0,0,30,40,776,10980,243,146,1573,88938,0,0,0,0,0,0,0,0,1214,1152,381599,444324,0,0,0,0,1457,1298,383172,533262,0,0,0,NEITHER,0,0,0,0,0,0,0,0,0,0,0,0,0,0,0,0,0,0,0,0,0,0,0,0,0,0,0,0,0,0,0,0,0,0,0,0,0,0,0,0,No,0,0,0,0,0,0,0,1,0,0,0,0,0,0,0,0,0,0,0,0,0,0,0,0,0,0,0,0,0,0,0,0,0,0,0,0,0,0,0,0,0,0,0,0,0,0,0,0,0,0,0,0,0,0,0,0,0,0,0,0,0,0,0,0,0,0,0,0,0,0,0,0,0,162g,65,141,12,Buena Vista/Castro/Eureka Valley/Forest Hill/Haight-Ashbury/Noe Valley/West of Twin Peaks,Urban,No,No,No,1,0,500+,0
106190240,LAKEWOOD REGIONAL MEDICAL CENTER,1/1/04,12/31/04,Open,5/17/72,5/17/72,Los Angeles,11 - Los Angeles,General Acute Care,Investor - Corporation,Tenet Healthcare Corp,General Medical / Surgical,NO,161,3700 EAST SOUTH STREET,LAKEWOOD,90712,562-531-2550,0,0,0,0,0,0,0,No,93,7074,184314,32528,0,172,377,0,0,0,0,0,8,267,1136,2516,2928,23,411,1092,3578,8418,0,0,0,0,0,0,0,0,0,0,0,0,0,0,0,19,354,4488,6954,143,8278,195273,52338,0,0,0,0,18,0,0,6588,0,0,0,0,0,0,0,0,161,8278,195273,58926,0,0,0,CV SURG,1,0,0,187,5,187,5,145,2,0,0,0,0,284,145,352,131,636,276,0,250,26,0,0,0,276,193,0,0,0,0,0,0,54,139,343,2059,309932,3663,216377,Yes,7,0,6,1,Basic,Basic,0,0,0,1,0,0,4642,26,11474,60,4794,176,3255,446,7048,4006,31213,4714,14,4642,194,1,0,132,117,100,124,79,84,123,143,111,96,79,1188,0,0,0,0,0,0,0,0,0,0,0,0,0,0,0,0,0,0,0,1,744,696,744,720,744,720,744,744,720,744,720,744,78.2n,108,160,39,Cerritos/Hawaiian Gardens,Urban,No,No,No,1,31213,150 - 199,0
106190455,LANCASTER COMMUNITY HOSPITAL,1/1/04,12/31/04,Open,3/16/64,3/16/64,Los Angeles,11 - Los Angeles,General Acute Care,Investor - Corporation,Universal Health Services,General Medical / Surgical,NO,117,43830 NORTH 10TH STREET WEST,LANCASTER,93534,661-948-4781,0,0,0,0,0,0,0,No,89,5274,19355,32574,0,0,0,0,0,0,0,0,6,129,507,1569,2196,6,166,511,1752,2196,0,0,0,0,0,0,0,0,0,0,0,0,0,0,0,16,284,3806,5856,117,5853,26482,42822,0,0,0,0,0,0,0,0,0,0,0,0,0,0,0,0,117,5853,26482,42822,0,0,0,CV SURG,1,0,0,14,1,14,1,15,1,0,0,0,0,0,557,0,335,0,892,86,104,150,0,245,4284,4879,0,0,0,0,0,0,0,0,0,0,1810,146867,1801,74212,No,4,0,4,0,Basic,Basic,0,0,0,1,0,0,1612,9,1516,3,3133,22,6016,67,3400,3051,15677,3152,8,171,0,1,38,25,123,44,10,7,0,9,0,3,48,40,347,0,0,0,0,0,0,0,0,0,0,0,0,0,0,0,0,0,0,1,0,744,696,744,720,744,720,744,744,720,744,720,744,77.1b,89,150,22,Desert View Highlands/Lancaster West/Palmdale Northwest/Quartz Hill,Urban,No,No,No,1,15677,100 - 149,10
106380868,LANGLEY PORTER PSYCHIATRIC INSTITUTE,1/1/04,12/31/04,Open,1/1/43,1/1/43,San Francisco,04 - West Bay,Acute Psychiatric,University of California,The Regents of the University of California,Psychiatric,NO,67,401 PARNASSUS AVENUE,SAN FRANCISCO,94143,415-476-7000,0,0,0,0,0,0,0,No,0,0,0,0,0,0,0,0,0,0,0,0,0,0,0,0,0,0,0,0,0,0,0,0,0,0,0,0,0,0,0,0,0,0,0,0,0,0,0,0,0,0,0,0,0,0,0,0,0,67,814,6200,24522,0,0,0,0,0,0,0,0,67,814,6200,24522,0,0,0,NEITHER,0,0,0,0,0,0,0,0,0,0,0,0,0,0,0,0,0,0,0,0,0,0,0,0,0,0,0,0,0,0,0,0,0,0,0,0,0,0,0,0,No,0,0,0,0,0,0,1,0,0,0,0,0,0,0,0,0,0,0,0,0,0,0,0,0,0,0,0,0,0,0,0,0,0,0,0,0,0,0,0,0,0,0,0,0,0,0,0,0,0,0,0,0,0,0,0,0,0,0,0,0,0,0,0,0,0,0,0,0,0,0,0,0,0,162g,65,141,12,Buena Vista/Castro/Eureka Valley/Forest Hill/Haight-Ashbury/Noe Valley/West of Twin Peaks,Urban,No,No,No,1,0,50 - 99,0
106010869,LAUREL GROVE HOSPITAL,1/1/04,12/31/04,Open,4/18/60,4/18/60,Alameda,05 - East Bay,General Acute Care,Non-Profit Corporation (incl. Church-related),SUTTER HEALTH,Physical Rehabilitation,NO,153,19933 LAKE CHABOT ROAD,CASTRO VALLEY,94546,510-727-2700-2209,0,0,0,0,0,0,0,No,84,0,0,31010,0,0,0,0,0,0,0,0,5,0,0,0,1830,4,0,0,0,1464,0,0,0,0,0,0,0,0,0,0,0,0,0,0,0,31,440,6543,11346,124,440,6543,45650,0,0,0,0,0,0,0,0,29,0,0,10768,0,0,0,0,153,440,6543,56418,0,0,0,NEITHER,0,0,0,0,0,0,0,0,0,0,0,0,0,0,0,0,0,0,0,0,0,0,0,0,0,0,0,0,0,0,0,0,0,0,0,0,0,0,0,0,No,0,0,0,0,0,0,0,1,0,0,0,0,0,0,0,0,0,0,0,0,0,0,0,0,0,0,0,0,0,0,0,0,0,0,0,0,0,0,0,0,0,0,0,0,0,0,0,0,0,0,0,0,0,0,0,0,0,0,0,0,0,0,0,0,0,0,0,0,0,0,0,0,0,2f,71,143,9,Castro Valley Central and North/Oak Knoll/San Leandro Northeast/Sheffield Village/Union City East,Urban,No,No,No,1,0,150 - 199,0
206190788,LITTLE CO OF MARY SUBACUTE CARE CTR-SOUTH BAY,1/1/04,12/31/04,Open,7/17/72,7/17/72,Los Angeles,11 - Los Angeles,General Acute Care,Non-Profit Corporation (incl. Church-related),LITTLE COMPANY OF MARY HEALTH SERVICES,Long-Term Care (SN/IC),NO,200,3620 WEST LOMITA BOULEVARD,TORRANCE,90505,310-378-8587,0,0,0,0,0,0,0,No,0,0,0,0,0,0,0,0,0,0,0,0,0,0,0,0,0,0,0,0,0,0,0,0,0,0,0,0,0,0,0,0,0,0,0,0,0,0,0,0,0,0,0,0,0,0,0,0,0,0,0,0,0,200,335,44623,73200,0,0,0,0,200,335,44623,73200,0,0,0,NEITHER,0,0,0,0,0,0,0,0,0,0,0,0,0,0,0,0,0,0,0,0,0,0,0,0,0,0,0,0,0,0,0,0,0,0,0,0,0,0,0,0,Yes,0,0,0,0,0,0,0,1,0,0,0,0,0,0,0,0,0,0,0,0,0,0,0,0,0,0,0,0,0,0,0,0,0,0,0,0,0,0,0,0,0,0,0,0,0,0,0,0,0,0,0,0,0,0,0,0,0,0,0,0,0,0,0,0,0,0,0,0,0,0,0,0,0,78.2aaaa,106,161,36,Harbor Gateway South/Lomita/Torrance East Central,Urban,No,No,No,1,0,200 - 299,0
106196364,LITTLE CO OF MARY TRANSITIONAL CARE CTR-BEACH CITY,1/1/04,12/31/04,Closed,4/1/05,9/2/98,Los Angeles,11 - Los Angeles,General Acute Care,Non-Profit Corporation (incl. Church-related),LITTLE COMPANY OF MARY HOSPITAL,Other,NO,30,514 PROSPECT BLVD,REDONDO BEACH,92072,310-303-5904,0,0,0,0,0,0,0,No,0,0,0,7779,0,0,0,0,0,0,0,0,0,0,0,0,0,0,0,0,0,0,0,0,0,0,0,0,0,0,0,0,0,0,0,0,0,0,0,0,0,0,0,0,7779,0,0,0,0,0,0,0,0,30,1039,10600,10980,0,0,0,0,30,1039,10600,18759,0,0,0,NEITHER,0,0,0,0,0,0,0,0,0,0,0,0,0,0,0,0,0,0,0,0,0,0,0,0,0,0,0,0,0,0,0,0,0,0,0,0,0,0,0,0,No,0,0,0,0,0,0,0,1,0,0,0,0,0,0,0,0,0,0,0,0,0,0,0,0,0,0,0,0,0,0,0,0,0,0,0,0,0,0,0,0,0,0,0,0,0,0,0,0,0,0,0,0,0,0,0,0,0,0,0,0,0,0,0,0,0,0,0,0,0,0,0,0,0,78.2u,106,161,36,Redondo Beach Central and South/Torrance West Central,Urban,No,No,No,1,0,1 - 49,0
106190680,LITTLE COMPANY OF MARY - SAN PEDRO HOSPITAL,1/1/04,12/31/04,Open,1/1/46,1/1/46,Los Angeles,11 - Los Angeles,General Acute Care,Non-Profit Corporation (incl. Church-related),LITTLE COMPANY OF MARY HEALTH SERVICES,General Medical / Surgical,NO,379,1300 WEST SEVENTH STREET,SAN PEDRO,90732,310-832-3311,0,0,0,0,0,0,0,No,124,4133,15122,45384,22,766,1917,0,0,0,0,0,12,237,955,2523,4392,0,0,0,0,0,0,0,0,0,0,0,0,0,0,0,0,0,0,0,0,20,349,5774,7320,178,5485,25336,65148,48,588,5901,17568,25,631,8146,9150,128,1000,33951,46848,0,0,0,0,379,7704,73334,138714,0,0,20,NEITHER,0,0,0,0,0,0,0,0,0,0,0,0,0,0,0,0,0,0,0,0,0,0,0,0,0,0,766,16,9,0,0,0,0,211,555,1646,1055,141975,1630,128145,Yes,6,0,6,0,Basic,Basic,0,0,0,1,0,0,1312,0,8064,3,10292,19,5601,1761,1717,1356,26986,3139,16,1216,564,1,149,123,162,140,109,94,107,152,131,184,63,93,1507,0,0,0,0,0,0,0,0,0,0,0,0,0,0,0,0,0,0,0,1,744,696,744,720,744,720,744,744,720,744,720,744,78.2o,107,161,36,Miraleste/Palo Verdes Estates/Portuguese Bend/Rancho Palos Verdes/Rolling Hills/San Pedro West,Urban,No,No,No,1,26986,300 - 499,0
106190470,LITTLE COMPANY OF MARY HOSPITAL,1/1/04,12/31/04,Open,12/21/59,12/21/59,Los Angeles,11 - Los Angeles,General Acute Care,Non-Profit Corporation (incl. Church-related),LITTLE COMPANY OF MARY HEALTH SERVICES,General Medical / Surgical,NO,457,4101 TORRANCE BOULEVARD,TORRANCE,90503,310-540-7676,0,0,0,0,0,0,0,No,208,11112,42795,79586,35,2827,7894,4758,13,594,1155,4758,28,635,955,8329,10248,0,0,0,0,0,0,0,0,0,0,0,0,0,0,0,12,212,86,4383,4392,0,0,0,0,296,15380,64556,111794,0,0,0,0,0,0,0,0,161,1323,17099,59982,0,0,0,0,457,16703,81655,171776,0,0,0,CV SURG,2,0,0,109,27,109,27,94,3,0,0,0,0,822,664,332,61,1154,725,122,447,66,2,2,72,725,2827,141,29,0,0,0,0,821,2006,6167,3977,616969,5319,423229,No,15,3,12,0,Basic,Basic,0,0,0,1,0,0,1339,0,11975,4,11637,8,20842,3884,3787,3539,49580,7435,29,1339,1293,1,222,169,127,40,40,17,140,21,91,115,78,125,1185,0,0,0,0,0,0,0,0,0,0,0,0,0,0,0,0,0,0,1,0,744,696,744,720,744,720,744,744,720,744,720,744,78.2u,106,161,36,Redondo Beach Central and South/Torrance West Central,Urban,No,No,No,1,49580,300 - 499,14
106390923,LODI MEMORIAL HOSPITAL,1/1/04,12/31/04,Open,4/2/52,4/2/52,San Joaquin,06 - North San Joaquin,General Acute Care,Non-Profit Corporation (incl. Church-related),"Lodi Memorial Hospital Association, Inc.",General Medical / Surgical,NO,99,975 SOUTH FAIRMONT AVENUE,LODI,95240-5179,209-337-3411-7560,0,0,0,0,0,0,0,No,71,5531,21945,26596,18,1376,2606,0,0,0,0,0,10,292,153,2659,3660,0,0,0,0,0,0,0,0,0,0,0,0,0,0,0,0,0,0,0,0,0,0,0,0,99,7199,27210,36844,0,0,0,0,0,0,0,0,0,0,0,0,0,0,0,0,99,7199,27210,36844,0,0,0,CATH LAB,0,0,0,0,0,0,0,0,1,0,0,0,0,143,0,53,0,196,0,0,0,0,0,0,0,0,1317,36,7,1,1,0,849,468,0,2270,1729,182218,2253,141852,Yes,6,0,6,0,Basic,Basic,0,0,0,1,0,0,68,0,3638,19,4535,125,7243,1948,3593,2108,19077,4200,16,0,578,0,0,0,0,0,0,0,0,0,0,0,0,0,0,0,0,0,0,0,0,0,0,0,0,0,0,0,0,0,0,0,0,0,1,744,696,744,720,744,720,744,744,720,744,720,744,166,63,147,11,Lodi,Urban,No,No,No,1,19077,50 - 99,0
106390922,LODI MEMORIAL HOSPITAL - WEST,1/1/04,12/31/04,Open,6/20/67,6/20/67,San Joaquin,06 - North San Joaquin,General Acute Care,Non-Profit Corporation (incl. Church-related),"Lodi Memorial Hospital Association, Inc.",Long-Term Care (SN/IC),NO,71,800 SO. LOWER SACRAMENTO ROAD,LODI,95242-3639,209-334-3411,0,0,0,0,0,0,0,No,11,18,149,671,0,0,0,0,0,0,0,0,0,0,0,0,0,0,0,0,0,0,0,0,0,0,0,0,0,0,0,0,0,0,0,0,0,24,282,2867,8784,35,300,3016,9455,0,0,0,0,0,0,0,0,36,98,13074,16531,0,0,0,0,71,398,16090,25986,0,0,0,NEITHER,0,0,0,0,0,0,0,0,0,0,0,0,0,0,0,0,0,0,0,0,0,0,0,0,0,0,0,0,0,0,0,0,0,0,0,0,0,0,0,0,Yes,0,0,0,0,0,0,0,1,0,0,0,0,0,0,0,0,0,0,0,0,0,0,0,0,0,0,0,0,0,0,0,0,0,0,0,0,0,0,0,0,0,0,0,0,0,0,0,0,0,0,0,0,0,0,0,0,0,0,0,0,0,0,0,0,0,0,0,0,0,0,0,0,0,166,63,147,11,Lodi,Urban,No,No,No,1,0,50 - 99,0
106364014,LOMA LINDA UNIVERSITY BEHAVORIAL MEDICINE CENTER,1/1/04,12/31/04,Open,1/16/88,1/16/88,San Bernardino,12 - Inland Counties,Acute Psychiatric,Non-Profit Corporation (incl. Church-related),Loma Linda University Behavioral Medicine Center,Psychiatric,NO,89,1710 BARTON ROAD,REDLANDS,92373,909-558-9204,0,0,0,0,710,5295,18,No,0,0,0,0,0,0,0,0,0,0,0,0,0,0,0,0,0,0,0,0,0,0,0,0,0,0,0,0,0,0,0,0,0,0,0,0,0,0,0,0,0,0,0,0,0,0,0,0,0,89,3786,22474,32574,0,0,0,0,0,0,0,0,89,3786,22474,32574,0,0,0,NEITHER,0,0,0,0,0,0,0,0,0,0,0,0,0,0,0,0,0,0,0,0,0,0,0,0,0,0,0,0,0,0,0,0,0,0,0,0,0,0,0,0,Yes,0,0,0,0,0,0,1,0,0,0,0,0,0,0,0,0,0,0,0,0,0,0,0,0,0,0,0,0,0,0,0,0,0,0,0,0,0,0,0,0,0,0,0,0,0,0,0,0,0,0,0,0,0,0,0,0,0,0,0,0,0,0,0,0,0,0,0,0,0,0,0,0,0,151i,116,164,41,Colton Southeast/Grand Terrace/Loma Linda/Redlands North,Urban,No,No,No,1,0,50 - 99,0
106361245,LOMA LINDA UNIVERSITY COMMUNITY MEDICAL CENTER,1/1/04,12/31/04,Open,9/19/72,9/19/72,San Bernardino,12 - Inland Counties,General Acute Care,Non-Profit Corporation (incl. Church-related),Loma Linda University Adventist Health Sciences Center,General Medical / Surgical,NO,118,25333 BARTON ROAD,LOMA LINDA,92354,909-558-4000,0,0,0,0,0,0,0,No,110,2652,15844,40260,0,0,0,0,0,0,0,0,8,184,0,844,2928,0,0,0,0,0,0,0,0,0,0,0,0,0,0,0,0,0,0,0,0,0,0,0,0,118,2836,16688,43188,0,0,0,0,0,0,0,0,0,0,0,0,0,0,0,0,118,2836,16688,43188,0,0,0,NEITHER,0,0,0,0,0,0,0,0,0,0,0,0,0,0,0,0,0,0,0,0,0,0,0,0,0,0,0,0,0,0,0,0,0,0,0,0,1164,189772,2154,191917,No,5,0,5,0,0,0,0,1,0,0,0,0,0,0,0,0,0,0,0,0,0,0,0,0,0,0,0,0,0,0,0,0,0,0,0,0,0,0,0,0,0,0,0,0,0,0,0,0,0,0,0,0,0,0,0,0,0,0,0,0,0,0,0,0,0,0,0,0,0,0,0,0,0,151i,116,164,41,Colton Southeast/Grand Terrace/Loma Linda/Redlands North,Urban,No,No,No,1,0,100 - 149,0
106361246,LOMA LINDA UNIVERSITY MEDICAL CENTER,1/1/04,12/31/04,Open,1/1/46,1/1/46,San Bernardino,12 - Inland Counties,General Acute Care,Non-Profit Corporation (incl. Church-related),Loma Linda University Adventist Health Sciences Center,General Medical / Surgical,YES,671,11234 ANDERSON STREET,LOMA LINDA,92354,909-558-4000,0,0,0,0,0,0,0,No,276,15834,68562,101016,35,1077,5903,26718,73,4383,18873,26718,189,5293,0,49052,69174,0,0,0,0,0,0,0,0,0,0,0,0,0,0,0,72,1061,0,24999,26352,26,357,6919,9516,671,28005,174308,245586,0,0,0,0,0,0,0,0,0,0,0,0,0,0,0,0,671,28005,174308,245586,0,0,0,CV SURG,13,234,77,527,322,761,399,284,4,0,84,349,0,0,697,1545,0,1894,781,115,16,25,26,0,599,781,2536,169,13,0,0,0,0,771,1765,4665,9913,1735555,9109,641670,No,16,0,16,0,Basic,Basic,0,0,0,1,0,1,315,2,3864,30,11955,525,14028,3001,14176,6327,44338,9885,50,2756,3430,1,446,437,354,334,397,433,605,583,613,510,411,465,5588,1,1,0,0,0,1,1,0,0,0,0,0,0,0,44338,0,0,0,1,0,744,696,744,720,744,720,744,744,720,744,720,744,151i,116,164,41,Colton Southeast/Grand Terrace/Loma Linda/Redlands North,Urban,No,No,No,0,0,500+,0
106420491,LOMPOC HEALTHCARE DISTRICT,1/1/04,12/31/04,Open,1/1/46,1/1/46,Santa Barbara,10 - Santa Barbara/Ventura,General Acute Care,District,,General Medical / Surgical,NO,170,508 EAST HICKORY,LOMPOC,93436,805-737-3300,0,0,0,0,0,0,0,No,46,2295,8438,16836,10,574,1276,0,0,0,0,0,4,117,292,804,1464,0,0,0,0,0,0,0,0,0,0,0,0,0,0,0,0,0,0,0,0,0,0,0,0,60,2986,10518,21960,0,0,0,0,0,0,0,0,110,283,37741,40260,0,0,0,0,170,3269,48259,62220,0,0,0,NEITHER,0,0,0,0,0,0,0,0,0,0,0,0,0,0,0,0,0,0,0,0,0,0,0,0,0,0,508,17,2,0,0,0,0,0,508,1123,591,82628,3087,186163,Yes,5,0,5,0,Basic,Basic,0,0,0,1,0,0,2552,0,9903,0,2205,0,2455,0,1518,0,18633,0,8,3191,181,0,0,0,0,0,0,0,0,0,0,0,0,0,0,0,0,0,0,0,0,0,0,0,0,0,0,0,0,0,0,0,0,0,1,744,696,744,720,744,720,744,744,720,744,720,744,179,86,152,24,Lompoc/Mission Hills/Vandenberg,Rural,No,No,No,1,18633,150 - 199,0
106190525,LONG BEACH MEMORIAL MEDICAL CENTER,1/1/04,12/31/04,Open,7/1/60,7/1/60,Los Angeles,11 - Los Angeles,General Acute Care,Non-Profit Corporation (incl. Church-related),Memorial Health Services,General Medical / Surgical,YES,462,2801 ATLANTIC AVENUE,LONG BEACH,90806,562-933-2000,0,0,0,0,0,0,0,No,317,30043,90765,119642,0,0,0,0,0,0,0,0,61,4121,4154,19069,22326,0,0,0,0,0,0,0,0,0,0,0,0,0,0,0,0,0,0,0,0,42,1165,9132,15372,420,35329,118966,168019,0,0,0,0,0,0,0,0,42,1468,7743,15372,0,0,0,0,462,36797,126709,183391,0,0,0,CV SURG,3,0,0,413,72,413,72,331,4,0,0,0,0,1789,951,839,176,2628,1127,357,857,73,0,635,96,2174,0,0,0,0,0,0,0,0,0,0,7425,1151331,8282,645364,Yes,22,0,22,0,Basic,Basic,0,0,0,1,0,1,380,38,11224,209,17096,3398,12155,6517,4839,3778,45694,13940,44,0,1406,1,20,48,31,13,14,61,143,39,73,23,47,35,547,1,0,1,0,0,0,0,0,0,0,0,0,0,0,0,45694,0,0,1,0,744,696,744,720,744,720,744,744,720,744,720,744,78.2lll,107,160,37,Bixby Knolls/Long Beach Central,Urban,No,No,No,0,0,300 - 499,156
106301248,LOS ALAMITOS MEDICAL CENTER,1/1/04,12/31/04,Open,11/22/68,11/22/68,Orange,13 - Orange,General Acute Care,Investor - Corporation,"Tenet Healthsystems, Inc",General Medical / Surgical,NO,167,3751 KATELLA AVENUE,LOS ALAMITOS,90720,562-598-1311,0,0,0,0,0,0,0,No,113,6458,27627,41358,12,1602,3764,0,0,0,0,0,9,303,565,2708,3294,8,273,561,2354,2928,0,0,0,0,0,0,0,0,0,0,0,0,0,0,0,0,0,0,0,142,8636,36453,51972,0,0,0,0,25,369,7327,9150,0,0,0,0,0,0,0,0,167,9005,43780,61122,0,0,0,CATH LAB,0,0,0,0,0,0,0,0,1,0,0,0,0,293,90,115,27,408,117,79,38,0,0,0,0,117,1544,64,2,1,0,1,1151,393,0,3377,1861,225238,4486,314581,No,6,0,6,0,Basic,Basic,0,0,0,1,0,0,2811,16,7411,57,3830,210,3174,671,7388,4133,24614,5087,12,0,453,1,140,103,101,33,18,29,64,53,68,39,69,64,781,0,0,0,0,0,0,0,0,0,0,0,0,0,0,0,0,0,0,0,1,744,696,744,720,744,720,744,744,720,744,720,744,116e,120,168,40,Cypress/Los Alamitos/Rossmoor,Urban,No,No,No,1,24614,150 - 199,0
106191227,LOS ANGELES CO HARBOR-UCLA MEDICAL CENTER,1/1/04,12/31/04,Open,7/1/53,7/1/53,Los Angeles,11 - Los Angeles,General Acute Care,City and/or County,"Los Angeles County, Department of Health Services",General Medical / Surgical,YES,553,1000 WEST CARSON STREET,TORRANCE,90502,310-222-2101,0,0,0,0,0,0,0,Yes,354,15321,72850,129564,50,1252,3797,12444,34,2422,7869,12444,44,1010,2759,15624,16104,6,161,414,1907,2196,8,0,0,0,2928,0,0,0,0,0,18,70,211,2731,6588,0,0,0,0,514,20236,104778,188124,0,0,0,0,39,862,12222,14274,0,0,0,0,0,0,0,0,553,21098,117000,202398,0,0,0,CV SURG,1,0,0,178,1,178,1,114,1,27,0,0,0,995,0,277,275,1299,275,51,209,0,0,0,15,275,1002,100,26,0,0,0,0,292,710,4500,6436,990783,2275,216880,Yes,10,0,10,0,Basic,Basic,0,0,0,1,0,1,512,263,8534,263,51515,12603,5630,788,12461,2100,78652,16017,40,0,7990,1,517,452,529,441,420,475,546,604,569,545,532,569,6199,1,1,0,0,0,0,0,0,0,0,0,0,0,0,78652,0,0,0,1,0,744,696,744,720,744,720,744,744,720,744,720,744,78.2aaaa,108,161,36,Harbor Gateway South/Lomita/Torrance East Central,Urban,No,No,No,0,0,500+,0
106191230,LOS ANGELES CO MARTIN LUTHER KING JR/DREW MED CTR,1/1/04,12/31/04,Open,3/27/72,3/27/72,Los Angeles,11 - Los Angeles,General Acute Care,City and/or County,Los Angeles County,General Medical / Surgical,YES,537,12021 WILMINGTON AVENUE,LOS ANGELES,90059,310-668-3877,0,0,0,0,0,0,0,Yes,215,5678,32656,78690,90,850,3215,19764,54,1081,4376,19764,53,246,868,8466,19398,6,112,367,1980,2196,0,0,0,0,0,0,0,0,0,0,43,434,259,5658,15738,0,0,0,0,461,8401,56351,168726,0,0,0,0,76,436,8618,27816,0,0,0,0,0,0,0,0,537,8837,64969,196542,0,0,0,CATH LAB,0,0,0,0,0,0,0,0,1,0,0,0,0,59,0,38,0,97,0,0,0,0,0,0,0,0,626,140,44,0,0,0,0,248,378,793,2231,363931,2553,325223,Yes,11,0,11,0,Basic,Basic,0,0,0,1,0,1,11110,0,4614,497,15609,0,2171,0,7589,3419,41093,3916,29,12627,4233,1,547,550,502,411,416,464,614,535,501,516,465,462,5983,1,1,0,0,0,0,0,0,0,0,0,0,0,0,41093,0,0,0,1,0,744,696,744,720,744,720,744,744,720,744,720,744,78.2aaa,105,158,37,Watts/Willowbrook,Urban,No,No,No,0,0,500+,0
106191228,LOS ANGELES CO USC MEDICAL CENTER,1/1/04,12/31/04,Open,1/1/53,1/1/53,Los Angeles,11 - Los Angeles,General Acute Care,City and/or County,Los Angeles County Department of Health Services,General Medical / Surgical,YES,1395,1200 NORTH STATE STREET,LOS ANGELES,90033,323-226-2800,0,0,0,0,0,0,0,Yes,951,29856,177967,348066,67,2029,7475,50508,138,2704,11124,50508,81,785,2668,18266,29646,16,755,682,5384,5856,0,0,0,0,0,34,320,182,3597,12444,48,466,201,8195,17568,0,0,0,0,1335,36915,232008,488610,0,0,0,0,60,841,17714,21960,0,0,0,0,0,0,0,0,1395,37756,249722,510570,0,0,0,CV SURG,2,0,14,258,40,258,54,128,1,0,0,0,0,540,491,213,121,753,612,39,474,56,8,0,30,612,1448,177,50,0,0,0,0,373,1075,2868,12806,2601720,4147,526920,Yes,31,0,31,0,Comprehensive,Comprehensive,0,0,0,0,1,1,38308,93,17446,489,69721,4319,32069,7845,41149,21862,198693,34608,60,22211,10223,1,622,635,674,565,642,420,630,636,628,646,474,598,7170,1,1,0,0,0,0,0,0,0,0,0,0,0,0,198693,0,0,0,1,0,744,696,744,720,744,720,744,744,720,744,720,744,78.2ffff,99,157,34,Boyle Heights Northwest/Chinatown/Downtown Northwest/Little Tokyo/Westlake,Urban,No,No,No,0,0,500+,5
106190198,LOS ANGELES COMMUNITY HOSPITAL,1/1/04,12/31/04,Open,10/24/57,10/24/57,Los Angeles,11 - Los Angeles,General Acute Care,Investor - Limited Liability Company,"Alat Healthcare System, LLC.",General Medical / Surgical,NO,130,4081 EAST OLYMPIC BOULEVARD,LOS ANGELES,90023,323-267-9477,0,0,0,0,0,0,0,No,66,2617,21386,24156,16,532,3218,4392,12,1260,3397,4392,6,103,0,1271,2196,0,0,0,0,0,0,0,0,0,0,0,0,0,0,0,0,0,0,0,0,0,0,0,0,100,4512,29272,36600,0,0,0,0,0,0,0,0,30,21,10282,10980,0,0,0,0,130,4533,39554,47580,0,0,0,NEITHER,0,0,0,0,0,0,0,0,0,0,0,0,0,0,0,0,0,0,0,0,0,0,0,0,0,0,356,13,4,0,0,0,0,182,174,933,1017,86007,573,43276,No,4,0,4,0,Standby,Standby,0,0,1,0,0,0,1285,0,2513,0,1975,378,131,51,19,19,5923,448,3,0,95,0,0,0,0,0,0,0,0,0,0,0,0,0,0,0,0,0,0,0,0,0,0,0,0,0,0,0,0,0,0,0,0,0,1,744,696,744,720,744,720,744,744,720,744,720,744,78.2d,111,163,34,City Terrace East/East Los Angeles,Urban,No,No,No,1,5923,100 - 149,0
106191231,LOS ANGELES COUNTY OLIVE VIEW-UCLA MEDICAL CENTER,1/1/04,12/31/04,Open,10/20/59,10/20/59,Los Angeles,11 - Los Angeles,General Acute Care,City and/or County,,General Medical / Surgical,YES,377,14445 OLIVE VIEW DRIVE,SYLMAR,91342,818-364-1555,0,0,0,0,0,0,0,Yes,170,9818,37588,62220,29,1081,4021,11712,32,320,1070,11712,42,228,1246,3627,15372,0,0,0,0,0,0,0,0,0,0,0,0,0,0,0,24,378,136,3142,8784,0,0,0,0,297,11825,49448,108702,0,0,0,0,80,624,11222,29280,0,0,0,0,0,0,0,0,377,12449,60670,137982,0,0,0,NEITHER,0,0,0,0,0,0,0,0,0,0,0,0,0,0,0,0,0,0,0,0,0,0,0,0,0,0,856,74,30,0,0,0,0,296,560,1402,2553,326271,2631,262692,No,7,0,7,0,Basic,Basic,0,0,0,1,0,0,1099,0,5455,1,16643,3,6575,5,1313,3,31085,12,15,25150,4717,0,0,0,0,0,0,0,0,0,0,0,0,0,0,0,0,0,0,0,0,0,0,0,0,0,0,0,0,0,0,0,0,0,1,744,696,744,720,744,720,744,744,720,744,720,744,78.2gg,91,153,27,Angeles National Forest West/Kagel Canyon/Lake View Terrace/San Fernando East/Sylmar,Urban,No,No,No,1,31085,300 - 499,0
106560492,LOS ROBLES REGIONAL MEDICAL CENTER,1/1/04,12/31/04,Open,11/7/68,11/7/68,Ventura,10 - Santa Barbara/Ventura,General Acute Care,Investor - Corporation,HCA Inc.,General Medical / Surgical,NO,196,215 WEST JANSS ROAD,THOUSAND OAKS,91360,805-370-4421,0,0,0,0,0,0,0,No,123,7365,41384,45018,16,2118,5944,3294,9,472,968,3294,20,359,842,6076,7320,18,261,540,2602,6588,0,0,0,0,0,0,0,0,0,0,10,152,85,3072,3660,0,0,0,0,196,10727,60046,71736,0,0,0,0,0,0,0,0,0,0,0,0,0,0,0,0,196,10727,60046,71736,0,0,0,CV SURG,2,0,0,172,145,172,145,135,2,0,0,0,0,690,448,1185,395,1875,843,0,651,126,0,0,66,843,1986,122,28,1,1,0,1215,771,0,4443,3838,586450,3803,343579,No,10,0,8,2,Basic,Basic,0,0,0,1,0,0,2502,7,10591,30,8148,303,5273,2236,5330,3985,31844,6561,23,0,1043,1,322,363,186,163,34,39,23,67,109,137,128,239,1810,0,0,0,0,0,0,0,0,0,0,0,0,0,0,0,0,0,0,0,1,744,696,744,720,744,720,744,744,720,744,720,744,240b,90,152,24,Thousand Oaks Central and West,Urban,No,No,No,1,31844,150 - 199,0
106564018,LOS ROBLES REGIONAL MEDICAL CENTER - EAST CAMPUS,1/1/04,12/31/04,Open,3/21/90,3/21/90,Ventura,10 - Santa Barbara/Ventura,General Acute Care,Investor - Corporation,HCA Inc.,Other,NO,69,150 VIA MERIDA,WESTLAKE VILAGE,91362,805-370-4421,1,0,1,0,0,0,0,No,0,0,0,0,0,0,0,0,0,0,0,0,0,0,0,0,0,0,0,0,0,0,0,0,0,0,0,0,0,0,0,0,0,0,0,0,0,11,214,3103,4026,11,214,3103,4026,0,0,0,0,16,173,2053,5856,42,658,8213,15372,0,0,0,0,69,1045,13369,25254,0,0,0,NEITHER,0,0,0,0,0,0,0,0,0,0,0,0,0,0,0,0,0,0,0,0,0,0,0,0,0,0,0,0,0,0,0,0,0,0,0,0,0,0,0,0,Yes,0,0,0,0,0,0,0,1,0,0,0,0,0,0,0,0,0,0,0,0,0,0,0,0,0,0,0,0,0,0,0,0,0,0,0,0,0,0,0,0,0,0,0,0,0,0,0,0,0,0,0,0,0,0,0,0,0,0,0,0,0,0,0,0,0,0,0,0,0,0,0,0,0,240c,90,152,24,Simi Valley West/Thousand Oaks East,Urban,No,No,No,1,0,50 - 99,0
106434040,LUCILE SALTER PACKARD CHILDRENS HOSP. AT STANFORD,1/1/04,12/31/04,Open,6/9/91,6/9/91,Santa Clara,07 - Santa Clara,General Acute Care,Non-Profit Corporation (incl. Church-related),,General Medical / Surgical,NO,264,725 WELCH ROAD,PALO ALTO,94304,650-498-5050,0,0,0,0,0,0,0,No,35,2290,9866,12810,32,3260,9980,33304,92,5361,25786,33304,24,177,1663,8202,8784,0,0,0,0,0,0,0,0,0,0,0,0,0,0,0,81,1846,1285,25556,29646,0,0,0,0,264,12934,79390,96256,0,0,0,0,0,0,0,0,0,0,0,0,0,0,0,0,264,12934,79390,96256,0,0,0,NEITHER,0,0,0,0,0,0,0,0,0,0,0,0,0,0,0,0,0,0,0,0,0,0,0,0,0,0,5033,589,156,0,0,0,0,0,5033,9903,0,0,0,0,Yes,0,0,0,0,0,0,0,1,0,0,0,0,0,0,0,0,0,0,0,0,0,0,0,0,0,0,0,0,0,0,0,0,0,0,0,0,0,0,0,0,0,0,0,0,0,0,0,0,0,0,0,0,0,0,0,0,0,0,0,0,0,0,0,0,0,0,0,0,0,0,0,0,0,183a,74,144,14,Los Altos/Los Altos Hills/Palo Alto Central/Stanford,Urban,No,No,No,1,0,200 - 299,0
106121002,MAD RIVER COMMUNITY HOSPITAL,1/1/04,12/31/04,Open,10/26/72,10/26/72,Humboldt,01 - Northern California,General Acute Care,Investor - Corporation,American Hospital Management Corporation,General Medical / Surgical,NO,78,3800 JANES ROAD,ARCATA,95521,707-826-8204,0,0,0,0,0,0,0,No,62,1885,6889,22692,10,498,1031,0,0,0,0,0,6,131,276,1120,2196,0,0,0,0,0,0,0,0,0,0,0,0,0,0,0,0,0,0,0,0,0,0,0,0,78,2514,9040,28548,0,0,0,0,0,0,0,0,0,0,0,0,0,0,0,0,78,2514,9040,28548,0,0,0,CATH LAB,0,0,0,0,0,0,0,0,0,0,0,0,0,0,0,0,0,0,0,0,0,0,0,0,0,0,453,21,2,0,0,0,0,101,352,818,792,44063,1895,73978,No,3,0,3,0,Basic,Basic,0,0,0,1,0,0,5271,5,3330,13,4411,91,2024,268,1423,976,16459,1353,9,0,506,0,0,0,0,0,0,0,0,0,0,0,0,0,0,0,0,0,0,0,0,0,0,0,0,0,0,0,0,0,0,0,0,0,1,744,696,744,720,744,720,744,744,720,744,720,744,39,54,135,1,Arcata/Eureka,Rural,No,No,No,1,16459,50 - 99,0
106201281,MADERA COMMUNITY HOSPITAL,1/1/04,12/31/04,Open,9/30/71,9/30/71,Madera,09 - Central,General Acute Care,Non-Profit Corporation (incl. Church-related),,General Medical / Surgical,NO,106,1250 EAST ALMOND AVENUE,MADERA,93637,559-675-5555-5400,0,0,0,0,0,0,0,No,73,5082,29492,26718,23,1265,1290,0,0,14,18,0,10,502,0,4745,3660,0,0,0,0,0,0,0,0,0,0,0,0,0,0,0,0,0,0,0,0,0,0,0,0,106,6863,35545,38796,0,0,0,0,0,0,0,0,0,0,0,0,0,0,0,0,106,6863,35545,38796,0,0,0,NEITHER,0,0,0,0,0,0,0,0,0,0,0,0,0,0,0,0,0,0,0,0,0,0,0,0,0,0,1583,75,9,0,0,0,0,0,1583,4084,1726,127467,3599,246286,Yes,6,0,6,0,Basic,Basic,0,0,0,1,0,0,0,0,0,0,0,0,0,0,0,0,0,0,16,0,25,1,2,0,20,11,19,27,5,11,0,0,10,2,107,0,0,0,0,0,0,0,0,0,0,0,0,0,0,0,0,0,0,0,1,744,696,744,720,744,720,744,744,720,744,720,744,80,82,145,19,Madera,Rural,No,No,No,1,0,100 - 149,0
106260011,MAMMOTH HOSPITAL,1/1/04,12/31/04,Open,2/10/78,2/10/78,Mono,12 - Inland Counties,General Acute Care,District,,General Medical / Surgical,NO,15,85 SIERRA PARK ROAD,MAMMOTH LAKES,93546,760-934-3311,0,0,0,0,0,0,0,No,13,689,1851,4758,0,0,0,0,0,0,0,0,2,19,35,56,732,0,0,0,0,0,0,0,0,0,0,0,0,0,0,0,0,0,0,0,0,0,0,0,0,15,708,1907,5490,0,0,0,0,0,0,0,0,0,0,0,0,0,0,0,0,15,708,1907,5490,0,0,0,NEITHER,0,0,0,0,0,0,0,0,0,0,0,0,0,0,0,0,0,0,0,0,0,0,0,0,0,0,159,10,3,1,1,1,117,42,0,303,406,63945,642,73215,No,2,0,2,0,Standby,Standby,0,0,1,0,0,0,974,0,5384,65,1716,252,200,55,36,1,8310,373,7,57,48,0,0,0,0,0,0,0,0,0,0,0,0,0,0,0,0,0,0,0,0,0,0,0,0,0,0,0,0,0,0,0,0,0,1,744,696,744,720,744,720,744,744,720,744,720,744,103,78,134,25,Mammoth Lakes,Rural,No,No,No,1,8310,1 - 49,0
106420493,MARIAN MEDICAL CENTER,1/1/04,12/31/04,Open,3/8/67,3/8/67,Santa Barbara,10 - Santa Barbara/Ventura,General Acute Care,Non-Profit Corporation (incl. Church-related),CATHOLIC HEALTHCARE WEST,General Medical / Surgical,NO,262,1400 EAST CHURCH STREET,SANTA MARIA,93454,805-739-3000-100,1,0,0,0,0,0,0,,137,0,0,50142,10,0,0,2928,8,0,0,2928,0,0,0,0,0,12,0,0,0,4392,0,0,0,0,0,0,0,0,0,0,0,0,0,0,0,0,0,0,0,167,0,0,61122,0,0,0,0,0,0,0,0,95,0,0,34770,0,0,0,0,262,0,0,95892,0,0,0,CV SURG,0,0,0,0,0,0,0,0,0,0,0,0,0,0,0,0,0,0,0,0,0,0,0,0,0,0,0,0,0,0,0,0,0,0,0,0,0,0,0,0,Yes,0,0,0,0,Basic,Basic,0,0,0,1,0,0,0,0,0,0,0,0,0,0,0,0,0,0,0,0,0,0,0,0,0,0,0,0,0,0,0,0,0,0,,0,0,0,0,0,0,0,0,0,0,0,0,0,0,0,0,0,0,0,0,744,696,744,720,744,720,744,744,720,744,720,744,180.1,86,148,23,Orcutt/Santa Maria,Urban,No,Yes,No,1,0,200 - 299,0
106244027,MARIE GREEN PSYCHIATRIC CENTER - P H F,1/1/04,12/31/04,Open,8/16/96,8/16/96,Merced,06 - North San Joaquin,Psychiatric Health Facility,City and/or County,Merced County Department of Mental Health,Psychiatric,NO,16,300 EAST 15TH STREET,MERCED,95340,209-381-6813,0,0,0,0,0,0,0,Yes,0,0,0,0,0,0,0,0,0,0,0,0,0,0,0,0,0,0,0,0,0,0,0,0,0,0,0,0,0,0,0,0,0,0,0,0,0,0,0,0,0,0,0,0,0,0,0,0,0,16,645,3648,5856,0,0,0,0,0,0,0,0,16,645,3648,5856,0,0,0,NEITHER,0,0,0,0,0,0,0,0,0,0,0,0,0,0,0,0,0,0,0,0,0,0,0,0,0,0,0,0,0,0,0,0,0,0,0,0,0,0,0,0,Yes,0,0,0,0,0,0,1,0,0,0,0,0,0,0,0,0,0,0,0,0,0,0,0,0,0,0,0,0,0,0,0,0,0,0,0,0,0,0,0,0,0,0,0,0,0,0,0,0,0,0,0,0,0,0,0,0,0,0,0,0,0,0,0,0,0,0,0,0,0,0,0,0,0,97.2,70,145,18,El Nido/Merced Southwest,Rural,No,No,No,1,0,1 - 49,0
106211006,MARIN GENERAL HOSPITAL,1/1/04,12/31/04,Open,5/16/52,5/16/52,Marin,04 - West Bay,General Acute Care,Non-Profit Corporation (incl. Church-related),Affiliate of Sutter Health,General Medical / Surgical,NO,235,250 BON AIR ROAD,GREENBRAE,94904,415-925-7000,0,0,0,0,0,0,0,Yes,164,7506,28510,60024,22,1949,5241,5124,14,571,1226,5124,10,154,826,2522,3660,0,0,0,0,0,0,0,0,0,0,0,0,0,0,0,8,220,68,1225,2928,0,0,0,0,218,10400,38724,79788,0,0,0,0,17,672,5007,6222,0,0,0,0,0,0,0,0,235,11072,43731,86010,0,0,0,CV SURG,3,0,0,96,11,96,11,49,1,0,0,0,0,233,276,240,20,473,296,6,253,18,0,0,19,298,1792,85,7,0,0,0,0,448,1344,3908,2778,425058,3986,322099,Yes,12,4,8,0,Basic,Basic,0,0,0,1,0,1,7106,33,13216,227,6756,620,4433,1371,2957,1621,34468,3872,18,0,254,1,10,0,36,0,5,5,16,6,5,4,0,11,98,1,0,0,1,0,0,0,0,0,0,0,0,0,0,0,0,34468,0,1,0,744,696,744,720,744,720,744,744,720,744,720,744,83a,59,136,6,Corte Madera/Fairfax/Kentfield/Larkspur/Marinwood/Mill Valley/Ross/San Anselmo/San Rafael West/Terra Linda,Urban,No,No,No,0,0,200 - 299,2
106050932,MARK TWAIN ST. JOSEPHS HOSPITAL,1/1/04,12/31/04,Open,8/21/51,8/21/51,Calaveras,06 - North San Joaquin,General Acute Care,Non-Profit Corporation (incl. Church-related),Mark Twain St. Josephs Healthcare Corporation,General Medical / Surgical,NO,48,768 MOUNTAIN RANCH ROAD,SAN ANDREAS,95249,209-754-2590,0,0,0,0,0,0,0,No,36,1591,5529,13176,4,143,348,0,0,0,0,0,8,147,0,450,2928,0,0,0,0,0,0,0,0,0,0,0,0,0,0,0,0,0,0,0,0,0,0,0,0,48,1881,6327,17568,0,0,0,0,0,0,0,0,0,47,249,0,0,0,0,0,48,1928,6576,17568,0,0,0,NEITHER,0,0,0,0,0,0,0,0,0,0,0,0,0,0,0,0,0,0,0,0,0,0,0,0,0,0,144,2,0,1,0,1,106,38,0,260,537,34785,1346,91281,Yes,2,0,2,0,Basic,Basic,0,0,0,1,0,0,118,0,2563,15,3101,22,2261,78,1730,861,9773,976,8,0,96,0,0,0,0,0,0,0,0,0,0,0,0,0,0,0,0,0,0,0,0,0,0,0,0,0,0,0,0,0,0,0,0,0,0,744,696,744,720,744,720,744,744,720,744,720,744,12,78,134,3,Angels Camp/Arnold/Copperopolis/Mountain Ranch/Murphys/San Andreas/Valley Springs/West Point,Rural,No,No,No,1,9773,1 - 49,0
106090933,MARSHALL  MEDICAL CENTER (1-RH),1/1/04,12/31/04,Open,5/22/59,5/22/59,El Dorado,02 - Golden Empire,General Acute Care,Non-Profit Corporation (incl. Church-related),,General Medical / Surgical,NO,105,MARSHALL WAY,PLACERVILLE,95667,530-626-2601,0,0,0,0,0,0,0,No,74,4708,18745,27084,9,624,1264,0,0,0,0,0,8,252,0,1892,2928,0,0,0,0,0,0,0,0,0,0,0,0,0,0,0,0,0,0,0,0,0,0,0,0,91,5584,21901,33306,0,0,0,0,0,0,0,0,14,383,4101,5124,0,0,0,0,105,5967,26002,38430,0,0,0,CATH LAB,0,0,0,0,0,0,0,0,1,0,0,0,0,21,0,11,0,32,0,0,0,0,0,0,0,0,607,21,2,0,0,0,0,147,460,1151,1663,176978,2092,147652,Yes,5,0,5,0,Basic,Basic,0,0,0,1,0,0,902,1,2939,0,7123,7,11015,1752,3710,1986,25689,3746,15,4277,997,0,0,0,0,0,0,0,0,0,0,0,0,0,0,0,0,0,0,0,0,0,0,0,0,0,0,0,0,0,0,0,0,0,1,744,696,744,720,744,720,744,744,720,744,720,744,23.3,57,134,4,Cool/Diamond Springs/Latrobe/Pilot Hill/Placerville,Rural,No,No,No,1,25689,100 - 149,0
106450936,MAYERS MEMORIAL HOSPITAL,1/1/04,12/31/04,Open,1/7/59,1/7/59,Shasta,01 - Northern California,General Acute Care,District,,General Medical / Surgical,NO,121,"HWY. 299-E, P O BOX 459",FALL RIVER MILLS,96028,530-336-5511,0,0,0,0,0,0,0,No,20,649,2033,7320,2,0,0,0,0,0,0,0,0,0,0,0,0,0,0,0,0,0,0,0,0,0,0,0,0,0,0,0,0,0,0,0,0,0,0,0,0,22,649,2033,8052,0,0,0,0,0,0,0,0,99,56,30851,36234,0,0,0,0,121,705,32884,44286,0,0,0,NEITHER,0,0,0,0,0,0,0,0,0,0,0,0,0,0,0,0,0,0,0,0,0,0,0,0,0,0,89,4,0,0,0,0,0,26,63,139,144,17805,420,30500,Yes,2,0,2,0,Standby,Standby,0,0,1,0,0,1,31,22,1921,0,1662,315,504,0,331,45,4449,382,4,0,4,0,0,0,0,0,0,0,0,0,0,0,0,0,0,1,0,0,0,1,0,0,0,0,0,0,0,0,0,0,0,0,4449,0,1,744,696,744,720,744,720,744,744,720,744,720,744,190,55,137,2,Burney/Cassel/Fall River Mills/Hat Creek/McArthur,Frontier,No,No,No,0,0,100 - 149,0
106240924,MEMORIAL HOSPITAL LOS BANOS,1/1/04,12/31/04,Open,8/31/67,8/31/67,Merced,06 - North San Joaquin,General Acute Care,Non-Profit Corporation (incl. Church-related),,General Medical / Surgical,NO,48,520 WEST I STREET,LOS BANOS,93635,209-826-0591-316,0,0,0,0,0,0,0,No,34,1237,6015,12444,10,713,1353,0,0,0,0,0,4,68,187,805,1464,0,0,0,0,0,0,0,0,0,0,0,0,0,0,0,0,0,0,0,0,0,0,0,0,48,2018,8173,17568,0,0,0,0,0,0,0,0,0,0,0,0,0,0,0,0,48,2018,8173,17568,0,0,0,NEITHER,0,0,0,0,0,0,0,0,0,0,0,0,0,0,0,0,0,0,0,0,0,0,0,0,0,0,711,32,0,1,0,1,450,229,32,1353,510,34140,495,27860,Yes,2,0,2,0,Basic,Basic,0,0,0,1,0,0,2,0,538,0,9882,192,3863,1039,166,53,14451,1284,4,0,751,0,0,0,0,0,0,0,0,0,0,0,0,0,0,0,0,0,0,0,0,0,0,0,0,0,0,0,0,0,0,0,0,0,1,744,696,744,720,744,720,744,744,720,744,720,744,94,70,145,18,Dos Palos/Gustine/Los Banos,Rural,No,No,No,1,14451,1 - 49,0
106500939,MEMORIAL HOSPITAL MEDICAL CENTER - MODESTO,1/1/04,12/31/04,Open,5/1/70,5/1/70,Stanislaus,06 - North San Joaquin,General Acute Care,Non-Profit Corporation (incl. Church-related),,General Medical / Surgical,NO,313,1700 COFFEE ROAD,MODESTO,95355,209-526-4500,0,0,0,0,0,0,0,No,227,13846,72494,83082,29,1808,3496,3660,10,1433,4157,3660,23,332,1837,6753,8418,12,144,296,1964,4392,0,0,0,0,0,0,0,0,0,0,12,172,0,1821,4392,0,0,0,0,313,17735,90685,114558,0,0,0,0,0,0,0,0,0,0,0,0,0,0,0,0,313,17735,90685,114558,0,0,0,CV SURG,2,0,0,345,29,345,29,371,2,0,0,0,0,1275,811,415,0,1690,811,185,606,0,0,0,13,811,1808,103,17,1,0,1,1239,569,0,1422,5972,814265,8114,508534,No,15,3,12,0,Basic,Basic,0,0,0,1,0,1,1142,0,29079,0,24853,3000,6545,6328,563,526,62182,9854,39,0,1650,0,0,0,0,0,0,0,0,0,0,0,0,0,0,1,0,1,0,0,0,0,0,0,0,0,0,0,0,0,62182,0,0,1,0,744,696,744,720,744,720,744,744,720,744,720,744,215b,78,145,18,Modesto East,Urban,No,No,No,0,0,300 - 499,7
106190521,MEMORIAL HOSPITAL OF GARDENA,1/1/04,12/31/04,Open,5/13/49,5/13/49,Los Angeles,11 - Los Angeles,General Acute Care,Investor - Partnership,"Gardena Hospital, L.P.",General Medical / Surgical,NO,172,1145 W. REDONDO BEACH BLVD.,GARDENA,90247,310-522-9022,0,0,0,0,0,0,0,No,70,2313,11104,25620,23,1009,2399,0,0,0,0,0,5,264,506,3372,1830,5,0,0,0,1830,0,0,0,0,0,0,0,0,0,0,0,0,0,0,0,0,0,0,0,103,3586,16875,37698,0,0,0,0,0,0,0,0,69,79,21746,25254,0,0,0,0,172,3665,38621,62952,0,0,0,NEITHER,0,0,0,0,0,0,0,0,0,0,0,0,0,0,0,0,0,0,0,0,0,0,0,0,0,0,851,24,3,0,0,0,0,304,547,1898,1066,113623,856,64495,No,5,0,5,0,Basic,Basic,0,0,0,1,0,0,2451,68,7645,66,5897,146,2031,723,3213,470,21237,1473,10,0,1473,0,0,0,0,0,0,0,0,0,0,0,0,0,0,0,0,0,0,0,0,0,0,0,0,0,0,0,0,0,0,0,0,0,1,744,696,744,720,744,720,744,744,720,744,720,744,78.2iiii,104,158,35,Gardena Southeast/Harbor Gateway Central/Lawndale South/Moneta/Redondo Beach North/Torrance North,Urban,No,No,No,1,21237,150 - 199,0
106231013,MENDOCINO COAST DISTRICT HOSPITAL,1/1/04,12/31/04,Open,7/1/71,7/1/71,Mendocino,01 - Northern California,General Acute Care,District,,General Medical / Surgical,NO,49,700 RIVER DRIVE,FORT BRAGG,95437,707-961-1234,0,0,0,0,0,0,0,No,38,1181,4553,14178,7,175,420,0,0,32,59,0,4,204,155,968,1464,0,12,5,26,0,0,0,0,0,0,0,0,0,0,0,0,0,0,0,0,0,0,0,0,49,1604,6026,18204,0,0,0,0,0,0,0,0,0,0,0,0,0,0,0,0,49,1604,6026,18204,0,0,0,NEITHER,0,0,0,0,0,0,0,0,0,0,0,0,0,0,0,0,0,0,0,0,0,0,0,0,0,0,176,2,0,0,0,0,0,31,145,354,468,50619,2119,103973,Yes,2,0,2,0,Basic,Basic,0,0,0,1,0,0,387,0,2060,5,5690,136,3582,434,2320,1281,14039,1856,8,0,154,0,0,0,0,0,0,0,0,0,0,0,0,0,0,0,0,0,0,0,0,0,0,0,0,0,0,0,0,0,0,0,0,0,1,744,696,744,720,744,720,744,744,720,744,720,744,89,54,135,1,Fort Bragg/Westport,Rural,No,No,No,1,14039,1 - 49,0
106334018,MENIFEE VALLEY MEDICAL CENTER,1/1/04,12/31/04,Open,6/5/89,6/5/89,Riverside,12 - Inland Counties,General Acute Care,District,Valley Health System,General Medical / Surgical,NO,84,28400 MCCALL BOULEVARD,SUN CITY,92585,951-652-2811-7262,0,0,0,0,0,0,0,No,75,4814,19665,27450,0,0,0,0,0,0,0,0,5,195,0,1577,1830,4,178,0,962,1464,0,0,0,0,0,0,0,0,0,0,0,0,0,0,0,0,0,0,0,84,5187,22204,30744,0,0,0,0,0,0,0,0,0,0,0,0,0,0,0,0,84,5187,22204,30744,0,0,0,NEITHER,0,0,0,0,0,0,0,0,0,0,0,0,0,0,0,0,0,0,0,0,0,0,0,0,0,0,0,0,0,0,0,0,0,0,0,0,754,65160,961,62670,No,3,0,3,0,Basic,Basic,0,0,0,1,0,0,1960,28,2576,12,5835,435,5518,2439,1472,981,17361,3895,5,0,15,0,0,0,0,0,0,0,0,0,0,0,0,0,0,0,0,0,0,0,0,0,0,0,0,0,0,0,0,0,0,0,0,0,1,744,696,744,720,744,720,744,744,720,744,720,744,133.1,118,170,45,Canyon Lake/Perris/Quail Valley/Romoland/Sun City/Winchester,Urban,No,No,No,1,17361,50 - 99,0
106414018,MENLO PARK SURGICAL HOSPITAL,1/1/04,12/31/04,Open,12/17/92,12/17/92,San Mateo,04 - West Bay,General Acute Care,Investor - Corporation,Kindred Healthcare,General Medical / Surgical,NO,16,570 WILLOW ROAD,MENLO PARK,94025,650-324-8500-232,0,0,0,0,0,0,0,No,16,743,1052,5856,0,0,0,0,0,0,0,0,0,0,0,0,0,0,0,0,0,0,0,0,0,0,0,0,0,0,0,0,0,0,0,0,0,0,0,0,0,16,743,1052,5856,0,0,0,0,0,0,0,0,0,0,0,0,0,0,0,0,16,743,1052,5856,0,0,0,NEITHER,0,0,0,0,0,0,0,0,0,0,0,0,0,0,0,0,0,0,0,0,0,0,0,0,0,0,0,0,0,0,0,0,0,0,0,0,529,117741,2555,206237,Yes,2,0,2,0,0,0,0,1,0,0,0,0,0,0,0,0,0,0,0,0,0,0,0,0,0,0,0,0,0,0,0,0,0,0,0,0,0,0,0,0,0,0,0,0,0,0,0,0,0,0,0,0,0,0,0,0,0,0,0,0,0,0,0,0,0,0,0,0,0,0,0,0,0,176c,74,144,14,Atherton/Lindenwood/Menlo Oaks/Menlo Park/Redwood City Central/Sharon Heights/West Menlo Park/Woodside/Woodside Hills,Urban,No,No,No,1,0,1 - 49,0
106340947,MERCY GENERAL HOSPITAL,1/1/04,12/31/04,Open,1/1/46,1/1/46,Sacramento,02 - Golden Empire,General Acute Care,Non-Profit Corporation (incl. Church-related),Catholic Healthcare West,General Medical / Surgical,NO,399,4001 J STREET,SACRAMENTO,95819,916-453-4545,0,0,0,0,0,0,0,No,231,13175,29797,84546,17,3002,6222,0,0,0,0,0,26,231,2269,8786,9516,0,0,0,0,0,0,0,0,0,0,0,0,0,0,0,0,0,0,0,0,30,365,5130,10980,304,16773,49935,111264,0,0,0,0,0,0,0,0,95,669,8947,34770,0,0,0,0,399,17442,58882,146034,0,0,0,CV SURG,3,0,0,1218,5,1218,5,1037,2,0,0,0,0,918,1943,672,0,1590,1943,0,1755,155,0,0,0,1943,2788,99,5,0,0,0,0,717,2071,5196,3785,498363,11629,610111,Yes,15,8,7,0,Basic,Basic,0,0,0,1,0,0,2104,0,3506,0,9008,1460,9448,3808,854,319,24920,5587,16,0,1098,1,12,29,18,10,4,20,25,21,29,8,17,4,197,0,0,0,0,0,0,0,0,0,0,0,0,0,0,0,0,0,0,1,0,744,696,744,720,744,720,744,744,720,744,720,744,139i,62,139,5,Greenhaven/Land Park/Midtown/Pocket/Riverside/Sutterville,Urban,No,No,No,1,24920,300 - 499,33
106150761,MERCY HOSPITAL - BAKERSFIELD,1/1/04,12/31/04,Open,1/1/47,1/1/47,Kern,09 - Central,General Acute Care,Non-Profit Corporation (incl. Church-related),CATHOLIC HEALTHCARE WEST,General Medical / Surgical,NO,194,2215 TRUXTUN AVENUE,BAKERSFIELD,93301,661-632-5000,0,0,0,0,0,0,0,No,124,7778,39809,45384,0,0,0,0,0,0,0,0,11,137,648,3554,4026,9,112,530,2908,3294,0,0,0,0,0,0,0,0,0,0,0,0,0,0,0,0,0,0,0,144,8027,46271,52704,0,0,0,0,0,0,0,0,50,612,12065,18300,0,0,0,0,194,8639,58336,71004,0,0,0,NEITHER,0,0,0,0,0,0,0,0,0,0,0,0,0,0,0,0,0,0,0,0,0,0,0,0,0,0,0,0,0,0,0,0,0,0,0,0,2971,390765,2186,186592,No,9,5,0,4,Basic,Basic,0,0,0,1,0,0,442,8,4481,36,9206,769,5336,2193,4754,3209,24219,6215,14,0,1791,1,4,9,0,5,5,11,2,1,0,8,3,21,69,0,0,0,0,0,0,0,0,0,0,0,0,0,0,0,0,0,0,0,1,744,696,744,720,744,720,744,744,720,744,720,744,66d,85,151,22,Bakersfield Northwest/Rosedale,Urban,No,No,No,1,24219,150 - 199,0
106344029,MERCY HOSPITAL - FOLSOM,1/1/04,12/31/04,Open,6/17/89,6/17/89,Sacramento,02 - Golden Empire,General Acute Care,Non-Profit Corporation (incl. Church-related),CHW Sacramento,General Medical / Surgical,NO,85,1650 CREEKSIDE DRIVE,FOLSOM,95630,916-983-7400,0,0,0,0,0,0,0,No,69,2636,9757,25254,8,1216,2488,0,0,0,0,0,8,344,0,1968,2928,0,0,0,0,0,0,0,0,0,0,0,0,0,0,0,0,0,0,0,0,0,0,0,0,85,4196,14213,31110,0,0,0,0,0,0,0,0,0,0,0,0,0,0,0,0,85,4196,14213,31110,0,0,0,NEITHER,0,0,0,0,0,0,0,0,0,0,0,0,0,0,0,0,0,0,0,0,0,0,0,0,0,0,1186,37,1,1,1,0,298,888,0,2498,1525,155073,2895,132137,Yes,4,0,4,0,Basic,Basic,0,0,0,1,0,0,5753,1457,15053,578,0,0,0,0,807,58,21613,2093,7,0,962,1,7,42,8,8,9,8,19,7,22,12,2,23,167,0,0,0,0,0,0,0,0,0,0,0,0,0,0,0,0,0,0,0,0,744,696,744,720,744,720,744,744,720,744,720,744,139e,58,134,3,Folsom/Orangevale,Urban,No,No,No,1,21613,50 - 99,0
106450949,MERCY MEDICAL CENTER,1/1/04,12/31/04,Open,4/9/53,4/9/53,Shasta,01 - Northern California,General Acute Care,Non-Profit Corporation (incl. Church-related),Catholic Healthcare West,General Medical / Surgical,NO,273,2175 ROSALINE AVENUE,REDDING,96001,530-225-6107,0,0,0,0,0,0,0,No,156,9156,45444,57096,38,1788,4180,6954,19,790,2013,6954,34,454,1279,2398,12444,10,467,717,1355,3660,0,0,0,0,0,0,0,0,0,0,16,17,89,242,5856,0,0,0,0,273,12672,55632,99918,0,0,0,0,0,0,0,0,0,0,0,0,0,0,0,0,273,12672,55632,99918,0,0,0,CV SURG,1,0,1,324,0,324,1,307,3,0,0,0,0,1006,570,425,74,1431,644,0,538,34,0,7,30,616,1994,98,23,1,0,1,1456,534,4,3003,3919,590124,1960,169409,No,7,0,7,0,Basic,Basic,0,0,0,1,0,1,7640,13,14539,221,9828,1089,5095,2457,3312,2318,40414,6098,22,0,1135,1,40,25,42,20,20,23,81,43,81,65,66,26,532,1,0,1,0,0,0,0,0,0,0,0,0,0,0,0,40414,0,0,0,1,744,696,744,720,744,720,744,744,720,744,720,744,189.2,55,137,2,Redding,Urban,No,No,No,0,0,200 - 299,7
106240942,MERCY MEDICAL CENTER MERCED-COMMUNITY CAMPUS,1/1/04,12/31/04,Open,1/1/56,1/1/56,Merced,06 - North San Joaquin,General Acute Care,Non-Profit Corporation (incl. Church-related),Catholic Healthcare West,General Medical / Surgical,NO,174,301 EAST 13TH STREET,MERCED,95340,209-385-7000,0,0,0,0,0,0,0,No,127,6171,27571,46286,24,2690,5750,2562,7,515,1349,2562,16,351,0,4501,5856,0,0,0,0,0,0,0,0,0,0,0,0,0,0,0,0,0,0,0,0,0,0,0,0,174,9727,39171,63684,0,0,0,0,0,0,0,0,0,0,0,0,0,0,0,0,174,9727,39171,63684,0,0,0,CATH LAB,0,0,0,0,0,0,0,0,1,0,0,0,0,225,0,75,0,300,0,0,0,0,0,0,0,0,2594,99,16,0,0,0,0,688,1906,4633,2519,254354,1614,125260,Yes,4,0,4,0,Basic,Basic,0,0,0,1,0,0,791,7,4630,34,12338,144,8798,684,5349,2176,31906,3045,22,2894,2054,0,0,0,0,0,0,0,0,0,0,0,0,0,0,0,0,0,0,0,0,0,0,0,0,0,0,0,0,0,0,0,0,0,1,744,696,744,720,744,720,744,744,720,744,720,744,97.2,70,145,18,El Nido/Merced Southwest,Rural,No,No,No,1,31906,150 - 199,0
106240948,MERCY MEDICAL CENTER MERCED-DOMINICAN CAMPUS,1/1/04,12/31/04,Open,3/1/05,1/1/46,Merced,06 - North San Joaquin,General Acute Care,Non-Profit Corporation (incl. Church-related),Catholic Healthcare West,General Medical / Surgical,NO,113,2740 M STREET,MERCED,95340,209-384-6444,0,0,0,0,0,0,0,No,103,440,1941,37698,0,0,0,0,0,0,0,0,10,12,0,209,3660,0,0,0,0,0,0,0,0,0,0,0,0,0,0,0,0,0,0,0,0,0,0,0,0,113,452,2150,41358,0,0,0,0,0,0,0,0,0,0,0,0,0,0,0,0,113,452,2150,41358,0,0,0,NEITHER,0,0,0,0,0,0,0,0,0,0,0,0,0,0,0,0,0,0,0,0,0,0,0,0,0,0,0,0,0,0,0,0,0,0,0,0,101,14463,212,16508,No,3,0,3,0,0,0,0,1,0,0,0,0,0,0,0,0,0,0,0,0,0,0,0,0,0,0,0,0,0,0,0,0,0,0,0,0,0,0,0,0,0,0,0,0,0,0,0,0,0,0,0,0,0,0,0,0,0,0,0,0,0,0,0,0,0,0,0,0,0,0,0,0,0,97.1,70,145,18,Merced Central and North/Merced Southeast,Urban,No,No,No,1,0,100 - 149,0
106470871,MERCY MEDICAL CENTER MT. SHASTA,1/1/04,12/31/04,Open,4/13/76,4/13/76,Siskiyou,01 - Northern California,General Acute Care,Non-Profit Corporation (incl. Church-related),Catholic Healthcare West,General Medical / Surgical,NO,80,"914 PINE STREET, BOX 239",MOUNT SHASTA,96067,530-926-6111,1,1,0,0,0,0,0,No,25,1327,4447,9150,4,125,208,0,0,0,0,0,4,100,0,242,1464,0,0,0,0,0,0,0,0,0,0,0,0,0,0,0,0,0,0,0,0,0,0,0,0,33,1552,4897,12078,0,0,0,0,0,0,0,0,47,105,16174,17202,0,0,0,0,80,1657,21071,29280,0,0,0,NEITHER,0,0,0,0,0,0,0,0,0,0,0,0,0,0,0,0,0,0,0,0,0,0,0,0,0,0,125,2,0,1,1,0,50,39,36,208,618,55880,2315,82310,Yes,3,0,3,0,Basic,Basic,0,0,0,1,0,1,1114,0,3847,90,1265,101,1078,288,374,345,7678,824,8,368,148,0,0,0,0,0,0,0,0,0,0,0,0,0,0,1,0,0,1,0,0,0,0,0,0,0,0,0,0,0,0,7678,0,0,1,744,696,744,720,744,720,744,744,720,744,720,744,197,55,137,2,Carrick/Edgewood/Mount Shasta/Weed,Rural,No,No,No,0,0,50 - 99,0
106340950,MERCY SAN JUAN HOSPITAL,1/1/04,12/31/04,Open,2/3/67,2/3/67,Sacramento,02 - Golden Empire,General Acute Care,Non-Profit Corporation (incl. Church-related),Catholic Healthcare West,General Medical / Surgical,NO,260,6501 COYLE AVENUE,CARMICHAEL,95608,916-537-5000,0,0,0,0,0,0,0,No,158,11613,46398,57828,32,2509,6787,2928,8,1282,2586,2928,25,407,845,5378,9150,11,476,1000,4646,4026,0,0,0,0,0,0,0,0,0,0,26,302,103,7867,9516,0,0,0,0,260,16589,73662,95160,0,0,0,0,0,0,0,0,0,0,0,0,0,0,0,0,260,16589,73662,95160,0,0,0,CV SURG,1,0,0,141,216,141,216,128,2,0,0,0,0,338,285,183,43,521,328,112,216,0,0,0,0,328,3036,76,18,1,0,1,2282,754,0,5021,4428,529755,6679,388720,Yes,20,10,9,1,Basic,Basic,0,0,0,1,0,1,108,0,2397,0,19732,0,15726,113,8800,8800,46763,8913,31,46762,4335,1,125,115,173,91,71,89,149,142,176,125,140,170,1566,1,0,1,0,0,0,0,0,0,0,0,0,0,0,0,46763,0,0,0,1,744,696,744,720,744,720,744,744,720,744,720,744,139b,58,139,3,Carmichael/Fair Oaks/Gold River,Urban,No,No,No,0,0,200 - 299,0
106154108,MERCY SOUTHWEST HOSPITAL,1/1/04,12/31/04,Open,7/15/92,7/15/92,Kern,09 - Central,General Acute Care,Non-Profit Corporation (incl. Church-related),CATHOLIC HEALTHCARE WEST,General Medical / Surgical,NO,67,400 OLD RIVER RD,BAKERSFIELD,93311,661-632-6000,0,0,0,0,0,0,0,No,40,1066,2315,14640,18,3256,5946,0,0,0,0,0,0,0,0,0,0,0,0,0,0,0,0,0,0,0,0,0,0,0,0,0,9,311,96,3171,3294,0,0,0,0,67,4633,11432,24522,0,0,0,0,0,0,0,0,0,0,0,0,0,0,0,0,67,4633,11432,24522,0,0,0,NEITHER,0,0,0,0,0,0,0,0,0,0,0,0,0,0,0,0,0,0,0,0,0,0,0,0,0,0,3190,186,47,1,0,1,2438,752,0,643,856,111231,1959,133753,No,6,0,6,0,0,0,0,1,0,0,0,0,0,0,0,0,0,0,0,0,0,0,0,0,0,0,0,0,0,0,0,0,0,0,0,0,0,0,0,0,0,0,0,0,0,0,0,0,0,0,0,0,0,0,0,0,0,0,0,0,1,0,0,0,0,0,0,0,0,0,0,0,0,66d,85,151,22,Bakersfield Northwest/Rosedale,Urban,No,No,No,1,0,50 - 99,0
106150830,MERCY WESTSIDE HOSPITAL,1/1/04,7/31/04,Open,1/1/46,1/1/46,Kern,09 - Central,General Acute Care,Non-Profit Corporation (incl. Church-related),CATHOLIC HEALTHCARE WEST,General Medical / Surgical,NO,84,110 EAST NORTH STREET,TAFT,93268,661-632-5000,0,0,0,0,0,0,0,No,21,0,0,4452,0,0,0,0,0,0,0,0,0,0,0,0,0,0,0,0,0,0,0,0,0,0,0,0,0,0,0,0,0,0,0,0,0,0,0,0,0,21,0,0,4452,0,0,0,0,0,0,0,0,63,69,6749,13356,0,0,0,0,84,69,6749,17808,0,0,0,NEITHER,0,0,0,0,0,0,0,0,0,0,0,0,0,0,0,0,0,0,0,0,0,0,0,0,0,0,0,0,0,0,0,0,0,0,0,0,0,0,0,0,Yes,0,0,0,0,0,0,0,1,0,0,0,0,0,0,0,0,0,0,0,0,0,0,0,0,0,0,0,0,0,0,0,0,0,0,0,0,0,0,0,0,0,0,0,0,0,0,0,0,0,0,0,0,0,0,0,0,0,0,0,0,0,0,0,0,0,0,0,0,0,0,0,0,0,57.2,85,151,22,BlackwellÆs Corners/Ford City/Maricopa/McKittrick/Taft,Rural,No,No,No,1,0,50 - 99,0
106340951,METHODIST HOSPITAL OF SACRAMENTO,1/1/04,12/31/04,Open,10/24/73,10/24/73,Sacramento,02 - Golden Empire,General Acute Care,Non-Profit Corporation (incl. Church-related),Catholic Healthcare West,General Medical / Surgical,NO,333,7500 HOSPITAL DRIVE,SACRAMENTO,95823,916-423-6103,0,0,0,0,0,0,0,No,100,5105,20149,36600,22,1176,2563,2928,8,878,1680,2928,10,263,715,3012,3660,10,0,0,0,3660,0,0,0,0,0,0,0,0,0,0,12,133,7,980,4392,0,0,0,0,162,7555,28384,59292,0,0,0,0,0,0,0,0,171,722,50317,62586,0,0,0,0,333,8277,78701,121878,0,0,0,NEITHER,0,0,0,0,0,0,0,0,0,0,0,0,0,0,0,0,0,0,0,0,0,0,0,0,0,0,1047,26,9,1,0,1,827,220,0,1877,1508,148675,686,50845,No,4,0,4,0,Basic,Basic,0,0,0,1,0,0,3029,0,5280,0,13085,0,7708,3193,639,639,29741,3832,18,21414,2128,1,35,113,37,19,21,10,9,6,17,3,41,62,373,0,0,0,0,0,0,0,0,0,0,0,0,0,0,0,0,0,0,0,1,744,696,744,720,744,720,744,744,720,744,720,744,139h,62,139,5,Elk Grove/Laguna/Laguna West/Lakeside,Urban,No,No,No,1,29741,300 - 499,0
106190529,METHODIST HOSPITAL OF SOUTHERN CALIFORNIA,1/1/04,12/31/04,Open,5/23/57,5/23/57,Los Angeles,11 - Los Angeles,General Acute Care,Non-Profit Corporation (incl. Church-related),,General Medical / Surgical,NO,449,300 WEST HUNTINGTON DRIVE,ARCADIA,91007,626-445-4441,0,0,0,0,0,0,0,No,329,11674,51897,120414,24,2383,6277,5490,15,338,686,5490,9,231,455,2887,3294,10,206,685,2857,3660,10,106,205,724,3660,0,0,0,0,0,6,103,63,1671,2196,20,423,4338,7320,423,15464,71337,154939,0,0,0,0,0,0,0,0,26,955,8658,9516,0,0,0,0,449,16419,79995,164455,0,0,0,CV SURG,2,0,0,66,53,66,53,89,2,0,0,0,0,372,494,347,0,719,494,204,471,23,0,0,0,698,2152,88,36,0,0,0,0,643,1509,4665,4354,491372,3895,276344,No,10,0,9,1,Basic,Basic,0,0,0,1,0,0,4915,18,11288,120,6472,809,6517,3508,5669,3911,34861,8366,16,2381,828,1,400,352,282,206,131,160,224,189,248,200,149,260,2801,0,0,0,0,0,0,0,0,0,0,0,0,0,0,0,0,0,0,1,0,744,696,744,720,744,720,744,744,720,744,720,744,78.2xxx,97,162,26,Arcadia Central and Northeast/Bradbury/Monrovia/Sierra Madre,Urban,No,No,No,1,34861,300 - 499,0
106410742,MILLS  HEALTH CENTER,1/1/04,12/31/04,Open,1/1/46,1/1/46,San Mateo,04 - West Bay,General Acute Care,Non-Profit Corporation (incl. Church-related),Sutter Health,General Medical / Surgical,NO,40,100 SOUTH SAN MATEO DRIVE,SAN MATEO,94401,650-696-5400-5273,0,0,0,0,0,0,0,No,12,293,536,4392,0,0,0,0,0,0,0,0,0,0,0,0,0,0,0,0,0,0,0,0,0,0,0,0,0,0,0,0,0,0,0,0,0,28,264,4177,10248,40,557,4713,14640,0,0,0,0,0,0,0,0,0,0,0,0,0,0,0,0,40,557,4713,14640,0,0,0,NEITHER,0,0,0,0,0,0,0,0,0,0,0,0,0,0,0,0,0,0,0,0,0,0,0,0,0,0,0,0,0,0,0,0,0,0,0,0,0,0,5659,364748,Yes,7,7,0,0,Standby,Standby,0,0,1,0,0,0,3638,0,6710,0,3338,0,1429,0,715,0,15830,0,15,0,1,1,1,0,0,0,0,3,0,0,0,7,0,0,11,0,0,0,0,0,0,0,0,0,0,0,0,0,0,0,0,0,0,0,1,744,696,744,720,744,720,744,744,720,744,720,744,176f,72,141,12,Foster City/Redwood Shores/San Mateo East,Urban,No,No,No,1,15830,1 - 49,0
106190524,MISSION COMMUNITY HOSPITAL - PANORAMA CAMPUS,1/1/04,12/31/04,Open,8/13/65,8/13/65,Los Angeles,11 - Los Angeles,General Acute Care,Non-Profit Corporation (incl. Church-related),,General Medical / Surgical,NO,145,14850 ROSCOE BOULEVARD,PANORAMA CITY,91402,818-787-2222,0,0,0,0,0,0,0,No,75,3558,16676,31014,0,0,0,0,0,0,0,0,5,188,344,1821,1830,5,8,25,275,1830,0,0,0,0,0,0,0,0,0,0,0,0,0,0,0,0,0,0,0,85,3754,18772,34674,0,0,0,0,60,2993,17978,21960,0,0,0,0,0,0,0,0,145,6747,36750,56634,0,0,0,NEITHER,0,0,0,0,0,0,0,0,0,0,0,0,0,0,0,0,0,0,0,0,0,0,0,0,0,0,0,0,0,0,0,0,0,0,0,0,746,56785,1055,56119,No,3,1,2,0,Basic,Basic,0,0,0,1,0,0,3493,31,4493,94,2191,313,1260,357,1555,910,12992,1705,8,3462,443,1,186,203,217,150,186,180,186,155,240,217,210,202,2332,0,0,0,0,0,0,0,0,0,0,0,0,0,0,0,0,0,0,0,1,744,696,744,720,744,720,744,744,720,744,720,744,78.2zz,92,153,28,Northridge South/Reseda North,Urban,No,No,No,1,12992,100 - 149,0
106301262,MISSION HOSPITAL REGIONAL MEDICAL CENTER,1/1/04,12/31/04,Open,8/10/71,8/10/71,Orange,13 - Orange,General Acute Care,Non-Profit Corporation (incl. Church-related),ST. JOSEPH HEALTH SYSTEM,General Medical / Surgical,NO,338,27700 MEDICAL CENTER ROAD,MISSION VIEJO,92691,949-364-2258,0,0,0,0,0,0,0,No,205,10953,43001,75030,41,3432,9736,0,0,0,0,0,12,164,841,3940,4392,46,848,2632,7471,16836,0,0,0,0,0,0,0,0,0,0,0,0,0,0,0,21,474,6036,7686,325,15871,70184,118950,0,0,0,0,0,0,0,0,13,352,3115,4758,0,0,0,0,338,16223,73299,123708,0,0,0,CV SURG,1,0,0,191,33,191,33,224,3,0,0,0,0,320,1477,1282,0,1602,1477,182,604,184,9,0,497,1477,3058,139,34,0,0,0,0,861,2197,6886,4930,835680,2997,177814,Yes,9,0,9,0,Basic,Basic,0,0,0,1,0,1,4096,3,15086,26,13829,86,16964,8596,1970,1707,51945,10418,21,18244,457,1,150,124,91,84,10,40,70,17,137,13,69,82,887,1,0,1,0,0,0,0,0,0,0,0,0,0,0,0,51945,0,0,1,0,744,696,744,720,744,720,744,744,720,744,720,744,115.2a,124,166,42,Lake Forest East/Mission Viejo Central and South,Urban,No,No,No,0,0,300 - 499,1
106430915,MISSION OAKS HOSPITAL,1/1/04,12/31/04,Open,2/1/01,5/9/61,Santa Clara,07 - Santa Clara,General Acute Care,Investor - Corporation,HCA,General Medical / Surgical,NO,89,15891 LOS GATOS-ALMADEN ROAD,LOS GATOS,95032,408-559-2011,0,0,0,0,24,118,0,No,49,0,0,17934,0,0,0,0,0,0,0,0,0,0,0,0,0,0,0,0,0,0,0,0,0,0,0,0,0,0,0,0,0,0,0,0,0,0,0,0,0,49,0,0,17934,0,0,0,0,21,788,5364,7686,19,474,6305,6954,0,0,0,0,89,1262,11669,32574,0,0,0,NEITHER,0,0,0,0,0,0,0,0,0,0,0,0,0,0,0,0,0,0,0,0,0,0,0,0,0,0,0,0,0,0,0,0,0,0,0,0,0,0,272,10842,Yes,0,0,0,0,0,0,0,1,0,0,0,0,0,0,0,0,0,0,0,0,0,0,0,0,0,0,0,0,0,0,0,0,0,0,0,0,0,0,0,0,0,0,0,0,0,0,0,0,0,0,0,0,0,0,0,0,0,0,0,0,0,0,0,0,0,0,0,0,0,0,0,0,0,183m,77,144,15,Cambrian Village West/Campbell South/Los Gatos/Monte Sereno/San Tomas,Urban,No,No,No,1,0,50 - 99,0
106250956,MODOC MEDICAL CENTER,1/1/04,12/31/04,Open,7/1/53,7/1/53,Modoc,01 - Northern California,General Acute Care,City and/or County,,General Medical / Surgical,NO,87,228 MC DOWELL STREET,ALTURAS,96101,530-233-7035,0,0,0,0,0,0,0,No,16,201,367,5856,0,41,65,0,0,28,41,0,0,0,0,0,0,0,0,0,0,0,0,0,0,0,0,0,0,0,0,0,0,0,0,0,0,0,0,0,0,16,270,473,5856,0,0,0,0,0,0,0,0,71,59,17230,25986,0,0,0,0,87,329,17703,31842,0,0,0,NEITHER,0,0,0,0,0,0,0,0,0,0,0,0,0,0,0,0,0,0,0,0,0,0,0,0,0,0,43,2,0,0,0,0,0,5,38,62,9,578,12,792,No,1,0,1,0,Standby,Standby,0,0,1,0,0,0,287,0,1087,4,517,62,119,22,8,2,2018,90,1,287,49,0,0,0,0,0,0,0,0,0,0,0,0,0,0,0,0,0,0,0,0,0,0,0,0,0,0,0,0,0,0,0,0,0,1,744,696,744,720,744,720,744,744,720,744,720,744,98,55,134,4,Alturas/Canby,Frontier,No,No,No,1,2018,50 - 99,0
106190547,MONTEREY PARK HOSPITAL,1/1/04,12/31/04,Open,12/4/72,12/4/72,Los Angeles,11 - Los Angeles,General Acute Care,Investor - Partnership,AHMC,General Medical / Surgical,NO,101,900 SOUTH ATLANTIC BOULEVARD,MONTEREY PARK,91754-4780,626-307-2108,0,0,0,0,0,0,0,No,83,3432,16577,30378,8,2236,5349,2196,6,397,1384,2196,4,87,234,1238,1464,0,0,0,0,0,0,0,0,0,0,0,0,0,0,0,0,0,0,0,0,0,0,0,0,101,6152,24548,36966,0,0,0,0,0,0,0,0,0,0,0,0,0,0,0,0,101,6152,24548,36966,0,0,0,NEITHER,0,0,0,0,0,0,0,0,0,0,0,0,0,0,0,0,0,0,0,0,0,0,0,0,0,0,2089,71,1,0,0,0,0,624,1465,4160,1334,109197,1171,80513,Yes,4,0,4,0,Basic,Basic,0,0,0,1,0,0,1532,0,4149,0,2226,1218,1700,1170,1079,138,10686,2526,6,0,118,1,280,219,135,58,77,74,101,158,365,180,82,157,1886,0,0,0,0,0,0,0,0,0,0,0,0,0,0,0,0,0,0,1,0,744,696,744,720,744,720,744,744,720,744,720,744,78.2nn,102,157,32,Montebello North/Monterey Park/South San Gabriel,Urban,No,No,No,1,10686,100 - 149,0
106334048,MORENO VALLEY COMMUNITY HOSPITAL,1/1/04,12/31/04,Open,10/3/90,10/3/90,Riverside,12 - Inland Counties,General Acute Care,District,Valley Health System,General Medical / Surgical,NO,101,27300 IRIS AVENUE,MORENO VALLEY,92555,951-652-2811-2525,0,0,0,0,0,0,0,No,43,3739,14149,15738,18,1029,3042,0,0,0,0,0,5,202,0,1621,1830,5,277,0,1019,1830,0,0,0,0,0,0,0,0,0,0,0,0,0,0,0,0,0,0,0,71,5247,19831,25986,0,0,0,0,30,136,929,10980,0,0,0,0,0,0,0,0,101,5383,20760,36966,0,0,0,NEITHER,0,0,0,0,0,0,0,0,0,0,0,0,0,0,0,0,0,0,0,0,0,0,0,0,0,0,1346,42,18,1,0,1,771,364,211,2483,898,89850,825,57165,No,2,0,2,0,Basic,Basic,0,0,0,1,0,0,2973,17,4336,17,7709,142,6745,1261,2175,1654,23938,3091,10,0,38,0,0,0,0,0,0,0,0,0,0,0,0,0,0,0,0,0,0,0,0,0,0,0,0,0,0,0,0,0,0,0,0,0,1,744,696,744,720,744,720,744,744,720,744,720,744,134,118,170,45,Banning/Beaumont/Cabizon/Calimesa/Cherry Valley,Rural,No,No,No,1,23938,100 - 149,0
106190552,MOTION PICTURE AND TELEVISION HOSPITAL,1/1/04,12/31/04,Open,3/20/46,3/20/46,Los Angeles,11 - Los Angeles,General Acute Care,Non-Profit Corporation (incl. Church-related),,General Medical / Surgical,NO,250,23388 MULHOLLAND DRIVE,WOODLAND HILLS,91364,818-876-4160,0,0,0,0,0,0,0,No,57,0,0,20862,0,0,0,0,0,0,0,0,4,1067,0,4374,1464,0,0,0,0,0,0,0,0,0,0,0,0,0,0,0,0,0,0,0,0,0,0,0,0,61,1067,4374,22326,0,0,0,0,0,0,0,0,189,401,61741,69174,0,0,0,0,250,1468,66115,91500,0,0,0,NEITHER,0,0,0,0,0,0,0,0,0,0,0,0,0,0,0,0,0,0,0,0,0,0,0,0,0,0,0,0,0,0,0,0,0,0,0,0,266,22740,1409,66048,Yes,0,0,0,0,0,0,0,1,0,0,0,0,0,0,0,0,0,0,0,0,0,0,0,0,0,0,0,0,0,0,0,0,0,0,0,0,0,0,0,0,0,0,0,0,0,0,0,0,0,0,0,0,0,0,0,0,0,0,0,0,1,0,0,0,0,0,0,0,0,0,0,0,0,78.2yy,94,156,30,Encino/Tarzana/Warner Center/Woodland Hills,Urban,No,No,No,1,0,200 - 299,0
106361266,MOUNTAINS COMMUNITY HOSPITAL,1/1/04,12/31/04,Open,10/10/51,10/10/51,San Bernardino,12 - Inland Counties,General Acute Care,District,,General Medical / Surgical,NO,35,29101 HOSPITAL ROAD,LAKE ARROWHEAD,92352,909-336-3651-3064,0,0,0,0,0,0,0,No,14,214,430,5124,3,0,0,0,0,0,0,0,0,0,0,0,0,0,0,0,0,0,0,0,0,0,0,0,0,0,0,0,0,0,0,0,0,0,0,0,0,17,214,430,6222,0,0,0,0,0,0,0,0,18,85,3260,6588,0,0,0,0,35,299,3690,12810,0,0,0,NEITHER,0,0,0,0,0,0,0,0,0,0,0,0,0,0,0,0,0,0,0,0,0,0,0,0,0,0,129,3,1,0,0,0,0,29,100,232,125,7955,341,17937,Yes,50,9,25,16,Standby,Standby,0,0,1,0,0,0,20,0,365,0,5146,202,749,0,42,0,6322,202,6,385,56,0,0,0,0,0,0,0,0,0,0,0,0,0,0,0,0,0,0,0,0,0,0,0,0,0,0,0,0,0,0,0,0,0,1,744,696,744,720,744,720,744,744,720,744,720,744,147,112,164,41,Blue Jay/Crestline/Lake Arrowhead/Skyforest/Twin Peaks,Rural,No,No,No,1,6322,1 - 49,0
106013687,MPI CHEMICAL DEPENDENCY RECOVERY HOSPITAL,1/1/04,12/31/04,Open,10/12/83,10/12/83,Alameda,05 - East Bay,Chemical Dependency Recovery Hospital,Non-Profit Corporation (incl. Church-related),Alta Bates Summit Medical Center,Chemical Dependency (Alcohol/Drug),NO,24,"3012 SUMMIT STREET, 5TH FLOOR",OAKLAND,94609,510-652-7000,0,0,0,0,0,0,0,No,0,0,0,0,0,0,0,0,0,0,0,0,0,0,0,0,0,0,0,0,0,0,0,0,0,0,0,0,0,0,0,0,0,0,0,0,0,0,0,0,0,0,0,0,0,24,513,6776,8784,0,0,0,0,0,0,0,0,0,0,0,0,24,513,6776,8784,0,0,0,NEITHER,0,0,0,0,0,0,0,0,0,0,0,0,0,0,0,0,0,0,0,0,0,0,0,0,0,0,0,0,0,0,0,0,0,0,0,0,0,0,0,0,No,0,0,0,0,0,0,1,0,0,0,0,0,0,0,0,0,0,0,0,0,0,0,0,0,0,0,0,0,0,0,0,0,0,0,0,0,0,0,0,0,0,0,0,0,0,0,0,0,0,0,0,0,0,0,0,0,0,0,0,0,0,0,0,0,0,0,0,0,0,0,0,0,0,2m,69,142,9,Dimond/Montclair/Oakland East/Oakmore/Piedmont/Piedmont Pines/Trestle Glen,Urban,No,No,No,1,0,1 - 49,0
106071018,MT. DIABLO  MEDICAL CENTER,1/1/04,12/31/04,Open,1/1/46,1/1/46,Contra Costa,05 - East Bay,General Acute Care,Non-Profit Corporation (incl. Church-related),John Muir / Mt. Diablo Health System,General Medical / Surgical,NO,254,2540 EAST STREET,CONCORD,94520,925-674-2002,0,0,0,0,0,0,0,No,229,9454,41473,83814,0,0,0,0,0,0,0,0,15,254,1341,4168,5490,10,227,806,3135,3660,0,0,0,0,0,0,0,0,0,0,0,0,0,0,0,0,0,0,0,254,9935,48776,92964,0,0,0,0,0,0,0,0,0,0,0,0,0,0,0,0,254,9935,48776,92964,0,0,0,CV SURG,2,0,0,259,22,259,22,223,3,0,0,0,0,665,976,374,0,1039,976,135,678,43,0,2,120,981,7,0,0,0,0,0,0,0,7,0,2830,489501,3026,244334,No,9,0,9,0,Basic,Basic,0,0,0,1,0,0,1430,6,7378,15,14367,99,10093,611,8041,5657,41309,6388,22,0,539,1,8,7,6,4,9,0,1,2,10,3,1,3,54,0,0,0,0,0,0,0,0,0,0,0,0,0,0,0,0,0,0,0,1,744,696,744,720,744,720,744,744,720,744,720,744,18c,64,140,7,Avon/Clyde/Concord Central/Pittsburg Southwest,Urban,No,No,No,1,41309,200 - 299,3
106074039,MT. DIABLO MEDICAL PAVILION,1/1/04,12/31/04,Open,3/10/93,3/10/93,Contra Costa,05 - East Bay,Acute Psychiatric,Non-Profit Corporation (incl. Church-related),John Muir/Mt. Diablo Behavioral Medicine Corporation,Psychiatric,NO,73,2740 GRANT STREET,CONCORD,94520,925-674-4100,0,0,0,0,451,1903,8,No,0,0,0,0,0,0,0,0,0,0,0,0,0,0,0,0,0,0,0,0,0,0,0,0,0,0,0,0,0,0,0,0,0,0,0,0,0,0,0,0,0,0,0,0,0,0,0,0,0,73,2617,17947,26718,0,0,0,0,0,0,0,0,73,2617,17947,26718,0,0,0,NEITHER,0,0,0,0,0,0,0,0,0,0,0,0,0,0,0,0,0,0,0,0,0,0,0,0,0,0,0,0,0,0,0,0,0,0,0,0,0,0,0,0,Yes,0,0,0,0,0,0,1,0,0,0,0,0,0,0,0,0,0,0,0,0,0,0,0,0,0,0,0,0,0,0,0,0,0,0,0,0,0,0,0,0,0,0,0,0,0,0,0,0,0,0,0,0,0,0,0,0,0,0,0,0,0,0,0,0,0,0,0,0,0,0,0,0,0,18b,64,140,7,Concord West/Martinez East/Martinez Waterfront/Pacheco/Pleasant Hill East,Urban,No,No,No,1,0,50 - 99,0
106274043,NATIVIDAD MEDICAL CENTER,1/1/04,12/31/04,Open,6/15/99,6/15/99,Monterey,08 - Mid-Coast,General Acute Care,City and/or County,Monterey County,General Medical / Surgical,NO,172,1441 CONSTITUTION BOULEVARD,SALINAS,93906,831-755-4194,0,0,0,0,0,0,0,Yes,66,2134,8398,23396,27,3169,7425,4392,12,780,2118,4392,10,220,0,1216,3660,0,0,0,0,0,0,0,0,0,0,0,0,0,0,0,15,450,0,2502,5490,20,313,4600,7320,150,7066,26259,53912,0,0,0,0,22,943,4224,8052,0,0,0,0,0,0,0,0,172,8009,30483,61964,0,0,0,NEITHER,0,0,0,0,0,0,0,0,0,0,0,0,0,0,0,0,0,0,0,0,0,0,0,0,0,0,3004,166,25,0,0,0,0,675,2329,5413,2950,156350,5202,182070,No,7,3,2,2,Basic,Basic,0,0,0,1,0,0,2028,0,10837,40,13144,950,2806,1485,594,594,29409,3069,20,0,0,0,0,0,0,0,0,0,0,0,0,0,0,0,0,0,0,0,0,0,0,0,0,0,0,0,0,0,0,0,0,0,0,0,1,744,696,744,720,744,720,744,744,720,744,720,744,109.2,81,145,17,Salinas/Spreckels,Urban,No,No,No,1,29409,150 - 199,0
106301304,NEWPORT BAY HOSPITAL,1/1/04,12/31/04,Open,1/7/58,1/7/58,Orange,13 - Orange,Acute Psychiatric,State,Beacon Healthcare Corporation,Psychiatric,NO,34,1501 EAST 16TH STREET,NEWPORT BEACH,92663,949-650-9750-133,0,0,0,0,0,0,0,No,0,0,0,0,0,0,0,0,0,0,0,0,0,0,0,0,0,0,0,0,0,0,0,0,0,0,0,0,0,0,0,0,0,0,0,0,0,0,0,0,0,0,0,0,0,0,0,0,0,34,734,9280,12444,0,0,0,0,0,0,0,0,34,734,9280,12444,0,0,0,NEITHER,0,0,0,0,0,0,0,0,0,0,0,0,0,0,0,0,0,0,0,0,0,0,0,0,0,0,0,0,0,0,0,0,0,0,0,0,0,0,0,0,Yes,0,0,0,0,0,0,1,0,0,0,0,0,0,0,0,0,0,0,0,0,0,0,0,0,0,0,0,0,0,0,0,0,0,0,0,0,0,0,0,0,0,0,0,0,0,0,0,0,0,0,0,0,0,0,0,0,0,0,0,0,0,0,0,0,0,0,0,0,0,0,0,0,0,116d,123,168,48,Irvine South/Newport Beach/Newport Coast/San Joaquin Hills,Urban,No,No,No,1,0,1 - 49,0
106481357,NORTH BAY MEDICAL CENTER,1/1/04,12/31/04,Open,12/11/59,12/11/59,Solano,03 - North Bay,General Acute Care,Non-Profit Corporation (incl. Church-related),NorthBay Healthcare Group,General Medical / Surgical,NO,121,1200 B. GALE WILSON BLVD.,FAIRFIELD,94533,707-429-3600,0,0,0,0,0,0,0,No,74,3183,14979,27084,13,1645,3711,3660,10,326,801,3660,8,243,210,2112,2928,0,0,0,0,0,0,0,0,0,0,0,0,0,0,0,16,150,0,2204,5856,0,0,0,0,121,5547,23807,44286,0,0,0,0,0,0,0,0,0,175,1668,3806,0,0,0,0,121,5722,25475,48092,0,0,0,CATH LAB,0,0,0,0,0,0,0,0,1,0,0,0,0,315,62,287,55,602,117,117,0,0,0,0,0,117,1586,133,26,0,0,0,0,465,1121,2694,1106,133309,1730,124869,No,4,0,4,0,Basic,Basic,0,0,0,1,0,0,1432,2,10070,16,8681,102,4990,735,4186,1948,29359,2803,19,11502,1936,0,0,0,0,0,0,0,0,0,0,0,0,0,0,0,0,0,0,0,0,0,0,0,0,0,0,0,0,0,0,0,0,1,0,744,696,744,720,744,720,744,744,720,744,720,744,202b,61,138,10,Fairfield,Urban,No,No,No,1,29359,100 - 149,0
106484001,NORTH BAY VACAVALLEY HOSPITAL,1/1/04,12/31/04,Open,7/1/87,7/1/87,Solano,03 - North Bay,General Acute Care,Non-Profit Corporation (incl. Church-related),NorthBay Healthcare Group,General Medical / Surgical,NO,50,1000 NUT TREE ROAD,VACAVILLE,95687,707-446-4000,0,0,0,0,0,0,0,No,44,2210,11076,16104,0,0,0,0,0,0,0,0,6,289,0,1354,2196,0,0,0,0,0,0,0,0,0,0,0,0,0,0,0,0,0,0,0,0,0,0,0,0,50,2499,12430,18300,0,0,0,0,0,0,0,0,0,0,0,0,0,0,0,0,50,2499,12430,18300,0,0,0,NEITHER,0,0,0,0,0,0,0,0,0,0,0,0,0,0,0,0,0,0,0,0,0,0,0,0,0,0,2,0,0,0,0,0,0,0,2,0,507,57282,746,61213,Yes,2,0,2,0,Basic,Basic,0,0,0,1,0,0,790,3,5722,8,5692,57,3537,552,2625,1368,18366,1988,7,6522,688,0,0,0,0,0,0,0,0,0,0,0,0,0,0,0,0,0,0,0,0,0,0,0,0,0,0,0,0,0,0,0,0,0,1,744,696,744,720,744,720,744,744,720,744,720,744,202a,61,138,7,Vacaville,Urban,No,No,No,1,18366,50 - 99,0
106454012,NORTHERN CALIFORNIA REHABILITATION HOSPITAL,1/1/04,12/31/04,Open,9/10/91,9/10/91,Shasta,01 - Northern California,General Acute Care,Investor - Limited Liability Company,"Ocadian Care Centers, LLC",Long-Term Care (SN/IC),NO,88,2801 EUREKA WAY,REDDING,96001,530-246-9000-4208,0,0,0,0,0,0,0,No,14,0,0,5124,0,0,0,0,0,0,0,0,0,0,0,0,0,0,0,0,0,0,0,0,0,0,0,0,0,0,0,0,0,0,0,0,0,24,509,7576,8784,38,509,7576,13908,0,0,0,0,0,0,0,0,50,831,16525,18300,0,0,0,0,88,1340,24101,32208,0,0,0,NEITHER,0,0,0,0,0,0,0,0,0,0,0,0,0,0,0,0,0,0,0,0,0,0,0,0,0,0,0,0,0,0,0,0,0,0,0,0,0,0,0,0,Yes,0,0,0,0,0,0,0,1,0,0,0,0,0,0,0,0,0,0,0,0,0,0,0,0,0,0,0,0,0,0,0,0,0,0,0,0,0,0,0,0,0,0,0,0,0,0,0,0,0,0,0,0,0,0,0,0,0,0,0,0,0,0,0,0,0,0,0,0,0,0,0,0,0,189.2,55,137,2,Redding,Urban,No,No,No,1,0,50 - 99,0
106141273,NORTHERN INYO HOSPITAL,1/1/04,12/31/04,Open,5/14/48,5/14/48,Inyo,12 - Inland Counties,General Acute Care,District,,General Medical / Surgical,NO,32,150 PIONEER LANE,BISHOP,93514,760-873-5811-2298,0,0,0,0,0,0,0,No,16,740,2530,5856,6,197,488,1464,4,59,111,1464,6,48,91,267,2196,0,0,0,0,0,0,0,0,0,0,0,0,0,0,0,0,0,0,0,0,0,0,0,0,32,1044,3396,11712,0,0,0,0,0,0,0,0,0,0,0,0,0,0,0,0,32,1044,3396,11712,0,0,0,NEITHER,0,0,0,0,0,0,0,0,0,0,0,0,0,0,0,0,0,0,0,0,0,0,0,0,0,0,202,5,1,0,0,0,0,66,136,488,360,46704,1010,66775,Yes,2,0,2,0,Basic,Basic,0,0,0,1,0,0,1719,2,2465,23,1071,89,857,207,757,258,6869,579,3,6707,115,0,0,0,0,0,0,0,0,0,0,0,0,0,0,0,0,0,0,0,0,0,0,0,0,0,0,0,0,0,0,0,0,0,1,744,696,744,720,744,720,744,744,720,744,720,744,53,87,151,25,Bishop/Bishop Paiute Tribe/Mustang Mesa/Round Valley/West Bishop/Wilkerson,Rural,No,No,No,1,6869,1 - 49,0
106190568,NORTHRIDGE HOSPITAL MEDICAL CENTER,1/1/04,12/31/04,Open,10/7/55,10/7/55,Los Angeles,11 - Los Angeles,General Acute Care,Non-Profit Corporation (incl. Church-related),Catholic Healthcare West,General Medical / Surgical,NO,426,18300 ROSCOE BOULEVARD,NORTHRIDGE,91328,818-885-8500,0,0,0,0,0,0,0,No,188,10157,44316,68808,35,2360,6849,5124,14,1203,3477,5124,24,353,742,4808,8784,22,304,642,4340,8052,0,0,0,0,0,0,0,0,0,0,22,350,6,6901,8052,26,357,7125,9516,331,15084,77816,121146,0,0,0,0,40,1702,10815,14640,55,0,0,20130,0,0,0,0,426,16786,88631,155916,0,0,0,CV SURG,1,0,0,70,77,70,77,147,2,0,0,0,0,646,438,503,176,1149,614,115,361,62,0,0,34,614,2602,170,54,0,0,0,0,948,1654,5237,4032,558824,5607,302198,No,5,0,5,0,Basic,Basic,0,0,0,1,0,1,3431,36,16141,20,12448,33,8967,130,9554,8160,50541,8379,28,27909,2441,1,419,340,367,211,234,231,223,249,274,212,335,220,3315,1,0,1,0,0,0,0,0,0,0,0,0,0,0,0,50541,0,0,1,0,744,696,744,720,744,720,744,744,720,744,720,744,78.2zz,93,153,27,Northridge South/Reseda North,Urban,No,No,No,0,0,300 - 499,42
106190810,NORTHRIDGE HOSPITAL MEDICAL CENTER - SHERMAN WAY,1/1/04,11/17/04,Closed,11/17/04,1/1/46,Los Angeles,11 - Los Angeles,General Acute Care,Non-Profit Corporation (incl. Church-related),Catholic Health West,General Medical / Surgical,NO,209,14500 SHERMAN CIRCLE,VAN NUYS,91405,818-997-0101,0,0,0,0,0,0,0,No,100,2583,10019,32200,19,2336,6688,0,0,0,0,0,8,104,129,1328,2576,0,0,0,0,0,0,0,0,0,0,0,0,0,0,0,0,0,0,0,0,0,0,0,0,127,5023,18035,40894,0,0,0,0,44,1163,9037,14168,38,39,4906,12236,0,0,0,0,209,6225,31978,67298,0,0,0,NEITHER,0,0,0,0,0,0,0,0,0,0,0,0,0,0,0,0,0,0,0,0,0,0,0,0,0,0,2102,87,12,0,0,0,0,747,1355,4896,1151,158854,921,133981,Yes,5,0,5,0,Basic,Basic,0,0,0,1,0,0,2945,11,5243,39,6038,297,1345,575,2010,1656,17581,2578,10,503,1225,1,166,170,120,50,47,65,76,74,83,0,0,0,851,0,0,0,0,0,0,0,0,0,0,0,0,0,0,0,0,0,0,0,1,744,696,744,720,744,720,744,744,720,744,720,744,78.2zz,93,153,28,Northridge South/Reseda North,Urban,No,No,No,1,17581,200 - 299,0
106190570,NORWALK COMMUNITY HOSPITAL,1/1/04,12/31/04,Open,2/28/55,2/28/55,Los Angeles,11 - Los Angeles,General Acute Care,Investor - Limited Liability Company,"Alta Healthcare System, LLC",General Medical / Surgical,NO,50,13222 BLOOMFIELD AVENUE,NORWALK,90650,323-881-2655,0,0,0,0,0,0,0,No,37,1206,4670,13542,0,0,0,2562,7,152,207,2562,6,196,0,1614,2196,0,0,0,0,0,0,0,0,0,0,0,0,0,0,0,0,0,0,0,0,0,0,0,0,50,1554,6491,18300,0,0,0,0,0,0,0,0,0,0,0,0,0,0,0,0,50,1554,6491,18300,0,0,0,NEITHER,0,0,0,0,0,0,0,0,0,0,0,0,0,0,0,0,0,0,0,0,0,0,0,0,0,0,0,0,0,0,0,0,0,0,0,0,228,12948,32,2222,No,2,0,2,0,Basic,Basic,0,0,0,1,0,0,1138,0,1901,0,1320,106,49,9,67,67,4475,182,4,0,135,0,329,208,23,17,9,13,8,8,43,14,2,2,676,0,0,0,0,0,0,0,0,0,0,0,0,0,0,0,0,0,0,0,1,744,696,744,720,744,720,744,744,720,744,720,744,78.2jjjj,109,163,38,Norwalk/Studebaker,Urban,No,No,No,1,4475,50 - 99,0
106214034,NOVATO COMMUNITY HOSPITAL,1/1/04,12/31/04,Open,5/20/01,5/20/01,Marin,04 - West Bay,General Acute Care,Non-Profit Corporation (incl. Church-related),Affiliate of Sutter Health,General Medical / Surgical,NO,47,180 ROLAND WAY,NOVATO,94945,415-209-1300,0,0,0,0,0,0,0,No,39,1872,7480,14274,0,0,0,0,0,0,0,0,4,195,441,1504,1464,4,0,0,0,1464,0,0,0,0,0,0,0,0,0,0,0,0,0,0,0,0,0,0,0,47,2067,8984,17202,0,0,0,0,0,0,0,0,0,0,0,0,0,0,0,0,47,2067,8984,17202,0,0,0,NEITHER,0,0,0,0,0,0,0,0,0,0,0,0,0,0,0,0,0,0,0,0,0,0,0,0,0,0,0,0,0,0,0,0,0,0,0,0,731,75069,1877,139965,No,3,0,3,0,Basic,Basic,0,0,0,1,0,0,3270,26,6981,127,2609,357,1238,476,671,428,14769,1414,9,0,0,0,0,0,0,0,0,0,0,0,0,0,0,0,0,0,0,0,0,0,0,0,0,0,0,0,0,0,0,0,0,0,0,0,1,744,696,744,720,744,720,744,744,720,744,720,744,83b,59,136,6,Bel Marin Keys/Black Point/Ignacio/Novato/San Rafael East/Santa Venetia,Urban,No,No,No,1,14769,1 - 49,0
106500967,OAK VALLEY DISTRICT HOSPITAL (2-RH),1/1/04,12/31/04,Open,3/14/73,3/14/73,Stanislaus,06 - North San Joaquin,General Acute Care,District,,General Medical / Surgical,NO,150,350 SOUTH OAK STREET,OAKDALE,95361,209-847-3011,0,0,0,0,0,0,0,No,24,1507,6725,8784,6,410,1110,0,0,0,0,0,5,138,161,745,1830,0,0,0,0,0,0,0,0,0,0,0,0,0,0,0,0,0,0,0,0,0,0,0,0,35,2055,8580,12810,0,0,0,0,0,0,0,0,115,294,38181,42090,0,0,0,0,150,2349,46761,54900,0,0,0,NEITHER,0,0,0,0,0,0,0,0,0,0,0,0,0,0,0,0,0,0,0,0,0,0,0,0,0,0,376,22,4,1,0,1,280,96,0,744,474,44365,597,45018,Yes,3,0,2,1,Basic,Basic,0,0,0,1,0,0,350,0,7481,13,5358,22,2545,108,1620,1151,17354,1294,8,7831,404,0,0,0,0,0,0,0,0,0,0,0,0,0,0,0,0,0,0,0,0,0,0,0,0,0,0,0,0,0,0,0,0,0,1,744,696,744,720,744,720,744,744,720,744,720,744,211,78,147,19,Oakdale/Riverbank,Rural,No,No,No,1,17354,150 - 199,0
106334457,OASIS PSYCHIATRIC HEALTH FACILITY,1/1/04,12/31/04,Open,11/7/95,11/7/95,Riverside,12 - Inland Counties,Psychiatric Health Facility,Investor - Limited Liability Company,"Oasis Rehabilitation Center, Inc.",Psychiatric,NO,16,47-915 OASIS STREET,INDIO,92201,760-863-8600-8605,0,0,0,0,0,0,0,No,0,0,0,0,0,0,0,0,0,0,0,0,0,0,0,0,0,0,0,0,0,0,0,0,0,0,0,0,0,0,0,0,0,0,0,0,0,0,0,0,0,0,0,0,0,0,0,0,0,16,672,4825,5856,0,0,0,0,0,0,0,0,16,672,4825,5856,0,0,0,NEITHER,0,0,0,0,0,0,0,0,0,0,0,0,0,0,0,0,0,0,0,0,0,0,0,0,0,0,0,0,0,0,0,0,0,0,0,0,0,0,0,0,Yes,0,0,0,0,0,0,1,0,0,0,0,0,0,0,0,0,0,0,0,0,0,0,0,0,0,0,0,0,0,0,0,0,0,0,0,0,0,0,0,0,0,0,0,0,0,0,0,0,0,0,0,0,0,0,0,0,0,0,0,0,0,0,0,0,0,0,0,0,0,0,0,0,0,128,133,173,45,Arabia/Coachella/Desert Beach/Flowing Wells/Indio South/La Quinta East/Mecca/Oasis/Thermal,Rural,No,No,No,1,0,1 - 49,0
106430837,OCONNOR HOSPITAL - SAN JOSE,1/1/04,12/31/04,Open,1/21/54,1/21/54,Santa Clara,07 - Santa Clara,General Acute Care,Non-Profit Corporation (incl. Church-related),Daughters of Charity Health System,General Medical / Surgical,NO,358,2105 FOREST AVENUE,SAN JOSE,95128,408-947-2500-2542,0,0,0,0,0,0,0,No,214,8250,34136,78324,39,3072,7475,9882,27,478,1454,9882,14,274,1049,5034,5124,8,13,52,265,2928,0,0,0,0,0,0,0,0,0,0,10,194,696,1627,3660,0,0,0,0,312,12281,49991,114192,0,0,0,0,22,253,3477,8052,24,545,7478,8784,0,0,0,0,358,13079,60946,131028,0,0,0,CV SURG,2,0,0,159,9,159,9,135,2,0,0,0,0,627,512,556,0,1183,512,0,440,50,0,0,22,526,2974,120,10,1,1,0,2068,906,0,5709,3870,443906,4227,283695,Yes,10,0,10,0,Basic,Basic,0,0,0,1,0,0,2577,37,8191,162,7376,1470,3748,2637,603,528,22495,4834,11,0,0,1,14,35,24,32,8,27,29,21,31,36,25,29,311,0,0,0,0,0,0,0,0,0,0,0,0,0,0,0,0,0,0,0,1,744,696,744,720,744,720,744,744,720,744,720,744,183j,77,146,16,San Jose Northwest,Urban,No,No,No,1,22495,300 - 499,14
106560501,OJAI VALLEY COMMUNITY HOSPITAL,1/1/04,12/31/04,Open,5/5/60,5/5/60,Ventura,10 - Santa Barbara/Ventura,General Acute Care,Non-Profit Corporation (incl. Church-related),,General Medical / Surgical,NO,103,1306 MARICOPA HIGHWAY,OJAI,93023,805-646-1401,0,0,0,0,0,0,0,No,33,875,2288,12078,0,0,0,0,0,0,0,0,4,120,0,606,1464,0,0,0,0,0,0,0,0,0,0,0,0,0,0,0,0,0,0,0,0,0,0,0,0,37,995,2894,13542,0,0,0,0,0,0,0,0,66,248,20512,24156,0,0,0,0,103,1243,23406,37698,0,0,0,NEITHER,0,0,0,0,0,0,0,0,0,0,0,0,0,0,0,0,0,0,0,0,0,0,0,0,0,0,0,0,0,0,0,0,0,0,0,0,278,35172,625,43205,No,2,0,2,0,Standby,Standby,0,0,1,0,0,0,1276,0,1773,7,3066,66,1151,328,556,285,7822,686,4,0,92,1,74,13,15,16,47,45,19,9,2,0,1,0,241,0,0,0,0,0,0,0,0,0,0,0,0,0,0,0,0,0,0,0,1,744,696,744,720,744,720,744,744,720,744,720,744,238,90,152,24,Meiners Oaks/Oak View/Ojai,Rural,No,No,No,1,7822,100 - 149,0
106300225,ORANGE COAST MEMORIAL MEDICAL CENTER,1/1/04,12/31/04,Open,2/1/86,2/1/86,Orange,13 - Orange,General Acute Care,Non-Profit Corporation (incl. Church-related),Memorial Health Services,General Medical / Surgical,NO,224,9920 TALBERT AVENUE,FOUNTAIN VALLEY,92708,714-378-7000,0,0,0,0,0,0,0,No,170,8112,28226,63108,21,1802,4381,0,0,0,0,0,21,317,1235,4419,7686,0,0,0,0,0,0,0,0,0,0,0,0,0,0,0,12,193,8,1386,4392,0,0,0,0,224,10424,38412,82872,0,0,0,0,0,0,0,0,0,0,0,0,0,0,0,0,224,10424,38412,82872,0,0,0,NEITHER,0,0,0,0,0,0,0,0,1,0,0,0,0,72,0,23,0,95,0,0,0,0,0,0,0,0,1485,72,9,0,0,0,0,400,1085,2877,2676,382101,4181,373383,No,6,0,6,0,Basic,Basic,0,0,0,1,0,0,5631,64,8118,1049,4685,2996,785,696,222,215,19441,5020,14,0,108,1,12,18,6,0,3,8,1,6,7,8,6,7,82,0,0,0,0,0,0,0,0,0,0,0,0,0,0,0,0,0,0,0,1,744,696,744,720,744,720,744,744,720,744,720,744,116j,121,168,46,Fountain Valley/Huntington Beach Central,Urban,No,No,No,1,19441,200 - 299,0
106040937,OROVILLE HOSPITAL,1/1/04,12/31/04,Open,1/1/62,1/1/62,Butte,01 - Northern California,General Acute Care,Non-Profit Corporation (incl. Church-related),OroHealth Corporation,General Medical / Surgical,NO,153,2767 OLIVE HIGHWAY,OROVILLE,95966,530-533-8500,0,0,0,0,0,0,0,No,113,6687,23586,41358,10,650,1598,0,0,0,0,0,10,312,1018,3000,3660,0,0,0,0,0,0,0,0,0,0,0,0,0,0,0,0,0,0,0,0,0,0,0,0,133,7649,28184,48678,0,0,0,0,0,0,0,0,20,567,5899,7320,0,0,0,0,153,8216,34083,55998,0,0,0,NEITHER,0,0,0,0,0,0,0,0,0,0,0,0,0,0,0,0,0,0,0,0,0,0,0,0,0,0,627,42,2,0,0,0,0,183,444,1400,1908,198006,2690,149670,Yes,5,0,5,0,Basic,Basic,0,0,0,1,0,1,185,2,2466,9,20046,199,6782,1464,5788,3977,35267,5651,14,0,1899,0,0,0,0,0,0,0,0,0,0,0,0,0,0,1,0,0,1,0,0,0,0,0,0,0,0,0,0,0,0,35267,0,0,1,744,696,744,720,744,720,744,744,720,744,720,744,10,56,137,4,Oroville/Palermo/Thermalito,Rural,No,No,No,0,0,150 - 199,0
106190581,ORTHOPAEDIC HOSPITAL,1/1/04,12/31/04,Open,1/1/46,1/1/46,Los Angeles,11 - Los Angeles,General Acute Care,Non-Profit Corporation (incl. Church-related),N/A,Orthopedic or Pediatric Orthopedic,NO,112,2400 SOUTH FLOWER STREET,LOS ANGELES,90007,213-742-1000,0,0,0,0,0,0,0,No,71,818,2664,25986,0,0,0,12810,35,673,1597,12810,6,27,346,486,2196,0,0,0,0,0,0,0,0,0,0,0,0,0,0,0,0,0,0,0,0,0,0,0,0,112,1518,4747,40992,0,0,0,0,0,0,0,0,0,0,0,0,0,0,0,0,112,1518,4747,40992,0,0,0,NEITHER,0,0,0,0,0,0,0,0,0,0,0,0,0,0,0,0,0,0,0,0,0,0,0,0,0,0,0,0,0,0,0,0,0,0,0,0,1350,196537,1036,96802,Yes,7,0,7,0,Standby,Standby,0,0,1,0,0,0,9892,0,2298,0,0,0,3445,140,161,161,15796,301,7,0,0,0,0,0,0,0,0,0,0,0,0,0,0,0,0,0,0,0,0,0,0,0,0,0,0,0,0,0,0,0,0,0,0,0,0,744,696,744,720,744,720,744,744,720,744,720,744,78.2ffff,99,155,31,Boyle Heights Northwest/Chinatown/Downtown Northwest/Little Tokyo/Westlake,Urban,No,No,No,1,15796,100 - 149,0
106190307,"PACIFIC ALLIANCE MEDICAL CENTER, INC.",1/1/04,12/31/04,Open,1/1/46,1/1/46,Los Angeles,11 - Los Angeles,General Acute Care,Investor - Partnership,,General Medical / Surgical,NO,138,531 WEST COLLEGE STREET,LOS ANGELES,90012,213-624-8411,0,0,0,0,0,0,0,No,100,2908,15331,36600,6,2392,5701,0,0,0,0,0,9,114,189,2559,3294,0,0,0,0,0,0,0,0,0,0,0,0,0,0,0,0,0,0,0,0,23,299,4258,8418,138,5713,27849,50508,0,0,0,0,0,0,0,0,0,0,0,0,0,0,0,0,138,5713,27849,50508,0,0,0,NEITHER,0,0,0,0,0,0,0,0,0,0,0,0,0,0,0,0,0,0,0,0,0,0,0,0,0,0,2247,98,2,0,0,0,0,695,1552,4992,1513,146629,905,71910,Yes,4,0,4,0,0,0,0,1,0,0,0,0,0,0,0,0,0,0,0,0,0,0,0,0,0,0,0,0,0,0,0,0,0,0,0,0,0,0,0,0,0,0,0,0,0,0,0,0,0,0,0,0,0,0,0,0,0,0,0,0,0,0,0,0,0,0,0,0,0,0,0,0,0,78.2ffff,98,154,34,Boyle Heights Northwest/Chinatown/Downtown Northwest/Little Tokyo/Westlake,Urban,No,No,No,1,0,100 - 149,0
106190587,PACIFIC HOSPITAL OF LONG BEACH,1/1/04,12/31/04,Open,6/13/56,6/13/56,Los Angeles,11 - Los Angeles,General Acute Care,Investor - Corporation,"HealthSmart Pacific, Inc.",General Medical / Surgical,NO,148,2776 PACIFIC AVENUE,LONG BEACH,90806,562-595-1911,0,0,0,0,0,0,0,No,55,4223,15257,20130,13,1336,3592,0,0,0,0,0,8,129,0,1561,2928,8,140,0,1014,2928,0,0,0,0,0,0,0,0,0,0,0,0,0,0,0,0,0,0,0,84,5828,21424,30744,0,0,0,0,37,1223,12237,13542,27,76,7669,9882,0,0,0,0,148,7127,41330,54168,0,0,0,NEITHER,0,0,0,0,0,0,0,0,0,0,0,0,0,0,0,0,0,0,0,0,0,0,0,0,0,0,1260,23,1,0,0,0,0,427,833,3046,1656,235740,2588,190800,Yes,1,0,1,0,Basic,Basic,0,0,0,1,0,0,478,114,2070,13,5806,138,1700,155,668,497,10722,917,7,0,240,1,148,135,149,105,96,146,132,121,104,65,45,84,1330,0,0,0,0,0,0,0,0,0,0,0,0,0,0,0,0,0,0,0,1,744,696,744,720,744,720,744,744,720,744,720,744,78.2lll,107,160,37,Bixby Knolls/Long Beach Central,Urban,No,No,No,1,10722,100 - 149,0
106190477,PACIFIC HOSPITAL-SOUTH CAMPUS D/P APH,1/1/04,12/31/04,Open,11/21/02,7/8/55,Los Angeles,11 - Los Angeles,General Acute Care,Investor - Corporation,"HealthSmart Pacific, Inc. dba Pacific Hospital of Long Beach",Psychiatric,NO,36,1725 PACIFIC AVENUE,LONG BEACH,90813,562-997-2400,0,0,0,0,0,0,0,No,0,0,0,0,0,0,0,0,0,0,0,0,0,0,0,0,0,0,0,0,0,0,0,0,0,0,0,0,0,0,0,0,0,0,0,0,0,0,0,0,0,0,0,0,0,0,0,0,0,36,1223,10704,13176,0,0,0,0,0,0,0,0,36,1223,10704,13176,0,0,0,NEITHER,0,0,0,0,0,0,0,0,0,0,0,0,0,0,0,0,0,0,0,0,0,0,0,0,0,0,0,0,0,0,0,0,0,0,0,0,0,0,0,0,Yes,0,0,0,0,0,0,0,1,0,0,0,0,0,0,0,0,0,0,0,0,0,0,0,0,0,0,0,0,0,0,0,0,0,0,0,0,0,0,0,0,0,0,0,0,0,0,0,0,0,0,0,0,0,0,0,0,0,0,0,0,0,0,0,0,0,0,0,0,0,0,0,0,0,78.2jjj,108,160,37,Long Beach West Central,Urban,No,No,No,1,0,1 - 49,0
106560838,PACIFIC SHORES HOSPITAL,1/1/04,12/31/04,Open,2/7/00,7/17/64,Ventura,10 - Santa Barbara/Ventura,Acute Psychiatric,Investor - Corporation,Pacific Shores Hospital,Psychiatric,NO,30,2130 VENTURA ROAD,OXNARD,93030,805-604-1216,0,0,0,0,0,0,0,No,0,0,0,0,0,0,0,0,0,0,0,0,0,0,0,0,0,0,0,0,0,0,0,0,0,0,0,0,0,0,0,0,0,0,0,0,0,0,0,0,0,0,0,0,0,0,0,0,0,30,297,7594,10980,0,0,0,0,0,0,0,0,30,297,7594,10980,0,0,0,NEITHER,0,0,0,0,0,0,0,0,0,0,0,0,0,0,0,0,0,0,0,0,0,0,0,0,0,0,0,0,0,0,0,0,0,0,0,0,0,0,0,0,Yes,0,0,0,0,0,0,1,0,0,0,0,0,0,0,0,0,0,0,0,0,0,0,0,0,0,0,0,0,0,0,0,0,0,0,0,0,0,0,0,0,0,0,0,0,0,0,0,0,0,0,0,0,0,0,0,0,0,0,0,0,0,0,0,0,0,0,0,0,0,0,0,0,0,241b,88,156,23,Oxnard North Central,Urban,No,No,No,1,0,1 - 49,0
106190696,PACIFICA HOSPITAL OF THE VALLEY,1/1/04,12/31/04,Open,12/30/46,12/30/46,Los Angeles,11 - Los Angeles,General Acute Care,Investor - Corporation,Doctors Community Healthcare Corporation,General Medical / Surgical,NO,231,9449 SAN FERNANDO ROAD,SUN VALLEY,91352,818-767-3310,0,0,0,0,0,0,0,No,48,2184,9206,17568,16,1223,3238,8784,24,439,1201,8784,7,180,0,2070,2562,0,0,0,0,0,0,0,0,0,0,0,0,0,0,0,0,0,0,0,0,0,0,0,0,95,4026,15715,34770,0,0,0,0,38,1594,12226,13908,98,90,31798,35868,0,0,0,0,231,5710,59739,84546,0,0,0,CATH LAB,0,0,0,0,0,0,0,0,1,0,0,0,0,0,0,0,0,0,0,0,0,0,0,0,0,0,1088,61,5,0,0,0,0,455,633,2218,920,52250,989,57813,Yes,3,0,3,0,Basic,Basic,0,0,0,1,0,0,525,3,1182,6,11351,317,1790,931,1435,1180,16283,2437,7,0,820,1,169,83,273,152,139,230,192,176,121,98,111,80,1824,0,0,0,0,0,0,0,0,0,0,0,0,0,0,0,0,0,0,0,1,744,696,744,720,744,720,744,744,720,744,720,744,78.2ppp,92,153,28,Pacoima East/Sun Valley West,Urban,No,No,No,1,16283,200 - 299,0
106491338,PALM DRIVE HOSPITAL,1/1/04,12/31/04,Open,1/1/46,1/1/46,Sonoma,03 - North Bay,General Acute Care,District,Palm Drive Health Care District,General Medical / Surgical,NO,37,501 PETALUMA AVENUE,SEBASTOPOL,95472,707-823-8511,0,0,0,0,0,0,0,No,32,1052,3513,11774,0,0,0,0,0,0,0,0,5,67,97,760,1830,0,0,0,0,0,0,0,0,0,0,0,0,0,0,0,0,0,0,0,0,0,0,0,0,37,1119,4273,13604,0,0,0,0,0,0,0,0,0,0,0,310,0,0,0,0,37,1119,4273,13914,0,0,0,NEITHER,0,0,0,0,0,0,0,0,0,0,0,0,0,0,0,0,0,0,0,0,0,0,0,0,0,0,0,0,0,0,0,0,0,0,0,0,435,62453,1777,170120,No,2,0,2,0,Standby,Standby,0,0,1,0,0,0,212,1,1207,3,4205,10,2521,69,1077,514,9222,597,5,937,194,0,0,0,0,0,0,0,0,0,0,0,0,0,0,0,0,0,0,0,0,0,0,0,0,0,0,0,0,0,0,0,0,0,1,744,696,744,720,744,720,744,744,720,744,720,744,210.2,54,135,6,Bodega/Sebastopol,Rural,No,No,No,1,9222,1 - 49,0
106331288,PALO VERDE HOSPITAL,1/1/04,12/31/04,Open,3/20/46,3/20/46,Riverside,12 - Inland Counties,General Acute Care,Investor - Corporation,"LifePoint Hospital, Inc.",General Medical / Surgical,NO,51,250 NORTH FIRST STREET,BLYTHE,92225,760-922-4115,0,0,0,0,0,0,0,No,41,1461,4552,15006,6,0,0,0,0,0,0,0,4,284,0,941,1464,0,0,0,0,0,0,0,0,0,0,0,0,0,0,0,0,0,0,0,0,0,0,0,0,51,1745,5493,18666,0,0,0,0,0,0,0,0,0,0,0,0,0,0,0,0,51,1745,5493,18666,0,0,0,NEITHER,0,0,0,0,0,0,0,0,0,0,0,0,0,0,0,0,0,0,0,0,0,0,0,0,0,0,0,0,0,0,0,0,0,0,0,0,209,14839,745,32175,Yes,2,0,2,0,Standby,Standby,0,0,1,0,0,0,873,1,1480,6,3749,82,1561,301,1383,608,9046,998,6,232,72,0,0,0,0,0,0,0,0,0,0,0,0,0,0,0,0,0,0,0,0,0,0,0,0,0,0,0,0,0,0,0,0,0,1,744,696,744,720,744,720,744,744,720,744,720,744,126,133,173,45,Blythe,Rural,No,No,No,1,9046,50 - 99,0
106370755,PALOMAR MEDICAL CENTER,1/1/04,12/31/04,Open,8/2/50,8/2/50,San Diego,14 - San Diego/Imperial,General Acute Care,District,Palomar Pomerado Health,General Medical / Surgical,NO,420,555 E. VALLEY PARKWAY,ESCONDIDO,92025,760-739-3000,0,0,0,0,0,0,0,No,167,13512,49336,61122,49,3664,8558,8418,23,1925,4349,8418,21,262,1622,6087,7602,14,175,1081,4058,5124,0,0,0,0,0,0,0,0,0,0,6,56,264,1247,2196,18,402,4688,6588,298,19996,78323,108984,0,0,0,0,26,868,4599,9516,96,514,32311,35136,0,0,0,0,420,21378,115233,153636,0,0,0,CV SURG,2,0,0,180,0,180,0,158,2,0,0,0,0,251,953,101,27,352,980,130,426,418,0,4,0,980,4292,115,20,0,0,0,0,1239,3053,7204,6296,719865,1532,124920,No,11,0,11,0,Basic,Basic,0,0,0,1,0,1,3586,6,5921,17,16677,96,17346,5611,6190,4743,49720,10473,21,0,1397,1,258,285,238,214,136,210,217,188,220,200,210,199,2575,1,0,1,0,0,0,0,0,0,0,0,0,0,0,0,49720,0,0,1,0,744,696,744,720,744,720,744,744,720,744,720,744,156e,128,171,50,Escondido Central and South/San Marcos Central and East,Urban,No,No,No,0,0,300 - 499,2
106370759,PARADISE VALLEY HOSPITAL,1/1/04,12/31/04,Open,3/29/66,3/29/66,San Diego,14 - San Diego/Imperial,General Acute Care,Non-Profit Corporation (incl. Church-related),Adventist Health Systems/West,General Medical / Surgical,NO,301,2400 EAST FOURTH STREET,NATIONAL CITY,92050,619-470-4321,0,0,0,0,0,0,18,No,118,5668,28124,43188,23,2051,3931,3660,10,395,891,3660,10,284,755,4311,3660,5,0,0,0,1830,0,0,0,0,0,0,0,0,0,0,10,105,19,622,3660,22,303,5105,8052,198,8806,42984,72468,0,0,0,0,103,4399,30723,37698,0,0,0,0,0,0,0,0,301,13205,73707,110166,0,0,0,CATH LAB,0,0,0,0,0,0,0,0,1,0,0,0,0,380,0,195,0,575,0,0,0,0,0,0,0,0,1958,106,8,1,0,1,1402,556,0,2811,1599,212447,1872,141523,Yes,3,0,3,0,Basic,Basic,0,0,0,1,0,0,1672,7,13070,116,6289,180,4622,694,4246,1678,29899,2675,20,0,1539,0,0,0,0,0,0,0,0,0,0,0,0,0,0,0,0,0,0,0,0,0,0,0,0,0,0,0,0,0,0,0,0,0,1,744,696,744,720,744,720,744,744,720,744,720,744,161g,132,173,51,Encanto/Lemon Grove Northwest/Lincoln Acres/National City East/Paradise Hills Southwest,Urban,No,No,No,1,29899,300 - 499,0
106331293,PARKVIEW COMMUNITY HOSPITAL MEDICAL CENTER,1/1/04,12/31/04,Open,10/24/58,10/24/58,Riverside,12 - Inland Counties,General Acute Care,Non-Profit Corporation (incl. Church-related),Parkview Community Hospital Medical Center,General Medical / Surgical,NO,193,3865 JACKSON STREET,RIVERSIDE,92503,951-688-2211-1210,0,0,0,0,0,0,0,No,125,6817,25010,45750,28,1821,3768,5490,15,449,1126,5490,13,237,0,3600,4758,0,0,0,0,0,0,0,0,0,0,0,0,0,0,0,12,201,0,2942,4392,0,0,0,0,193,9525,36446,70638,0,0,0,0,0,0,0,0,0,0,0,0,0,0,0,0,193,9525,36446,70638,0,0,0,NEITHER,0,0,0,0,0,0,0,0,0,0,0,0,0,0,0,0,0,0,0,0,0,0,0,0,0,0,1665,107,21,0,0,0,0,167,1498,2715,1938,3858,1200,1463,Yes,6,0,6,0,Basic,Basic,0,0,0,1,0,0,1934,0,7629,0,7898,0,3519,0,2556,0,23536,0,14,0,1417,0,0,0,0,0,0,0,0,0,0,0,0,0,0,0,0,0,0,0,0,0,0,0,0,0,0,0,0,0,0,0,0,0,1,744,696,744,720,744,720,744,744,720,744,720,744,135c,117,164,44,Casablanca/Riverside Central,Urban,No,No,No,1,23536,150 - 199,0
106454013,PATIENTS HOSPITAL OF REDDING,1/1/04,12/31/04,Open,3/23/92,3/23/92,Shasta,01 - Northern California,General Acute Care,Investor - individual,,General Medical / Surgical,NO,10,2900 EUREKA WAY,REDDING,96001,530-225-8700-118,0,0,0,0,0,0,0,No,10,412,915,3660,0,0,0,0,0,0,0,0,0,0,0,0,0,0,0,0,0,0,0,0,0,0,0,0,0,0,0,0,0,0,0,0,0,0,0,0,0,10,412,915,3660,0,0,0,0,0,0,0,0,0,0,0,0,0,0,0,0,10,412,915,3660,0,0,0,NEITHER,0,0,0,0,0,0,0,0,0,0,0,0,0,0,0,0,0,0,0,0,0,0,0,0,0,0,0,0,0,0,0,0,0,0,0,0,395,69615,537,55245,No,2,0,2,0,0,0,0,1,0,0,0,0,0,0,0,0,0,0,0,0,0,0,0,0,0,0,0,0,0,0,0,0,0,0,0,0,0,0,0,0,0,0,0,0,0,0,0,0,0,0,0,0,0,0,0,0,0,0,0,0,1,0,0,0,0,0,0,0,0,0,0,0,0,189.2,55,137,2,Redding,Urban,No,No,No,1,0,1 - 49,0
106410852,PENINSULA MEDICAL CENTER,1/1/04,12/31/04,Open,3/1/54,3/1/54,San Mateo,04 - West Bay,General Acute Care,Non-Profit Corporation (incl. Church-related),Sutter Health,General Medical / Surgical,NO,363,1783 EL CAMINO REAL,BURLINGAME,94010,650-696-5400-5273,0,0,0,0,0,0,0,No,145,9635,40734,53070,33,2382,6688,0,0,0,0,0,24,401,1057,4957,8784,0,0,0,0,0,0,0,0,0,0,0,0,0,0,0,5,0,0,0,1830,0,0,0,0,207,12418,52379,75762,0,0,0,0,28,1047,6709,10248,128,2008,27269,46848,0,0,0,0,363,15473,86357,132858,355,2052,12,CV SURG,1,0,0,89,26,89,26,84,2,0,0,0,0,566,476,317,76,883,552,122,363,32,1,0,34,552,2314,113,10,1,0,1,1721,593,0,6312,3918,519520,2130,184520,Yes,9,0,9,0,Basic,Basic,0,0,0,1,0,0,4277,732,7058,137,6462,717,5265,2086,2853,1572,25915,5244,15,26,10,1,94,49,35,40,29,27,42,34,43,56,21,55,525,0,0,0,0,0,0,0,0,0,0,0,0,0,0,0,0,0,0,0,1,744,696,744,720,744,720,744,744,720,744,720,744,176e,72,141,12,Burlingame Hills/Burlingame Southwest/Hillsborough/Hillsdale/Millbrae West/San Bruno Central/San Mateo West,Urban,No,No,No,1,25915,300 - 499,0
106491001,PETALUMA VALLEY HOSPITAL,1/1/04,12/31/04,Open,3/5/80,3/5/80,Sonoma,03 - North Bay,General Acute Care,Non-Profit Corporation (incl. Church-related),St. Joseph Health System,General Medical / Surgical,NO,80,400 NORTH MC DOWELL BOULEVARD,PETALUMA,94954,707-778-1111,0,0,0,0,0,0,0,No,41,2212,7993,15006,10,594,1274,0,0,0,0,0,9,370,0,1603,3294,0,0,0,0,0,0,0,0,0,0,0,0,0,0,0,0,0,0,0,0,0,0,0,0,60,3176,10870,21960,0,0,0,0,0,0,0,0,20,430,4160,7320,0,0,0,0,80,3606,15030,29280,0,0,0,NEITHER,0,0,0,0,0,0,0,0,0,0,0,0,0,0,0,0,0,0,0,0,0,0,0,0,0,0,518,14,1,0,0,0,0,0,518,998,724,84355,1550,103861,No,5,0,5,0,Basic,Basic,0,0,0,1,0,0,8161,0,10826,2471,0,0,0,0,0,0,18987,2471,15,0,3,0,0,0,0,0,0,0,0,0,0,0,0,0,0,0,0,0,0,0,0,0,0,0,0,0,0,0,0,0,0,0,0,0,1,744,696,744,720,744,720,744,744,720,744,720,744,209.1,59,136,6,Petaluma,Urban,No,No,No,1,18987,50 - 99,0
106130760,PIONEERS MEMORIAL HOSPITAL,1/1/04,12/31/04,Open,11/6/50,11/6/50,Imperial,14 - San Diego/Imperial,General Acute Care,District,,General Medical / Surgical,NO,105,207 WEST LEGION ROAD,BRAWLEY,92227,760-351-3148,0,0,0,0,0,0,0,No,66,2982,11541,23975,14,1673,3270,3668,12,574,1793,3668,8,167,520,2143,2928,0,0,0,0,0,0,0,0,0,0,0,0,0,0,0,5,215,21,583,1649,0,0,0,0,105,5611,19330,37344,0,0,0,0,0,0,0,0,0,0,0,0,0,0,0,0,105,5611,19330,37344,0,0,0,NEITHER,0,0,0,0,0,0,0,0,0,0,0,0,0,0,0,0,0,0,0,0,0,0,0,0,0,0,1505,41,0,1,1,1,1092,406,7,2124,1633,117611,1940,85452,No,5,0,5,0,Basic,Basic,0,0,0,1,0,1,67,1,2000,8,17624,75,8513,313,3800,2516,32004,2913,16,255,15,1,130,139,99,66,40,34,25,16,84,76,125,92,926,1,0,0,0,1,0,0,0,0,0,0,0,0,0,0,0,0,32004,0,1,744,696,744,720,744,720,744,744,720,744,720,744,50,133,173,51,Brawley/Westmorland,Rural,No,No,No,0,0,100 - 149,0
106301297,PLACENTIA LINDA HOSPITAL,1/1/04,12/31/04,Open,9/27/72,9/27/72,Orange,13 - Orange,General Acute Care,Investor - Corporation,Tenet Healthcare,General Medical / Surgical,NO,114,1301 NORTH ROSE DRIVE,PLACENTIA,92670,714-993-2000,1,1,0,0,0,0,0,No,96,3141,8988,35136,10,884,1980,0,0,0,0,0,4,106,125,587,1464,4,107,125,588,1464,0,0,0,0,0,0,0,0,0,0,0,0,0,0,0,0,0,0,0,114,4238,12143,41724,0,0,0,0,0,0,0,0,0,0,0,0,0,0,0,0,114,4238,12143,41724,0,0,0,NEITHER,0,0,0,0,0,0,0,0,0,0,0,0,0,0,0,0,0,0,0,0,0,0,0,0,0,0,819,16,2,1,1,0,660,159,0,1688,1163,137400,2184,173820,No,4,0,4,0,Basic,Basic,0,0,0,1,0,0,2360,7,7313,38,2828,98,2012,482,1992,1610,16505,2235,7,0,237,1,6,90,27,8,28,22,18,13,0,0,0,0,212,0,0,0,0,0,0,0,0,0,0,0,0,0,0,0,0,0,0,1,0,744,696,744,720,744,720,744,744,720,744,720,744,116m,125,162,42,Brea East/Placentia Central and North/Yorba Linda,Urban,No,No,No,1,16505,100 - 149,0
106320986,PLUMAS DISTRICT HOSPITAL,1/1/04,12/31/04,Open,4/14/59,4/14/59,Plumas,01 - Northern California,General Acute Care,District,,General Medical / Surgical,NO,26,1065 BUCKS LAKE ROAD,QUINCY,95971,530-283-2121-7191,0,0,0,0,0,0,0,No,24,488,1340,8784,2,98,189,0,0,0,0,0,0,0,0,0,0,0,0,0,0,0,0,0,0,0,0,0,0,0,0,0,0,0,0,0,0,0,0,0,0,26,586,1529,9516,0,0,0,0,0,0,0,0,0,0,0,0,0,0,0,0,26,586,1529,9516,0,0,0,NEITHER,0,0,0,0,0,0,0,0,0,0,0,0,0,0,0,0,0,0,0,0,0,0,0,0,0,0,98,2,0,0,0,0,0,25,73,160,168,20602,295,16940,Yes,1,0,1,0,Standby,Standby,0,0,1,0,0,0,847,0,821,0,639,0,335,241,241,241,2883,482,2,422,12,0,0,0,0,0,0,0,0,0,0,0,0,0,0,0,0,0,0,0,0,0,0,0,0,0,0,0,0,0,0,0,0,0,1,744,696,744,720,744,720,744,744,720,744,720,744,123.1,56,134,4,Bucks Lake/Cromberg/East Quincy/Greenhorn/Keddie/Laporte/Little Grass Valley/Meadow Valley/Quincy/Sloat/Spring Garden,Frontier,No,No,No,1,2883,1 - 49,0
106370977,POMERADO HOSPITAL,1/1/04,12/31/04,Open,6/22/77,6/22/77,San Diego,14 - San Diego/Imperial,General Acute Care,District,Palomar Pomerado Health,General Medical / Surgical,NO,236,15615 POMERADO ROAD,POWAY,92064,858-613-4000,0,0,0,0,0,0,0,No,68,4815,16578,24888,11,1354,3079,0,0,0,0,0,12,150,978,2099,4392,0,0,0,0,0,0,0,0,0,0,0,0,0,0,0,4,90,25,512,1464,0,0,0,0,95,6409,22268,34770,0,0,0,0,12,239,3377,4392,129,725,43007,47214,0,0,0,0,236,7373,68652,86376,0,0,0,NEITHER,0,0,0,0,0,0,0,0,0,0,0,0,0,0,0,0,0,0,0,0,0,0,0,0,0,0,1185,36,2,0,0,0,0,301,884,2192,1705,270360,1551,141885,Yes,4,0,4,0,Basic,Basic,0,0,0,1,0,0,951,2,3258,21,9660,66,6645,999,3887,2274,24401,3362,16,0,81,1,131,124,123,67,43,57,74,51,0,112,121,70,973,0,0,0,0,0,0,0,0,0,0,0,0,0,0,0,0,0,0,0,1,744,696,744,720,744,720,744,744,720,744,720,744,161q,128,169,52,Poway Central/Poway Grove/Rancho Bernardo Southwest/Sabre Springs,Urban,No,No,No,1,24401,200 - 299,0
106190630,POMONA VALLEY HOSPITAL MEDICAL CENTER,1/1/04,12/31/04,Open,1/1/46,1/1/46,Los Angeles,11 - Los Angeles,General Acute Care,Non-Profit Corporation (incl. Church-related),,General Medical / Surgical,NO,446,1798 NORTH GAREY AVENUE,POMONA,91767,909-865-9500,0,0,0,0,0,0,0,No,206,10354,51145,75396,77,7159,17954,12444,34,1333,3478,12444,36,310,882,4897,13176,12,182,781,2950,4392,0,0,0,0,0,0,0,0,0,0,43,691,820,12865,13918,0,0,0,0,408,20029,93289,147508,0,0,0,0,0,0,0,0,38,1050,9236,13908,0,0,0,0,446,21079,102525,161416,0,0,0,CV SURG,2,0,0,208,29,208,29,198,3,0,0,0,0,521,401,821,378,1342,779,177,267,50,0,231,53,779,6771,432,85,1,0,1,4445,2326,0,13199,3552,459362,7039,462950,Yes,8,0,8,0,Basic,Basic,0,0,0,1,0,0,6382,2,18477,114,14640,1279,8813,2543,6352,3705,54664,7643,38,0,2161,0,0,0,0,0,0,0,0,0,0,0,0,0,0,0,0,0,0,0,0,0,0,0,0,0,0,0,0,0,0,0,0,1,0,744,696,744,720,744,720,744,744,720,744,720,744,78.2tt,114,165,38,Claremont/La Verne/Pomona Northwest/San Dimas,Urban,No,No,No,1,54664,300 - 499,1
106190631,PRESBYTERIAN INTERCOMMUNITY HOSPITAL,1/1/04,12/31/04,Open,1/15/59,1/15/59,Los Angeles,11 - Los Angeles,General Acute Care,Non-Profit Corporation (incl. Church-related),Interhealth Corp.,General Medical / Surgical,NO,339,12401 EAST WASHINGTON BLVD.,WHITTIER,90602,562-698-0811-4800,1,0,1,0,0,0,0,Yes,169,9020,43499,61854,32,3727,9224,9516,26,730,1758,9516,24,2136,0,6794,8784,0,0,0,0,0,0,0,0,0,0,0,0,0,0,0,26,560,0,7924,9516,17,199,2230,6222,294,16372,71429,107604,0,0,0,0,10,494,2542,3660,35,608,7410,12810,0,0,0,0,339,17474,81381,124074,0,0,12,CV SURG,2,0,0,105,105,105,105,100,1,0,0,0,0,802,422,412,92,1214,514,173,327,14,0,0,0,514,3642,241,32,1,0,1,2471,1171,0,6405,3671,467235,6012,431720,No,13,4,9,0,Basic,Basic,0,0,0,1,0,0,595,11,7688,14,16864,36,22010,6709,3756,2646,50913,9416,30,0,1807,1,340,239,258,292,230,194,174,282,199,190,262,308,2968,0,0,0,0,0,0,0,0,0,0,0,0,0,0,0,0,0,0,0,1,744,696,744,720,744,720,744,744,720,744,720,744,78.2uu,109,163,39,La Habra Heights/Whittier,Urban,No,No,No,1,50913,300 - 499,0
106190468,PROMISE HOSPITAL OF EAST LOS ANGELES,1/1/04,12/31/04,Open,1/1/46,1/1/46,Los Angeles,11 - Los Angeles,General Acute Care,Investor - Partnership,,General Medical / Surgical,NO,36,443 SOUTH SOTO STREET,LOS ANGELES,90033,323-261-1181,0,0,0,0,0,0,0,No,27,110,2113,9882,0,0,0,1830,5,0,0,1830,2,8,9,150,732,2,0,0,0,732,0,0,0,0,0,0,0,0,0,0,0,0,0,0,0,0,0,0,0,36,118,2263,13176,0,0,0,0,0,0,0,0,0,0,0,0,0,0,0,0,36,118,2263,13176,0,0,0,NEITHER,0,0,0,0,0,0,0,0,0,0,0,0,0,0,0,0,0,0,0,0,0,0,0,0,0,0,0,0,0,0,0,0,0,0,0,0,22,1745,111,9410,Yes,2,0,2,0,0,0,0,1,0,0,0,0,0,0,0,0,0,0,0,0,0,0,0,0,0,0,0,0,0,0,0,0,0,0,0,0,0,0,0,0,0,0,0,0,0,0,0,0,0,0,0,0,0,0,0,0,0,0,0,0,0,0,0,0,0,0,0,0,0,0,0,0,0,78.2h,99,155,34,Boyle Heights Central/City Terrace West,Urban,No,No,No,1,0,1 - 49,0
106190385,PROVIDENCE HOLY CROSS MEDICAL CENTER,1/1/04,12/31/04,Open,6/21/61,6/21/61,Los Angeles,11 - Los Angeles,General Acute Care,Non-Profit Corporation (incl. Church-related),PROVIDENCE HEALTH SYSTEM,General Medical / Surgical,NO,254,15031 RINALDI STREET,MISSION HILLS,91345,818-365-8051,0,0,0,0,0,0,0,No,150,10788,47770,54537,14,2156,4311,0,0,0,0,0,12,435,0,8055,4392,12,0,0,0,4392,0,0,0,0,0,0,0,0,0,0,5,144,0,921,1830,13,361,4289,4758,206,13884,65346,75033,0,0,0,0,0,0,0,0,48,471,16209,17568,0,0,0,0,254,14355,81555,92601,0,0,0,CV SURG,1,0,0,50,68,50,68,95,1,0,0,0,0,401,426,304,12,705,438,0,390,428,0,0,0,818,2373,91,17,0,0,0,0,875,1498,4749,2596,200233,1395,78284,No,8,0,8,0,Basic,Basic,0,0,0,1,0,1,4786,20,8655,102,16521,2815,11493,3915,1621,776,43076,7628,16,0,0,1,266,367,281,214,184,228,250,333,318,228,234,251,3154,1,0,1,0,0,0,0,0,0,0,0,0,0,0,0,43076,0,0,1,0,744,696,744,720,744,720,744,744,720,744,720,744,78.2hh,92,153,27,Granada Hills/Mission Hills/Porter Ranch,Urban,No,No,No,0,0,200 - 299,0
106190758,PROVIDENCE SAINT JOSEPH MEDICAL CENTER,1/1/04,12/31/04,Open,1/1/46,1/1/46,Los Angeles,11 - Los Angeles,General Acute Care,Non-Profit Corporation (incl. Church-related),PROVIDENCE HEALTH SYSTEM,General Medical / Surgical,NO,427,501 SO. BUENA VISTA,BURBANK,91505-4866,818-843-5111,0,0,0,0,0,0,0,No,223,13989,59850,81618,23,2876,7359,1464,4,0,0,1464,28,404,0,8209,10248,16,0,0,0,5856,0,0,0,0,0,0,0,0,0,0,20,382,0,5313,7320,20,402,5230,7320,334,18053,85961,122244,0,0,0,0,0,0,0,0,93,2127,17853,34038,0,0,0,0,427,20180,103814,156282,0,0,0,CV SURG,2,0,0,73,47,73,47,57,2,0,0,0,0,336,576,281,3,617,579,80,480,457,0,0,60,1077,2330,125,13,0,0,0,0,700,1630,7266,6921,762006,11700,741433,Yes,17,4,13,0,Basic,Basic,0,0,0,1,0,0,10347,11,15521,35,9829,279,10865,3593,5174,4473,51736,8391,29,0,0,1,273,268,266,216,198,220,228,247,291,245,179,306,2937,0,0,0,0,0,0,0,0,0,0,0,0,0,0,0,0,0,0,0,1,744,696,744,720,744,720,744,744,720,744,720,744,78.2ttt,96,154,29,Burbank North/North Hollywood South,Urban,No,No,No,1,51736,300 - 499,0
106190382,QUEEN OF ANGELS/HOLLYWOOD PRESBYTERIAN MED CENTER,1/1/04,12/31/04,Open,1/1/46,1/1/46,Los Angeles,11 - Los Angeles,General Acute Care,Investor - Corporation,Tenet Healthcare Corporation,General Medical / Surgical,NO,434,1300 NORTH VERMONT AVENUE,LOS ANGELES,90027,323-644-4463,0,0,0,0,0,0,0,No,221,7664,39409,80886,34,5003,11656,4026,11,637,1488,4026,28,449,0,5877,10248,8,160,0,2210,2928,0,0,0,0,0,0,0,0,0,0,15,272,0,5101,5490,28,513,7139,10248,345,14698,72880,126270,0,0,0,0,0,0,0,0,89,799,27088,32574,0,0,0,0,434,15497,99968,158844,0,0,0,CATH LAB,0,0,0,0,0,0,0,0,1,0,0,0,0,172,0,94,0,266,0,0,0,0,0,0,0,0,4395,327,68,0,0,0,0,1493,2902,9649,2269,288780,3059,271440,No,9,0,9,0,Basic,Basic,0,0,0,1,0,0,2571,21,6662,34,4586,90,5228,477,13799,6105,32846,6727,20,0,3258,1,222,259,199,153,191,125,117,207,121,103,176,197,2070,0,0,0,0,0,0,0,0,0,0,0,0,0,0,0,0,0,0,1,0,744,696,744,720,744,720,744,744,720,744,720,744,78.2g,98,159,31,Hollywood South Central/Inner Sunset,Urban,No,No,No,1,32846,300 - 499,0
106281047,QUEEN OF THE VALLEY HOSPITAL - NAPA,1/1/04,12/31/04,Open,3/8/58,3/8/58,Napa,03 - North Bay,General Acute Care,Non-Profit Corporation (incl. Church-related),,General Medical / Surgical,NO,179,1000 TRANCAS STREET,NAPA,94558,707-252-4411-2064,1,0,1,0,0,0,0,No,106,5809,27252,38796,13,973,2532,0,0,0,0,0,16,237,820,4520,5856,0,0,0,0,0,0,0,0,0,0,0,0,0,0,0,6,166,0,1202,2196,14,290,3595,5124,155,7475,39101,56730,0,0,0,0,0,0,0,0,24,586,5501,8784,0,0,0,0,179,8061,44602,65514,0,0,0,CV SURG,1,0,0,40,184,40,184,180,2,0,0,0,0,341,599,309,0,650,599,167,345,55,0,0,28,599,765,10,0,1,0,1,541,224,0,1567,2420,396583,3246,276025,No,7,0,7,0,Basic,Basic,0,0,0,1,0,1,129,15,895,1,7771,48,6204,90,4615,3169,19614,3323,18,8315,0,0,0,0,0,0,0,0,0,0,0,0,0,0,0,1,0,0,1,0,0,0,0,0,0,0,0,0,0,0,0,19614,0,1,0,744,696,744,720,744,720,744,744,720,744,720,744,112.1,60,135,1,Napa Central,Urban,No,No,No,0,0,150 - 199,4
106171049,REDBUD COMMUNITY HOSPITAL,1/1/04,12/31/04,Open,4/18/68,4/18/68,Lake,01 - Northern California,General Acute Care,Non-Profit Corporation (incl. Church-related),Adventist Health,General Medical / Surgical,NO,32,15630 18TH AVE - HWY 53,CLEARLAKE,95422,707-995-5820,0,0,0,0,0,0,0,No,23,1240,4223,8418,5,195,391,0,0,103,118,0,4,266,0,1126,1464,0,0,0,0,0,0,0,0,0,0,0,0,0,0,0,0,0,0,0,0,0,0,0,0,32,1804,5858,11712,0,0,0,0,0,0,0,0,0,0,0,0,0,0,0,0,32,1804,5858,11712,0,0,0,NEITHER,0,0,0,0,0,0,0,0,0,0,0,0,0,0,0,0,0,0,0,0,0,0,0,0,0,0,184,3,0,0,0,0,0,33,151,316,693,44830,1586,69847,Yes,2,0,2,0,Basic,Basic,0,0,0,1,0,0,88,12,5885,568,3938,375,2117,208,1364,129,13392,1292,7,0,832,0,0,0,0,0,0,0,0,0,0,0,0,0,0,0,0,0,0,0,0,0,0,0,0,0,0,0,0,0,0,0,0,0,1,744,696,744,720,744,720,744,744,720,744,720,744,71.1,54,135,1,Clearlake/Clearlake Oaks,Rural,No,No,No,1,13392,1 - 49,0
106361308,REDLANDS COMMUNITY HOSPITAL,1/1/04,12/31/04,Open,1/1/46,1/1/46,San Bernardino,12 - Inland Counties,General Acute Care,Non-Profit Corporation (incl. Church-related),,General Medical / Surgical,NO,172,350 TERRACINA BOULEVARD,REDLANDS,92373,909-335-5500,0,0,0,0,0,0,0,No,102,8462,34450,37332,16,2312,5122,0,0,0,0,0,12,248,0,1565,4392,0,0,0,0,0,0,0,0,0,0,0,0,0,0,0,8,162,0,3114,2928,0,0,0,0,138,11184,44251,50508,0,0,0,0,18,1107,5205,6588,16,855,3753,5856,0,0,0,0,172,13146,53209,62952,0,0,0,CATH LAB,0,0,0,0,0,0,0,0,1,0,0,0,0,235,120,113,0,348,120,120,0,0,0,0,0,120,2281,141,24,0,0,0,0,532,1749,4426,3485,284333,2798,133106,Yes,6,0,6,0,Basic,Basic,0,0,0,1,0,0,1812,0,11368,0,10673,149,9719,4040,3391,1685,36963,5874,14,0,771,1,431,428,401,374,364,367,535,558,561,375,324,319,5037,0,0,0,0,0,0,0,0,0,0,0,0,0,0,0,0,0,0,0,1,744,696,744,720,744,720,744,744,720,744,720,744,151j,116,164,41,Mentone/Redlands South/Yucaipa,Urban,No,No,No,1,36963,150 - 199,0
106121051,REDWOOD MEMORIAL HOSPITAL,1/1/04,12/31/04,Open,3/19/57,3/19/57,Humboldt,01 - Northern California,General Acute Care,Non-Profit Corporation (incl. Church-related),St Joseph Health System,General Medical / Surgical,NO,46,3300 RENNER DRIVE,FORTUNA,95540,707-725-3361,0,0,0,0,0,0,0,No,34,1205,4839,12444,8,405,785,0,0,0,0,0,4,150,211,712,1464,0,0,0,0,0,0,0,0,0,0,0,0,0,0,0,0,0,0,0,0,0,0,0,0,46,1760,6336,16836,0,0,0,0,0,0,0,0,0,0,0,0,0,0,0,0,46,1760,6336,16836,0,0,0,NEITHER,0,0,0,0,0,0,0,0,0,0,0,0,0,0,0,0,0,0,0,0,0,0,0,0,0,0,348,16,1,0,0,0,0,74,274,705,605,73168,1748,118590,No,3,0,3,0,Basic,Basic,0,0,0,1,0,0,1462,2,6205,42,4520,890,307,188,82,43,12576,1165,8,0,153,0,0,0,0,0,0,0,0,0,0,0,0,0,0,0,0,0,0,0,0,0,0,0,0,0,0,0,0,0,0,0,0,0,1,744,696,744,720,744,720,744,744,720,744,720,744,42,54,135,1,Ferndale/Fortuna/Rio Dell/Scotia,Rural,No,No,No,1,12576,1 - 49,0
106430705,REGIONAL MEDICAL OF SAN JOSE,1/1/04,12/31/04,Open,7/16/65,7/16/65,Santa Clara,07 - Santa Clara,General Acute Care,Investor - Corporation,"HCA, Inc.",General Medical / Surgical,NO,204,225 NORTH JACKSON AVENUE,SAN JOSE,95116,408-259-5000-2801,0,0,0,0,0,0,0,No,129,6811,35664,47214,37,2407,5650,7320,20,776,1859,7320,8,8,0,127,2928,4,0,0,0,1464,0,0,0,0,0,0,0,0,0,0,6,84,0,1074,2196,0,0,0,0,204,10086,44374,74664,0,0,0,0,0,0,0,0,0,0,0,0,0,0,0,0,204,10086,44374,74664,0,0,0,CATH LAB,0,0,0,0,0,0,0,0,1,0,0,0,0,5,0,0,0,5,0,0,0,0,0,0,0,0,2209,119,7,0,0,0,0,628,1581,6161,2963,245345,7671,350378,No,9,0,9,0,Basic,Basic,0,0,0,1,0,0,8075,0,15220,0,10048,0,4528,0,2332,0,40203,0,24,152,911,1,84,46,37,13,25,27,17,19,29,10,17,13,337,0,0,0,0,0,0,0,0,0,0,0,0,0,0,0,0,0,0,1,0,744,696,744,720,744,720,744,744,720,744,720,744,183b,76,146,16,Berryessa/East San Jose/Milpitas East,Urban,No,No,No,1,40203,200 - 299,0
106424047,REHABILITATION INSTITUTE AT SANTA BARBARA,1/1/04,12/31/04,Open,1/17/01,1/17/01,Santa Barbara,10 - Santa Barbara/Ventura,General Acute Care,Non-Profit Corporation (incl. Church-related),,Physical Rehabilitation,NO,38,2415 DE LA VINA,SANTA BARBARA,93105,805-687-7444-2137,0,0,0,0,0,0,0,No,0,0,0,0,0,0,0,0,0,0,0,0,0,0,0,0,0,0,0,0,0,0,0,0,0,0,0,0,0,0,0,0,0,0,0,0,0,38,778,8410,13908,38,778,8410,13908,0,0,0,0,0,0,0,0,0,0,0,0,0,0,0,0,38,778,8410,13908,0,0,0,NEITHER,0,0,0,0,0,0,0,0,0,0,0,0,0,0,0,0,0,0,0,0,0,0,0,0,0,0,0,0,0,0,0,0,0,0,0,0,0,0,0,0,Yes,0,0,0,0,0,0,0,1,0,0,0,0,0,0,0,0,0,0,0,0,0,0,0,0,0,0,0,0,0,0,0,0,0,0,0,0,0,0,0,0,0,0,0,0,0,0,0,0,0,0,0,0,0,0,0,0,0,0,0,0,0,0,0,0,0,0,0,0,0,0,0,0,0,181b,88,152,23,Goleta North/Mission Canyon/Montecito/Riviera/Santa Barbara North,Urban,No,No,No,1,0,1 - 49,0
106580996,RIDEOUT MEMORIAL HOSPITAL,1/1/04,12/31/04,Open,6/5/46,6/5/46,Yuba,02 - Golden Empire,General Acute Care,Non-Profit Corporation (incl. Church-related),The Fremont Rideout Health Group,General Medical / Surgical,NO,149,"726 FOURTH ST., P.O.BOX 231",MARYSVILLE,95901,530-751-4010,0,0,0,0,0,0,0,No,125,6536,30513,45750,0,0,0,0,0,40,99,0,24,182,525,2712,8784,0,222,529,1647,0,0,0,0,0,0,0,0,0,0,0,0,0,0,0,0,0,0,0,0,149,6980,34971,54534,0,0,0,0,0,0,0,0,0,0,0,0,0,0,0,0,149,6980,34971,54534,0,0,0,CV SURG,2,0,0,190,0,190,0,177,2,0,0,0,0,684,241,678,16,1362,257,202,217,35,0,0,0,454,0,0,0,0,0,0,0,0,0,0,2008,230769,1768,119971,Yes,4,0,4,0,Basic,Basic,0,0,0,1,0,1,178,0,3287,0,12351,0,7410,0,3035,0,26261,0,25,7586,2858,1,3,27,14,19,9,5,5,0,0,5,0,0,87,1,0,0,1,0,0,0,0,0,0,0,0,0,0,0,0,26261,0,0,1,744,696,744,720,744,720,744,744,720,744,720,744,249,56,137,2,Marysville,Rural,No,No,No,0,0,100 - 149,0
106150782,RIDGECREST REGIONAL HOSPITAL,1/1/04,12/31/04,Open,9/30/46,9/30/46,Kern,09 - Central,General Acute Care,Non-Profit Corporation (incl. Church-related),,General Medical / Surgical,NO,80,1081 NORTH CHINA LAKE BLVD.,RIDGECREST,93555,760-446-3551-333,0,0,0,0,0,0,0,No,60,1725,6774,21960,8,466,1055,1464,4,222,582,1464,8,66,217,975,2928,0,0,0,0,0,0,0,0,0,0,0,0,0,0,0,0,0,0,0,0,0,0,0,0,80,2479,9386,29280,0,0,0,0,0,0,0,0,0,0,0,0,0,0,0,0,80,2479,9386,29280,0,0,0,NEITHER,0,0,0,0,0,0,0,0,0,0,0,0,0,0,0,0,0,0,0,0,0,0,0,0,0,0,445,19,2,1,0,1,295,150,0,1002,699,67920,1687,81506,Yes,3,0,3,0,Basic,Basic,0,0,0,1,0,0,20,1,1010,0,7209,16,3521,114,2444,1088,14204,1219,8,142,531,0,0,0,0,0,0,0,0,0,0,0,0,0,0,0,0,0,0,0,0,0,0,0,0,0,0,0,0,0,0,0,0,0,1,744,696,744,720,744,720,744,744,720,744,720,744,64,85,151,22,Inyokern/Ridgecrest,Rural,No,No,No,1,14204,50 - 99,0
106331226,RIVERSIDE CENTER FOR BEHAVIORAL MEDICINE,1/1/04,12/31/04,Open,10/1/61,10/1/61,Riverside,12 - Inland Counties,Acute Psychiatric,Investor - Corporation,"Knollwood Psychiatriac and Chemical Dependency Center, Inc",Psychiatric,NO,68,5900 BROCKTON AVENUE,RIVERSIDE,92506,951-275-8400-251,0,0,0,0,468,1063,10,No,0,0,0,0,0,0,0,0,0,0,0,0,0,0,0,0,0,0,0,0,0,0,0,0,0,0,0,0,0,0,0,0,0,0,0,0,0,0,0,0,0,0,0,0,0,0,0,0,0,68,583,5215,24888,0,0,0,0,0,0,0,0,68,583,5215,24888,0,0,0,NEITHER,0,0,0,0,0,0,0,0,0,0,0,0,0,0,0,0,0,0,0,0,0,0,0,0,0,0,0,0,0,0,0,0,0,0,0,0,0,0,0,0,Yes,0,0,0,0,0,0,1,0,0,0,0,0,0,0,0,0,0,0,0,0,0,0,0,0,0,0,0,0,0,0,0,0,0,0,0,0,0,0,0,0,0,0,0,0,0,0,0,0,0,0,0,0,0,0,0,0,0,0,0,0,0,0,0,0,0,0,0,0,0,0,0,0,0,135c,117,164,44,Casablanca/Riverside Central,Urban,No,No,No,1,0,50 - 99,0
106331312,RIVERSIDE COMMUNITY HOSPITAL,1/1/04,12/31/04,Open,1/1/46,1/1/46,Riverside,12 - Inland Counties,General Acute Care,Investor - Partnership,,General Medical / Surgical,NO,372,4445 MAGNOLIA AVENUE,RIVERSIDE,92501,951-788-3000,0,0,0,0,0,0,0,No,217,11947,55914,79422,45,3374,7717,5856,16,784,1903,5856,22,267,1308,5953,8052,18,333,1022,5643,6588,0,0,0,0,0,0,0,0,0,0,20,358,93,5122,7124,0,0,0,0,338,17063,82252,123512,0,0,0,0,0,0,0,0,34,0,0,12444,0,0,0,0,372,17063,82252,135956,0,0,0,CV SURG,2,0,0,313,4,313,4,281,3,0,0,0,0,778,394,519,145,1297,539,115,385,39,0,0,0,539,3300,268,46,0,0,0,0,1048,2252,5373,5884,879294,1612,165689,Yes,11,0,11,0,Basic,Basic,0,0,0,1,0,1,18750,36,19425,419,9855,3649,3764,2726,1667,1364,53461,8194,31,0,400,1,38,37,25,50,25,14,17,17,24,14,18,24,303,1,0,1,0,0,0,0,0,0,0,0,0,0,0,0,53461,0,0,1,0,744,696,744,720,744,720,744,744,720,744,720,744,135a,117,164,44,Eastside/Fairmont Park/Riverside Downtown/Rubidoux/University,Urban,No,No,No,0,0,300 - 499,0
106334487,RIVERSIDE COUNTY REGIONAL MEDICAL CENTER,1/1/04,12/31/04,Open,4/1/98,4/1/98,Riverside,12 - Inland Counties,General Acute Care,City and/or County,,General Medical / Surgical,NO,439,26520 CACTUS AVENUE,MORENO VALLEY,92555,951-486-4000,0,0,0,0,0,0,0,Yes,225,9617,35843,82350,40,3077,8384,7686,21,1139,2950,7686,44,493,1446,8195,16104,0,0,0,0,0,0,0,0,0,0,0,0,0,0,0,32,568,2442,8109,11712,0,0,0,0,362,14894,63481,132492,0,0,0,0,77,4059,22822,28182,0,0,0,0,0,0,0,0,439,18953,86303,160674,0,0,0,NEITHER,0,0,0,0,0,0,0,0,0,0,0,0,0,0,0,0,0,0,0,0,0,0,0,0,0,0,2843,171,49,0,0,0,0,630,2213,5303,5146,689133,3647,332931,Yes,9,0,9,0,Basic,Basic,0,0,0,1,0,1,6168,3,11110,20,17420,302,12241,3204,4541,3567,51480,7096,40,0,813,1,30,31,27,28,27,17,12,26,27,13,11,5,254,1,0,1,0,0,0,0,0,0,0,0,0,0,0,0,51480,0,0,1,1,744,696,744,720,744,720,744,744,720,744,720,744,134,118,170,45,Banning/Beaumont/Cabizon/Calimesa/Cherry Valley,Rural,No,No,No,0,0,300 - 499,0
106190366,ROBERT F. KENNEDY MEDICAL CENTER,1/1/04,12/9/04,Closed,12/9/04,1/1/46,Los Angeles,11 - Los Angeles,General Acute Care,Non-Profit Corporation (incl. Church-related),Daughters of Charity Healthcare System,General Medical / Surgical,NO,229,4500 116TH STREET,HAWTHORNE,90250,310-349-4000,0,0,0,0,0,0,0,No,123,2896,11763,42312,10,932,2207,0,0,0,0,0,21,248,595,3070,7224,0,0,0,0,0,0,0,0,0,0,0,0,0,0,0,0,0,0,0,0,0,0,0,0,154,4076,17040,52976,0,0,0,0,41,1333,11064,14104,34,246,6703,11696,0,0,0,0,229,5655,34807,78776,0,0,0,NEITHER,0,0,0,0,0,0,0,0,0,0,0,0,0,0,0,0,0,0,0,0,0,0,0,0,0,0,936,8,2,0,0,0,0,300,636,2140,1290,72677,2180,111598,No,5,0,5,0,Basic,Basic,0,0,0,1,0,0,1006,15,4987,83,5714,217,5642,1012,1880,909,19229,2236,14,54,259,0,0,0,0,0,0,0,0,0,0,0,0,0,0,0,0,0,0,0,0,0,0,0,0,0,0,0,0,0,0,0,0,0,1,744,696,744,720,744,720,744,744,720,744,720,744,78.2q,104,158,35,Del Aire/Inglewood West/Los Angeles International Airport,Urban,No,No,No,1,19229,200 - 299,0
106344011,SACRAMENTO COUNTY MENTAL HEALTH TREATMENT CENTER,1/1/04,12/31/04,Open,1/29/88,1/29/88,Sacramento,02 - Golden Empire,Psychiatric Health Facility,City and/or County,County of Sacramento,Psychiatric,NO,82,2150 STOCKTON BOULEVARD,SACRAMENTO,95817,916-875-1145,0,0,0,0,0,0,0,No,0,0,0,0,0,0,0,0,0,0,0,0,0,0,0,0,0,0,0,0,0,0,0,0,0,0,0,0,0,0,0,0,0,0,0,0,0,0,0,0,0,0,0,0,0,0,0,0,0,82,2720,30814,30012,0,0,0,0,0,0,0,0,82,2720,30814,30012,0,0,0,NEITHER,0,0,0,0,0,0,0,0,0,0,0,0,0,0,0,0,0,0,0,0,0,0,0,0,0,0,0,0,0,0,0,0,0,0,0,0,0,0,0,0,Yes,0,0,0,0,0,0,1,0,0,0,0,0,0,0,0,0,0,0,0,0,0,0,0,0,0,0,0,0,0,0,0,0,0,0,0,0,0,0,0,0,0,0,0,0,0,0,0,0,0,0,0,0,0,0,0,0,0,0,0,0,0,0,0,0,0,0,0,0,0,0,0,0,0,139f,62,139,5,Florin/Fruitridge/Oak Park/Parkway/South Sacramento,Urban,No,No,No,1,0,50 - 99,0
106301317,SADDLEBACK MEMORIAL MEDICAL CENTER,1/1/04,12/31/04,Open,1/27/74,1/27/74,Orange,13 - Orange,General Acute Care,Non-Profit Corporation (incl. Church-related),Memorial Health Services,General Medical / Surgical,NO,252,24451 HEALTH CENTER DRIVE,LAGUNA HILLS,92653,949-837-4500,0,0,0,0,0,0,0,No,151,12227,40109,55266,39,3040,9940,0,0,0,0,0,31,449,1704,6482,11346,0,0,0,0,0,0,0,0,0,0,0,0,0,0,0,19,233,39,4503,6954,12,294,3623,4392,252,16243,64657,92232,0,0,0,0,0,0,0,0,0,0,0,0,0,0,0,0,252,16243,64657,92232,0,0,0,CV SURG,1,0,0,81,79,81,79,110,3,0,0,0,0,871,726,354,126,1225,852,369,364,40,3,0,58,852,3281,313,65,1,0,1,2211,1070,0,7415,4807,676529,3517,368787,No,10,0,10,0,Basic,Basic,0,0,0,1,0,0,335,3,6568,13,8534,50,6258,118,9556,8454,31251,8638,31,0,442,1,134,138,107,103,68,100,107,68,92,35,108,129,1189,0,0,0,0,0,0,0,0,0,0,0,0,0,0,0,0,0,0,1,0,744,696,744,720,744,720,744,744,720,744,720,744,115.2d,126,166,48,Laguna Beach/Laguna Woods,Urban,No,No,No,1,31251,200 - 299,18
106270875,SALINAS VALLEY MEMORIAL HOSPITAL,1/1/04,12/31/04,Open,4/10/53,4/10/53,Monterey,08 - Mid-Coast,General Acute Care,District,,General Medical / Surgical,NO,266,450 EAST ROMIE LANE,SALINAS,93901,831-757-4333,0,0,0,0,0,0,0,No,214,9465,42916,78324,23,1842,4333,2928,8,1216,3178,2928,6,138,853,2849,2196,7,78,507,2353,2562,0,0,0,0,0,0,0,0,0,0,8,226,23,1620,2928,0,0,0,0,266,12965,57249,97356,0,0,0,0,0,0,0,0,0,0,0,0,0,0,0,0,266,12965,57249,97356,0,0,0,CV SURG,2,0,0,231,19,231,19,200,3,0,0,0,0,1182,805,793,540,1975,1345,263,771,159,0,101,0,1345,1831,75,12,1,0,1,1330,491,10,3582,4760,515297,2520,150268,No,9,0,9,0,Basic,Basic,0,0,0,1,0,0,3265,16,15087,84,6086,181,7410,4135,1985,1757,33833,6173,14,0,612,1,14,38,32,27,69,14,51,42,56,25,43,36,447,0,0,0,0,0,0,0,0,0,0,0,0,0,0,0,0,0,0,0,1,744,696,744,720,744,720,744,744,720,744,720,744,109.2,81,145,17,Salinas/Spreckels,Urban,No,No,No,1,33833,200 - 299,51
106361318,SAN ANTONIO COMMUNITY HOSPITAL,1/1/04,12/31/04,Open,1/1/46,1/1/46,San Bernardino,12 - Inland Counties,General Acute Care,Non-Profit Corporation (incl. Church-related),San Antonio Community Hospital,General Medical / Surgical,NO,283,999 SAN BERNARDINO ROAD,UPLAND,91786,909-985-2811-24803,0,0,0,0,0,0,0,No,182,10228,40036,66612,32,2455,6040,9150,25,1009,2309,9150,12,233,759,3872,4392,12,272,783,3574,4392,0,0,0,0,0,0,0,0,0,0,20,273,11,3951,7320,0,0,0,0,283,14470,59782,103578,0,0,0,0,0,0,0,0,0,0,0,0,0,0,0,0,283,14470,59782,103578,0,0,0,CV SURG,2,0,0,15,72,15,72,79,2,0,0,0,0,759,535,402,0,1161,535,114,302,28,0,1,90,535,2272,98,43,1,0,1,678,841,753,4485,3844,517797,4058,326319,No,11,0,11,0,Basic,Basic,0,0,0,1,0,0,1693,1,12298,3,18315,53,13704,86,12603,9339,58613,9482,27,0,1392,1,349,291,170,120,107,95,112,109,129,104,125,133,1844,0,0,0,0,0,0,0,0,0,0,0,0,0,0,0,0,0,0,0,1,744,696,744,720,744,720,744,744,720,744,720,744,151c,116,164,26,Montclair/Ontario Northwest/Upland South,Urban,No,No,No,1,58613,200 - 299,0
106301325,SAN CLEMENTE HOSPITAL AND MEDICAL CENTER,1/1/04,12/31/04,Open,1/31/05,8/17/72,Orange,13 - Orange,General Acute Care,Investor - Limited Liability Company,"SAN CLEMENTE MEDICAL CENTER, LLC",General Medical / Surgical,NO,73,654 CAMINO DE LOS MARES,SAN CLEMENTE,92673,949-496-1122,0,0,0,0,0,0,0,No,56,2719,7374,18207,0,0,0,0,0,0,0,0,7,229,431,1585,2780,0,0,0,0,0,0,0,0,0,0,0,0,0,0,0,0,0,0,0,0,10,212,2026,3660,73,3160,10985,26500,0,0,0,0,0,0,0,0,0,0,0,0,0,0,0,0,73,3160,10985,26500,0,0,0,NEITHER,0,0,0,0,0,0,0,0,0,0,0,0,0,0,0,0,0,0,0,0,0,0,0,0,0,0,0,0,0,0,0,0,0,0,0,0,522,54479,1100,81121,Yes,3,0,3,0,Basic,Basic,0,0,0,1,0,0,18,0,988,0,5801,0,3983,1909,2811,554,13601,2463,10,0,173,1,35,7,30,18,5,3,8,89,56,93,32,90,466,0,0,0,0,0,0,0,0,0,0,0,0,0,0,0,0,0,0,0,1,744,696,744,720,744,720,744,744,720,744,720,744,115.1,126,171,44,Dana Point/San Clemente/San Juan Capistrano,Urban,No,No,No,1,13601,50 - 99,0
106374055,SAN DIEGO COUNTY PSYCHIATRIC HOSPITAL,1/1/04,12/31/04,Open,7/25/89,7/25/89,San Diego,14 - San Diego/Imperial,Acute Psychiatric,City and/or County,SAN DIEGO COUNTY PSYCHIATRIC HOSPITAL,Long-Term Care (SN/IC),NO,369,3851 ROSECRANS STREET,SAN DIEGO,92110,619-692-8211,0,0,0,0,0,0,0,No,0,0,0,0,0,0,0,0,0,0,0,0,0,0,0,0,0,0,0,0,0,0,0,0,0,0,0,0,0,0,0,0,0,0,0,0,0,0,0,0,0,0,0,0,0,0,0,0,0,47,884,7654,20851,322,110,60444,119721,0,0,0,0,369,994,68098,140572,0,0,0,NEITHER,0,0,0,0,0,0,0,0,0,0,0,0,0,0,0,0,0,0,0,0,0,0,0,0,0,0,0,0,0,0,0,0,0,0,0,0,0,0,0,0,Yes,0,0,0,0,0,0,1,0,0,0,0,0,0,0,0,0,0,0,0,0,0,0,0,0,0,0,0,0,0,0,0,0,0,0,0,0,0,0,0,0,0,0,0,0,0,0,0,0,0,0,0,0,0,0,0,0,0,0,0,0,0,0,0,0,0,0,0,0,0,0,0,0,0,161b,129,172,,Bay Park/Five Points/Hillcrest Northwest/Mission Hills/Mission Valley/Morena/Normal Heights/Old Town/Serra Mesa,Urban,No,No,No,1,0,300 - 499,0
106190673,SAN DIMAS COMMUNITY HOSPITAL,1/1/04,12/31/04,Open,10/30/72,10/30/72,Los Angeles,11 - Los Angeles,General Acute Care,Investor - Corporation,Tenet Healthcare Corporation,General Medical / Surgical,NO,93,1350 WEST COVINA BOULEVARD,SAN DIMAS,91773,909-599-6811,0,0,0,0,0,0,0,No,49,2885,12481,17934,7,760,1762,0,0,0,0,0,4,172,248,1168,1464,4,171,247,1167,1464,0,0,0,0,0,0,0,0,0,0,0,0,0,0,0,0,0,0,0,64,3988,16578,23424,0,0,0,0,0,0,0,0,29,11,9939,10614,0,0,0,0,93,3999,26517,34038,0,0,0,NEITHER,0,0,0,0,0,0,0,0,0,0,0,0,0,0,0,0,0,0,0,0,0,0,0,0,0,0,740,24,1,1,0,1,490,246,4,1570,1300,147060,2692,277100,Yes,5,0,5,0,Basic,Basic,0,0,0,1,0,0,1503,8,5922,306,2697,1155,2327,619,2152,43,14601,2131,8,0,226,1,290,184,216,146,125,112,255,271,172,84,135,230,2220,0,0,0,0,0,0,0,0,0,0,0,0,0,0,0,0,0,0,0,1,744,696,744,720,744,720,744,744,720,744,720,744,78.2tt,112,162,26,Claremont/La Verne/Pomona Northwest/San Dimas,Urban,No,No,No,1,14601,50 - 99,0
106380939,SAN FRANCISCO GENERAL HOSPITAL,1/1/04,12/31/04,Open,7/1/53,7/1/53,San Francisco,04 - West Bay,General Acute Care,City and/or County,San Francisco Department of Public Health,General Medical / Surgical,YES,639,1001 POTRERO AVENUE,SAN FRANCISCO,94110,415-206-8000,0,0,0,0,0,0,0,Yes,330,10760,56411,120780,23,1357,3965,2928,8,519,1069,2928,22,317,1551,7351,8052,8,52,161,400,2928,0,0,0,0,0,0,0,0,0,0,12,50,105,1072,4392,0,0,0,0,403,13055,70268,147498,0,0,0,0,106,3054,32177,38796,130,707,40916,56322,0,0,0,0,639,16816,143361,242616,0,0,0,CATH LAB,0,0,0,0,0,0,0,0,1,0,0,0,0,0,0,435,75,435,75,23,37,15,0,0,0,75,1259,104,25,0,0,0,0,263,996,2366,3846,717314,2419,253625,Yes,10,0,10,0,Comprehensive,Comprehensive,0,0,0,0,1,1,4272,0,11034,0,31518,5722,4514,1701,1576,854,52914,8277,24,0,10657,1,156,167,97,115,156,158,231,156,209,141,108,164,1858,1,1,0,0,0,0,0,0,0,0,0,0,0,0,52914,0,0,0,1,0,744,696,744,720,744,720,744,744,720,744,720,744,162c,66,136,8,Bernal Heights/Mission District/Potrero Hill,Urban,No,No,No,0,0,500+,0
106190200,SAN GABRIEL VALLEY MEDICAL CENTER,1/1/04,12/31/04,Open,8/17/60,8/17/60,Los Angeles,11 - Los Angeles,General Acute Care,Non-Profit Corporation (incl. Church-related),Catholic Healthcare West,General Medical / Surgical,NO,273,438 W. LAS TUNAS DRIVE,SAN GABRIEL,91776,626-943-3775,0,0,0,0,0,0,0,No,130,5378,28303,47580,29,2351,6669,0,0,0,0,0,19,312,1232,5229,6954,0,0,0,0,0,0,0,0,0,0,0,0,0,0,0,12,159,19,1606,4392,0,0,0,0,190,8200,41807,69540,0,0,0,0,42,337,3886,15372,41,655,11673,15006,0,0,0,0,273,9192,57366,99918,0,0,0,CATH LAB,0,0,0,0,0,0,0,0,1,0,0,0,0,68,45,22,17,90,62,37,24,1,0,0,0,62,2021,127,12,1,0,1,1158,863,0,4432,2354,134118,7976,118926,No,6,0,6,0,Basic,Basic,0,0,0,1,0,0,1826,3,3489,43,2553,84,926,143,280,203,9074,476,12,1826,194,1,273,239,154,64,29,54,62,75,69,48,22,70,1159,0,0,0,0,0,0,0,0,0,0,0,0,0,0,0,0,0,0,0,1,744,696,744,720,744,720,744,744,720,744,720,744,78.2eeee,102,154,29,Alhambra/El Sereno South/San Gabriel Central,Urban,No,No,No,1,9074,200 - 299,0
106331326,SAN GORGONIO MEMORIAL HOSPITAL,1/1/04,12/31/04,Open,3/13/51,3/13/51,Riverside,12 - Inland Counties,General Acute Care,District,,General Medical / Surgical,NO,70,600 HIGHLAND SPRINGS AVENUE,BANNING,92220,951-845-1121-2166,0,0,0,0,0,0,0,No,40,2822,10702,14640,8,391,919,0,0,4,6,0,6,123,150,1637,2196,0,0,0,0,0,0,0,0,0,0,0,0,0,0,0,0,0,0,0,0,0,0,0,0,54,3340,13264,19764,0,0,0,0,0,0,0,0,16,472,4431,5856,0,0,0,0,70,3812,17695,25620,0,0,0,NEITHER,0,0,0,0,0,0,0,0,0,0,0,0,0,0,0,0,0,0,0,0,0,0,0,0,0,0,335,18,3,1,1,0,228,107,0,919,451,58524,263,21088,No,3,0,3,0,Basic,Basic,0,0,0,1,0,0,3136,350,10500,1100,1218,750,1600,508,1400,298,17854,3006,10,2186,207,1,4,3,4,0,0,0,0,0,0,4,2,4,21,0,0,0,0,0,0,0,0,0,0,0,0,0,0,0,0,0,0,0,1,744,696,744,720,744,720,744,744,720,744,720,744,134,118,170,41,Banning/Beaumont/Cabizon/Calimesa/Cherry Valley,Rural,No,No,No,1,17854,50 - 99,0
106150788,SAN JOAQUIN COMMUNITY HOSPITAL,1/1/04,12/31/04,Open,5/1/73,5/1/73,Kern,09 - Central,General Acute Care,Non-Profit Corporation (incl. Church-related),Adventist Health,General Medical / Surgical,NO,174,2615 EYE STREET,BAKERSFIELD,93301,661-395-3000-4129,0,0,0,0,0,0,0,No,125,6773,37473,45750,11,1872,2702,0,0,0,0,0,21,181,1257,6084,7686,0,0,0,0,0,0,0,0,0,0,0,0,0,0,0,0,0,0,0,0,0,0,0,0,157,8826,46259,57462,0,0,0,0,0,0,0,0,17,296,4665,6222,0,0,0,0,174,9122,50924,63684,0,0,0,CV SURG,2,0,0,133,2,133,2,101,3,0,0,0,0,1285,929,1129,0,2414,929,146,444,339,0,0,0,929,1814,53,2,1,1,1,510,391,913,2397,3264,297271,2934,151150,Yes,6,0,6,0,Basic,Basic,0,0,0,1,0,0,6309,6,8943,47,4347,426,4653,1469,4155,2761,28407,4709,11,0,3034,1,7,23,20,3,3,2,0,8,2,12,13,7,100,0,0,0,0,0,0,0,0,0,0,0,0,0,0,0,0,0,0,0,1,744,696,744,720,744,720,744,744,720,744,720,744,66a,85,151,22,Bakersfield Northeast/Oildale,Urban,No,No,No,1,28407,150 - 199,0
106394003,SAN JOAQUIN COUNTY P.H.F.,1/1/04,12/31/04,Open,1/29/88,1/29/88,San Joaquin,06 - North San Joaquin,Psychiatric Health Facility,City and/or County,,Psychiatric,NO,40,1212 NORTH CALIFORNIA,STOCKTON,95202,209-468-8660,0,0,0,0,0,0,0,Yes,0,0,0,0,0,0,0,0,0,0,0,0,0,0,0,0,0,0,0,0,0,0,0,0,0,0,0,0,0,0,0,0,0,0,0,0,0,0,0,0,0,0,0,0,0,0,0,0,0,40,1424,13132,14640,0,0,0,0,0,0,0,0,40,1424,13132,14640,0,0,0,NEITHER,0,0,0,0,0,0,0,0,0,0,0,0,0,0,0,0,0,0,0,0,0,0,0,0,0,0,0,0,0,0,0,0,0,0,0,0,0,0,0,0,Yes,0,0,0,0,0,0,1,0,0,0,0,0,0,0,0,0,0,0,0,0,0,0,0,0,0,0,0,0,0,0,0,0,0,0,0,0,0,0,0,0,0,0,0,0,0,0,0,0,0,0,0,0,0,0,0,0,0,0,0,0,0,0,0,0,0,0,0,0,0,0,0,0,0,169b,70,138,18,French Camp/Stockton South/Stockton Southeast,Urban,No,No,No,1,0,1 - 49,0
106391010,SAN JOAQUIN GENERAL HOSPITAL,1/1/04,12/31/04,Open,7/1/53,7/1/53,San Joaquin,06 - North San Joaquin,General Acute Care,City and/or County,,General Medical / Surgical,NO,196,500 WEST HOSPITAL ROAD,FRENCH CAMP,95231,209-468-6600,0,0,0,0,0,0,0,No,96,5178,24411,35136,26,2488,6085,5490,15,791,2281,5490,16,666,0,5168,5856,0,0,0,0,0,0,0,0,0,0,0,0,0,0,0,25,496,0,6049,9150,18,185,2918,6588,196,9804,46912,71736,0,0,0,0,0,0,0,0,0,0,0,0,0,0,0,0,196,9804,46912,71736,0,0,0,CATH LAB,0,0,0,0,0,0,0,0,1,0,0,0,0,228,0,159,0,387,0,0,0,0,0,0,0,0,2529,137,48,1,0,1,1821,708,0,3959,2739,268936,1965,123395,Yes,6,0,6,0,Basic,Basic,0,0,0,1,0,0,16497,40,10012,173,8639,458,4169,1853,2790,1953,42107,4477,19,21073,6974,1,3,28,8,2,2,0,2,3,9,3,0,17,77,0,0,0,0,0,0,0,0,0,0,0,0,0,0,0,0,0,0,1,0,744,696,744,720,744,720,744,744,720,744,720,744,169b,70,138,18,French Camp/Stockton South/Stockton Southeast,Urban,No,No,No,1,42107,150 - 199,0
106104023,SAN JOAQUIN VALLEY REHABILITATION HOSPITAL,1/1/04,12/31/04,Open,1/23/91,1/23/91,Fresno,09 - Central,General Acute Care,Investor - Limited Liability Company,"7173 N. Sharon Ave., Operating Company, LLC dba San Joaquin Valley Rehabilitation",Physical Rehabilitation,NO,62,7173 NO. SHARON AVENUE,FRESNO,93720,559-436-3600,0,0,0,0,0,0,0,No,62,0,0,22692,0,0,0,0,0,0,0,0,0,0,0,0,0,0,0,0,0,0,0,0,0,0,0,0,0,0,0,0,0,0,0,0,0,0,1064,13660,0,62,1064,13660,22692,0,0,0,0,0,0,0,0,0,0,0,0,0,0,0,0,62,1064,13660,22692,0,0,0,NEITHER,0,0,0,0,0,0,0,0,0,0,0,0,0,0,0,0,0,0,0,0,0,0,0,0,0,0,0,0,0,0,0,0,0,0,0,0,0,0,0,0,Yes,0,0,0,0,0,0,0,1,0,0,0,0,0,0,0,0,0,0,0,0,0,0,0,0,0,0,0,0,0,0,0,0,0,0,0,0,0,0,0,0,0,0,0,0,0,0,0,0,0,0,0,0,0,0,0,0,0,0,0,0,0,0,0,0,0,0,0,0,0,0,0,0,0,35a,82,147,19,Fresno Northwest,Urban,No,No,No,1,0,50 - 99,0
106430879,SAN JOSE MEDICAL CENTER,1/1/04,12/9/04,Closed,12/9/04,1/1/46,Santa Clara,07 - Santa Clara,General Acute Care,Investor - Corporation,HCA,General Medical / Surgical,YES,328,675 EAST SANTA CLARA STREET,SAN JOSE,95112,408-977-4421,0,0,0,0,0,0,0,No,183,4583,19977,62952,28,0,0,9976,29,588,1783,9976,15,267,0,4913,5160,10,171,0,1905,3440,0,0,0,0,0,0,0,0,0,0,7,0,0,0,2408,30,173,2721,10320,302,5782,31299,103888,0,0,0,0,0,0,0,0,26,401,5468,8944,0,0,0,0,328,6183,36767,112832,0,0,0,CV SURG,8,0,0,43,3,43,3,41,1,0,0,0,0,301,373,149,0,450,373,70,373,22,0,281,0,746,0,0,0,0,0,0,0,0,0,0,1996,201517,4047,369011,No,8,3,1,4,Basic,Basic,0,0,0,1,0,1,6513,13,10860,57,4798,695,2898,1664,1917,1490,26986,3919,19,0,296,1,67,64,39,51,43,36,23,26,0,0,0,0,349,1,0,1,0,0,0,0,0,0,0,0,0,0,0,0,26986,0,0,0,0,744,696,744,720,744,720,744,744,720,744,720,744,183j,76,146,16,San Jose Northwest,Urban,No,No,No,0,0,300 - 499,0
106013619,SAN LEANDRO HOSPITAL,1/1/04,12/31/04,Open,7/1/04,8/9/60,Alameda,05 - East Bay,General Acute Care,Non-Profit Corporation (incl. Church-related),Sutter Health,General Medical / Surgical,NO,122,13855 EAST 14TH STREET,SAN LEANDRO,94578,510-727-2700-2209,0,0,0,0,0,0,0,No,84,2553,10659,30744,0,0,0,0,0,0,0,0,5,98,0,1070,1830,4,0,0,0,1464,0,0,0,0,0,0,0,0,0,0,0,0,0,0,0,0,0,0,0,93,2651,11729,34038,0,0,0,0,0,0,0,0,29,301,4151,10614,0,0,0,0,122,2952,15880,44652,0,0,0,NEITHER,0,0,0,0,0,0,0,0,0,0,0,0,0,0,0,0,0,0,0,0,0,0,0,0,0,0,0,0,0,0,0,0,0,0,0,0,994,175539,864,104864,Yes,5,0,5,0,0,Basic,0,0,0,1,0,0,5266,0,3867,0,2183,1805,190,165,131,97,11637,2067,12,9133,0,0,0,0,0,0,0,0,0,0,0,0,0,0,0,0,0,0,0,0,0,0,0,0,0,0,0,0,0,0,0,0,0,0,1,744,696,744,720,744,720,744,744,720,744,720,744,2h,71,143,13,Ashland/Brookfield Village/Castro Valley South/Elmhurst/Hayward Northeast/San Leandro North Central/San Lorenzo East,Urban,No,No,No,1,11637,100 - 149,0
106404046,SAN LUIS OBISPO CO PSYCHIATRIC HEALTH FACILITY,1/1/04,12/31/04,Open,4/8/03,4/8/03,San Luis Obispo,08 - Mid-Coast,Psychiatric Health Facility,City and/or County,,Psychiatric,NO,16,2178 JOHNSON AVE,SAN LUIS OBISPO,93401,805-781-4711,0,0,0,0,0,0,0,Yes,0,0,0,0,0,0,0,0,0,0,0,0,0,0,0,0,0,0,0,0,0,0,0,0,0,0,0,0,0,0,0,0,0,0,0,0,0,0,0,0,0,0,0,0,0,0,0,0,0,16,663,2803,5856,0,0,0,0,0,0,0,0,16,663,2803,5856,0,0,0,NEITHER,0,0,0,0,0,0,0,0,0,0,0,0,0,0,0,0,0,0,0,0,0,0,0,0,0,0,0,0,0,0,0,0,0,0,0,0,0,0,0,0,No,0,0,0,0,0,0,1,0,0,0,0,0,0,0,0,0,0,0,0,0,0,0,0,0,0,0,0,0,0,0,0,0,0,0,0,0,0,0,0,0,0,0,0,0,0,0,0,0,0,0,0,0,0,0,0,0,0,0,0,0,0,0,0,0,0,0,0,0,0,0,0,0,0,172,86,148,23,San Luis Obispo,Rural,No,No,No,1,0,1 - 49,0
106410782,SAN MATEO MEDICAL CENTER,1/1/04,12/31/04,Open,7/1/53,7/1/53,San Mateo,04 - West Bay,General Acute Care,City and/or County,,General Medical / Surgical,NO,509,222 WEST 39TH AVENUE,SAN MATEO,94403,650-573-2222,0,0,0,0,0,0,0,No,86,2442,10466,31476,0,0,0,2562,7,133,313,2562,7,152,0,1270,2562,0,0,0,0,0,0,0,0,0,0,0,0,0,0,0,0,0,0,0,0,0,0,0,0,100,2727,12049,36600,0,0,0,0,34,854,10751,12444,375,521,99161,137250,0,0,0,0,509,4102,121961,186294,0,0,0,NEITHER,0,0,0,0,0,0,0,0,0,0,0,0,0,0,0,0,0,0,0,0,0,0,0,0,0,0,0,0,0,0,0,0,0,0,0,0,941,110690,1054,77023,No,3,0,3,0,Basic,Basic,0,0,0,1,0,0,294,5,3401,8,14144,113,8329,576,3036,1414,29204,2116,15,0,0,1,91,49,75,33,25,53,73,78,65,23,40,49,654,0,0,0,0,0,0,0,0,0,0,0,0,0,0,0,0,0,0,0,1,744,696,744,720,744,720,744,744,720,744,720,744,176e,72,141,12,Burlingame Hills/Burlingame Southwest/Hillsborough/Hillsdale/Millbrae West/San Bruno Central/San Mateo West,Urban,No,No,No,1,29204,500+,0
106074017,SAN RAMON REGIONAL MEDICAL CENTER,1/1/04,12/31/04,Open,2/12/90,2/12/90,Contra Costa,05 - East Bay,General Acute Care,Investor - Corporation,Tenet Healthcare Corporation,General Medical / Surgical,NO,123,6001 NORRIS CANYON ROAD,SAN RAMON,94583,925-275-9200,0,0,0,0,0,0,0,No,99,3773,18348,36234,10,913,2598,0,0,0,0,0,6,331,890,2373,2196,6,0,0,0,2196,0,0,0,0,0,0,0,0,0,0,2,98,0,426,732,0,0,0,0,123,5115,23745,45018,0,0,0,0,0,0,0,0,0,0,0,0,0,0,0,0,123,5115,23745,45018,0,0,0,CV SURG,1,0,0,52,23,52,23,54,1,0,0,0,0,157,116,241,100,398,216,37,172,16,0,1,0,227,850,15,2,0,0,0,0,0,850,2459,1837,303699,5190,420853,No,10,0,10,0,Basic,Basic,0,0,0,1,0,0,1226,72,4694,918,3416,757,2499,0,5044,262,16879,2009,9,114,116,1,0,1,0,0,0,0,0,0,0,0,10,2,13,0,0,0,0,0,0,0,0,0,0,0,0,0,0,0,0,0,0,0,1,744,696,744,720,744,720,744,744,720,744,720,744,18h,68,140,11,Alamo/Danville/Diablo/San Ramon,Urban,No,No,No,1,16879,100 - 149,1
106074011,SAN RAMON REHABILITATION HOSPITAL,1/1/04,12/31/04,Open,6/1/05,8/11/89,Contra Costa,05 - East Bay,General Acute Care,0,,,NO,80,7777 NORRIS CANYON ROAD,SAN RAMON,94583,925-275-8222,1,0,0,0,0,0,0,,0,0,0,608,0,0,0,0,0,0,0,0,0,0,0,0,0,0,0,0,0,0,0,0,0,0,0,0,0,0,0,0,0,0,0,0,0,30,0,0,15510,30,0,0,16118,0,0,0,0,0,0,0,0,50,0,0,25850,0,0,0,0,80,0,0,41968,0,0,0,NEITHER,0,0,0,0,0,0,0,0,0,0,0,0,0,0,0,0,0,0,0,0,0,0,0,0,0,0,0,0,0,0,0,0,0,0,0,0,0,0,0,0,Yes,0,0,0,0,0,0,0,1,0,0,0,0,0,0,0,0,0,0,0,0,0,0,0,0,0,0,0,0,0,0,0,0,0,0,0,0,0,0,0,0,,0,0,0,0,0,0,0,0,0,0,0,0,0,0,0,0,0,0,0,0,0,0,0,0,0,0,0,0,0,0,0,0,18h,68,140,11,Alamo/Danville/Diablo/San Ramon,Urban,No,Yes,No,1,0,50 - 99,0
106190681,SAN VICENTE HOSPITAL,1/1/04,12/31/04,Open,7/8/54,7/8/54,Los Angeles,11 - Los Angeles,General Acute Care,Investor - Corporation,"Center Management, Inc.",General Medical / Surgical,NO,17,6000 SAN VICENTE BOULEVARD,LOS ANGELES,90036,323-930-1040,0,0,0,0,0,0,0,No,17,122,287,6222,0,0,0,0,0,0,0,0,0,0,0,0,0,0,0,0,0,0,0,0,0,0,0,0,0,0,0,0,0,0,0,0,0,0,0,0,0,17,122,287,6222,0,0,0,0,0,0,0,0,0,0,0,0,0,0,0,0,17,122,287,6222,0,0,0,NEITHER,0,0,0,0,0,0,0,0,0,0,0,0,0,0,0,0,0,0,0,0,0,0,0,0,0,0,0,0,0,0,0,0,0,0,0,0,122,15457,2482,20693,Yes,2,0,2,0,0,0,0,1,0,0,0,0,0,0,0,0,0,0,0,0,0,0,0,0,0,0,0,0,0,0,0,0,0,0,0,0,0,0,0,0,0,0,0,0,0,0,0,0,0,0,0,0,0,0,0,0,0,0,0,0,0,0,0,0,0,0,0,0,0,0,0,0,0,78.2x,100,159,33,Hancock Park/Mid-City West/Park La Brea,Urban,No,No,No,1,0,1 - 49,0
106420514,SANTA BARBARA COTTAGE HOSPITAL,1/1/04,12/31/04,Open,1/1/46,1/1/46,Santa Barbara,10 - Santa Barbara/Ventura,General Acute Care,Non-Profit Corporation (incl. Church-related),,General Medical / Surgical,NO,366,320 WEST PUEBLO STREET,SANTA BARBARA,93105,805-682-7111,0,0,0,0,0,0,0,No,187,12434,47837,68442,43,2614,7285,6222,17,1120,3315,6222,20,320,1676,5045,7320,18,726,1546,4023,6588,0,0,0,0,0,0,0,0,0,0,22,305,0,5323,8052,0,0,0,0,307,17519,72828,112362,0,0,0,0,20,1035,5361,7320,39,0,0,14274,0,0,0,0,366,18554,78189,133956,0,0,0,CV SURG,2,0,0,294,0,294,0,266,3,0,0,0,0,903,653,589,257,1492,910,318,453,34,0,0,105,910,2523,192,37,0,0,0,0,642,1881,5427,7563,1012169,5729,570969,Yes,20,6,14,0,Basic,Basic,0,0,0,1,0,1,2586,53,7468,149,9900,512,14638,5522,2357,1842,36949,8078,27,1422,837,0,0,0,0,0,0,0,0,0,0,0,0,0,0,1,0,1,0,0,0,0,0,0,0,0,0,0,0,0,36949,0,0,1,0,744,696,744,720,744,720,744,744,720,744,720,744,181b,88,152,23,Goleta North/Mission Canyon/Montecito/Riviera/Santa Barbara North,Urban,No,No,No,0,0,300 - 499,0
106424002,SANTA BARBARA COUNTY P.H.F.,1/1/04,12/31/04,Open,1/29/88,1/29/88,Santa Barbara,10 - Santa Barbara/Ventura,Psychiatric Health Facility,City and/or County,"County of Santa Barbara Alcohol, Drug AND Mental Health",Psychiatric,NO,16,315 CAMINO DEL REMEDIO,SANTA BARBARA,93110,805-681-5244,0,0,0,0,0,0,0,Yes,0,0,0,0,0,0,0,0,0,0,0,0,0,0,0,0,0,0,0,0,0,0,0,0,0,0,0,0,0,0,0,0,0,0,0,0,0,0,0,0,0,0,0,0,0,0,0,0,0,16,411,5526,5856,0,0,0,0,0,0,0,0,16,411,5526,5856,0,0,0,NEITHER,0,0,0,0,0,0,0,0,0,0,0,0,0,0,0,0,0,0,0,0,0,0,0,0,0,0,0,0,0,0,0,0,0,0,0,0,0,0,0,0,Yes,0,0,0,0,0,0,1,0,0,0,0,0,0,0,0,0,0,0,0,0,0,0,0,0,0,0,0,0,0,0,0,0,0,0,0,0,0,0,0,0,0,0,0,0,0,0,0,0,0,0,0,0,0,0,0,0,0,0,0,0,0,0,0,0,0,0,0,0,0,0,0,0,0,181b,88,152,23,Goleta North/Mission Canyon/Montecito/Riviera/Santa Barbara North,Urban,No,No,No,1,0,1 - 49,0
106430883,SANTA CLARA VALLEY MEDICAL CENTER,1/1/04,12/31/04,Open,1/1/53,1/1/53,Santa Clara,07 - Santa Clara,General Acute Care,City and/or County,County of Santa Clara,General Medical / Surgical,YES,574,751 SOUTH BASCOM AVENUE,SAN JOSE,95128-2699,408-885-4010,0,0,0,0,0,0,0,Yes,262,12991,65969,95892,52,5312,17939,14640,40,1447,5323,14640,44,421,1535,8586,16104,8,140,464,2599,2928,0,0,0,0,0,8,287,361,2255,2928,40,462,599,7842,14640,70,473,12451,25620,524,21533,122964,191784,0,0,0,0,50,1941,17574,18300,0,0,0,0,0,0,0,0,574,23474,140538,210084,0,0,0,CV SURG,1,0,0,59,1,59,1,44,1,0,0,0,0,311,264,136,6,447,270,61,196,13,0,0,0,281,5183,253,72,0,0,0,0,987,4196,13616,4238,546531,4716,465564,No,10,0,10,0,Comprehensive,Comprehensive,0,0,0,0,1,1,20,0,6903,11,18326,1108,10635,6441,3548,2337,39432,9897,26,0,9027,1,51,41,47,41,57,22,70,50,27,24,24,19,473,1,1,0,0,0,0,0,0,0,0,0,0,0,0,39432,0,0,0,1,0,744,696,744,720,744,720,744,744,720,744,720,744,183j,77,146,15,San Jose Northwest,Urban,No,No,No,0,0,500+,11
106190687,SANTA MONICA - UCLA MEDICAL CENTER,1/1/04,12/31/04,Open,1/1/46,1/1/46,Los Angeles,11 - Los Angeles,General Acute Care,University of California,UCLA Healthcare,General Medical / Surgical,NO,337,1250 16TH STREET,SANTA MONICA,90404,310-319-4821,0,0,0,0,0,0,0,No,223,7110,34516,81618,19,1955,6904,4392,12,315,672,4392,22,474,873,5420,8052,0,0,0,0,0,0,0,0,0,0,0,0,0,0,0,15,217,23,4444,5490,0,0,0,0,291,10071,51956,106506,0,0,0,0,0,0,0,0,46,0,0,16836,0,0,0,0,337,10071,51956,123342,0,0,0,CV SURG,1,0,0,48,28,48,28,33,1,0,0,0,0,455,452,214,49,669,501,61,283,14,0,59,0,501,1980,193,22,1,1,0,1202,778,0,4763,2711,466140,5366,326580,No,13,3,10,0,Basic,Basic,0,0,0,1,0,0,3660,25,10583,78,5834,295,4039,3747,485,385,24601,4530,17,0,343,1,78,34,106,21,9,40,9,37,18,35,24,64,475,0,0,0,0,0,0,0,0,0,0,0,0,0,0,0,0,0,0,1,0,744,696,744,720,744,720,744,744,720,744,720,744,78.2kkkk,94,156,30,Santa Monica Central/Sawtelle/West Los Angeles,Urban,No,No,No,1,24601,300 - 499,84
106494048,SANTA ROSA MEMORIAL HOSPITAL-FULTON,1/1/04,12/31/04,Open,8/2/94,8/2/94,Sonoma,03 - North Bay,General Acute Care,Non-Profit Corporation (incl. Church-related),St. Joseph Health System,General Medical / Surgical,NO,76,1287 FULTON ROAD,SANTA ROSA,95401,707-522-1551,0,0,0,0,0,0,0,No,0,0,0,0,0,0,0,0,0,0,0,0,0,0,0,0,0,0,0,0,0,0,0,0,0,0,0,0,0,0,0,0,0,0,0,0,0,15,225,3029,5490,15,225,3029,5490,0,0,0,0,38,863,7790,13908,23,353,5569,8418,0,0,0,0,76,1441,16388,27816,0,0,0,NEITHER,0,0,0,0,0,0,0,0,0,0,0,0,0,0,0,0,0,0,0,0,0,0,0,0,0,0,0,0,0,0,0,0,0,0,0,0,0,0,0,0,No,0,0,0,0,0,0,0,1,0,0,0,0,0,0,0,0,0,0,0,0,0,0,0,0,0,0,0,0,0,0,0,0,0,0,0,0,0,0,0,0,0,0,0,0,0,0,0,0,0,0,0,0,0,0,0,0,0,0,0,0,0,0,0,0,0,0,0,0,0,0,0,0,0,210.1,60,135,6,Santa Rosa,Urban,No,No,No,1,0,50 - 99,0
106491064,SANTA ROSA MEMORIAL HOSPITAL-MONTGOMERY,1/1/04,12/31/04,Open,2/7/50,2/7/50,Sonoma,03 - North Bay,General Acute Care,Non-Profit Corporation (incl. Church-related),St. Joseph Health System,General Medical / Surgical,NO,209,1165 MONTGOMERY DRIVE,SANTA ROSA,95405,707-522-1551,0,0,0,0,0,0,0,No,150,9795,44214,54900,15,1686,3998,2196,6,356,840,2196,16,422,0,6578,5856,10,0,0,0,3660,0,0,0,0,0,0,0,0,0,0,12,206,0,1593,4392,0,0,0,0,209,12465,57223,76494,0,0,0,0,0,0,0,0,0,0,0,0,0,0,0,0,209,12465,57223,76494,0,0,0,CV SURG,0,0,0,169,0,169,0,169,2,0,0,0,0,665,542,624,5,1289,547,0,266,0,0,0,0,266,1343,80,3,0,0,0,0,343,1000,2538,4329,602725,5371,454977,No,10,0,10,0,Basic,Basic,0,0,0,1,0,1,0,0,1,1,24200,7489,2,2,1,1,24204,7493,14,0,0,1,53,67,65,47,80,69,54,97,85,63,42,72,794,1,0,1,0,0,0,0,0,0,0,0,0,0,0,0,24204,0,0,1,0,744,696,744,720,744,720,744,744,720,744,720,744,210.1,60,135,6,Santa Rosa,Urban,No,No,No,0,0,200 - 299,0
106490907,SANTA ROSA MEMORIAL HOSPITAL-SOTOYOME,1/1/04,12/31/04,Open,2/1/62,2/1/62,Sonoma,03 - North Bay,General Acute Care,Non-Profit Corporation (incl. Church-related),St. Joseph Health System,General Medical / Surgical,NO,60,151 SOTOYOME STREET,SANTA ROSA,95405,707-522-1551,0,0,0,0,0,0,0,No,29,860,4511,10614,0,0,0,0,0,0,0,0,0,0,0,0,0,0,0,0,0,0,0,0,0,0,0,0,0,0,0,0,0,0,0,0,0,0,0,0,0,29,860,4511,10614,0,0,0,0,0,0,0,0,31,562,8480,11346,0,0,0,0,60,1422,12991,21960,0,0,0,NEITHER,0,0,0,0,0,0,0,0,0,0,0,0,0,0,0,0,0,0,0,0,0,0,0,0,0,0,0,0,0,0,0,0,0,0,0,0,0,0,0,0,Yes,0,0,0,0,0,0,0,1,0,0,0,0,0,0,0,0,0,0,0,0,0,0,0,0,0,0,0,0,0,0,0,0,0,0,0,0,0,0,0,0,0,0,0,0,0,0,0,0,0,0,0,0,0,0,0,0,0,0,0,0,0,0,0,0,0,0,0,0,0,0,0,0,0,210.1,60,135,6,Santa Rosa,Urban,No,No,No,1,0,50 - 99,0
106190691,SANTA TERESITA HOSPITAL,1/1/04,6/30/04,Closed,6/30/04,4/24/46,Los Angeles,11 - Los Angeles,General Acute Care,Non-Profit Corporation (incl. Church-related),Santa Teresita Hospital,Long-Term Care (SN/IC),NO,216,819 BUENA VISTA STREET,DUARTE,91010-1703,626-359-3243-3435,0,0,0,0,0,0,0,No,25,34,95,4550,8,0,0,0,0,0,0,0,6,6,8,28,1092,0,0,0,0,0,0,0,0,0,0,0,0,0,0,0,0,0,0,0,0,0,0,0,0,39,40,123,7098,0,0,0,0,0,0,0,0,177,169,23395,32214,0,0,0,0,216,209,23518,39312,0,0,0,NEITHER,0,0,0,0,0,0,0,0,0,0,0,0,0,0,0,0,0,0,0,0,0,0,0,0,0,0,0,0,0,0,0,0,0,0,0,0,6,496,212,8636,Yes,3,0,3,0,Basic,Basic,0,0,0,1,0,0,5,0,38,0,110,0,40,0,9,8,202,8,9,43,1,0,0,0,0,0,0,0,0,0,0,0,0,0,0,0,0,0,0,0,0,0,0,0,0,0,0,0,0,0,0,0,0,0,1,744,696,744,720,744,720,744,744,720,744,720,744,78.2zzz,97,157,32,Baldwin Park/Irwindale,Urban,No,No,No,1,202,200 - 299,0
106420522,SANTA YNEZ VALLEY COTTAGE HOSPITAL,1/1/04,12/31/04,Open,11/2/64,11/2/64,Santa Barbara,10 - Santa Barbara/Ventura,General Acute Care,Non-Profit Corporation (incl. Church-related),,General Medical / Surgical,NO,22,700 ALAMO PINTADO ROAD,SOLVANG,93463,805-688-6431,0,0,0,0,0,0,0,No,22,298,863,8052,0,0,0,0,0,0,0,0,0,0,0,0,0,0,0,0,0,0,0,0,0,0,0,0,0,0,0,0,0,0,0,0,0,0,0,0,0,22,298,863,8052,0,0,0,0,0,0,0,0,0,0,0,0,0,0,0,0,22,298,863,8052,0,0,0,NEITHER,0,0,0,0,0,0,0,0,0,0,0,0,0,0,0,0,0,0,0,0,0,0,0,0,0,0,0,0,0,0,0,0,0,0,0,0,28,2475,263,22638,No,1,0,1,0,Standby,Standby,0,0,1,0,0,0,169,0,1287,0,2625,14,1702,186,292,28,6075,228,4,112,9,1,0,0,0,0,0,0,3,0,0,0,0,0,3,0,0,0,0,0,0,0,0,0,0,0,0,0,0,0,0,0,0,0,0,744,696,744,720,744,720,744,744,720,744,720,744,178.1,88,152,24,Buellton/Los Olivos/Santa Ynez/Solvang,Rural,No,No,No,1,6075,1 - 49,0
106371394,SCRIPPS MEMORIAL HOSPITAL - ENCINITAS,1/1/04,12/31/04,Open,6/16/64,6/16/64,San Diego,14 - San Diego/Imperial,General Acute Care,Non-Profit Corporation (incl. Church-related),Scripps Health,General Medical / Surgical,NO,140,354 SANTA FE DRIVE,ENCINITAS,92024,760-753-6501,0,0,0,0,0,0,0,No,67,4571,23080,24522,23,1605,3567,0,0,0,0,0,20,350,1303,5544,7320,0,0,0,0,0,0,0,0,0,0,0,0,0,0,0,0,0,0,0,0,30,560,7192,10980,140,7086,39383,51240,0,0,0,0,0,0,0,0,0,0,0,0,0,0,0,0,140,7086,39383,51240,0,0,0,CATH LAB,0,0,0,0,0,0,0,0,1,0,0,0,0,275,124,98,51,373,175,102,69,4,0,0,4,179,1545,59,3,1,0,1,1218,327,0,0,1725,253500,2677,178920,No,7,3,4,0,Basic,Basic,0,0,0,1,0,0,3249,14,16710,247,2989,510,3244,2435,757,583,26949,3789,12,0,0,1,55,40,75,39,61,52,37,42,47,28,40,57,573,0,0,0,0,0,0,0,0,0,0,0,0,0,0,0,0,0,0,1,0,744,696,744,720,744,720,744,744,720,744,720,744,156a,127,171,50,Encinitas Central/Leucadia/Oceanside North and West/San Luis Rey/South Oceanside,Urban,No,No,No,1,26949,100 - 149,0
106370744,SCRIPPS MERCY HOSPITAL,1/1/04,12/31/04,Open,1/1/46,1/1/46,San Diego,14 - San Diego/Imperial,General Acute Care,Non-Profit Corporation (incl. Church-related),Scripps Health,General Medical / Surgical,YES,517,4077 FIFTH AVENUE,SAN DIEGO,92103-2180,619-260-7101,0,0,0,0,0,0,0,No,335,14891,65569,122610,53,2546,6350,10248,28,946,1825,10248,22,391,994,8266,8052,10,0,0,0,3660,0,0,0,0,0,0,0,0,0,0,19,403,77,2622,6954,0,0,0,0,467,19177,84632,170922,0,0,0,0,50,1603,13241,18300,0,0,0,0,0,0,0,0,517,20780,97873,189222,0,0,0,CV SURG,2,0,0,178,12,178,12,116,3,0,0,0,0,652,1082,609,209,1261,1291,176,939,48,0,5,209,1381,2285,105,10,1,1,0,1679,606,0,3852,6813,996440,6189,463933,Yes,16,0,16,0,Basic,Basic,0,0,0,1,0,1,0,0,0,0,0,0,0,0,0,0,0,0,27,37,10,1,113,158,139,130,131,104,154,176,185,119,98,128,1635,1,1,0,0,0,0,0,0,0,0,0,0,0,0,0,0,0,0,1,0,744,696,744,720,744,720,744,744,720,744,720,744,161b,129,172,,Bay Park/Five Points/Hillcrest Northwest/Mission Hills/Mission Valley/Morena/Normal Heights/Old Town/Serra Mesa,Urban,No,No,No,0,0,500+,4
106370658,SCRIPPS MERCY HOSPITAL - CHULA VISTA,1/1/04,12/31/04,Open,10/1/04,1/8/64,San Diego,14 - San Diego/Imperial,General Acute Care,Non-Profit Corporation (incl. Church-related),Scripps Health,General Medical / Surgical,NO,183,435 H STREET,CHULA VISTA,91910,619-691-7240,0,0,0,0,0,0,0,No,119,6429,30919,43554,20,2190,4223,3660,10,0,0,3660,24,507,1854,6761,8784,0,0,0,0,0,0,0,0,0,0,0,0,0,0,0,10,255,0,1283,3660,0,0,0,0,183,9381,43186,66978,0,0,0,0,0,0,0,0,0,0,0,0,0,0,0,0,183,9381,43186,66978,0,0,0,CATH LAB,0,0,0,0,0,0,0,0,1,0,0,0,0,90,48,33,38,123,86,57,1,0,0,0,28,86,2136,97,8,0,0,0,0,673,1463,3151,1411,151140,1815,144720,No,4,0,4,0,0,Basic,0,0,0,1,0,0,2576,12,4791,27,15675,197,4262,613,5417,4199,32721,5048,25,0,936,1,221,188,206,98,167,131,136,95,90,80,40,93,1545,0,0,0,0,0,0,0,0,0,0,0,0,0,0,0,0,0,0,1,0,744,696,744,720,744,720,744,744,720,744,720,744,161k,132,173,51,Chula Vista Central and Northwest/National City West,Urban,No,No,No,1,32721,150 - 199,0
106100793,SELMA COMMUNITY HOSPITAL,1/1/04,12/31/04,Open,10/17/62,10/17/62,Fresno,09 - Central,General Acute Care,Non-Profit Corporation (incl. Church-related),Adventist Health,General Medical / Surgical,NO,57,1141 ROSE AVENUE,SELMA,93662,559-891-1000,0,0,0,0,0,0,0,No,33,1349,3320,12078,10,1190,2221,0,0,0,0,0,0,0,0,0,0,0,0,0,0,0,0,0,0,0,0,0,0,0,0,0,0,0,0,0,0,0,0,0,0,43,2539,5541,15738,0,0,0,0,0,0,0,0,14,219,2405,5124,0,0,0,0,57,2758,7946,20862,0,0,0,NEITHER,0,0,0,0,0,0,0,0,0,0,0,0,0,0,0,0,0,0,0,0,0,0,0,0,0,0,1229,25,4,1,0,1,887,342,0,2080,818,68610,1633,121317,Yes,3,0,3,0,Standby,Standby,0,0,1,0,0,0,7716,8,8120,24,2746,119,1245,260,1178,458,21005,869,8,0,439,0,0,0,0,0,0,0,0,0,0,0,0,0,0,0,0,0,0,0,0,0,0,0,0,0,0,0,0,0,0,0,0,0,1,744,696,744,720,744,720,744,744,720,744,720,744,30,84,149,20,Bowles/Caruthers/Easton/Kingsburg/Lanare/Laton/Raisin City/Riverdale/Selma,Rural,No,No,No,1,21005,50 - 99,0
106124004,SEMPERVIRENS P.H.F.,1/1/04,12/31/04,Open,1/29/88,1/29/88,Humboldt,01 - Northern California,Psychiatric Health Facility,City and/or County,,Psychiatric,NO,16,720 WOOD STREET,EUREKA,95501,707-268-2990,0,0,0,0,0,0,0,Yes,0,0,0,0,0,0,0,0,0,0,0,0,0,0,0,0,0,0,0,0,0,0,0,0,0,0,0,0,0,0,0,0,0,0,0,0,0,0,0,0,0,0,0,0,0,0,0,0,0,16,441,3465,5856,0,0,0,0,0,0,0,0,16,441,3465,5856,0,0,0,NEITHER,0,0,0,0,0,0,0,0,0,0,0,0,0,0,0,0,0,0,0,0,0,0,0,0,0,0,0,0,0,0,0,0,0,0,0,0,0,0,0,0,Yes,0,0,0,0,0,0,1,0,0,0,0,0,0,0,0,0,0,0,0,0,0,0,0,0,0,0,0,0,0,0,0,0,0,0,0,0,0,0,0,0,0,0,0,0,0,0,0,0,0,0,0,0,0,0,0,0,0,0,0,0,0,0,0,0,0,0,0,0,0,0,0,0,0,39,54,135,1,Arcata/Eureka,Rural,No,No,No,1,0,1 - 49,0
106321016,SENECA HEALTHCARE DISTRICT,1/1/04,12/31/04,Open,1/1/53,1/1/53,Plumas,01 - Northern California,General Acute Care,District,Seneca Healthcare District,General Medical / Surgical,NO,26,130 BRENTWOOD DRIVE,CHESTER,96020,530-258-2151,0,0,0,0,0,0,0,No,10,323,894,3660,0,0,0,0,0,0,0,0,0,0,0,0,0,0,0,0,0,0,0,0,0,0,0,0,0,0,0,0,0,0,0,0,0,0,0,0,0,10,323,894,3660,0,0,0,0,0,0,0,0,16,37,5560,5856,0,0,0,0,26,360,6454,9516,0,0,0,NEITHER,0,0,0,0,0,0,0,0,0,0,0,0,0,0,0,0,0,0,0,0,0,0,0,0,0,0,0,0,0,0,0,0,0,0,0,0,31,2291,111,4456,Yes,1,0,1,0,Standby,Standby,0,0,1,0,0,1,1,0,259,0,1435,37,1090,48,640,179,3425,264,4,180,37,0,0,0,0,0,0,0,0,0,0,0,0,0,0,1,0,0,0,1,0,0,0,0,0,0,0,0,0,0,0,0,3425,0,1,744,696,744,720,744,720,744,744,720,744,720,744,125,56,134,4,Bailey Creek/Canyondam/Chester/Eastshore/Foxwood/Hamilton Branch/Lake Almanor Peninsula/Lake Almanor Peninsula/Lake Almanor West/Prattville/Warner Valley,Frontier,No,No,No,0,0,1 - 49,0
106410891,SEQUOIA HOSPITAL,1/1/04,12/31/04,Open,10/17/50,10/17/50,San Mateo,04 - West Bay,General Acute Care,Non-Profit Corporation (incl. Church-related),Catholic Healthcare West,General Medical / Surgical,NO,421,170 ALAMEDA DE LAS PULGAS,REDWOOD CITY,94062,650-369-5811,0,0,0,0,0,0,0,No,298,5825,22809,109068,19,1356,3885,2196,6,0,0,2196,20,155,821,3473,7320,0,0,0,0,0,0,0,0,0,0,0,0,0,0,0,0,0,0,0,0,12,0,0,4392,355,7336,30167,129930,0,0,0,0,22,684,3949,8052,44,691,8203,16104,0,0,0,0,421,8711,42319,154086,0,0,0,CV SURG,3,0,0,477,35,477,35,224,5,0,0,0,0,294,801,367,0,661,801,209,341,44,0,0,197,801,1303,54,5,1,0,1,937,366,0,3106,2266,291121,3068,190700,No,11,0,11,0,Basic,Basic,0,0,0,1,0,0,23,0,12740,21,5500,501,1901,1901,687,687,20851,3110,14,200,60,1,10,19,15,19,10,10,5,2,13,12,15,16,146,0,0,0,0,0,0,0,0,0,0,0,0,0,0,0,0,0,0,0,1,744,696,744,720,744,720,744,744,720,744,720,744,176g,74,144,12,Belmont/Devonshire/Emerald Lake/Farm Hills/Palomar Park/San Carlos West/The Highlands,Urban,No,No,No,1,20851,300 - 499,10
106410817,SETON MEDICAL CENTER,1/1/04,12/31/04,Open,12/12/65,12/12/65,San Mateo,04 - West Bay,General Acute Care,Non-Profit Corporation (incl. Church-related),Daughters of Charity Health System,General Medical / Surgical,NO,357,1900 SULLIVAN AVENUE,DALY CITY,94015,650-992-4000,0,0,0,0,0,0,0,No,201,8121,44932,73566,18,667,1698,0,0,0,0,0,14,0,1021,4391,5124,14,0,1049,4350,5124,0,0,0,0,0,0,0,0,0,0,3,0,38,218,1098,0,0,0,0,250,8788,55589,91500,0,0,0,0,24,0,0,8784,83,973,27955,30378,0,0,0,0,357,9761,83544,130662,0,0,0,CV SURG,3,0,0,106,151,106,151,257,3,0,0,0,0,744,561,361,273,1105,834,8,56,804,2,0,973,1862,630,26,3,0,0,0,0,145,485,1462,2990,437227,515,39160,Yes,13,0,9,4,Basic,Basic,0,0,0,1,0,0,2426,4,9015,160,9237,1363,4188,2994,752,661,25618,5182,19,0,149,1,52,47,42,31,26,57,84,60,53,67,36,64,619,0,0,0,0,0,0,0,0,0,0,0,0,0,0,0,0,0,0,0,1,744,696,744,720,744,720,744,744,720,744,720,744,176d,72,141,12,Broadmoor Village/Daly City West/San Bruno Northwest/Serramonte/Westborough,Urban,No,No,No,1,25618,300 - 499,19
106410828,SETON MEDICAL CENTER - COASTSIDE,1/1/04,12/31/04,Open,2/1/05,1/1/71,San Mateo,04 - West Bay,General Acute Care,Non-Profit Corporation (incl. Church-related),Daughters of Charity Health System,Long-Term Care (SN/IC),NO,121,600 MARINE BOULEVARD,MOSS BEACH,94038,650-563-7100,0,0,0,0,0,0,0,No,5,19,57,1830,0,0,0,0,0,0,0,0,0,0,0,0,0,0,0,0,0,0,0,0,0,0,0,0,0,0,0,0,0,0,0,0,0,0,0,0,0,5,19,57,1830,0,0,0,0,0,0,0,0,116,98,40260,42456,0,0,0,0,121,117,40317,44286,0,0,0,NEITHER,0,0,0,0,0,0,0,0,0,0,0,0,0,0,0,0,0,0,0,0,0,0,0,0,0,0,0,0,0,0,0,0,0,0,0,0,0,0,0,0,Yes,0,0,0,0,Standby,Standby,0,0,1,0,0,0,105,0,560,0,2320,0,385,16,132,0,3502,16,7,0,19,0,0,0,0,0,0,0,0,0,0,0,0,0,0,0,0,0,0,0,0,0,0,0,0,0,0,0,0,0,0,0,0,0,0,744,696,744,720,744,720,744,744,720,744,720,744,175.2,72,141,12,La Honda/Loma Mar/Pescadero/San Gregorio/Sky Londa,Rural,No,No,No,1,3502,100 - 149,0
106370693,SHARP CABRILLO HOSPITAL,1/1/04,12/31/04,Open,7/14/58,7/14/58,San Diego,14 - San Diego/Imperial,General Acute Care,Non-Profit Corporation (incl. Church-related),San Diego Hospital Association,Long-Term Care (SN/IC),NO,180,3475 KENYON STREET,SAN DIEGO,92110,858-541-3500,1,0,0,0,0,0,0,,84,0,0,30744,0,0,0,0,0,0,0,0,10,0,0,0,3660,10,0,0,0,3660,0,0,0,0,0,0,0,0,0,0,0,0,0,0,0,0,0,0,0,104,0,0,38064,0,0,0,0,0,0,0,0,76,0,0,27816,0,0,0,0,180,0,0,65880,0,0,0,NEITHER,0,0,0,0,0,0,0,0,0,0,0,0,0,0,0,0,0,0,0,0,0,0,0,0,0,0,0,0,0,0,0,0,0,0,0,0,0,0,0,0,No,0,0,0,0,0,0,0,1,0,0,0,0,0,0,0,0,0,0,0,0,0,0,0,0,0,0,0,0,0,0,0,0,0,0,0,0,0,0,0,0,,0,0,0,0,0,0,0,0,0,0,0,0,0,0,0,0,0,0,0,0,0,0,0,0,0,0,0,0,0,0,0,0,161n,129,172,,Civic Center/Coronado/Harbor Island/Imperial Beach East/Nestor West/Ocean Beach/Point Loma/Silver Strand,Urban,No,Yes,No,1,0,150 - 199,0
106370875,SHARP CHULA VISTA MEDICAL CENTER,1/1/04,12/31/04,Open,5/27/75,5/27/75,San Diego,14 - San Diego/Imperial,General Acute Care,Non-Profit Corporation (incl. Church-related),Sharp HealthCare,General Medical / Surgical,NO,330,751 MEDICAL CENTER COURT,CHULA VISTA,91911,619-482-5800,1,1,1,0,0,0,0,No,158,9018,45904,57828,20,2862,6010,0,0,0,0,0,41,325,1411,6405,15006,5,41,487,1564,1830,0,0,0,0,0,0,0,0,0,0,6,193,95,807,2196,0,0,0,0,230,12439,60690,84180,0,0,0,0,0,0,0,0,100,764,32157,36600,0,0,0,0,330,13203,92847,120780,0,0,0,CV SURG,2,0,0,281,32,281,32,280,2,0,0,0,0,586,459,575,0,1161,459,11,380,15,0,0,49,459,2772,119,17,0,0,0,0,879,1893,4383,2467,399750,3482,285870,No,9,3,5,1,Basic,Basic,0,0,0,1,0,0,3043,4,8020,17,12802,79,11265,4197,4336,3822,39466,8119,20,0,1042,1,131,101,168,68,49,12,11,14,9,5,1,12,581,0,0,0,0,0,0,0,0,0,0,0,0,0,0,0,0,0,0,1,0,744,696,744,720,744,720,744,744,720,744,720,744,161s,131,173,51,Cockatoo Grove/Eastlake Greens/Otay Mesa,Urban,No,No,No,1,39466,300 - 499,4
106370689,SHARP CORONADO HOSPITAL AND HEALTHCARE CENTER,1/1/04,12/31/04,Open,1/1/46,1/1/46,San Diego,14 - San Diego/Imperial,General Acute Care,Non-Profit Corporation (incl. Church-related),Sharp Healthcare,General Medical / Surgical,NO,204,250 PROSPECT PLACE,CORONADO,92118,619-522-3600,1,0,1,0,0,0,0,No,39,1847,6390,14274,0,0,0,0,0,0,0,0,3,80,71,462,1098,4,106,94,616,1464,0,0,0,0,0,0,0,0,0,0,0,0,0,0,0,0,0,0,0,46,2033,7468,16836,0,0,0,0,0,0,0,0,158,236,42473,57828,0,0,0,0,204,2269,49941,74664,0,0,0,NEITHER,0,0,0,0,0,0,0,0,0,0,0,0,0,0,0,0,0,0,0,0,0,0,0,0,0,0,0,0,0,0,0,0,0,0,0,0,651,90239,691,61262,Yes,5,0,5,0,Basic,Basic,0,0,0,1,0,0,1135,5,3440,10,4870,31,1207,987,313,301,10965,1334,5,319,138,1,68,82,45,14,35,27,39,37,40,26,35,17,465,0,0,0,0,0,0,0,0,0,0,0,0,0,0,0,0,0,0,0,1,744,696,744,720,744,720,744,744,720,744,720,744,161n,132,173,,Civic Center/Coronado/Harbor Island/Imperial Beach East/Nestor West/Ocean Beach/Point Loma/Silver Strand,Urban,No,No,No,1,10965,200 - 299,0
106370695,SHARP MARY BIRCH HOSPITAL FOR WOMEN,1/1/04,12/31/04,Open,6/30/98,6/30/98,San Diego,14 - San Diego/Imperial,General Acute Care,Non-Profit Corporation (incl. Church-related),San Diego Hospital Association,General Medical / Surgical,NO,166,3003 HEALTH CENTER DRIVE,SAN DIEGO,92123,858-541-3500,1,0,0,0,0,0,0,,33,0,0,12078,72,0,0,0,0,0,0,0,0,0,0,0,0,0,0,0,0,0,0,0,0,0,0,0,0,0,0,0,61,0,0,0,22326,0,0,0,0,166,0,0,60756,0,0,0,0,0,0,0,0,0,0,0,0,0,0,0,0,166,0,0,60756,0,0,0,NEITHER,0,0,0,0,0,0,0,0,0,0,0,0,0,0,0,0,0,0,0,0,0,0,0,0,0,0,0,0,0,0,0,0,0,0,0,0,0,0,0,0,Yes,0,0,0,0,0,0,0,1,0,0,0,0,0,0,0,0,0,0,0,0,0,0,0,0,0,0,0,0,0,0,0,0,0,0,0,0,0,0,0,0,,0,0,0,0,0,0,0,0,0,0,0,0,0,0,0,0,0,0,0,0,0,0,0,0,0,0,0,0,0,0,0,0,161b,129,172,,Bay Park/Five Points/Hillcrest Northwest/Mission Hills/Mission Valley/Morena/Normal Heights/Old Town/Serra Mesa,Urban,No,Yes,No,1,0,150 - 199,0
106370694,SHARP MEMORIAL HOSPITAL,1/1/04,12/31/04,Open,11/1/74,11/1/74,San Diego,14 - San Diego/Imperial,General Acute Care,Non-Profit Corporation (incl. Church-related),San Diego Hospital Association,General Medical / Surgical,NO,490,7901 FROST STREET,SAN DIEGO,92123,858-541-3500,1,0,0,0,0,0,0,,266,0,0,97151,0,0,0,0,0,0,0,0,26,0,0,0,9516,9,0,0,0,3294,0,0,0,0,0,0,0,0,0,0,0,0,0,0,0,40,0,0,14640,341,0,0,124601,0,0,0,0,149,0,0,54534,0,0,0,0,0,0,0,0,490,0,0,179135,0,0,0,CV SURG,0,0,0,0,0,0,0,0,0,0,0,0,0,0,0,0,0,0,0,0,0,0,0,0,0,0,0,0,0,0,0,0,0,0,0,0,0,0,0,0,Yes,0,0,0,0,Basic,Basic,0,0,0,1,0,1,0,0,0,0,0,0,0,0,0,0,0,0,0,0,0,0,0,0,0,0,0,0,0,0,0,0,0,0,,1,0,1,0,0,0,0,0,0,0,0,0,0,0,0,0,0,0,0,0,744,696,744,720,744,720,744,744,720,744,720,744,161b,129,172,,Bay Park/Five Points/Hillcrest Northwest/Mission Hills/Mission Valley/Morena/Normal Heights/Old Town/Serra Mesa,Urban,No,Yes,No,0,0,300 - 499,0
106374049,SHARP VISTA PACIFICA,1/1/04,12/31/04,Open,7/20/89,7/20/89,San Diego,14 - San Diego/Imperial,Chemical Dependency Recovery Hospital,Non-Profit Corporation (incl. Church-related),San Diego Hospital Association,Chemical Dependency (Alcohol/Drug),NO,16,7989 LINDA VISTA ROAD,SAN DIEGO,92111,858-541-3500,0,0,0,0,0,0,0,No,0,0,0,0,0,0,0,0,0,0,0,0,0,0,0,0,0,0,0,0,0,0,0,0,0,0,0,0,0,0,0,0,0,0,0,0,0,0,0,0,0,0,0,0,0,16,249,3449,5856,0,0,0,0,0,0,0,0,0,0,0,0,16,249,3449,5856,0,0,0,NEITHER,0,0,0,0,0,0,0,0,0,0,0,0,0,0,0,0,0,0,0,0,0,0,0,0,0,0,0,0,0,0,0,0,0,0,0,0,0,0,0,0,Yes,0,0,0,0,0,0,1,0,0,0,0,0,0,0,0,0,0,0,0,0,0,0,0,0,0,0,0,0,0,0,0,0,0,0,0,0,0,0,0,0,0,0,0,0,0,0,0,0,0,0,0,0,0,0,0,0,0,0,0,0,0,0,0,0,0,0,0,0,0,0,0,0,0,161b,129,172,,Bay Park/Five Points/Hillcrest Northwest/Mission Hills/Mission Valley/Morena/Normal Heights/Old Town/Serra Mesa,Urban,No,No,No,1,0,1 - 49,0
106451019,SHASTA COUNTY P H F,1/1/04,7/25/04,Suspense,7/26/04,7/1/89,Shasta,01 - Northern California,Psychiatric Health Facility,City and/or County,,Psychiatric,NO,15,2640 BRESLAUER WAY,REDDING,96001,530-225-5200,0,0,0,0,0,0,0,Yes,0,0,0,0,0,0,0,0,0,0,0,0,0,0,0,0,0,0,0,0,0,0,0,0,0,0,0,0,0,0,0,0,0,0,0,0,0,0,0,0,0,0,0,0,0,0,0,0,0,15,417,2239,5520,0,0,0,0,0,0,0,0,15,417,2239,5520,0,0,0,NEITHER,0,0,0,0,0,0,0,0,0,0,0,0,0,0,0,0,0,0,0,0,0,0,0,0,0,0,0,0,0,0,0,0,0,0,0,0,0,0,0,0,No,0,0,0,0,0,0,1,0,0,0,0,0,0,0,0,0,0,0,0,0,0,0,0,0,0,0,0,0,0,0,0,0,0,0,0,0,0,0,0,0,0,0,0,0,0,0,0,0,0,0,0,0,0,0,0,0,0,0,0,0,0,0,0,0,0,0,0,0,0,0,0,0,0,189.2,55,137,2,Redding,Urban,No,No,No,1,0,1 - 49,0
106450940,SHASTA REGIONAL MEDICAL CENTER,7/16/04,12/31/04,Open,4/2/46,4/2/46,Shasta,01 - Northern California,General Acute Care,Investor - Limited Liability Company,"Hospital Partners of America, Inc.",General Medical / Surgical,NO,246,1100 BUTTE STREET,REDDING,96049-6072,530-244-5400,0,0,0,0,0,0,0,No,203,2897,13819,74298,0,0,0,0,0,0,0,0,35,56,332,1113,12810,8,128,343,1226,2928,0,0,0,0,0,0,0,0,0,0,0,0,0,0,0,0,0,0,0,246,3081,16158,90036,0,0,0,0,0,0,0,0,0,0,0,0,0,0,0,0,246,3081,16158,90036,0,0,0,CATH LAB,0,0,0,0,0,0,0,0,2,0,0,0,0,306,19,0,0,306,19,0,15,4,0,0,0,19,0,0,0,0,0,0,0,0,0,0,1382,203580,1790,141000,No,14,2,12,0,Basic,Basic,0,0,0,1,0,1,1491,3,4725,27,2080,101,1651,305,2529,1034,12476,1470,19,4343,970,1,0,0,0,0,0,0,76,94,53,20,68,83,394,1,0,0,1,0,0,0,0,0,0,0,0,0,0,0,0,12476,0,1,0,744,696,744,720,744,720,744,744,720,744,720,744,189.2,55,137,2,Redding,Urban,No,No,No,0,0,200 - 299,0
106190708,SHERMAN OAKS HOSPITAL AND HEALTH CENTER,1/1/04,12/31/04,Open,3/5/58,3/5/58,Los Angeles,11 - Los Angeles,General Acute Care,Non-Profit Corporation (incl. Church-related),,General Medical / Surgical,NO,153,4929 VAN NUYS BOULEVARD,SHERMAN OAKS,91403,818-981-7111-4540,0,0,0,0,0,0,0,Yes,66,3346,13153,24156,0,0,0,0,0,0,0,0,8,307,748,3721,2928,8,0,0,0,2928,0,0,0,0,0,30,391,0,3109,10980,0,0,0,0,0,0,0,0,0,112,4044,19983,40992,0,0,0,0,19,436,3989,6954,22,605,4497,8052,0,0,0,0,153,5085,28469,55998,0,0,0,NEITHER,0,0,0,0,0,0,0,0,0,0,0,0,0,0,0,0,0,0,0,0,0,0,0,0,0,0,0,0,0,0,0,0,0,0,0,0,1562,172025,2823,201725,Yes,9,0,9,0,Basic,Basic,0,0,0,1,0,0,2995,7,4756,43,4054,684,1544,1065,889,804,14238,2603,7,0,194,1,216,264,205,164,162,228,205,243,230,232,256,313,2718,0,0,0,0,0,0,0,0,0,0,0,0,0,0,0,0,0,0,0,1,744,696,744,720,744,720,744,744,720,744,720,744,78.2jj,95,154,27,Sherman Oaks/Studio City/Valley Village,Urban,No,No,No,1,14238,150 - 199,0
106344114,SHRINERS HOSPITALS FOR CHILDREN NORTHERN CALIF.,1/1/04,12/31/04,Open,4/11/97,4/11/97,Sacramento,02 - Golden Empire,General Acute Care,Non-Profit Corporation (incl. Church-related),Shriners Hospital for Children,Pediatric,NO,80,2425 STOCKTON BLVD,SACRAMENTO,95817,916-453-2002,0,0,0,0,0,0,0,No,20,1312,2416,7320,0,0,0,7320,20,0,0,7320,0,0,0,0,0,0,0,0,0,0,0,0,0,0,0,10,770,209,4263,3660,10,0,0,0,3660,20,49,1699,7320,80,2131,8378,29280,0,0,0,0,0,0,0,0,0,0,0,0,0,0,0,0,80,2131,8378,29280,0,0,0,NEITHER,0,0,0,0,0,0,0,0,0,0,0,0,0,0,0,0,0,0,0,0,0,0,0,0,0,0,0,0,0,0,0,0,0,0,0,0,1810,196869,901,37390,No,5,0,5,0,0,0,0,1,0,0,0,0,0,0,0,0,0,0,0,0,0,0,0,0,0,0,0,0,0,0,0,0,0,0,0,0,0,0,0,0,0,0,0,0,0,0,0,0,0,0,0,0,0,0,0,0,0,0,0,0,0,0,0,0,0,0,0,0,0,0,0,0,0,139f,62,139,5,Florin/Fruitridge/Oak Park/Parkway/South Sacramento,Urban,No,No,No,1,0,50 - 99,0
106291023,SIERRA NEVADA MEMORIAL HOSPITAL,1/1/04,12/31/04,Open,12/24/58,12/24/58,Nevada,02 - Golden Empire,General Acute Care,Non-Profit Corporation (incl. Church-related),Mercy Healthcare Sacramento,General Medical / Surgical,NO,121,155 GLASSON WAY,GRASS VALLEY,95945,530-274-6000,0,0,0,0,0,0,0,No,90,5859,18818,32940,10,494,1125,0,0,0,0,0,2,109,309,762,732,2,0,0,0,732,0,0,0,0,0,0,0,0,0,0,0,0,0,0,0,0,0,0,0,104,6462,20705,38064,0,0,0,0,0,0,0,0,17,480,5202,6222,0,0,0,0,121,6942,25907,44286,0,0,0,CATH LAB,0,0,0,0,0,0,0,0,1,0,0,0,0,83,0,41,0,124,0,0,0,0,0,0,0,0,453,10,0,1,1,0,334,119,0,1049,2028,219964,6642,342577,Yes,8,0,8,0,Basic,Basic,0,0,0,1,0,0,2956,3,6638,5,7876,23,8196,1973,3543,2789,29209,4793,10,7504,158,1,0,0,0,0,0,0,0,0,0,4,0,0,4,0,0,0,0,0,0,0,0,0,0,0,0,0,0,0,0,0,0,0,1,744,696,744,720,744,720,744,744,720,744,720,744,113,56,137,4,Grass Valley/Nevada City/Penn Valley/Rough and Ready/Wildwood,Rural,No,No,No,1,29209,100 - 149,0
106540798,SIERRA VIEW DISTRICT HOSPITAL,1/1/04,12/31/04,Open,2/11/58,2/11/58,Tulare,09 - Central,General Acute Care,District,,General Medical / Surgical,NO,163,465 WEST PUTNAM AVENUE,PORTERVILLE,93257,559-784-1110,0,0,0,0,0,0,0,No,108,5404,22722,39528,10,1879,3205,0,0,0,0,0,10,204,554,2693,3660,0,0,0,0,0,0,0,0,0,0,0,0,0,0,0,0,0,0,0,0,0,0,0,0,128,7487,28620,46848,0,0,0,0,0,0,0,0,35,34,10084,10812,0,0,0,0,163,7521,38704,57660,0,0,0,NEITHER,0,0,0,0,0,0,0,0,0,0,0,0,0,0,0,0,0,0,0,0,0,0,0,0,0,0,2005,80,16,1,0,1,1475,530,0,3584,1404,130424,2872,132107,Yes,6,0,6,0,Basic,Basic,0,0,0,1,0,0,9778,14,17590,58,9731,294,5404,4191,387,282,42890,4839,22,0,341,0,0,0,0,0,0,0,0,0,0,0,0,0,0,0,0,0,0,0,0,0,0,0,0,0,0,0,0,0,0,0,0,1,0,744,696,744,720,744,720,744,744,720,744,720,744,231,87,151,21,Alpaugh/Earlimart/Pixley/Porterville/Rich Grove/Terra Bella,Rural,No,No,No,1,42890,150 - 199,0
106342392,SIERRA VISTA HOSPITAL,1/1/04,12/31/04,Open,10/19/86,10/19/86,Sacramento,02 - Golden Empire,Acute Psychiatric,Investor - Corporation,Ardent Health Services,Psychiatric,NO,72,8001 BRUCEVILLE ROAD,SACRAMENTO,95823,916-423-2000,0,0,0,0,0,0,0,Yes,0,0,0,0,0,0,0,0,0,0,0,0,0,0,0,0,0,0,0,0,0,0,0,0,0,0,0,0,0,0,0,0,0,0,0,0,0,0,0,0,0,0,0,0,0,0,0,0,0,72,2774,20279,26352,0,0,0,0,0,0,0,0,72,2774,20279,26352,0,0,0,NEITHER,0,0,0,0,0,0,0,0,0,0,0,0,0,0,0,0,0,0,0,0,0,0,0,0,0,0,0,0,0,0,0,0,0,0,0,0,0,0,0,0,Yes,0,0,0,0,0,0,1,0,0,0,0,0,0,0,0,0,0,0,0,0,0,0,0,0,0,0,0,0,0,0,0,0,0,0,0,0,0,0,0,0,0,0,0,0,0,0,0,0,0,0,0,0,0,0,0,0,0,0,0,0,0,0,0,0,0,0,0,0,0,0,0,0,0,139h,62,139,5,Elk Grove/Laguna/Laguna West/Lakeside,Urban,No,No,No,1,0,50 - 99,0
106400524,SIERRA VISTA REGIONAL MEDICAL CENTER,1/1/04,12/31/04,Open,12/7/59,12/7/59,San Luis Obispo,08 - Mid-Coast,General Acute Care,Investor - Corporation,Tenet Health Care Corp.,General Medical / Surgical,NO,200,1010 MURRAY STREET,SAN LUIS OBISPO,93405,805-596-7600,0,0,0,0,0,0,0,No,149,3388,12569,54534,12,1293,4408,2196,6,391,999,2196,11,309,0,4152,4026,6,912,0,3235,2196,0,0,0,0,0,0,0,0,0,0,16,257,0,4908,5856,0,0,0,0,200,6550,30271,73200,0,0,0,0,0,0,0,0,0,0,0,0,0,0,0,0,200,6550,30271,73200,0,0,0,CV SURG,2,0,4,132,0,132,4,108,1,0,0,0,0,266,211,296,116,562,327,56,319,8,0,0,2,386,1218,57,39,1,1,0,850,368,0,2200,2645,370619,2455,197992,Yes,9,0,8,1,Basic,Basic,0,0,0,1,0,0,4170,7,8407,115,4106,363,2902,777,2672,1227,22257,2489,11,0,260,1,2,3,6,7,0,0,3,5,0,3,0,9,38,0,0,0,0,0,0,0,0,0,0,0,0,0,0,0,0,0,0,0,1,744,696,744,720,744,720,744,744,720,744,720,744,172,86,148,23,San Luis Obispo,Rural,No,No,No,1,22257,200 - 299,1
106560525,SIMI VALLEY HOSPITAL AND HEALTH CARE SVCS-SYCAMORE,1/1/04,12/31/04,Open,7/29/65,7/29/65,Ventura,10 - Santa Barbara/Ventura,General Acute Care,Non-Profit Corporation (incl. Church-related),Adventist Health,General Medical / Surgical,NO,185,2975 NORTH SYCAMORE DRIVE,SIMI VALLEY,93065,805-955-6000-6200,0,0,0,0,0,0,0,No,74,3453,18139,28932,11,1088,2349,0,0,0,0,0,11,256,0,3635,4026,0,0,0,0,0,0,0,0,0,0,0,0,0,0,0,0,0,0,0,0,13,178,2262,5710,109,4975,26385,42694,0,0,0,0,32,0,0,11712,44,407,4439,16104,0,0,0,0,185,5382,30824,70510,0,0,0,NEITHER,0,0,0,0,0,0,0,0,0,0,0,0,0,0,0,0,0,0,0,0,0,0,0,0,0,0,604,27,3,0,0,0,0,196,408,1240,1265,147050,1080,85259,No,3,0,3,0,Basic,Basic,0,0,0,1,0,0,426,16,9499,28,4794,103,3193,523,2645,1200,20557,1870,10,426,570,1,762,713,455,314,282,695,284,405,255,195,456,476,5292,0,0,0,0,0,0,0,0,0,0,0,0,0,0,0,0,0,0,0,1,744,696,744,720,744,720,744,744,720,744,720,744,240a,91,152,24,Simi Valley East,Urban,No,No,No,1,20557,150 - 199,0
106491076,SONOMA VALLEY HOSPITAL,1/1/04,12/31/04,Open,7/26/57,7/26/57,Sonoma,03 - North Bay,General Acute Care,District,Sonoma Valley Hospoital,General Medical / Surgical,NO,83,347 ANDRIEUX STREET,SONOMA,95476,707-935-5000,1,1,1,0,0,0,0,No,46,1214,4811,16836,4,246,586,0,0,0,0,0,6,165,83,1076,2196,0,0,0,0,0,0,0,0,0,0,0,0,0,0,0,0,0,0,0,0,0,0,0,0,56,1625,6473,20496,0,0,0,0,0,0,0,0,27,371,5359,9882,0,0,0,0,83,1996,11832,30378,0,0,0,NEITHER,0,0,0,0,0,0,0,0,0,0,0,0,0,0,0,0,0,0,0,0,0,0,0,0,0,0,240,6,0,1,0,1,185,55,0,504,687,73014,1320,124605,Yes,5,0,5,0,Basic,Basic,0,0,0,1,0,0,61,1,1729,12,4942,181,1503,530,337,165,8572,889,4,2312,148,0,0,0,0,0,0,0,0,0,0,0,0,0,0,0,0,0,0,0,0,0,0,0,0,0,0,0,0,0,0,0,0,0,1,744,696,744,720,744,720,744,744,720,744,720,744,208,59,135,1,Boyes Hot Springs/Glen Ellen/Kenwood/Sonoma/Vineburg,Rural,No,No,No,1,8572,50 - 99,0
106552209,SONORA REGIONAL MEDICAL CENTER - FAIRVIEW,1/1/04,12/31/04,Open,11/17/58,11/17/58,Tuolumne,06 - North San Joaquin,General Acute Care,Non-Profit Corporation (incl. Church-related),Adventist Health,Long-Term Care (SN/IC),NO,12,179 SOUTH FAIRVIEW LANE,SONORA,95370,209-536-5000,0,0,0,0,0,0,0,No,12,127,1491,4301,0,0,0,0,0,0,0,0,0,0,0,0,0,0,0,0,0,0,0,0,0,0,0,0,0,0,0,0,0,0,0,0,0,0,0,0,0,12,127,1491,4392,0,0,0,0,0,0,0,0,0,88,9917,0,0,0,0,0,12,215,11408,4392,0,0,0,NEITHER,0,0,0,0,0,0,0,0,0,0,0,0,0,0,0,0,0,0,0,0,0,0,0,0,0,0,0,0,0,0,0,0,0,0,0,0,0,0,0,0,Yes,0,0,0,0,0,0,0,1,0,0,0,0,0,0,0,0,0,0,0,0,0,0,0,0,0,0,0,0,0,0,0,0,0,0,0,0,0,0,0,0,0,0,0,0,0,0,0,0,0,0,0,0,0,0,0,0,0,0,0,0,0,0,0,0,0,0,0,0,0,0,0,0,0,234.2,78,147,19,Columbia/Jamestown/Sonora,Rural,No,No,No,1,0,1 - 49,0
106551034,SONORA REGIONAL MEDICAL CENTER - FOREST,1/1/04,12/31/04,Suspense,6/1/04,7/10/57,Tuolumne,06 - North San Joaquin,General Acute Care,0,Adventist Health,,NO,96,ONE SOUTH FOREST ROAD,SONORA,95370,209-536-5000,1,0,0,0,0,0,0,,21,0,0,17773,0,0,0,0,0,0,0,0,7,0,0,0,4046,0,0,0,0,0,0,0,0,0,0,0,0,0,0,0,0,0,0,0,0,0,0,0,0,28,0,0,21819,0,0,0,0,0,0,0,0,68,0,0,39304,0,0,0,0,96,0,0,61123,0,0,0,NEITHER,0,0,0,0,0,0,0,0,0,0,0,0,0,0,0,0,0,0,0,0,0,0,0,0,0,0,0,0,0,0,0,0,0,0,0,0,0,0,0,0,Yes,0,0,0,0,Basic,Basic,0,0,0,1,0,0,0,0,0,0,0,0,0,0,0,0,0,0,0,0,0,0,0,0,0,0,0,0,0,0,0,0,0,0,,0,0,0,0,0,0,0,0,0,0,0,0,0,0,0,0,0,0,0,0,744,696,744,720,744,720,744,744,720,744,720,744,234.2,78,147,19,Columbia/Jamestown/Sonora,Rural,No,Yes,No,1,0,50 - 99,0
106554011,SONORA REGIONAL MEDICAL CENTER - GREENLEY,1/1/04,12/31/04,Open,1/14/04,1/14/04,Tuolumne,06 - North San Joaquin,General Acute Care,Non-Profit Corporation (incl. Church-related),Adventist Health,General Medical / Surgical,NO,72,1000 Greenley Road,Sonora,95370,209-536-5000,0,0,0,0,0,0,0,No,59,2875,10273,20827,7,523,1322,0,0,0,0,0,6,221,222,1242,2118,0,0,0,0,0,0,0,0,0,0,0,0,0,0,0,0,0,0,0,0,0,0,0,0,72,3619,12837,25416,0,0,0,0,0,0,0,0,0,0,0,0,0,0,0,0,72,3619,12837,25416,0,0,0,CATH LAB,0,0,0,0,0,0,0,0,1,0,0,0,0,8,0,33,0,41,0,0,0,0,0,0,0,0,513,14,1,1,1,0,357,156,0,996,1303,148800,2335,171960,Yes,5,0,4,1,0,0,0,1,0,0,0,0,865,0,4295,0,6265,0,5652,0,3246,0,20323,0,14,537,0,0,0,0,0,0,0,0,0,0,0,0,0,0,0,0,0,0,0,0,0,0,0,0,0,0,0,0,0,0,0,0,0,0,1,0,0,0,0,0,0,0,0,0,0,0,0,,,,,Not Available,Not Available,No,No,No,1,20323,50 - 99,0
106301337,SOUTH COAST MEDICAL CENTER,1/1/04,12/31/04,Open,6/30/59,6/30/59,Orange,13 - Orange,General Acute Care,Non-Profit Corporation (incl. Church-related),Adventist Health,General Medical / Surgical,NO,208,31872 COAST HIGHWAY,LAGUNA BEACH,92677,949-499-1311-7223,0,0,0,0,0,0,0,Yes,114,2688,8523,41724,19,564,1363,0,0,0,0,0,10,625,0,1604,3660,0,0,0,0,0,0,0,0,0,0,0,0,0,0,0,0,0,0,0,0,0,0,0,0,143,3877,11490,52338,0,552,2863,0,36,1010,6751,13176,29,26,8107,10614,0,0,0,0,208,5465,29211,76128,552,2863,10,CATH LAB,0,0,0,0,0,0,0,0,1,0,0,0,0,3,17,13,0,16,17,17,0,0,0,0,0,17,531,6,0,1,0,1,386,145,0,1165,812,126000,1675,144285,Yes,6,0,6,0,Basic,Basic,0,0,0,1,0,0,182,0,1223,7,3845,81,3403,630,1746,846,10399,1564,12,581,89,1,31,10,33,20,19,23,69,30,22,10,16,13,296,0,0,0,0,0,0,0,0,0,0,0,0,0,0,0,0,0,0,0,1,744,696,744,720,744,720,744,744,720,744,720,744,115.2c,123,168,48,Aliso Viejo/Laguna Hills/Laguna Niguel,Urban,No,No,No,1,10399,200 - 299,0
106141338,SOUTHERN INYO HOSPITAL,1/1/04,12/31/04,Open,3/31/52,3/31/52,Inyo,12 - Inland Counties,General Acute Care,District,,Long-Term Care (SN/IC),NO,37,501 EAST LOCUST STREET,LONE PINE,93545,760-876-5501,0,0,0,0,0,0,0,No,4,51,89,1464,0,0,0,0,0,0,0,0,0,0,0,0,0,0,0,0,0,0,0,0,0,0,0,0,0,0,0,0,0,0,0,0,0,0,0,0,0,4,51,89,1464,0,0,0,0,0,0,0,0,33,125,11849,12078,0,0,0,0,37,176,11938,13542,0,0,0,NEITHER,0,0,0,0,0,0,0,0,0,0,0,0,0,0,0,0,0,0,0,0,0,0,0,0,0,0,0,0,0,0,0,0,0,0,0,0,0,0,0,0,No,0,0,0,0,Standby,Standby,0,0,1,0,0,0,36,0,196,12,674,28,278,1,41,0,1225,41,2,0,7,0,0,0,0,0,0,0,0,0,0,0,0,0,0,0,0,0,0,0,0,0,0,0,0,0,0,0,0,0,0,0,0,0,0,744,696,744,720,744,720,744,744,720,744,720,744,55,87,151,25,Alabama Hills/Cartago/Darwin/Keeler/Lone Pine/Lone Pine Paiute Shoshone Tribe/Olancha/Pearsonville,Frontier,No,No,No,1,1225,1 - 49,0
106334068,SOUTHWEST HEALTHCARE SYSTEM-MURRIETA,1/1/04,12/31/04,Open,2/19/92,2/19/92,Riverside,12 - Inland Counties,General Acute Care,Investor - Corporation,"Universal Health Services, Inc.",General Medical / Surgical,NO,96,25500 MEDICAL CENTER DRIVE,MURRIETA,92562,951-696-6000,0,0,0,0,0,0,0,No,79,5041,17163,28914,10,1901,3954,0,0,0,0,0,7,249,493,2340,2562,0,0,0,0,0,0,0,0,0,0,0,0,0,0,0,0,0,0,0,0,0,0,0,0,96,7191,23457,35136,0,0,0,0,0,0,0,0,0,0,0,0,0,0,0,0,96,7191,23457,35136,0,0,0,CATH LAB,0,0,0,0,0,0,0,0,1,0,0,0,0,62,113,73,42,135,155,96,0,0,0,46,13,155,1873,40,1,1,1,0,1372,501,0,3313,1859,195780,1729,159240,No,3,0,3,0,Basic,Basic,0,0,0,1,0,0,1743,10,4227,7,5779,23,12706,72,6115,4136,30570,4248,8,5970,1059,0,0,0,0,0,0,0,0,0,0,0,0,0,0,0,0,0,0,0,0,0,0,0,0,0,0,0,0,0,0,0,0,0,1,744,696,744,720,744,720,744,744,720,744,720,744,131a,119,169,45,Lake Elsinore/Murrieta West/Sedco Hills/Wildomar,Urban,No,No,No,1,30570,50 - 99,0
106334001,SOUTHWEST HEALTHCARE SYSTEM-WILDOMAR,1/1/04,12/31/04,Open,1/14/87,1/14/87,Riverside,12 - Inland Counties,General Acute Care,Investor - Corporation,"Universal Health Services, Inc.",General Medical / Surgical,NO,80,36485 INLAND VALLEY,WILDOMAR,92595,951-677-1111,0,0,0,0,0,0,0,No,62,6564,20151,22692,10,1589,3259,0,0,0,0,0,8,338,771,2811,2928,0,0,0,0,0,0,0,0,0,0,0,0,0,0,0,0,0,0,0,0,0,0,0,0,80,8491,26221,29280,0,0,0,0,0,0,0,0,0,0,0,0,0,0,0,0,80,8491,26221,29280,0,0,0,NEITHER,0,0,0,0,0,0,0,0,1,0,0,0,0,3,108,0,21,3,129,81,0,0,0,48,0,129,1552,41,8,1,1,0,1126,426,0,2696,2337,310320,2211,158820,No,5,0,5,0,Basic,Basic,0,0,0,1,0,1,1856,6,4987,6,6706,21,14522,147,7307,4915,35378,5095,13,6843,558,0,0,0,0,0,0,0,0,0,0,0,0,0,0,1,0,0,1,0,0,0,0,0,0,0,0,0,0,0,0,35378,0,0,1,744,696,744,720,744,720,744,744,720,744,720,744,131a,119,169,49,Lake Elsinore/Murrieta West/Sedco Hills/Wildomar,Urban,No,No,No,0,0,50 - 99,0
106100899,ST. AGNES MEDICAL CENTER,1/1/04,12/31/04,Open,3/22/75,3/22/75,Fresno,09 - Central,General Acute Care,Non-Profit Corporation (incl. Church-related),Trinity Health,General Medical / Surgical,NO,330,1303 EAST HERNDON AVENUE,FRESNO,93710,559-450-3000,0,0,0,0,0,0,0,No,263,19237,82649,96258,32,2870,6487,0,0,0,0,0,19,271,0,5436,6954,16,275,0,4637,5856,0,0,0,0,0,0,0,0,0,0,0,0,0,0,0,0,0,0,0,330,22653,99209,120780,0,0,0,0,0,0,0,0,0,0,0,0,0,0,0,0,330,22653,99209,120780,0,0,0,CV SURG,2,0,0,408,29,408,29,382,3,0,0,0,0,1663,2102,882,79,2545,2181,282,860,917,0,7,105,2181,2680,123,13,1,1,0,1930,750,0,5091,6874,881682,11019,550609,No,23,6,17,0,Basic,Basic,0,0,0,1,0,0,10048,15,13908,109,23039,7244,5653,4654,823,771,53471,12793,28,0,2585,0,0,0,0,0,0,0,0,0,0,0,0,0,0,0,0,0,0,0,0,0,0,0,0,0,0,0,0,0,0,0,0,0,1,744,696,744,720,744,720,744,744,720,744,720,744,35f,82,147,19,Fresno North Central,Urban,No,No,No,1,53471,300 - 499,10
106361339,ST. BERNARDINE MEDICAL CENTER,1/1/04,12/31/04,Open,1/1/46,1/1/46,San Bernardino,12 - Inland Counties,General Acute Care,Non-Profit Corporation (incl. Church-related),Catholic Healthcare West,General Medical / Surgical,NO,463,2101 NORTH WATERMAN AVENUE,SAN BERNARDINO,92404,909-883-8711,0,0,0,0,0,0,0,No,294,12211,62915,107604,46,2827,8008,7320,20,679,2279,7320,27,548,1512,13472,9882,20,0,0,0,7320,0,0,0,0,0,0,0,0,0,0,20,317,0,5595,7320,0,0,0,0,427,16582,92269,156282,0,0,0,0,36,0,0,13176,0,0,0,0,0,0,0,0,463,16582,92269,169458,0,0,0,CV SURG,2,0,15,622,6,622,21,516,4,0,0,0,0,1977,4700,1223,44,3200,4744,148,486,80,0,2166,144,4744,2628,153,40,0,0,0,0,530,2098,3955,5339,634721,8656,593352,No,13,3,10,0,Basic,Basic,0,0,0,1,0,0,4348,325,17054,113,9431,101,4302,717,4780,4336,39915,5592,26,20964,862,1,461,445,268,128,197,304,382,440,354,317,333,326,3955,0,0,0,0,0,0,0,0,0,0,0,0,0,0,0,0,0,0,0,1,744,696,744,720,744,720,744,744,720,744,720,744,151k,115,165,43,Highland/San Bernardino East,Urban,No,No,No,1,39915,300 - 499,1720
106521041,ST. ELIZABETH COMMUNITY HOSPITAL,1/1/04,12/31/04,Open,3/20/46,3/20/46,Tehama,01 - Northern California,General Acute Care,Non-Profit Corporation (incl. Church-related),Catholic Healthcare West,General Medical / Surgical,NO,76,2550 SISTER MARY COLUMBA DRIVE,RED BLUFF,96080,530-529-8012,0,0,0,0,0,0,0,No,66,4516,12613,24156,2,615,1054,0,0,0,0,0,8,246,421,1690,2928,0,0,0,0,0,0,0,0,0,0,0,0,0,0,0,0,0,0,0,0,0,0,0,0,76,5377,15357,27816,0,0,0,0,0,0,0,0,0,0,0,0,0,0,0,0,76,5377,15357,27816,0,0,0,NEITHER,0,0,0,0,0,0,0,0,0,0,0,0,0,0,0,0,0,0,0,0,0,0,0,0,0,0,615,36,6,0,0,0,0,152,463,982,1442,177744,2945,186930,Yes,6,0,6,0,Basic,Basic,0,0,0,1,0,1,4083,1,14405,78,4988,279,2439,732,1206,669,27121,1759,15,14847,521,0,0,0,0,0,0,0,0,0,0,0,0,0,0,1,0,0,1,0,0,0,0,0,0,0,0,0,0,0,0,27121,0,0,1,744,696,744,720,744,720,744,744,720,744,720,744,221,55,137,2,Gerber/Los Flores/Proberta/Red Bluff,Rural,No,No,No,0,0,50 - 99,0
106190754,ST. FRANCIS MEDICAL CENTER,1/1/04,12/31/04,Open,1/1/46,1/1/46,Los Angeles,11 - Los Angeles,General Acute Care,Non-Profit Corporation (incl. Church-related),Daughters of Charity Health System,General Medical / Surgical,NO,384,3630 IMPERIAL HIGHWAY,LYNWOOD,90262,310-900-8900,0,0,0,0,0,0,0,No,178,11150,43715,65148,57,7625,15797,5124,14,967,2969,5124,36,2515,0,9991,13176,0,0,0,0,0,0,0,0,0,0,0,0,0,0,0,29,685,0,9610,10614,0,0,0,0,314,22942,82082,114924,0,0,0,0,40,1397,10837,14640,30,555,7983,10980,0,0,0,0,384,24894,100902,140544,0,0,0,CV SURG,2,0,0,101,101,101,101,95,2,0,0,0,0,266,149,276,0,542,149,60,117,32,0,0,0,209,6460,422,120,0,0,0,0,0,6460,14288,2966,310158,2540,164660,No,7,0,7,0,Basic,Basic,0,0,0,1,0,1,6287,60,3654,2,22579,182,13418,3954,6437,1400,52375,5598,30,0,5489,1,626,582,551,409,379,332,370,439,379,382,359,479,5287,1,0,1,0,0,0,0,0,0,0,0,0,0,0,0,52375,0,0,1,0,744,696,744,720,744,720,744,744,720,744,720,744,78.2sss,103,160,39,Downey Southwest/Lynwood North Central/South Gate East,Urban,No,No,No,0,0,300 - 499,0
106380960,ST. FRANCIS MEMORIAL HOSPITAL,1/1/04,12/31/04,Open,1/1/46,1/1/46,San Francisco,04 - West Bay,General Acute Care,Non-Profit Corporation (incl. Church-related),Catholic Healthcare West,General Medical / Surgical,NO,356,900 HYDE STREET,SAN FRANCISCO,94109,415-353-6000,0,0,0,0,0,0,0,Yes,239,4461,17438,87474,0,0,0,0,0,0,0,0,10,287,0,3772,3660,8,0,0,0,2928,0,0,0,0,0,10,140,0,2146,3660,0,0,0,0,0,20,347,5167,7320,287,5235,28523,105042,0,0,0,0,35,893,6093,12810,34,656,8728,12444,0,0,0,0,356,6784,43344,130296,0,0,0,CATH LAB,0,0,0,0,0,0,0,0,1,0,0,0,0,0,0,0,0,0,0,0,0,0,0,0,0,0,0,0,0,0,0,0,0,0,0,0,1738,312213,1949,185416,Yes,7,0,7,0,Basic,Basic,0,0,0,1,0,0,1830,15,6790,68,4709,123,1669,703,2578,1660,17576,2569,11,7047,365,1,114,133,71,82,63,96,98,95,165,69,55,94,1135,0,0,0,0,0,0,0,0,0,0,0,0,0,0,0,0,0,0,0,1,744,696,744,720,744,720,744,744,720,744,720,744,162b,66,136,8,Cow Hollow/Financial District/Marina/Nob Hill/Pacific Heights/Russian Hill/Seacliff,Urban,No,No,No,1,17576,300 - 499,0
106281078,ST. HELENA HOSPITAL,1/1/04,12/31/04,Open,1/1/46,1/1/46,Napa,03 - North Bay,General Acute Care,Non-Profit Corporation (incl. Church-related),Adventist Health,General Medical / Surgical,NO,181,650 SANITARIUM ROAD,DEER PARK,94576,707-963-6433,0,0,0,0,0,0,0,Yes,100,2553,9020,36600,9,364,836,0,0,0,0,0,12,100,466,2227,4392,0,0,0,0,0,0,0,0,0,0,0,0,0,0,0,0,0,0,0,0,0,0,0,0,121,3017,12083,44286,0,0,0,0,37,755,5623,13542,23,479,4683,8418,0,0,0,0,181,4251,22389,66246,492,5301,30,CV SURG,1,0,0,57,144,57,144,182,2,0,0,0,0,378,536,691,156,1069,692,189,436,43,0,0,24,692,333,6,0,0,0,0,0,101,232,648,1214,173542,5020,205275,No,4,0,4,0,Basic,Basic,0,0,0,1,0,0,343,3,1790,10,1199,60,818,165,647,199,4797,437,6,0,3,0,0,0,0,0,0,0,0,0,0,0,0,0,0,0,0,0,0,0,0,0,0,0,0,0,0,0,0,0,0,0,0,0,1,744,696,744,720,744,720,744,744,720,744,720,744,111.1,60,135,1,Angwin/Deer Park/St. Helena,Rural,No,No,No,1,4797,150 - 199,0
106481015,ST. HELENA HOSPITAL CENTER FOR BEHAVIORAL HEALTH,1/1/04,12/31/04,Open,6/17/63,6/17/63,Solano,03 - North Bay,Acute Psychiatric,Non-Profit Corporation (incl. Church-related),Adventist Health,Psychiatric,NO,61,525 OREGON STREET,VALLEJO,94590,707-648-2200,0,0,0,0,0,0,0,No,0,0,0,0,0,0,0,0,0,0,0,0,0,0,0,0,0,0,0,0,0,0,0,0,0,0,0,0,0,0,0,0,0,0,0,0,0,0,0,0,0,0,0,0,0,0,0,0,0,61,2213,18010,22326,0,0,0,0,0,0,0,0,61,2213,18010,22326,0,0,0,NEITHER,0,0,0,0,0,0,0,0,0,0,0,0,0,0,0,0,0,0,0,0,0,0,0,0,0,0,0,0,0,0,0,0,0,0,0,0,0,0,0,0,Yes,0,0,0,0,0,0,1,0,0,0,0,0,0,0,0,0,0,0,0,0,0,0,0,0,0,0,0,0,0,0,0,0,0,0,0,0,0,0,0,0,0,0,0,0,0,0,0,0,0,0,0,0,0,0,0,0,0,0,0,0,0,0,0,0,0,0,0,0,0,0,0,0,0,204,60,135,7,Vallejo,Urban,No,No,No,1,0,50 - 99,0
106190756,ST. JOHNS HOSPITAL AND HEALTH CENTER,1/1/04,12/31/04,Open,1/1/49,1/1/49,Los Angeles,11 - Los Angeles,General Acute Care,Non-Profit Corporation (incl. Church-related),Sisters of Charity of Leavenworth,General Medical / Surgical,NO,334,1328 - 22ND STREET,SANTA MONICA,90404,310-829-8490,0,0,0,0,0,0,0,No,249,10657,48584,68019,22,1480,4433,1005,0,0,0,1005,35,656,1328,6718,6110,22,0,0,0,4032,0,0,0,0,0,0,0,0,0,0,6,80,22,1412,1526,0,0,0,0,334,12873,61147,88409,0,0,0,0,0,0,0,0,0,0,0,0,0,0,0,0,334,12873,61147,88409,0,0,0,CV SURG,2,0,0,139,0,139,0,106,2,0,0,0,0,654,457,466,22,1120,479,154,296,4,0,0,29,487,1397,71,18,0,0,0,0,0,1397,3342,4687,818828,7463,675742,Yes,14,0,14,0,Basic,Basic,0,0,0,1,0,0,3806,42,5067,59,8813,598,5559,2054,3717,2698,26962,5451,15,1462,670,1,276,295,295,179,94,139,112,36,132,78,73,150,1859,0,0,0,0,0,0,0,0,0,0,0,0,0,0,0,0,0,0,0,1,744,696,744,720,744,720,744,744,720,744,720,744,78.2kkkk,94,156,30,Santa Monica Central/Sawtelle/West Los Angeles,Urban,No,No,No,1,26962,300 - 499,4
106560508,ST. JOHNS PLEASANT VALLEY HOSPITAL,1/1/04,12/31/04,Open,7/29/74,7/29/74,Ventura,10 - Santa Barbara/Ventura,General Acute Care,Non-Profit Corporation (incl. Church-related),Catholic Healthcare West,General Medical / Surgical,NO,180,2309 ANTONIO AVENUE,CAMARILLO,93010,805-389-5800,0,0,0,0,0,0,0,No,66,7191,14229,24156,7,643,1488,0,0,0,0,0,8,213,0,1283,2928,0,0,0,0,0,0,0,0,0,0,0,0,0,0,0,0,0,0,0,0,0,0,0,0,81,8047,17000,29646,0,0,0,0,0,0,0,0,99,1606,425621,36234,0,0,0,0,180,9653,442621,65880,0,0,0,NEITHER,0,0,0,0,0,0,0,0,0,0,0,0,0,0,0,0,0,0,0,0,0,0,0,0,0,0,527,0,0,0,0,0,0,126,401,1070,879,101895,1121,91601,No,2,0,2,0,Basic,Basic,0,0,0,1,0,0,0,0,3968,22,4122,144,1284,265,1152,738,10526,1169,8,0,0,1,102,93,72,40,53,68,25,15,71,105,54,56,754,0,0,0,0,0,0,0,0,0,0,0,0,0,0,0,0,0,0,0,1,744,696,744,720,744,720,744,744,720,744,720,744,239,90,152,24,Camarillo/Moorpark,Urban,No,No,No,1,10526,150 - 199,0
106560529,ST. JOHNS REGIONAL MEDICAL CENTER,1/1/04,12/31/04,Open,1/1/53,1/1/53,Ventura,10 - Santa Barbara/Ventura,General Acute Care,Non-Profit Corporation (incl. Church-related),Catholic Healthcare West,General Medical / Surgical,NO,265,1600 NORTH ROSE AVENUE,OXNARD,93030,805-988-2500,0,0,0,0,0,0,0,No,157,13902,50817,57462,27,2896,7504,0,0,0,0,0,10,216,697,968,3660,10,188,927,1176,3660,0,0,0,0,0,0,0,0,0,0,16,269,43,4159,5856,23,4032,6840,8418,243,21503,71464,89209,0,0,0,0,22,492,5287,8052,0,0,0,0,0,0,0,0,265,21995,76751,97261,0,0,0,CV SURG,2,0,0,183,0,183,0,183,2,0,0,0,0,829,785,59,33,888,818,120,297,335,6,48,12,818,2401,3,3,0,0,0,0,620,1781,8271,4126,544589,4679,302523,Yes,9,2,6,1,Basic,Basic,0,0,0,1,0,0,0,0,11379,74,10450,615,4775,1456,2657,2516,29261,4661,20,0,0,1,271,349,271,218,281,323,208,176,306,293,272,263,3231,0,0,0,0,0,0,0,0,0,0,0,0,0,0,0,0,0,0,0,1,744,696,744,720,744,720,744,744,720,744,720,744,241b,88,156,23,Oxnard North Central,Urban,No,No,No,1,29261,200 - 299,0
106121080,ST. JOSEPH HOSPITAL - EUREKA,1/1/04,12/31/04,Open,7/26/54,7/26/54,Humboldt,01 - Northern California,General Acute Care,Non-Profit Corporation (incl. Church-related),St Joseph Health System,General Medical / Surgical,NO,144,2700 DOLBEER STREET,EUREKA,95501,707-445-8121,0,0,0,0,0,0,0,No,111,4721,19252,40626,12,773,1938,2928,8,523,1394,2928,4,62,296,952,1464,4,61,296,952,1464,0,0,0,0,0,0,0,0,0,0,5,109,23,889,1830,0,0,0,0,144,6249,25377,52704,0,0,0,0,0,0,0,0,0,0,0,0,0,0,0,0,144,6249,25377,52704,0,0,0,CV SURG,1,0,0,78,6,78,6,101,2,0,0,0,0,348,209,282,37,630,246,113,224,22,0,0,20,379,668,44,4,0,0,0,0,212,456,1226,3230,394480,2712,220567,Yes,7,0,7,0,Basic,Basic,0,0,0,1,0,0,2028,19,9794,113,10533,2252,892,688,217,162,23464,3234,9,0,916,0,0,0,0,0,0,0,0,0,0,0,0,0,0,0,0,0,0,0,0,0,0,0,0,0,0,0,0,0,0,0,0,0,1,744,696,744,720,744,720,744,744,720,744,720,744,39,54,135,1,Arcata/Eureka,Rural,No,No,No,1,23464,100 - 149,0
106301340,ST. JOSEPH HOSPITAL - ORANGE,1/1/04,12/31/04,Open,10/27/64,10/27/64,Orange,13 - Orange,General Acute Care,Non-Profit Corporation (incl. Church-related),ST. JOSEPH HEALTH SYSTEM,General Medical / Surgical,NO,412,1100 WEST STEWART DRIVE,ORANGE,92868,714-771-8020,0,0,0,0,0,0,0,No,276,14501,54455,105192,57,4888,14451,0,0,0,0,0,31,402,1462,5875,11346,11,193,588,2972,4026,0,0,0,0,0,0,0,0,0,0,0,0,0,0,0,0,0,0,0,375,19984,77753,141426,0,0,0,0,37,1655,9018,13542,0,0,0,0,0,0,0,0,412,21639,86771,154968,0,0,0,CV SURG,2,100,44,227,17,327,61,161,3,100,76,7,5,562,328,401,234,1070,643,0,149,413,1,3,89,664,4772,227,65,0,0,0,0,1552,3220,10130,11972,1489598,12469,697568,No,26,13,0,13,Basic,Basic,0,0,0,1,0,0,2671,6,39720,78,24322,1212,19628,10465,1840,1490,88181,13251,53,0,1058,1,0,0,0,0,0,0,0,0,2,0,3,3,8,0,0,0,0,0,0,0,0,0,0,0,0,0,0,0,0,0,0,1,0,744,696,744,720,744,720,744,744,720,744,720,744,116h,125,166,40,City of Orange South/Santa Ana North/Tustin Foothills/Tustin West,Urban,No,No,No,1,88181,300 - 499,9
106392232,ST. JOSEPHS BEHAVIORAL HEALTH CENTER,1/1/04,12/31/04,Open,6/28/57,6/28/57,San Joaquin,06 - North San Joaquin,Acute Psychiatric,Non-Profit Corporation (incl. Church-related),Catholic Healthcare West,Psychiatric,NO,35,2510 NORTH CALIFORNIA STREET,STOCKTON,95204,209-467-6315,0,0,0,0,0,0,0,No,0,0,0,0,0,0,0,0,0,0,0,0,0,0,0,0,0,0,0,0,0,0,0,0,0,0,0,0,0,0,0,0,0,0,0,0,0,0,0,0,0,0,0,0,0,0,0,0,0,35,1578,11758,12810,0,0,0,0,0,0,0,0,35,1578,11758,12810,0,0,0,NEITHER,0,0,0,0,0,0,0,0,0,0,0,0,0,0,0,0,0,0,0,0,0,0,0,0,0,0,0,0,0,0,0,0,0,0,0,0,0,0,0,0,Yes,0,0,0,0,0,0,1,0,0,0,0,0,0,0,0,0,0,0,0,0,0,0,0,0,0,0,0,0,0,0,0,0,0,0,0,0,0,0,0,0,0,0,0,0,0,0,0,0,0,0,0,0,0,0,0,0,0,0,0,0,0,0,0,0,0,0,0,0,0,0,0,0,0,169a,70,138,18,Stockton North Central/Stockton Northeast,Urban,No,No,No,1,0,1 - 49,0
106391042,ST. JOSEPHS MEDICAL CENTER OF STOCKTON,1/1/04,12/31/04,Open,3/28/46,3/28/46,San Joaquin,06 - North San Joaquin,General Acute Care,Non-Profit Corporation (incl. Church-related),Catholic Healthcare West,General Medical / Surgical,NO,294,1800 NORTH CALIFORNIA STREET,STOCKTON,95204,209-461-6315,0,0,0,0,0,0,0,No,199,13256,54494,72834,12,1791,4317,4758,13,1044,2583,4758,10,129,895,3035,3660,9,185,618,2418,3294,10,186,564,3266,3660,0,0,0,0,0,14,344,74,3937,5124,0,0,0,0,267,16935,74050,97722,0,0,0,0,0,0,0,0,27,762,9227,9882,0,0,0,0,294,17697,83277,107604,0,0,0,CV SURG,2,0,0,138,164,138,164,240,3,0,0,0,0,0,970,1950,0,1950,970,128,726,100,0,0,16,970,2078,133,25,1,1,1,1548,530,0,3567,2063,310331,2474,132288,Yes,16,6,1,9,Basic,Basic,0,0,0,1,0,0,10593,29,12281,229,11345,3261,6041,4067,1603,1323,41863,8909,24,0,2985,1,1,1,3,14,8,0,1,5,0,5,7,12,57,0,0,0,0,0,0,0,0,0,0,0,0,0,0,0,0,0,0,1,0,744,696,744,720,744,720,744,744,720,744,720,744,169a,70,138,18,Stockton North Central/Stockton Northeast,Urban,No,No,No,1,41863,200 - 299,0
106301342,ST. JUDE MEDICAL CENTER,1/1/04,12/31/04,Open,5/13/57,5/13/57,Orange,13 - Orange,General Acute Care,Non-Profit Corporation (incl. Church-related),Sisters of St. Joseph of Orange,General Medical / Surgical,NO,335,101 EAST VALENCIA MESA DRIVE,FULLERTON,92835,714-992-3000-3918,0,0,0,0,0,0,0,No,176,10277,42826,53264,32,2755,4738,4392,12,1023,2100,4392,32,808,2328,7866,11712,0,0,0,0,0,0,0,0,0,0,0,0,0,0,0,6,150,91,2129,2196,40,454,7834,14640,298,15467,67493,97916,0,0,0,728,0,0,0,2184,37,714,8570,13542,0,0,0,0,335,16181,76063,114370,0,0,0,CV SURG,2,0,0,227,4,227,4,200,3,0,0,0,0,1248,652,648,0,1896,652,0,596,55,0,457,51,1160,2270,81,29,0,0,0,0,0,2270,4297,4619,545738,10267,578924,,15,4,10,1,Basic,Basic,0,0,0,1,0,0,2748,1138,2058,2,19398,17,15664,93,7995,5356,47863,6606,30,0,966,1,10,2,7,3,4,11,6,9,6,8,8,12,86,0,0,0,0,0,0,0,0,0,0,0,0,0,0,0,0,0,0,0,1,744,696,744,720,744,720,744,744,720,744,720,744,116f,125,166,40,Fullerton Central and South,Urban,No,No,No,1,47863,300 - 499,1
106434138,ST. LOUISE REGIONAL HOSPITAL,1/1/04,12/31/04,Open,9/30/99,9/30/99,Santa Clara,07 - Santa Clara,General Acute Care,Non-Profit Corporation (incl. Church-related),Daughters of Charity Health System,General Medical / Surgical,NO,93,9400 NO NAME UNO,GILROY,95020,408-848-2000,0,0,0,0,0,0,0,No,48,2406,8973,17568,16,705,1542,0,0,0,0,0,4,140,166,1255,1464,4,79,107,347,1464,0,0,0,0,0,0,0,0,0,0,0,0,0,0,0,0,0,0,0,72,3330,12117,26352,0,0,0,0,0,0,0,0,21,304,3550,7686,0,0,0,0,93,3634,15667,34038,0,0,0,NEITHER,0,0,0,0,0,0,0,0,0,0,0,0,0,0,0,0,0,0,0,0,0,0,0,0,0,0,665,15,5,1,1,0,477,188,0,1335,846,93060,2403,173780,Yes,5,1,4,0,Basic,Basic,0,0,0,1,0,0,10376,47,8265,322,2858,1225,753,461,218,106,22470,2161,9,0,571,0,0,0,0,0,0,0,0,0,0,0,0,0,0,0,0,0,0,0,0,0,0,0,0,0,0,0,0,0,0,0,0,0,1,744,696,744,720,744,720,744,744,720,744,720,744,182,81,146,15,Gilroy/Morgan Hill/Rucker/San Martin,Rural,No,No,No,1,22470,50 - 99,0
106380964,ST. LUKES HOSPITAL,1/1/04,12/31/04,Open,1/1/46,1/1/46,San Francisco,04 - West Bay,General Acute Care,Non-Profit Corporation (incl. Church-related),,General Medical / Surgical,NO,260,3555 CESAR CHAVEZ STREET,SAN FRANCISCO,94110,415-647-8600,0,0,0,0,0,0,0,No,100,3738,16999,36600,20,1045,2056,2562,7,340,727,2562,10,0,646,1968,3660,5,0,0,0,1830,0,0,0,0,0,0,0,0,0,0,8,207,0,1021,2928,0,0,0,0,150,5330,22771,54900,0,0,0,0,31,454,2456,11346,79,453,27247,28914,0,0,0,0,260,6237,52474,95160,0,0,0,CATH LAB,0,0,0,0,0,0,0,0,1,0,0,0,0,74,19,81,21,155,40,13,0,0,0,0,24,37,1053,67,2,0,0,0,0,239,814,2002,870,118276,2300,189108,No,8,3,5,0,Basic,Basic,0,0,0,1,0,0,809,5,9545,48,6817,423,3977,1156,2549,1580,23697,3212,10,2680,1262,1,45,66,66,41,38,36,41,42,64,74,32,64,609,0,0,0,0,0,0,0,0,0,0,0,0,0,0,0,0,0,0,1,0,744,696,744,720,744,720,744,744,720,744,720,744,162c,66,136,8,Bernal Heights/Mission District/Potrero Hill,Urban,No,No,No,1,23697,200 - 299,0
106190053,ST. MARY MEDICAL CENTER,1/1/04,12/31/04,Open,1/1/46,1/1/46,Los Angeles,11 - Los Angeles,General Acute Care,Non-Profit Corporation (incl. Church-related),Catholic Healthcare West,General Medical / Surgical,NO,539,"1050 LINDEN AVENUE, BOX 887",LONG BEACH,90801,562-491-9801,1,1,0,0,0,0,0,No,261,5451,32610,95526,25,2785,7937,10248,28,644,2761,10248,39,548,983,7491,14274,8,0,0,0,2928,0,0,0,0,0,0,0,0,0,0,25,225,53,3718,9150,50,779,12447,18300,436,10432,66964,159576,0,0,0,0,23,195,2370,8418,80,44,8912,29280,0,0,0,0,539,10671,78246,197274,0,0,0,CV SURG,2,0,0,79,1,79,1,75,2,0,0,0,0,426,160,133,4,559,164,94,140,24,0,1,3,264,2470,145,44,0,0,0,0,665,1805,5684,1578,149178,1327,65758,Yes,8,4,0,4,Basic,Basic,0,0,0,1,0,1,1488,16,14203,120,12111,137,5194,379,7181,3553,40177,4205,24,1488,1110,1,74,108,35,2,29,34,27,65,9,28,43,52,506,1,0,1,0,0,0,0,0,0,0,0,0,0,0,0,40177,0,0,1,0,744,696,744,720,744,720,744,744,720,744,720,744,78.2kkk,108,160,37,Belmont Shore/Long Beach East/Long Beach Shoreline/Los Altos/Naples,Urban,No,No,No,0,0,500+,2
106361343,ST. MARY REGIONAL MEDICAL CENTER,1/1/04,12/31/04,Open,11/16/56,11/16/56,San Bernardino,12 - Inland Counties,General Acute Care,Non-Profit Corporation (incl. Church-related),,General Medical / Surgical,NO,186,18300 HIGHWAY 18,APPLE VALLEY,92307,760-242-2311,0,0,0,0,0,0,0,No,118,8220,34959,43188,12,2188,4327,2928,8,544,1630,2928,20,385,0,5869,7320,0,0,0,0,0,0,0,0,0,0,0,0,0,0,0,8,143,0,1788,2928,0,0,0,0,166,11480,48573,60756,0,0,0,0,0,0,0,0,20,251,1804,7320,0,0,0,0,186,11731,50377,68076,0,0,0,CV SURG,2,0,0,282,8,282,8,283,1,0,0,0,0,0,0,0,0,0,0,0,0,0,0,0,0,0,1954,116,30,1,1,0,1702,252,0,3197,3909,396053,4656,276864,No,6,0,6,0,Basic,Basic,0,0,0,1,0,0,0,0,0,0,0,0,0,0,0,0,0,0,19,0,184,0,0,0,0,0,0,0,0,0,0,0,0,0,0,0,0,0,0,0,0,0,0,0,0,0,0,0,0,0,0,0,0,1,0,744,696,744,720,744,720,744,744,720,744,720,744,145.1b,112,150,41,Apple Valley/Hesperia East,Urban,No,No,No,1,0,150 - 199,0
106380965,"ST. MARYS MEDICAL CENTER, SAN FRANCISCO",1/1/04,12/31/04,Open,1/1/46,1/1/46,San Francisco,04 - West Bay,General Acute Care,Non-Profit Corporation (incl. Church-related),Catholic Healthcare West,General Medical / Surgical,YES,403,450 STANYAN STREET,SAN FRANCISCO,94117,415-668-1000,0,0,0,0,0,0,0,No,263,4512,23338,98008,0,0,0,0,0,0,0,0,37,1060,0,3577,13542,0,0,0,0,0,0,0,0,0,0,0,0,0,0,0,0,0,0,0,0,36,470,7669,11676,336,6042,34584,123226,0,0,0,0,35,566,3853,15935,32,955,9868,11712,0,0,0,0,403,7563,48305,150873,0,0,0,CV SURG,2,0,0,66,90,66,90,64,2,0,0,0,0,658,0,259,0,917,0,0,0,0,0,0,0,0,0,0,0,0,0,0,0,0,0,0,1914,328840,4377,374220,Yes,14,0,14,0,Basic,Basic,0,0,0,1,0,0,981,5,5518,46,5782,218,2705,1926,1547,1337,16533,3532,13,0,0,0,0,0,0,0,0,0,0,0,0,0,0,0,0,0,0,0,0,0,0,0,0,0,0,0,0,0,0,0,0,0,0,1,1,744,696,744,720,744,720,744,744,720,744,720,744,162g,65,141,8,Buena Vista/Castro/Eureka Valley/Forest Hill/Haight-Ashbury/Noe Valley/West of Twin Peaks,Urban,No,No,No,1,16533,300 - 499,0
106010967,ST. ROSE HOSPITAL,1/1/04,12/31/04,Open,10/10/62,10/10/62,Alameda,05 - East Bay,General Acute Care,Non-Profit Corporation (incl. Church-related),Via Christi,General Medical / Surgical,NO,163,27200 CALAROGA AVENUE,HAYWARD,94545,510-264-4000,0,0,0,0,0,0,0,No,109,5441,25453,39750,17,1362,3050,0,0,0,0,0,9,190,1046,2988,3294,6,0,0,0,2196,0,0,0,0,0,0,0,0,0,0,0,0,0,0,0,0,0,0,0,141,6993,31491,51462,0,0,0,0,0,0,0,0,22,358,5257,8340,0,0,0,0,163,7351,36748,59802,0,0,0,CATH LAB,0,0,0,0,0,0,0,0,1,0,0,0,0,226,48,334,7,560,55,31,19,5,0,0,0,55,1358,42,3,0,0,0,0,317,1041,3038,1083,161640,1393,137280,Yes,4,0,4,0,Basic,Basic,0,0,0,1,0,0,6188,3,12972,18,10689,2262,2754,1947,18,1,32621,4231,17,5640,583,1,21,23,12,19,16,7,11,10,12,18,6,15,170,0,0,0,0,0,0,0,0,0,0,0,0,0,0,0,0,0,0,0,1,744,696,744,720,744,720,744,744,720,744,720,744,2g,71,143,13,San Leandro West/San Lorenzo West/Hayward West,Urban,No,No,No,1,32621,150 - 199,0
106190762,ST. VINCENT MEDICAL CENTER,1/1/04,12/31/04,Open,1/1/46,1/1/46,Los Angeles,11 - Los Angeles,General Acute Care,Non-Profit Corporation (incl. Church-related),Daughters of Charity Health System,General Medical / Surgical,NO,347,2131 WEST 3RD STREET,LOS ANGELES,90057,213-484-7111,0,0,0,0,0,0,0,No,253,9264,45755,92598,0,0,0,0,0,0,0,0,67,135,1998,5092,24522,0,365,1375,4103,0,0,0,0,0,0,0,0,0,0,0,0,0,0,0,0,0,0,0,0,320,9764,54950,117120,0,0,0,0,0,0,0,0,27,464,8397,9882,0,0,0,0,347,10228,63347,127002,0,0,0,CV SURG,4,0,0,175,641,175,641,159,4,0,0,4,0,550,314,788,139,1342,453,163,128,57,0,2,214,564,0,0,0,0,0,0,0,0,0,0,3863,608307,3880,215087,Yes,18,0,18,0,0,0,0,1,0,0,0,0,0,0,0,0,0,0,0,0,0,0,0,0,0,0,0,0,0,0,0,0,0,0,0,0,0,0,0,0,0,0,0,0,0,0,0,0,0,0,0,0,0,0,0,0,0,0,0,0,0,0,0,0,0,0,0,0,0,0,0,0,0,78.2ffff,99,155,31,Boyle Heights Northwest/Chinatown/Downtown Northwest/Little Tokyo/Westlake,Urban,No,No,No,1,0,300 - 499,0
106430905,STANFORD HOSPITAL,1/1/04,12/31/04,Open,1/1/48,1/1/48,Santa Clara,07 - Santa Clara,General Acute Care,Non-Profit Corporation (incl. Church-related),,General Medical / Surgical,YES,613,300 PASTEUR DRIVE,PALO ALTO,94305,650-723-8542,0,0,0,0,11,80,0,No,491,19528,88037,179706,0,0,0,0,0,0,0,0,67,514,3390,16889,24522,8,90,387,1728,2928,0,0,0,0,0,0,0,0,0,0,0,0,0,0,0,17,338,4541,6222,583,20470,111195,213378,0,0,0,0,30,844,8686,10980,0,0,0,0,0,0,0,0,613,21314,119881,224358,26,120,0,CV SURG,5,378,145,538,730,916,875,206,6,0,0,1248,171,4868,2296,0,0,6116,2467,164,908,837,31,0,494,2467,0,0,0,0,0,0,0,0,0,0,10885,2308651,14431,1582847,No,33,0,33,0,Basic,Basic,0,0,0,1,0,1,7,0,5799,42,12139,585,11044,2490,7941,3736,36930,6853,23,1333,903,1,23,20,15,18,22,8,14,14,18,14,7,13,186,1,1,0,0,0,0,0,0,0,0,0,0,0,0,36930,0,0,0,1,0,744,696,744,720,744,720,744,744,720,744,720,744,183a,74,144,14,Los Altos/Los Altos Hills/Palo Alto Central/Stanford,Urban,No,No,No,0,0,500+,33
106501016,STANISLAUS BEHAVIORAL HEALTH CENTER,1/1/04,12/31/04,Open,3/6/87,3/6/87,Stanislaus,06 - North San Joaquin,General Acute Care,City and/or County,,Psychiatric,NO,67,1501 CLAUS ROAD,MODESTO,95355,209-558-4700,0,0,0,0,93,341,4,Yes,0,0,0,0,0,0,0,0,0,0,0,0,0,0,0,0,0,0,0,0,0,0,0,0,0,0,0,0,0,0,0,0,0,0,0,0,0,0,0,0,0,0,0,0,0,0,0,0,0,67,3943,20819,24522,0,0,0,0,0,0,0,0,67,3943,20819,24522,0,0,0,NEITHER,0,0,0,0,0,0,0,0,0,0,0,0,0,0,0,0,0,0,0,0,0,0,0,0,0,0,0,0,0,0,0,0,0,0,0,0,0,0,0,0,No,0,0,0,0,0,0,0,1,0,0,0,0,0,0,0,0,0,0,0,0,0,0,0,0,0,0,0,0,0,0,0,0,0,0,0,0,0,0,0,0,0,0,0,0,0,0,0,0,0,0,0,0,0,0,0,0,0,0,0,0,0,0,0,0,0,0,0,0,0,0,0,0,0,215b,78,147,19,Modesto East,Urban,No,No,No,1,0,50 - 99,0
106504038,STANISLAUS SURGICAL HOSPITAL,1/1/04,12/31/04,Open,1/21/00,1/21/00,Stanislaus,06 - North San Joaquin,General Acute Care,Investor - Limited Liability Company,,General Medical / Surgical,NO,23,1421 OAKDALE ROAD,MODESTO,95355,209-572-2700-111,0,0,0,0,0,0,0,No,23,1305,3133,8418,0,0,0,0,0,0,0,0,0,0,0,0,0,0,0,0,0,0,0,0,0,0,0,0,0,0,0,0,0,0,0,0,0,0,0,0,0,23,1305,3133,8418,0,0,0,0,0,0,0,0,0,0,0,0,0,0,0,0,23,1305,3133,8418,0,0,0,NEITHER,0,0,0,0,0,0,0,0,0,0,0,0,0,0,0,0,0,0,0,0,0,0,0,0,0,0,0,0,0,0,0,0,0,0,0,0,1283,180947,6646,450828,Yes,8,0,8,0,0,0,0,1,0,0,0,0,0,0,0,0,0,0,0,0,0,0,0,0,0,0,0,0,0,0,0,0,0,0,0,0,0,0,0,0,0,0,0,0,0,0,0,0,0,0,0,0,0,0,0,0,0,0,0,0,1,0,0,0,0,0,0,0,0,0,0,0,0,215b,78,147,19,Modesto East,Urban,No,No,No,1,0,1 - 49,0
106194967,STAR VIEW ADOLESCENT - P H F,1/1/04,12/31/04,Open,11/1/96,11/1/96,Los Angeles,11 - Los Angeles,Psychiatric Health Facility,City and/or County,Star View Adolescent Center,Psychiatric,NO,16,4025 WEST 226 STREET,TORRANCE,90505,310-373-4556-257,0,0,0,0,0,0,0,Yes,0,0,0,0,0,0,0,0,0,0,0,0,0,0,0,0,0,0,0,0,0,0,0,0,0,0,0,0,0,0,0,0,0,0,0,0,0,0,0,0,0,0,0,0,0,0,0,0,0,16,117,4351,5856,0,0,0,0,0,0,0,0,16,117,4351,5856,0,0,0,NEITHER,0,0,0,0,0,0,0,0,0,0,0,0,0,0,0,0,0,0,0,0,0,0,0,0,0,0,0,0,0,0,0,0,0,0,0,0,0,0,0,0,Yes,0,0,0,0,0,0,1,0,0,0,0,0,0,0,0,0,0,0,0,0,0,0,0,0,0,0,0,0,0,0,0,0,0,0,0,0,0,0,0,0,0,0,0,0,0,0,0,0,0,0,0,0,0,0,0,0,0,0,0,0,0,0,0,0,0,0,0,0,0,0,0,0,0,78.2u,106,161,36,Redondo Beach Central and South/Torrance West Central,Urban,No,No,No,1,0,1 - 49,0
106190599,SUBURBAN MEDICAL CENTER,1/1/04,12/31/04,Open,2/15/05,11/11/71,Los Angeles,11 - Los Angeles,General Acute Care,Investor - Corporation,"AHM SMC, Incorporated",General Medical / Surgical,NO,182,16453 SOUTH COLORADO AVENUE,PARAMOUNT,90723,562-531-3110-7401,0,0,0,0,0,0,0,No,116,2244,9952,42456,12,2676,6613,2928,8,593,1557,2928,7,137,0,4343,2562,5,98,0,959,1830,0,0,0,0,0,0,0,0,0,0,0,0,0,0,0,0,0,0,0,148,5748,23424,54168,0,0,0,0,0,0,0,0,34,31,11937,12444,0,0,0,0,182,5779,35361,66612,0,0,0,NEITHER,0,0,0,0,0,0,0,0,0,0,0,0,0,0,0,0,0,0,0,0,0,0,0,0,0,0,2605,93,9,0,0,0,0,942,1663,5770,1855,151320,2026,174150,Yes,5,0,5,0,Basic,Basic,0,0,0,1,0,0,3663,19,8555,51,4187,293,2163,492,243,132,18811,987,11,288,657,1,398,372,356,196,168,172,139,285,234,163,192,201,2876,0,0,0,0,0,0,0,0,0,0,0,0,0,0,0,0,0,0,0,1,744,696,744,720,744,720,744,744,720,744,720,744,78.2m,105,160,39,Bellflower/Paramount South,Urban,No,No,No,1,18811,150 - 199,0
106364121,SUN HEALTH ROBERT H. BALLARD REHABILITATION HOSP,1/1/04,12/31/04,Open,7/15/93,7/15/93,San Bernardino,12 - Inland Counties,General Acute Care,Investor - Corporation,"Sun Healthcare Group, Inc.",Physical Rehabilitation,NO,60,1760 WEST 16TH STREET,SAN BERNARDINO,92411,909-473-1275,0,0,0,0,0,0,0,No,0,0,0,0,0,0,0,0,0,0,0,0,0,0,0,0,0,0,0,0,0,0,0,0,0,0,0,0,0,0,0,0,0,0,0,0,0,60,804,13576,21960,60,804,13576,21960,0,0,0,0,0,0,0,0,0,0,0,0,0,0,0,0,60,804,13576,21960,0,0,0,NEITHER,0,0,0,0,0,0,0,0,0,0,0,0,0,0,0,0,0,0,0,0,0,0,0,0,0,0,0,0,0,0,0,0,0,0,0,0,0,0,0,0,Yes,0,0,0,0,0,0,0,1,0,0,0,0,0,0,0,0,0,0,0,0,0,0,0,0,0,0,0,0,0,0,0,0,0,0,0,0,0,0,0,0,0,0,0,0,0,0,0,0,0,0,0,0,0,0,0,0,0,0,0,0,0,0,0,0,0,0,0,0,0,0,0,0,0,151g,115,165,43,Muscoy/San Bernardino Central,Urban,No,No,No,1,0,50 - 99,0
106250955,SURPRISE VALLEY COMMUNITY HOSPITAL,1/1/04,12/31/04,Open,7/1/53,7/1/53,Modoc,01 - Northern California,General Acute Care,District,None,General Medical / Surgical,NO,26,"MAIN AND WASHINGTON STS, BOX 246",CEDARVILLE,96104,530-279-6111-247,0,0,0,0,0,0,0,No,4,29,82,1464,0,0,0,0,0,0,0,0,0,0,0,0,0,0,0,0,0,0,0,0,0,0,0,0,0,0,0,0,0,0,0,0,0,0,0,0,0,4,29,82,1464,0,0,0,0,0,0,0,0,22,25,8370,8052,0,0,0,0,26,54,8452,9516,0,0,0,NEITHER,0,0,0,0,0,0,0,0,0,0,0,0,0,0,0,0,0,0,0,0,0,0,0,0,0,0,0,0,0,0,0,0,0,0,0,0,0,0,0,0,Yes,0,0,0,0,Standby,Standby,0,0,1,0,0,0,0,0,113,1,128,3,56,2,6,0,303,6,1,23,3,0,0,0,0,0,0,0,0,0,0,0,0,0,0,0,0,0,0,0,0,0,0,0,0,0,0,0,0,0,0,0,0,0,0,744,696,744,720,744,720,744,744,720,744,720,744,99,55,134,4,Surprise Valley,Frontier,No,No,No,1,303,1 - 49,0
106034002,SUTTER AMADOR HOSPITAL,1/1/04,12/31/04,Open,4/10/00,4/10/00,Amador,06 - North San Joaquin,General Acute Care,Non-Profit Corporation (incl. Church-related),,General Medical / Surgical,NO,66,200 MISSION BLVD,JACKSON,95642,209-223-7500,0,0,0,0,0,0,0,No,28,1911,6681,10248,8,183,415,0,0,0,0,0,6,325,0,1358,2196,0,0,0,0,0,0,0,0,0,0,0,0,0,0,0,0,0,0,0,0,0,0,0,0,42,2419,8454,15372,0,0,0,0,0,0,0,0,24,270,6902,8784,0,0,0,0,66,2689,15356,24156,0,0,0,NEITHER,0,0,0,0,0,0,0,0,0,0,0,0,0,0,0,0,0,0,0,0,0,0,0,0,0,0,145,0,0,0,0,0,0,0,145,318,629,77795,712,60022,Yes,3,0,3,0,Basic,Basic,0,0,0,1,0,0,102,0,2528,0,5679,0,2816,0,2575,0,13700,0,6,0,0,0,0,0,0,0,0,0,0,0,0,0,0,0,0,0,0,0,0,0,0,0,0,0,0,0,0,0,0,0,0,0,0,0,0,744,696,744,720,744,720,744,744,720,744,720,744,4,63,134,3,Ione/Jackson/Pine Grove/Sutter Creek,Rural,No,No,No,1,13700,50 - 99,0
106310791,SUTTER AUBURN FAITH HOSPITAL,1/1/04,12/31/04,Open,6/30/66,6/30/66,Placer,02 - Golden Empire,General Acute Care,Non-Profit Corporation (incl. Church-related),Sutter Health Sacramento Sierra Region,General Medical / Surgical,NO,97,11815 EDUCATION STREET,AUBURN,95603,530-888-4500,0,0,0,0,0,0,0,No,75,3778,13670,27066,3,448,918,0,0,0,0,0,4,119,475,1246,1464,4,24,5,38,1464,0,0,0,0,0,0,0,0,0,0,0,0,0,0,0,11,191,2569,4602,97,4560,18441,35694,0,0,0,0,0,0,0,0,0,0,0,0,0,0,0,0,97,4560,18441,35694,0,0,0,NEITHER,0,0,0,0,0,0,0,0,0,0,0,0,0,0,0,0,0,0,0,0,0,0,0,0,0,0,476,14,4,0,0,0,0,139,337,1104,1243,148360,1828,160083,,6,0,6,0,Basic,Basic,0,0,0,1,0,0,8174,22,5283,220,4214,1008,2493,1155,1209,867,21373,3272,11,164,223,1,11,6,6,1,13,13,5,22,18,16,5,9,125,0,0,0,0,0,0,0,0,0,0,0,0,0,0,0,0,0,0,1,0,744,696,744,720,744,720,744,744,720,744,720,744,119,57,134,4,Auburn/Granite Bay East/Lincoln West/Loomis/Newcastle/North Auburn,Rural,No,No,No,1,21373,50 - 99,0
106344017,SUTTER CENTER FOR PSYCHIATRY,1/1/04,12/31/04,Open,6/24/88,6/24/88,Sacramento,02 - Golden Empire,Acute Psychiatric,Non-Profit Corporation (incl. Church-related),Sutter Health Sacramento Sierra Region,Psychiatric,NO,69,7700 FOLSOM BOULEVARD,SACRAMENTO,95826,916-386-3000-3010,0,0,0,0,0,0,0,Yes,0,0,0,0,0,0,0,0,0,0,0,0,0,0,0,0,0,0,0,0,0,0,0,0,0,0,0,0,0,0,0,0,0,0,0,0,0,0,0,0,0,0,0,0,0,0,0,0,0,69,2310,18297,25254,0,0,0,0,0,0,0,0,69,2310,18297,25254,0,0,0,NEITHER,0,0,0,0,0,0,0,0,0,0,0,0,0,0,0,0,0,0,0,0,0,0,0,0,0,0,0,0,0,0,0,0,0,0,0,0,0,0,0,0,Yes,0,0,0,0,0,0,1,0,0,0,0,0,0,0,0,0,0,0,0,0,0,0,0,0,0,0,0,0,0,0,0,0,0,0,0,0,0,0,0,0,0,0,0,0,0,0,0,0,0,0,0,0,0,0,0,0,0,0,0,0,0,0,0,0,0,0,0,0,0,0,0,0,0,139g,63,139,5,East Sacramento/La Riviera/Mather/Rancho Cordova/Rosemont,Urban,No,No,No,1,0,50 - 99,0
106574010,SUTTER DAVIS HOSPITAL,1/1/04,12/31/04,Open,9/24/94,9/24/94,Yolo,02 - Golden Empire,General Acute Care,Non-Profit Corporation (incl. Church-related),Sutter Health Sacramento Sierra Region,General Medical / Surgical,NO,48,2000 SUTTER PLACE,DAVIS,95616,530-757-5101,0,0,0,0,0,0,0,No,30,1681,5174,10980,12,1229,2447,0,0,0,0,0,6,101,185,732,2196,0,0,0,0,0,0,0,0,0,0,0,0,0,0,0,0,0,0,0,0,0,0,0,0,48,3011,8353,17568,0,0,0,0,0,0,0,0,0,0,0,0,0,0,0,0,48,3011,8353,17568,0,0,0,NEITHER,0,0,0,0,0,0,0,0,0,0,0,0,0,0,0,0,0,0,0,0,0,0,0,0,0,0,1205,8,0,1,1,0,1006,190,9,2290,964,97605,4036,229303,No,5,1,3,1,Basic,Basic,0,0,0,1,0,0,925,1,7227,13,5230,139,2366,280,1429,409,17177,842,8,0,343,0,0,0,0,0,0,0,0,0,0,0,0,0,0,0,0,0,0,0,0,0,0,0,0,0,0,0,0,0,0,0,0,0,1,744,696,744,720,744,720,744,744,720,744,720,744,244,61,138,1,Davis,Urban,No,No,No,1,17177,1 - 49,0
106070934,SUTTER DELTA MEDICAL CENTER,1/1/04,12/31/04,Open,2/2/67,2/2/67,Contra Costa,05 - East Bay,General Acute Care,Non-Profit Corporation (incl. Church-related),Sutter Health,General Medical / Surgical,NO,110,3901 LONE TREE WAY,ANTIOCH,94509,925-779-7200,0,0,0,0,0,0,0,No,89,5526,20363,32574,9,448,1162,0,0,0,0,0,12,355,563,2299,4392,0,0,0,0,0,0,0,0,0,0,0,0,0,0,0,0,0,0,0,0,0,0,0,0,110,6329,23824,40260,0,0,0,0,0,0,0,0,0,0,0,0,0,0,0,0,110,6329,23824,40260,0,0,0,CATH LAB,0,0,0,0,0,0,0,0,1,0,0,0,0,191,123,67,47,258,170,141,0,0,0,29,0,170,1029,40,3,0,0,0,0,254,775,2184,1370,130280,3474,206425,Yes,4,0,4,0,Basic,Basic,0,0,0,1,0,0,9491,9,18292,17,9020,261,6780,1158,5033,2862,48616,4307,16,27543,1386,1,17,12,25,19,12,7,7,9,18,15,9,9,159,0,0,0,0,0,0,0,0,0,0,0,0,0,0,0,0,0,0,0,1,744,696,744,720,744,720,744,744,720,744,720,744,18e,64,140,10,Brentwood Central and West/Oakley,Urban,No,No,No,1,48616,100 - 149,0
106341051,SUTTER GENERAL HOSPITAL,1/1/04,12/31/04,Open,6/19/87,6/19/87,Sacramento,02 - Golden Empire,General Acute Care,Non-Profit Corporation (incl. Church-related),Sutter Health,General Medical / Surgical,NO,406,2801 L STREET,SACRAMENTO,95816,916-733-8999,0,0,0,0,0,0,0,No,195,10862,49401,71326,0,0,0,0,0,0,0,0,24,366,559,7070,8784,0,0,0,0,0,0,0,0,0,0,0,0,0,0,0,0,0,0,0,0,0,0,0,0,219,11228,56471,80110,0,0,0,0,0,0,0,0,187,1410,51676,68486,0,0,0,0,406,12638,108147,148596,0,0,0,NEITHER,0,0,0,0,0,0,0,0,0,0,0,0,0,0,0,0,0,0,0,0,0,0,0,0,0,0,0,0,0,0,0,0,0,0,0,0,5661,806271,3554,271559,Yes,12,0,12,0,Basic,Basic,0,0,0,1,0,0,8913,8,12733,46,8488,683,8064,2723,4244,3288,42442,6748,28,0,1345,1,129,116,86,93,86,122,153,162,187,184,129,131,1578,0,0,0,0,0,0,0,0,0,0,0,0,0,0,0,0,0,0,0,1,744,696,744,720,744,720,744,744,720,744,720,744,139i,62,139,5,Greenhaven/Land Park/Midtown/Pocket/Riverside/Sutterville,Urban,No,No,No,1,42442,300 - 499,0
106171395,SUTTER LAKESIDE HOSPITAL,1/1/04,12/31/04,Open,4/28/78,4/28/78,Lake,01 - Northern California,General Acute Care,Non-Profit Corporation (incl. Church-related),Sutter Lakeside Hospital,General Medical / Surgical,NO,69,5176 HILL ROAD EAST,LAKEPORT,95453,707-262-5000-5016,0,0,0,0,0,0,0,No,57,2070,7864,20862,6,338,709,0,0,0,0,0,6,106,0,933,2196,0,0,0,0,0,0,0,0,0,0,0,0,0,0,0,0,0,0,0,0,0,0,0,0,69,2514,9506,25254,0,0,0,0,0,0,0,0,0,0,0,0,0,0,0,0,69,2514,9506,25254,0,0,0,CATH LAB,0,0,0,0,0,0,0,0,1,0,0,0,0,6,0,61,0,67,0,0,0,0,0,0,0,0,319,14,0,0,0,0,0,78,241,438,855,95235,2393,125502,No,4,0,4,0,Basic,Basic,0,0,0,1,0,0,12195,0,5958,1088,0,0,0,0,678,234,18831,1322,12,3755,225,0,0,0,0,0,0,0,0,0,0,0,0,0,0,0,0,0,0,0,0,0,0,0,0,0,0,0,0,0,0,0,0,1,1,744,696,744,720,744,720,744,744,720,744,720,744,70.1,54,135,1,Kelseyville/Lakeport,Rural,No,No,No,1,18831,50 - 99,0
106444012,SUTTER MATERNITY AND SURGERY CENTER OF SANTA CRUZ,1/1/04,12/31/04,Open,3/8/96,3/8/96,Santa Cruz,08 - Mid-Coast,General Acute Care,Non-Profit Corporation (incl. Church-related),Sutter Health,General Medical / Surgical,NO,30,2900 CHANTICLEER AVENUE,SANTA CRUZ,95065,831-477-2200-2210,0,0,0,0,0,0,0,No,18,1054,2402,6588,12,867,2308,0,0,0,0,0,0,0,0,0,0,0,0,0,0,0,0,0,0,0,0,0,0,0,0,0,0,0,0,0,0,0,0,0,0,30,1921,4710,10980,0,0,0,0,0,0,0,0,0,0,0,0,0,0,0,0,30,1921,4710,10980,0,0,0,NEITHER,0,0,0,0,0,0,0,0,0,0,0,0,0,0,0,0,0,0,0,0,0,0,0,0,0,0,852,4,0,1,0,1,644,208,0,2007,878,143471,5091,303290,Yes,6,1,5,0,0,0,0,1,0,0,0,0,0,0,0,0,0,0,0,0,0,0,0,0,0,0,0,0,0,0,0,0,0,0,0,0,0,0,0,0,0,0,0,0,0,0,0,0,0,0,0,0,0,0,0,0,0,0,0,0,0,0,0,0,0,0,0,0,0,0,0,0,0,185.1,80,144,17,Aptos/Capitola/Live Oak/Rio del Mar/Santa Cruz,Urban,No,No,No,1,0,1 - 49,0
106341052,SUTTER MEMORIAL HOSPITAL,1/1/04,12/31/04,Open,1/1/46,1/1/46,Sacramento,02 - Golden Empire,General Acute Care,Non-Profit Corporation (incl. Church-related),Sutter Health,General Medical / Surgical,NO,348,5151 F STREET,SACRAMENTO,95819,916-733-8999,0,0,0,0,0,0,0,No,136,7964,27903,49776,66,5688,16849,18666,51,3639,13844,18666,24,98,873,3284,8784,16,308,446,3776,5856,0,0,0,0,0,0,0,0,0,0,55,1025,406,18517,20130,0,0,0,0,348,18722,84173,127368,0,0,0,0,0,0,0,0,0,0,0,0,0,0,0,0,348,18722,84173,127368,0,0,0,CV SURG,3,83,4,809,11,892,15,635,4,88,19,3,0,2382,1286,1005,0,3478,1305,402,1219,112,6,0,611,2370,5295,555,117,1,1,0,3515,1743,37,9917,4061,625225,2263,170836,Yes,9,0,9,0,Basic,Basic,0,0,0,1,0,0,2185,5,7901,26,6820,489,5478,1765,2058,797,24442,3082,9,0,750,1,30,65,61,34,41,34,54,67,74,63,31,97,651,0,0,0,0,0,0,0,0,0,0,0,0,0,0,0,0,0,0,0,1,744,696,744,720,744,720,744,744,720,744,720,744,139g,62,139,5,East Sacramento/La Riviera/Mather/Rancho Cordova/Rosemont,Urban,No,No,No,1,24442,300 - 499,20
106311000,SUTTER ROSEVILLE MEDICAL CENTER,1/1/04,12/31/04,Open,6/19/97,6/19/97,Placer,02 - Golden Empire,General Acute Care,Non-Profit Corporation (incl. Church-related),Sutter Health Sacramento Sierra Region,General Medical / Surgical,NO,180,ONE MEDICAL PLAZA,ROSEVILLE,95661,916-781-1000,0,0,0,0,0,0,0,No,117,9329,36156,42822,22,2863,5951,3294,9,477,1095,3294,24,553,873,5344,8784,8,248,600,2008,2928,0,0,0,0,0,0,0,0,0,0,0,0,0,0,0,0,0,0,0,180,13470,50554,65880,0,0,0,0,0,0,0,0,0,0,0,0,0,0,0,0,180,13470,50554,65880,0,0,0,CATH LAB,0,0,0,0,0,0,0,0,1,0,0,0,0,390,111,433,0,823,111,82,29,0,0,0,0,111,2679,106,11,0,0,0,1931,722,26,5253,4567,573891,5223,332999,Yes,10,4,1,5,Basic,Basic,0,0,0,1,0,1,3352,30,18628,839,19806,3670,5131,1986,1778,1397,48695,7922,19,22748,1152,1,29,13,35,14,17,23,24,35,42,24,35,38,329,1,0,1,0,0,0,0,0,0,0,0,0,0,0,0,48695,0,0,1,0,744,696,744,720,744,720,744,744,720,744,720,744,121.1,57,134,4,Granite Bay West/Roseville,Urban,No,No,No,0,0,150 - 199,0
106481094,SUTTER SOLANO MEDICAL CENTER,1/1/04,12/31/04,Open,1/1/46,1/1/46,Solano,03 - North Bay,General Acute Care,Non-Profit Corporation (incl. Church-related),Sutter Health,General Medical / Surgical,NO,111,300 HOSPITAL DRIVE,VALLEJO,94590,707-554-4444,0,0,0,0,0,0,0,No,60,4504,18809,21960,30,990,2072,0,0,0,0,0,12,401,911,3342,4392,0,0,0,0,0,0,0,0,0,0,0,0,0,0,0,0,0,0,0,0,0,0,0,0,102,5895,24223,37332,0,0,0,0,0,0,0,0,9,295,2781,3294,0,0,0,0,111,6190,27004,40626,0,0,0,CATH LAB,0,0,0,0,0,0,0,0,0,0,0,0,0,0,0,0,0,0,0,0,0,0,0,0,0,0,931,38,6,1,1,0,716,215,0,1709,1209,143194,1857,132704,No,4,0,4,0,Basic,Basic,0,0,0,1,0,0,310,3,12405,103,7782,507,2909,1332,1746,1564,25152,3509,9,0,2927,0,0,0,0,0,0,0,0,0,0,0,0,0,0,0,0,0,0,0,0,0,0,0,0,0,0,0,0,0,0,0,0,0,1,744,696,744,720,744,720,744,744,720,744,720,744,204,60,135,7,Vallejo,Urban,No,No,No,1,25152,100 - 149,0
106391056,SUTTER TRACY COMMUNITY HOSPITAL,1/1/04,12/31/04,Open,7/1/48,7/1/48,San Joaquin,06 - North San Joaquin,General Acute Care,Non-Profit Corporation (incl. Church-related),Sutter Health,General Medical / Surgical,NO,79,1420 NORTH TRACY BOULEVARD,TRACY,95376,209-832-6042,0,0,0,0,0,0,0,No,65,2985,12324,23790,6,733,1668,0,0,0,0,0,8,208,250,1625,2928,0,0,0,0,0,0,0,0,0,0,0,0,0,0,0,0,0,0,0,0,0,0,0,0,79,3926,15617,28914,0,0,0,0,0,0,0,0,0,0,0,0,0,0,0,0,79,3926,15617,28914,0,0,0,NEITHER,0,0,0,0,0,0,0,0,0,0,0,0,0,0,0,0,0,0,0,0,0,0,0,0,0,0,721,24,4,0,0,0,0,229,492,1477,1172,72673,2119,84173,No,3,0,3,0,Basic,Basic,0,0,0,1,0,0,2218,5,12762,106,5615,419,2822,735,995,408,24412,1673,9,13,494,0,0,0,0,0,0,0,0,0,0,0,0,0,0,0,0,0,0,0,0,0,0,0,0,0,0,0,0,0,0,0,0,0,1,744,696,744,720,744,720,744,744,720,744,720,744,163,70,138,11,Tracy,Urban,No,No,No,1,24412,50 - 99,0
106514001,SUTTER-YUBA PSYCHIATRIC HEALTH FACILITY,1/1/04,12/31/04,Open,1/29/88,1/29/88,Sutter,02 - Golden Empire,Psychiatric Health Facility,City and/or County,County of sutter,Psychiatric,NO,18,1965 LIVE OAK BOULEVARD,YUBA CITY,95991,530-822-7200,0,0,0,0,0,0,0,Yes,0,0,0,0,0,0,0,0,0,0,0,0,0,0,0,0,0,0,0,0,0,0,0,0,0,0,0,0,0,0,0,0,0,0,0,0,0,0,0,0,0,0,0,0,0,0,0,0,0,18,577,4805,6588,0,0,0,0,0,0,0,0,18,577,4805,6588,0,0,0,NEITHER,0,0,0,0,0,0,0,0,0,0,0,0,0,0,0,0,0,0,0,0,0,0,0,0,0,0,0,0,0,0,0,0,0,0,0,0,0,0,0,0,Yes,0,0,0,0,0,0,1,0,0,0,0,0,0,0,0,0,0,0,0,0,0,0,0,0,0,0,0,0,0,0,0,0,0,0,0,0,0,0,0,0,0,0,0,0,0,0,0,0,0,0,0,0,0,0,0,0,0,0,0,0,0,0,0,0,0,0,0,0,0,0,0,0,0,216,55,137,2,Meridian/Robbins/Yuba City,Rural,No,No,No,1,0,1 - 49,0
106291053,TAHOE FOREST HOSPITAL,1/1/04,12/31/04,Open,4/1/52,4/1/52,Nevada,02 - Golden Empire,General Acute Care,District,,General Medical / Surgical,NO,72,10121 PINE STREET POB 759,TRUCKEE,96160,530-587-6011-3481,0,0,0,0,0,0,0,No,25,1027,3519,9150,4,484,1066,0,0,0,0,0,6,302,0,1142,2196,0,0,0,0,0,0,0,0,0,0,0,0,0,0,0,0,0,0,0,0,0,0,0,0,35,1813,5727,12810,0,0,0,0,0,0,0,0,37,24,12343,13542,0,0,0,0,72,1837,18070,26352,0,0,0,NEITHER,0,0,0,0,0,0,0,0,0,0,0,0,0,0,0,0,0,0,0,0,0,0,0,0,0,0,446,15,1,1,0,1,318,128,0,952,865,97889,934,82578,No,4,0,4,0,Basic,Basic,0,0,0,1,0,0,1765,0,4307,0,3947,0,1778,0,791,0,12588,0,16,141,32,0,0,0,0,0,0,0,0,0,0,0,0,0,0,0,0,0,0,0,0,0,0,0,0,0,0,0,0,0,0,0,0,0,1,744,696,744,720,744,720,744,744,720,744,720,744,114,56,134,4,North Bloomfield/North San Juan/Truckee,Rural,No,No,No,1,12588,50 - 99,0
106190782,TARZANA TREATMENT CENTER,1/1/04,12/31/04,Open,7/1/70,7/1/70,Los Angeles,11 - Los Angeles,Acute Psychiatric,Non-Profit Corporation (incl. Church-related),"Tarzana Treatment Centers, Inc.",Psychiatric,NO,60,18646 OXNARD STREET,TARZANA,91356,818-996-1051-1124,0,0,0,0,2294,17799,0,No,0,0,0,0,0,0,0,0,0,0,0,0,0,0,0,0,0,0,0,0,0,0,0,0,0,0,0,0,0,0,0,0,0,0,0,0,0,0,0,0,0,0,0,0,0,0,0,0,0,60,2294,17799,21960,0,0,0,0,0,0,0,0,60,2294,17799,21960,0,0,0,NEITHER,0,0,0,0,0,0,0,0,0,0,0,0,0,0,0,0,0,0,0,0,0,0,0,0,0,0,0,0,0,0,0,0,0,0,0,0,0,0,0,0,No,0,0,0,0,0,0,1,0,0,0,0,0,0,0,0,0,0,0,0,0,0,0,0,0,0,0,0,0,0,0,0,0,0,0,0,0,0,0,0,0,0,0,0,0,0,0,0,0,0,0,0,0,0,0,0,0,0,0,0,0,0,0,0,0,0,0,0,0,0,0,0,0,0,78.2ii,94,156,27,Reseda South/Van Nuys Southwest,Urban,No,No,No,1,0,50 - 99,0
106150808,TEHACHAPI HOSPITAL,1/1/04,12/31/04,Open,3/28/46,3/28/46,Kern,09 - Central,General Acute Care,District,,General Medical / Surgical,NO,28,115 WEST E STREET,TEHACHAPI,93561,661-823-3000-223,0,0,0,0,0,0,0,No,28,81,230,10248,0,0,0,0,0,0,0,0,0,0,0,0,0,0,0,0,0,0,0,0,0,0,0,0,0,0,0,0,0,0,0,0,0,0,0,0,0,28,81,230,10248,0,0,0,0,0,0,0,0,0,22,6999,0,0,0,0,0,28,103,7229,10248,0,0,0,NEITHER,0,0,0,0,0,0,0,0,0,0,0,0,0,0,0,0,0,0,0,0,0,0,0,0,0,0,1,0,0,0,0,0,0,0,1,0,0,0,0,0,No,2,0,2,0,Standby,Standby,0,0,1,0,0,0,5783,0,0,0,0,0,2958,0,294,0,9035,0,4,5783,213,0,0,0,0,0,0,0,0,0,0,0,0,0,0,0,0,0,0,0,0,0,0,0,0,0,0,0,0,0,0,0,0,0,0,744,696,744,720,744,720,744,744,720,744,720,744,62,85,151,22,Bear Valley Springs/Keene/Stallion Springs/Tehachapi,Rural,No,No,No,1,9035,1 - 49,0
106314029,TELECARE PLACER COUNTY PSYCHIATRIC HEALTH FACILITY,1/1/04,12/31/04,Open,2/14/01,8/2/88,Placer,02 - Golden Empire,Psychiatric Health Facility,Investor - Corporation,Telecare Corporation,Psychiatric,NO,16,101 CIRBY WAY DRIVE,ROSEVILLE,95661,916-787-8900,0,0,0,0,0,0,0,Yes,0,0,0,0,0,0,0,0,0,0,0,0,0,0,0,0,0,0,0,0,0,0,0,0,0,0,0,0,0,0,0,0,0,0,0,0,0,0,0,0,0,0,0,0,0,0,0,0,0,16,392,5023,5856,0,0,0,0,0,0,0,0,16,392,5023,5856,0,0,0,NEITHER,0,0,0,0,0,0,0,0,0,0,0,0,0,0,0,0,0,0,0,0,0,0,0,0,0,0,0,0,0,0,0,0,0,0,0,0,0,0,0,0,No,0,0,0,0,0,0,1,0,0,0,0,0,0,0,0,0,0,0,0,0,0,0,0,0,0,0,0,0,0,0,0,0,0,0,0,0,0,0,0,0,0,0,0,0,0,0,0,0,0,0,0,0,0,0,0,0,0,0,0,0,0,0,0,0,0,0,0,0,0,0,0,0,0,121.1,57,134,4,Granite Bay West/Roseville,Urban,No,No,No,1,0,1 - 49,0
106484028,TELECARE SOLANO PSYCHIATRIC HEALTH FACILITY,1/1/04,12/31/04,Open,1/1/96,1/1/96,Solano,03 - North Bay,Psychiatric Health Facility,Investor - Corporation,Telecare Corporation,Psychiatric,NO,16,2101 COURAGE DRIVE,FAIRFIELD,94533,707-435-2130-2136,0,0,0,0,0,0,0,Yes,0,0,0,0,0,0,0,0,0,0,0,0,0,0,0,0,0,0,0,0,0,0,0,0,0,0,0,0,0,0,0,0,0,0,0,0,0,0,0,0,0,0,0,0,0,0,0,0,0,16,632,5078,5856,0,0,0,0,0,0,0,0,16,632,5078,5856,0,0,0,NEITHER,0,0,0,0,0,0,0,0,0,0,0,0,0,0,0,0,0,0,0,0,0,0,0,0,0,0,0,0,0,0,0,0,0,0,0,0,0,0,0,0,No,0,0,0,0,0,0,1,0,0,0,0,0,0,0,0,0,0,0,0,0,0,0,0,0,0,0,0,0,0,0,0,0,0,0,0,0,0,0,0,0,0,0,0,0,0,0,0,0,0,0,0,0,0,0,0,0,0,0,0,0,0,0,0,0,0,0,0,0,0,0,0,0,0,202b,61,138,10,Fairfield,Urban,No,No,No,1,0,1 - 49,0
106190784,TEMPLE COMMUNITY HOSPITAL,1/1/04,12/31/04,Open,1/1/46,1/1/46,Los Angeles,11 - Los Angeles,General Acute Care,Investor - Corporation,temple hospital corporation,General Medical / Surgical,NO,170,235 NORTH HOOVER STREET,LOS ANGELES,90004,213-382-7252,0,0,0,0,0,0,0,No,138,3308,19831,50508,0,0,0,0,0,0,0,0,6,50,0,1088,2196,6,50,0,1088,2196,0,0,0,0,0,0,0,0,0,0,0,0,0,0,0,0,0,0,0,150,3408,22007,54900,0,0,0,0,0,0,0,0,20,5,3860,7320,0,0,0,0,170,3413,25867,62220,0,0,0,NEITHER,0,0,0,0,0,0,0,0,0,0,0,0,0,0,0,0,0,0,0,0,0,0,0,0,0,0,0,0,0,0,0,0,0,0,0,0,1662,156440,3038,179924,Yes,7,0,7,0,0,0,0,1,0,0,0,0,0,0,0,0,0,0,0,0,0,0,0,0,0,0,0,0,0,0,0,0,0,0,0,0,0,0,0,0,0,0,0,0,0,0,0,0,0,0,0,0,0,0,0,0,0,0,0,0,0,0,0,0,0,0,0,0,0,0,0,0,0,78.2e,98,159,31,Country Club Park/Koreatown/Mid-City East,Urban,No,No,No,1,0,150 - 199,0
106010782,THUNDER ROAD CHEMICAL DEPENDENCY RECOVERY HOSPITAL,1/1/04,12/31/04,Open,12/18/60,12/18/60,Alameda,05 - East Bay,Chemical Dependency Recovery Hospital,Non-Profit Corporation (incl. Church-related),"Adolescent Treatment Centers, Inc.",Chemical Dependency (Alcohol/Drug),NO,50,390 FORTIETH STREET,OAKLAND,94609,510-653-5040,0,0,0,0,0,0,0,No,0,0,0,0,0,0,0,0,0,0,0,0,0,0,0,0,0,0,0,0,0,0,0,0,0,0,0,0,0,0,0,0,0,0,0,0,0,0,0,0,0,0,0,0,0,50,260,13953,18300,0,0,0,0,0,0,0,0,0,0,0,0,50,260,13953,18300,0,0,0,NEITHER,0,0,0,0,0,0,0,0,0,0,0,0,0,0,0,0,0,0,0,0,0,0,0,0,0,0,0,0,0,0,0,0,0,0,0,0,0,0,0,0,No,0,0,0,0,0,0,1,0,0,0,0,0,0,0,0,0,0,0,0,0,0,0,0,0,0,0,0,0,0,0,0,0,0,0,0,0,0,0,0,0,0,0,0,0,0,0,0,0,0,0,0,0,0,0,0,0,0,0,0,0,0,0,0,0,0,0,0,0,0,0,0,0,0,2b,67,142,9,Albany/Berkeley East and North/Claremont/Cragmont/Forest Park/Rockridge/Temescal/Thousand Oaks,Urban,No,No,No,1,0,50 - 99,0
106191225,TOM REDGATE MEMORIAL RECOVERY CENTER,1/1/04,12/31/04,Open,2/25/83,2/25/83,Los Angeles,11 - Los Angeles,Chemical Dependency Recovery Hospital,Non-Profit Corporation (incl. Church-related),"Behavioral Health services, Inc.",Chemical Dependency (Alcohol/Drug),NO,63,1775 CHESTNUT STREET,LONG BEACH,90813,562-599-8444,0,0,0,0,0,0,0,No,0,0,0,0,0,0,0,0,0,0,0,0,0,0,0,0,0,0,0,0,0,0,0,0,0,0,0,0,0,0,0,0,0,0,0,0,0,0,0,0,0,0,0,0,0,63,1060,19480,23058,0,0,0,0,0,0,0,0,0,0,0,0,63,1060,19480,23058,0,0,0,NEITHER,0,0,0,0,0,0,0,0,0,0,0,0,0,0,0,0,0,0,0,0,0,0,0,0,0,0,0,0,0,0,0,0,0,0,0,0,0,0,0,0,No,0,0,0,0,0,0,1,0,0,0,0,0,0,0,0,0,0,0,0,0,0,0,0,0,0,0,0,0,0,0,0,0,0,0,0,0,0,0,0,0,0,0,0,0,0,0,0,0,0,0,0,0,0,0,0,0,0,0,0,0,0,0,0,0,0,0,0,0,0,0,0,0,0,78.2jjj,108,160,37,Long Beach West Central,Urban,No,No,No,1,0,50 - 99,0
106190422,TORRANCE MEMORIAL MEDICAL CENTER,1/1/04,12/31/04,Open,3/29/71,3/29/71,Los Angeles,11 - Los Angeles,General Acute Care,Non-Profit Corporation (incl. Church-related),none,General Medical / Surgical,NO,377,3330 WEST LOMITA BOULEVARD,TORRANCE,90505-5073,310-325-9110-2264,0,0,0,0,0,0,0,No,231,15991,55287,84546,28,3787,10669,7320,20,844,1925,7320,24,629,1190,8714,8784,6,0,0,0,2196,0,0,0,0,0,8,217,71,1993,2928,20,327,392,6638,7320,0,0,0,0,337,21795,85226,123342,0,0,0,0,0,0,0,0,40,1207,13178,14640,0,0,0,0,377,23002,98404,137982,0,0,0,CV SURG,2,0,0,219,31,219,31,164,2,0,0,0,0,1179,80,787,744,1966,824,0,713,89,2,2,153,984,3906,264,79,1,1,0,2406,1500,0,8871,7799,2046675,10338,567540,No,14,0,14,0,Basic,Basic,0,0,0,1,0,0,111,0,19187,33,0,0,22734,330,14798,10577,56830,10940,20,0,789,0,0,0,0,0,0,0,0,0,0,0,0,0,0,0,0,0,0,0,0,0,0,0,0,0,0,0,0,0,0,0,0,1,0,744,696,744,720,744,720,744,744,720,744,720,744,78.2aaaa,106,161,36,Harbor Gateway South/Lomita/Torrance East Central,Urban,No,No,No,1,56830,300 - 499,25
106370780,TRI-CITY MEDICAL CENTER,1/1/04,12/31/04,Open,7/11/61,7/11/61,San Diego,14 - San Diego/Imperial,General Acute Care,District,,General Medical / Surgical,NO,397,4002 VISTA WAY,OCEANSIDE,92056,760-940-3030,0,0,0,0,0,0,0,No,266,11751,46283,99210,38,3522,7485,342,6,44,80,342,14,176,952,3061,5124,14,162,922,2830,5124,0,0,0,0,0,0,0,0,0,0,20,403,17,5113,7320,10,184,1968,3660,368,16242,66820,134688,0,0,0,0,29,791,7217,10614,0,0,0,0,0,0,0,0,397,17033,74037,145302,0,0,0,CV SURG,2,0,0,173,0,173,0,143,2,0,0,0,0,627,365,433,0,1060,365,222,332,33,0,0,2,589,3340,184,25,1,0,1,2467,873,0,5119,4759,742687,5309,316523,No,12,0,12,0,Basic,Basic,0,0,0,1,0,0,3824,6,13611,117,13402,735,12916,2574,9527,5240,53280,8672,30,2393,3500,1,68,121,128,165,58,54,60,68,64,18,38,58,900,0,0,0,0,0,0,0,0,0,0,0,0,0,0,0,0,0,0,1,0,744,696,744,720,744,720,744,744,720,744,720,744,156d,126,171,49,Oceanside East/San Marcos West/Vista,Urban,No,No,No,1,53280,300 - 499,0
106190159,TRI-CITY REGIONAL MEDICAL CENTER,1/1/04,12/31/04,Open,1/28/72,1/28/72,Los Angeles,11 - Los Angeles,General Acute Care,Non-Profit Corporation (incl. Church-related),Gardens Regional Hospital and Medical Center,General Medical / Surgical,NO,137,21530 SOUTH PIONEER BOULEVARD,HAWAIIAN GARDENS,90716,562-860-0401-361,0,0,0,0,0,0,0,No,119,2396,9535,43554,0,0,0,0,0,15,38,0,13,116,380,1560,4758,5,0,0,0,1830,0,0,0,0,0,0,0,0,0,0,0,0,0,0,0,0,0,0,0,137,2527,11133,50142,0,0,0,0,0,0,0,0,0,0,0,0,0,0,0,0,137,2527,11133,50142,0,0,0,NEITHER,0,0,0,0,0,0,0,0,0,0,0,0,0,0,0,0,0,0,0,0,0,0,0,0,0,0,0,0,0,0,0,0,0,0,0,0,1209,139569,1496,51346,No,5,0,5,0,Basic,Basic,0,0,0,1,0,0,828,0,1839,26,2029,670,498,312,248,190,5442,1198,8,0,32,1,470,22,0,0,0,0,153,58,38,49,81,308,1179,0,0,0,0,0,0,0,0,0,0,0,0,0,0,0,0,0,0,0,1,744,696,744,720,744,720,744,744,720,744,720,744,78.2n,109,160,39,Cerritos/Hawaiian Gardens,Urban,No,No,No,1,5442,100 - 149,0
106531059,TRINITY HOSPITAL,1/1/04,12/31/04,Open,7/1/53,7/1/53,Trinity,01 - Northern California,General Acute Care,City and/or County,,General Medical / Surgical,NO,51,410 NORTH TAYLOR STREET,WEAVERVILLE,96093,530-623-5541,0,0,0,0,0,0,0,No,25,350,1341,12762,0,0,0,0,0,0,0,0,0,0,0,0,0,0,0,0,0,0,0,0,0,0,0,0,0,0,0,0,0,0,0,0,0,0,0,0,0,25,350,1341,12762,0,0,0,0,0,0,0,0,26,28,8105,9516,0,0,0,0,51,378,9446,22278,0,0,0,NEITHER,0,0,0,0,0,0,0,0,0,0,0,0,0,0,0,0,0,0,0,0,0,0,0,0,0,0,0,0,0,0,0,0,0,0,0,0,38,4010,146,9840,Yes,1,0,1,0,Standby,Standby,0,0,1,0,0,0,488,0,4054,0,0,0,27,0,0,0,4569,0,4,0,0,0,0,0,0,0,0,0,0,0,0,0,0,0,0,0,0,0,0,0,0,0,0,0,0,0,0,0,0,0,0,0,0,0,1,744,696,744,720,744,720,744,744,720,744,720,744,224,54,137,2,Douglas City/Lewiston/Trinity Center/Weaverville,Frontier,No,No,No,1,4569,50 - 99,0
106540816,TULARE DISTRICT HOSPITAL,1/1/04,12/31/04,Open,4/4/51,4/4/51,Tulare,09 - Central,General Acute Care,District,Tulare District Hospital,General Medical / Surgical,NO,112,869 CHERRY AVENUE,TULARE,93274,559-688-3424,0,0,0,0,0,0,0,No,80,3459,16151,29280,14,1167,2326,3660,10,311,695,3660,8,671,0,3370,2928,0,0,0,0,0,0,0,0,0,0,0,0,0,0,0,0,0,0,0,0,0,0,0,0,112,5608,22542,40992,0,0,0,0,0,0,0,0,0,0,0,0,0,0,0,0,112,5608,22542,40992,0,0,0,NEITHER,0,0,0,0,0,0,0,0,1,0,0,0,0,29,0,75,0,104,0,0,0,0,0,0,0,0,1038,46,7,0,0,0,0,385,653,1739,1403,124839,2092,125065,No,3,0,3,0,Basic,Basic,0,0,0,1,0,0,7962,0,4008,0,1427,0,97,0,17,0,13511,0,12,0,1270,0,0,0,0,0,0,0,0,0,0,0,0,0,0,0,0,0,0,0,0,0,0,0,0,0,0,0,0,0,0,0,0,0,1,744,696,744,720,744,720,744,744,720,744,720,744,230,87,151,21,Tipton/Tulare/Woodville,Rural,No,No,No,1,13511,100 - 149,0
106551061,TUOLUMNE GENERAL HOSPITAL,1/1/04,12/31/04,Open,7/1/53,7/1/53,Tuolumne,06 - North San Joaquin,General Acute Care,City and/or County,Tuolumne Dounty,General Medical / Surgical,NO,79,101 EAST HOSPITAL ROAD,SONORA,95370,209-533-7144,1,1,0,0,0,0,0,No,33,940,3531,12078,0,0,0,0,0,0,0,0,4,105,170,666,1464,0,0,0,0,0,0,0,0,0,0,0,0,0,0,0,0,0,0,0,0,0,0,0,0,37,1045,4197,13542,0,0,0,0,0,0,0,0,42,37,14897,15372,0,0,0,0,79,1082,19094,28914,0,0,0,NEITHER,0,0,0,0,0,0,0,0,0,0,0,0,0,0,0,0,0,0,0,0,0,0,0,0,0,0,0,0,0,0,0,0,0,0,0,0,293,29332,1197,62537,No,6,0,6,0,Basic,Basic,0,0,0,1,0,0,153,1,903,1,4754,11,3378,60,1435,691,10623,764,6,40,182,0,0,0,0,0,0,0,0,0,0,0,0,0,0,0,0,0,0,0,0,0,0,0,0,0,0,0,0,0,0,0,0,0,1,744,696,744,720,744,720,744,744,720,744,720,744,234.2,78,147,19,Columbia/Jamestown/Sonora,Rural,No,No,No,1,10623,50 - 99,0
106301357,TUSTIN HOSPITAL MEDICAL CENTER,1/1/04,12/31/04,Open,2/23/98,5/6/70,Orange,13 - Orange,General Acute Care,Investor - Corporation,Pacific Health Corportion,General Medical / Surgical,NO,177,14662 NEWPORT AVENUE,TUSTIN,92680,714-838-9600,0,0,0,0,0,0,0,No,120,1712,4175,43920,0,0,0,0,0,0,0,0,15,516,144,1026,5490,0,0,0,0,0,0,0,0,0,0,0,0,0,0,0,0,0,0,0,0,0,0,0,0,135,2228,5201,49410,0,0,0,0,0,0,0,0,42,30,8445,15372,0,0,0,0,177,2258,13646,64782,0,0,22,NEITHER,0,0,0,0,0,0,0,0,0,0,0,0,0,0,0,0,0,0,0,0,0,0,0,0,0,0,0,0,0,0,0,0,0,0,0,0,598,100922,1006,59956,No,5,0,5,0,Basic,Basic,0,0,0,1,0,0,12,0,703,1,1633,11,667,35,584,373,3599,420,7,0,85,1,1,9,4,18,11,16,15,2,1,0,0,6,83,0,0,0,0,0,0,0,0,0,0,0,0,0,0,0,0,0,0,0,1,744,696,744,720,744,720,744,744,720,744,720,744,116h,123,166,48,City of Orange South/Santa Ana North/Tustin Foothills/Tustin West,Urban,No,No,No,1,3599,150 - 199,0
106400548,TWIN CITIES COMMUNITY HOSPITAL,1/1/04,12/31/04,Open,2/7/77,2/7/77,San Luis Obispo,08 - Mid-Coast,General Acute Care,Investor - Corporation,Tenet Healthcare Corporation,General Medical / Surgical,NO,84,1100 LAS TABLAS ROAD,TEMPLETON,93465,805-434-4545,0,0,0,0,0,0,0,No,72,4107,17927,26352,4,739,1720,0,0,0,0,0,8,210,554,2035,2928,0,0,0,0,0,0,0,0,0,0,0,0,0,0,0,0,0,0,0,0,0,0,0,0,84,5056,21682,30744,0,0,0,0,0,0,0,0,0,0,0,0,0,0,0,0,84,5056,21682,30744,0,0,0,CATH LAB,0,0,0,0,0,0,0,0,1,0,0,0,0,159,22,100,0,259,22,38,22,0,0,0,0,60,710,23,3,0,0,0,0,189,521,1488,1683,136980,2447,108360,Yes,4,0,4,0,Basic,Basic,0,0,0,1,0,0,11461,16,12778,475,3467,699,3741,1730,244,162,31691,3082,15,0,466,1,1,0,2,0,0,0,0,2,0,1,0,0,6,0,0,0,0,0,0,0,0,0,0,0,0,0,0,0,0,0,0,0,1,744,696,744,720,744,720,744,744,720,744,720,744,170,86,148,22,Atascadero/Templeton,Rural,No,No,No,1,31691,50 - 99,0
106190796,UCLA MEDICAL CENTER,1/1/04,12/31/04,Open,7/1/55,7/1/55,Los Angeles,11 - Los Angeles,General Acute Care,University of California,UCLA Healthcare,General Medical / Surgical,YES,669,10833 LECONTE AVENUE,LOS ANGELES,90095,310-794-1630,0,0,0,0,0,0,0,No,431,19582,106657,157746,38,2047,6183,28548,78,3474,18788,28548,70,772,3489,26939,25620,10,122,442,3565,3660,8,141,538,2848,2928,0,0,0,0,0,23,368,26,7419,8418,11,189,3224,4026,669,26695,175623,244854,0,0,0,0,0,0,0,0,0,0,0,0,0,0,0,0,669,26695,175623,244854,0,0,0,CV SURG,4,187,72,379,373,566,445,92,5,274,127,130,14,1066,1186,878,118,2348,1445,235,289,26,48,69,0,1445,1951,146,33,0,0,0,0,522,1429,3831,11707,2691240,16793,1315680,Yes,40,17,23,0,Comprehensive,Comprehensive,0,0,0,0,1,1,6378,20,10819,101,8053,237,5933,1188,12694,8559,43877,10105,29,0,1542,1,137,170,156,112,99,108,140,152,119,101,97,134,1525,1,1,0,0,0,1,1,0,0,0,0,0,0,0,43877,0,0,0,1,0,744,696,744,720,744,720,744,744,720,744,720,744,78.2w,100,156,30,Century City/Cheviot Hills/Rancho Park/West Los Angeles/Westwood,Urban,No,No,No,0,0,500+,778
106190930,UCLA NEUROPSYCHIATRIC HOSPITAL,1/1/04,12/31/04,Open,11/1/57,11/1/57,Los Angeles,11 - Los Angeles,Acute Psychiatric,University of California,University of California,Psychiatric,NO,136,760 WESTWOOD PLAZA,LOS ANGELES,90024-1759,310-825-6962,0,0,0,0,0,0,0,No,0,0,0,0,0,0,0,0,0,0,0,0,0,0,0,0,0,0,0,0,0,0,0,0,0,0,0,0,0,0,0,0,0,0,0,0,0,0,0,0,0,0,0,0,0,0,0,0,0,136,2337,26515,49776,0,0,0,0,0,0,0,0,136,2337,26515,49776,0,0,0,NEITHER,0,0,0,0,0,0,0,0,0,0,0,0,0,0,0,0,0,0,0,0,0,0,0,0,0,0,0,0,0,0,0,0,0,0,0,0,0,0,0,0,No,0,0,0,0,0,0,1,0,0,0,0,0,0,0,0,0,0,0,0,0,0,0,0,0,0,0,0,0,0,0,0,0,0,0,0,0,0,0,0,0,0,0,0,0,0,0,0,0,0,0,0,0,0,0,0,0,0,0,0,0,0,0,0,0,0,0,0,0,0,0,0,0,0,78.2d,111,157,38,City Terrace East/East Los Angeles,Urban,No,No,No,1,0,100 - 149,0
106374141,UCSD/LA JOLLA - THORNTON HOSPITAL,1/1/04,12/31/04,Open,7/20/93,7/20/93,San Diego,14 - San Diego/Imperial,General Acute Care,University of California,The Regents of the univesity of California,General Medical / Surgical,NO,119,9300 CAMPUS POINT DRIVE,LA JOLLA,92037,858-657-7500,0,0,0,0,0,0,0,No,107,4901,24417,39162,0,0,0,0,0,0,0,0,12,260,358,3063,4392,0,0,0,0,0,0,0,0,0,0,0,0,0,0,0,0,0,0,0,0,0,0,0,0,119,5161,27480,43554,0,0,0,0,0,0,0,0,0,0,0,0,0,0,0,0,119,5161,27480,43554,0,0,0,CV SURG,2,0,0,211,75,211,75,62,2,0,0,0,0,102,102,654,181,756,283,0,275,4,0,0,0,283,0,0,0,0,0,0,0,0,0,0,2251,520677,1715,168724,Yes,7,0,7,0,Basic,Basic,0,0,0,1,0,0,558,2,6598,16,3904,4,7838,1688,692,598,19590,2308,11,0,384,1,67,42,107,51,25,72,66,62,55,48,48,45,688,0,0,0,0,0,0,0,0,0,0,0,0,0,0,0,0,0,0,0,1,744,696,744,720,744,720,744,744,720,744,720,744,161r,128,172,,Crown Point/Del Mar/La Jolla/Pacific Beach,Urban,No,No,No,1,19590,100 - 149,4
106381154,UCSF MEDICAL CENTER,1/1/04,12/31/04,Open,1/1/17,1/1/17,San Francisco,04 - West Bay,General Acute Care,University of California,Regents of the University of California,General Medical / Surgical,YES,547,505 PARNASSUS AVENUE,SAN FRANCISCO,94122,415-353-2733,0,0,0,0,0,0,0,No,294,18505,89495,109342,30,2231,6962,30750,87,4293,19810,30750,69,601,5189,19738,24699,16,160,962,5391,5856,0,0,0,0,0,0,0,0,0,0,51,798,109,13656,18666,0,0,0,0,547,26588,155052,200202,0,0,0,0,0,0,0,0,0,0,0,0,0,0,0,0,547,26588,155052,200202,0,0,0,CV SURG,3,197,38,262,176,459,214,130,4,110,276,52,51,613,369,545,278,1320,974,157,213,53,34,0,505,974,1800,230,67,0,0,0,0,467,1333,3456,10083,2534520,6919,634200,No,28,6,22,0,Basic,Basic,0,0,0,1,0,0,365,0,3302,0,13186,76,8709,305,9530,7374,35092,7755,26,3667,1053,1,190,79,110,63,29,53,11,54,139,96,66,104,994,0,0,0,0,0,0,0,0,0,0,0,0,0,0,0,0,0,0,1,0,744,696,744,720,744,720,744,744,720,744,720,744,162g,65,141,12,Buena Vista/Castro/Eureka Valley/Forest Hill/Haight-Ashbury/Noe Valley/West of Twin Peaks,Urban,No,No,No,1,35092,500+,12
106380895,UCSF MEDICAL CENTER AT MOUNT ZION,1/1/04,12/31/04,Open,4/1/01,1/1/46,San Francisco,04 - West Bay,General Acute Care,University of California,Regents of the University of California,General Medical / Surgical,YES,140,1600 DIVISADERO STREET,SAN FRANCISCO,94115,415-353-2733,0,0,0,0,0,0,0,No,133,2423,8458,48769,0,0,0,0,0,0,0,0,7,37,305,870,2562,0,0,0,0,0,0,0,0,0,0,0,0,0,0,0,0,0,0,0,0,0,0,0,0,140,2460,9328,51331,0,0,0,0,0,0,0,0,0,0,0,0,0,0,0,0,140,2460,9328,51331,0,0,0,NEITHER,0,0,0,0,0,0,0,0,0,0,0,0,0,0,0,0,0,0,0,0,0,0,0,0,0,0,0,0,0,0,0,0,0,0,0,0,2049,475410,3250,359055,No,9,0,9,0,0,0,0,1,0,0,0,0,0,0,0,0,0,0,0,0,0,0,0,0,0,0,0,0,0,0,0,0,0,0,0,0,0,0,0,0,0,0,0,0,0,0,0,0,0,0,0,0,0,0,0,0,0,0,0,0,0,0,0,0,0,0,0,0,0,0,0,0,0,162h,66,136,8,Laurel Heights/Ocean Beach North/Richmond/Sutro Heights,Urban,No,No,No,1,0,100 - 149,0
106231396,UKIAH VALLEY MEDICAL CENTER/HOSPITAL DRIVE,1/1/04,12/31/04,Open,3/3/80,3/3/80,Mendocino,01 - Northern California,General Acute Care,Non-Profit Corporation (incl. Church-related),Adventist Health,General Medical / Surgical,NO,78,275 HOSPITAL DRIVE,UKIAH,95482,707-463-7585-1602,0,0,0,0,0,0,0,No,46,2727,9113,16836,16,904,1721,0,0,0,0,0,6,203,369,1207,2196,0,0,0,0,0,0,0,0,0,0,0,0,0,0,0,10,30,11,73,3660,0,0,0,0,78,3864,12114,28548,0,0,0,0,0,0,0,0,0,0,0,0,0,0,0,0,78,3864,12114,28548,0,0,0,CATH LAB,0,0,0,0,0,0,0,0,1,0,0,0,0,8,25,18,16,26,41,41,0,0,0,0,0,41,821,48,6,1,0,1,628,193,0,1317,1471,139086,3100,166011,No,4,0,4,0,Basic,Basic,0,0,0,1,0,0,3606,7,10030,58,4361,263,2423,655,2195,1162,22615,2145,14,0,472,0,0,0,0,0,0,0,0,0,0,0,0,0,0,0,0,0,0,0,0,0,0,0,0,0,0,0,0,0,0,0,0,0,1,744,696,744,720,744,720,744,744,720,744,720,744,93.1,54,135,1,Ukiah,Rural,No,No,No,1,22615,50 - 99,0
106370787,UNIVERSITY COMMUNITY MEDICAL CENTER,1/1/04,12/31/04,Open,3/1/65,3/1/65,San Diego,14 - San Diego/Imperial,General Acute Care,Investor - Corporation,"Quantum Health, Inc.",General Medical / Surgical,NO,100,5550 UNIVERSITY AVENUE,SAN DIEGO,92105,619-582-3800-8200,0,0,0,0,0,0,0,No,52,1929,10890,19032,0,0,0,0,0,0,0,0,5,98,0,976,1830,0,0,0,0,0,0,0,0,0,0,0,0,0,0,0,0,0,0,0,0,0,0,0,0,57,2027,11866,20862,0,0,0,0,43,1980,14207,15738,0,0,0,0,0,0,0,0,100,4007,26073,36600,0,0,0,NEITHER,0,0,0,0,0,0,0,0,0,0,0,0,0,0,0,0,0,0,0,0,0,0,0,0,0,0,0,0,0,0,0,0,0,0,0,0,127,8110,373,25059,Yes,2,0,2,0,Basic,Basic,0,0,0,1,0,0,669,18,4256,89,3187,228,1931,1297,648,441,10691,2073,4,0,265,0,0,0,0,0,0,0,0,0,0,0,0,0,0,0,0,0,0,0,0,0,0,0,0,0,0,0,0,0,0,0,0,1,1,744,696,744,720,744,720,744,744,720,744,720,744,161f,131,172,,La Mesa/Rolando South,Urban,No,No,No,1,10691,100 - 149,0
106100822,UNIVERSITY MEDICAL CENTER,1/1/04,12/31/04,Open,7/1/53,7/1/53,Fresno,09 - Central,General Acute Care,Non-Profit Corporation (incl. Church-related),Community Medical Centers,General Medical / Surgical,YES,274,445 SOUTH CEDAR AVENUE,FRESNO,93702,559-459-2710,0,0,0,0,0,0,0,No,154,7683,32294,56364,34,0,0,5124,14,991,3167,5124,26,280,0,7373,9516,0,0,0,0,0,0,0,0,0,0,6,146,0,2143,2196,15,0,0,0,5490,0,0,0,0,249,9100,44977,91134,0,0,0,0,0,0,0,0,25,147,6537,9150,0,0,0,0,274,9247,51514,100284,0,0,0,CATH LAB,0,0,0,0,0,0,0,0,1,0,0,0,0,209,10,100,3,309,13,13,0,0,0,0,0,13,0,0,0,0,0,0,0,0,0,0,3411,402505,2470,148200,Yes,7,0,7,0,Comprehensive,Comprehensive,0,0,0,0,1,1,2684,6,2411,3,23118,78,11456,1471,8495,4025,48164,5583,28,0,4676,0,0,0,0,0,0,0,0,0,0,0,0,0,0,1,1,0,0,0,0,0,0,0,0,0,0,0,0,48164,0,0,0,1,0,744,696,744,720,744,720,744,744,720,744,720,744,35d,84,149,20,Fresno East Central,Urban,No,No,No,0,0,200 - 299,0
106341006,UNIVERSITY OF CALIFORNIA DAVIS MEDICAL CENTER,1/1/04,12/31/04,Open,8/26/53,8/26/53,Sacramento,02 - Golden Empire,General Acute Care,University of California,UNIVERSITY OF CALIFORNIA REGENTS - OFFICE OF THE PRESIDENT,General Medical / Surgical,YES,580,2315 STOCKTON BOULEVARD,SACRAMENTO,95817,916-734-2011,1,1,0,0,0,0,0,No,369,19321,86727,135054,32,2982,8566,13272,40,2952,10961,13272,66,1014,3785,21894,24156,8,133,617,2714,2928,0,0,0,0,0,8,187,215,2826,2928,38,505,0,9633,13908,19,278,4888,6954,580,27372,148209,210912,0,0,0,0,0,0,0,0,0,0,0,0,0,0,0,0,580,27372,148209,210912,0,0,0,CV SURG,2,34,16,254,9,288,25,189,4,37,22,67,5,727,683,1192,190,2023,900,129,443,19,5,0,243,900,2641,293,72,1,1,1,1922,719,0,4378,10875,2202260,8045,823500,Yes,25,0,25,0,Comprehensive,Comprehensive,0,0,0,0,1,1,1622,9,5338,17,11712,377,11804,2919,15291,8912,45767,12234,42,144,9364,1,212,194,234,201,213,313,374,330,291,316,221,112,3011,1,1,0,0,0,1,1,0,0,0,0,0,0,0,45767,0,0,0,1,0,744,696,744,720,744,720,744,744,720,744,720,744,139f,62,139,5,Florin/Fruitridge/Oak Park/Parkway/South Sacramento,Urban,No,No,No,0,0,500+,61
106301279,UNIVERSITY OF CALIFORNIA IRVINE MEDICAL CENTER,1/1/04,12/31/04,Open,7/1/53,7/1/53,Orange,13 - Orange,General Acute Care,University of California,Regents of the University of California,General Medical / Surgical,YES,453,101 CITY DRIVE SOUTH,ORANGE,92668,714-456-5678,0,0,0,0,0,0,0,No,210,10556,50221,76860,30,1789,6333,8784,24,1471,5982,8784,48,1229,2499,14957,17568,0,0,0,0,0,0,0,0,0,0,8,162,104,1959,2928,30,51,346,3781,10980,19,295,4305,6954,369,15553,87538,135054,0,0,0,0,84,2058,17811,30744,0,0,0,0,0,0,0,0,453,17611,105349,165798,0,0,0,CV SURG,3,0,20,133,12,133,32,98,2,8,0,0,0,359,214,455,193,822,407,52,303,20,3,0,47,429,1222,224,69,0,0,0,0,331,891,3249,5074,1056845,5149,559962,Yes,15,0,15,0,Comprehensive,Comprehensive,0,0,0,0,1,1,530,5,537,6,11506,55,11202,784,10241,7016,34016,7866,34,3060,1068,1,165,163,112,18,61,22,82,39,69,18,24,84,857,1,1,0,0,0,0,0,0,0,0,0,0,0,0,34016,0,0,0,1,0,744,696,744,720,744,720,744,744,720,744,720,744,116r,125,166,40,Garden Grove North/Stanton,Urban,No,No,No,0,0,300 - 499,4
106370782,UNIVERSITY OF CALIF-SAN DIEGO MEDICAL CENTER,1/1/04,12/31/04,Open,7/1/53,7/1/53,San Diego,14 - San Diego/Imperial,General Acute Care,University of California,The Regents of the university of California,General Medical / Surgical,YES,421,200 WEST ARBOR DRIVE,SAN DIEGO,92103,619-543-5223,1,1,0,0,0,0,0,Yes,211,10384,45665,77226,37,3116,9588,0,0,0,0,0,38,584,2710,8743,13908,13,190,690,3984,4758,7,435,44,1940,2562,8,121,240,2401,2928,40,508,134,12143,14640,0,0,0,0,354,15338,84464,129564,0,0,0,0,67,1402,14611,24522,0,0,0,0,0,0,0,0,421,16740,99075,154086,0,0,0,CV SURG,3,0,0,87,84,87,84,41,2,0,0,0,0,102,109,670,499,772,608,56,256,12,0,0,214,546,2869,335,137,1,0,1,2045,824,0,5600,7178,1571217,3479,355095,Yes,15,4,11,0,Comprehensive,Comprehensive,0,0,0,0,1,1,1374,2,7642,12,6314,40,17316,3778,2126,1654,34772,5486,24,0,2126,1,121,130,116,90,53,90,129,127,100,122,73,76,1227,1,1,0,0,0,0,0,0,0,0,0,0,0,0,34772,0,0,0,1,0,744,696,744,720,744,720,744,744,720,744,720,744,161b,129,172,,Bay Park/Five Points/Hillcrest Northwest/Mission Hills/Mission Valley/Morena/Normal Heights/Old Town/Serra Mesa,Urban,No,No,No,0,0,300 - 499,8
106191216,"USC KENNETH NORRIS, JR. CANCER HOSPITAL",1/1/04,12/31/04,Open,4/11/83,4/11/83,Los Angeles,11 - Los Angeles,General Acute Care,Investor - Corporation,TENET HEALTHCARE,Other,NO,60,1441 EASTLAKE AVENUE,LOS ANGELES,90033,323-865-3000,0,0,0,0,0,0,0,No,47,2458,12765,17202,0,0,0,0,0,0,0,0,13,116,0,3405,4758,0,0,0,0,0,0,0,0,0,0,0,0,0,0,0,0,0,0,0,0,0,0,0,0,60,2574,16170,21960,0,0,0,0,0,0,0,0,0,0,0,0,0,0,0,0,60,2574,16170,21960,0,0,0,NEITHER,0,0,0,0,0,0,0,0,0,0,0,0,0,0,0,0,0,0,0,0,0,0,0,0,0,0,0,0,0,0,0,0,0,0,0,0,1228,272330,982,84229,No,5,0,5,0,0,0,0,1,0,0,0,0,0,0,0,0,0,0,0,0,0,0,0,0,0,0,0,0,0,0,0,0,0,0,0,0,0,0,0,0,0,0,0,0,0,0,0,0,0,0,0,0,0,0,0,0,0,0,0,0,0,0,0,0,0,0,0,0,0,0,0,0,0,78.2ffff,98,157,34,Boyle Heights Northwest/Chinatown/Downtown Northwest/Little Tokyo/Westlake,Urban,No,No,No,1,0,50 - 99,0
106194219,USC UNIVERSITY HOSPITAL,1/1/04,12/31/04,Open,5/17/91,5/17/91,Los Angeles,11 - Los Angeles,General Acute Care,Investor - Corporation,Tenet Health Corp,General Medical / Surgical,NO,269,1500 SAN PABLO STREET,LOS ANGELES,90033,323-442-8500-28656,0,0,0,0,0,0,0,No,215,7864,50429,78690,0,0,0,0,0,0,0,0,44,414,4577,13639,14144,0,0,0,0,0,0,0,0,0,0,0,0,0,0,0,0,0,0,0,0,0,0,0,0,259,8278,64068,92834,0,0,0,0,10,152,2370,3660,0,0,0,0,0,0,0,0,269,8430,66438,96494,0,0,0,CV SURG,2,0,0,377,79,377,79,104,2,0,0,0,0,115,37,278,66,393,103,44,109,11,2,0,30,199,0,0,0,0,0,0,0,0,0,0,5563,1324643,5148,475806,Yes,21,7,0,14,0,0,0,1,0,0,0,0,0,0,0,0,0,0,0,0,0,0,0,0,0,0,0,0,0,0,0,0,0,0,0,0,0,0,0,0,0,0,0,0,0,0,0,0,0,0,0,0,0,0,0,0,0,0,0,0,0,0,0,0,0,0,0,0,0,0,0,0,0,78.2ffff,98,157,34,Boyle Heights Northwest/Chinatown/Downtown Northwest/Little Tokyo/Westlake,Urban,No,No,No,1,0,200 - 299,3
106010983,VALLEY MEMORIAL HOSPITAL - LIVERMORE,1/1/04,12/31/04,Open,10/19/69,10/19/69,Alameda,05 - East Bay,General Acute Care,Non-Profit Corporation (incl. Church-related),,Long-Term Care (SN/IC),NO,75,1111 E. STANLEY BOULEVARD,LIVERMORE,94550,925-847-3000,0,0,0,0,0,0,0,No,25,0,0,9150,0,0,0,0,0,0,0,0,3,0,0,0,1098,7,0,0,0,2562,0,0,0,0,0,0,0,0,0,0,0,0,0,0,0,6,106,1346,2196,41,106,1346,15006,0,0,0,0,14,270,3472,5124,20,396,5581,7320,0,0,0,0,75,772,10399,27450,0,0,0,NEITHER,0,0,0,0,0,0,0,0,0,0,0,0,0,0,0,0,0,0,0,0,0,0,0,0,0,0,0,0,0,0,0,0,0,0,0,0,0,0,0,0,No,0,0,0,0,0,0,0,1,0,0,0,0,0,0,0,0,0,0,0,0,0,0,0,0,0,0,0,0,0,0,0,0,0,0,0,0,0,0,0,0,0,0,0,0,0,0,0,0,0,0,0,0,0,0,0,0,0,0,0,0,0,0,0,0,0,0,0,0,0,0,0,0,0,1.2,68,142,10,Altamont/Livermore East/Midway/Mountain House/Scotts Corner,Urban,No,No,No,1,0,50 - 99,0
106190812,VALLEY PRESBYTERIAN HOSPITAL,1/1/04,12/31/04,Open,1/21/58,1/21/58,Los Angeles,11 - Los Angeles,General Acute Care,Non-Profit Corporation (incl. Church-related),"Health Dynamics, Incorporated",General Medical / Surgical,NO,380,15107 VAN OWEN STREET,VAN NUYS,91405,818-782-6600,0,0,0,0,0,0,0,No,218,6071,22626,63507,58,4293,11238,10122,25,1454,4000,10122,30,495,843,6249,9036,0,0,0,0,2673,0,0,0,0,0,0,0,0,0,0,32,419,51,8328,11712,17,161,1251,6222,380,12893,53692,117210,0,0,0,0,0,0,0,0,0,0,0,0,0,0,0,0,380,12893,53692,117210,0,0,0,CV SURG,1,0,2,33,0,33,2,33,1,0,0,0,0,482,405,0,0,482,405,0,239,160,0,0,0,407,3657,168,36,1,1,0,465,1302,1890,8097,2620,376751,1385,117925,Yes,9,0,9,0,Basic,Basic,0,0,0,1,0,0,1689,29,8288,36,10697,219,7736,611,5179,3564,33589,4459,29,1689,1919,1,1178,346,270,80,41,53,74,133,130,218,237,261,3021,0,0,0,0,0,0,0,0,0,0,0,0,0,0,0,0,0,0,0,1,744,696,744,720,744,720,744,744,720,744,720,744,78.2zz,93,153,27,Northridge South/Reseda North,Urban,No,No,No,1,33589,300 - 499,8
106014050,VALLEYCARE MEDICAL CENTER,1/1/04,12/31/04,Open,12/9/91,12/9/91,Alameda,05 - East Bay,General Acute Care,Non-Profit Corporation (incl. Church-related),ValleyCare Medical Center,General Medical / Surgical,NO,137,5555 WEST LAS POSITAS BLVD.,PLEASANTON,94588,925-847-3000,0,0,0,0,0,0,0,No,92,5048,25766,33672,15,1429,3662,1464,4,245,578,1464,13,34,179,883,2700,9,184,220,1093,1922,0,0,0,0,0,0,0,0,0,0,4,217,55,1169,1464,0,0,0,0,137,7157,33151,46712,0,0,0,0,0,0,0,0,0,0,0,0,0,0,0,0,137,7157,33151,46712,0,0,0,CATH LAB,0,0,0,0,0,0,0,0,1,0,0,0,0,192,99,80,3,272,102,10,97,5,0,0,2,114,1399,50,3,0,0,0,0,427,972,2900,2119,299931,5466,358808,Yes,11,4,7,0,Basic,Basic,0,0,0,1,0,0,325,1,5475,2,10126,28,6071,2781,1432,1301,23429,4113,12,0,444,1,0,2,0,3,0,0,0,0,1,27,29,4,66,0,0,0,0,0,0,0,0,0,0,0,0,0,0,0,0,0,0,0,1,744,696,744,720,744,720,744,744,720,744,720,744,2k,71,143,11,Dublin/Pleasanton/Santa Rita/Sunol,Urban,No,No,No,1,23429,100 - 149,0
106560481,VENTURA COUNTY MEDICAL CENTER,1/1/04,12/31/04,Open,7/1/53,7/1/53,Ventura,10 - Santa Barbara/Ventura,General Acute Care,City and/or County,,General Medical / Surgical,NO,223,3291 LOMA VISTA ROAD,VENTURA,93003,805-652-6000,0,0,0,0,0,0,0,Yes,88,4634,19863,32208,28,2208,6105,5856,16,805,2231,5856,9,216,642,2372,3294,9,0,0,0,3294,0,0,0,0,0,0,0,0,0,0,30,407,371,4395,10980,0,0,0,0,180,8270,34966,65880,0,0,0,0,43,2069,13886,15738,0,0,0,0,0,0,0,0,223,10339,48852,81618,0,0,0,NEITHER,0,0,0,0,0,0,0,0,0,0,0,0,0,0,0,0,0,0,0,0,0,0,0,0,0,0,2104,69,22,0,0,0,0,555,1549,3891,2702,192156,1509,69051,No,6,0,6,0,Basic,Basic,0,0,0,1,0,0,5280,39,11832,195,7669,711,3532,1408,4289,3429,32602,5782,16,0,1081,1,302,213,134,96,133,156,97,68,103,50,28,72,1452,0,0,0,0,0,0,0,0,0,0,0,0,0,0,0,0,0,0,0,1,744,696,744,720,744,720,744,744,720,744,720,744,241c,88,152,24,Ventura,Urban,No,No,No,1,32602,200 - 299,0
106190818,VERDUGO HILLS HOSPITAL,1/1/04,12/31/04,Open,12/8/72,12/8/72,Los Angeles,11 - Los Angeles,General Acute Care,Non-Profit Corporation (incl. Church-related),,General Medical / Surgical,NO,158,1812 VERDUGO BOULEVARD,GLENDALE,91208,818-790-7100,0,0,0,0,0,0,0,No,68,3998,16645,24888,12,1007,2677,0,0,0,0,0,6,157,313,1631,2196,6,0,0,0,2196,0,0,0,0,0,0,0,0,0,0,0,0,0,0,0,0,0,0,0,92,5162,20953,33672,0,0,0,0,24,559,7620,8784,42,593,13322,15372,0,0,0,0,158,6314,41895,57828,0,0,0,NEITHER,0,0,0,0,0,0,0,0,0,0,0,0,0,0,0,0,0,0,0,0,0,0,0,0,0,0,940,18,0,1,1,0,606,334,0,2287,1895,202061,2903,155743,No,6,0,6,0,Basic,Basic,0,0,0,1,0,0,3740,312,11965,2193,399,0,160,0,1325,628,17589,3133,12,0,0,1,375,338,193,192,362,119,117,188,207,130,118,138,2477,0,0,0,0,0,0,0,0,0,0,0,0,0,0,0,0,0,0,0,1,744,696,744,720,744,720,744,744,720,744,720,744,78.2dd,96,154,29,Burbank South/Eagle Rock/Glendale Northwest,Urban,No,No,No,1,17589,150 - 199,0
106361370,VICTOR VALLEY COMMUNITY HOSPITAL,1/1/04,12/31/04,Open,11/13/64,11/13/64,San Bernardino,12 - Inland Counties,General Acute Care,City and/or County,,General Medical / Surgical,NO,115,15248 ELEVENTH STREET,VICTORVILLE,92392,760-245-8691,0,0,0,0,0,0,0,No,64,3670,11839,23424,9,1317,2728,5124,14,680,1831,5124,10,106,402,1443,3660,0,0,0,0,0,0,0,0,0,0,0,0,0,0,0,2,56,108,428,732,0,0,0,0,99,5829,18269,36234,0,0,0,0,16,719,2312,5856,0,0,0,0,0,0,0,0,115,6548,20581,42090,0,0,0,NEITHER,0,0,0,0,0,0,0,0,1,0,0,0,0,115,0,162,0,277,0,0,0,0,0,0,0,0,1252,64,11,0,0,0,0,472,780,2279,1028,90873,3394,286647,Yes,5,0,5,0,Basic,Basic,0,0,0,1,0,0,3776,110,12601,130,6200,542,3195,605,1400,1335,27172,2722,13,0,0,1,472,376,101,87,80,148,98,80,113,91,82,52,1780,0,0,0,0,0,0,0,0,0,0,0,0,0,0,0,0,0,0,0,1,744,696,744,720,744,720,744,744,720,744,720,744,145.1a,89,150,25,Hesperia West/Mountain View Acres/Victorville Central and South,Urban,No,No,No,1,27172,100 - 149,0
106190049,VISTA SPECIALTY HOSPITAL OF SAN GABRIEL VALLEY,1/1/04,12/31/04,Open,12/23/03,6/8/56,Los Angeles,11 - Los Angeles,General Acute Care,Investor - Partnership,Vista Specialty Hospital of San Gabriel Valley,General Medical / Surgical,NO,95,14148 FRANCISQUITO AVENUE,BALDWIN PARK,91706,626-388-2700-2703,0,0,0,0,0,0,0,No,63,120,3135,23058,0,0,0,0,0,0,0,0,8,5,0,174,2928,0,0,0,0,0,0,0,0,0,0,0,0,0,0,0,0,0,0,0,0,0,0,0,0,71,125,3309,25986,0,0,0,0,24,0,0,8784,0,0,0,0,0,0,0,0,95,125,3309,34770,0,0,0,NEITHER,0,0,0,0,0,0,0,0,0,0,0,0,0,0,0,0,0,0,0,0,0,0,0,0,0,0,0,0,0,0,0,0,0,0,0,0,26,2280,27,1740,No,3,0,3,0,0,0,0,1,0,0,0,0,0,0,0,0,0,0,0,0,0,0,0,0,0,0,0,0,0,0,0,0,0,0,0,0,0,0,0,0,0,0,0,0,0,0,0,0,0,0,0,0,0,0,0,0,0,0,0,0,0,0,0,0,0,0,0,0,0,0,0,0,0,78.2yyy,110,157,32,Bassett/Industry West/La Puente,Urban,No,No,No,1,0,50 - 99,0
106010987,WASHINGTON HOSPITAL - FREMONT,1/1/04,12/31/04,Open,11/19/58,11/19/58,Alameda,05 - East Bay,General Acute Care,District,,General Medical / Surgical,NO,337,2000 MOWRY AVENUE,FREMONT,94538,510-797-1111,0,0,0,0,0,0,0,No,272,11397,49721,99552,22,3070,7681,5490,15,612,1277,5490,12,283,1368,3664,4392,16,294,1365,4544,5856,0,0,0,0,0,0,0,0,0,0,0,0,0,0,0,0,0,0,0,337,15656,66887,123342,0,0,0,0,0,0,0,0,0,0,0,0,0,0,0,0,337,15656,66887,123342,0,0,0,CV SURG,2,0,0,192,1,192,1,171,3,0,0,0,0,723,761,827,52,1550,813,160,713,181,0,1,1819,2887,2899,209,13,1,0,1,2141,758,0,5848,3263,469050,827,66676,No,7,1,6,0,Basic,Basic,0,0,0,1,0,0,2394,1,12841,36,13140,485,6944,3906,4737,3792,40056,8220,23,0,1917,1,22,4,16,6,0,0,0,23,2,13,2,0,88,0,0,0,0,0,0,0,0,0,0,0,0,0,0,0,0,0,0,1,0,744,696,744,720,744,720,744,744,720,744,720,744,2l,73,143,13,Fremont East/Niles/Union City Central,Urban,No,No,No,1,40056,300 - 499,13
106444013,WATSONVILLE COMMUNITY HOSPITAL,1/1/04,12/31/04,Open,4/24/98,4/24/98,Santa Cruz,08 - Mid-Coast,General Acute Care,Investor - Corporation,Community Health Systems,General Medical / Surgical,NO,106,75 NIELSON STREET,WATSONVILLE,95076,831-724-4741,0,0,0,0,0,0,0,No,72,3859,15499,26352,18,1832,4037,0,0,0,0,0,3,169,0,761,1098,3,169,0,762,1098,0,0,0,0,0,0,0,0,0,0,10,185,0,1170,3660,0,0,0,0,106,6214,22229,38796,0,0,0,0,0,0,0,0,0,0,0,0,0,0,0,0,106,6214,22229,38796,0,0,0,CATH LAB,0,0,0,0,0,0,0,0,1,0,0,0,0,22,55,44,0,66,55,55,0,0,0,0,0,55,1705,37,3,0,0,0,0,456,1249,3317,2108,239104,1310,99864,Yes,4,0,4,0,Basic,Basic,0,0,0,1,0,0,2682,4,11889,66,4879,189,3481,1315,1767,1363,24698,2937,12,3052,210,1,110,68,11,43,133,148,70,23,53,5,54,33,751,0,0,0,0,0,0,0,0,0,0,0,0,0,0,0,0,0,0,0,1,744,696,744,720,744,720,744,744,720,744,720,744,184,81,148,17,Freedom/Watsonville,Urban,No,No,No,1,24698,100 - 149,0
106301379,WEST ANAHEIM MEDICAL CENTER,1/1/04,12/31/04,Open,8/5/64,8/5/64,Orange,13 - Orange,General Acute Care,Investor - Partnership,Vanguard Health Systems,General Medical / Surgical,NO,219,3033 WEST ORANGE AVENUE,ANAHEIM,92804,714-827-3000,0,0,0,0,0,0,0,No,147,7535,23811,53802,0,0,0,0,0,0,0,0,10,251,493,2267,3660,10,251,492,2267,3660,0,0,0,0,0,0,0,0,0,0,0,0,0,0,0,0,0,0,0,167,8037,28345,61122,0,0,0,0,30,479,6183,10980,22,514,6132,8052,0,0,0,0,219,9030,40660,80154,0,0,0,CV SURG,1,0,0,22,0,22,0,0,1,0,0,0,0,460,361,98,0,558,361,0,343,47,0,0,0,390,0,0,0,0,0,0,0,0,0,0,2335,345875,2153,199021,Yes,7,0,7,0,Basic,Basic,0,0,0,1,0,0,875,0,1770,0,9607,736,7757,2040,1877,1877,21886,4653,23,2918,1947,1,117,146,103,71,31,29,19,63,69,74,40,79,841,0,0,0,0,0,0,0,0,0,0,0,0,0,0,0,0,0,0,1,0,744,696,744,720,744,720,744,744,720,744,720,744,116c,120,167,40,Anaheim West,Urban,No,No,No,1,21886,200 - 299,0
106190859,WEST HILLS HOSPITAL AND MEDICAL CENTER,1/1/04,12/31/04,Open,11/7/62,11/7/62,Los Angeles,11 - Los Angeles,General Acute Care,Investor - Corporation,HCA The Healthcare Company,General Medical / Surgical,NO,236,7300 MEDICAL CENTER DRIVE,CANOGA PARK,91307,818-676-4000,0,0,0,0,0,0,0,No,161,5709,27057,58926,24,1331,3911,0,0,0,0,0,8,157,467,2167,2928,8,139,436,2262,2928,0,0,0,0,0,0,0,0,0,0,11,113,52,1747,4026,0,0,0,0,212,7449,37144,77592,0,0,0,0,0,0,0,0,24,617,4261,8784,0,0,0,0,236,8066,41405,86376,0,0,0,CV SURG,1,0,0,44,16,44,16,56,1,0,0,0,0,287,197,169,48,456,245,0,50,124,0,0,43,217,1234,68,18,1,1,0,739,493,2,2928,2139,264780,1178,117960,Yes,7,0,7,0,Basic,Basic,0,0,0,1,0,0,9109,286,10854,126,6621,1266,3079,1983,860,642,30523,4303,14,0,684,1,229,215,188,144,170,225,222,191,200,180,180,251,2395,0,0,0,0,0,0,0,0,0,0,0,0,0,0,0,0,0,0,0,1,744,696,744,720,744,720,744,744,720,744,720,744,78.2xx,93,156,30,Agoura Hills/Calabasas/Hidden Hills/West Hills/Westlake,Urban,No,No,No,1,30523,200 - 299,0
106301566,WESTERN MEDICAL CENTER - SANTA ANA,1/1/04,12/31/04,Open,4/19/75,4/19/75,Orange,13 - Orange,General Acute Care,Investor - Limited Liability Company,Tenet Health Systems,General Medical / Surgical,NO,282,1001 NORTH TUSTIN AVENUE,SANTA ANA,92705,714-953-3500,0,0,0,0,0,0,0,No,111,6800,27082,40626,52,3769,9236,9516,26,525,1487,9516,42,1338,1861,7958,15372,0,0,0,0,0,0,0,0,0,0,7,159,0,1266,2286,16,151,107,4441,5856,0,0,0,0,254,12742,51470,92688,0,0,0,0,28,433,7024,10248,0,0,0,0,0,0,0,0,282,13175,58494,102936,0,0,0,CV SURG,1,0,0,109,0,109,0,92,2,0,0,0,0,461,264,412,191,873,455,119,283,17,0,1,33,455,3616,220,46,1,0,1,2434,1182,0,6600,3354,416640,3023,236160,Yes,11,0,11,0,Basic,Basic,0,0,0,1,0,1,3536,59,9175,365,4896,935,3893,2145,2638,2237,24138,5741,20,15169,690,1,35,68,80,78,68,82,89,67,54,42,48,53,764,1,0,1,0,0,0,0,0,0,0,0,0,0,0,0,24138,0,0,1,0,744,696,744,720,744,720,744,744,720,744,720,744,116h,122,166,48,City of Orange South/Santa Ana North/Tustin Foothills/Tustin West,Urban,No,No,No,0,0,200 - 299,2
106301188,WESTERN MEDICAL CENTER HOSPITAL - ANAHEIM,1/1/04,12/31/04,Open,12/29/72,12/29/72,Orange,13 - Orange,General Acute Care,Investor - Corporation,Tenet HealthSystems,General Medical / Surgical,NO,188,1025 SOUTH ANAHEIM BLVD.,ANAHEIM,92805,714-533-6220,0,0,0,0,0,0,0,Yes,56,2020,8021,20496,14,3034,6506,0,0,0,0,0,22,476,0,3072,8052,0,0,0,0,0,0,0,0,0,0,0,0,0,0,0,5,145,0,1206,1830,0,0,0,0,97,5675,18805,35502,0,0,0,0,91,1899,23520,33306,0,0,0,0,0,0,0,0,188,7574,42325,68808,0,0,0,CV SURG,2,0,0,162,0,162,0,162,2,0,0,0,0,199,312,597,32,796,344,65,268,5,0,1,5,344,2952,97,12,1,0,1,2176,728,48,5904,908,144180,977,121080,No,5,0,5,0,Basic,Basic,0,0,0,1,0,0,3616,21,7357,241,3353,198,2136,266,2226,536,18688,1262,11,13730,158,1,12,44,50,43,0,33,30,25,10,4,20,30,301,0,0,0,0,0,0,0,0,0,0,0,0,0,0,0,0,0,0,0,1,744,696,744,720,744,720,744,744,720,744,720,744,116l,122,167,47,Anaheim Central,Urban,No,No,No,1,18688,150 - 199,0
106190878,WHITE MEMORIAL MEDICAL CENTER,1/1/04,12/31/04,Open,1/1/46,1/1/46,Los Angeles,11 - Los Angeles,General Acute Care,Non-Profit Corporation (incl. Church-related),Adventist health,General Medical / Surgical,YES,369,1720 CESAR E. CHAVEZ AVENUE,LOS ANGELES,90033,323-268-5000,0,0,0,0,0,0,0,No,154,7242,35783,56364,30,3469,8212,10980,30,2019,6980,10980,20,221,566,4334,7320,8,165,541,2201,2928,0,0,0,0,0,0,0,0,0,0,29,430,130,7607,10614,22,474,5846,8052,293,14020,70963,107238,0,0,0,0,35,1702,9283,12810,41,830,12320,15006,0,0,0,0,369,16552,92566,135054,0,0,0,CV SURG,2,0,0,137,20,137,20,137,2,0,0,0,0,630,352,300,8,930,360,100,197,15,0,0,46,360,3562,195,68,1,1,0,6,1009,2547,7703,2566,326943,2699,204957,No,8,0,8,0,Basic,Basic,0,0,0,1,0,0,2738,12,12002,266,8096,908,6266,2089,5440,3733,34542,7008,18,2586,3377,0,0,0,0,0,0,0,0,0,0,0,0,0,0,0,0,0,0,0,0,0,0,0,0,0,0,0,0,0,0,0,0,0,1,744,696,744,720,744,720,744,744,720,744,720,744,78.2ffff,99,155,34,Boyle Heights Northwest/Chinatown/Downtown Northwest/Little Tokyo/Westlake,Urban,No,No,No,1,34542,300 - 499,2
106190883,WHITTIER HOSPITAL MEDICAL CENTER,11/1/04,12/31/04,Open,5/5/57,5/5/57,Los Angeles,11 - Los Angeles,General Acute Care,Investor - Partnership,AHMC Health Care Ink.,General Medical / Surgical,NO,181,9080 COLIMA ROAD,WHITTIER,90605,562-945-3561-1592,0,0,0,0,0,0,0,No,107,838,3221,39162,28,383,943,2928,8,51,79,2928,16,82,0,705,5856,0,0,0,0,0,0,0,0,0,0,0,0,0,0,0,0,0,0,0,0,0,0,0,0,159,1354,4948,58194,0,0,0,0,0,0,0,0,22,0,1342,8052,0,0,0,0,181,1354,6290,66246,0,0,0,NEITHER,0,0,0,0,0,0,0,0,0,0,0,0,0,0,0,0,0,0,0,0,0,0,0,0,0,0,378,4,4,0,0,0,255,123,0,802,294,35800,468,34852,Yes,5,0,5,0,Basic,Basic,0,0,0,1,0,0,22,0,80,0,33,0,59,0,78,0,272,0,10,995,180,1,0,0,0,0,0,0,0,0,0,0,208,299,507,0,0,0,0,0,0,0,0,0,0,0,0,0,0,0,0,0,0,0,1,744,696,744,720,744,720,744,744,720,744,720,744,78.2uu,113,163,42,La Habra Heights/Whittier,Urban,No,No,No,1,272,150 - 199,0
106571086,WOODLAND MEMORIAL HOSPITAL,1/1/04,12/31/04,Open,3/29/67,3/29/67,Yolo,02 - Golden Empire,General Acute Care,Non-Profit Corporation (incl. Church-related),Catholic Healthcare West,General Medical / Surgical,NO,108,1325 COTTONWOOD STREET,WOODLAND,95695,530-662-3961,0,0,0,0,0,0,0,Yes,62,5169,8380,32277,7,631,1308,2562,7,128,236,2562,8,217,103,1517,2928,0,0,0,0,0,0,0,0,0,0,0,0,0,0,0,4,17,8,32,1464,0,0,0,0,88,6162,11473,41793,0,0,0,0,20,260,1854,220,0,0,0,0,0,0,0,0,108,6422,13327,42013,0,0,0,CATH LAB,0,0,0,0,0,0,0,0,1,0,0,0,0,49,0,54,0,103,0,0,0,0,0,0,0,0,673,19,1,0,0,0,0,151,522,1254,1403,122702,4790,304935,Yes,9,4,5,0,Basic,Basic,0,0,0,1,0,0,689,0,2725,0,7737,4,6262,1045,1827,694,19240,1743,12,0,403,1,0,12,6,0,5,2,6,2,19,1,3,0,56,0,0,0,0,0,0,0,0,0,0,0,0,0,0,0,0,0,0,0,1,744,696,744,720,744,720,744,744,720,744,720,744,246.1,61,138,2,Woodland,Urban,No,No,No,1,19240,100 - 149,0
706431013,AGNEWS STATE HOSPITAL,1/1/04,12/31/04,Open,8/29/75,8/29/75,Santa Clara,07 - Santa Clara,General Acute Care,State,Department of Developmental Services,Developmentally Disabled,NO,919,3500 ZANKER ROAD,SAN JOSE,95134-2299,451-451-6000-6278,0,0,0,0,0,0,0,No,16,2,6,5856,0,0,0,0,0,0,0,0,0,0,0,0,0,0,0,0,0,0,0,0,0,0,0,0,0,0,0,0,0,0,0,0,0,0,0,0,0,16,2,6,5856,0,0,0,0,0,0,0,0,362,20,27411,132492,0,0,0,0,919,37,116774,336354,0,0,0,NEITHER,0,0,0,0,0,0,0,0,0,0,0,0,0,0,0,0,0,0,0,0,0,0,0,0,0,0,0,0,0,0,0,0,0,0,0,0,0,0,0,0,No,0,0,0,0,0,0,0,1,0,0,0,0,0,0,0,0,0,0,0,0,0,0,0,0,0,0,0,0,0,0,0,0,0,0,0,0,0,0,0,0,0,0,0,0,0,0,0,0,0,0,0,541,198006,15,89357,0,0,0,0,0,0,0,0,0,0,0,0,0,0,0,0,0,0,183o,75,143,16,Milpitas West/Santa Clara Northeast,Urban,No,No,Yes,1,0,500+,0
706400683,ATASCADERO STATE HOSPITAL,1/1/04,12/31/04,Open,6/16/54,6/16/54,San Luis Obispo,08 - Mid-Coast,Acute Psychiatric,State,State of California Department of Mental Health,Psychiatric,NO,1191,P O BOX 7001,ATASCADERO,93423,805-468-2001,0,0,0,0,0,0,0,No,0,0,0,0,0,0,0,0,0,0,0,0,0,0,0,0,0,0,0,0,0,0,0,0,0,0,0,0,0,0,0,0,0,0,0,0,0,0,0,0,0,0,0,0,0,0,0,0,0,132,0,0,48312,0,0,0,0,1059,0,0,387594,1191,0,0,435906,0,0,0,NEITHER,0,0,0,0,0,0,0,0,0,0,0,0,0,0,0,0,0,0,0,0,0,0,0,0,0,0,0,0,0,0,0,0,0,0,0,0,0,0,0,0,No,0,0,0,0,0,0,1,0,0,0,0,0,0,0,0,0,0,0,0,0,0,0,0,0,0,0,0,0,0,0,0,0,0,0,0,0,0,0,0,0,0,0,0,0,0,0,0,0,0,0,0,0,0,0,0,0,0,0,0,0,0,0,0,0,0,0,0,0,0,0,0,0,0,170,86,148,22,Atascadero/Templeton,Rural,No,No,Yes,1,0,500+,0
706301781,FAIRVIEW DEVELOPMENTAL CENTER,1/1/04,12/31/04,Open,3/31/59,3/31/59,Orange,13 - Orange,General Acute Care,State,,Developmentally Disabled,NO,1218,2501 HARBOR BOULEVARD,COSTA MESA,92626,714-957-5000,0,0,0,0,0,0,0,No,30,1,31,10980,0,0,0,0,0,0,0,0,0,0,0,0,0,0,0,0,0,0,0,0,0,0,0,0,0,0,0,0,0,0,0,0,0,0,0,0,0,30,1,31,10980,0,0,0,0,0,0,0,0,396,12,2286,144936,0,0,0,0,1218,69,14592,445788,0,0,0,NEITHER,0,0,0,0,0,0,0,0,0,0,0,0,0,0,0,0,0,0,0,0,0,0,0,0,0,0,0,0,0,0,0,0,0,0,0,0,0,0,0,0,No,0,0,0,0,0,0,0,1,0,0,0,0,0,0,0,0,0,0,0,0,0,0,0,0,0,0,0,0,0,0,0,0,0,0,0,0,0,0,0,0,0,0,0,0,0,0,0,0,0,0,0,792,289872,56,12275,0,0,0,0,0,0,0,0,0,0,0,0,0,0,0,0,0,0,116p,121,168,46,Costa Mesa,Urban,No,No,Yes,1,0,500+,0
706191014,LANTERMAN DEVELOPMENTAL CENTER,1/1/04,12/31/04,Open,1/1/72,1/1/72,Los Angeles,11 - Los Angeles,General Acute Care,State,,Developmentally Disabled,NO,1258,3530 POMONA BOULEVARD,POMONA,91768,909-595-1221-7250,0,0,0,0,0,0,0,No,39,6,929,21162,0,0,0,0,0,0,0,0,0,0,0,0,0,0,0,0,0,0,0,0,0,0,0,0,0,0,0,0,0,0,0,0,0,0,0,0,0,39,6,929,21162,0,0,0,0,0,0,0,0,311,8,47762,113826,0,0,0,0,1258,31,212780,467316,0,0,0,NEITHER,0,0,0,0,0,0,0,0,0,0,0,0,0,0,0,0,0,0,0,0,0,0,0,0,0,0,0,0,0,0,0,0,0,0,0,0,0,0,0,0,Yes,0,0,0,0,0,0,0,1,0,0,0,0,0,0,0,0,0,0,0,0,0,0,0,0,0,0,0,0,0,0,0,0,0,0,0,0,0,0,0,0,0,0,0,0,0,0,0,0,0,0,0,908,332328,17,164089,0,0,0,0,0,0,0,0,0,0,0,0,0,0,0,0,0,0,78.2vvv,114,165,38,Diamond Bar/Industry East/Phillips Ranch/Pomona West/Walnut,Urban,No,No,Yes,1,0,500+,0
706190958,METROPOLITAN STATE HOSPITAL,1/1/04,12/31/04,Open,2/16/16,2/16/16,Los Angeles,11 - Los Angeles,Acute Psychiatric,State,NOT APPLICABLE,Psychiatric,NO,1254,11400 SOUTH NORWALK BOULEVARD,NORWALK,90650,562-651-2255,0,0,0,0,0,0,0,Yes,0,0,0,0,0,0,0,0,0,0,0,0,0,0,0,0,0,0,0,0,0,0,0,0,0,0,0,0,0,0,0,0,0,0,0,0,0,0,0,0,0,0,0,0,0,0,0,0,0,1132,473,230414,402661,102,17,20158,37332,20,0,1303,3800,1254,490,251875,443793,0,0,0,NEITHER,0,0,0,0,0,0,0,0,0,0,0,0,0,0,0,0,0,0,0,0,0,0,0,0,0,0,0,0,0,0,0,0,0,0,0,0,0,0,0,0,No,0,0,0,0,0,0,1,0,0,0,0,0,17,0,37,0,0,0,0,0,0,0,54,0,0,0,0,0,0,0,0,0,0,0,0,0,0,0,0,0,0,0,0,0,0,0,0,0,0,0,0,0,0,0,0,0,0,0,0,0,0,0,0,0,0,0,0,0,0,0,0,0,0,78.2vv,109,163,38,Los Nietos/Santa Fe Springs Northeast,Urban,No,No,Yes,1,54,500+,0
706281297,N M HOLDERMAN MEMORIAL HOSPITAL (VETS HOME OF CAL,1/1/04,12/31/04,Open,11/13/33,11/13/33,Napa,03 - North Bay,General Acute Care,State,State of California,General Medical / Surgical,NO,809,P.O. BOX 1200,YOUNTVILLE,94599,707-944-4600,1,1,1,1,0,0,0,No,30,228,1106,10980,0,0,0,0,0,0,0,0,0,0,0,0,0,0,0,0,0,0,0,0,0,0,0,0,0,0,0,0,0,0,0,0,0,0,0,0,0,30,228,1106,10980,0,0,0,0,6,0,0,2196,376,289,76021,137616,397,122,53055,145302,809,639,130182,296094,0,0,0,NEITHER,0,0,0,0,0,0,0,0,0,0,0,0,0,0,0,0,0,0,0,0,0,0,0,0,0,0,0,0,0,0,0,0,0,0,0,0,4,71,263,4341,Yes,3,0,3,0,0,0,0,1,0,0,0,0,0,0,0,0,0,0,0,0,0,0,0,0,0,0,0,0,0,0,0,0,0,0,0,0,0,0,0,0,0,0,0,0,0,0,0,0,0,0,0,0,0,0,0,0,0,0,0,0,1,0,0,0,0,0,0,0,0,0,0,0,0,112.2,60,135,1,Napa Northeast/Rutherford/Yountville,Rural,No,No,Yes,1,0,500+,0
706281266,NAPA STATE HOSPITAL,1/1/04,12/31/04,Open,1/1/46,1/1/46,Napa,03 - North Bay,Acute Psychiatric,State,Department of Mental Health,Psychiatric,NO,1362,2100 NAPA-VALLEJO HIGHWAY,NAPA,94558,707-253-5000,0,0,0,0,0,0,0,No,0,0,0,0,0,0,0,0,0,0,0,0,0,0,0,0,0,0,0,0,0,0,0,0,0,0,0,0,0,0,0,0,0,0,0,0,0,0,0,0,0,0,0,0,0,0,0,0,0,151,28,8418,55266,36,12,7915,13176,1175,342,397787,430050,1362,382,414120,498492,0,0,0,NEITHER,0,0,0,0,0,0,0,0,0,0,0,0,0,0,0,0,0,0,0,0,0,0,0,0,0,0,0,0,0,0,0,0,0,0,0,0,0,0,0,0,Yes,1,0,0,1,0,0,1,0,0,0,0,0,0,0,0,0,0,0,0,0,0,0,0,0,0,0,0,0,0,0,0,0,0,0,0,0,0,0,0,0,0,0,0,0,0,0,0,0,0,0,0,0,0,0,0,0,0,0,0,0,0,0,0,0,0,0,0,0,0,0,0,0,0,112.1,60,135,1,Napa Central,Urban,No,No,Yes,1,0,500+,0
706361768,PATTON STATE HOSPITAL,1/1/04,12/31/04,Open,9/29/75,9/29/75,San Bernardino,12 - Inland Counties,Acute Psychiatric,State,,Psychiatric,NO,1287,3102 E. HIGHLAND AVENUE,PATTON,92369,909-425-7000,0,0,0,0,0,0,0,No,0,0,0,0,0,0,0,0,0,0,0,0,0,0,0,0,0,0,0,0,0,0,0,0,0,0,0,0,0,0,0,0,0,0,0,0,0,0,0,0,0,0,0,0,0,0,0,0,0,394,1788,152686,144126,0,0,0,0,893,1734,365980,326838,1287,3522,518666,470964,0,0,0,NEITHER,0,0,0,0,0,0,0,0,0,0,0,0,0,0,0,0,0,0,0,0,0,0,0,0,0,0,0,0,0,0,0,0,0,0,0,0,0,0,0,0,No,0,0,0,0,0,0,1,0,0,0,0,0,0,0,0,0,0,0,0,0,0,0,0,0,0,0,0,0,0,0,0,0,0,0,0,0,0,0,0,0,0,0,0,0,0,0,0,0,0,0,0,0,0,0,0,0,0,0,0,0,0,0,0,0,0,0,0,0,0,0,0,0,0,151k,112,164,41,Highland/San Bernardino East,Urban,No,No,Yes,1,0,500+,0
706541123,PORTERVILLE DEVELOPMENTAL CENTER,1/1/04,12/31/04,Open,6/3/53,6/3/53,Tulare,09 - Central,General Acute Care,State,State of California,Long-Term Care (SN/IC),NO,1210,26501 AVENUE 140,PORTERVILLE,93258,559-782-2222-2360,0,0,0,0,0,0,0,No,42,5,1015,15372,0,0,0,732,2,1,624,732,0,0,0,0,0,0,0,0,0,0,0,0,0,0,0,0,0,0,0,0,0,0,0,0,0,0,0,0,0,44,6,1639,16104,0,0,0,0,0,0,0,0,239,12,53456,87474,0,0,0,0,1210,86,275863,407860,0,0,0,NEITHER,0,0,0,0,0,0,0,0,0,0,0,0,0,0,0,0,0,0,0,0,0,0,0,0,0,0,0,0,0,0,0,0,0,0,0,0,0,0,0,0,No,0,0,0,0,0,0,0,1,0,0,0,0,0,0,0,0,0,0,0,0,0,0,0,0,0,0,0,0,0,0,0,0,0,0,0,0,0,0,0,0,0,0,0,0,0,0,0,0,0,0,0,927,304282,68,220768,0,0,0,0,0,0,0,0,0,0,0,0,0,0,0,0,0,0,231,87,151,21,Alpaugh/Earlimart/Pixley/Porterville/Rich Grove/Terra Bella,Rural,No,No,Yes,1,0,500+,0
706491267,SONOMA DEVELOPMENTAL CENTER,1/1/04,12/31/04,Open,1/1/46,1/1/46,Sonoma,03 - North Bay,General Acute Care,State,,Developmentally Disabled,NO,1413,P.O. BOX 1493,ELDRIDGE,95431,707-938-6000,0,0,0,0,0,0,0,No,13,7,1341,4758,0,0,0,0,0,0,0,0,0,0,0,0,0,0,0,0,0,0,0,0,0,0,0,0,0,0,0,0,0,0,0,0,0,0,0,0,0,13,7,1341,4758,0,0,0,0,0,0,0,0,575,9,112250,210450,0,0,0,0,1413,43,289582,517158,0,0,0,NEITHER,0,0,0,0,0,0,0,0,0,0,0,0,0,0,0,0,0,0,0,0,0,0,0,0,0,0,0,0,0,0,0,0,0,0,0,0,0,0,0,0,Yes,0,0,0,0,0,0,0,1,0,0,0,0,0,0,0,0,0,0,0,0,0,0,0,0,0,0,0,0,0,0,0,0,0,0,0,0,0,0,0,0,0,0,0,0,0,0,0,0,0,0,0,825,301950,27,175991,0,0,0,0,0,0,0,0,0,0,0,0,0,0,0,0,0,0,208,59,136,6,Boyes Hot Springs/Glen Ellen/Kenwood/Sonoma/Vineburg,Rural,No,No,Yes,1,0,500+,0
106364188,ANGELS HOSPITAL,,,Open,6/5/03,6/6/96,San Bernardino,12 - Inland Counties,General Acute Care,,,,No,55,10841 WHITE OAK AVENUE,RANCHO CUCAMONGA,91730,,,,,,,,,,47,,,17202,0,,,0,0,,,0,8,,,,2928,0,,,,0,,,,,,,,,,,0,,,,0,0,,,0,55,,,20130,0,,,0,0,,,0,0,,,0,,,,,,,,20130,,,,NEITHER,,,,,,,,,,,,,,,,,,,,,,,,,,,,,,,,,,,,,,,,,,,,,,0,0,,,,,,,,,,,,,,,,,,,,,,,,,,,,,,,,,,,,0,0,0,0,0,,,,,,,,,,,,,,0,0,0,0,0,0,0,0,0,0,0,0,0,0,18a,64,140,7,Crockett/Hercules/Martinez West/Pinole/Port Costa/Richmond Northeast/Rodeo,Urban,Yes,No,No,1,,50 - 99,
106190462,"AURORA LAS ENCINAS HOSPITAL, LLC",,,Open,1/1/46,1/1/46,Los Angeles,11 - Los Angeles,Acute Psychiatric,,,,No,138,2900 EAST DEL MAR BOULEVARD,PASADENA,91107,,,,,,,,,,0,,,0,0,,,0,0,,,0,0,,,,0,0,,,,0,,,,,,,,,,,0,,,,0,0,,,0,0,,,0,0,,,0,138,,,50508,0,,,0,,,,,,,,50508,,,,NEITHER,,,,,,,,,,,,,,,,,,,,,,,,,,,,,,,,,,,,,,,,,,,,,,0,0,,,,,,,,,,,,,,,,,,,,,,,,,,,,,,,,,,,,0,0,0,0,0,,,,,,,,,,,,,,0,0,0,0,0,0,0,0,0,0,0,0,0,0,19,54,137,1,Crescent City/Gasquet/Klamath/Smith River,Rural,Yes,No,No,1,,100 - 149,
106190066,BELLFLOWER MEDICAL CENTER,,,Open,11/17/54,11/17/54,Los Angeles,11 - Los Angeles,General Acute Care,,,,No,144,9542 EAST ARTESIA BOULEVARD,BELLFLOWER,90706,,,,,,,,,,85,,,31110,17,,,6222,0,,,0,5,,,,1830,5,,,,1830,,,,,,,,,,,0,,,,0,0,,,0,112,,,40992,0,,,0,32,,,11712,0,,,0,,,,,,,,52704,,,,NEITHER,,,,,,,,,,,,,,,,,,,,,,,,,,,,,,,,,,,,,,,,,,,,,,Basic,Basic,,,,,,,,,,,,,,,,,,,,,,,,,,,,,,,,,,,,0,0,0,0,0,,,,,,,,,,,,,,0,0,744,696,744,720,744,720,744,744,720,744,720,744,30,83,147,21,Bowles/Caruthers/Easton/Kingsburg/Lanare/Laton/Raisin City/Riverdale/Selma,Rural,Yes,No,No,1,,100 - 149,
106194044,BELLWOOD HEALTH CENTER,,,Suspense,4/24/95,6/15/88,Los Angeles,11 - Los Angeles,Psychiatric Health Facility,,,,No,67,17800 WOODRUFF AVENUE,BELLFLOWER,90706,,,,,,,,,,0,,,0,0,,,0,0,,,0,0,,,,0,0,,,,0,,,,,,,,,,,0,,,,0,0,,,0,0,,,0,0,,,0,67,,,67,0,,,0,,,,,,,,67,,,,NEITHER,,,,,,,,,,,,,,,,,,,,,,,,,,,,,,,,,,,,,,,,,,,,,,0,0,,,,,,,,,,,,,,,,,,,,,,,,,,,,,,,,,,,,0,0,0,0,0,,,,,,,,,,,,,,0,0,0,0,0,0,0,0,0,0,0,0,0,0,32,84,147,21,Orange Cove/Parlier/Reedley/Squaw Valley/Tivy Valley/Wonder Valley,Rural,Yes,No,No,1,,50 - 99,
106190125,CALIFORNIA HOSPITAL MEDICAL CENTER - LOS ANGELES,,,Open,1/1/46,1/1/46,Los Angeles,11 - Los Angeles,General Acute Care,,,,No,316,1401 SOUTH GRAND AVENUE,LOS ANGELES,90015,,,,,,,,,,173,,,62094,37,,,13542,21,,,7686,20,,,,6402,8,,,,2928,,,,,,,,,,,26,,,,9516,0,,,0,285,,,102168,0,,,0,0,,,1989,31,,,11346,,,,,,,,115503,,,,NEITHER,,,,,,,,,,,,,,,,,,,,,,,,,,,,,,,,,,,,,,,,,,,,,,Basic,Basic,,,,,,,,,,,,,,,,,,,,,,,,,,,,,,,,,,,,0,0,0,0,0,,,,,,,,,,,,,,0,0,744,696,744,720,744,720,744,744,720,744,720,744,78.2m,103,160,34,Bellflower/Paramount South,Urban,Yes,No,No,1,,300 - 499,
106190155,CENTURY CITY HOSPITAL,,,Suspense,4/29/04,4/27/72,Los Angeles,11 - Los Angeles,General Acute Care,,,,No,186,2070 CENTURY PARK EAST,LOS ANGELES,90067,,,,,,,,,,123,,,18573,0,,,0,0,,,0,10,,,,1510,10,,,,1510,,,,,,,,,,,0,,,,0,0,,,0,143,,,21593,0,,,0,43,,,6493,0,,,0,,,,,,,,28086,,,,NEITHER,,,,,,,,,,,,,,,,,,,,,,,,,,,,,,,,,,,,,,,,,,,,,,Basic,Basic,,,,,,,,,,,,,,,,,,,,,,,,,,,,,,,,,,,,0,0,0,0,0,,,,,,,,,,,,,,0,0,744,696,744,720,744,720,744,744,720,744,720,744,78.2ffff,99,155,34,Boyle Heights Northwest/Chinatown/Downtown Northwest/Little Tokyo/Westlake,Urban,Yes,No,No,1,,150 - 199,
106370673,CHILDREN'S HOSPITAL - SAN DIEGO,,,Open,8/18/54,8/18/54,San Diego,14 - San Diego/Imperial,General Acute Care,,,,No,307,3020 CHILDRENS WAY,SAN DIEGO,92123,,,,,,,,,,154,,,56364,0,,,0,0,,,0,30,,,,10980,0,,,,0,,,,,,,,,,,52,,,,19032,12,,,4392,248,,,90768,0,,,0,0,,,0,59,,,21594,,,,,,,,112362,,,,CV SURG,,,,,,,,,,,,,,,,,,,,,,,,,,,,,,,,,,,,,,,,,,,,,,Basic,Basic,,,,,,,,,,,,,,,,,,,,,,,,,,,,,,,,,,,,0,0,0,0,0,1,,,,,,,,,,,,,0,0,744,696,744,720,744,720,744,744,720,744,720,744,78.2w,100,159,30,Century City/Cheviot Hills/Rancho Park/West Los Angeles/Westwood,Urban,Yes,No,No,0,,300 - 499,
106190196,COMMUNITY HOSPITAL OF GARDENA,,,Open,7/17/57,7/17/57,Los Angeles,11 - Los Angeles,General Acute Care,,,,No,58,1246 WEST 155TH STREET,GARDENA,90247,,,,,,,,,,34,,,12444,0,,,0,0,,,0,4,,,,1464,0,,,,0,,,,,,,,,,,0,,,,0,0,,,0,38,,,13908,0,,,0,0,,,0,20,,,7320,,,,,,,,21228,,,,NEITHER,,,,,,,,,,,,,,,,,,,,,,,,,,,,,,,,,,,,,,,,,,,,,,Basic,Basic,,,,,,,,,,,,,,,,,,,,,,,,,,,,,,,,,,,,0,0,0,0,0,,,,,,,,,,,,,,0,0,744,696,744,720,744,720,744,744,720,744,720,744,78.2iiii,104,158,35,Gardena Southeast/Harbor Gateway Central/Lawndale South/Moneta/Redondo Beach North/Torrance North,Urban,Yes,No,No,1,,50 - 99,
106374094,CONTINENTAL REHABILITATION HOSPITAL OF SAN DIEGO,,,Open,4/14/92,4/14/92,San Diego,14 - San Diego/Imperial,General Acute Care,,,,No,110,555 WASHINGTON STREET,SAN DIEGO,92103,,,,,,,,,,110,,,40260,0,,,0,0,,,0,0,,,,0,0,,,,0,,,,,,,,,,,0,,,,0,0,,,0,110,,,40260,0,,,0,0,,,0,0,,,0,,,,,,,,40260,,,,NEITHER,,,,,,,,,,,,,,,,,,,,,,,,,,,,,,,,,,,,,,,,,,,,,,0,0,,,,,,,,,,,,,,,,,,,,,,,,,,,,,,,,,,,,0,0,0,0,0,,,,,,,,,,,,,,0,0,0,0,0,0,0,0,0,0,0,0,0,0,78.2hh,93,153,27,Granada Hills/Mission Hills/Porter Ranch,Urban,Yes,No,No,1,,100 - 149,
106073449,DOCTORS MEDICAL CENTER - PINOLE CAMPUS,,,Suspense,5/31/01,6/16/67,Contra Costa,05 - East Bay,General Acute Care,,,,No,136,2151 APPIAN WAY,PINOLE,94564,,,,,,,,,,70,,,40460,0,,,0,0,,,0,0,,,,0,0,,,,0,,,,,,,,,,,0,,,,0,0,,,0,70,,,40460,0,,,0,0,,,0,66,,,38148,,,,,,,,78608,,,,NEITHER,,,,,,,,,,,,,,,,,,,,,,,,,,,,,,,,,,,,,,,,,,,,,,Basic,0,,,,,,,,,,,,,,,,,,,,,,,,,,,,,,,,,,,,0,0,0,0,0,,,,,,,,,,,,,,0,0,0,0,0,0,0,0,0,0,0,0,0,0,78.2mm,97,154,29,Pasadena South/San Marino/South Pasadena,Urban,Yes,No,No,1,,100 - 149,
106190685,ELASTAR COMMUNITY HOSPITAL,,,Closed,8/19/04,1/1/72,Los Angeles,11 - Los Angeles,General Acute Care,,,,No,110,319 NORTH HUMPHREYS AVENUE,LOS ANGELES,90022,,,,,,,,,,83,,,19256,15,,,3480,0,,,0,6,,,,1392,6,,,,1392,,,,,,,,,,,0,,,,0,0,,,0,110,,,25520,0,,,0,0,,,0,0,,,0,,,,,,,,25520,,,,NEITHER,,,,,,,,,,,,,,,,,,,,,,,,,,,,,,,,,,,,,,,,,,,,,,Basic,Basic,,,,,,,,,,,,,,,,,,,,,,,,,,,,,,,,,,,,0,0,0,0,0,,,,,,,,,,,,,,0,0,744,696,744,720,744,720,744,744,720,744,720,744,78.2x,100,159,33,Hancock Park/Mid-City West/Park La Brea,Urban,Yes,No,No,1,,100 - 149,
106304039,FOUNTAIN VALLEY RGNL HOSP AND MED CTR - WARNER,,,Open,3/29/90,3/29/90,Orange,13 - Orange,General Acute Care,,,,No,78,11250 WARNER AVENUE,FOUNTAIN VALLEY,92708,,,,,,,,,,78,,,22316,0,,,0,0,,,0,0,,,,0,0,,,,0,,,,,,,,,,,0,,,,0,0,,,0,78,,,22316,0,,,0,0,,,6080,0,,,0,,,,,,,,28396,,,,NEITHER,,,,,,,,,,,,,,,,,,,,,,,,,,,,,,,,,,,,,,,,,,,,,,0,0,,,,,,,,,,,,,,,,,,,,,,,,,,,,,,,,,,,,0,0,0,0,0,,,,,,,,,,,,,,0,0,0,0,0,0,0,0,0,0,0,0,0,0,78.2xxx,112,162,26,Arcadia Central and Northeast/Bradbury/Monrovia/Sierra Madre,Urban,Yes,No,No,1,,50 - 99,
106190348,GRANADA HILLS COMMUNITY HOSPITAL,,,Closed,4/30/04,11/16/65,Los Angeles,11 - Los Angeles,General Acute Care,,,,No,155,10445 BALBOA BOULEVARD,GRANADA HILLS,91344,,,,,,,,,,86,,,10406,16,,,1936,0,,,0,9,,,,1089,9,,,,1089,,,,,,,,,,,0,,,,0,0,,,0,120,,,14520,0,,,0,14,,,1694,21,,,2541,,,,,,,,18755,,,,CV SURG,,,,,,,,,,,,,,,,,,,,,,,,,,,,,,,,,,,,,,,,,,,,,,Basic,Basic,,,,,,,,,,,,,,,,,,,,,,,,,,,,,,,,,,,,0,0,0,0,0,,,,,,,,,,,,,,0,0,744,696,744,720,744,720,744,744,720,744,720,744,78.2d,111,157,32,City Terrace East/East Los Angeles,Urban,Yes,No,No,1,,150 - 199,
106100745,KINGSBURG MEDICAL CENTER,,,Open,7/3/61,7/3/61,Fresno,09 - Central,General Acute Care,,,,No,35,1200 SMITH STREET,KINGSBURG,93631,,,,,,,,,,15,,,5490,0,,,0,0,,,0,0,,,,0,0,,,,0,,,,,,,,,,,0,,,,0,0,,,0,15,,,5490,0,,,0,0,,,0,20,,,7320,,,,,,,,12810,,,,NEITHER,,,,,,,,,,,,,,,,,,,,,,,,,,,,,,,,,,,,,,,,,,,,,,Standby,Standby,,,,,,,,,,,,,,,,,,,,,,,,,,,,,,,,,,,,0,0,0,0,0,,,,,,,,,,,,,,0,0,744,696,744,720,744,720,744,744,720,744,720,744,78.2e,101,159,33,Country Club Park/Koreatown/Mid-City East,Urban,Yes,No,No,1,,1 - 49,
106190854,LOS ANGELES METROPOLITAN MEDICAL CENTER,,,Open,10/29/71,10/29/71,Los Angeles,11 - Los Angeles,General Acute Care,,,,No,213,2231 SOUTH WESTERN AVENUE,LOS ANGELES,90018,,,,,,,,,,91,,,33306,16,,,5856,0,,,0,4,,,,1464,4,,,,1464,,,,,,,,,,,0,,,,0,0,,,0,115,,,42090,0,,,0,98,,,35868,0,,,0,,,,,,,,77958,,,,NEITHER,,,,,,,,,,,,,,,,,,,,,,,,,,,,,,,,,,,,,,,,,,,,,,0,0,,,,,,,,,,,,,,,,,,,,,,,,,,,,,,,,,,,,0,0,0,0,0,,,,,,,,,,,,,,0,0,0,0,0,0,0,0,0,0,0,0,0,0,78.2nnn,101,159,33,Crenshaw/Culver City East/Mid-City South/West Adams,Urban,Yes,No,No,1,,200 - 299,
106190534,MIDWAY HOSPITAL MEDICAL CENTER,,,Open,11/25/47,11/25/47,Los Angeles,11 - Los Angeles,General Acute Care,,,,No,204,5925 SAN VICENTE BOULEVARD,LOS ANGELES,90019,,,,,,,,,,192,,,70272,0,,,0,0,,,0,6,,,,2196,6,,,,2196,,,,,,,,,,,0,,,,0,0,,,0,204,,,74664,0,,,0,0,,,0,0,,,6258,,,,,,,,80922,,,,NEITHER,,,,,,,,,,,,,,,,,,,,,,,,,,,,,,,,,,,,,,,,,,,,,,Basic,Basic,,,,,,,,,,,,,,,,,,,,,,,,,,,,,,,,,,,,0,0,0,0,0,,,,,,,,,,,,,,0,0,744,696,744,720,744,720,744,744,720,744,720,744,78.2m,103,160,34,Bellflower/Paramount South,Urban,Yes,No,No,1,,200 - 299,
106190541,MONROVIA COMMUNITY HOSPITAL,,,Closed,5/26/04,1/1/46,Los Angeles,11 - Los Angeles,General Acute Care,,,,No,49,323 SOUTH HELIOTROPE AVENUE,MONROVIA,91016,,,,,,,,,,45,,,6615,0,,,0,0,,,0,4,,,,588,0,,,,0,,,,,,,,,,,0,,,,0,0,,,0,49,,,7203,0,,,0,0,,,0,0,,,0,,,,,,,,7203,,,,NEITHER,,,,,,,,,,,,,,,,,,,,,,,,,,,,,,,,,,,,,,,,,,,,,,0,0,,,,,,,,,,,,,,,,,,,,,,,,,,,,,,,,,,,,0,0,0,0,0,,,,,,,,,,,,,,0,0,0,0,0,0,0,0,0,0,0,0,0,0,116j,121,168,46,Fountain Valley/Huntington Beach Central,Urban,Yes,No,No,1,,1 - 49,
106374084,SAN DIEGO HOSPICE AND PALLIATIVE CARE-ACUTE CARE CTR,,,Open,8/7/91,8/7/91,San Diego,14 - San Diego/Imperial,Special Hospital,,,,No,0,4311 THIRD AVENUE,SAN DIEGO,92103,,,,,,,,,,0,,,0,0,,,0,0,,,0,0,,,,0,0,,,,0,,,,,,,,,,,0,,,,0,0,,,0,0,,,0,0,,,0,0,,,0,0,,,0,,,,,,,,0,,,,NEITHER,,,,,,,,,,,,,,,,,,,,,,,,,,,,,,,,,,,,,,,,,,,,,,0,0,,,,,,,,,,,,,,,,,,,,,,,,,,,,,,,,,,,,0,0,0,0,0,,,,,,,,,,,,,,0,0,0,0,0,0,0,0,0,0,0,0,0,0,133.1,118,170,49,Canyon Lake/Perris/Quail Valley/Romoland/Sun City/Winchester,Urban,Yes,No,No,1,,1 - 49,
106560521,SANTA PAULA MEMORIAL HOSPITAL,,,Suspense,12/20/03,10/23/61,Ventura,10 - Santa Barbara/Ventura,General Acute Care,,,,No,49,825 NORTH 10TH STREET,SANTA PAULA,93060,,,,,,,,,,38,,,16150,5,,,2125,0,,,0,6,,,,2550,0,,,,0,,,,,,,,,,,0,,,,0,0,,,0,49,,,20825,0,,,0,0,,,0,0,,,0,,,,,,,,20825,,,,NEITHER,,,,,,,,,,,,,,,,,,,,,,,,,,,,,,,,,,,,,,,,,,,,,,Basic,Basic,,,,,,,,,,,,,,,,,,,,,,,,,,,,,,,,,,,,0,0,0,0,0,,,,,,,,,,,,,,0,0,744,696,744,720,744,720,744,744,720,744,720,744,151b,116,164,26,Ontario Northeast/Rancho Cucamonga South,Urban,Yes,No,No,1,,1 - 49,
106371256,SCRIPPS GREEN HOSPITAL,,,Open,2/6/77,2/6/77,San Diego,14 - San Diego/Imperial,General Acute Care,,,,No,173,10666 NORTH TORREY PINES ROAD,LA JOLLA,92037,,,,,,,,,,149,,,54534,0,,,0,0,,,0,12,,,,4392,12,,,,4392,,,,,,,,,,,0,,,,0,0,,,0,173,,,63318,0,,,0,0,,,0,0,,,0,,,,,,,,63318,,,,CV SURG,,,,,,,,,,,,,,,,,,,,,,,,,,,,,,,,,,,,,,,,,,,,,,0,0,,,,,,,,,,,,,,,,,,,,,,,,,,,,,,,,,,,,0,0,0,0,0,,,,,,,,,,,,,,0,0,0,0,0,0,0,0,0,0,0,0,0,0,161b,129,172,,Bay Park/Five Points/Hillcrest Northwest/Mission Hills/Mission Valley/Morena/Normal Heights/Old Town/Serra Mesa,Urban,Yes,No,No,1,,150 - 199,
106370771,SCRIPPS MEMORIAL HOSPITAL - LA JOLLA,,,Open,5/3/64,5/3/64,San Diego,14 - San Diego/Imperial,General Acute Care,,,,No,372,9888 GENESEE AVENUE,LA JOLLA,92037,,,,,,,,,,207,,,75492,45,,,16470,0,,,0,29,,,,10614,12,,,,4392,,,,,,,,,,,0,,,,0,0,,,0,293,,,106968,16,,,5856,0,,,0,63,,,23058,,,,,,,,135882,,,,CV SURG,,,,,,,,,,,,,,,,,,,,,,,,,,,,,,,,,,,,,,,,,,,,,,Basic,Basic,,,,,,,,,,,,,,,,,,,,,,,,,,,,,,,,,,,,0,0,0,0,0,,,,,,,,,,,,,,0,0,744,696,744,720,744,720,744,744,720,744,720,744,161r,128,172,,Crown Point/Del Mar/La Jolla/Pacific Beach,Urban,Yes,No,No,1,,300 - 499,
106190712,SHRINERS HOSPITAL FOR  CHILDREN - L.A.,,,Open,3/3/52,3/3/52,Los Angeles,11 - Los Angeles,General Acute Care,,,,No,60,3160 GENEVA STREET,LOS ANGELES,90020-1199,,,,,,,,,,30,,,10980,0,,,0,30,,,10980,0,,,,0,0,,,,0,,,,,,,,,,,0,,,,0,0,,,0,60,,,21960,0,,,0,0,,,0,0,,,0,,,,,,,,21960,,,,NEITHER,,,,,,,,,,,,,,,,,,,,,,,,,,,,,,,,,,,,,,,,,,,,,,0,0,,,,,,,,,,,,,,,,,,,,,,,,,,,,,,,,,,,,0,0,0,0,0,,,,,,,,,,,,,,0,0,0,0,0,0,0,0,0,0,0,0,0,0,161r,128,172,,Crown Point/Del Mar/La Jolla/Pacific Beach,Urban,Yes,No,No,1,,50 - 99,
106100797,SIERRA KINGS DISTRICT HOSPITAL,,,Open,4/14/65,4/14/65,Fresno,09 - Central,General Acute Care,,,,No,44,372 WEST CYPRESS AVENUE,REEDLEY,93654,,,,,,,,,,32,,,13133,12,,,5232,0,,,0,0,,,,0,0,,,,0,,,,,,,,,,,0,,,,0,0,,,0,44,,,18365,0,,,0,0,,,0,0,,,819,,,,,,,,19184,,,,NEITHER,,,,,,,,,,,,,,,,,,,,,,,,,,,,,,,,,,,,,,,,,,,,,,Standby,Standby,,,,,,,,,,,,,,,,,,,,,,,,,,,,,,,,,,,,0,0,0,0,0,,,,,,,,,,,,,,0,0,744,696,744,720,744,720,744,744,720,744,720,744,161b,129,172,,Bay Park/Five Points/Hillcrest Northwest/Mission Hills/Mission Valley/Morena/Normal Heights/Old Town/Serra Mesa,Urban,Yes,No,No,1,,1 - 49,
106084001,SUTTER COAST HOSPITAL,,,Open,1/1/46,1/1/46,Del Norte,01 - Northern California,General Acute Care,,,,No,59,800 EAST WASHINGTON BOULEVARD,CRESCENT CITY,95531,,,,,,,,,,49,,,17934,4,,,1464,0,,,0,6,,,,2196,0,,,,0,,,,,,,,,,,0,,,,0,0,,,0,59,,,21594,0,,,0,0,,,0,0,,,0,,,,,,,,21594,,,,NEITHER,,,,,,,,,,,,,,,,,,,,,,,,,,,,,,,,,,,,,,,,,,,,,,Basic,Basic,,,,,,,,,,,,,,,,,,,,,,,,,,,,,,,,,,,,0,0,0,0,0,,,,,,,,,,,,,,0,0,744,696,744,720,744,720,744,744,720,744,720,744,161b,129,172,,Bay Park/Five Points/Hillcrest Northwest/Mission Hills/Mission Valley/Morena/Normal Heights/Old Town/Serra Mesa,Urban,Yes,No,No,1,,50 - 99,
106490919,SUTTER MEDICAL CENTER OF SANTA ROSA,,,Open,7/1/53,7/1/53,Sonoma,03 - North Bay,General Acute Care,,,,YES,175,3325 CHANATE ROAD,SANTA ROSA,95404,,,,,,,,,,82,,,30012,18,,,6588,9,,,3294,16,,,,5856,0,,,,0,,,,,,,,,,,10,,,,3660,0,,,0,135,,,49410,0,,,0,30,,,10980,10,,,3660,,,,,,,,64050,,,,CV SURG,,,,,,,,,,,,,,,,,,,,,,,,,,,,,,,,,,,,,,,,,,,,,,Basic,Basic,,,,,,,,,,,,,,,,,,,,,,,,,,,,,,,,,,,,0,0,0,0,0,,,,,,,,,,,,,,0,0,744,696,744,720,744,720,744,744,720,744,720,744,210.1,60,135,6,Santa Rosa,Urban,Yes,No,No,1,,150 - 199,
106491103,SUTTER WARRACK HOSPITAL,,,Open,1/1/05,9/23/60,Sonoma,03 - North Bay,General Acute Care,,,,No,63,2449 SUMMERFIELD ROAD,SANTA ROSA,95405,,,,,,,,,,63,,,23058,0,,,0,0,,,0,0,,,,0,0,,,,0,,,,,,,,,,,0,,,,0,0,,,0,63,,,23058,0,,,0,0,,,0,0,,,0,,,,,,,,23058,,,,NEITHER,,,,,,,,,,,,,,,,,,,,,,,,,,,,,,,,,,,,,,,,,,,,,,0,Standby,,,,,,,,,,,,,,,,,,,,,,,,,,,,,,,,,,,,0,0,0,0,0,,,,,,,,,,,,,,0,0,744,696,744,720,744,720,744,744,720,744,720,744,210.1,60,135,6,Santa Rosa,Urban,Yes,No,No,1,,50 - 99,
106332172,VALLEY PLAZA DOCTORS HOSPITAL,,,Closed,2/11/05,1/10/77,Riverside,12 - Inland Counties,General Acute Care,,,,No,34,2224 MEDICAL CENTER DRIVE,PERRIS,92571,,,,,,,,,,28,,,11424,0,,,0,0,,,0,6,,,,2448,0,,,,0,,,,,,,,,,,0,,,,0,0,,,0,34,,,13872,0,,,0,0,,,0,0,,,0,,,,,,,,13872,,,,NEITHER,,,,,,,,,,,,,,,,,,,,,,,,,,,,,,,,,,,,,,,,,,,,,,Basic,Basic,,,,,,,,,,,,,,,,,,,,,,,,,,,,,,,,,,,,0,0,0,0,0,,,,,,,,,,,,,,0,0,744,696,744,720,744,720,744,744,720,744,720,744,206,54,135,1,Cloverdale,Rural,Yes,No,No,1,,1 - 49,
106494047,WOODLANDS PSYCHIATRIC HEALTH FACILITY,,,Suspense,10/8/94,3/1/94,Sonoma,03 - North Bay,Psychiatric Health Facility,,,,No,8,21640 POCKET RANCH ROAD,GEYSERVILLE,95441,,,,,,,,,,0,,,0,0,,,0,0,,,0,0,,,,0,0,,,,0,,,,,,,,,,,0,,,,0,0,,,0,0,,,0,0,,,0,8,,,8,0,,,0,,,,,,,,8,,,,NEITHER,,,,,,,,,,,,,,,,,,,,,,,,,,,,,,,,,,,,,,,,,,,,,,0,0,,,,,,,,,,,,,,,,,,,,,,,,,,,,,,,,,,,,0,0,0,0,0,,,,,,,,,,,,,,0,0,0,0,0,0,0,0,0,0,0,0,0,0,237,90,150,24,Fillmore/Los Padres National Forest/Piru/Santa Paula/Saticoy,Rural,Yes,No,No,1,,1 - 49,
,,,,,,,,,,,,,,,,,,,,,,,,,,,,,,,,,,,,,,,,,,,,,,,,,,,,,,,,,,,,,,,,,,,,,,,,,,,,,,,,,,,,,,,,,,,,,,,,,,,,,,,,,,,,,,,,,,,,,,,,,,,,,,,,,,,,,,,,,,,,,,,,,,,,,,,,,,,,,,,,,,,,,,,,,,,,,,,,,,,,,,,,,,,,,,,,,,,,,,,,,,,,,,,,,,,,,,,,,,,,,,