OSHPD_ID,FAC_NAME,FAC_ADDRESS_ONE,FAC_CITY,FAC_ZIPCODE,FAC_PHONE,FAC_OPER_CURRYR,BEG_DATE,END_DATE,LIC_STATUS,LIC_STATUS_DATE,LIC_ORIG_DATE,TRAUMA_CTR,TEACH_HOSP,ASSEMBLY_DIST,SENATE_DIST,CONGRESS_DIST,CENS_TRACT,MED_SVC_STUDY_AREA,LACO_SVC_PLAN_AREA,HEALTH_SVC_AREA,COUNTY,LICENSE_NO,FACILITY_LEVEL,LONGITUDE,LATITUDE,LIC_CAT,LICEE_TOC,TYPE_SVC_PRINCIPAL,MED_SURG_BED_LIC,MED_SURG_LICBED_DAY,MED_SURG_DIS,MED_SURG_CENS_DAY,PERINATL_BED_LIC,PERINATL_LICBED_DAY,PERINATL_DIS,PERINATL_CENS_DAY,PED_BED_LIC,PED_LICBED_DAY,PED_DIS,PED_CENS_DAY,ICU_BED_LIC,ICU_LICBED_DAY,ICU_DIS,ICU_TFR_INHOSP,ICU_CENS_DAY,CCU_BED_LIC,CCU_LICBED_DAY,CCU_DIS,CCU_TFR_INHOSP,CCU_CENS_DAY,RESP_BED_LIC,RESP_LICBED_DAY,RESP_DIS,RESP_TFR_INHOSP,RESP_CENS_DAY,BURN_BED_LIC,BURN_LICBED_DAY,BURN_DIS,BURN_TFR_INHOSP,BURN_CENS_DAY,NICU_BED_LIC,NICU_LICBED_DAY,NICU_DIS,NICU_TFR_INHOSP,NICU_CENS_DAY,REHAB_BED_LIC,REHAB_LICBED_DAY,REHAB_DIS,REHAB_CENS_DAY,GAC_BED_LIC_SUBTOTL,GAC_LICBED_DAY_SUBTOTL,GAC_DIS_SUBTOTL,GAC_CENS_DAY_SUBTOTL,CHEM_BED_LIC,CHEM_LICBED_DAY,CHEM_DIS,CHEM_CENS_DAY,PSY_BED_LIC,PSY_LICBED_DAY,PSY_DIS,PSY_CENS_DAY,SN_BED_LIC,SN_LICBED_DAY,SN_DIS,SN_TFR_INHOSP,SN_CENS_DAY,IC_BED_LIC,IC_LICBED_DAY,IC_DIS,IC_CENS_DAY,IC_DEV_DISBL_BED_LIC,IC_DEV_DISBL_LICBED_DAY,IC_DEV_DISBL_DIS,IC_DEV_DISBL_CENS_DAY,HOSP_BED_LIC_TOTL,HOSP_LICBED_DAY_TOTL,HOSP_DIS_TOTL,HOSP_CENS_DAY_TOTL,CHEM_GAC_BED_LIC,CHEM_GAC_DIS,CHEM_GAC_CENS_DAY,CHEM_PSY_BED_LIC,CHEM_PSY_DIS,CHEM_PSY_CENS_DAY,NEWBORN_NURSRY_BASSINETS,NEWBORN_NURSRY_INFANTS,NEWBORN_NURSRY_CENS_DAY,BED_SWING_SN,PSY_LCK_CENS_PATIENT,PSY_OPN_CENS_PATIENT,PSY_CENS_PATIENT_TOTL,PSY_CENS_PATIENT_<=17,PSY_CENS_PATIENT_18-64,PSY_CENS_PATIENT_=65,PSY_CENS_PATIENT_TOTL_1,PSY_CENS_PATIENT_MCAR,PSY_CENS_PATIENT_MNG_MCAR,PSY_CENS_PATIENT_MCAL,PSY_CENS_PATIENT_MNG_MCAL,PSY_CENS_PATIENT_CO_INDIG,PSY_CENS_PATIENT_OTHR_THIRDPTY,PSY_CENS_PATIENT_MNG_OTHR_THIRDP,PSY_CENS_PATIENT_SHDOYL,PSY_CENS_PATIENT_OTHR_INDIG,PSY_CENS_PATIENT_OTHR_PAYER,PSY_CENS_PATIENT_TOTL_2,PSY_PROG_SHDOYL,HOSPICE_PROG,HOSPICE_CLASS_GAC_BED,HOSPICE_CLASS_SN_BED,HOSPICE_CLASS_IC_BED,ED_LIC_LEVL_BEGIN,ED_LIC_LEVL_END,EMS_MINOR_NO_ADM_VIS,EMS_MINOR_ADM_VIS,EMS_LOWMODERATE_NO_ADM_VIS,EMS_LOWMODERATE_ADM_VIS,EMS_MODERATE_NO_ADM_VIS,EMS_MODERATE_ADM_VIS,EMS_SEVERE_WO_THREAT_NO_ADM_VIS,EMS_SEVERE_WO_THREAT_ADM_VIS,EMS_SEVERE_W_THREAT_NO_ADM_VIS,EMS_SEVERE_W_THREAT_ADM_VIS,EMS_NO_ADM_VIS_TOTL,EMS_ADM_VIS_TOTL,ED_TRAFFIC_TOTL,EMS_STATION,EMS_NON_EMERG_VIS,EMS_REGISTERS_NO_TREAT,EMS_AMB_DIVERS,EMS_AMB_DIVERS_JAN_HOURS,EMS_AMB_DIVERS_FEB_HOURS,EMS_AMB_DIVERS_MAR_HOURS,EMS_AMB_DIVERS_APR_HOURS,EMS_AMB_DIVERS_MAY_HOURS,EMS_AMB_DIVERS_JUN_HOURS,EMS_AMB_DIVERS_JUL_HOURS,EMS_AMB_DIVERS_AUG_HOURS,EMS_AMB_DIVERS_SEP_HOURS,EMS_AMB_DIVERS_OCT_HOURS,EMS_AMB_DIVERS_NOV_HOURS,EMS_AMB_DIVERS_DEC_HOURS,EMS_AMB_DIVERS_TOTL_HOURS,resp_stat,SURG_IP,OP_RM_MIN_IP,SURG_OP,OP_RM_MIN_OP,OP_RM_IP_ONLY,OP_RM_OP_ONLY,OP_RM_IP_AND_OP,OP_RM_TOTL,AMB_SURG_PROG,BIRTHS_LIVE_TOTL,BIRTHS_LIVE_LT5LBS_8OZ,BIRTHS_LIVE_LT3LBS_5OZ,ABC_OP_PROG,ABC_LDR,ABC_LDRP,BIRTHS_LIVE_ABC,BIRTHS_LIVE_C_SEC,LICENSURE_CVSURG_SVCS,CVSURG_LIC_OP_RM,CVSURG_WITH_ECBPASS_PED,CVSURG_WITHOUT_ECBPASS_PED,CVSURG_WITH_ECBPASS_ADLT,CVSURG_WITHOUT_ECBPASS_ADLT,CVSURG_WITH_ECBPASS_TOTL,CVSURG_WITHOUT_ECBPASS_TOTL,CVSURG_CABG_TOTL,CATH_CARD_RM,CATH_IP_PED_DX_VIS,CATH_IP_PED_THER_VIS,CATH_OP_PED_DX_VIS,CATH_OP_PED_THER_VIS,CATH_IP_ADLT_DX_VIS,CATH_IP_ADLT_THER_VIS,CATH_OP_ADLT_DX_VIS,CATH_OP_ADLT_THER_VIS,CATH_DX_VIS_TOTL,CATH_THER_VIS_TOTL,CARDIAC_CATH_PROC,MYOCARDIAL_BIOPSY,PACEMKR_PERM_IMPL,OTH_PERM_PACEMAKER_PROC,IMPLANTABLE_CARDIO_DEFIB_IMPLANT,OTH_PROCEDURES,PCI_ANGIOPLASTY_WITH_STENT,PCI_ANGIOPLASTY_WITHOUT_STENT,ATHERECTOMY_PTCRA_ABLATION,THROMBO_AGT,PTBV_BALLOON,DIAGNOSTIC_ELECTROPHYSIOLOGY_EP,CATHETER_ABLATION,PERIPHERAL_VASCULAR_ANGIOGRAPHY,PERIPHERAL_VASCULAR_INTERVENTION,CAROTID_STENTING,INTRA_AORTIC_BALLOON_PUMP_INS,CATHETER_BASED_VENTRICULAR_INS,CATH_OTHR,CATH_TOTL,EQUIP_ACQ_OVER_500K,Include_State_hospital,bed_size_range,TYPE_CNTRL_R1,EMS_Basic,EMS_Comp,EMS_Standby,EMS_GAC_None,EMSA_ADULT,Level_I_Trauma,Level_II_Trauma,Level_III_Trauma,Level_IV_Trauma,EMSA_PED,Level_I_ped,Level_II_ped,Level_III_ped,Level_IV_ped,EMSA_Trauma,EMSA_EITHER,non_emsa,level_I_visit,level_II_visit,level_III_visit,level_IV_visit,non_emsa_visit,MINOR_TOT,LOWM_TOT,MOD_TOT,SEV_WO_TOT,SEV_WT_TOT,unknown_sev,MSSA_DESIGNATION,MSSA_NAME,oshpd_id2,oshpd_id2
106010735,ALAMEDA HOSPITAL,2070 CLINTON,ALAMEDA,94501,510-814-4000,Yes,01/01/2011,12/31/2011,Open,01/01/1946,01/01/1946,,NO,16,9,13,6001428500,2e,,05 - East Bay,Alameda,140000002,Parent Facility,-122.25362,37.762953,General Acute Care,District,General Medical / Surgical,84,30660,2368,8891,0,0,0,0,0,0,0,0,8,2920,0,0,0,8,2920,159,180,1552,0,0,0,0,0,0,0,0,0,0,0,0,0,0,0,0,0,0,0,100,36500,2527,10443,0,0,0,0,0,0,0,0,61,22265,133,,19827,0,0,0,0,0,0,0,0,161,58765,2660,30270,0,0,0,0,0,0,0,0,0,0,0,0,0,0,0,0,0,0,0,0,0,0,0,0,0,0,0,0,,,,,,Basic,Basic,465,1,1467,4,7138,47,3649,735,1428,1882,14147,2669,16816,12,0,157,Yes,0,0,3,2,0,6,20,0,11,0,3,80,125,Respondent,597,60777,1778,91393,0,1,5,6,Yes,0,0,0,,,,0,0,NEITHER,0,0,0,0,0,0,0,0,0,0,0,0,0,0,0,0,0,0,0,0,0,0,0,0,0,0,0,0,0,0,0,0,0,0,0,0,0,0,0,,No,150 - 199,District,1,0,0,0,0,0,0,0,0,0,0,0,0,0,0,0,1,,,,,16816,466,1471,7185,4384,3310,,Urban,ALAMEDA/JACK LONDON SQUARE/OAKLAND INNER HARBOR,106010735,106010735
106010739,ALTA BATES SUMMIT MED CTR-ALTA BATES CAMPUS,2450 ASHBY STREET,BERKELEY,94705,510-204-4444,Yes,01/01/2011,12/31/2011,Open,01/02/1946,01/02/1946,,NO,14,9,9,6001423902,2b,,05 - East Bay,Alameda,140000004,Parent Facility,-122.25784,37.85633,General Acute Care,Non-Profit Corporation (incl. Church-related),General Medical / Surgical,146,53290,8476,37611,116,42340,7895,25162,0,0,0,0,16,5840,316,1117,5143,14,5110,0,0,0,0,0,0,0,0,0,0,0,0,0,55,20075,995,281,15308,0,0,0,0,347,126655,17682,83224,0,0,0,0,0,0,0,0,0,0,0,0,0,0,0,0,0,0,0,0,0,347,126655,17682,83224,0,0,0,0,0,0,80,6357,14090,0,0,0,0,0,0,0,0,0,0,0,0,0,0,0,0,0,0,0,,,,,,Basic,Basic,671,2,4229,6,13741,81,11970,1050,5072,5045,35683,6184,41867,22,0,1053,Yes,1,3,4,2,0,3,0,0,11,4,2,9,39,Respondent,3268,384720,4323,313440,0,0,13,13,Yes,7218,669,146,Yes,YES,,5276,1937,CATH LAB,0,0,0,0,0,0,0,0,1,0,0,0,0,96,65,9,9,105,74,118,0,53,23,32,11,40,5,0,0,0,29,29,0,0,0,4,0,0,344,Yes,No,300 - 499,Non-Profit Corporation (i,1,0,0,0,0,0,0,0,0,0,0,0,0,0,0,0,1,,,,,41867,673,4235,13822,13020,10117,,Urban,ALBANY/BERKELEY EAST AND NORTH/CLAREMONT/CRAGMONT/FOREST PARK/ROCKRIDGE/TEMESCAL/THOUSAND OAKS,106010739,106010739
106010776,CHILDRENS HOSPITAL AND RESEARCH CTR AT OAKLAND,747 52ND STREET,OAKLAND,94609,510-428-3000,Yes,01/01/2011,12/31/2011,Open,01/01/1946,01/01/1946,Level I - Pediatric,NO,16,9,9,6001401000,2c,,05 - East Bay,Alameda,140000015,Parent Facility,-122.26747,37.83722,General Acute Care,Non-Profit Corporation (incl. Church-related),Pediatric,0,0,0,0,0,0,0,0,111,40515,9158,33232,23,8395,607,1322,6242,0,0,0,0,0,0,0,0,0,0,0,0,0,0,0,44,16060,384,312,10139,12,4380,105,2790,190,69350,10254,52403,0,0,0,0,0,0,0,0,0,0,0,,0,0,0,0,0,0,0,0,0,190,69350,10254,52403,0,0,0,0,0,0,0,0,0,0,0,0,0,0,0,0,0,0,0,0,0,0,0,0,0,0,0,0,,,,,,Basic,Basic,1155,0,6762,18,27033,261,4029,3937,1500,2208,40479,6424,46903,37,0,710,Yes,0,0,2,0,4,0,0,7,0,3,1,1,18,Respondent,3734,459360,5331,301860,0,2,10,12,Yes,0,0,0,,,,0,0,CV SURG,1,133,23,0,0,133,23,0,1,58,60,2,0,0,0,0,0,60,60,60,0,0,1,0,0,5,45,0,0,6,0,0,0,0,0,0,1,2,120,,No,150 - 199,Non-Profit Corporation (i,1,0,0,0,0,0,0,0,0,1,1,0,0,0,1,1,0,46903,,,,,1155,6780,27294,7966,3708,,Urban,OAKLAND WEST CENTRAL,106010776,106010776
106010782,THUNDER ROAD CHEMICAL DEPENDENCY RECOVERY HOSPITAL,390 FORTIETH STREET,OAKLAND,94609,510-653-5040-339,Yes,01/01/2011,12/31/2011,Open,12/18/1960,12/18/1960,,NO,14,9,9,6001401200,2b,,05 - East Bay,Alameda,140000272,Parent Facility,-122.26021,37.82862,Chemical Dependency Recovery Hospital,Non-Profit Corporation (incl. Church-related),Chemical Dependency (Alcohol/Drug),0,0,0,0,0,0,0,0,0,0,0,0,0,0,0,0,0,0,0,0,0,0,0,0,0,0,0,0,0,0,0,0,0,0,0,0,0,0,0,0,0,0,0,0,0,50,18250,185,10180,0,0,0,0,0,0,0,,0,0,0,0,0,0,0,0,0,50,18250,185,10180,0,0,0,0,0,0,0,0,0,0,0,0,0,0,0,0,0,0,0,0,0,0,0,0,0,0,0,0,,,,,,0,0,0,0,0,0,0,0,0,0,0,0,0,0,0,0,0,0,,0,0,0,0,0,0,0,0,0,0,0,0,0,Respondent,0,0,0,0,0,0,0,0,,0,0,0,,,,0,0,NEITHER,0,0,0,0,0,0,0,0,0,0,0,0,0,0,0,0,0,0,0,0,0,0,0,0,0,0,0,0,0,0,0,0,0,0,0,0,0,0,0,,No,50 - 99,Non-Profit Corporation (i,0,0,0,1,0,0,0,0,0,0,0,0,0,0,0,0,1,,,,,0,0,0,0,0,0,,Urban,ALBANY/BERKELEY EAST AND NORTH/CLAREMONT/CRAGMONT/FOREST PARK/ROCKRIDGE/TEMESCAL/THOUSAND OAKS,106010782,106010782
106010805,EDEN MEDICAL CENTER,20103 LAKE CHABOT ROAD,CASTRO VALLEY,94546,510-869-8228-3793,Yes,01/01/2011,12/31/2011,Open,11/08/1954,11/08/1954,Level II,NO,18,10,9,6001430900,2f,,05 - East Bay,Alameda,140000030,Parent Facility,-122.08753,37.69871,General Acute Care,Non-Profit Corporation (incl. Church-related),General Medical / Surgical,111,40515,7694,28637,11,4015,843,2389,2,730,0,0,17,6205,217,536,3237,11,4015,252,431,2654,0,0,0,0,0,0,0,0,0,0,3,1095,122,0,696,0,0,0,0,155,56575,9128,37613,0,0,0,0,23,8395,446,2563,0,0,0,,0,0,0,0,0,0,0,0,0,178,64970,9574,40176,0,0,0,0,0,0,11,1017,2364,0,5,0,5,0,5,0,5,1,1,0,0,0,0,3,0,0,0,5,,,,,,Basic,Basic,437,0,2760,1,11853,23,9146,347,9769,5068,33965,5439,39404,16,3197,707,,0,0,0,0,0,0,0,0,0,0,0,0,0,Respondent,1805,233893,1585,157374,6,1,0,7,Yes,1128,46,3,,,,0,0,NEITHER,0,0,0,0,0,0,0,0,0,0,0,0,0,0,0,0,0,0,0,0,0,0,0,0,0,0,0,0,0,0,0,0,0,0,0,0,0,0,0,,No,150 - 199,Non-Profit Corporation (i,1,0,0,0,1,0,1,0,0,0,0,0,0,0,1,1,0,,39404,,,,437,2761,11876,9493,14837,,Urban,CASTRO VALLEY CENTRAL AND NORTH/OAK KNOLL/SAN LEANDRO NORTHEAST/SHEFFIELD VILLAGE/UNION CITY EAST,106010805,106010805
106010811,ALAMEDA CO MED CTR - FAIRMONT CAMPUS,15400 FOOTHILL BOULEVARD,SAN LEANDRO,94578,510-437-4800,Yes,01/01/2011,12/31/2011,Open,07/01/1953,07/01/1953,,NO,18,10,9,6001430500,2f,,05 - East Bay,Alameda,140000046,Consolidated Facility,-122.12057,37.70789,General Acute Care,City and/or County,Long-Term Care (SN/IC),0,0,0,0,0,0,0,0,0,0,0,0,0,0,0,0,0,0,0,0,0,0,0,0,0,0,0,0,0,0,0,0,0,0,0,0,0,50,18250,525,8823,50,18250,525,8823,0,0,0,0,0,0,0,0,109,39785,170,0,37385,0,0,0,0,0,0,0,0,159,58035,695,46208,0,0,0,0,0,0,0,0,0,0,0,0,0,0,0,0,0,0,0,0,0,0,0,0,0,0,0,0,,,,,,0,0,0,0,0,0,0,0,0,0,0,0,0,0,0,0,0,0,,0,0,0,0,0,0,0,0,0,0,0,0,0,Respondent,0,0,0,0,0,0,0,0,,0,0,0,,,,0,0,NEITHER,0,0,0,0,0,0,0,0,0,0,0,0,0,0,0,0,0,0,0,0,0,0,0,0,0,0,0,0,0,0,0,0,0,0,0,0,0,0,0,,No,150 - 199,City and/or County,0,0,0,1,0,0,0,0,0,0,0,0,0,0,0,0,1,,,,,0,0,0,0,0,0,,Urban,CASTRO VALLEY CENTRAL AND NORTH/OAK KNOLL/SAN LEANDRO NORTHEAST/SHEFFIELD VILLAGE/UNION CITY EAST,106010811,106010811
106010844,ALTA BATES SUMMIT MED CTR-HERRICK CAMPUS,2001 DWIGHT WAY,BERKELEY,94704,510-204-4444,Yes,01/01/2011,12/31/2011,Open,01/01/1946,01/01/1946,,NO,14,9,9,6001422900,2a,,05 - East Bay,Alameda,140000004,Consolidated Facility,-122.26984,37.86373,General Acute Care,Non-Profit Corporation (incl. Church-related),Psychiatric,0,0,0,0,0,0,0,0,0,0,0,0,0,0,0,0,0,0,0,0,0,0,0,0,0,0,0,0,0,0,0,0,0,0,0,0,0,42,15330,775,12476,42,15330,775,12476,0,0,0,0,105,38325,2739,18520,33,12045,6,0,7537,0,0,0,0,0,0,0,0,180,65700,3520,38533,0,0,0,0,0,0,0,0,0,0,41,0,41,4,32,5,41,8,0,8,0,0,0,25,0,0,0,41,Yes,,,,,0,0,0,0,0,0,0,0,0,0,0,0,0,0,0,0,0,0,,0,0,0,0,0,0,0,0,0,0,0,0,0,Respondent,0,0,0,0,0,0,0,0,,0,0,0,,,,0,0,NEITHER,0,0,0,0,0,0,0,0,0,0,0,0,0,0,0,0,0,0,0,0,0,0,0,0,0,0,0,0,0,0,0,0,0,0,0,0,0,0,0,,No,150 - 199,Non-Profit Corporation (i,0,0,0,1,0,0,0,0,0,0,0,0,0,0,0,0,1,,,,,0,0,0,0,0,0,,Urban,BERKELEY SOUTH AND WEST/EMERYVILLE/OAKLAND NORTHWEST,106010844,106010844
106010846,ALAMEDA CO MED CTR - HIGHLAND CAMPUS,1411 EAST 31ST STREET,OAKLAND,94602,510-437-4800,Yes,01/01/2011,12/31/2011,Open,07/01/1953,07/01/1953,Level II,YES,16,9,9,6001405700,2c,,05 - East Bay,Alameda,140000046,Parent Facility,-122.2312,37.79917,General Acute Care,City and/or County,General Medical / Surgical,191,69715,8689,32841,17,6205,1278,3227,0,0,0,0,20,7300,276,1053,6091,0,0,0,0,0,0,0,0,0,0,0,0,0,0,0,8,2920,335,48,1665,0,0,0,0,236,86140,10578,43824,0,0,0,0,80,29200,2764,24758,0,0,0,,0,0,0,0,0,0,0,0,0,316,115340,13342,68582,0,0,0,0,0,0,20,836,1936,0,67,0,67,0,62,5,67,15,0,9,19,3,3,1,0,0,17,67,Yes,,,,,Basic,Basic,32663,73,8963,50,9857,71,16650,261,5518,7655,73651,8110,81761,52,0,6511,Yes,13,5,26,26,19,19,31,18,19,22,25,28,251,Respondent,2472,382895,2479,304481,0,0,7,7,Yes,1109,90,9,,,,0,273,NEITHER,0,0,0,0,0,0,0,0,1,0,0,0,0,45,12,49,13,94,25,94,0,0,0,0,0,19,2,0,0,0,0,0,20,23,0,4,0,35,197,Yes,No,300 - 499,City and/or County,1,0,0,0,1,0,1,0,0,0,0,0,0,0,1,1,0,,81761,,,,32736,9013,9928,16911,13173,,Urban,OAKLAND WEST CENTRAL,106010846,106010846
106010856,KAISER FND HOSP - OAKLAND CAMPUS,280 W. MACARTHUR BOULEVARD,OAKLAND,94611-5693,510-752-1000,Yes,01/01/2011,12/31/2011,Open,01/01/1946,01/01/1946,,YES,14,9,9,6001404000,2b,,05 - East Bay,Alameda,140000052,Parent Facility,-122.25801,37.82432,General Acute Care,Non-Profit Corporation (incl. Church-related),General Medical / Surgical,221,80665,10916,45178,39,14235,2437,6042,33,12045,1952,8353,30,10950,274,1570,5540,0,0,0,0,0,0,0,0,0,0,0,0,0,0,0,18,6570,274,173,5262,0,0,0,0,341,124465,15853,70375,0,0,0,0,0,0,0,0,0,0,0,,0,0,0,0,0,0,0,0,0,341,124465,15853,70375,0,0,0,0,0,0,31,1978,3843,0,0,0,0,0,0,0,0,0,0,0,0,0,0,0,0,0,0,0,,,,,,Basic,Basic,14570,65,6541,41,8446,275,11378,2509,2787,4113,43722,7003,50725,32,0,1856,Yes,17,4,12,4,6,4,4,0,2,6,0,2,61,Respondent,5452,1074703,4800,561869,0,0,12,12,,2217,172,39,,,,0,689,NEITHER,0,0,0,0,0,0,0,0,0,0,0,0,0,0,0,0,0,0,0,0,0,0,0,0,0,0,0,0,0,0,0,0,0,0,0,0,0,0,0,,No,300 - 499,Non-Profit Corporation (i,1,0,0,0,0,0,0,0,0,0,0,0,0,0,0,0,1,,,,,50725,14635,6582,8721,13887,6900,,Urban,ALBANY/BERKELEY EAST AND NORTH/CLAREMONT/CRAGMONT/FOREST PARK/ROCKRIDGE/TEMESCAL/THOUSAND OAKS,106010856,106010856
106010858,KAISER FND HOSP - HAYWARD/FREMONT,27400 HESPERIAN BOULEVARD,HAYWARD,94545,510-784-4000,Yes,01/01/2011,12/31/2011,Open,12/01/1966,12/01/1966,,NO,18,10,13,6001438300,2g,,05 - East Bay,Alameda,140000053,Parent Facility,-122.09338,37.62593,General Acute Care,Non-Profit Corporation (incl. Church-related),General Medical / Surgical,128,46720,6482,22333,33,11043,2584,6179,20,7300,826,1770,16,5840,318,1320,4173,0,0,0,0,0,0,0,0,0,0,0,0,0,0,0,16,5840,23,154,1405,0,0,0,0,213,76743,10233,35860,0,0,0,0,0,0,0,0,0,0,0,,0,0,0,0,0,0,0,0,0,213,76743,10233,35860,0,0,0,0,0,0,20,2458,6515,0,0,0,0,0,0,0,0,0,0,0,0,0,0,0,0,0,0,0,,,,,,Basic,Basic,12483,33,9525,23,11329,359,9085,2642,1473,2558,43895,5615,49510,26,0,693,,0,0,0,0,0,0,0,0,0,0,0,0,0,Respondent,1936,278530,3814,353014,0,0,7,7,,2500,206,45,,,,0,830,NEITHER,0,0,0,0,0,0,0,0,0,0,0,0,0,0,0,0,0,0,0,0,0,0,0,0,0,0,0,0,0,0,0,0,0,0,0,0,0,0,0,,No,200 - 299,Non-Profit Corporation (i,1,0,0,0,0,0,0,0,0,0,0,0,0,0,0,0,1,,,,,49510,12516,9548,11688,11727,4031,,Urban,SAN LEANDRO WEST/SAN LORENZO WEST/HAYWARD WEST,106010858,106010858
106010887,KINDRED HOSPITAL - SAN FRANCISCO BAY AREA,2800 BENEDICT DRIVE,SAN LEANDRO,94577,510-357-8300,Yes,01/01/2011,12/31/2011,Open,11/13/1962,11/13/1962,,NO,18,10,13,6001432800,2f,,05 - East Bay,Alameda,140000066,Parent Facility,-122.13119,37.71621,General Acute Care,Investor - Corporation,General Medical / Surgical,89,32485,429,14369,0,0,0,0,0,0,0,0,10,3650,45,241,1921,0,0,0,0,0,0,0,0,0,0,0,0,0,0,0,0,0,0,0,0,0,0,0,0,99,36135,474,16290,0,0,0,0,0,0,0,0,0,0,0,0,0,0,0,0,0,0,0,0,0,99,36135,474,16290,0,0,0,0,0,0,0,0,0,0,0,0,0,0,0,0,0,0,0,0,0,0,0,0,0,0,0,0,,,,,,0,0,0,0,0,0,0,0,0,0,0,0,0,0,0,0,0,0,,0,0,0,0,0,0,0,0,0,0,0,0,0,Respondent,249,22181,0,0,2,0,0,2,,0,0,0,,,,0,0,NEITHER,0,0,0,0,0,0,0,0,0,0,0,0,0,0,0,0,0,0,0,0,0,0,0,0,0,0,0,0,0,0,0,0,0,0,0,0,0,0,0,,No,50 - 99,Investor,0,0,0,1,0,0,0,0,0,0,0,0,0,0,0,0,1,,,,,0,0,0,0,0,0,,Urban,CASTRO VALLEY CENTRAL AND NORTH/OAK KNOLL/SAN LEANDRO NORTHEAST/SHEFFIELD VILLAGE/UNION CITY EAST,106010887,106010887
106010937,ALTA BATES SUMMIT MED CTR-SUMMIT CAMPUS-HAWTHORNE,350 HAWTHORNE AVENUE,OAKLAND,94609,510-655-4000,Yes,01/01/2011,12/31/2011,Open,01/01/1946,01/01/1946,,NO,16,9,9,6001401300,2m,,05 - East Bay,Alameda,140000284,Parent Facility,-122.26257,37.82106,General Acute Care,Non-Profit Corporation (incl. Church-related),General Medical / Surgical,301,109865,12522,57275,0,0,0,0,0,0,0,0,24,8760,273,1729,7802,12,4380,0,0,0,0,0,0,0,0,0,0,0,0,0,0,0,0,0,0,0,0,0,0,337,123005,12795,65077,0,0,0,0,0,0,0,0,0,0,0,0,0,0,0,0,0,0,0,0,0,337,123005,12795,65077,0,0,0,0,0,0,0,0,0,0,0,0,0,0,0,0,0,0,0,0,0,0,0,0,0,0,0,0,,,,,,Basic,Basic,491,1,2962,4,12067,37,11965,702,6558,7561,34043,8305,42348,31,0,1061,Yes,14,19,0,0,0,1,0,0,2,1,0,2,39,Respondent,3317,555872,2401,248410,0,0,12,12,Yes,0,0,0,,,,0,0,CV SURG,4,0,0,290,8,290,8,170,5,0,0,0,0,598,959,519,142,1117,1101,697,1,53,108,58,105,726,43,156,0,0,183,132,237,196,18,39,10,150,2912,Yes,No,300 - 499,Non-Profit Corporation (i,1,0,0,0,0,0,0,0,0,0,0,0,0,0,0,0,1,,,,,42348,492,2966,12104,12667,14119,,Urban,DIMOND/MONTCLAIR/OAKLAND EAST/OAKMORE/PIEDMONT/PIEDMONT PINES/TRESTLE GLEN,106010937,106010937
106010967,ST. ROSE HOSPITAL,27200 CALAROGA AVENUE,HAYWARD,94545,510-264-4000,Yes,01/01/2011,12/31/2011,Open,10/10/1962,10/10/1962,,NO,18,10,13,6001437300,2g,,05 - East Bay,Alameda,140000107,Parent Facility,-122.08962,37.63291,General Acute Care,Non-Profit Corporation (incl. Church-related),General Medical / Surgical,163,59495,6324,31385,17,6205,1086,2723,0,0,0,0,9,3285,131,805,2555,6,2190,127,459,1330,0,0,0,0,0,0,0,0,0,0,0,0,0,0,0,0,0,0,0,195,71175,7668,37993,0,0,0,0,0,0,0,0,22,8030,247,,3105,0,0,0,0,0,0,0,0,217,79205,7915,41098,0,0,0,0,0,0,24,1079,2503,0,0,0,0,0,0,0,0,0,0,0,0,0,0,0,0,0,0,0,,,,,,Basic,Basic,352,0,3773,0,12394,0,8716,0,3922,0,29157,5871,35028,17,0,828,Yes,32,45,26,28,11,35,30,36,10,14,0,6,273,Respondent,1151,171240,1060,105000,0,0,4,4,Yes,1079,33,1,,,,0,281,CATH LAB,0,0,0,0,0,0,0,0,1,0,0,0,0,423,189,264,25,687,214,473,0,30,12,17,4,227,51,0,0,0,0,0,80,20,0,29,0,417,1360,Yes,No,200 - 299,Non-Profit Corporation (i,1,0,0,0,0,0,0,0,0,0,0,0,0,0,0,0,1,,,,,35028,352,3773,12394,8716,3922,5871,Urban,SAN LEANDRO WEST/SAN LORENZO WEST/HAYWARD WEST,106010967,106010967
106010983,VALLEY MEMORIAL HOSPITAL - LIVERMORE,1111 E. STANLEY BOULEVARD,LIVERMORE,94550,925-847-3000,Yes,01/01/2011,12/31/2011,Open,10/19/1969,10/19/1969,,NO,15,9,10,6001451602,1.1,,05 - East Bay,Alameda,140000114,Consolidated Facility,-121.78252,37.6787,General Acute Care,Non-Profit Corporation (incl. Church-related),Long-Term Care (SN/IC),25,9125,0,0,0,0,0,0,0,0,0,0,3,1095,0,0,0,7,2555,0,0,0,0,0,0,0,0,0,0,0,0,0,0,0,0,0,0,0,0,0,0,35,12775,0,0,0,0,0,0,14,5110,201,2783,26,9490,489,,6962,0,0,0,0,0,0,0,0,75,27375,690,9745,0,0,0,0,0,0,0,0,0,0,0,5,5,0,0,5,5,5,0,0,0,0,0,0,0,0,0,5,,,,,,0,0,0,0,0,0,0,0,0,0,0,0,0,0,0,0,0,0,,0,0,0,0,0,0,0,0,0,0,0,0,0,Respondent,0,0,0,0,0,0,0,0,,0,0,0,,,,0,0,NEITHER,0,0,0,0,0,0,0,0,0,0,0,0,0,0,0,0,0,0,0,0,0,0,0,0,0,0,0,0,0,0,0,0,0,0,0,0,0,0,0,,No,50 - 99,Non-Profit Corporation (i,0,0,0,1,0,0,0,0,0,0,0,0,0,0,0,0,1,,,,,0,0,0,0,0,0,,Rural,LIVERMORE CENTRAL AND WEST/SPRING TOWN,106010983,106010983
106010987,WASHINGTON HOSPITAL - FREMONT,2000 MOWRY AVENUE,FREMONT,94538,510-797-1111,Yes,01/01/2011,12/31/2011,Open,11/19/1958,11/19/1958,,NO,20,10,13,6001441901,2l,,05 - East Bay,Alameda,140000116,Parent Facility,-121.98006,37.55847,General Acute Care,District,General Medical / Surgical,294,107310,9805,49410,22,8030,2193,5655,15,5475,380,881,12,4380,204,1167,3791,16,5840,139,724,5066,0,0,0,0,0,0,0,0,0,0,0,0,0,0,0,0,0,0,0,359,131035,12721,64803,0,0,0,0,0,0,0,0,0,0,0,,0,0,0,0,0,0,0,0,0,359,131035,12721,64803,0,0,0,0,0,0,22,1952,4318,0,0,0,0,0,0,0,0,0,0,0,0,0,0,0,0,0,0,0,,,,,,Basic,Basic,3375,10,6623,10,14881,88,11283,131,6110,7242,42272,7481,49753,23,0,805,,0,0,0,0,0,0,0,0,0,0,0,0,0,Respondent,3386,440602,760,63637,0,1,7,8,,1981,100,3,Yes,,YES,1299,682,CV SURG,2,0,0,50,58,50,58,108,3,0,0,0,0,608,530,688,396,1296,926,1296,0,100,13,59,1,521,45,12,0,0,14,181,949,468,35,0,0,369,4063,,No,300 - 499,District,1,0,0,0,0,0,0,0,0,0,0,0,0,0,0,0,1,,,,,49753,3385,6633,14969,11414,13352,,Urban,FREMONT EAST/NILES/UNION CITY CENTRAL,106010987,106010987
106013619,SAN LEANDRO HOSPITAL,13855 EAST 14TH STREET,SAN LEANDRO,94578,510-667-4510,Yes,01/01/2011,12/31/2011,Open,07/01/2004,08/09/1960,,NO,18,10,13,6001433101,2h,,05 - East Bay,Alameda,140000030,Consolidated Facility,-122.14067,37.71364,General Acute Care,Non-Profit Corporation (incl. Church-related),General Medical / Surgical,84,30660,3516,13251,0,0,0,0,0,0,0,0,5,1825,191,0,2189,4,1460,0,0,0,0,0,0,0,0,0,0,0,0,0,0,0,0,0,0,0,0,0,0,93,33945,3707,15440,0,0,0,0,0,0,0,0,0,0,0,,0,0,0,0,0,0,0,0,0,93,33945,3707,15440,0,0,0,0,0,0,0,0,0,0,0,0,0,0,0,0,0,0,0,0,0,0,0,0,0,0,0,0,,,,,,Basic,Basic,1734,0,8580,32,8144,335,3631,848,3984,2071,26073,3286,29359,12,13785,0,,0,0,0,0,0,0,0,0,0,0,0,0,0,Respondent,1283,113501,1092,84460,0,0,5,5,Yes,0,0,0,,,,0,0,NEITHER,0,0,0,0,0,0,0,0,0,0,0,0,0,0,0,0,0,0,0,0,0,0,0,0,0,0,0,0,0,0,0,0,0,0,0,0,0,0,0,,No,50 - 99,Non-Profit Corporation (i,1,0,0,0,0,0,0,0,0,0,0,0,0,0,0,0,1,,,,,29359,1734,8612,8479,4479,6055,,Urban,ASHLAND/BROOKFIELD VILLAGE/CASTRO VALLEY SOUTH/ELMHURST/HAYWARD NORTHEAST/SAN LEANDRO NORTH CENTRAL/,106013619,106013619
106013626,ALTA BATES SUMMIT MED CTR-SUMMIT CAMPUS-SUMMIT,3100 SUMMIT STREET,OAKLAND,94609,510-655-4000,Yes,01/01/2011,12/31/2011,Open,01/01/1946,01/01/1946,,NO,16,9,9,6001401300,2m,,05 - East Bay,Alameda,140000284,Consolidated Facility,-122.2643,37.81994,General Acute Care,Non-Profit Corporation (incl. Church-related),General Medical / Surgical,101,36865,2,3,0,0,0,0,0,0,0,0,0,0,0,0,0,0,0,0,0,0,0,0,0,0,0,0,0,0,0,0,0,0,0,0,0,0,0,0,0,101,36865,2,3,0,0,0,0,0,0,0,0,71,25915,784,0,8166,0,0,0,0,0,0,0,0,172,62780,786,8169,0,0,0,0,0,0,0,0,0,0,0,0,0,0,0,0,0,0,0,0,0,0,0,0,0,0,0,0,,,,,,0,0,0,0,0,0,0,0,0,0,0,0,0,0,0,0,0,0,,0,0,0,0,0,0,0,0,0,0,0,0,0,Respondent,2,200,1068,90623,0,0,7,7,Yes,0,0,0,,,,0,0,NEITHER,0,0,0,0,0,0,0,0,0,0,0,0,0,0,0,0,0,0,0,0,0,0,0,0,0,0,0,0,0,0,0,0,0,0,0,0,0,0,0,,No,150 - 199,Non-Profit Corporation (i,0,0,0,1,0,0,0,0,0,0,0,0,0,0,0,0,1,,,,,0,0,0,0,0,0,,Urban,DIMOND/MONTCLAIR/OAKLAND EAST/OAKMORE/PIEDMONT/PIEDMONT PINES/TRESTLE GLEN,106013626,106013626
106013687,MPI CHEMICAL DEPENDENCY RECOVERY HOSPITAL,"3012 SUMMIT STREET, 5TH FLOOR",OAKLAND,94609,510-652-7000,Yes,01/01/2011,12/31/2011,Open,10/12/1983,10/12/1983,,NO,16,9,9,6001401300,2m,,05 - East Bay,Alameda,140000232,Parent Facility,-122.26451,37.81906,Chemical Dependency Recovery Hospital,Non-Profit Corporation (incl. Church-related),Chemical Dependency (Alcohol/Drug),0,0,0,0,0,0,0,0,0,0,0,0,0,0,0,0,0,0,0,0,0,0,0,0,0,0,0,0,0,0,0,0,0,0,0,0,0,0,0,0,0,0,0,0,0,24,8760,602,6642,0,0,0,0,0,0,0,,0,0,0,0,0,0,0,0,0,24,8760,602,6642,0,602,6642,0,0,0,0,0,0,0,0,0,0,0,0,0,0,0,0,0,0,0,0,0,0,0,0,0,,,,,,0,0,0,0,0,0,0,0,0,0,0,0,0,0,0,0,0,0,,0,0,0,0,0,0,0,0,0,0,0,0,0,Respondent,0,0,0,0,0,0,0,0,,0,0,0,,,,0,0,NEITHER,0,0,0,0,0,0,0,0,0,0,0,0,0,0,0,0,0,0,0,0,0,0,0,0,0,0,0,0,0,0,0,0,0,0,0,0,0,0,0,,No,1 - 49,Non-Profit Corporation (i,0,0,0,1,0,0,0,0,0,0,0,0,0,0,0,0,1,,,,,0,0,0,0,0,0,,Urban,DIMOND/MONTCLAIR/OAKLAND EAST/OAKMORE/PIEDMONT/PIEDMONT PINES/TRESTLE GLEN,106013687,106013687
106014034,FREMONT HOSPITAL,39001 SUNDALE DRIVE,FREMONT,94538,510-796-1100,Yes,01/01/2011,12/31/2011,Open,02/16/1990,02/16/1990,,NO,20,10,13,6001441922,2j,,05 - East Bay,Alameda,140000347,Parent Facility,-121.97885,37.54652,Acute Psychiatric,Investor - Corporation,Psychiatric,0,0,0,0,0,0,0,0,0,0,0,0,0,0,0,0,0,0,0,0,0,0,0,0,0,0,0,0,0,0,0,0,0,0,0,0,0,0,0,0,0,0,0,0,0,0,0,0,0,96,35040,3623,31049,0,0,0,0,0,0,0,0,0,0,0,0,0,96,35040,3623,31049,0,0,0,0,0,0,0,0,0,0,71,0,71,13,36,22,71,22,0,1,0,0,0,44,4,0,0,71,Yes,,,,,0,0,0,0,0,0,0,0,0,0,0,0,0,0,0,0,0,0,,0,0,0,0,0,0,0,0,0,0,0,0,0,Respondent,0,0,0,0,0,0,0,0,,0,0,0,,,,0,0,NEITHER,0,0,0,0,0,0,0,0,0,0,0,0,0,0,0,0,0,0,0,0,0,0,0,0,0,0,0,0,0,0,0,0,0,0,0,0,0,0,0,,No,50 - 99,Investor,0,0,0,1,0,0,0,0,0,0,0,0,0,0,0,0,1,,,,,0,0,0,0,0,0,,Urban,CENTERVILLE/FREMONT WEST/IRVINGTON/NEWARK EAST CENTRAL,106014034,106014034
106014050,VALLEYCARE MEDICAL CENTER,5555 WEST LAS POSITAS BLVD.,PLEASANTON,94588,925-847-3000,Yes,01/01/2011,12/31/2011,Open,12/09/1991,12/09/1991,,NO,18,10,11,6001450722,2k,,05 - East Bay,Alameda,140000114,Parent Facility,-121.88095,37.69206,General Acute Care,Non-Profit Corporation (incl. Church-related),General Medical / Surgical,116,42340,4821,13348,15,5475,1337,3592,4,1460,148,330,13,4745,310,369,1972,9,3285,302,279,2203,0,0,0,0,0,0,0,0,0,0,10,3650,137,52,952,0,0,0,0,167,60955,7055,22397,0,0,0,0,0,0,0,0,0,0,0,,0,0,0,0,0,0,0,0,0,167,60955,7055,22397,0,0,0,0,0,0,0,1229,2791,0,0,0,0,0,0,0,0,0,0,0,0,0,0,0,0,0,0,0,,,,,,Basic,Basic,175,0,1943,2,10776,8,9352,650,1936,4525,24182,5185,29367,18,2128,298,Yes,0,0,0,0,2,0,0,0,0,0,0,0,2,Respondent,2521,330946,4439,380641,0,4,7,11,Yes,1293,57,14,,,,0,463,CV SURG,1,0,0,56,2,56,2,33,1,0,0,0,0,320,166,138,19,458,185,458,0,24,23,5,11,164,21,0,3,0,0,0,193,179,0,18,0,0,1099,,No,150 - 199,Non-Profit Corporation (i,1,0,0,0,0,0,0,0,0,0,0,0,0,0,0,0,1,,,,,29367,175,1945,10784,10002,6461,,Urban,DUBLIN/PLEASANTON/SANTA RITA/SUNOL,106014050,106014050
106014132,KAISER FND HOSP - FREMONT,39400 PASEO PADRE PARKWAY,FREMONT,94538,510-248-5302,Yes,01/01/2011,12/31/2011,Open,12/01/1996,12/01/1996,,NO,20,10,13,6001441901,2l,,05 - East Bay,Alameda,140000053,Consolidated Facility,-121.97483,37.55055,General Acute Care,Non-Profit Corporation (incl. Church-related),General Medical / Surgical,96,35040,4930,14906,0,0,0,0,0,0,0,0,10,3650,170,770,2509,0,0,0,0,0,0,0,0,0,0,0,0,0,0,0,0,0,0,0,0,0,0,0,0,106,38690,5100,17415,0,0,0,0,0,0,0,0,0,0,0,,0,0,0,0,0,0,0,0,0,106,38690,5100,17415,0,0,0,0,0,0,0,0,0,0,0,0,0,0,0,0,0,0,0,0,0,0,0,0,0,0,0,0,,,,,,Basic,Basic,6224,12,5153,3,6212,168,5242,1598,734,1501,23565,3282,26847,16,0,75,,0,0,0,0,0,0,0,0,0,0,0,0,0,Respondent,1710,257914,8342,499341,0,0,7,7,,0,0,0,,,,0,0,CATH LAB,1,0,0,0,0,0,0,0,1,0,0,0,0,51,0,32,0,83,0,64,0,0,0,0,0,25,0,0,0,0,0,0,0,0,0,0,0,0,89,,No,100 - 149,Non-Profit Corporation (i,1,0,0,0,0,0,0,0,0,0,0,0,0,0,0,0,1,,,,,26847,6236,5156,6380,6840,2235,,Urban,FREMONT EAST/NILES/UNION CITY CENTRAL,106014132,106014132
106014207,TELECARE HERITAGE PSYCHIATRIC HEALTH FACILITY,2633 East 27th Street,Oakland,94601,510-535-5115-111,Yes,01/01/2011,12/31/2011,Open,08/16/2005,08/16/2005,,NO,16,9,9,6001406300,2c,,05 - East Bay,Alameda,MH2026036,Parent Facility,-122.22257,37.79127,Psychiatric Health Facility,Investor - Corporation,Psychiatric,0,0,0,0,0,0,0,0,0,0,0,0,0,0,0,0,0,0,0,0,0,0,0,0,0,0,0,0,0,0,0,0,0,0,0,0,0,0,0,0,0,0,0,0,0,0,0,0,0,26,9490,1207,7665,0,0,0,0,0,0,0,0,0,0,0,0,0,26,9490,1207,7665,0,0,0,0,0,0,0,0,0,0,18,0,18,0,15,3,18,3,0,0,0,0,0,15,0,0,0,18,Yes,,,,,0,0,0,0,0,0,0,0,0,0,0,0,0,0,0,0,0,0,,0,0,0,0,0,0,0,0,0,0,0,0,0,Respondent,0,0,0,0,0,0,0,0,,0,0,0,,,,0,0,NEITHER,0,0,0,0,0,0,0,0,0,0,0,0,0,0,0,0,0,0,0,0,0,0,0,0,0,0,0,0,0,0,0,0,0,0,0,0,0,0,0,,No,1 - 49,Investor,0,0,0,1,0,0,0,0,0,0,0,0,0,0,0,0,1,,,,,0,0,0,0,0,0,,Urban,OAKLAND WEST CENTRAL,106014207,106014207
106014226,TELECARE WILLOW ROCK CENTER,2050 Fairmont Drive,Alameda,94578,510-618-4715,Yes,01/01/2011,12/31/2011,Open,07/02/2007,07/02/2007,,NO,18,10,9,6001430500,2f,,05 - East Bay,Alameda,MH2016039,Parent Facility,-122.120719,37.711816,Psychiatric Health Facility,Investor - Corporation,Psychiatric,0,0,0,0,0,0,0,0,0,0,0,0,0,0,0,0,0,0,0,0,0,0,0,0,0,0,0,0,0,0,0,0,0,0,0,0,0,0,0,0,0,0,0,0,0,0,0,0,0,16,5840,523,3277,0,0,0,0,0,0,0,0,0,0,0,0,0,16,5840,523,3277,0,0,0,0,0,0,0,0,0,0,5,0,5,5,0,0,5,0,0,2,0,0,3,0,0,0,0,5,,,,,,0,0,0,0,0,0,0,0,0,0,0,0,0,0,0,0,0,0,,0,0,0,0,0,0,0,0,0,0,0,0,0,Respondent,0,0,0,0,0,0,0,0,,0,0,0,,,,0,0,NEITHER,0,0,0,0,0,0,0,0,0,0,0,0,0,0,0,0,0,0,0,0,0,0,0,0,0,0,0,0,0,0,0,0,0,0,0,0,0,0,0,,No,1 - 49,Investor,0,0,0,1,0,0,0,0,0,0,0,0,0,0,0,0,1,,,,,0,0,0,0,0,0,,Urban,CASTRO VALLEY CENTRAL AND NORTH/OAK KNOLL/SAN LEANDRO NORTHEAST/SHEFFIELD VILLAGE/UNION CITY EAST,106014226,106014226
106034002,SUTTER AMADOR HOSPITAL,200 MISSION BLVD,JACKSON,95642,203-223-7516,Yes,01/01/2011,12/31/2011,Open,04/10/2000,04/10/2000,,NO,10,1,3,6005000401,4,,06 - North San Joaquin,Amador,30000008,Parent Facility,-120.77272,38.34743,General Acute Care,Non-Profit Corporation (incl. Church-related),General Medical / Surgical,38,13870,1663,5480,8,2920,371,814,0,0,0,0,6,2190,190,339,1233,0,0,0,0,0,0,0,0,0,0,0,0,0,0,0,0,0,0,0,0,0,0,0,0,52,18980,2224,7527,0,0,0,0,0,0,0,0,0,0,0,,0,0,0,0,0,0,0,0,0,52,18980,2224,7527,0,0,0,0,0,0,8,328,638,0,0,0,0,0,0,0,0,0,0,0,0,0,0,0,0,0,0,0,,,,,,Basic,Basic,140,0,1766,0,8355,2496,4458,726,204,147,14923,3369,18292,6,140,179,,0,0,0,0,0,0,0,0,0,0,0,0,0,Respondent,604,77396,870,80554,2,0,1,3,,328,0,0,Yes,,YES,233,95,NEITHER,0,0,0,0,0,0,0,0,0,0,0,0,0,0,0,0,0,0,0,0,0,0,0,0,0,0,0,0,0,0,0,0,0,0,0,0,0,0,0,,No,50 - 99,Non-Profit Corporation (i,1,0,0,0,0,0,0,0,0,0,0,0,0,0,0,0,1,,,,,18292,140,1766,10851,5184,351,,Rural,IONE/JACKSON/PINE GROVE/SUTTER CREEK,106034002,106034002
106040802,BIGGS GRIDLEY MEMORIAL HOSPITAL,240 SPRUCE STREET,GRIDLEY,95948,530-846-5671-1260,Yes,01/01/2011,12/31/2011,Open,05/24/1949,05/24/1949,Level IV,NO,3,4,2,6007003500,9,,01 - Northern California,Butte,230000007,Parent Facility,-121.69058,39.36705,General Acute Care,Non-Profit Corporation (incl. Church-related),General Medical / Surgical,20,7300,635,1882,0,0,0,0,0,0,0,0,4,1460,124,208,768,0,0,0,0,0,0,0,0,0,0,0,0,0,0,0,0,0,0,0,0,0,0,0,0,24,8760,759,2650,0,0,0,0,0,0,0,0,21,7665,84,,8048,0,0,0,0,0,0,0,0,45,16425,843,10698,0,0,0,0,0,0,0,0,0,10,0,0,0,0,0,0,0,0,0,0,0,0,0,0,0,0,0,0,,,,,,Standby,Standby,2328,0,2617,80,1184,208,136,204,21,0,6286,492,6778,4,0,98,,0,0,0,0,0,0,0,0,0,0,0,0,0,Respondent,147,13583,596,22761,0,0,2,2,,0,0,0,,,,0,0,NEITHER,0,0,0,0,0,0,0,0,0,0,0,0,0,0,0,0,0,0,0,0,0,0,0,0,0,0,0,0,0,0,0,0,0,0,0,0,0,0,0,,No,1 - 49,Non-Profit Corporation (i,0,0,1,0,1,0,0,0,1,0,0,0,0,0,1,1,0,,,,6778,,2328,2697,1392,340,21,,Rural,BIGGS/EAST BIGGS/GRIDLEY,106040802,106040802
106040828,ENLOE MEDICAL CENTER - COHASSET CAMPUS,560 COHASSET ROAD,CHICO,95926,530-332-7300-7400,Yes,01/01/2011,12/31/2011,Open,06/19/1964,06/19/1964,,NO,3,4,2,6007000300,7.1,,01 - Northern California,Butte,230000027,Consolidated Facility,-121.84753,39.75209,General Acute Care,Non-Profit Corporation (incl. Church-related),Psychiatric,0,0,0,0,0,0,0,0,0,0,0,0,0,0,0,0,0,0,0,0,0,0,0,0,0,0,0,0,0,0,0,0,0,0,0,0,0,0,0,0,0,0,0,0,0,0,0,0,0,30,10950,705,4434,0,0,0,,0,0,0,0,0,0,0,0,0,30,10950,705,4434,0,0,0,0,0,0,0,0,0,0,8,0,8,0,6,2,8,6,0,0,0,0,2,0,0,0,0,8,,,,,,0,0,0,0,0,0,0,0,0,0,0,0,0,0,0,0,0,0,,0,0,0,0,0,0,0,0,0,0,0,0,0,Respondent,0,0,0,0,0,0,0,0,,0,0,0,,,,0,0,NEITHER,0,0,0,0,0,0,0,0,0,0,0,0,0,0,0,0,0,0,0,0,0,0,0,0,0,0,0,0,0,0,0,0,0,0,0,0,0,0,0,,No,1 - 49,Non-Profit Corporation (i,0,0,0,1,0,0,0,0,0,0,0,0,0,0,0,0,1,,,,,0,0,0,0,0,0,,Urban,CHAPMANTOWN/CHICO,106040828,106040828
106040875,FEATHER RIVER HOSPITAL,5974 PENTZ ROAD,PARADISE,95969,530-877-9361-8000,Yes,01/01/2011,12/31/2011,Open,03/05/1951,03/05/1951,,NO,3,4,2,6007002000,8,,01 - Northern California,Butte,230000017,Parent Facility,-121.57218,39.75641,General Acute Care,Non-Profit Corporation (incl. Church-related),General Medical / Surgical,73,26881,3859,15595,15,5475,1066,2415,0,0,0,0,12,4380,433,689,3240,0,0,0,0,0,0,0,0,0,0,0,0,0,0,0,0,0,0,0,0,0,0,0,0,100,36736,5358,21250,0,0,0,0,0,0,0,0,0,0,0,0,0,0,0,0,0,0,0,0,0,100,36736,5358,21250,0,0,0,0,0,0,18,1001,2113,0,0,0,0,0,0,0,0,0,0,0,0,0,0,0,0,0,0,0,,Yes,YES,YES,,Basic,Basic,160,0,4032,3,5800,22,4051,317,2803,3240,16846,3582,20428,7,268,482,,0,0,0,0,0,0,0,0,0,0,0,0,0,Respondent,1360,164463,2024,154828,0,0,5,5,,991,39,2,Yes,,YES,744,241,CATH LAB,0,0,0,0,0,0,0,0,1,0,0,0,0,244,60,146,48,390,108,390,0,86,22,0,0,0,0,0,0,0,0,0,0,3,0,0,0,19,520,Yes,No,100 - 149,Non-Profit Corporation (i,1,0,0,0,0,0,0,0,0,0,0,0,0,0,0,0,1,,,,,20428,160,4035,5822,4368,6043,,Rural,MAGALIA/PARADISE/STIRLING CITY,106040875,106040875
106040937,OROVILLE HOSPITAL,2767 OLIVE HIGHWAY,OROVILLE,95966,530-533-8500,Yes,01/01/2011,12/31/2011,Open,01/01/1962,01/01/1962,Level III,NO,3,4,4,6007003000,10,,01 - Northern California,Butte,230000022,Parent Facility,-121.5428,39.50485,General Acute Care,Non-Profit Corporation (incl. Church-related),General Medical / Surgical,113,41245,8321,25858,10,3650,445,1165,0,0,0,0,10,3650,253,916,2862,0,0,0,0,0,0,0,0,0,0,0,0,0,0,0,0,0,0,0,0,0,0,0,0,133,48545,9019,29885,0,0,0,0,0,0,0,0,20,7300,653,0,6152,0,0,0,0,0,0,0,0,153,55845,9672,36037,0,0,0,0,0,0,10,434,1115,0,0,0,0,0,0,0,0,0,0,0,0,0,0,0,0,0,0,0,,,,,,Basic,Basic,266,0,4412,16,16514,384,4762,2278,565,5607,26519,8285,34804,14,0,1322,,0,0,0,0,0,0,0,0,0,0,0,0,0,Respondent,1564,156654,2767,167107,0,0,5,5,Yes,435,19,1,,,,0,150,NEITHER,0,0,0,0,0,0,0,0,0,0,0,0,0,0,0,0,0,0,0,0,0,0,0,0,0,0,0,0,0,0,0,0,0,0,0,0,0,0,0,Yes,No,150 - 199,Non-Profit Corporation (i,1,0,0,0,1,0,0,1,0,0,0,0,0,0,1,1,0,,,34804,,,266,4428,16898,7040,6172,,Rural,OROVILLE/PALERMO/THERMALITO,106040937,106040937
106040962,ENLOE MEDICAL CENTER- ESPLANADE CAMPUS,1531 ESPLANADE,CHICO,95926,530-332-7300-7400,Yes,01/01/2011,12/31/2011,Open,03/29/1946,03/29/1946,Level II,NO,3,4,2,6007000603,7.1,,01 - Northern California,Butte,230000027,Parent Facility,-121.84922,39.74224,General Acute Care,Non-Profit Corporation (incl. Church-related),General Medical / Surgical,149,54385,11291,47305,18,6570,1579,3283,4,1460,318,828,18,6570,249,1352,4333,15,5475,98,561,1783,0,0,0,0,0,0,0,0,0,0,4,1460,21,46,142,0,0,0,0,208,75920,13556,57674,0,0,0,0,0,0,0,0,0,0,0,,0,0,0,0,0,0,0,0,0,208,75920,13556,57674,0,0,0,0,0,0,18,1359,2899,0,0,0,0,0,0,0,0,0,0,0,0,0,0,0,0,0,0,0,,,,,,Basic,Basic,32,1,533,0,6707,14,7813,502,9208,5667,24293,6184,30477,24,14460,1287,,0,0,0,0,0,0,0,0,0,0,0,0,0,Respondent,4163,576343,4335,315505,0,4,8,12,Yes,1323,51,5,,,,0,381,CV SURG,2,0,0,100,91,100,91,172,2,0,0,0,0,1245,588,656,124,1901,712,1045,0,122,137,65,96,395,36,6,0,0,249,166,53,59,0,38,0,146,2613,Yes,No,200 - 299,Non-Profit Corporation (i,1,0,0,0,1,0,1,0,0,0,0,0,0,0,1,1,0,,30477,,,,33,533,6721,8315,14875,,Urban,CHAPMANTOWN/CHICO,106040962,106040962
106044006,BUTTE COUNTY PHF,592 RIO LINDO AVENUE,CHICO,95926,530-891-2775,Yes,01/01/2011,12/31/2011,Open,01/29/1988,01/29/1988,,NO,3,4,2,6007000300,7.1,,01 - Northern California,Butte,MH1016001,Parent Facility,-121.848,39.75406,Psychiatric Health Facility,City and/or County,Psychiatric,0,0,0,0,0,0,0,0,0,0,0,0,0,0,0,0,0,0,0,0,0,0,0,0,0,0,0,0,0,0,0,0,0,0,0,0,0,0,0,0,0,0,0,0,0,0,0,0,0,16,5840,682,4908,0,0,0,,0,0,0,0,0,0,0,0,0,16,5840,682,4908,0,0,0,0,0,0,0,0,0,0,15,0,15,0,15,0,15,0,0,0,0,0,15,0,0,0,0,15,Yes,,,,,0,0,0,0,0,0,0,0,0,0,0,0,0,0,0,0,0,0,,0,0,0,0,0,0,0,0,0,0,0,0,0,Respondent,0,0,0,0,0,0,0,0,,0,0,0,,,,0,0,NEITHER,0,0,0,0,0,0,0,0,0,0,0,0,0,0,0,0,0,0,0,0,0,0,0,0,0,0,0,0,0,0,0,0,0,0,0,0,0,0,0,,No,1 - 49,City and/or County,0,0,0,1,0,0,0,0,0,0,0,0,0,0,0,0,1,,,,,0,0,0,0,0,0,,Urban,CHAPMANTOWN/CHICO,106044006,106044006
106044011,ENLOE REHABILITATION CENTER,340 WEST EAST AVENUE,CHICO,95926,530-332-7300-7400,Yes,01/01/2011,12/31/2011,Open,05/14/1991,05/14/1991,,NO,3,4,2,6007000400,7.1,,01 - Northern California,Butte,230000027,Consolidated Facility,-121.86666,39.75369,General Acute Care,Non-Profit Corporation (incl. Church-related),Physical Rehabilitation,0,0,0,0,0,0,0,0,0,0,0,0,0,0,0,0,0,0,0,0,0,0,0,0,0,0,0,0,0,0,0,0,0,0,0,0,0,60,21900,534,7323,60,21900,534,7323,0,0,0,0,0,0,0,0,0,0,0,,0,0,0,0,0,0,0,0,0,60,21900,534,7323,0,0,0,0,0,0,0,0,0,0,0,0,0,0,0,0,0,0,0,0,0,0,0,0,0,0,0,0,,,,,,0,0,0,0,0,0,0,0,0,0,0,0,0,0,0,0,0,0,,0,0,0,0,0,0,0,0,0,0,0,0,0,Respondent,0,0,0,0,0,0,0,0,,0,0,0,,,,0,0,NEITHER,0,0,0,0,0,0,0,0,0,0,0,0,0,0,0,0,0,0,0,0,0,0,0,0,0,0,0,0,0,0,0,0,0,0,0,0,0,0,0,,No,50 - 99,Non-Profit Corporation (i,0,0,0,1,0,0,0,0,0,0,0,0,0,0,0,0,1,,,,,0,0,0,0,0,0,,Urban,CHAPMANTOWN/CHICO,106044011,106044011
106050932,MARK TWAIN ST. JOSEPHS HOSPITAL,768 MOUNTAIN RANCH ROAD,SAN ANDREAS,95249,209-754-3521,Yes,01/01/2011,12/31/2011,Open,08/21/1951,08/21/1951,,NO,25,1,3,6009000300,12,,06 - North San Joaquin,Calaveras,30000058,Parent Facility,-120.67105,38.19021,General Acute Care,Non-Profit Corporation (incl. Church-related),General Medical / Surgical,40,14600,1184,3942,0,0,0,0,0,0,0,0,8,2920,179,294,1023,0,0,0,0,0,0,0,0,0,0,0,0,0,0,0,0,0,0,0,0,0,0,0,0,48,17520,1363,4965,0,0,0,0,0,0,0,0,0,0,2,,11,0,0,0,0,0,0,0,0,48,17520,1365,4976,0,0,0,0,0,0,0,0,0,12,0,0,0,0,0,0,0,0,0,0,0,0,0,0,0,0,0,0,,,,,,Basic,Basic,64,0,2107,0,4091,55,1396,699,490,368,8148,1122,9270,8,2171,432,,0,0,0,0,0,0,0,0,0,0,0,0,0,Respondent,256,38421,612,51720,1,1,0,2,Yes,0,0,0,,,,0,0,NEITHER,0,0,0,0,0,0,0,0,0,0,0,0,0,0,0,0,0,0,0,0,0,0,0,0,0,0,0,0,0,0,0,0,0,0,0,0,0,0,0,Yes,No,1 - 49,Non-Profit Corporation (i,1,0,0,0,0,0,0,0,0,0,0,0,0,0,0,0,1,,,,,9270,64,2107,4146,2095,858,,Rural,ANGELS CAMP/ARNOLD/COPPEROPOLIS/MOUNTAIN RANCH/MURPHYS/SAN ANDREAS/VALLEY SPRINGS/WEST POINT,106050932,106050932
106060870,COLUSA REGIONAL MEDICAL CENTER,199 EAST WEBSTER STREET,COLUSA,95932,530-458-5821-252,Yes,01/01/2011,12/31/2011,Open,07/01/1953,07/01/1953,Level IV,NO,2,4,2,6011000200,15,,01 - Northern California,Colusa,230000149,Parent Facility,-122.00031,39.20727,General Acute Care,Non-Profit Corporation (incl. Church-related),General Medical / Surgical,28,10220,695,2288,8,2920,182,498,0,0,54,155,6,2190,37,73,177,0,0,0,0,0,0,0,0,0,0,0,0,0,0,0,0,0,0,0,0,0,0,0,0,42,15330,968,3118,0,0,0,0,0,0,0,0,6,2190,77,0,700,0,0,0,0,0,0,0,0,48,17520,1045,3818,0,0,0,0,0,0,6,165,424,6,0,0,0,0,0,0,0,0,0,0,0,0,0,0,0,0,0,0,,,,,,Standby,Standby,102,1,58,2,1640,8,2038,45,1202,593,5040,649,5689,4,154,81,,0,0,0,0,0,0,0,0,0,0,0,0,0,Respondent,316,16072,302,8404,0,0,2,2,Yes,165,8,0,,,,0,72,NEITHER,0,0,0,0,0,0,0,0,0,0,0,0,0,0,0,0,0,0,0,0,0,0,0,0,0,0,0,0,0,0,0,0,0,0,0,0,0,0,0,,No,1 - 49,Non-Profit Corporation (i,0,0,1,0,1,0,0,0,1,0,0,0,0,0,1,1,0,,,,5689,,103,60,1648,2083,1795,,Rural,COLUSA,106060870,106060870
106070904,DOCTORS MEDICAL CENTER - SAN PABLO,2000 VALE ROAD,SAN PABLO,94806,510-970-5000,Yes,01/01/2011,12/31/2011,Open,01/15/1954,01/15/1954,,NO,14,9,7,6013372000,18f,,05 - East Bay,Contra Costa,110000485,Parent Facility,-122.33866,37.95279,General Acute Care,District,General Medical / Surgical,154,56210,5755,23027,0,0,0,0,0,0,0,0,35,12775,320,1405,4623,0,0,0,0,0,0,0,0,0,0,0,0,0,0,0,0,0,0,0,0,0,0,0,0,189,68985,6075,27650,0,0,0,0,0,0,0,0,0,0,0,,0,0,0,0,0,0,0,0,0,189,68985,6075,27650,0,0,0,0,0,0,0,0,0,0,0,0,0,0,0,0,0,0,0,0,0,0,0,0,0,0,0,0,,,,,,Basic,Basic,395,2,8663,5,12475,37,8513,350,4285,4981,34331,5375,39706,25,0,773,,0,0,0,0,0,0,0,0,0,0,0,0,0,Respondent,1063,143041,1192,105270,0,0,6,6,Yes,1,0,0,,,,0,0,CATH LAB,0,0,0,0,0,0,0,0,1,0,0,0,0,123,265,110,113,233,378,233,0,56,22,25,2,115,127,0,1,0,34,31,1,0,0,5,0,0,652,,No,150 - 199,District,1,0,0,0,0,0,0,0,0,0,0,0,0,0,0,0,1,,,,,39706,397,8668,12512,8863,9266,,Urban,RICHMOND CENTRAL/SAN PABLO CENTRAL,106070904,106070904
106070924,CONTRA COSTA REGIONAL MEDICAL CENTER,2500 ALHAMBRA AVENUE,MARTINEZ,94553,925-957-5450,Yes,01/01/2011,12/31/2011,Open,07/02/1953,07/02/1953,,NO,11,7,7,6013318000,18a,,05 - East Bay,Contra Costa,140000090,Parent Facility,-122.13101,38.00646,General Acute Care,City and/or County,General Medical / Surgical,99,36135,5472,27499,10,3650,2247,3650,0,0,0,0,8,2920,184,253,2110,0,0,0,0,0,0,0,0,0,0,0,0,0,0,0,6,2190,279,513,1362,0,0,0,0,123,44895,8182,34621,0,0,0,0,43,15695,857,7027,0,0,0,0,0,0,0,0,0,0,0,0,0,166,60590,9039,41648,0,0,0,0,0,0,6,1872,3935,0,19,0,19,0,18,1,19,2,0,0,12,0,0,0,5,0,0,19,Yes,,,,,Basic,Basic,1275,7,11757,133,37334,1033,10850,2572,2015,174,63231,3919,67150,20,3828,2357,,0,0,0,0,0,0,0,0,0,0,0,0,0,Respondent,1029,180900,3132,289920,0,0,4,4,,2077,78,4,,,,0,492,NEITHER,0,0,0,0,0,0,0,0,0,0,0,0,0,0,0,0,0,0,0,0,0,0,0,0,0,0,0,0,0,0,0,0,0,0,0,0,0,0,0,,No,150 - 199,City and/or County,1,0,0,0,0,0,0,0,0,0,0,0,0,0,0,0,1,,,,,67150,1282,11890,38367,13422,2189,,Urban,CROCKETT/HERCULES/MARTINEZ WEST/PINOLE/PORT COSTA/RICHMOND NORTHEAST/RODEO,106070924,106070924
106070934,SUTTER DELTA MEDICAL CENTER,3901 LONE TREE WAY,ANTIOCH,94509,925-779-7200,Yes,01/01/2011,12/31/2011,Open,02/02/1967,02/02/1967,,NO,11,7,10,6013355101,18e,,05 - East Bay,Contra Costa,140000258,Parent Facility,-121.8054,37.98222,General Acute Care,Non-Profit Corporation (incl. Church-related),General Medical / Surgical,107,39055,6531,25200,22,8030,1045,2425,0,0,0,0,12,4380,187,685,2476,0,0,0,0,0,0,0,0,0,0,0,0,0,0,0,4,1460,100,0,494,0,0,0,0,145,52925,7863,30595,0,0,0,0,0,0,0,0,0,0,0,0,0,0,0,0,0,0,0,0,0,145,52925,7863,30595,0,0,0,0,0,0,20,838,1865,0,0,0,0,0,0,0,0,0,0,0,0,0,0,0,0,0,0,0,,Yes,YES,,,Basic,Basic,381,0,10671,6,18846,21,11909,473,5589,5943,47396,6443,53839,32,25792,1413,,0,0,0,0,0,0,0,0,0,0,0,0,0,Respondent,1758,158931,3182,165920,0,0,6,6,Yes,975,39,5,,,,0,246,CATH LAB,0,0,0,0,0,0,0,0,1,0,0,0,0,103,218,14,76,117,294,104,0,89,19,10,4,133,17,0,1,0,0,0,13,16,0,6,0,0,412,Yes,No,100 - 149,Non-Profit Corporation (i,1,0,0,0,0,0,0,0,0,0,0,0,0,0,0,0,1,,,,,53839,381,10677,18867,12382,11532,,Urban,BRENTWOOD CENTRAL AND WEST/OAKLEY,106070934,106070934
106070988,JOHN MUIR MEDICAL CENTER-WALNUT CREEK CAMPUS,1601 YGNACIO VALLEY ROAD,WALNUT CREEK,94598,925-939-3000,Yes,01/01/2011,12/31/2011,Open,06/15/1965,06/15/1965,Level II,NO,15,7,10,6013338302,18j,,05 - East Bay,Contra Costa,140000265,Parent Facility,-122.04183,37.91434,General Acute Care,Non-Profit Corporation (incl. Church-related),General Medical / Surgical,201,73365,12416,57801,48,17520,2721,8118,3,1095,536,1152,24,8760,464,1693,7751,11,4015,212,772,3483,0,0,0,0,0,0,0,0,0,0,25,9125,490,184,6787,18,6570,592,7361,330,120450,17431,92453,0,0,0,0,0,0,0,0,0,0,0,,0,0,0,0,0,0,0,0,0,330,120450,17431,92453,0,0,0,0,0,0,0,2191,4891,0,0,0,0,0,0,0,0,0,0,0,0,0,0,0,0,0,0,0,,,,,,Basic,Basic,192,0,5306,0,17993,0,9334,0,2468,0,35293,8549,43842,44,361,197,,0,0,0,0,0,0,0,0,0,0,0,0,0,Respondent,5662,922291,1894,198751,0,0,13,13,Yes,2632,249,56,,,,0,737,CV SURG,1,0,0,0,0,0,0,0,3,0,0,0,0,428,491,339,206,767,697,279,0,176,73,29,37,85,9,0,33,0,14,15,424,277,4,7,0,67,1529,Yes,No,300 - 499,Non-Profit Corporation (i,1,0,0,0,1,0,1,0,0,0,0,0,0,0,1,1,0,,43842,,,,192,5306,17993,9334,2468,8549,Urban,CLAYTON/CONCORD SOUTH/WALNUT CREEK CENTRAL AND EAST,106070988,106070988
106070990,KAISER FND HOSP - WALNUT CREEK,1425 SOUTH MAIN STREET,WALNUT CREEK,94596-5300,925-295-4000,Yes,01/01/2011,12/31/2011,Open,09/11/1953,09/11/1953,,NO,15,7,10,6013339000,18j,,05 - East Bay,Contra Costa,140000290,Parent Facility,-122.05828,37.8923,General Acute Care,Non-Profit Corporation (incl. Church-related),General Medical / Surgical,138,50370,9352,37864,34,12410,3531,9001,12,4380,891,2554,24,8760,545,1575,6435,0,0,0,0,0,0,0,0,0,0,0,0,0,0,0,25,9125,338,228,5818,0,0,0,0,233,85045,14657,61672,0,0,0,0,0,0,0,0,0,0,0,0,0,0,0,0,0,0,0,0,0,233,85045,14657,61672,0,0,0,0,0,0,38,3140,5849,0,0,0,0,0,0,0,0,0,0,0,0,0,0,0,0,0,0,0,,,,,,Basic,Basic,10276,103,6803,20,11131,264,12880,3115,2289,4651,43379,8153,51532,52,0,338,,0,0,0,0,0,0,0,0,0,0,0,0,0,Respondent,1914,348384,9459,950214,0,4,9,13,Yes,3450,273,50,,,,0,1011,CATH LAB,0,0,0,0,0,0,0,0,3,0,0,0,0,281,154,710,372,991,526,987,0,9,1,0,0,372,0,0,0,0,0,0,78,99,0,4,0,0,1550,,No,200 - 299,Non-Profit Corporation (i,1,0,0,0,0,0,0,0,0,0,0,0,0,0,0,0,1,,,,,51532,10379,6823,11395,15995,6940,,Urban,CLAYTON/CONCORD SOUTH/WALNUT CREEK CENTRAL AND EAST,106070990,106070990
106071018,JOHN MUIR MEDICAL CENTER-CONCORD CAMPUS,2540 EAST STREET,CONCORD,94520,925-674-2002,Yes,01/01/2011,12/31/2011,Open,01/01/1946,01/01/1946,,NO,11,7,7,6013329000,18c,,05 - East Bay,Contra Costa,140000128,Parent Facility,-122.03874,37.98615,General Acute Care,Non-Profit Corporation (incl. Church-related),General Medical / Surgical,276,100740,8866,40943,0,0,0,0,0,0,0,0,37,13505,378,2063,6491,0,0,0,0,0,0,0,0,0,0,0,0,0,0,0,0,0,0,0,0,0,0,0,0,313,114245,9244,47434,0,0,0,0,0,0,0,0,0,0,0,,0,0,0,0,0,0,0,0,0,313,114245,9244,47434,0,0,0,0,0,0,0,0,0,0,0,0,0,0,0,0,0,0,0,0,0,0,0,0,0,0,0,0,,,,,,Basic,Basic,312,0,9127,2,19095,9,8613,14,2486,6390,39633,6415,46048,32,0,888,,0,0,0,0,0,0,0,0,0,0,0,0,0,Respondent,3321,587535,1539,123600,0,0,9,9,,0,0,0,,,,0,0,CV SURG,2,0,0,354,11,354,11,269,5,0,0,0,0,956,688,1114,713,2070,1401,1383,0,149,79,103,60,570,130,12,55,5,263,296,711,552,24,22,13,45,4472,,No,300 - 499,Non-Profit Corporation (i,1,0,0,0,0,0,0,0,0,0,0,0,0,0,0,0,1,,,,,46048,312,9129,19104,8627,8876,,Urban,AVON/CLYDE/CONCORD CENTRAL/PITTSBURG SOUTHWEST,106071018,106071018
106074011,SAN RAMON REGIONAL MEDICAL CENTER SOUTH BUILDING,7777 NORRIS CANYON ROAD,SAN RAMON,94583,925-275-9200,No,01/01/2011,12/31/2011,Open,06/01/2008,08/11/1989,,NO,15,7,11,6013345108,18h,,05 - East Bay,Contra Costa,140000345,Consolidated Facility,-121.96062,37.77725,General Acute Care,Investor - Corporation,,0,0,0,0,0,0,0,0,0,0,0,0,0,0,0,0,0,0,0,0,0,0,0,0,0,0,0,0,0,0,0,0,0,0,0,0,0,14,5110,0,0,14,5110,0,0,0,0,0,0,0,0,0,0,50,18250,0,,0,0,0,0,0,0,0,0,0,64,23360,0,0,0,0,0,0,0,0,0,0,0,0,0,0,0,0,0,0,0,0,0,0,0,0,0,0,0,0,0,0,,,,,,0,0,0,0,0,0,0,0,0,0,0,0,0,0,0,0,0,0,NO,0,0,0,0,0,0,0,0,0,0,0,0,,Respondent,0,0,0,0,0,0,0,0,,0,0,0,,,,0,0,NEITHER,0,0,0,0,0,0,0,0,0,0,0,0,0,0,0,0,0,0,0,0,0,0,0,0,0,0,0,0,0,0,0,0,0,0,0,0,0,0,0,,No,50 - 99,Investor,0,0,0,1,0,0,0,0,0,0,0,0,0,0,0,0,1,,,,,0,0,0,0,0,0,,Urban,ALAMO/DANVILLE/DIABLO/SAN RAMON,106074011,106074011
106074017,SAN RAMON REGIONAL MEDICAL CENTER,6001 NORRIS CANYON ROAD,SAN RAMON,94583,925-275-8323,Yes,01/01/2011,12/31/2011,Open,02/12/1990,02/12/1990,,NO,15,7,11,6013345108,18h,,05 - East Bay,Contra Costa,140000345,Parent Facility,-121.96076,37.77713,General Acute Care,Investor - Corporation,General Medical / Surgical,99,36135,3688,14376,10,3650,742,2100,0,0,0,0,6,2190,237,455,2026,6,2190,0,0,0,0,0,0,0,0,0,0,0,0,0,2,730,77,42,320,0,0,0,0,123,44895,4744,18822,0,0,0,0,0,0,0,0,0,0,0,,0,0,0,0,0,0,0,0,0,123,44895,4744,18822,0,0,0,0,0,0,20,726,1768,0,0,0,0,0,0,0,0,0,0,0,0,0,0,0,0,0,0,0,,,,,,Basic,Basic,642,5,829,4,4664,16,5236,408,2275,2415,13646,2848,16494,12,1419,222,,0,0,0,0,0,0,0,0,0,0,0,0,0,Respondent,1516,249641,4213,327314,0,4,6,10,Yes,726,30,0,,,,0,294,CV SURG,1,0,0,51,2,51,2,38,1,0,0,0,0,102,32,156,60,258,92,258,0,29,22,4,4,87,5,0,0,0,0,0,53,122,0,4,0,30,618,,No,100 - 149,Investor,1,0,0,0,0,0,0,0,0,0,0,0,0,0,0,0,1,,,,,16494,647,833,4680,5644,4690,,Urban,ALAMO/DANVILLE/DIABLO/SAN RAMON,106074017,106074017
106074039,JOHN MUIR BEHAVIORAL HEALTH CENTER,2740 GRANT STREET,CONCORD,94520,925-674-4100,Yes,01/01/2011,12/31/2011,Open,03/10/1993,03/10/1993,,NO,11,7,7,6013327000,18b,,05 - East Bay,Contra Costa,140000418,Parent Facility,-122.04081,37.98921,Acute Psychiatric,Non-Profit Corporation (incl. Church-related),Psychiatric,0,0,0,0,0,0,0,0,0,0,0,0,0,0,0,0,0,0,0,0,0,0,0,0,0,0,0,0,0,0,0,0,0,0,0,0,0,0,0,0,0,0,0,0,0,0,0,0,0,73,26645,2885,19434,0,0,0,,0,0,0,0,0,0,0,0,0,73,26645,2885,19434,0,0,0,8,648,2509,0,0,0,0,34,7,41,13,26,2,41,6,3,4,0,4,24,0,0,0,0,41,,,,,,0,0,0,0,0,0,0,0,0,0,0,0,0,0,0,0,0,0,,0,0,0,0,0,0,0,0,0,0,0,0,0,Respondent,0,0,0,0,0,0,0,0,,0,0,0,,,,0,0,NEITHER,0,0,0,0,0,0,0,0,0,0,0,0,0,0,0,0,0,0,0,0,0,0,0,0,0,0,0,0,0,0,0,0,0,0,0,0,0,0,0,,No,50 - 99,Non-Profit Corporation (i,0,0,0,1,0,0,0,0,0,0,0,0,0,0,0,0,1,,,,,0,0,0,0,0,0,,Urban,CONCORD WEST/MARTINEZ EAST/MARTINEZ WATERFRONT/PACHECO/PLEASANT HILL EAST,106074039,106074039
106074093,KAISER FND HOSP - RICHMOND CAMPUS,901 NEVIN,RICHMOND,94804,510-307-1500,Yes,01/01/2011,12/31/2011,Open,09/07/1995,09/07/1995,,NO,14,9,7,6013376000,18f,,05 - East Bay,Contra Costa,140000052,Consolidated Facility,-122.36092,37.93691,General Acute Care,Non-Profit Corporation (incl. Church-related),General Medical / Surgical,42,15330,2878,9559,0,0,0,0,0,0,0,0,8,2920,129,472,2208,0,0,0,0,0,0,0,0,0,0,0,0,0,0,0,0,0,0,0,0,0,0,0,0,50,18250,3007,11767,0,0,0,0,0,0,0,0,0,0,0,,0,0,0,0,0,0,0,0,0,50,18250,3007,11767,0,0,0,0,0,0,0,0,0,0,0,0,0,0,0,0,0,0,0,0,0,0,0,0,0,0,0,0,,,,,,Basic,Basic,11498,48,7495,2,6999,109,5213,979,1006,1125,32211,2263,34474,15,0,220,,0,0,0,0,0,0,0,0,0,0,0,0,0,Respondent,737,105095,4964,510219,0,0,6,6,,0,0,0,,,,0,0,NEITHER,0,0,0,0,0,0,0,0,0,0,0,0,0,0,0,0,0,0,0,0,0,0,0,0,0,0,0,0,0,0,0,0,0,0,0,0,0,0,0,,No,50 - 99,Non-Profit Corporation (i,1,0,0,0,0,0,0,0,0,0,0,0,0,0,0,0,1,,,,,34474,11546,7497,7108,6192,2131,,Urban,RICHMOND CENTRAL/SAN PABLO CENTRAL,106074093,106074093
106074097,KAISER FOUND HSP-ANTIOCH,4501 SAND CREEK ROAD,ANTIOCH,94531,925-813-6500,Yes,01/01/2011,12/31/2011,Open,11/07/2007,11/07/2007,,NO,11,7,10,6013303200,18e,,05 - East Bay,Contra Costa,550000614,Parent Facility,-121.776854,37.951975,General Acute Care,Non-Profit Corporation (incl. Church-related),General Medical / Surgical,96,35040,5864,21724,28,10220,1563,3095,0,0,0,0,20,7300,124,746,2117,0,0,0,0,0,0,0,0,0,0,0,0,0,0,0,6,2190,94,104,1019,0,0,0,0,150,54750,7645,27955,0,0,0,0,0,0,0,0,0,0,0,0,0,0,0,0,0,0,0,0,0,150,54750,7645,27955,0,0,0,0,0,0,10,1363,2329,0,0,0,0,0,0,0,0,0,0,0,0,0,0,0,0,0,0,0,,,,,,Basic,Basic,11836,12,5924,14,8736,261,7106,2257,836,1418,34438,3962,38400,35,0,460,Yes,0,0,0,0,0,0,0,0,0,0,3,0,3,Respondent,1883,275135,5239,492329,0,0,9,9,,1442,54,6,,,,0,351,NEITHER,0,0,0,0,0,0,0,0,0,0,0,0,0,0,0,0,0,0,0,0,0,0,0,0,0,0,0,0,0,0,0,0,0,0,0,0,0,0,0,,No,150 - 199,Non-Profit Corporation (i,1,0,0,0,0,0,0,0,0,0,0,0,0,0,0,0,1,,,,,38400,11848,5938,8997,9363,2254,,Urban,BRENTWOOD CENTRAL AND WEST/OAKLEY,106074097,106074097
106084001,SUTTER COAST HOSPITAL,800 EAST WASHINGTON BOULEVARD,CRESCENT CITY,95531,707-464-8511,Yes,01/01/2011,12/31/2011,Open,01/01/1946,01/01/1946,Level IV,NO,1,4,1,6015000103,19,,01 - Northern California,Del Norte,110000067,Parent Facility,-124.19514,41.77278,General Acute Care,Non-Profit Corporation (incl. Church-related),General Medical / Surgical,49,17885,1558,4986,4,1460,315,714,0,0,0,0,6,2190,382,441,1868,0,0,0,0,0,0,0,0,0,0,0,0,0,0,0,0,0,0,0,0,0,0,0,0,59,21535,2255,7568,0,0,0,0,0,0,0,0,0,0,0,,0,0,0,0,0,0,0,0,0,59,21535,2255,7568,0,0,0,0,0,0,4,353,774,0,0,0,0,0,0,0,0,0,0,0,0,0,0,0,0,0,0,0,,,,,,Basic,Basic,927,3,7992,97,9441,1665,1508,481,476,37,20344,2283,22627,11,869,328,,0,0,0,0,0,0,0,0,0,0,0,0,0,Respondent,480,45149,2514,121258,0,0,6,6,Yes,353,12,2,Yes,,YES,260,93,NEITHER,0,0,0,0,0,0,0,0,0,0,0,0,0,0,0,0,0,0,0,0,0,0,0,0,0,0,0,0,0,0,0,0,0,0,0,0,0,0,0,,No,50 - 99,Non-Profit Corporation (i,1,0,0,0,1,0,0,0,1,0,0,0,0,0,1,1,0,,,,22627,,930,8089,11106,1989,513,,Rural,CRESCENT CITY/GASQUET/KLAMATH/SMITH RIVER,106084001,106084001
106090793,BARTON MEMORIAL HOSPITAL,2170 SOUTH AVENUE,SOUTH LAKE TAHOE,96150,530-541-3420,Yes,01/01/2011,12/31/2011,Open,11/21/1963,11/21/1963,,NO,4,1,4,6017030402,24,,02 - Golden Empire,El Dorado,30000013,Parent Facility,-119.99784,38.91224,General Acute Care,Non-Profit Corporation (incl. Church-related),General Medical / Surgical,51,18615,1617,5694,10,3650,413,875,0,0,0,0,8,2920,250,254,1268,0,0,0,0,0,0,0,0,0,0,0,0,0,0,0,0,0,0,0,0,0,0,0,0,69,25185,2280,7837,0,0,0,0,0,0,0,0,48,17520,30,,16649,0,0,0,0,0,0,0,0,117,42705,2310,24486,0,0,0,0,0,0,9,419,839,10,0,0,0,0,0,0,0,0,0,0,0,0,0,0,0,0,0,0,,Yes,YES,YES,,Basic,Basic,1458,2,3525,7,5346,29,3675,69,2552,1000,16556,1107,17663,12,0,329,,0,0,0,0,0,0,0,0,0,0,0,0,0,Respondent,658,92812,1753,178950,0,0,9,9,Yes,419,36,11,,,,0,112,NEITHER,0,0,0,0,0,0,0,0,0,0,0,0,0,0,0,0,0,0,0,0,0,0,0,0,0,0,0,0,0,0,0,0,0,0,0,0,0,0,0,,No,100 - 149,Non-Profit Corporation (i,1,0,0,0,0,0,0,0,0,0,0,0,0,0,0,0,1,,,,,17663,1460,3532,5375,3744,3552,,Rural,SOUTH LAKE TAHOE,106090793,106090793
106090933,MARSHALL  MEDICAL CENTER (1-RH),1100 MARSHALL WAY,PLACERVILLE,95667,530-626-2612,Yes,01/01/2011,12/31/2011,Open,05/22/1959,05/22/1959,Level III,NO,4,1,4,6017031200,23.3,,02 - Golden Empire,El Dorado,30000059,Parent Facility,-120.7909638,38.72557326,General Acute Care,Non-Profit Corporation (incl. Church-related),General Medical / Surgical,74,27010,4418,19143,9,3285,545,1129,0,0,0,0,8,2920,219,642,1954,0,0,0,0,0,0,0,0,0,0,0,0,0,0,0,0,0,0,0,0,0,0,0,0,91,33215,5182,22226,0,0,0,0,0,0,0,0,14,5110,427,,4058,0,0,0,0,0,0,0,0,105,38325,5609,26284,0,0,0,0,0,0,12,542,1033,0,0,0,0,0,0,0,0,0,0,0,0,0,0,0,0,0,0,0,,,,,,Basic,Basic,2179,0,9328,4,7616,404,3912,2402,499,1054,23534,3864,27398,12,4994,349,,0,0,0,0,0,0,0,0,0,0,0,0,0,Respondent,1372,158329,1672,126907,0,0,4,4,Yes,533,13,1,,,,0,164,CATH LAB,0,0,0,0,0,0,0,0,1,0,0,0,0,156,0,267,0,423,0,287,0,50,30,16,13,0,0,0,0,0,0,0,0,0,0,0,0,40,436,Yes,No,100 - 149,Non-Profit Corporation (i,1,0,0,0,1,0,0,1,0,0,0,0,0,0,1,1,0,,,27398,,,2179,9332,8020,6314,1553,,Rural,COOL/DIAMOND SPRINGS/LATROBE/PILOT HILL/PLACERVILLE,106090933,106090933
106094002,EL DORADO COUNTY P H F,935-B SPRING STREET,PLACERVILLE,95667,530-621-6211,Yes,01/01/2011,12/31/2011,Open,01/29/1988,01/29/1988,,NO,4,1,4,6017031100,23.3,,02 - Golden Empire,El Dorado,MH1015002,Parent Facility,-120.80275,38.7322,Psychiatric Health Facility,City and/or County,Psychiatric,0,0,0,0,0,0,0,0,0,0,0,0,0,0,0,0,0,0,0,0,0,0,0,0,0,0,0,0,0,0,0,0,0,0,0,0,0,0,0,0,0,0,0,0,0,0,0,0,0,10,3650,342,2795,0,0,0,,0,0,0,0,0,0,0,0,0,10,3650,342,2795,0,0,0,0,0,0,0,0,0,0,10,0,10,0,10,0,10,0,0,0,0,1,2,0,7,0,0,10,Yes,,,,,0,0,0,0,0,0,0,0,0,0,0,0,0,0,0,0,0,0,,0,0,0,0,0,0,0,0,0,0,0,0,0,Respondent,0,0,0,0,0,0,0,0,,0,0,0,,,,0,0,NEITHER,0,0,0,0,0,0,0,0,0,0,0,0,0,0,0,0,0,0,0,0,0,0,0,0,0,0,0,0,0,0,0,0,0,0,0,0,0,0,0,,No,1 - 49,City and/or County,0,0,0,1,0,0,0,0,0,0,0,0,0,0,0,0,1,,,,,0,0,0,0,0,0,,Rural,COOL/DIAMOND SPRINGS/LATROBE/PILOT HILL/PLACERVILLE,106094002,106094002
106100005,CLOVIS COMMUNITY MEDICAL CENTER,2755 HERNDON AVENUE,CLOVIS,93612,559-324-4000,Yes,01/01/2011,12/31/2011,Open,12/15/1988,12/15/1988,,NO,29,14,21,6019005903,31,,09 - Central,Fresno,40000004,Parent Facility,-119.65905,36.83733,General Acute Care,Non-Profit Corporation (incl. Church-related),General Medical / Surgical,66,24090,5870,19943,36,13140,3542,7020,0,0,0,0,7,2555,85,403,1974,0,0,0,0,0,0,0,0,0,0,0,0,0,0,0,0,0,0,0,0,0,0,0,0,109,39785,9497,28937,0,0,0,0,0,0,0,0,0,0,0,,0,0,0,0,0,0,0,0,0,109,39785,9497,28937,0,0,0,0,0,0,7,3448,6022,0,0,0,0,0,0,0,0,0,0,0,0,0,0,0,0,0,0,0,,,,,,Basic,Basic,1998,7,869,0,11530,22,7597,49,1895,2401,23889,2479,26368,29,0,1660,,0,0,0,0,0,0,0,0,0,0,0,0,0,Respondent,2886,325741,8320,504047,0,10,4,14,Yes,3427,117,16,,,,0,1289,CATH LAB,0,0,0,0,0,0,0,0,1,0,0,0,0,185,73,121,58,306,131,411,0,11,10,2,3,130,1,0,0,0,0,0,23,6,0,7,0,4,608,Yes,No,100 - 149,Non-Profit Corporation (i,1,0,0,0,0,0,0,0,0,0,0,0,0,0,0,0,1,,,,,26368,2005,869,11552,7646,4296,,Rural,AUBERRY/CALWA/CENTERVILLE/CLOVIS EAST/DEL REY/FOWLER/FRIANT/SANGER/SHAVER LAKE,106100005,106100005
106100697,COALINGA REGIONAL MEDICAL CENTER,1191 PHELPS AVENUE,COALINGA,93210,559-935-6400,Yes,01/01/2011,12/31/2011,Open,03/11/1946,03/11/1946,,NO,30,16,20,6019007900,27,,09 - Central,Fresno,40000085,Parent Facility,-120.33501,36.15096,General Acute Care,District,General Medical / Surgical,22,8030,597,1939,2,730,0,0,0,0,0,0,0,0,0,0,0,0,0,0,0,0,0,0,0,0,0,0,0,0,0,0,0,0,0,0,0,0,0,0,0,24,8760,597,1939,0,0,0,0,0,0,0,0,99,36135,69,,27572,0,0,0,0,0,0,0,0,123,44895,666,29511,0,0,0,0,0,0,0,0,0,0,0,0,0,0,0,0,0,0,0,0,0,0,0,0,0,0,0,0,,,,,,Standby,Standby,28,0,2545,0,2283,0,1303,0,2763,0,8922,557,9479,9,0,49,,0,0,0,0,0,0,0,0,0,0,0,0,0,Respondent,0,0,0,0,0,0,0,0,,3,1,0,,,,0,0,NEITHER,0,0,0,0,0,0,0,0,0,0,0,0,0,0,0,0,0,0,0,0,0,0,0,0,0,0,0,0,0,0,0,0,0,0,0,0,0,0,0,,No,100 - 149,District,0,0,1,0,0,0,0,0,0,0,0,0,0,0,0,0,1,,,,,9479,28,2545,2283,1303,2763,557,Rural,COALINGA,106100697,106100697
106100717,COMMUNITY REGIONAL MEDICAL CENTER-FRESNO,2823 FRESNO AND R STREETS,FRESNO,93721,559-459-6716,Yes,01/01/2011,12/31/2011,Open,01/01/1946,01/01/1946,Level I,YES,31,16,20,6019000500,35c,,09 - Central,Fresno,40000096,Parent Facility,-119.784,36.74197,General Acute Care,Non-Profit Corporation (incl. Church-related),General Medical / Surgical,365,133225,23474,104061,49,17885,6581,15461,8,2920,892,1912,68,24820,698,2572,14110,10,3650,40,631,1971,0,0,0,0,0,10,3650,226,303,2812,84,30660,808,333,18637,32,11680,614,8365,626,228490,33333,167329,0,0,0,0,0,0,0,0,0,0,0,0,0,0,0,0,0,0,0,0,0,626,228490,33333,167329,0,0,0,0,0,0,70,5728,10511,0,0,0,0,0,0,0,0,0,0,0,0,0,0,0,0,0,0,0,,,,,,Comprehensive,Comprehensive,13162,50,2107,7,24297,58,22948,182,11004,13968,73518,14265,87783,73,0,15844,,0,0,0,0,0,0,0,0,0,0,0,0,0,Respondent,8414,1261691,5234,419974,0,0,18,18,Yes,6513,729,266,,,,0,2123,CV SURG,2,0,0,446,135,446,135,478,4,0,0,0,0,1348,485,1222,337,2570,822,0,0,206,0,0,0,53,99,0,0,0,0,0,0,0,0,0,0,464,822,Yes,No,500+,Non-Profit Corporation (i,0,1,0,0,1,1,0,0,0,0,0,0,0,0,1,1,0,87783,,,,,13212,2114,24355,23130,24972,,Urban,FRESNO WEST CENTRAL,106100717,106100717
106100745,KINGSBURG MEDICAL CENTER,1200 SMITH STREET,KINGSBURG,93631,,No,01/01/2011,12/31/2011,Closed,06/20/2012,07/03/1961,,NO,30,14,21,6019007201,30,,09 - Central,Fresno,40000116,Parent Facility,-119.54833,36.51261,General Acute Care,District,,35,12775,0,0,0,0,0,0,0,0,0,0,0,0,0,0,0,0,0,0,0,0,0,0,0,0,0,0,0,0,0,0,0,0,0,0,0,0,0,0,0,35,12775,0,0,0,0,0,0,0,0,0,0,0,0,0,,0,0,0,0,0,0,0,0,0,35,12775,0,0,0,0,0,0,0,0,0,0,0,6,0,0,0,0,0,0,0,0,0,0,0,0,0,0,0,0,0,0,,,,,,0,0,0,0,0,0,0,0,0,0,0,0,0,0,0,0,0,0,NO,0,0,0,0,0,0,0,0,0,0,0,0,,Respondent,0,0,0,0,0,0,0,0,,0,0,0,,,,0,0,NEITHER,0,0,0,0,0,0,0,0,0,0,0,0,0,0,0,0,0,0,0,0,0,0,0,0,0,0,0,0,0,0,0,0,0,0,0,0,0,0,0,,No,1 - 49,District,0,0,0,1,0,0,0,0,0,0,0,0,0,0,0,0,1,,,,,0,0,0,0,0,0,,Rural,BOWLES/CARUTHERS/EASTON/KINGSBURG/LANARE/LATON/RAISIN CITY/RIVERDALE/SELMA,106100745,106100745
106100793,SELMA COMMUNITY HOSPITAL,1141 ROSE AVENUE,SELMA,93662,559-891-1000,Yes,01/01/2011,12/31/2011,Open,10/29/2005,10/17/1962,,NO,31,16,20,6019007004,30,,09 - Central,Fresno,550001439,Consolidated Facility,-119.5983879,36.5688374,General Acute Care,Non-Profit Corporation (incl. Church-related),General Medical / Surgical,47,17155,4414,12299,10,3650,1258,2305,0,0,0,0,0,0,0,0,0,0,0,0,0,0,0,0,0,0,0,0,0,0,0,0,0,0,0,0,0,0,0,0,0,57,20805,5672,14604,0,0,0,0,0,0,0,0,0,0,0,,0,0,0,0,0,0,0,0,0,57,20805,5672,14604,0,0,0,0,0,0,15,1148,1921,10,0,0,0,0,0,0,0,0,0,0,0,0,0,0,0,0,0,0,,,,,,Standby,Standby,524,1,15820,106,26374,2933,344,241,81,11,43143,3292,46435,17,0,77,,0,0,0,0,0,0,0,0,0,0,0,0,0,Respondent,410,38781,1731,135183,0,1,3,4,,1146,49,5,,,,0,0,NEITHER,0,0,0,0,0,0,0,0,0,0,0,0,0,0,0,0,0,0,0,0,0,0,0,0,0,0,0,0,0,0,0,0,0,0,0,0,0,0,0,,No,50 - 99,Non-Profit Corporation (i,0,0,1,0,0,0,0,0,0,0,0,0,0,0,0,0,1,,,,,46435,525,15926,29307,585,92,,Rural,BOWLES/CARUTHERS/EASTON/KINGSBURG/LANARE/LATON/RAISIN CITY/RIVERDALE/SELMA,106100793,106100793
106100797,SIERRA KINGS DISTRICT HOSPITAL,372 WEST CYPRESS AVENUE,REEDLEY,93654,559-638-8155-1100,Yes,01/01/2011,12/31/2011,Open,04/14/1965,04/14/1965,,NO,31,14,21,6019006601,32,,09 - Central,Fresno,40000149,Parent Facility,-119.45145,36.60789,General Acute Care,District,General Medical / Surgical,29,10585,678,2111,20,7300,1280,2081,0,0,0,0,0,0,0,0,0,0,0,0,0,0,0,0,0,0,0,0,0,0,0,0,0,0,0,0,0,0,0,0,0,49,17885,1958,4192,0,0,0,0,0,0,0,0,0,0,2,,23,0,0,0,0,0,0,0,0,49,17885,1960,4215,0,0,0,0,0,0,24,1238,1813,12,0,0,0,0,0,0,0,0,0,0,0,0,0,0,0,0,0,0,,,,,,Standby,Standby,901,0,4528,0,7208,0,1628,0,1066,0,15331,572,15903,10,5380,34,,0,0,0,0,0,0,0,0,0,0,0,0,0,Respondent,508,26179,304,15595,0,0,4,4,Yes,1242,48,6,Yes,YES,,740,447,NEITHER,0,0,0,0,0,0,0,0,0,0,0,0,0,0,0,0,0,0,0,0,0,0,0,0,0,0,0,0,0,0,0,0,0,0,0,0,0,0,0,,No,1 - 49,District,0,0,1,0,0,0,0,0,0,0,0,0,0,0,0,0,1,,,,,15903,901,4528,7208,1628,1066,572,Rural,ORANGE COVE/PARLIER/REEDLEY/SQUAW VALLEY/TIVY VALLEY/WONDER VALLEY,106100797,106100797
106100899,ST. AGNES MEDICAL CENTER,1303 EAST HERNDON AVENUE,FRESNO,93720,559-450-3000,Yes,01/01/2011,12/31/2011,Open,03/22/1975,03/22/1975,,NO,29,14,19,6019005406,35f,,09 - Central,Fresno,40000173,Parent Facility,-119.7649963,36.8370782,General Acute Care,Non-Profit Corporation (incl. Church-related),General Medical / Surgical,343,125195,20082,83484,32,11680,4617,9549,0,0,0,0,35,12775,329,819,4904,26,9490,295,1084,4292,0,0,0,0,0,0,0,0,0,0,0,0,0,0,0,0,0,0,0,436,159140,25323,102229,0,0,0,0,0,0,0,0,0,0,0,,0,0,0,0,0,0,0,0,0,436,159140,25323,102229,0,0,0,0,0,0,30,4165,7605,0,0,0,0,0,0,0,0,0,0,0,0,0,0,0,0,0,0,0,,,,,,Basic,Basic,2905,13,9520,51,20976,621,16254,3133,6983,12403,56638,16221,72859,40,0,4021,,0,0,0,0,0,0,0,0,0,0,0,0,0,Respondent,5828,745986,9444,530141,0,9,15,24,,4158,237,63,,,,0,1532,CV SURG,4,0,0,296,120,296,120,334,3,0,0,0,0,152,97,482,142,634,239,2605,1,343,116,95,67,726,59,0,4,0,149,154,134,128,19,61,12,75,4748,Yes,No,300 - 499,Non-Profit Corporation (i,1,0,0,0,0,0,0,0,0,0,0,0,0,0,0,0,1,,,,,72859,2918,9571,21597,19387,19386,,Urban,FRESNO NORTH CENTRAL,106100899,106100899
106104008,COMMUNITY BEHAVIORAL HEALTH CENTER,7171 NORTH CEDAR AVENUE,FRESNO,93720,559-459-2710,Yes,01/01/2011,12/31/2011,Open,10/01/1987,10/01/1987,,NO,29,14,19,6019005510,35a,,09 - Central,Fresno,40000096,Consolidated Facility,-119.75547,36.83959,General Acute Care,Non-Profit Corporation (incl. Church-related),Psychiatric,0,0,0,0,0,0,0,0,0,0,0,0,0,0,0,0,0,0,0,0,0,0,0,0,0,0,0,0,0,0,0,0,0,0,0,0,0,0,0,0,0,0,0,0,0,0,0,0,0,61,22265,3465,17623,0,0,0,,0,0,0,0,0,0,0,0,0,61,22265,3465,17623,0,0,0,0,0,0,0,0,0,0,45,0,45,0,45,0,45,12,0,17,0,0,0,0,5,0,11,45,Yes,,,,,0,0,0,0,0,0,0,0,0,0,0,0,0,0,0,0,0,0,,0,0,0,0,0,0,0,0,0,0,0,0,0,Respondent,0,0,0,0,0,0,0,0,,0,0,0,,,,0,0,NEITHER,0,0,0,0,0,0,0,0,0,0,0,0,0,0,0,0,0,0,0,0,0,0,0,0,0,0,0,0,0,0,0,0,0,0,0,0,0,0,0,,No,50 - 99,Non-Profit Corporation (i,0,0,0,1,0,0,0,0,0,0,0,0,0,0,0,0,1,,,,,0,0,0,0,0,0,,Urban,FRESNO NORTHWEST,106104008,106104008
106104023,SAN JOAQUIN VALLEY REHABILITATION HOSPITAL,7173 NO. SHARON AVENUE,FRESNO,93720,559-436-3600-3601,Yes,01/01/2011,12/31/2011,Open,01/23/1991,01/23/1991,,NO,29,14,19,6019005510,35a,,09 - Central,Fresno,40000280,Parent Facility,-119.75967,36.83992,General Acute Care,Investor - Limited Liability Company,Physical Rehabilitation,62,22630,0,0,0,0,0,0,0,0,0,0,0,0,0,0,0,0,0,0,0,0,0,0,0,0,0,0,0,0,0,0,0,0,0,0,0,0,0,1508,17894,62,22630,1508,17894,0,0,0,0,0,0,0,0,0,0,0,0,0,0,0,0,0,0,0,0,0,62,22630,1508,17894,0,0,0,0,0,0,0,0,0,0,0,0,0,0,0,0,0,0,0,0,0,0,0,0,0,0,0,0,,,,,,0,0,0,0,0,0,0,0,0,0,0,0,0,0,0,0,0,0,,0,0,0,0,0,0,0,0,0,0,0,0,0,Respondent,0,0,0,0,0,0,0,0,,0,0,0,,,,0,0,NEITHER,0,0,0,0,0,0,0,0,0,0,0,0,0,0,0,0,0,0,0,0,0,0,0,0,0,0,0,0,0,0,0,0,0,0,0,0,0,0,0,,No,50 - 99,Investor,0,0,0,1,0,0,0,0,0,0,0,0,0,0,0,0,1,,,,,0,0,0,0,0,0,,Urban,FRESNO NORTHWEST,106104023,106104023
106104047,FRESNO SURGICAL HOSPITAL,6125 NORTH FRESNO STREET,FRESNO,93710,559-431-8000,Yes,01/01/2011,12/31/2011,Open,02/23/1993,02/23/1993,,NO,29,14,19,6019004504,35f,,09 - Central,Fresno,40000332,Parent Facility,-119.78155,36.82531,General Acute Care,Investor - Partnership,General Medical / Surgical,31,11315,2070,3718,0,0,0,0,0,0,0,0,0,0,0,0,0,0,0,0,0,0,0,0,0,0,0,0,0,0,0,0,0,0,0,0,0,0,0,0,0,31,11315,2070,3718,0,0,0,0,0,0,0,0,0,0,0,,0,0,0,0,0,0,0,0,0,31,11315,2070,3718,0,0,0,0,0,0,0,0,0,0,0,0,0,0,0,0,0,0,0,0,0,0,0,0,0,0,0,0,,,,,,0,0,0,0,0,0,0,0,0,0,0,0,0,0,0,0,0,0,,0,0,0,0,0,0,0,0,0,0,0,0,0,Respondent,2070,236538,6300,352032,0,4,4,8,,0,0,0,,,,0,0,NEITHER,0,0,0,0,0,0,0,0,0,0,0,0,0,0,0,0,0,0,0,0,0,0,0,0,0,0,0,0,0,0,0,0,0,0,0,0,0,0,0,,No,1 - 49,Investor,0,0,0,1,0,0,0,0,0,0,0,0,0,0,0,0,1,,,,,0,0,0,0,0,0,,Urban,FRESNO NORTH CENTRAL,106104047,106104047
106104062,KAISER FND HOSP - FRESNO,7300 NORTH FRESNO STREET,FRESNO,93720,559-448-4500,Yes,01/01/2011,12/31/2011,Open,02/23/1995,02/23/1995,,NO,29,14,19,6019004406,35f,,09 - Central,Fresno,40000384,Parent Facility,-119.7832,36.84246,General Acute Care,Non-Profit Corporation (incl. Church-related),General Medical / Surgical,119,43435,6027,22277,26,9490,1194,2777,0,0,0,0,12,4380,144,664,2194,0,0,0,0,0,0,0,0,0,0,0,0,0,0,0,12,4380,221,20,1030,0,0,0,0,169,61685,7586,28278,0,0,0,0,0,0,0,0,0,0,0,0,0,0,0,0,0,0,0,0,0,169,61685,7586,28278,0,0,0,0,0,0,0,967,1884,0,0,0,0,0,0,0,0,0,0,0,0,0,0,0,0,0,0,0,,,,,,Basic,Basic,6831,35,3857,12,6073,298,5681,1927,1181,2228,23623,4500,28123,22,0,246,,0,0,0,0,0,0,0,0,0,0,0,0,0,Respondent,1844,275483,6354,524858,0,0,8,8,Yes,1132,52,2,,,,0,346,NEITHER,0,0,0,0,0,0,0,0,0,0,0,0,0,0,0,0,0,0,0,0,0,0,0,0,0,0,0,0,0,0,0,0,0,0,0,0,0,0,0,,No,150 - 199,Non-Profit Corporation (i,1,0,0,0,0,0,0,0,0,0,0,0,0,0,0,0,1,,,,,28123,6866,3869,6371,7608,3409,,Urban,FRESNO NORTH CENTRAL,106104062,106104062
106104089,CRESTWOOD PSYCHIATRIC HEALTH FACILITY-FRESNO,4411 E. KINGS CANYON ROAD,FRESNO,93702,559-453-5199,Yes,01/24/2011,12/31/2011,Open,10/07/1996,10/07/1996,,NO,31,16,20,6019002702,35d,,09 - Central,Fresno,MH0216046,Parent Facility,-119.75216,36.73601,Psychiatric Health Facility,Non-Profit Corporation (incl. Church-related),Psychiatric,0,0,0,0,0,0,0,0,0,0,0,0,0,0,0,0,0,0,0,0,0,0,0,0,0,0,0,0,0,0,0,0,0,0,0,0,0,0,0,0,0,0,0,0,0,0,0,0,0,16,5840,1135,4742,0,0,0,0,0,0,0,0,0,0,0,0,0,16,5840,1135,4742,0,0,0,0,0,0,0,0,0,0,14,0,14,0,14,0,14,2,0,4,0,0,0,0,0,0,8,14,,,,,,0,0,0,0,0,0,0,0,0,0,0,0,0,0,0,0,0,0,,0,0,0,0,0,0,0,0,0,0,0,0,0,Respondent,0,0,0,0,0,0,0,0,,0,0,0,,,,0,0,NEITHER,0,0,0,0,0,0,0,0,0,0,0,0,0,0,0,0,0,0,0,0,0,0,0,0,0,0,0,0,0,0,0,0,0,0,0,0,0,0,0,,No,1 - 49,Non-Profit Corporation (i,0,0,0,1,0,0,0,0,0,0,0,0,0,0,0,0,1,,,,,0,0,0,0,0,0,,Urban,FRESNO EAST CENTRAL,106104089,106104089
106105029,FRESNO HEART AND SURGICAL HOSPITAL,15 E. Audubon Drive,FRESNO,93720,559-433-8000,Yes,01/01/2011,12/31/2011,Open,10/09/2003,10/09/2003,,NO,29,14,19,6019004407,35a,,09 - Central,Fresno,40000551,Parent Facility,-119.78931,36.8611,General Acute Care,Non-Profit Corporation (incl. Church-related),General Medical / Surgical,48,17520,3352,9032,0,0,0,0,0,0,0,0,0,0,0,0,0,9,3285,30,488,1331,0,0,0,0,0,0,0,0,0,0,0,0,0,0,0,0,0,0,0,57,20805,3382,10363,0,0,0,0,0,0,0,0,0,0,0,,0,0,0,0,0,0,0,0,0,57,20805,3382,10363,0,0,0,0,0,0,0,0,0,0,0,0,0,0,0,0,0,0,0,0,0,0,0,0,0,0,0,0,,,,,,0,0,0,0,0,0,0,0,0,0,0,0,0,0,0,0,0,0,,0,0,0,0,0,0,0,0,0,0,0,0,0,Respondent,2532,310006,1765,77395,0,0,5,5,Yes,0,0,0,,,,0,0,CV SURG,5,0,0,195,117,195,117,205,3,0,0,0,0,186,448,1087,341,1273,789,0,0,276,0,69,52,376,14,0,0,1,0,0,0,0,0,0,0,1,789,Yes,No,50 - 99,Non-Profit Corporation (i,0,0,0,1,0,0,0,0,0,0,0,0,0,0,0,0,1,,,,,0,0,0,0,0,0,,Urban,FRESNO NORTHWEST,106105029,106105029
106105051,COALINGA STATE HOSPITAL,24511 WEST JAYNE AVENUE,COALINGA,93210,559-935-4300,Yes,01/01/2011,12/31/2011,Open,08/25/2005,08/25/2005,,NO,30,16,20,6019007900,27,,09 - Central,Fresno,550000061,Parent Facility,-120.237238,36.13724021,Acute Psychiatric,State,Psychiatric,0,0,0,0,0,0,0,0,0,0,0,0,0,0,0,0,0,0,0,0,0,0,0,0,0,0,0,0,0,0,0,0,0,0,0,0,0,0,0,0,0,0,0,0,0,0,0,0,0,50,18250,10,7369,0,0,0,0,0,1450,529250,45,329075,0,0,0,0,1500,547500,55,336444,0,0,0,0,0,0,0,0,0,0,30,0,30,0,22,8,30,2,0,0,0,0,0,0,0,0,28,30,,,,,,0,0,0,0,0,0,0,0,0,0,0,0,0,0,0,0,0,0,,0,0,0,0,0,0,0,0,0,0,0,0,0,Respondent,0,0,0,0,0,0,0,0,,0,0,0,,,,0,0,NEITHER,0,0,0,0,0,0,0,0,0,0,0,0,0,0,0,0,0,0,0,0,0,0,0,0,0,0,0,0,0,0,0,0,0,0,0,0,0,0,0,,Yes,500+,State,0,0,0,1,0,0,0,0,0,0,0,0,0,0,0,0,1,,,,,0,0,0,0,0,0,,Rural,COALINGA,106105051,106105051
106110889,GLENN MEDICAL CENTER,1133 WEST SYCAMORE STREET,WILLOWS,95988,530-934-1800-1881,Yes,01/01/2011,12/31/2011,Open,07/01/1953,07/01/1953,Level IV,NO,2,4,2,6021010400,37,,01 - Northern California,Glenn,230000018,Parent Facility,-122.20791,39.52055,General Acute Care,Non-Profit Corporation (incl. Church-related),General Medical / Surgical,47,17155,351,1108,0,0,0,0,0,0,0,0,0,0,0,0,0,0,0,0,0,0,0,0,0,0,0,0,0,0,0,0,0,0,0,0,0,0,0,0,0,47,17155,351,1108,0,0,0,0,0,0,0,0,0,0,0,,0,0,0,0,0,0,0,0,0,47,17155,351,1108,0,0,0,0,0,0,0,0,0,10,0,0,0,0,0,0,0,0,0,0,0,0,0,0,0,0,0,0,,,,,,Standby,Standby,718,0,1873,0,2018,0,617,0,93,0,5319,297,5616,5,718,147,,0,0,0,0,0,0,0,0,0,0,0,0,0,Respondent,0,0,298,17855,0,1,0,1,Yes,0,0,0,,,,0,0,NEITHER,0,0,0,0,0,0,0,0,0,0,0,0,0,0,0,0,0,0,0,0,0,0,0,0,0,0,0,0,0,0,0,0,0,0,0,0,0,0,0,,No,1 - 49,Non-Profit Corporation (i,0,0,1,0,1,0,0,0,1,0,0,0,0,0,1,1,0,,,,5616,,718,1873,2018,617,93,297,Frontier,ARTOIS/ELK CREEK/GLENN/GRINDSTONE INDIAN RANCHERIA/WILLOWS,106110889,106110889
106120981,"GENERAL HOSPITAL, THE",2200 HARRISON AVENUE,EUREKA,95501,707-445-8121-7500,Yes,01/01/2011,12/31/2011,Open,07/01/1953,07/01/1953,,NO,1,2,1,6023000600,39,,01 - Northern California,Humboldt,110000075,Consolidated Facility,-124.13979,40.78743,General Acute Care,Non-Profit Corporation (incl. Church-related),General Medical / Surgical,28,10220,0,0,0,0,0,0,0,0,0,0,0,0,0,0,0,0,0,0,0,0,0,0,0,0,0,0,0,0,0,0,0,0,0,0,0,15,5475,185,2584,43,15695,185,2584,0,0,0,0,0,0,0,0,0,0,0,0,0,0,0,0,0,0,0,0,0,43,15695,185,2584,0,0,0,0,0,0,0,0,0,0,0,0,0,0,0,0,0,0,0,0,0,0,0,0,0,0,0,0,,,,,,0,0,0,0,0,0,0,0,0,0,0,0,0,0,0,0,0,0,,0,0,0,0,0,0,0,0,0,0,0,0,0,Respondent,0,0,2567,109111,0,7,0,7,Yes,0,0,0,,,,0,0,NEITHER,0,0,0,0,0,0,0,0,0,0,0,0,0,0,0,0,0,0,0,0,0,0,0,0,0,0,0,0,0,0,0,0,0,0,0,0,0,0,0,,No,1 - 49,Non-Profit Corporation (i,0,0,0,1,0,0,0,0,0,0,0,0,0,0,0,0,1,,,,,0,0,0,0,0,0,,Rural,ARCATA/EUREKA,106120981,106120981
106121002,MAD RIVER COMMUNITY HOSPITAL,3800 JANES ROAD,ARCATA,95521,707-826-8204,Yes,01/01/2011,12/31/2011,Open,10/26/1972,10/26/1972,,NO,1,2,1,6023001100,39,,01 - Northern California,Humboldt,110000031,Parent Facility,-124.09038,40.90351,General Acute Care,Investor - Corporation,General Medical / Surgical,62,22630,1173,4370,10,3650,511,1070,0,0,0,0,6,2190,99,195,1051,0,0,0,0,0,0,0,0,0,0,0,0,0,0,0,0,0,0,0,0,0,0,0,0,78,28470,1783,6491,0,0,0,0,0,0,0,0,0,0,0,0,0,0,0,0,0,0,0,0,0,78,28470,1783,6491,0,0,0,0,0,0,0,476,830,10,0,0,0,0,0,0,0,0,0,0,0,0,0,0,0,0,0,0,,,,,,Basic,Basic,901,0,3604,0,6272,0,3170,936,194,130,14141,1066,15207,7,0,390,,0,0,0,0,0,0,0,0,0,0,0,0,0,Respondent,398,34458,2015,76002,0,0,3,3,Yes,469,15,0,,,,0,110,CATH LAB,0,0,0,0,0,0,0,0,0,0,0,0,0,0,0,0,0,0,0,0,0,0,0,0,0,0,0,0,0,0,0,0,0,0,0,0,0,0,0,,No,50 - 99,Investor,1,0,0,0,0,0,0,0,0,0,0,0,0,0,0,0,1,,,,,15207,901,3604,6272,4106,324,,Rural,ARCATA/EUREKA,106121002,106121002
106121031,JEROLD PHELPS COMMUNITY HOSPITAL,733 CEDAR STREET,GARBERVILLE,95542,707-923-3921-260,Yes,01/01/2011,12/31/2011,Open,08/20/1963,08/20/1963,,NO,1,2,1,6023011300,44,,01 - Northern California,Humboldt,110000052,Parent Facility,-123.79286,40.10195,General Acute Care,District,Other,9,3285,47,129,0,0,0,0,0,0,0,0,0,0,0,0,0,0,0,0,0,0,0,0,0,0,0,0,0,0,0,0,0,0,0,0,0,0,0,0,0,9,3285,47,129,0,0,0,0,0,0,0,0,8,2920,34,0,3843,0,0,0,0,0,0,0,0,17,6205,81,3972,0,0,0,0,0,0,0,0,0,8,0,0,0,0,0,0,0,0,0,0,0,0,0,0,0,0,0,0,,,,,,Standby,Standby,75,0,346,0,527,0,261,0,98,0,1307,31,1338,2,56,14,,0,0,0,0,0,0,0,0,0,0,0,0,0,Respondent,0,0,0,0,0,0,0,0,,0,0,0,,,,0,0,NEITHER,0,0,0,0,0,0,0,0,0,0,0,0,0,0,0,0,0,0,0,0,0,0,0,0,0,0,0,0,0,0,0,0,0,0,0,0,0,0,0,,No,1 - 49,District,0,0,1,0,0,0,0,0,0,0,0,0,0,0,0,0,1,,,,,1338,75,346,527,261,98,31,Frontier,GARBERVILLE/REDWAY,106121031,106121031
106121051,REDWOOD MEMORIAL HOSPITAL,3300 RENNER DRIVE,FORTUNA,95540,707-725-3361,Yes,01/01/2011,12/31/2011,Open,03/19/1957,03/19/1957,,NO,1,2,1,6023010900,42,,01 - Northern California,Humboldt,110000173,Parent Facility,-124.13549,40.58267,General Acute Care,Non-Profit Corporation (incl. Church-related),General Medical / Surgical,23,8395,1002,3496,8,2920,363,724,0,0,0,0,4,1460,153,187,990,0,0,0,0,0,0,0,0,0,0,0,0,0,0,0,0,0,0,0,0,0,0,0,0,35,12775,1518,5210,0,0,0,0,0,0,0,0,0,0,0,0,0,0,0,0,0,0,0,0,0,35,12775,1518,5210,0,0,0,0,0,0,8,332,574,10,0,0,0,0,0,0,0,0,0,0,0,0,0,0,0,0,0,0,,,,,,Basic,Basic,305,0,1983,0,6369,0,2050,105,818,184,11525,289,11814,8,0,103,,0,0,0,0,0,0,0,0,0,0,0,0,0,Respondent,513,57907,2938,120849,0,0,3,3,Yes,326,16,1,,,,0,0,NEITHER,0,0,0,0,0,0,0,0,0,0,0,0,0,0,0,0,0,0,0,0,0,0,0,0,0,0,0,0,0,0,0,0,0,0,0,0,0,0,0,,No,1 - 49,Non-Profit Corporation (i,1,0,0,0,0,0,0,0,0,0,0,0,0,0,0,0,1,,,,,11814,305,1983,6369,2155,1002,,Rural,FERNDALE/FORTUNA/RIO DELL/SCOTIA,106121051,106121051
106121080,ST. JOSEPH HOSPITAL - EUREKA,2700 DOLBEER STREET,EUREKA,95501,707-445-8121-7500,Yes,01/01/2011,12/31/2011,Open,07/26/1954,07/26/1954,,NO,1,2,1,6023000600,39,,01 - Northern California,Humboldt,110000075,Parent Facility,-124.14216,40.7832,General Acute Care,Non-Profit Corporation (incl. Church-related),General Medical / Surgical,119,43435,5406,22499,14,5110,698,1608,0,0,0,0,4,1460,115,633,1829,4,1460,0,0,0,0,0,0,0,0,0,0,0,0,0,5,1825,92,15,612,0,0,0,0,146,53290,6311,26548,0,0,0,0,0,0,0,0,0,0,0,0,0,0,0,0,0,0,0,0,0,146,53290,6311,26548,0,0,0,0,0,0,14,572,1044,0,0,0,0,0,0,0,0,0,0,0,0,0,0,0,0,0,0,0,,,,,,Basic,Basic,584,4,3571,10,11513,103,3220,1279,1012,2326,19900,3722,23622,9,0,529,,0,0,0,0,0,0,0,0,0,0,0,0,0,Respondent,2925,349127,8770,443284,0,0,10,10,Yes,627,31,0,,,,0,154,CV SURG,1,1,0,143,9,144,9,0,2,0,0,1,0,317,228,401,327,719,555,785,0,89,30,27,14,292,32,1,0,0,7,5,800,643,1,18,2,0,2746,,No,100 - 149,Non-Profit Corporation (i,1,0,0,0,0,0,0,0,0,0,0,0,0,0,0,0,1,,,,,23622,588,3581,11616,4499,3338,,Rural,ARCATA/EUREKA,106121080,106121080
106124004,SEMPERVIRENS P.H.F.,720 WOOD STREET,EUREKA,95501,707-268-2990,Yes,01/01/2011,12/31/2011,Open,01/29/1988,01/29/1988,,NO,1,2,1,6023000600,39,,01 - Northern California,Humboldt,MH1016003,Parent Facility,-124.16126,40.78109,Psychiatric Health Facility,City and/or County,Psychiatric,0,0,0,0,0,0,0,0,0,0,0,0,0,0,0,0,0,0,0,0,0,0,0,0,0,0,0,0,0,0,0,0,0,0,0,0,0,0,0,0,0,0,0,0,0,0,0,0,0,16,5840,574,3962,0,0,0,0,0,0,0,0,0,0,0,0,0,16,5840,574,3962,0,0,0,0,0,0,0,0,0,0,9,0,9,0,9,0,9,4,0,0,0,1,2,0,2,0,0,9,Yes,,,,,0,0,0,0,0,0,0,0,0,0,0,0,0,0,0,0,0,0,,0,0,0,0,0,0,0,0,0,0,0,0,0,Respondent,0,0,0,0,0,0,0,0,,0,0,0,,,,0,0,NEITHER,0,0,0,0,0,0,0,0,0,0,0,0,0,0,0,0,0,0,0,0,0,0,0,0,0,0,0,0,0,0,0,0,0,0,0,0,0,0,0,,No,1 - 49,City and/or County,0,0,0,1,0,0,0,0,0,0,0,0,0,0,0,0,1,,,,,0,0,0,0,0,0,,Rural,ARCATA/EUREKA,106124004,106124004
106130699,EL CENTRO REGIONAL MEDICAL CENTER,1415 ROSS AVENUE,EL CENTRO,92243,760-339-7157,Yes,01/01/2011,12/31/2011,Open,01/21/1967,01/21/1967,Level IV,NO,80,40,51,6025011300,48,,14 - San Diego/Imperial,Imperial,90000004,Parent Facility,-115.49824,32.78138,General Acute Care,City and/or County,General Medical / Surgical,110,40150,4383,16583,19,6935,1365,2633,12,4380,302,908,20,7300,221,239,1006,0,0,0,0,0,0,0,0,0,0,0,0,0,0,0,4,1460,10,18,87,0,0,0,0,165,60225,6281,21217,0,0,0,0,0,0,0,0,0,0,0,,0,0,0,0,0,0,0,0,0,165,60225,6281,21217,0,0,0,0,0,0,18,1215,2206,0,0,0,0,0,0,0,0,0,0,0,0,0,0,0,0,0,0,0,,,,,,Basic,Basic,7761,1,7024,65,14325,200,7044,2119,6140,2320,42294,4705,46999,20,13506,1879,,0,0,0,0,0,0,0,0,0,0,0,0,0,Respondent,913,121000,2395,181000,0,0,5,5,Yes,1215,46,8,,,,0,561,NEITHER,0,0,0,0,0,0,0,0,0,0,0,0,0,0,0,0,0,0,0,0,0,0,0,0,0,0,0,0,0,0,0,0,0,0,0,0,0,0,0,,No,150 - 199,City and/or County,1,0,0,0,1,0,0,0,1,0,0,0,0,0,1,1,0,,,,46999,,7762,7089,14525,9163,8460,,Rural,EL CENTRO/HEBER/HOLTVILLE/IMPERIAL/SEELEY,106130699,106130699
106130760,PIONEERS MEMORIAL HOSPITAL,207 WEST LEGION ROAD,BRAWLEY,92227,760-351-3333,Yes,01/01/2011,12/31/2011,Open,11/06/1950,11/06/1950,Level IV,NO,80,40,51,6025010600,50,,14 - San Diego/Imperial,Imperial,90000087,Parent Facility,-115.55183,32.96003,General Acute Care,District,General Medical / Surgical,66,24090,3931,13781,14,5110,1910,3531,12,4380,493,1444,8,2920,170,338,2228,0,0,0,0,0,0,0,0,0,0,0,0,0,0,0,7,2555,92,11,379,0,0,0,0,107,39055,6596,21363,0,0,0,0,0,0,0,0,0,0,0,0,0,0,0,0,0,0,0,0,0,107,39055,6596,21363,0,0,0,0,0,0,16,1707,2694,0,0,0,0,0,0,0,0,0,0,0,0,0,0,0,0,0,0,0,,,,,,Basic,Basic,438,1,2056,0,19285,18,6931,110,1398,2931,30108,3060,33168,16,21329,168,Yes,2,0,24,21,0,7,6,0,0,7,21,3,91,Respondent,2038,131767,3289,137770,0,0,6,6,Yes,1784,27,4,,,,0,620,NEITHER,0,0,0,0,0,0,0,0,0,0,0,0,0,0,0,0,0,0,0,0,0,0,0,0,0,0,0,0,0,0,0,0,0,0,0,0,0,0,0,,No,100 - 149,District,1,0,0,0,1,0,0,0,1,0,0,0,0,0,1,1,0,,,,33168,,439,2056,19303,7041,4329,,Rural,BRAWLEY/WESTMORLAND,106130760,106130760
106141273,NORTHERN INYO HOSPITAL,150 PIONEER LANE,BISHOP,93514,760-873-5811,Yes,01/01/2011,12/31/2011,Open,05/14/1948,05/14/1948,,NO,34,18,25,6027000400,53,,12 - Inland Counties,Inyo,240000179,Parent Facility,-118.40756,37.36207,General Acute Care,District,General Medical / Surgical,11,4015,549,1670,6,2190,186,379,4,1460,50,105,4,1460,51,100,344,0,0,0,0,0,0,0,0,0,0,0,0,0,0,0,0,0,0,0,0,0,0,0,0,25,9125,836,2498,0,0,0,0,0,0,0,0,0,0,0,,0,0,0,5,14,0,0,0,0,25,9125,841,2512,0,0,0,0,0,0,6,202,396,0,0,0,0,0,0,0,0,0,0,0,0,0,0,0,0,0,0,0,,,,,,Basic,Basic,2244,2,2858,49,1121,137,550,139,300,84,7073,411,7484,3,0,46,,0,0,0,0,0,0,0,0,0,0,0,0,0,Respondent,278,28416,957,43922,0,0,2,2,,199,11,0,,,,0,55,NEITHER,0,0,0,0,0,0,0,0,0,0,0,0,0,0,0,0,0,0,0,0,0,0,0,0,0,0,0,0,0,0,0,0,0,0,0,0,0,0,0,,No,1 - 49,District,1,0,0,0,0,0,0,0,0,0,0,0,0,0,0,0,1,,,,,7484,2246,2907,1258,689,384,,Rural,BISHOP/BISHOP PAIUTE TRIBE/MUSTANG MESA/ROUND VALLEY/WEST BISHOP/WILKERSON,106141273,106141273
106141338,SOUTHERN INYO HOSPITAL,501 EAST LOCUST STREET,LONE PINE,93545,760-876-5501-2225,Yes,01/01/2011,12/31/2011,Open,03/31/1952,03/31/1952,,NO,34,18,25,6027000600,55,,12 - Inland Counties,Inyo,240000205,Parent Facility,-118.05792,36.60867,General Acute Care,District,Long-Term Care (SN/IC),4,1460,77,260,0,0,0,0,0,0,0,0,0,0,0,0,0,0,0,0,0,0,0,0,0,0,0,0,0,0,0,0,0,0,0,0,0,0,0,0,0,4,1460,77,260,0,0,0,0,0,0,0,0,33,12045,29,,11539,0,0,0,0,0,0,0,0,37,13505,106,11799,0,0,0,0,0,0,0,0,0,0,0,0,0,0,0,0,0,0,0,0,0,0,0,0,0,0,0,0,,,,,,Standby,Standby,74,0,126,0,461,0,353,2,119,37,1133,39,1172,2,0,0,,0,0,0,0,0,0,0,0,0,0,0,0,0,Respondent,0,0,0,0,0,0,0,0,,0,0,0,,,,0,0,NEITHER,0,0,0,0,0,0,0,0,0,0,0,0,0,0,0,0,0,0,0,0,0,0,0,0,0,0,0,0,0,0,0,0,0,0,0,0,0,0,0,,No,1 - 49,District,0,0,1,0,0,0,0,0,0,0,0,0,0,0,0,0,1,,,,,1172,74,126,461,355,156,,Frontier,ALABAMA HILLS/CARTAGO/DARWIN/KEELER/LONE PINE/LONE PINE PAIUTE SHOSHONE TRIBE/OLANCHA/PEARSONVILLE,106141338,106141338
106150706,DELANO REGIONAL MEDICAL CENTER,1401 GARCES HIGHWAY,DELANO,93215,661-725-4800,Yes,01/01/2011,12/31/2011,Open,01/01/1974,01/01/1974,,NO,30,16,20,6029005000,60,,09 - Central,Kern,120000180,Parent Facility,-119.23706,35.76143,General Acute Care,Non-Profit Corporation (incl. Church-related),General Medical / Surgical,85,31025,2344,13630,16,5840,801,1642,0,0,0,0,10,3650,84,246,2275,0,0,0,0,0,0,0,0,0,0,0,0,0,0,0,0,0,0,0,0,0,0,0,0,111,40515,3229,17547,0,0,0,0,0,0,0,0,45,16425,25,,15589,0,0,0,0,0,0,0,0,156,56940,3254,33136,0,0,0,0,0,0,20,672,1347,0,0,0,0,0,0,0,0,0,0,0,0,0,0,0,0,0,0,0,,,,,,Basic,Basic,133,0,2437,0,7886,3,7641,334,2568,1398,20665,1735,22400,10,133,414,,0,0,0,0,0,0,0,0,0,0,0,0,0,Respondent,1371,118883,2578,139796,0,0,4,4,Yes,805,33,6,,,,0,229,NEITHER,0,0,0,0,0,0,0,0,0,0,0,0,0,0,0,0,0,0,0,0,0,0,0,0,0,0,0,0,0,0,0,0,0,0,0,0,0,0,0,,No,150 - 199,Non-Profit Corporation (i,1,0,0,0,0,0,0,0,0,0,0,0,0,0,0,0,1,,,,,22400,133,2437,7889,7975,3966,,Rural,DELANO/MCFARLAND,106150706,106150706
106150722,BAKERSFIELD MEMORIAL HOSPITAL- 34TH STREET,420 - 34TH STREET,BAKERSFIELD,93301,661-327-4647,Yes,01/01/2011,12/31/2011,Open,09/27/1956,09/27/1956,,NO,32,18,22,6029000600,66a,,09 - Central,Kern,120000181,Parent Facility,-119.00737,35.39056,General Acute Care,Non-Profit Corporation (incl. Church-related),General Medical / Surgical,277,101105,11854,48543,30,10950,3536,6726,32,11680,1617,3657,32,11680,340,1617,6270,16,5840,10,59,74,0,0,0,0,0,0,0,0,0,0,31,11315,488,19,6820,0,0,0,0,418,152570,17845,72090,0,0,0,0,0,0,0,0,0,0,0,,0,0,0,0,0,0,0,0,0,418,152570,17845,72090,0,0,0,0,0,0,10,3472,4653,0,0,0,0,0,0,0,0,0,0,0,0,0,0,0,0,0,0,0,,,,,,Basic,Basic,1119,0,15333,7,27360,97,10332,6134,932,2799,55076,9037,64113,18,0,271,Yes,24,17,19,15,8,18,6,4,6,30,0,20,167,Respondent,4905,575772,3754,241906,0,0,13,13,,3498,250,30,Yes,,YES,2636,840,CV SURG,2,0,0,192,12,192,12,204,4,0,0,0,0,700,1509,1143,149,1843,1658,365,0,696,0,0,0,995,199,232,33,0,922,0,714,976,0,0,0,796,5928,,No,300 - 499,Non-Profit Corporation (i,1,0,0,0,0,0,0,0,0,0,0,0,0,0,0,0,1,,,,,64113,1119,15340,27457,16466,3731,,Urban,BAKERSFIELD NORTHEAST/OILDALE,106150722,106150722
106150736,KERN MEDICAL CENTER,1700 MOUNT VERNON AVENUE,BAKERSFIELD,93306,661-326-2102,Yes,01/01/2011,12/31/2011,Open,07/01/1953,07/01/1953,Level II,YES,32,16,22,6029000905,66a,,09 - Central,Kern,120000182,Parent Facility,-118.967222,35.380833,General Acute Care,City and/or County,General Medical / Surgical,80,29200,5080,27299,41,14965,3829,7409,24,8760,664,1666,12,4380,101,475,2471,12,4380,0,0,0,0,0,0,0,0,0,0,0,0,0,28,10220,456,79,8537,0,0,0,0,197,71905,10130,47382,0,0,0,0,25,9125,749,5590,0,0,0,,0,0,0,0,0,0,0,0,0,222,81030,10879,52972,0,0,0,0,0,0,41,3106,4719,0,15,0,15,0,15,0,15,1,3,0,0,1,2,2,5,1,0,15,Yes,,,,,Basic,Basic,7564,3,8572,17,11479,66,5430,793,5453,4087,38498,4966,43464,32,0,6799,Yes,9,4,2,3,59,17,18,24,24,41,15,0,216,Respondent,2595,334918,2568,213291,0,0,8,8,,3599,286,99,,,,0,983,CV SURG,0,0,0,0,0,0,0,0,1,0,0,0,0,14,0,23,0,37,0,37,0,0,0,0,0,0,0,0,0,0,0,0,0,0,0,0,0,0,37,,No,200 - 299,City and/or County,1,0,0,0,1,0,1,0,0,0,0,0,0,0,1,1,0,,43464,,,,7567,8589,11545,6223,9540,,Urban,BAKERSFIELD NORTHEAST/OILDALE,106150736,106150736
106150737,KERN VALLEY HEALTHCARE DISTRICT,6412 LAUREL AVENUE,LAKE ISABELLA,93240,760-379-2681,Yes,01/01/2011,12/31/2011,Open,06/17/1968,06/17/1968,,NO,32,18,22,6029005202,63,,09 - Central,Kern,120000183,Parent Facility,-118.40509,35.63486,General Acute Care,District,Long-Term Care (SN/IC),24,8760,754,2826,0,0,0,0,0,0,0,0,3,1095,0,0,0,0,0,0,0,0,0,0,0,0,0,0,0,0,0,0,0,0,0,0,0,0,0,0,0,27,9855,754,2826,0,0,0,0,0,0,0,0,74,27010,120,0,21890,0,0,0,0,0,0,0,0,101,36865,874,24716,0,0,0,0,0,0,0,0,0,12,0,0,0,0,0,0,0,0,0,0,0,0,0,0,0,0,0,0,,Yes,YES,YES,,Standby,Standby,380,0,1097,2,2108,53,1519,283,855,262,5959,600,6559,8,0,371,,0,0,0,0,0,0,0,0,0,0,0,0,0,Respondent,15,459,42,1284,0,0,2,2,Yes,1,0,0,,,,0,0,NEITHER,0,0,0,0,0,0,0,0,0,0,0,0,0,0,0,0,0,0,0,0,0,0,0,0,0,0,0,0,0,0,0,0,0,0,0,0,0,0,0,,No,100 - 149,District,0,0,1,0,0,0,0,0,0,0,0,0,0,0,0,0,1,,,,,6559,380,1099,2161,1802,1117,,Frontier,ALTA SIERRA/BODFISH/GLENNVILLE/KERNVILLE/LAKE ISABELLA/WELDON/WOFFORD HEIGHTS,106150737,106150737
106150761,MERCY HOSPITAL - BAKERSFIELD,2215 TRUXTUN AVENUE,BAKERSFIELD,93301,661-632-5000,Yes,01/01/2011,12/31/2011,Open,01/01/1947,01/01/1947,,NO,32,18,22,6029001700,66d,,09 - Central,Kern,120000184,Parent Facility,-119.02715,35.37323,General Acute Care,Non-Profit Corporation (incl. Church-related),General Medical / Surgical,124,45260,6426,31712,0,0,0,0,0,0,0,0,20,7300,241,1157,4039,0,0,0,0,0,0,0,0,0,0,0,0,0,0,0,0,0,0,0,0,0,0,0,0,144,52560,6667,35751,0,0,0,0,0,0,0,0,0,0,0,,0,0,0,0,0,0,0,0,0,144,52560,6667,35751,0,0,0,0,0,0,0,0,0,0,0,0,0,0,0,0,0,0,0,0,0,0,0,0,0,0,0,0,,,,,,Basic,Basic,519,0,3510,1,9427,31,6481,2866,1209,2340,21146,5238,26384,14,0,1065,Yes,13,16,10,5,7,2,5,16,20,0,2,0,96,Respondent,1806,226657,1793,159080,0,0,9,9,Yes,0,0,0,,,,0,0,NEITHER,0,0,0,0,0,0,0,0,0,0,0,0,0,0,0,0,0,0,0,0,0,0,0,0,0,0,0,0,0,0,0,0,0,0,0,0,0,0,0,,No,100 - 149,Non-Profit Corporation (i,1,0,0,0,0,0,0,0,0,0,0,0,0,0,0,0,1,,,,,26384,519,3511,9458,9347,3549,,Urban,BAKERSFIELD NORTHWEST/ROSEDALE,106150761,106150761
106150775,GOOD SAMARITAN HOSPITAL-BAKERSFIELD,901 OLIVE DRIVE,BAKERSFIELD,93308,661-215-7565,Yes,01/01/2011,12/31/2011,Open,05/10/1960,05/10/1960,,NO,32,18,22,6029000200,66a,,09 - Central,Kern,120000146,Parent Facility,-119.03913,35.41216,General Acute Care,Investor - Partnership,Psychiatric,39,14235,1142,5705,0,0,0,0,0,0,0,0,4,1460,2,4,13,0,0,0,0,0,0,0,0,0,0,0,0,0,0,0,0,0,0,0,0,0,0,0,0,43,15695,1144,5718,12,4380,270,1082,99,36135,1732,10971,0,0,0,,0,0,0,0,0,0,0,0,0,154,56210,3146,17771,0,0,0,0,0,0,0,0,0,0,33,0,33,1,32,0,33,13,4,11,0,0,5,0,0,0,0,33,,,,,,0,0,0,0,0,0,0,0,0,0,0,0,0,0,0,0,0,0,,0,0,0,0,0,0,0,0,0,0,0,0,0,Respondent,215,8649,84,2442,0,0,2,2,,0,0,0,,,,0,0,NEITHER,0,0,0,0,0,0,0,0,0,0,0,0,0,0,0,0,0,0,0,0,0,0,0,0,0,0,0,0,0,0,0,0,0,0,0,0,0,0,0,,No,150 - 199,Investor,0,0,0,1,0,0,0,0,0,0,0,0,0,0,0,0,1,,,,,0,0,0,0,0,0,,Urban,BAKERSFIELD NORTHEAST/OILDALE,106150775,106150775
106150782,RIDGECREST REGIONAL HOSPITAL,1081 NORTH CHINA LAKE BLVD.,RIDGECREST,93555,760-499-3900,Yes,01/01/2011,12/31/2011,Open,09/30/1946,09/30/1946,,NO,32,18,22,6029005401,64,,09 - Central,Kern,120000186,Parent Facility,-117.66996,35.6404,General Acute Care,Non-Profit Corporation (incl. Church-related),General Medical / Surgical,67,24455,1615,7987,8,2920,612,1131,7,2555,251,640,16,5840,88,252,373,0,0,0,0,0,0,0,0,0,0,0,0,0,0,0,0,0,0,0,0,0,0,0,0,98,35770,2566,10131,0,0,0,0,0,0,0,0,0,0,0,,0,0,0,0,0,0,0,0,0,98,35770,2566,10131,0,0,0,0,0,0,0,563,1118,0,0,0,0,0,0,0,0,0,0,0,0,0,0,0,0,0,0,0,,,,,,Basic,Basic,13169,103,0,0,3045,96,0,0,157,20,16371,219,16590,8,13306,0,,0,0,0,0,0,0,0,0,0,0,0,0,0,Respondent,773,84026,1211,76609,0,0,5,5,,562,33,3,,,,0,218,NEITHER,0,0,0,0,0,0,0,0,0,0,0,0,0,0,0,0,0,0,0,0,0,19,18,1,0,0,0,0,0,0,0,0,0,0,0,0,0,0,38,Yes,No,50 - 99,Non-Profit Corporation (i,1,0,0,0,0,0,0,0,0,0,0,0,0,0,0,0,1,,,,,16590,13272,0,3141,0,177,,Rural,INYOKERN/RIDGECREST,106150782,106150782
106150788,SAN JOAQUIN COMMUNITY HOSPITAL,2615 CHESTER AVENUE,BAKERSFIELD,93301,661-395-3000-6888,Yes,01/01/2011,12/31/2011,Open,05/01/1973,05/01/1973,,NO,32,18,22,6029001600,66a,,09 - Central,Kern,120000187,Parent Facility,-119.018775,35.383064,General Acute Care,Non-Profit Corporation (incl. Church-related),General Medical / Surgical,189,68985,16771,61294,23,8395,2807,5112,0,0,0,0,30,10950,585,1719,8579,0,0,0,0,0,0,0,0,0,0,4,1460,104,0,949,9,3285,336,0,2799,0,0,0,0,255,93075,20603,78733,0,0,0,0,0,0,0,0,0,0,0,0,0,0,0,0,0,0,0,0,0,255,93075,20603,78733,0,0,0,0,0,0,26,2387,3378,0,0,0,0,0,0,0,0,0,0,0,0,0,0,0,0,0,0,0,,,,,,Basic,Basic,406,0,8065,12,15246,77,13275,1608,13104,10856,50096,12553,62649,22,0,484,Yes,19,23,35,17,31,17,16,21,20,19,10,6,234,Respondent,5152,559613,4508,300745,0,0,8,8,Yes,2723,134,38,,,,0,639,CV SURG,8,0,0,140,0,140,0,91,3,0,0,0,0,1029,233,765,350,1794,583,1794,0,255,0,58,0,525,47,3,0,0,83,20,141,173,7,9,0,766,3881,,No,200 - 299,Non-Profit Corporation (i,1,0,0,0,0,0,0,0,0,0,0,0,0,0,0,0,1,,,,,62649,406,8077,15323,14883,23960,,Urban,BAKERSFIELD NORTHEAST/OILDALE,106150788,106150788
106150808,TEHACHAPI HOSPITAL,115 WEST E STREET,TEHACHAPI,93561,661-823-3000,Yes,01/01/2011,12/31/2011,Open,03/28/1946,03/28/1946,,NO,32,18,22,6029006100,62,,09 - Central,Kern,120000188,Parent Facility,-118.4482,35.13004,General Acute Care,District,General Medical / Surgical,28,10220,126,337,0,0,0,0,0,0,0,0,0,0,0,0,0,0,0,0,0,0,0,0,0,0,0,0,0,0,0,0,0,0,0,0,0,0,0,0,0,28,10220,126,337,0,0,0,0,0,0,0,0,0,0,10,,6081,0,0,0,0,0,0,0,0,28,10220,136,6418,0,0,0,0,0,0,0,0,0,19,0,0,0,0,0,0,0,0,0,0,0,0,0,0,0,0,0,0,,,,,,Standby,Standby,620,0,4003,0,3394,0,1303,13,683,30,10003,43,10046,4,5934,239,,0,0,0,0,0,0,0,0,0,0,0,0,0,Respondent,0,0,0,0,0,0,2,2,,4,1,0,,,,0,0,NEITHER,0,0,0,0,0,0,0,0,0,0,0,0,0,0,0,0,0,0,0,0,0,0,0,0,0,0,0,0,0,0,0,0,0,0,0,0,0,0,0,,No,1 - 49,District,0,0,1,0,0,0,0,0,0,0,0,0,0,0,0,0,1,,,,,10046,620,4003,3394,1316,713,,Rural,BEAR VALLEY SPRINGS/KEENE/STALLION SPRINGS/TEHACHAPI,106150808,106150808
106154022,HEALTHSOUTH BAKERSFIELD REHABILITATION HOSPITAL,5001 COMMERCE DRIVE,BAKERSFIELD,93309,661-323-5500,Yes,01/01/2011,12/31/2011,Open,05/01/1990,05/01/1990,,NO,32,18,22,6029001802,66d,,09 - Central,Kern,120000248,Parent Facility,-119.05725,35.36819,General Acute Care,Investor - Corporation,Physical Rehabilitation,0,0,0,0,0,0,0,0,0,0,0,0,0,0,0,0,0,0,0,0,0,0,0,0,0,0,0,0,0,0,0,0,0,0,0,0,0,60,21900,1578,19352,60,21900,1578,19352,0,0,0,0,0,0,0,0,0,0,0,,0,0,0,0,0,0,0,0,0,60,21900,1578,19352,0,0,0,0,0,0,0,0,0,0,0,0,0,0,0,0,0,0,0,0,0,0,0,0,0,0,0,0,,,,,,0,0,0,0,0,0,0,0,0,0,0,0,0,0,0,0,0,0,,0,0,0,0,0,0,0,0,0,0,0,0,0,Respondent,0,0,0,0,0,0,0,0,,0,0,0,,,,0,0,NEITHER,0,0,0,0,0,0,0,0,0,0,0,0,0,0,0,0,0,0,0,0,0,0,0,0,0,0,0,0,0,0,0,0,0,0,0,0,0,0,0,,No,50 - 99,Investor,0,0,0,1,0,0,0,0,0,0,0,0,0,0,0,0,1,,,,,0,0,0,0,0,0,,Urban,BAKERSFIELD NORTHWEST/ROSEDALE,106154022,106154022
106154101,BAKERSFIELD HEART HOSPITAL,3001 SILLECT AVENUE,BAKERSFIELD,93308,661-316-6050,Yes,01/01/2011,12/31/2011,Open,09/10/1999,09/10/1999,,NO,32,18,22,6029000507,66d,,09 - Central,Kern,120000526,Parent Facility,-119.04314,35.38619,General Acute Care,Investor - Corporation,General Medical / Surgical,37,13505,3848,13383,0,0,0,0,0,0,0,0,0,0,0,0,0,10,3650,184,504,2806,0,0,0,0,0,0,0,0,0,0,0,0,0,0,0,0,0,0,0,47,17155,4032,16189,0,0,0,0,0,0,0,0,0,0,0,0,0,0,0,0,0,0,0,0,0,47,17155,4032,16189,0,0,0,0,0,0,0,0,0,0,0,0,0,0,0,0,0,0,0,0,0,0,0,0,0,0,0,0,,,,,,Basic,Basic,1367,5,1725,2,2572,118,2490,1305,886,1751,9040,3181,12221,9,0,0,Yes,42,48,52,45,70,42,48,53,25,15,6,13,459,Respondent,406,61927,33,2605,0,0,3,3,,0,0,0,,,,0,0,CV SURG,3,0,0,43,12,43,12,83,4,0,0,0,0,475,849,1129,500,1604,1349,1182,0,158,67,54,32,602,58,10,84,0,20,30,344,142,23,30,6,111,2953,Yes,No,1 - 49,Investor,1,0,0,0,0,0,0,0,0,0,0,0,0,0,0,0,1,,,,,12221,1372,1727,2690,3795,2637,,Urban,BAKERSFIELD NORTHWEST/ROSEDALE,106154101,106154101
106154108,MERCY SOUTHWEST HOSPITAL,400 OLD RIVER RD,BAKERSFIELD,93311,661-663-5000,Yes,01/01/2011,12/31/2011,Open,07/15/1992,07/15/1992,,NO,32,18,22,6029002806,66d,,09 - Central,Kern,120000184,Consolidated Facility,-119.11528,35.35496,General Acute Care,Non-Profit Corporation (incl. Church-related),General Medical / Surgical,43,15695,3433,10701,18,6570,2356,4954,0,0,0,0,8,2920,159,393,1689,0,0,0,0,0,0,0,0,0,0,0,0,0,0,0,9,3285,309,156,3095,0,0,0,0,78,28470,6257,20439,0,0,0,0,0,0,0,0,0,0,0,,0,0,0,0,0,0,0,0,0,78,28470,6257,20439,0,0,0,0,0,0,10,549,571,0,0,0,0,0,0,0,0,0,0,0,0,0,0,0,0,0,0,0,,,,,,Basic,Basic,546,0,7189,2,15885,16,9454,1272,1089,1157,34163,2447,36610,14,0,793,Yes,0,0,39,0,3,1,0,11,8,2,11,0,75,Respondent,1438,156122,2030,130362,0,0,6,6,Yes,2389,164,24,Yes,,YES,1687,702,NEITHER,0,0,0,0,0,0,0,0,0,0,0,0,0,0,0,0,0,0,0,0,0,0,0,0,0,0,0,0,0,0,0,0,0,0,0,0,0,0,0,,No,50 - 99,Non-Profit Corporation (i,1,0,0,0,0,0,0,0,0,0,0,0,0,0,0,0,1,,,,,36610,546,7191,15901,10726,2246,,Urban,BAKERSFIELD NORTHWEST/ROSEDALE,106154108,106154108
106154147,CRESTWOOD PSYCHIATRIC HEALTH FACILITY-BAKERSFIELD,"6700 Eucalyptus Drive, Ste B",Bakersfield,93306,661-363-8127-11581,Yes,01/01/2011,12/31/2011,Open,04/15/2008,04/15/2008,,NO,32,16,22,6029001101,66b,,09 - Central,Kern,MH0201404,Parent Facility,-118.930798,35.36519,Psychiatric Health Facility,Investor - Corporation,Psychiatric,0,0,0,0,0,0,0,0,0,0,0,0,0,0,0,0,0,0,0,0,0,0,0,0,0,0,0,0,0,0,0,0,0,0,0,0,0,0,0,0,0,0,0,0,0,0,0,0,0,14,5110,471,3147,0,0,0,0,0,0,0,0,0,0,0,0,0,14,5110,471,3147,0,0,0,0,0,0,0,0,0,0,10,0,10,0,10,0,10,0,0,0,0,10,0,0,0,0,0,10,Yes,,,,,0,0,0,0,0,0,0,0,0,0,0,0,0,0,0,0,0,0,,0,0,0,0,0,0,0,0,0,0,0,0,0,Respondent,0,0,0,0,0,0,0,0,,0,0,0,,,,0,0,NEITHER,0,0,0,0,0,0,0,0,0,0,0,0,0,0,0,0,0,0,0,0,0,0,0,0,0,0,0,0,0,0,0,0,0,0,0,0,0,0,0,,No,1 - 49,Investor,0,0,0,1,0,0,0,0,0,0,0,0,0,0,0,0,1,,,,,0,0,0,0,0,0,,Urban,BAKERSFIELD EAST/LAKEVIEW/LA LOMA,106154147,106154147
106154160,CRESTWOOD PSYCHIATRIC HEALTH FACILITY 2,"6700 EUCALYPTUS DRIVE, STE C",BAKERSFIELD,93306,661-363-8127-11581,Yes,01/01/2011,12/31/2011,Open,11/15/2010,11/15/2010,,NO,32,16,22,6029001101,66b,,09 - Central,Kern,mh0201604,Parent Facility,-118.929706,35.3657603,Psychiatric Health Facility,Investor - Corporation,Psychiatric,0,0,0,0,0,0,0,0,0,0,0,0,0,0,0,0,0,0,0,0,0,0,0,0,0,0,0,0,0,0,0,0,0,0,0,0,0,0,0,0,0,0,0,0,0,0,0,0,0,16,5840,356,797,0,0,0,0,0,0,0,0,0,0,0,0,0,16,5840,356,797,0,0,0,0,0,0,0,0,0,0,9,0,9,0,9,0,9,0,0,0,0,9,0,0,0,0,0,9,Yes,,,,,0,0,0,0,0,0,0,0,0,0,0,0,0,0,0,0,0,0,,0,0,0,0,0,0,0,0,0,0,0,0,0,Respondent,0,0,0,0,0,0,0,0,,0,0,0,,,,0,0,NEITHER,0,0,0,0,0,0,0,0,0,0,0,0,0,0,0,0,0,0,0,0,0,0,0,0,0,0,0,0,0,0,0,0,0,0,0,0,0,0,0,,No,1 - 49,Investor,0,0,0,1,0,0,0,0,0,0,0,0,0,0,0,0,1,,,,,0,0,0,0,0,0,,Urban,BAKERSFIELD EAST/LAKEVIEW/LA LOMA,106154160,106154160
106160702,CORCORAN DISTRICT HOSPITAL,1310 HANNA AVENUE,CORCORAN,93212,559-992-5051-323,Yes,01/01/2011,12/31/2011,Open,01/14/1949,01/14/1949,,NO,30,16,20,6031001400,68,,09 - Central,Kings,40000087,Parent Facility,-119.56372,36.09981,General Acute Care,District,General Medical / Surgical,32,11680,477,1544,0,0,0,0,0,0,0,0,0,0,0,0,0,0,0,0,0,0,0,0,0,0,0,0,0,0,0,0,0,0,0,0,0,0,0,0,0,32,11680,477,1544,0,0,0,0,0,0,0,0,0,0,20,,248,0,0,0,0,0,0,0,0,32,11680,497,1792,0,0,0,0,0,0,0,0,0,31,0,0,0,0,0,0,0,0,0,0,0,0,0,0,0,0,0,0,,,,,,Standby,Standby,12,1,3603,68,720,90,1089,294,44,5,5468,458,5926,6,3546,55,,0,0,0,0,0,0,0,0,0,0,0,0,0,Respondent,47,6773,919,49245,0,0,1,1,,0,0,0,,,,0,0,NEITHER,0,0,0,0,0,0,0,0,0,0,0,0,0,0,0,0,0,0,0,0,0,0,0,0,0,0,0,0,0,0,0,0,0,0,0,0,0,0,0,,No,1 - 49,District,0,0,1,0,0,0,0,0,0,0,0,0,0,0,0,0,1,,,,,5926,13,3671,810,1383,49,,Rural,CORCORAN/KETTLEMAN CITY/STRATFORD,106160702,106160702
106160725,HANFORD COMMUNITY MEDICAL CENTER,450 GREENFIELD AVENUE,HANFORD,93230,559-582-9000,No,01/01/2011,12/31/2011,Closed,08/14/2011,03/16/1965,,NO,30,16,20,6031001001,69,,09 - Central,Kings,550001439,Consolidated Facility,-119.65779,36.33059,General Acute Care,Nonprofit - Corporation,,54,12204,0,0,0,0,0,0,0,0,0,0,10,2260,0,0,0,0,0,0,0,0,0,0,0,0,0,0,0,0,0,0,0,0,0,0,0,0,0,0,0,64,14464,0,0,0,0,0,0,0,0,0,0,0,0,0,,0,0,0,0,0,0,0,0,0,64,14464,0,0,0,0,0,0,0,0,0,0,0,0,0,0,0,0,0,0,0,0,0,0,0,0,0,0,0,0,0,0,,,,,,0,0,0,0,0,0,0,0,0,0,0,0,0,0,0,0,0,0,NO,0,0,0,0,0,0,0,0,0,0,0,0,,Respondent,0,0,0,0,0,0,0,0,,0,0,0,,,,0,0,NEITHER,0,0,0,0,0,0,0,0,0,0,0,0,0,0,0,0,0,0,0,0,0,0,0,0,0,0,0,0,0,0,0,0,0,0,0,0,0,0,0,,No,50 - 99,Nonprofit - Corporation,0,0,0,1,0,0,0,0,0,0,0,0,0,0,0,0,1,,,,,0,0,0,0,0,0,,Rural,ARMONA/HANFORD/LEMOORE,106160725,106160725
106160787,CENTRAL VALLEY GENERAL HOSPITAL,1025 NORTH DOUTY STREET,HANFORD,93230,559-583-2100,Yes,01/01/2011,12/31/2011,Open,01/01/1946,01/01/1946,,NO,30,16,20,6031000900,69,,09 - Central,Kings,40000140,Parent Facility,-119.64592,36.33516,General Acute Care,Non-Profit Corporation (incl. Church-related),General Medical / Surgical,29,10585,0,0,20,7300,2094,4120,0,0,0,0,0,0,0,0,0,0,0,0,0,0,0,0,0,0,0,0,0,0,0,0,0,0,0,0,0,0,0,0,0,49,17885,2094,4120,0,0,0,0,0,0,0,0,0,0,0,0,0,0,0,0,0,0,0,0,0,49,17885,2094,4120,0,0,0,0,0,0,6,1888,3170,0,0,0,0,0,0,0,0,0,0,0,0,0,0,0,0,0,0,0,,,,,,0,0,0,0,0,0,0,0,0,0,0,0,0,0,0,0,0,0,,0,0,0,0,0,0,0,0,0,0,0,0,0,Respondent,822,45982,0,0,2,0,0,2,,1888,79,12,,,,0,0,NEITHER,0,0,0,0,0,0,0,0,0,0,0,0,0,0,0,0,0,0,0,0,0,0,0,0,0,0,0,0,0,0,0,0,0,0,0,0,0,0,0,,No,1 - 49,Non-Profit Corporation (i,0,0,0,1,0,0,0,0,0,0,0,0,0,0,0,0,1,,,,,0,0,0,0,0,0,,Rural,ARMONA/HANFORD/LEMOORE,106160787,106160787
106164029,ADVENTIST MEDICAL CENTER,115 MALL DRIVE,HANFORD,93230,559-582-9000,Yes,01/01/2011,12/31/2011,Open,12/05/2010,12/05/2010,,NO,30,16,20,,69,,09 - Central,Kings,550001439,Parent Facility,-119.6672,36.323621,General Acute Care,Non-Profit Corporation (incl. Church-related),General Medical / Surgical,120,43800,7264,36362,0,0,0,0,0,0,0,0,22,8030,284,8,4266,0,0,0,0,0,0,0,0,0,0,0,0,0,0,0,0,0,0,0,0,0,0,0,0,142,51830,7548,40628,0,0,0,0,0,0,0,0,0,0,0,,0,0,0,0,0,0,0,0,0,142,51830,7548,40628,0,0,0,0,0,0,0,0,0,0,0,0,0,0,0,0,0,0,0,0,0,0,0,0,0,0,0,0,,,,,,Basic,Basic,764,6,7129,42,21931,463,16053,549,8543,4062,54420,5122,59542,26,0,755,,0,0,0,0,0,0,0,0,0,0,0,0,0,Respondent,2700,262719,5703,329588,0,4,6,10,,0,0,0,,,,0,0,CATH LAB,0,0,0,0,0,0,0,0,1,0,0,0,0,207,29,653,54,860,83,837,0,0,0,0,0,0,0,0,0,0,0,0,597,102,0,0,0,0,1536,,No,100 - 149,Non-Profit Corporation (i,1,0,0,0,0,0,0,0,0,0,0,0,0,0,0,0,1,,,,,59542,770,7171,22394,16602,12605,,Rural,ARMONA/HANFORD/LEMOORE,106164029,106164029
106171049,ST. HELENA HOSPITAL - CLEARLAKE,15630 18TH AVE - HWY 53,CLEARLAKE,95422,707-994-6486,Yes,01/01/2011,12/31/2011,Open,04/18/1968,04/18/1968,,NO,1,2,1,6033000700,71.1,,01 - Northern California,Lake,110000174,Parent Facility,-122.6201,38.93556,General Acute Care,Non-Profit Corporation (incl. Church-related),General Medical / Surgical,24,8760,1361,5234,4,1460,206,505,0,0,0,0,4,1460,194,286,1362,0,0,0,0,0,0,0,0,0,0,0,0,0,0,0,0,0,0,0,0,0,0,0,0,32,11680,1761,7101,0,0,0,0,0,0,0,0,0,0,0,,0,0,0,0,0,0,0,0,0,32,11680,1761,7101,0,0,0,0,0,0,4,193,406,25,0,0,0,0,0,0,0,0,0,0,0,0,0,0,0,0,0,0,,,,,,Standby,Standby,2,214,2,1696,32,6566,559,4174,2535,1122,3130,13772,16902,7,771,1019,,0,0,0,0,0,0,0,0,0,0,0,0,0,Respondent,340,11940,1489,41580,0,0,2,2,Yes,193,4,0,,,,0,44,NEITHER,0,0,0,0,0,0,0,0,0,0,0,0,0,0,0,0,0,0,0,0,0,0,0,0,0,0,0,0,0,0,0,0,0,0,0,0,0,0,0,,No,1 - 49,Non-Profit Corporation (i,0,0,1,0,0,0,0,0,0,0,0,0,0,0,0,0,1,,,,,16902,216,1698,6598,4733,3657,,Rural,CLEARLAKE/CLEARLAKE OAKS,106171049,106171049
106171395,SUTTER LAKESIDE HOSPITAL,5176 HILL ROAD EAST,LAKEPORT,95453,707-262-5000,Yes,01/01/2011,12/31/2011,Open,04/28/1978,04/28/1978,Level IV,NO,1,2,1,6033000300,70.1,,01 - Northern California,Lake,110000094,Parent Facility,-122.91003,39.10232,General Acute Care,Non-Profit Corporation (incl. Church-related),General Medical / Surgical,40,14600,1651,5562,3,1095,281,630,0,0,0,0,6,2190,127,157,918,0,0,0,0,0,0,0,0,0,0,0,0,0,0,0,0,0,0,0,0,0,0,0,0,49,17885,2059,7110,0,0,0,0,0,0,0,0,0,0,0,,0,0,0,0,0,0,0,0,0,49,17885,2059,7110,0,0,0,0,0,0,6,287,465,12,0,0,0,0,0,0,0,0,0,0,0,0,0,0,0,0,0,0,,,,,,Basic,Basic,197,0,4755,0,5572,10,3873,68,3169,446,17566,524,18090,12,0,303,,0,0,0,0,0,0,0,0,0,0,0,0,0,Respondent,594,66677,2046,96424,0,0,4,4,Yes,286,25,3,,,,0,84,NEITHER,0,0,0,0,0,0,0,0,0,0,0,0,0,0,0,0,0,0,0,0,0,0,0,0,0,0,0,0,0,0,0,0,0,0,0,0,0,0,0,,No,1 - 49,Non-Profit Corporation (i,1,0,0,0,1,0,0,0,1,0,0,0,0,0,1,1,0,,,,18090,,197,4755,5582,3941,3615,,Rural,KELSEYVILLE/LAKEPORT,106171395,106171395
106184008,BANNER LASSEN MEDICAL CENTER,1800 SPRING RIDGE DRIVE,SUSANVILLE,96130,530-252-2000,Yes,01/01/2011,12/31/2011,Open,04/23/2003,04/23/2003,,NO,3,1,4,6035040301,72,,01 - Northern California,Lassen,230000020,Parent Facility,-120.64609,40.42306,General Acute Care,Non-Profit Corporation (incl. Church-related),General Medical / Surgical,34,12410,1038,3598,4,1460,294,609,0,0,0,0,0,0,0,0,0,0,0,0,0,0,0,0,0,0,0,0,0,0,0,0,0,0,0,0,0,0,0,0,0,38,13870,1332,4207,0,0,0,0,0,0,0,0,0,0,0,,0,0,0,0,0,0,0,0,0,38,13870,1332,4207,0,0,0,0,0,0,6,266,474,10,0,0,0,0,0,0,0,0,0,0,0,0,0,0,0,0,0,0,,,,,,Basic,Basic,259,0,1636,3,4465,7,2890,424,348,11,9598,445,10043,7,4232,272,,0,0,0,0,0,0,0,0,0,0,0,0,0,Respondent,386,29509,878,46201,0,0,3,3,,266,17,2,,,,0,86,NEITHER,0,0,0,0,0,0,0,0,0,0,0,0,0,0,0,0,0,0,0,0,0,0,0,0,0,0,0,0,0,0,0,0,0,0,0,0,0,0,0,,No,1 - 49,Non-Profit Corporation (i,1,0,0,0,0,0,0,0,0,0,0,0,0,0,0,0,1,,,,,10043,259,1639,4472,3314,359,,Rural,SUSANVILLE,106184008,106184008
106190017,ALHAMBRA HOSPITAL,100 SOUTH RAYMOND AVENUE,ALHAMBRA,91801,626-570-1606,Yes,01/01/2011,12/31/2011,Open,01/01/1946,01/01/1946,,NO,49,22,29,6037480901,78.2eeee,San Gabriel Valley,11 - Los Angeles,Los Angeles,930000005,Parent Facility,-118.1449,34.08988,General Acute Care,Investor - Partnership,General Medical / Surgical,88,32120,3736,15101,0,0,0,0,0,0,0,0,6,2190,101,377,1411,7,2555,106,415,1583,0,0,0,0,0,0,0,0,0,0,0,0,0,0,0,17,6205,287,4287,118,43070,4230,22382,0,0,0,0,0,0,0,0,26,9490,37,,9327,0,0,0,0,0,0,0,0,144,52560,4267,31709,0,0,0,0,0,0,0,0,0,0,0,0,0,0,0,0,0,0,0,0,0,0,0,0,0,0,0,0,,,,,,Basic,Basic,392,4,1918,16,4569,265,1966,560,2139,1838,10984,2683,13667,8,1222,81,Yes,17,32,71,2,9,8,10,19,1,6,4,31,210,Respondent,687,41347,1628,62184,0,0,5,5,Yes,0,0,0,,,,0,0,NEITHER,0,0,0,0,0,0,0,0,0,0,0,0,0,0,0,0,0,0,0,0,0,0,0,0,0,0,0,0,0,0,0,0,0,0,0,0,0,0,0,,No,100 - 149,Investor,1,0,0,0,0,0,0,0,0,0,0,0,0,0,0,0,1,,,,,13667,396,1934,4834,2526,3977,,Urban,ALHAMBRA/EL SERENO SOUTH/SAN GABRIEL CENTRAL,106190017,106190017
106190020,BHC ALHAMBRA HOSPITAL,4619 ROSEMEAD BOULEVARD,ROSEMEAD,91770,626-286-1191-247,Yes,01/01/2011,12/31/2011,Open,01/01/1946,01/01/1946,,NO,49,24,32,6037432202,78.2qqq,San Gabriel Valley,11 - Los Angeles,Los Angeles,930000006,Parent Facility,-118.07352,34.08926,Acute Psychiatric,Non-Profit Corporation (incl. Church-related),Psychiatric,0,0,0,0,0,0,0,0,0,0,0,0,0,0,0,0,0,0,0,0,0,0,0,0,0,0,0,0,0,0,0,0,0,0,0,0,0,0,0,0,0,0,0,0,0,0,0,0,0,97,35405,4666,29038,0,0,0,,0,0,0,0,0,0,0,0,0,97,35405,4666,29038,0,0,0,0,0,0,0,0,0,0,63,0,63,26,34,3,63,6,0,17,0,0,17,22,0,0,1,63,,,,,,0,0,0,0,0,0,0,0,0,0,0,0,0,0,0,0,0,0,,0,0,0,0,0,0,0,0,0,0,0,0,0,Respondent,0,0,0,0,0,0,0,0,,0,0,0,,,,0,0,NEITHER,0,0,0,0,0,0,0,0,0,0,0,0,0,0,0,0,0,0,0,0,0,0,0,0,0,0,0,0,0,0,0,0,0,0,0,0,0,0,0,,No,50 - 99,Non-Profit Corporation (i,0,0,0,1,0,0,0,0,0,0,0,0,0,0,0,0,1,,,,,0,0,0,0,0,0,,Urban,ROSEMEAD/SAN GABRIEL SOUTH/SOUTH EL MONTE WEST/TEMPLE CITY WEST,106190020,106190020
106190034,ANTELOPE VALLEY HOSPITAL,1600 WEST AVENUE J,LANCASTER,93534,661-949-5000,Yes,01/01/2011,12/31/2011,Open,09/27/1955,09/27/1955,Level II,NO,36,17,22,6037900703,77.1b,Antelope Valley,11 - Los Angeles,Los Angeles,930000008,Parent Facility,-118.15767,34.68928,General Acute Care,District,General Medical / Surgical,251,91615,15620,50498,48,17520,5840,15509,22,8030,1278,2935,21,7665,598,2565,9877,0,0,0,0,0,0,0,0,0,0,0,0,0,0,0,48,17520,408,17,6101,0,0,0,0,390,142350,23744,84920,0,0,0,0,30,10950,576,2721,0,0,0,,0,0,0,0,0,0,0,0,0,420,153300,24320,87641,0,0,0,0,0,0,0,5019,10602,0,7,0,7,0,6,1,7,1,0,2,1,0,0,3,0,0,0,7,,,,,,Basic,Basic,631,1,7272,5,39961,70,37362,320,3130,14023,88356,14419,102775,28,632,0,,0,0,0,0,0,0,0,0,0,0,0,0,0,Respondent,7445,784330,7917,423210,0,0,13,13,Yes,5410,462,114,,,,0,1927,CV SURG,1,0,0,28,0,28,0,28,1,0,0,0,0,488,328,220,434,708,762,388,0,0,0,0,0,285,20,3,0,0,42,19,184,194,0,20,0,244,1399,Yes,No,300 - 499,District,1,0,0,0,1,0,1,0,0,0,0,0,0,0,1,1,0,,102775,,,,632,7277,40031,37682,17153,,Urban,DESERT VIEW HIGHLANDS/LANCASTER WEST/PALMDALE NORTHWEST/QUARTZ HILL,106190034,106190034
106190045,CATALINA ISLAND MEDICAL CENTER,100 FALLS CANYON ROAD,AVALON,90704,310-510-0700-22,Yes,01/01/2011,12/31/2011,Open,01/01/1946,01/01/1946,,NO,54,27,46,6037599000,78.1,South Bay,11 - Los Angeles,Los Angeles,930000010,Parent Facility,-118.33369,33.33887,General Acute Care,Non-Profit Corporation (incl. Church-related),General Medical / Surgical,8,2920,26,102,0,0,0,0,0,0,0,0,0,0,0,0,0,0,0,0,0,0,0,0,0,0,0,0,0,0,0,0,0,0,0,0,0,0,0,0,0,8,2920,26,102,0,0,0,0,0,0,0,0,4,1460,5,0,2331,0,0,0,0,0,0,0,0,12,4380,31,2433,0,0,0,0,0,0,0,0,0,4,0,0,0,0,0,0,0,0,0,0,0,0,0,0,0,0,0,0,,,,,,Standby,Standby,0,0,534,0,686,0,5,13,8,8,1233,21,1254,2,0,3,,0,0,0,0,0,0,0,0,0,0,0,0,0,Respondent,0,0,0,0,0,0,1,1,,0,0,0,,,,0,0,NEITHER,0,0,0,0,0,0,0,0,0,0,0,0,0,0,0,0,0,0,0,0,0,0,0,0,0,0,0,0,0,0,0,0,0,0,0,0,0,0,0,,No,1 - 49,Non-Profit Corporation (i,0,0,1,0,0,0,0,0,0,0,0,0,0,0,0,0,1,,,,,1254,0,534,686,18,16,,Frontier,AVALON,106190045,106190045
106190049,KINDRED HOSPITAL BALDWIN PARK,14148 FRANCISQUITO AVENUE,BALDWIN PARK,91706,626-388-2700,Yes,01/01/2011,12/31/2011,Open,12/23/2003,06/08/1956,,NO,57,24,32,6037406900,78.2yyy,San Gabriel Valley,11 - Los Angeles,Los Angeles,930000390,Parent Facility,-117.96801,34.06398,General Acute Care,Investor - Corporation,General Medical / Surgical,63,22995,717,20360,0,0,0,0,0,0,0,0,8,2920,88,215,2738,0,0,0,0,0,0,0,0,0,0,0,0,0,0,0,0,0,0,0,0,0,0,0,0,71,25915,805,23098,0,0,0,0,24,8760,0,0,0,0,0,0,0,0,0,0,0,0,0,0,0,95,34675,805,23098,0,0,0,0,0,0,0,0,0,0,0,0,0,0,0,0,0,0,0,0,0,0,0,0,0,0,0,0,,,,,,0,0,0,0,0,0,0,0,0,0,0,0,0,0,0,0,0,0,,0,0,0,0,0,0,0,0,0,0,0,0,0,Respondent,224,12034,2,62,0,0,3,3,,0,0,0,,,,0,0,NEITHER,0,0,0,0,0,0,0,0,0,0,0,0,0,0,0,0,0,0,0,0,0,0,0,0,0,0,0,0,0,0,0,0,0,0,0,0,0,0,0,,No,50 - 99,Investor,0,0,0,1,0,0,0,0,0,0,0,0,0,0,0,0,1,,,,,0,0,0,0,0,0,,Urban,BASSETT/INDUSTRY WEST/LA PUENTE,106190049,106190049
106190052,BARLOW RESPIRATORY HOSPITAL,2000 STADIUM WAY,LOS ANGELES,90026,213-202-6880,Yes,01/01/2011,12/31/2011,Open,01/01/1946,01/01/1946,,NO,45,21,31,6037197110,78.2ff,Metro,11 - Los Angeles,Los Angeles,930000011,Parent Facility,-118.24744,34.08058,General Acute Care,Non-Profit Corporation (incl. Church-related),General Medical / Surgical,99,36135,757,24030,0,0,0,0,0,0,0,0,0,0,0,0,0,0,0,0,0,0,6,2190,42,60,1404,0,0,0,0,0,0,0,0,0,0,0,0,0,0,105,38325,799,25434,0,0,0,0,0,0,0,0,0,0,0,,0,0,0,0,0,0,0,0,0,105,38325,799,25434,0,0,0,0,0,0,0,0,0,0,0,0,0,0,0,0,0,0,0,0,0,0,0,0,0,0,0,0,,,,,,0,0,0,0,0,0,0,0,0,0,0,0,0,0,0,0,0,0,,0,0,0,0,0,0,0,0,0,0,0,0,0,Respondent,0,0,0,0,0,0,0,0,,0,0,0,,,,0,0,NEITHER,0,0,0,0,0,0,0,0,0,0,0,0,0,0,0,0,0,0,0,0,0,0,0,0,0,0,0,0,0,0,0,0,0,0,0,0,0,0,0,,No,100 - 149,Non-Profit Corporation (i,0,0,0,1,0,0,0,0,0,0,0,0,0,0,0,0,1,,,,,0,0,0,0,0,0,,Urban,GLASSELL PARK/GLENDALE SOUTHEAST/SILVERLAKE NORTH,106190052,106190052
106190053,ST. MARY MEDICAL CENTER,"1050 LINDEN AVENUE, BOX 887",LONG BEACH,90801,562-491-9000,Yes,01/01/2011,12/31/2011,Open,01/01/1946,01/01/1946,Level II,NO,55,27,37,6037576300,78.2kkk,South Bay,11 - Los Angeles,Los Angeles,930000012,Parent Facility,-118.18655,33.77994,General Acute Care,Non-Profit Corporation (incl. Church-related),General Medical / Surgical,218,79570,6042,28471,25,9125,3108,9125,28,10220,408,1358,39,14235,368,897,6108,8,2920,0,0,0,0,0,0,0,0,0,0,0,0,0,25,9125,275,66,3315,46,16790,481,7280,389,141985,10682,55657,0,0,0,0,0,0,0,0,0,0,0,,0,0,0,0,0,0,0,0,0,389,141985,10682,55657,0,0,0,0,0,0,25,2813,6971,0,0,0,0,0,0,0,0,0,0,0,0,0,0,0,0,0,0,0,,,,,,Basic,Basic,2432,1,11511,4,20939,46,8298,3066,2057,2309,45237,5426,50663,26,2433,1650,Yes,123,121,56,62,42,70,89,115,79,86,80,81,1004,Respondent,1380,194902,1430,134764,0,0,9,9,Yes,3037,155,17,,,,0,951,CV SURG,2,0,0,83,0,83,0,64,2,0,0,0,0,381,153,183,29,564,182,553,0,35,18,7,2,164,18,0,0,0,0,0,0,0,0,8,0,0,805,,No,300 - 499,Non-Profit Corporation (i,1,0,0,0,1,0,1,0,0,0,0,0,0,0,1,1,0,,50663,,,,2433,11515,20985,11364,4366,,Urban,BELMONT SHORE/LONG BEACH EAST/LONG BEACH SHORELINE/LOS ALTOS/NAPLES,106190053,106190053
106190066,BELLFLOWER MEDICAL CENTER,9542 EAST ARTESIA BOULEVARD,BELLFLOWER,90706,562-804-5261,Yes,01/01/2011,12/31/2011,Open,11/17/1954,11/17/1954,,NO,50,27,34,6037554404,78.2m,East,11 - Los Angeles,Los Angeles,930000015,Parent Facility,-118.13052,33.87466,General Acute Care,Investor - Corporation,General Medical / Surgical,85,31025,1760,6909,17,6205,1479,4226,0,0,0,0,5,1825,99,182,1150,5,1825,40,75,175,0,0,0,0,0,0,0,0,0,0,0,0,0,0,0,0,0,0,0,112,40880,3378,12460,0,0,0,0,32,11680,1357,10449,0,0,0,,0,0,0,0,0,0,0,0,0,144,52560,4735,22909,0,0,0,0,0,0,0,1565,3983,0,28,0,28,0,28,0,28,6,0,19,0,0,0,1,0,0,2,28,,,,,,Basic,Basic,56,0,1468,0,4329,0,2523,29,358,1914,8734,1943,10677,3,1524,308,Yes,391,327,380,359,335,391,430,319,186,225,246,350,3939,Respondent,1588,131995,1564,102295,0,0,4,4,Yes,1463,22,8,,,,0,836,NEITHER,0,0,0,0,0,0,0,0,0,0,0,0,0,0,0,0,0,0,0,0,0,0,0,0,0,0,0,0,0,0,0,0,0,0,0,0,0,0,0,,No,100 - 149,Investor,1,0,0,0,0,0,0,0,0,0,0,0,0,0,0,0,1,,,,,10677,56,1468,4329,2552,2272,,Urban,BELLFLOWER/PARAMOUNT SOUTH,106190066,106190066
106190081,BEVERLY HOSPITAL,309 WEST BEVERLY BOULEVARD,MONTEBELLO,90640,323-726-1222,Yes,01/01/2011,12/31/2011,Open,01/01/1946,01/01/1946,,NO,58,30,38,6037530101,78.2ww,East,11 - Los Angeles,Los Angeles,930000389,Parent Facility,-118.10132,34.01614,General Acute Care,Non-Profit Corporation (incl. Church-related),General Medical / Surgical,156,56940,6697,25886,18,6570,979,2401,15,5475,645,1612,12,4380,77,199,3556,13,4745,51,78,1694,0,0,0,0,0,0,0,0,0,0,10,3650,0,0,0,0,0,0,0,224,81760,8449,35149,0,0,0,0,0,0,0,0,0,0,0,,0,0,0,0,0,0,0,0,0,224,81760,8449,35149,0,0,0,0,0,0,18,866,1829,0,0,0,0,0,0,0,0,0,0,0,0,0,0,0,0,0,0,0,,,,,,Basic,Basic,3844,2,753,7,7183,5,10241,55,815,5899,22836,5968,28804,17,0,1162,Yes,83,125,90,40,24,20,21,34,32,21,37,72,599,Respondent,1452,160116,2085,142713,0,0,7,7,,858,48,7,,,,0,366,CV SURG,1,0,0,33,0,33,0,21,1,0,0,0,0,226,0,113,0,339,0,339,0,0,0,0,0,0,0,0,0,0,0,0,0,0,0,0,0,0,339,,No,200 - 299,Non-Profit Corporation (i,1,0,0,0,0,0,0,0,0,0,0,0,0,0,0,0,1,,,,,28804,3846,760,7188,10296,6714,,Urban,PICO RIVERA/SANTA FE SPRINGS NORTHWEST,106190081,106190081
106190110,BROTMAN MEDICAL CENTER,3828 DELMAS TERRACE,CULVER CITY,90231,310-836-7000,Yes,01/01/2011,12/31/2011,Open,01/01/1946,01/01/1946,,NO,47,26,33,6037702400,78.2y,West,11 - Los Angeles,Los Angeles,930000022,Parent Facility,-118.39724,34.02328,General Acute Care,Investor - Corporation,General Medical / Surgical,263,95995,6177,27459,14,5110,0,0,0,0,0,0,10,3650,228,474,2516,10,3650,192,346,2479,0,0,0,0,0,0,0,0,0,0,0,0,0,0,0,32,11680,351,4413,329,120085,6948,36867,0,0,0,0,70,25550,1776,23797,21,7665,31,,254,0,0,0,0,0,0,0,0,420,153300,8755,60918,18,994,4915,0,0,0,0,0,0,0,67,0,67,0,47,20,67,22,2,40,0,0,0,3,0,0,0,67,,,,,,Basic,Basic,346,1,8568,57,6897,169,2445,4970,241,519,18497,5716,24213,12,0,0,Yes,28,26,19,19,5,4,15,3,1,1,4,2,127,Respondent,835,92485,1104,73085,0,0,7,7,,0,0,0,,,,0,0,CV SURG,1,0,0,0,0,0,0,0,2,0,0,0,0,138,0,40,0,178,0,178,0,0,0,0,0,52,0,0,0,0,0,0,0,0,0,0,0,0,230,,No,300 - 499,Investor,1,0,0,0,0,0,0,0,0,0,0,0,0,0,0,0,1,,,,,24213,347,8625,7066,7415,760,,Urban,CULVER CITY NORTH/PALMS,106190110,106190110
106190125,CALIFORNIA HOSPITAL MEDICAL CENTER - LOS ANGELES,1401 SOUTH GRAND AVENUE,LOS ANGELES,90015,213-748-2411,Yes,01/01/2011,12/31/2011,Open,01/01/1946,01/01/1946,Level II,NO,46,22,34,6037224010,78.2ffff,Metro,11 - Los Angeles,Los Angeles,930000024,Parent Facility,-118.26551,34.03721,General Acute Care,Non-Profit Corporation (incl. Church-related),General Medical / Surgical,177,63549,9752,34561,37,13505,3737,11508,12,5172,1715,2812,28,10220,536,725,7185,8,2920,22,21,98,0,0,0,0,0,0,0,0,0,0,26,9490,422,0,7710,0,0,0,0,288,104856,16184,63874,0,0,0,0,0,0,0,0,31,11315,536,,4464,0,0,0,0,0,0,0,0,319,116171,16720,68338,0,0,0,0,0,0,22,3915,9506,0,0,0,0,0,0,0,0,0,0,0,0,0,0,0,0,0,0,0,,,,,,Basic,Basic,2393,0,8244,0,27223,15,10200,4427,1442,2311,49502,6753,56255,27,2400,2405,Yes,157,110,58,73,64,97,110,93,89,106,63,62,1082,Respondent,3469,365248,3385,241751,0,0,7,7,Yes,4397,478,89,,,,0,0,NEITHER,0,0,0,0,0,0,0,0,0,0,0,0,0,0,0,0,0,0,0,0,0,0,0,0,0,0,0,0,0,0,0,0,0,0,0,0,0,0,0,Yes,No,300 - 499,Non-Profit Corporation (i,1,0,0,0,1,0,1,0,0,0,0,0,0,0,1,1,0,,56255,,,,2393,8244,27238,14627,3753,,Urban,BOYLE HEIGHTS NORTHWEST/CHINATOWN/DOWNTOWN NORTHWEST/LITTLE TOKYO/WESTLAKE,106190125,106190125
106190137,CASA COLINA HOSPITAL FOR REHAB MEDICINE,255 EAST BONITA AVENUE,POMONA,91767,909-450-0103,Yes,01/01/2011,12/31/2011,Open,02/28/1961,02/28/1961,,NO,61,32,38,6037401704,78.2ss,San Gabriel Valley,11 - Los Angeles,Los Angeles,930000026,Parent Facility,-117.74561,34.09633,General Acute Care,Non-Profit Corporation (incl. Church-related),Physical Rehabilitation,0,0,0,0,0,0,0,0,0,0,0,0,0,0,0,0,0,0,0,0,0,0,0,0,0,0,0,0,0,0,0,0,0,0,0,0,0,68,24820,1259,21620,68,24820,1259,21620,0,0,0,0,0,0,0,0,0,0,0,0,0,0,0,0,0,0,0,0,0,68,24820,1259,21620,0,0,0,0,0,0,0,0,0,0,0,0,0,0,0,0,0,0,0,0,0,0,0,0,0,0,0,0,,,,,,0,0,0,0,0,0,0,0,0,0,0,0,0,0,0,0,0,0,,0,0,0,0,0,0,0,0,0,0,0,0,0,Respondent,0,0,0,0,0,0,0,0,,0,0,0,,,,0,0,NEITHER,0,0,0,0,0,0,0,0,0,0,0,0,0,0,0,0,0,0,0,0,0,0,0,0,0,0,0,0,0,0,0,0,0,0,0,0,0,0,0,,No,50 - 99,Non-Profit Corporation (i,0,0,0,1,0,0,0,0,0,0,0,0,0,0,0,0,1,,,,,0,0,0,0,0,0,,Urban,POMONA EAST AND SOUTH,106190137,106190137
106190148,CENTINELA HOSPITAL MEDICAL CENTER,555 EAST HARDY STREET,INGLEWOOD,90301,310-673-4460,Yes,01/01/2011,12/31/2011,Open,01/01/1946,01/01/1946,,NO,51,25,35,6037601100,78.2q,South Bay,11 - Los Angeles,Los Angeles,930000027,Parent Facility,-118.34788,33.94917,General Acute Care,Investor - Limited Liability Company,General Medical / Surgical,244,89060,16266,57361,29,10585,1168,3175,0,0,0,0,19,6935,308,923,5046,12,4380,252,805,3697,0,0,0,0,0,0,0,0,0,0,9,3285,107,0,2052,32,11680,0,0,345,125925,18101,71331,0,0,0,0,0,0,0,0,24,8760,0,0,0,0,0,0,0,0,0,0,0,369,134685,18101,71331,0,0,0,0,0,0,29,1174,2556,0,0,0,0,0,0,0,0,0,0,0,0,0,0,0,0,0,0,0,,,,,,Basic,Basic,2255,0,6887,0,6763,8,23090,89,5386,15724,44381,15821,60202,44,0,3167,,0,0,0,0,0,0,0,0,0,0,0,0,0,Respondent,1569,184378,740,57629,0,0,12,12,,1174,64,28,,,,0,443,CV SURG,2,0,0,22,26,22,26,12,3,0,0,0,0,222,160,102,93,324,253,324,0,60,17,26,14,150,25,0,0,0,27,23,367,360,9,12,0,9,1423,,No,300 - 499,Investor,1,0,0,0,0,0,0,0,0,0,0,0,0,0,0,0,1,,,,,60202,2255,6887,6771,23179,21110,,Urban,DEL AIRE/INGLEWOOD WEST/LOS ANGELES INTERNATIONAL AIRPORT,106190148,106190148
106190150,KEDREN COMMUNITY MENTAL HEALTH CENTER,4211 SOUTH AVALON BOULEVARD,LOS ANGELES,90011,323-233-0425,Yes,01/01/2011,12/31/2011,Open,10/17/1973,10/17/1973,,NO,52,22,31,6037228320,78.2ggg,South,11 - Los Angeles,Los Angeles,930000028,Parent Facility,-118.26535,34.00733,Acute Psychiatric,Non-Profit Corporation (incl. Church-related),Psychiatric,0,0,0,0,0,0,0,0,0,0,0,0,0,0,0,0,0,0,0,0,0,0,0,0,0,0,0,0,0,0,0,0,0,0,0,0,0,0,0,0,0,0,0,0,0,0,0,0,0,72,24246,1048,24246,0,0,0,,0,0,0,0,0,0,0,0,0,72,24246,1048,24246,0,0,0,0,0,0,0,0,0,0,66,0,66,16,50,0,66,0,0,0,0,0,0,0,66,0,0,66,Yes,,,,,0,0,0,0,0,0,0,0,0,0,0,0,0,0,0,0,0,0,,0,0,0,0,0,0,0,0,0,0,0,0,0,Respondent,0,0,0,0,0,0,0,0,,0,0,0,,,,0,0,NEITHER,0,0,0,0,0,0,0,0,0,0,0,0,0,0,0,0,0,0,0,0,0,0,0,0,0,0,0,0,0,0,0,0,0,0,0,0,0,0,0,,No,50 - 99,Non-Profit Corporation (i,0,0,0,1,0,0,0,0,0,0,0,0,0,0,0,0,1,,,,,0,0,0,0,0,0,,Urban,SOUTH CENTRAL NORTHEAST,106190150,106190150
106190155,CENTURY CITY DOCTORS HOSPITAL,,,,,,,,,,,,No,47,26,30,,,,,Los Angeles,,,,,,,,,,,,,,,,,,,,,,,,,,,,,,,,,,,,,,,,,,,,,,,,,,,,,,,,,,,,,,,,,,,,,,,,,,,,,,,,,,,,,,,,,,,,,,,,,,,,,,,,,,,,,,,Basic,Basic,,,,,,,,,,,,,,,,,,,,,,,,,,,,,,,Non-Respondent,,,,,,,,,,,,,,,,,,NEITHER,,,,,,,,,,,,,,,,,,,,,,,,,,,,,,,,,,,,,,,,,No,,,1,0,0,0,0,0,0,0,0,0,0,0,0,0,0,0,1,,,,,,,,,,,,Urban,CENTURY CITY/CHEVIOT HILLS/RANCHO PARK/WEST LOS ANGELES/WESTWOOD,106190155,106190155
106190159,TRI-CITY REGIONAL MEDICAL CENTER,21530 SOUTH PIONEER BOULEVARD,HAWAIIAN GARDENS,90716,562-860-0401-3175,Yes,01/01/2011,12/31/2011,Open,01/28/1972,01/28/1972,,NO,56,27,39,6037555102,78.2n,East,11 - Los Angeles,Los Angeles,930000030,Parent Facility,-118.08169,33.83352,General Acute Care,Non-Profit Corporation (incl. Church-related),General Medical / Surgical,89,32485,3167,13053,0,0,0,0,0,0,0,0,13,4745,156,482,2276,5,1825,0,0,0,0,0,0,0,0,0,0,0,0,0,0,0,0,0,0,0,0,0,0,107,39055,3323,15329,0,0,0,0,0,0,0,0,0,0,0,,0,0,0,0,0,0,0,0,0,107,39055,3323,15329,0,0,0,0,0,0,0,0,0,0,0,0,0,0,0,0,0,0,0,0,0,0,0,0,0,0,0,0,,,,,,Basic,Basic,624,1,3781,24,1678,67,502,1779,111,177,6696,2048,8744,8,0,159,Yes,11,2,0,2,0,1,0,0,0,4,11,0,31,Respondent,1654,137630,2004,65648,0,0,6,6,Yes,0,0,0,,,,0,0,NEITHER,0,0,0,0,0,0,0,0,0,0,0,0,0,0,0,0,0,0,0,0,0,0,0,0,0,0,0,0,0,0,0,0,0,0,0,0,0,0,0,,No,100 - 149,Non-Profit Corporation (i,1,0,0,0,0,0,0,0,0,0,0,0,0,0,0,0,1,,,,,8744,625,3805,1745,2281,288,,Urban,CERRITOS/HAWAIIAN GARDENS,106190159,106190159
106190163,AURORA CHARTER OAK,1161 EAST COVINA BOULEVARD,COVINA,91724,686-966-1632,Yes,01/01/2011,12/31/2011,Open,01/01/1946,01/01/1946,,NO,57,24,32,6037403801,78.2qq,San Gabriel Valley,11 - Los Angeles,Los Angeles,930000031,Parent Facility,-117.86618,34.09951,Acute Psychiatric,Investor - Limited Liability Company,Psychiatric,0,0,0,0,0,0,0,0,0,0,0,0,0,0,0,0,0,0,0,0,0,0,0,0,0,0,0,0,0,0,0,0,0,0,0,0,0,0,0,0,0,0,0,0,0,0,0,0,0,95,34675,5114,32228,0,0,0,0,0,0,0,0,0,0,0,0,0,95,34675,5114,32228,0,0,0,0,0,0,0,0,0,0,84,0,84,12,67,5,84,16,6,7,0,12,40,1,0,1,1,84,Yes,,,,,0,0,0,0,0,0,0,0,0,0,0,0,0,0,0,0,0,0,,0,0,0,0,0,0,0,0,0,0,0,0,0,Respondent,0,0,0,0,0,0,0,0,,0,0,0,,,,0,0,NEITHER,0,0,0,0,0,0,0,0,0,0,0,0,0,0,0,0,0,0,0,0,0,0,0,0,0,0,0,0,0,0,0,0,0,0,0,0,0,0,0,,No,50 - 99,Investor,0,0,0,1,0,0,0,0,0,0,0,0,0,0,0,0,1,,,,,0,0,0,0,0,0,,Urban,ASUZA/CHARTER OAK/COVINA,106190163,106190163
106190170,CHILDRENS HOSPITAL OF LOS ANGELES,4650 SUNSET BOULEVARD,LOS ANGELES,90027,323-660-2450,Yes,01/01/2011,12/31/2011,Open,01/01/1946,01/01/1946,Level I - Pediatric,NO,45,26,31,6037191300,78.2g,Metro,11 - Los Angeles,Los Angeles,930000032,Parent Facility,-118.29069,34.09805,General Acute Care,Non-Profit Corporation (incl. Church-related),Pediatric,26,9490,0,0,0,0,0,0,343,88356,10423,54781,108,27826,1042,1577,17702,0,0,0,0,0,0,0,0,0,0,0,0,0,0,0,98,24924,236,238,11566,28,10220,164,4805,603,160816,11865,88854,0,0,0,0,0,0,0,0,0,0,0,,0,0,0,0,0,0,0,0,0,603,160816,11865,88854,0,0,0,0,0,0,0,0,0,0,0,0,0,0,0,0,0,0,0,0,0,0,0,0,0,0,0,0,,,,,,Basic,Basic,24562,41,23486,174,7099,470,1616,1125,476,1432,57239,3242,60481,39,24603,1088,Yes,0,0,0,4,0,0,10,0,0,0,0,0,14,Respondent,6337,939794,8566,603886,4,3,8,15,Yes,0,0,0,,,,0,0,CV SURG,2,609,190,7,20,616,210,0,2,116,59,191,241,0,0,1,5,308,305,1820,55,4,5,5,6,2,1,0,0,20,361,125,37,22,0,0,0,93,2556,Yes,No,500+,Non-Profit Corporation (i,1,0,0,0,0,0,0,0,0,1,1,0,0,0,1,1,0,60481,,,,,24603,23660,7569,2741,1908,,Urban,HOLLYWOOD SOUTH CENTRAL/INNER SUNSET,106190170,106190170
106190176,CITY OF HOPE HELFORD CLINICAL RESEARCH HOSPITAL,1500 EAST DUARTE ROAD,DUARTE,91010,626-256-4673,Yes,01/01/2011,12/31/2011,Open,03/08/1946,03/08/1946,,NO,44,24,32,6037430102,78.2zzz,San Gabriel Valley,11 - Los Angeles,Los Angeles,930000033,Parent Facility,-117.97152,34.13216,General Acute Care,Non-Profit Corporation (incl. Church-related),Other,181,66065,4612,44401,0,0,0,0,18,6570,310,5169,18,6570,962,0,4273,0,0,0,0,0,0,0,0,0,0,0,0,0,0,0,0,0,0,0,0,0,0,0,0,217,79205,5884,53843,0,0,0,0,0,0,0,0,0,0,0,,0,0,0,0,0,0,0,0,0,217,79205,5884,53843,0,0,0,0,0,0,0,0,0,0,0,0,0,0,0,0,0,0,0,0,0,0,0,0,0,0,0,0,,,,,,0,0,0,0,0,0,0,0,0,0,0,0,0,0,0,0,0,0,,0,0,0,0,0,0,0,0,0,0,0,0,0,Respondent,3698,656733,3823,232861,0,0,8,8,Yes,0,0,0,,,,0,0,NEITHER,0,0,0,0,0,0,0,0,0,0,0,0,0,0,0,0,0,0,0,0,0,0,0,0,0,0,0,0,0,0,0,0,0,0,0,0,0,0,0,Yes,No,200 - 299,Non-Profit Corporation (i,0,0,0,1,0,0,0,0,0,0,0,0,0,0,0,0,1,,,,,0,0,0,0,0,0,,Urban,BALDWIN PARK/IRWINDALE,106190176,106190176
106190184,COLLEGE HOSPITAL,10802 COLLEGE PLACE,CERRITOS,90701,562-924-9581,Yes,01/01/2011,12/31/2011,Open,04/14/1974,04/14/1974,,NO,56,27,39,6037554521,78.2n,East,11 - Los Angeles,Los Angeles,930000036,Parent Facility,-118.1028,33.88489,Acute Psychiatric,Investor - Corporation,Psychiatric,0,0,0,0,0,0,0,0,0,0,0,0,0,0,0,0,0,0,0,0,0,0,0,0,0,0,0,0,0,0,0,0,0,0,0,0,0,0,0,0,0,0,0,0,0,0,0,0,0,157,57305,6047,50461,0,0,0,,0,0,0,0,0,0,0,0,0,157,57305,6047,50461,0,0,0,0,0,0,0,0,0,0,126,0,126,18,108,0,126,26,0,4,0,3,0,91,0,1,1,126,Yes,,,,,0,0,0,0,0,0,0,0,0,0,0,0,0,0,0,0,0,0,,0,0,0,0,0,0,0,0,0,0,0,0,0,Respondent,0,0,0,0,0,0,0,0,,0,0,0,,,,0,0,NEITHER,0,0,0,0,0,0,0,0,0,0,0,0,0,0,0,0,0,0,0,0,0,0,0,0,0,0,0,0,0,0,0,0,0,0,0,0,0,0,0,,No,150 - 199,Investor,0,0,0,1,0,0,0,0,0,0,0,0,0,0,0,0,1,,,,,0,0,0,0,0,0,,Urban,CERRITOS/HAWAIIAN GARDENS,106190184,106190184
106190196,KINDRED HOSPITAL SOUTH BAY,1246 WEST 155TH STREET,GARDENA,90247,310-323-5330,Yes,01/01/2011,12/31/2011,Open,07/17/1957,07/17/1957,,NO,51,25,35,6037603101,78.2iiii,South Bay,11 - Los Angeles,Los Angeles,930000037,Parent Facility,-118.29701,33.89042,General Acute Care,Investor - Limited Liability Company,Other,80,29200,1049,26258,0,0,0,0,0,0,0,0,4,1460,50,75,1417,0,0,0,0,0,0,0,0,0,0,0,0,0,0,0,0,0,0,0,0,0,0,0,0,84,30660,1099,27675,0,0,0,0,0,0,0,0,0,0,0,,0,0,0,0,0,0,0,0,0,84,30660,1099,27675,0,0,0,0,0,0,0,0,0,0,0,0,0,0,0,0,0,0,0,0,0,0,0,0,0,0,0,0,,,,,,0,0,0,0,0,0,0,0,0,0,0,0,0,0,0,0,0,0,,0,0,0,0,0,0,0,0,0,0,0,0,0,Respondent,177,7824,104,4251,0,0,2,2,,0,0,0,,,,0,0,NEITHER,0,0,0,0,0,0,0,0,0,0,0,0,0,0,0,0,0,0,0,0,0,0,0,0,0,0,0,0,0,0,0,0,0,0,0,0,0,0,0,,No,50 - 99,Investor,0,0,0,1,0,0,0,0,0,0,0,0,0,0,0,0,1,,,,,0,0,0,0,0,0,,Urban,GARDENA SOUTHEAST/HARBOR GATEWAY CENTRAL/LAWNDALE SOUTH/MONETA/REDONDO BEACH NORTH/TORRANCE NORTH,106190196,106190196
106190197,COMMUNITY HOSPITAL OF HUNTINGTON PARK,2623 EAST SLAUSON AVENUE,HUNTINGTON PARK,90255,323-583-1931,Yes,01/01/2011,12/31/2011,Open,12/31/1957,12/31/1957,,NO,46,30,34,6037532605,78.2ccc,East,11 - Los Angeles,Los Angeles,930000038,Parent Facility,-118.22466,33.98929,General Acute Care,Investor - Corporation,General Medical / Surgical,77,28105,3931,9140,0,0,0,0,0,0,438,1464,4,1460,39,221,753,0,0,0,0,0,0,0,0,0,0,0,0,0,0,0,0,0,0,0,0,0,0,0,0,81,29565,4408,11357,0,0,0,0,0,0,0,0,0,0,0,0,0,0,0,0,0,0,0,0,0,81,29565,4408,11357,0,0,0,0,0,0,0,0,0,0,0,0,0,0,0,0,0,0,0,0,0,0,0,0,0,0,0,0,,,,,,Standby,Standby,1107,0,8153,0,10611,0,6369,0,1432,0,27672,3322,30994,5,0,1186,,0,0,0,0,0,0,0,0,0,0,0,0,0,Respondent,826,56962,926,54781,0,0,2,2,Yes,0,0,0,,,,0,0,NEITHER,0,0,0,0,0,0,0,0,0,0,0,0,0,0,0,0,0,0,0,0,0,0,0,0,0,0,0,0,0,0,0,0,0,0,0,0,0,0,0,,No,50 - 99,Investor,0,0,1,0,0,0,0,0,0,0,0,0,0,0,0,0,1,,,,,30994,1107,8153,10611,6369,1432,3322,Urban,HUNTINGTON PARK/SOUTH GATE WEST/WALNUT PARK,106190197,106190197
106190198,LOS ANGELES COMMUNITY HOSPITAL,4081 EAST OLYMPIC BOULEVARD,LOS ANGELES,90023,323-267-0477,Yes,01/01/2011,12/31/2011,Open,10/24/1957,10/24/1957,,NO,58,30,34,6037531302,78.2d,East,11 - Los Angeles,Los Angeles,930000039,Parent Facility,-118.1875,34.01897,General Acute Care,Investor - Limited Liability Company,General Medical / Surgical,57,20805,4289,21724,16,5840,192,532,12,4380,759,2313,6,2190,82,250,2097,0,0,0,0,0,0,0,0,0,0,0,0,0,0,0,0,0,0,0,0,0,0,0,0,91,33215,5322,26666,0,0,0,0,0,0,0,0,39,14235,166,,11526,0,0,0,0,0,0,0,0,130,47450,5488,38192,0,0,0,0,0,0,16,182,494,0,0,0,0,0,0,0,0,0,0,0,0,0,0,0,0,0,0,0,,,,,,Standby,Standby,61,2,946,25,3609,3368,347,383,5,1,4968,3779,8747,3,0,145,,0,0,0,0,0,0,0,0,0,0,0,0,0,Respondent,1048,69887,299,14787,0,0,3,3,,181,4,1,,,,0,112,NEITHER,0,0,0,0,0,0,0,0,0,0,0,0,0,0,0,0,0,0,0,0,0,0,0,0,0,0,0,0,0,0,0,0,0,0,0,0,0,0,0,,No,100 - 149,Investor,0,0,1,0,0,0,0,0,0,0,0,0,0,0,0,0,1,,,,,8747,63,971,6977,730,6,,Urban,CITY TERRACE EAST/EAST LOS ANGELES,106190198,106190198
106190200,SAN GABRIEL VALLEY MEDICAL CENTER,438 W. LAS TUNAS DRIVE,SAN GABRIEL,91776,626-289-5454-6610,Yes,01/01/2011,12/31/2011,Open,08/17/1960,08/17/1960,,NO,49,21,29,6037481101,78.2eeee,San Gabriel Valley,11 - Los Angeles,Los Angeles,930000041,Parent Facility,-118.10503,34.1024,General Acute Care,Investor - Limited Liability Company,General Medical / Surgical,130,47450,5693,25786,29,10585,2347,6976,0,0,0,0,19,6935,347,741,4596,0,0,0,0,0,0,0,0,0,0,0,0,0,0,0,12,4380,169,0,1902,0,0,0,0,190,69350,8556,39260,0,0,0,0,38,13870,137,2612,41,14965,279,,10549,0,0,0,0,0,0,0,0,269,98185,8972,52421,0,0,0,0,0,0,22,1973,4890,0,28,0,28,0,3,25,28,25,3,0,0,0,0,0,0,0,0,28,,,,,,Basic,Basic,392,0,4168,1,9774,16,4523,1619,549,3830,19406,5466,24872,12,0,130,Yes,17,22,49,13,31,16,8,10,24,14,15,16,235,Respondent,2928,117296,4348,163576,0,0,6,6,Yes,2144,132,23,,,,0,885,NEITHER,0,0,0,0,0,0,0,0,0,0,0,0,0,0,0,0,0,0,0,0,0,0,0,0,0,0,0,0,0,0,0,0,0,0,0,0,0,0,0,,No,200 - 299,Investor,1,0,0,0,0,0,0,0,0,0,0,0,0,0,0,0,1,,,,,24872,392,4169,9790,6142,4379,,Urban,ALHAMBRA/EL SERENO SOUTH/SAN GABRIEL CENTRAL,106190200,106190200
106190232,DEL AMO HOSPITAL,23700 CAMINO DEL SOL,TORRANCE,90505,310-530-1151,Yes,01/01/2011,12/31/2011,Open,10/25/1972,10/25/1972,,NO,53,28,36,6037651101,78.2aaaa,South Bay,11 - Los Angeles,Los Angeles,930000045,Parent Facility,-118.34495,33.81031,Acute Psychiatric,Investor - Corporation,Psychiatric,0,0,0,0,0,0,0,0,0,0,0,0,0,0,0,0,0,0,0,0,0,0,0,0,0,0,0,0,0,0,0,0,0,0,0,0,0,0,0,0,0,0,0,0,0,0,0,0,0,166,60590,5930,41979,0,0,0,,0,0,0,0,0,0,0,0,0,166,60590,5930,41979,0,0,0,19,254,1473,0,0,0,0,77,0,77,25,52,0,77,29,0,18,0,0,0,30,0,0,0,77,,,,,,0,0,0,0,0,0,0,0,0,0,0,0,0,0,0,0,0,0,,0,0,0,0,0,0,0,0,0,0,0,0,0,Respondent,0,0,0,0,0,0,0,0,,0,0,0,,,,0,0,NEITHER,0,0,0,0,0,0,0,0,0,0,0,0,0,0,0,0,0,0,0,0,0,0,0,0,0,0,0,0,0,0,0,0,0,0,0,0,0,0,0,,No,150 - 199,Investor,0,0,0,1,0,0,0,0,0,0,0,0,0,0,0,0,1,,,,,0,0,0,0,0,0,,Urban,HARBOR GATEWAY SOUTH/LOMITA/TORRANCE EAST CENTRAL,106190232,106190232
106190240,LAKEWOOD REGIONAL MEDICAL CENTER,3700 EAST SOUTH STREET,LAKEWOOD,90712,562-531-2550,Yes,01/01/2011,12/31/2011,Open,05/17/1972,05/17/1972,,NO,55,27,39,6037570701,78.2n,South Bay,11 - Los Angeles,Los Angeles,930000046,Parent Facility,-118.14837,33.86016,General Acute Care,Investor - Corporation,General Medical / Surgical,122,44530,7354,28815,0,0,0,0,0,0,0,0,8,2920,472,1141,5406,23,8395,218,685,2752,0,0,0,0,0,0,0,0,0,0,0,0,0,0,0,19,6935,0,0,172,62780,8044,36973,0,0,0,0,0,0,0,0,0,0,0,0,0,0,0,0,0,0,0,0,0,172,62780,8044,36973,0,0,0,0,0,0,0,0,0,0,0,0,0,0,0,0,0,0,0,0,0,0,0,0,0,0,0,0,,,,,,Basic,Basic,3246,5,3727,202,13306,9,11388,682,4721,5036,36388,5934,42322,14,0,1409,Yes,216,155,153,116,104,101,112,102,107,104,77,103,1450,Respondent,1594,187725,2081,166995,1,0,6,7,,0,0,0,,,,0,0,CV SURG,1,0,0,152,12,152,12,101,3,0,0,0,0,526,156,519,365,1045,521,923,0,85,46,65,30,320,41,2,2,0,47,42,211,148,0,35,0,126,2123,,No,150 - 199,Investor,1,0,0,0,0,0,0,0,0,0,0,0,0,0,0,0,1,,,,,42322,3251,3929,13315,12070,9757,,Urban,CERRITOS/HAWAIIAN GARDENS,106190240,106190240
106190243,DOWNEY REGIONAL MEDICAL CENTER,11500 BROOKSHIRE AVENUE,DOWNEY,90241,562-904-5000,Yes,01/01/2011,12/31/2011,Open,09/18/1969,09/18/1969,,NO,58,27,34,6037551300,78.2eee,East,11 - Los Angeles,Los Angeles,930000048,Parent Facility,-118.1319,33.93517,General Acute Care,Non-Profit Corporation (incl. Church-related),General Medical / Surgical,147,53655,10005,33524,20,7300,1369,2729,7,2555,0,0,8,2920,152,667,2288,10,3650,193,794,2832,0,0,0,0,0,0,0,0,0,0,7,2555,237,48,1178,0,0,0,0,199,72635,11956,42551,0,0,0,0,0,0,0,0,0,0,0,0,0,0,0,0,0,0,0,0,0,199,72635,11956,42551,0,0,0,0,0,0,17,1077,1915,0,0,0,0,0,0,0,0,0,0,0,0,0,0,0,0,0,0,0,,,,,,Basic,Basic,1354,0,8223,3,12660,18,12526,463,7273,7641,42036,8125,50161,22,0,0,Yes,350,357,245,214,180,128,135,94,122,167,139,177,2308,Respondent,2007,212702,2187,147409,3,3,5,11,Yes,1279,76,6,,,,0,381,CV SURG,1,0,0,34,21,34,21,34,1,0,0,0,0,380,171,224,38,604,209,601,0,91,2,7,21,197,12,1,1,0,0,0,106,0,0,13,13,0,1065,Yes,No,150 - 199,Non-Profit Corporation (i,1,0,0,0,0,0,0,0,0,0,0,0,0,0,0,0,1,,,,,50161,1354,8226,12678,12989,14914,,Urban,DOWNEY NORTHEAST,106190243,106190243
106190256,EAST LOS ANGELES DOCTORS HOSPITAL,4060 WHITTIER BOULEVARD,LOS ANGELES,90023,323-268-5514-4126,Yes,01/01/2011,12/31/2011,Open,08/15/1949,08/15/1949,,NO,58,30,34,6037531301,78.2d,East,11 - Los Angeles,Los Angeles,930000049,Parent Facility,-118.18377,34.02383,General Acute Care,Investor - Partnership,General Medical / Surgical,71,25915,2212,13048,14,5110,863,2163,7,2555,441,1436,4,1460,31,120,1190,6,2190,54,195,1466,0,0,0,0,0,0,0,0,0,0,0,0,0,0,0,0,0,0,0,102,37230,3601,19303,0,0,0,0,0,0,0,0,25,9125,39,3,8615,0,0,0,0,0,0,0,0,127,46355,3640,27918,0,0,0,0,0,0,14,854,2178,0,0,0,0,0,0,0,0,0,0,0,0,0,0,0,0,0,0,0,,,,,,Basic,Basic,1889,0,3732,0,4154,0,5496,0,2328,0,17599,2084,19683,8,0,386,Yes,7,7,2,3,0,0,1,0,1,4,2,1,28,Respondent,1035,46452,889,37058,0,0,3,3,Yes,854,10,2,Yes,,YES,3,447,NEITHER,0,0,0,0,0,0,0,0,0,0,0,0,0,0,0,0,0,0,0,0,0,0,0,0,0,0,0,0,0,0,0,0,0,0,0,0,0,0,0,,No,100 - 149,Investor,1,0,0,0,0,0,0,0,0,0,0,0,0,0,0,0,1,,,,,19683,1889,3732,4154,5496,2328,2084,Urban,CITY TERRACE EAST/EAST LOS ANGELES,106190256,106190256
106190280,ENCINO HOSPITAL MEDICAL CENTER,16237 VENTURA BOULEVARD,ENCINO,91436,818-995-5000-5002,Yes,01/01/2011,12/31/2011,Open,11/08/1954,11/08/1954,,NO,41,23,28,6037139701,78.2yy,San Fernando Valley,11 - Los Angeles,Los Angeles,930000051,Parent Facility,-118.48662,34.15686,General Acute Care,Non-Profit Corporation (incl. Church-related),General Medical / Surgical,62,22630,1936,4871,0,0,0,0,0,0,0,0,22,8030,20,81,760,0,0,0,0,0,0,0,0,0,0,0,0,0,0,0,0,0,0,0,0,25,9125,0,0,109,39785,1956,5631,0,0,0,0,13,4745,263,4016,28,10220,37,,10084,0,0,0,0,0,0,0,0,150,54750,2256,19731,0,0,0,0,0,0,0,0,0,0,12,0,12,0,0,12,12,12,0,0,0,0,0,0,0,0,0,12,Yes,,,,,Basic,Basic,1,0,618,0,3672,0,2603,0,558,0,7452,1744,9196,8,0,171,Yes,5,10,2,1,0,1,1,0,9,6,0,0,35,Respondent,369,24840,176,11760,0,0,7,7,Yes,0,0,0,,,,0,0,NEITHER,0,0,0,0,0,0,0,0,0,0,0,0,0,0,0,0,0,0,0,0,0,7,1,3,0,0,0,0,0,0,0,0,0,0,0,0,0,0,11,,No,150 - 199,Non-Profit Corporation (i,1,0,0,0,0,0,0,0,0,0,0,0,0,0,0,0,1,,,,,9196,1,618,3672,2603,558,1744,Urban,ENCINO/TARZANA/WARNER CENTER/WOODLAND HILLS,106190280,106190280
106190298,FOOTHILL PRESBYTERIAN HOSPITAL-JOHNSTON MEMORIAL,250 SOUTH GRAND AVENUE,GLENDORA,91741,626-983-8411,Yes,01/01/2011,12/31/2011,Open,03/26/1973,03/26/1973,,NO,59,29,26,6037401102,78.2qq,San Gabriel Valley,11 - Los Angeles,Los Angeles,930000052,Parent Facility,-117.87244,34.13384,General Acute Care,Non-Profit Corporation (incl. Church-related),General Medical / Surgical,74,27010,4059,13572,13,4745,974,2139,0,0,0,0,9,3285,505,658,4217,9,3285,0,0,0,0,0,0,0,0,0,0,0,0,0,0,0,0,0,0,0,0,0,0,105,38325,5538,19928,0,0,0,0,0,0,0,0,0,0,0,0,0,0,0,0,0,0,0,0,0,105,38325,5538,19928,0,0,0,0,0,0,8,938,1853,0,0,0,0,0,0,0,0,0,0,0,0,0,0,0,0,0,0,0,,,,,,Basic,Basic,539,0,1834,0,5950,0,9477,3,6086,3689,23886,3692,27578,23,0,557,Yes,7,19,20,22,7,7,6,8,13,6,5,7,127,Respondent,1506,130730,1638,99079,0,0,5,5,Yes,941,30,8,Yes,,YES,546,395,NEITHER,0,0,0,0,0,0,0,0,0,0,0,0,0,0,0,0,0,0,0,0,0,0,0,0,0,0,0,0,0,0,0,0,0,0,0,0,0,0,0,,No,100 - 149,Non-Profit Corporation (i,1,0,0,0,0,0,0,0,0,0,0,0,0,0,0,0,1,,,,,27578,539,1834,5950,9480,9775,,Urban,ASUZA/CHARTER OAK/COVINA,106190298,106190298
106190305,KINDRED HOSPITAL - LOS ANGELES,5525 WEST SLAUSON AVENUE,LOS ANGELES,90056,310-642-0325,Yes,01/01/2011,12/31/2011,Open,04/28/1958,04/28/1958,,NO,47,26,33,6037703002,78.2j,West,11 - Los Angeles,Los Angeles,930000053,Parent Facility,-118.37754,33.98907,General Acute Care,Investor - Corporation,General Medical / Surgical,76,27740,832,25645,0,0,0,0,0,0,0,0,5,1825,86,79,1724,0,0,0,0,0,0,0,0,0,0,0,0,0,0,0,0,0,0,0,0,0,0,0,0,81,29565,918,27369,0,0,0,0,0,0,0,0,0,0,0,0,0,0,0,0,0,0,0,0,0,81,29565,918,27369,0,0,0,0,0,0,0,0,0,0,0,0,0,0,0,0,0,0,0,0,0,0,0,0,0,0,0,0,,,,,,0,0,0,0,0,0,0,0,0,0,0,0,0,0,0,0,0,0,,0,0,0,0,0,0,0,0,0,0,0,0,0,Respondent,142,8885,0,0,2,0,0,2,,0,0,0,,,,0,0,NEITHER,0,0,0,0,0,0,0,0,0,0,0,0,0,0,0,0,0,0,0,0,0,0,0,0,0,0,0,0,0,0,0,0,0,0,0,0,0,0,0,,No,50 - 99,Investor,0,0,0,1,0,0,0,0,0,0,0,0,0,0,0,0,1,,,,,0,0,0,0,0,0,,Urban,BALDWIN HILLS/CULVER CITY SOUTH/FOX HILLS/LADERA HEIGHTS/MARINA DEL REY/VIEW PARK/WINDSOR HILLS,106190305,106190305
106190307,"PACIFIC ALLIANCE MEDICAL CENTER, INC.",531 WEST COLLEGE STREET,LOS ANGELES,90012,213-624-8411,Yes,01/01/2011,12/31/2011,Open,01/01/1946,01/01/1946,,NO,45,21,34,6037207100,78.2ffff,Metro,11 - Los Angeles,Los Angeles,930000054,Parent Facility,-118.23905,34.06464,General Acute Care,Investor - Partnership,General Medical / Surgical,100,36500,3793,13337,10,3650,2214,6164,0,0,0,0,9,3285,122,446,1528,0,0,0,0,0,0,0,0,0,0,0,0,0,0,0,0,0,0,0,0,23,8395,283,3587,142,51830,6412,24616,0,0,0,0,0,0,0,0,0,0,0,,0,0,0,0,0,0,0,0,0,142,51830,6412,24616,0,0,0,0,0,0,12,2124,5467,0,0,0,0,0,0,0,0,0,0,0,0,0,0,0,0,0,0,0,,,,,,0,0,0,0,0,0,0,0,0,0,0,0,0,0,0,0,0,0,,0,0,0,0,0,0,0,0,0,0,0,0,0,Respondent,1739,130770,1268,75700,2,0,4,6,Yes,2113,87,1,,,,0,766,NEITHER,0,0,0,0,0,0,0,0,0,0,0,0,0,0,0,0,0,0,0,0,0,0,0,0,0,0,0,0,0,0,0,0,0,0,0,0,0,0,0,,No,100 - 149,Investor,0,0,0,1,0,0,0,0,0,0,0,0,0,0,0,0,1,,,,,0,0,0,0,0,0,,Urban,BOYLE HEIGHTS NORTHWEST/CHINATOWN/DOWNTOWN NORTHWEST/LITTLE TOKYO/WESTLAKE,106190307,106190307
106190315,GARFIELD MEDICAL CENTER,525 NORTH GARFIELD AVENUE,MONTEREY PARK,91754,626-307-2000,Yes,01/01/2011,12/31/2011,Open,01/01/1946,01/01/1946,,NO,49,24,29,6037481711,78.2qqq,San Gabriel Valley,11 - Los Angeles,Los Angeles,930000057,Parent Facility,-118.12302,34.06826,General Acute Care,Investor - Partnership,General Medical / Surgical,106,38690,7327,31330,34,12410,3544,9279,0,0,0,0,14,5110,281,860,4158,8,2920,152,530,2267,0,0,0,0,0,0,0,0,0,0,20,7300,276,69,4049,28,10220,516,7647,210,76650,12096,58730,0,0,0,0,0,0,0,0,0,0,0,,0,0,0,0,0,0,0,0,0,210,76650,12096,58730,0,0,0,0,0,0,26,3231,7197,0,0,0,0,0,0,0,0,0,0,0,0,0,0,0,0,0,0,0,,,,,,Basic,Basic,585,3,4310,18,6070,321,4738,729,1354,4463,17057,5534,22591,21,0,737,Yes,113,204,300,49,55,31,40,44,23,36,55,91,1041,Respondent,2031,322964,2600,227726,0,0,7,7,Yes,3406,199,47,,,,0,1403,CV SURG,1,0,0,179,3,179,3,120,2,0,0,0,0,550,266,763,202,1313,468,1313,0,104,52,0,1,422,43,1,0,0,0,0,55,14,0,6,0,108,2119,,No,200 - 299,Investor,1,0,0,0,0,0,0,0,0,0,0,0,0,0,0,0,1,,,,,22591,588,4328,6391,5467,5817,,Urban,ROSEMEAD/SAN GABRIEL SOUTH/SOUTH EL MONTE WEST/TEMPLE CITY WEST,106190315,106190315
106190317,GATEWAYS HOSPITAL AND MENTAL HEALTH CENTER,1891 EFFIE STREET,LOS ANGELES,90026,323-644-2000-274,Yes,01/01/2011,12/31/2011,Open,07/02/1974,07/02/1974,,NO,45,22,31,6037197420,78.2a,Metro,11 - Los Angeles,Los Angeles,930000058,Parent Facility,-118.25646,34.08437,Acute Psychiatric,Non-Profit Corporation (incl. Church-related),Psychiatric,0,0,0,0,0,0,0,0,0,0,0,0,0,0,0,0,0,0,0,0,0,0,0,0,0,0,0,0,0,0,0,0,0,0,0,0,0,0,0,0,0,0,0,0,0,0,0,0,0,55,20075,1030,12624,0,0,0,,0,0,0,0,0,0,0,0,0,55,20075,1030,12624,0,0,0,0,0,0,0,0,0,0,32,0,32,8,24,0,32,0,0,0,0,0,0,0,32,0,0,32,Yes,,,,,0,0,0,0,0,0,0,0,0,0,0,0,0,0,0,0,0,0,,0,0,0,0,0,0,0,0,0,0,0,0,0,Respondent,0,0,0,0,0,0,0,0,,0,0,0,,,,0,0,NEITHER,0,0,0,0,0,0,0,0,0,0,0,0,0,0,0,0,0,0,0,0,0,0,0,0,0,0,0,0,0,0,0,0,0,0,0,0,0,0,0,,No,50 - 99,Non-Profit Corporation (i,0,0,0,1,0,0,0,0,0,0,0,0,0,0,0,0,1,,,,,0,0,0,0,0,0,,Urban,ECHO PARK/HOLLYWOOD NORTH CENTRAL/SILVERLAKE SOUTH,106190317,106190317
106190323,GLENDALE ADVENTIST MEDICAL CENTER - WILSON TERRACE,1509 EAST WILSON TERRACE,GLENDALE,91206,818-409-8000,Yes,01/01/2011,12/31/2011,Open,01/01/1946,01/01/1946,,NO,43,21,29,6037301000,78.2ee,San Fernando Valley,11 - Los Angeles,Los Angeles,930000059,Parent Facility,-118.23095,34.14948,General Acute Care,Non-Profit Corporation (incl. Church-related),General Medical / Surgical,253,92345,14017,63725,30,10950,2490,7226,0,0,0,0,22,8030,249,1296,5880,10,3650,160,560,2910,0,0,0,0,0,0,0,0,0,0,14,5110,166,9,3541,28,10220,568,7825,357,130305,17650,91107,0,0,0,0,60,21900,1722,19133,40,14600,0,,0,0,0,0,0,0,0,0,0,457,166805,19372,110240,0,0,0,0,0,0,22,2301,4805,0,19,32,51,0,40,11,51,37,4,3,0,0,3,2,0,1,1,51,,,,,,Basic,Basic,142,1,3695,2,10368,54,10837,1478,4213,11199,29255,12734,41989,36,338,570,Yes,111,163,93,48,50,7,32,15,23,22,11,40,615,Respondent,3286,487926,4730,307080,0,5,8,13,Yes,2486,152,21,,,,0,978,CV SURG,3,0,0,137,26,137,26,117,3,0,0,0,0,843,1163,749,164,1592,1327,2740,0,46,119,32,85,1395,0,0,105,0,107,49,30,951,17,34,0,5909,11619,,No,300 - 499,Non-Profit Corporation (i,1,0,0,0,0,0,0,0,0,0,0,0,0,0,0,0,1,,,,,41989,143,3697,10422,12315,15412,,Urban,ATWATER VILLAGE/GLENDALE CENTRAL/GLENDALE SOUTHWEST/GRIFFITH PARK,106190323,106190323
106190328,EAST VALLEY HOSPITAL MEDICAL CENTER,150 WEST ROUTE 66,GLENDORA,91740,626-852-5050,Yes,01/01/2011,12/31/2011,Open,06/12/1958,06/12/1958,,NO,59,29,26,6037401102,78.2qq,San Gabriel Valley,11 - Los Angeles,Los Angeles,930000060,Parent Facility,-117.86501,34.12859,General Acute Care,Investor - Partnership,General Medical / Surgical,67,24455,977,5262,30,10950,214,533,0,0,0,0,5,1825,108,115,1185,5,1825,11,13,132,0,0,0,0,0,0,0,0,0,0,0,0,0,0,0,0,0,0,0,107,39055,1310,7112,0,0,0,0,21,7665,540,5527,0,0,0,0,0,0,0,0,0,0,0,0,0,128,46720,1850,12639,0,0,0,0,0,0,0,212,477,0,18,0,18,0,7,11,18,16,2,0,0,0,0,0,0,0,0,18,,,,,,Basic,Basic,66,8,1780,111,690,449,293,341,166,464,2995,1373,4368,7,242,42,Yes,2,5,0,0,25,0,1,0,0,1,10,0,44,Respondent,420,21807,374,19537,0,0,4,4,,210,10,0,,,,0,120,NEITHER,0,0,0,0,0,0,0,0,0,0,0,0,0,0,0,0,0,0,0,0,0,0,0,0,0,0,0,0,0,0,0,0,0,0,0,0,0,0,0,,No,100 - 149,Investor,1,0,0,0,0,0,0,0,0,0,0,0,0,0,0,0,1,,,,,4368,74,1891,1139,634,630,,Urban,ASUZA/CHARTER OAK/COVINA,106190328,106190328
106190352,GREATER EL MONTE COMMUNITY HOSPITAL,1701 SANTA ANITA AVENUE,SOUTH EL MONTE,91733,626-579-7777,Yes,01/01/2011,12/31/2011,Open,07/01/1974,07/01/1974,,NO,49,30,32,6037433700,78.2yyy,San Gabriel Valley,11 - Los Angeles,Los Angeles,930000063,Parent Facility,-118.04257,34.04827,General Acute Care,Investor - Limited Liability Company,General Medical / Surgical,59,21535,2215,7510,19,6935,485,1154,16,5840,960,2523,5,1825,202,497,2014,5,1825,202,497,2014,0,0,0,0,0,0,0,0,0,0,0,0,0,0,0,0,0,0,0,104,37960,4064,15215,0,0,0,0,0,0,0,0,13,4745,9,,4277,0,0,0,0,0,0,0,0,117,42705,4073,19492,0,0,0,0,0,0,14,442,981,0,0,0,0,0,0,0,0,0,0,0,0,0,0,0,0,0,0,0,,,,,,Basic,Basic,999,102,1142,12,7507,108,3350,451,2713,1780,15711,2453,18164,9,0,209,Yes,29,79,71,13,37,10,6,6,15,25,24,56,371,Respondent,621,50184,473,26296,1,0,0,1,,460,26,4,,,,0,180,NEITHER,0,0,0,0,0,0,0,0,0,0,0,0,0,0,0,0,0,0,0,0,0,0,0,0,0,0,0,0,0,0,0,0,0,0,0,0,0,0,0,,No,100 - 149,Investor,1,0,0,0,0,0,0,0,0,0,0,0,0,0,0,0,1,,,,,18164,1101,1154,7615,3801,4493,,Urban,BASSETT/INDUSTRY WEST/LA PUENTE,106190352,106190352
106190380,HOLLYWOOD COMMUNITY HOSPITAL OF HOLLYWOOD,6245 DE LONGPRE AVENUE,HOLLYWOOD,90028,323-462-2771,Yes,01/01/2011,12/31/2011,Open,02/08/1963,02/08/1963,,NO,45,26,31,6037190800,78.2g,Metro,11 - Los Angeles,Los Angeles,930000066,Parent Facility,-118.32501,34.09628,General Acute Care,Investor - Limited Liability Company,General Medical / Surgical,92,33580,3487,19382,0,0,0,0,0,0,0,0,5,1825,85,274,1263,3,1095,52,99,601,0,0,0,0,0,0,0,0,0,0,0,0,0,0,0,0,0,0,0,100,36500,3624,21246,0,0,0,0,0,0,0,0,0,0,0,,0,0,0,0,0,0,0,0,0,100,36500,3624,21246,0,0,0,0,0,0,0,0,0,0,0,0,0,0,0,0,0,0,0,0,0,0,0,0,0,0,0,0,,,,,,0,0,0,0,0,0,0,0,0,0,0,0,0,0,0,0,0,0,,0,0,0,0,0,0,0,0,0,0,0,0,0,Respondent,432,26982,59,2189,0,0,3,3,,0,0,0,,,,0,0,NEITHER,0,0,0,0,0,0,0,0,0,0,0,0,0,0,0,0,0,0,0,0,0,0,0,0,0,0,0,0,0,0,0,0,0,0,0,0,0,0,0,,No,100 - 149,Investor,0,0,0,1,0,0,0,0,0,0,0,0,0,0,0,0,1,,,,,0,0,0,0,0,0,,Urban,HOLLYWOOD SOUTH CENTRAL/INNER SUNSET,106190380,106190380
106190382,HOLLYWOOD PRESBYTERIAN MEDICAL CENTER,1300 NORTH VERMONT AVENUE,LOS ANGELES,90027,213-413-3000-5805,Yes,01/01/2011,12/31/2011,Open,01/01/1946,01/01/1946,,NO,45,26,31,6037191300,78.2g,Metro,11 - Los Angeles,Los Angeles,930000067,Parent Facility,-118.29163,34.09557,General Acute Care,Investor - Corporation,General Medical / Surgical,221,80665,8354,33351,34,12410,4701,12885,11,4015,777,2183,28,10220,370,2887,5150,8,2920,148,830,1935,0,0,0,0,0,0,0,0,0,0,15,5475,311,787,5017,28,10220,458,5660,345,125925,15119,66181,0,0,0,0,0,0,0,0,89,32485,365,0,28002,0,0,0,0,0,0,0,0,434,158410,15484,94183,0,0,0,0,0,0,34,3278,7855,0,0,0,0,0,0,0,0,0,0,0,0,0,0,0,0,0,0,0,,,,,,Basic,Basic,3916,12,7610,32,5139,97,1016,349,14128,6409,31809,6899,38708,20,0,1563,Yes,0,3,3,1,5,0,0,1,0,1,0,1,15,Respondent,2089,186234,2027,149370,0,0,9,9,Yes,4091,290,59,,,,0,1646,CV SURG,1,0,0,23,7,23,7,2,1,0,0,0,0,295,142,57,29,352,171,352,0,63,0,6,2,120,51,0,0,0,0,0,4,2,0,12,0,0,612,,No,300 - 499,Investor,1,0,0,0,0,0,0,0,0,0,0,0,0,0,0,0,1,,,,,38708,3928,7642,5236,1365,20537,,Urban,HOLLYWOOD SOUTH CENTRAL/INNER SUNSET,106190382,106190382
106190385,PROVIDENCE HOLY CROSS MEDICAL CENTER,15031 RINALDI STREET,MISSION HILLS,91345,818-365-8051,Yes,01/01/2011,12/31/2011,Open,06/21/1961,06/21/1961,Level II,NO,39,20,27,6037106606,78.2hh,San Fernando Valley,11 - Los Angeles,Los Angeles,930000404,Parent Facility,-118.45951,34.2791,General Acute Care,Non-Profit Corporation (incl. Church-related),General Medical / Surgical,245,71185,9402,52364,35,8743,2758,5969,0,0,0,0,12,4380,561,1476,8375,12,4380,0,0,0,0,0,0,0,0,0,0,0,0,0,12,3036,217,324,1802,13,4745,201,2757,329,96469,13139,71267,0,0,0,0,0,0,0,0,48,17520,37,0,16440,0,0,0,0,0,0,0,0,377,113989,13176,87707,0,0,0,0,0,0,24,2664,5482,0,0,0,0,0,0,0,0,0,0,0,0,0,0,0,0,0,0,0,,,,,,Basic,Basic,566,2,9008,3,27379,47,20483,969,7785,8471,65221,9492,74713,24,0,0,Yes,326,275,280,272,302,222,43,29,18,25,17,34,1843,Respondent,4313,612660,1849,187455,0,0,8,8,Yes,2642,125,15,,,,0,878,CV SURG,1,0,0,53,41,53,41,53,2,0,0,0,0,279,88,222,1,501,89,984,0,47,15,28,10,435,45,1,0,0,19,9,359,140,0,19,0,4,2115,Yes,No,300 - 499,Non-Profit Corporation (i,1,0,0,0,1,0,1,0,0,0,0,0,0,0,1,1,0,,74713,,,,568,9011,27426,21452,16256,,Urban,GRANADA HILLS/MISSION HILLS/PORTER RANCH,106190385,106190385
106190392,GOOD SAMARITAN HOSPITAL-LOS ANGELES,1225 WILSHIRE BOULEVARD,LOS ANGELES,90017,213-977-2121,Yes,01/01/2011,12/31/2011,Open,01/01/1946,01/01/1946,,NO,46,22,34,6037209102,78.2ffff,Metro,11 - Los Angeles,Los Angeles,930000071,Parent Facility,-118.26522,34.05324,General Acute Care,Non-Profit Corporation (incl. Church-related),General Medical / Surgical,235,85775,9531,40614,31,11315,4048,9509,0,0,0,0,58,21170,795,2345,8686,10,3650,0,0,0,0,0,0,0,0,0,0,0,0,0,23,8395,565,109,8116,23,8395,108,1148,380,138700,15047,68073,0,0,0,0,0,0,0,0,28,10220,246,2,2295,0,0,0,0,0,0,0,0,408,148920,15293,70368,0,0,0,0,0,0,10,4033,9243,0,0,0,0,0,0,0,0,0,0,0,0,0,0,0,0,0,0,0,,,,,,Basic,Basic,2260,8,4222,5,7851,13,9786,187,1402,5941,25521,6154,31675,12,0,2827,Yes,164,113,101,98,106,34,32,43,54,79,50,126,1000,Respondent,3313,524503,4940,281599,0,3,15,18,Yes,4574,265,46,,,,0,1413,CV SURG,2,0,0,97,61,97,61,121,4,0,0,0,0,1165,1142,325,184,1490,1326,1074,2,143,60,66,66,443,78,26,3,22,392,387,1734,663,25,54,15,312,5565,Yes,No,300 - 499,Non-Profit Corporation (i,1,0,0,0,0,0,0,0,0,0,0,0,0,0,0,0,1,,,,,31675,2268,4227,7864,9973,7343,,Urban,BOYLE HEIGHTS NORTHWEST/CHINATOWN/DOWNTOWN NORTHWEST/LITTLE TOKYO/WESTLAKE,106190392,106190392
106190400,HUNTINGTON MEMORIAL HOSPITAL,100 W. CALIFORNIA BOULEVARD,PASADENA,91105,626-397-5000-8798,Yes,01/01/2011,12/31/2011,Open,01/01/1946,01/01/1946,Level II,NO,44,21,29,6037463900,78.2mm,San Gabriel Valley,11 - Los Angeles,Los Angeles,930000372,Parent Facility,-118.1518,34.13565,General Acute Care,Non-Profit Corporation (incl. Church-related),General Medical / Surgical,390,144276,21191,82561,56,20440,3430,11094,25,9125,1267,5143,39,14235,243,1746,7345,0,0,0,0,0,0,0,0,0,0,0,0,0,0,0,51,18615,274,579,6813,24,8760,306,4750,585,215451,26711,117706,0,0,0,0,41,14965,1128,7927,0,0,0,0,0,0,0,0,0,0,0,0,0,626,230416,27839,125633,12,392,3122,0,0,0,48,3272,7907,0,9,15,24,0,21,3,24,8,0,4,0,0,0,9,0,0,3,24,,,,,,Basic,Basic,3906,2,5545,6,15128,45,16193,6961,1780,8847,42552,15861,58413,37,0,3463,Yes,167,158,118,76,47,55,52,49,71,56,47,75,971,Respondent,8445,1701168,4447,555492,0,0,16,16,,3272,220,39,,,,0,1358,CV SURG,2,0,0,142,14,142,14,72,3,0,0,0,0,451,697,222,343,673,1040,648,0,198,0,68,82,318,46,9,2,0,247,230,35,27,0,33,6,4,1953,,No,500+,Non-Profit Corporation (i,1,0,0,0,1,0,1,0,0,0,0,0,0,0,1,1,0,,58413,,,,3908,5551,15173,23154,10627,,Urban,PASADENA SOUTH/SAN MARINO/SOUTH PASADENA,106190400,106190400
106190410,SILVER LAKE MEDICAL CENTER-INGLESIDE CAMPUS,7500 EAST HELLMAN AVENUE,ROSEMEAD,91770,213-989-6100,Yes,01/01/2011,12/31/2011,Open,08/13/1996,01/01/1946,,NO,49,24,32,6037482303,78.2qqq,San Gabriel Valley,11 - Los Angeles,Los Angeles,930000137,Consolidated Facility,-118.10545,34.06978,General Acute Care,Investor - Corporation,Psychiatric,0,0,0,0,0,0,0,0,0,0,0,0,0,0,0,0,0,0,0,0,0,0,0,0,0,0,0,0,0,0,0,0,0,0,0,0,0,0,0,0,0,0,0,0,0,0,0,0,0,118,35822,2958,26027,0,0,0,0,0,0,0,0,0,0,0,0,0,118,35822,2958,26027,0,0,0,0,0,0,0,0,0,0,59,0,59,0,58,1,59,17,0,39,0,3,0,0,0,0,0,59,,,,,,0,0,0,0,0,0,0,0,0,0,0,0,0,0,0,0,0,0,,0,0,0,0,0,0,0,0,0,0,0,0,0,Respondent,0,0,0,0,0,0,0,0,,0,0,0,,,,0,0,NEITHER,0,0,0,0,0,0,0,0,0,0,0,0,0,0,0,0,0,0,0,0,0,0,0,0,0,0,0,0,0,0,0,0,0,0,0,0,0,0,0,,No,100 - 149,Investor,0,0,0,1,0,0,0,0,0,0,0,0,0,0,0,0,1,,,,,0,0,0,0,0,0,,Urban,ROSEMEAD/SAN GABRIEL SOUTH/SOUTH EL MONTE WEST/TEMPLE CITY WEST,106190410,106190410
106190413,CITRUS VALLEY MEDICAL CENTER - IC CAMPUS,210 W. SAN BERNARDINO ROAD,COVINA,91723,626-331-7331,Yes,01/01/2011,12/31/2011,Open,03/28/1946,03/28/1946,,NO,57,24,32,6037406101,78.2qq,San Gabriel Valley,11 - Los Angeles,Los Angeles,930000131,Consolidated Facility,-117.89264,34.08993,General Acute Care,Non-Profit Corporation (incl. Church-related),General Medical / Surgical,116,42340,6808,28841,0,0,0,0,0,0,0,0,8,2920,190,481,2312,14,5110,307,623,3160,0,0,0,0,0,0,0,0,0,0,0,0,0,0,0,0,0,0,0,138,50370,7305,34313,0,0,0,0,30,10950,1597,5838,25,9125,731,0,4247,0,0,0,0,0,0,0,0,193,70445,9633,44398,0,0,0,0,0,0,0,0,0,0,12,0,12,0,12,0,12,2,0,8,0,0,0,0,0,2,0,12,,,,,,Basic,Basic,778,1,1355,4,3832,3,5216,17,4606,6132,15787,6157,21944,12,0,719,Yes,41,50,12,13,8,2,4,9,6,4,8,16,173,Respondent,1634,244475,1735,142136,0,0,8,8,Yes,0,0,0,,,,0,0,CV SURG,2,0,0,138,7,138,7,107,2,0,0,0,0,541,195,722,259,1263,454,820,0,71,43,32,7,424,30,4,11,0,4,0,37,17,0,30,0,0,1530,Yes,No,150 - 199,Non-Profit Corporation (i,1,0,0,0,0,0,0,0,0,0,0,0,0,0,0,0,1,,,,,21944,779,1359,3835,5233,10738,,Urban,ASUZA/CHARTER OAK/COVINA,106190413,106190413
106190422,TORRANCE MEMORIAL MEDICAL CENTER,3330 WEST LOMITA BOULEVARD,TORRANCE,90505-5073,310-325-9110,Yes,01/01/2011,12/31/2011,Open,03/29/1971,03/29/1971,,NO,53,28,36,6037651101,78.2aaaa,South Bay,11 - Los Angeles,Los Angeles,930000076,Parent Facility,-118.34388,33.81258,General Acute Care,Non-Profit Corporation (incl. Church-related),General Medical / Surgical,250,91250,18432,63030,28,10220,3203,7522,20,7300,745,1954,24,8760,468,2067,7284,6,2190,87,382,1511,0,0,0,0,0,8,2920,219,61,1895,25,9125,281,259,5092,0,0,0,0,361,131765,23435,88288,0,0,0,0,0,0,0,0,40,14600,1530,0,12548,0,0,0,0,0,0,0,0,401,146365,24965,100836,0,0,0,0,0,0,28,3042,7656,0,0,0,0,0,0,0,0,0,0,0,0,0,0,0,0,0,0,0,,,,,,Basic,Basic,224,1,4677,3,22213,50,20104,228,1525,13391,48743,13673,62416,29,0,2464,,0,0,0,0,0,0,0,0,0,0,0,0,0,Respondent,6854,981321,11301,785914,0,0,20,20,Yes,3318,193,41,,,,0,0,CV SURG,2,0,0,186,2,186,2,64,3,0,0,0,0,683,687,1022,131,1705,818,1705,0,208,66,94,32,798,19,21,0,6,141,108,103,64,2,30,1,0,3398,Yes,No,300 - 499,Non-Profit Corporation (i,1,0,0,0,0,0,0,0,0,0,0,0,0,0,0,0,1,,,,,62416,225,4680,22263,20332,14916,,Urban,HARBOR GATEWAY SOUTH/LOMITA/TORRANCE EAST CENTRAL,106190422,106190422
106190429,KAISER FND HOSP - LOS ANGELES,4867 SUNSET BOULEVARD,LOS ANGELES,90027,323-783-4100-8100,Yes,01/01/2011,12/31/2011,Open,05/01/1953,05/01/1953,,YES,45,26,33,6037191201,78.2g,Metro,11 - Los Angeles,Los Angeles,930000077,Parent Facility,-118.29545,34.09823,General Acute Care,Non-Profit Corporation (incl. Church-related),General Medical / Surgical,176,64240,14962,62681,43,15695,3406,9100,32,11680,2666,8125,80,29200,1681,4823,23092,32,11680,1732,2423,10018,0,0,0,0,0,0,0,0,0,0,33,12045,405,271,7738,0,0,0,0,396,144540,24852,120754,0,0,0,0,0,0,0,0,0,0,0,0,0,0,0,0,0,0,0,0,0,396,144540,24852,120754,0,0,0,0,0,0,12,2108,3905,0,0,0,0,0,0,0,0,0,0,0,0,0,0,0,0,0,0,0,,,,,,Basic,Basic,903,163,9945,1,45803,3640,4973,5007,293,1373,61917,10184,72101,45,0,828,Yes,464,370,497,208,374,446,367,424,408,511,447,393,4909,Respondent,8866,1849876,10836,961966,4,7,15,26,Yes,2380,227,53,,,,0,0,CV SURG,4,4,0,1207,5,1211,5,496,6,10,8,108,127,457,364,3311,1490,3886,1989,6084,74,1,0,805,9,1694,176,19,0,18,157,654,3,1,0,75,0,629,10399,,No,300 - 499,Non-Profit Corporation (i,1,0,0,0,0,0,0,0,0,0,0,0,0,0,0,0,1,,,,,72101,1066,9946,49443,9980,1666,,Urban,HOLLYWOOD SOUTH CENTRAL/INNER SUNSET,106190429,106190429
106190431,KAISER FND HOSP - SOUTH BAY,25825 SOUTH VERMONT AVENUE,HARBOR CITY,90710,310-517-2745,Yes,01/01/2011,12/31/2011,Open,01/14/1959,01/14/1959,,NO,55,28,36,6037294420,78.2aaaa,South Bay,11 - Los Angeles,Los Angeles,930000079,Parent Facility,-118.29415,33.789,General Acute Care,Non-Profit Corporation (incl. Church-related),General Medical / Surgical,171,62415,11454,41016,34,12410,2243,5754,0,0,479,1003,10,3650,173,677,2563,10,3650,236,717,2966,0,0,0,0,0,0,0,0,0,0,10,3650,246,198,1370,0,0,0,0,235,85775,14831,54672,0,0,0,0,0,0,0,0,0,0,0,,0,0,0,0,0,0,0,0,0,235,85775,14831,54672,0,0,0,0,0,0,6,1738,3563,0,0,0,0,0,0,0,0,0,0,0,0,0,0,0,0,0,0,0,,,,,,Basic,Basic,591,2,14708,162,30201,10755,503,338,11,16,46014,11273,57287,37,15463,1789,Yes,5,33,10,2,7,14,0,3,5,2,16,16,113,Respondent,3747,512164,9751,727767,0,0,11,11,Yes,1982,103,14,,,,0,562,NEITHER,0,0,0,0,0,0,0,0,0,0,0,0,0,0,0,0,0,0,0,0,0,0,0,0,0,0,0,0,0,0,0,0,0,0,0,0,0,0,0,Yes,No,200 - 299,Non-Profit Corporation (i,1,0,0,0,0,0,0,0,0,0,0,0,0,0,0,0,1,,,,,57287,593,14870,40956,841,27,,Urban,HARBOR GATEWAY SOUTH/LOMITA/TORRANCE EAST CENTRAL,106190431,106190431
106190432,KAISER FND HOSP - PANORAMA CITY,13652 CANTARA STREET,PANORAMA CITY,91402,818-375-2347,Yes,01/01/2011,12/31/2011,Open,06/21/1963,06/21/1963,,NO,39,20,28,6037120400,78.2zz,San Fernando Valley,11 - Los Angeles,Los Angeles,930000080,Parent Facility,-118.43009,34.21975,General Acute Care,Non-Profit Corporation (incl. Church-related),General Medical / Surgical,128,46720,10242,31272,42,15330,2011,6079,0,0,0,0,24,8760,226,1812,3000,0,0,0,0,0,0,0,0,0,0,0,0,0,0,0,24,8760,209,84,3079,0,0,0,0,218,79570,12688,43430,0,0,0,0,0,0,0,0,0,0,0,0,0,0,0,0,0,0,0,0,0,218,79570,12688,43430,0,0,0,0,0,0,29,1744,3246,0,0,0,0,0,0,0,0,0,0,0,0,0,0,0,0,0,0,0,,,,,,Basic,Basic,377,29,1567,2,32697,1536,8516,3622,1340,2280,44497,7469,51966,34,0,829,Yes,221,205,206,147,232,175,170,106,137,107,87,119,1912,Respondent,2466,307741,8500,612259,0,0,10,10,Yes,1940,166,39,,,,0,557,NEITHER,0,0,0,0,0,0,0,0,0,0,0,0,0,0,0,0,0,0,0,0,0,0,0,0,0,0,0,0,0,0,0,0,0,0,0,0,0,0,0,,No,200 - 299,Non-Profit Corporation (i,1,0,0,0,0,0,0,0,0,0,0,0,0,0,0,0,1,,,,,51966,406,1569,34233,12138,3620,,Urban,NORTHRIDGE SOUTH/RESEDA NORTH,106190432,106190432
106190434,KAISER FND HOSP - WEST LA,6041 CADILLAC AVENUE,LOS ANGELES,90034,323-857-2000,Yes,01/01/2011,12/31/2011,Open,09/16/1974,09/16/1974,,NO,47,26,33,6037270300,78.2x,Metro,11 - Los Angeles,Los Angeles,930000081,Parent Facility,-118.37568,34.03793,General Acute Care,Non-Profit Corporation (incl. Church-related),General Medical / Surgical,227,82855,10546,35039,28,10220,1747,4191,0,0,0,0,33,12045,240,973,4091,0,0,0,0,0,0,0,0,0,0,0,0,0,0,0,17,6205,263,72,2319,0,0,0,0,305,111325,12796,45640,0,0,0,0,0,0,0,0,0,0,0,0,0,0,0,0,0,0,0,0,0,305,111325,12796,45640,0,0,0,0,0,0,17,1421,2725,0,0,0,0,0,0,0,0,0,0,0,0,0,0,0,0,0,0,0,,,,,,Basic,Basic,264,76,4099,2,47116,2052,5707,3477,671,1202,57857,6809,64666,38,0,2871,Yes,130,169,153,111,53,83,69,110,0,95,101,123,1197,Respondent,3654,513889,7347,647635,0,0,28,28,,1620,117,17,,,,0,406,NEITHER,0,0,0,0,0,0,0,0,0,0,0,0,0,0,0,0,0,0,0,0,0,0,0,0,0,0,0,0,0,0,0,0,0,0,0,0,0,0,0,,No,300 - 499,Non-Profit Corporation (i,1,0,0,0,0,0,0,0,0,0,0,0,0,0,0,0,1,,,,,64666,340,4101,49168,9184,1873,,Urban,HANCOCK PARK/MID-CITY WEST/PARK LA BREA,106190434,106190434
106190449,KINDRED HOSPITAL - LA MIRADA,14900 EAST IMPERIAL HIGHWAY,LA MIRADA,90637-3780,562-944-1900,Yes,01/01/2011,12/31/2011,Open,07/27/1961,07/27/1961,,NO,60,30,39,6037504001,78.2rrr,East,11 - Los Angeles,Los Angeles,930000084,Parent Facility,-118.01348,33.91702,General Acute Care,Investor - Corporation,General Medical / Surgical,88,32120,957,22972,0,0,0,0,0,0,0,0,6,2190,57,133,1178,0,0,0,0,0,0,0,0,0,0,0,0,0,0,0,0,0,0,0,0,24,8760,0,0,118,43070,1014,24150,0,0,0,0,0,0,0,0,0,0,0,0,0,0,0,0,0,0,0,0,0,118,43070,1014,24150,0,0,0,0,0,0,0,0,0,0,0,0,0,0,0,0,0,0,0,0,0,0,0,0,0,0,0,0,,,,,,0,0,0,0,0,0,0,0,0,0,0,0,0,0,0,0,0,0,,0,0,0,0,0,0,0,0,0,0,0,0,0,Respondent,120,1630,0,0,1,0,0,1,,0,0,0,,,,0,0,NEITHER,0,0,0,0,0,0,0,0,0,0,0,0,0,0,0,0,0,0,0,0,0,0,0,0,0,0,0,0,0,0,0,0,0,0,0,0,0,0,0,,No,100 - 149,Investor,0,0,0,1,0,0,0,0,0,0,0,0,0,0,0,0,1,,,,,0,0,0,0,0,0,,Urban,LA MIRADA/SANTA FE SPRINGS SOUTH,106190449,106190449
106190458,KINDRED HOSPITAL - SAN GABRIEL VALLEY,845 NORTH LARK ELLEN AVENUE,WEST COVINA,91791,562-944-1900-744,Yes,01/01/2011,12/31/2011,Open,06/12/1956,06/12/1956,,NO,57,24,32,6037405600,78.2www,San Gabriel Valley,11 - Los Angeles,Los Angeles,930000084,Consolidated Facility,-117.91669,34.0857,General Acute Care,Investor - Corporation,General Medical / Surgical,70,25550,677,18584,0,0,0,0,0,0,0,0,6,2190,72,121,2162,0,0,0,0,0,0,0,0,0,0,0,0,0,0,0,0,0,0,0,0,0,0,0,0,76,27740,749,20746,0,0,0,0,0,0,0,0,0,0,0,0,0,0,0,0,0,0,0,0,0,76,27740,749,20746,0,0,0,0,0,0,0,0,0,0,0,0,0,0,0,0,0,0,0,0,0,0,0,0,0,0,0,0,,,,,,0,0,0,0,0,0,0,0,0,0,0,0,0,0,0,0,0,0,,0,0,0,0,0,0,0,0,0,0,0,0,0,Respondent,117,2371,0,0,1,0,0,1,,0,0,0,,,,0,0,NEITHER,0,0,0,0,0,0,0,0,0,0,0,0,0,0,0,0,0,0,0,0,0,0,0,0,0,0,0,0,0,0,0,0,0,0,0,0,0,0,0,,No,50 - 99,Investor,0,0,0,1,0,0,0,0,0,0,0,0,0,0,0,0,1,,,,,0,0,0,0,0,0,,Urban,VALINDA/WEST COVINA,106190458,106190458
106190462,"AURORA LAS ENCINAS HOSPITAL, LLC",2900 EAST DEL MAR BOULEVARD,PASADENA,91107,626-795-9901,Yes,01/01/2011,12/31/2011,Open,01/01/1946,01/01/1946,,NO,44,21,29,6037463200,78.2mm,San Gabriel Valley,11 - Los Angeles,Los Angeles,930000087,Parent Facility,-118.09039,34.14207,Acute Psychiatric,Investor - Limited Liability Company,Psychiatric,0,0,0,0,0,0,0,0,0,0,0,0,0,0,0,0,0,0,0,0,0,0,0,0,0,0,0,0,0,0,0,0,0,0,0,0,0,0,0,0,0,0,0,0,0,0,0,0,0,118,43070,2474,18542,0,0,0,,0,0,0,0,0,0,0,0,0,118,43070,2474,18542,0,0,0,22,337,1782,0,0,0,0,28,27,55,0,52,3,55,20,0,3,0,0,30,0,0,0,2,55,,,,,,0,0,0,0,0,0,0,0,0,0,0,0,0,0,0,0,0,0,,0,0,0,0,0,0,0,0,0,0,0,0,0,Respondent,0,0,0,0,0,0,0,0,,0,0,0,,,,0,0,NEITHER,0,0,0,0,0,0,0,0,0,0,0,0,0,0,0,0,0,0,0,0,0,0,0,0,0,0,0,0,0,0,0,0,0,0,0,0,0,0,0,,No,100 - 149,Investor,0,0,0,1,0,0,0,0,0,0,0,0,0,0,0,0,1,,,,,0,0,0,0,0,0,,Urban,PASADENA SOUTH/SAN MARINO/SOUTH PASADENA,106190462,106190462
106190468,PROMISE HOSPITAL OF EAST LOS ANGELES-EAST L.A. CAMPUS,443 SOUTH SOTO STREET,LOS ANGELES,90033,323-261-1181,Yes,01/01/2011,12/31/2011,Open,01/01/1946,01/01/1946,,NO,46,22,34,6037204600,78.2h,Metro,11 - Los Angeles,Los Angeles,930000088,Parent Facility,-118.21227,34.03996,General Acute Care,Investor - Partnership,General Medical / Surgical,27,9855,288,8168,0,0,0,0,5,1825,0,0,2,730,26,39,706,2,730,26,37,705,0,0,0,0,0,0,0,0,0,0,0,0,0,0,0,0,0,0,0,36,13140,340,9579,0,0,0,0,0,0,0,0,0,0,0,,0,0,0,0,0,0,0,0,0,36,13140,340,9579,0,0,0,0,0,0,0,0,0,0,0,0,0,0,0,0,0,0,0,0,0,0,0,0,0,0,0,0,,,,,,0,0,0,0,0,0,0,0,0,0,0,0,0,0,0,0,0,0,,0,0,0,0,0,0,0,0,0,0,0,0,0,Respondent,120,5366,0,0,0,0,2,2,,0,0,0,,,,0,0,NEITHER,0,0,0,0,0,0,0,0,0,0,0,0,0,0,0,0,0,0,0,0,0,0,0,0,0,0,0,0,0,0,0,0,0,0,0,0,0,0,0,,No,1 - 49,Investor,0,0,0,1,0,0,0,0,0,0,0,0,0,0,0,0,1,,,,,0,0,0,0,0,0,,Urban,BOYLE HEIGHTS CENTRAL/CITY TERRACE WEST,106190468,106190468
106190470,PROVIDENCE LITTLE COMPANY OF MARY MC - TORRANCE,4101 TORRANCE BOULEVARD,TORRANCE,90503,310-540-7676,Yes,01/01/2011,12/31/2011,Open,12/21/1959,12/21/1959,,NO,53,28,36,6037650602,78.2u,South Bay,11 - Los Angeles,Los Angeles,930000089,Parent Facility,-118.35708,33.83767,General Acute Care,Non-Profit Corporation (incl. Church-related),General Medical / Surgical,230,83950,14603,49640,22,8030,2909,8007,13,4745,673,1467,28,10220,792,1082,8277,0,0,0,0,0,0,0,0,0,0,0,0,0,0,0,34,12410,217,0,4636,0,0,0,0,327,119355,19194,72027,0,0,0,0,0,0,0,0,115,41975,2266,,22696,0,0,0,0,0,0,0,0,442,161330,21460,94723,0,0,0,0,0,0,26,2589,6138,0,0,0,0,0,0,0,0,0,0,0,0,0,0,0,0,0,0,0,,Yes,,YES,,Basic,Basic,437,0,3580,3,20390,45,17077,689,8447,11575,49931,12312,62243,29,4017,1740,Yes,38,48,25,15,21,62,23,27,20,18,19,32,348,Respondent,4186,613560,4162,356925,0,0,11,11,,2868,180,39,,,,0,1037,CV SURG,2,0,0,51,0,51,0,51,3,0,0,0,0,789,697,419,306,1208,1003,1144,0,176,134,62,52,546,175,3,0,8,234,69,3,0,0,39,0,317,2962,,No,300 - 499,Non-Profit Corporation (i,1,0,0,0,0,0,0,0,0,0,0,0,0,0,0,0,1,,,,,62243,437,3583,20435,17766,20022,,Urban,REDONDO BEACH CENTRAL AND SOUTH/TORRANCE WEST CENTRAL,106190470,106190470
106190475,COMMUNITY HOSPITAL OF LONG BEACH,1720 TERMINO AVENUE,LONG BEACH,90804,562-498-1000,Yes,01/01/2011,12/31/2011,Open,06/27/2001,01/01/1946,,NO,54,27,37,6037575002,78.2lll,South Bay,11 - Los Angeles,Los Angeles,930000090,Parent Facility,-118.14578,33.78871,General Acute Care,Non-Profit Corporation (incl. Church-related),General Medical / Surgical,100,36500,2515,7135,13,4745,0,0,0,0,0,0,20,7300,255,7,2227,10,3650,0,0,0,0,0,0,0,0,0,0,0,0,0,20,7300,0,0,0,0,0,0,0,163,59495,2770,9362,0,0,0,0,28,10220,1336,7177,17,6205,0,,0,0,0,0,0,0,0,0,0,208,75920,4106,16539,0,0,0,0,0,0,0,0,0,0,4,14,18,0,16,2,18,10,0,4,0,0,0,0,0,0,4,18,,,,,,Basic,Basic,1853,0,7477,682,5139,610,3165,1102,1263,996,18897,3390,22287,20,173,658,,0,0,0,0,0,0,0,0,0,0,0,0,0,Respondent,341,57270,404,54450,0,0,5,5,Yes,0,0,0,,,,0,0,CATH LAB,0,0,0,0,0,0,0,0,1,0,0,0,0,0,0,0,0,0,0,0,0,0,0,0,0,0,0,0,0,0,0,0,0,0,0,0,0,0,0,,No,200 - 299,Non-Profit Corporation (i,1,0,0,0,0,0,0,0,0,0,0,0,0,0,0,0,1,,,,,22287,1853,8159,5749,4267,2259,,Urban,BIXBY KNOLLS/LONG BEACH CENTRAL,106190475,106190475
106190500,MARINA DEL REY HOSPITAL,4650 LINCOLN BOULEVARD,MARINA DEL REY,90291,310-823-8911,Yes,01/01/2011,12/31/2011,Open,04/17/1970,04/17/1970,,NO,53,28,36,6037275302,78.2j,West,11 - Los Angeles,Los Angeles,930000096,Parent Facility,-118.43954,33.9812,General Acute Care,Investor - Corporation,General Medical / Surgical,93,33945,4204,13983,0,0,0,0,0,0,0,0,12,4380,235,391,2527,0,0,0,0,0,0,0,0,0,0,0,0,0,0,0,0,0,0,0,0,0,0,0,0,105,38325,4439,16510,0,0,0,0,40,14600,0,0,0,0,0,,0,0,0,0,0,0,0,0,0,145,52925,4439,16510,15,0,0,0,0,0,0,0,0,0,0,0,0,0,0,0,0,0,0,0,0,0,0,0,0,0,0,0,,,,,,Basic,Basic,1290,1,3511,3,4377,9,7800,63,1203,2903,18181,2979,21160,15,0,339,Yes,118,105,91,141,91,97,77,15,4,14,20,23,796,Respondent,1766,295556,2581,190694,0,0,6,6,,0,0,0,,,,0,0,NEITHER,0,0,0,0,0,0,0,0,0,0,0,0,0,0,0,0,0,0,0,0,0,0,0,0,0,0,0,0,0,0,0,0,0,0,0,0,0,0,0,,No,100 - 149,Investor,1,0,0,0,0,0,0,0,0,0,0,0,0,0,0,0,1,,,,,21160,1291,3514,4386,7863,4106,,Urban,BALDWIN HILLS/CULVER CITY SOUTH/FOX HILLS/LADERA HEIGHTS/MARINA DEL REY/VIEW PARK/WINDSOR HILLS,106190500,106190500
106190517,PROVIDENCE TARZANA MEDICAL CENTER,18321 CLARK STREET,TARZANA,91356,818-881-0800,Yes,01/01/2011,12/31/2011,Open,10/02/1973,10/02/1973,,NO,41,23,27,6037139400,78.2yy,San Fernando Valley,11 - Los Angeles,Los Angeles,930000097,Parent Facility,-118.53136,34.16985,General Acute Care,Non-Profit Corporation (incl. Church-related),General Medical / Surgical,154,54922,7652,42158,29,10585,2184,6548,18,6570,1132,3355,17,6205,341,0,2191,10,3650,601,0,2816,0,0,0,0,0,0,0,0,0,0,21,7665,194,0,3012,0,0,0,0,249,89597,12104,60080,0,0,0,0,0,0,0,0,0,0,0,,0,0,0,0,0,0,0,0,0,249,89597,12104,60080,0,0,0,0,0,0,31,1824,6591,0,0,0,0,0,0,0,0,0,0,0,0,0,0,0,0,0,0,0,,,,,,Basic,Basic,296,9,2169,21,9675,2671,7189,3641,3353,3337,22682,9679,32361,15,296,0,Yes,50,27,26,12,33,6,6,8,16,13,15,15,227,Respondent,3316,478185,3496,328335,0,0,9,9,,1824,254,59,,,,0,562,CV SURG,2,0,0,65,3,65,3,68,2,0,0,0,0,617,1435,221,421,838,1856,523,0,198,41,23,20,156,227,41,13,0,284,161,123,23,7,16,0,0,1856,,No,200 - 299,Non-Profit Corporation (i,1,0,0,0,0,0,0,0,0,0,0,0,0,0,0,0,1,,,,,32361,305,2190,12346,10830,6690,,Urban,ENCINO/TARZANA/WARNER CENTER/WOODLAND HILLS,106190517,106190517
106190521,MEMORIAL HOSPITAL OF GARDENA,1145 W. REDONDO BEACH BLVD.,GARDENA,90247,310-532-4200,Yes,01/01/2011,12/31/2011,Open,05/13/1949,05/13/1949,,NO,51,25,35,6037603004,78.2iiii,South Bay,11 - Los Angeles,Los Angeles,930000098,Parent Facility,-118.29493,33.89246,General Acute Care,Investor - Partnership,General Medical / Surgical,70,25550,8924,34363,23,8395,1351,3113,0,0,0,0,5,1825,278,614,3492,5,1825,0,0,0,0,0,0,0,0,0,0,0,0,0,0,0,0,0,0,0,0,0,0,103,37595,10553,40968,0,0,0,0,0,0,0,0,69,25185,97,,24434,0,0,0,0,0,0,0,0,172,62780,10650,65402,0,0,0,0,0,0,17,1333,2921,0,0,0,0,0,0,0,0,0,0,0,0,0,0,0,0,0,0,0,,,,,,Basic,Basic,3547,31,7731,36,3493,139,2530,545,813,743,18114,1494,19608,10,0,1479,Yes,18,0,4,5,1,0,4,0,1,7,8,1,49,Respondent,1327,121672,1695,115732,0,0,5,5,,1327,120,18,,,,0,580,NEITHER,0,0,0,0,0,0,0,0,0,0,0,0,0,0,0,0,0,0,0,0,0,0,0,0,0,0,0,0,0,0,0,0,0,0,0,0,0,0,0,,No,150 - 199,Investor,1,0,0,0,0,0,0,0,0,0,0,0,0,0,0,0,1,,,,,19608,3578,7767,3632,3075,1556,,Urban,GARDENA SOUTHEAST/HARBOR GATEWAY CENTRAL/LAWNDALE SOUTH/MONETA/REDONDO BEACH NORTH/TORRANCE NORTH,106190521,106190521
106190522,GLENDALE MEMORIAL HOSPITAL AND HEALTH CENTER,1420 SOUTH CENTRAL AVENUE,GLENDALE,91204,818-502-1900,Yes,01/01/2011,12/31/2011,Open,01/01/1946,01/01/1946,,NO,43,21,29,6037302400,78.2ee,San Fernando Valley,11 - Los Angeles,Los Angeles,930000099,Parent Facility,-118.25769,34.1284,General Acute Care,Non-Profit Corporation (incl. Church-related),General Medical / Surgical,180,65700,8221,35353,24,8760,2130,6014,0,0,0,0,12,4380,185,843,3513,12,4380,174,541,3130,0,0,0,0,0,0,0,0,0,0,13,4745,280,0,3784,14,5110,198,2332,255,93075,11188,54126,0,0,0,0,49,17885,0,0,30,10950,0,,0,0,0,0,0,0,0,0,0,334,121910,11188,54126,0,0,0,0,0,0,13,1852,4105,0,0,0,0,0,0,0,0,0,0,0,0,0,0,0,0,0,0,0,,,,,,Basic,Basic,582,1,3678,2,11139,247,6055,2784,930,2620,22384,5654,28038,15,10490,942,Yes,149,189,106,55,77,71,64,68,68,97,79,125,1148,Respondent,2411,310109,2899,172896,0,0,8,8,Yes,2077,29,23,,,,0,0,CV SURG,2,0,0,147,8,147,8,95,3,0,0,0,0,583,358,621,380,1204,738,1029,0,163,0,153,0,219,73,2,0,1,172,162,535,468,3,24,0,103,3107,,No,300 - 499,Non-Profit Corporation (i,1,0,0,0,0,0,0,0,0,0,0,0,0,0,0,0,1,,,,,28038,583,3680,11386,8839,3550,,Urban,ATWATER VILLAGE/GLENDALE CENTRAL/GLENDALE SOUTHWEST/GRIFFITH PARK,106190522,106190522
106190524,MISSION COMMUNITY HOSPITAL - PANORAMA CAMPUS,14850 ROSCOE BOULEVARD,PANORAMA CITY,91402,818-727-2222,Yes,01/01/2011,12/31/2011,Open,08/13/1965,08/13/1965,,NO,39,20,28,6037120020,78.2zz,San Fernando Valley,11 - Los Angeles,Los Angeles,930000101,Parent Facility,-118.45639,34.22138,General Acute Care,Non-Profit Corporation (incl. Church-related),General Medical / Surgical,75,27375,3619,13512,0,0,0,0,0,0,0,0,5,1825,158,498,1839,5,1825,40,124,460,0,0,0,0,0,0,0,0,0,0,0,0,0,0,0,0,0,0,0,85,31025,3817,15811,0,0,0,0,60,21900,3312,19735,0,0,0,0,0,0,0,0,0,0,0,0,0,145,52925,7129,35546,0,0,0,0,0,0,0,0,0,0,37,0,37,0,36,1,37,11,0,0,20,0,3,0,0,0,3,37,,,,,,Basic,Basic,3531,18,2283,34,4509,855,2007,819,1400,2167,13730,3893,17623,8,0,0,Yes,40,34,35,50,49,14,14,14,13,9,18,10,300,Respondent,1080,119835,892,42965,0,0,3,3,,0,0,0,,,,0,0,NEITHER,0,0,0,0,0,0,0,0,0,0,0,0,0,0,0,0,0,0,0,0,0,0,0,0,0,0,0,0,0,0,0,0,0,0,0,0,0,0,0,Yes,No,100 - 149,Non-Profit Corporation (i,1,0,0,0,0,0,0,0,0,0,0,0,0,0,0,0,1,,,,,17623,3549,2317,5364,2826,3567,,Urban,NORTHRIDGE SOUTH/RESEDA NORTH,106190524,106190524
106190525,LONG BEACH MEMORIAL MEDICAL CENTER,2801 ATLANTIC AVENUE,LONG BEACH,90806,562-933-2000,Yes,01/01/2011,12/31/2011,Open,07/01/1960,07/01/1960,Level II & Level II - Ped,YES,54,27,37,6037572202,78.2lll,South Bay,11 - Los Angeles,Los Angeles,930000102,Parent Facility,-118.1852,33.80801,General Acute Care,Non-Profit Corporation (incl. Church-related),General Medical / Surgical,317,115705,20082,78852,0,0,0,0,0,0,0,0,61,22265,734,3212,15339,0,0,0,0,0,0,0,0,0,0,0,0,0,0,0,0,0,0,0,0,42,15330,547,7841,420,153300,21363,102032,0,0,0,0,0,0,0,0,42,15330,0,,0,0,0,0,0,0,0,0,0,462,168630,21363,102032,0,0,0,0,0,0,0,0,0,0,0,0,0,0,0,0,0,0,0,0,0,0,0,0,0,0,0,0,,,,,,Basic,Basic,683,7,20154,115,32535,2306,11845,9936,920,6164,66137,18528,84665,53,604,230,Yes,57,92,200,150,127,137,114,130,104,172,116,134,1533,Respondent,5797,880216,5073,437806,0,0,22,22,,0,0,0,,,,0,0,CV SURG,3,0,0,328,42,328,42,186,4,0,0,0,0,758,302,673,184,1431,486,1430,0,195,90,67,45,460,17,3,0,0,108,87,161,52,0,52,0,69,2836,Yes,No,300 - 499,Non-Profit Corporation (i,1,0,0,0,1,0,1,0,0,1,0,0,0,0,1,1,0,,84665,,,,690,20269,34841,21781,7084,,Urban,BIXBY KNOLLS/LONG BEACH CENTRAL,106190525,106190525
106190529,METHODIST HOSPITAL OF SOUTHERN CALIFORNIA,300 WEST HUNTINGTON DRIVE,ARCADIA,91007,626-821-2310,Yes,01/01/2011,12/31/2011,Open,05/23/1957,05/23/1957,,NO,44,29,26,6037430721,78.2xxx,San Gabriel Valley,11 - Los Angeles,Los Angeles,930000103,Parent Facility,-118.03879,34.13603,General Acute Care,Non-Profit Corporation (incl. Church-related),General Medical / Surgical,449,133165,12661,51872,24,8760,1881,5104,15,5475,232,407,29,5465,152,773,2799,10,3650,134,514,2954,10,3650,86,379,2021,0,0,0,0,0,17,6205,90,73,1031,20,7300,471,5625,574,173670,15707,71813,0,0,0,0,0,0,0,0,26,9490,1034,,8528,0,0,0,0,0,0,0,0,600,183160,16741,80341,0,0,0,0,0,0,0,1561,3705,0,0,0,0,0,0,0,0,0,0,0,0,0,0,0,0,0,0,0,,,,,,Basic,Basic,4171,41,6959,543,7655,1953,8120,1621,2254,4599,29159,8757,37916,44,11721,1598,Yes,172,161,102,41,15,26,25,50,67,70,16,58,803,Respondent,3236,388256,1684,142964,0,0,10,10,Yes,1683,89,20,,,,0,531,CV SURG,6,0,0,58,11,58,11,49,3,0,0,0,0,274,444,247,427,521,871,503,0,147,114,36,19,304,22,0,0,0,17,42,54,105,26,0,1,2,1392,,No,500+,Non-Profit Corporation (i,1,0,0,0,0,0,0,0,0,0,0,0,0,0,0,0,1,,,,,37916,4212,7502,9608,9741,6853,,Urban,ARCADIA CENTRAL AND NORTHEAST/BRADBURY/MONROVIA/SIERRA MADRE,106190529,106190529
106190534,OLYMPIA MEDICAL CENTER,5900 WEST OLYMPIA BLVD,LOS ANGELES,90036,323-932-5416,Yes,01/01/2011,12/31/2011,Open,11/25/1947,11/25/1947,,NO,47,26,33,6037216300,78.2x,Metro,11 - Los Angeles,Los Angeles,930000105,Parent Facility,-118.3598956,34.0575076,General Acute Care,Investor - Limited Liability Company,General Medical / Surgical,192,70080,6442,30013,0,0,0,0,0,0,0,0,6,2190,101,344,1887,6,2190,101,345,1886,0,0,0,0,0,0,0,0,0,0,0,0,0,0,0,0,0,0,0,204,74460,6644,33786,0,0,0,0,0,0,0,0,0,0,0,,0,0,0,0,0,0,0,0,0,204,74460,6644,33786,0,0,0,0,0,0,0,0,0,0,0,0,0,0,0,0,0,0,0,0,0,0,0,0,0,0,0,0,,,,,,Basic,Basic,655,0,3842,0,9659,7,3646,1636,1043,2347,18845,3990,22835,16,0,194,Yes,97,41,59,26,28,23,16,21,11,21,19,22,384,Respondent,1323,214202,2596,209564,0,0,8,8,Yes,0,0,0,,,,0,0,NEITHER,0,0,0,0,0,0,0,0,0,0,0,0,0,0,0,0,0,0,0,0,0,0,0,0,0,0,0,0,0,0,0,0,0,0,0,0,0,0,0,,No,200 - 299,Investor,1,0,0,0,0,0,0,0,0,0,0,0,0,0,0,0,1,,,,,22835,655,3842,9666,5282,3390,,Urban,HANCOCK PARK/MID-CITY WEST/PARK LA BREA,106190534,106190534
106190541,MONROVIA MEMORIAL HOSPITAL,323 SOUTH HELIOTROPE AVENUE,MONROVIA,91016,626-408-9800,Yes,01/01/2011,12/31/2011,Open,10/03/2008,01/01/1946,,NO,59,29,26,6037431001,78.2xxx,San Gabriel Valley,11 - Los Angeles,Los Angeles,930000107,Parent Facility,-117.99225,34.1491,General Acute Care,Investor - Limited Liability Company,General Medical / Surgical,45,16425,619,10899,0,0,0,0,0,0,0,0,4,1460,61,138,1448,0,0,0,0,0,0,0,0,0,0,0,0,0,0,0,0,0,0,0,0,0,0,0,0,49,17885,680,12347,0,0,0,0,0,0,0,0,0,0,0,0,0,0,0,0,0,0,0,0,0,49,17885,680,12347,0,0,0,0,0,0,0,0,0,0,0,0,0,0,0,0,0,0,0,0,0,0,0,0,0,0,0,0,,,,,,0,0,0,0,0,0,0,0,0,0,0,0,0,0,0,0,0,0,,0,0,0,0,0,0,0,0,0,0,0,0,0,Respondent,307,44201,375,15830,0,0,2,2,,0,0,0,,,,0,0,NEITHER,0,0,0,0,0,0,0,0,0,0,0,0,0,0,0,0,0,0,0,0,0,0,0,0,0,0,0,0,0,0,0,0,0,0,0,0,0,0,0,,No,1 - 49,Investor,0,0,0,1,0,0,0,0,0,0,0,0,0,0,0,0,1,,,,,0,0,0,0,0,0,,Urban,ARCADIA CENTRAL AND NORTHEAST/BRADBURY/MONROVIA/SIERRA MADRE,106190541,106190541
106190547,MONTEREY PARK HOSPITAL,900 SOUTH ATLANTIC BOULEVARD,MONTEREY PARK,91754-4780,626-570-9000,Yes,01/01/2011,12/31/2011,Open,12/04/1972,12/04/1972,,NO,49,24,32,6037482102,78.2nn,San Gabriel Valley,11 - Los Angeles,Los Angeles,930000108,Parent Facility,-118.13665,34.05308,General Acute Care,Investor - Partnership,General Medical / Surgical,83,30295,3218,10532,8,2920,1638,4481,6,2190,138,375,4,1460,81,178,1198,0,0,0,0,0,0,0,0,0,0,0,0,0,0,0,0,0,0,0,0,0,0,0,0,101,36865,5075,16586,0,0,0,0,0,0,0,0,0,0,0,,0,0,0,0,0,0,0,0,0,101,36865,5075,16586,0,0,0,0,0,0,30,1599,3867,0,0,0,0,0,0,0,0,0,0,0,0,0,0,0,0,0,0,0,,,,,,Basic,Basic,384,0,1786,4,4273,206,3279,171,808,1776,10530,2157,12687,6,0,104,Yes,75,105,48,51,92,50,52,76,93,75,95,138,950,Respondent,1515,117390,1415,89730,0,0,3,3,,1602,42,3,,,,0,737,NEITHER,0,0,0,0,0,0,0,0,0,0,0,0,0,0,0,0,0,0,0,0,0,0,0,0,0,0,0,0,0,0,0,0,0,0,0,0,0,0,0,Yes,No,100 - 149,Investor,1,0,0,0,0,0,0,0,0,0,0,0,0,0,0,0,1,,,,,12687,384,1790,4479,3450,2584,,Urban,MONTEBELLO NORTH/MONTEREY PARK/SOUTH SAN GABRIEL,106190547,106190547
106190552,MOTION PICTURE AND TELEVISION HOSPITAL,23388 MULHOLLAND DRIVE,WOODLAND HILLS,91364,818-876-4169,Yes,01/01/2011,12/31/2011,Open,03/20/1946,03/20/1946,,NO,41,23,30,6037137402,78.2yy,San Fernando Valley,11 - Los Angeles,Los Angeles,930000109,Parent Facility,-118.63644,34.1586,General Acute Care,Non-Profit Corporation (incl. Church-related),General Medical / Surgical,57,20805,230,957,0,0,0,0,0,0,0,0,4,1460,0,0,0,0,0,0,0,0,0,0,0,0,0,0,0,0,0,0,0,0,0,0,0,0,0,0,0,61,22265,230,957,0,0,0,0,0,0,0,0,189,68985,46,,23056,0,0,0,0,0,0,0,0,250,91250,276,24013,0,0,0,0,0,0,0,0,0,0,0,0,0,0,0,0,0,0,0,0,0,0,0,0,0,0,0,0,,,,,,0,0,0,0,0,0,0,0,0,0,0,0,0,0,0,0,0,0,,0,0,0,0,0,0,0,0,0,0,0,0,0,Respondent,17,760,2812,76590,0,0,2,2,,0,0,0,,,,0,0,NEITHER,0,0,0,0,0,0,0,0,0,0,0,0,0,0,0,0,0,0,0,0,0,0,0,0,0,0,0,0,0,0,0,0,0,0,0,0,0,0,0,,No,200 - 299,Non-Profit Corporation (i,0,0,0,1,0,0,0,0,0,0,0,0,0,0,0,0,1,,,,,0,0,0,0,0,0,,Urban,ENCINO/TARZANA/WARNER CENTER/WOODLAND HILLS,106190552,106190552
106190555,CEDARS SINAI MEDICAL CENTER,8700 BEVERLY BOULEVARD,LOS ANGELES,90048,323-421-5000,Yes,01/01/2011,12/31/2011,Open,08/15/1955,08/15/1955,Level I & Level II - Ped,YES,42,23,30,6037214900,78.2x,Metro,11 - Los Angeles,Los Angeles,930000110,Parent Facility,-118.38027,34.07673,General Acute Care,Non-Profit Corporation (incl. Church-related),General Medical / Surgical,583,215380,37179,185554,64,23360,6977,20220,31,11315,1348,3711,120,43800,1276,5316,23441,12,4380,168,931,3592,12,4380,170,768,3404,0,0,0,0,0,45,16425,466,69,9965,29,10585,768,8584,896,329625,48352,258471,0,0,0,0,51,18615,838,7516,0,0,0,0,0,0,0,0,0,0,0,0,0,947,348240,49190,265987,0,0,0,0,0,0,80,6451,15858,0,10,0,10,0,8,2,10,7,0,2,0,0,1,0,0,0,0,10,,,,,,Basic,Basic,5296,1,9700,14,18342,21,17444,101,4220,22018,55002,22155,77157,41,0,2721,Yes,325,301,264,204,209,138,182,175,252,165,127,112,2454,Respondent,17110,3237300,12909,1198260,0,8,36,44,,6816,554,94,,,,0,2447,CV SURG,6,2,5,643,291,645,296,182,6,8,10,2,0,3724,1878,2005,530,5739,2418,4704,1025,339,190,127,95,1056,97,2,0,226,551,471,254,317,21,51,20,227,9773,Yes,No,500+,Non-Profit Corporation (i,1,0,0,0,1,1,0,0,0,1,0,0,0,0,1,1,0,77157,,,,,5297,9714,18363,17545,26238,,Urban,HANCOCK PARK/MID-CITY WEST/PARK LA BREA,106190555,106190555
106190568,NORTHRIDGE HOSPITAL MEDICAL CENTER,18300 ROSCOE BOULEVARD,NORTHRIDGE,91328,818-885-5000,Yes,01/01/2011,12/31/2011,Open,10/07/1955,10/07/1955,Level II & Level II - Ped,NO,40,20,27,6037131400,78.2zz,San Fernando Valley,11 - Los Angeles,Los Angeles,930000114,Parent Facility,-118.53169,34.22068,General Acute Care,Non-Profit Corporation (incl. Church-related),General Medical / Surgical,218,79570,11670,45216,35,12775,2310,6802,14,5110,1117,3330,24,8760,211,773,4279,22,8030,756,802,4534,0,0,0,0,0,0,0,0,0,0,22,8030,408,26,5578,36,13140,292,5129,371,135415,16764,74868,0,0,0,0,40,14600,1830,9642,0,0,0,,0,0,0,0,0,0,0,0,0,411,150015,18594,84510,0,0,0,0,0,0,22,1911,4531,0,23,0,23,2,13,8,23,3,0,3,0,0,0,16,0,0,1,23,,,,,,Basic,Basic,1418,5,11923,769,19058,112,10408,9167,882,1556,43689,11609,55298,25,18218,1195,Yes,227,191,215,179,175,44,15,15,27,15,16,36,1155,Respondent,4662,586546,5659,301720,0,4,10,14,Yes,2194,124,29,Yes,YES,YES,1278,916,CV SURG,1,0,0,88,15,88,15,103,1,0,0,0,0,953,856,630,357,1583,1213,972,0,0,96,0,111,288,80,7,0,0,6,4,631,389,0,19,0,193,2796,,No,300 - 499,Non-Profit Corporation (i,1,0,0,0,1,0,1,0,0,0,0,0,0,0,1,1,0,,55298,,,,1423,12692,19170,19575,2438,,Urban,NORTHRIDGE SOUTH/RESEDA NORTH,106190568,106190568
106190570,NORWALK COMMUNITY HOSPITAL,13222 BLOOMFIELD AVENUE,NORWALK,90650,562-863-4763,Yes,01/01/2011,12/31/2011,Open,02/28/1955,02/28/1955,,NO,56,30,38,6037552300,78.2jjjj,East,11 - Los Angeles,Los Angeles,930000039,Consolidated Facility,-118.0644,33.91108,General Acute Care,Investor - Limited Liability Company,General Medical / Surgical,37,13505,2669,13813,0,0,0,0,7,2555,0,0,6,2190,165,317,2046,0,0,0,0,0,0,0,0,0,0,0,0,0,0,0,0,0,0,0,0,0,0,0,0,50,18250,2834,15859,0,0,0,0,0,0,0,0,0,0,0,,0,0,0,0,0,0,0,0,0,50,18250,2834,15859,0,0,0,0,0,0,0,0,0,0,0,0,0,0,0,0,0,0,0,0,0,0,0,0,0,0,0,0,,,,,,Basic,Basic,3,0,1432,4,2909,21,357,1990,286,315,4987,2330,7317,4,0,79,,0,0,0,0,0,0,0,0,0,0,0,0,0,Respondent,596,36916,10,655,0,0,2,2,,0,0,0,,,,0,0,NEITHER,0,0,0,0,0,0,0,0,0,0,0,0,0,0,0,0,0,0,0,0,0,0,0,0,0,0,0,0,0,0,0,0,0,0,0,0,0,0,0,,No,50 - 99,Investor,1,0,0,0,0,0,0,0,0,0,0,0,0,0,0,0,1,,,,,7317,3,1436,2930,2347,601,,Urban,NORWALK/STUDEBAKER,106190570,106190570
106190587,PACIFIC HOSPITAL OF LONG BEACH,2776 PACIFIC AVENUE,LONG BEACH,90806,562-997-2400,Yes,01/01/2011,12/31/2011,Open,06/13/1956,06/13/1956,,NO,54,27,37,6037572202,78.2lll,South Bay,11 - Los Angeles,Los Angeles,930000117,Parent Facility,-118.19355,33.80759,General Acute Care,Investor - Corporation,General Medical / Surgical,55,20075,3295,12499,13,4745,856,2358,0,0,0,0,8,2920,121,990,1705,8,2920,0,0,0,0,0,0,0,0,0,0,0,0,0,0,0,0,0,0,0,0,0,0,84,30660,4272,16562,0,0,0,0,73,26645,3327,22857,27,9855,0,,0,0,0,0,0,0,0,0,0,184,67160,7599,39419,0,0,0,0,0,0,9,791,1911,0,56,0,56,0,47,9,56,21,0,30,0,0,3,0,0,0,2,56,,,,,,Basic,Basic,326,21,677,33,5734,237,2032,1155,562,2751,9331,4197,13528,7,6655,652,Yes,149,116,80,85,75,61,71,102,85,128,122,95,1169,Respondent,1573,236171,2301,91708,0,0,5,5,,791,9,0,,,,0,279,NEITHER,0,0,0,0,0,0,0,0,0,0,0,0,0,0,0,0,0,0,0,0,0,0,0,0,0,0,0,0,0,0,0,0,0,0,0,0,0,0,0,,No,150 - 199,Investor,1,0,0,0,0,0,0,0,0,0,0,0,0,0,0,0,1,,,,,13528,347,710,5971,3187,3313,,Urban,BIXBY KNOLLS/LONG BEACH CENTRAL,106190587,106190587
106190599,PROMISE HOSPITAL OF EAST LOS ANGELES-SUBURBAN CAMPUS,16453 SOUTH COLORADO AVENUE,PARAMOUNT,90723,562-531-3110,Yes,01/01/2011,12/31/2011,Open,02/15/2005,11/11/1971,,NO,52,27,39,6037553802,78.2m,South,11 - Los Angeles,Los Angeles,930000088,Consolidated Facility,-118.16153,33.8849,General Acute Care,Investor - Partnership,General Medical / Surgical,165,60225,1131,34675,0,0,0,0,0,0,0,0,7,2555,82,204,2169,5,1825,60,146,1550,0,0,0,0,0,0,0,0,0,0,0,0,0,0,0,0,0,0,0,177,64605,1273,38394,0,0,0,0,0,0,0,0,0,0,0,,0,0,0,0,0,0,0,0,0,177,64605,1273,38394,0,0,0,0,0,0,0,0,0,0,0,0,0,0,0,0,0,0,0,0,0,0,0,0,0,0,0,0,,,,,,0,0,0,0,0,0,0,0,0,0,0,0,0,0,0,0,0,0,,0,0,0,0,0,0,0,0,0,0,0,0,0,Respondent,479,24840,0,0,5,0,0,5,,0,0,0,,,,0,0,NEITHER,0,0,0,0,0,0,0,0,0,0,0,0,0,0,0,0,0,0,0,0,0,0,0,0,0,0,0,0,0,0,0,0,0,0,0,0,0,0,0,,No,150 - 199,Investor,0,0,0,1,0,0,0,0,0,0,0,0,0,0,0,0,1,,,,,0,0,0,0,0,0,,Urban,BELLFLOWER/PARAMOUNT SOUTH,106190599,106190599
106190630,POMONA VALLEY HOSPITAL MEDICAL CENTER,1798 NORTH GAREY AVENUE,POMONA,91767,909-865-9500,Yes,01/01/2011,12/31/2011,Open,01/01/1946,01/01/1946,,NO,61,32,38,6037402102,78.2tt,San Gabriel Valley,11 - Los Angeles,Los Angeles,930000128,Parent Facility,-117.75234,34.07852,General Acute Care,Non-Profit Corporation (incl. Church-related),General Medical / Surgical,206,75190,11458,46778,84,30660,7523,20140,34,12410,1416,3429,26,9490,539,1544,8331,12,4380,209,817,2907,0,0,0,0,0,0,0,0,0,0,53,19345,951,1494,17200,0,0,0,0,415,151475,22096,98785,0,0,0,0,0,0,0,0,0,0,0,0,0,0,0,0,0,0,0,0,0,415,151475,22096,98785,0,0,0,0,0,0,41,5928,14006,0,0,0,0,0,0,0,0,0,0,0,0,0,0,0,0,0,0,0,,,,,,Basic,Basic,1205,2,9045,13,33571,63,24358,6076,1642,4400,69821,10554,80375,50,0,1756,Yes,141,68,51,49,55,33,48,57,59,92,54,73,780,Respondent,3674,439317,6821,482449,0,0,10,10,,6869,480,92,Yes,,YES,4177,2692,CV SURG,1,0,0,164,3,164,3,115,3,0,0,0,0,371,274,369,57,740,331,296,0,170,59,103,13,300,31,0,0,0,31,0,22,19,15,53,0,0,1112,Yes,No,300 - 499,Non-Profit Corporation (i,1,0,0,0,0,0,0,0,0,0,0,0,0,0,0,0,1,,,,,80375,1207,9058,33634,30434,6042,,Urban,CLAREMONT/LA VERNE/POMONA NORTHWEST/SAN DIMAS,106190630,106190630
106190631,PRESBYTERIAN INTERCOMMUNITY HOSPITAL,12401 EAST WASHINGTON BLVD.,WHITTIER,90602,562-698-0811-14800,Yes,01/01/2011,12/31/2011,Open,01/15/1959,01/15/1959,,NO,56,30,39,6037502100,78.2uu,East,11 - Los Angeles,Los Angeles,930000129,Parent Facility,-118.04671,33.96775,General Acute Care,Non-Profit Corporation (incl. Church-related),General Medical / Surgical,268,97820,13550,47829,32,11680,3333,8530,34,12410,637,1153,24,8760,124,1978,5949,0,0,0,0,0,0,0,0,0,0,0,0,0,0,0,34,12410,484,0,6231,17,6205,149,1673,409,149285,18277,71365,0,0,0,0,0,0,0,0,35,12775,714,,6410,0,0,0,0,0,0,0,0,444,162060,18991,77775,0,0,0,0,0,0,0,2776,5909,0,0,0,0,0,0,0,0,0,0,0,0,0,0,0,0,0,0,0,,,,,,Basic,Basic,654,0,6280,0,22143,0,24130,0,3451,0,56658,10807,67465,57,0,2023,Yes,6,2,3,1,1,8,1,0,3,6,6,11,48,Respondent,4490,570858,8399,507792,0,4,9,13,Yes,3202,230,44,,,,0,1048,CV SURG,2,0,0,155,0,155,0,113,2,0,0,0,0,777,634,457,246,1234,880,1234,0,183,0,61,0,419,29,0,0,0,39,33,0,0,0,27,0,89,2114,,No,300 - 499,Non-Profit Corporation (i,1,0,0,0,0,0,0,0,0,0,0,0,0,0,0,0,1,,,,,67465,654,6280,22143,24130,3451,10807,Urban,LA HABRA HEIGHTS/WHITTIER,106190631,106190631
106190636,CITRUS VALLEY MEDICAL CENTER - QV CAMPUS,1115 SOUTH SUNSET AVENUE,WEST COVINA,91790,626-962-4011,Yes,01/01/2011,12/31/2011,Open,12/16/1962,12/16/1962,,NO,57,24,32,6037406700,78.2www,San Gabriel Valley,11 - Los Angeles,Los Angeles,930000131,Parent Facility,-117.94528,34.06242,General Acute Care,Non-Profit Corporation (incl. Church-related),General Medical / Surgical,197,71905,9506,40039,40,14600,4546,10981,18,6570,1167,2550,12,4380,226,752,3700,6,2190,139,463,1675,0,0,0,0,0,0,0,0,0,0,40,14600,541,29,11064,12,4380,196,3797,325,118625,16321,73806,0,0,0,0,0,0,0,0,0,0,0,0,0,0,0,0,0,0,0,0,0,325,118625,16321,73806,0,0,0,0,0,0,50,3894,9203,0,0,0,0,0,0,0,0,0,0,0,0,0,0,0,0,0,0,0,,,,,,Basic,Basic,3057,2,4874,1,11239,4,16015,35,9699,8995,44884,9037,53921,30,0,3044,Yes,88,31,20,16,8,10,4,9,28,12,9,20,255,Respondent,4840,446835,2764,201126,0,0,7,7,Yes,4307,303,60,Yes,YES,,2184,2123,CATH LAB,0,0,0,0,0,0,0,0,0,0,0,0,0,0,0,0,0,0,0,0,0,0,0,0,0,0,0,0,0,0,0,0,0,0,0,0,0,0,0,,No,300 - 499,Non-Profit Corporation (i,1,0,0,0,0,0,0,0,0,0,0,0,0,0,0,0,1,,,,,53921,3059,4875,11243,16050,18694,,Urban,VALINDA/WEST COVINA,106190636,106190636
106190646,KAISER FND HOSP - MENTAL HEALTH CENTER,765 COLLEGE STREET,LOS ANGELES,90012,323-783-4100-8100,Yes,01/01/2011,12/31/2011,Open,01/01/1946,01/01/1946,,NO,45,21,31,6037197700,78.2ff,Metro,11 - Los Angeles,Los Angeles,930000077,Consolidated Facility,-118.24333,34.06615,General Acute Care,Non-Profit Corporation (incl. Church-related),Psychiatric,0,0,0,0,0,0,0,0,0,0,0,0,0,0,0,0,0,0,0,0,0,0,0,0,0,0,0,0,0,0,0,0,0,0,0,0,0,0,0,0,0,0,0,0,0,0,0,0,0,68,24820,2091,16745,0,0,0,0,0,0,0,0,0,0,0,0,0,68,24820,2091,16745,0,0,0,0,0,0,0,0,0,0,37,4,41,0,35,6,41,0,14,0,2,0,0,23,0,2,0,41,,,,,,0,0,0,0,0,0,0,0,0,0,0,0,0,0,0,0,0,0,,0,0,0,0,0,0,0,0,0,0,0,0,0,Respondent,0,0,0,0,0,0,0,0,,0,0,0,,,,0,0,NEITHER,0,0,0,0,0,0,0,0,0,0,0,0,0,0,0,0,0,0,0,0,0,0,0,0,0,0,0,0,0,0,0,0,0,0,0,0,0,0,0,,No,50 - 99,Non-Profit Corporation (i,0,0,0,1,0,0,0,0,0,0,0,0,0,0,0,0,1,,,,,0,0,0,0,0,0,,Urban,GLASSELL PARK/GLENDALE SOUTHEAST/SILVERLAKE NORTH,106190646,106190646
106190661,SILVER LAKE MEDICAL CENTER-DOWNTOWN CAMPUS,1711 WEST TEMPLE STREET,LOS ANGELES,90026,213-989-6100,Yes,01/01/2011,12/31/2011,Open,07/07/1999,10/21/1974,,NO,45,22,31,6037195720,78.2ffff,Metro,11 - Los Angeles,Los Angeles,930000137,Parent Facility,-118.26324,34.06879,General Acute Care,Investor - Corporation,General Medical / Surgical,75,27375,2208,12830,0,0,0,0,0,0,0,0,12,4380,123,229,2505,0,0,0,0,0,0,0,0,0,0,0,0,0,0,0,0,0,0,0,0,0,0,0,0,87,31755,2331,15335,0,0,0,0,29,10585,816,9927,0,0,0,0,0,0,0,0,0,0,0,0,0,116,42340,3147,25262,0,0,0,0,0,0,0,0,0,0,16,0,16,0,14,2,16,7,0,9,0,0,0,0,0,0,0,16,,,,,,0,0,0,0,0,0,0,0,0,0,0,0,0,0,0,0,0,0,,0,0,0,0,0,0,0,0,0,0,0,0,0,Respondent,452,43344,414,25626,0,0,7,7,Yes,0,0,0,,,,0,0,NEITHER,0,0,0,0,0,0,0,0,0,0,0,0,0,0,0,0,0,0,0,0,0,0,0,0,0,0,0,0,0,0,0,0,0,0,0,0,0,0,0,,No,100 - 149,Investor,0,0,0,1,0,0,0,0,0,0,0,0,0,0,0,0,1,,,,,0,0,0,0,0,0,,Urban,BOYLE HEIGHTS NORTHWEST/CHINATOWN/DOWNTOWN NORTHWEST/LITTLE TOKYO/WESTLAKE,106190661,106190661
106190673,SAN DIMAS COMMUNITY HOSPITAL,1350 WEST COVINA BOULEVARD,SAN DIMAS,91773,909-599-6811,Yes,01/01/2011,12/31/2011,Open,10/30/1972,10/30/1972,,NO,59,29,26,6037401312,78.2tt,San Gabriel Valley,11 - Los Angeles,Los Angeles,930000139,Parent Facility,-117.83218,34.09922,General Acute Care,Investor - Limited Liability Company,General Medical / Surgical,49,17885,3518,10249,7,2555,451,996,0,0,0,0,4,1460,198,340,1938,4,1460,0,0,0,0,0,0,0,0,0,0,0,0,0,0,0,0,0,0,0,0,0,0,64,23360,4167,13183,0,0,0,0,0,0,0,0,29,10585,0,0,0,0,0,0,0,0,0,0,0,93,33945,4167,13183,0,0,0,0,0,0,0,422,762,0,0,0,0,0,0,0,0,0,0,0,0,0,0,0,0,0,0,0,,,,,,Basic,Basic,0,0,0,0,0,0,0,0,11384,3274,11384,3274,14658,8,0,0,,0,0,0,0,0,0,0,0,0,0,0,0,0,Respondent,882,69830,915,44044,0,0,5,5,,424,15,0,,,,0,124,NEITHER,0,0,0,0,0,0,0,0,0,0,0,0,0,0,0,0,0,0,0,0,0,0,0,0,0,0,0,0,0,0,0,0,0,0,0,0,0,0,0,,No,50 - 99,Investor,1,0,0,0,0,0,0,0,0,0,0,0,0,0,0,0,1,,,,,14658,0,0,0,0,14658,,Urban,CLAREMONT/LA VERNE/POMONA NORTHWEST/SAN DIMAS,106190673,106190673
106190680,PROVIDENCE LITTLE COMPANY OF MARY MC - SAN PEDRO,1300 WEST SEVENTH STREET,SAN PEDRO,90732,310-514-5494,Yes,01/01/2011,12/31/2011,Open,01/01/1946,01/01/1946,,NO,54,28,36,6037609900,78.2o,South Bay,11 - Los Angeles,Los Angeles,930000142,Parent Facility,-118.30557,33.73798,General Acute Care,Non-Profit Corporation (incl. Church-related),General Medical / Surgical,104,37960,4846,18423,22,8030,686,1729,0,0,0,0,12,4380,186,752,2307,0,0,0,0,0,0,0,0,0,0,0,0,0,0,0,0,0,0,0,0,20,7300,324,4662,158,57670,6042,27121,48,17520,471,3647,25,9125,578,7454,125,45625,169,,35698,0,0,0,0,0,0,0,0,356,129940,7260,73920,0,0,0,0,0,0,18,686,1490,0,22,0,22,0,13,9,22,8,4,2,0,0,0,0,0,0,8,22,,,,,,Basic,Basic,308,0,3924,1,14142,17,9181,297,4057,3499,31612,3814,35426,16,308,499,Yes,34,17,18,17,26,74,53,20,24,24,12,17,336,Respondent,1118,156120,1531,139350,0,0,6,6,,679,11,0,,,,0,211,NEITHER,0,0,0,0,0,0,0,0,0,0,0,0,0,0,0,0,0,0,0,0,0,0,0,0,0,0,0,0,0,0,0,0,0,0,0,0,0,0,0,,No,300 - 499,Non-Profit Corporation (i,1,0,0,0,0,0,0,0,0,0,0,0,0,0,0,0,1,,,,,35426,308,3925,14159,9478,7556,,Urban,MIRALESTE/PALO VERDES ESTATES/PORTUGUESE BEND/RANCHO PALOS VERDES/ROLLING HILLS/SAN PEDRO WEST,106190680,106190680
106190681,MIRACLE MILE MEDICAL CENTER,6000 SAN VICENTE BOULEVARD,LOS ANGELES,90036,323-930-1040,Yes,01/01/2011,12/31/2011,Open,07/08/1954,07/08/1954,,NO,47,26,33,6037216900,78.2x,Metro,11 - Los Angeles,Los Angeles,930000143,Parent Facility,-118.36195,34.0572,General Acute Care,Investor - Limited Liability Company,General Medical / Surgical,17,6205,162,587,0,0,0,0,0,0,0,0,0,0,0,0,0,0,0,0,0,0,0,0,0,0,0,0,0,0,0,0,0,0,0,0,0,0,0,0,0,17,6205,162,587,0,0,0,0,0,0,0,0,0,0,0,0,0,0,0,0,0,0,0,0,0,17,6205,162,587,0,0,0,0,0,0,0,0,0,0,0,0,0,0,0,0,0,0,0,0,0,0,0,0,0,0,0,0,,,,,,0,0,0,0,0,0,0,0,0,0,0,0,0,0,0,0,0,0,,0,0,0,0,0,0,0,0,0,0,0,0,0,Respondent,158,42833,615,27369,0,0,1,1,,0,0,0,,,,0,0,NEITHER,0,0,0,0,0,0,0,0,0,0,0,0,0,0,0,0,0,0,0,0,0,0,0,0,0,0,0,0,0,0,0,0,0,0,0,0,0,0,0,,No,1 - 49,Investor,0,0,0,1,0,0,0,0,0,0,0,0,0,0,0,0,1,,,,,0,0,0,0,0,0,,Urban,HANCOCK PARK/MID-CITY WEST/PARK LA BREA,106190681,106190681
106190687,SANTA MONICA - UCLA MEDICAL CENTER AND ORTHOPAEDIC HOSPITAL,1250 16TH STREET,SANTA MONICA,90404,310-319-4191,Yes,01/01/2011,12/31/2011,Open,01/01/1946,01/01/1946,,NO,41,23,30,6037701502,78.2kkkk,West,11 - Los Angeles,Los Angeles,930000146,Parent Facility,-118.48623,34.02755,General Acute Care,University of California,General Medical / Surgical,233,85045,11436,55732,26,9490,1464,5909,15,5475,1188,3192,26,9490,450,1054,6548,0,0,0,0,0,0,0,0,0,0,0,0,0,0,0,16,5840,130,38,3453,0,0,0,0,316,115340,14668,74834,0,0,0,0,0,0,0,0,0,0,0,,0,0,0,0,0,0,0,0,0,316,115340,14668,74834,0,0,0,0,0,0,16,1255,3479,0,0,0,0,0,0,0,0,0,0,0,0,0,0,0,0,0,0,0,,,,,,Basic,Basic,4807,5,4864,1,8847,6,9613,73,2362,7621,30493,7706,38199,21,0,751,,0,0,0,0,0,0,0,0,0,0,0,0,0,Respondent,3709,680686,7957,493393,0,0,13,13,Yes,1373,121,24,Yes,YES,,803,570,CV SURG,1,0,0,2,26,2,26,4,1,0,0,0,0,206,917,165,640,371,1557,369,0,65,11,6,3,356,226,62,1,0,2,0,27,29,0,21,0,750,1928,,No,300 - 499,University of California,1,0,0,0,0,0,0,0,0,0,0,0,0,0,0,0,1,,,,,38199,4812,4865,8853,9686,9983,,Urban,SANTA MONICA CENTRAL/SAWTELLE/WEST LOS ANGELES,106190687,106190687
106190696,PACIFICA HOSPITAL OF THE VALLEY,9449 SAN FERNANDO ROAD,SUN VALLEY,91352,818-767-3310,Yes,01/01/2011,12/31/2011,Open,12/30/1946,12/30/1946,,NO,39,20,28,6037121210,78.2ppp,San Fernando Valley,11 - Los Angeles,Los Angeles,930000148,Parent Facility,-118.39555,34.24088,General Acute Care,Investor - Corporation,General Medical / Surgical,48,17520,2174,7327,16,5840,612,1923,24,8760,238,431,7,2555,155,365,1588,0,0,0,0,0,0,0,0,0,0,0,0,0,0,0,0,0,0,0,0,0,0,0,0,95,34675,3179,11269,0,0,0,0,38,13870,1685,13032,98,35770,86,,26029,0,0,0,0,0,0,0,0,231,84315,4950,50330,0,0,0,0,0,0,591,591,1712,49,35,0,35,0,35,0,35,8,0,26,0,0,1,0,0,0,0,35,,,,,,Basic,Basic,3446,15,4285,63,2012,141,1042,233,1045,1670,11830,2122,13952,7,0,561,Yes,84,50,61,145,67,49,69,51,67,35,26,40,744,Respondent,598,39875,342,24194,0,0,3,3,Yes,629,34,6,,,,0,313,CATH LAB,1,0,0,0,0,0,0,0,0,0,0,0,0,0,0,0,0,0,0,0,0,0,0,0,0,0,0,0,0,0,0,0,0,0,0,0,0,0,0,,No,200 - 299,Investor,1,0,0,0,0,0,0,0,0,0,0,0,0,0,0,0,1,,,,,13952,3461,4348,2153,1275,2715,,Urban,PACOIMA EAST/SUN VALLEY WEST,106190696,106190696
106190708,SHERMAN OAKS HOSPITAL,4929 VAN NUYS BOULEVARD,SHERMAN OAKS,91403,818-981-7111,Yes,01/01/2011,12/31/2011,Open,03/05/1958,03/05/1958,,NO,42,21,27,6037128910,78.2jj,San Fernando Valley,11 - Los Angeles,Los Angeles,930000149,Parent Facility,-118.4488,34.15995,General Acute Care,Investor - Corporation,General Medical / Surgical,66,24090,3707,12429,0,0,0,0,0,0,0,0,8,2920,180,398,2725,8,2920,0,0,0,0,0,0,0,0,30,10950,0,0,0,0,0,0,0,0,0,0,0,0,112,40880,3887,15154,0,0,0,0,19,6935,383,4760,22,8030,0,,0,0,0,0,0,0,0,0,0,153,55845,4270,19914,0,0,0,0,0,0,0,0,0,0,0,15,15,0,5,10,15,14,1,0,0,0,0,0,0,0,0,15,,,,,,Basic,Basic,15,0,2581,0,5269,0,4767,0,2904,0,15536,4146,19682,12,0,168,Yes,2,3,0,0,0,0,1,0,0,0,1,0,7,Respondent,611,55831,268,17284,0,0,9,9,Yes,0,0,0,,,,0,0,NEITHER,0,0,0,0,0,0,0,0,1,0,0,0,0,22,0,1,0,23,0,23,0,0,0,0,0,0,0,0,0,0,0,0,0,0,0,0,0,0,23,,No,150 - 199,Investor,1,0,0,0,0,0,0,0,0,0,0,0,0,0,0,0,1,,,,,19682,15,2581,5269,4767,2904,4146,Urban,SHERMAN OAKS/STUDIO CITY/VALLEY VILLAGE,106190708,106190708
106190712,SHRINERS HOSPITAL FOR  CHILDREN - L.A.,3160 GENEVA STREET,LOS ANGELES,90020-1199,213-388-3151,Yes,01/01/2011,12/31/2011,Open,03/03/1952,03/03/1952,,NO,48,26,33,6037211120,78.2e,Metro,11 - Los Angeles,Los Angeles,930000150,Parent Facility,-118.28596,34.06762,General Acute Care,Non-Profit Corporation (incl. Church-related),Pediatric,30,10950,0,0,0,0,0,0,30,10950,1121,2896,0,0,0,0,0,0,0,0,0,0,0,0,0,0,0,0,0,0,0,0,0,0,0,0,0,0,0,0,0,60,21900,1121,2896,0,0,0,0,0,0,0,0,0,0,0,,0,0,0,0,0,0,0,0,0,60,21900,1121,2896,0,0,0,0,0,0,0,0,0,0,0,0,0,0,0,0,0,0,0,0,0,0,0,0,0,0,0,0,,,,,,0,0,0,0,0,0,0,0,0,0,0,0,0,0,0,0,0,0,,0,0,0,0,0,0,0,0,0,0,0,0,0,Respondent,1063,209823,386,22774,0,0,2,2,,0,0,0,,,,0,0,NEITHER,0,0,0,0,0,0,0,0,0,0,0,0,0,0,0,0,0,0,0,0,0,0,0,0,0,0,0,0,0,0,0,0,0,0,0,0,0,0,0,,No,50 - 99,Non-Profit Corporation (i,0,0,0,1,0,0,0,0,0,0,0,0,0,0,0,0,1,,,,,0,0,0,0,0,0,,Urban,COUNTRY CLUB PARK/KOREATOWN/MID-CITY EAST,106190712,106190712
106190754,ST. FRANCIS MEDICAL CENTER,3630 IMPERIAL HIGHWAY,LYNWOOD,90262,310-900-8900,Yes,01/01/2011,12/31/2011,Open,01/01/1946,01/01/1946,Level II,NO,50,27,39,6037540203,78.2sss,South,11 - Los Angeles,Los Angeles,930000157,Parent Facility,-118.20309,33.93125,General Acute Care,Non-Profit Corporation (incl. Church-related),General Medical / Surgical,164,59860,9439,44750,71,25915,5823,13902,14,5110,728,2162,36,13140,707,1582,9979,0,0,0,0,0,0,0,0,0,0,0,0,0,0,0,29,10585,566,0,8709,0,0,0,0,314,114610,17263,79502,0,0,0,0,40,14600,1858,12076,30,10950,380,0,7611,0,0,0,0,0,0,0,0,384,140160,19501,99189,0,0,0,0,0,0,40,4945,12093,0,31,0,31,0,29,2,31,13,0,12,0,0,0,0,0,0,6,31,,,,,,Basic,Basic,192,0,3089,6,22438,248,20446,3742,4435,5728,50600,9724,60324,46,0,7156,,0,0,0,0,0,0,0,0,0,0,0,0,0,Respondent,3048,330739,1751,110188,0,0,9,9,Yes,5443,341,71,,,,0,1213,CV SURG,1,0,0,58,21,58,21,47,3,0,0,0,0,237,213,194,0,431,213,415,0,66,0,96,0,85,3,0,0,0,0,0,16,29,0,0,0,0,710,,No,300 - 499,Non-Profit Corporation (i,1,0,0,0,1,0,1,0,0,0,0,0,0,0,1,1,0,,60324,,,,192,3095,22686,24188,10163,,Urban,DOWNEY SOUTHWEST/LYNWOOD NORTH CENTRAL/SOUTH GATE EAST,106190754,106190754
106190756,ST. JOHNS HEALTH CENTER,2121 Santa Monica Blvd,SANTA MONICA,90404,310-829-5511,Yes,01/01/2011,12/31/2011,Open,01/01/1949,01/01/1949,,NO,41,23,30,6037701602,78.2kkkk,West,11 - Los Angeles,Los Angeles,930000158,Parent Facility,-118.478687,34.0298085,General Acute Care,Non-Profit Corporation (incl. Church-related),General Medical / Surgical,196,71321,10755,44677,29,10585,2223,6562,0,0,0,0,23,8395,810,2015,7428,0,0,0,0,0,0,0,0,0,0,0,0,0,0,0,18,6570,262,281,1965,0,0,0,0,266,96871,14050,60632,0,0,0,0,0,0,0,0,0,0,0,,0,0,0,0,0,0,0,0,0,266,96871,14050,60632,0,0,0,0,0,0,6,1692,2234,0,0,0,0,0,0,0,0,0,0,0,0,0,0,0,0,0,0,0,,,,,,Basic,Basic,3169,12,5749,110,10166,2130,2737,3031,1156,1336,22977,6619,29596,24,0,917,,0,0,0,0,0,0,0,0,0,0,0,0,0,Respondent,4852,820625,6890,616006,0,0,14,14,Yes,1790,32,26,,,,0,645,CV SURG,2,0,0,145,10,145,10,116,2,0,0,0,0,230,499,359,49,589,548,352,1,129,0,26,33,332,21,3,35,0,46,63,117,3,356,10,16,0,1543,,No,200 - 299,Non-Profit Corporation (i,1,0,0,0,0,0,0,0,0,0,0,0,0,0,0,0,1,,,,,29596,3181,5859,12296,5768,2492,,Urban,SANTA MONICA CENTRAL/SAWTELLE/WEST LOS ANGELES,106190756,106190756
106190758,PROVIDENCE SAINT JOSEPH MEDICAL CENTER,501 SO. BUENA VISTA,BURBANK,91505-4866,818-365-8051,Yes,01/01/2011,12/31/2011,Open,01/01/1946,01/01/1946,,NO,43,21,29,6037311600,78.2ttt,San Fernando Valley,11 - Los Angeles,Los Angeles,930000159,Parent Facility,-118.32711,34.1559,General Acute Care,Non-Profit Corporation (incl. Church-related),General Medical / Surgical,237,86505,14149,61860,24,8760,2842,8148,0,0,0,0,38,13870,658,1204,10542,16,5840,0,0,0,0,0,0,0,0,0,0,0,0,0,20,7300,285,487,3698,25,9125,313,4408,360,131400,18247,88656,0,0,0,0,0,0,0,0,54,19710,0,,0,0,0,0,0,0,0,0,0,414,151110,18247,88656,0,0,0,0,0,0,32,2561,5834,0,0,0,0,0,0,0,0,0,0,0,0,0,0,0,0,0,0,0,,,,,,Basic,Basic,458,0,5016,3,21900,61,14968,1133,7512,7605,49854,8802,58656,38,6631,427,Yes,32,31,27,2,8,11,16,5,3,9,6,14,164,Respondent,4979,730920,5201,428580,0,0,15,15,Yes,2392,138,33,,,,0,962,CV SURG,1,0,0,15,0,15,0,50,3,0,0,0,0,376,430,271,255,647,685,368,0,69,57,49,31,394,20,4,0,0,127,115,0,0,0,16,0,82,1332,,No,300 - 499,Non-Profit Corporation (i,1,0,0,0,0,0,0,0,0,0,0,0,0,0,0,0,1,,,,,58656,458,5019,21961,16101,15117,,Urban,BURBANK NORTH/NORTH HOLLYWOOD SOUTH,106190758,106190758
106190762,ST. VINCENT MEDICAL CENTER,2131 WEST 3RD STREET,LOS ANGELES,90057,213-484-7111-7054,Yes,01/01/2011,12/31/2011,Open,01/01/1946,01/01/1946,,NO,46,22,31,6037208500,78.2ffff,Metro,11 - Los Angeles,Los Angeles,930000161,Parent Facility,-118.27302,34.06311,General Acute Care,Non-Profit Corporation (incl. Church-related),General Medical / Surgical,253,92345,6941,35983,0,0,0,0,0,0,0,0,67,24455,1481,0,4085,0,0,0,0,0,0,0,0,0,0,0,0,0,0,0,0,0,0,0,0,19,6935,404,4834,339,123735,8826,44902,0,0,0,0,0,0,0,0,27,9855,688,,7426,0,0,0,0,0,0,0,0,366,133590,9514,52328,0,0,0,0,0,0,0,0,0,0,0,0,0,0,0,0,0,0,0,0,0,0,0,0,0,0,0,0,,,,,,Standby,Standby,22,4,134,4,2422,232,4702,1672,1148,2761,8428,4673,13101,8,0,0,,0,0,0,0,0,0,0,0,0,0,0,0,0,Respondent,2710,556119,3277,328054,0,0,18,18,,0,0,0,,,,0,0,CV SURG,4,0,0,46,39,46,39,79,4,0,0,0,0,380,193,672,341,1052,534,684,2,152,57,147,37,204,24,1,0,0,116,101,54,57,0,17,0,326,1979,,No,300 - 499,Non-Profit Corporation (i,0,0,1,0,0,0,0,0,0,0,0,0,0,0,0,0,1,,,,,13101,26,138,2654,6374,3909,,Urban,BOYLE HEIGHTS NORTHWEST/CHINATOWN/DOWNTOWN NORTHWEST/LITTLE TOKYO/WESTLAKE,106190762,106190762
106190766,COAST PLAZA DOCTORS HOSPITAL,13100 SOUTH STUDEBAKER ROAD,NORWALK,90650,562-868-3751-2279,Yes,01/01/2011,12/31/2011,Open,04/10/1958,04/10/1958,,NO,56,30,38,6037552000,78.2jjjj,East,11 - Los Angeles,Los Angeles,930000162,Parent Facility,-118.09906,33.91264,General Acute Care,Investor - Limited Liability Company,General Medical / Surgical,98,35770,3462,11225,0,0,0,0,0,0,0,0,4,1460,97,247,1243,3,1095,61,102,622,0,0,0,0,0,0,0,0,0,0,0,0,0,0,0,0,0,0,0,105,38325,3620,13090,0,0,0,0,0,0,0,0,12,4380,0,,0,0,0,0,0,0,0,0,0,117,42705,3620,13090,0,0,0,0,0,0,0,0,0,0,0,0,0,0,0,0,0,0,0,0,0,0,0,0,0,0,0,0,,,,,,Basic,Basic,210,0,584,0,2848,0,3594,0,2259,0,9495,3198,12693,8,0,361,,0,0,0,0,0,0,0,0,0,0,0,0,0,Respondent,480,49173,344,25506,0,0,4,4,Yes,1,0,0,,,,0,0,NEITHER,0,0,0,0,0,0,0,0,0,0,0,0,0,0,0,0,0,0,0,0,0,0,0,0,0,0,0,0,0,0,0,0,0,0,0,0,0,0,0,,No,100 - 149,Investor,1,0,0,0,0,0,0,0,0,0,0,0,0,0,0,0,1,,,,,12693,210,584,2848,3594,2259,3198,Urban,NORWALK/STUDEBAKER,106190766,106190766
106190782,TARZANA TREATMENT CENTER,18646 OXNARD STREET,TARZANA,91356,818-996-1051,Yes,01/01/2011,12/31/2011,Open,07/01/1970,07/01/1970,,NO,41,23,27,6037139302,78.2ii,San Fernando Valley,11 - Los Angeles,Los Angeles,930000163,Parent Facility,-118.5388,34.17985,Acute Psychiatric,Non-Profit Corporation (incl. Church-related),Psychiatric,0,0,0,0,0,0,0,0,0,0,0,0,0,0,0,0,0,0,0,0,0,0,0,0,0,0,0,0,0,0,0,0,0,0,0,0,0,0,0,0,0,0,0,0,0,0,0,0,0,60,21900,2407,16564,0,0,0,,0,0,0,0,0,0,0,0,0,60,21900,2407,16564,0,0,0,0,2407,16564,0,0,0,0,0,41,41,0,39,2,41,0,0,0,3,0,0,0,0,0,38,41,,,,,,0,0,0,0,0,0,0,0,0,0,0,0,0,0,0,0,0,0,,0,0,0,0,0,0,0,0,0,0,0,0,0,Respondent,0,0,0,0,0,0,0,0,,0,0,0,,,,0,0,NEITHER,0,0,0,0,0,0,0,0,0,0,0,0,0,0,0,0,0,0,0,0,0,0,0,0,0,0,0,0,0,0,0,0,0,0,0,0,0,0,0,,No,50 - 99,Non-Profit Corporation (i,0,0,0,1,0,0,0,0,0,0,0,0,0,0,0,0,1,,,,,0,0,0,0,0,0,,Urban,RESEDA SOUTH/VAN NUYS SOUTHWEST,106190782,106190782
106190784,TEMPLE COMMUNITY HOSPITAL,235 NORTH HOOVER STREET,LOS ANGELES,90004,213-382-7252-201,Yes,01/01/2011,12/31/2011,Open,01/01/1946,01/01/1946,,NO,45,26,31,6037211110,78.2e,Metro,11 - Los Angeles,Los Angeles,930000164,Parent Facility,-118.28366,34.07534,General Acute Care,Investor - Corporation,General Medical / Surgical,138,50370,2734,15066,0,0,0,0,0,0,0,0,6,2190,5,6,19,6,2190,2,5,16,0,0,0,0,0,0,0,0,0,0,0,0,0,0,0,0,0,0,0,150,54750,2741,15101,0,0,0,0,0,0,0,0,20,7300,13,,2885,0,0,0,0,0,0,0,0,170,62050,2754,17986,0,0,0,0,0,0,0,0,0,0,0,0,0,0,0,0,0,0,0,0,0,0,0,0,0,0,0,0,,,,,,0,0,0,0,0,0,0,0,0,0,0,0,0,0,0,0,0,0,,0,0,0,0,0,0,0,0,0,0,0,0,0,Respondent,840,106878,2128,138101,0,0,7,7,,0,0,0,,,,0,0,NEITHER,0,0,0,0,0,0,0,0,0,0,0,0,0,0,0,0,0,0,0,0,0,0,0,0,0,0,0,0,0,0,0,0,0,0,0,0,0,0,0,,No,150 - 199,Investor,0,0,0,1,0,0,0,0,0,0,0,0,0,0,0,0,1,,,,,0,0,0,0,0,0,,Urban,COUNTRY CLUB PARK/KOREATOWN/MID-CITY EAST,106190784,106190784
106190796,RONALD REAGAN UCLA MEDICAL CENTER,757 WESTWOOD PLAZA,LOS ANGELES,90095,310-794-1630,Yes,01/01/2011,12/31/2011,Open,07/01/1955,07/01/1955,Level I & Level I - Ped,YES,47,23,30,6037265301,78.2w,West,11 - Los Angeles,Los Angeles,930000165,Parent Facility,-118.445,34.068889,General Acute Care,University of California,General Medical / Surgical,234,85410,16011,83558,13,4745,2170,6091,44,16060,2475,14519,120,43800,1918,6213,42532,12,4380,342,287,3849,0,0,0,0,0,0,0,0,0,0,32,11680,401,365,10127,11,4015,206,3193,466,170090,23523,163869,0,0,0,0,0,0,0,0,0,0,0,,0,0,0,0,0,0,0,0,0,466,170090,23523,163869,0,0,0,0,0,0,29,1943,3891,0,0,0,0,0,0,0,0,0,0,0,0,0,0,0,0,0,0,0,,,,,,Comprehensive,Comprehensive,4253,6,4084,2,8586,13,10780,99,6421,9833,34124,9953,44077,33,0,982,Yes,0,0,0,0,0,0,4,0,0,0,0,0,4,Respondent,10834,2591480,15708,1257857,0,15,23,38,Yes,2213,151,32,,,,0,712,CV SURG,3,126,40,527,285,653,325,209,6,93,342,196,438,861,4669,847,2462,1997,7911,1276,250,267,153,79,44,527,513,250,11,46,471,396,414,233,22,96,3,4857,9908,Yes,No,300 - 499,University of California,0,1,0,0,1,1,0,0,0,1,0,0,0,0,1,1,0,44077,,,,,4259,4086,8599,10879,16254,,Urban,CENTURY CITY/CHEVIOT HILLS/RANCHO PARK/WEST LOS ANGELES/WESTWOOD,106190796,106190796
106190812,VALLEY PRESBYTERIAN HOSPITAL,15107 VAN OWEN STREET,VAN NUYS,91405,818-782-6600,Yes,01/01/2011,12/31/2011,Open,01/21/1958,01/21/1958,,NO,40,20,27,6037127801,78.2zz,San Fernando Valley,11 - Los Angeles,Los Angeles,930000170,Parent Facility,-118.46196,34.19399,General Acute Care,Non-Profit Corporation (incl. Church-related),General Medical / Surgical,188,68620,9638,39030,58,21170,3816,10213,25,9125,1531,3919,30,10950,580,823,5002,0,0,0,0,0,0,0,0,0,0,0,0,0,0,0,32,11680,401,0,7767,17,6205,301,4166,350,127750,16267,70097,0,0,0,0,0,0,0,0,0,0,0,,0,0,0,0,0,0,0,0,0,350,127750,16267,70097,0,0,0,0,0,0,58,3815,10670,0,0,0,0,0,0,0,0,0,0,0,0,0,0,0,0,0,0,0,,,,,,Basic,Basic,6878,487,19404,147,14039,228,3878,1402,2392,4484,46591,6748,53339,21,0,2287,Yes,24,8,3,12,27,5,1,3,1,6,7,3,100,Respondent,3966,543795,3626,296715,0,0,8,8,,4121,236,82,,,,0,1666,CV SURG,1,0,0,56,5,56,5,61,1,0,0,0,0,420,167,358,142,778,309,778,0,30,17,18,4,83,222,4,0,0,0,0,314,98,0,13,408,0,1989,Yes,No,300 - 499,Non-Profit Corporation (i,1,0,0,0,0,0,0,0,0,0,0,0,0,0,0,0,1,,,,,53339,7365,19551,14267,5280,6876,,Urban,NORTHRIDGE SOUTH/RESEDA NORTH,106190812,106190812
106190814,HOLLYWOOD COMMUNITY HOSPITAL OF VAN NUYS,14433 EMELITA STREET,VAN NUYS,91401,818-787-1511,Yes,01/01/2011,12/31/2011,Open,04/22/1964,04/22/1964,,NO,40,21,27,6037128500,78.2ii,San Fernando Valley,11 - Los Angeles,Los Angeles,930000066,Consolidated Facility,-118.44724,34.17673,General Acute Care,Investor - Limited Liability Company,Psychiatric,0,0,0,0,0,0,0,0,0,0,0,0,0,0,0,0,0,0,0,0,0,0,0,0,0,0,0,0,0,0,0,0,0,0,0,0,0,0,0,0,0,0,0,0,0,0,0,0,0,59,21535,3100,18186,0,0,0,,0,0,0,0,0,0,0,0,0,59,21535,3100,18186,0,0,0,0,0,0,0,0,0,0,0,43,43,0,40,3,43,12,0,31,0,0,0,0,0,0,0,43,,,,,,0,0,0,0,0,0,0,0,0,0,0,0,0,0,0,0,0,0,,0,0,0,0,0,0,0,0,0,0,0,0,0,Respondent,0,0,0,0,0,0,0,0,,0,0,0,,,,0,0,NEITHER,0,0,0,0,0,0,0,0,0,0,0,0,0,0,0,0,0,0,0,0,0,0,0,0,0,0,0,0,0,0,0,0,0,0,0,0,0,0,0,,No,50 - 99,Investor,0,0,0,1,0,0,0,0,0,0,0,0,0,0,0,0,1,,,,,0,0,0,0,0,0,,Urban,RESEDA SOUTH/VAN NUYS SOUTHWEST,106190814,106190814
106190818,VERDUGO HILLS HOSPITAL,1812 VERDUGO BOULEVARD,GLENDALE,91208,818-790-7100,Yes,01/01/2011,12/31/2011,Open,12/08/1972,12/08/1972,,NO,43,21,29,6037300800,78.2dd,San Fernando Valley,11 - Los Angeles,Los Angeles,930000173,Parent Facility,-118.2152,34.20557,General Acute Care,Non-Profit Corporation (incl. Church-related),General Medical / Surgical,92,33580,3953,13630,12,4380,742,1981,0,0,0,0,6,2190,158,292,1678,6,2190,0,3,0,0,0,0,0,0,0,0,0,0,0,0,0,0,0,0,0,0,0,0,116,42340,4853,17289,0,0,0,0,24,8760,538,7970,18,6570,793,,4371,0,0,0,0,0,0,0,0,158,57670,6184,29630,0,0,0,0,0,0,14,643,1680,0,0,23,23,0,4,19,23,20,0,0,0,0,0,3,0,0,0,23,,,,,,Basic,Basic,4277,0,2892,0,3796,0,2630,0,2231,0,15826,3097,18923,12,551,335,Yes,96,119,101,43,64,62,48,31,58,35,16,44,717,Respondent,1177,147463,3273,254492,0,0,6,6,Yes,638,8,6,Yes,YES,,341,293,NEITHER,0,0,0,0,0,0,0,0,0,0,0,0,0,0,0,0,0,0,0,0,0,0,0,0,0,0,0,0,0,0,0,0,0,0,0,0,0,0,0,,No,150 - 199,Non-Profit Corporation (i,1,0,0,0,0,0,0,0,0,0,0,0,0,0,0,0,1,,,,,18923,4277,2892,3796,2630,2231,3097,Urban,BURBANK SOUTH/EAGLE ROCK/GLENDALE NORTHWEST,106190818,106190818
106190854,LOS ANGELES METROPOLITAN MEDICAL CENTER,2231 SOUTH WESTERN AVENUE,LOS ANGELES,90018,323-730-7300,Yes,01/01/2011,12/31/2011,Open,10/29/1971,10/29/1971,,NO,48,26,33,6037221400,78.2nnn,South,11 - Los Angeles,Los Angeles,930000187,Parent Facility,-118.30909,34.03606,General Acute Care,Investor - Corporation,General Medical / Surgical,91,33215,5285,6227,16,5840,0,0,0,0,0,0,4,1460,61,90,954,4,1460,58,88,950,0,0,0,0,0,0,0,0,0,0,0,0,0,0,0,0,0,0,0,115,41975,5404,8131,0,0,0,0,98,35770,2683,20235,0,0,0,0,0,0,0,0,0,0,0,0,0,213,77745,8087,28366,0,0,0,0,0,0,0,0,0,0,69,0,69,0,48,21,69,40,6,23,0,0,0,0,0,0,0,69,,,,,,Basic,Basic,45,45,508,508,1958,1958,1967,1967,3491,3491,7969,7969,15938,4,4861,382,Yes,11,6,11,23,15,1,19,15,30,6,10,7,154,Respondent,114,5501,192,8723,0,0,4,4,Yes,0,0,0,,,,0,0,NEITHER,0,0,0,0,0,0,0,0,0,0,0,0,0,0,0,0,0,0,0,0,0,0,0,0,0,0,0,0,0,0,0,0,0,0,0,0,0,0,0,,No,200 - 299,Investor,1,0,0,0,0,0,0,0,0,0,0,0,0,0,0,0,1,,,,,15938,90,1016,3916,3934,6982,,Urban,CRENSHAW/CULVER CITY EAST/MID-CITY SOUTH/WEST ADAMS,106190854,106190854
106190857,"DOCTORS HOSPITAL OF WEST COVINA, INC",725 SOUTH ORANGE AVENUE,WEST COVINA,91790,626-338-8481,Yes,01/01/2011,12/31/2011,Open,11/07/1958,11/07/1958,,NO,57,24,32,6037406800,78.2www,San Gabriel Valley,11 - Los Angeles,Los Angeles,930000188,Parent Facility,-117.94505,34.07042,General Acute Care,Investor - Corporation,General Medical / Surgical,24,8760,186,618,0,0,0,0,0,0,0,0,3,1095,0,0,0,0,0,0,0,0,0,0,0,0,0,0,0,0,0,0,0,0,0,0,0,0,0,0,0,27,9855,186,618,0,0,0,0,0,0,0,0,24,8760,18,0,8177,0,0,0,0,0,0,0,0,51,18615,204,8795,0,0,0,0,0,0,0,0,0,0,0,0,0,0,0,0,0,0,0,0,0,0,0,0,0,0,0,0,,,,,,0,0,0,0,0,0,0,0,0,0,0,0,0,0,0,0,0,0,,0,0,0,0,0,0,0,0,0,0,0,0,0,Respondent,88,11662,538,55608,0,0,2,2,,0,0,0,,,,0,0,NEITHER,0,0,0,0,0,0,0,0,0,0,0,0,0,0,0,0,0,0,0,0,0,0,0,0,0,0,0,0,0,0,0,0,0,0,0,0,0,0,0,,No,50 - 99,Investor,0,0,0,1,0,0,0,0,0,0,0,0,0,0,0,0,1,,,,,0,0,0,0,0,0,,Urban,VALINDA/WEST COVINA,106190857,106190857
106190859,WEST HILLS HOSPITAL AND MEDICAL CENTER,7300 MEDICAL CENTER DRIVE,CANOGA PARK,91307,818-676-4000,Yes,01/01/2011,12/31/2011,Open,11/07/1962,11/07/1962,,NO,40,23,30,6037134422,78.2xx,San Fernando Valley,11 - Los Angeles,Los Angeles,930000189,Parent Facility,-118.6294,34.20365,General Acute Care,Investor - Corporation,General Medical / Surgical,157,57525,6337,31125,24,8760,1006,2808,0,0,0,0,25,9125,343,1258,6241,0,0,0,0,0,0,0,0,0,0,8,2920,12,50,619,11,4015,102,2,1441,0,0,0,0,225,82345,7800,42234,0,0,0,0,0,0,0,0,0,0,0,0,0,0,0,0,0,0,0,0,0,225,82345,7800,42234,0,0,0,0,0,0,11,802,2016,0,0,0,0,0,0,0,0,0,0,0,0,0,0,0,0,0,0,0,,,,,,Basic,Basic,2751,10,4095,15,14906,109,7807,371,1990,5213,31549,5718,37267,29,0,203,Yes,43,44,42,11,9,20,2,8,7,6,2,10,204,Respondent,2535,334830,1191,109920,0,1,6,7,,880,68,8,,,,0,344,CV SURG,1,0,0,73,0,73,0,71,2,0,0,0,0,446,219,277,72,723,291,723,1,11,10,11,10,219,60,2,1,0,4,86,48,13,0,14,0,15,1228,,No,200 - 299,Investor,1,0,0,0,0,0,0,0,0,0,0,0,0,0,0,0,1,,,,,37267,2761,4110,15015,8178,7203,,Urban,AGOURA HILLS/CALABASAS/HIDDEN HILLS/WEST HILLS/WESTLAKE,106190859,106190859
106190878,WHITE MEMORIAL MEDICAL CENTER,1720 CESAR E. CHAVEZ AVENUE,LOS ANGELES,90033,323-268-5000-1590,Yes,01/01/2011,12/31/2011,Open,01/01/1946,01/01/1946,,YES,46,22,34,6037203500,78.2ffff,Metro,11 - Los Angeles,Los Angeles,930000195,Parent Facility,-118.21739,34.051,General Acute Care,Non-Profit Corporation (incl. Church-related),General Medical / Surgical,150,54750,8933,38628,24,8760,4727,12479,28,10220,1633,3423,39,14235,1472,1856,11358,8,2920,0,0,0,0,0,0,0,0,0,0,0,0,0,28,10220,575,123,7197,16,5840,332,4106,293,106945,17672,77191,0,0,0,0,33,12045,1920,9142,27,9855,425,5,6552,0,0,0,0,0,0,0,0,353,128845,20017,92885,0,0,0,0,0,0,32,3563,7697,0,12,0,12,0,10,2,12,4,0,7,0,0,0,0,0,0,1,12,,,,,,Basic,Basic,521,2,3892,6,13288,62,13646,1306,4202,7838,35549,9214,44763,29,4421,2454,,0,0,0,0,0,0,0,0,0,0,0,0,0,Respondent,2751,325805,4174,278990,0,4,7,11,Yes,4031,222,62,,,,0,1089,CV SURG,2,0,0,41,8,41,8,49,2,1,0,0,0,614,347,430,33,1045,380,866,0,28,9,39,12,363,45,4,0,0,335,322,176,122,0,20,0,203,2544,,No,300 - 499,Non-Profit Corporation (i,1,0,0,0,0,0,0,0,0,0,0,0,0,0,0,0,1,,,,,44763,523,3898,13350,14952,12040,,Urban,BOYLE HEIGHTS NORTHWEST/CHINATOWN/DOWNTOWN NORTHWEST/LITTLE TOKYO/WESTLAKE,106190878,106190878
106190883,WHITTIER HOSPITAL MEDICAL CENTER,9080 COLIMA ROAD,WHITTIER,90605,562-945-3561-1735,Yes,01/01/2011,12/31/2011,Open,05/05/1957,05/05/1957,,NO,60,30,42,6037500202,78.2uu,East,11 - Los Angeles,Los Angeles,930000402,Parent Facility,-118.00303,33.95379,General Acute Care,Investor - Corporation,General Medical / Surgical,112,40880,5015,17291,28,10220,2174,5194,0,0,0,0,16,5840,305,1280,3456,0,0,0,0,0,0,0,0,0,0,0,0,0,0,0,0,0,0,0,0,0,0,0,0,156,56940,7494,25941,0,0,0,0,0,0,0,0,22,8030,9,0,7863,0,0,0,0,0,0,0,0,178,64970,7503,33804,0,0,0,0,0,0,24,2100,4295,0,0,0,0,0,0,0,0,0,0,0,0,0,0,0,0,0,0,0,,,,,,Basic,Basic,2007,9,6634,31,7682,418,2588,897,3055,3214,21966,4569,26535,11,1683,160,Yes,49,63,15,12,14,19,21,21,12,27,15,37,305,Respondent,1343,112789,1694,110930,5,0,0,5,,2099,62,5,,,,0,751,NEITHER,0,0,0,0,0,0,0,0,0,0,0,0,0,0,0,0,0,0,0,0,0,0,0,0,0,0,0,0,0,0,0,0,0,0,0,0,0,0,0,,No,150 - 199,Investor,1,0,0,0,0,0,0,0,0,0,0,0,0,0,0,0,1,,,,,26535,2016,6665,8100,3485,6269,,Urban,LA HABRA HEIGHTS/WHITTIER,106190883,106190883
106190930,RESNICK NEUROPSYCHIATRIC HOSPITAL AT UCLA,150 Medical Plaza,LOS ANGELES,90095,310-267-9092,Yes,01/01/2011,12/31/2011,Open,11/01/1957,11/01/1957,,NO,47,23,30,6037265301,78.2w,West,11 - Los Angeles,Los Angeles,930000204,Parent Facility,-118.4458953,34.0650255,Acute Psychiatric,University of California,Psychiatric,0,0,0,0,0,0,0,0,0,0,0,0,0,0,0,0,0,0,0,0,0,0,0,0,0,0,0,0,0,0,0,0,0,0,0,0,0,0,0,0,0,0,0,0,0,0,0,0,0,74,27010,1964,24129,0,0,0,0,0,0,0,0,0,0,0,0,0,74,27010,1964,24129,0,0,0,0,0,0,0,0,0,0,67,0,67,20,35,12,67,20,0,6,0,0,0,41,0,0,0,67,,,,,,0,0,0,0,0,0,0,0,0,0,0,0,0,0,0,0,0,0,,0,0,0,0,0,0,0,0,0,0,0,0,0,Respondent,0,0,0,0,0,0,0,0,,0,0,0,,,,0,0,NEITHER,0,0,0,0,0,0,0,0,0,0,0,0,0,0,0,0,0,0,0,0,0,0,0,0,0,0,0,0,0,0,0,0,0,0,0,0,0,0,0,,No,50 - 99,University of California,0,0,0,1,0,0,0,0,0,0,0,0,0,0,0,0,1,,,,,0,0,0,0,0,0,,Urban,CENTURY CITY/CHEVIOT HILLS/RANCHO PARK/WEST LOS ANGELES/WESTWOOD,106190930,106190930
106190949,HENRY MAYO NEWHALL MEMORIAL HOSPITAL,23845 WEST MCBEAN PARKWAY,VALENCIA,91355,661-253-8000,Yes,01/01/2011,12/31/2011,Open,07/30/1975,07/30/1975,Level II,NO,38,19,25,6037920330,76.1a,San Fernando Valley,11 - Los Angeles,Los Angeles,930000206,Parent Facility,-118.55324,34.39637,General Acute Care,Non-Profit Corporation (incl. Church-related),General Medical / Surgical,152,55480,8620,38453,15,5475,1325,2982,0,0,0,0,12,4380,224,908,3264,6,2190,112,454,1632,0,0,0,0,0,0,0,0,0,0,0,0,0,0,0,19,6935,279,3127,204,74460,10560,49458,0,0,0,0,23,8395,1113,5737,0,0,0,0,0,0,0,0,0,0,0,0,0,227,82855,11673,55195,0,0,0,0,0,0,19,1211,2555,0,0,18,18,0,18,0,18,5,0,4,0,0,6,0,0,0,3,18,,Yes,YES,,,Basic,Basic,371,2,2231,1,10978,38,16650,1156,15205,7733,45435,8930,54365,36,0,2010,Yes,114,145,155,105,48,42,47,48,43,75,9,24,855,Respondent,3020,371625,580,55506,4,4,0,8,Yes,1248,46,14,,,,0,434,CATH LAB,0,0,0,0,0,0,0,0,1,0,0,0,0,34,0,5,0,39,0,39,0,17,1,0,0,0,0,0,0,0,3,1,0,0,0,0,0,0,61,,No,200 - 299,Non-Profit Corporation (i,1,0,0,0,1,0,1,0,0,0,0,0,0,0,1,1,0,,54365,,,,373,2232,11016,17806,22938,,Urban,CANYON COUNTRY/SANTA CLARITA WEST/SAUGUS,106190949,106190949
106190958,METROPOLITAN STATE HOSPITAL,11400 SOUTH NORWALK BOULEVARD,NORWALK,90650,561-651-2245,Yes,01/01/2011,12/31/2011,Open,02/16/1916,02/16/1916,,NO,56,30,38,6037502800,78.2vv,East,11 - Los Angeles,Los Angeles,170000832,Parent Facility,-118.07249,33.92817,Acute Psychiatric,State,Psychiatric,0,0,0,0,0,0,0,0,0,0,0,0,0,0,0,0,0,0,0,0,0,0,0,0,0,0,0,0,0,0,0,0,0,0,0,0,0,0,0,0,0,0,0,0,0,0,0,0,0,1132,413180,486,202775,102,37230,16,0,21499,20,7300,15,2047,0,0,0,0,1254,457710,517,226321,0,0,0,0,0,0,0,0,0,0,573,0,573,0,562,11,573,120,0,125,0,0,1,0,120,180,27,573,Yes,Yes,,YES,,0,0,0,0,0,0,0,0,0,0,0,0,0,0,0,0,0,0,,0,0,0,0,0,0,0,0,0,0,0,0,0,Respondent,0,0,0,0,0,0,0,0,,0,0,0,,,,0,0,NEITHER,0,0,0,0,0,0,0,0,0,0,0,0,0,0,0,0,0,0,0,0,0,0,0,0,0,0,0,0,0,0,0,0,0,0,0,0,0,0,0,,Yes,500+,State,0,0,0,1,0,0,0,0,0,0,0,0,0,0,0,0,1,,,,,0,0,0,0,0,0,,Urban,LOS NIETOS/SANTA FE SPRINGS NORTHEAST,106190958,106190958
106191014,LANTERMAN DEVELOPMENTAL CENTER,3530 POMONA BOULEVARD,POMONA,91768,909-444-7250,Yes,01/01/2011,12/31/2011,Open,01/01/1972,01/01/1972,,NO,61,32,38,6037403200,78.2vvv,San Gabriel Valley,11 - Los Angeles,Los Angeles,170000772,Parent Facility,-117.81286,34.04567,General Acute Care,State,Developmentally Disabled,39,14235,6,646,0,0,0,0,0,0,0,0,0,0,0,0,0,0,0,0,0,0,0,0,0,0,0,0,0,0,0,0,0,0,0,0,0,0,0,0,0,39,14235,6,646,0,0,0,0,0,0,0,0,275,100375,42,,31844,0,0,0,0,944,344560,109,83040,1258,459170,157,115530,0,0,0,0,0,0,0,0,0,0,0,0,0,0,0,0,0,0,0,0,0,0,0,0,0,0,0,0,,,,,,0,0,0,0,0,0,0,0,0,0,0,0,0,0,0,0,0,0,,0,0,0,0,0,0,0,0,0,0,0,0,0,Respondent,0,0,0,0,0,0,0,0,,0,0,0,,,,0,0,NEITHER,0,0,0,0,0,0,0,0,0,0,0,0,0,0,0,0,0,0,0,0,0,0,0,0,0,0,0,0,0,0,0,0,0,0,0,0,0,0,0,,Yes,500+,State,0,0,0,1,0,0,0,0,0,0,0,0,0,0,0,0,1,,,,,0,0,0,0,0,0,,Urban,DIAMOND BAR/INDUSTRY EAST/PHILLIPS RANCH/POMONA WEST/WALNUT,106191014,106191014
106191216,"USC KENNETH NORRIS, JR. CANCER HOSPITAL",1441 EASTLAKE AVENUE,LOS ANGELES,90033,323-865-3000,Yes,01/01/2011,06/30/2011,Open,04/11/1983,04/11/1983,,NO,45,24,34,6037203300,78.2ffff,Metro,11 - Los Angeles,Los Angeles,930000267,Parent Facility,-118.20458,34.06168,General Acute Care,Non-Profit Corporation (incl. Church-related),Other,47,17155,2,3,0,0,0,0,0,0,0,0,13,4745,0,0,0,0,0,0,0,0,0,0,0,0,0,0,0,0,0,0,0,0,0,0,0,0,0,0,0,60,21900,2,3,0,0,0,0,0,0,0,0,0,0,0,0,0,0,0,0,0,0,0,0,0,60,21900,2,3,0,0,0,0,0,0,0,0,0,0,0,0,0,0,0,0,0,0,0,0,0,0,0,0,0,0,0,0,,,,,,0,0,0,0,0,0,0,0,0,0,0,0,0,0,0,0,0,0,,0,0,0,0,0,0,0,0,0,0,0,0,0,Respondent,0,0,0,0,0,0,0,0,,0,0,0,,,,0,0,NEITHER,0,0,0,0,0,0,0,0,0,0,0,0,0,0,0,0,0,0,0,0,0,0,0,0,0,0,0,0,0,0,0,0,0,0,0,0,0,0,0,,No,50 - 99,Non-Profit Corporation (i,0,0,0,1,0,0,0,0,0,0,0,0,0,0,0,0,1,,,,,0,0,0,0,0,0,,Urban,BOYLE HEIGHTS NORTHWEST/CHINATOWN/DOWNTOWN NORTHWEST/LITTLE TOKYO/WESTLAKE,106191216,106191216
106191225,TOM REDGATE MEMORIAL RECOVERY CENTER,1775 CHESTNUT STREET,LONG BEACH,90813,562-599-8444-4207,Yes,01/01/2011,12/31/2011,Open,02/25/1983,02/25/1983,,NO,55,27,37,6037575401,78.2jjj,South Bay,11 - Los Angeles,Los Angeles,930000272,Parent Facility,-118.19647,33.7894,Chemical Dependency Recovery Hospital,Non-Profit Corporation (incl. Church-related),Chemical Dependency (Alcohol/Drug),0,0,0,0,0,0,0,0,0,0,0,0,0,0,0,0,0,0,0,0,0,0,0,0,0,0,0,0,0,0,0,0,0,0,0,0,0,0,0,0,0,0,0,0,0,63,22995,817,14860,0,0,0,0,0,0,0,0,0,0,0,0,0,0,0,0,0,63,22995,817,14860,0,0,0,0,0,0,0,0,0,0,0,0,0,0,0,0,0,0,0,0,0,0,0,0,0,0,0,0,,,,,,0,0,0,0,0,0,0,0,0,0,0,0,0,0,0,0,0,0,,0,0,0,0,0,0,0,0,0,0,0,0,0,Respondent,0,0,0,0,0,0,0,0,,0,0,0,,,,0,0,NEITHER,0,0,0,0,0,0,0,0,0,0,0,0,0,0,0,0,0,0,0,0,0,0,0,0,0,0,0,0,0,0,0,0,0,0,0,0,0,0,0,,No,50 - 99,Non-Profit Corporation (i,0,0,0,1,0,0,0,0,0,0,0,0,0,0,0,0,1,,,,,0,0,0,0,0,0,,Urban,LONG BEACH WEST CENTRAL,106191225,106191225
106191227,LAC/HARBOR-UCLA MEDICAL CENTER,1000 WEST CARSON STREET,TORRANCE,90502,310-222-2101,Yes,01/01/2011,12/31/2011,Open,07/01/1953,07/01/1953,Level I & Level II - Ped,YES,55,28,36,6037543503,78.2aaaa,South Bay,11 - Los Angeles,Los Angeles,60000129,Parent Facility,-118.29332,33.83149,General Acute Care,City and/or County,General Medical / Surgical,320,116800,16221,81178,50,18250,1121,3469,34,12410,1961,5843,46,16790,505,1911,10874,6,2190,204,364,1987,8,2920,120,382,2825,0,0,0,0,0,35,12775,70,150,3191,0,0,0,0,499,182135,20202,109367,0,0,0,0,39,14235,802,13209,0,0,0,,0,0,0,0,0,0,0,0,0,538,196370,21004,122576,0,0,0,0,0,0,26,926,3571,0,35,0,35,0,35,0,35,0,0,0,0,0,0,0,35,0,0,35,Yes,,,,,Basic,Basic,250,0,2128,742,32244,8911,19145,3342,11926,743,65693,13738,79431,46,0,11108,Yes,472,442,467,449,393,464,363,255,281,324,351,322,4583,Respondent,7191,1297638,3614,367709,0,0,11,11,Yes,828,53,14,,,,0,250,CV SURG,1,0,2,184,4,184,6,95,1,0,0,0,0,853,515,394,101,1247,616,1055,1,44,7,32,27,449,2,2,0,10,47,39,21,13,0,11,15,88,1863,,No,500+,City and/or County,1,0,0,0,1,1,0,0,0,1,0,0,0,0,1,1,0,79431,,,,,250,2870,41155,22487,12669,,Urban,HARBOR GATEWAY SOUTH/LOMITA/TORRANCE EAST CENTRAL,106191227,106191227
106191228,LAC+USC MEDICAL CENTER,1200 NORTH STATE STREET,LOS ANGELES,90033,323-409-2800,Yes,01/01/2011,12/31/2011,Open,01/01/1953,01/01/1953,Level I & Level II - Ped,YES,46,24,34,6037203300,78.2ffff,Metro,11 - Los Angeles,Los Angeles,60000130,Parent Facility,-118.20977,34.05918,General Acute Care,City and/or County,General Medical / Surgical,343,125195,25208,122516,32,11680,1352,9999,25,9125,1651,4861,130,47450,2245,5535,35517,10,3650,495,455,3220,0,0,0,0,0,20,7300,306,162,3980,40,14600,503,137,8623,0,0,0,0,600,219000,31760,188716,0,0,0,0,76,27740,1116,20898,0,0,0,0,0,0,0,0,0,0,0,0,0,676,246740,32876,209614,0,0,0,0,0,0,0,688,1884,0,57,0,57,5,50,2,57,7,0,21,0,15,0,1,12,0,1,57,Yes,,,,,Comprehensive,Comprehensive,48666,0,81815,0,6066,0,3950,0,564,0,141061,24607,165668,90,16050,5474,Yes,406,534,552,455,455,376,313,165,304,481,373,562,4976,Respondent,9363,2066460,3917,558720,0,0,25,25,,990,139,51,,,,0,361,CV SURG,2,0,7,255,2,255,9,145,3,0,0,0,0,140,1856,298,523,438,2379,1097,3,80,5,37,18,529,1,124,0,9,16,16,157,104,3,73,4,103,2379,,No,500+,City and/or County,0,1,0,0,1,1,0,0,0,1,0,0,0,0,1,1,0,165668,,,,,48666,81815,6066,3950,564,24607,Urban,BOYLE HEIGHTS NORTHWEST/CHINATOWN/DOWNTOWN NORTHWEST/LITTLE TOKYO/WESTLAKE,106191228,106191228
106191231,LOS ANGELES COUNTY OLIVE VIEW-UCLA MEDICAL CENTER,14445 OLIVE VIEW DRIVE,SYLMAR,91342,818-364-1555,Yes,01/01/2011,12/31/2011,Open,10/20/1959,10/20/1959,,YES,38,20,27,6037106010,78.2gg,San Fernando Valley,11 - Los Angeles,Los Angeles,60000133,Parent Facility,-118.45255,34.32418,General Acute Care,City and/or County,General Medical / Surgical,200,67570,11649,46514,29,10585,763,2701,32,11680,275,845,42,15330,322,1043,4190,0,0,0,0,0,0,0,0,0,0,0,0,0,0,0,24,8760,186,142,2941,0,0,0,0,327,113925,13195,57191,0,0,0,0,80,29200,755,11608,0,0,0,,0,0,0,0,0,0,0,0,0,407,143125,13950,68799,0,0,0,0,0,0,0,458,1089,0,32,0,32,0,32,0,32,3,0,10,0,0,1,0,14,0,4,32,Yes,,,,,Basic,Basic,1229,231,17426,3274,22753,4275,777,146,246,46,42431,7972,50403,51,28992,5317,Yes,292,343,404,314,313,298,211,336,340,229,200,273,3553,Respondent,2384,435571,3295,493993,0,0,8,8,Yes,637,52,10,,,,0,250,CATH LAB,0,0,0,0,0,0,0,0,0,0,0,0,0,0,0,0,0,0,0,0,0,0,0,0,0,0,0,0,0,0,0,0,0,0,0,0,0,0,0,,No,300 - 499,City and/or County,1,0,0,0,0,0,0,0,0,0,0,0,0,0,0,0,1,,,,,50403,1460,20700,27028,923,292,,Urban,ANGELES NATIONAL FOREST WEST/KAGEL CANYON/LAKE VIEW TERRACE/SAN FERNANDO EAST/SYLMAR,106191231,106191231
106191306,LAC/RANCHO LOS AMIGOS NATIONAL REHAB CENTER,7601 EAST IMPERIAL HIGHWAY,DOWNEY,90242,562-401-7111,Yes,01/01/2011,12/31/2011,Open,09/01/1966,09/01/1966,,NO,50,27,34,6037551600,78.2sss,East,11 - Los Angeles,Los Angeles,60000161,Parent Facility,-118.15795,33.92723,General Acute Care,City and/or County,General Medical / Surgical,221,80665,2262,34487,0,0,0,0,0,0,94,2556,24,8760,43,89,876,0,0,0,0,0,0,0,0,0,0,0,0,0,0,0,0,0,0,0,0,150,54750,1502,26291,395,144175,3901,64210,0,0,0,0,0,0,0,0,0,0,0,0,0,0,0,0,0,0,0,0,0,395,144175,3901,64210,0,0,0,0,0,0,0,0,0,0,0,0,0,0,0,0,0,0,0,0,0,0,0,0,0,0,0,0,,,,,,0,0,0,0,0,0,0,0,0,0,0,0,0,0,0,0,0,0,,0,0,0,0,0,0,0,0,0,0,0,0,0,Respondent,994,156631,550,57751,0,0,5,5,Yes,0,0,0,,,,0,0,NEITHER,0,0,0,0,0,0,0,0,0,0,0,0,0,0,0,0,0,0,0,0,0,0,0,0,0,0,0,0,0,0,0,0,0,0,0,0,0,0,0,,No,300 - 499,City and/or County,0,0,0,1,0,0,0,0,0,0,0,0,0,0,0,0,1,,,,,0,0,0,0,0,0,,Urban,DOWNEY SOUTHWEST/LYNWOOD NORTH CENTRAL/SOUTH GATE EAST,106191306,106191306
106191450,KAISER FND HOSP - WOODLAND HILLS,5601 DE SOTO AVENUE,WOODLAND HILLS,91367,818-719-2000,Yes,01/01/2011,12/31/2011,Open,04/08/1986,04/08/1986,,NO,41,23,30,6037137102,78.2yy,San Fernando Valley,11 - Los Angeles,Los Angeles,930000358,Parent Facility,-118.58829,34.17198,General Acute Care,Non-Profit Corporation (incl. Church-related),General Medical / Surgical,191,69715,9552,38498,24,8760,1595,4110,7,2555,203,455,11,4015,125,539,2002,11,4015,125,538,2002,0,0,0,0,0,0,0,0,0,0,18,6570,152,106,901,0,0,0,0,262,95630,11752,47968,0,0,0,0,0,0,0,0,0,0,0,,0,0,0,0,0,0,0,0,0,262,95630,11752,47968,0,0,0,0,0,0,18,1448,2722,0,0,0,0,0,0,0,0,0,0,0,0,0,0,0,0,0,0,0,,,,,,Basic,Basic,145,34,2212,0,24349,847,5572,2542,1264,1759,33542,5182,38724,27,0,778,Yes,49,58,62,33,19,36,32,41,59,68,40,62,559,Respondent,3412,484856,4968,501753,0,3,7,10,Yes,1554,99,6,,,,0,447,NEITHER,0,0,0,0,0,0,0,0,0,0,0,0,0,0,0,0,0,0,0,0,0,0,0,0,0,0,0,0,0,0,0,0,0,0,0,0,0,0,0,,No,200 - 299,Non-Profit Corporation (i,1,0,0,0,0,0,0,0,0,0,0,0,0,0,0,0,1,,,,,38724,179,2212,25196,8114,3023,,Urban,ENCINO/TARZANA/WARNER CENTER/WOODLAND HILLS,106191450,106191450
106194010,AMERICAN RECOVERY CENTER,2180 WEST VALLEY BOULEVARD,POMONA,91768,909-865-2336-2245,Yes,01/01/2011,12/31/2011,Open,07/01/1987,07/01/1987,,NO,61,32,38,6037402402,78.2ss,San Gabriel Valley,11 - Los Angeles,Los Angeles,930000412,Parent Facility,-117.791,34.06122,Chemical Dependency Recovery Hospital,Non-Profit Corporation (incl. Church-related),Chemical Dependency (Alcohol/Drug),0,0,0,0,0,0,0,0,0,0,0,0,0,0,0,0,0,0,0,0,0,0,0,0,0,0,0,0,0,0,0,0,0,0,0,0,0,0,0,0,0,0,0,0,0,50,18250,1267,8062,0,0,0,0,0,0,0,,0,0,0,0,0,0,0,0,0,50,18250,1267,8062,0,0,0,0,0,0,0,0,0,0,0,0,0,0,0,0,0,0,0,0,0,0,0,0,0,0,0,0,,,,,,0,0,0,0,0,0,0,0,0,0,0,0,0,0,0,0,0,0,,0,0,0,0,0,0,0,0,0,0,0,0,0,Respondent,0,0,0,0,0,0,0,0,,0,0,0,,,,0,0,NEITHER,0,0,0,0,0,0,0,0,0,0,0,0,0,0,0,0,0,0,0,0,0,0,0,0,0,0,0,0,0,0,0,0,0,0,0,0,0,0,0,,No,50 - 99,Non-Profit Corporation (i,0,0,0,1,0,0,0,0,0,0,0,0,0,0,0,0,1,,,,,0,0,0,0,0,0,,Urban,POMONA EAST AND SOUTH,106194010,106194010
106194219,KECK HOSPITAL OF USC,1500 SAN PABLO STREET,LOS ANGELES,90033,323-442-8500-28656,Yes,01/01/2011,12/31/2011,Open,05/17/1991,05/17/1991,,NO,45,24,34,6037203300,78.2ffff,Metro,11 - Los Angeles,Los Angeles,930000459,Parent Facility,-118.20287,34.06284,General Acute Care,Non-Profit Corporation (incl. Church-related),General Medical / Surgical,317,115705,9671,57410,0,0,0,0,0,0,0,0,84,30660,435,3517,19420,0,0,0,0,0,0,0,0,0,0,0,0,0,0,0,0,0,0,0,0,0,0,0,0,401,146365,10106,76830,0,0,0,0,10,3650,195,1518,0,0,0,,0,0,0,0,0,0,0,0,0,411,150015,10301,78348,0,0,0,0,0,0,0,0,0,0,3,0,3,0,3,0,3,3,0,0,0,0,0,0,0,0,0,3,,,,,,0,0,0,0,0,0,0,0,0,0,0,0,0,0,0,0,0,0,,0,0,0,0,0,0,0,0,0,0,0,0,0,Respondent,6594,1802037,6894,699958,0,6,25,31,Yes,0,0,0,,,,0,0,CV SURG,4,0,0,694,3,694,3,126,2,0,0,0,0,334,49,456,105,790,154,790,19,105,38,43,0,154,13,8,3,28,16,49,107,62,10,49,14,31,1539,Yes,No,300 - 499,Non-Profit Corporation (i,0,0,0,1,0,0,0,0,0,0,0,0,0,0,0,0,1,,,,,0,0,0,0,0,0,,Urban,BOYLE HEIGHTS NORTHWEST/CHINATOWN/DOWNTOWN NORTHWEST/LITTLE TOKYO/WESTLAKE,106194219,106194219
106194967,STAR VIEW ADOLESCENT - P H F,4025 WEST 226 STREET,TORRANCE,90505,310-373-4556-123,Yes,01/01/2011,12/31/2011,Open,11/01/1996,11/01/1996,,NO,53,28,36,6037651221,78.2u,South Bay,11 - Los Angeles,Los Angeles,MH2016029,Parent Facility,-118.35565,33.82363,Psychiatric Health Facility,Investor - Corporation,Psychiatric,0,0,0,0,0,0,0,0,0,0,0,0,0,0,0,0,0,0,0,0,0,0,0,0,0,0,0,0,0,0,0,0,0,0,0,0,0,0,0,0,0,0,0,0,0,0,0,0,0,16,5840,95,5024,0,0,0,,0,0,0,0,0,0,0,0,0,16,5840,95,5024,0,0,0,0,0,0,0,0,0,0,14,0,14,14,0,0,14,0,0,14,0,0,0,0,0,0,0,14,Yes,,,,,0,0,0,0,0,0,0,0,0,0,0,0,0,0,0,0,0,0,,0,0,0,0,0,0,0,0,0,0,0,0,0,Respondent,0,0,0,0,0,0,0,0,,0,0,0,,,,0,0,NEITHER,0,0,0,0,0,0,0,0,0,0,0,0,0,0,0,0,0,0,0,0,0,0,0,0,0,0,0,0,0,0,0,0,0,0,0,0,0,0,0,,No,1 - 49,Investor,0,0,0,1,0,0,0,0,0,0,0,0,0,0,0,0,1,,,,,0,0,0,0,0,0,,Urban,REDONDO BEACH CENTRAL AND SOUTH/TORRANCE WEST CENTRAL,106194967,106194967
106194981,LA CASA PSYCHIATRIC HEALTH FACILITY,6060 PARAMOUNT BLVD.,LONG BEACH,90805,562-630-8672,Yes,01/01/2011,12/31/2011,Open,11/10/1997,11/10/1997,,NO,55,25,39,6037570100,78.2iii,South Bay,11 - Los Angeles,Los Angeles,MH2016031,Parent Facility,-118.15979,33.86412,Psychiatric Health Facility,Investor - Corporation,Psychiatric,0,0,0,0,0,0,0,0,0,0,0,0,0,0,0,0,0,0,0,0,0,0,0,0,0,0,0,0,0,0,0,0,0,0,0,0,0,0,0,0,0,0,0,0,0,0,0,0,0,16,5840,95,5699,0,0,0,0,0,0,0,0,0,0,0,0,0,16,5840,95,5699,0,0,0,0,0,0,0,0,0,0,15,0,15,0,15,0,15,0,13,0,0,2,0,0,0,0,0,15,Yes,,,,,0,0,0,0,0,0,0,0,0,0,0,0,0,0,0,0,0,0,,0,0,0,0,0,0,0,0,0,0,0,0,0,Respondent,0,0,0,0,0,0,0,0,,0,0,0,,,,0,0,NEITHER,0,0,0,0,0,0,0,0,0,0,0,0,0,0,0,0,0,0,0,0,0,0,0,0,0,0,0,0,0,0,0,0,0,0,0,0,0,0,0,,No,1 - 49,Investor,0,0,0,1,0,0,0,0,0,0,0,0,0,0,0,0,1,,,,,0,0,0,0,0,0,,Urban,NORTH LONG BEACH,106194981,106194981
106196035,KAISER FND HOSP - BALDWIN PARK,1011 BALDWIN PARK BLVD.,BALDWIN PARK,91706,626-851-6386,Yes,01/01/2011,12/31/2011,Open,10/07/1998,10/07/1998,,NO,57,24,38,6037404703,78.2yyy,San Gabriel Valley,11 - Los Angeles,Los Angeles,930000920,Parent Facility,-117.986,34.06348,General Acute Care,Non-Profit Corporation (incl. Church-related),General Medical / Surgical,187,68255,11308,35386,50,18250,2906,6395,0,0,0,0,12,4380,233,818,2866,0,0,0,0,0,0,0,0,0,0,0,0,0,0,0,20,7300,203,51,2375,0,0,0,0,269,98185,14650,47022,0,0,0,0,0,0,0,0,0,0,0,0,0,0,0,0,0,0,0,0,0,269,98185,14650,47022,0,0,0,0,0,0,41,2674,4483,0,0,0,0,0,0,0,0,0,0,0,0,0,0,0,0,0,0,0,,,,,,Basic,Basic,1880,99,11996,0,45022,2854,5154,4180,688,1363,64740,8496,73236,40,0,694,Yes,297,292,216,144,183,175,157,184,197,211,134,206,2396,Respondent,3789,527525,8315,677895,0,0,12,12,Yes,2860,199,41,Yes,YES,YES,1988,872,NEITHER,0,0,0,0,0,0,0,0,0,0,0,0,0,0,0,0,0,0,0,0,0,0,0,0,0,0,0,0,0,0,0,0,0,0,0,0,0,0,0,,No,200 - 299,Non-Profit Corporation (i,1,0,0,0,0,0,0,0,0,0,0,0,0,0,0,0,1,,,,,73236,1979,11996,47876,9334,2051,,Urban,BASSETT/INDUSTRY WEST/LA PUENTE,106196035,106196035
106196168,EARL AND LORRAINE MILLER CHILDRENS HOSPITAL,2801 ATLANTIC AVENUE,LONG BEACH,90806,562-933-5437,Yes,01/01/2011,12/31/2011,Open,06/30/2000,06/30/2000,,NO,54,27,37,6037572202,78.2lll,South Bay,11 - Los Angeles,Los Angeles,930000949,Parent Facility,-118.1852,33.80801,General Acute Care,Non-Profit Corporation (incl. Church-related),Pediatric,24,8760,994,4347,59,21535,5186,13331,128,46720,7988,37002,20,7300,415,1103,6150,0,0,0,0,0,0,0,0,0,0,0,0,0,0,0,93,33945,1065,0,21431,0,0,0,0,324,118260,15648,82261,0,0,0,0,0,0,0,0,0,0,0,,0,0,0,0,0,0,0,0,0,324,118260,15648,82261,0,0,0,0,0,0,48,4715,10864,0,0,0,0,0,0,0,0,0,0,0,0,0,0,0,0,0,0,0,,,,,,0,0,0,0,0,0,0,0,0,0,0,0,0,0,0,0,0,0,Yes,0,0,0,0,0,0,0,0,0,0,0,0,0,Respondent,5502,501318,3871,246256,0,0,15,15,,5423,666,229,,,,3490,1933,NEITHER,0,29,8,0,0,29,8,0,0,10,2,37,8,0,0,0,0,47,10,47,0,0,0,0,0,0,0,0,0,2,0,0,0,45,0,0,0,10,104,,No,300 - 499,Non-Profit Corporation (i,0,0,0,1,0,0,0,0,0,0,0,0,0,0,0,0,1,,,,,0,0,0,0,0,0,,Urban,BIXBY KNOLLS/LONG BEACH CENTRAL,106196168,106196168
106196403,KAISER FOUNDATION HOSPITAL - DOWNEY,9333 IMPERIAL HIGHWAY,DOWNEY,90242,562-657-9000,Yes,01/01/2011,12/31/2011,Open,08/31/2009,08/31/2009,,NO,50,27,34,6037551100,78.2eee,East,11 - Los Angeles,Los Angeles,930000078,Parent Facility,-118.1290216,33.9171234,General Acute Care,Non-Profit Corporation (incl. Church-related),General Medical / Surgical,182,66430,15267,53185,66,24090,3790,10584,17,6205,1365,3265,38,13870,284,897,3896,0,0,0,0,0,0,0,0,0,0,0,0,0,0,0,49,17885,623,178,11200,0,0,0,0,352,128480,21329,82130,0,0,0,0,0,0,0,0,0,0,0,,0,0,0,0,0,0,0,0,0,352,128480,21329,82130,0,0,0,0,0,0,0,3043,5220,0,0,0,0,0,0,0,0,0,0,0,0,0,0,0,0,0,0,0,,,,,,Basic,Basic,522,86,3371,1,61791,2825,13203,6486,1866,2649,80753,12047,92800,63,0,2397,Yes,226,296,186,147,128,89,125,100,122,148,111,166,1844,Respondent,6036,934232,9843,1041825,0,14,11,25,Yes,3595,336,95,,,,0,1177,NEITHER,0,0,0,0,0,0,0,0,0,0,0,0,0,0,0,0,0,0,0,0,0,0,0,0,0,0,0,0,0,0,0,0,0,0,0,0,0,0,0,,No,300 - 499,Non-Profit Corporation (i,1,0,0,0,0,0,0,0,0,0,0,0,0,0,0,0,1,,,,,92800,608,3372,64616,19689,4515,,Urban,DOWNEY NORTHEAST,106196403,106196403
106196404,JOYCE EISENBERG KEEFER MEDICAL CENTER,7150 TAMPA AVENUE,RESEDA,91335,818-774-3000-3069,Yes,01/01/2011,12/31/2011,Open,10/02/2007,10/02/2007,,NO,40,20,27,6037132500,78.2ii,San Fernando Valley,11 - Los Angeles,Los Angeles,550000621,Parent Facility,-118.55341,34.20014,Acute Psychiatric,Non-Profit Corporation (incl. Church-related),Psychiatric,0,0,0,0,0,0,0,0,0,0,0,0,0,0,0,0,0,0,0,0,0,0,0,0,0,0,0,0,0,0,0,0,0,0,0,0,0,0,0,0,0,0,0,0,0,0,0,0,0,10,3650,170,3275,239,87235,239,0,86251,0,0,0,0,0,0,0,0,249,90885,409,89526,0,0,0,0,0,0,0,0,0,0,10,0,10,0,1,9,10,1,9,0,0,0,0,0,0,0,0,10,,Yes,,YES,,0,0,0,0,0,0,0,0,0,0,0,0,0,0,0,0,0,0,,0,0,0,0,0,0,0,0,0,0,0,0,0,Respondent,0,0,0,0,0,0,0,0,,0,0,0,,,,0,0,NEITHER,0,0,0,0,0,0,0,0,0,0,0,0,0,0,0,0,0,0,0,0,0,0,0,0,0,0,0,0,0,0,0,0,0,0,0,0,0,0,0,,No,200 - 299,Non-Profit Corporation (i,0,0,0,1,0,0,0,0,0,0,0,0,0,0,0,0,1,,,,,0,0,0,0,0,0,,Urban,RESEDA SOUTH/VAN NUYS SOUTHWEST,106196404,106196404
106196405,PALMDALE REGIONAL MEDICAL CENTER,38600 MEDICAL CENTER DRIVE,PALMDALE,93551,661-382-5000,Yes,01/01/2011,12/31/2011,Open,12/09/2010,12/09/2010,,NO,36,17,25,6037910401,77.1a,Antelope Valley,11 - Los Angeles,Los Angeles,930000085,Parent Facility,-118.1443461,34.5843754,General Acute Care,Investor - Corporation,General Medical / Surgical,133,37191,7027,27165,0,1850,0,0,0,0,0,0,24,8760,627,1491,6229,0,0,0,0,0,0,0,0,0,0,0,0,0,0,0,0,0,0,0,0,0,0,0,0,157,47801,7654,33394,0,0,0,0,0,0,0,0,0,0,0,0,0,0,0,0,0,0,0,0,0,157,47801,7654,33394,0,0,0,0,0,0,0,0,0,0,0,0,0,0,0,0,0,0,0,0,0,0,0,0,0,0,0,0,,,,,,Basic,Basic,3843,1,16517,16,20994,90,1959,5447,99,787,43412,6341,49753,35,2738,978,Yes,1,2,4,1,0,2,1,1,0,0,1,0,13,Respondent,3939,319200,1719,127500,0,0,6,6,Yes,0,0,0,,,,0,0,CV SURG,1,0,0,11,0,11,0,8,2,0,0,0,0,542,1328,247,486,789,1814,536,0,20,16,11,17,221,197,4,0,0,2,8,177,204,13,7,0,490,1923,,No,150 - 199,Investor,1,0,0,0,0,0,0,0,0,0,0,0,0,0,0,0,1,,,,,49753,3844,16533,21084,7406,886,,Urban,PALMDALE CENTRAL,106196405,106196405
106201281,MADERA COMMUNITY HOSPITAL,1250 EAST ALMOND AVENUE,MADERA,93637,559-675-5555-5501,Yes,01/01/2011,12/31/2011,Open,09/30/1971,09/30/1971,,NO,29,12,19,6039000502,80,,09 - Central,Madera,40000191,Parent Facility,-120.04561,36.94535,General Acute Care,Non-Profit Corporation (incl. Church-related),General Medical / Surgical,73,26645,5112,22577,23,8395,923,925,0,0,8,15,10,3650,541,440,2070,0,0,0,0,0,0,0,0,0,0,0,0,0,0,0,0,0,0,0,0,0,0,0,0,106,38690,6584,25587,0,0,0,0,0,0,0,0,0,0,0,,0,0,0,0,0,0,0,0,0,106,38690,6584,25587,0,0,0,0,0,0,21,1760,3872,0,0,0,0,0,0,0,0,0,0,0,0,0,0,0,0,0,0,0,,,,,,Basic,Basic,234,0,2615,62,14337,1191,22115,1823,4065,207,43366,3283,46649,16,0,722,,0,0,0,0,0,0,0,0,0,0,0,0,0,Respondent,2219,169650,2163,123307,0,0,6,6,Yes,1760,78,13,,,,0,338,NEITHER,0,0,0,0,0,0,0,0,0,0,0,0,0,0,0,0,0,0,0,0,0,0,0,0,0,0,0,0,0,0,0,0,0,0,0,0,0,0,0,,No,100 - 149,Non-Profit Corporation (i,1,0,0,0,0,0,0,0,0,0,0,0,0,0,0,0,1,,,,,46649,234,2677,15528,23938,4272,,Rural,MADERA,106201281,106201281
106204019,CHILDRENS HOSPITAL CENTRAL CALIFORNIA,9300 VALLEY CHILDRENS PLACE,MADERA,93638,559-353-3000,Yes,01/01/2011,12/31/2011,Open,08/31/1998,08/31/1998,,NO,29,14,19,6039001000,80,,09 - Central,Madera,40000160,Parent Facility,-119.80025,36.88416,General Acute Care,Non-Profit Corporation (incl. Church-related),Pediatric,46,16790,0,0,0,0,0,0,134,48910,11611,49301,42,14218,240,982,8764,0,0,0,0,0,0,0,0,0,0,0,0,0,0,0,106,38690,1188,24,23649,20,7300,64,868,348,125908,13103,82582,0,0,0,0,0,0,0,0,0,0,0,,0,0,0,0,0,0,0,0,0,348,125908,13103,82582,0,0,0,0,0,0,0,0,0,0,0,0,0,0,0,0,0,0,0,0,0,0,0,0,0,0,0,0,,,,,,Basic,Basic,15063,13,31351,31,13632,40,2330,19,674,7928,63050,8031,71081,39,0,1194,,0,0,0,0,0,0,0,0,0,0,0,0,0,Respondent,4860,537094,6533,312588,0,0,9,9,Yes,0,0,0,,,,0,0,CV SURG,1,147,79,0,0,147,79,0,1,57,111,29,12,0,0,0,0,86,123,86,0,0,0,0,0,0,0,0,0,20,0,0,0,0,0,0,0,103,209,Yes,No,300 - 499,Non-Profit Corporation (i,1,0,0,0,0,0,0,0,0,0,0,0,0,0,0,0,1,,,,,71081,15076,31382,13672,2349,8602,,Rural,MADERA,106204019,106204019
106210992,KAISER FND HOSP - SAN RAFAEL,99 MONTECILLO ROAD,SAN RAFAEL,94903,415-444-2000,Yes,01/01/2011,12/31/2011,Open,12/09/1966,12/09/1966,,NO,6,3,6,6041108200,83a,,04 - West Bay,Marin,110000357,Parent Facility,-122.55376,38.0041,General Acute Care,Non-Profit Corporation (incl. Church-related),General Medical / Surgical,104,37960,5333,19099,0,0,0,0,0,0,0,0,12,4380,199,1102,2431,0,0,0,0,0,0,0,0,0,0,0,0,0,0,0,0,0,0,0,0,0,0,0,0,116,42340,5532,21530,0,0,0,0,0,0,0,0,0,0,0,0,0,0,0,0,0,0,0,0,0,116,42340,5532,21530,0,0,0,0,0,0,0,0,0,0,0,0,0,0,0,0,0,0,0,0,0,0,0,0,0,0,0,0,,,,,,Basic,Basic,5643,13,5291,9,5714,289,4293,2023,559,1351,21500,3685,25185,15,0,12,,0,0,0,0,0,0,0,0,0,0,0,0,0,Respondent,1497,221480,3443,326902,0,0,5,5,Yes,0,0,0,,,,0,0,CATH LAB,0,0,0,0,0,0,0,0,1,0,1,1,0,74,98,105,147,180,246,180,0,2,3,0,0,35,157,0,0,0,0,0,27,20,0,2,0,0,426,,No,100 - 149,Non-Profit Corporation (i,1,0,0,0,0,0,0,0,0,0,0,0,0,0,0,0,1,,,,,25185,5656,5300,6003,6316,1910,,Urban,CORTE MADERA/FAIRFAX/KENTFIELD/LARKSPUR/MARINWOOD/MILL VALLEY/ROSS/SAN ANSELMO/SAN RAFAEL WEST/TERRA,106210992,106210992
106210993,KENTFIELD REHABILITATION HOSPITAL,1125 SIR FRANCIS DRAKE BLVD.,KENTFIELD,94914-0338,415-456-9680,Yes,01/01/2011,12/31/2011,Open,09/24/1963,09/24/1963,,NO,6,3,6,6041118100,83a,,04 - West Bay,Marin,110000358,Parent Facility,-122.55451,37.9608,General Acute Care,Investor - Limited Liability Company,General Medical / Surgical,60,21900,519,19866,0,0,0,0,0,0,0,0,0,0,0,0,0,0,0,0,0,0,0,0,0,0,0,0,0,0,0,0,0,0,0,0,0,0,0,0,0,60,21900,519,19866,0,0,0,0,0,0,0,0,0,0,0,0,0,0,0,0,0,0,0,0,0,60,21900,519,19866,0,0,0,0,0,0,0,0,0,0,0,0,0,0,0,0,0,0,0,0,0,0,0,0,0,0,0,0,,,,,,0,0,0,0,0,0,0,0,0,0,0,0,0,0,0,0,0,0,,0,0,0,0,0,0,0,0,0,0,0,0,0,Respondent,0,0,0,0,0,0,0,0,,0,0,0,,,,0,0,NEITHER,0,0,0,0,0,0,0,0,0,0,0,0,0,0,0,0,0,0,0,0,0,0,0,0,0,0,0,0,0,0,0,0,0,0,0,0,0,0,0,,No,50 - 99,Investor,0,0,0,1,0,0,0,0,0,0,0,0,0,0,0,0,1,,,,,0,0,0,0,0,0,,Urban,CORTE MADERA/FAIRFAX/KENTFIELD/LARKSPUR/MARINWOOD/MILL VALLEY/ROSS/SAN ANSELMO/SAN RAFAEL WEST/TERRA,106210993,106210993
106211006,MARIN GENERAL HOSPITAL,250 BON AIR ROAD,GREENBRAE,94904,415-925-7000,Yes,01/01/2011,12/31/2011,Open,05/16/1952,05/16/1952,Level III,NO,6,3,6,6041119200,83a,,04 - West Bay,Marin,110000361,Parent Facility,-122.53715,37.94651,General Acute Care,Non-Profit Corporation (incl. Church-related),General Medical / Surgical,164,59860,7031,28581,22,8030,1439,3973,14,5110,326,626,10,3650,151,695,3132,0,0,0,0,0,0,0,0,0,0,0,0,0,0,0,8,2920,204,83,1033,0,0,0,0,218,79570,9151,37345,0,0,0,0,17,6205,703,5591,0,0,0,0,0,0,0,0,0,0,0,0,0,235,85775,9854,42936,0,0,0,0,0,0,8,1178,2819,0,0,12,12,0,10,2,12,4,0,2,0,1,0,1,4,0,0,12,Yes,,,,,Basic,Basic,387,2,5130,2,10971,28,7209,301,4396,6092,28093,6425,34518,18,0,354,Yes,5,21,16,10,9,5,9,4,12,30,8,26,155,Respondent,2413,417188,2816,210969,0,3,7,10,Yes,1368,52,5,,,,0,350,CV SURG,3,0,0,62,2,62,2,41,2,0,0,0,0,327,186,158,27,485,213,485,0,6,6,3,0,180,15,0,1,0,3,10,91,230,1,0,0,20,1051,Yes,No,200 - 299,Non-Profit Corporation (i,1,0,0,0,1,0,0,1,0,0,0,0,0,0,1,1,0,,,34518,,,389,5132,10999,7510,10488,,Urban,CORTE MADERA/FAIRFAX/KENTFIELD/LARKSPUR/MARINWOOD/MILL VALLEY/ROSS/SAN ANSELMO/SAN RAFAEL WEST/TERRA,106211006,106211006
106214034,NOVATO COMMUNITY HOSPITAL,180 ROLAND WAY,NOVATO,94945,415-209-1300,Yes,01/01/2011,12/31/2011,Open,05/20/2001,05/20/2001,,NO,6,3,6,6041101200,83b,,04 - West Bay,Marin,110000375,Parent Facility,-122.55887,38.09749,General Acute Care,Non-Profit Corporation (incl. Church-related),General Medical / Surgical,39,14235,1424,4338,0,0,0,0,0,0,0,0,4,1460,188,196,1267,4,1460,0,0,0,0,0,0,0,0,0,0,0,0,0,0,0,0,0,0,0,0,0,0,47,17155,1612,5605,0,0,0,0,0,0,0,0,0,0,0,,0,0,0,0,0,0,0,0,0,47,17155,1612,5605,0,0,0,0,0,0,0,0,0,0,0,0,0,0,0,0,0,0,0,0,0,0,0,0,0,0,0,0,,,,,,Basic,Basic,306,0,2568,5,6456,18,3213,288,1386,993,13929,1304,15233,9,0,219,Yes,4,18,0,3,0,0,19,0,0,0,0,0,44,Respondent,652,81335,940,55839,0,0,3,3,Yes,0,0,0,,,,0,0,NEITHER,0,0,0,0,0,0,0,0,0,0,0,0,0,0,0,0,0,0,0,0,0,0,0,0,0,0,0,0,0,0,0,0,0,0,0,0,0,0,0,,No,1 - 49,Non-Profit Corporation (i,1,0,0,0,0,0,0,0,0,0,0,0,0,0,0,0,1,,,,,15233,306,2573,6474,3501,2379,,Urban,BEL MARIN KEYS/BLACK POINT/IGNACIO/NOVATO/SAN RAFAEL EAST/SANTA VENETIA,106214034,106214034
106220733,JOHN C FREMONT HEALTHCARE DISTRICT,"5189 HOSPITAL RD., PO BOX 216",MARIPOSA,95338,209-966-3631-272,Yes,01/01/2011,12/31/2011,Open,10/01/1951,10/01/1951,,NO,25,14,19,6043000100,85,,09 - Central,Mariposa,40000108,Parent Facility,-119.97714,37.50126,General Acute Care,District,General Medical / Surgical,18,6570,212,784,0,0,0,0,0,0,0,0,0,0,0,0,0,0,0,0,0,0,0,0,0,0,0,0,0,0,0,0,0,0,0,0,0,0,0,0,0,18,6570,212,784,0,0,0,0,0,0,0,0,16,5840,39,0,9644,0,0,0,0,0,0,0,0,34,12410,251,10428,0,0,0,0,0,0,0,0,0,18,0,0,0,0,0,0,0,0,0,0,0,0,0,0,0,0,0,0,,,,,,Standby,Standby,443,0,491,0,2120,0,1662,100,757,80,5473,180,5653,4,0,47,,0,0,0,0,0,0,0,0,0,0,0,0,0,Respondent,0,0,0,0,0,1,0,1,Yes,0,0,0,,,,0,0,NEITHER,0,0,0,0,0,0,0,0,0,0,0,0,0,0,0,0,0,0,0,0,0,0,0,0,0,0,0,0,0,0,0,0,0,0,0,0,0,0,0,,No,1 - 49,District,0,0,1,0,0,0,0,0,0,0,0,0,0,0,0,0,1,,,,,5653,443,491,2120,1762,837,,Rural,BOOTJACK/CATHEYA??S VALLEY/COULTERVILLE/DON PEDRO/EL PORTAL/FISH CAMP/MARIPOSA,106220733,106220733
106230949,FRANK R HOWARD MEMORIAL HOSPITAL,1 MADRONE STREET,WILLITS,95490,707-456-3002-3002,Yes,01/01/2011,12/31/2011,Open,01/01/1947,01/01/1947,,NO,1,2,1,6045010700,91,,01 - Northern California,Mendocino,110000013,Parent Facility,-123.34973,39.40079,General Acute Care,Non-Profit Corporation (incl. Church-related),General Medical / Surgical,34,12410,1209,4743,0,0,0,0,0,0,0,0,4,1460,88,119,603,0,0,0,0,0,0,0,0,0,0,0,0,0,0,0,0,0,0,0,0,0,0,0,0,38,13870,1297,5346,0,0,0,0,0,0,0,0,0,0,0,,0,0,0,0,0,0,0,0,0,38,13870,1297,5346,0,0,0,0,0,0,0,0,0,10,0,0,0,0,0,0,0,0,0,0,0,0,0,0,0,0,0,0,,,,,,Standby,Standby,124,0,1388,0,4436,0,2367,0,618,0,8933,686,9619,5,0,170,,0,0,0,0,0,0,0,0,0,0,0,0,0,Respondent,762,88832,714,55990,0,0,2,2,,0,0,0,,,,0,0,NEITHER,0,0,0,0,0,0,0,0,0,0,0,0,0,0,0,0,0,0,0,0,0,0,0,0,0,0,0,0,0,0,0,0,0,0,0,0,0,0,0,,No,1 - 49,Non-Profit Corporation (i,0,0,1,0,0,0,0,0,0,0,0,0,0,0,0,0,1,,,,,9619,124,1388,4436,2367,618,686,Rural,BROOKTRAILS/PINE MOUNTAIN/WILLITS,106230949,106230949
106231013,MENDOCINO COAST DISTRICT HOSPITAL,700 RIVER DRIVE,FORT BRAGG,95437,707-961-1234,Yes,01/01/2011,12/31/2011,Open,07/01/1971,07/01/1971,,NO,1,2,1,6045010500,89,,01 - Northern California,Mendocino,110000040,Parent Facility,-123.80068,39.4326,General Acute Care,District,General Medical / Surgical,38,13870,873,3273,7,2555,173,333,0,0,0,0,4,1460,110,141,776,0,0,0,0,0,0,0,0,0,0,0,0,0,0,0,0,0,0,0,0,0,0,0,0,49,17885,1156,4382,0,0,0,0,0,0,0,0,0,0,200,,1845,0,0,0,0,0,0,0,0,49,17885,1356,6227,0,0,0,0,0,0,1,160,260,15,0,0,0,0,0,0,0,0,0,0,0,0,0,0,0,0,0,0,,,,,,Standby,Standby,2242,0,4032,123,1501,259,755,271,223,123,8753,776,9529,8,0,180,,0,0,0,0,0,0,0,0,0,0,0,0,0,Respondent,370,42514,1663,82980,0,0,2,2,Yes,159,4,0,,,,0,38,NEITHER,0,0,0,0,0,0,0,0,0,0,0,0,0,0,0,0,0,0,0,0,0,0,0,0,0,0,0,0,0,0,0,0,0,0,0,0,0,0,0,,No,1 - 49,District,0,0,1,0,0,0,0,0,0,0,0,0,0,0,0,0,1,,,,,9529,2242,4155,1760,1026,346,,Rural,FORT BRAGG/WESTPORT,106231013,106231013
106231396,UKIAH VALLEY MEDICAL CENTER/HOSPITAL DRIVE,275 HOSPITAL DRIVE,UKIAH,95482,707-462-3111,Yes,01/01/2011,12/31/2011,Open,03/03/1980,03/03/1980,,NO,1,2,1,6045011500,93.1,,01 - Northern California,Mendocino,110000095,Parent Facility,-123.20363,39.1528,General Acute Care,Non-Profit Corporation (incl. Church-related),General Medical / Surgical,46,16790,2896,8741,16,5840,884,1768,0,0,0,0,6,2190,193,213,1286,0,0,0,0,0,0,0,0,0,0,0,0,0,0,0,10,3650,21,31,139,0,0,0,0,78,28470,3994,11934,0,0,0,0,0,0,0,0,0,0,0,0,0,0,0,0,0,0,0,0,0,78,28470,3994,11934,0,0,0,0,0,0,0,822,1534,0,0,0,0,0,0,0,0,0,0,0,0,0,0,0,0,0,0,0,,,,,,Basic,Basic,523,2,5605,10,8121,89,6019,618,1346,1960,21614,2679,24293,14,6,345,,0,0,0,0,0,0,0,0,0,0,0,0,0,Respondent,1565,141774,1549,102813,0,0,5,5,,846,44,2,,,,608,237,NEITHER,0,0,0,0,0,0,0,0,0,0,0,0,0,0,0,0,0,0,0,0,0,0,0,0,0,0,0,0,0,0,0,0,0,0,0,0,0,0,0,,No,50 - 99,Non-Profit Corporation (i,1,0,0,0,0,0,0,0,0,0,0,0,0,0,0,0,1,,,,,24293,525,5615,8210,6637,3306,,Rural,UKIAH,106231396,106231396
106240924,MEMORIAL HOSPITAL LOS BANOS,520 WEST I STREET,LOS BANOS,93635,209-826-0591,Yes,01/01/2011,12/31/2011,Open,08/31/1967,08/31/1967,,NO,17,12,18,6047002201,94,,06 - North San Joaquin,Merced,40000177,Parent Facility,-120.86147,37.06273,General Acute Care,Non-Profit Corporation (incl. Church-related),General Medical / Surgical,30,10950,759,3047,12,4380,781,1474,0,0,0,0,4,1460,17,21,152,0,0,0,0,0,0,0,0,0,0,0,0,0,0,0,0,0,0,0,0,0,0,0,0,46,16790,1557,4673,0,0,0,0,0,0,0,0,0,0,0,,0,0,0,0,0,0,0,0,0,46,16790,1557,4673,0,0,0,0,0,0,10,703,1273,0,0,0,0,0,0,0,0,0,0,0,0,0,0,0,0,0,0,0,,,,,,Basic,Basic,315,0,2814,2,9867,13,5756,111,3576,561,22328,687,23015,9,0,749,,0,0,0,0,0,0,0,0,0,0,0,0,0,Respondent,348,25199,503,36762,0,0,2,2,,737,21,4,Yes,,YES,506,231,NEITHER,0,0,0,0,0,0,0,0,0,0,0,0,0,0,0,0,0,0,0,0,0,0,0,0,0,0,0,0,0,0,0,0,0,0,0,0,0,0,0,,No,1 - 49,Non-Profit Corporation (i,1,0,0,0,0,0,0,0,0,0,0,0,0,0,0,0,1,,,,,23015,315,2816,9880,5867,4137,,Rural,DOS PALOS/GUSTINE/LOS BANOS,106240924,106240924
106240942,MERCY MEDICAL CENTER - MERCED,333  MERCY AVENUE,MERCED,95340,209-564-4287,Yes,01/01/2011,12/31/2011,Open,01/01/1956,01/01/1956,,NO,17,12,18,6047001801,97.1,,06 - North San Joaquin,Merced,40000178,Parent Facility,-120.4651815,37.3402309,General Acute Care,Non-Profit Corporation (incl. Church-related),General Medical / Surgical,136,49640,6284,36679,30,10950,4163,5892,0,0,270,354,20,7300,460,919,4792,0,0,0,0,0,0,0,0,0,0,0,0,0,0,0,0,0,0,0,0,0,0,0,0,186,67890,11177,47717,0,0,0,0,0,0,0,0,0,0,0,,0,0,0,0,0,0,0,0,0,186,67890,11177,47717,0,0,0,0,0,0,16,2769,5262,0,0,0,0,0,0,0,0,0,0,0,0,0,0,0,0,0,0,0,,,,,,Basic,Basic,1383,3,16393,7,22344,86,17402,5471,3304,1625,60826,7192,68018,26,33303,1262,,0,0,0,0,0,0,0,0,0,0,0,0,0,Respondent,2328,214120,1164,101478,8,4,6,18,Yes,2646,118,13,,,,0,831,CATH LAB,0,0,0,0,0,0,0,0,1,0,0,0,0,95,0,95,0,190,0,0,0,0,0,0,0,0,0,0,0,0,0,0,115,80,0,0,0,0,195,,No,150 - 199,Non-Profit Corporation (i,1,0,0,0,0,0,0,0,0,0,0,0,0,0,0,0,1,,,,,68018,1386,16400,22430,22873,4929,,Urban,MERCED CENTRAL AND NORTH/MERCED SOUTHEAST,106240942,106240942
106244027,MARIE GREEN PSYCHIATRIC CENTER - P H F,300 EAST 15TH STREET,MERCED,95340,209-381-6879,Yes,01/01/2011,12/31/2011,Open,08/16/1996,08/16/1996,,NO,17,12,18,6047001601,97.2,,06 - North San Joaquin,Merced,MH1016088,Parent Facility,-120.47145,37.29417,Psychiatric Health Facility,City and/or County,Psychiatric,0,0,0,0,0,0,0,0,0,0,0,0,0,0,0,0,0,0,0,0,0,0,0,0,0,0,0,0,0,0,0,0,0,0,0,0,0,0,0,0,0,0,0,0,0,0,0,0,0,16,5840,587,2340,0,0,0,,0,0,0,0,0,0,0,0,0,16,5840,587,2340,0,0,0,0,0,0,0,0,0,0,10,0,10,0,10,0,10,0,0,0,0,0,0,0,8,2,0,10,Yes,,,,,0,0,0,0,0,0,0,0,0,0,0,0,0,0,0,0,0,0,,0,0,0,0,0,0,0,0,0,0,0,0,0,Respondent,0,0,0,0,0,0,0,0,,0,0,0,,,,0,0,NEITHER,0,0,0,0,0,0,0,0,0,0,0,0,0,0,0,0,0,0,0,0,0,0,0,0,0,0,0,0,0,0,0,0,0,0,0,0,0,0,0,,No,1 - 49,City and/or County,0,0,0,1,0,0,0,0,0,0,0,0,0,0,0,0,1,,,,,0,0,0,0,0,0,,Rural,EL NIDO/MERCED SOUTHWEST,106244027,106244027
106250955,SURPRISE VALLEY COMMUNITY HOSPITAL,"MAIN AND WASHINGTON STS, BOX 246",CEDARVILLE,96104,530-279-6111-239,Yes,01/01/2011,12/31/2011,Open,07/01/1953,07/01/1953,,NO,2,1,4,6049000400,99,,01 - Northern California,Modoc,230000025,Parent Facility,-120.17157,41.53153,General Acute Care,District,General Medical / Surgical,4,1460,10,30,0,0,0,0,0,0,0,0,0,0,0,0,0,0,0,0,0,0,0,0,0,0,0,0,0,0,0,0,0,0,0,0,0,0,0,0,0,4,1460,10,30,0,0,0,0,0,0,0,0,22,8030,0,,0,0,0,0,0,0,0,0,0,26,9490,10,30,0,0,0,0,0,0,0,0,0,3,0,0,0,0,0,0,0,0,0,0,0,0,0,0,0,0,0,0,,,,,,Standby,Standby,0,0,0,0,282,0,90,20,10,0,382,20,402,1,6,2,,0,0,0,0,0,0,0,0,0,0,0,0,0,Respondent,0,0,0,0,0,0,0,0,,0,0,0,,,,0,0,NEITHER,0,0,0,0,0,0,0,0,0,0,0,0,0,0,0,0,0,0,0,0,0,0,0,0,0,0,0,0,0,0,0,0,0,0,0,0,0,0,0,,No,1 - 49,District,0,0,1,0,0,0,0,0,0,0,0,0,0,0,0,0,1,,,,,402,0,0,282,110,10,,Frontier,SURPRISE VALLEY,106250955,106250955
106250956,MODOC MEDICAL CENTER,228 MC DOWELL STREET,ALTURAS,96101,530-233-5131,Yes,01/01/2011,12/31/2011,Open,07/01/1953,07/01/1953,,NO,2,1,4,6049000100,98,,01 - Northern California,Modoc,230000026,Parent Facility,-120.54081,41.48017,General Acute Care,District,General Medical / Surgical,16,5840,199,588,0,0,0,0,0,0,7,8,0,0,0,0,0,0,0,0,0,0,0,0,0,0,0,0,0,0,0,0,0,0,0,0,0,0,0,0,0,16,5840,206,596,0,0,0,0,0,0,0,0,71,25915,124,,17384,0,0,0,0,0,0,0,0,87,31755,330,17980,0,0,0,0,0,0,1,1,2,16,0,0,0,0,0,0,0,0,0,0,0,0,0,0,0,0,0,0,,,,,,Standby,Standby,81,0,480,0,1801,0,1267,0,252,172,3881,172,4053,5,81,17,,0,0,0,0,0,0,0,0,0,0,0,0,0,Respondent,0,0,63,1913,0,0,1,1,Yes,2,0,0,,,,0,0,NEITHER,0,0,0,0,0,0,0,0,0,0,0,0,0,0,0,0,0,0,0,0,0,0,0,0,0,0,0,0,0,0,0,0,0,0,0,0,0,0,0,,No,50 - 99,District,0,0,1,0,0,0,0,0,0,0,0,0,0,0,0,0,1,,,,,4053,81,480,1801,1267,424,,Frontier,ALTURAS/CANBY,106250956,106250956
106260011,MAMMOTH HOSPITAL,85 SIERRA PARK ROAD,MAMMOTH LAKES,93546,760-924-4041,Yes,01/01/2011,12/31/2011,Open,02/10/1978,02/10/1978,,NO,25,1,25,6051000200,103,,12 - Inland Counties,Mono,240000008,Parent Facility,-118.96408,37.64524,General Acute Care,District,General Medical / Surgical,13,4745,522,1356,2,730,112,211,0,0,0,0,2,730,17,27,76,0,0,0,0,0,0,0,0,0,0,0,0,0,0,0,0,0,0,0,0,0,0,0,0,17,6205,651,1643,0,0,0,0,0,0,0,0,0,0,0,0,0,0,0,0,0,0,0,0,0,17,6205,651,1643,0,0,0,0,0,0,3,113,222,0,0,0,0,0,0,0,0,0,0,0,0,0,0,0,0,0,0,0,,,,,,Standby,Standby,1434,0,1208,4,3467,20,2033,131,791,205,8933,360,9293,11,0,22,,0,0,0,0,0,0,0,0,0,0,0,0,0,Respondent,508,72885,758,81600,0,0,2,2,,113,5,0,Yes,YES,YES,82,31,NEITHER,0,0,0,0,0,0,0,0,0,0,0,0,0,0,0,0,0,0,0,0,0,0,0,0,0,0,0,0,0,0,0,0,0,0,0,0,0,0,0,,No,1 - 49,District,0,0,1,0,0,0,0,0,0,0,0,0,0,0,0,0,1,,,,,9293,1434,1212,3487,2164,996,,Rural,MAMMOTH LAKES,106260011,106260011
106270744,COMMUNITY HOSPITAL MONTEREY PENINSULA,23625 W. R. HOLMAN HIGHWAY,MONTEREY,93940,831-624-5311,Yes,01/01/2011,12/31/2011,Open,06/19/1962,06/19/1962,,NO,27,15,17,6053012600,110,,08 - Mid-Coast,Monterey,70000026,Parent Facility,-121.92488,36.59827,General Acute Care,Non-Profit Corporation (incl. Church-related),General Medical / Surgical,200,73376,8787,39814,7,2555,1147,1757,6,2190,586,1945,10,3650,57,409,1296,10,3650,107,758,2408,0,0,0,0,0,0,0,0,0,0,8,2920,296,0,1308,0,0,0,0,241,88341,10980,48528,0,0,0,0,18,6194,850,4321,0,0,0,0,0,0,0,0,0,0,0,0,0,259,94535,11830,52849,0,0,0,0,0,0,8,1068,2013,0,0,14,14,0,10,4,14,6,0,2,0,5,0,0,0,1,0,14,,,,,,Basic,Basic,2998,14,8066,51,11994,368,16915,405,109,7054,40082,7892,47974,33,3500,560,,0,0,0,0,0,0,0,0,0,0,0,0,0,Respondent,4080,552645,2966,269941,8,4,0,12,Yes,1277,70,7,,,,915,362,CV SURG,3,0,0,169,7,169,7,53,3,0,0,0,0,246,310,308,196,554,506,705,0,90,50,67,21,214,20,10,85,0,82,49,48,39,0,13,0,15,1508,,No,200 - 299,Non-Profit Corporation (i,1,0,0,0,0,0,0,0,0,0,0,0,0,0,0,0,1,,,,,47974,3012,8117,12362,17320,7163,,Urban,CARMEL/DEL REY OAKS/MONTEREY/PACIFIC GROVE/SAND CITY/SEASIDE,106270744,106270744
106270777,GEORGE L MEE MEMORIAL HOSPITAL,300 CANAL STREET,KING CITY,93930,831-385-7284,Yes,01/01/2011,12/31/2011,Open,09/12/1962,09/12/1962,,NO,28,12,17,6053011301,105,,08 - Mid-Coast,Monterey,70000047,Parent Facility,-121.1325,36.2071,General Acute Care,Non-Profit Corporation (incl. Church-related),General Medical / Surgical,88,32120,1016,3052,8,2920,512,1376,0,0,0,0,4,1460,60,11,372,0,0,0,0,0,0,0,0,0,0,0,0,0,0,0,0,0,0,0,0,0,0,0,0,100,36500,1588,4800,0,0,0,0,0,0,0,0,16,5840,52,,5752,3,1095,0,0,0,0,0,0,119,43435,1640,10552,0,0,0,0,0,0,0,512,1145,0,0,0,0,0,0,0,0,0,0,0,0,0,0,0,0,0,0,0,,,,,,Basic,Basic,987,0,1896,0,4342,0,1840,0,879,0,9944,794,10738,6,0,163,,0,0,0,0,0,0,0,0,0,0,0,0,0,Respondent,390,26411,693,29304,0,1,3,4,Yes,512,16,2,,,,0,0,NEITHER,0,0,0,0,0,0,0,0,0,0,0,0,0,0,0,0,0,0,0,0,0,0,0,0,0,0,0,0,0,0,0,0,0,0,0,0,0,0,0,,No,100 - 149,Non-Profit Corporation (i,1,0,0,0,0,0,0,0,0,0,0,0,0,0,0,0,1,,,,,10738,987,1896,4342,1840,879,794,Rural,KING CITY/SAN LUCAS,106270777,106270777
106270875,SALINAS VALLEY MEMORIAL HOSPITAL,450 EAST ROMIE LANE,SALINAS,93901,831-757-4333,Yes,01/01/2011,12/31/2011,Open,04/10/1953,04/10/1953,,NO,28,12,17,6053001100,109.2,,08 - Mid-Coast,Monterey,70000083,Parent Facility,-121.6481,36.66022,General Acute Care,District,General Medical / Surgical,214,78110,7454,32188,23,8395,1889,4379,8,2920,757,1670,6,2190,146,579,2200,7,2555,61,420,1624,0,0,0,0,0,0,0,0,0,0,11,4015,162,13,1939,0,0,0,0,269,98185,10469,44000,0,0,0,0,0,0,0,0,0,0,0,,0,0,0,0,0,0,0,0,0,269,98185,10469,44000,0,0,0,0,0,0,34,1642,3021,0,0,0,0,0,0,0,0,0,0,0,0,0,0,0,0,0,0,0,,,,,,Basic,Basic,2061,22,14478,216,2042,879,16497,2803,778,2031,35856,5951,41807,20,0,405,,0,0,0,0,0,0,0,0,0,0,0,0,0,Respondent,3537,427730,2359,139904,0,0,7,7,Yes,1742,129,14,Yes,,YES,1239,503,CV SURG,2,0,0,111,2,111,2,143,3,0,0,0,0,268,614,325,437,593,1051,593,1,132,55,46,27,228,177,8,0,0,23,81,48,35,9,28,0,153,1644,,No,200 - 299,District,1,0,0,0,0,0,0,0,0,0,0,0,0,0,0,0,1,,,,,41807,2083,14694,2921,19300,2809,,Urban,SALINAS/SPRECKELS,106270875,106270875
106274043,NATIVIDAD MEDICAL CENTER,1441 CONSTITUTION BOULEVARD,SALINAS,93906,831-755-4185,Yes,01/01/2011,12/31/2011,Open,06/15/1999,06/15/1999,,NO,28,12,17,6053010602,109.2,,08 - Mid-Coast,Monterey,70000070,Parent Facility,-121.6297,36.69686,General Acute Care,City and/or County,General Medical / Surgical,66,24090,3159,11266,27,9855,3125,8424,12,4380,490,1345,10,3650,180,430,2059,0,0,0,0,0,0,0,0,0,0,0,0,0,0,0,15,5475,350,0,2863,20,7300,409,4835,150,54750,7713,30792,0,0,0,0,22,8030,618,3479,0,0,0,,0,0,0,0,0,0,0,0,0,172,62780,8331,34271,0,0,0,0,0,0,18,2526,5483,0,11,0,11,0,8,3,11,3,0,0,0,0,2,0,6,0,0,11,Yes,,,,,Basic,Basic,9161,0,5736,0,17675,0,7868,0,5143,0,45583,3637,49220,19,0,698,,0,0,0,0,0,0,0,0,0,0,0,0,0,Respondent,1090,107963,1700,112921,2,3,2,7,,2812,188,9,,,,0,797,NEITHER,0,0,0,0,0,0,0,0,0,0,0,0,0,0,0,0,0,0,0,0,0,0,0,0,0,0,0,0,0,0,0,0,0,0,0,0,0,0,0,,No,150 - 199,City and/or County,1,0,0,0,0,0,0,0,0,0,0,0,0,0,0,0,1,,,,,49220,9161,5736,17675,7868,5143,3637,Urban,SALINAS/SPRECKELS,106274043,106274043
106281047,QUEEN OF THE VALLEY HOSPITAL - NAPA,1000 TRANCAS STREET,NAPA,94558,707-252-4411,Yes,01/01/2011,12/31/2011,Open,03/08/1958,03/08/1958,Level III,NO,7,2,1,6055200600,112.1,,03 - North Bay,Napa,110000060,Parent Facility,-122.296,38.32363,General Acute Care,Non-Profit Corporation (incl. Church-related),General Medical / Surgical,133,48545,7017,27945,22,8030,888,2442,0,0,0,0,16,5840,312,1103,3876,0,0,0,0,0,0,0,0,0,0,0,0,0,0,0,6,2190,135,0,1543,14,5110,323,3179,191,69715,8675,38985,0,0,0,0,0,0,0,0,0,0,0,0,0,0,0,0,0,0,0,0,0,191,69715,8675,38985,0,0,0,0,0,0,8,768,1635,0,0,0,0,0,0,0,0,0,0,0,0,0,0,0,0,0,0,0,,,,,,Basic,Basic,360,1,2050,0,13554,39,7724,98,1448,4231,25136,4369,29505,18,0,0,,0,0,0,0,0,0,0,0,0,0,0,0,0,Respondent,2384,395295,3821,313311,0,0,13,13,,891,11,0,Yes,,YES,614,277,CV SURG,1,0,0,8,78,8,78,69,2,0,0,0,0,0,420,0,160,0,580,483,0,111,40,47,16,177,24,3,0,0,56,39,14,24,0,17,0,259,1310,Yes,No,150 - 199,Non-Profit Corporation (i,1,0,0,0,1,0,0,1,0,0,0,0,0,0,1,1,0,,,29505,,,361,2050,13593,7822,5679,,Urban,NAPA CENTRAL,106281047,106281047
106281078,ST. HELENA HOSPITAL,10 WOODLAND RD.,ST. HELENA,94574,707-963-3611,Yes,01/01/2011,12/31/2011,Open,01/01/1946,01/01/1946,,NO,7,2,1,6055201700,111.1,,03 - North Bay,Napa,110000073,Parent Facility,-122.473003,38.53937349,General Acute Care,Non-Profit Corporation (incl. Church-related),General Medical / Surgical,93,33945,4791,16392,9,3285,310,676,0,0,0,0,12,4380,205,642,3257,0,0,0,0,0,0,0,0,0,0,0,0,0,0,0,0,0,0,0,0,0,0,0,0,114,41610,5306,20325,0,0,0,0,37,13505,713,5926,0,0,0,,0,0,0,0,0,0,0,0,0,151,55115,6019,26251,0,270,822,0,0,0,0,256,511,0,18,0,18,0,17,1,18,2,0,0,13,0,0,3,0,0,0,18,Yes,,,,,Standby,Standby,64,1,930,2,2938,33,1686,340,536,1059,6154,1435,7589,8,0,18,,0,0,0,0,0,0,0,0,0,0,0,0,0,Respondent,2120,255687,4053,220827,0,0,7,7,Yes,250,5,0,,,,0,56,CV SURG,1,0,0,60,8,60,8,52,2,0,0,0,0,554,401,641,189,1195,590,1141,0,130,66,46,14,307,32,3,1,0,12,7,166,102,0,9,0,14,2050,Yes,No,150 - 199,Non-Profit Corporation (i,0,0,1,0,0,0,0,0,0,0,0,0,0,0,0,0,1,,,,,7589,65,932,2971,2026,1595,,Rural,ANGWIN/DEER PARK/ST. HELENA,106281078,106281078
106281266,NAPA STATE HOSPITAL,2100 NAPA-VALLEJO HIGHWAY,NAPA,94558,707-253-5000,Yes,01/01/2011,12/31/2011,Open,01/01/1946,01/01/1946,,NO,7,2,1,6055200900,112.1,,03 - North Bay,Napa,150000492,Parent Facility,-122.27387,38.27994,Acute Psychiatric,State,Psychiatric,0,0,0,0,0,0,0,0,0,0,0,0,0,0,0,0,0,0,0,0,0,0,0,0,0,0,0,0,0,0,0,0,0,0,0,0,0,0,0,0,0,0,0,0,0,0,0,0,0,151,55115,82,9310,36,13140,4,0,8467,1175,428875,519,403450,0,0,0,0,1362,497130,605,421227,0,0,0,0,0,0,0,0,0,0,25,0,25,0,18,7,25,12,0,0,0,0,0,0,0,13,0,25,,,,,,0,0,0,0,0,0,0,0,0,0,0,0,0,0,0,0,0,0,,0,0,0,0,0,0,0,0,0,0,0,0,0,Respondent,0,0,0,0,1,0,0,1,,0,0,0,,,,0,0,NEITHER,0,0,0,0,0,0,0,0,0,0,0,0,0,0,0,0,0,0,0,0,0,0,0,0,0,0,0,0,0,0,0,0,0,0,0,0,0,0,0,,Yes,500+,State,0,0,0,1,0,0,0,0,0,0,0,0,0,0,0,0,1,,,,,0,0,0,0,0,0,,Urban,NAPA CENTRAL,106281266,106281266
106291023,SIERRA NEVADA MEMORIAL HOSPITAL,155 GLASSON WAY,GRASS VALLEY,95945,530-274-6000,Yes,01/01/2011,12/31/2011,Open,12/24/1958,12/24/1958,,NO,3,4,4,6057000501,113,,02 - Golden Empire,Nevada,230000152,Parent Facility,-121.04748,39.22932,General Acute Care,Non-Profit Corporation (incl. Church-related),General Medical / Surgical,90,32850,4595,15109,10,3650,474,1015,0,0,0,0,2,730,83,193,733,2,730,0,0,0,0,0,0,0,0,0,0,0,0,0,0,0,0,0,0,0,0,0,0,104,37960,5152,16857,0,0,0,0,0,0,0,0,17,6205,391,,5058,0,0,0,0,0,0,0,0,121,44165,5543,21915,0,0,0,0,0,0,10,462,935,0,0,0,0,0,0,0,0,0,0,0,0,0,0,0,0,0,0,0,,,,,,Basic,Basic,457,0,6933,0,11869,0,5883,451,1122,3539,26264,3990,30254,10,0,779,,0,0,0,0,0,0,0,0,0,0,0,0,0,Respondent,1380,158915,1320,102713,0,0,7,7,Yes,462,15,3,,,,0,89,NEITHER,0,0,0,0,0,0,0,0,1,0,0,0,0,2,0,30,0,32,0,0,0,7,25,0,0,0,0,0,0,0,0,0,0,0,0,0,0,0,32,Yes,No,100 - 149,Non-Profit Corporation (i,1,0,0,0,0,0,0,0,0,0,0,0,0,0,0,0,1,,,,,30254,457,6933,11869,6334,4661,,Rural,GRASS VALLEY/NEVADA CITY/PENN VALLEY/ROUGH AND READY/WILDWOOD,106291023,106291023
106291053,TAHOE FOREST HOSPITAL,10121 PINE STREET POB 759,TRUCKEE,96160,530-587-6011,Yes,01/01/2011,12/31/2011,Open,04/01/1952,04/01/1952,,NO,3,1,4,6057001201,114,,02 - Golden Empire,Nevada,230000151,Parent Facility,-120.20134,39.32448,General Acute Care,District,General Medical / Surgical,25,9125,1223,3659,4,1460,374,894,0,0,0,0,6,2190,152,188,847,0,0,0,0,0,0,0,0,0,0,0,0,0,0,0,0,0,0,0,0,0,0,0,0,35,12775,1749,5400,0,0,0,0,0,0,0,0,37,13505,45,,11466,0,0,0,0,0,0,0,0,72,26280,1794,16866,0,0,0,0,0,0,8,355,797,12,0,0,0,0,0,0,0,0,0,0,0,0,0,0,0,0,0,0,,,,,,Basic,Basic,2115,0,4948,43,3622,397,1226,429,302,134,12213,1003,13216,15,0,14,,0,0,0,0,0,0,0,0,0,0,0,0,0,Respondent,741,81507,1035,71199,0,0,5,5,Yes,354,22,5,,,,0,99,NEITHER,0,0,0,0,0,0,0,0,0,0,0,0,0,0,0,0,0,0,0,0,0,0,0,0,0,0,0,0,0,0,0,0,0,0,0,0,0,0,0,Yes,No,50 - 99,District,1,0,0,0,0,0,0,0,0,0,0,0,0,0,0,0,1,,,,,13216,2115,4991,4019,1655,436,,Rural,NORTH BLOOMFIELD/NORTH SAN JUAN/TRUCKEE,106291053,106291053
106300032,CHILDRENS HOSPITAL OF ORANGE COUNTY,455 SO. MAIN STREET,ORANGE,92668,714-997-3000,Yes,01/01/2011,12/31/2011,Open,06/30/1978,06/30/1978,,NO,72,33,40,6059076000,116h,,13 - Orange,Orange,60000011,Parent Facility,-117.86723,33.78124,General Acute Care,Non-Profit Corporation (incl. Church-related),General Medical / Surgical,0,0,0,0,0,0,0,0,130,47450,10512,33710,54,19710,926,1929,12009,0,0,0,0,0,0,0,0,0,0,0,0,0,0,0,54,19710,635,38,14243,0,0,0,0,238,86870,12073,59962,0,0,0,0,0,0,0,0,0,0,0,,0,0,0,0,0,0,0,0,0,238,86870,12073,59962,0,0,0,0,0,0,0,0,0,0,0,0,0,0,0,0,0,0,0,0,0,0,0,0,0,0,0,0,,,,,,Basic,Basic,9439,0,19589,0,15661,0,3550,0,969,0,49208,5631,54839,53,0,1508,Yes,5,2,2,0,11,0,2,0,3,0,3,0,28,Respondent,3553,383655,4756,305935,18,13,0,31,Yes,0,0,0,,,,0,0,CV SURG,2,118,147,0,0,118,147,0,3,25,8,107,134,0,0,0,0,132,142,132,2,6,14,0,0,0,14,0,0,8,72,62,0,20,0,0,0,16,346,,No,200 - 299,Non-Profit Corporation (i,1,0,0,0,0,0,0,0,0,0,0,0,0,0,0,0,1,,,,,54839,9439,19589,15661,3550,969,5631,Urban,CITY OF ORANGE SOUTH/SANTA ANA NORTH/TUSTIN FOOTHILLS/TUSTIN WEST,106300032,106300032
106300225,ORANGE COAST MEMORIAL MEDICAL CENTER,9920 TALBERT AVENUE,FOUNTAIN VALLEY,92708,714-378-7000,Yes,01/01/2011,12/31/2011,Open,02/01/1986,02/01/1986,,NO,68,35,46,6059099232,116j,,13 - Orange,Orange,60000066,Parent Facility,-117.95524,33.70162,General Acute Care,Non-Profit Corporation (incl. Church-related),General Medical / Surgical,164,59860,10076,32912,21,7665,1672,4893,0,0,0,0,21,7665,353,1568,5392,0,0,0,0,0,0,0,0,0,0,0,0,0,0,0,12,4380,225,14,1681,0,0,0,0,218,79570,12326,44878,0,0,0,0,0,0,0,0,0,0,0,,0,0,0,0,0,0,0,0,0,218,79570,12326,44878,0,0,0,0,0,0,20,1484,3243,0,0,0,0,0,0,0,0,0,0,0,0,0,0,0,0,0,0,0,,,,,,Basic,Basic,251,1,8152,14,9787,174,1712,6161,112,725,20014,7075,27089,14,0,176,Yes,22,21,20,19,18,6,19,25,13,10,18,14,205,Respondent,3509,523327,4343,425943,0,0,8,8,Yes,1645,80,11,,,,0,545,CV SURG,1,0,0,64,14,64,14,48,2,0,0,0,0,254,71,215,70,469,141,412,0,60,40,37,9,123,0,7,0,0,33,19,75,50,11,4,0,0,880,Yes,No,200 - 299,Non-Profit Corporation (i,1,0,0,0,0,0,0,0,0,0,0,0,0,0,0,0,1,,,,,27089,252,8166,9961,7873,837,,Urban,FOUNTAIN VALLEY/HUNTINGTON BEACH CENTRAL,106300225,106300225
106301097,ANAHEIM GENERAL HOSPITAL,3350 WEST BALL ROAD,ANAHEIM,92804,714-947-5800-2670,Yes,01/01/2011,12/31/2011,Open,08/05/1965,08/05/1965,,NO,67,34,40,6059087801,116c,,13 - Orange,Orange,60000079,Parent Facility,-118.00706,33.81716,General Acute Care,Investor - Partnership,General Medical / Surgical,70,25550,612,2720,14,5110,0,0,5,1825,0,0,12,4380,64,114,900,0,0,0,0,0,0,0,0,0,0,0,0,0,0,0,0,0,0,0,0,0,0,0,0,101,36865,676,3620,0,0,0,0,0,0,0,0,0,0,0,,0,0,0,0,0,0,0,0,0,101,36865,676,3620,0,0,0,0,0,0,0,0,0,0,0,0,0,0,0,0,0,0,0,0,0,0,0,0,0,0,0,0,,,,,,Basic,Basic,3013,0,1210,0,816,0,766,0,154,0,5959,737,6696,6,0,239,,0,0,0,0,0,0,0,0,0,0,0,0,0,Respondent,117,6293,28,1042,0,0,3,3,Yes,0,0,0,,,,0,0,NEITHER,0,0,0,0,0,0,0,0,0,0,0,0,0,0,0,0,0,0,0,0,0,0,0,0,0,0,0,0,0,0,0,0,0,0,0,0,0,0,0,,No,100 - 149,Investor,1,0,0,0,0,0,0,0,0,0,0,0,0,0,0,0,1,,,,,6696,3013,1210,816,766,154,737,Urban,ANAHEIM WEST,106301097,106301097
106301098,AHMC ANAHEIM REGIONAL MEDICAL CENTER,1111 WEST LA PALMA AVENUE,ANAHEIM,92801,714-999-5207,Yes,01/01/2011,12/31/2011,Open,02/18/1958,02/18/1958,,NO,72,34,47,6059086601,116l,,13 - Orange,Orange,60000080,Parent Facility,-117.93248,33.84725,General Acute Care,Investor - Partnership,General Medical / Surgical,153,55845,8718,41663,27,9855,1911,3679,0,0,0,0,22,8030,1025,1262,4457,10,3650,1147,572,2646,0,0,0,0,0,0,0,0,0,0,11,4015,159,315,2916,0,0,0,0,223,81395,12960,55361,0,0,0,0,0,0,0,0,0,0,0,0,0,0,0,0,0,0,0,0,0,223,81395,12960,55361,0,0,0,0,0,0,12,1790,3022,0,0,0,0,0,0,0,0,0,0,0,0,0,0,0,0,0,0,0,,,,,,Basic,Basic,2572,43,15146,151,8587,1511,4470,5026,600,3676,31375,10407,41782,21,0,1073,Yes,25,33,4,18,11,27,40,33,19,22,22,45,299,Respondent,2900,377563,2739,215429,0,0,6,6,,1790,109,14,,,,0,460,CV SURG,2,0,0,230,0,230,0,203,2,0,0,0,0,681,903,782,99,1463,1002,1241,0,108,143,115,0,394,71,7,17,0,187,154,276,1,0,71,0,59,2844,Yes,No,200 - 299,Investor,1,0,0,0,0,0,0,0,0,0,0,0,0,0,0,0,1,,,,,41782,2615,15297,10098,9496,4276,,Urban,ANAHEIM CENTRAL,106301098,106301098
106301109,ANAHEIM GENERAL HOSPITAL - BUENA PARK CAMPUS,5742 BEACH BOULEVARD,BUENA PARK,90621,714-367-5800,Yes,01/01/2011,12/31/2011,Open,01/29/1962,01/29/1962,,NO,56,34,40,6059110607,116a,,13 - Orange,Orange,60000079,Consolidated Facility,-117.99808,33.87674,General Acute Care,Investor - Partnership,Long-Term Care (SN/IC),0,0,0,0,0,0,0,0,0,0,0,0,0,0,0,0,0,0,0,0,0,0,0,0,0,0,0,0,0,0,0,0,0,0,0,0,0,0,0,0,0,0,0,0,0,0,0,0,0,11,4015,97,988,31,11315,32,,9163,0,0,0,0,0,0,0,0,42,15330,129,10151,0,0,0,0,0,0,0,0,0,0,0,0,0,0,0,0,0,0,0,0,0,0,0,0,0,0,0,0,,,,,,0,0,0,0,0,0,0,0,0,0,0,0,0,0,0,0,0,0,,0,0,0,0,0,0,0,0,0,0,0,0,0,Respondent,0,0,0,0,0,0,0,0,,0,0,0,,,,0,0,NEITHER,0,0,0,0,0,0,0,0,0,0,0,0,0,0,0,0,0,0,0,0,0,0,0,0,0,0,0,0,0,0,0,0,0,0,0,0,0,0,0,,No,1 - 49,Investor,0,0,0,1,0,0,0,0,0,0,0,0,0,0,0,0,1,,,,,0,0,0,0,0,0,,Urban,BUENA PARK/LA PALMA,106301109,106301109
106301127,KINDRED HOSPITAL BREA,875 NORTH BREA BOULEVARD,BREA,92621-2699,714-529-6842-7444,Yes,01/01/2011,12/31/2011,Open,03/03/1995,03/03/1995,,NO,72,29,42,6059001506,116k,,13 - Orange,Orange,60000407,Parent Facility,-117.89352,33.93374,General Acute Care,Investor - Corporation,General Medical / Surgical,44,16060,474,13117,0,0,0,0,0,0,0,0,4,1460,139,93,1495,0,0,0,0,0,0,0,0,0,0,0,0,0,0,0,0,0,0,0,0,0,0,0,0,48,17520,613,14612,0,0,0,0,0,0,0,0,38,13870,312,2,7548,0,0,0,0,0,0,0,0,86,31390,925,22160,0,0,0,0,0,0,25,0,0,0,0,0,0,0,0,0,0,0,0,0,0,0,0,0,0,0,0,0,,,,,,0,0,0,0,0,0,0,0,0,0,0,0,0,0,0,0,0,0,,0,0,0,0,0,0,0,0,0,0,0,0,0,Respondent,8,448,0,0,2,0,0,2,,0,0,0,,,,0,0,NEITHER,0,0,0,0,0,0,0,0,0,0,0,0,0,0,0,0,0,0,0,0,0,0,0,0,0,0,0,0,0,0,0,0,0,0,0,0,0,0,0,,No,50 - 99,Investor,0,0,0,1,0,0,0,0,0,0,0,0,0,0,0,0,1,,,,,0,0,0,0,0,0,,Urban,BREA WEST/FULLERTON NORTH/LA HABRA,106301127,106301127
106301132,KAISER FND HOSP - ANAHEIM,441 LAKEVIEW AVENUE,ANAHEIM,92807,714-279-4000,Yes,01/01/2011,12/31/2011,Open,04/09/1974,04/09/1974,,NO,60,29,42,6059021903,116n,,13 - Orange,Orange,60000091,Parent Facility,-117.81603,33.85295,General Acute Care,Non-Profit Corporation (incl. Church-related),General Medical / Surgical,117,42705,7017,26038,36,13140,2476,5592,11,4015,828,2164,12,4380,196,1003,3940,10,3650,349,1009,3308,0,0,0,0,0,0,0,0,0,0,14,5110,218,148,3508,0,0,0,0,200,73000,11084,44550,0,0,0,0,0,0,0,0,0,0,0,0,0,0,0,0,0,0,0,0,0,200,73000,11084,44550,0,0,0,0,0,0,33,2080,3363,0,0,0,0,0,0,0,0,0,0,0,0,0,0,0,0,0,0,0,,,,,,Basic,Basic,211,25,3119,1,28771,2036,4187,2800,341,673,36629,5535,42164,21,0,1028,Yes,35,37,27,48,38,38,24,13,27,28,32,37,384,Respondent,2369,357358,4001,385055,0,0,5,5,Yes,2291,182,28,,,,0,729,CV SURG,0,0,0,0,0,0,0,0,1,0,0,0,0,148,0,189,0,337,0,337,0,0,0,0,0,0,0,0,0,0,0,0,0,0,0,1,0,0,338,,No,200 - 299,Non-Profit Corporation (i,1,0,0,0,0,0,0,0,0,0,0,0,0,0,0,0,1,,,,,42164,236,3120,30807,6987,1014,,Urban,ANAHEIM HILLS/CITY OF ORANGE EAST/VILLA PARK,106301132,106301132
106301140,CHAPMAN MEDICAL CENTER,2601 EAST CHAPMAN AVENUE,ORANGE,92669,714-633-0011,Yes,01/01/2011,12/31/2011,Open,12/03/1968,12/03/1968,,NO,71,33,40,6059075807,116h,,13 - Orange,Orange,60000097,Parent Facility,-117.82581,33.78787,General Acute Care,Investor - Corporation,General Medical / Surgical,35,12775,1166,3623,0,0,0,0,0,0,0,0,12,4380,204,245,1206,0,0,0,0,0,0,0,0,0,0,0,0,0,0,0,0,0,0,0,0,0,0,0,0,47,17155,1370,4829,28,10220,356,4310,12,4380,279,3293,27,9855,16,,8554,0,0,0,0,0,0,0,0,114,41610,2021,20986,0,0,0,0,0,0,0,0,0,0,4,0,4,0,0,4,4,0,4,0,0,0,0,0,0,0,0,4,,,,,,Basic,Basic,1147,1,3393,119,2090,361,755,417,190,243,7575,1141,8716,7,3448,48,Yes,34,24,29,28,42,26,36,28,30,25,29,26,357,Respondent,583,73493,510,43398,0,0,6,6,Yes,0,0,0,,,,0,0,NEITHER,0,0,0,0,0,0,0,0,0,0,0,0,0,0,0,0,0,0,0,0,0,0,0,0,0,0,0,0,0,0,0,0,0,0,0,0,0,0,0,,No,100 - 149,Investor,1,0,0,0,0,0,0,0,0,0,0,0,0,0,0,0,1,,,,,8716,1148,3512,2451,1172,433,,Urban,CITY OF ORANGE SOUTH/SANTA ANA NORTH/TUSTIN FOOTHILLS/TUSTIN WEST,106301140,106301140
106301155,COLLEGE HOSPITAL COSTA MESA,301 VICTORIA STREET,COSTA MESA,92627,949-574-3328,Yes,01/01/2011,12/31/2011,Open,09/05/1968,09/05/1968,,NO,68,35,46,6059063702,116p,,13 - Orange,Orange,60000100,Parent Facility,-117.91303,33.65249,General Acute Care,Investor - individual,Psychiatric,23,8395,542,2511,0,0,0,0,0,0,0,0,0,0,0,0,0,0,0,0,0,0,0,0,0,0,0,0,0,0,0,0,0,0,0,0,0,0,0,0,0,23,8395,542,2511,0,0,0,0,99,36135,2806,34495,0,0,0,0,0,0,0,0,0,0,0,0,0,122,44530,3348,37006,0,0,0,0,0,0,0,0,0,0,90,0,90,13,77,0,90,11,2,74,0,0,0,0,0,0,3,90,Yes,,,,,0,0,0,0,0,0,0,0,0,0,0,0,0,0,0,0,0,0,,0,0,0,0,0,0,0,0,0,0,0,0,0,Respondent,203,620,668,2940,0,0,3,3,Yes,0,0,0,,,,0,0,NEITHER,0,0,0,0,0,0,0,0,0,0,0,0,0,0,0,0,0,0,0,0,0,0,0,0,0,0,0,0,0,0,0,0,0,0,0,0,0,0,0,,No,100 - 149,Investor,0,0,0,1,0,0,0,0,0,0,0,0,0,0,0,0,1,,,,,0,0,0,0,0,0,,Urban,COSTA MESA,106301155,106301155
106301167,KINDRED HOSPITAL - SANTA ANA,1901 NORTH COLLEGE AVENUE,SANTA ANA,92706,714-564-7800,Yes,01/01/2011,12/31/2011,Open,12/07/1956,12/07/1956,,NO,69,34,47,6059075302,116h,,13 - Orange,Orange,930000084,Consolidated Facility,-117.89175,33.76153,General Acute Care,Investor - Corporation,General Medical / Surgical,47,17155,424,12449,0,0,0,0,0,0,0,0,7,2555,65,146,2390,0,0,0,0,0,0,0,0,0,0,0,0,0,0,0,0,0,0,0,0,0,0,0,0,54,19710,489,14839,0,0,0,0,0,0,0,0,0,0,0,0,0,0,0,0,0,0,0,0,0,54,19710,489,14839,0,0,0,0,0,0,0,0,0,0,0,0,0,0,0,0,0,0,0,0,0,0,0,0,0,0,0,0,,,,,,0,0,0,0,0,0,0,0,0,0,0,0,0,0,0,0,0,0,,0,0,0,0,0,0,0,0,0,0,0,0,0,Respondent,83,2455,0,0,1,0,0,1,,0,0,0,,,,0,0,NEITHER,0,0,0,0,0,0,0,0,0,0,0,0,0,0,0,0,0,0,0,0,0,0,0,0,0,0,0,0,0,0,0,0,0,0,0,0,0,0,0,,No,50 - 99,Investor,0,0,0,1,0,0,0,0,0,0,0,0,0,0,0,0,1,,,,,0,0,0,0,0,0,,Urban,CITY OF ORANGE SOUTH/SANTA ANA NORTH/TUSTIN FOOTHILLS/TUSTIN WEST,106301167,106301167
106301175,FOUNTAIN VALLEY RGNL HOSP AND MED CTR - EUCLID,17100 EUCLID STREET,FOUNTAIN VALLEY,92708,714-966-7200,Yes,01/01/2011,12/31/2011,Open,11/01/1971,11/01/1971,,NO,68,35,46,6059099229,116j,,13 - Orange,Orange,60000109,Parent Facility,-117.93694,33.71546,General Acute Care,Investor - Corporation,General Medical / Surgical,183,66795,12121,56500,38,13870,3239,8964,13,4745,1482,4091,36,13140,667,1493,10407,0,0,0,0,0,0,0,0,0,0,0,0,0,0,0,23,8395,518,0,6274,0,0,0,0,293,106945,18027,86236,0,0,0,0,0,0,0,0,0,0,0,0,0,0,0,0,0,0,0,0,0,293,106945,18027,86236,0,0,0,0,0,0,55,2823,6452,0,0,0,0,0,0,0,0,0,0,0,0,0,0,0,0,0,0,0,,,,,,Basic,Basic,1475,4,1803,2,10461,25,11997,2353,3764,7538,29500,9922,39422,20,0,185,Yes,62,73,43,34,27,11,14,9,8,6,2,33,322,Respondent,5178,761340,4446,459003,0,4,9,13,Yes,3150,110,11,,,,0,1097,CV SURG,3,0,0,162,0,162,0,119,3,0,0,0,0,651,324,774,385,1425,709,1425,0,150,65,62,13,414,50,80,0,0,35,25,433,495,1,37,0,246,3531,,No,200 - 299,Investor,1,0,0,0,0,0,0,0,0,0,0,0,0,0,0,0,1,,,,,39422,1479,1805,10486,14350,11302,,Urban,FOUNTAIN VALLEY/HUNTINGTON BEACH CENTRAL,106301175,106301175
106301188,WESTERN MEDICAL CENTER HOSPITAL - ANAHEIM,1025 SOUTH ANAHEIM BLVD.,ANAHEIM,92805,714-533-6220,Yes,01/01/2011,12/31/2011,Open,12/29/1972,12/29/1972,,NO,69,34,47,6059087405,116l,,13 - Orange,Orange,60000117,Parent Facility,-117.90921,33.8209,General Acute Care,Investor - Corporation,General Medical / Surgical,35,18550,3584,11018,37,7180,205,1191,0,0,0,0,22,8030,29,235,2516,0,0,0,0,0,0,0,0,0,0,0,0,0,0,0,5,1825,124,0,740,0,0,0,0,99,35585,3942,15465,0,0,0,0,89,33035,2972,25262,0,0,0,,0,0,0,0,0,0,0,0,0,188,68620,6914,40727,0,0,0,0,0,0,14,1820,3871,0,25,46,71,0,68,3,71,21,8,24,3,1,0,2,11,0,1,71,Yes,,,,,Basic,Basic,3048,526,6103,744,2650,551,1582,537,876,629,14259,2987,17246,11,0,1061,Yes,61,71,33,66,52,80,67,83,70,37,31,60,711,Respondent,1244,149778,1162,90894,0,0,5,5,Yes,1814,84,11,Yes,,YES,526,0,CV SURG,2,0,0,95,0,95,0,3,2,0,0,121,50,294,94,415,144,830,288,0,0,4,0,0,0,116,8,3,0,0,0,0,0,0,0,0,69,200,400,,No,150 - 199,Investor,1,0,0,0,0,0,0,0,0,0,0,0,0,0,0,0,1,,,,,17246,3574,6847,3201,2119,1505,,Urban,ANAHEIM CENTRAL,106301188,106301188
106301205,HOAG MEMORIAL HOSPITAL PRESBYTERIAN,ONE HOAG DRIVE,NEWPORT BEACH,92663,949-764-4624,Yes,01/01/2011,12/31/2011,Open,09/15/1952,09/15/1952,,NO,68,35,48,6059063603,116p,,13 - Orange,Orange,60000122,Parent Facility,-117.92988,33.62462,General Acute Care,Non-Profit Corporation (incl. Church-related),General Medical / Surgical,350,127750,15554,66285,70,25550,6304,18385,0,0,0,0,31,13919,235,2134,6118,12,4380,134,843,2886,0,0,0,0,0,0,0,0,0,0,21,7665,393,38,5553,0,0,0,0,484,179264,22620,99227,0,0,0,0,0,0,0,0,0,0,0,,0,0,0,0,0,0,0,0,0,484,179264,22620,99227,21,454,4637,0,0,0,28,5712,13477,0,0,0,0,0,0,0,0,0,0,0,0,0,0,0,0,0,0,0,,,,,,Basic,Basic,20411,25,28144,238,5971,10356,469,175,83,237,55078,11031,66109,35,0,573,Yes,0,0,0,0,0,0,0,0,0,0,0,7,7,Respondent,6375,1049948,8930,714601,0,3,18,21,Yes,6134,432,104,,,,0,2238,CV SURG,3,0,0,395,9,395,9,204,3,0,0,0,0,392,270,1309,1459,1701,1729,1568,2,212,186,99,80,585,42,7,0,0,38,285,85,153,14,59,5,10,3430,Yes,No,300 - 499,Non-Profit Corporation (i,1,0,0,0,0,0,0,0,0,0,0,0,0,0,0,0,1,,,,,66109,20436,28382,16327,644,320,,Urban,COSTA MESA,106301205,106301205
106301209,HUNTINGTON BEACH HOSPITAL,17772 BEACH BOULEVARD,HUNTINGTON BEACH,92647,714-229-6871,Yes,01/01/2011,12/31/2011,Open,04/03/1967,04/03/1967,,NO,67,35,46,6059099212,116s,,13 - Orange,Orange,60000124,Parent Facility,-117.98895,33.70442,General Acute Care,Investor - Limited Liability Company,General Medical / Surgical,94,34310,2872,10366,0,0,0,0,0,0,0,0,6,2190,109,239,1220,6,2190,109,238,1219,0,0,0,0,0,0,0,0,0,0,0,0,0,0,0,0,0,0,0,106,38690,3090,12805,0,0,0,0,25,9125,323,5280,0,0,0,,0,0,0,0,0,0,0,0,0,131,47815,3413,18085,0,0,0,0,0,0,0,0,0,0,18,0,18,0,13,5,18,17,1,0,0,0,0,0,0,0,0,18,,,,,,Basic,Basic,296,0,1077,5,6100,12,3297,23,3866,3167,14636,3207,17843,12,0,517,,0,0,0,0,0,0,0,0,0,0,0,0,0,Respondent,360,28416,130,9202,0,0,3,3,,0,0,0,,,,0,0,CATH LAB,0,0,0,0,0,0,0,0,1,0,0,0,0,40,0,0,0,40,0,30,0,8,0,0,0,0,0,0,0,0,0,0,2,0,0,0,0,0,40,,No,100 - 149,Investor,1,0,0,0,0,0,0,0,0,0,0,0,0,0,0,0,1,,,,,17843,296,1082,6112,3320,7033,,Urban,HUNTINGTON BEACH NORTH/SEAL BEACH EAST/WESTMINSTER,106301209,106301209
106301234,LA PALMA INTERCOMMUNITY HOSPITAL,7901 WALKER STREET,LA PALMA,90623,714-229-6871,Yes,01/01/2011,12/31/2011,Open,05/30/1972,05/30/1972,,NO,67,35,40,6059110116,116a,,13 - Orange,Orange,60000136,Parent Facility,-118.03737,33.8485,General Acute Care,Investor - Limited Liability Company,General Medical / Surgical,105,38325,2924,10472,11,4015,229,486,0,0,0,0,4,1460,78,136,1016,4,1460,77,135,1015,0,0,0,0,0,0,0,0,0,0,0,0,0,0,0,0,0,0,0,124,45260,3308,12989,0,0,0,0,17,6205,294,3910,0,0,0,,0,0,0,0,0,0,0,0,0,141,51465,3602,16899,0,0,0,0,0,0,18,203,406,0,12,0,12,0,11,1,12,12,0,0,0,0,0,0,0,0,0,12,,,,,,Basic,Basic,405,6,1028,1,3986,0,4280,10,1599,3299,11298,3316,14614,10,0,248,,0,0,0,0,0,0,0,0,0,0,0,0,0,Respondent,384,35048,250,13338,1,0,3,4,,199,11,3,,,,0,39,CATH LAB,0,0,0,0,0,0,0,0,1,0,0,0,0,7,0,0,0,7,0,7,0,0,0,0,0,0,0,0,0,0,0,0,0,0,0,0,0,0,7,,No,100 - 149,Investor,1,0,0,0,0,0,0,0,0,0,0,0,0,0,0,0,1,,,,,14614,411,1029,3986,4290,4898,,Urban,BUENA PARK/LA PALMA,106301234,106301234
106301248,LOS ALAMITOS MEDICAL CENTER,3751 KATELLA AVENUE,LOS ALAMITOS,90720,562-598-1311,Yes,01/01/2011,12/31/2011,Open,11/22/1968,11/22/1968,,NO,67,35,40,6059110108,116e,,13 - Orange,Orange,60000142,Parent Facility,-118.0674,33.80327,General Acute Care,Investor - Corporation,General Medical / Surgical,113,41245,7320,27253,12,4380,1620,3703,0,0,0,0,9,3285,323,574,3367,8,2920,213,496,2492,0,0,0,0,0,0,0,0,0,0,0,0,0,0,0,0,0,0,0,142,51830,9476,36815,0,0,0,0,25,9125,375,6750,0,0,0,,0,0,0,0,0,0,0,0,0,167,60955,9851,43565,0,0,0,0,0,0,17,1618,3319,0,25,0,25,0,6,19,25,22,1,2,0,0,0,0,0,0,0,25,,,,,,Basic,Basic,1507,9,1258,3,7469,8,9034,537,4340,5710,23608,6267,29875,20,0,669,Yes,122,52,89,14,20,24,12,14,41,63,61,106,618,Respondent,2270,290700,3568,317970,0,0,6,6,,1580,67,1,,,,0,445,CATH LAB,0,0,0,0,0,0,0,0,1,0,0,0,0,221,54,79,88,300,142,300,0,68,40,5,11,173,14,0,0,0,0,0,314,211,0,18,0,13,1167,,No,150 - 199,Investor,1,0,0,0,0,0,0,0,0,0,0,0,0,0,0,0,1,,,,,29875,1516,1261,7477,9571,10050,,Urban,CYPRESS/LOS ALAMITOS/ROSSMOOR,106301248,106301248
106301258,COASTAL COMMUNITIES HOSPITAL,2701 BRISTOL STREET,SANTA ANA,92704,714-754-5454,Yes,01/01/2011,12/31/2011,Open,06/07/1973,06/07/1973,,NO,69,34,47,6059074005,116g,,13 - Orange,Orange,60000143,Parent Facility,-117.8853,33.71039,General Acute Care,Investor - Corporation,General Medical / Surgical,79,28835,2089,9071,12,4380,1634,4221,9,3285,47,125,9,3285,158,305,1581,0,0,0,0,0,0,0,0,0,0,0,0,0,0,0,0,0,0,0,0,0,0,0,0,109,39785,3928,14998,0,0,0,0,23,8395,424,5672,46,16790,31,,13041,0,0,0,0,0,0,0,0,178,64970,4383,33711,0,0,0,0,0,0,35,1424,3428,0,0,12,12,0,3,9,12,12,0,0,0,0,0,0,0,0,0,12,,,,,,Basic,Basic,2299,3,8275,69,3517,256,2330,428,2062,1214,18483,1970,20453,10,0,188,Yes,6,4,0,7,0,2,1,3,5,10,4,12,54,Respondent,1551,128941,1519,104603,0,0,5,5,Yes,1424,63,5,,,,0,627,NEITHER,0,0,0,0,0,0,0,0,0,0,0,0,0,0,0,0,0,0,0,0,0,0,0,0,0,0,0,0,0,0,0,0,0,0,0,0,0,0,0,,No,150 - 199,Investor,1,0,0,0,0,0,0,0,0,0,0,0,0,0,0,0,1,,,,,20453,2302,8344,3773,2758,3276,,Urban,SANTA ANA SOUTH,106301258,106301258
106301262,MISSION HOSPITAL REGIONAL MEDICAL CENTER,27700 MEDICAL CENTER ROAD,MISSION VIEJO,92691,949-364-2258,Yes,01/01/2011,12/31/2011,Open,08/10/1971,08/10/1971,Level II,NO,71,33,42,6059032022,115.2a,,13 - Orange,Orange,60000146,Parent Facility,-117.66768,33.56279,General Acute Care,Non-Profit Corporation (incl. Church-related),General Medical / Surgical,217,78203,12669,45150,43,15695,3193,9316,0,0,0,0,36,13140,345,1076,5275,27,9855,680,1771,8062,0,0,0,0,0,0,0,0,0,0,0,0,0,0,0,22,9032,432,4471,345,125925,17319,72274,0,0,0,0,0,0,0,0,0,0,0,,0,0,0,0,0,0,0,0,0,345,125925,17319,72274,0,0,0,0,0,0,20,3045,7080,0,0,0,0,0,0,0,0,0,0,0,0,0,0,0,0,0,0,0,,,,,,Basic,Basic,2813,0,8705,0,7131,0,9349,0,1057,10777,29055,10777,39832,38,11518,779,Yes,33,62,76,20,30,3,4,3,13,5,4,67,320,Respondent,4543,701561,3154,274177,0,0,10,10,Yes,3037,193,35,,,,0,1068,CV SURG,2,0,0,188,16,188,16,152,3,0,0,0,0,843,632,833,769,1676,1401,1676,1,230,77,30,31,510,96,4,0,3,91,269,0,0,1,35,1,22,3077,Yes,No,300 - 499,Non-Profit Corporation (i,1,0,0,0,1,0,1,0,0,0,0,0,0,0,1,1,0,,39832,,,,2813,8705,7131,9349,11834,,Urban,LAKE FOREST EAST/MISSION VIEJO CENTRAL AND SOUTH,106301262,106301262
106301279,UNIVERSITY OF CALIFORNIA IRVINE MEDICAL CENTER,101 CITY DRIVE SOUTH,ORANGE,92668,714-456-5678,Yes,01/01/2011,12/31/2011,Open,07/01/1953,07/01/1953,Level I,YES,72,33,40,6059076102,116r,,13 - Orange,Orange,60000148,Parent Facility,-117.89064,33.7889,General Acute Care,University of California,General Medical / Surgical,214,77120,11908,52128,26,9490,1433,5469,0,0,0,0,60,23620,1416,3298,16989,0,0,0,0,0,0,0,0,0,0,8,2920,189,94,2587,45,13200,378,318,9670,14,5110,223,3776,367,131460,15547,90619,0,0,0,0,48,18774,1470,11713,0,0,0,0,0,0,0,0,0,0,0,0,0,415,150234,17017,102332,0,0,0,0,0,0,35,489,1254,0,30,0,30,7,23,0,30,0,10,0,15,0,4,0,0,1,0,30,,,,,,Comprehensive,Comprehensive,2310,5,6880,101,10104,1299,4649,3322,2829,4044,26772,8771,35543,38,0,754,Yes,62,70,47,26,12,19,10,57,37,55,37,44,476,Respondent,5675,1303354,5504,611780,0,0,22,22,Yes,1225,207,55,,,,0,447,CV SURG,2,0,0,93,21,93,21,83,3,0,0,0,0,148,253,147,117,295,370,337,0,36,7,31,4,186,1,4,1,1,32,49,24,26,0,15,3,37,794,Yes,No,300 - 499,University of California,0,1,0,0,1,1,0,0,0,0,0,0,0,0,1,1,0,35543,,,,,2315,6981,11403,7971,6873,,Urban,GARDEN GROVE NORTH/STANTON,106301279,106301279
106301283,GARDEN GROVE HOSPITAL AND MEDICAL CENTER,12601 GARDEN GROVE BLVD.,GARDEN GROVE,92643-1959,714-229-6871,Yes,01/01/2011,12/31/2011,Open,01/07/1958,01/07/1958,,NO,69,34,47,6059088502,116r,,13 - Orange,Orange,60000152,Parent Facility,-117.91182,33.77458,General Acute Care,Investor - Limited Liability Company,General Medical / Surgical,108,39420,3995,15881,35,12775,1937,4103,0,0,0,0,12,4380,180,585,3158,0,0,0,0,0,0,0,0,0,0,0,0,0,0,0,12,4380,148,0,1077,0,0,0,0,167,60955,6260,24219,0,0,0,0,0,0,0,0,0,0,0,,0,0,0,0,0,0,0,0,0,167,60955,6260,24219,0,0,0,0,0,0,13,1919,3567,0,0,0,0,0,0,0,0,0,0,0,0,0,0,0,0,0,0,0,,,,,,Basic,Basic,402,0,2822,3,8524,7,8451,38,1799,3726,21998,3774,25772,12,0,386,,0,0,0,0,0,0,0,0,0,0,0,0,0,Respondent,1216,93344,1131,64055,0,0,6,6,,1919,92,4,,,,0,816,NEITHER,0,0,0,0,0,0,0,0,0,0,0,0,0,0,0,0,0,0,0,0,0,0,0,0,0,0,0,0,0,0,0,0,0,0,0,0,0,0,0,,No,150 - 199,Investor,1,0,0,0,0,0,0,0,0,0,0,0,0,0,0,0,1,,,,,25772,402,2825,8531,8489,5525,,Urban,GARDEN GROVE NORTH/STANTON,106301283,106301283
106301297,PLACENTIA LINDA HOSPITAL,1301 NORTH ROSE DRIVE,PLACENTIA,92670,714-524-4800,Yes,01/01/2011,12/31/2011,Open,09/27/1972,09/27/1972,,NO,72,29,42,6059011715,116m,,13 - Orange,Orange,60000157,Parent Facility,-117.84389,33.88449,General Acute Care,Investor - Corporation,General Medical / Surgical,106,38690,3600,10837,0,0,0,0,0,0,0,0,4,1460,97,100,674,4,1460,97,100,674,0,0,0,0,0,0,0,0,0,0,0,0,0,0,0,0,0,0,0,114,41610,3794,12185,0,0,0,0,0,0,0,0,0,0,0,0,0,0,0,0,0,0,0,0,0,114,41610,3794,12185,0,0,0,0,0,0,0,0,0,0,0,0,0,0,0,0,0,0,0,0,0,0,0,0,0,0,0,0,,Yes,YES,,,Basic,Basic,1090,1,1348,0,8359,4,7420,602,2542,2167,20759,2774,23533,10,0,0,Yes,1,4,0,0,0,0,0,0,0,0,0,0,5,Respondent,1278,162165,3446,317445,0,0,5,5,,0,0,0,,,,0,0,NEITHER,0,0,0,0,0,0,0,0,0,0,0,0,0,0,0,0,0,0,0,0,0,0,0,0,0,0,0,0,0,0,0,0,0,0,0,0,0,0,0,,No,100 - 149,Investor,1,0,0,0,0,0,0,0,0,0,0,0,0,0,0,0,1,,,,,23533,1091,1348,8363,8022,4709,,Urban,BREA EAST/PLACENTIA CENTRAL AND NORTH/YORBA LINDA,106301297,106301297
106301304,NEWPORT BAY HOSPITAL,1501 EAST 16TH STREET,NEWPORT BEACH,92663,949-650-9750-133,Yes,01/01/2011,12/31/2011,Open,01/07/1958,01/07/1958,,NO,70,35,48,6059063400,116d,,13 - Orange,Orange,60000160,Parent Facility,-117.90654,33.62218,Acute Psychiatric,State,Psychiatric,0,0,0,0,0,0,0,0,0,0,0,0,0,0,0,0,0,0,0,0,0,0,0,0,0,0,0,0,0,0,0,0,0,0,0,0,0,0,0,0,0,0,0,0,0,0,0,0,0,34,12410,829,11081,0,0,0,,0,0,0,0,0,0,0,0,0,34,12410,829,11081,0,0,0,0,0,0,0,0,0,0,24,0,24,0,6,18,24,24,0,0,0,0,0,0,0,0,0,24,,,,,,0,0,0,0,0,0,0,0,0,0,0,0,0,0,0,0,0,0,,0,0,0,0,0,0,0,0,0,0,0,0,0,Respondent,0,0,0,0,0,0,0,0,,0,0,0,,,,0,0,NEITHER,0,0,0,0,0,0,0,0,0,0,0,0,0,0,0,0,0,0,0,0,0,0,0,0,0,0,0,0,0,0,0,0,0,0,0,0,0,0,0,,Yes,1 - 49,State,0,0,0,1,0,0,0,0,0,0,0,0,0,0,0,0,1,,,,,0,0,0,0,0,0,,Urban,IRVINE SOUTH/NEWPORT BEACH/NEWPORT COAST/SAN JOAQUIN HILLS,106301304,106301304
106301317,SADDLEBACK MEMORIAL MEDICAL CENTER,24451 HEALTH CENTER DRIVE,LAGUNA HILLS,92653,949-837-4500,Yes,01/01/2011,12/31/2011,Open,01/27/1974,01/27/1974,,NO,73,33,48,6059062647,115.2d,,13 - Orange,Orange,60000166,Parent Facility,-117.70837,33.60796,General Acute Care,Non-Profit Corporation (incl. Church-related),General Medical / Surgical,151,55115,10901,39739,39,14235,2764,8628,0,0,0,0,31,11315,377,2239,6237,0,0,0,0,0,0,0,0,0,0,0,0,0,0,0,19,6935,189,10,3211,12,4380,0,0,252,91980,14231,57815,0,0,0,0,0,0,0,0,0,0,0,,0,0,0,0,0,0,0,0,0,252,91980,14231,57815,0,0,0,0,0,0,24,2410,5864,0,0,0,0,0,0,0,0,0,0,0,0,0,0,0,0,0,0,0,,,,,,Basic,Basic,380,2,7488,15,11130,51,3867,75,2282,8001,25147,8144,33291,31,0,666,Yes,25,60,42,6,12,33,62,53,11,28,16,71,419,Respondent,3193,486615,2056,205905,0,0,10,10,Yes,2600,192,52,,,,0,882,CV SURG,1,0,0,63,73,63,73,105,3,0,0,0,0,732,711,523,377,1255,1088,1191,0,275,104,85,66,418,49,7,0,2,64,84,276,285,3,46,0,59,3014,,No,200 - 299,Non-Profit Corporation (i,1,0,0,0,0,0,0,0,0,0,0,0,0,0,0,0,1,,,,,33291,382,7503,11181,3942,10283,,Urban,LAGUNA BEACH/LAGUNA WOODS,106301317,106301317
106301325,SADDLEBACK MEMORIAL MEDICAL CENTER - SAN CLEMENTE,654 CAMINO DE LOS MARES,SAN CLEMENTE,92673,949-496-1122,Yes,01/01/2011,12/31/2011,Open,01/31/2005,08/17/1972,,NO,73,38,44,6059042205,115.1,,13 - Orange,Orange,60000166,Consolidated Facility,-117.65019,33.45771,General Acute Care,Non-Profit Corporation (incl. Church-related),General Medical / Surgical,66,24090,2172,7588,0,0,0,0,0,0,0,0,7,2555,118,351,1531,0,0,0,0,0,0,0,0,0,0,0,0,0,0,0,0,0,0,0,0,0,0,0,0,73,26645,2290,9119,0,0,0,0,0,0,0,0,0,0,0,,0,0,0,0,0,0,0,0,0,73,26645,2290,9119,0,0,0,0,0,0,0,0,0,0,0,0,0,0,0,0,0,0,0,0,0,0,0,0,0,0,0,0,,,,,,Basic,Basic,266,0,3176,1,5678,13,2567,811,486,1002,12173,1827,14000,10,0,427,Yes,0,12,5,5,0,4,6,5,6,4,0,0,47,Respondent,465,57060,1234,70800,0,0,3,3,,0,0,0,,,,0,0,NEITHER,0,0,0,0,0,0,0,0,0,0,0,0,0,0,0,0,0,0,0,0,0,0,0,0,0,0,0,0,0,0,0,0,0,0,0,0,0,0,0,Yes,No,50 - 99,Non-Profit Corporation (i,1,0,0,0,0,0,0,0,0,0,0,0,0,0,0,0,1,,,,,14000,266,3177,5691,3378,1488,,Urban,DANA POINT/SAN CLEMENTE/SAN JUAN CAPISTRANO,106301325,106301325
106301337,MISSION HOSPITAL LAGUNA BEACH,31872 COAST HIGHWAY,LAGUNA BEACH,92677,949-499-1311,Yes,01/01/2011,12/31/2011,Open,07/01/2009,06/30/1959,,NO,70,35,48,6059042305,115.2c,,13 - Orange,Orange,60000146,Consolidated Facility,-117.74227,33.49978,General Acute Care,Non-Profit Corporation (incl. Church-related),General Medical / Surgical,113,41245,2921,12277,19,6935,0,0,0,0,0,0,10,3650,209,268,1334,0,0,0,0,0,0,0,0,0,0,0,0,0,0,0,0,0,0,0,0,0,0,0,0,142,51830,3130,13611,0,0,0,0,36,13140,1178,6231,29,10585,0,,0,0,0,0,0,0,0,0,0,207,75555,4308,19842,10,906,5812,0,0,0,0,0,0,0,10,0,10,0,10,0,10,0,2,1,0,0,5,2,0,0,0,10,,,,,,Basic,Basic,843,0,2440,0,1918,0,2923,0,486,2992,8610,2992,11602,12,3283,69,Yes,3,2,1,0,10,0,2,0,4,1,0,7,30,Respondent,444,56636,783,68099,0,0,6,6,,0,0,0,,,,0,0,NEITHER,0,0,0,0,0,0,0,0,0,0,0,0,0,0,0,0,0,0,0,0,0,0,0,0,0,0,0,0,0,0,0,0,0,0,0,0,0,0,0,,No,200 - 299,Non-Profit Corporation (i,1,0,0,0,0,0,0,0,0,0,0,0,0,0,0,0,1,,,,,11602,843,2440,1918,2923,3478,,Urban,ALISO VIEJO/LAGUNA HILLS/LAGUNA NIGUEL,106301337,106301337
106301340,ST. JOSEPH HOSPITAL - ORANGE,1100 WEST STEWART DRIVE,ORANGE,92868,714-771-8020,Yes,01/01/2011,12/31/2011,Open,10/27/1964,10/27/1964,,NO,72,33,40,6059076000,116h,,13 - Orange,Orange,60000172,Parent Facility,-117.86516,33.7823,General Acute Care,Non-Profit Corporation (incl. Church-related),General Medical / Surgical,379,138335,13140,47401,57,20805,4452,11816,0,0,0,0,32,11680,564,2415,7221,20,7300,0,0,0,0,0,0,0,0,0,0,0,0,0,0,0,0,0,0,0,0,0,0,488,178120,18156,66438,0,0,0,0,37,13505,2037,11181,0,0,0,0,0,0,0,0,0,0,0,0,0,525,191625,20193,77619,0,0,0,0,0,0,31,4920,10015,0,6,14,20,0,20,0,20,9,0,0,0,0,9,2,0,0,0,20,,Yes,YES,,,Basic,Basic,1089,3,10568,37,20302,1202,9246,2258,5097,5495,46302,8995,55297,65,0,1920,Yes,5,2,2,0,12,0,2,0,3,0,3,0,29,Respondent,9222,1271378,8931,536236,19,13,0,32,Yes,4898,263,56,,,,0,1786,CV SURG,3,0,0,197,192,197,192,140,3,0,0,0,0,1012,1017,972,535,1984,1552,1381,0,253,91,139,46,559,33,6,33,2,558,214,216,354,0,36,0,140,4061,Yes,No,500+,Non-Profit Corporation (i,1,0,0,0,0,0,0,0,0,0,0,0,0,0,0,0,1,,,,,55297,1092,10605,21504,11504,10592,,Urban,CITY OF ORANGE SOUTH/SANTA ANA NORTH/TUSTIN FOOTHILLS/TUSTIN WEST,106301340,106301340
106301342,ST. JUDE MEDICAL CENTER,101 EAST VALENCIA MESA DRIVE,FULLERTON,92835,714-992-3000-3918,Yes,01/01/2011,12/31/2011,Open,05/13/1957,05/13/1957,,NO,72,33,40,6059001601,116f,,13 - Orange,Orange,60000173,Parent Facility,-117.92851,33.89349,General Acute Care,Non-Profit Corporation (incl. Church-related),General Medical / Surgical,200,73000,10187,37017,39,14235,2193,5904,12,4380,41,90,52,18980,1472,3541,14612,0,0,0,0,0,0,0,0,0,0,0,0,0,0,0,14,5110,226,27,2119,30,10950,572,7049,347,126655,14691,66791,0,0,0,0,0,0,0,0,37,13505,968,11,11450,0,0,0,0,0,0,0,0,384,140160,15659,78241,0,0,0,0,0,0,12,1963,4198,0,0,0,0,0,0,0,0,0,0,0,0,0,0,0,0,0,0,0,,Yes,,YES,,Basic,Basic,884,117,1686,0,20801,1,20023,16,4056,8061,47450,8195,55645,36,0,402,Yes,8,18,5,3,0,0,0,0,10,6,0,0,50,Respondent,3198,504846,10330,625397,1,4,10,15,Yes,2123,123,21,,,,0,640,CV SURG,2,0,0,133,21,133,21,78,4,0,0,0,0,1153,373,569,185,1722,558,1722,0,155,132,91,68,499,59,2,0,0,214,241,154,128,2,54,2,0,3523,Yes,No,300 - 499,Non-Profit Corporation (i,1,0,0,0,0,0,0,0,0,0,0,0,0,0,0,0,1,,,,,55645,1001,1686,20802,20039,12117,,Urban,FULLERTON CENTRAL AND SOUTH,106301342,106301342
106301357,NEWPORT SPECIALTY HOSPITAL,14662 NEWPORT AVENUE,TUSTIN,92680,714-619-7700,Yes,01/01/2011,12/31/2011,Open,02/23/1998,05/06/1970,,NO,70,33,48,6059075515,116h,,13 - Orange,Orange,60000178,Parent Facility,-117.82953,33.73053,General Acute Care,Investor - Corporation,General Medical / Surgical,120,43800,318,6869,0,0,0,0,0,0,0,0,15,5475,12,54,1957,0,0,0,0,0,0,0,0,0,0,0,0,0,0,0,0,0,0,0,0,0,0,0,0,135,49275,330,8826,0,0,0,0,0,0,0,0,42,15330,27,0,10543,0,0,0,0,0,0,0,0,177,64605,357,19369,22,0,0,0,0,0,0,0,0,0,0,0,0,0,0,0,0,0,0,0,0,0,0,0,0,0,0,0,,,,,,0,0,0,0,0,0,0,0,0,0,0,0,0,0,0,0,0,0,,0,0,0,0,0,0,0,0,0,0,0,0,0,Respondent,103,11682,68,4220,0,0,5,5,Yes,0,0,0,,,,0,0,NEITHER,0,0,0,0,0,0,0,0,0,0,0,0,0,0,0,0,0,0,0,0,0,0,0,0,0,0,0,0,0,0,0,0,0,0,0,0,0,0,0,,No,150 - 199,Investor,0,0,0,1,0,0,0,0,0,0,0,0,0,0,0,0,1,,,,,0,0,0,0,0,0,,Urban,CITY OF ORANGE SOUTH/SANTA ANA NORTH/TUSTIN FOOTHILLS/TUSTIN WEST,106301357,106301357
106301379,WEST ANAHEIM MEDICAL CENTER,3033 WEST ORANGE AVENUE,ANAHEIM,92804,714-229-6871,Yes,01/01/2011,12/31/2011,Open,08/05/1964,08/05/1964,,NO,67,34,40,6059086902,116c,,13 - Orange,Orange,60000182,Parent Facility,-117.99492,33.82482,General Acute Care,Investor - Limited Liability Company,General Medical / Surgical,147,53655,5306,20925,0,0,0,0,0,0,0,0,10,3650,143,379,1843,10,3650,142,379,1842,0,0,0,0,0,0,0,0,0,0,0,0,0,0,0,0,0,0,0,167,60955,5591,24610,0,0,0,0,30,10950,409,8510,22,8030,0,,0,0,0,0,0,0,0,0,0,219,79935,6000,33120,0,0,0,0,0,0,0,0,0,0,23,0,23,0,15,8,23,23,0,0,0,0,0,0,0,0,0,23,,,,,,Basic,Basic,785,2,2112,3,11051,13,7841,30,2338,5710,24127,5758,29885,23,0,1045,,0,0,0,0,0,0,0,0,0,0,0,0,0,Respondent,790,97950,177,16199,0,0,7,7,,0,0,0,,,,0,0,CV SURG,1,0,0,17,0,17,0,17,1,0,0,0,0,201,138,23,0,224,138,224,0,20,2,4,0,138,0,0,0,0,0,0,0,0,0,8,0,71,467,,No,200 - 299,Investor,1,0,0,0,0,0,0,0,0,0,0,0,0,0,0,0,1,,,,,29885,787,2115,11064,7871,8048,,Urban,ANAHEIM WEST,106301379,106301379
106301380,KINDRED HOSPITAL WESTMINSTER,200 HOSPITAL CIRCLE,WESTMINSTER,92683,714-893-4541-5156,Yes,01/01/2011,12/31/2011,Open,09/15/1959,09/15/1959,,NO,68,35,46,6059099801,116s,,13 - Orange,Orange,60000183,Parent Facility,-117.99438,33.76301,General Acute Care,Investor - Corporation,General Medical / Surgical,93,33945,972,30661,0,0,0,0,0,0,0,0,16,5840,135,505,5471,0,0,0,0,0,0,0,0,0,0,0,0,0,0,0,0,0,0,0,0,0,0,0,0,109,39785,1107,36132,0,0,0,0,0,0,0,0,0,0,0,,0,0,0,0,0,0,0,0,0,109,39785,1107,36132,0,0,0,0,0,0,0,0,0,0,0,0,0,0,0,0,0,0,0,0,0,0,0,0,0,0,0,0,,,,,,0,0,0,0,0,0,0,0,0,0,0,0,0,0,0,0,0,0,,0,0,0,0,0,0,0,0,0,0,0,0,0,Respondent,320,5310,0,0,3,0,0,3,,0,0,0,,,,0,0,NEITHER,0,0,0,0,0,0,0,0,0,0,0,0,0,0,0,0,0,0,0,0,0,0,0,0,0,0,0,0,0,0,0,0,0,0,0,0,0,0,0,,No,100 - 149,Investor,0,0,0,1,0,0,0,0,0,0,0,0,0,0,0,0,1,,,,,0,0,0,0,0,0,,Urban,HUNTINGTON BEACH NORTH/SEAL BEACH EAST/WESTMINSTER,106301380,106301380
106301566,WESTERN MEDICAL CENTER - SANTA ANA,1001 NORTH TUSTIN AVENUE,SANTA ANA,92705,714-953-3610,Yes,01/01/2011,12/31/2011,Open,04/19/1975,04/19/1975,Level II,NO,69,33,48,6059075504,116h,,13 - Orange,Orange,60000188,Parent Facility,-117.83398,33.75361,General Acute Care,Investor - Corporation,General Medical / Surgical,139,50735,4676,19523,52,18980,2422,5879,26,9490,0,0,42,15330,603,417,6949,0,0,0,0,0,0,0,0,0,0,7,2555,110,50,996,16,5840,378,0,2935,0,0,0,0,282,102930,8189,36282,0,0,0,0,0,0,0,0,0,0,0,,0,0,0,0,0,0,0,0,0,282,102930,8189,36282,0,0,0,0,0,0,0,2371,4393,0,0,0,0,0,0,0,0,0,0,0,0,0,0,0,0,0,0,0,,,,,,Basic,Basic,911,2,8564,65,4794,776,1488,1484,429,2014,16186,4341,20527,20,0,47,Yes,31,43,20,19,37,19,19,33,23,19,20,18,301,Respondent,3301,361260,2432,205080,0,0,11,11,,2352,168,27,,,,0,906,CV SURG,1,0,0,76,0,76,0,73,2,0,0,0,0,490,419,657,452,1147,871,1147,0,18,51,21,16,611,27,38,2,0,1,2,1,0,0,63,0,20,2018,Yes,No,200 - 299,Investor,1,0,0,0,1,0,1,0,0,0,0,0,0,0,1,1,0,,20527,,,,913,8629,5570,2972,2443,,Urban,CITY OF ORANGE SOUTH/SANTA ANA NORTH/TUSTIN FOOTHILLS/TUSTIN WEST,106301566,106301566
106301781,FAIRVIEW DEVELOPMENTAL CENTER,2501 HARBOR BOULEVARD,COSTA MESA,92626,714-957-5000,Yes,01/01/2011,12/31/2011,Open,03/31/1959,03/31/1959,,NO,68,35,46,6059063807,116p,,13 - Orange,Orange,170000771,Parent Facility,-117.91939,33.66325,General Acute Care,State,Developmentally Disabled,30,10950,98,525,0,0,0,0,0,0,0,0,0,0,0,0,0,0,0,0,0,0,0,0,0,0,0,0,0,0,0,0,0,0,0,0,0,0,0,0,0,30,10950,98,525,0,0,0,0,0,0,0,0,396,144540,13,,58011,0,0,0,0,792,289080,35,89636,1218,444570,146,148172,0,0,0,0,0,0,0,0,0,0,0,0,0,0,0,0,0,0,0,0,0,0,0,0,0,0,0,0,,,,,,0,0,0,0,0,0,0,0,0,0,0,0,0,0,0,0,0,0,,0,0,0,0,0,0,0,0,0,0,0,0,0,Respondent,0,0,0,0,0,0,0,0,,0,0,0,,,,0,0,NEITHER,0,0,0,0,0,0,0,0,0,0,0,0,0,0,0,0,0,0,0,0,0,0,0,0,0,0,0,0,0,0,0,0,0,0,0,0,0,0,0,,Yes,500+,State,0,0,0,1,0,0,0,0,0,0,0,0,0,0,0,0,1,,,,,0,0,0,0,0,0,,Urban,COSTA MESA,106301781,106301781
106304039,FOUNTAIN VALLEY RGNL HOSP AND MED CTR - WARNER,11250 WARNER AVENUE,FOUNTAIN VALLEY,92708,714-966-7200,No,01/01/2011,12/31/2011,Open,03/29/1990,03/29/1990,,NO,68,35,46,6059099229,116j,,13 - Orange,Orange,60000109,Consolidated Facility,-117.93159,33.71625,General Acute Care,Investor - Corporation,General Medical / Surgical,107,39055,0,0,0,0,0,0,0,0,0,0,0,0,0,0,0,0,0,0,0,0,0,0,0,0,0,0,0,0,0,0,0,0,0,0,0,0,0,0,0,107,39055,0,0,0,0,0,0,0,0,0,0,0,0,0,,0,0,0,0,0,0,0,0,0,107,39055,0,0,0,0,0,0,0,0,0,0,0,0,0,0,0,0,0,0,0,0,0,0,0,0,0,0,0,0,0,0,,,,,,0,0,0,0,0,0,0,0,0,0,0,0,0,0,0,0,0,0,NO,0,0,0,0,0,0,0,0,0,0,0,0,,Respondent,0,0,0,0,0,0,0,0,,0,0,0,,,,0,0,NEITHER,0,0,0,0,0,0,0,0,0,0,0,0,0,0,0,0,0,0,0,0,0,0,0,0,0,0,0,0,0,0,0,0,0,0,0,0,0,0,0,,No,100 - 149,Investor,0,0,0,1,0,0,0,0,0,0,0,0,0,0,0,0,1,,,,,0,0,0,0,0,0,,Urban,FOUNTAIN VALLEY/HUNTINGTON BEACH CENTRAL,106304039,106304039
106304045,HOAG HOSPITAL IRVINE,16200 SAND CANYON AVENUE,IRVINE,92718,949-764-4624,Yes,01/01/2011,12/31/2011,Open,08/26/2010,08/15/1990,,NO,70,35,48,6059052518,116o,,13 - Orange,Orange,60000122,Consolidated Facility,-117.77384,33.66142,General Acute Care,Non-Profit Corporation (incl. Church-related),General Medical / Surgical,72,26280,2701,9442,0,0,0,0,0,0,0,0,12,4380,134,694,2009,0,0,0,0,0,0,0,0,0,0,0,0,0,0,0,0,0,0,0,0,0,0,0,0,84,30660,2835,11451,0,0,0,0,0,0,0,0,0,0,0,,0,0,0,0,0,0,0,0,0,84,30660,2835,11451,0,0,0,0,0,0,0,0,0,0,0,0,0,0,0,0,0,0,0,0,0,0,0,0,0,0,0,0,,,,,,Basic,Basic,7994,0,11231,3375,1813,0,126,0,29,0,21193,3375,24568,14,0,52,,0,0,0,0,0,0,0,0,0,0,0,0,0,Respondent,1174,107584,928,66176,0,0,2,2,Yes,0,0,0,,,,0,0,CATH LAB,0,0,0,0,0,0,0,0,2,0,0,0,0,106,167,138,442,244,609,106,0,61,35,25,10,38,6,0,0,0,10,53,34,88,0,10,0,377,853,,No,50 - 99,Non-Profit Corporation (i,1,0,0,0,0,0,0,0,0,0,0,0,0,0,0,0,1,,,,,24568,7994,14606,1813,126,29,,Urban,IRVINE CENTRAL/TUSTIN EAST,106304045,106304045
106304079,HEALTHSOUTH TUSTIN REHABILITATION HOSPITAL,14851 YORBA STREET,TUSTIN,92680,714-832-9200,Yes,01/01/2011,12/31/2011,Open,06/07/1991,06/07/1991,,NO,70,33,48,6059075505,116h,,13 - Orange,Orange,60000303,Parent Facility,-117.83032,33.74747,General Acute Care,Investor - Partnership,Physical Rehabilitation,0,0,0,0,0,0,0,0,0,0,0,0,0,0,0,0,0,0,0,0,0,0,0,0,0,0,0,0,0,0,0,0,0,0,0,0,0,48,17520,1321,15281,48,17520,1321,15281,0,0,0,0,0,0,0,0,0,0,0,,0,0,0,0,0,0,0,0,0,48,17520,1321,15281,0,0,0,0,0,0,0,0,0,0,0,0,0,0,0,0,0,0,0,0,0,0,0,0,0,0,0,0,,,,,,0,0,0,0,0,0,0,0,0,0,0,0,0,0,0,0,0,0,,0,0,0,0,0,0,0,0,0,0,0,0,0,Respondent,0,0,0,0,0,0,0,0,,0,0,0,,,,0,0,NEITHER,0,0,0,0,0,0,0,0,0,0,0,0,0,0,0,0,0,0,0,0,0,0,0,0,0,0,0,0,0,0,0,0,0,0,0,0,0,0,0,,No,1 - 49,Investor,0,0,0,1,0,0,0,0,0,0,0,0,0,0,0,0,1,,,,,0,0,0,0,0,0,,Urban,CITY OF ORANGE SOUTH/SANTA ANA NORTH/TUSTIN FOOTHILLS/TUSTIN WEST,106304079,106304079
106304113,CHILDRENS HOSPITAL AT MISSION,"27700 MEDICAL CTR. RD., 5TH FL",MISSION VIEJO,92691,949-365-2408,Yes,01/01/2011,12/31/2011,Open,01/01/1993,01/01/1993,,NO,71,33,42,6059032022,115.2a,,13 - Orange,Orange,60000348,Parent Facility,-117.66768,33.56279,General Acute Care,Non-Profit Corporation (incl. Church-related),General Medical / Surgical,24,8760,1473,3797,0,0,0,0,0,0,0,0,8,2920,202,138,757,0,0,0,0,0,0,0,0,0,0,0,0,0,0,0,16,5840,254,5,4161,0,0,0,0,48,17520,1929,8715,0,0,0,0,0,0,0,0,0,0,0,,0,0,0,0,0,0,0,0,0,48,17520,1929,8715,0,0,0,0,0,0,0,0,0,0,0,0,0,0,0,0,0,0,0,0,0,0,0,0,0,0,0,0,,,,,,Basic,Basic,0,0,7610,0,6222,0,2052,0,0,0,15884,1271,17155,38,0,0,Yes,33,62,76,20,30,3,4,3,12,5,4,66,318,Respondent,371,32251,554,25825,0,0,10,10,Yes,0,0,0,,,,0,0,NEITHER,0,0,0,0,0,0,0,0,0,0,0,0,0,0,0,0,0,0,0,0,0,0,0,0,0,0,0,0,0,0,0,0,0,0,0,0,0,0,0,,No,1 - 49,Non-Profit Corporation (i,1,0,0,0,0,0,0,0,0,0,0,0,0,0,0,0,1,,,,,17155,0,7610,6222,2052,0,1271,Urban,LAKE FOREST EAST/MISSION VIEJO CENTRAL AND SOUTH,106304113,106304113
106304159,HEALTHBRIDGE CHILDRENS HOSPITAL-ORANGE,"393 S, TUSTIN STREET",ORANGE,92866,714-289-2400,Yes,01/01/2011,12/31/2011,Open,02/04/2000,02/04/2000,,NO,71,33,40,6059075806,116h,,13 - Orange,Orange,60000530,Parent Facility,-117.83563,33.78226,General Acute Care,Investor - Partnership,Pediatric,0,0,0,0,0,0,0,0,0,0,0,0,0,0,0,0,0,0,0,0,0,0,0,0,0,0,0,0,0,0,0,0,0,0,0,0,0,6,2190,0,0,6,2190,0,0,0,0,0,0,0,0,0,0,21,7665,0,,0,0,0,0,0,0,0,0,0,27,9855,0,0,0,0,0,0,0,0,0,0,0,0,0,0,0,0,0,0,0,0,0,0,0,0,0,0,0,0,0,0,,,,,,0,0,0,0,0,0,0,0,0,0,0,0,0,0,0,0,0,0,,0,0,0,0,0,0,0,0,0,0,0,0,0,Respondent,0,0,0,0,0,0,0,0,,0,0,0,,,,0,0,NEITHER,0,0,0,0,0,0,0,0,0,0,0,0,0,0,0,0,0,0,0,0,0,0,0,0,0,0,0,0,0,0,0,0,0,0,0,0,0,0,0,,No,1 - 49,Investor,0,0,0,1,0,0,0,0,0,0,0,0,0,0,0,0,1,,,,,0,0,0,0,0,0,,Urban,CITY OF ORANGE SOUTH/SANTA ANA NORTH/TUSTIN FOOTHILLS/TUSTIN WEST,106304159,106304159
106304306,KAISER FND HOSP - IRVINE,6640 ALTON PARKWAY,IRVINE,92618,714-279-4000,Yes,01/01/2011,12/31/2011,Open,05/07/2008,05/07/2008,,NO,70,35,48,6059052518,116o,,13 - Orange,Orange,60000091,Consolidated Facility,-117.773889,33.658333,General Acute Care,Non-Profit Corporation (incl. Church-related),General Medical / Surgical,96,35040,7536,27859,28,10220,2717,5583,0,0,0,0,20,7300,174,514,2263,0,0,0,0,0,0,0,0,0,0,0,0,0,0,0,6,2190,170,162,1599,0,0,0,0,150,54750,10597,37304,0,0,0,0,0,0,0,0,0,0,0,0,0,0,0,0,0,0,0,0,0,150,54750,10597,37304,0,0,0,0,0,0,8,2509,4075,0,0,0,0,0,0,0,0,0,0,0,0,0,0,0,0,0,0,0,,,,,,Basic,Basic,212,19,1855,2,23303,1255,5022,2351,679,862,31071,4489,35560,36,0,431,Yes,34,37,42,18,17,5,5,2,14,4,21,24,223,Respondent,2909,448623,14524,1004376,0,6,8,14,Yes,2687,150,17,,,,0,827,CATH LAB,0,0,0,0,0,0,0,0,1,0,0,0,0,54,0,54,0,108,0,98,0,0,0,0,0,0,0,0,0,0,0,0,0,0,0,1,0,0,99,,No,150 - 199,Non-Profit Corporation (i,1,0,0,0,0,0,0,0,0,0,0,0,0,0,0,0,1,,,,,35560,231,1857,24558,7373,1541,,Urban,IRVINE CENTRAL/TUSTIN EAST,106304306,106304306
106304460,HOAG ORTHOPEDIC INSTITUTE,16250 SAND CANYON AVENUE,IRVINE,92618,949-727-5000,Yes,01/01/2011,12/31/2011,Open,11/10/2010,11/10/2010,,NO,70,35,48,6059052518,116o,,13 - Orange,Orange,550001431,Parent Facility,-117.7735916,33.6617789,General Acute Care,Investor - Limited Liability Company,General Medical / Surgical,70,25550,3542,8614,0,0,0,0,0,0,0,0,0,0,0,0,0,0,0,0,0,0,0,0,0,0,0,0,0,0,0,0,0,0,0,0,0,0,0,0,0,70,25550,3542,8614,0,0,0,0,0,0,0,0,0,0,0,,0,0,0,0,0,0,0,0,0,70,25550,3542,8614,0,0,0,0,0,0,0,0,0,0,0,0,0,0,0,0,0,0,0,0,0,0,0,0,0,0,0,0,,,,,,0,0,0,0,0,0,0,0,0,0,0,0,0,0,0,0,0,0,,0,0,0,0,0,0,0,0,0,0,0,0,0,Respondent,3512,439012,690,64591,0,0,9,9,Yes,0,0,0,,,,0,0,NEITHER,0,0,0,0,0,0,0,0,0,0,0,0,0,0,0,0,0,0,0,0,0,0,0,0,0,0,0,0,0,0,0,0,0,0,0,0,0,0,0,,No,50 - 99,Investor,0,0,0,1,0,0,0,0,0,0,0,0,0,0,0,0,1,,,,,0,0,0,0,0,0,,Urban,IRVINE CENTRAL/TUSTIN EAST,106304460,106304460
106310791,SUTTER AUBURN FAITH HOSPITAL,11815 EDUCATION STREET,AUBURN,95602,530-888-4500,Yes,01/01/2011,12/31/2011,Open,06/30/1966,06/30/1966,,NO,4,1,4,6061021600,119,,02 - Golden Empire,Placer,30000012,Parent Facility,-121.0982,38.94452,General Acute Care,Non-Profit Corporation (incl. Church-related),General Medical / Surgical,70,25369,3763,11499,0,543,197,438,0,0,0,0,4,1460,131,622,1563,4,1460,22,31,73,0,0,0,0,0,0,0,0,0,0,0,0,0,0,0,0,0,0,0,78,28832,4113,13573,0,0,0,0,0,0,0,0,0,0,0,0,0,0,0,0,0,0,0,0,0,78,28832,4113,13573,0,0,0,0,0,0,12,195,420,0,0,0,0,0,0,0,0,0,0,0,0,0,0,0,0,0,0,0,,,,,,Basic,Basic,229,0,4516,6,6979,29,5437,289,3228,2828,20389,3152,23541,14,0,962,,0,0,0,0,0,0,0,0,0,0,0,0,0,Respondent,1166,143996,1681,136285,0,0,4,4,Yes,195,4,1,,,,0,64,CATH LAB,0,0,0,0,0,0,0,0,1,0,0,0,0,12,53,24,170,36,223,0,0,53,29,0,0,0,0,0,0,0,0,0,0,141,0,0,0,0,223,Yes,No,50 - 99,Non-Profit Corporation (i,1,0,0,0,0,0,0,0,0,0,0,0,0,0,0,0,1,,,,,23541,229,4522,7008,5726,6056,,Rural,AUBURN/GRANITE BAY EAST/LINCOLN WEST/LOOMIS/NEWCASTLE/NORTH AUBURN,106310791,106310791
106311000,SUTTER ROSEVILLE MEDICAL CENTER,ONE MEDICAL PLAZA,ROSEVILLE,95661,916-781-1000,Yes,01/01/2011,12/31/2011,Open,06/19/1997,06/19/1997,Level II,NO,4,1,4,6061020704,121.1,,02 - Golden Empire,Placer,30000083,Parent Facility,-121.25055,38.76439,General Acute Care,Non-Profit Corporation (incl. Church-related),General Medical / Surgical,177,64605,12592,44790,9,3285,2905,5677,9,3285,594,1135,24,8760,816,1920,7089,8,2920,246,1120,2326,0,0,0,0,0,0,0,0,0,0,16,5840,284,148,2764,55,15290,855,12418,298,103985,18292,76199,0,0,0,0,0,0,0,0,30,10950,23,84,10682,0,0,0,0,0,0,0,0,328,114935,18315,86881,0,0,0,0,0,0,0,2660,5089,0,0,0,0,0,0,0,0,0,0,0,0,0,0,0,0,0,0,0,,Yes,YES,,,Basic,Basic,583,58,21478,1130,30418,4952,5791,4193,173,517,58443,10850,69293,34,0,1956,,0,0,0,0,0,0,0,0,0,0,0,0,0,Respondent,5042,748318,6811,493366,8,5,1,14,Yes,2892,129,22,,,,0,779,CATH LAB,0,0,0,0,0,0,0,0,3,0,0,0,0,1195,581,730,303,1925,884,738,0,36,181,0,92,355,167,7,0,0,0,0,428,631,0,17,0,954,3606,,No,300 - 499,Non-Profit Corporation (i,1,0,0,0,1,0,1,0,0,0,0,0,0,0,1,1,0,,69293,,,,641,22608,35370,9984,690,,Urban,GRANITE BAY WEST/ROSEVILLE,106311000,106311000
106314024,KAISER FND HOSP - ROSEVILLE,1600 EUREKA ROAD,ROSEVILLE,95661,916-784-4000,Yes,01/01/2011,12/31/2011,Open,09/10/2011,07/23/1996,,NO,4,1,4,6061020704,121.1,,02 - Golden Empire,Placer,550001681,Parent Facility,-121.25107,38.74636,General Acute Care,Non-Profit Corporation (incl. Church-related),General Medical / Surgical,146,47888,11617,40338,84,27552,5539,13787,32,10496,1574,5520,30,9840,503,2589,6752,0,0,0,0,0,0,0,0,0,0,0,0,0,0,0,48,15744,896,118,12723,0,0,0,0,340,111520,20129,79120,0,0,0,0,0,0,0,0,0,0,0,0,0,0,0,0,0,0,0,0,0,340,111520,20129,79120,0,0,0,0,0,0,30,4427,8290,0,0,0,0,0,0,0,0,0,0,0,0,0,0,0,0,0,0,0,,,,,,Basic,Basic,27127,40,15681,158,15217,1391,8803,4799,1362,2609,68190,8997,77187,73,0,445,,0,0,0,0,0,0,0,0,0,0,0,0,0,Respondent,3808,487165,13271,1073916,3,9,9,21,Yes,5260,456,107,,,,0,1419,CATH LAB,0,0,0,0,0,0,0,0,1,0,0,0,0,540,136,448,0,988,136,988,0,0,0,0,0,136,0,0,0,0,0,0,0,0,0,0,0,0,1124,Yes,No,300 - 499,Non-Profit Corporation (i,1,0,0,0,0,0,0,0,0,0,0,0,0,0,0,0,1,,,,,77187,27167,15839,16608,13602,3971,,Urban,GRANITE BAY WEST/ROSEVILLE,106314024,106314024
106314029,TELECARE PLACER COUNTY PSYCHIATRIC HEALTH FACILITY,101 CIRBY WAY DRIVE,ROSEVILLE,95661,916-787-8919,Yes,01/01/2011,12/31/2011,Open,02/14/2001,08/02/1988,,NO,4,1,4,6061020800,121.1,,02 - Golden Empire,Placer,MH2016033,Parent Facility,-121.2876115,38.7298363,Psychiatric Health Facility,Investor - Corporation,Psychiatric,0,0,0,0,0,0,0,0,0,0,0,0,0,0,0,0,0,0,0,0,0,0,0,0,0,0,0,0,0,0,0,0,0,0,0,0,0,0,0,0,0,0,0,0,0,0,0,0,0,16,5840,680,4660,0,0,0,0,0,0,0,0,0,0,0,0,0,16,5840,680,4660,0,0,0,0,0,0,0,0,0,0,12,0,12,0,12,0,12,0,0,6,0,0,0,0,6,0,0,12,Yes,,,,,0,0,0,0,0,0,0,0,0,0,0,0,0,0,0,0,0,0,,0,0,0,0,0,0,0,0,0,0,0,0,0,Respondent,0,0,0,0,0,0,0,0,,0,0,0,,,,0,0,NEITHER,0,0,0,0,0,0,0,0,0,0,0,0,0,0,0,0,0,0,0,0,0,0,0,0,0,0,0,0,0,0,0,0,0,0,0,0,0,0,0,,No,1 - 49,Investor,0,0,0,1,0,0,0,0,0,0,0,0,0,0,0,0,1,,,,,0,0,0,0,0,0,,Urban,GRANITE BAY WEST/ROSEVILLE,106314029,106314029
106320859,EASTERN PLUMAS HOSPITAL-PORTOLA CAMPUS,500 1ST STREET,PORTOLA,96122,530-832-6500,Yes,01/01/2011,12/31/2011,Open,08/16/1971,08/16/1971,,NO,3,1,4,6063000300,124,,01 - Northern California,Plumas,230000014,Parent Facility,-120.47046,39.80532,General Acute Care,District,General Medical / Surgical,9,3285,410,1088,0,0,0,0,0,0,0,0,0,0,0,0,0,0,0,0,0,0,0,0,0,0,0,0,0,0,0,0,0,0,0,0,0,0,0,0,0,9,3285,410,1088,0,0,0,0,0,0,0,0,27,9855,59,,9829,0,0,0,0,0,0,0,0,36,13140,469,10917,0,0,0,0,0,0,0,0,0,5,0,0,0,0,0,0,0,0,0,0,0,0,0,0,0,0,0,0,,Yes,,YES,,Basic,Basic,411,0,890,17,929,256,76,156,22,20,2328,449,2777,1,520,48,,0,0,0,0,0,0,0,0,0,0,0,0,0,Respondent,6,1016,50,2518,0,0,1,1,,0,0,0,,,,0,0,NEITHER,0,0,0,0,0,0,0,0,0,0,0,0,0,0,0,0,0,0,0,0,0,0,0,0,0,0,0,0,0,0,0,0,0,0,0,0,0,0,0,,No,1 - 49,District,1,0,0,0,0,0,0,0,0,0,0,0,0,0,0,0,1,,,,,2777,411,907,1185,232,42,,Frontier,BECKWOURTH/CHILCOOT/CROCKER MOUNTAIN/DELLEKER/IRON HORSE/LAKE DAVIS/MAYBE/PORTOLA/VALLEY VIEW/VINTON,106320859,106320859
106320986,PLUMAS DISTRICT HOSPITAL,1065 BUCKS LAKE ROAD,QUINCY,95971,530-283-2121-7191,Yes,01/01/2011,12/31/2011,Open,04/14/1959,04/14/1959,,NO,3,1,4,6063000100,123.1,,01 - Northern California,Plumas,230000030,Parent Facility,-120.96244,39.93938,General Acute Care,District,General Medical / Surgical,23,8395,398,1153,2,730,64,140,0,0,0,0,0,0,0,0,0,0,0,0,0,0,0,0,0,0,0,0,0,0,0,0,0,0,0,0,0,0,0,0,0,25,9125,462,1293,0,0,0,0,0,0,0,0,0,0,0,0,0,0,0,0,0,0,0,0,0,25,9125,462,1293,0,0,0,0,0,0,0,78,103,0,0,0,0,0,0,0,0,0,0,0,0,0,0,0,0,0,0,0,,,,,,Standby,Standby,259,0,959,0,1065,0,683,39,1044,172,4010,211,4221,4,290,14,,0,0,0,0,0,0,0,0,0,0,0,0,0,Respondent,155,16012,239,14642,0,0,1,1,,78,1,0,,,,0,25,NEITHER,0,0,0,0,0,0,0,0,0,0,0,0,0,0,0,0,0,0,0,0,0,0,0,0,0,0,0,0,0,0,0,0,0,0,0,0,0,0,0,,No,1 - 49,District,0,0,1,0,0,0,0,0,0,0,0,0,0,0,0,0,1,,,,,4221,259,959,1065,722,1216,,Frontier,BUCKS LAKE/CROMBERG/EAST QUINCY/GREENHORN/KEDDIE/LAPORTE/LITTLE GRASS VALLEY/MEADOW VALLEY/QUINCY/SL,106320986,106320986
106321016,SENECA HEALTHCARE DISTRICT,130 BRENTWOOD DRIVE,CHESTER,96020,530-258-2151,Yes,01/01/2011,12/31/2011,Open,01/01/1953,01/01/1953,Level IV,NO,3,1,4,6063000500,125,,01 - Northern California,Plumas,230000032,Parent Facility,-121.23421,40.30518,General Acute Care,District,General Medical / Surgical,10,3650,235,1015,0,0,0,0,0,0,0,0,0,0,0,0,0,0,0,0,0,0,0,0,0,0,0,0,0,0,0,0,0,0,0,0,0,0,0,0,0,10,3650,235,1015,0,0,0,0,0,0,0,0,16,5840,3,,5096,0,0,0,0,0,0,0,0,26,9490,238,6111,0,0,0,0,0,0,0,0,0,10,0,0,0,0,0,0,0,0,0,0,0,0,0,0,0,0,0,0,,,,,,Standby,Standby,596,0,1114,0,543,20,305,154,163,125,2721,299,3020,2,2253,14,,0,0,0,0,0,0,0,0,0,0,0,0,0,Respondent,3,182,128,7137,0,0,1,1,,0,0,0,,,,0,0,NEITHER,0,0,0,0,0,0,0,0,0,0,0,0,0,0,0,0,0,0,0,0,0,0,0,0,0,0,0,0,0,0,0,0,0,0,0,0,0,0,0,,No,1 - 49,District,0,0,1,0,1,0,0,0,1,0,0,0,0,0,1,1,0,,,,3020,,596,1114,563,459,288,,Frontier,BAILEY CREEK/CANYONDAM/CHESTER/EASTSHORE/FOXWOOD/HAMILTON BRANCH/LAKE ALMANOR PENINSULA/LAKE ALMANOR,106321016,106321016
106330120,"BETTY FORD CENTER AT EISENHOWER, THE",39000 BOB HOPE DRIVE,RANCHO MIRAGE,92270,760-773-4100,Yes,01/01/2011,12/31/2011,Open,07/05/1983,07/05/1983,,NO,64,37,45,6065044909,129.1,,12 - Inland Counties,Riverside,250000049,Parent Facility,-116.40798,33.76857,Chemical Dependency Recovery Hospital,Non-Profit Corporation (incl. Church-related),Chemical Dependency (Alcohol/Drug),0,0,0,0,0,0,0,0,0,0,0,0,0,0,0,0,0,0,0,0,0,0,0,0,0,0,0,0,0,0,0,0,0,0,0,0,0,0,0,0,0,0,0,0,0,100,36500,1185,31572,0,0,0,0,0,0,0,,0,0,0,0,0,0,0,0,0,100,36500,1185,31572,0,0,0,0,0,0,0,0,0,0,0,0,0,0,0,0,0,0,0,0,0,0,0,0,0,0,0,0,,,,,,0,0,0,0,0,0,0,0,0,0,0,0,0,0,0,0,0,0,,0,0,0,0,0,0,0,0,0,0,0,0,0,Respondent,0,0,0,0,0,0,0,0,,0,0,0,,,,0,0,NEITHER,0,0,0,0,0,0,0,0,0,0,0,0,0,0,0,0,0,0,0,0,0,0,0,0,0,0,0,0,0,0,0,0,0,0,0,0,0,0,0,,No,100 - 149,Non-Profit Corporation (i,0,0,0,1,0,0,0,0,0,0,0,0,0,0,0,0,1,,,,,0,0,0,0,0,0,,Urban,BERMUDA DUNES SOUTH/INDIAN WELLS/LA QUINTA WEST/PALM DESERT/RANCHO MIRAGE CENTRAL AND SOUTH,106330120,106330120
106331145,CORONA REGIONAL MEDICAL CENTER-MAGNOLIA,730 MAGNOLIA AVENUE,CORONA,92879,951-737-4343-4880,Yes,01/01/2011,12/31/2011,Open,01/15/1965,01/15/1965,,NO,71,37,44,6065041809,135f,,12 - Inland Counties,Riverside,250000126,Consolidated Facility,-117.5546427,33.8586945,General Acute Care,Investor - Corporation,Psychiatric,0,0,0,0,0,0,0,0,0,0,0,0,0,0,0,0,0,0,0,0,0,0,0,0,0,0,0,0,0,0,0,0,0,0,0,0,0,10,3650,149,1930,10,3650,149,1930,0,0,0,0,40,14600,429,6014,30,10950,95,53,9420,0,0,0,0,0,0,0,0,80,29200,673,17364,0,0,0,0,0,0,0,0,0,0,0,0,0,0,0,0,0,0,0,0,0,0,0,0,0,0,0,0,,,,,,0,0,0,0,0,0,0,0,0,0,0,0,0,0,0,0,0,0,,0,0,0,0,0,0,0,0,0,0,0,0,0,Respondent,0,0,0,0,0,0,0,0,,0,0,0,,,,0,0,NEITHER,0,0,0,0,0,0,0,0,0,0,0,0,0,0,0,0,0,0,0,0,0,0,0,0,0,0,0,0,0,0,0,0,0,0,0,0,0,0,0,,No,50 - 99,Investor,0,0,0,1,0,0,0,0,0,0,0,0,0,0,0,0,1,,,,,0,0,0,0,0,0,,Urban,CORONA SOUTH/EL CERRITO/TEMESCAL,106331145,106331145
106331152,CORONA REGIONAL MEDICAL CENTER-MAIN,800 SOUTH MAIN STREET,CORONA,92882,951-737-4343-4880,Yes,01/01/2011,12/31/2011,Open,03/31/1965,03/31/1965,,NO,71,37,44,6065041600,135d,,12 - Inland Counties,Riverside,250000126,Parent Facility,-117.5668015,33.8733354,General Acute Care,Investor - Corporation,General Medical / Surgical,121,44165,6222,23591,12,4380,1609,3369,5,1825,482,874,18,6570,560,757,5295,4,1460,0,0,0,0,0,0,0,0,0,0,0,0,0,0,0,0,0,0,0,0,0,0,160,58400,8873,33129,0,0,0,0,0,0,0,0,0,0,0,0,0,0,0,0,0,0,0,0,0,160,58400,8873,33129,0,0,0,0,0,0,12,1487,2638,0,0,0,0,0,0,0,0,0,0,0,0,0,0,0,0,0,0,0,,,,,,Basic,Basic,2638,0,1894,0,12712,0,12904,0,6525,0,36673,5949,42622,19,0,1787,,0,0,0,0,0,0,0,0,0,0,0,0,0,Respondent,1639,181655,1767,130982,0,0,5,5,Yes,1485,17,3,,,,0,435,CATH LAB,0,0,0,0,0,0,0,0,1,0,0,0,0,114,0,62,0,176,0,176,0,0,0,0,0,0,0,0,0,0,0,0,44,33,0,0,0,0,253,,No,150 - 199,Investor,1,0,0,0,0,0,0,0,0,0,0,0,0,0,0,0,1,,,,,42622,2638,1894,12712,12904,6525,5949,Urban,ARLINGTON/CORONA EAST/HOME GARDENS/LA SIERRA/RIVERSIDE SOUTHWEST,106331152,106331152
106331164,DESERT REGIONAL MEDICAL CENTER,1150 NORTH INDIAN CANYON DRIVE,PALM SPRINGS,92262,760-323-6511,Yes,01/01/2011,12/31/2011,Open,09/20/1951,09/20/1951,Level II,NO,80,37,45,6065044602,129.4,,12 - Inland Counties,Riverside,250000139,Parent Facility,-116.54549,33.83932,General Acute Care,Investor - Corporation,General Medical / Surgical,238,80790,11219,39796,28,10220,3537,8608,14,5110,714,1825,23,8395,522,925,7301,8,2920,77,204,1576,0,0,0,0,0,0,0,0,0,0,30,10950,493,0,8124,12,4380,136,2390,353,122765,16698,69620,0,0,0,0,0,0,0,0,34,12410,899,,7840,0,0,0,0,0,0,0,0,387,135175,17597,77460,0,0,0,0,0,0,5,3071,5115,0,0,0,0,0,0,0,0,0,0,0,0,0,0,0,0,0,0,0,,,,,,Comprehensive,Comprehensive,3675,2,5528,1,20694,43,14457,1091,6287,8003,50641,9140,59781,28,0,670,,0,0,0,0,0,0,0,0,0,0,0,0,0,Respondent,4127,561595,1596,123388,0,0,10,10,Yes,3353,217,38,,,,0,1030,CV SURG,1,0,0,80,74,80,74,154,2,0,0,0,0,959,421,638,149,1597,570,1597,0,119,92,40,18,570,46,0,0,0,21,55,0,0,0,34,0,0,2592,Yes,No,300 - 499,Investor,0,1,0,0,1,0,1,0,0,0,0,0,0,0,1,1,0,,59781,,,,3677,5529,20737,15548,14290,,Urban,CATHEDRAL CITY SOUTHEAST/PALM DESERT NORTH/PALM SPRINGS SOUTH/RANCHO MIRAGE NORTH,106331164,106331164
106331168,EISENHOWER MEDICAL CENTER,39-000 BOB HOPE DRIVE,RANCHO MIRAGE,92270,760-340-3911,Yes,01/01/2011,12/31/2011,Open,12/27/1971,12/27/1971,,NO,64,37,45,6065044909,129.1,,12 - Inland Counties,Riverside,250000142,Parent Facility,-116.40798,33.76857,General Acute Care,Non-Profit Corporation (incl. Church-related),General Medical / Surgical,466,170090,17672,71715,0,0,0,0,6,2190,169,420,64,23360,343,1654,6286,6,2190,25,167,592,0,0,0,0,0,0,0,0,0,0,0,0,0,0,0,0,0,0,0,542,197830,18209,79013,0,0,0,0,0,0,0,0,0,0,0,0,0,0,0,0,0,0,0,0,0,542,197830,18209,79013,0,0,0,0,0,0,0,0,0,0,0,0,0,0,0,0,0,0,0,0,0,0,0,0,0,0,0,0,,,,,,Basic,Basic,1997,10,7673,39,15954,110,13701,488,12088,12511,51413,13158,64571,41,0,849,,0,0,0,0,0,0,0,0,0,0,0,0,0,Respondent,7087,857710,6723,417871,0,2,14,16,Yes,0,0,0,,,,0,0,CV SURG,2,0,0,242,9,242,9,251,2,0,0,0,0,700,709,408,228,1108,937,0,0,240,0,0,0,644,60,43,0,0,0,0,306,125,0,0,0,0,1418,,No,500+,Non-Profit Corporation (i,1,0,0,0,0,0,0,0,0,0,0,0,0,0,0,0,1,,,,,64571,2007,7712,16064,14189,24599,,Urban,BERMUDA DUNES SOUTH/INDIAN WELLS/LA QUINTA WEST/PALM DESERT/RANCHO MIRAGE CENTRAL AND SOUTH,106331168,106331168
106331194,HEMET VALLEY MEDICAL CENTER,1117 EAST DEVONSHIRE,HEMET,92543,951-652-2811-5202,Yes,01/01/2011,12/31/2011,Open,01/01/1946,01/01/1946,,NO,65,37,45,6065043401,132,,12 - Inland Counties,Riverside,250000145,Parent Facility,-116.95958,33.75113,General Acute Care,Investor - Limited Liability Company,General Medical / Surgical,266,97090,8541,31365,12,4380,1037,2509,0,0,0,0,18,6570,423,485,4899,8,2920,162,206,1089,0,0,0,0,0,0,0,0,0,0,0,0,0,0,0,0,0,0,0,304,110960,10163,39862,0,0,0,0,0,0,0,0,113,41245,0,0,0,0,0,0,0,0,0,0,0,417,152205,10163,39862,21,837,5330,0,0,0,18,1089,2359,0,0,0,0,0,0,0,0,0,0,0,0,0,0,0,0,0,0,0,,,,,,Basic,Basic,2301,10,18125,76,9433,221,6418,2724,2138,4319,38415,7350,45765,24,0,953,,0,0,0,0,0,0,0,0,0,0,0,0,0,Respondent,2347,287790,1285,123540,0,0,6,6,Yes,1050,44,9,,,,0,447,CATH LAB,0,0,0,0,0,0,0,0,1,0,0,0,0,154,66,275,31,429,97,177,0,0,0,0,0,0,0,0,0,0,0,0,0,0,0,0,0,0,177,,No,300 - 499,Investor,1,0,0,0,0,0,0,0,0,0,0,0,0,0,0,0,1,,,,,45765,2311,18201,9654,9142,6457,,Urban,EAST HEMET/HEMET/VALLE VISTA,106331194,106331194
106331216,JOHN F KENNEDY MEMORIAL HOSPITAL,47-111 MONROE STREET,INDIO,92201,760-347-6191,Yes,01/01/2011,12/31/2011,Open,02/18/1966,02/18/1966,,NO,80,40,45,6065045207,128,,12 - Inland Counties,Riverside,250000155,Parent Facility,-116.23406,33.70658,General Acute Care,Investor - Corporation,General Medical / Surgical,81,29565,4249,15929,26,9490,2655,5291,22,8030,1282,3028,16,5840,379,670,3417,0,0,0,0,0,0,0,0,0,0,0,0,0,0,0,11,4015,210,0,1701,0,0,0,0,156,56940,8775,29366,0,0,0,0,0,0,0,0,0,0,0,0,0,0,0,0,0,0,0,0,0,156,56940,8775,29366,0,0,0,0,0,0,36,2296,3624,0,0,0,0,0,0,0,0,0,0,0,0,0,0,0,0,0,0,0,,,,,,Basic,Basic,5680,28,3515,0,13821,45,7826,1371,1683,2848,32525,4292,36817,12,0,4165,,0,0,0,0,0,0,0,0,0,0,0,0,0,Respondent,2870,324738,1917,180498,0,0,5,5,,2426,223,16,,,,0,819,CATH LAB,0,0,0,0,0,0,0,0,1,0,0,0,0,163,49,92,48,255,97,280,0,2,0,0,0,54,5,0,0,0,0,0,59,12,0,6,0,65,483,,No,150 - 199,Investor,1,0,0,0,0,0,0,0,0,0,0,0,0,0,0,0,1,,,,,36817,5708,3515,13866,9197,4531,,Rural,ARABIA/COACHELLA/DESERT BEACH/FLOWING WELLS/INDIO SOUTH/LA QUINTA EAST/MECCA/OASIS/THERMAL,106331216,106331216
106331226,RIVERSIDE CENTER FOR BEHAVIORAL MEDICINE,5900 BROCKTON AVENUE,RIVERSIDE,92506,951-275-8400,Yes,01/01/2011,12/31/2011,Open,10/01/1961,10/01/1961,,NO,64,31,44,6065030700,135c,,12 - Inland Counties,Riverside,250000476,Parent Facility,-117.39574,33.96229,Acute Psychiatric,Investor - Corporation,Psychiatric,0,0,0,0,0,0,0,0,0,0,0,0,0,0,0,0,0,0,0,0,0,0,0,0,0,0,0,0,0,0,0,0,0,0,0,0,0,0,0,0,0,0,0,0,0,10,3650,406,2066,58,21170,509,3237,0,0,0,,0,0,0,0,0,0,0,0,0,68,24820,915,5303,0,0,0,0,915,5303,0,0,0,0,0,9,9,0,8,1,9,2,0,0,2,0,0,4,0,0,1,9,,,,,,0,0,0,0,0,0,0,0,0,0,0,0,0,0,0,0,0,0,,0,0,0,0,0,0,0,0,0,0,0,0,0,Respondent,0,0,0,0,0,0,0,0,,0,0,0,,,,0,0,NEITHER,0,0,0,0,0,0,0,0,0,0,0,0,0,0,0,0,0,0,0,0,0,0,0,0,0,0,0,0,0,0,0,0,0,0,0,0,0,0,0,,No,50 - 99,Investor,0,0,0,1,0,0,0,0,0,0,0,0,0,0,0,0,1,,,,,0,0,0,0,0,0,,Urban,CASABLANCA/RIVERSIDE CENTRAL,106331226,106331226
106331288,PALO VERDE HOSPITAL,,,,,,,,,,,,No,80,40,45,,,,,Riverside,,,,,,,,,,,,,,,,,,,,,,,,,,,,,,,,,,,,,,,,,,,,,,,,,,,,,,,,,,,,,,,,,,,,,,,,,,,,,,,,,,,,,,,,,,,,,,,,,,,,,,,,,,,,,,,Standby,Standby,,,,,,,,,,,,,,,,,,,,,,,,,,,,,,,Non-Respondent,,,,,,,,,,,,,,,,,,NEITHER,,,,,,,,,,,,,,,,,,,,,,,,,,,,,,,,,,,,,,,,,No,,,0,0,1,0,0,0,0,0,0,0,0,0,0,0,0,0,1,,,,,,,,,,,,Rural,BLYTHE,106331288,106331288
106331293,PARKVIEW COMMUNITY HOSPITAL MEDICAL CENTER,3865 JACKSON STREET,RIVERSIDE,92503,951-688-2211-1597,Yes,01/01/2011,12/31/2011,Open,10/24/1958,10/24/1958,,NO,64,31,44,6065031501,135c,,12 - Inland Counties,Riverside,250000186,Parent Facility,-117.43996,33.92573,General Acute Care,Non-Profit Corporation (incl. Church-related),General Medical / Surgical,125,45625,6338,26098,28,10220,1980,4338,15,5475,416,812,13,4745,207,602,3587,0,0,0,0,0,0,0,0,0,0,0,0,0,0,0,12,4380,288,33,3036,0,0,0,0,193,70445,9229,37871,0,0,0,0,0,0,0,0,0,0,0,0,0,0,0,0,0,0,0,0,0,193,70445,9229,37871,0,0,0,0,0,0,20,1757,3085,0,0,0,0,0,0,0,0,0,0,0,0,0,0,0,0,0,0,0,,,,,,Basic,Basic,11114,0,11075,0,4808,0,10080,0,1377,5392,38454,5392,43846,14,0,774,,0,0,0,0,0,0,0,0,0,0,0,0,0,Respondent,3007,389520,1734,156270,0,0,7,7,Yes,2002,104,16,,,,0,725,NEITHER,0,0,0,0,0,0,0,0,0,0,0,0,0,0,0,0,0,0,0,0,0,0,0,0,0,0,0,0,0,0,0,0,0,0,0,0,0,0,0,,No,150 - 199,Non-Profit Corporation (i,1,0,0,0,0,0,0,0,0,0,0,0,0,0,0,0,1,,,,,43846,11114,11075,4808,10080,6769,,Urban,CASABLANCA/RIVERSIDE CENTRAL,106331293,106331293
106331312,RIVERSIDE COMMUNITY HOSPITAL,4445 MAGNOLIA AVENUE,RIVERSIDE,92501,951-788-3360,Yes,01/01/2011,12/31/2011,Open,01/01/1946,01/01/1946,Level II,NO,64,31,44,6065030300,135a,,12 - Inland Counties,Riverside,250000194,Parent Facility,-117.37997,33.97641,General Acute Care,Investor - Partnership,General Medical / Surgical,252,91980,16085,74807,45,16425,3984,8042,16,5840,581,1156,22,8030,345,1789,6965,18,6570,358,916,5970,0,0,0,0,0,0,0,0,0,0,20,7300,350,121,5450,0,0,0,0,373,136145,21703,102390,0,0,0,0,0,0,0,0,0,0,0,,0,0,0,0,0,0,0,0,0,373,136145,21703,102390,0,0,0,0,0,0,21,3542,5569,0,0,0,0,0,0,0,0,0,0,0,0,0,0,0,0,0,0,0,,,,,,Basic,Basic,3585,6,5860,15,35843,147,14682,205,3506,11936,63476,12309,75785,50,32221,1031,,0,0,0,0,0,0,0,0,0,0,0,0,0,Respondent,6337,834005,2851,286610,0,0,11,11,,3861,257,45,,,,0,1231,CV SURG,2,0,0,280,0,280,0,204,4,0,0,0,0,1854,1249,1422,573,3276,1822,3169,0,206,306,162,76,1668,137,0,0,0,200,149,183,187,48,62,0,1341,7894,Yes,No,300 - 499,Investor,1,0,0,0,1,0,1,0,0,0,0,0,0,0,1,1,0,,75785,,,,3591,5875,35990,14887,15442,,Urban,EASTSIDE/FAIRMONT PARK/RIVERSIDE DOWNTOWN/RUBIDOUX/UNIVERSITY,106331312,106331312
106331326,SAN GORGONIO MEMORIAL HOSPITAL,600 HIGHLAND SPRINGS AVENUE,BANNING,92220,951-769-2102,Yes,01/01/2011,12/31/2011,Open,03/13/1951,03/13/1951,,NO,65,37,41,6065044103,134,,12 - Inland Counties,Riverside,250000199,Parent Facility,-116.94678,33.9295,General Acute Care,District,General Medical / Surgical,40,14600,2539,10942,15,5475,461,1028,0,0,0,0,6,2190,180,436,1649,0,0,0,0,0,0,0,0,0,0,0,0,0,0,0,0,0,0,0,0,0,0,0,0,61,22265,3180,13619,0,0,0,0,0,0,0,0,16,5840,293,,2213,0,0,0,0,0,0,0,0,77,28105,3473,15832,0,0,0,0,0,0,10,471,796,0,0,0,0,0,0,0,0,0,0,0,0,0,0,0,0,0,0,0,,,,,,Basic,Basic,869,0,9617,1,9990,9,6958,350,1905,2564,29339,2924,32263,10,0,89,,0,0,0,0,0,0,0,0,0,0,0,0,0,Respondent,487,63570,966,68729,0,0,3,3,Yes,459,12,3,,,,0,0,NEITHER,0,0,0,0,0,0,0,0,0,0,0,0,0,0,0,0,0,0,0,0,0,0,0,0,0,0,0,0,0,0,0,0,0,0,0,0,0,0,0,,No,50 - 99,District,1,0,0,0,0,0,0,0,0,0,0,0,0,0,0,0,1,,,,,32263,869,9618,9999,7308,4469,,Rural,BANNING/BEAUMONT/CABIZON/CALIMESA/CHERRY VALLEY,106331326,106331326
106332172,KINDRED HOSPITAL RIVERSIDE,2224 MEDICAL CENTER DRIVE,PERRIS,92571,951-436-3535,Yes,01/01/2011,12/31/2011,Open,05/01/2007,01/10/1977,,NO,65,37,49,6065042603,133.1,,12 - Inland Counties,Riverside,250000234,Parent Facility,-117.22161,33.81241,General Acute Care,Investor - Corporation,General Medical / Surgical,32,11680,358,9600,0,0,0,0,0,0,0,0,8,2920,72,280,2631,0,0,0,0,0,0,0,0,0,0,0,0,0,0,0,0,0,0,0,0,0,0,0,0,40,14600,430,12231,0,0,0,0,0,0,0,0,0,0,0,0,0,0,0,0,0,0,0,0,0,40,14600,430,12231,0,0,0,0,0,0,0,0,0,0,0,0,0,0,0,0,0,0,0,0,0,0,0,0,0,0,0,0,,,,,,0,0,0,0,0,0,0,0,0,0,0,0,0,0,0,0,0,0,,0,0,0,0,0,0,0,0,0,0,0,0,0,Respondent,173,7362,0,0,2,0,0,2,,0,0,0,,,,0,0,NEITHER,0,0,0,0,0,0,0,0,0,0,0,0,0,0,0,0,0,0,0,0,0,0,0,0,0,0,0,0,0,0,0,0,0,0,0,0,0,0,0,,No,1 - 49,Investor,0,0,0,1,0,0,0,0,0,0,0,0,0,0,0,0,1,,,,,0,0,0,0,0,0,,Urban,CANYON LAKE/PERRIS/QUAIL VALLEY/ROMOLAND/SUN CITY/WINCHESTER,106332172,106332172
106334001,SOUTHWEST HEALTHCARE SYSTEM-WILDOMAR,36485 INLAND VALLEY,WILDOMAR,92595,951-696-6000-6102,Yes,01/01/2011,12/31/2011,Open,01/14/1987,01/14/1987,Level III,NO,66,36,49,6065043207,131a,,12 - Inland Counties,Riverside,250000262,Consolidated Facility,-117.23699,33.59124,General Acute Care,Investor - Corporation,General Medical / Surgical,104,37960,7906,28708,10,3650,1059,2131,0,0,0,0,18,3470,349,914,3905,0,0,0,0,0,0,0,0,0,0,0,0,0,0,0,0,0,0,0,0,0,0,0,0,132,45080,9314,34744,0,0,0,0,0,0,0,0,0,0,0,0,0,0,0,0,0,0,0,0,0,132,45080,9314,34744,0,0,0,0,0,0,12,989,1680,0,0,0,0,0,0,0,0,0,0,0,0,0,0,0,0,0,0,0,,,,,,Basic,Basic,1487,1,1007,1,8810,16,18494,225,2497,5999,32295,6242,38537,36,1487,1417,,0,0,0,0,0,0,0,0,0,0,0,0,0,Respondent,3180,408365,1250,97501,0,0,5,5,Yes,985,25,1,,,,0,319,NEITHER,0,0,0,0,0,0,0,0,0,0,0,0,0,0,0,0,0,0,0,0,0,0,0,0,0,0,0,0,0,0,0,0,0,0,0,0,0,0,0,,No,100 - 149,Investor,1,0,0,0,1,0,0,1,0,0,0,0,0,0,1,1,0,,,38537,,,1488,1008,8826,18719,8496,,Urban,LAKE ELSINORE/MURRIETA WEST/SEDCO HILLS/WILDOMAR,106334001,106334001
106334018,MENIFEE VALLEY MEDICAL CENTER,28400 MCCALL BOULEVARD,SUN CITY,92585,951-652-2811-7262,Yes,01/01/2011,12/31/2011,Open,06/05/1989,06/05/1989,,NO,65,37,45,6065042722,133.1,,12 - Inland Counties,Riverside,250000338,Parent Facility,-117.15691,33.72146,General Acute Care,Investor - Limited Liability Company,General Medical / Surgical,74,27010,3391,12014,0,0,0,0,0,0,0,0,6,2190,168,175,1593,4,1460,72,111,683,0,0,0,0,0,0,0,0,0,0,0,0,0,0,0,0,0,0,0,84,30660,3631,14290,0,0,0,0,0,0,0,0,0,0,0,0,0,0,0,0,0,0,0,0,0,84,30660,3631,14290,0,0,0,0,0,0,0,0,0,0,0,0,0,0,0,0,0,0,0,0,0,0,0,0,0,0,0,0,,,,,,Basic,Basic,1047,0,5404,5,4626,22,3799,604,1054,2426,15930,3057,18987,12,0,311,,0,0,0,0,0,0,0,0,0,0,0,0,0,Respondent,679,79800,884,77055,0,0,3,3,Yes,0,0,0,,,,0,0,NEITHER,0,0,0,0,0,0,0,0,0,0,0,0,0,0,0,0,0,0,0,0,0,0,0,0,0,0,0,0,0,0,0,0,0,0,0,0,0,0,0,,No,50 - 99,Investor,1,0,0,0,0,0,0,0,0,0,0,0,0,0,0,0,1,,,,,18987,1047,5409,4648,4403,3480,,Urban,CANYON LAKE/PERRIS/QUAIL VALLEY/ROMOLAND/SUN CITY/WINCHESTER,106334018,106334018
106334025,KAISER FND HOSP - RIVERSIDE,10800 MAGNOLIA AVENUE,RIVERSIDE,92505,951-353-4600,Yes,01/01/2011,12/31/2011,Open,09/11/1989,09/11/1989,,NO,66,31,44,6065041408,135d,,12 - Inland Counties,Riverside,250000327,Parent Facility,-117.47082,33.9063,General Acute Care,Non-Profit Corporation (incl. Church-related),General Medical / Surgical,133,48545,9979,36419,35,14031,3313,7574,17,6205,426,833,11,4015,275,589,2885,11,4015,274,589,2885,0,0,0,0,0,0,0,0,0,0,15,5475,351,780,3909,0,0,0,0,222,82286,14618,54505,0,0,0,0,0,0,0,0,0,0,0,0,0,0,0,0,0,0,0,0,0,222,82286,14618,54505,0,0,0,0,0,0,6,2995,5183,0,0,0,0,0,0,0,0,0,0,0,0,0,0,0,0,0,0,0,,,,,,Basic,Basic,322,29,4297,0,23100,1397,5210,3002,730,1139,33659,5567,39226,42,0,256,,0,0,0,0,0,0,0,0,0,0,0,0,0,Respondent,2604,379760,10229,776092,0,0,9,9,,3320,225,27,,,,0,0,NEITHER,0,0,0,0,0,0,0,0,0,0,0,0,0,0,0,0,0,0,0,0,0,0,0,0,0,0,0,0,0,0,0,0,0,0,0,0,0,0,0,,No,200 - 299,Non-Profit Corporation (i,1,0,0,0,0,0,0,0,0,0,0,0,0,0,0,0,1,,,,,39226,351,4297,24497,8212,1869,,Urban,ARLINGTON/CORONA EAST/HOME GARDENS/LA SIERRA/RIVERSIDE SOUTHWEST,106334025,106334025
106334048,KAISER FND HOSPITAL - MORENO VALLEY,27300 IRIS AVENUE,MORENO VALLEY,92555,951-243-2262,Yes,01/01/2011,12/31/2011,Open,10/03/1990,10/03/1990,,NO,65,37,45,6065042605,134,,12 - Inland Counties,Riverside,550000810,Parent Facility,-117.18094,33.89519,General Acute Care,Non-Profit Corporation (incl. Church-related),General Medical / Surgical,43,15695,2823,8951,18,6570,1160,2302,0,0,0,0,5,1825,106,269,884,5,1825,106,269,883,0,0,0,0,0,0,0,0,0,0,0,0,0,0,0,0,0,0,0,71,25915,4195,13020,0,0,0,0,0,0,0,0,0,0,0,0,0,0,0,0,0,0,0,0,0,71,25915,4195,13020,0,0,0,0,0,0,12,1127,1867,0,0,0,0,0,0,0,0,0,0,0,0,0,0,0,0,0,0,0,,,,,,Basic,Basic,196,20,3798,0,20170,635,2140,1438,205,428,26509,2521,29030,12,0,1262,,0,0,0,0,0,0,0,0,0,0,0,0,0,Respondent,407,39163,1962,164205,0,0,4,4,,1131,33,5,,,,0,0,NEITHER,0,0,0,0,0,0,0,0,0,0,0,0,0,0,0,0,0,0,0,0,0,0,0,0,0,0,0,0,0,0,0,0,0,0,0,0,0,0,0,,No,50 - 99,Non-Profit Corporation (i,1,0,0,0,0,0,0,0,0,0,0,0,0,0,0,0,1,,,,,29030,216,3798,20805,3578,633,,Rural,BANNING/BEAUMONT/CABIZON/CALIMESA/CHERRY VALLEY,106334048,106334048
106334068,SOUTHWEST HEALTHCARE SYSTEM-MURRIETA,25500 MEDICAL CENTER DRIVE,MURRIETA,92562,951-696-6000-6102,Yes,01/01/2011,12/31/2011,Open,02/19/1992,02/19/1992,,NO,66,36,45,6065043206,131a,,12 - Inland Counties,Riverside,250000262,Parent Facility,-117.18488,33.55788,General Acute Care,Investor - Corporation,General Medical / Surgical,79,28835,5281,20259,34,4970,2882,5623,0,0,0,0,7,2555,128,486,1850,0,0,0,0,0,0,0,0,0,0,0,0,0,0,0,0,0,0,0,0,0,0,0,0,120,36360,8291,27732,0,0,0,0,0,0,0,0,0,0,0,0,0,0,0,0,0,0,0,0,0,120,36360,8291,27732,0,0,0,0,0,0,8,3087,5254,0,0,0,0,0,0,0,0,0,0,0,0,0,0,0,0,0,0,0,,,,,,Basic,Basic,1650,0,1004,0,9702,14,18989,132,2926,4847,34271,4993,39264,30,1650,1675,,0,0,0,0,0,0,0,0,0,0,0,0,0,Respondent,1239,158328,627,71363,0,0,3,3,Yes,3094,77,5,Yes,YES,,2338,756,CATH LAB,0,0,0,0,0,0,0,0,1,0,0,0,0,15,72,11,8,26,80,18,0,70,2,0,1,0,0,0,0,0,3,0,5,7,0,0,0,0,106,,No,100 - 149,Investor,1,0,0,0,0,0,0,0,0,0,0,0,0,0,0,0,1,,,,,39264,1650,1004,9716,19121,7773,,Urban,LAKE ELSINORE/MURRIETA WEST/SEDCO HILLS/WILDOMAR,106334068,106334068
106334457,OASIS PSYCHIATRIC HEALTH FACILITY,47-915 OASIS STREET,INDIO,92201,760-863-8600,Yes,01/01/2011,12/31/2011,Open,11/07/1995,11/07/1995,,NO,80,40,45,6065045501,128,,12 - Inland Counties,Riverside,MH2016025,Parent Facility,-116.22108,33.70085,Psychiatric Health Facility,Investor - Corporation,Psychiatric,0,0,0,0,0,0,0,0,0,0,0,0,0,0,0,0,0,0,0,0,0,0,0,0,0,0,0,0,0,0,0,0,0,0,0,0,0,0,0,0,0,0,0,0,0,0,0,0,0,16,5840,920,4682,0,0,0,,0,0,0,0,0,0,0,0,0,16,5840,920,4682,0,0,0,0,0,0,0,0,0,0,11,0,11,0,11,0,11,0,0,0,0,11,0,0,0,0,0,11,,,,,,0,0,0,0,0,0,0,0,0,0,0,0,0,0,0,0,0,0,,0,0,0,0,0,0,0,0,0,0,0,0,0,Respondent,0,0,0,0,0,0,0,0,,0,0,0,,,,0,0,NEITHER,0,0,0,0,0,0,0,0,0,0,0,0,0,0,0,0,0,0,0,0,0,0,0,0,0,0,0,0,0,0,0,0,0,0,0,0,0,0,0,,No,1 - 49,Investor,0,0,0,1,0,0,0,0,0,0,0,0,0,0,0,0,1,,,,,0,0,0,0,0,0,,Rural,ARABIA/COACHELLA/DESERT BEACH/FLOWING WELLS/INDIO SOUTH/LA QUINTA EAST/MECCA/OASIS/THERMAL,106334457,106334457
106334487,RIVERSIDE COUNTY REGIONAL MEDICAL CENTER,26520 CACTUS AVENUE,MORENO VALLEY,92555,951-486-4847,Yes,01/01/2011,12/31/2011,Open,04/01/1998,04/01/1998,Level II & Level II - Ped,YES,65,37,45,6065042605,134,,12 - Inland Counties,Riverside,250000195,Parent Facility,-117.19525,33.91187,General Acute Care,City and/or County,General Medical / Surgical,225,82125,11909,63353,40,14600,2653,7937,21,7665,1385,3961,44,16060,823,2282,11732,0,0,0,0,0,0,0,0,0,0,0,0,0,0,0,32,11680,482,1510,6333,0,0,0,0,362,132130,17252,93316,0,0,0,0,77,28105,4370,23462,0,0,0,,0,0,0,0,0,0,0,0,0,439,160235,21622,116778,0,0,0,0,0,0,35,2094,4814,0,65,0,65,0,61,4,65,25,2,0,0,18,0,1,19,0,0,65,Yes,,,,,Basic,Basic,19730,2,15121,9,24359,279,21382,819,1805,9120,82397,10229,92626,39,0,3619,,0,0,0,0,0,0,0,0,0,0,0,0,0,Respondent,5582,787077,3935,404842,0,0,10,10,Yes,2439,126,64,,,,0,756,NEITHER,0,0,0,0,0,0,0,0,0,0,0,0,0,0,0,0,0,0,0,0,0,0,0,0,0,0,0,0,0,0,0,0,0,0,0,0,0,0,0,,No,300 - 499,City and/or County,1,0,0,0,1,0,1,0,0,0,0,0,0,0,1,1,0,,92626,,,,19732,15130,24638,22201,10925,,Rural,BANNING/BEAUMONT/CABIZON/CALIMESA/CHERRY VALLEY,106334487,106334487
106334589,LOMA LINDA UNIVERSITY MEDICAL CENTER-MURRIETA,28062 BAXTER ROAD,MURRIETA,92563,951-704-1930-1930,Yes,04/15/2011,12/31/2011,Open,04/12/2011,04/12/2011,,NO,64,36,45,6065043213,131b,,12 - Inland Counties,Riverside,550001535,Parent Facility,-117.1624483,33.6122263,General Acute Care,Investor - Limited Liability Company,General Medical / Surgical,80,21120,2849,7574,14,3696,322,488,0,0,0,0,12,3168,86,264,878,0,0,0,0,0,0,0,0,0,0,0,0,0,0,0,0,0,0,0,0,0,0,0,0,106,27984,3257,8940,0,0,0,0,0,0,0,0,0,0,0,,0,0,0,0,0,0,0,0,0,106,27984,3257,8940,0,0,0,0,0,0,14,324,583,0,0,0,0,0,0,0,0,0,0,0,0,0,0,0,0,0,0,0,,,,,,Basic,Basic,540,0,6318,0,8058,2271,1692,236,0,25,16608,2532,19140,19,0,168,,0,0,0,0,0,0,0,0,0,0,0,0,0,Respondent,712,39380,30,1077,0,0,6,6,,320,7,2,,,,248,70,CATH LAB,0,0,0,0,0,0,0,0,3,0,0,0,0,131,2,23,0,154,2,156,0,34,9,11,9,2,0,0,0,0,0,0,23,13,0,3,0,63,323,Yes,No,100 - 149,Investor,1,0,0,0,0,0,0,0,0,0,0,0,0,0,0,0,1,,,,,19140,540,6318,10329,1928,25,,Urban,FRENCH VALLEY/MURRIETA EAST/TEMECULA/WINCHESTER,106334589,106334589
106340913,KAISER FND HOSP - SACRAMENTO,2025 MORSE AVENUE,SACRAMENTO,95825,916-973-6045,Yes,01/01/2011,12/31/2011,Open,05/11/1961,05/11/1961,,NO,5,6,5,6067005601,139d,,02 - Golden Empire,Sacramento,30000052,Parent Facility,-121.39232,38.60197,General Acute Care,Non-Profit Corporation (incl. Church-related),General Medical / Surgical,254,92710,10748,40735,0,0,0,0,0,0,0,0,25,9125,566,2471,9215,9,3285,0,0,0,0,0,0,0,0,0,0,0,0,0,0,0,0,0,0,0,0,0,0,288,105120,11314,49950,0,0,0,0,0,0,0,0,0,0,0,0,0,0,0,0,0,0,0,0,0,288,105120,11314,49950,0,0,0,0,0,0,0,0,0,0,0,0,0,0,0,0,0,0,0,0,0,0,0,0,0,0,0,0,,,,,,Basic,Basic,27045,32,17493,121,15266,1109,7814,3504,871,1677,68489,6443,74932,36,0,591,,0,0,0,0,0,0,0,0,0,0,0,0,0,Respondent,4295,861778,11406,923120,0,3,10,13,Yes,0,0,0,,,,0,0,CATH LAB,0,0,0,0,0,0,0,0,1,0,0,0,0,383,0,404,0,787,0,787,0,0,0,0,0,0,0,0,0,0,0,0,0,0,0,0,0,0,787,,No,200 - 299,Non-Profit Corporation (i,1,0,0,0,0,0,0,0,0,0,0,0,0,0,0,0,1,,,,,74932,27077,17614,16375,11318,2548,,Urban,ARCADE/ARDEN/TOWN AND COUNTRY VILLAGE,106340913,106340913
106340947,MERCY GENERAL HOSPITAL,4001 J STREET,SACRAMENTO,95819,916-453-4545,Yes,01/01/2011,12/31/2011,Open,01/01/1946,01/01/1946,,NO,9,6,5,6067001500,139i,,02 - Golden Empire,Sacramento,30000062,Parent Facility,-121.45271,38.56955,General Acute Care,Non-Profit Corporation (incl. Church-related),General Medical / Surgical,225,82125,13745,53498,17,6205,3205,6199,0,0,0,0,26,9490,222,2636,9894,6,2190,131,438,1644,0,0,0,0,0,0,0,0,0,0,0,0,0,0,0,30,10950,435,6119,304,110960,17738,77354,0,0,0,0,0,0,0,0,38,13870,944,0,10884,0,0,0,0,0,0,0,0,342,124830,18682,88238,0,0,0,0,0,0,36,3057,6599,0,0,0,0,0,0,0,0,0,0,0,0,0,0,0,0,0,0,0,,,,,,Basic,Basic,1886,8,7066,34,16749,230,4369,3444,741,3358,30811,7074,37885,16,0,58,,0,0,0,0,0,0,0,0,0,0,0,0,0,Respondent,5137,1053694,10807,658628,3,8,7,18,Yes,3055,105,8,,,,0,885,CV SURG,3,0,0,1058,3,1058,3,805,3,0,0,0,0,425,1986,59,930,484,2916,3054,3,772,103,245,77,1632,42,74,0,4,915,523,178,50,0,141,2,0,7815,,No,300 - 499,Non-Profit Corporation (i,1,0,0,0,0,0,0,0,0,0,0,0,0,0,0,0,1,,,,,37885,1894,7100,16979,7813,4099,,Urban,GREENHAVEN/LAND PARK/MIDTOWN/POCKET/RIVERSIDE/SUTTERVILLE,106340947,106340947
106340950,MERCY SAN JUAN HOSPITAL,6501 COYLE AVENUE,CARMICHAEL,95608,916-537-5000,Yes,01/01/2011,12/31/2011,Open,02/03/1967,02/03/1967,Level II,NO,5,6,3,6067008134,139b,,02 - Golden Empire,Sacramento,30000063,Parent Facility,-121.31261,38.66818,General Acute Care,Non-Profit Corporation (incl. Church-related),General Medical / Surgical,248,90520,16000,64276,32,11680,2411,7672,8,2920,907,2016,45,16425,1058,2961,11887,11,4015,149,560,2168,0,0,0,0,0,0,0,0,0,0,26,9490,376,70,8257,0,0,0,0,370,135050,20901,96276,0,0,0,0,0,0,0,0,0,0,0,,0,0,0,0,0,0,0,0,0,370,135050,20901,96276,0,0,0,0,0,0,60,2354,4067,0,0,0,0,0,0,0,0,0,0,0,0,0,0,0,0,0,0,0,,,,,,Basic,Basic,4484,22,11056,12,22623,119,13259,6529,3740,6686,55162,13368,68530,31,0,1620,,0,0,0,0,0,0,0,0,0,0,0,0,0,Respondent,5120,743988,6337,396768,1,5,10,16,Yes,2487,260,89,,,,0,764,CV SURG,1,0,0,246,0,246,0,134,3,0,0,0,0,451,485,391,263,842,748,952,0,106,27,0,0,310,14,25,0,2,0,0,0,0,0,0,0,488,1924,Yes,No,300 - 499,Non-Profit Corporation (i,1,0,0,0,1,0,1,0,0,0,0,0,0,0,1,1,0,,68530,,,,4506,11068,22742,19788,10426,,Urban,CARMICHAEL/FAIR OAKS/GOLD RIVER,106340950,106340950
106340951,METHODIST HOSPITAL OF SACRAMENTO,7500 HOSPITAL DRIVE,SACRAMENTO,95823,916-423-6103,Yes,01/01/2011,12/31/2011,Open,10/24/1973,10/24/1973,,NO,9,6,5,6067009606,139h,,02 - Golden Empire,Sacramento,30000064,Parent Facility,-121.41744,38.46416,General Acute Care,Non-Profit Corporation (incl. Church-related),General Medical / Surgical,100,36500,7670,24135,22,8030,1286,3706,8,2920,0,0,10,3650,331,1001,5486,10,3650,0,0,0,0,0,0,0,0,0,0,0,0,0,12,4380,144,0,1782,0,0,0,0,162,59130,9431,35109,0,0,0,0,0,0,0,0,171,62415,582,0,51904,0,0,0,0,0,0,0,0,333,121545,10013,87013,0,0,0,0,0,0,22,1019,2020,0,0,0,0,0,0,0,0,0,0,0,0,0,0,0,0,0,0,0,,,,,,Basic,Basic,1100,0,9782,0,24400,0,12002,0,4126,0,51410,5005,56415,23,2500,900,Yes,4,18,20,9,8,0,1,3,0,0,0,0,63,Respondent,1910,187182,998,75752,0,0,4,4,Yes,1133,55,7,,,,0,400,NEITHER,0,0,0,0,0,0,0,0,0,0,0,0,0,0,0,0,0,0,0,0,0,0,0,0,0,0,0,0,0,0,0,0,0,0,0,0,0,0,0,Yes,No,300 - 499,Non-Profit Corporation (i,1,0,0,0,0,0,0,0,0,0,0,0,0,0,0,0,1,,,,,56415,1100,9782,24400,12002,4126,5005,Urban,ELK GROVE/LAGUNA/LAGUNA WEST/LAKESIDE,106340951,106340951
106341006,UNIVERSITY OF CALIFORNIA DAVIS MEDICAL CENTER,2315 STOCKTON BOULEVARD,SACRAMENTO,95817,916-734-5112,Yes,01/01/2011,12/31/2011,Open,08/26/1953,08/26/1953,Level I & Level I - Ped,YES,9,6,5,6067001700,139f,,02 - Golden Empire,Sacramento,30000086,Parent Facility,-121.45738,38.55438,General Acute Care,University of California,General Medical / Surgical,353,138649,21505,103781,32,11680,2632,7530,40,14600,3101,10834,94,34310,1157,2187,23082,8,2920,171,636,2676,0,0,0,0,0,12,4380,228,0,4206,49,17885,603,32,9721,19,6935,277,4673,607,231359,29674,166503,0,0,0,0,0,0,0,0,0,0,0,0,0,0,0,0,0,0,0,0,0,607,231359,29674,166503,0,0,0,0,0,0,10,1590,3448,0,0,0,0,0,0,0,0,0,0,0,0,0,0,0,0,0,0,0,,,,,,Comprehensive,Comprehensive,3209,20,8299,68,14889,1226,8306,2988,10883,10858,45586,15160,60746,65,9150,4989,,0,0,0,0,0,0,0,0,0,0,0,0,0,Respondent,10801,2346270,10735,1052190,0,4,27,31,Yes,1966,213,42,,,,0,513,CV SURG,3,83,36,228,51,311,87,144,6,78,48,0,0,970,1135,416,487,1464,1670,641,7,146,45,110,46,556,29,147,2,11,253,241,268,270,37,50,0,177,3036,Yes,No,500+,University of California,0,1,0,0,1,1,0,0,0,1,0,0,0,0,1,1,0,60746,,,,,3229,8367,16115,11294,21741,,Urban,FLORIN/FRUITRIDGE/OAK PARK/PARKWAY/SOUTH SACRAMENTO,106341006,106341006
106341051,SUTTER GENERAL HOSPITAL,2801 L STREET,SACRAMENTO,95816,916-733-8999,Yes,01/01/2011,12/31/2011,Open,06/19/1987,06/19/1987,,NO,9,6,5,6067001400,139i,,02 - Golden Empire,Sacramento,30000102,Parent Facility,-121.47008,38.57176,General Acute Care,Non-Profit Corporation (incl. Church-related),General Medical / Surgical,282,102930,11572,44762,0,0,0,0,0,0,0,0,24,8760,376,1822,6816,0,0,0,0,0,0,0,0,0,0,0,0,0,0,0,0,0,0,0,0,0,0,0,0,306,111690,11948,51578,0,0,0,0,0,0,0,0,100,36500,615,85,34048,0,0,0,0,0,0,0,0,406,148190,12563,85626,0,0,0,0,0,0,0,0,0,0,0,0,0,0,0,0,0,0,0,0,0,0,0,0,0,0,0,0,,,,,,Basic,Basic,559,9,6369,3,13440,52,12770,715,6962,6209,40100,6988,47088,28,0,1998,,0,0,0,0,0,0,0,0,0,0,0,0,0,Respondent,5244,787554,4645,277472,0,4,12,16,Yes,0,0,0,,,,0,0,NEITHER,0,0,0,0,0,0,0,0,0,0,0,0,0,0,0,0,0,0,0,0,0,0,0,0,0,0,0,0,0,0,0,0,0,0,0,0,0,0,0,Yes,No,300 - 499,Non-Profit Corporation (i,1,0,0,0,0,0,0,0,0,0,0,0,0,0,0,0,1,,,,,47088,568,6372,13492,13485,13171,,Urban,GREENHAVEN/LAND PARK/MIDTOWN/POCKET/RIVERSIDE/SUTTERVILLE,106341051,106341051
106341052,SUTTER MEMORIAL HOSPITAL,5151 F STREET,SACRAMENTO,95819,916-733-8999,Yes,01/01/2011,12/31/2011,Open,01/01/1946,01/01/1946,,NO,9,6,5,6067000200,139g,,02 - Golden Empire,Sacramento,30000102,Consolidated Facility,-121.43948,38.57071,General Acute Care,Non-Profit Corporation (incl. Church-related),General Medical / Surgical,126,45990,6925,22129,66,24090,5849,14121,61,22265,4277,16114,24,8760,97,1176,4091,16,5840,248,1267,4326,0,0,0,0,0,0,0,0,0,0,55,20075,1020,265,18749,0,0,0,0,348,127020,18416,79530,0,0,0,0,0,0,0,0,0,0,0,0,0,0,0,0,0,0,0,0,0,348,127020,18416,79530,0,0,0,0,0,0,44,4614,9660,0,0,0,0,0,0,0,0,0,0,0,0,0,0,0,0,0,0,0,,,,,,Basic,Basic,277,6,4622,7,11507,86,7964,483,3259,3612,27629,4194,31823,9,0,1046,Yes,0,0,0,0,0,7,0,0,0,0,0,0,7,Respondent,4208,618263,2897,198193,0,0,9,9,,5367,504,135,,,,0,1969,CV SURG,3,75,23,770,101,845,124,454,5,13,4,29,16,1324,897,1696,1007,3062,1924,2864,172,87,153,18,208,635,130,31,0,4,55,286,2087,575,5,25,2,1229,8566,Yes,No,300 - 499,Non-Profit Corporation (i,1,0,0,0,0,0,0,0,0,0,0,0,0,0,0,0,1,,,,,31823,283,4629,11593,8447,6871,,Urban,EAST SACRAMENTO/LA RIVIERA/MATHER/RANCHO CORDOVA/ROSEMONT,106341052,106341052
106342344,KAISER FND HOSP - SOUTH SACRAMENTO,6600 BRUCEVILLE ROAD,SACRAMENTO,95823,916-688-2000,Yes,01/01/2011,12/31/2011,Open,10/24/1985,10/24/1985,Level II,NO,9,6,5,6067009606,139h,,02 - Golden Empire,Sacramento,30000228,Parent Facility,-121.42409,38.47144,General Acute Care,Non-Profit Corporation (incl. Church-related),General Medical / Surgical,150,43204,9408,30241,29,10585,2676,5353,0,0,0,0,30,5930,238,1119,3199,0,2510,163,719,2051,0,0,0,0,0,0,0,0,0,0,8,2920,318,48,1612,0,0,0,0,217,65149,12803,42456,0,0,0,0,0,0,0,0,0,0,0,0,0,0,0,0,0,0,0,0,0,217,65149,12803,42456,0,0,0,0,0,0,10,2138,3675,0,0,0,0,0,0,0,0,0,0,0,0,0,0,0,0,0,0,0,,,,,,Basic,Basic,23530,38,19766,173,16065,1315,9530,3669,1908,2202,70799,7397,78196,41,0,212,,0,0,0,0,0,0,0,0,0,0,0,0,0,Respondent,2920,458816,8558,706414,8,8,0,16,,2425,130,14,Yes,YES,,1937,488,NEITHER,0,0,0,0,0,0,0,0,0,0,0,0,0,0,0,0,0,0,0,0,0,0,0,0,0,0,0,0,0,0,0,0,0,0,0,0,0,0,0,Yes,No,200 - 299,Non-Profit Corporation (i,1,0,0,0,1,0,1,0,0,0,0,0,0,0,1,1,0,,78196,,,,23568,19939,17380,13199,4110,,Urban,ELK GROVE/LAGUNA/LAGUNA WEST/LAKESIDE,106342344,106342344
106342392,SIERRA VISTA HOSPITAL,8001 BRUCEVILLE ROAD,SACRAMENTO,95823,916-288-0300,Yes,01/01/2011,12/31/2011,Open,10/19/1986,10/19/1986,,NO,9,6,5,6067009606,139h,,02 - Golden Empire,Sacramento,30000290,Parent Facility,-121.4182,38.46912,Acute Psychiatric,Investor - Corporation,Psychiatric,0,0,0,0,0,0,0,0,0,0,0,0,0,0,0,0,0,0,0,0,0,0,0,0,0,0,0,0,0,0,0,0,0,0,0,0,0,0,0,0,0,0,0,0,0,0,0,0,0,120,43800,5106,33321,0,0,0,0,0,0,0,0,0,0,0,0,0,120,43800,5106,33321,0,0,0,0,0,0,0,0,0,0,84,0,84,11,70,3,84,25,0,0,0,0,59,0,0,0,0,84,Yes,,,,,0,0,0,0,0,0,0,0,0,0,0,0,0,0,0,0,0,0,,0,0,0,0,0,0,0,0,0,0,0,0,0,Respondent,0,0,0,0,0,0,0,0,,0,0,0,,,,0,0,NEITHER,0,0,0,0,0,0,0,0,0,0,0,0,0,0,0,0,0,0,0,0,0,0,0,0,0,0,0,0,0,0,0,0,0,0,0,0,0,0,0,,No,100 - 149,Investor,0,0,0,1,0,0,0,0,0,0,0,0,0,0,0,0,1,,,,,0,0,0,0,0,0,,Urban,ELK GROVE/LAGUNA/LAGUNA WEST/LAKESIDE,106342392,106342392
106344011,SACRAMENTO COUNTY MENTAL HEALTH TREATMENT CENTER,2150 STOCKTON BOULEVARD,SACRAMENTO,95817,916-875-1000,Yes,01/01/2011,12/31/2011,Open,01/29/1988,01/29/1988,,NO,9,6,5,6067001800,139f,,02 - Golden Empire,Sacramento,MH1082011,Parent Facility,-121.46059,38.5574,Psychiatric Health Facility,City and/or County,Psychiatric,0,0,0,0,0,0,0,0,0,0,0,0,0,0,0,0,0,0,0,0,0,0,0,0,0,0,0,0,0,0,0,0,0,0,0,0,0,0,0,0,0,0,0,0,0,0,0,0,0,50,18250,1883,17699,0,0,0,,0,0,0,0,0,0,0,0,0,50,18250,1883,17699,0,0,0,0,0,0,0,0,0,0,48,0,48,0,47,1,48,4,0,18,0,26,0,0,0,0,0,48,,,,,,0,0,0,0,0,0,0,0,0,0,0,0,0,0,0,0,0,0,,0,0,0,0,0,0,0,0,0,0,0,0,0,Respondent,0,0,0,0,0,0,0,0,,0,0,0,,,,0,0,NEITHER,0,0,0,0,0,0,0,0,0,0,0,0,0,0,0,0,0,0,0,0,0,0,0,0,0,0,0,0,0,0,0,0,0,0,0,0,0,0,0,,No,50 - 99,City and/or County,0,0,0,1,0,0,0,0,0,0,0,0,0,0,0,0,1,,,,,0,0,0,0,0,0,,Urban,FLORIN/FRUITRIDGE/OAK PARK/PARKWAY/SOUTH SACRAMENTO,106344011,106344011
106344017,SUTTER CENTER FOR PSYCHIATRY,7700 FOLSOM BOULEVARD,SACRAMENTO,95826,916-386-3000,Yes,01/01/2011,12/31/2011,Open,06/24/1988,06/24/1988,,NO,10,6,5,6067005203,139g,,02 - Golden Empire,Sacramento,30000347,Parent Facility,-121.41414,38.55057,Acute Psychiatric,Non-Profit Corporation (incl. Church-related),Psychiatric,0,0,0,0,0,0,0,0,0,0,0,0,0,0,0,0,0,0,0,0,0,0,0,0,0,0,0,0,0,0,0,0,0,0,0,0,0,0,0,0,0,0,0,0,0,0,0,0,0,69,25185,2282,16494,0,0,0,0,0,0,0,0,0,0,0,0,0,69,25185,2282,16494,0,0,0,0,0,0,0,0,0,0,1,28,29,3,23,3,29,8,3,2,0,3,2,7,0,4,0,29,Yes,,,,,0,0,0,0,0,0,0,0,0,0,0,0,0,0,0,0,0,0,,0,0,0,0,0,0,0,0,0,0,0,0,0,Respondent,0,0,0,0,0,0,0,0,,0,0,0,,,,0,0,NEITHER,0,0,0,0,0,0,0,0,0,0,0,0,0,0,0,0,0,0,0,0,0,0,0,0,0,0,0,0,0,0,0,0,0,0,0,0,0,0,0,,No,50 - 99,Non-Profit Corporation (i,0,0,0,1,0,0,0,0,0,0,0,0,0,0,0,0,1,,,,,0,0,0,0,0,0,,Urban,EAST SACRAMENTO/LA RIVIERA/MATHER/RANCHO CORDOVA/ROSEMONT,106344017,106344017
106344021,HERITAGE OAKS HOSPITAL,4250 AUBURN BLVD.,SACRAMENTO,95841,916-489-3336,Yes,01/01/2011,12/31/2011,Open,12/16/1988,12/16/1988,,NO,5,6,5,6067005901,139d,,02 - Golden Empire,Sacramento,30000357,Parent Facility,-121.36591,38.64305,Acute Psychiatric,Investor - Limited Liability Company,Psychiatric,0,0,0,0,0,0,0,0,0,0,0,0,0,0,0,0,0,0,0,0,0,0,0,0,0,0,0,0,0,0,0,0,0,0,0,0,0,0,0,0,0,0,0,0,0,0,0,0,0,125,45625,3884,35310,0,0,0,0,0,0,0,0,0,0,0,0,0,125,45625,3884,35310,0,0,0,0,0,0,0,0,0,0,83,0,83,7,63,13,83,38,0,12,28,3,0,0,0,2,0,83,Yes,,,,,0,0,0,0,0,0,0,0,0,0,0,0,0,0,0,0,0,0,,0,0,0,0,0,0,0,0,0,0,0,0,0,Respondent,0,0,0,0,0,0,0,0,,0,0,0,,,,0,0,NEITHER,0,0,0,0,0,0,0,0,0,0,0,0,0,0,0,0,0,0,0,0,0,0,0,0,0,0,0,0,0,0,0,0,0,0,0,0,0,0,0,,No,100 - 149,Investor,0,0,0,1,0,0,0,0,0,0,0,0,0,0,0,0,1,,,,,0,0,0,0,0,0,,Urban,ARCADE/ARDEN/TOWN AND COUNTRY VILLAGE,106344021,106344021
106344029,MERCY HOSPITAL - FOLSOM,1650 CREEKSIDE DRIVE,FOLSOM,95630,916-983-7400,Yes,01/01/2011,12/31/2011,Open,06/17/1989,06/17/1989,,NO,5,1,3,6067008502,139e,,02 - Golden Empire,Sacramento,30000372,Parent Facility,-121.1428,38.67223,General Acute Care,Non-Profit Corporation (incl. Church-related),General Medical / Surgical,90,29994,4418,17832,8,2920,1020,2071,0,0,0,0,8,2920,186,320,2920,0,0,0,0,0,0,0,0,0,0,0,0,0,0,0,0,0,0,0,0,0,0,0,0,106,35834,5624,22823,0,0,0,0,0,0,0,0,0,0,0,0,0,0,0,0,0,0,0,0,0,106,35834,5624,22823,0,0,0,0,0,0,21,958,2071,0,0,0,0,0,0,0,0,0,0,0,0,0,0,0,0,0,0,0,,,,,,Basic,Basic,343,0,3650,0,8886,0,9205,328,4558,4099,26642,4427,31069,24,0,172,,0,0,0,0,0,0,0,0,0,0,0,0,0,Respondent,1329,147281,1377,114433,0,0,4,4,Yes,973,44,4,,,,0,240,NEITHER,0,0,0,0,0,0,0,0,0,0,0,0,0,0,0,0,0,0,0,0,0,0,0,0,0,0,0,0,0,0,0,0,0,0,0,0,0,0,0,,No,100 - 149,Non-Profit Corporation (i,1,0,0,0,0,0,0,0,0,0,0,0,0,0,0,0,1,,,,,31069,343,3650,8886,9533,8657,,Urban,FOLSOM/ORANGEVALE,106344029,106344029
106344035,KINDRED HOSPITAL - SACRAMENTO,330 MONTROSE DRIVE,FOLSOM,95630,916-351-9151,Yes,01/01/2011,12/31/2011,Open,02/21/1962,02/21/1962,,NO,5,1,3,6067008402,139e,,02 - Golden Empire,Sacramento,30000377,Parent Facility,-121.1577854,38.6819654,General Acute Care,Investor - Corporation,General Medical / Surgical,33,12045,328,10634,0,0,0,0,0,0,0,0,6,2190,36,48,2160,0,0,0,0,0,0,0,0,0,0,0,0,0,0,0,0,0,0,0,0,0,0,0,0,39,14235,364,12794,0,0,0,0,0,0,0,0,0,0,0,0,0,0,0,0,0,0,0,0,0,39,14235,364,12794,0,0,0,0,0,0,0,0,0,0,0,0,0,0,0,0,0,0,0,0,0,0,0,0,0,0,0,0,,,,,,0,0,0,0,0,0,0,0,0,0,0,0,0,0,0,0,0,0,,0,0,0,0,0,0,0,0,0,0,0,0,0,Respondent,142,3720,0,0,2,0,0,2,,0,0,0,,,,0,0,NEITHER,0,0,0,0,0,0,0,0,0,0,0,0,0,0,0,0,0,0,0,0,0,0,0,0,0,0,0,0,0,0,0,0,0,0,0,0,0,0,0,,No,1 - 49,Investor,0,0,0,1,0,0,0,0,0,0,0,0,0,0,0,0,1,,,,,0,0,0,0,0,0,,Urban,FOLSOM/ORANGEVALE,106344035,106344035
106344114,SHRINERS HOSPITALS FOR CHILDREN NORTHERN CALIF.,2425 STOCKTON BLVD,SACRAMENTO,95817,916-453-2002,Yes,01/01/2011,12/31/2011,Open,04/11/1997,04/11/1997,,NO,9,6,5,6067001700,139f,,02 - Golden Empire,Sacramento,30000620,Parent Facility,-121.4566,38.55359,General Acute Care,Non-Profit Corporation (incl. Church-related),Pediatric,20,7300,679,3387,0,0,0,0,20,7300,0,0,0,0,0,0,0,0,0,0,0,0,0,0,0,0,0,10,3650,480,0,2765,10,3650,0,0,0,20,7300,52,1541,80,29200,1211,7693,0,0,0,0,0,0,0,0,0,0,0,,0,0,0,0,0,0,0,0,0,80,29200,1211,7693,0,0,0,0,0,0,0,0,0,0,0,0,0,0,0,0,0,0,0,0,0,0,0,0,0,0,0,0,,,,,,0,0,0,0,0,0,0,0,0,0,0,0,0,0,0,0,0,0,,0,0,0,0,0,0,0,0,0,0,0,0,0,Respondent,1141,150295,833,53601,0,0,5,5,Yes,0,0,0,,,,0,0,NEITHER,0,0,0,0,0,0,0,0,0,0,0,0,0,0,0,0,0,0,0,0,0,0,0,0,0,0,0,0,0,0,0,0,0,0,0,0,0,0,0,,No,50 - 99,Non-Profit Corporation (i,0,0,0,1,0,0,0,0,0,0,0,0,0,0,0,0,1,,,,,0,0,0,0,0,0,,Urban,FLORIN/FRUITRIDGE/OAK PARK/PARKWAY/SOUTH SACRAMENTO,106344114,106344114
106344170,CRESTWOOD PSYCHIATRIC HEALTH FACILITY-CARMICHAEL,4741 ENGLE ROAD,CARMICHAEL,95608,916-483-8424,Yes,01/01/2011,12/31/2011,Open,02/22/2010,02/22/2010,,NO,5,6,3,6067005901,139d,,02 - Golden Empire,Sacramento,MH0201204,Parent Facility,-121.354578,38.633286,Psychiatric Health Facility,Investor - Corporation,Psychiatric,0,0,0,0,0,0,0,0,0,0,0,0,0,0,0,0,0,0,0,0,0,0,0,0,0,0,0,0,0,0,0,0,0,0,0,0,0,0,0,0,0,0,0,0,0,0,0,0,0,12,4380,542,3583,0,0,0,0,0,0,0,0,0,0,0,0,0,12,4380,542,3583,0,0,0,0,0,0,0,0,0,0,12,0,12,0,12,0,12,0,0,0,0,12,0,0,0,0,0,12,,,,,,0,0,0,0,0,0,0,0,0,0,0,0,0,0,0,0,0,0,,0,0,0,0,0,0,0,0,0,0,0,0,0,Respondent,0,0,0,0,0,0,0,0,,0,0,0,,,,0,0,NEITHER,0,0,0,0,0,0,0,0,0,0,0,0,0,0,0,0,0,0,0,0,0,0,0,0,0,0,0,0,0,0,0,0,0,0,0,0,0,0,0,,No,1 - 49,Investor,0,0,0,1,0,0,0,0,0,0,0,0,0,0,0,0,1,,,,,0,0,0,0,0,0,,Urban,ARCADE/ARDEN/TOWN AND COUNTRY VILLAGE,106344170,106344170
106350784,HAZEL HAWKINS MEMORIAL HOSPITAL,911 SUNSET DRIVE,HOLLISTER,95023,831-637-5711,Yes,01/01/2011,12/31/2011,Open,06/29/1962,06/29/1962,,NO,28,12,17,6069000600,140,,08 - Mid-Coast,San Benito,70000004,Parent Facility,-121.38609,36.835,General Acute Care,District,General Medical / Surgical,33,12045,1729,5026,8,2920,480,1118,0,0,0,0,8,2920,268,223,1179,0,0,0,0,0,0,0,0,0,0,0,0,0,0,0,0,0,0,0,0,0,0,0,0,49,17885,2477,7323,0,0,0,0,0,0,0,0,57,20805,120,,18756,0,0,0,0,0,0,0,0,106,38690,2597,26079,0,0,0,0,0,0,10,435,925,0,0,0,0,0,0,0,0,0,0,0,0,0,0,0,0,0,0,0,,,,,,Basic,Basic,186,0,7935,101,3991,497,1682,672,630,421,14424,1691,16115,18,0,255,,0,0,0,0,0,0,0,0,0,0,0,0,0,Respondent,738,73012,1519,83110,0,3,3,6,Yes,435,11,0,,,,0,154,NEITHER,0,0,0,0,0,0,0,0,0,0,0,0,0,0,0,0,0,0,0,0,0,0,0,0,0,0,0,0,0,0,0,0,0,0,0,0,0,0,0,,No,100 - 149,District,1,0,0,0,0,0,0,0,0,0,0,0,0,0,0,0,1,,,,,16115,186,8036,4488,2354,1051,,Rural,HOLLISTER/PAICINES/PANOCHE/SAN JUAN BAUTISTA,106350784,106350784
106361105,BARSTOW COMMUNITY HOSPITAL,555 SOUTH 7TH AVENUE,BARSTOW,92311,760-957-3221,Yes,01/01/2011,12/31/2011,Open,10/01/1958,10/01/1958,,NO,34,18,25,6071009500,149,,12 - Inland Counties,San Bernardino,240000110,Parent Facility,-117.01942,34.8938,General Acute Care,Investor - Corporation,General Medical / Surgical,46,16790,2070,5652,6,2190,240,596,0,0,0,0,4,1460,115,326,1209,0,0,0,0,0,0,0,0,0,0,0,0,0,0,0,0,0,0,0,0,0,0,0,0,56,20440,2425,7457,0,0,0,0,0,0,0,0,0,0,0,,0,0,0,0,0,0,0,0,0,56,20440,2425,7457,0,0,0,0,0,0,6,238,361,0,0,0,0,0,0,0,0,0,0,0,0,0,0,0,0,0,0,0,,,,,,Basic,Basic,844,1,2236,1,13309,116,3390,586,1315,1260,21094,1964,23058,10,0,1097,,0,0,0,0,0,0,0,0,0,0,0,0,0,Respondent,406,45309,719,52265,0,0,2,2,Yes,238,6,6,,,,0,76,NEITHER,0,0,0,0,0,0,0,0,0,0,0,0,0,0,0,0,0,0,0,0,0,0,0,0,0,0,0,0,0,0,0,0,0,0,0,0,0,0,0,,No,50 - 99,Investor,1,0,0,0,0,0,0,0,0,0,0,0,0,0,0,0,1,,,,,23058,845,2237,13425,3976,2575,,Rural,BARSTOW/DAGGETT/LENWOOD/NEBO CENTER/ORO GRANDE/YERMO,106361105,106361105
106361110,BEAR VALLEY COMMUNITY HOSPITAL,41870 GARSTIN DRIVE,BIG BEAR LAKE,92315,909-866-6501,Yes,01/01/2011,12/31/2011,Open,07/05/1974,07/05/1974,,NO,65,31,41,6071011201,146,,12 - Inland Counties,San Bernardino,240000111,Parent Facility,-116.88988,34.24728,General Acute Care,District,General Medical / Surgical,9,3285,287,760,0,0,0,0,0,0,0,0,0,0,0,0,0,0,0,0,0,0,0,0,0,0,0,0,0,0,0,0,0,0,0,0,0,0,0,0,0,9,3285,287,760,0,0,0,0,0,0,0,0,21,7665,4,,7529,0,0,0,0,0,0,0,0,30,10950,291,8289,0,0,0,0,0,0,0,0,0,0,0,0,0,0,0,0,0,0,0,0,0,0,0,0,0,0,0,0,,,,,,Standby,Standby,22,0,4867,0,2452,19,1551,77,1085,175,9977,271,10248,7,0,101,,0,0,0,0,0,0,0,0,0,0,0,0,0,Respondent,65,7345,424,15807,0,0,1,1,,0,0,0,,,,0,0,NEITHER,0,0,0,0,0,0,0,0,0,0,0,0,0,0,0,0,0,0,0,0,0,0,0,0,0,0,0,0,0,0,0,0,0,0,0,0,0,0,0,,No,1 - 49,District,0,0,1,0,0,0,0,0,0,0,0,0,0,0,0,0,1,,,,,10248,22,4867,2471,1628,1260,,Rural,BIG BEAR LAKE/FAWNSKIN/MOORRIDGE/RUNNING SPRINGS/SUGARLOAF,106361110,106361110
106361144,CHINO VALLEY MEDICAL CENTER,5451 WALNUT AVENUE,CHINO,91710,909-464-8600,Yes,01/01/2011,12/31/2011,Open,10/01/1972,10/01/1972,,NO,61,29,42,6071000601,151a,,12 - Inland Counties,San Bernardino,240000125,Parent Facility,-117.687,34.02626,General Acute Care,Investor - Corporation,General Medical / Surgical,96,35040,6116,15592,10,3650,0,0,6,2190,0,0,14,5110,328,296,2059,0,0,0,0,0,0,0,0,0,0,0,0,0,0,0,0,0,0,0,0,0,0,0,0,126,45990,6444,17651,0,0,0,0,0,0,0,0,0,0,0,0,0,0,0,0,0,0,0,0,0,126,45990,6444,17651,0,0,0,0,0,0,0,0,0,0,0,0,0,0,0,0,0,0,0,0,0,0,0,0,0,0,0,0,,,,,,Basic,Basic,0,0,0,0,0,0,0,0,31200,6420,31200,6420,37620,15,0,0,,0,0,0,0,0,0,0,0,0,0,0,0,0,Respondent,701,90970,245,25379,0,0,4,4,,0,0,0,,,,0,0,CATH LAB,0,0,0,0,0,0,0,0,1,0,0,0,0,88,0,2,0,90,0,44,0,19,1,9,3,0,0,0,0,0,0,0,0,0,0,0,0,14,90,,No,100 - 149,Investor,1,0,0,0,0,0,0,0,0,0,0,0,0,0,0,0,1,,,,,37620,0,0,0,0,37620,,Urban,CHINO HILLS/CHINO WEST CENTRAL/LOS SERRANOS/SLEEPY HOLLOW,106361144,106361144
106361166,MONTCLAIR HOSPITAL MEDICAL CENTER,5000 SAN BERNARDINO STREET,MONTCLAIR,91763,909-625-5411,Yes,01/01/2011,12/31/2011,Open,08/07/1972,08/07/1972,,NO,61,32,26,6071000202,151c,,12 - Inland Counties,San Bernardino,240000141,Parent Facility,-117.69603,34.07774,General Acute Care,Non-Profit Corporation (incl. Church-related),General Medical / Surgical,78,28470,3624,10230,16,5840,963,2556,0,0,0,0,8,2920,266,278,1797,0,0,0,0,0,0,0,0,0,0,0,0,0,0,0,0,0,0,0,0,0,0,0,0,102,37230,4853,14583,0,0,0,0,0,0,0,0,0,0,0,0,0,0,0,0,0,0,0,0,0,102,37230,4853,14583,0,0,0,0,0,0,0,883,2239,0,0,0,0,0,0,0,0,0,0,0,0,0,0,0,0,0,0,0,,,,,,Basic,Basic,0,0,0,0,0,0,0,0,16602,3648,16602,3648,20250,8,0,0,,0,0,0,0,0,0,0,0,0,0,0,0,0,Respondent,935,56794,525,18804,0,0,3,3,,883,23,3,,,,0,369,NEITHER,0,0,0,0,0,0,0,0,0,0,0,0,0,0,0,0,0,0,0,0,0,0,0,0,0,0,0,0,0,0,0,0,0,0,0,0,0,0,0,,No,100 - 149,Non-Profit Corporation (i,1,0,0,0,0,0,0,0,0,0,0,0,0,0,0,0,1,,,,,20250,0,0,0,0,20250,,Urban,MONTCLAIR/ONTARIO NORTHWEST/UPLAND SOUTH,106361166,106361166
106361223,KAISER FND HOSP - FONTANA,9961 SIERRA AVENUE,FONTANA,92335,909-427-7700,Yes,01/01/2011,12/31/2011,Open,09/01/1954,09/01/1954,,NO,62,32,43,6071003300,151f,,12 - Inland Counties,San Bernardino,240000159,Parent Facility,-117.43549,34.0725,General Acute Care,Non-Profit Corporation (incl. Church-related),General Medical / Surgical,205,96119,17046,64926,38,14404,4283,10296,40,14600,1516,4223,34,12410,778,2191,10830,0,0,0,0,0,0,0,0,0,0,0,0,0,0,0,36,13140,449,153,7515,0,5408,0,0,353,156081,24072,97790,0,0,0,0,0,0,0,0,0,0,0,,0,0,0,0,0,0,0,0,0,353,156081,24072,97790,20,741,2365,0,0,0,0,3816,6423,0,0,0,0,0,0,0,0,0,0,0,0,0,0,0,0,0,0,0,,,,,,Basic,Basic,838,75,15678,0,51679,2954,10212,6923,1222,2399,79629,12351,91980,62,0,1020,,0,0,0,0,0,0,0,0,0,0,0,0,0,Respondent,4797,779952,22971,1933125,0,8,14,22,Yes,4251,348,88,,,,0,1305,CATH LAB,0,0,0,0,0,0,0,0,2,0,0,0,0,603,26,506,44,1109,70,1109,0,44,26,0,0,0,0,0,0,0,0,0,0,0,0,4,0,0,1183,,No,300 - 499,Non-Profit Corporation (i,1,0,0,0,0,0,0,0,0,0,0,0,0,0,0,0,1,,,,,91980,913,15678,54633,17135,3621,,Urban,BLOOMINGTON/COLTON CENTRAL AND WEST/FONTANA SOUTH/RIALTO SOUTH,106361223,106361223
106361245,LOMA LINDA UNIV. MED. CENTER EAST CAMPUS HOSPITAL,25333 BARTON ROAD,LOMA LINDA,92354,909-558-4000,Yes,01/01/2011,12/31/2011,Open,09/19/1972,09/19/1972,,NO,63,31,41,6071007302,151i,,12 - Inland Counties,San Bernardino,240000169,Consolidated Facility,-117.2516,34.0482,General Acute Care,Non-Profit Corporation (incl. Church-related),General Medical / Surgical,65,23725,2472,9052,0,0,0,0,0,0,0,0,8,2920,64,302,1326,0,0,0,0,0,0,0,0,0,0,0,0,0,0,0,0,0,0,0,0,61,22265,783,12677,134,48910,3319,23055,0,0,0,0,0,0,0,0,0,0,0,,0,0,0,0,0,0,0,0,0,134,48910,3319,23055,0,0,0,0,0,0,0,0,0,0,0,0,0,0,0,0,0,0,0,0,0,0,0,0,0,0,0,0,,,,,,0,0,0,0,0,0,0,0,0,0,0,0,0,0,0,0,0,0,,0,0,0,0,0,0,0,0,0,0,0,0,0,Respondent,1558,251687,3849,225474,0,0,5,5,Yes,0,0,0,,,,0,0,NEITHER,0,0,0,0,0,0,0,0,0,0,0,0,0,0,0,0,0,0,0,0,0,0,0,0,0,0,0,0,0,0,0,0,0,0,0,0,0,0,0,,No,100 - 149,Non-Profit Corporation (i,0,0,0,1,0,0,0,0,0,0,0,0,0,0,0,0,1,,,,,0,0,0,0,0,0,,Urban,COLTON SOUTHEAST/GRAND TERRACE/LOMA LINDA/REDLANDS NORTH,106361245,106361245
106361246,LOMA LINDA UNIVERSITY MEDICAL CENTER,11234 ANDERSON STREET,LOMA LINDA,92354,909-558-4000,Yes,01/01/2011,12/31/2011,Open,01/01/1946,01/01/1946,Level I & Level I - Ped,YES,63,31,41,6071007301,151i,,12 - Inland Counties,San Bernardino,240000169,Parent Facility,-117.26146,34.05164,General Acute Care,Non-Profit Corporation (incl. Church-related),General Medical / Surgical,302,110230,13164,70373,71,25915,2897,10886,73,26645,5040,18412,189,68985,7426,6104,63208,0,0,0,0,0,0,0,0,0,0,0,0,0,0,0,84,30660,1090,706,27821,0,0,0,0,719,262435,29617,190700,0,0,0,0,0,0,0,0,0,0,0,,0,0,0,0,0,0,0,0,0,719,262435,29617,190700,0,0,0,0,0,0,12,2094,4854,0,0,0,0,0,0,0,0,0,0,0,0,0,0,0,0,0,0,0,,,,,,Basic,Basic,2778,70,8647,381,15992,2943,9749,4947,5706,6353,42872,14694,57566,58,0,3392,Yes,2,0,4,0,1,0,2,0,2,0,0,0,11,Respondent,8413,1762700,8133,676796,0,7,16,23,Yes,2620,352,92,,,,0,900,CV SURG,16,224,117,452,35,676,152,245,5,195,187,159,156,945,497,773,407,2072,1247,2072,182,79,43,75,48,358,23,13,0,21,131,106,0,0,0,22,5,141,3319,Yes,No,500+,Non-Profit Corporation (i,1,0,0,0,1,1,0,0,0,1,0,0,0,0,1,1,0,57566,,,,,2848,9028,18935,14696,12059,,Urban,COLTON SOUTHEAST/GRAND TERRACE/LOMA LINDA/REDLANDS NORTH,106361246,106361246
106361266,MOUNTAINS COMMUNITY HOSPITAL,29101 HOSPITAL ROAD,LAKE ARROWHEAD,92352,909-336-3651-3001,Yes,01/01/2011,12/31/2011,Open,10/10/1951,10/10/1951,,NO,59,31,41,6071010900,147,,12 - Inland Counties,San Bernardino,240000176,Parent Facility,-117.16716,34.26583,General Acute Care,District,General Medical / Surgical,17,6205,183,625,0,0,0,0,0,0,0,0,0,0,0,0,0,0,0,0,0,0,0,0,0,0,0,0,0,0,0,0,0,0,0,0,0,0,0,0,0,17,6205,183,625,0,0,0,0,0,0,0,0,20,7300,33,0,6935,0,0,0,0,0,0,0,0,37,13505,216,7560,0,0,0,0,0,0,0,0,0,0,0,0,0,0,0,0,0,0,0,0,0,0,0,0,0,0,0,0,,,,,,Standby,Standby,393,0,911,0,2420,0,2304,0,568,148,6596,148,6744,6,0,1,,0,0,0,0,0,0,0,0,0,0,0,0,0,Respondent,32,2415,217,11318,0,0,2,2,,0,0,0,,,,0,0,NEITHER,0,0,0,0,0,0,0,0,0,0,0,0,0,0,0,0,0,0,0,0,0,0,0,0,0,0,0,0,0,0,0,0,0,0,0,0,0,0,0,,No,1 - 49,District,0,0,1,0,0,0,0,0,0,0,0,0,0,0,0,0,1,,,,,6744,393,911,2420,2304,716,,Rural,BLUE JAY/CRESTLINE/LAKE ARROWHEAD/SKYFOREST/TWIN PEAKS,106361266,106361266
106361274,KINDRED HOSPITAL ONTARIO,550 NORTH MONTEREY AVENUE,ONTARIO,91764,909-391-0333-4811,Yes,01/01/2011,12/31/2011,Open,05/25/1951,05/25/1951,,NO,61,32,43,6071001500,151c,,12 - Inland Counties,San Bernardino,240000561,Parent Facility,-117.64364,34.06881,General Acute Care,Investor - Corporation,Other,84,30660,1072,27052,0,0,0,0,0,0,0,0,7,2555,150,171,1480,0,0,0,0,0,0,0,0,0,0,0,0,0,0,0,0,0,0,0,0,0,0,0,0,91,33215,1222,28532,0,0,0,0,0,0,0,0,0,0,0,,0,0,0,0,0,0,0,0,0,91,33215,1222,28532,0,0,0,0,0,0,0,0,0,0,0,0,0,0,0,0,0,0,0,0,0,0,0,0,0,0,0,0,,,,,,0,0,0,0,0,0,0,0,0,0,0,0,0,0,0,0,0,0,,0,0,0,0,0,0,0,0,0,0,0,0,0,Respondent,568,17460,0,0,2,0,0,2,,0,0,0,,,,0,0,NEITHER,0,0,0,0,0,0,0,0,0,0,0,0,0,0,0,0,0,0,0,0,0,0,0,0,0,0,0,0,0,0,0,0,0,0,0,0,0,0,0,,No,50 - 99,Investor,0,0,0,1,0,0,0,0,0,0,0,0,0,0,0,0,1,,,,,0,0,0,0,0,0,,Urban,MONTCLAIR/ONTARIO NORTHWEST/UPLAND SOUTH,106361274,106361274
106361308,REDLANDS COMMUNITY HOSPITAL,350 TERRACINA BOULEVARD,REDLANDS,92373,909-335-5501-5515,Yes,01/01/2011,12/31/2011,Open,01/01/1946,01/01/1946,,NO,63,31,41,6071008301,151j,,12 - Inland Counties,San Bernardino,240000191,Parent Facility,-117.2044,34.03699,General Acute Care,Non-Profit Corporation (incl. Church-related),General Medical / Surgical,142,44534,7894,32417,24,8760,2659,6382,0,0,0,0,12,4380,187,653,3283,0,0,0,0,0,0,0,0,0,0,0,0,0,0,0,17,6205,253,77,3664,0,0,0,0,195,63879,10993,45746,0,0,0,0,18,6570,875,3629,16,5840,612,,3389,0,0,0,0,0,0,0,0,229,76289,12480,52764,0,0,0,0,0,0,24,2397,4712,0,9,0,9,0,8,1,9,4,0,4,0,0,0,0,0,0,1,9,,,,,,Basic,Basic,2205,1,12801,10,15933,75,5338,2994,585,2785,36862,5865,42727,21,800,674,Yes,0,10,0,0,0,0,0,0,0,0,0,1,11,Respondent,3117,259577,2860,145148,0,0,8,8,Yes,2612,64,15,,,,0,778,CATH LAB,0,0,0,0,0,0,0,0,1,0,0,0,0,150,0,100,0,250,0,250,0,74,70,26,17,0,0,0,0,0,0,0,94,0,0,0,0,724,1255,,No,200 - 299,Non-Profit Corporation (i,1,0,0,0,0,0,0,0,0,0,0,0,0,0,0,0,1,,,,,42727,2206,12811,16008,8332,3370,,Urban,MENTONE/REDLANDS SOUTH/YUCAIPA,106361308,106361308
106361318,SAN ANTONIO COMMUNITY HOSPITAL,999 SAN BERNARDINO ROAD,UPLAND,91786,909-985-2811,Yes,01/01/2011,12/31/2011,Open,01/01/1946,01/01/1946,,NO,63,31,26,6071000900,151c,,12 - Inland Counties,San Bernardino,240000196,Parent Facility,-117.63828,34.10056,General Acute Care,Non-Profit Corporation (incl. Church-related),General Medical / Surgical,178,64970,11228,37036,32,11680,2390,6168,25,9125,800,1862,12,4380,282,959,3593,12,4380,233,1015,3548,0,0,0,0,0,0,0,0,0,0,20,7300,340,10,4006,0,0,0,0,279,101835,15273,56213,0,0,0,0,0,0,0,0,0,0,0,0,0,0,0,0,0,0,0,0,0,279,101835,15273,56213,0,0,0,0,0,0,28,2183,4437,0,0,0,0,0,0,0,0,0,0,0,0,0,0,0,0,0,0,0,,,,,,Basic,Basic,0,2167,1,11004,15,28855,14,16808,2916,11890,2946,70724,73670,31,0,1639,,0,0,0,0,0,0,0,0,0,0,0,0,0,Respondent,4171,400358,4216,441305,0,0,11,11,Yes,2282,95,24,,,,0,903,CV SURG,2,0,0,210,21,210,21,0,2,0,0,0,0,488,383,427,0,915,383,1298,0,134,46,40,20,355,28,0,0,0,75,36,22,9,0,23,0,0,2086,,No,200 - 299,Non-Profit Corporation (i,1,0,0,0,0,0,0,0,0,0,0,0,0,0,0,0,1,,,,,73670,2167,11005,28870,16822,14806,,Urban,MONTCLAIR/ONTARIO NORTHWEST/UPLAND SOUTH,106361318,106361318
106361323,COMMUNITY HOSPITAL OF SAN BERNARDINO,1805 MEDICAL CENTER DRIVE,SAN BERNARDINO,92411,909-887-6333,Yes,01/01/2011,12/31/2011,Open,04/21/1958,04/21/1958,,NO,62,32,43,6071004202,151g,,12 - Inland Counties,San Bernardino,240000198,Parent Facility,-117.32245,34.13138,General Acute Care,Non-Profit Corporation (incl. Church-related),General Medical / Surgical,119,43435,4993,20499,24,8760,2689,6127,27,9855,741,2589,11,4015,239,788,4329,10,3650,0,0,0,0,0,0,0,0,0,0,0,0,0,5,1825,315,146,2229,0,0,0,0,196,71540,8977,35773,0,0,0,0,59,14847,3349,14785,88,32120,75,0,30808,0,0,0,0,0,0,0,0,343,118507,12401,81366,0,0,0,0,0,0,0,2119,4168,0,26,15,41,0,39,2,41,10,3,14,0,2,1,5,0,0,6,41,,,,,,Basic,Basic,1613,1,12102,21,17758,30,6141,2118,669,4003,38283,6173,44456,19,0,1518,,0,0,0,0,0,0,0,0,0,0,0,0,0,Respondent,1238,137136,1865,131819,0,0,5,5,Yes,2429,155,24,Yes,YES,,1397,1032,CATH LAB,0,0,0,0,0,0,0,0,1,0,0,0,0,280,0,14,0,294,0,204,0,39,36,0,0,0,0,0,0,0,0,0,0,0,0,0,0,28,307,,No,300 - 499,Non-Profit Corporation (i,1,0,0,0,0,0,0,0,0,0,0,0,0,0,0,0,1,,,,,44456,1614,12123,17788,8259,4672,,Urban,MUSCOY/SAN BERNARDINO CENTRAL,106361323,106361323
106361339,ST. BERNARDINE MEDICAL CENTER,2101 NORTH WATERMAN AVENUE,SAN BERNARDINO,92404,909-883-8711-2937,Yes,01/01/2011,12/31/2011,Open,01/01/1946,01/01/1946,,NO,62,32,43,6071006301,151k,,12 - Inland Counties,San Bernardino,240000206,Parent Facility,-117.27865,34.1341,General Acute Care,Non-Profit Corporation (incl. Church-related),General Medical / Surgical,294,107310,12917,47233,46,16790,2102,4694,20,7300,284,782,27,9855,825,3855,13979,20,7300,0,0,0,0,0,0,0,0,0,0,0,0,0,20,7300,218,0,4233,0,0,0,0,427,155855,16346,70921,0,0,0,0,36,13140,0,0,0,0,0,,0,0,0,0,0,0,0,0,0,463,168995,16346,70921,0,0,0,0,0,0,33,1837,3173,0,0,0,0,0,0,0,0,0,0,0,0,0,0,0,0,0,0,0,,,,,,Basic,Basic,3470,9,15284,26,26070,225,12192,3978,2140,3953,59156,8191,67347,25,61403,126,,0,0,0,0,0,0,0,0,0,0,0,0,0,Respondent,5830,824275,4239,317610,3,3,7,13,Yes,1979,108,29,,,,0,485,CV SURG,3,0,14,707,5,707,19,588,4,0,0,0,0,2728,2293,1301,153,4029,2446,3246,0,211,81,106,76,1596,0,1357,91,0,85,139,576,285,7,48,0,590,8494,,No,300 - 499,Non-Profit Corporation (i,1,0,0,0,0,0,0,0,0,0,0,0,0,0,0,0,1,,,,,67347,3479,15310,26295,16170,6093,,Urban,HIGHLAND/SAN BERNARDINO EAST,106361339,106361339
106361343,ST. MARY REGIONAL MEDICAL CENTER,18300 HIGHWAY 18,APPLE VALLEY,92307,760-242-2311-8402,Yes,01/01/2011,12/31/2011,Open,11/16/1956,11/16/1956,,NO,59,17,41,6071009716,145.1b,,12 - Inland Counties,San Bernardino,240000207,Parent Facility,-117.26261,34.53999,General Acute Care,Non-Profit Corporation (incl. Church-related),General Medical / Surgical,156,50550,12767,45767,14,4400,2486,3956,8,2920,602,1482,20,7300,438,1985,7053,0,0,0,0,0,0,0,0,0,0,0,0,0,0,0,8,2920,234,174,2790,0,0,0,0,206,68090,16527,61048,0,0,0,0,0,0,0,0,0,0,0,,0,0,0,0,0,0,0,0,0,206,68090,16527,61048,0,0,0,0,0,0,0,2463,3972,0,0,0,0,0,0,0,0,0,0,0,0,0,0,0,0,0,0,0,,,,,,Basic,Basic,832,1,8467,12,29106,37,15496,57,9349,11352,63250,11459,74709,26,0,1071,,0,0,0,0,0,0,0,0,0,0,0,0,0,Respondent,3217,444115,7449,352799,0,0,9,9,Yes,2538,175,61,,,,0,615,CV SURG,6,0,0,154,28,154,28,0,2,0,0,0,0,595,396,469,30,1064,426,1452,0,165,38,45,15,390,0,0,0,0,0,0,300,290,12,15,0,0,2722,,No,200 - 299,Non-Profit Corporation (i,1,0,0,0,0,0,0,0,0,0,0,0,0,0,0,0,1,,,,,74709,833,8479,29143,15553,20701,,Urban,APPLE VALLEY/HESPERIA EAST,106361343,106361343
106361370,VICTOR VALLEY COMMUNITY HOSPITAL,15248 ELEVENTH STREET,VICTORVILLE,92392,760-245-8691,Yes,01/01/2011,12/31/2011,Open,11/13/1964,11/13/1964,,NO,36,17,25,6071009800,145.1a,,12 - Inland Counties,San Bernardino,240000218,Parent Facility,-117.29264,34.52799,General Acute Care,City and/or County,General Medical / Surgical,64,23360,5134,16105,9,3285,1482,2493,16,5840,447,1292,10,3650,49,295,2081,0,0,0,0,0,0,0,0,0,0,0,0,0,0,0,2,730,83,0,165,0,0,0,0,101,36865,7195,22136,0,0,0,0,0,0,0,0,0,0,0,,0,0,0,0,0,0,0,0,0,101,36865,7195,22136,0,0,0,0,0,0,13,1488,3111,0,0,0,0,0,0,0,0,0,0,0,0,0,0,0,0,0,0,0,,,,,,Basic,Basic,184,1,6211,6,15814,147,5534,638,2118,1101,29861,1893,31754,13,0,1782,,0,0,0,0,0,0,0,0,0,0,0,0,0,Respondent,1232,109449,3474,239895,0,0,5,5,Yes,1488,82,4,,,,0,562,NEITHER,0,0,0,0,0,0,0,0,1,0,0,0,0,122,0,120,0,242,0,242,0,26,23,0,0,0,0,0,0,0,0,0,8,1,0,0,0,4,304,,No,100 - 149,City and/or County,1,0,0,0,0,0,0,0,0,0,0,0,0,0,0,0,1,,,,,31754,185,6217,15961,6172,3219,,Urban,HESPERIA WEST/MOUNTAIN VIEW ACRES/VICTORVILLE CENTRAL AND SOUTH,106361370,106361370
106361458,COLORADO RIVER MEDICAL CENTER,1401 BAILEY AVENUE,NEEDLES,92363,760-326-4531,Yes,01/01/2011,12/31/2011,Open,08/11/1952,08/11/1952,,NO,34,18,41,6071010700,143,,12 - Inland Counties,San Bernardino,240000227,Parent Facility,-114.61818,34.8325,General Acute Care,City and/or County,General Medical / Surgical,25,9125,280,1045,0,0,0,0,0,0,0,0,0,0,0,0,0,0,0,0,0,0,0,0,0,0,0,0,0,0,0,0,0,0,0,0,0,0,0,0,0,25,9125,280,1045,0,0,0,0,0,0,0,0,0,0,0,,0,0,0,0,0,0,0,0,0,25,9125,280,1045,0,0,0,0,0,0,0,0,0,0,0,0,0,0,0,0,0,0,0,0,0,0,0,0,0,0,0,0,,Yes,YES,,,Basic,Standby,2431,0,1756,0,2238,0,583,0,501,0,7509,269,7778,4,0,19,,0,0,0,0,0,0,0,0,0,0,0,0,0,Respondent,12,1163,219,7726,0,0,2,2,Yes,0,0,0,,,,0,0,NEITHER,0,0,0,0,0,0,0,0,0,0,0,0,0,0,0,0,0,0,0,0,0,0,0,0,0,0,0,0,0,0,0,0,0,0,0,0,0,0,0,,No,1 - 49,City and/or County,0,0,0,1,0,0,0,0,0,0,0,0,0,0,0,0,1,,,,,7778,2431,1756,2238,583,501,269,Frontier,BIG RIVER/NEEDLES,106361458,106361458
106361768,PATTON STATE HOSPITAL,3102 E. HIGHLAND AVENUE,PATTON,92369,909-425-7000-7321,Yes,01/01/2011,12/31/2011,Open,09/29/1975,09/29/1975,,NO,59,31,41,6071007500,151k,,12 - Inland Counties,San Bernardino,170000831,Parent Facility,-117.21957,34.13589,Acute Psychiatric,State,Psychiatric,0,0,0,0,0,0,0,0,0,0,0,0,0,0,0,0,0,0,0,0,0,0,0,0,0,0,0,0,0,0,0,0,0,0,0,0,0,0,0,0,0,0,0,0,0,0,0,0,0,394,143810,1371,174239,0,0,0,0,0,893,325945,1063,374355,0,0,0,0,1287,469755,2434,548594,0,0,0,0,0,0,0,0,0,0,488,0,488,0,457,31,488,0,0,0,0,0,0,0,0,0,488,488,,,,,,0,0,0,0,0,0,0,0,0,0,0,0,0,0,0,0,0,0,,0,0,0,0,0,0,0,0,0,0,0,0,0,Respondent,0,0,0,0,0,0,0,0,,0,0,0,,,,0,0,NEITHER,0,0,0,0,0,0,0,0,0,0,0,0,0,0,0,0,0,0,0,0,0,0,0,0,0,0,0,0,0,0,0,0,0,0,0,0,0,0,0,,Yes,500+,State,0,0,0,1,0,0,0,0,0,0,0,0,0,0,0,0,1,,,,,0,0,0,0,0,0,,Urban,HIGHLAND/SAN BERNARDINO EAST,106361768,106361768
106362041,HI-DESERT MEDICAL CENTER,6601 WHITE FEATHER ROAD,JOSHUA TREE,92252,760-366-3711,Yes,01/01/2011,12/31/2011,Open,06/11/1971,06/11/1971,,NO,65,18,41,6071010403,144.2,,12 - Inland Counties,San Bernardino,240000231,Parent Facility,-116.27654,34.13323,General Acute Care,District,General Medical / Surgical,55,20075,3243,9252,0,0,0,0,0,0,0,0,4,1460,130,236,958,0,0,0,0,0,0,0,0,0,0,0,0,0,0,0,0,0,0,0,0,0,0,0,0,59,21535,3373,10210,0,0,0,0,0,0,0,0,120,43800,432,0,38434,0,0,0,0,0,0,0,0,179,65335,3805,48644,0,0,0,0,0,0,7,372,398,8,0,0,0,0,0,0,0,0,0,0,0,0,0,0,0,0,0,0,,,,,,Basic,Basic,205,6,2736,28,13742,487,3635,570,3860,1620,24178,2711,26889,17,0,75,,0,0,0,0,0,0,0,0,0,0,0,0,0,Respondent,677,66685,1661,77514,0,2,3,5,Yes,396,19,4,,,,0,175,NEITHER,0,0,0,0,0,0,0,0,0,0,0,0,0,0,0,0,0,0,0,0,0,0,0,0,0,0,0,0,0,0,0,0,0,0,0,0,0,0,0,Yes,No,150 - 199,District,1,0,0,0,0,0,0,0,0,0,0,0,0,0,0,0,1,,,,,26889,211,2764,14229,4205,5480,,Rural,JOSHUA TREE/LANDERS/MORONGO VALLEY/RIMROCK/YUCCA VALLEY,106362041,106362041
106364014,LOMA LINDA UNIVERSITY BEHAVIORAL MEDICINE CENTER,1710 BARTON ROAD,REDLANDS,92373,909-558-9204,Yes,01/01/2011,12/31/2011,Open,01/16/1988,01/16/1988,,NO,63,31,41,6071007800,151i,,12 - Inland Counties,San Bernardino,240000281,Parent Facility,-117.20228,34.0468,Acute Psychiatric,Non-Profit Corporation (incl. Church-related),Psychiatric,0,0,0,0,0,0,0,0,0,0,0,0,0,0,0,0,0,0,0,0,0,0,0,0,0,0,0,0,0,0,0,0,0,0,0,0,0,0,0,0,0,0,0,0,0,0,0,0,0,89,32485,3735,21509,0,0,0,,0,0,0,0,0,0,0,0,0,89,32485,3735,21509,0,0,0,18,622,4906,0,0,0,0,39,0,39,11,23,5,39,10,0,5,0,0,0,24,0,0,0,39,,,,,,0,0,0,0,0,0,0,0,0,0,0,0,0,0,0,0,0,0,,0,0,0,0,0,0,0,0,0,0,0,0,0,Respondent,0,0,0,0,0,0,0,0,,0,0,0,,,,0,0,NEITHER,0,0,0,0,0,0,0,0,0,0,0,0,0,0,0,0,0,0,0,0,0,0,0,0,0,0,0,0,0,0,0,0,0,0,0,0,0,0,0,,No,50 - 99,Non-Profit Corporation (i,0,0,0,1,0,0,0,0,0,0,0,0,0,0,0,0,1,,,,,0,0,0,0,0,0,,Urban,COLTON SOUTHEAST/GRAND TERRACE/LOMA LINDA/REDLANDS NORTH,106364014,106364014
106364050,CANYON RIDGE HOSPITAL,5353 G STREET,CHINO,91710,909-590-4013,Yes,01/01/2011,12/31/2011,Open,01/11/1990,01/11/1990,,NO,61,29,42,6071000500,151a,,12 - Inland Counties,San Bernardino,240000357,Parent Facility,-117.68789,34.00985,Acute Psychiatric,Investor - Corporation,Psychiatric,0,0,0,0,0,0,0,0,0,0,0,0,0,0,0,0,0,0,0,0,0,0,0,0,0,0,0,0,0,0,0,0,0,0,0,0,0,0,0,0,0,0,0,0,0,0,0,0,0,106,38690,5104,30316,0,0,0,0,0,0,0,0,0,0,0,0,0,106,38690,5104,30316,0,0,0,0,0,0,0,0,0,0,63,0,63,11,52,0,63,11,0,0,7,7,0,36,2,0,0,63,Yes,,,,,0,0,0,0,0,0,0,0,0,0,0,0,0,0,0,0,0,0,,0,0,0,0,0,0,0,0,0,0,0,0,0,Respondent,0,0,0,0,0,0,0,0,,0,0,0,,,,0,0,NEITHER,0,0,0,0,0,0,0,0,0,0,0,0,0,0,0,0,0,0,0,0,0,0,0,0,0,0,0,0,0,0,0,0,0,0,0,0,0,0,0,,No,100 - 149,Investor,0,0,0,1,0,0,0,0,0,0,0,0,0,0,0,0,1,,,,,0,0,0,0,0,0,,Urban,CHINO HILLS/CHINO WEST CENTRAL/LOS SERRANOS/SLEEPY HOLLOW,106364050,106364050
106364121,BALLARD REHABILITATION HOSP,1760 WEST 16TH STREET,SAN BERNARDINO,92411,909-473-1275,Yes,01/01/2011,12/31/2011,Open,07/15/1993,07/15/1993,,NO,62,32,43,6071004201,151g,,12 - Inland Counties,San Bernardino,240000502,Parent Facility,-117.3261,34.12843,General Acute Care,Investor - Limited Liability Company,Physical Rehabilitation,0,0,0,0,0,0,0,0,0,0,0,0,0,0,0,0,0,0,0,0,0,0,0,0,0,0,0,0,0,0,0,0,0,0,0,0,0,60,21900,1095,14122,60,21900,1095,14122,0,0,0,0,0,0,0,0,0,0,0,,0,0,0,0,0,0,0,0,0,60,21900,1095,14122,0,0,0,0,0,0,0,0,0,0,0,0,0,0,0,0,0,0,0,0,0,0,0,0,0,0,0,0,,,,,,0,0,0,0,0,0,0,0,0,0,0,0,0,0,0,0,0,0,,0,0,0,0,0,0,0,0,0,0,0,0,0,Respondent,0,0,0,0,0,0,0,0,,0,0,0,,,,0,0,NEITHER,0,0,0,0,0,0,0,0,0,0,0,0,0,0,0,0,0,0,0,0,0,0,0,0,0,0,0,0,0,0,0,0,0,0,0,0,0,0,0,,No,50 - 99,Investor,0,0,0,1,0,0,0,0,0,0,0,0,0,0,0,0,1,,,,,0,0,0,0,0,0,,Urban,MUSCOY/SAN BERNARDINO CENTRAL,106364121,106364121
106364144,DESERT VALLEY HOSPITAL,16850 BEAR VALLEY ROAD,VICTORVILLE,92392,760-241-8000-8168,Yes,01/01/2011,12/31/2011,Open,08/31/1994,08/31/1994,,NO,36,17,25,6071010003,145.1a,,12 - Inland Counties,San Bernardino,240000562,Parent Facility,-117.29593,34.47113,General Acute Care,Investor - Corporation,General Medical / Surgical,77,28105,6981,21822,0,0,0,0,0,0,0,0,6,2190,153,376,1906,0,0,0,0,0,0,0,0,0,0,0,0,0,0,0,0,0,0,0,0,0,0,0,0,83,30295,7134,23728,0,0,0,0,0,0,0,0,0,0,0,0,0,0,0,0,0,0,0,0,0,83,30295,7134,23728,0,0,0,0,0,0,0,0,0,0,0,0,0,0,0,0,0,0,0,0,0,0,0,0,0,0,0,0,,,,,,Basic,Basic,0,0,0,0,0,0,0,0,27109,5976,27109,5976,33085,18,0,0,,0,0,0,0,0,0,0,0,0,0,0,0,0,Respondent,1170,80191,756,43602,0,0,4,4,,545,31,8,,,,0,165,CATH LAB,0,0,0,0,0,0,0,0,1,0,0,0,0,439,0,119,0,558,0,613,2,99,42,70,17,90,50,0,189,0,23,0,104,73,27,7,0,0,1406,Yes,No,50 - 99,Investor,1,0,0,0,0,0,0,0,0,0,0,0,0,0,0,0,1,,,,,33085,0,0,0,0,33085,,Urban,HESPERIA WEST/MOUNTAIN VIEW ACRES/VICTORVILLE CENTRAL AND SOUTH,106364144,106364144
106364188,KINDRED HOSPITAL RANCHO,10841 WHITE OAK AVENUE,RANCHO CUCAMONGA,91730,909-581-6400,Yes,01/01/2011,12/31/2011,Open,12/21/2005,06/06/1996,,NO,63,31,26,6071002100,151b,,12 - Inland Counties,San Bernardino,240000652,Parent Facility,-117.56601,34.10461,General Acute Care,Investor - Limited Liability Company,General Medical / Surgical,47,17155,750,16212,0,0,0,0,0,0,0,0,8,2920,19,176,2753,0,0,0,0,0,0,0,0,0,0,0,0,0,0,0,0,0,0,0,0,0,0,0,0,55,20075,769,18965,0,0,0,0,0,0,0,0,0,0,0,,0,0,0,0,0,0,0,0,0,55,20075,769,18965,0,0,0,0,0,0,0,0,0,0,0,0,0,0,0,0,0,0,0,0,0,0,0,0,0,0,0,0,,,,,,0,0,0,0,0,0,0,0,0,0,0,0,0,0,0,0,0,0,,0,0,0,0,0,0,0,0,0,0,0,0,0,Respondent,263,17888,1108,19611,0,0,4,4,Yes,0,0,0,,,,0,0,NEITHER,0,0,0,0,0,0,0,0,0,0,0,0,0,0,0,0,0,0,0,0,0,0,0,0,0,0,0,0,0,0,0,0,0,0,0,0,0,0,0,,No,50 - 99,Investor,0,0,0,1,0,0,0,0,0,0,0,0,0,0,0,0,1,,,,,0,0,0,0,0,0,,Urban,ONTARIO NORTHEAST/RANCHO CUCAMONGA SOUTH,106364188,106364188
106364231,ARROWHEAD REGIONAL MEDICAL CENTER,400 N. PEPPER AVENUE,COLTON,92324-1816,909-580-6150,Yes,01/01/2011,12/31/2011,Open,03/30/1999,03/30/1999,Level II,YES,62,32,43,6071003601,151f,,12 - Inland Counties,San Bernardino,240000197,Parent Facility,-117.3527761,34.07163215,General Acute Care,City and/or County,General Medical / Surgical,227,80282,12672,62046,24,8760,2868,7676,23,8395,1586,3599,48,17520,1513,1538,8143,0,0,0,0,0,0,0,0,0,0,14,5110,288,0,1440,30,10950,332,0,5462,0,0,0,0,366,131017,19259,88366,0,0,0,0,90,32850,4401,22163,0,0,0,0,0,0,0,0,0,0,0,0,0,456,163867,23660,110529,0,0,0,0,0,0,32,2349,5330,0,54,0,54,0,54,0,54,10,0,19,1,0,2,0,0,0,22,54,Yes,,,,,Basic,Basic,28117,1284,22903,1786,36219,1744,11720,4197,3189,11112,102148,20123,122271,35,0,2145,Yes,0,0,0,0,0,0,7,0,0,0,0,0,7,Respondent,8011,765484,6227,416279,0,0,21,21,Yes,2922,237,37,,,,0,893,CATH LAB,0,0,0,0,0,0,0,0,1,0,0,0,0,282,0,27,0,309,0,309,0,0,0,0,0,0,0,0,0,0,0,0,0,0,0,0,0,0,309,,No,300 - 499,City and/or County,1,0,0,0,1,0,1,0,0,0,0,0,0,0,1,1,0,,122271,,,,29401,24689,37963,15917,14301,,Urban,BLOOMINGTON/COLTON CENTRAL AND WEST/FONTANA SOUTH/RIALTO SOUTH,106364231,106364231
106364265,KAISER ONTARIO MEDICAL CENTER CAMPUS,2295 S. VINEYARD AVENUE,ONTARIO,91761,909-724-2900,Yes,11/01/2011,12/31/2011,Open,10/26/2011,,,NO,61,32,43,6071001803,151l,,12 - Inland Counties,San Bernardino,240000159,Consolidated Facility,-117.61094,34.03275,General Acute Care,Non-Profit Corporation (incl. Church-related),General Medical / Surgical,120,8040,835,2987,28,1876,238,517,0,0,0,0,20,1340,23,106,319,0,0,0,0,0,0,0,0,0,0,0,0,0,0,0,8,536,19,16,114,0,0,0,0,176,11792,1115,3937,0,0,0,0,0,0,0,0,0,0,0,,0,0,0,0,0,0,0,0,0,176,11792,1115,3937,0,0,0,0,0,0,0,209,336,0,0,0,0,0,0,0,0,0,0,0,0,0,0,0,0,0,0,0,,,,,,0,Basic,7,4,146,0,2592,66,760,271,161,240,3666,581,4247,37,0,10,,0,0,0,0,0,0,0,0,0,0,0,0,0,Respondent,96,11052,451,44158,0,0,4,4,Yes,234,10,0,,,,0,66,NEITHER,0,0,0,0,0,0,0,0,0,0,0,0,0,0,0,0,0,0,0,0,0,0,0,0,0,0,0,0,0,0,0,0,0,0,0,0,0,0,0,Yes,No,150 - 199,Non-Profit Corporation (i,1,0,0,0,0,0,0,0,0,0,0,0,0,0,0,0,1,,,,,4247,11,146,2658,1031,401,,Urban,CHINO NORTHEAST/FONTANA SOUTHWEST/ONTARIO SOUTH,106364265,106364265
106364268,LOMA LINDA UNIVERSITY HEART AND SURGICAL HOSPITAL,26780 BARTON ROAD,REDLANDS,92373,909-558-4000,Yes,01/01/2011,12/31/2011,Open,01/02/2009,01/02/2009,,NO,63,31,41,6071007800,151i,,12 - Inland Counties,San Bernardino,240000169,Consolidated Facility,-117.221174,34.0482716,General Acute Care,Non-Profit Corporation (incl. Church-related),General Medical / Surgical,24,8760,1174,2374,0,0,0,0,0,0,0,0,4,1460,0,0,0,0,0,0,0,0,0,0,0,0,0,0,0,0,0,0,0,0,0,0,0,0,0,0,0,28,10220,1174,2374,0,0,0,0,0,0,0,0,0,0,0,,0,0,0,0,0,0,0,0,0,28,10220,1174,2374,0,0,0,0,0,0,0,0,0,0,0,0,0,0,0,0,0,0,0,0,0,0,0,0,0,0,0,0,,,,,,0,0,0,0,0,0,0,0,0,0,0,0,0,0,0,0,0,0,,0,0,0,0,0,0,0,0,0,0,0,0,0,Respondent,1174,264457,2294,242208,0,0,6,6,Yes,0,0,0,,,,0,0,CV SURG,0,0,0,0,0,0,0,0,2,0,0,0,0,0,0,99,158,99,158,0,158,0,0,0,0,0,0,0,0,0,0,0,0,0,0,0,0,0,158,Yes,No,1 - 49,Non-Profit Corporation (i,0,0,0,1,0,0,0,0,0,0,0,0,0,0,0,0,1,,,,,0,0,0,0,0,0,,Urban,COLTON SOUTHEAST/GRAND TERRACE/LOMA LINDA/REDLANDS NORTH,106364268,106364268
106370652,ALVARADO HOSPITAL MEDICAL CENTER,6655 ALVARADO ROAD,SAN DIEGO,92120-5298,619-287-3270,Yes,01/01/2011,12/31/2011,Open,08/11/1972,08/11/1972,,NO,78,39,53,6073002904,161e,,14 - San Diego/Imperial,San Diego,90000013,Parent Facility,-117.05683,32.77708,General Acute Care,Investor - Corporation,General Medical / Surgical,198,72270,7013,23076,0,0,0,0,0,0,0,0,18,6570,275,1525,4112,10,3650,100,582,955,0,0,0,0,0,0,0,0,0,0,0,0,0,0,0,0,0,0,0,226,82490,7388,28143,0,0,0,0,0,0,0,0,0,0,0,0,0,0,0,0,0,0,0,0,0,226,82490,7388,28143,0,0,0,0,0,0,0,0,0,0,0,0,0,0,0,0,0,0,0,0,0,0,0,0,0,0,0,0,,,,,,Basic,Basic,698,1,1358,3,7440,40,9362,659,511,5437,19369,6140,25509,13,0,1017,,0,0,0,0,0,0,0,0,0,0,0,0,0,Respondent,1995,324420,1068,107520,0,0,8,8,,0,0,0,,,,0,0,CV SURG,1,0,0,74,3,74,3,77,3,0,0,0,0,661,509,212,10,873,519,945,0,58,22,9,2,466,22,5,0,2,13,10,117,84,10,23,0,27,1815,,No,200 - 299,Investor,1,0,0,0,0,0,0,0,0,0,0,0,0,0,0,0,1,,,,,25509,699,1361,7480,10021,5948,,Urban,COLLEGE HEIGHTS/HILLCREST SOUTHEAST/KENSINGTON/ROLANDO NORTH/UNIVERSITY HEIGHTS,106370652,106370652
106370658,SCRIPPS MERCY HOSPITAL - CHULA VISTA,435 H STREET,CHULA VISTA,91910,619-260-7101,Yes,01/01/2011,12/31/2011,Open,10/01/2004,01/08/1964,,NO,79,40,51,6073012700,161k,,14 - San Diego/Imperial,San Diego,90000074,Consolidated Facility,-117.08282,32.63289,General Acute Care,Non-Profit Corporation (incl. Church-related),General Medical / Surgical,119,43435,8460,34827,30,10950,2042,4199,0,0,0,0,24,8760,716,2222,7825,0,0,0,0,0,0,0,0,0,0,0,0,0,0,0,10,3650,354,34,1999,0,0,0,0,183,66795,11572,48850,0,0,0,0,0,0,0,0,0,0,0,,0,0,0,0,0,0,0,0,0,183,66795,11572,48850,0,0,0,0,0,0,30,1615,2869,0,0,0,0,0,0,0,0,0,0,0,0,0,0,0,0,0,0,0,,,,,,Basic,Basic,268,1,7017,19,26960,1750,4447,4995,293,1231,38985,7996,46981,25,0,424,Yes,3,1,2,1,1,0,2,0,4,1,0,9,24,Respondent,1811,240087,1665,151730,0,0,4,4,Yes,1928,111,11,,,,0,682,CATH LAB,0,0,0,0,0,0,0,0,1,0,0,0,0,303,143,146,2,449,145,591,0,61,20,52,11,99,6,0,2,0,0,0,176,0,0,23,0,25,1066,Yes,No,150 - 199,Non-Profit Corporation (i,1,0,0,0,0,0,0,0,0,0,0,0,0,0,0,0,1,,,,,46981,269,7036,28710,9442,1524,,Urban,CHULA VISTA CENTRAL AND NORTHWEST/NATIONAL CITY WEST,106370658,106370658
106370673,RADY CHILDRENS HOSPITAL - SAN DIEGO,3020 CHILDRENS WAY,SAN DIEGO,92123,858-576-1700,Yes,01/01/2011,12/31/2011,Open,08/18/1954,08/18/1954,Level II - Pediatric,NO,76,39,53,6073008702,161b,,14 - San Diego/Imperial,San Diego,80000028,Parent Facility,-117.15077,32.79678,General Acute Care,Non-Profit Corporation (incl. Church-related),Pediatric,271,98915,12536,44295,0,0,0,0,0,0,0,0,54,19710,1692,0,8561,0,0,0,0,0,0,0,0,0,0,0,0,0,0,0,105,38325,1455,0,21548,12,4380,225,2485,442,161330,15908,76889,0,0,0,0,0,0,0,0,59,21535,35,,15650,0,0,0,0,0,0,0,0,501,182865,15943,92539,0,0,0,0,0,0,0,0,0,0,0,0,0,0,0,0,0,0,0,0,0,0,0,0,0,0,0,0,,,,,,Basic,Basic,9945,17,38726,77,28889,89,11523,75,11204,6088,100287,6346,106633,30,0,0,,0,0,0,0,0,0,0,0,0,0,0,0,0,Respondent,6243,855840,15068,1169490,0,5,20,25,Yes,0,0,0,,,,0,0,CV SURG,0,10,11,0,0,10,11,10,1,318,240,0,0,0,0,0,0,318,240,0,0,5,9,1,0,117,1,0,17,0,349,0,0,3,25,0,0,31,558,,No,500+,Non-Profit Corporation (i,1,0,0,0,0,0,0,0,0,1,0,1,0,0,1,1,0,,106633,,,,9962,38803,28978,11598,17292,,Urban,BAY PARK/FIVE POINTS/HILLCREST NORTHWEST/MISSION HILLS/MISSION VALLEY/MORENA/NORMAL HEIGHTS/OLD TOWN,106370673,106370673
106370689,SHARP CORONADO HOSPITAL AND HEALTHCARE CENTER,250 PROSPECT PLACE,CORONADO,92118,619-522-3600,Yes,01/01/2011,12/31/2011,Open,01/01/1946,01/01/1946,,NO,79,40,53,6073011000,161n,,14 - San Diego/Imperial,San Diego,90000036,Parent Facility,-117.16808,32.69427,General Acute Care,Non-Profit Corporation (incl. Church-related),General Medical / Surgical,52,18980,2687,8313,0,0,0,0,0,0,0,0,3,1095,65,100,390,4,1460,87,134,521,0,0,0,0,0,0,0,0,0,0,0,0,0,0,0,0,0,0,0,59,21535,2839,9224,0,0,0,0,0,0,0,0,145,52925,347,8,38495,0,0,0,0,0,0,0,0,204,74460,3186,47719,0,0,0,0,0,0,0,0,0,0,0,0,0,0,0,0,0,0,0,0,0,0,0,0,0,0,0,0,,Yes,,YES,,Basic,Basic,147,1,1198,1,5177,11,3621,122,883,1008,11026,1143,12169,8,0,0,Yes,108,78,68,94,154,108,112,129,65,76,82,81,1155,Respondent,1768,219004,897,69337,0,1,3,4,Yes,0,0,0,,,,0,0,NEITHER,0,0,0,0,0,0,0,0,0,0,0,0,0,0,0,0,0,0,0,0,0,0,0,0,0,0,0,0,0,0,0,0,0,0,0,0,0,0,0,Yes,No,200 - 299,Non-Profit Corporation (i,1,0,0,0,0,0,0,0,0,0,0,0,0,0,0,0,1,,,,,12169,148,1199,5188,3743,1891,,Urban,CIVIC CENTER/CORONADO/HARBOR ISLAND/IMPERIAL BEACH EAST/NESTOR WEST/OCEAN BEACH/POINT LOMA/SILVER ST,106370689,106370689
106370694,SHARP MEMORIAL HOSPITAL,7901 FROST STREET,SAN DIEGO,92123,858-499-4000,Yes,01/01/2011,12/31/2011,Open,11/01/1974,11/01/1974,Level II,NO,76,39,53,6073008702,161b,,14 - San Diego/Imperial,San Diego,80000039,Parent Facility,-117.15531,32.80016,General Acute Care,Non-Profit Corporation (incl. Church-related),General Medical / Surgical,552,204296,19890,77471,0,0,0,0,0,0,0,0,50,18250,664,3692,12843,33,12045,0,0,0,0,0,0,0,0,0,0,0,0,0,0,0,0,0,0,40,14600,442,7333,675,249191,20996,97647,0,0,0,0,0,0,0,0,0,0,0,,0,0,0,0,0,0,0,0,0,675,249191,20996,97647,0,0,0,0,0,0,0,0,0,0,0,0,0,0,0,0,0,0,0,0,0,0,0,0,0,0,0,0,,,,,,Basic,Basic,1017,12,2329,4,13561,117,21898,1724,12020,11446,50825,13303,64128,52,0,259,Yes,47,40,18,1,5,8,3,2,6,2,0,8,140,Respondent,7475,1282941,13668,853437,0,10,19,29,Yes,0,0,0,,,,0,0,CV SURG,2,1,0,355,62,356,62,228,4,0,0,0,0,978,192,1241,440,2219,632,2635,234,288,16,229,56,1812,40,5,0,21,374,129,1409,517,18,88,2,816,8689,Yes,No,500+,Non-Profit Corporation (i,1,0,0,0,1,0,1,0,0,0,0,0,0,0,1,1,0,,64128,,,,1029,2333,13678,23622,23466,,Urban,BAY PARK/FIVE POINTS/HILLCREST NORTHWEST/MISSION HILLS/MISSION VALLEY/MORENA/NORMAL HEIGHTS/OLD TOWN,106370694,106370694
106370695,SHARP MARY BIRCH HOSPITAL FOR WOMEN AND NEWBORNS,3003 HEALTH CENTER DRIVE,SAN DIEGO,92123,858-939-3400,Yes,01/01/2011,12/31/2011,Open,11/01/2009,06/30/1998,,NO,76,39,53,6073008702,161b,,14 - San Diego/Imperial,San Diego,80000039,Consolidated Facility,-117.1549,32.8007,General Acute Care,Non-Profit Corporation (incl. Church-related),General Medical / Surgical,36,13140,867,9080,72,26280,7866,21642,0,0,0,0,0,0,0,0,0,0,0,0,0,0,0,0,0,0,0,0,0,0,0,0,61,22265,1113,1602,20451,0,0,0,0,169,61685,9846,51173,0,0,0,0,0,0,0,0,0,0,0,,0,0,0,0,0,0,0,0,0,169,61685,9846,51173,0,0,0,0,0,0,40,7743,16643,0,0,0,0,0,0,0,0,0,0,0,0,0,0,0,0,0,0,0,,,,,,0,0,0,0,0,0,0,0,0,0,0,0,0,0,0,0,0,0,,0,0,0,0,0,0,0,0,0,0,0,0,0,Respondent,4589,245521,2496,161737,0,0,9,9,,8682,912,196,,,,0,3510,NEITHER,0,0,0,0,0,0,0,0,0,0,0,0,0,0,0,0,0,0,0,0,0,0,0,0,0,0,0,0,0,0,0,0,0,0,0,0,0,0,0,,No,150 - 199,Non-Profit Corporation (i,0,0,0,1,0,0,0,0,0,0,0,0,0,0,0,0,1,,,,,0,0,0,0,0,0,,Urban,BAY PARK/FIVE POINTS/HILLCREST NORTHWEST/MISSION HILLS/MISSION VALLEY/MORENA/NORMAL HEIGHTS/OLD TOWN,106370695,106370695
106370705,FALLBROOK HOSPITAL DISTRICT,624 EAST ELDER STREET,FALLBROOK,92028,760-728-1191,Yes,01/01/2011,12/31/2011,Open,12/19/1960,12/19/1960,,NO,66,36,49,6073018904,160,,14 - San Diego/Imperial,San Diego,80000005,Parent Facility,-117.24509,33.38026,General Acute Care,Investor - Corporation,General Medical / Surgical,35,12775,1998,5509,4,1460,434,924,0,0,0,0,4,1460,113,49,732,4,1460,0,0,0,0,0,0,0,0,0,0,0,0,0,0,0,0,0,0,0,0,0,0,47,17155,2545,7165,0,0,0,0,0,0,0,0,93,33945,418,,25767,0,0,0,0,0,0,0,0,140,51100,2963,32932,0,0,0,0,0,0,8,457,706,0,0,0,0,0,0,0,0,0,0,0,0,0,0,0,0,0,0,0,,Yes,YES,YES,,Basic,Basic,288,1,366,0,4517,23,3915,1383,0,0,9086,1407,10493,7,0,0,,0,0,0,0,0,0,0,0,0,0,0,0,0,Respondent,976,103403,1800,123057,0,0,3,3,,445,6,0,,,,0,0,NEITHER,0,0,0,0,0,0,0,0,0,0,0,0,0,0,0,0,0,0,0,0,0,0,0,0,0,0,0,0,0,0,0,0,0,0,0,0,0,0,0,,No,100 - 149,Investor,1,0,0,0,0,0,0,0,0,0,0,0,0,0,0,0,1,,,,,10493,289,366,4540,5298,0,,Rural,BONSALL/CAMP PENDLETON/FALLBROOK/LIVE OAK PARK/RAINBOW/SAN LUIS REY HEIGHTS/WINTERWARM,106370705,106370705
106370714,GROSSMONT HOSPITAL,5555 GROSSMONT CENTER DRIVE,LA MESA,91942,619-740-4471,Yes,01/01/2011,12/31/2011,Open,08/10/1955,08/10/1955,,NO,77,36,52,6073015000,161f,,14 - San Diego/Imperial,San Diego,80000006,Parent Facility,-117.00924,32.77963,General Acute Care,Non-Profit Corporation (incl. Church-related),General Medical / Surgical,307,112055,22008,74567,24,8760,3642,8489,0,0,0,0,70,25550,670,2983,12372,5,1825,0,0,0,0,0,0,0,0,0,0,0,0,0,24,8760,363,0,3322,30,10950,554,5163,460,167900,27237,103913,0,0,0,0,46,16790,1381,12864,30,10950,146,,1494,0,0,0,0,0,0,0,0,536,195640,28764,118271,0,0,0,0,0,0,24,3164,6443,0,14,21,35,0,26,9,35,25,1,5,0,0,3,0,0,0,1,35,,,,,,Basic,Basic,3755,14,4948,5,21997,90,23940,2217,16162,18036,70802,20362,91164,59,0,0,Yes,138,127,139,91,76,114,82,93,68,60,54,76,1118,Respondent,7734,1048387,5955,505747,1,6,13,20,Yes,3515,174,16,,,,0,1150,CV SURG,2,0,0,169,70,169,70,194,2,0,0,0,0,1202,1054,480,347,1682,1401,1716,0,69,0,0,0,671,44,0,0,0,0,0,0,0,0,0,0,617,3117,,No,500+,Non-Profit Corporation (i,1,0,0,0,0,0,0,0,0,0,0,0,0,0,0,0,1,,,,,91164,3769,4953,22087,26157,34198,,Urban,LA MESA/ROLANDO SOUTH,106370714,106370714
106370721,KINDRED HOSPITAL - SAN DIEGO,1940 EL CAJON BOULEVARD,SAN DIEGO,92104-9988,619-543-4500-4141,Yes,01/01/2011,12/31/2011,Open,01/01/1946,01/01/1946,,NO,76,39,53,6073001000,161b,,14 - San Diego/Imperial,San Diego,90000059,Parent Facility,-117.14449,32.75542,General Acute Care,Investor - Corporation,Other,62,22630,666,15221,0,0,0,0,0,0,0,0,8,2920,13,38,2276,0,0,0,0,0,0,0,0,0,0,0,0,0,0,0,0,0,0,0,0,0,0,0,0,70,25550,679,17497,0,0,0,0,0,0,0,0,0,0,0,,0,0,0,0,0,0,0,0,0,70,25550,679,17497,0,0,0,0,0,0,0,0,0,0,0,0,0,0,0,0,0,0,0,0,0,0,0,0,0,0,0,0,,,,,,0,0,0,0,0,0,0,0,0,0,0,0,0,0,0,0,0,0,,0,0,0,0,0,0,0,0,0,0,0,0,0,Respondent,99,12645,0,0,2,0,0,2,,0,0,0,,,,0,0,NEITHER,0,0,0,0,0,0,0,0,0,0,0,0,0,0,0,0,0,0,0,0,0,0,0,0,0,0,0,0,0,0,0,0,0,0,0,0,0,0,0,,No,50 - 99,Investor,0,0,0,1,0,0,0,0,0,0,0,0,0,0,0,0,1,,,,,0,0,0,0,0,0,,Urban,BAY PARK/FIVE POINTS/HILLCREST NORTHWEST/MISSION HILLS/MISSION VALLEY/MORENA/NORMAL HEIGHTS/OLD TOWN,106370721,106370721
106370730,KAISER FND HOSP - SAN DIEGO,4647 ZION AVENUE,SAN DIEGO,92120,619-528-5088,Yes,01/01/2011,12/31/2011,Open,11/18/1975,11/18/1975,,NO,78,39,52,6073009604,161o,,14 - San Diego/Imperial,San Diego,80000062,Parent Facility,-117.09447,32.79287,General Acute Care,Non-Profit Corporation (incl. Church-related),General Medical / Surgical,265,96725,20864,76084,45,16425,4569,12678,25,9125,1207,3953,24,8760,564,1026,6111,0,0,0,0,0,0,0,0,0,0,0,0,0,0,0,33,12045,367,126,6826,0,0,0,0,392,143080,27571,105652,0,0,0,0,0,0,0,0,0,0,0,0,0,0,0,0,0,0,0,0,0,392,143080,27571,105652,0,0,0,0,0,0,33,3981,8066,0,0,0,0,0,0,0,0,0,0,0,0,0,0,0,0,0,0,0,,Yes,YES,YES,,Basic,Basic,754,38,8133,0,64908,6430,8152,7557,545,1696,82492,15721,98213,78,29215,1129,,0,0,0,0,0,0,0,0,0,0,0,0,0,Respondent,6140,931632,17867,1407829,0,9,12,21,Yes,4375,361,57,,,,0,1542,NEITHER,0,0,0,0,0,0,0,0,0,0,0,0,0,0,0,0,0,0,0,0,0,0,0,0,0,0,0,0,0,0,0,0,0,0,0,0,0,0,0,Yes,No,300 - 499,Non-Profit Corporation (i,1,0,0,0,0,0,0,0,0,0,0,0,0,0,0,0,1,,,,,98213,792,8133,71338,15709,2241,,Urban,ALLIED GARDENS/DEL CERRO/GRANTVILLE/MIRAMAR/TIERRASANTA,106370730,106370730
106370744,SCRIPPS MERCY HOSPITAL,4077 FIFTH AVENUE,SAN DIEGO,92103-2180,619-260-7101,Yes,01/01/2011,12/31/2011,Open,01/01/1946,01/01/1946,Level I,YES,76,39,53,6073000400,161b,,14 - San Diego/Imperial,San Diego,90000074,Parent Facility,-117.1609,32.75128,General Acute Care,Non-Profit Corporation (incl. Church-related),General Medical / Surgical,335,122275,16902,74475,53,19345,2189,5486,26,9750,0,0,22,8030,501,1858,6940,10,3650,0,0,0,0,0,0,0,0,0,0,0,0,0,19,6935,502,109,2492,0,0,0,0,465,169985,20094,89393,0,0,0,0,50,18250,1998,12357,0,0,0,,0,0,0,0,0,0,0,0,0,515,188235,22092,101750,0,0,0,0,0,0,40,1609,3359,0,9,24,33,0,28,5,33,11,5,5,1,1,0,2,0,8,0,33,,,,,,Basic,Basic,501,6,6544,94,29015,2281,7419,5621,785,4894,44264,12896,57160,27,0,747,Yes,3,6,4,1,1,13,8,5,4,14,3,9,71,Respondent,7206,1051665,4456,376340,0,0,16,16,Yes,2060,72,7,,,,0,545,CV SURG,2,0,0,194,68,194,68,170,2,0,0,0,0,282,367,301,29,583,396,967,0,115,64,51,29,360,14,0,4,0,71,66,407,52,1,18,0,30,2249,Yes,No,500+,Non-Profit Corporation (i,1,0,0,0,1,1,0,0,0,0,0,0,0,0,1,1,0,57160,,,,,507,6638,31296,13040,5679,,Urban,BAY PARK/FIVE POINTS/HILLCREST NORTHWEST/MISSION HILLS/MISSION VALLEY/MORENA/NORMAL HEIGHTS/OLD TOWN,106370744,106370744
106370745,SHARP MESA VISTA HOSPITAL,7850 VISTA HILL AVENUE,SAN DIEGO,92123,858-278-4110,Yes,01/01/2011,12/31/2011,Open,09/08/2006,09/01/1962,,NO,76,39,53,6073008702,161b,,14 - San Diego/Imperial,San Diego,550000273,Parent Facility,-117.15521,32.79499,Acute Psychiatric,Non-Profit Corporation (incl. Church-related),Psychiatric,0,0,0,0,0,0,0,0,0,0,0,0,0,0,0,0,0,0,0,0,0,0,0,0,0,0,0,0,0,0,0,0,0,0,0,0,0,0,0,0,0,0,0,0,0,0,0,0,0,149,54385,5545,39453,0,0,0,,0,0,0,0,0,0,0,0,0,149,54385,5545,39453,0,0,0,0,0,0,0,0,0,0,62,16,78,3,66,9,78,19,7,0,0,0,44,0,0,0,8,78,,,,,,0,0,0,0,0,0,0,0,0,0,0,0,0,0,0,0,0,0,,0,0,0,0,0,0,0,0,0,0,0,0,0,Respondent,0,0,0,0,0,0,0,0,,0,0,0,,,,0,0,NEITHER,0,0,0,0,0,0,0,0,0,0,0,0,0,0,0,0,0,0,0,0,0,0,0,0,0,0,0,0,0,0,0,0,0,0,0,0,0,0,0,,No,100 - 149,Non-Profit Corporation (i,0,0,0,1,0,0,0,0,0,0,0,0,0,0,0,0,1,,,,,0,0,0,0,0,0,,Urban,BAY PARK/FIVE POINTS/HILLCREST NORTHWEST/MISSION HILLS/MISSION VALLEY/MORENA/NORMAL HEIGHTS/OLD TOWN,106370745,106370745
106370749,ALVARADO PARKWAY INSTITUTE B.H.S.,7050 PARKWAY DRIVE,LA MESA,91942,619-465-4411,Yes,01/01/2011,12/31/2011,Open,09/30/1959,09/30/1959,,NO,77,36,52,6073014801,161f,,14 - San Diego/Imperial,San Diego,80000079,Parent Facility,-117.04449,32.77446,Acute Psychiatric,Investor - Corporation,Psychiatric,0,0,0,0,0,0,0,0,0,0,0,0,0,0,0,0,0,0,0,0,0,0,0,0,0,0,0,0,0,0,0,0,0,0,0,0,0,0,0,0,0,0,0,0,0,0,0,0,0,66,25146,2157,22424,0,0,0,,0,0,0,0,0,0,0,0,0,66,25146,2157,22424,0,0,0,12,0,0,0,0,0,0,33,13,46,0,40,6,46,31,0,0,0,0,7,8,0,0,0,46,,,,,,0,0,0,0,0,0,0,0,0,0,0,0,0,0,0,0,0,0,,0,0,0,0,0,0,0,0,0,0,0,0,0,Respondent,0,0,0,0,0,0,0,0,,0,0,0,,,,0,0,NEITHER,0,0,0,0,0,0,0,0,0,0,0,0,0,0,0,0,0,0,0,0,0,0,0,0,0,0,0,0,0,0,0,0,0,0,0,0,0,0,0,,No,50 - 99,Investor,0,0,0,1,0,0,0,0,0,0,0,0,0,0,0,0,1,,,,,0,0,0,0,0,0,,Urban,LA MESA/ROLANDO SOUTH,106370749,106370749
106370755,PALOMAR MEDICAL CENTER,555 E. VALLEY PARKWAY,ESCONDIDO,92025,760-739-3000,Yes,01/01/2011,12/31/2011,Open,08/02/1950,08/02/1950,Level II,NO,75,38,50,6073020202,156e,,14 - San Diego/Imperial,San Diego,80000083,Parent Facility,-117.07585,33.12622,General Acute Care,District,General Medical / Surgical,150,54750,13307,46670,49,17885,3674,7845,23,8395,0,0,21,7665,618,5157,10314,14,5110,0,0,0,0,0,0,0,0,0,0,0,0,0,0,0,0,0,0,18,6570,430,5378,275,100375,18029,70207,0,0,0,0,26,9490,1422,6733,96,35040,640,0,30812,0,0,0,0,0,0,0,0,397,144905,20091,107752,0,0,0,0,0,0,4,3505,5785,0,16,0,16,0,15,1,16,4,0,1,0,0,0,5,0,4,2,16,,,,,,Basic,Basic,1442,541,2025,2,15556,57,15280,931,9765,7320,44068,8851,52919,24,60715,1560,Yes,126,177,104,131,76,94,93,117,114,101,104,91,1328,Respondent,5334,685155,5055,402600,0,4,10,14,Yes,3553,134,16,,,,0,1102,CV SURG,2,0,0,97,0,97,0,65,2,0,0,0,0,813,504,431,252,1244,756,756,0,186,0,76,0,314,39,6,10,0,0,0,20,26,4,65,0,138,1640,,No,300 - 499,District,1,0,0,0,1,0,1,0,0,0,0,0,0,0,1,1,0,,52919,,,,1983,2027,15613,16211,17085,,Urban,ESCONDIDO CENTRAL AND SOUTH/SAN MARCOS CENTRAL AND EAST,106370755,106370755
106370759,PARADISE VALLEY HOSPITAL,2400 EAST FOURTH STREET,NATIONAL CITY,92050,619-470-4321,Yes,01/01/2011,12/31/2011,Open,03/29/1966,03/29/1966,,NO,79,40,51,6073011902,161g,,14 - San Diego/Imperial,San Diego,90000086,Parent Facility,-117.08301,32.6863,General Acute Care,Investor - Limited Liability Company,General Medical / Surgical,118,43070,4691,17309,23,8395,1172,2480,10,3650,0,0,10,3650,209,624,2627,5,1825,0,0,0,0,0,0,0,0,0,0,0,0,0,10,3650,0,0,0,22,8030,197,2722,198,72270,6269,25138,18,6570,0,0,85,31025,4084,27124,0,0,0,0,0,0,0,0,0,0,0,0,0,301,109865,10353,52262,0,0,0,0,0,0,35,1132,1939,0,11,51,62,0,58,4,62,31,0,20,0,2,1,0,0,5,3,62,,,,,,Basic,Basic,1002,108,2216,17,13843,110,7401,108,890,6246,25352,6589,31941,20,0,377,,0,0,0,0,0,0,0,0,0,0,0,0,0,Respondent,527,51856,896,27289,0,0,4,4,,1127,42,8,,,,0,350,CATH LAB,0,0,0,0,0,0,0,0,1,0,0,0,0,299,6,201,0,500,6,286,0,61,19,30,13,6,0,0,0,0,4,0,7,1,0,0,0,89,516,,No,300 - 499,Investor,1,0,0,0,0,0,0,0,0,0,0,0,0,0,0,0,1,,,,,31941,1110,2233,13953,7509,7136,,Urban,ENCANTO/LEMON GROVE NORTHWEST/LINCOLN ACRES/NATIONAL CITY EAST/PARADISE HILLS SOUTHWEST,106370759,106370759
106370771,SCRIPPS MEMORIAL HOSPITAL - LA JOLLA,9888 GENESEE AVENUE,LA JOLLA,92037,858-626-4123,Yes,01/01/2011,12/31/2011,Open,05/03/1964,05/03/1964,Level II,NO,75,39,53,6073008305,161r,,14 - San Diego/Imperial,San Diego,80000050,Parent Facility,-117.22279,32.88506,General Acute Care,Non-Profit Corporation (incl. Church-related),General Medical / Surgical,232,84680,11615,46108,45,16425,4100,11330,0,0,0,0,29,10585,487,1074,9060,12,4380,125,894,3681,0,0,0,0,0,0,0,0,0,0,0,0,0,0,0,0,0,0,0,318,116070,16327,70179,14,5110,596,2453,0,0,0,0,0,0,0,,0,0,0,0,0,0,0,0,0,332,121180,16923,72632,0,0,0,0,0,0,0,3970,9358,0,0,0,0,0,0,0,0,0,0,0,0,0,0,0,0,0,0,0,,,,,,Basic,Basic,215,5,5798,51,14305,2267,3692,3128,389,1719,24399,7170,31569,23,0,137,Yes,28,45,55,50,10,19,18,14,14,8,12,13,286,Respondent,5303,996780,6517,599700,0,4,15,19,Yes,3926,192,9,,,,0,1509,CV SURG,3,0,0,525,61,525,61,333,4,0,0,0,0,319,1255,1021,84,1340,1339,2650,0,233,121,156,113,1191,21,0,8,12,393,358,362,66,2,45,8,254,5993,,No,300 - 499,Non-Profit Corporation (i,1,0,0,0,1,0,1,0,0,0,0,0,0,0,1,1,0,,31569,,,,220,5849,16572,6820,2108,,Urban,CROWN POINT/DEL MAR/LA JOLLA/PACIFIC BEACH,106370771,106370771
106370780,TRI-CITY MEDICAL CENTER,4002 VISTA WAY,OCEANSIDE,92056,760-940-3352,Yes,01/01/2011,12/31/2011,Open,07/11/1961,07/11/1961,,NO,73,38,49,6073018518,156d,,14 - San Diego/Imperial,San Diego,80000099,Parent Facility,-117.29027,33.18394,General Acute Care,District,General Medical / Surgical,266,97090,11298,42773,38,13870,3060,7722,6,2190,94,208,14,5110,162,933,2729,14,5110,163,933,2730,0,0,0,0,0,0,0,0,0,0,20,7300,372,42,4843,10,3650,199,2211,368,134320,15348,63216,0,0,0,0,29,10585,1122,6132,0,0,0,,0,0,0,0,0,0,0,0,0,397,144905,16470,69348,0,0,0,0,0,0,48,2563,5326,0,4,6,10,0,10,0,10,3,0,2,2,1,1,0,0,0,1,10,,,,,,Basic,Basic,7834,13,10947,9,14466,76,15836,1411,10858,8952,59941,10461,70402,47,0,2743,Yes,34,46,30,3,19,21,13,13,22,11,15,11,238,Respondent,3767,530880,2705,252840,0,0,12,12,Yes,2907,164,0,Yes,,YES,1969,938,CV SURG,2,0,0,107,4,107,4,85,2,0,0,0,0,338,413,288,165,626,578,867,0,137,70,73,22,263,13,0,0,0,4,3,0,0,0,0,0,80,1532,Yes,No,300 - 499,District,1,0,0,0,0,0,0,0,0,0,0,0,0,0,0,0,1,,,,,70402,7847,10956,14542,17247,19810,,Urban,OCEANSIDE EAST/SAN MARCOS WEST/VISTA,106370780,106370780
106370782,UNIVERSITY OF CALIF-SAN DIEGO MEDICAL CENTER,200 WEST ARBOR DRIVE,SAN DIEGO,92103,619-543-6222,Yes,01/01/2011,12/31/2011,Open,07/01/1953,07/01/1953,Level I,YES,76,39,53,6073000400,161b,,14 - San Diego/Imperial,San Diego,90000101,Parent Facility,-117.16498,32.75387,General Acute Care,University of California,General Medical / Surgical,211,77015,10692,49822,40,14600,2494,7489,0,0,0,0,32,11680,1726,1913,10221,13,4745,443,705,4108,7,2555,130,75,1439,8,2920,215,245,2250,49,17885,445,208,11151,0,0,0,0,360,131400,16145,86480,0,0,0,0,67,24455,1612,12798,0,0,0,0,0,0,0,0,0,0,0,0,0,427,155855,17757,99278,0,0,0,0,0,29,3,1930,4679,0,19,10,29,7,12,10,29,13,0,0,15,1,0,0,0,0,0,29,,,,,,Comprehensive,Comprehensive,161,3,1479,13,5500,41,9687,688,5314,6290,22141,7035,29176,24,9778,2142,Yes,146,121,165,140,129,111,222,121,65,56,34,27,1337,Respondent,4416,781568,3594,340060,0,4,11,15,Yes,2508,289,86,Yes,,YES,296,879,CV SURG,0,0,4,25,65,25,69,10,2,0,1,0,6,305,336,540,292,845,635,713,49,31,13,22,14,240,23,2,0,0,198,189,160,51,6,23,1,228,1963,,No,300 - 499,University of California,0,1,0,0,1,1,0,0,0,0,0,0,0,0,1,1,0,29176,,,,,164,1492,5541,10375,11604,,Urban,BAY PARK/FIVE POINTS/HILLCREST NORTHWEST/MISSION HILLS/MISSION VALLEY/MORENA/NORMAL HEIGHTS/OLD TOWN,106370782,106370782
106370787,PROMISE HOSPITAL OF SAN DIEGO,5550 UNIVERSITY AVENUE,SAN DIEGO,92105,619-582-3800-8006,Yes,01/01/2011,12/31/2011,Open,03/01/1965,03/01/1965,,NO,78,39,53,6073002702,161f,,14 - San Diego/Imperial,San Diego,90000105,Parent Facility,-117.07612,32.74786,General Acute Care,Investor - Corporation,General Medical / Surgical,52,18980,516,14199,0,0,0,0,0,0,0,0,5,1825,61,0,1696,0,0,0,0,0,0,0,0,0,0,0,0,0,0,0,0,0,0,0,0,0,0,0,0,57,20805,577,15895,0,0,0,0,43,15695,1366,14230,0,0,0,,0,0,0,0,0,0,0,0,0,100,36500,1943,30125,0,0,0,0,0,0,0,0,0,0,11,23,34,0,34,0,34,0,0,31,3,0,0,0,0,0,0,34,Yes,,,,,0,0,0,0,0,0,0,0,0,0,0,0,0,0,0,0,0,0,,0,0,0,0,0,0,0,0,0,0,0,0,0,Respondent,555,29755,990,21475,0,0,2,2,Yes,0,0,0,,,,0,0,NEITHER,0,0,0,0,0,0,0,0,0,0,0,0,0,0,0,0,0,0,0,0,0,0,0,0,0,0,0,0,0,0,0,0,0,0,0,0,0,0,0,,No,100 - 149,Investor,0,0,0,1,0,0,0,0,0,0,0,0,0,0,0,0,1,,,,,0,0,0,0,0,0,,Urban,LA MESA/ROLANDO SOUTH,106370787,106370787
106370875,SHARP CHULA VISTA MEDICAL CENTER,751 MEDICAL CENTER COURT,CHULA VISTA,91911,619-502-5800,Yes,01/01/2011,12/31/2011,Open,05/27/1975,05/27/1975,,NO,78,40,51,6073013310,161s,,14 - San Diego/Imperial,San Diego,90000008,Parent Facility,-117.02488,32.61909,General Acute Care,Non-Profit Corporation (incl. Church-related),General Medical / Surgical,169,61685,10850,47708,19,6935,2827,6582,0,0,0,0,41,14965,526,1865,9538,5,1825,36,370,1211,0,0,0,0,0,0,0,0,0,0,9,3285,357,110,1625,0,0,0,0,243,88695,14596,66664,0,0,0,0,0,0,0,0,100,36500,617,0,33428,0,0,0,0,0,0,0,0,343,125195,15213,100092,0,0,0,0,0,0,21,2554,4598,0,0,0,0,0,0,0,0,0,0,0,0,0,0,0,0,0,0,0,,Yes,YES,YES,,Basic,Basic,359,1,2838,1,14524,21,18077,688,6141,7889,41939,8600,50539,20,0,0,Yes,130,150,181,222,247,203,119,142,62,100,68,138,1762,Respondent,2845,448080,3146,245490,1,3,4,8,Yes,2839,232,7,Yes,YES,,1785,1054,CV SURG,1,0,0,193,47,193,47,146,2,0,0,0,0,882,568,276,72,1158,640,1158,0,160,5,130,39,422,61,0,0,0,141,61,759,935,7,45,1,289,4213,Yes,No,300 - 499,Non-Profit Corporation (i,1,0,0,0,0,0,0,0,0,0,0,0,0,0,0,0,1,,,,,50539,360,2839,14545,18765,14030,,Urban,COCKATOO GROVE/EASTLAKE GREENS/OTAY MESA,106370875,106370875
106370977,POMERADO HOSPITAL,15615 POMERADO ROAD,POWAY,92064,858-613-4000,Yes,01/01/2011,12/31/2011,Open,06/22/1977,06/22/1977,,NO,75,36,52,6073017007,161q,,14 - San Diego/Imperial,San Diego,80000127,Parent Facility,-117.05784,32.99563,General Acute Care,District,General Medical / Surgical,68,24820,4701,15354,11,4015,1283,2749,0,0,0,0,12,4380,232,1319,2637,0,0,0,0,0,0,0,0,0,0,0,0,0,0,0,4,1460,52,0,290,0,0,0,0,95,34675,6268,21030,0,0,0,0,12,4380,231,4167,129,47085,592,0,43942,0,0,0,0,0,0,0,0,236,86140,7091,69139,0,0,0,0,0,0,0,1078,2165,0,11,0,11,0,2,9,11,4,6,0,0,0,0,1,0,0,0,11,,,,,,Basic,Basic,240,90,1369,3,8027,33,8308,237,4032,3309,21976,3672,25648,20,27482,427,Yes,76,131,32,45,25,72,37,11,9,20,7,82,547,Respondent,2005,232275,4240,347423,0,0,4,4,Yes,1164,38,2,,,,0,377,NEITHER,0,0,0,0,0,0,0,0,1,0,0,0,0,10,0,0,0,10,0,10,0,35,0,10,0,0,0,0,0,0,0,0,50,156,18,0,0,0,279,,No,200 - 299,District,1,0,0,0,0,0,0,0,0,0,0,0,0,0,0,0,1,,,,,25648,330,1372,8060,8545,7341,,Urban,POWAY CENTRAL/POWAY GROVE/RANCHO BERNARDO SOUTHWEST/SABRE SPRINGS,106370977,106370977
106371256,SCRIPPS GREEN HOSPITAL,10666 NORTH TORREY PINES ROAD,LA JOLLA,92037,858-554-3167,Yes,01/01/2011,12/31/2011,Open,02/06/1977,02/06/1977,,NO,75,39,53,6073008312,161r,,14 - San Diego/Imperial,San Diego,80000139,Parent Facility,-117.2419,32.89654,General Acute Care,Non-Profit Corporation (incl. Church-related),General Medical / Surgical,149,54385,10827,34136,0,0,0,0,0,0,0,0,12,4380,254,1373,3126,12,4380,255,1373,3127,0,0,0,0,0,0,0,0,0,0,0,0,0,0,0,0,0,0,0,173,63145,11336,40389,0,0,0,0,0,0,0,0,0,0,0,,0,0,0,0,0,0,0,0,0,173,63145,11336,40389,0,0,0,0,0,0,0,0,0,0,0,0,0,0,0,0,0,0,0,0,0,0,0,0,0,0,0,0,,,,,,0,0,0,0,0,0,0,0,0,0,0,0,0,0,0,0,0,0,,0,0,0,0,0,0,0,0,0,0,0,0,0,Respondent,5590,984501,4276,415652,0,0,12,12,,0,0,0,,,,0,0,CV SURG,4,0,0,178,46,178,46,79,5,1,0,0,0,327,1393,800,206,1128,1599,2719,6,186,116,95,54,1289,162,0,5,89,397,363,1816,382,11,29,10,903,8632,Yes,No,150 - 199,Non-Profit Corporation (i,0,0,0,1,0,0,0,0,0,0,0,0,0,0,0,0,1,,,,,0,0,0,0,0,0,,Urban,CROWN POINT/DEL MAR/LA JOLLA/PACIFIC BEACH,106371256,106371256
106371394,SCRIPPS MEMORIAL HOSPITAL - ENCINITAS,354 SANTA FE DRIVE,ENCINITAS,92024,760-633-6501,Yes,01/01/2011,12/31/2011,Open,06/16/1964,06/16/1964,,NO,74,38,50,6073017501,156a,,14 - San Diego/Imperial,San Diego,80000148,Parent Facility,-117.28495,33.0363,General Acute Care,Non-Profit Corporation (incl. Church-related),General Medical / Surgical,91,33215,6811,27055,25,9125,1557,3583,0,0,0,0,12,4380,404,502,3793,0,0,0,0,0,0,0,0,0,0,0,0,0,0,0,0,0,0,0,0,30,10950,703,7868,158,57670,9475,42299,0,0,0,0,0,0,0,0,0,0,0,,0,0,0,0,0,0,0,0,0,158,57670,9475,42299,0,0,0,0,0,0,3,1534,2807,0,0,0,0,0,0,0,0,0,0,0,0,0,0,0,0,0,0,0,,,,,,Basic,Basic,646,0,5207,13,21067,344,6743,3532,581,1590,34244,5479,39723,23,0,225,Yes,19,45,38,33,23,35,23,25,33,5,5,6,290,Respondent,2608,369603,1989,176468,0,0,4,4,,1525,65,1,,,,0,502,CATH LAB,0,0,0,0,0,0,0,0,1,0,0,0,0,138,215,97,2,235,217,450,0,107,38,36,10,186,10,0,11,1,12,8,88,37,0,22,0,29,1045,,No,150 - 199,Non-Profit Corporation (i,1,0,0,0,0,0,0,0,0,0,0,0,0,0,0,0,1,,,,,39723,646,5220,21411,10275,2171,,Urban,ENCINITAS CENTRAL/LEUCADIA/OCEANSIDE NORTH AND WEST/SAN LUIS REY/SOUTH OCEANSIDE,106371394,106371394
106374024,AURORA SAN DIEGO,11878 AVENUE OF INDUSTRY,SAN DIEGO,92128,858-487-3200,Yes,01/01/2011,12/31/2011,Open,05/19/1988,05/19/1988,,NO,75,36,52,6073017038,161q,,14 - San Diego/Imperial,San Diego,80000310,Parent Facility,-117.07551,32.99067,Acute Psychiatric,Investor - Limited Liability Company,Psychiatric,0,0,0,0,0,0,0,0,0,0,0,0,0,0,0,0,0,0,0,0,0,0,0,0,0,0,0,0,0,0,0,0,0,0,0,0,0,0,0,0,0,0,0,0,0,0,0,0,0,80,29200,2866,25685,0,0,0,,0,0,0,0,0,0,0,0,0,80,29200,2866,25685,0,0,0,10,612,4835,0,0,0,0,21,37,58,8,50,0,58,4,0,2,0,0,0,51,0,0,1,58,,,,,,0,0,0,0,0,0,0,0,0,0,0,0,0,0,0,0,0,0,,0,0,0,0,0,0,0,0,0,0,0,0,0,Respondent,0,0,0,0,0,0,0,0,,0,0,0,,,,0,0,NEITHER,0,0,0,0,0,0,0,0,0,0,0,0,0,0,0,0,0,0,0,0,0,0,0,0,0,0,0,0,0,0,0,0,0,0,0,0,0,0,0,,No,50 - 99,Investor,0,0,0,1,0,0,0,0,0,0,0,0,0,0,0,0,1,,,,,0,0,0,0,0,0,,Urban,POWAY CENTRAL/POWAY GROVE/RANCHO BERNARDO SOUTHWEST/SABRE SPRINGS,106374024,106374024
106374049,SHARP MCDONALD CENTER,7989 LINDA VISTA ROAD,SAN DIEGO,92111,858-637-6920,Yes,01/01/2011,12/31/2011,Open,07/20/1989,07/20/1989,,NO,76,39,53,6073008701,161b,,14 - San Diego/Imperial,San Diego,80000319,Parent Facility,-117.15436,32.80702,Chemical Dependency Recovery Hospital,Non-Profit Corporation (incl. Church-related),Chemical Dependency (Alcohol/Drug),0,0,0,0,0,0,0,0,0,0,0,0,0,0,0,0,0,0,0,0,0,0,0,0,0,0,0,0,0,0,0,0,0,0,0,0,0,0,0,0,0,0,0,0,0,16,5840,247,3300,0,0,0,0,0,0,0,,0,0,0,0,0,0,0,0,0,16,5840,247,3300,0,0,0,0,0,0,0,0,0,0,0,0,0,0,0,0,0,0,0,0,0,0,0,0,0,0,0,0,,,,,,0,0,0,0,0,0,0,0,0,0,0,0,0,0,0,0,0,0,,0,0,0,0,0,0,0,0,0,0,0,0,0,Respondent,0,0,0,0,0,0,0,0,,0,0,0,,,,0,0,NEITHER,0,0,0,0,0,0,0,0,0,0,0,0,0,0,0,0,0,0,0,0,0,0,0,0,0,0,0,0,0,0,0,0,0,0,0,0,0,0,0,,No,1 - 49,Non-Profit Corporation (i,0,0,0,1,0,0,0,0,0,0,0,0,0,0,0,0,1,,,,,0,0,0,0,0,0,,Urban,BAY PARK/FIVE POINTS/HILLCREST NORTHWEST/MISSION HILLS/MISSION VALLEY/MORENA/NORMAL HEIGHTS/OLD TOWN,106374049,106374049
106374055,SAN DIEGO COUNTY PSYCHIATRIC HOSPITAL,3851 ROSECRANS STREET,SAN DIEGO,92110,619-692-8204,Yes,01/01/2011,12/31/2011,Open,07/25/1989,07/25/1989,,NO,76,39,53,6073006500,161b,,14 - San Diego/Imperial,San Diego,90000092,Parent Facility,-117.2024,32.75385,Acute Psychiatric,City and/or County,Psychiatric,0,0,0,0,0,0,0,0,0,0,0,0,0,0,0,0,0,0,0,0,0,0,0,0,0,0,0,0,0,0,0,0,0,0,0,0,0,0,0,0,0,0,0,0,0,0,0,0,0,109,39785,2261,16866,192,70080,44,0,68271,0,0,0,0,0,0,0,0,301,109865,2305,85137,0,0,0,0,0,0,0,0,0,0,39,0,39,0,39,0,39,0,0,8,0,31,0,0,0,0,0,39,Yes,,,,,0,0,0,0,0,0,0,0,0,0,0,0,0,0,0,0,0,0,,0,0,0,0,0,0,0,0,0,0,0,0,0,Respondent,0,0,0,0,0,0,0,0,,0,0,0,,,,0,0,NEITHER,0,0,0,0,0,0,0,0,0,0,0,0,0,0,0,0,0,0,0,0,0,0,0,0,0,0,0,0,0,0,0,0,0,0,0,0,0,0,0,,No,300 - 499,City and/or County,0,0,0,1,0,0,0,0,0,0,0,0,0,0,0,0,1,,,,,0,0,0,0,0,0,,Urban,BAY PARK/FIVE POINTS/HILLCREST NORTHWEST/MISSION HILLS/MISSION VALLEY/MORENA/NORMAL HEIGHTS/OLD TOWN,106374055,106374055
106374063,ALVARADO HOSPITAL MEDICAL CENTER,6645 ALVARADO ROAD,SAN DIEGO,92120,619-287-3270,Yes,01/01/2011,12/31/2011,Open,06/07/1990,06/07/1990,,NO,78,39,53,6073002904,161e,,14 - San Diego/Imperial,San Diego,90000013,Consolidated Facility,-117.05696,32.7771,General Acute Care,Investor - Corporation,Physical Rehabilitation,30,10950,852,2230,0,0,0,0,0,0,0,0,0,0,0,0,0,0,0,0,0,0,0,0,0,0,0,0,0,0,0,0,0,0,0,0,0,50,18250,220,3275,80,29200,1072,5505,0,0,0,0,0,0,0,0,0,0,0,0,0,0,0,0,0,0,0,0,0,80,29200,1072,5505,0,0,0,0,0,0,0,0,0,0,0,0,0,0,0,0,0,0,0,0,0,0,0,0,0,0,0,0,,,,,,0,0,0,0,0,0,0,0,0,0,0,0,0,0,0,0,0,0,,0,0,0,0,0,0,0,0,0,0,0,0,0,Respondent,0,0,0,0,0,0,0,0,,0,0,0,,,,0,0,NEITHER,0,0,0,0,0,0,0,0,0,0,0,0,0,0,0,0,0,0,0,0,0,0,0,0,0,0,0,0,0,0,0,0,0,0,0,0,0,0,0,,No,50 - 99,Investor,0,0,0,1,0,0,0,0,0,0,0,0,0,0,0,0,1,,,,,0,0,0,0,0,0,,Urban,COLLEGE HEIGHTS/HILLCREST SOUTHEAST/KENSINGTON/ROLANDO NORTH/UNIVERSITY HEIGHTS,106374063,106374063
106374084,SAN DIEGO HOSPICE AND PALLIATIVE CARE-ACUTE CARE CTR,4311 THIRD AVENUE,SAN DIEGO,92103,619-688-1600,Yes,01/01/2011,12/31/2011,Open,08/07/1991,08/07/1991,,NO,76,39,53,6073000400,161b,,14 - San Diego/Imperial,San Diego,80000392,Parent Facility,-117.16199,32.75655,Special Hospital,Non-Profit Corporation (incl. Church-related),Other,0,0,933,8339,0,0,0,0,0,0,0,0,0,0,0,0,0,0,0,0,0,0,0,0,0,0,0,0,0,0,0,0,0,0,0,0,0,0,0,0,0,0,0,933,8339,0,0,0,0,0,0,0,0,0,0,0,,0,0,0,0,0,0,0,0,0,0,0,933,8339,0,0,0,0,0,0,0,0,0,0,0,0,0,0,0,0,0,0,0,0,0,0,0,0,0,0,0,0,,Yes,YES,,,0,0,0,0,0,0,0,0,0,0,0,0,0,0,0,0,0,0,,0,0,0,0,0,0,0,0,0,0,0,0,0,Respondent,0,0,0,0,0,0,0,0,,0,0,0,,,,0,0,NEITHER,0,0,0,0,0,0,0,0,0,0,0,0,0,0,0,0,0,0,0,0,0,0,0,0,0,0,0,0,0,0,0,0,0,0,0,0,0,0,0,,No,,Non-Profit Corporation (i,0,0,0,1,0,0,0,0,0,0,0,0,0,0,0,0,1,,,,,0,0,0,0,0,0,,Urban,BAY PARK/FIVE POINTS/HILLCREST NORTHWEST/MISSION HILLS/MISSION VALLEY/MORENA/NORMAL HEIGHTS/OLD TOWN,106374084,106374084
106374094,VIBRA HOSPITAL OF SAN DIEGO,555 WASHINGTON STREET,SAN DIEGO,92103,619-686-4620,Yes,01/01/2011,12/31/2011,Open,04/14/1992,04/14/1992,,NO,76,39,53,6073000400,161b,,14 - San Diego/Imperial,San Diego,90000404,Parent Facility,-117.16001,32.74986,General Acute Care,Investor - Limited Liability Company,General Medical / Surgical,110,40150,889,27455,0,0,0,0,0,0,0,0,0,0,0,0,0,0,0,0,0,0,0,0,0,0,0,0,0,0,0,0,0,0,0,0,0,0,0,0,0,110,40150,889,27455,0,0,0,0,0,0,0,0,0,0,0,,0,0,0,0,0,0,0,0,0,110,40150,889,27455,0,0,0,0,0,0,0,0,0,0,0,0,0,0,0,0,0,0,0,0,0,0,0,0,0,0,0,0,,,,,,0,0,0,0,0,0,0,0,0,0,0,0,0,0,0,0,0,0,,0,0,0,0,0,0,0,0,0,0,0,0,0,Respondent,0,0,0,0,0,0,0,0,,0,0,0,,,,0,0,NEITHER,0,0,0,0,0,0,0,0,0,0,0,0,0,0,0,0,0,0,0,0,0,0,0,0,0,0,0,0,0,0,0,0,0,0,0,0,0,0,0,,No,100 - 149,Investor,0,0,0,1,0,0,0,0,0,0,0,0,0,0,0,0,1,,,,,0,0,0,0,0,0,,Urban,BAY PARK/FIVE POINTS/HILLCREST NORTHWEST/MISSION HILLS/MISSION VALLEY/MORENA/NORMAL HEIGHTS/OLD TOWN,106374094,106374094
106374141,"UCSD-LA JOLLA, JOHN M AND SALLY B. THORNTON HOSPITAL",9300 CAMPUS POINT DRIVE,LA JOLLA,92037,619-543-6222,Yes,01/01/2011,12/31/2011,Open,07/20/1993,07/20/1993,,NO,75,39,53,6073008305,161r,,14 - San Diego/Imperial,San Diego,90000101,Consolidated Facility,-117.22331,32.87799,General Acute Care,University of California,General Medical / Surgical,149,45607,7824,39425,0,0,0,0,0,0,0,0,12,4380,412,879,4068,12,1872,147,344,1391,0,0,0,0,0,0,0,0,0,0,0,0,0,0,0,0,0,0,0,173,51859,8383,44884,0,0,0,0,0,0,0,0,0,0,0,0,0,0,0,0,0,0,0,0,0,173,51859,8383,44884,0,0,0,0,0,0,0,0,0,0,0,0,0,0,0,0,0,0,0,0,0,0,0,0,0,0,0,0,,,,,,Basic,Basic,59,3,1347,5,3939,30,4982,466,2523,3549,12850,4053,16903,25,7507,357,Yes,28,62,58,36,26,29,75,32,5,5,5,1,362,Respondent,3398,840225,1545,176849,0,0,11,11,Yes,0,0,0,,,,0,0,CV SURG,4,2,6,237,298,239,304,131,6,1,5,2,1,382,470,929,356,1314,832,979,64,91,36,74,47,316,20,10,0,1,148,137,121,40,9,12,0,585,2690,,No,150 - 199,University of California,1,0,0,0,0,0,0,0,0,0,0,0,0,0,0,0,1,,,,,16903,62,1352,3969,5448,6072,,Urban,CROWN POINT/DEL MAR/LA JOLLA/PACIFIC BEACH,106374141,106374141
106380777,CALIFORNIA PACIFIC MED CTR-CALIFORNIA WEST,3700 CALIFORNIA STREET,SAN FRANCISCO,94118,415-600-6000-66000,Yes,01/01/2011,12/31/2011,Open,01/01/1946,01/01/1946,,NO,12,8,8,6075013300,162b,,04 - West Bay,San Francisco,220000197,Consolidated Facility,-122.45511,37.78631,General Acute Care,Non-Profit Corporation (incl. Church-related),General Medical / Surgical,149,54385,916,2455,77,28105,5684,18442,29,10585,738,2406,8,2920,208,265,1318,0,0,0,0,0,0,0,0,0,0,0,0,0,0,0,36,13140,453,1689,9049,0,0,0,0,299,109135,7999,33670,0,0,0,0,0,0,0,0,0,0,0,,0,0,0,0,0,0,0,0,0,299,109135,7999,33670,0,0,0,0,0,0,0,5123,12757,0,0,0,0,0,0,0,0,0,0,0,0,0,0,0,0,0,0,0,,,,,,Basic,Basic,90,0,2045,0,6235,12,1961,151,353,344,10684,507,11191,6,0,28,,0,0,0,0,0,0,0,0,0,0,0,0,0,Respondent,3076,304946,5436,462980,0,0,10,10,Yes,5495,441,100,,,,0,0,CV SURG,1,0,0,0,0,0,0,0,0,0,0,0,0,0,0,0,0,0,0,0,0,0,0,0,0,0,0,0,0,0,0,0,0,0,0,0,0,0,0,Yes,No,200 - 299,Non-Profit Corporation (i,1,0,0,0,0,0,0,0,0,0,0,0,0,0,0,0,1,,,,,11191,90,2045,6247,2112,697,,Urban,COW HOLLOW/FINANCIAL DISTRICT/MARINA/NOB HILL/PACIFIC HEIGHTS/RUSSIAN HILL/SEACLIFF,106380777,106380777
106380826,CALIFORNIA PACIFIC MED CTR-CALIFORNIA EAST,3698 SACRAMENTO STREET,SAN FRANCISCO,94118,415-600-6000-66000,Yes,01/01/2011,12/31/2011,Open,01/01/1946,01/01/1946,,NO,12,8,8,6075013300,162b,,04 - West Bay,San Francisco,220000197,Consolidated Facility,-122.4535818,37.7873643,General Acute Care,Non-Profit Corporation (incl. Church-related),General Medical / Surgical,0,0,0,0,0,0,0,0,0,0,0,0,0,0,0,0,0,0,0,0,0,0,0,0,0,0,0,0,0,0,0,0,0,0,0,0,0,0,0,0,0,0,0,0,0,0,0,0,0,0,0,0,0,101,36865,946,294,14126,0,0,0,0,0,0,0,0,101,36865,946,14126,0,0,0,0,0,0,0,0,0,0,0,0,0,0,0,0,0,0,0,0,0,0,0,0,0,0,0,0,,,,,,0,0,0,0,0,0,0,0,0,0,0,0,0,0,0,0,0,0,,0,0,0,0,0,0,0,0,0,0,0,0,0,Respondent,0,0,2014,112098,0,0,5,5,Yes,0,0,0,,,,0,0,NEITHER,0,0,0,0,0,0,0,0,0,0,0,0,0,0,0,0,0,0,0,0,0,0,0,0,0,0,0,0,0,0,0,0,0,0,0,0,0,0,0,,No,100 - 149,Non-Profit Corporation (i,0,0,0,1,0,0,0,0,0,0,0,0,0,0,0,0,1,,,,,0,0,0,0,0,0,,Urban,COW HOLLOW/FINANCIAL DISTRICT/MARINA/NOB HILL/PACIFIC HEIGHTS/RUSSIAN HILL/SEACLIFF,106380826,106380826
106380842,JEWISH HOME,302 SILVER AVENUE,SAN FRANCISCO,94112-1596,415-334-2500,Yes,01/01/2011,12/31/2011,Open,05/01/1987,05/01/1987,,NO,12,8,8,6075025500,162c,,04 - West Bay,San Francisco,220000224,Parent Facility,-122.43168,37.72884,Acute Psychiatric,Non-Profit Corporation (incl. Church-related),Psychiatric,0,0,0,0,0,0,0,0,0,0,0,0,0,0,0,0,0,0,0,0,0,0,0,0,0,0,0,0,0,0,0,0,0,0,0,0,0,0,0,0,0,0,0,0,0,0,0,0,0,13,4745,151,2726,478,174470,737,0,142905,0,0,0,0,0,0,0,0,491,179215,888,145631,0,0,0,0,0,0,0,0,0,0,7,0,7,0,0,7,7,5,0,0,0,0,0,0,0,0,2,7,,,,,,0,0,0,0,0,0,0,0,0,0,0,0,0,0,0,0,0,0,,0,0,0,0,0,0,0,0,0,0,0,0,0,Respondent,0,0,0,0,0,0,0,0,,0,0,0,,,,0,0,NEITHER,0,0,0,0,0,0,0,0,0,0,0,0,0,0,0,0,0,0,0,0,0,0,0,0,0,0,0,0,0,0,0,0,0,0,0,0,0,0,0,,No,300 - 499,Non-Profit Corporation (i,0,0,0,1,0,0,0,0,0,0,0,0,0,0,0,0,1,,,,,0,0,0,0,0,0,,Urban,BERNAL HEIGHTS/MISSION DISTRICT/POTRERO HILL,106380842,106380842
106380857,KAISER FND HOSP - SAN FRANCISCO,2425 GEARY BOULEVARD,SAN FRANCISCO,94115,415-833-2000,Yes,01/01/2011,12/31/2011,Open,02/16/1954,02/16/1954,,YES,12,8,8,6075015700,162h,,04 - West Bay,San Francisco,220000188,Parent Facility,-122.44289,37.78274,General Acute Care,Non-Profit Corporation (incl. Church-related),General Medical / Surgical,161,58765,10853,42565,22,8030,1779,4923,10,3650,605,1374,32,11680,357,2619,6997,0,0,0,0,0,0,0,0,0,0,0,0,0,0,0,22,8030,270,111,4974,0,0,0,0,247,90155,13864,60833,0,0,0,0,0,0,0,0,0,0,0,0,0,0,0,0,0,0,0,0,0,247,90155,13864,60833,0,0,0,0,0,0,0,2483,5000,0,0,0,0,0,0,0,0,0,0,0,0,0,0,0,0,0,0,0,,,,,,Basic,Basic,8598,58,6793,41,7171,737,3974,2627,488,1537,27024,5000,32024,24,0,1617,,0,0,0,0,0,0,0,0,0,0,0,0,0,Respondent,3352,719787,6459,550811,0,0,12,12,Yes,2752,281,47,,,,1917,835,CV SURG,3,4,0,656,296,660,296,442,3,1,3,0,0,653,1352,525,786,1179,2141,1179,0,5,23,0,0,1342,538,0,0,11,13,0,116,54,0,39,0,0,3320,,No,200 - 299,Non-Profit Corporation (i,1,0,0,0,0,0,0,0,0,0,0,0,0,0,0,0,1,,,,,32024,8656,6834,7908,6601,2025,,Urban,LAUREL HEIGHTS/OCEAN BEACH NORTH/RICHMOND/SUTRO HEIGHTS,106380857,106380857
106380865,LAGUNA HONDA HOSPITAL AND REHABILITATION CENTER,375 LAGUNA HONDA BOULEVARD,SAN FRANCISCO,94116,415-759-2300,Yes,01/01/2011,12/31/2011,Open,07/01/1953,07/01/1953,,NO,12,8,12,6075030500,162g,,04 - West Bay,San Francisco,220000040,Parent Facility,-122.45871,37.74761,General Acute Care,City and/or County,Long-Term Care (SN/IC),8,2920,135,795,0,0,0,0,0,0,0,0,0,0,0,0,0,0,0,0,0,0,0,0,0,0,0,0,0,0,0,0,0,0,0,0,0,7,2555,46,849,15,5475,181,1644,0,0,0,0,0,0,0,0,765,279225,871,,272646,0,0,0,0,0,0,0,0,780,284700,1052,274290,0,0,0,0,0,0,0,0,0,0,0,0,0,0,0,0,0,0,0,0,0,0,0,0,0,0,0,0,,,,,,0,0,0,0,0,0,0,0,0,0,0,0,0,0,0,0,0,0,,0,0,0,0,0,0,0,0,0,0,0,0,0,Respondent,0,0,0,0,0,0,0,0,,0,0,0,,,,0,0,NEITHER,0,0,0,0,0,0,0,0,0,0,0,0,0,0,0,0,0,0,0,0,0,0,0,0,0,0,0,0,0,0,0,0,0,0,0,0,0,0,0,,No,500+,City and/or County,0,0,0,1,0,0,0,0,0,0,0,0,0,0,0,0,1,,,,,0,0,0,0,0,0,,Urban,BUENA VISTA/CASTRO/EUREKA VALLEY/FOREST HILL/HAIGHT-ASHBURY/NOE VALLEY/WEST OF TWIN PEAKS,106380865,106380865
106380868,LANGLEY PORTER PSYCHIATRIC INSTITUTE,401 PARNASSUS AVENUE,SAN FRANCISCO,94143,415-476-7000,Yes,01/01/2011,12/31/2011,Open,01/01/1943,01/01/1943,,NO,12,8,12,6075030102,162g,,04 - West Bay,San Francisco,220000377,Parent Facility,-122.45665,37.76372,Acute Psychiatric,University of California,Psychiatric,0,0,0,0,0,0,0,0,0,0,0,0,0,0,0,0,0,0,0,0,0,0,0,0,0,0,0,0,0,0,0,0,0,0,0,0,0,0,0,0,0,0,0,0,0,0,0,0,0,67,24455,686,6180,0,0,0,0,0,0,0,0,0,0,0,0,0,67,24455,686,6180,0,0,0,0,0,0,0,0,0,0,14,7,21,0,16,5,21,3,0,9,0,0,9,0,0,0,0,21,,,,,,0,0,0,0,0,0,0,0,0,0,0,0,0,0,0,0,0,0,,0,0,0,0,0,0,0,0,0,0,0,0,0,Respondent,0,0,0,0,0,0,0,0,,0,0,0,,,,0,0,NEITHER,0,0,0,0,0,0,0,0,0,0,0,0,0,0,0,0,0,0,0,0,0,0,0,0,0,0,0,0,0,0,0,0,0,0,0,0,0,0,0,,No,50 - 99,University of California,0,0,0,1,0,0,0,0,0,0,0,0,0,0,0,0,1,,,,,0,0,0,0,0,0,,Urban,BUENA VISTA/CASTRO/EUREKA VALLEY/FOREST HILL/HAIGHT-ASHBURY/NOE VALLEY/WEST OF TWIN PEAKS,106380868,106380868
106380895,UCSF MEDICAL CENTER AT MOUNT ZION,1600 DIVISADERO STREET,SAN FRANCISCO,94115,415-456-1000,Yes,01/01/2011,12/31/2011,Open,04/01/2001,01/01/1946,,YES,13,3,8,6075015500,162h,,04 - West Bay,San Francisco,220000091,Consolidated Facility,-122.43959,37.78436,General Acute Care,University of California,General Medical / Surgical,133,48545,3147,16374,0,0,0,0,0,0,0,0,7,2555,92,429,1027,0,0,0,0,0,0,0,0,0,0,0,0,0,0,0,0,0,0,0,0,0,0,0,0,140,51100,3239,17401,0,0,0,0,0,0,0,0,0,0,0,0,0,0,0,0,0,0,0,0,0,140,51100,3239,17401,0,0,0,0,0,0,0,0,0,0,0,0,0,0,0,0,0,0,0,0,0,0,0,0,0,0,0,0,,,,,,0,0,0,0,0,0,0,0,0,0,0,0,0,0,0,0,0,0,,0,0,0,0,0,0,0,0,0,0,0,0,0,Respondent,2130,580181,3869,493964,0,0,10,10,Yes,0,0,0,,,,0,0,NEITHER,0,0,0,0,0,0,0,0,0,0,0,0,0,0,0,0,0,0,0,0,0,0,0,0,0,0,0,0,0,0,0,0,0,0,0,0,0,0,0,,No,100 - 149,University of California,0,0,0,1,0,0,0,0,0,0,0,0,0,0,0,0,1,,,,,0,0,0,0,0,0,,Urban,LAUREL HEIGHTS/OCEAN BEACH NORTH/RICHMOND/SUTRO HEIGHTS,106380895,106380895
106380929,CALIFORNIA PACIFIC MED CTR-PACIFIC CAMPUS,2333 BUCHANAN STREET,SAN FRANCISCO,94115,415-600-6000-66000,Yes,01/01/2011,12/31/2011,Open,04/02/1973,04/02/1973,,YES,13,3,8,6075013500,162b,,04 - West Bay,San Francisco,220000197,Parent Facility,-122.43112,37.79145,General Acute Care,Non-Profit Corporation (incl. Church-related),General Medical / Surgical,259,94535,12072,55271,0,0,0,0,0,0,0,0,29,10585,204,3650,7001,7,2555,64,853,1636,0,0,0,0,0,0,0,0,0,0,0,0,0,0,0,0,0,0,0,295,107675,12340,63908,0,0,0,0,18,6570,595,4235,0,0,0,,0,0,0,0,0,0,0,0,0,313,114245,12935,68143,0,0,0,0,0,0,0,0,0,0,6,0,6,0,6,0,6,1,0,2,0,0,0,2,0,0,1,6,,,,,,Basic,Basic,197,3,1518,48,7638,153,7276,716,5027,5790,21656,6710,28366,19,0,372,Yes,28,40,67,29,22,29,15,22,36,22,7,15,332,Respondent,4349,768373,1108,149404,0,0,11,11,Yes,0,0,0,,,,0,0,CV SURG,0,0,0,259,13,259,13,0,4,1,2,0,4,790,667,946,832,1737,1505,1368,282,121,58,63,27,417,53,26,0,1,46,502,19,16,0,12,0,517,3528,Yes,No,300 - 499,Non-Profit Corporation (i,1,0,0,0,0,0,0,0,0,0,0,0,0,0,0,0,1,,,,,28366,200,1566,7791,7992,10817,,Urban,COW HOLLOW/FINANCIAL DISTRICT/MARINA/NOB HILL/PACIFIC HEIGHTS/RUSSIAN HILL/SEACLIFF,106380929,106380929
106380933,CALIFORNIA PACIFIC MED CTR-DAVIES CAMPUS,CASTRO AND DUBOCE STREETS,SAN FRANCISCO,94114,415-600-6000-66000,Yes,01/01/2011,12/31/2011,Open,01/01/1946,01/01/1946,,NO,13,3,8,6075016900,162g,,04 - West Bay,San Francisco,220000197,Consolidated Facility,-122.43545,37.76885,General Acute Care,Non-Profit Corporation (incl. Church-related),General Medical / Surgical,138,50370,3094,14045,0,0,0,0,0,0,0,0,8,2920,80,903,2298,0,0,0,0,0,0,0,0,0,0,0,0,0,0,0,0,0,0,0,0,48,17520,529,9833,194,70810,3703,26176,0,0,0,0,0,638,0,0,38,13870,539,353,11202,0,0,0,0,0,0,0,0,232,85318,4242,37378,0,0,0,0,0,0,0,0,0,0,0,0,0,0,0,0,0,0,0,0,0,0,0,0,0,0,0,0,,,,,,Basic,Basic,206,4,1541,27,5222,33,3583,337,1731,1184,12283,1585,13868,11,0,156,Yes,28,20,22,22,15,14,15,22,22,22,7,7,216,Respondent,1870,291717,2709,221174,0,0,8,8,Yes,0,0,0,,,,0,0,NEITHER,0,0,0,0,0,0,0,0,0,0,0,0,0,0,0,0,0,0,0,0,0,0,0,0,0,0,0,0,0,0,0,0,0,0,0,0,0,0,0,,No,200 - 299,Non-Profit Corporation (i,1,0,0,0,0,0,0,0,0,0,0,0,0,0,0,0,1,,,,,13868,210,1568,5255,3920,2915,,Urban,BUENA VISTA/CASTRO/EUREKA VALLEY/FOREST HILL/HAIGHT-ASHBURY/NOE VALLEY/WEST OF TWIN PEAKS,106380933,106380933
106380939,SAN FRANCISCO GENERAL HOSPITAL,1001 POTRERO AVENUE,SAN FRANCISCO,94110,415-206-8000,Yes,01/01/2011,12/31/2011,Open,07/01/1953,07/01/1953,Level I,YES,13,3,8,6075022802,162c,,04 - West Bay,San Francisco,220000063,Parent Facility,-122.40637,37.75657,General Acute Care,City and/or County,General Medical / Surgical,330,120450,10895,61948,23,8395,1333,4086,8,2920,331,2443,22,8030,431,1553,8071,8,2920,0,0,0,0,0,0,0,0,0,0,0,0,0,12,4380,25,70,336,0,0,0,0,403,147095,13015,76884,0,0,0,0,106,38690,2007,21151,89,32485,343,,31767,0,0,0,0,0,0,0,0,598,218270,15365,129802,0,0,0,0,0,0,0,1086,2105,0,57,0,57,0,49,8,57,15,0,30,0,10,0,0,0,0,2,57,Yes,,,,,Comprehensive,Comprehensive,1367,0,11292,0,26057,9,4180,15,3003,8830,45899,8854,54753,24,0,6591,Yes,220,178,210,168,184,188,220,178,210,168,184,188,2296,Respondent,3927,763830,2851,349574,0,0,10,10,,1174,104,26,,,,0,218,CATH LAB,0,0,0,0,0,0,0,0,1,0,0,0,0,334,121,147,18,481,139,504,0,0,0,0,0,78,6,0,0,0,0,0,0,0,0,0,0,125,713,,No,500+,City and/or County,0,1,0,0,1,1,0,0,0,0,0,0,0,0,1,1,0,54753,,,,,1367,11292,26066,4195,11833,,Urban,BERNAL HEIGHTS/MISSION DISTRICT/POTRERO HILL,106380939,106380939
106380960,ST. FRANCIS MEMORIAL HOSPITAL,900 HYDE STREET,SAN FRANCISCO,94109,415-353-6000,Yes,01/01/2011,12/31/2011,Open,01/01/1946,01/01/1946,,NO,13,3,8,6075011100,162b,,04 - West Bay,San Francisco,220000069,Parent Facility,-122.41695,37.78917,General Acute Care,Non-Profit Corporation (incl. Church-related),General Medical / Surgical,239,87235,4290,9469,0,0,0,0,0,0,0,0,10,3650,263,1053,4667,8,2920,0,0,0,0,0,0,0,0,10,3650,191,0,2872,0,0,0,0,0,20,7300,401,5057,287,104755,5145,22065,0,0,0,0,35,12775,1279,6333,34,12410,0,,0,0,0,0,0,0,0,0,0,356,129940,6424,28398,0,0,0,0,0,0,0,0,0,0,15,0,15,0,14,1,15,4,0,6,0,0,4,0,1,0,0,15,Yes,,,,,Basic,Basic,873,2,3836,14,12599,73,6374,1820,4778,1920,28460,3829,32289,19,0,576,Yes,8,12,9,5,9,1,5,2,6,4,7,11,79,Respondent,1583,132172,1697,113977,0,0,7,7,Yes,0,0,0,,,,0,0,CATH LAB,0,0,0,0,0,0,0,0,0,0,0,0,0,0,0,0,0,0,0,0,0,0,0,0,0,0,0,0,0,0,0,0,0,0,0,0,0,0,0,,No,300 - 499,Non-Profit Corporation (i,1,0,0,0,0,0,0,0,0,0,0,0,0,0,0,0,1,,,,,32289,875,3850,12672,8194,6698,,Urban,COW HOLLOW/FINANCIAL DISTRICT/MARINA/NOB HILL/PACIFIC HEIGHTS/RUSSIAN HILL/SEACLIFF,106380960,106380960
106380964,CALIFORNIA PACIFIC MEDICAL CENTER - ST. LUKES CAMPUS,3555 CESAR CHAVEZ STREET,SAN FRANCISCO,94110,415-600-6000-66000,Yes,01/01/2011,12/31/2011,Open,01/01/1946,01/01/1946,,NO,13,3,8,6075025300,162c,,04 - West Bay,San Francisco,220000070,Parent Facility,-122.42052,37.74799,General Acute Care,Non-Profit Corporation (incl. Church-related),General Medical / Surgical,98,35770,2452,11343,20,7300,960,2569,8,2920,124,230,10,3650,283,328,2302,5,1825,0,0,0,0,0,0,0,0,0,0,0,0,0,8,2920,0,0,0,0,0,0,0,149,54385,3819,16444,0,0,0,0,0,0,0,0,79,28835,352,43,21237,0,0,0,0,0,0,0,0,228,83220,4171,37681,0,0,0,0,0,0,0,809,1772,0,0,0,0,0,0,0,0,0,0,0,0,0,0,0,0,0,0,0,,,,,,Basic,Basic,340,0,2600,5,11505,29,7291,214,2497,2064,24233,2312,26545,10,0,749,Yes,67,40,30,22,22,43,30,22,50,37,50,82,495,Respondent,910,107599,1330,99506,0,0,9,9,Yes,916,34,4,,,,0,213,CATH LAB,0,0,0,0,0,0,0,0,1,1,0,0,0,85,11,97,20,183,31,85,0,4,3,3,2,0,0,0,0,0,0,0,14,21,0,0,0,93,225,Yes,No,200 - 299,Non-Profit Corporation (i,1,0,0,0,0,0,0,0,0,0,0,0,0,0,0,0,1,,,,,26545,340,2605,11534,7505,4561,,Urban,BERNAL HEIGHTS/MISSION DISTRICT/POTRERO HILL,106380964,106380964
106380965,"ST. MARY'S MEDICAL CENTER, SAN FRANCISCO",,,,,,,,,,,,YES,12,8,8,,,,,San Francisco,,,,,,,,,,,,,,,,,,,,,,,,,,,,,,,,,,,,,,,,,,,,,,,,,,,,,,,,,,,,,,,,,,,,,,,,,,,,,,,,,,,,,,,,,,,,,,,,,,,,,,,,,,,,,,,Basic,Basic,,,,,,,,,,,,,,,,,,,,,,,,,,,,,,,Non-Respondent,,,,,,,,,,,,,,,,,,CV SURG,,,,,,,,,,,,,,,,,,,,,,,,,,,,,,,,,,,,,,,,,No,,,1,0,0,0,0,0,0,0,0,0,0,0,0,0,0,0,1,,,,,,,,,,,,Urban,BUENA VISTA/CASTRO/EUREKA VALLEY/FOREST HILL/HAIGHT-ASHBURY/NOE VALLEY/WEST OF TWIN PEAKS,106380965,106380965
106381154,UCSF MEDICAL CENTER,505 PARNASSUS AVENUE,SAN FRANCISCO,94122,415-476-1000,Yes,01/01/2011,12/31/2011,Open,01/01/1917,01/01/1917,,YES,12,8,12,6075030102,162g,,04 - West Bay,San Francisco,220000091,Parent Facility,-122.45799,37.76334,General Acute Care,University of California,General Medical / Surgical,312,113880,16973,89588,30,10950,1997,7474,87,31755,4191,24054,86,31390,855,4543,23636,16,5840,151,1004,4466,0,0,0,0,0,0,0,0,0,0,51,18615,745,245,13974,0,0,0,0,582,212430,24912,163192,0,0,0,0,0,0,0,0,0,0,0,0,0,0,0,0,0,0,0,0,0,582,212430,24912,163192,0,0,0,0,0,0,26,1411,3271,0,0,0,0,0,0,0,0,0,0,0,0,0,0,0,0,0,0,0,,,,,,Basic,Basic,2762,4,1276,1,8355,19,10241,115,3510,9071,26144,9210,35354,29,0,882,Yes,97,122,146,98,42,56,68,85,39,56,57,57,923,Respondent,10838,2627843,10102,920156,0,9,26,35,Yes,1843,243,75,,,,0,475,CV SURG,3,175,0,208,3,383,3,86,4,137,115,145,363,529,1048,570,1892,1381,3418,1381,115,141,152,139,60,150,32,2,0,40,404,376,636,0,0,0,0,1171,4799,Yes,No,500+,University of California,1,0,0,0,0,0,0,0,0,0,0,0,0,0,0,0,1,,,,,35354,2766,1277,8374,10356,12581,,Urban,BUENA VISTA/CASTRO/EUREKA VALLEY/FOREST HILL/HAIGHT-ASHBURY/NOE VALLEY/WEST OF TWIN PEAKS,106381154,106381154
106382715,CHINESE HOSPITAL,845 JACKSON STREET,SAN FRANCISCO,94133,415-982-2400,Yes,01/01/2011,12/31/2011,Open,01/01/1946,01/01/1946,,NO,13,3,8,6075011300,162a,,04 - West Bay,San Francisco,220000122,Parent Facility,-122.40926,37.79565,General Acute Care,Non-Profit Corporation (incl. Church-related),General Medical / Surgical,49,17885,1872,10022,0,0,0,0,0,0,0,0,5,1825,45,20,923,0,0,0,0,0,0,0,0,0,0,0,0,0,0,0,0,0,0,0,0,0,0,0,0,54,19710,1917,10945,0,0,0,0,0,0,0,0,0,0,0,0,0,0,0,0,0,0,0,0,0,54,19710,1917,10945,0,0,0,0,0,0,0,0,0,0,0,0,0,0,0,0,0,0,0,0,0,0,0,0,0,0,0,0,,,,,,Standby,Standby,1481,5,1069,10,1467,360,544,629,165,397,4726,1401,6127,5,1481,83,,0,0,0,0,0,0,0,0,0,0,0,0,0,Respondent,389,52135,2311,116437,0,0,2,2,Yes,0,0,0,,,,0,0,NEITHER,0,0,0,0,0,0,0,0,0,0,0,0,0,0,0,0,0,0,0,0,0,0,0,0,0,0,0,0,0,0,0,0,0,0,0,0,0,0,0,,No,50 - 99,Non-Profit Corporation (i,0,0,1,0,0,0,0,0,0,0,0,0,0,0,0,0,1,,,,,6127,1486,1079,1827,1173,562,,Urban,CHINATOWN/CIVIC CENTER/INNER MISSION/NORTH BEACH/SOUTH OF MARKET/TENDERLOIN/WESTERN ADDITION,106382715,106382715
106390846,DAMERON HOSPITAL,525 WEST ACACIA,STOCKTON,95203,209-944-5550,Yes,01/01/2011,12/31/2011,Open,01/01/1946,01/01/1946,,NO,17,5,18,6077000401,169b,,06 - North San Joaquin,San Joaquin,30000024,Parent Facility,-121.30061,37.9613,General Acute Care,Non-Profit Corporation (incl. Church-related),General Medical / Surgical,125,45625,5691,22679,21,7665,1345,2920,16,5840,592,1412,12,4380,236,609,3117,12,4380,327,571,2540,0,0,0,0,0,0,0,0,0,0,16,5840,15,151,766,0,0,0,0,202,73730,8206,33434,0,0,0,0,0,0,0,0,0,0,0,0,0,0,0,0,0,0,0,0,0,202,73730,8206,33434,0,0,0,0,0,0,24,1354,2416,0,0,0,0,0,0,0,0,0,0,0,0,0,0,0,0,0,0,0,,,,,,Basic,Basic,2689,3,6235,6,11954,40,12112,1134,4074,2955,37064,4138,41202,13,0,468,,0,0,0,0,0,0,0,0,0,0,0,0,0,Respondent,1964,299488,1534,125793,7,2,1,10,,1414,197,63,,,,0,468,CV SURG,2,0,0,34,33,34,33,68,2,0,0,0,0,529,254,362,0,891,254,891,0,45,12,0,0,229,264,1,0,0,0,0,0,0,0,0,0,218,1660,,No,200 - 299,Non-Profit Corporation (i,1,0,0,0,0,0,0,0,0,0,0,0,0,0,0,0,1,,,,,41202,2692,6241,11994,13246,7029,,Urban,FRENCH CAMP/STOCKTON SOUTH/STOCKTON SOUTHEAST,106390846,106390846
106390922,LODI MEMORIAL HOSPITAL - WEST,800 SO. LOWER SACRAMENTO ROAD,LODI,95242-3639,209-334-3411,Yes,01/01/2011,12/31/2011,Open,06/20/1967,06/20/1967,,NO,10,14,11,6077004303,166,,06 - North San Joaquin,San Joaquin,30000056,Consolidated Facility,-121.3063,38.11916,General Acute Care,Non-Profit Corporation (incl. Church-related),Physical Rehabilitation,0,0,0,0,0,0,0,0,0,0,0,0,0,0,0,0,0,0,0,0,0,0,0,0,0,0,0,0,0,0,0,0,0,0,0,0,0,24,8760,146,1827,24,8760,146,1827,0,0,0,0,0,0,0,0,0,1645,4,,83,0,0,0,0,0,0,0,0,24,10405,150,1910,0,0,0,0,0,0,0,0,0,0,0,0,0,0,0,0,0,0,0,0,0,0,0,0,0,0,0,0,,,,,,0,0,0,0,0,0,0,0,0,0,0,0,0,0,0,0,0,0,,0,0,0,0,0,0,0,0,0,0,0,0,0,Respondent,0,0,0,0,0,0,0,0,,0,0,0,,,,0,0,NEITHER,0,0,0,0,0,0,0,0,0,0,0,0,0,0,0,0,0,0,0,0,0,0,0,0,0,0,0,0,0,0,0,0,0,0,0,0,0,0,0,,No,1 - 49,Non-Profit Corporation (i,0,0,0,1,0,0,0,0,0,0,0,0,0,0,0,0,1,,,,,0,0,0,0,0,0,,Urban,LODI,106390922,106390922
106390923,LODI MEMORIAL HOSPITAL,975 SOUTH FAIRMONT AVENUE,LODI,95240-5179,209-334-3411,Yes,01/01/2011,12/31/2011,Open,04/02/1952,04/02/1952,,NO,10,14,11,6077004302,166,,06 - North San Joaquin,San Joaquin,30000056,Parent Facility,-121.2859,38.12146,General Acute Care,Non-Profit Corporation (incl. Church-related),General Medical / Surgical,164,59860,5698,27187,16,5840,1116,2193,0,0,0,0,10,3650,175,820,2787,0,0,0,0,0,0,0,0,0,0,0,0,0,0,0,0,0,0,0,0,0,0,0,0,190,69350,6989,32167,0,0,0,0,0,0,0,0,0,0,0,,0,0,0,0,0,0,0,0,0,190,69350,6989,32167,0,0,0,0,0,0,15,1097,1893,0,0,0,0,0,0,0,0,0,0,0,0,0,0,0,0,0,0,0,,,,,,Basic,Basic,1114,3,1322,2,8611,31,9342,99,5438,5118,25827,5253,31080,28,0,1071,Yes,5,16,7,3,8,9,0,0,3,3,0,7,61,Respondent,2124,203709,2140,145739,0,0,6,6,,1097,29,6,,,,0,450,CATH LAB,0,0,0,0,0,0,0,0,1,0,0,0,0,159,0,106,0,265,0,265,0,0,0,0,0,0,0,0,0,0,0,0,0,0,0,0,0,0,265,,No,150 - 199,Non-Profit Corporation (i,1,0,0,0,0,0,0,0,0,0,0,0,0,0,0,0,1,,,,,31080,1117,1324,8642,9441,10556,,Urban,LODI,106390923,106390923
106391010,SAN JOAQUIN GENERAL HOSPITAL,500 WEST HOSPITAL ROAD,FRENCH CAMP,95231,209-468-6058,Yes,01/01/2011,12/31/2011,Open,07/01/1953,07/01/1953,,NO,17,5,18,6077003803,169b,,06 - North San Joaquin,San Joaquin,30000087,Parent Facility,-121.28918,37.88594,General Acute Care,City and/or County,General Medical / Surgical,121,44165,5197,23003,26,9490,2002,5564,8,2920,651,1507,16,5840,232,582,4226,0,0,0,0,0,0,0,0,0,0,0,0,0,0,0,25,9125,533,0,6173,0,0,0,0,196,71540,8615,40473,0,0,0,0,0,0,0,0,0,0,0,0,0,0,0,0,0,0,0,0,0,196,71540,8615,40473,0,0,0,0,0,0,14,1665,3807,0,0,0,0,0,0,0,0,0,0,0,0,0,0,0,0,0,0,0,,,,,,Basic,Basic,2602,5,14502,153,7503,355,4153,994,4965,3664,33725,5171,38896,19,1510,3640,,0,0,0,0,0,0,0,0,0,0,0,0,0,Respondent,1776,156225,1985,118890,0,0,6,6,,2146,166,29,,,,0,687,CATH LAB,0,0,0,0,0,0,0,0,1,0,0,0,0,169,0,356,0,525,0,0,0,0,0,0,0,0,0,0,0,0,0,0,0,0,0,0,0,0,0,,No,150 - 199,City and/or County,1,0,0,0,0,0,0,0,0,0,0,0,0,0,0,0,1,,,,,38896,2607,14655,7858,5147,8629,,Urban,FRENCH CAMP/STOCKTON SOUTH/STOCKTON SOUTHEAST,106391010,106391010
106391042,ST. JOSEPHS MEDICAL CENTER OF STOCKTON,1800 NORTH CALIFORNIA STREET,STOCKTON,95204,209-467-6315,Yes,01/01/2011,12/31/2011,Open,03/28/1946,03/28/1946,,NO,17,5,18,6077001300,169a,,06 - North San Joaquin,San Joaquin,30000284,Parent Facility,-121.2891,37.97075,General Acute Care,Non-Profit Corporation (incl. Church-related),General Medical / Surgical,237,86505,11811,50369,27,9855,2609,6914,13,4745,673,1433,20,7300,356,1542,5440,9,3285,212,613,2490,10,3650,172,506,2940,0,0,0,0,0,22,8030,397,0,6275,0,0,0,0,338,123370,16230,75861,0,0,0,0,0,0,0,0,21,7665,241,,2897,0,0,0,0,0,0,0,0,359,131035,16471,78758,0,0,0,0,0,0,23,2158,4919,0,0,0,0,0,0,0,0,0,0,0,0,0,0,0,0,0,0,0,,,,,,Basic,Basic,10225,8,17718,60,9104,3876,1795,4323,263,1591,39105,9858,48963,24,0,563,Yes,29,51,40,12,22,11,12,12,13,6,16,19,243,Respondent,4105,633850,7353,433583,0,6,9,15,Yes,2514,196,33,,,,0,713,CV SURG,2,0,0,237,147,237,147,312,3,0,0,0,0,899,419,1150,281,2049,700,2033,0,79,39,58,47,463,59,4,0,0,16,98,179,426,15,38,0,32,3586,Yes,No,300 - 499,Non-Profit Corporation (i,1,0,0,0,0,0,0,0,0,0,0,0,0,0,0,0,1,,,,,48963,10233,17778,12980,6118,1854,,Urban,STOCKTON NORTH CENTRAL/STOCKTON NORTHEAST,106391042,106391042
106391056,SUTTER TRACY COMMUNITY HOSPITAL,1420 NORTH TRACY BOULEVARD,TRACY,95376,209-835-1500,Yes,01/01/2011,12/31/2011,Open,07/01/1948,07/01/1948,,NO,17,5,11,6077005303,163,,06 - North San Joaquin,San Joaquin,30000105,Parent Facility,-121.43482,37.74366,General Acute Care,Non-Profit Corporation (incl. Church-related),General Medical / Surgical,67,24455,3094,11252,7,2555,673,1637,0,0,0,0,8,2920,208,418,1575,0,0,0,0,0,0,0,0,0,0,0,0,0,0,0,0,0,0,0,0,0,0,0,0,82,29930,3975,14464,0,0,0,0,0,0,0,0,0,0,0,,0,0,0,0,0,0,0,0,0,82,29930,3975,14464,0,0,0,0,0,0,8,685,1377,0,0,0,0,0,0,0,0,0,0,0,0,0,0,0,0,0,0,0,,,,,,Basic,Basic,287,0,4202,3,14372,78,7801,610,2557,1485,29219,2176,31395,14,0,752,Yes,0,0,0,0,0,0,0,0,0,0,1,0,1,Respondent,1019,62789,1704,85840,0,0,4,4,Yes,655,26,4,,,,0,237,NEITHER,0,0,0,0,0,0,0,0,0,0,0,0,0,0,0,0,0,0,0,0,0,0,0,0,0,0,0,0,0,0,0,0,0,0,0,0,0,0,0,,No,50 - 99,Non-Profit Corporation (i,1,0,0,0,0,0,0,0,0,0,0,0,0,0,0,0,1,,,,,31395,287,4205,14450,8411,4042,,Urban,TRACY,106391056,106391056
106392232,ST. JOSEPHS BEHAVIORAL HEALTH CENTER,2510 NORTH CALIFORNIA STREET,STOCKTON,95204,209-467-6315,Yes,01/01/2011,12/31/2011,Open,06/28/1957,06/28/1957,,NO,17,5,18,6077001300,169a,,06 - North San Joaquin,San Joaquin,30000367,Parent Facility,-121.29122,37.9763,Acute Psychiatric,Non-Profit Corporation (incl. Church-related),Psychiatric,0,0,0,0,0,0,0,0,0,0,0,0,0,0,0,0,0,0,0,0,0,0,0,0,0,0,0,0,0,0,0,0,0,0,0,0,0,0,0,0,0,0,0,0,0,0,0,0,0,35,12775,1403,9148,0,0,0,0,0,0,0,0,0,0,0,0,0,35,12775,1403,9148,0,0,0,0,0,0,0,0,0,0,21,0,21,0,12,9,21,12,1,0,0,0,8,0,0,0,0,21,,,,,,0,0,0,0,0,0,0,0,0,0,0,0,0,0,0,0,0,0,,0,0,0,0,0,0,0,0,0,0,0,0,0,Respondent,0,0,0,0,0,0,0,0,,0,0,0,,,,0,0,NEITHER,0,0,0,0,0,0,0,0,0,0,0,0,0,0,0,0,0,0,0,0,0,0,0,0,0,0,0,0,0,0,0,0,0,0,0,0,0,0,0,,No,1 - 49,Non-Profit Corporation (i,0,0,0,1,0,0,0,0,0,0,0,0,0,0,0,0,1,,,,,0,0,0,0,0,0,,Urban,STOCKTON NORTH CENTRAL/STOCKTON NORTHEAST,106392232,106392232
106392287,DOCTORS HOSPITAL OF MANTECA,1205 EAST NORTH STREET,MANTECA,95336,209-239-8361,Yes,01/01/2011,12/31/2011,Open,02/26/1962,02/26/1962,,NO,26,5,11,6077005110,164.1,,06 - North San Joaquin,San Joaquin,30000203,Parent Facility,-121.19818,37.80118,General Acute Care,Investor - Corporation,General Medical / Surgical,60,21900,2861,12135,5,1825,811,1745,0,0,0,0,8,2920,177,590,1889,0,0,0,0,0,0,0,0,0,0,0,0,0,0,0,0,0,0,0,0,0,0,0,0,73,26645,3849,15769,0,0,0,0,0,0,0,0,0,0,0,0,0,0,0,0,0,0,0,0,0,73,26645,3849,15769,0,0,0,0,0,0,6,725,1430,0,0,0,0,0,0,0,0,0,0,0,0,0,0,0,0,0,0,0,,,,,,Basic,Basic,198,0,2789,4,10203,22,6709,397,1564,1949,21463,2372,23835,11,0,660,,0,0,0,0,0,0,0,0,0,0,0,0,0,Respondent,901,96675,1709,136259,0,0,5,5,Yes,705,18,7,,,,0,235,NEITHER,0,0,0,0,0,0,0,0,0,0,0,0,0,0,0,0,0,0,0,0,0,0,0,0,0,0,0,0,0,0,0,0,0,0,0,0,0,0,0,,No,50 - 99,Investor,1,0,0,0,0,0,0,0,0,0,0,0,0,0,0,0,1,,,,,23835,198,2793,10225,7106,3513,,Urban,LATHROP/MANTECA,106392287,106392287
106394003,SAN JOAQUIN COUNTY P.H.F.,1212 NORTH CALIFORNIA,STOCKTON,95202,209-468-8660,Yes,01/01/2011,12/31/2011,Open,01/29/1988,01/29/1988,,NO,17,5,18,6077000402,169b,,06 - North San Joaquin,San Joaquin,MH1040012,Parent Facility,-121.28769,37.96559,Psychiatric Health Facility,City and/or County,Psychiatric,0,0,0,0,0,0,0,0,0,0,0,0,0,0,0,0,0,0,0,0,0,0,0,0,0,0,0,0,0,0,0,0,0,0,0,0,0,0,0,0,0,0,0,0,0,0,0,0,0,28,12344,1122,7379,0,0,0,0,0,0,0,0,0,0,0,0,0,28,12344,1122,7379,0,0,0,0,0,0,0,0,0,0,12,0,12,0,12,0,12,0,0,0,0,0,0,0,12,0,0,12,Yes,,,,,0,0,0,0,0,0,0,0,0,0,0,0,0,0,0,0,0,0,,0,0,0,0,0,0,0,0,0,0,0,0,0,Respondent,0,0,0,0,0,0,0,0,,0,0,0,,,,0,0,NEITHER,0,0,0,0,0,0,0,0,0,0,0,0,0,0,0,0,0,0,0,0,0,0,0,0,0,0,0,0,0,0,0,0,0,0,0,0,0,0,0,,No,1 - 49,City and/or County,0,0,0,1,0,0,0,0,0,0,0,0,0,0,0,0,1,,,,,0,0,0,0,0,0,,Urban,FRENCH CAMP/STOCKTON SOUTH/STOCKTON SOUTHEAST,106394003,106394003
106394009,KAISER FND HOSP-MANTECA,1777 WEST YOSEMITE AVENUE,MANTECA,95336,209-735-3500,Yes,01/01/2011,12/31/2011,Open,09/01/1990,09/01/1990,,NO,26,5,11,6077005123,164.1,,06 - North San Joaquin,San Joaquin,30000393,Parent Facility,-121.24612,37.79751,General Acute Care,Non-Profit Corporation (incl. Church-related),General Medical / Surgical,55,20075,1829,4826,0,0,0,0,0,0,0,0,6,2190,166,317,1264,0,0,0,0,0,0,0,0,0,0,0,0,0,0,0,0,0,0,0,0,0,0,0,0,61,22265,1995,6090,0,0,0,0,0,0,0,0,38,13870,79,0,9787,0,0,0,0,0,0,0,0,99,36135,2074,15877,0,0,0,0,0,0,0,0,0,0,0,0,0,0,0,0,0,0,0,0,0,0,0,0,0,0,0,0,,,,,,Basic,Basic,4089,12,5771,2,5179,68,4012,554,788,691,19839,1327,21166,10,0,348,,0,0,0,0,0,0,0,0,0,0,0,0,0,Respondent,488,84297,2718,259598,0,0,3,3,,0,0,0,,,,0,0,NEITHER,0,0,0,0,0,0,0,0,0,0,0,0,0,0,0,0,0,0,0,0,0,0,0,0,0,0,0,0,0,0,0,0,0,0,0,0,0,0,0,,No,50 - 99,Non-Profit Corporation (i,1,0,0,0,0,0,0,0,0,0,0,0,0,0,0,0,1,,,,,21166,4101,5773,5247,4566,1479,,Urban,LATHROP/MANTECA,106394009,106394009
106400466,ARROYO GRANDE COMMUNITY HOSPITAL,345 SOUTH HALCYON ROAD,ARROYO GRANDE,93420,805-473-7600,Yes,01/01/2011,12/31/2011,Open,04/16/1962,04/16/1962,,NO,33,15,22,6079011901,171,,08 - Mid-Coast,San Luis Obispo,50000021,Parent Facility,-120.59147,35.11369,General Acute Care,Non-Profit Corporation (incl. Church-related),General Medical / Surgical,45,16425,2466,8189,0,0,0,0,0,0,0,0,8,2920,236,330,1756,0,0,0,0,0,0,0,0,0,0,0,0,0,0,0,0,0,0,0,0,14,2814,144,1865,67,22159,2846,11810,0,0,0,0,0,0,0,0,0,1968,0,0,0,0,0,0,0,0,0,0,0,67,24127,2846,11810,0,0,0,0,0,0,0,0,0,0,0,0,0,0,0,0,0,0,0,0,0,0,0,0,0,0,0,0,,,,,,Basic,Basic,693,0,3736,5,9620,56,4544,1086,682,1114,19275,2261,21536,12,0,145,Yes,0,0,0,0,0,0,75,1,0,0,1,4,81,Respondent,946,151332,577,61935,0,0,3,3,,0,0,0,,,,0,0,NEITHER,0,0,0,0,0,0,0,0,0,0,0,0,0,0,0,0,0,0,0,0,0,0,0,0,0,0,0,0,0,0,0,0,0,0,0,0,0,0,0,Yes,No,50 - 99,Non-Profit Corporation (i,1,0,0,0,0,0,0,0,0,0,0,0,0,0,0,0,1,,,,,21536,693,3741,9676,5630,1796,,Rural,ARROYO GRANDE/NIPOMO/OCEANO/PISMO BEACH,106400466,106400466
106400480,FRENCH HOSPITAL MEDICAL CENTER,1911 JOHNSON AVENUE,SAN LUIS OBISPO,93401,805-542-6300,Yes,01/01/2011,12/31/2011,Open,09/26/1972,09/26/1972,,NO,33,15,23,6079011000,172,,08 - Mid-Coast,San Luis Obispo,50000031,Parent Facility,-120.64977,35.27801,General Acute Care,Non-Profit Corporation (incl. Church-related),General Medical / Surgical,90,32850,3813,12378,8,2920,714,1664,6,2190,0,0,8,2920,153,489,1929,0,0,0,0,0,0,0,0,0,0,0,0,0,0,0,0,0,0,0,0,0,0,0,0,112,40880,4680,15971,0,0,0,0,0,0,0,0,0,0,0,0,0,0,0,0,0,0,0,0,0,112,40880,4680,15971,0,0,0,0,0,0,8,715,1389,0,0,0,0,0,0,0,0,0,0,0,0,0,0,0,0,0,0,0,,,,,,Basic,Basic,386,1,2289,7,6354,41,4932,1299,627,1087,14588,2435,17023,14,0,30,Yes,3,0,0,0,1,23,0,0,21,0,9,0,57,Respondent,1469,211148,2171,152500,0,0,7,7,Yes,716,7,0,,,,0,160,CV SURG,2,0,0,70,1,70,1,71,2,0,0,0,0,252,176,838,335,1090,511,1020,0,159,89,94,46,384,21,9,0,0,0,0,43,27,0,22,3,0,1917,Yes,No,100 - 149,Non-Profit Corporation (i,1,0,0,0,0,0,0,0,0,0,0,0,0,0,0,0,1,,,,,17023,387,2296,6395,6231,1714,,Rural,SAN LUIS OBISPO,106400480,106400480
106400524,SIERRA VISTA REGIONAL MEDICAL CENTER,1010 MURRAY STREET,SAN LUIS OBISPO,93405,805-546-7600,Yes,01/01/2011,12/31/2011,Open,12/07/1959,12/07/1959,,NO,33,15,23,6079010902,172,,08 - Mid-Coast,San Luis Obispo,50000059,Parent Facility,-120.66576,35.29105,General Acute Care,Investor - Corporation,General Medical / Surgical,106,38690,3670,13002,13,4745,1331,4467,6,2190,415,959,11,4015,120,450,1581,6,2190,71,327,815,0,0,0,0,0,0,0,0,0,0,22,8030,226,15,5474,0,0,0,0,164,59860,5833,26298,0,0,0,0,0,0,0,0,0,0,0,,0,0,0,0,0,0,0,0,0,164,59860,5833,26298,0,0,0,0,0,0,22,1156,2368,0,0,0,0,0,0,0,0,0,0,0,0,0,0,0,0,0,0,0,,,,,,Basic,Basic,2077,6,1466,4,6850,28,5516,639,1506,1856,17415,2533,19948,11,0,190,Yes,0,0,0,0,0,0,2,0,0,0,0,0,2,Respondent,2224,274890,1521,132525,0,0,7,7,Yes,1299,100,27,,,,0,461,CATH LAB,0,0,0,0,0,0,0,0,1,0,0,0,0,4,10,5,1,9,11,2,0,8,1,1,0,0,0,0,0,0,0,0,0,0,0,0,0,0,12,,No,150 - 199,Investor,1,0,0,0,0,0,0,0,0,0,0,0,0,0,0,0,1,,,,,19948,2083,1470,6878,6155,3362,,Rural,SAN LUIS OBISPO,106400524,106400524
106400548,TWIN CITIES COMMUNITY HOSPITAL,1100 LAS TABLAS ROAD,TEMPLETON,93465,805-434-3500,Yes,01/01/2011,12/31/2011,Open,02/07/1977,02/07/1977,,NO,33,15,22,6079012704,170,,08 - Mid-Coast,San Luis Obispo,50000078,Parent Facility,-120.71967,35.5543,General Acute Care,Investor - Corporation,General Medical / Surgical,94,34310,4384,18090,10,3650,775,1810,0,0,0,0,18,6570,194,417,692,0,0,0,0,0,0,0,0,0,0,0,0,0,0,0,0,0,0,0,0,0,0,0,0,122,44530,5353,20592,0,0,0,0,0,0,0,0,0,0,0,,0,0,0,0,0,0,0,0,0,122,44530,5353,20592,0,0,0,0,0,0,12,753,1601,0,0,0,0,0,0,0,0,0,0,0,0,0,0,0,0,0,0,0,,Yes,YES,,,Basic,Basic,2392,6,2728,10,13097,242,11310,4136,11,24,29538,4418,33956,23,0,332,Yes,7,0,0,0,2,0,0,5,0,4,0,5,23,Respondent,1630,200096,1635,129770,0,0,5,5,Yes,753,27,4,,,,0,179,CATH LAB,0,0,0,0,0,0,0,0,1,0,0,0,0,37,20,33,14,70,34,57,0,14,10,0,0,0,0,0,0,0,0,0,16,7,0,0,0,0,104,,No,100 - 149,Investor,1,0,0,0,0,0,0,0,0,0,0,0,0,0,0,0,1,,,,,33956,2398,2738,13339,15446,35,,Rural,ATASCADERO/TEMPLETON,106400548,106400548
106400683,ATASCADERO STATE HOSPITAL,P O BOX 7001,ATASCADERO,93423,805-468-2000,Yes,01/01/2011,12/31/2011,Open,06/16/1954,06/16/1954,,NO,33,15,22,6079012503,170,,08 - Mid-Coast,San Luis Obispo,150000498,Parent Facility,-120.65325,35.47178,Acute Psychiatric,State,Psychiatric,0,0,0,0,0,0,0,0,0,0,0,0,0,0,0,0,0,0,0,0,0,0,0,0,0,0,0,0,0,0,0,0,0,0,0,0,0,0,0,0,0,0,0,0,0,0,0,0,0,317,115705,1318,88432,0,0,0,0,0,958,347672,1020,303802,0,0,0,0,1275,463377,2338,392234,0,0,0,0,0,0,0,0,0,0,232,0,232,0,224,8,232,0,0,0,0,0,0,0,0,0,232,232,,,,,,0,0,0,0,0,0,0,0,0,0,0,0,0,0,0,0,0,0,,0,0,0,0,0,0,0,0,0,0,0,0,0,Respondent,0,0,0,0,0,0,0,0,,0,0,0,,,,0,0,NEITHER,0,0,0,0,0,0,0,0,0,0,0,0,0,0,0,0,0,0,0,0,0,0,0,0,0,0,0,0,0,0,0,0,0,0,0,0,0,0,0,,Yes,500+,State,0,0,0,1,0,0,0,0,0,0,0,0,0,0,0,0,1,,,,,0,0,0,0,0,0,,Rural,ATASCADERO/TEMPLETON,106400683,106400683
106404046,SAN LUIS OBISPO CO PSYCHIATRIC HEALTH FACILITY,2178 JOHNSON AVE,SAN LUIS OBISPO,93401,805-781-4711,Yes,01/01/2011,12/31/2011,Open,04/08/2003,04/08/2003,,NO,33,15,23,6079011000,172,,08 - Mid-Coast,San Luis Obispo,MH2016035,Parent Facility,-120.6465,35.27461,Psychiatric Health Facility,City and/or County,Psychiatric,0,0,0,0,0,0,0,0,0,0,0,0,0,0,0,0,0,0,0,0,0,0,0,0,0,0,0,0,0,0,0,0,0,0,0,0,0,0,0,0,0,0,0,0,0,0,0,0,0,16,5840,1177,2937,0,0,0,,0,0,0,0,0,0,0,0,0,16,5840,1177,2937,0,0,0,0,0,0,0,0,0,0,8,0,8,0,7,1,8,2,0,0,0,1,0,3,2,0,0,8,Yes,,,,,0,0,0,0,0,0,0,0,0,0,0,0,0,0,0,0,0,0,,0,0,0,0,0,0,0,0,0,0,0,0,0,Respondent,0,0,0,0,0,0,0,0,,0,0,0,,,,0,0,NEITHER,0,0,0,0,0,0,0,0,0,0,0,0,0,0,0,0,0,0,0,0,0,0,0,0,0,0,0,0,0,0,0,0,0,0,0,0,0,0,0,,No,1 - 49,City and/or County,0,0,0,1,0,0,0,0,0,0,0,0,0,0,0,0,1,,,,,0,0,0,0,0,0,,Rural,SAN LUIS OBISPO,106404046,106404046
106410742,MILLS  HEALTH CENTER,100 SOUTH SAN MATEO DRIVE,SAN MATEO,94401,650-696-5400,Yes,01/01/2011,12/31/2011,Open,01/01/1946,01/01/1946,,NO,19,8,12,6081606300,176f,,04 - West Bay,San Mateo,220000037,Consolidated Facility,-122.32632,37.56649,General Acute Care,Non-Profit Corporation (incl. Church-related),General Medical / Surgical,21,5923,467,1611,0,0,0,0,0,0,0,0,0,0,0,0,0,0,0,0,0,0,0,0,0,0,0,0,0,0,0,0,0,0,0,0,0,0,0,0,0,21,5923,467,1611,0,0,0,0,39,9009,941,6915,0,0,0,,0,0,0,0,0,0,0,0,0,60,14932,1408,8526,13,239,1125,0,0,0,0,0,0,0,21,0,21,2,15,4,21,4,0,2,0,2,2,7,0,1,3,21,,,,,,Standby,Standby,2183,0,4489,0,4574,0,1669,0,300,0,13215,0,13215,13,0,101,,0,0,0,0,0,0,0,0,0,0,0,0,0,Respondent,0,0,5163,332684,0,10,0,10,Yes,0,0,0,,,,0,0,NEITHER,0,0,0,0,0,0,0,0,0,0,0,0,0,0,0,0,0,0,0,0,0,0,0,0,0,0,0,0,0,0,0,0,0,0,0,0,0,0,0,,No,50 - 99,Non-Profit Corporation (i,0,0,1,0,0,0,0,0,0,0,0,0,0,0,0,0,1,,,,,13215,2183,4489,4574,1669,300,,Urban,FOSTER CITY/REDWOOD SHORES/SAN MATEO EAST,106410742,106410742
106410782,SAN MATEO MEDICAL CENTER,222 WEST 39TH AVENUE,SAN MATEO,94403,650-573-2535,Yes,01/01/2011,12/31/2011,Open,07/01/1953,07/01/1953,,NO,19,8,12,6081607200,176e,,04 - West Bay,San Mateo,220000015,Parent Facility,-122.29951,37.53017,General Acute Care,City and/or County,General Medical / Surgical,86,31390,2476,8810,0,0,0,0,7,2555,34,79,7,2555,137,263,1353,0,0,0,0,0,0,0,0,0,0,0,0,0,0,0,0,0,0,0,0,0,0,0,0,100,36500,2647,10242,0,0,0,0,34,12410,758,8368,375,136875,460,0,96277,0,0,0,0,0,0,0,0,509,185785,3865,114887,0,0,0,0,0,0,0,0,0,0,25,0,25,0,21,4,25,6,8,9,0,2,0,0,0,0,0,25,,,,,,Basic,Basic,1204,1,10001,31,12521,87,11637,1176,1154,1449,36517,2744,39261,15,0,1517,Yes,14,9,12,9,4,2,0,0,0,0,0,0,50,Respondent,959,66511,1543,78232,0,0,3,3,Yes,0,0,0,,,,0,0,NEITHER,0,0,0,0,0,0,0,0,0,0,0,0,0,0,0,0,0,0,0,0,0,0,0,0,0,0,0,0,0,0,0,0,0,0,0,0,0,0,0,,No,500+,City and/or County,1,0,0,0,0,0,0,0,0,0,0,0,0,0,0,0,1,,,,,39261,1205,10032,12608,12813,2603,,Urban,BURLINGAME HILLS/BURLINGAME SOUTHWEST/HILLSBOROUGH/HILLSDALE/MILLBRAE WEST/SAN BRUNO CENTRAL/SAN MAT,106410782,106410782
106410804,KAISER FND HOSP - REDWOOD CITY,1150 VETERANS BOULEVARD,REDWOOD CITY,94063,650-299-2000,Yes,01/01/2011,12/31/2011,Open,07/17/1968,07/17/1968,,NO,21,11,14,6081610202,176c,,04 - West Bay,San Mateo,220000021,Parent Facility,-122.2232,37.48948,General Acute Care,Non-Profit Corporation (incl. Church-related),General Medical / Surgical,175,63875,5607,23945,24,8760,1325,2975,0,0,0,0,10,3650,137,959,3050,0,0,0,0,0,0,0,0,0,0,0,0,0,0,0,4,1460,253,84,815,0,0,0,0,213,77745,7322,30785,0,0,0,0,0,0,0,0,0,0,0,,0,0,0,0,0,0,0,0,0,213,77745,7322,30785,0,0,0,0,0,0,24,1047,2182,0,0,0,0,0,0,0,0,0,0,0,0,0,0,0,0,0,0,0,,Yes,YES,,,Basic,Basic,8573,16,4717,6,5295,274,3931,1723,368,1088,22884,3107,25991,16,0,94,Yes,5,6,5,5,5,2,0,0,0,0,0,0,28,Respondent,2078,374145,4896,436966,2,2,6,10,Yes,1285,39,0,,,,0,271,CATH LAB,0,0,0,0,0,0,0,0,1,0,0,0,0,94,30,119,0,213,30,273,0,0,0,0,0,26,4,0,0,0,0,0,0,0,0,4,0,0,307,,No,200 - 299,Non-Profit Corporation (i,1,0,0,0,0,0,0,0,0,0,0,0,0,0,0,0,1,,,,,25991,8589,4723,5569,5654,1456,,Urban,ATHERTON/LINDENWOOD/MENLO OAKS/MENLO PARK/REDWOOD CITY CENTRAL/SHARON HEIGHTS/WEST MENLO PARK/WOODSI,106410804,106410804
106410806,KAISER FND HOSP - SOUTH SAN FRANCISCO,1200 EL CAMINO REAL,SOUTH SAN FRANCISCO,94080,650-742-2000,Yes,01/01/2011,12/31/2011,Open,07/01/1974,07/01/1974,,NO,19,8,12,6081601900,176a,,04 - West Bay,San Mateo,220000022,Parent Facility,-122.43837,37.65806,General Acute Care,Non-Profit Corporation (incl. Church-related),General Medical / Surgical,105,38325,5806,19701,0,0,0,0,0,0,0,0,15,5475,149,836,2628,0,0,0,0,0,0,0,0,0,0,0,0,0,0,0,0,0,0,0,0,0,0,0,0,120,43800,5955,22329,0,0,0,0,0,0,0,0,0,0,0,,0,0,0,0,0,0,0,0,0,120,43800,5955,22329,0,0,0,0,0,0,0,0,0,0,0,0,0,0,0,0,0,0,0,0,0,0,0,0,0,0,0,0,,Yes,YES,,,Basic,Basic,9415,14,6939,7,8184,390,4989,2438,588,1368,30115,4217,34332,19,0,93,Yes,18,12,14,1,11,2,0,0,0,0,0,0,58,Respondent,1734,250935,4516,365845,0,1,6,7,Yes,0,0,0,,,,0,0,NEITHER,0,0,0,0,0,0,0,0,0,0,0,0,0,0,0,0,0,0,0,0,0,0,0,0,0,0,0,0,0,0,0,0,0,0,0,0,0,0,0,,No,100 - 149,Non-Profit Corporation (i,1,0,0,0,0,0,0,0,0,0,0,0,0,0,0,0,1,,,,,34332,9429,6946,8574,7427,1956,,Urban,BRISBANE/BURLINGAME NORTHEAST/COLMA/DALY CITY EAST/MILLBRAE EAST/SAN BRUNO/SOUTH SAN FRANCISCO,106410806,106410806
106410817,SETON MEDICAL CENTER,1900 SULLIVAN AVENUE,DALY CITY,94015,650-992-4000,Yes,01/01/2011,12/31/2011,Open,12/12/1965,12/12/1965,,NO,19,8,12,6081601400,176d,,04 - West Bay,San Mateo,220000026,Parent Facility,-122.47283,37.68172,General Acute Care,Non-Profit Corporation (incl. Church-related),General Medical / Surgical,201,73365,7775,35857,18,6570,656,1717,0,0,0,0,14,5110,0,973,3935,14,5110,0,848,3065,0,0,0,0,0,0,0,0,0,0,3,1095,0,3,16,0,0,0,0,250,91250,8431,44590,0,0,0,0,24,8760,0,0,83,30295,0,,0,0,0,0,0,0,0,0,0,357,130305,8431,44590,0,0,0,0,0,0,14,615,1593,10,0,0,0,0,0,0,0,0,0,0,0,0,0,0,0,0,0,0,,,,,,Basic,Basic,397,7,3006,12,8449,154,6700,1427,2494,3289,21046,4889,25935,18,0,593,Yes,7,3,3,5,16,13,7,0,0,0,0,0,54,Respondent,2632,306349,5867,268326,4,0,9,13,Yes,615,26,1,,,,0,174,CV SURG,3,0,0,41,57,41,57,79,3,0,0,0,0,211,297,246,208,457,505,962,0,91,5,12,6,457,492,0,0,0,40,30,113,244,1,39,0,0,2492,,No,300 - 499,Non-Profit Corporation (i,1,0,0,0,0,0,0,0,0,0,0,0,0,0,0,0,1,,,,,25935,404,3018,8603,8127,5783,,Urban,BROADMOOR VILLAGE/DALY CITY WEST/SAN BRUNO NORTHWEST/SERRAMONTE/WESTBOROUGH,106410817,106410817
106410828,SETON MEDICAL CENTER - COASTSIDE,600 MARINE BOULEVARD,MOSS BEACH,94038,650-563-7100,Yes,01/01/2011,12/31/2011,Open,02/01/2005,01/01/1971,,NO,19,8,12,6081613600,175.1,,04 - West Bay,San Mateo,220000026,Consolidated Facility,-122.50882,37.52439,General Acute Care,Non-Profit Corporation (incl. Church-related),Long-Term Care (SN/IC),5,1825,0,0,0,0,0,0,0,0,0,0,0,0,0,0,0,0,0,0,0,0,0,0,0,0,0,0,0,0,0,0,0,0,0,0,0,0,0,0,0,5,1825,0,0,0,0,0,0,0,0,0,0,116,42340,68,0,34302,0,0,0,0,0,0,0,0,121,44165,68,34302,0,0,0,0,0,0,0,0,0,0,0,0,0,0,0,0,0,0,0,0,0,0,0,0,0,0,0,0,,,,,,Standby,Standby,24,0,918,0,1635,0,426,0,50,0,3053,0,3053,7,6,14,,0,0,0,0,0,0,0,0,0,0,0,0,0,Respondent,0,0,0,0,0,0,0,0,,0,0,0,,,,0,0,NEITHER,0,0,0,0,0,0,0,0,0,0,0,0,0,0,0,0,0,0,0,0,0,0,0,0,0,0,0,0,0,0,0,0,0,0,0,0,0,0,0,,No,100 - 149,Non-Profit Corporation (i,0,0,1,0,0,0,0,0,0,0,0,0,0,0,0,0,1,,,,,3053,24,918,1635,426,50,,Rural,EL GRANADA/HALF MOON BAY/MIRAMAR/MONTARA/MOSS BEACH/PRINCETON BY THE SEA/SKYLINE,106410828,106410828
106410852,MILLS-PENINSULA MEDICAL CENTER,1501 TROUSDALE DRIVE,BURLINGAME,94010,650-696-5400,Yes,01/01/2011,12/31/2011,Open,03/01/1954,03/01/1954,,NO,19,8,12,6081605000,176e,,04 - West Bay,San Mateo,220000037,Parent Facility,-122.3832465,37.5944692,General Acute Care,Non-Profit Corporation (incl. Church-related),General Medical / Surgical,175,62803,9044,33402,30,11352,1861,5502,0,0,0,0,24,8760,301,1351,3978,0,0,0,0,0,0,0,0,0,0,0,0,0,0,0,12,3442,214,0,1110,0,0,0,0,241,86357,11420,43992,0,0,0,0,0,3752,445,3088,75,27375,479,,17137,0,0,0,0,0,0,0,0,316,117484,12344,64217,0,181,855,0,0,0,0,1896,4335,0,0,0,0,0,0,0,0,0,0,0,0,0,0,0,0,0,0,0,,,,,,Basic,Basic,3140,1005,5965,88,9842,406,4759,3914,483,1795,24189,7208,31397,20,0,454,Yes,25,29,18,31,30,32,2,0,0,0,0,0,167,Respondent,3302,453606,3054,278599,0,0,10,10,Yes,1832,81,4,,,,0,594,CV SURG,1,0,0,102,0,102,0,102,2,0,0,0,0,190,211,181,243,371,454,316,0,68,42,26,11,249,25,0,0,0,5,61,0,3,0,15,0,18,839,Yes,No,300 - 499,Non-Profit Corporation (i,1,0,0,0,0,0,0,0,0,0,0,0,0,0,0,0,1,,,,,31397,4145,6053,10248,8673,2278,,Urban,BURLINGAME HILLS/BURLINGAME SOUTHWEST/HILLSBOROUGH/HILLSDALE/MILLBRAE WEST/SAN BRUNO CENTRAL/SAN MAT,106410852,106410852
106410891,SEQUOIA HOSPITAL,170 ALAMEDA DE LAS PULGAS,REDWOOD CITY,94062,650-369-5811,Yes,01/01/2011,12/31/2011,Open,10/17/1950,10/17/1950,,NO,21,11,12,6081609800,176g,,04 - West Bay,San Mateo,220000045,Parent Facility,-122.25377,37.48129,General Acute Care,Non-Profit Corporation (incl. Church-related),General Medical / Surgical,236,85954,5130,19012,23,8395,1637,4936,0,186,0,0,20,7300,157,739,2394,0,0,0,0,0,0,0,0,0,0,0,0,0,0,0,0,0,0,0,0,0,0,0,0,279,101835,6924,26342,0,0,0,0,18,6694,330,2206,0,0,0,,0,0,0,0,0,0,0,0,0,297,108529,7254,28548,0,0,0,0,0,0,23,1596,3873,0,0,0,0,0,0,0,0,0,0,0,0,0,0,0,0,0,0,0,,,,,,Basic,Basic,425,0,5064,0,8412,0,3750,2617,121,933,17772,3550,21322,15,425,289,Yes,21,15,31,6,7,11,3,0,0,0,0,0,94,Respondent,1693,213860,3009,145295,2,2,6,10,Yes,1597,104,4,Yes,,YES,1028,569,CV SURG,3,0,0,320,16,320,16,57,4,0,0,0,0,103,523,367,832,470,1355,401,0,128,60,44,40,161,26,0,2,0,23,511,46,414,0,1,0,0,1857,Yes,No,200 - 299,Non-Profit Corporation (i,1,0,0,0,0,0,0,0,0,0,0,0,0,0,0,0,1,,,,,21322,425,5064,8412,6367,1054,,Urban,BELMONT/DEVONSHIRE/EMERALD LAKE/FARM HILLS/PALOMAR PARK/SAN CARLOS WEST/THE HIGHLANDS,106410891,106410891
106414018,MENLO PARK SURGICAL HOSPITAL,570 WILLOW ROAD,MENLO PARK,94025,650-324-8500,Yes,01/01/2011,12/31/2011,Open,12/17/1992,12/17/1992,,NO,21,11,14,6081612200,176c,,04 - West Bay,San Mateo,220000276,Parent Facility,-122.16212,37.45797,General Acute Care,Non-Profit Corporation (incl. Church-related),General Medical / Surgical,16,5840,364,441,0,0,0,0,0,0,0,0,0,0,0,0,0,0,0,0,0,0,0,0,0,0,0,0,0,0,0,0,0,0,0,0,0,0,0,0,0,16,5840,364,441,0,0,0,0,0,0,0,0,0,0,0,0,0,0,0,0,0,0,0,0,0,16,5840,364,441,0,0,0,0,0,0,0,0,0,0,0,0,0,0,0,0,0,0,0,0,0,0,0,0,0,0,0,0,,,,,,0,0,0,0,0,0,0,0,0,0,0,0,0,0,0,0,0,0,,0,0,0,0,0,0,0,0,0,0,0,0,0,Respondent,364,68898,1260,155509,0,0,2,2,Yes,0,0,0,,,,0,0,NEITHER,0,0,0,0,0,0,0,0,0,0,0,0,0,0,0,0,0,0,0,0,0,0,0,0,0,0,0,0,0,0,0,0,0,0,0,0,0,0,0,,No,1 - 49,Non-Profit Corporation (i,0,0,0,1,0,0,0,0,0,0,0,0,0,0,0,0,1,,,,,0,0,0,0,0,0,,Urban,ATHERTON/LINDENWOOD/MENLO OAKS/MENLO PARK/REDWOOD CITY CENTRAL/SHARON HEIGHTS/WEST MENLO PARK/WOODSI,106414018,106414018
106420483,GOLETA VALLEY COTTAGE HOSPITAL,351 SOUTH PATTERSON AVENUE,SANTA BARBARA,93111,805-967-3411,Yes,01/01/2011,12/31/2011,Open,07/13/1964,07/13/1964,,NO,35,19,23,6083003001,181a,,10 - Santa Barbara/Ventura,Santa Barbara,50000034,Parent Facility,-119.80929,34.43336,General Acute Care,Non-Profit Corporation (incl. Church-related),General Medical / Surgical,46,16790,1313,3501,10,3650,0,0,0,0,0,0,11,4015,253,435,927,0,0,0,0,0,0,0,0,0,0,0,0,0,0,0,0,0,0,0,0,0,0,0,0,67,24455,1566,4428,0,0,0,0,0,0,0,0,55,20075,19,,10651,0,0,0,0,0,0,0,0,122,44530,1585,15079,0,0,0,0,0,0,0,0,0,0,0,0,0,0,0,0,0,0,0,0,0,0,0,0,0,0,0,0,,,,,,Basic,Basic,523,1,2187,1,7424,8,4679,89,2573,614,17386,713,18099,8,703,8,,0,0,0,0,0,0,0,0,0,0,0,0,0,Respondent,1001,152144,1543,119214,0,0,4,4,Yes,0,0,0,,,,0,0,NEITHER,0,0,0,0,0,0,0,0,0,0,0,0,0,0,0,0,0,0,0,0,0,0,0,0,0,0,0,0,0,0,0,0,0,0,0,0,0,0,0,,No,100 - 149,Non-Profit Corporation (i,1,0,0,0,0,0,0,0,0,0,0,0,0,0,0,0,1,,,,,18099,524,2188,7432,4768,3187,,Urban,GOLETA SOUTH/ISLA VISTA/SANTA BARBARA SOUTH,106420483,106420483
106420491,LOMPOC VALLEY MEDICAL CENTER,1515 E. OCEAN AVENUE,LOMPOC,93436,805-737-3301,Yes,01/01/2011,12/31/2011,Open,01/01/1946,01/01/1946,,NO,33,19,24,6083002703,179,,10 - Santa Barbara/Ventura,Santa Barbara,50000038,Parent Facility,-120.4396497,34.639252,General Acute Care,District,General Medical / Surgical,88,32120,1982,7828,6,2190,465,1030,0,0,0,0,6,2190,0,0,0,0,0,0,0,0,0,0,0,0,0,0,0,0,0,0,0,0,0,0,0,0,0,0,0,100,36500,2447,8858,0,0,0,0,0,0,0,0,110,40150,359,0,75044,0,0,0,0,0,0,0,0,210,76650,2806,83902,0,0,0,0,0,0,10,457,988,0,0,0,0,0,0,0,0,0,0,0,0,0,0,0,0,0,0,0,,Yes,,YES,,Basic,Basic,1066,0,1583,1,8790,26,2295,46,2165,1150,15899,1223,17122,10,0,713,,0,0,0,0,0,0,0,0,0,0,0,0,0,Respondent,807,107780,2567,197943,0,0,4,4,Yes,456,13,2,Yes,,YES,333,123,NEITHER,0,0,0,0,0,0,0,0,0,0,0,0,0,0,0,0,0,0,0,0,0,0,0,0,0,0,0,0,0,0,0,0,0,0,0,0,0,0,0,,No,200 - 299,District,1,0,0,0,0,0,0,0,0,0,0,0,0,0,0,0,1,,,,,17122,1066,1584,8816,2341,3315,,Rural,LOMPOC/MISSION HILLS/VANDENBERG,106420491,106420491
106420493,MARIAN MEDICAL CENTER,1400 EAST CHURCH STREET,SANTA MARIA,93454,805-739-3100,Yes,01/01/2011,12/31/2011,Open,03/08/1967,03/08/1967,,NO,33,15,23,6083002211,180.1,,10 - Santa Barbara/Ventura,Santa Barbara,50000040,Parent Facility,-120.41338,34.95198,General Acute Care,Non-Profit Corporation (incl. Church-related),General Medical / Surgical,123,44895,6142,21845,10,3650,2724,6688,8,2920,963,2380,0,0,0,0,0,12,4380,236,917,3573,0,0,0,0,0,0,0,0,0,0,8,2920,166,0,2041,0,0,0,0,161,58765,10231,36527,0,0,0,0,0,0,0,0,95,34675,535,0,30555,0,0,0,0,0,0,0,0,256,93440,10766,67082,0,0,0,0,0,0,24,2747,4283,0,0,0,0,0,0,0,0,0,0,0,0,0,0,0,0,0,0,0,,,,,,Basic,Basic,1129,1,10240,16,21990,108,10526,1768,3141,7701,47026,9594,56620,17,0,588,Yes,6,24,34,20,18,26,27,38,35,34,35,25,322,Respondent,2550,311574,3735,293000,0,3,7,10,Yes,2747,105,14,,,,0,874,CV SURG,1,0,0,97,0,97,0,82,2,0,0,0,0,211,109,287,70,498,179,498,0,178,40,63,12,133,9,0,2,0,0,0,193,144,0,10,0,619,1901,Yes,No,200 - 299,Non-Profit Corporation (i,1,0,0,0,0,0,0,0,0,0,0,0,0,0,0,0,1,,,,,56620,1130,10256,22098,12294,10842,,Urban,ORCUTT/SANTA MARIA,106420493,106420493
106420514,SANTA BARBARA COTTAGE HOSPITAL,320 WEST PUEBLO STREET,SANTA BARBARA,93105,805-682-7111,Yes,01/01/2011,12/31/2011,Open,01/01/1946,01/01/1946,Level II,NO,35,19,23,6083000300,181b,,10 - Santa Barbara/Ventura,Santa Barbara,50000140,Parent Facility,-119.7231599,34.4294852,General Acute Care,Non-Profit Corporation (incl. Church-related),General Medical / Surgical,230,83950,11788,44864,43,15695,2470,7372,17,6205,1013,2910,20,7300,338,1224,5787,18,6570,538,2119,5295,0,0,0,0,0,0,0,0,0,0,22,8030,307,0,4468,0,0,0,0,350,127750,16454,70696,0,0,0,0,20,7300,1162,5664,0,0,0,,0,0,0,0,0,0,0,0,0,370,135050,17616,76360,0,0,0,0,0,0,42,2135,5108,0,0,18,18,0,17,1,18,5,0,0,0,0,0,13,0,0,0,18,,,,,,Basic,Basic,370,2,3174,7,11530,65,10879,1118,7439,7386,33392,8578,41970,21,9390,492,,0,0,0,0,0,0,0,0,0,0,0,0,0,Respondent,5680,846985,6205,480862,0,6,14,20,Yes,2384,146,42,,,,0,741,CV SURG,2,0,0,183,0,183,0,115,3,0,0,0,0,1085,839,1198,900,2283,1739,1370,0,409,87,74,131,430,32,2,0,0,464,500,24,22,0,23,0,454,4022,,No,300 - 499,Non-Profit Corporation (i,1,0,0,0,1,0,1,0,0,0,0,0,0,0,1,1,0,,41970,,,,372,3181,11595,11997,14825,,Urban,GOLETA NORTH/MISSION CANYON/MONTECITO/RIVIERA/SANTA BARBARA NORTH,106420514,106420514
106420522,SANTA YNEZ VALLEY COTTAGE HOSPITAL,2050 VIBORG ROAD,SOLVANG,93463,805-688-6431,Yes,01/01/2011,12/31/2011,Open,11/02/1964,11/02/1964,,NO,35,19,24,6083001903,178.1,,10 - Santa Barbara/Ventura,Santa Barbara,50000057,Parent Facility,-120.126198,34.602458,General Acute Care,Non-Profit Corporation (incl. Church-related),General Medical / Surgical,11,3957,307,1012,0,0,0,0,0,0,0,0,0,0,0,0,0,0,0,0,0,0,0,0,0,0,0,0,0,0,0,0,0,0,0,0,0,0,0,0,0,11,3957,307,1012,0,0,0,0,0,0,0,0,0,0,0,,0,0,0,0,0,0,0,0,0,11,3957,307,1012,0,0,0,0,0,0,0,0,0,0,0,0,0,0,0,0,0,0,0,0,0,0,0,0,0,0,0,0,,,,,,Standby,Standby,138,0,694,0,2712,0,1721,55,1140,210,6405,265,6670,7,0,42,,0,0,0,0,0,0,0,0,0,0,0,0,0,Respondent,1,53,139,10589,0,0,1,1,Yes,0,0,0,,,,0,0,NEITHER,0,0,0,0,0,0,0,0,0,0,0,0,0,0,0,0,0,0,0,0,0,0,0,0,0,0,0,0,0,0,0,0,0,0,0,0,0,0,0,,No,1 - 49,Non-Profit Corporation (i,0,0,1,0,0,0,0,0,0,0,0,0,0,0,0,0,1,,,,,6670,138,694,2712,1776,1350,,Rural,BUELLTON/LOS OLIVOS/SANTA YNEZ/SOLVANG,106420522,106420522
106424002,SANTA BARBARA PSYCHIATRIC HEALTH FACILITY,315 CAMINO DEL REMEDIO,SANTA BARBARA,93110,805-681-5220,Yes,01/01/2011,12/31/2011,Open,01/29/1988,01/29/1988,,NO,35,19,23,6083000101,181b,,10 - Santa Barbara/Ventura,Santa Barbara,MH1016014,Parent Facility,-119.7795,34.44558,Psychiatric Health Facility,City and/or County,Psychiatric,0,0,0,0,0,0,0,0,0,0,0,0,0,0,0,0,0,0,0,0,0,0,0,0,0,0,0,0,0,0,0,0,0,0,0,0,0,0,0,0,0,0,0,0,0,0,0,0,0,16,5840,480,4139,0,0,0,,0,0,0,0,0,0,0,0,0,16,5840,480,4139,0,0,0,0,0,0,0,0,0,0,13,0,13,0,12,1,13,0,1,6,0,6,0,0,0,0,0,13,,,,,,0,0,0,0,0,0,0,0,0,0,0,0,0,0,0,0,0,0,,0,0,0,0,0,0,0,0,0,0,0,0,0,Respondent,0,0,0,0,0,0,0,0,,0,0,0,,,,0,0,NEITHER,0,0,0,0,0,0,0,0,0,0,0,0,0,0,0,0,0,0,0,0,0,0,0,0,0,0,0,0,0,0,0,0,0,0,0,0,0,0,0,,No,1 - 49,City and/or County,0,0,0,1,0,0,0,0,0,0,0,0,0,0,0,0,1,,,,,0,0,0,0,0,0,,Urban,GOLETA NORTH/MISSION CANYON/MONTECITO/RIVIERA/SANTA BARBARA NORTH,106424002,106424002
106424047,REHABILITATION INSTITUTE AT SANTA BARBARA,2415 DE LA VINA,SANTA BARBARA,93105,805-687-7444,Yes,01/01/2011,12/31/2011,Open,09/20/2007,01/17/2001,,NO,35,19,23,6083000300,181b,,10 - Santa Barbara/Ventura,Santa Barbara,50000140,Consolidated Facility,-119.72206,34.4327,General Acute Care,Non-Profit Corporation (incl. Church-related),Physical Rehabilitation,0,0,0,0,0,0,0,0,0,0,0,0,0,0,0,0,0,0,0,0,0,0,0,0,0,0,0,0,0,0,0,0,0,0,0,0,0,38,13870,644,9514,38,13870,644,9514,0,0,0,0,0,0,0,0,0,0,0,,0,0,0,0,0,0,0,0,0,38,13870,644,9514,0,0,0,0,0,0,0,0,0,0,0,0,0,0,0,0,0,0,0,0,0,0,0,0,0,0,0,0,,,,,,0,0,0,0,0,0,0,0,0,0,0,0,0,0,0,0,0,0,,0,0,0,0,0,0,0,0,0,0,0,0,0,Respondent,0,0,0,0,0,0,0,0,,0,0,0,,,,0,0,NEITHER,0,0,0,0,0,0,0,0,0,0,0,0,0,0,0,0,0,0,0,0,0,0,0,0,0,0,0,0,0,0,0,0,0,0,0,0,0,0,0,,No,1 - 49,Non-Profit Corporation (i,0,0,0,1,0,0,0,0,0,0,0,0,0,0,0,0,1,,,,,0,0,0,0,0,0,,Urban,GOLETA NORTH/MISSION CANYON/MONTECITO/RIVIERA/SANTA BARBARA NORTH,106424047,106424047
106430705,REGIONAL MEDICAL OF SAN JOSE,225 NORTH JACKSON AVENUE,SAN JOSE,95116,408-259-5000-2801,Yes,01/01/2011,12/31/2011,Open,07/16/1965,07/16/1965,Level II,NO,23,13,16,6085503706,183b,,07 - Santa Clara,Santa Clara,70000005,Parent Facility,-121.84837,37.36332,General Acute Care,Investor - Corporation,General Medical / Surgical,162,56586,8621,42818,37,13505,849,9529,8,5464,412,945,34,12410,633,1907,8507,0,0,0,0,0,0,0,0,0,0,0,0,0,0,0,6,2190,37,0,201,0,0,0,0,247,90155,10552,62000,0,0,0,0,0,0,0,0,0,0,0,,0,0,0,0,0,0,0,0,0,247,90155,10552,62000,0,0,0,0,0,0,20,335,743,0,0,0,0,0,0,0,0,0,0,0,0,0,0,0,0,0,0,0,,,,,,Basic,Basic,4727,4,6625,2,25448,15,11227,55,3785,9233,51812,9309,61121,33,0,192,Yes,27,14,19,16,20,15,16,16,18,19,10,13,203,Respondent,2387,313877,4345,258394,0,0,7,7,Yes,368,13,5,,,,0,93,CV SURG,1,0,0,84,12,84,12,77,2,0,0,0,0,594,523,231,208,825,731,530,0,138,94,33,17,254,28,1,18,0,107,23,139,189,16,26,0,191,1804,,No,200 - 299,Investor,1,0,0,0,1,0,1,0,0,0,0,0,0,0,1,1,0,,61121,,,,4731,6627,25463,11282,13018,,Urban,BERRYESSA/EAST SAN JOSE/MILPITAS EAST,106430705,106430705
106430743,EL CAMINO HOSPITAL LOS GATOS,815 POLLARD ROAD,LOS GATOS,95032,650-940-7247,Yes,01/01/2011,12/31/2011,Open,04/11/2009,12/17/1962,,NO,21,15,15,6085506703,183m,,07 - Santa Clara,Santa Clara,70000660,Consolidated Facility,-121.97057,37.26277,General Acute Care,District,General Medical / Surgical,82,29930,2050,6281,14,5110,598,1339,0,0,0,0,7,2555,45,101,1303,8,2920,0,0,0,0,0,0,0,0,0,0,0,0,0,2,730,62,33,333,30,10950,375,4540,143,52195,3130,13796,0,0,0,0,0,0,0,0,0,0,0,,0,0,0,0,0,0,0,0,0,143,52195,3130,13796,0,0,0,0,0,0,8,587,1290,0,0,0,0,0,0,0,0,0,0,0,0,0,0,0,0,0,0,0,,,,,,Basic,Basic,192,0,3425,3,3815,7,1980,84,801,951,10213,1045,11258,10,0,27,,0,0,0,0,0,0,0,0,0,0,0,0,0,Respondent,1155,218210,2194,159802,0,0,6,6,Yes,615,10,1,,,,0,161,NEITHER,0,0,0,0,0,0,0,0,1,0,0,0,0,6,1,0,0,6,1,6,0,0,0,0,0,1,0,0,0,0,0,0,0,0,0,0,0,0,7,Yes,No,100 - 149,District,1,0,0,0,0,0,0,0,0,0,0,0,0,0,0,0,1,,,,,11258,192,3428,3822,2064,1752,,Urban,CAMBRIAN VILLAGE WEST/CAMPBELL SOUTH/LOS GATOS/MONTE SERENO/SAN TOMAS,106430743,106430743
106430763,EL CAMINO HOSPITAL,2500 GRANT ROAD,MOUNTAIN VIEW,94040,650-940-7247,Yes,01/01/2011,12/31/2011,Open,08/18/1961,08/18/1961,,NO,22,13,14,6085509901,183a,,07 - Santa Clara,Santa Clara,70000660,Parent Facility,-122.07801,37.36779,General Acute Care,District,General Medical / Surgical,279,101835,9537,37911,44,16060,4041,10374,7,2555,44,63,24,8760,187,1726,6502,0,0,0,0,0,0,0,0,0,0,0,0,0,0,0,20,7300,476,1034,4651,0,0,0,0,374,136510,14285,59501,0,0,0,0,25,9125,933,7379,0,0,0,0,0,0,0,0,0,0,0,0,0,399,145635,15218,66880,0,0,0,0,0,0,44,3911,9364,0,19,0,19,0,17,2,19,4,0,3,0,0,12,0,0,0,0,19,,,,,,Basic,Basic,284,1,8921,12,11715,35,8551,404,5664,5934,35135,6386,41521,28,0,176,Yes,9,17,9,18,13,22,29,6,16,20,4,16,179,Respondent,4148,701298,2097,197645,0,0,10,10,Yes,4120,126,21,,,,0,1255,CV SURG,2,0,0,176,17,176,17,63,2,0,0,0,0,225,269,337,184,562,453,562,0,164,0,0,0,231,23,35,0,0,0,0,0,0,0,0,0,0,1015,,No,300 - 499,District,1,0,0,0,0,0,0,0,0,0,0,0,0,0,0,0,1,,,,,41521,285,8933,11750,8955,11598,,Urban,LOS ALTOS/LOS ALTOS HILLS/PALO ALTO CENTRAL/STANFORD,106430763,106430763
106430779,GOOD SAMARITAN HOSPITAL-SAN JOSE,2425 SAMARITAN DRIVE,SAN JOSE,95124,408-559-2011,Yes,01/01/2011,12/31/2011,Open,09/21/1965,09/21/1965,,NO,24,11,15,6085502702,183m,,07 - Santa Clara,Santa Clara,70000048,Parent Facility,-121.9449,37.25116,General Acute Care,Investor - Corporation,General Medical / Surgical,152,55480,10760,41066,69,25185,3020,8852,17,6205,1097,2754,22,8030,243,1026,5233,21,7665,224,856,4339,0,0,0,0,0,0,0,0,0,0,51,18615,440,309,10438,0,0,0,0,332,121180,15784,72682,0,0,0,0,0,0,0,0,27,9855,0,0,0,0,0,0,0,0,0,0,0,359,131035,15784,72682,0,17,89,0,0,0,29,3202,5,0,0,0,0,0,0,0,0,0,0,0,0,0,0,0,0,0,0,0,,,,,,Basic,Basic,0,9654,0,11711,0,6263,0,4732,0,367,0,32727,32727,25,8801,298,Yes,11,30,11,9,8,9,4,0,3,2,7,8,102,Respondent,4662,664788,4325,345511,0,0,14,14,Yes,3231,262,78,,,,0,1352,CV SURG,14,0,0,129,0,129,0,64,4,0,0,0,0,0,1309,0,1153,0,2462,990,1,192,69,38,35,457,470,0,85,3,173,162,43,14,14,37,209,21,3013,Yes,No,300 - 499,Investor,1,0,0,0,0,0,0,0,0,0,0,0,0,0,0,0,1,,,,,32727,9654,11711,6263,4732,367,,Urban,CAMBRIAN VILLAGE WEST/CAMPBELL SOUTH/LOS GATOS/MONTE SERENO/SAN TOMAS,106430779,106430779
106430837,OCONNOR HOSPITAL - SAN JOSE,2105 FOREST AVENUE,SAN JOSE,95128,408-947-2716,Yes,01/01/2011,12/31/2011,Open,01/21/1954,01/21/1954,,NO,24,13,16,6085500500,183j,,07 - Santa Clara,Santa Clara,70000072,Parent Facility,-121.93727,37.32714,General Acute Care,Non-Profit Corporation (incl. Church-related),General Medical / Surgical,210,76650,8466,27925,65,23725,3398,8734,27,9855,853,1366,14,5110,247,1245,4302,8,2920,0,0,0,0,0,0,0,0,0,0,0,0,0,10,3650,133,114,1006,0,0,0,0,334,121910,13097,43333,0,0,0,0,0,0,0,0,24,8760,374,0,5031,0,0,0,0,0,0,0,0,358,130670,13471,48364,0,0,0,0,0,0,10,3346,8933,0,0,0,0,0,0,0,0,0,0,0,0,0,0,0,0,0,0,0,,,,,,Basic,Basic,473,0,7143,35,22224,266,15115,1473,1932,4506,46887,6280,53167,23,0,1075,Yes,23,30,23,35,21,32,17,6,4,5,4,12,212,Respondent,2823,384102,3944,281632,0,0,11,11,Yes,3358,163,14,,,,0,983,CV SURG,2,0,0,62,4,62,4,66,2,0,0,0,0,492,243,462,207,954,450,948,1,138,68,27,75,275,422,15,55,4,27,6,423,25,0,24,1,115,2649,Yes,No,300 - 499,Non-Profit Corporation (i,1,0,0,0,0,0,0,0,0,0,0,0,0,0,0,0,1,,,,,53167,473,7178,22490,16588,6438,,Urban,SAN JOSE NORTHWEST,106430837,106430837
106430883,SANTA CLARA VALLEY MEDICAL CENTER,751 SOUTH BASCOM AVENUE,SAN JOSE,95128-2699,408-885-4004,Yes,01/01/2011,12/31/2011,Open,01/01/1953,01/01/1953,Level I & Level II - Ped,YES,24,13,15,6085502101,183j,,07 - Santa Clara,Santa Clara,70000085,Parent Facility,-121.93202,37.31346,General Acute Care,City and/or County,General Medical / Surgical,234,85410,12257,58610,80,29200,4414,12753,40,14600,1582,4727,44,16060,479,1187,7493,8,2920,141,348,2353,0,0,0,0,0,8,2920,217,245,2451,40,14600,292,325,6410,70,25550,563,12483,524,191260,19945,107280,0,0,0,0,50,18250,1420,17669,0,0,0,,0,0,0,0,0,0,0,0,0,574,209510,21365,124949,0,0,0,0,0,0,0,3954,9268,0,48,0,48,0,46,2,48,15,0,14,0,0,0,0,12,0,7,48,Yes,,,,,Comprehensive,Comprehensive,1211,3,18179,14,25089,266,14862,5360,3922,4572,63263,10215,73478,24,0,2066,Yes,101,75,70,60,50,16,11,6,9,7,12,7,424,Respondent,4401,708029,4718,427457,0,0,12,12,Yes,4240,290,79,,,,0,1159,CV SURG,1,0,0,123,1,123,1,76,1,0,0,0,0,500,301,257,44,757,345,757,0,68,21,16,11,205,10,0,0,0,0,0,0,0,0,14,0,0,1102,Yes,No,500+,City and/or County,0,1,0,0,1,1,0,0,0,0,0,0,0,0,1,1,0,73478,,,,,1214,18193,25355,20222,8494,,Urban,SAN JOSE NORTHWEST,106430883,106430883
106430905,STANFORD HOSPITAL,300 PASTEUR DRIVE,PALO ALTO,94305,650-723-4000,Yes,01/01/2011,12/31/2011,Open,01/01/1948,01/01/1948,Level I & Level II - Ped,YES,21,11,14,6085511604,183a,,07 - Santa Clara,Santa Clara,70000662,Parent Facility,-122.17827,37.43342,General Acute Care,Non-Profit Corporation (incl. Church-related),General Medical / Surgical,491,179215,23524,110777,0,0,0,0,0,0,0,0,67,24455,564,3313,17517,8,2920,73,414,2228,0,0,0,0,0,0,0,0,0,0,0,0,0,0,0,17,6205,0,0,583,212795,24161,130522,0,0,0,0,30,10950,856,8507,0,0,0,0,0,0,0,0,0,0,0,0,0,613,223745,25017,139029,0,0,0,0,0,0,0,0,0,0,10,5,15,0,11,4,15,5,0,0,0,0,5,4,0,1,0,15,,,,,,Basic,Basic,3,0,3897,5,13869,133,15834,3220,6920,7026,40523,10384,50907,37,301,566,,0,0,0,0,0,0,0,0,0,0,0,0,0,Respondent,12037,2700140,9979,1026253,0,0,33,33,Yes,0,0,0,,,,0,0,CV SURG,5,0,0,428,198,428,198,101,9,0,0,798,134,970,656,1618,598,3386,1388,3484,814,282,205,250,70,699,500,136,16,68,770,561,765,465,22,22,12,4905,14046,Yes,No,500+,Non-Profit Corporation (i,1,0,0,0,1,1,0,0,0,0,0,0,0,0,1,1,0,50907,,,,,3,3902,14002,19054,13946,,Urban,LOS ALTOS/LOS ALTOS HILLS/PALO ALTO CENTRAL/STANFORD,106430905,106430905
106430915,MISSION OAKS HOSPITAL,15891 LOS GATOS-ALMADEN ROAD,LOS GATOS,95032,408-559-2011,Yes,01/01/2011,12/31/2011,Open,02/01/2001,05/09/1961,,NO,24,11,15,6085506802,183m,,07 - Santa Clara,Santa Clara,70000048,Consolidated Facility,-121.94622,37.24364,General Acute Care,Investor - Corporation,Psychiatric,34,12410,0,0,0,0,0,0,0,0,0,0,0,0,0,0,0,0,0,0,0,0,0,0,0,0,0,0,0,0,0,0,0,0,0,0,0,15,5475,309,4492,49,17885,309,4492,0,0,0,0,21,7665,625,4751,0,0,0,0,0,0,0,0,0,0,0,0,0,70,25550,934,9243,0,0,0,0,2,11,0,0,0,0,0,12,12,0,12,0,12,0,2,0,0,0,10,0,0,0,0,12,,,,,,0,0,0,0,0,0,0,0,0,0,0,0,0,0,0,0,0,0,,0,0,0,0,0,0,0,0,0,0,0,0,0,Respondent,0,0,0,0,0,0,0,0,,0,0,0,,,,0,0,NEITHER,0,0,0,0,0,0,0,0,0,0,0,0,0,0,0,0,0,0,0,0,0,0,0,0,0,0,0,0,0,0,0,0,0,0,0,0,0,0,0,,No,50 - 99,Investor,0,0,0,1,0,0,0,0,0,0,0,0,0,0,0,0,1,,,,,0,0,0,0,0,0,,Urban,CAMBRIAN VILLAGE WEST/CAMPBELL SOUTH/LOS GATOS/MONTE SERENO/SAN TOMAS,106430915,106430915
106431506,KAISER FND HOSP - SAN JOSE,250 HOSPITAL PARKWAY,SAN JOSE,95119,408-972-7000,Yes,01/01/2011,12/31/2011,Open,12/01/1973,12/01/1973,,NO,24,11,16,6085512033,183i,,07 - Santa Clara,Santa Clara,70000117,Parent Facility,-121.80269,37.23924,General Acute Care,Non-Profit Corporation (incl. Church-related),General Medical / Surgical,175,63875,9074,35675,31,11315,2024,4652,0,0,0,0,14,5110,114,671,1507,10,3650,194,1106,2879,0,0,0,0,0,0,0,0,0,0,12,4380,303,156,1056,0,0,0,0,242,88330,11709,45769,0,0,0,0,0,0,0,0,0,0,0,0,0,0,0,0,0,0,0,0,0,242,88330,11709,45769,0,0,0,0,0,0,32,1721,3106,0,0,0,0,0,0,0,0,0,0,0,0,0,0,0,0,0,0,0,,,,,,Basic,Basic,14809,56,5428,9,9312,205,10967,2580,1829,3295,42345,6145,48490,28,0,1732,Yes,0,0,0,0,0,0,1,0,0,0,0,0,1,Respondent,3113,481920,7508,549840,0,5,7,12,Yes,1951,98,7,,,,0,473,CATH LAB,0,0,0,0,0,0,0,0,1,0,0,0,0,87,84,145,0,232,84,232,0,0,0,0,0,78,6,0,0,0,0,0,0,0,0,5,0,92,413,Yes,No,200 - 299,Non-Profit Corporation (i,1,0,0,0,0,0,0,0,0,0,0,0,0,0,0,0,1,,,,,48490,14865,5437,9517,13547,5124,,Urban,NEW ALMADEN/SAN JOSE SOUTHWEST,106431506,106431506
106434040,LUCILE SALTER PACKARD CHILDRENS HOSP. AT STANFORD,725 WELCH ROAD,PALO ALTO,94304,650-498-5050,Yes,01/01/2011,12/31/2011,Open,06/09/1991,06/09/1991,,NO,21,11,14,6085511604,183a,,07 - Santa Clara,Santa Clara,70000659,Parent Facility,-122.17282,37.43677,General Acute Care,Non-Profit Corporation (incl. Church-related),Pediatric,35,12775,2050,7839,32,11680,2723,7631,111,40515,5741,31449,44,16060,520,1557,12228,0,0,0,0,0,0,0,0,0,0,0,0,0,0,0,89,32485,970,205,14466,0,0,0,0,311,113515,12004,73613,0,0,0,0,0,0,0,0,0,0,0,,0,0,0,0,0,0,0,0,0,311,113515,12004,73613,0,0,0,0,0,0,64,4020,8459,0,0,0,0,0,0,0,0,0,0,0,0,0,0,0,0,0,0,0,,,,,,0,0,0,0,0,0,0,0,0,0,0,0,0,0,0,0,0,0,,0,0,0,0,0,0,0,0,0,0,0,0,0,Respondent,2787,592745,2582,227485,0,0,7,7,Yes,4268,446,99,,,,0,1241,CV SURG,2,320,129,66,12,386,141,0,0,0,0,0,0,0,0,0,0,0,0,0,0,0,0,0,0,0,0,0,0,0,0,0,0,0,0,0,0,0,0,Yes,No,300 - 499,Non-Profit Corporation (i,0,0,0,1,0,0,0,0,0,0,0,0,0,0,0,0,1,,,,,0,0,0,0,0,0,,Urban,LOS ALTOS/LOS ALTOS HILLS/PALO ALTO CENTRAL/STANFORD,106434040,106434040
106434051,CHILDRENS RECOVERY CENTER OF NORTHERN CALIFORNIA,3777 SOUTH BASCOM AVENUE,CAMPBELL,95008,408-558-3643,Yes,01/01/2011,12/31/2011,Open,05/29/1992,05/29/1992,,NO,24,11,15,6085502702,183m,,07 - Santa Clara,Santa Clara,70000320,Parent Facility,-121.94843,37.25821,General Acute Care,Investor - Corporation,Long-Term Care (SN/IC),4,1460,0,0,0,0,0,0,0,0,0,0,0,0,0,0,0,0,0,0,0,0,0,0,0,0,0,0,0,0,0,0,0,0,0,0,0,0,0,0,0,4,1460,0,0,0,0,0,0,0,0,0,0,27,9855,0,,9198,0,0,0,0,0,0,0,0,31,11315,0,9198,0,0,0,0,0,0,0,0,0,0,0,0,0,0,0,0,0,0,0,0,0,0,0,0,0,0,0,0,,,,,,0,0,0,0,0,0,0,0,0,0,0,0,0,0,0,0,0,0,,0,0,0,0,0,0,0,0,0,0,0,0,0,Respondent,0,0,0,0,0,0,0,0,,0,0,0,,,,0,0,NEITHER,0,0,0,0,0,0,0,0,0,0,0,0,0,0,0,0,0,0,0,0,0,0,0,0,0,0,0,0,0,0,0,0,0,0,0,0,0,0,0,,No,1 - 49,Investor,0,0,0,1,0,0,0,0,0,0,0,0,0,0,0,0,1,,,,,0,0,0,0,0,0,,Urban,CAMBRIAN VILLAGE WEST/CAMPBELL SOUTH/LOS GATOS/MONTE SERENO/SAN TOMAS,106434051,106434051
106434138,ST. LOUISE REGIONAL HOSPITAL,9400 NO NAME UNO,GILROY,95020,408-848-2000,Yes,01/01/2011,12/31/2011,Open,09/30/1999,09/30/1999,,NO,28,13,15,6085512401,182,,07 - Santa Clara,Santa Clara,70000266,Parent Facility,-121.57411,37.03731,General Acute Care,Non-Profit Corporation (incl. Church-related),General Medical / Surgical,48,17520,2798,9954,16,5840,710,1598,0,0,0,0,4,1460,151,212,1707,4,1460,34,59,156,0,0,0,0,0,0,0,0,0,0,0,0,0,0,0,0,0,0,0,72,26280,3693,13415,0,0,0,0,0,0,0,0,21,7665,0,,0,0,0,0,0,0,0,0,0,93,33945,3693,13415,0,0,0,0,0,0,20,667,1332,0,0,0,0,0,0,0,0,0,0,0,0,0,0,0,0,0,0,0,,,,,,Basic,Basic,2116,519,11116,25,5922,884,1528,882,71,30,20753,2340,23093,8,0,690,,0,0,0,0,0,0,0,0,0,0,0,0,0,Respondent,1048,112758,2167,147724,0,0,5,5,,686,31,3,Yes,YES,,498,188,NEITHER,0,0,0,0,0,0,0,0,0,0,0,0,0,0,0,0,0,0,0,0,0,0,0,0,0,0,0,0,0,0,0,0,0,0,0,0,0,0,0,,No,50 - 99,Non-Profit Corporation (i,1,0,0,0,0,0,0,0,0,0,0,0,0,0,0,0,1,,,,,23093,2635,11141,6806,2410,101,,Rural,GILROY/MORGAN HILL/RUCKER/SAN MARTIN,106434138,106434138
106434153,KAISER FND HOSP - SANTA CLARA,700 LAWRENCE EXPRESSWAY,SANTA CLARA,95051,408-851-1000,Yes,01/01/2011,12/31/2011,Open,07/24/2007,07/24/2007,,NO,22,13,15,6085508102,183f,,07 - Santa Clara,Santa Clara,70000661,Parent Facility,-121.995774,37.334597,General Acute Care,Non-Profit Corporation (incl. Church-related),General Medical / Surgical,185,67525,15480,56675,52,18980,3997,10958,26,9490,2031,6528,38,13870,372,2793,8110,0,0,0,0,0,0,0,0,0,0,0,0,0,0,0,26,9490,321,105,7262,0,0,0,0,327,119355,22201,89533,0,0,0,0,0,0,0,0,0,0,0,0,0,0,0,0,0,0,0,0,0,327,119355,22201,89533,0,0,0,0,0,0,28,3992,8298,0,0,0,0,0,0,0,0,0,0,0,0,0,0,0,0,0,0,0,,,,,,Basic,Basic,14870,52,7313,43,9894,215,15317,3232,3567,5866,50961,9408,60369,32,0,344,Yes,9,3,1,0,5,0,2,2,2,2,2,5,33,Respondent,4915,936146,14470,1172352,2,8,9,19,Yes,4294,374,73,,,,0,1206,CV SURG,2,0,0,438,123,438,123,281,3,0,0,0,0,910,1156,743,488,1653,1644,1452,288,125,0,0,0,1404,92,243,0,6,0,0,920,23,1,86,4,0,4644,,No,300 - 499,Non-Profit Corporation (i,1,0,0,0,0,0,0,0,0,0,0,0,0,0,0,0,1,,,,,60369,14922,7356,10109,18549,9433,,Urban,CUPERTINO/RANCHO RINCONADA/SAN JOSE WEST/SARATOGA,106434153,106434153
106434218,KAISER PERMANENTE P.H.F - SANTA CLARA,3840 HOMESTEAD ROAD,SANTA CLARA,95051,408-851-1000,Yes,01/01/2011,12/31/2011,Open,11/01/2010,11/01/2010,,NO,22,13,15,6085506101,183n,,07 - Santa Clara,Santa Clara,mh0202404,Parent Facility,-121.9947844,37.3377937,Psychiatric Health Facility,Non-Profit Corporation (incl. Church-related),Psychiatric,0,0,0,0,0,0,0,0,0,0,0,0,0,0,0,0,0,0,0,0,0,0,0,0,0,0,0,0,0,0,0,0,0,0,0,0,0,0,0,0,0,0,0,0,0,0,0,0,0,24,8760,1324,7464,0,0,0,0,0,0,0,0,0,0,0,0,0,24,8760,1324,7464,0,0,0,0,0,0,0,0,0,0,20,0,20,0,17,3,20,0,5,0,0,0,0,0,0,0,15,20,,,,,,0,0,0,0,0,0,0,0,0,0,0,0,0,0,0,0,0,0,,0,0,0,0,0,0,0,0,0,0,0,0,0,Respondent,0,0,0,0,0,0,0,0,,0,0,0,,,,0,0,NEITHER,0,0,0,0,0,0,0,0,0,0,0,0,0,0,0,0,0,0,0,0,0,0,0,0,0,0,0,0,0,0,0,0,0,0,0,0,0,0,0,,No,1 - 49,Non-Profit Corporation (i,0,0,0,1,0,0,0,0,0,0,0,0,0,0,0,0,1,,,,,0,0,0,0,0,0,,Urban,SANTA CLARA SOUTH AND WEST,106434218,106434218
106434220,CRESTWOOD SAN JOSE PSYCHIATRIC HEALTH FACILITY,"1425 FRUITDALE AVE, SUITE A",SAN JOSE,95128,408-275-1067,Yes,03/14/2011,12/31/2011,Open,03/02/2011,03/02/2011,,NO,24,13,15,,183j,,07 - Santa Clara,Santa Clara,MH2016047,Parent Facility,-121.9147,37.3108,Psychiatric Health Facility,Investor - Corporation,Psychiatric,0,0,0,0,0,0,0,0,0,0,0,0,0,0,0,0,0,0,0,0,0,0,0,0,0,0,0,0,0,0,0,0,0,0,0,0,0,0,0,0,0,0,0,0,0,0,0,0,0,16,4880,408,3247,0,0,0,,0,0,0,0,0,0,0,0,0,16,4880,408,3247,0,0,0,0,0,0,0,0,0,0,408,0,408,0,408,0,408,0,0,0,0,191,0,0,217,0,0,408,Yes,,,,,0,0,0,0,0,0,0,0,0,0,0,0,0,0,0,0,0,0,,0,0,0,0,0,0,0,0,0,0,0,0,0,Respondent,0,0,0,0,0,0,0,0,,0,0,0,,,,0,0,NEITHER,0,0,0,0,0,0,0,0,0,0,0,0,0,0,0,0,0,0,0,0,0,0,0,0,0,0,0,0,0,0,0,0,0,0,0,0,0,0,0,,No,1 - 49,Investor,0,0,0,1,0,0,0,0,0,0,0,0,0,0,0,0,1,,,,,0,0,0,0,0,0,,,,106434220,106434220
106440755,DOMINICAN HOSPITAL-SANTA CRUZ/SOQUEL,1555 SOQUEL DRIVE,SANTA CRUZ,95065,831-462-7700,Yes,01/01/2011,12/31/2011,Open,12/26/1967,12/26/1967,,NO,27,11,17,6087121300,185.1,,08 - Mid-Coast,Santa Cruz,70000030,Parent Facility,-121.98489,36.98806,General Acute Care,Non-Profit Corporation (incl. Church-related),General Medical / Surgical,181,66065,8818,30893,12,6860,958,2636,8,3230,198,397,10,3650,149,883,2746,6,2190,89,530,1648,0,0,0,0,0,0,0,0,0,0,14,5110,269,99,2454,0,0,0,0,231,87105,10481,40774,0,0,0,0,28,10220,944,5868,0,0,0,0,0,0,0,0,0,0,0,0,0,259,97325,11425,46642,0,0,0,0,0,0,25,705,1517,0,17,0,17,0,16,1,17,7,0,5,0,0,0,0,4,0,1,17,Yes,Yes,YES,,,Basic,Basic,940,8,5700,24,16335,167,7898,5089,1029,3651,31902,8939,40841,24,40,812,Yes,19,60,20,0,17,1,7,1,0,10,4,2,141,Respondent,3363,484953,1483,142287,1,0,7,8,Yes,831,76,11,,,,0,0,CV SURG,1,0,0,84,3,84,3,59,2,0,0,0,0,594,439,576,0,1170,439,1170,0,61,29,26,16,457,48,7,3,0,0,0,45,36,0,28,3,10,1939,,No,200 - 299,Non-Profit Corporation (i,1,0,0,0,0,0,0,0,0,0,0,0,0,0,0,0,1,,,,,40841,948,5724,16502,12987,4680,,Urban,APTOS/CAPITOLA/LIVE OAK/RIO DEL MAR/SANTA CRUZ,106440755,106440755
106441807,DOMINICAN HOSPITAL-SANTA CRUZ/FREDERICK,610 FREDERICK STREET,SANTA CRUZ,95062,831-462-7700,Yes,01/01/2011,12/31/2011,Open,10/01/1959,10/01/1959,,NO,27,11,17,6087100900,185.1,,08 - Mid-Coast,Santa Cruz,70000030,Consolidated Facility,-122.00418,36.97874,General Acute Care,Non-Profit Corporation (incl. Church-related),Long-Term Care (SN/IC),0,0,0,0,0,0,0,0,0,0,0,0,0,0,0,0,0,0,0,0,0,0,0,0,0,0,0,0,0,0,0,0,0,0,0,0,0,20,7300,418,5443,20,7300,418,5443,0,0,0,0,0,0,0,0,37,13505,753,0,9178,0,0,0,0,0,0,0,0,57,20805,1171,14621,0,0,0,0,0,0,0,0,0,0,0,0,0,0,0,0,0,0,0,0,0,0,0,0,0,0,0,0,,,,,,0,0,0,0,0,0,0,0,0,0,0,0,0,0,0,0,0,0,,0,0,0,0,0,0,0,0,0,0,0,0,0,Respondent,0,0,0,0,0,0,0,0,,0,0,0,,,,0,0,NEITHER,0,0,0,0,0,0,0,0,0,0,0,0,0,0,0,0,0,0,0,0,0,0,0,0,0,0,0,0,0,0,0,0,0,0,0,0,0,0,0,,No,50 - 99,Non-Profit Corporation (i,0,0,0,1,0,0,0,0,0,0,0,0,0,0,0,0,1,,,,,0,0,0,0,0,0,,Urban,APTOS/CAPITOLA/LIVE OAK/RIO DEL MAR/SANTA CRUZ,106441807,106441807
106444012,SUTTER MATERNITY AND SURGERY CENTER OF SANTA CRUZ,2900 CHANTICLEER AVENUE,SANTA CRUZ,95065,931-477-2200,Yes,01/01/2011,12/31/2011,Open,03/08/1996,03/08/1996,,NO,27,11,17,6087121300,185.1,,08 - Mid-Coast,Santa Cruz,70000399,Parent Facility,-121.97828,36.9878,General Acute Care,Non-Profit Corporation (incl. Church-related),General Medical / Surgical,18,6570,659,1694,12,4380,971,2721,0,0,0,0,0,0,0,0,0,0,0,0,0,0,0,0,0,0,0,0,0,0,0,0,0,0,0,0,0,0,0,0,0,30,10950,1630,4415,0,0,0,0,0,0,0,0,0,0,0,,0,0,0,0,0,0,0,0,0,30,10950,1630,4415,0,0,0,0,0,0,12,969,2330,0,0,0,0,0,0,0,0,0,0,0,0,0,0,0,0,0,0,0,,,,,,0,0,0,0,0,0,0,0,0,0,0,0,0,0,0,0,0,0,,0,0,0,0,0,0,0,0,0,0,0,0,0,Respondent,649,84895,7949,288739,1,1,4,6,Yes,981,8,0,Yes,,YES,725,256,NEITHER,0,0,0,0,0,0,0,0,0,0,0,0,0,0,0,0,0,0,0,0,0,0,0,0,0,0,0,0,0,0,0,0,0,0,0,0,0,0,0,,No,1 - 49,Non-Profit Corporation (i,0,0,0,1,0,0,0,0,0,0,0,0,0,0,0,0,1,,,,,0,0,0,0,0,0,,Urban,APTOS/CAPITOLA/LIVE OAK/RIO DEL MAR/SANTA CRUZ,106444012,106444012
106444013,WATSONVILLE COMMUNITY HOSPITAL,75 NIELSON STREET,WATSONVILLE,95076,831-724-4741,Yes,01/01/2011,12/31/2011,Open,04/24/1998,04/24/1998,,NO,28,15,17,6087110600,184,,08 - Mid-Coast,Santa Cruz,70000097,Parent Facility,-121.79173,36.92839,General Acute Care,Investor - Corporation,General Medical / Surgical,72,26280,3164,11273,18,6570,1548,4170,0,0,0,0,3,1095,35,194,493,3,1095,35,194,493,0,0,0,0,0,0,0,0,0,0,10,3650,278,0,1898,0,0,0,0,106,38690,5060,18327,0,0,0,0,0,0,0,0,0,0,0,,0,0,0,0,0,0,0,0,0,106,38690,5060,18327,0,0,0,0,0,0,28,1245,3103,0,0,0,0,0,0,0,0,0,0,0,0,0,0,0,0,0,0,0,,,,,,Basic,Basic,810,1,2968,0,16375,79,3362,632,1261,1642,24776,2354,27130,16,2485,829,Yes,6,9,12,7,20,10,4,1,0,1,1,2,73,Respondent,1997,167700,2198,97241,0,0,5,5,Yes,1522,58,5,,,,0,473,CATH LAB,0,0,0,0,0,0,0,0,1,0,0,0,0,59,58,75,39,134,97,131,0,33,22,22,3,0,0,19,0,0,0,0,24,48,0,0,0,0,302,,No,100 - 149,Investor,1,0,0,0,0,0,0,0,0,0,0,0,0,0,0,0,1,,,,,27130,811,2968,16454,3994,2903,,Urban,FREEDOM/WATSONVILLE,106444013,106444013
106450936,MAYERS MEMORIAL HOSPITAL,"HWY. 299-E, P O BOX 459",FALL RIVER MILLS,96028,530-336-5511-1130,Yes,01/01/2011,12/31/2011,Open,01/07/1959,01/07/1959,Level IV,NO,2,4,2,6089012702,190,,01 - Northern California,Shasta,230000021,Parent Facility,-121.42461,41.02362,General Acute Care,District,General Medical / Surgical,20,7300,380,1464,2,730,81,110,0,0,0,0,0,0,0,0,0,0,0,0,0,0,0,0,0,0,0,0,0,0,0,0,0,0,0,0,0,0,0,0,0,22,8030,461,1574,0,0,0,0,0,0,0,0,99,36135,49,0,27701,0,0,0,0,0,0,0,0,121,44165,510,29275,0,0,0,0,0,0,4,73,97,6,0,0,0,0,0,0,0,0,0,0,0,0,0,0,0,0,0,0,,,,,,Standby,Standby,52,0,799,0,1794,38,596,83,337,121,3578,242,3820,4,0,39,,0,0,0,0,0,0,0,0,0,0,0,0,0,Respondent,21,1951,17,1197,0,0,2,2,,73,2,0,,,,0,13,NEITHER,0,0,0,0,0,0,0,0,0,0,0,0,0,0,0,0,0,0,0,0,0,0,0,0,0,0,0,0,0,0,0,0,0,0,0,0,0,0,0,,No,100 - 149,District,0,0,1,0,1,0,0,0,1,0,0,0,0,0,1,1,0,,,,3820,,52,799,1832,679,458,,Frontier,BURNEY/CASSEL/FALL RIVER MILLS/HAT CREEK/MCARTHUR,106450936,106450936
106450940,SHASTA REGIONAL MEDICAL CENTER,1100 BUTTE STREET,REDDING,96001,530-244-5400,Yes,01/01/2011,12/31/2011,Open,04/02/1946,04/02/1946,Level III,NO,2,4,2,6089010100,189.2,,01 - Northern California,Shasta,230000023,Parent Facility,-122.3869,40.58535,General Acute Care,Investor - Limited Liability Company,General Medical / Surgical,203,74095,7950,25934,0,0,0,0,0,0,0,0,35,12775,123,412,2031,8,2920,160,436,2205,0,0,0,0,0,0,0,0,0,0,0,0,0,0,0,0,0,0,0,246,89790,8233,30170,0,0,0,0,0,0,0,0,0,0,0,0,0,0,0,0,0,0,0,0,0,246,89790,8233,30170,0,0,0,0,0,0,0,0,0,0,0,0,0,0,0,0,0,0,0,0,0,0,0,0,0,0,0,0,,,,,,Basic,Basic,981,0,1334,0,15184,4,10731,26,2540,6521,30770,6551,37321,26,0,963,,0,0,0,0,0,0,0,0,0,0,0,0,0,Respondent,1914,242055,1067,85614,0,0,7,7,,0,0,0,,,,0,0,CV SURG,2,0,0,76,1,76,1,64,2,0,0,0,0,463,218,430,72,893,290,893,0,111,47,62,18,290,49,4,0,0,0,0,303,137,8,10,0,38,1970,Yes,No,200 - 299,Investor,1,0,0,0,1,0,0,1,0,0,0,0,0,0,1,1,0,,,37321,,,981,1334,15188,10757,9061,,Urban,REDDING,106450940,106450940
106450949,MERCY MEDICAL CENTER - REDDING,2175 ROSALINE AVENUE,REDDING,96001,530-225-6102,Yes,01/01/2011,12/31/2011,Open,04/09/1953,04/09/1953,Level II,NO,2,4,2,6089010500,189.2,,01 - Northern California,Shasta,230000024,Parent Facility,-122.39742,40.57204,General Acute Care,Non-Profit Corporation (incl. Church-related),General Medical / Surgical,156,56940,9808,41482,31,11315,2042,5196,19,6935,853,1966,34,12410,451,1258,2226,10,3650,395,532,1287,0,0,0,0,0,0,0,0,0,0,16,5840,207,34,3725,0,0,0,0,266,97090,13756,55882,0,0,0,0,0,0,0,0,0,0,0,0,0,0,0,0,0,0,0,0,0,266,97090,13756,55882,0,0,0,0,0,0,16,1925,6815,0,0,0,0,0,0,0,0,0,0,0,0,0,0,0,0,0,0,0,,,,,,Basic,Basic,2131,7,6755,9,17906,61,9763,2802,3286,2777,39841,5656,45497,22,20721,921,,0,0,0,0,0,0,0,0,0,0,0,0,0,Respondent,4828,758695,2987,259127,0,0,9,9,Yes,1930,103,25,,,,0,639,CV SURG,1,0,0,83,99,83,99,143,2,0,0,0,0,354,348,497,372,851,720,1037,1,115,55,73,0,410,28,438,0,0,1,0,203,477,6,36,0,0,2880,,No,200 - 299,Non-Profit Corporation (i,1,0,0,0,1,0,1,0,0,0,0,0,0,0,1,1,0,,45497,,,,2138,6764,17967,12565,6063,,Urban,REDDING,106450949,106450949
106454012,NORTHERN CALIFORNIA REHABILITATION HOSPITAL,2801 EUREKA WAY,REDDING,96001,530-245-4112,Yes,01/01/2011,12/31/2011,Open,09/10/1991,09/10/1991,,NO,2,4,2,6089010600,189.2,,01 - Northern California,Shasta,230000191,Parent Facility,-122.41293,40.58563,General Acute Care,Investor - Limited Liability Company,Other,56,20440,609,17034,0,0,0,0,0,0,0,0,0,0,0,0,0,0,0,0,0,0,0,0,0,0,0,0,0,0,0,0,0,0,0,0,0,0,0,0,0,56,20440,609,17034,0,0,0,0,0,0,0,0,32,11680,526,0,11388,0,0,0,0,0,0,0,0,88,32120,1135,28422,0,0,0,0,0,0,0,0,0,0,0,0,0,0,0,0,0,0,0,0,0,0,0,0,0,0,0,0,,,,,,0,0,0,0,0,0,0,0,0,0,0,0,0,0,0,0,0,0,,0,0,0,0,0,0,0,0,0,0,0,0,0,Respondent,0,0,0,0,0,0,0,0,,0,0,0,,,,0,0,NEITHER,0,0,0,0,0,0,0,0,0,0,0,0,0,0,0,0,0,0,0,0,0,0,0,0,0,0,0,0,0,0,0,0,0,0,0,0,0,0,0,,No,50 - 99,Investor,0,0,0,1,0,0,0,0,0,0,0,0,0,0,0,0,1,,,,,0,0,0,0,0,0,,Urban,REDDING,106454012,106454012
106454013,PATIENTS HOSPITAL OF REDDING,2900 EUREKA WAY,REDDING,96001,530-225-8700,Yes,01/01/2011,12/31/2011,Open,03/23/1992,03/23/1992,,NO,2,4,2,6089010600,189.2,,01 - Northern California,Shasta,230000195,Parent Facility,-122.41632,40.58563,General Acute Care,Investor - individual,General Medical / Surgical,10,3650,256,544,0,0,0,0,0,0,0,0,0,0,0,0,0,0,0,0,0,0,0,0,0,0,0,0,0,0,0,0,0,0,0,0,0,0,0,0,0,10,3650,256,544,0,0,0,0,0,0,0,0,0,0,0,0,0,0,0,0,0,0,0,0,0,10,3650,256,544,0,0,0,0,0,0,0,0,0,0,0,0,0,0,0,0,0,0,0,0,0,0,0,0,0,0,0,0,,,,,,0,0,0,0,0,0,0,0,0,0,0,0,0,0,0,0,0,0,,0,0,0,0,0,0,0,0,0,0,0,0,0,Respondent,256,41597,595,49569,0,0,2,2,,0,0,0,,,,0,0,NEITHER,0,0,0,0,0,0,0,0,0,0,0,0,0,0,0,0,0,0,0,0,0,0,0,0,0,0,0,0,0,0,0,0,0,0,0,0,0,0,0,,No,1 - 49,Investor,0,0,0,1,0,0,0,0,0,0,0,0,0,0,0,0,1,,,,,0,0,0,0,0,0,,Urban,REDDING,106454013,106454013
106461024,EASTERN PLUMAS HOSPITAL-LOYALTON CAMPUS,700 THIRD STREET,LOYALTON,96118,530-832-6500,Yes,01/01/2011,12/31/2011,Open,12/01/2003,07/23/1951,,NO,3,1,4,6091010000,191,,02 - Golden Empire,Sierra,230000014,Consolidated Facility,-120.24344,39.67914,General Acute Care,District,Long-Term Care (SN/IC),1,365,0,0,0,0,0,0,0,0,0,0,0,0,0,0,0,0,0,0,0,0,0,0,0,0,0,0,0,0,0,0,0,0,0,0,0,0,0,0,0,1,365,0,0,0,0,0,0,0,0,0,0,39,14235,20,0,10646,0,0,0,0,0,0,0,0,40,14600,20,10646,0,0,0,0,0,0,0,0,0,0,0,0,0,0,0,0,0,0,0,0,0,0,0,0,0,0,0,0,,Yes,,YES,,0,0,0,0,0,0,0,0,0,0,0,0,0,0,0,0,0,0,,0,0,0,0,0,0,0,0,0,0,0,0,0,Respondent,0,0,0,0,0,0,0,0,,0,0,0,,,,0,0,NEITHER,0,0,0,0,0,0,0,0,0,0,0,0,0,0,0,0,0,0,0,0,0,0,0,0,0,0,0,0,0,0,0,0,0,0,0,0,0,0,0,,No,1 - 49,District,0,0,0,1,0,0,0,0,0,0,0,0,0,0,0,0,1,,,,,0,0,0,0,0,0,,Frontier,ALLEGHANY/CALPINE/DOWNIEVILLE/GOODYEAR BAR/SATTLEY/SIERRA CITY/SIERRAVILLE,106461024,106461024
106470871,MERCY MEDICAL CENTER MT. SHASTA,"914 PINE STREET, BOX 239",MOUNT SHASTA,96067,530-926-6111,Yes,01/01/2011,12/31/2011,Open,04/13/1976,04/13/1976,Level III,NO,2,4,2,6093001000,197,,01 - Northern California,Siskiyou,230000015,Parent Facility,-122.323,41.31896,General Acute Care,Non-Profit Corporation (incl. Church-related),General Medical / Surgical,25,9125,978,2770,4,1460,156,262,0,0,0,0,4,1460,6,49,89,0,0,0,0,0,0,0,0,0,0,0,0,0,0,0,0,0,0,0,0,0,0,0,0,33,12045,1140,3121,0,0,0,0,0,0,0,0,0,5600,0,0,0,0,0,0,0,0,0,0,0,33,17645,1140,3121,0,0,0,0,0,0,4,147,229,10,0,0,0,0,0,0,0,0,0,0,0,0,0,0,0,0,0,0,,Yes,YES,,,Basic,Basic,222,0,1319,0,3322,10,2050,385,632,329,7545,724,8269,8,2205,25,,0,0,0,0,0,0,0,0,0,0,0,0,0,Respondent,514,69348,1861,94387,0,0,5,5,Yes,147,8,3,,,,0,31,NEITHER,0,0,0,0,0,0,0,0,0,0,0,0,0,0,0,0,0,0,0,0,0,0,0,0,0,0,0,0,0,0,0,0,0,0,0,0,0,0,0,,No,1 - 49,Non-Profit Corporation (i,1,0,0,0,1,0,0,1,0,0,0,0,0,0,1,1,0,,,8269,,,222,1319,3332,2435,961,,Rural,CARRICK/EDGEWOOD/MOUNT SHASTA/WEED,106470871,106470871
106474007,FAIRCHILD MEDICAL CENTER,444 BRUCE STREET,YREKA,96097,530-842-4121,Yes,01/01/2011,12/31/2011,Open,07/11/1997,07/11/1997,Level III,NO,2,4,2,6093000702,195,,01 - Northern California,Siskiyou,230000035,Parent Facility,-122.64353,41.71865,General Acute Care,Non-Profit Corporation (incl. Church-related),General Medical / Surgical,24,8760,1371,3470,0,0,0,0,0,0,0,0,4,1460,166,112,588,0,0,0,0,0,0,0,0,0,0,0,0,0,0,0,0,0,0,0,0,0,0,0,0,28,10220,1537,4058,0,0,0,0,0,0,0,0,0,0,0,,0,0,0,0,0,0,0,0,0,28,10220,1537,4058,0,0,0,0,0,0,0,212,414,10,0,0,0,0,0,0,0,0,0,0,0,0,0,0,0,0,0,0,,,,,,Basic,Basic,175,0,6133,0,4702,0,554,0,66,0,11630,1157,12787,7,6308,269,,0,0,0,0,0,0,0,0,0,0,0,0,0,Respondent,492,60552,769,65239,0,0,4,4,,216,5,0,,,,0,79,NEITHER,0,0,0,0,0,0,0,0,0,0,0,0,0,0,0,0,0,0,0,0,0,0,0,0,0,0,0,0,0,0,0,0,0,0,0,0,0,0,0,,No,1 - 49,Non-Profit Corporation (i,1,0,0,0,1,0,0,1,0,0,0,0,0,0,1,1,0,,,12787,,,175,6133,4702,554,66,1157,Rural,GAZELLE/GRENADA/HILT/HORNBROOK/YREKA,106474007,106474007
106480989,KAISER FND HOSP - REHABILITATION CENTER VALLEJO,975 SERENO DRIVE,VALLEJO,94590,707-651-1000,Yes,01/01/2011,12/31/2011,Open,03/21/1973,03/21/1973,,NO,7,2,7,6095251400,204,,03 - North Bay,Solano,110000026,Parent Facility,-122.24553,38.12869,General Acute Care,Non-Profit Corporation (incl. Church-related),General Medical / Surgical,128,64960,7182,28819,32,11680,2342,5162,0,0,0,0,14,7276,231,1410,4319,10,3650,0,0,0,0,0,0,0,0,0,0,0,0,0,16,5840,445,120,1819,48,22992,864,16425,248,116398,11064,56544,0,0,0,0,0,0,0,0,0,0,0,,0,0,0,0,0,0,0,0,0,248,116398,11064,56544,0,0,0,0,0,0,22,1927,3366,0,0,0,0,0,0,0,0,0,0,0,0,0,0,0,0,0,0,0,,,,,,Basic,Basic,15123,21,5890,21,8980,470,6540,2785,781,1594,37314,4891,42205,39,16044,68,,0,0,0,0,0,0,0,0,0,0,0,0,0,Respondent,2447,376988,4527,458343,0,0,10,10,,2243,101,11,,,,0,633,CATH LAB,0,0,0,0,0,0,0,0,1,0,0,0,0,61,6,149,0,210,6,216,0,0,0,0,0,6,0,0,0,0,0,0,0,0,0,1,0,1,224,,No,200 - 299,Non-Profit Corporation (i,1,0,0,0,0,0,0,0,0,0,0,0,0,0,0,0,1,,,,,42205,15144,5911,9450,9325,2375,,Urban,VALLEJO,106480989,106480989
106481015,ST. HELENA HOSPITAL CENTER FOR BEHAVIORAL HEALTH,525 OREGON STREET,VALLEJO,94590,707-648-2200,Yes,01/01/2011,12/31/2011,Open,06/17/1963,06/17/1963,,NO,7,2,7,6095251500,204,,03 - North Bay,Solano,110000042,Parent Facility,-122.25033,38.11825,Acute Psychiatric,Non-Profit Corporation (incl. Church-related),Psychiatric,0,0,0,0,0,0,0,0,0,0,0,0,0,0,0,0,0,0,0,0,0,0,0,0,0,0,0,0,0,0,0,0,0,0,0,0,0,0,0,0,0,0,0,0,0,0,0,0,0,61,22265,2244,19885,0,0,0,,0,0,0,0,0,0,0,0,0,61,22265,2244,19885,0,0,0,0,0,0,0,0,0,0,51,0,51,14,35,2,51,18,0,9,0,6,0,18,0,0,0,51,Yes,,,,,0,0,0,0,0,0,0,0,0,0,0,0,0,0,0,0,0,0,,0,0,0,0,0,0,0,0,0,0,0,0,0,Respondent,0,0,0,0,0,0,0,0,,0,0,0,,,,0,0,NEITHER,0,0,0,0,0,0,0,0,0,0,0,0,0,0,0,0,0,0,0,0,0,0,0,0,0,0,0,0,0,0,0,0,0,0,0,0,0,0,0,,No,50 - 99,Non-Profit Corporation (i,0,0,0,1,0,0,0,0,0,0,0,0,0,0,0,0,1,,,,,0,0,0,0,0,0,,Urban,VALLEJO,106481015,106481015
106481094,SUTTER SOLANO MEDICAL CENTER,300 HOSPITAL DRIVE,VALLEJO,94590,707-554-4444,Yes,01/01/2011,12/31/2011,Open,01/01/1946,01/01/1946,,NO,7,2,7,6095251901,204,,03 - North Bay,Solano,110000082,Parent Facility,-122.23912,38.13117,General Acute Care,Non-Profit Corporation (incl. Church-related),General Medical / Surgical,60,21900,3921,14449,30,10950,934,1438,0,0,0,0,12,4380,227,877,3315,0,0,0,0,0,0,0,0,0,0,0,0,0,0,0,0,0,0,0,0,0,0,0,0,102,37230,5082,19202,0,0,0,0,0,0,0,0,0,0,0,0,0,0,0,0,0,0,0,0,0,102,37230,5082,19202,0,0,0,0,0,0,12,773,1299,0,0,0,0,0,0,0,0,0,0,0,0,0,0,0,0,0,0,0,,Yes,YES,,,Basic,Basic,265,5,7956,4,11482,20,8630,253,3812,3073,32145,3355,35500,13,0,783,,0,0,0,0,0,0,0,0,0,0,0,0,0,Respondent,1392,121704,3397,178861,0,0,4,4,Yes,773,26,1,,,YES,577,196,NEITHER,0,0,0,0,0,0,0,0,0,0,0,0,0,0,0,0,0,0,0,0,0,0,0,0,0,0,0,0,0,0,0,0,0,0,0,0,0,0,0,,No,100 - 149,Non-Profit Corporation (i,1,0,0,0,0,0,0,0,0,0,0,0,0,0,0,0,1,,,,,35500,270,7960,11502,8883,6885,,Urban,VALLEJO,106481094,106481094
106481357,NORTH BAY MEDICAL CENTER,1200 B. GALE WILSON BLVD.,FAIRFIELD,94533,707-646-5000,Yes,01/01/2011,12/31/2011,Open,12/11/1959,12/11/1959,Level III,NO,8,5,10,6095252604,202b,,03 - North Bay,Solano,110000093,Parent Facility,-122.05076,38.26097,General Acute Care,Non-Profit Corporation (incl. Church-related),General Medical / Surgical,85,31025,3709,13500,13,4745,1510,3116,0,0,0,0,16,5840,394,593,3531,0,0,0,0,0,0,0,0,0,0,0,0,0,0,0,16,5840,176,0,3104,0,0,0,0,130,47450,5789,23251,0,0,0,0,0,0,0,0,0,0,0,,0,0,0,0,0,0,0,0,0,130,47450,5789,23251,0,0,0,0,0,0,11,1298,2224,0,0,0,0,0,0,0,0,0,0,0,0,0,0,0,0,0,0,0,,,,,,Basic,Basic,109,1,2172,2,15318,13,10557,163,5950,3572,34106,3751,37857,19,2284,1133,,0,0,0,0,0,0,0,0,0,0,0,0,0,Respondent,1000,138332,964,82851,1,0,3,4,Yes,1431,49,10,,,,0,431,CV SURG,1,0,0,8,36,8,36,33,1,0,0,0,0,254,241,305,221,559,462,714,0,67,38,41,31,190,19,1,0,0,0,0,25,61,0,5,0,25,1217,Yes,No,100 - 149,Non-Profit Corporation (i,1,0,0,0,1,0,0,1,0,0,0,0,0,0,1,1,0,,,37857,,,110,2174,15331,10720,9522,,Urban,FAIRFIELD,106481357,106481357
106484001,NORTH BAY VACAVALLEY HOSPITAL,1000 NUT TREE ROAD,VACAVILLE,95687,707-646-5000,Yes,01/01/2011,12/31/2011,Open,07/01/1987,07/01/1987,,NO,8,5,7,6095252902,202a,,03 - North Bay,Solano,110000093,Consolidated Facility,-121.95293,38.35509,General Acute Care,Non-Profit Corporation (incl. Church-related),General Medical / Surgical,44,16060,2294,9036,0,0,0,0,0,0,0,0,6,2190,115,301,1392,0,0,0,0,0,0,0,0,0,0,0,0,0,0,0,0,0,0,0,0,0,0,0,0,50,18250,2409,10428,0,0,0,0,0,0,0,0,0,0,0,,0,0,0,0,0,0,0,0,0,50,18250,2409,10428,0,0,0,0,0,0,0,0,0,0,0,0,0,0,0,0,0,0,0,0,0,0,0,0,0,0,0,0,,,,,,Basic,Basic,61,0,1020,0,8143,9,6117,129,3494,2251,18835,2389,21224,17,1081,305,,0,0,0,0,0,0,0,0,0,0,0,0,0,Respondent,494,59445,106,11211,0,0,2,2,Yes,0,0,0,,,,0,0,NEITHER,0,0,0,0,0,0,0,0,0,0,0,0,0,0,0,0,0,0,0,0,0,0,0,0,0,0,0,0,0,0,0,0,0,0,0,0,0,0,0,,No,50 - 99,Non-Profit Corporation (i,1,0,0,0,0,0,0,0,0,0,0,0,0,0,0,0,1,,,,,21224,61,1020,8152,6246,5745,,Urban,VACAVILLE,106484001,106484001
106484028,NORTH VALLEY-SOLANO COUNTY PSYCHIATRIC HEALTH FACILITY,,,,,,,,,,,,No,8,5,10,,,,,Solano,,,,,,,,,,,,,,,,,,,,,,,,,,,,,,,,,,,,,,,,,,,,,,,,,,,,,,,,,,,,,,,,,,,,,,,,,,,,,,,,,,,,,,,,,,,,,,,,,,,,,,,,,,,,,,,0,0,,,,,,,,,,,,,,,,,,,,,,,,,,,,,,,Non-Respondent,,,,,,,,,,,,,,,,,,NEITHER,,,,,,,,,,,,,,,,,,,,,,,,,,,,,,,,,,,,,,,,,No,,,0,0,0,1,0,0,0,0,0,0,0,0,0,0,0,0,1,,,,,,,,,,,,Urban,FAIRFIELD,106484028,106484028
106484044,KAISER FOUNDATION HOSPITAL - VACAVILLE,1 QUALITY DRIVE,VACAVILLE,95688,707-651-1000,Yes,01/01/2011,12/31/2011,Open,09/16/2009,09/16/2009,Level III,NO,8,5,7,6095252904,202a,,03 - North Bay,Solano,550001207,Parent Facility,-121.9373177,38.3894968,General Acute Care,Non-Profit Corporation (incl. Church-related),General Medical / Surgical,48,17520,3235,11730,0,0,0,0,0,0,0,0,16,5840,95,449,1209,0,0,0,0,0,0,0,0,0,0,0,0,0,0,0,0,0,0,0,0,0,0,0,0,64,23360,3330,12939,0,0,0,0,0,0,0,0,0,0,0,,0,0,0,0,0,0,0,0,0,64,23360,3330,12939,0,0,0,0,0,0,0,0,0,0,0,0,0,0,0,0,0,0,0,0,0,0,0,0,0,0,0,0,,,,,,Basic,Basic,13551,16,4038,7,6184,249,4560,1458,523,882,28856,2612,31468,24,14304,59,,0,0,0,0,0,0,0,0,0,0,0,0,0,Respondent,560,81968,3764,333699,6,4,0,10,Yes,0,0,0,,,,0,0,NEITHER,0,0,0,0,0,0,0,0,0,0,0,0,0,0,0,0,0,0,0,0,0,0,0,0,0,0,0,0,0,0,0,0,0,0,0,0,0,0,0,,No,50 - 99,Non-Profit Corporation (i,1,0,0,0,0,0,0,0,0,0,0,0,0,0,0,0,1,,,,,31468,13567,4045,6433,6018,1405,,Urban,VACAVILLE,106484044,106484044
106490907,SANTA ROSA MEMORIAL HOSPITAL-SOTOYOME,151 SOTOYOME STREET,SANTA ROSA,95405,707-525-5300,No,01/01/2011,12/31/2011,Open,02/01/1962,02/01/1962,,NO,7,2,6,6097152000,210.1,,03 - North Bay,Sonoma,140000648,Consolidated Facility,-122.70136,38.44181,General Acute Care,Non-Profit Corporation (incl. Church-related),,29,10585,0,0,0,0,0,0,0,0,0,0,0,0,0,0,0,0,0,0,0,0,0,0,0,0,0,0,0,0,0,0,0,0,0,0,0,0,0,0,0,29,10585,0,0,0,0,0,0,0,0,0,0,31,11315,0,,0,0,0,0,0,0,0,0,0,60,21900,0,0,0,0,0,0,0,0,0,0,0,0,0,0,0,0,0,0,0,0,0,0,0,0,0,0,0,0,0,0,,,,,,0,0,0,0,0,0,0,0,0,0,0,0,0,0,0,0,0,0,NO,0,0,0,0,0,0,0,0,0,0,0,0,,Respondent,0,0,0,0,0,0,0,0,,0,0,0,,,,0,0,NEITHER,0,0,0,0,0,0,0,0,0,0,0,0,0,0,0,0,0,0,0,0,0,0,0,0,0,0,0,0,0,0,0,0,0,0,0,0,0,0,0,,No,50 - 99,Non-Profit Corporation (i,0,0,0,1,0,0,0,0,0,0,0,0,0,0,0,0,1,,,,,0,0,0,0,0,0,,Urban,SANTA ROSA,106490907,106490907
106490919,SUTTER MEDICAL CENTER OF SANTA ROSA,3325 CHANATE ROAD,SANTA ROSA,95404,707-576-4000,Yes,01/01/2011,12/31/2011,Open,07/01/1953,07/01/1953,,NO,7,2,6,6097152400,210.1,,03 - North Bay,Sonoma,110000005,Parent Facility,-122.70739,38.46855,General Acute Care,Non-Profit Corporation (incl. Church-related),General Medical / Surgical,91,33215,3542,14167,18,6570,1595,4066,0,0,0,0,16,5840,196,865,2714,0,0,0,0,0,0,0,0,0,0,0,0,0,0,0,10,3650,266,79,2355,0,0,0,0,135,49275,5599,23302,0,0,0,0,0,0,0,0,0,0,0,,0,0,0,0,0,0,0,0,0,135,49275,5599,23302,0,0,0,0,0,0,10,1404,2802,0,0,0,0,0,0,0,0,0,0,0,0,0,0,0,0,0,0,0,,,,,,Basic,Basic,340,1,3632,3,9047,12,6624,266,3264,1698,22907,1980,24887,15,0,122,,0,0,0,0,0,0,0,0,0,0,0,0,0,Respondent,1517,242324,2007,166592,0,0,6,6,Yes,1619,96,14,,,,0,360,CV SURG,1,0,0,159,0,159,0,95,2,0,0,0,0,343,293,548,115,891,408,768,0,100,2,88,95,212,9,0,0,1,132,96,345,157,50,21,0,84,2160,Yes,No,100 - 149,Non-Profit Corporation (i,1,0,0,0,0,0,0,0,0,0,0,0,0,0,0,0,1,,,,,24887,341,3635,9059,6890,4962,,Urban,SANTA ROSA,106490919,106490919
106490964,HEALDSBURG DISTRICT HOSPITAL,1375 UNIVERSITY STREET,HEALDSBURG,95448,707-431-6500-6536,Yes,01/01/2011,12/31/2011,Open,01/10/1972,01/10/1972,,NO,1,2,1,6097153902,205.1,,03 - North Bay,Sonoma,110000019,Parent Facility,-122.86385,38.62764,General Acute Care,District,General Medical / Surgical,17,6205,1005,4029,5,1825,0,0,0,0,0,0,4,1460,73,117,563,0,0,0,0,0,0,0,0,0,0,0,0,0,0,0,0,0,0,0,0,0,0,0,0,26,9490,1078,4592,0,0,0,0,0,0,0,0,17,6205,6,,5139,0,0,0,0,0,0,0,0,43,15695,1084,9731,0,0,0,0,0,0,0,0,0,10,0,0,0,0,0,0,0,0,0,0,0,0,0,0,0,0,0,0,,,,,,Standby,Standby,536,0,3740,0,4690,374,0,297,0,90,8966,761,9727,8,0,28,,0,0,0,0,0,0,0,0,0,0,0,0,0,Respondent,225,24749,1018,49454,0,1,2,3,Yes,0,0,0,,,,0,0,NEITHER,0,0,0,0,0,0,0,0,0,0,0,0,0,0,0,0,0,0,0,0,0,0,0,0,0,0,0,0,0,0,0,0,0,0,0,0,0,0,0,Yes,No,1 - 49,District,0,0,1,0,0,0,0,0,0,0,0,0,0,0,0,0,1,,,,,9727,536,3740,5064,297,90,,Rural,GEYSERVILLE/HEALDSBURG,106490964,106490964
106491001,PETALUMA VALLEY HOSPITAL,400 NORTH MC DOWELL BOULEVARD,PETALUMA,94954,707-778-1111,Yes,01/01/2011,12/31/2011,Open,03/05/1980,03/05/1980,,NO,6,3,6,6097150605,209.1,,03 - North Bay,Sonoma,110000001,Parent Facility,-122.63429,38.25402,General Acute Care,Non-Profit Corporation (incl. Church-related),General Medical / Surgical,61,22265,2190,7665,10,3650,459,1024,0,0,0,0,9,3285,229,221,1502,0,0,0,0,0,0,0,0,0,0,0,0,0,0,0,0,0,0,0,0,0,0,0,0,80,29200,2878,10191,0,0,0,0,0,0,0,0,0,0,0,,0,0,0,0,0,0,0,0,0,80,29200,2878,10191,0,0,0,0,0,0,10,441,819,0,0,0,0,0,0,0,0,0,0,0,0,0,0,0,0,0,0,0,,,,,,Basic,Basic,441,1,5039,5,8130,57,1212,718,620,1255,15442,2036,17478,15,0,91,,0,0,0,0,0,0,0,0,0,0,0,0,0,Respondent,825,99945,1418,99501,0,0,4,4,,445,8,0,,,,0,118,NEITHER,0,0,0,0,0,0,0,0,0,0,0,0,0,0,0,0,0,0,0,0,0,0,0,0,0,0,0,0,0,0,0,0,0,0,0,0,0,0,0,,No,50 - 99,Non-Profit Corporation (i,1,0,0,0,0,0,0,0,0,0,0,0,0,0,0,0,1,,,,,17478,442,5044,8187,1930,1875,,Urban,PETALUMA,106491001,106491001
106491064,SANTA ROSA MEMORIAL HOSPITAL-MONTGOMERY,1165 MONTGOMERY DRIVE,SANTA ROSA,95405,707-525-5300,Yes,01/01/2011,12/31/2011,Open,02/07/1950,02/07/1950,Level II,NO,7,2,6,6097151800,210.1,,03 - North Bay,Sonoma,140000648,Parent Facility,-122.70114,38.44304,General Acute Care,Non-Profit Corporation (incl. Church-related),General Medical / Surgical,203,74095,9502,40837,15,5475,873,2534,6,2190,602,2025,16,5840,519,606,7555,10,3650,0,0,0,0,0,0,0,0,0,0,0,0,0,12,4380,121,0,1801,16,5840,280,2983,278,101470,11897,57735,0,0,0,0,0,0,0,0,0,0,0,,0,0,0,0,0,0,0,0,0,278,101470,11897,57735,0,0,0,0,0,0,16,877,1978,0,0,0,0,0,0,0,0,0,0,0,0,0,0,0,0,0,0,0,,,,,,Basic,Basic,394,3,7834,15,16528,130,4068,1337,982,5031,29806,6516,36322,19,0,0,,0,0,0,0,0,0,0,0,0,0,0,0,0,Respondent,3987,568200,2756,240692,0,0,8,8,Yes,985,73,8,,,,0,320,CV SURG,2,0,0,68,54,68,54,98,2,0,0,0,0,527,319,321,0,848,319,845,3,0,0,0,0,272,56,2,0,0,0,0,754,668,0,19,0,1267,3886,,No,200 - 299,Non-Profit Corporation (i,1,0,0,0,1,0,1,0,0,0,0,0,0,0,1,1,0,,36322,,,,397,7849,16658,5405,6013,,Urban,SANTA ROSA,106491064,106491064
106491076,SONOMA VALLEY HOSPITAL,347 ANDRIEUX STREET,SONOMA,95476,707-935-5000,Yes,01/01/2011,12/31/2011,Open,07/26/1957,07/26/1957,,NO,6,2,1,6097150201,208,,03 - North Bay,Sonoma,110000072,Parent Facility,-122.46524,38.28841,General Acute Care,District,General Medical / Surgical,46,16790,1448,4743,4,1460,195,447,0,0,0,0,6,2190,182,208,1100,0,0,0,0,0,0,0,0,0,0,0,0,0,0,0,0,0,0,0,0,0,0,0,0,56,20440,1825,6290,0,0,0,0,0,0,0,0,27,9855,412,26,7178,0,0,0,0,0,0,0,0,83,30295,2237,13468,0,0,0,0,0,0,7,183,442,0,0,0,0,0,0,0,0,0,0,0,0,0,0,0,0,0,0,0,,,,,,Basic,Basic,59,2,2507,15,3136,40,829,114,98,115,6629,286,6915,5,277,215,,0,0,0,0,0,0,0,0,0,0,0,0,0,Respondent,577,57246,1596,77294,0,0,4,4,Yes,183,3,0,,,,0,0,NEITHER,0,0,0,0,0,0,0,0,0,0,0,0,0,0,0,0,0,0,0,0,0,0,0,0,0,0,0,0,0,0,0,0,0,0,0,0,0,0,0,,No,50 - 99,District,1,0,0,0,0,0,0,0,0,0,0,0,0,0,0,0,1,,,,,6915,61,2522,3176,943,213,,Rural,BOYES HOT SPRINGS/GLEN ELLEN/KENWOOD/SONOMA/VINEBURG,106491076,106491076
106491267,SONOMA DEVELOPMENTAL CENTER,P.O. BOX 1493,ELDRIDGE,95431,707-938-6000,Yes,01/01/2011,12/31/2011,Open,01/01/1946,01/01/1946,,NO,6,3,6,6097150303,208,,03 - North Bay,Sonoma,150000089,Parent Facility,-122.51506,38.34729,General Acute Care,State,Developmentally Disabled,13,4745,5,947,0,0,0,0,0,0,0,0,0,0,0,0,0,0,0,0,0,0,0,0,0,0,0,0,0,0,0,0,0,0,0,0,0,0,0,0,0,13,4745,5,947,0,0,0,0,0,0,0,0,647,236155,15,0,89090,0,0,0,0,753,274845,25,120272,1413,515745,45,210309,0,0,0,0,0,0,0,0,0,0,0,0,0,0,0,0,0,0,0,0,0,0,0,0,0,0,0,0,,,,,,0,0,0,0,0,0,0,0,0,0,0,0,0,0,0,0,0,0,,0,0,0,0,0,0,0,0,0,0,0,0,0,Respondent,0,0,0,0,0,0,0,0,,0,0,0,,,,0,0,NEITHER,0,0,0,0,0,0,0,0,0,0,0,0,0,0,0,0,0,0,0,0,0,0,0,0,0,0,0,0,0,0,0,0,0,0,0,0,0,0,0,,Yes,500+,State,0,0,0,1,0,0,0,0,0,0,0,0,0,0,0,0,1,,,,,0,0,0,0,0,0,,Rural,BOYES HOT SPRINGS/GLEN ELLEN/KENWOOD/SONOMA/VINEBURG,106491267,106491267
106491338,PALM DRIVE HOSPITAL,501 PETALUMA AVENUE,SEBASTOPOL,95472,707-823-8511,Yes,01/01/2011,12/31/2011,Open,01/01/1946,01/01/1946,,NO,1,2,6,6097153403,210.2,,03 - North Bay,Sonoma,110000091,Parent Facility,-122.82111,38.39836,General Acute Care,District,General Medical / Surgical,32,11680,1044,3498,0,0,0,0,0,0,0,0,5,1825,153,219,803,0,0,0,0,0,0,0,0,0,0,0,0,0,0,0,0,0,0,0,0,0,0,0,0,37,13505,1197,4301,0,0,0,0,0,0,0,0,0,0,0,0,0,0,0,0,0,0,0,0,0,37,13505,1197,4301,0,0,0,0,0,0,0,0,0,10,0,0,0,0,0,0,0,0,0,0,0,0,0,0,0,0,0,0,,Yes,YES,,,Standby,Standby,36,0,813,0,3445,20,2220,96,436,663,6950,779,7729,5,0,197,,0,0,0,0,0,0,0,0,0,0,0,0,0,Respondent,446,57930,1388,93325,0,0,2,2,Yes,0,0,0,,,,0,0,NEITHER,0,0,0,0,0,0,0,0,0,0,0,0,0,0,0,0,0,0,0,0,0,0,0,0,0,0,0,0,0,0,0,0,0,0,0,0,0,0,0,,No,1 - 49,District,0,0,1,0,0,0,0,0,0,0,0,0,0,0,0,0,1,,,,,7729,36,813,3465,2316,1099,,Rural,BODEGA/SEBASTOPOL,106491338,106491338
106494019,KAISER FND HOSP - SANTA ROSA,401 BICENTENNIAL WAY,SANTA ROSA,95403,707-393-4000,Yes,01/01/2011,12/31/2011,Open,03/30/1990,03/30/1990,,YES,7,2,6,6097152802,210.1,,03 - North Bay,Sonoma,110000213,Parent Facility,-122.73119,38.47087,General Acute Care,Non-Profit Corporation (incl. Church-related),General Medical / Surgical,118,43088,6060,21220,17,6205,1992,4158,7,2555,396,820,20,7300,184,658,2025,0,0,0,0,0,0,0,0,0,0,0,0,0,0,0,11,4015,139,170,1542,0,0,0,0,173,63163,8771,29765,0,0,0,0,0,0,0,0,0,0,0,0,0,0,0,0,0,0,0,0,0,173,63163,8771,29765,0,0,0,0,0,0,17,1815,3253,0,0,0,0,0,0,0,0,0,0,0,0,0,0,0,0,0,0,0,,,,,,Basic,Basic,17237,18,6883,42,9321,663,5584,2787,375,1119,39400,4629,44029,34,0,209,,0,0,0,0,0,0,0,0,0,0,0,0,0,Respondent,1947,241678,11113,592612,0,7,4,11,Yes,1927,63,8,Yes,YES,,1363,564,NEITHER,0,0,0,0,0,0,0,0,0,0,0,0,0,0,0,0,0,0,0,0,0,0,0,0,0,0,0,0,0,0,0,0,0,0,0,0,0,0,0,Yes,No,150 - 199,Non-Profit Corporation (i,1,0,0,0,0,0,0,0,0,0,0,0,0,0,0,0,1,,,,,44029,17255,6925,9984,8371,1494,,Urban,SANTA ROSA,106494019,106494019
106494048,AURORA BEHAVIORAL HEALTHCARE-SANTA ROSA,,,,,,,,,,,,No,7,2,6,,,,,Sonoma,,,,,,,,,,,,,,,,,,,,,,,,,,,,,,,,,,,,,,,,,,,,,,,,,,,,,,,,,,,,,,,,,,,,,,,,,,,,,,,,,,,,,,,,,,,,,,,,,,,,,,,,,,,,,,,0,0,,,,,,,,,,,,,,,,,,,,,,,,,,,,,,,Non-Respondent,,,,,,,,,,,,,,,,,,NEITHER,,,,,,,,,,,,,,,,,,,,,,,,,,,,,,,,,,,,,,,,,No,,,0,0,0,1,0,0,0,0,0,0,0,0,0,0,0,0,1,,,,,,,,,,,,Urban,SANTA ROSA,106494048,106494048
106500852,DOCTORS MEDICAL CENTER,1441 FLORIDA AVENUE,MODESTO,95350,209-578-1211-3601,Yes,01/01/2011,12/31/2011,Open,07/11/1962,07/11/1962,Level II,NO,25,12,18,6099001300,215a,,06 - North San Joaquin,Stanislaus,30000026,Parent Facility,-120.99631,37.66439,General Acute Care,Investor - Corporation,General Medical / Surgical,227,82855,10869,56418,56,20440,4067,11367,22,8030,1009,2029,32,11680,424,1894,7014,12,4380,219,1189,3128,0,0,0,0,0,0,0,0,0,0,45,16425,452,16,7841,0,0,0,0,394,143810,17040,87797,0,0,0,0,0,0,0,0,0,0,0,,0,0,0,0,0,0,0,0,0,394,143810,17040,87797,0,0,0,0,0,0,24,3319,8064,0,0,0,0,0,0,0,0,0,0,0,0,0,0,0,0,0,0,0,,,,,,Basic,Basic,6718,11,10219,5,22248,54,17831,2105,5578,8536,62594,10711,73305,33,6718,2712,,0,0,0,0,0,0,0,0,0,0,0,0,0,Respondent,5496,612711,5118,364588,3,0,15,18,Yes,3895,238,85,,,,0,1497,CV SURG,4,0,0,327,44,327,44,304,4,0,0,0,0,553,873,774,957,1327,1830,2184,0,161,148,121,31,815,176,0,7,0,203,117,267,93,1,84,0,0,4408,,No,300 - 499,Investor,1,0,0,0,1,0,1,0,0,0,0,0,0,0,1,1,0,,73305,,,,6729,10224,22302,19936,14114,,Urban,MODESTO WEST,106500852,106500852
106500867,"EMANUEL MEDICAL CENTER, INC",825 DELBON AVENUE,TURLOCK,95380,209-667-4200,Yes,01/01/2011,12/31/2011,Open,11/05/1966,11/05/1966,,NO,26,12,19,6099003907,212.1,,06 - North San Joaquin,Stanislaus,30000035,Parent Facility,-120.83955,37.51056,General Acute Care,Non-Profit Corporation (incl. Church-related),General Medical / Surgical,163,59495,8245,36553,28,10220,1482,2440,0,0,0,0,12,4380,177,456,2956,0,0,0,0,0,0,0,0,0,0,0,0,0,0,0,6,2190,168,11,1234,0,0,0,0,209,76285,10072,43183,0,0,0,0,0,0,0,0,145,52925,602,,48167,0,0,0,0,0,0,0,0,354,129210,10674,91350,0,0,0,0,0,0,28,1146,2049,0,0,0,0,0,0,0,0,0,0,0,0,0,0,0,0,0,0,0,,,,,,Basic,Basic,3186,10,14240,27,23163,114,8249,4698,1007,2238,49845,7087,56932,32,31066,803,Yes,0,1,0,0,1,0,0,0,0,0,0,0,2,Respondent,3772,160084,2791,80784,0,0,6,6,,1365,69,4,,,,0,324,CV SURG,0,0,0,23,2,23,2,19,1,0,0,0,0,562,0,303,0,865,0,681,0,14,33,0,0,108,25,0,0,0,0,0,89,43,0,1,0,134,1128,,No,300 - 499,Non-Profit Corporation (i,1,0,0,0,0,0,0,0,0,0,0,0,0,0,0,0,1,,,,,56932,3196,14267,23277,12947,3245,,Urban,DENAIR/TURLOCK,106500867,106500867
106500939,MEMORIAL HOSPITAL MEDICAL CENTER - MODESTO,1700 COFFEE ROAD,MODESTO,95355,209-526-4500,Yes,01/01/2011,12/31/2011,Open,05/01/1970,05/01/1970,Level II,NO,25,12,18,6099000910,215b,,06 - North San Joaquin,Stanislaus,30000061,Parent Facility,-120.97546,37.66727,General Acute Care,Non-Profit Corporation (incl. Church-related),General Medical / Surgical,337,123005,15813,76781,29,10585,2108,5021,10,3650,1431,3883,23,8395,310,2720,7906,12,4380,161,266,1506,0,0,0,0,0,0,0,0,0,0,12,4380,131,0,1297,0,0,0,0,423,154395,19954,96394,0,0,0,0,0,0,0,0,0,0,0,,0,0,0,0,0,0,0,0,0,423,154395,19954,96394,0,0,0,0,0,0,0,660,1882,0,0,0,0,0,0,0,0,0,0,0,0,0,0,0,0,0,0,0,,,,,,Basic,Basic,457,1,4623,3,21051,56,17671,1680,8621,12055,52423,13795,66218,47,0,4678,,0,0,0,0,0,0,0,0,0,0,0,0,0,Respondent,4984,684686,8355,564983,0,3,18,21,Yes,1988,65,9,Yes,,YES,1236,752,CV SURG,4,0,0,270,4,270,4,230,3,0,1,0,0,1138,941,1287,486,2425,1428,1820,2,210,139,96,167,160,371,148,77,0,58,48,193,377,21,32,8,441,4368,Yes,No,300 - 499,Non-Profit Corporation (i,1,0,0,0,1,0,1,0,0,0,0,0,0,0,1,1,0,,66218,,,,458,4626,21107,19351,20676,,Urban,MODESTO EAST,106500939,106500939
106500954,KINDRED HOSPITAL MODESTO,730 17TH STREET,MODESTO,95354,,No,01/01/2011,12/31/2011,Suspense,01/08/2010,01/01/1946,,NO,26,12,18,6099001800,215c,,06 - North San Joaquin,Stanislaus,30000464,Parent Facility,-120.99043,37.64297,General Acute Care,Investor - Corporation,,0,0,0,0,0,0,0,0,0,0,0,0,0,0,0,0,0,0,0,0,0,0,0,0,0,0,0,0,0,0,0,0,0,0,0,0,0,36,13140,0,0,36,13140,0,0,0,0,0,0,0,0,0,0,64,23360,0,,0,0,0,0,0,0,0,0,0,100,36500,0,0,0,0,0,0,0,0,0,0,0,0,0,0,0,0,0,0,0,0,0,0,0,0,0,0,0,0,0,0,,,,,,0,0,0,0,0,0,0,0,0,0,0,0,0,0,0,0,0,0,NO,0,0,0,0,0,0,0,0,0,0,0,0,,Respondent,0,0,0,0,0,0,0,0,,0,0,0,,,,0,0,NEITHER,0,0,0,0,0,0,0,0,0,0,0,0,0,0,0,0,0,0,0,0,0,0,0,0,0,0,0,0,0,0,0,0,0,0,0,0,0,0,0,,No,100 - 149,Investor,0,0,0,1,0,0,0,0,0,0,0,0,0,0,0,0,1,,,,,0,0,0,0,0,0,,Urban,CERES/MODESTO SOUTH CENTRAL,106500954,106500954
106500967,OAK VALLEY DISTRICT HOSPITAL (2-RH),350 SOUTH OAK STREET,OAKDALE,95361,209-847-3011,Yes,01/01/2011,12/31/2011,Open,03/14/1973,03/14/1973,,NO,25,14,19,6099000202,211,,06 - North San Joaquin,Stanislaus,30000069,Parent Facility,-120.86031,37.75782,General Acute Care,District,General Medical / Surgical,24,8760,962,3302,6,2190,279,610,0,0,0,0,5,1825,72,80,460,0,0,0,0,0,0,0,0,0,0,0,0,0,0,0,0,0,0,0,0,0,0,0,0,35,12775,1313,4372,0,0,0,0,0,0,0,0,115,41975,278,,37647,0,0,0,0,0,0,0,0,150,54750,1591,42019,0,0,0,0,0,0,10,268,529,0,0,0,0,0,0,0,0,0,0,0,0,0,0,0,0,0,0,0,,,,,,Basic,Basic,993,0,5288,0,7657,0,2998,0,543,0,17479,1081,18560,8,5634,453,,0,0,0,0,0,0,0,0,0,0,0,0,0,Respondent,322,19495,671,17886,1,0,2,3,Yes,268,8,0,,,,0,92,NEITHER,0,0,0,0,0,0,0,0,0,0,0,0,0,0,0,0,0,0,0,0,0,0,0,0,0,0,0,0,0,0,0,0,0,0,0,0,0,0,0,,No,150 - 199,District,1,0,0,0,0,0,0,0,0,0,0,0,0,0,0,0,1,,,,,18560,993,5288,7657,2998,543,1081,Rural,OAKDALE/RIVERBANK,106500967,106500967
106501016,DOCTORS MEDICAL CENTER-BEHAVIORAL HEALTH DEPARTMENT,1501 CLAUS ROAD,MODESTO,95355,209-578-1211-3601,Yes,01/01/2011,12/31/2011,Open,03/06/1987,03/06/1987,,NO,25,14,19,6099000906,215b,,06 - North San Joaquin,Stanislaus,30000026,Consolidated Facility,-120.92137,37.6654,General Acute Care,Investor - Corporation,Psychiatric,0,0,0,0,0,0,0,0,0,0,0,0,0,0,0,0,0,0,0,0,0,0,0,0,0,0,0,0,0,0,0,0,0,0,0,0,0,0,0,0,0,0,0,0,0,0,0,0,0,67,24455,4291,17021,0,0,0,,0,0,0,0,0,0,0,0,0,67,24455,4291,17021,0,0,0,4,9,20,0,0,0,0,23,28,51,0,49,2,51,12,2,0,0,15,0,4,15,0,3,51,Yes,,,,,0,0,0,0,0,0,0,0,0,0,0,0,0,0,0,0,0,0,,0,0,0,0,0,0,0,0,0,0,0,0,0,Respondent,0,0,0,0,0,0,0,0,,0,0,0,,,,0,0,NEITHER,0,0,0,0,0,0,0,0,0,0,0,0,0,0,0,0,0,0,0,0,0,0,0,0,0,0,0,0,0,0,0,0,0,0,0,0,0,0,0,,No,50 - 99,Investor,0,0,0,1,0,0,0,0,0,0,0,0,0,0,0,0,1,,,,,0,0,0,0,0,0,,Urban,MODESTO EAST,106501016,106501016
106504038,STANISLAUS SURGICAL HOSPITAL,1421 OAKDALE ROAD,MODESTO,95355,209-572-2700,Yes,01/01/2011,12/31/2011,Open,01/21/2000,01/21/2000,,NO,25,14,19,6099001001,215b,,06 - North San Joaquin,Stanislaus,30000695,Parent Facility,-120.95756,37.66395,General Acute Care,Investor - Limited Liability Company,General Medical / Surgical,23,8395,869,2050,0,0,0,0,0,0,0,0,0,0,0,0,0,0,0,0,0,0,0,0,0,0,0,0,0,0,0,0,0,0,0,0,0,0,0,0,0,23,8395,869,2050,0,0,0,0,0,0,0,0,0,0,0,,0,0,0,0,0,0,0,0,0,23,8395,869,2050,0,0,0,0,0,0,0,0,0,0,0,0,0,0,0,0,0,0,0,0,0,0,0,0,0,0,0,0,,,,,,0,0,0,0,0,0,0,0,0,0,0,0,0,0,0,0,0,0,,0,0,0,0,0,0,0,0,0,0,0,0,0,Respondent,869,122313,6342,369705,0,0,8,8,Yes,0,0,0,,,,0,0,NEITHER,0,0,0,0,0,0,0,0,0,0,0,0,0,0,0,0,0,0,0,0,0,0,0,0,0,0,0,0,0,0,0,0,0,0,0,0,0,0,0,,No,1 - 49,Investor,0,0,0,1,0,0,0,0,0,0,0,0,0,0,0,0,1,,,,,0,0,0,0,0,0,,Urban,MODESTO EAST,106504038,106504038
106504042,KAISER FND HOSP-MODESTO,4601 DALE RD,MODESTO,95356,209-735-3500,Yes,01/01/2011,12/31/2011,Open,10/01/2008,10/01/2008,,NO,25,14,19,6099000504,215a,,06 - North San Joaquin,Stanislaus,30000393,Consolidated Facility,-121.05008,37.706477,General Acute Care,Non-Profit Corporation (incl. Church-related),General Medical / Surgical,72,26280,4075,14249,36,13140,2919,6152,0,0,0,0,20,7300,418,892,3795,0,0,0,0,0,0,0,0,0,0,0,0,0,0,0,7,2555,147,92,845,0,0,0,0,135,49275,7559,25041,0,0,0,0,0,0,0,0,0,0,0,0,0,0,0,0,0,0,0,0,0,135,49275,7559,25041,0,0,0,0,0,0,10,2161,3841,0,0,0,0,0,0,0,0,0,0,0,0,0,0,0,0,0,0,0,,,,,,Basic,Basic,6998,18,5595,5,7696,160,7767,1433,1530,1475,29586,3091,32677,36,0,739,,0,0,0,0,0,0,0,0,0,0,0,0,0,Respondent,1591,273279,4772,441779,0,0,9,9,,2307,89,2,,,,0,606,NEITHER,0,0,0,0,0,0,0,0,0,0,0,0,0,0,0,0,0,0,0,0,0,0,0,0,0,0,0,0,0,0,0,0,0,0,0,0,0,0,0,,No,100 - 149,Non-Profit Corporation (i,1,0,0,0,0,0,0,0,0,0,0,0,0,0,0,0,1,,,,,32677,7016,5600,7856,9200,3005,,Urban,MODESTO WEST,106504042,106504042
106510882,FREMONT MEDICAL CENTER,970 PLUMAS STREET,YUBA CITY,95991,530-751-4722,Yes,01/01/2011,12/31/2011,Open,11/01/2003,07/22/1959,,NO,2,4,2,6101050102,216,,02 - Golden Empire,Sutter,230000126,Consolidated Facility,-121.61777,39.14372,General Acute Care,Non-Profit Corporation (incl. Church-related),General Medical / Surgical,90,32850,28,74,16,5840,2220,4738,14,5110,0,0,8,2920,0,0,0,0,0,0,0,0,0,0,0,0,0,0,0,0,0,0,4,1460,153,84,937,0,0,0,0,132,48180,2401,5749,0,0,0,0,0,0,0,0,0,0,0,0,0,0,0,0,0,0,0,0,0,132,48180,2401,5749,0,0,0,0,0,0,29,2013,3909,0,0,0,0,0,0,0,0,0,0,0,0,0,0,0,0,0,0,0,,,,,,0,0,0,0,0,0,0,0,0,0,0,0,0,0,0,0,0,0,,0,0,0,0,0,0,0,0,0,0,0,0,0,Respondent,736,41969,0,0,5,0,0,5,,2171,69,21,,,,0,631,NEITHER,0,0,0,0,0,0,0,0,0,0,0,0,0,0,0,0,0,0,0,0,0,0,0,0,0,0,0,0,0,0,0,0,0,0,0,0,0,0,0,,No,100 - 149,Non-Profit Corporation (i,0,0,0,1,0,0,0,0,0,0,0,0,0,0,0,0,1,,,,,0,0,0,0,0,0,,Rural,MERIDIAN/ROBBINS/YUBA CITY,106510882,106510882
106514001,SUTTER-YUBA PSYCHIATRIC HEALTH FACILITY,1965 LIVE OAK BOULEVARD,YUBA CITY,95991,530-822-7200,Yes,01/01/2011,12/31/2011,Open,01/29/1988,01/29/1988,,NO,2,4,2,6101050101,216,,02 - Golden Empire,Sutter,MH1016015,Parent Facility,-121.61999,39.15537,Psychiatric Health Facility,City and/or County,Psychiatric,0,0,0,0,0,0,0,0,0,0,0,0,0,0,0,0,0,0,0,0,0,0,0,0,0,0,0,0,0,0,0,0,0,0,0,0,0,0,0,0,0,0,0,0,0,0,0,0,0,16,5840,451,3192,0,0,0,,0,0,0,0,0,0,0,0,0,16,5840,451,3192,0,0,0,0,0,0,0,0,0,0,7,0,7,0,7,0,7,0,0,0,0,0,0,0,7,0,0,7,Yes,,,,,0,0,0,0,0,0,0,0,0,0,0,0,0,0,0,0,0,0,,0,0,0,0,0,0,0,0,0,0,0,0,0,Respondent,0,0,0,0,0,0,0,0,,0,0,0,,,,0,0,NEITHER,0,0,0,0,0,0,0,0,0,0,0,0,0,0,0,0,0,0,0,0,0,0,0,0,0,0,0,0,0,0,0,0,0,0,0,0,0,0,0,,No,1 - 49,City and/or County,0,0,0,1,0,0,0,0,0,0,0,0,0,0,0,0,1,,,,,0,0,0,0,0,0,,Rural,MERIDIAN/ROBBINS/YUBA CITY,106514001,106514001
106514030,SUTTER SURGICAL HOSPITAL-NORTH VALLEY,455 PLUMAS BOULEVARD,YUBA CITY,95993,530-749-5710,Yes,01/01/2011,12/31/2011,Open,04/24/2009,04/24/2009,,NO,2,4,2,6101050202,216,,02 - Golden Empire,Sutter,550000989,Parent Facility,-121.6136582,39.13181116,General Acute Care,Investor - Limited Liability Company,General Medical / Surgical,14,5110,648,1527,0,0,0,0,0,0,0,0,0,0,0,0,0,0,0,0,0,0,0,0,0,0,0,0,0,0,0,0,0,0,0,0,0,0,0,0,0,14,5110,648,1527,0,0,0,0,0,0,0,0,0,0,0,,0,0,0,0,0,0,0,0,0,14,5110,648,1527,0,0,0,0,0,0,0,0,0,0,0,0,0,0,0,0,0,0,0,0,0,0,0,0,0,0,0,0,,,,,,0,0,0,0,0,0,0,0,0,0,0,0,0,0,0,0,0,0,,0,0,0,0,0,0,0,0,0,0,0,0,0,Respondent,648,90188,1808,134617,0,0,4,4,Yes,0,0,0,,,,0,0,NEITHER,0,0,0,0,0,0,0,0,0,0,0,0,0,0,0,0,0,0,0,0,0,0,0,0,0,0,0,0,0,0,0,0,0,0,0,0,0,0,0,,No,1 - 49,Investor,0,0,0,1,0,0,0,0,0,0,0,0,0,0,0,0,1,,,,,0,0,0,0,0,0,,Rural,MERIDIAN/ROBBINS/YUBA CITY,106514030,106514030
106514033,NORTH VALLEY BEHAVIORAL HEALTH,1535 Plumas Court,Yuba City,95993,530-790-2530,Yes,01/01/2011,12/31/2011,Open,10/14/2005,10/14/2005,,NO,2,4,2,6101050102,216,,02 - Golden Empire,Sutter,MH2016037,Parent Facility,-121.6179109,39.15194354,Psychiatric Health Facility,Investor - Limited Liability Company,Psychiatric,0,0,0,0,0,0,0,0,0,0,0,0,0,0,0,0,0,0,0,0,0,0,0,0,0,0,0,0,0,0,0,0,0,0,0,0,0,0,0,0,0,0,0,0,0,0,0,0,0,16,5840,585,4925,0,0,0,0,0,0,0,0,0,0,0,0,0,16,5840,585,4925,0,0,0,0,0,0,0,0,0,0,16,0,16,0,15,1,16,0,0,0,0,0,0,0,0,0,16,16,Yes,,,,,0,0,0,0,0,0,0,0,0,0,0,0,0,0,0,0,0,0,,0,0,0,0,0,0,0,0,0,0,0,0,0,Respondent,0,0,0,0,0,0,0,0,,0,0,0,,,,0,0,NEITHER,0,0,0,0,0,0,0,0,0,0,0,0,0,0,0,0,0,0,0,0,0,0,0,0,0,0,0,0,0,0,0,0,0,0,0,0,0,0,0,,No,1 - 49,Investor,0,0,0,1,0,0,0,0,0,0,0,0,0,0,0,0,1,,,,,0,0,0,0,0,0,,Rural,MERIDIAN/ROBBINS/YUBA CITY,106514033,106514033
106521041,ST. ELIZABETH COMMUNITY HOSPITAL,2550 SISTER MARY COLUMBA DRIVE,RED BLUFF,96080,530-529-8175,Yes,01/01/2011,12/31/2011,Open,03/20/1946,03/20/1946,Level III,NO,2,4,2,6103000700,221,,01 - Northern California,Tehama,230000036,Parent Facility,-122.21887,40.1495,General Acute Care,Non-Profit Corporation (incl. Church-related),General Medical / Surgical,66,24090,2622,6457,2,730,638,1188,0,0,0,0,8,2920,270,495,1149,0,0,0,0,0,0,0,0,0,0,0,0,0,0,0,0,0,0,0,0,0,0,0,0,76,27740,3530,8794,0,0,0,0,0,0,0,0,0,0,0,0,0,0,0,0,0,0,0,0,0,76,27740,3530,8794,0,0,0,0,0,0,2,699,1171,10,0,0,0,0,0,0,0,0,0,0,0,0,0,0,0,0,0,0,,,,,,Basic,Basic,849,9,7101,2,14129,11,5733,983,840,795,28652,1800,30452,15,0,543,,0,0,0,0,0,0,0,0,0,0,0,0,0,Respondent,925,125153,2980,222012,0,3,6,9,Yes,699,79,3,,,,0,441,NEITHER,0,0,0,0,0,0,0,0,0,0,0,0,0,0,0,0,0,0,0,0,0,0,0,0,0,0,0,0,0,0,0,0,0,0,0,0,0,0,0,Yes,No,50 - 99,Non-Profit Corporation (i,1,0,0,0,1,0,0,1,0,0,0,0,0,0,1,1,0,,,30452,,,858,7103,14140,6716,1635,,Rural,GERBER/LOS FLORES/PROBERTA/RED BLUFF,106521041,106521041
106531059,TRINITY HOSPITAL,60 B EASTER AVENUE,WEAVERVILLE,96093,530-623-5541,Yes,01/01/2011,12/31/2011,Open,07/01/1953,07/01/1953,,NO,1,4,2,6105000100,224,,01 - Northern California,Trinity,230000038,Parent Facility,-122.93979,40.73795,General Acute Care,District,General Medical / Surgical,25,9125,415,1419,0,0,0,0,0,0,0,0,0,0,0,0,0,0,0,0,0,0,0,0,0,0,0,0,0,0,0,0,0,0,0,0,0,0,0,0,0,25,9125,415,1419,0,0,0,0,0,0,0,0,26,9490,75,6,8267,0,0,0,0,0,0,0,0,51,18615,490,9686,0,0,0,0,0,0,0,0,0,10,0,0,0,0,0,0,0,0,0,0,0,0,0,0,0,0,0,0,,,,,,Standby,Standby,163,0,984,1,2115,6,846,181,277,121,4385,309,4694,4,163,46,,0,0,0,0,0,0,0,0,0,0,0,0,0,Respondent,40,2180,152,4573,0,0,1,1,Yes,2,0,0,,,,0,0,NEITHER,0,0,0,0,0,0,0,0,0,0,0,0,0,0,0,0,0,0,0,0,0,0,0,0,0,0,0,0,0,0,0,0,0,0,0,0,0,0,0,,No,50 - 99,District,0,0,1,0,0,0,0,0,0,0,0,0,0,0,0,0,1,,,,,4694,163,985,2121,1027,398,,Frontier,DOUGLAS CITY/LEWISTON/TRINITY CENTER/WEAVERVILLE,106531059,106531059
106540734,KAWEAH DELTA MEDICAL CENTER,400 WEST MINERAL KING,VISALIA,93291,559-624-2000,Yes,01/01/2011,12/31/2011,Open,06/22/1969,06/22/1969,Level III,NO,34,18,21,6107001200,233,,09 - Central,Tulare,120000580,Parent Facility,-119.29345,36.32753,General Acute Care,District,General Medical / Surgical,246,89790,13014,67564,89,32485,5455,8543,12,4380,671,1571,41,14965,1972,234,2751,0,0,0,0,0,0,0,0,0,0,0,0,0,0,0,15,5475,0,388,3828,45,16425,489,6290,448,163520,21601,90547,0,0,0,0,0,0,0,0,70,25550,561,,15562,0,0,0,0,0,0,0,0,518,189070,22162,106109,0,0,0,0,0,0,0,4119,10588,0,0,0,0,0,0,0,0,0,0,0,0,0,0,0,0,0,0,0,,,,,,Basic,Basic,2228,0,25535,170,39842,7520,11600,6062,471,260,79676,14012,93688,34,27763,2220,,0,0,0,0,0,0,0,0,0,0,0,0,0,Respondent,8209,872540,0,0,0,0,11,11,,4092,222,17,,,,0,1511,CV SURG,3,0,0,255,0,255,0,231,5,0,0,0,0,1331,1518,1505,0,2836,1518,1613,0,205,65,78,22,1307,49,160,2,0,198,160,305,220,60,96,0,0,4540,,No,500+,District,1,0,0,0,0,0,0,0,0,0,0,0,0,0,0,0,1,,,,,93688,2228,25705,47362,17662,731,,Urban,FARMERSVILLE/GOSHEN/VISALIA,106540734,106540734
106540798,SIERRA VIEW DISTRICT HOSPITAL,465 WEST PUTNAM AVENUE,PORTERVILLE,93257,559-784-1110,Yes,01/01/2011,12/31/2011,Open,02/11/1958,02/11/1958,,NO,34,18,21,6107003801,231,,09 - Central,Tulare,120000584,Parent Facility,-119.02727,36.06948,General Acute Care,District,General Medical / Surgical,108,39420,5265,24322,10,3650,1988,4109,0,0,0,0,10,3650,182,672,2675,0,0,0,0,0,0,0,0,0,0,0,0,0,0,0,4,1072,105,0,419,0,0,0,0,132,47792,7540,31525,0,0,0,0,0,0,0,0,35,12775,17,,12330,0,0,0,0,0,0,0,0,167,60567,7557,43855,0,0,0,0,0,0,0,1796,3134,0,0,0,0,0,0,0,0,0,0,0,0,0,0,0,0,0,0,0,,,,,,Basic,Basic,82,0,3361,2,18455,37,11600,84,1995,4851,35493,4974,40467,22,0,0,,0,0,0,0,0,0,0,0,0,0,0,0,0,Respondent,1918,166909,3045,187116,0,2,6,8,Yes,1896,54,5,Yes,,YES,1273,623,NEITHER,0,0,0,0,0,0,0,0,0,0,0,0,0,0,0,0,0,0,0,0,0,0,0,0,0,0,0,0,0,0,0,0,0,0,0,0,0,0,0,Yes,No,150 - 199,District,1,0,0,0,0,0,0,0,0,0,0,0,0,0,0,0,1,,,,,40467,82,3363,18492,11684,6846,,Rural,ALPAUGH/EARLIMART/PIXLEY/PORTERVILLE/RICH GROVE/TERRA BELLA,106540798,106540798
106540816,TULARE REGIONAL MEDICAL CENTER,869 CHERRY AVENUE,TULARE,93274,559-688-0821,Yes,01/01/2011,12/31/2011,Open,04/04/1951,04/04/1951,,NO,34,18,21,6107002303,230,,09 - Central,Tulare,120000585,Parent Facility,-119.33775,36.22217,General Acute Care,District,General Medical / Surgical,76,27740,3791,17219,14,5110,1394,2698,10,3650,217,451,8,2920,324,102,1683,0,0,0,0,0,0,0,0,0,0,0,0,0,0,0,4,1460,56,0,329,0,0,0,0,112,40880,5782,22380,0,0,0,0,0,0,0,0,0,0,0,,0,0,0,0,0,0,0,0,0,112,40880,5782,22380,0,0,0,0,0,0,12,1193,1965,0,0,0,0,0,0,0,0,0,0,0,0,0,0,0,0,0,0,0,,,,,,Basic,Basic,1445,0,1467,0,12570,0,2791,0,658,0,18931,3690,22621,12,0,2170,Yes,0,0,0,0,0,8,0,0,25,0,0,0,33,Respondent,1422,123186,1759,133183,0,0,4,4,Yes,1236,60,7,,,,0,438,CATH LAB,0,0,0,0,0,0,0,0,1,0,0,0,0,73,0,101,0,174,0,186,0,28,10,20,3,0,0,0,0,0,0,0,26,3,0,0,0,0,276,,No,100 - 149,District,1,0,0,0,0,0,0,0,0,0,0,0,0,0,0,0,1,,,,,22621,1445,1467,12570,2791,658,3690,Rural,TIPTON/TULARE/WOODVILLE,106540816,106540816
106541123,PORTERVILLE DEVELOPMENTAL CENTER,26501 AVENUE 140,PORTERVILLE,93258,559-782-2222,Yes,01/01/2011,12/31/2011,Open,06/03/1953,06/03/1953,,NO,34,18,21,6107004000,231,,09 - Central,Tulare,170000837,Parent Facility,-118.98044,36.04381,General Acute Care,State,Long-Term Care (SN/IC),42,15330,0,0,0,0,0,0,2,730,0,0,0,0,0,0,0,0,0,0,0,0,0,0,0,0,0,0,0,0,0,0,0,0,0,0,0,0,0,0,0,44,16060,0,0,0,0,0,0,0,0,0,0,239,87235,0,,0,0,0,0,0,1023,373395,0,0,1306,476690,0,0,0,0,0,0,0,0,0,0,0,0,0,0,0,0,0,0,0,0,0,0,0,0,0,0,0,0,0,0,,,,,,0,0,0,0,0,0,0,0,0,0,0,0,0,0,0,0,0,0,,0,0,0,0,0,0,0,0,0,0,0,0,0,Respondent,0,0,0,0,0,0,0,0,,0,0,0,,,,0,0,NEITHER,0,0,0,0,0,0,0,0,0,0,0,0,0,0,0,0,0,0,0,0,0,0,0,0,0,0,0,0,0,0,0,0,0,0,0,0,0,0,0,,Yes,500+,State,0,0,0,1,0,0,0,0,0,0,0,0,0,0,0,0,1,,,,,0,0,0,0,0,0,,Rural,ALPAUGH/EARLIMART/PIXLEY/PORTERVILLE/RICH GROVE/TERRA BELLA,106541123,106541123
106544009,KAWEAH DELTA  MENTAL HEALTH HOSPITAL D/P APH,1100 SO. AKERS STREET,VISALIA,93277,559-624-2000,Yes,01/01/2011,12/31/2011,Open,01/29/2001,11/20/1990,,NO,34,18,21,6107002008,233,,09 - Central,Tulare,120000580,Consolidated Facility,-119.34946,36.3214,General Acute Care,District,Psychiatric,0,0,0,0,0,0,0,0,0,0,0,0,0,0,0,0,0,0,0,0,0,0,0,0,0,0,0,0,0,0,0,0,0,0,0,0,0,0,0,0,0,0,0,0,0,0,0,0,0,63,22995,1777,12553,0,0,0,,0,0,0,0,0,0,0,0,0,63,22995,1777,12553,0,0,0,0,0,0,0,0,0,0,0,30,30,0,28,2,30,6,0,14,2,0,0,0,7,0,1,30,Yes,,,,,0,0,0,0,0,0,0,0,0,0,0,0,0,0,0,0,0,0,,0,0,0,0,0,0,0,0,0,0,0,0,0,Respondent,0,0,0,0,0,0,0,0,,0,0,0,,,,0,0,NEITHER,0,0,0,0,0,0,0,0,0,0,0,0,0,0,0,0,0,0,0,0,0,0,0,0,0,0,0,0,0,0,0,0,0,0,0,0,0,0,0,,No,50 - 99,District,0,0,0,1,0,0,0,0,0,0,0,0,0,0,0,0,1,,,,,0,0,0,0,0,0,,Urban,FARMERSVILLE/GOSHEN/VISALIA,106544009,106544009
106551061,TUOLUMNE GENERAL MEDICAL FACILITY,101 EAST HOSPITAL ROAD,SONORA,95370,209-533-5511,Yes,01/01/2011,11/23/2011,Closed,11/23/2011,07/01/1953,,NO,25,14,19,6109001200,234.2,,06 - North San Joaquin,Tuolumne,30000107,Parent Facility,-120.37919,37.97445,General Acute Care,City and/or County,General Medical / Surgical,17,5559,0,0,0,0,0,0,0,0,0,0,4,1308,0,0,0,0,0,0,0,0,0,0,0,0,0,0,0,0,0,0,0,0,0,0,0,0,0,0,0,21,6867,0,0,0,0,0,0,16,5232,0,0,42,13734,61,0,12564,0,0,0,0,0,0,0,0,79,25833,61,12564,0,0,0,0,0,0,0,0,0,6,0,0,0,0,0,0,0,0,0,0,0,0,0,0,0,0,0,0,,Yes,,YES,,0,0,0,0,0,0,0,0,0,0,0,0,0,0,0,0,0,0,,0,0,0,0,0,0,0,0,0,0,0,0,0,Respondent,0,0,0,0,0,0,0,0,,0,0,0,,,,0,0,NEITHER,0,0,0,0,0,0,0,0,0,0,0,0,0,0,0,0,0,0,0,0,0,0,0,0,0,0,0,0,0,0,0,0,0,0,0,0,0,0,0,,No,50 - 99,City and/or County,0,0,0,1,0,0,0,0,0,0,0,0,0,0,0,0,1,,,,,0,0,0,0,0,0,,Rural,COLUMBIA/JAMESTOWN/SONORA,106551061,106551061
106552209,SONORA REGIONAL MEDICAL CENTER - FAIRVIEW,179 SOUTH FAIRVIEW LANE,SONORA,95370,209-536-5000,Yes,01/01/2011,12/31/2011,Open,11/17/1958,11/17/1958,,NO,25,14,19,6109001100,234.2,,06 - North San Joaquin,Tuolumne,30000094,Consolidated Facility,-120.39283,37.97941,General Acute Care,Non-Profit Corporation (incl. Church-related),General Medical / Surgical,12,4380,206,2960,0,0,0,0,0,0,0,0,0,0,0,0,0,0,0,0,0,0,0,0,0,0,0,0,0,0,0,0,0,0,0,0,0,0,0,0,0,12,4380,206,2960,0,0,0,0,0,0,0,0,0,0,0,,0,0,0,0,0,0,0,0,0,12,4380,206,2960,0,0,0,0,0,0,0,0,0,0,0,0,0,0,0,0,0,0,0,0,0,0,0,0,0,0,0,0,,,,,,0,0,0,0,0,0,0,0,0,0,0,0,0,0,0,0,0,0,,0,0,0,0,0,0,0,0,0,0,0,0,0,Respondent,0,0,0,0,0,0,0,0,,0,0,0,,,,0,0,NEITHER,0,0,0,0,0,0,0,0,0,0,0,0,0,0,0,0,0,0,0,0,0,0,0,0,0,0,0,0,0,0,0,0,0,0,0,0,0,0,0,,No,1 - 49,Non-Profit Corporation (i,0,0,0,1,0,0,0,0,0,0,0,0,0,0,0,0,1,,,,,0,0,0,0,0,0,,Rural,COLUMBIA/JAMESTOWN/SONORA,106552209,106552209
106554011,SONORA REGIONAL MEDICAL CENTER - GREENLEY,1000 Greenley Road,Sonora,95370,209-536-5000,Yes,01/01/2011,12/31/2011,Open,01/14/2004,01/14/2004,,NO,25,14,19,6109001200,234.2,,06 - North San Joaquin,Tuolumne,30000094,Parent Facility,-120.36965,37.98811,General Acute Care,Non-Profit Corporation (incl. Church-related),General Medical / Surgical,59,21535,4022,13518,7,2555,549,1308,0,0,0,0,6,2190,230,299,1944,0,0,0,0,0,0,0,0,0,0,0,0,0,0,0,0,0,0,0,0,0,0,0,0,72,26280,4801,16770,0,0,0,0,0,0,0,0,68,24820,64,,24013,0,0,0,0,0,0,0,0,140,51100,4865,40783,0,0,0,0,0,0,7,500,1052,0,0,0,0,0,0,0,0,0,0,0,0,0,0,0,0,0,0,0,,,,,,Basic,Basic,240,0,3531,2,7442,33,6641,390,3563,3267,21417,3692,25109,14,762,452,,0,0,0,0,0,0,0,0,0,0,0,0,0,Respondent,1571,187920,3266,293640,0,2,5,7,Yes,510,15,1,Yes,,YES,327,183,CATH LAB,0,0,0,0,0,0,0,0,1,0,0,0,0,249,0,529,0,778,0,199,0,48,27,0,0,0,0,0,0,0,0,0,187,185,0,0,0,132,778,,No,100 - 149,Non-Profit Corporation (i,1,0,0,0,0,0,0,0,0,0,0,0,0,0,0,0,1,,,,,25109,240,3533,7475,7031,6830,,Rural,COLUMBIA/JAMESTOWN/SONORA,106554011,106554011
106560203,AURORA VISTA DEL MAR HOSPITAL,801 SENECA STREET,VENTURA,93001,805-653-6434,Yes,01/01/2011,12/31/2011,Open,02/27/1985,02/27/1985,,NO,35,19,24,6111002200,241c,,10 - Santa Barbara/Ventura,Ventura,50000016,Parent Facility,-119.28343,34.30657,Acute Psychiatric,Investor - Limited Liability Company,Psychiatric,0,0,0,0,0,0,0,0,0,0,0,0,0,0,0,0,0,0,0,0,0,0,0,0,0,0,0,0,0,0,0,0,0,0,0,0,0,0,0,0,0,0,0,0,0,0,0,0,0,87,31755,3413,22540,0,0,0,0,0,0,0,0,0,0,0,0,0,87,31755,3413,22540,0,0,0,0,0,0,0,0,0,0,36,10,46,10,31,5,46,13,2,5,0,2,24,0,0,0,0,46,,,,,,0,0,0,0,0,0,0,0,0,0,0,0,0,0,0,0,0,0,,0,0,0,0,0,0,0,0,0,0,0,0,0,Respondent,0,0,0,0,0,0,0,0,,0,0,0,,,,0,0,NEITHER,0,0,0,0,0,0,0,0,0,0,0,0,0,0,0,0,0,0,0,0,0,0,0,0,0,0,0,0,0,0,0,0,0,0,0,0,0,0,0,,No,50 - 99,Investor,0,0,0,1,0,0,0,0,0,0,0,0,0,0,0,0,1,,,,,0,0,0,0,0,0,,Urban,VENTURA,106560203,106560203
106560473,COMMUNITY MEMORIAL HOSPITAL-SAN BUENAVENTURA,147 N. BRENT STREET,VENTURA,93003,805-652-5005,Yes,01/01/2011,12/31/2011,Open,01/01/1946,01/01/1946,,NO,35,19,24,6111001900,241c,,10 - Santa Barbara/Ventura,Ventura,50000026,Parent Facility,-119.258124,34.274589,General Acute Care,Non-Profit Corporation (incl. Church-related),General Medical / Surgical,190,69350,9286,31814,10,3650,2618,6997,5,1825,455,933,10,3650,185,782,2342,11,4015,128,793,3161,0,0,0,0,0,0,0,0,0,0,16,5840,234,80,3916,0,0,0,0,242,88330,12906,49163,0,0,0,0,0,0,0,0,0,0,0,,0,0,0,0,0,0,0,0,0,242,88330,12906,49163,0,0,0,0,0,0,20,2526,4792,0,0,0,0,0,0,0,0,0,0,0,0,0,0,0,0,0,0,0,,,,,,Basic,Basic,1073,19,3420,4,13355,52,10053,679,3909,3495,31810,4249,36059,22,773,525,Yes,0,1,9,0,0,1,0,0,0,0,6,0,17,Respondent,4154,628408,6784,517144,0,0,15,15,Yes,2526,176,29,,,,0,830,CV SURG,2,0,0,148,16,148,16,120,3,0,0,0,0,1204,1246,598,619,1802,1865,1056,0,198,96,66,36,424,33,5,0,0,122,139,203,408,1,36,0,844,3667,,No,200 - 299,Non-Profit Corporation (i,1,0,0,0,0,0,0,0,0,0,0,0,0,0,0,0,1,,,,,36059,1092,3424,13407,10732,7404,,Urban,VENTURA,106560473,106560473
106560481,VENTURA COUNTY MEDICAL CENTER,3291 LOMA VISTA ROAD,VENTURA,93003,805-652-6000,Yes,01/01/2011,12/31/2011,Open,07/01/1953,07/01/1953,Level II,NO,35,19,24,6111001900,241c,,10 - Santa Barbara/Ventura,Ventura,50000032,Parent Facility,-119.2517,34.27634,General Acute Care,City and/or County,General Medical / Surgical,88,32120,4418,18588,28,10220,1970,5238,16,5840,652,1904,9,3285,525,1105,2551,9,3285,0,0,0,0,0,0,0,0,0,0,0,0,0,30,10950,317,805,4676,0,0,0,0,180,65700,7882,32957,0,0,0,0,43,15695,2515,8510,0,0,0,0,0,0,0,0,0,0,0,0,0,223,81395,10397,41467,0,0,0,0,0,0,40,1545,3333,0,0,21,21,0,18,3,21,6,0,10,0,0,1,0,0,4,0,21,Yes,,,,,Basic,Basic,925,2,13071,85,10661,139,2505,144,732,1342,27894,1712,29606,20,0,1650,Yes,28,16,6,7,3,3,4,3,5,6,17,20,118,Respondent,1738,170082,2581,212073,0,0,5,5,Yes,1769,125,23,,,,0,533,NEITHER,0,0,0,0,0,0,0,0,0,0,0,0,0,0,0,0,0,0,0,0,0,0,0,0,0,0,0,0,0,0,0,0,0,0,0,0,0,0,0,Yes,No,200 - 299,City and/or County,1,0,0,0,0,0,0,0,0,0,0,0,0,0,0,0,1,,,,,29606,927,13156,10800,2649,2074,,Urban,VENTURA,106560481,106560481
106560492,LOS ROBLES HOSPITAL AND MEDICAL CENTER,215 WEST JANSS ROAD,THOUSAND OAKS,91360,805-370-4421,Yes,01/01/2011,12/31/2011,Open,11/07/1968,11/07/1968,Level II,NO,37,19,24,6111006200,240b,,10 - Santa Barbara/Ventura,Ventura,50000039,Parent Facility,-118.89297,34.20539,General Acute Care,Investor - Corporation,General Medical / Surgical,223,81395,9925,45648,16,5840,1872,5740,9,3285,339,718,20,7300,395,1145,6069,10,3650,311,684,2789,0,0,0,0,0,0,0,0,0,0,12,4380,106,54,1862,0,0,0,0,290,105850,12948,62826,0,0,0,0,0,0,0,0,0,0,0,,0,0,0,0,0,0,0,0,0,290,105850,12948,62826,0,0,0,0,0,0,22,1664,4232,0,0,0,0,0,0,0,0,0,0,0,0,0,0,0,0,0,0,0,,,,,,Basic,Basic,1317,4,2673,5,12467,62,11743,174,2329,7707,30529,7952,38481,23,0,195,Yes,63,120,86,15,124,8,10,2,6,3,39,21,497,Respondent,4294,574707,1654,140074,2,0,8,10,Yes,1800,128,17,Yes,YES,,1091,709,CV SURG,3,0,0,115,184,115,184,78,3,0,0,0,0,672,636,393,128,1065,764,1065,0,31,121,44,31,688,76,5,24,2,246,236,465,41,24,14,10,80,3203,,No,200 - 299,Investor,1,0,0,0,0,0,0,0,0,0,0,0,0,0,0,0,1,,,,,38481,1321,2678,12529,11917,10036,,Urban,THOUSAND OAKS CENTRAL AND WEST,106560492,106560492
106560501,OJAI VALLEY COMMUNITY HOSPITAL,1306 MARICOPA HIGHWAY,OJAI,93023,805-646-1401,Yes,01/01/2011,12/31/2011,Open,05/05/1960,05/05/1960,,NO,37,19,24,6111000901,238,,10 - Santa Barbara/Ventura,Ventura,50000045,Parent Facility,-119.26311,34.44221,General Acute Care,Non-Profit Corporation (incl. Church-related),General Medical / Surgical,33,12045,633,2233,0,0,0,0,0,0,0,0,4,1460,64,67,333,0,0,0,0,0,0,0,0,0,0,0,0,0,0,0,0,0,0,0,0,0,0,0,0,37,13505,697,2566,0,0,0,0,0,0,0,0,66,24090,252,,20696,0,0,0,0,0,0,0,0,103,37595,949,23262,0,0,0,0,0,0,0,0,0,21,0,0,0,0,0,0,0,0,0,0,0,0,0,0,0,0,0,0,,,,,,Standby,Standby,110,0,2087,15,2965,50,1134,125,618,410,6914,600,7514,6,3834,100,,0,0,0,0,0,0,0,0,0,0,0,0,0,Respondent,136,15886,573,32865,0,0,2,2,Yes,0,0,0,,,,0,0,NEITHER,0,0,0,0,0,0,0,0,0,0,0,0,0,0,0,0,0,0,0,0,0,0,0,0,0,0,0,0,0,0,0,0,0,0,0,0,0,0,0,,No,100 - 149,Non-Profit Corporation (i,0,0,1,0,0,0,0,0,0,0,0,0,0,0,0,0,1,,,,,7514,110,2102,3015,1259,1028,,Rural,MEINERS OAKS/OAK VIEW/OJAI,106560501,106560501
106560508,ST. JOHNS PLEASANT VALLEY HOSPITAL,2309 ANTONIO AVENUE,CAMARILLO,93010,805-389-5800,Yes,01/01/2011,12/31/2011,Open,07/29/1974,07/29/1974,,NO,37,19,24,6111005202,239,,10 - Santa Barbara/Ventura,Ventura,50000048,Parent Facility,-119.018,34.24177,General Acute Care,Non-Profit Corporation (incl. Church-related),General Medical / Surgical,66,24090,3170,13415,7,2555,232,644,0,0,0,0,8,2920,163,500,950,0,0,0,0,0,0,0,0,0,0,0,0,0,0,0,0,0,0,0,0,0,0,0,0,81,29565,3565,15009,0,0,0,0,0,0,0,0,99,36135,21,,11474,0,0,0,0,0,0,0,0,180,65700,3586,26483,0,0,0,0,0,0,7,223,447,0,0,0,0,0,0,0,0,0,0,0,0,0,0,0,0,0,0,0,,,,,,Basic,Basic,104,0,2409,0,6733,0,3704,0,622,0,13572,2786,16358,14,0,0,Yes,0,0,2,0,6,5,0,0,0,0,0,0,13,Respondent,825,97817,1181,91628,0,0,2,2,,223,1,0,,,,0,54,NEITHER,0,0,0,0,0,0,0,0,0,0,0,0,0,0,0,0,0,0,0,0,0,0,0,0,0,0,0,0,0,0,0,0,0,0,0,0,0,0,0,,No,150 - 199,Non-Profit Corporation (i,1,0,0,0,0,0,0,0,0,0,0,0,0,0,0,0,1,,,,,16358,104,2409,6733,3704,622,2786,Urban,CAMARILLO/MOORPARK,106560508,106560508
106560521,VENTURA COUNTY MEDICAL CENTER - SANTA PAULA  HOSPITAL,825 NORTH 10TH STREET,SANTA PAULA,93060,805-933-8660,Yes,01/01/2011,12/31/2011,Open,07/12/2006,10/23/1961,,NO,37,17,24,6111000800,237,,10 - Santa Barbara/Ventura,Ventura,50000032,Consolidated Facility,-119.06505,34.36548,General Acute Care,City and/or County,General Medical / Surgical,30,10950,889,4122,13,4745,397,880,0,0,0,0,6,2190,151,200,607,0,0,0,0,0,0,0,0,0,0,0,0,0,0,0,0,0,0,0,0,0,0,0,0,49,17885,1437,5609,0,0,0,0,0,0,0,0,0,0,0,0,0,0,0,0,0,0,0,0,0,49,17885,1437,5609,0,0,0,0,0,0,10,387,751,0,0,0,0,0,0,0,0,0,0,0,0,0,0,0,0,0,0,0,,,,,,Basic,Basic,42,1,4110,1,5021,30,1685,43,464,971,11322,1046,12368,8,0,780,Yes,0,0,3,0,0,0,0,0,0,0,3,0,6,Respondent,271,21466,775,47603,0,0,2,2,Yes,404,0,0,,,,0,102,NEITHER,0,0,0,0,0,0,0,0,0,0,0,0,0,0,0,0,0,0,0,0,0,0,0,0,0,0,0,0,0,0,0,0,0,0,0,0,0,0,0,,No,1 - 49,City and/or County,1,0,0,0,0,0,0,0,0,0,0,0,0,0,0,0,1,,,,,12368,43,4111,5051,1728,1435,,Rural,FILLMORE/LOS PADRES NATIONAL FOREST/PIRU/SANTA PAULA/SATICOY,106560521,106560521
106560525,SIMI VALLEY HOSPITAL AND HEALTH CARE SVCS-SYCAMORE,2975 NORTH SYCAMORE DRIVE,SIMI VALLEY,93065,805-955-6000,Yes,01/01/2011,12/31/2011,Open,07/29/1965,07/29/1965,,NO,38,19,24,6111007903,240a,,10 - Santa Barbara/Ventura,Ventura,50000216,Parent Facility,-118.74405,34.28945,General Acute Care,Non-Profit Corporation (incl. Church-related),General Medical / Surgical,85,31025,4538,19136,27,9855,756,1733,0,0,0,0,24,8760,213,317,3077,0,0,0,0,0,0,0,0,0,0,0,0,0,0,0,8,2920,84,0,743,0,0,0,0,144,52560,5591,24689,0,0,0,0,0,0,0,0,0,13376,0,0,0,0,0,0,0,0,0,0,0,144,65936,5591,24689,0,0,0,0,0,0,18,633,1266,0,0,0,0,0,0,0,0,0,0,0,0,0,0,0,0,0,0,0,,,,,,Basic,Basic,246,0,5780,0,8534,11,7005,545,2943,3270,24508,3826,28334,10,0,241,Yes,18,1,7,20,0,7,31,12,6,3,27,53,185,Respondent,1433,173850,911,76890,0,0,3,3,Yes,633,45,10,,,,0,205,NEITHER,0,0,0,0,0,0,0,0,0,0,0,0,0,0,0,0,0,0,0,0,0,0,0,0,0,0,0,0,0,0,0,0,0,0,0,0,0,0,0,,No,100 - 149,Non-Profit Corporation (i,1,0,0,0,0,0,0,0,0,0,0,0,0,0,0,0,1,,,,,28334,246,5780,8545,7550,6213,,Urban,SIMI VALLEY EAST,106560525,106560525
106560529,ST. JOHNS REGIONAL MEDICAL CENTER,1600 NORTH ROSE AVENUE,OXNARD,93030,805-389-5800,Yes,01/01/2011,12/31/2011,Open,01/01/1953,01/01/1953,,NO,35,23,23,6111004900,241b,,10 - Santa Barbara/Ventura,Ventura,50000064,Parent Facility,-119.15819,34.21687,General Acute Care,Non-Profit Corporation (incl. Church-related),General Medical / Surgical,179,65335,9273,36160,27,9855,2482,5486,0,0,0,0,10,3650,279,1582,4860,10,3650,0,0,0,0,0,0,0,0,0,0,0,0,0,16,5840,249,0,4544,23,8395,349,5164,265,96725,12632,56214,0,0,0,0,0,0,0,0,0,0,0,,0,0,0,0,0,0,0,0,0,265,96725,12632,56214,0,0,0,0,0,0,10,2435,5160,0,0,0,0,0,0,0,0,0,0,0,0,0,0,0,0,0,0,0,,,,,,Basic,Basic,396,0,8069,0,18168,0,9363,0,1032,0,37028,6851,43879,20,0,0,Yes,30,22,7,1,10,22,5,2,3,3,9,9,123,Respondent,2745,400520,1698,146363,1,2,6,9,,2435,125,24,,,,0,798,CV SURG,2,0,0,74,289,74,289,82,3,0,0,0,0,772,565,448,329,1220,894,929,0,104,51,43,26,273,3,6,0,6,18,11,273,317,0,54,0,0,2114,,No,200 - 299,Non-Profit Corporation (i,1,0,0,0,0,0,0,0,0,0,0,0,0,0,0,0,1,,,,,43879,396,8069,18168,9363,1032,6851,Urban,OXNARD NORTH CENTRAL,106560529,106560529
106560838,PACIFIC SHORES HOSPITAL,2130 VENTURA ROAD,OXNARD,93030,805-604-1216,Yes,01/01/2011,12/31/2011,Open,02/07/2000,07/17/1964,,NO,35,23,23,6111003002,241b,,10 - Santa Barbara/Ventura,Ventura,50000231,Parent Facility,-119.19437,34.2255,Acute Psychiatric,Investor - Corporation,Psychiatric,0,0,0,0,0,0,0,0,0,0,0,0,0,0,0,0,0,0,0,0,0,0,0,0,0,0,0,0,0,0,0,0,0,0,0,0,0,0,0,0,0,0,0,0,0,0,0,0,0,30,10950,209,5998,0,0,0,,0,0,0,0,0,0,0,0,0,30,10950,209,5998,0,0,0,0,0,0,0,0,0,0,0,17,17,0,17,0,17,0,0,0,0,0,0,17,0,0,0,17,,,,,,0,0,0,0,0,0,0,0,0,0,0,0,0,0,0,0,0,0,,0,0,0,0,0,0,0,0,0,0,0,0,0,Respondent,0,0,0,0,0,0,0,0,,0,0,0,,,,0,0,NEITHER,0,0,0,0,0,0,0,0,0,0,0,0,0,0,0,0,0,0,0,0,0,0,0,0,0,0,0,0,0,0,0,0,0,0,0,0,0,0,0,,No,1 - 49,Investor,0,0,0,1,0,0,0,0,0,0,0,0,0,0,0,0,1,,,,,0,0,0,0,0,0,,Urban,OXNARD NORTH CENTRAL,106560838,106560838
106564018,LOS ROBLES HOSPITAL AND MEDICAL CENTER - EAST CAMPUS,150 VIA MERIDA,WESTLAKE VILAGE,91362,805-370-4421,Yes,01/01/2011,12/31/2011,Open,03/21/1990,03/21/1990,,NO,37,19,24,6111007402,240c,,10 - Santa Barbara/Ventura,Ventura,50000039,Consolidated Facility,-118.81468,34.15574,General Acute Care,Investor - Corporation,Other,0,0,0,0,0,0,0,0,0,0,0,0,0,0,0,0,0,0,0,0,0,0,0,0,0,0,0,0,0,0,0,0,0,0,0,0,0,11,4015,210,3018,11,4015,210,3018,0,0,0,0,0,0,0,0,42,15330,736,736,11074,0,0,0,0,0,0,0,0,53,19345,946,14092,0,0,0,0,0,0,0,0,0,0,0,0,0,0,0,0,0,0,0,0,0,0,0,0,0,0,0,0,,Yes,,YES,,0,0,0,0,0,0,0,0,0,0,0,0,0,0,0,0,0,0,,0,0,0,0,0,0,0,0,0,0,0,0,0,Respondent,0,0,0,0,0,0,0,0,,0,0,0,,,,0,0,NEITHER,0,0,0,0,0,0,0,0,0,0,0,0,0,0,0,0,0,0,0,0,0,0,0,0,0,0,0,0,0,0,0,0,0,0,0,0,0,0,0,,No,50 - 99,Investor,0,0,0,1,0,0,0,0,0,0,0,0,0,0,0,0,1,,,,,0,0,0,0,0,0,,Urban,SIMI VALLEY WEST/THOUSAND OAKS EAST,106564018,106564018
106564121,THOUSAND OAKS SURGICAL HOSPITAL,401 ROLLING OAKS DRIVE,THOUSAND OAKS,91361,805-418-1381,Yes,01/01/2011,12/31/2011,Open,01/25/2005,01/25/2005,,NO,37,19,24,6111005911,240b,,10 - Santa Barbara/Ventura,Ventura,50000596,Parent Facility,-118.87007,34.17436,General Acute Care,Investor - Partnership,General Medical / Surgical,21,7665,1408,2980,0,0,0,0,0,0,0,0,0,0,0,0,0,0,0,0,0,0,0,0,0,0,0,0,0,0,0,0,0,0,0,0,0,0,0,0,0,21,7665,1408,2980,0,0,0,0,0,0,0,0,0,0,0,,0,0,0,0,0,0,0,0,0,21,7665,1408,2980,0,0,0,0,0,0,0,0,0,0,0,0,0,0,0,0,0,0,0,0,0,0,0,0,0,0,0,0,,,,,,0,0,0,0,0,0,0,0,0,0,0,0,0,0,0,0,0,0,,0,0,0,0,0,0,0,0,0,0,0,0,0,Respondent,1408,269784,2825,213906,0,0,7,7,,0,0,0,,,,0,0,NEITHER,0,0,0,0,0,0,0,0,0,0,0,0,0,0,0,0,0,0,0,0,0,0,0,0,0,0,0,0,0,0,0,0,0,0,0,0,0,0,0,,No,1 - 49,Investor,0,0,0,1,0,0,0,0,0,0,0,0,0,0,0,0,1,,,,,0,0,0,0,0,0,,Urban,THOUSAND OAKS CENTRAL AND WEST,106564121,106564121
106571086,WOODLAND MEMORIAL HOSPITAL,1325 COTTONWOOD STREET,WOODLAND,95695,530-669-5329,Yes,01/01/2011,12/31/2011,Open,03/29/1967,03/29/1967,,NO,8,5,2,6113011203,246.1,,02 - Golden Empire,Yolo,30000115,Parent Facility,-121.7933,38.66284,General Acute Care,Non-Profit Corporation (incl. Church-related),General Medical / Surgical,62,22630,2227,6646,7,2555,730,1400,7,2555,94,191,8,2920,359,370,1720,0,0,0,0,0,0,0,0,0,0,0,0,0,0,0,4,1460,11,0,24,0,0,0,0,88,32120,3421,9981,0,0,0,0,20,7300,931,7132,0,0,0,0,0,0,0,0,0,0,0,0,0,108,39420,4352,17113,0,0,0,0,0,0,12,707,1181,0,20,0,20,0,17,3,20,8,0,9,0,0,1,0,2,0,0,20,Yes,,,,,Basic,Basic,1007,2,4995,4,7325,25,4324,1551,781,1183,18432,2765,21197,18,0,162,,0,0,0,0,0,0,0,0,0,0,0,0,0,Respondent,1277,144479,5686,348756,0,5,5,10,,715,20,0,,,,0,152,CATH LAB,0,0,0,0,0,0,0,0,1,0,0,0,0,32,26,66,34,98,60,80,0,28,20,4,0,0,0,0,0,0,0,0,4,8,0,0,0,14,158,,No,100 - 149,Non-Profit Corporation (i,1,0,0,0,0,0,0,0,0,0,0,0,0,0,0,0,1,,,,,21197,1009,4999,7350,5875,1964,,Urban,WOODLAND,106571086,106571086
106574010,SUTTER DAVIS HOSPITAL,2000 SUTTER PLACE,DAVIS,95616,530-756-6440,Yes,01/01/2011,12/31/2011,Open,09/24/1994,09/24/1994,,NO,8,5,1,6113010505,244,,02 - Golden Empire,Yolo,30000124,Parent Facility,-121.77244,38.56154,General Acute Care,Non-Profit Corporation (incl. Church-related),General Medical / Surgical,30,10950,2015,5249,12,4380,1298,2384,0,0,0,0,6,2190,124,236,812,0,0,0,0,0,0,0,0,0,0,0,0,0,0,0,0,0,0,0,0,0,0,0,0,48,17520,3437,8445,0,0,0,0,0,0,0,0,0,0,0,0,0,0,0,0,0,0,0,0,0,48,17520,3437,8445,0,0,0,0,0,0,14,1281,2839,0,0,0,0,0,0,0,0,0,0,0,0,0,0,0,0,0,0,0,,,,,,Basic,Basic,126,0,2048,0,7868,9,6068,122,3093,1455,19203,1586,20789,8,0,360,,0,0,0,0,0,0,0,0,0,0,0,0,0,Respondent,903,97185,4694,218699,0,0,4,4,Yes,1283,37,0,Yes,,YES,1044,224,NEITHER,0,0,0,0,0,0,0,0,0,0,0,0,0,0,0,0,0,0,0,0,0,0,0,0,0,0,0,0,0,0,0,0,0,0,0,0,0,0,0,,No,1 - 49,Non-Profit Corporation (i,1,0,0,0,0,0,0,0,0,0,0,0,0,0,0,0,1,,,,,20789,126,2048,7877,6190,4548,,Urban,DAVIS,106574010,106574010
106580996,RIDEOUT MEMORIAL HOSPITAL,726 FOURTH ST,MARYSVILLE,95901,530-749-4300,Yes,01/01/2011,12/31/2011,Open,06/05/1946,06/05/1946,Level III,NO,3,4,2,6115040100,249,,02 - Golden Empire,Yuba,230000126,Parent Facility,-121.594363,39.138222,General Acute Care,Non-Profit Corporation (incl. Church-related),General Medical / Surgical,149,50039,9497,39217,0,0,0,0,0,0,234,671,24,8760,330,2099,6565,0,0,0,0,0,0,0,0,0,0,0,0,0,0,0,0,0,0,0,0,0,0,0,0,173,58799,10061,46453,0,0,0,0,0,0,0,0,0,0,0,0,0,0,0,0,0,0,0,0,0,173,58799,10061,46453,0,0,0,0,0,0,0,0,0,0,0,0,0,0,0,0,0,0,0,0,0,0,0,0,0,0,0,0,,,,,,Basic,Basic,530,27,6007,27,17154,167,9433,563,7862,8638,40986,9422,50408,24,0,770,,0,0,0,0,0,0,0,0,0,0,0,0,0,Respondent,3177,207139,1865,75054,0,0,4,4,Yes,0,0,0,,,,0,0,CV SURG,2,0,0,164,59,164,59,127,2,0,0,0,0,780,187,911,340,1691,527,1272,0,176,0,72,0,416,40,0,3,0,0,0,106,51,0,17,0,0,2153,,No,150 - 199,Non-Profit Corporation (i,1,0,0,0,1,0,0,1,0,0,0,0,0,0,1,1,0,,,50408,,,557,6034,17321,9996,16500,,Rural,MARYSVILLE,106580996,106580996
206100718,COMMUNITY SUBACUTE AND TRANSITIONAL CARE CENTER,3003 NORTH MARIPOSA STREET,FRESNO,93703,559-459-1711-21837,Yes,01/01/2011,12/31/2011,Open,10/20/2009,06/11/1963,,NO,29,16,21,6019003400,35c,,09 - Central,Fresno,40000096,Consolidated Facility,-119.77947,36.777845,General Acute Care,Non-Profit Corporation (incl. Church-related),Long-Term Care (SN/IC),0,0,0,0,0,0,0,0,0,0,0,0,0,0,0,0,0,0,0,0,0,0,0,0,0,0,0,0,0,0,0,0,0,0,0,0,0,0,0,0,0,0,0,0,0,0,0,0,0,0,0,0,0,106,38690,234,0,32864,0,0,0,0,0,0,0,0,106,38690,234,32864,0,0,0,0,0,0,0,0,0,0,0,0,0,0,0,0,0,0,0,0,0,0,0,0,0,0,0,0,,Yes,,YES,,0,0,0,0,0,0,0,0,0,0,0,0,0,0,0,0,0,0,,0,0,0,0,0,0,0,0,0,0,0,0,0,Respondent,0,0,0,0,0,0,0,0,,0,0,0,,,,0,0,NEITHER,0,0,0,0,0,0,0,0,0,0,0,0,0,0,0,0,0,0,0,0,0,0,0,0,0,0,0,0,0,0,0,0,0,0,0,0,0,0,0,,No,100 - 149,Non-Profit Corporation (i,0,0,0,1,0,0,0,0,0,0,0,0,0,0,0,0,1,,,,,0,0,0,0,0,0,,Urban,FRESNO WEST CENTRAL,206100718,206100718
206190788,PROVIDENCE LITTLE CO OF MARY SUBACUTE CARE CENTER,3620 WEST LOMITA BOULEVARD,TORRANCE,90505,310-514-5494,No,01/01/2011,12/31/2011,Open,07/17/1972,07/17/1972,,NO,53,28,36,6037651101,78.2aaaa,South Bay,11 - Los Angeles,Los Angeles,930000142,Consolidated Facility,-118.34833,33.81459,General Acute Care,Nonprofit - Corporation,,0,0,0,0,0,0,0,0,0,0,0,0,0,0,0,0,0,0,0,0,0,0,0,0,0,0,0,0,0,0,0,0,0,0,0,0,0,0,0,0,0,0,0,0,0,0,0,0,0,0,0,0,0,200,73000,0,,0,0,0,0,0,0,0,0,0,200,73000,0,0,0,0,0,0,0,0,0,0,0,0,0,0,0,0,0,0,0,0,0,0,0,0,0,0,0,0,0,0,,,,,,0,0,0,0,0,0,0,0,0,0,0,0,0,0,0,0,0,0,NO,0,0,0,0,0,0,0,0,0,0,0,0,,Respondent,0,0,0,0,0,0,0,0,,0,0,0,,,,0,0,NEITHER,0,0,0,0,0,0,0,0,0,0,0,0,0,0,0,0,0,0,0,0,0,0,0,0,0,0,0,0,0,0,0,0,0,0,0,0,0,0,0,,No,200 - 299,Nonprofit - Corporation,0,0,0,1,0,0,0,0,0,0,0,0,0,0,0,0,1,,,,,0,0,0,0,0,0,,Urban,HARBOR GATEWAY SOUTH/LOMITA/TORRANCE EAST CENTRAL,206190788,206190788
206351814,HAZEL HAWKINS CONVALESCENT HOSPITAL - SUNSET,900 SUNSET DRIVE,HOLLISTER,95023,831-635-1106,Yes,01/01/2011,12/31/2011,Open,05/20/1969,05/20/1969,,NO,28,12,17,6069000600,140,,08 - Mid-Coast,San Benito,70000004,Consolidated Facility,-121.38628,36.83519,General Acute Care,District,Long-Term Care (SN/IC),0,0,0,0,0,0,0,0,0,0,0,0,0,0,0,0,0,0,0,0,0,0,0,0,0,0,0,0,0,0,0,0,0,0,0,0,0,0,0,0,0,0,0,0,0,0,0,0,0,0,0,0,0,70,25550,137,,17745,0,0,0,0,0,0,0,0,70,25550,137,17745,0,0,0,0,0,0,0,0,0,0,0,0,0,0,0,0,0,0,0,0,0,0,0,0,0,0,0,0,,,,,,0,0,0,0,0,0,0,0,0,0,0,0,0,0,0,0,0,0,,0,0,0,0,0,0,0,0,0,0,0,0,0,Respondent,0,0,0,0,0,0,0,0,,0,0,0,,,,0,0,NEITHER,0,0,0,0,0,0,0,0,0,0,0,0,0,0,0,0,0,0,0,0,0,0,0,0,0,0,0,0,0,0,0,0,0,0,0,0,0,0,0,,No,50 - 99,District,0,0,0,1,0,0,0,0,0,0,0,0,0,0,0,0,1,,,,,0,0,0,0,0,0,,Rural,HOLLISTER/PAICINES/PANOCHE/SAN JUAN BAUTISTA,206351814,206351814