OSHPD_ID,FAC_NAME,FAC_ADDRESS_ONE,FAC_CITY,FAC_ZIPCODE,FAC_PHONE,FAC_OPER_CURRYR,BEG_DATE,END_DATE,LIC_STATUS,LIC_STATUS_DATE,LIC_ORIG_DATE,TRAUMA_CTR,TEACH_HOSP,ASSEMBLY_DIST,SENATE_DIST,CONGRESS_DIST,CENS_TRACT,MED_SVC_STUDY_AREA,LACO_SVC_PLAN_AREA,HEALTH_SVC_AREA,COUNTY,LICENSE_NO,FACILITY_LEVEL,LONGITUDE,LATITUDE,LIC_CAT,LICEE_TOC,TYPE_SVC_PRINCIPAL,MED_SURG_BED_LIC,MED_SURG_LICBED_DAY,MED_SURG_DIS,MED_SURG_CENS_DAY,PERINATL_BED_LIC,PERINATL_LICBED_DAY,PERINATL_DIS,PERINATL_CENS_DAY,PED_BED_LIC,PED_LICBED_DAY,PED_DIS,PED_CENS_DAY,ICU_BED_LIC,ICU_LICBED_DAY,ICU_DIS,ICU_TFR_INHOSP,ICU_CENS_DAY,CCU_BED_LIC,CCU_LICBED_DAY,CCU_DIS,CCU_TFR_INHOSP,CCU_CENS_DAY,RESP_BED_LIC,RESP_LICBED_DAY,RESP_DIS,RESP_TFR_INHOSP,RESP_CENS_DAY,BURN_BED_LIC,BURN_LICBED_DAY,BURN_DIS,BURN_TFR_INHOSP,BURN_CENS_DAY,NICU_BED_LIC,NICU_LICBED_DAY,NICU_DIS,NICU_TFR_INHOSP,NICU_CENS_DAY,REHAB_BED_LIC,REHAB_LICBED_DAY,REHAB_DIS,REHAB_CENS_DAY,GAC_BED_LIC_SUBTOTL,GAC_LICBED_DAY_SUBTOTL,GAC_DIS_SUBTOTL,GAC_CENS_DAY_SUBTOTL,CHEM_BED_LIC,CHEM_LICBED_DAY,CHEM_DIS,CHEM_CENS_DAY,PSY_BED_LIC,PSY_LICBED_DAY,PSY_DIS,PSY_CENS_DAY,SN_BED_LIC,SN_LICBED_DAY,SN_DIS,SN_TFR_INHOSP,SN_CENS_DAY,IC_BED_LIC,IC_LICBED_DAY,IC_DIS,IC_CENS_DAY,IC_DEV_DISBL_BED_LIC,IC_DEV_DISBL_LICBED_DAY,IC_DEV_DISBL_DIS,IC_DEV_DISBL_CENS_DAY,HOSP_BED_LIC_TOTL,HOSP_LICBED_DAY_TOTL,HOSP_DIS_TOTL,HOSP_CENS_DAY_TOTL,CHEM_GAC_BED_LIC,CHEM_GAC_DIS,CHEM_GAC_CENS_DAY,CHEM_PSY_BED_LIC,CHEM_PSY_DIS,CHEM_PSY_CENS_DAY,NEWBORN_NURSRY_BASSINETS,NEWBORN_NURSRY_INFANTS,NEWBORN_NURSRY_CENS_DAY,BED_SWING_SN,PSY_LCK_CENS_PATIENT,PSY_OPN_CENS_PATIENT,PSY_CENS_PATIENT_TOTL,PSY_CENS_PATIENT_LE17,PSY_CENS_PATIENT_18_64,PSY_CENS_PATIENT_EQ65,PSY_CENS_PATIENT_TOTL_1,PSY_CENS_PATIENT_MCAR,PSY_CENS_PATIENT_MNG_MCAR,PSY_CENS_PATIENT_MCAL,PSY_CENS_PATIENT_MNG_MCAL,PSY_CENS_PATIENT_CO_INDIG,PSY_CENS_PATIENT_OTHR_THIRDPTY,PSY_CENS_PATIENT_MNG_OTHR_THIRDP,PSY_CENS_PATIENT_SHDOYL,PSY_CENS_PATIENT_OTHR_INDIG,PSY_CENS_PATIENT_OTHR_PAYER,PSY_CENS_PATIENT_TOTL_2,PSY_PROG_SHDOYL,HOSPICE_PROG,HOSPICE_CLASS_GAC_BED,HOSPICE_CLASS_SN_BED,HOSPICE_CLASS_IC_BED,OUTPATIENT_Pal_CARE_SERV_OFFERED,ED_LIC_LEVL_BEGIN,ED_LIC_LEVL_END,EMS_VISITS_NON_URGENT_NOT_adm,EMS_VISITS_NON_URGENT_adm,EMS_VISITS_URGENT_NOT_adm,EMS_VISITS_URGENT_adm,EMS_VISITS_MODERATE_NOT_adm,EMS_VISITS_MODERATE_adm,EMS_VISITS_SEVERE_NOT_adm,EMS_VISITS_SEVERE_adm,EMS_VISITS_CRITICAL_NOT_adm,EMS_VISITS_CRITICAL_adm,EMS_NO_ADM_VIS_TOTL,EMS_ADM_VIS_TOTL,ED_TRAFFIC_TOTL,EMS_STATION,EMS_NON_EMERG_VIS,EMS_REGISTERS_NO_TREAT,EMS_AMB_DIVERS,EMS_AMB_DIVERS_JAN_HOURS,EMS_AMB_DIVERS_FEB_HOURS,EMS_AMB_DIVERS_MAR_HOURS,EMS_AMB_DIVERS_APR_HOURS,EMS_AMB_DIVERS_MAY_HOURS,EMS_AMB_DIVERS_JUN_HOURS,EMS_AMB_DIVERS_JUL_HOURS,EMS_AMB_DIVERS_AUG_HOURS,EMS_AMB_DIVERS_SEP_HOURS,EMS_AMB_DIVERS_OCT_HOURS,EMS_AMB_DIVERS_NOV_HOURS,EMS_AMB_DIVERS_DEC_HOURS,EMS_AMB_DIVERS_TOTL_HOURS,resp_stat,SURG_IP,OP_RM_MIN_IP,SURG_OP,OP_RM_MIN_OP,OP_RM_IP_ONLY,OP_RM_OP_ONLY,OP_RM_IP_AND_OP,OP_RM_TOTL,AMB_SURG_PROG,BIRTHS_LIVE_TOTL,BIRTHS_LIVE_LT5LBS_8OZ,BIRTHS_LIVE_LT3LBS_5OZ,ABC_OP_PROG,BIRTHS_LIVE_ABC,BIRTHS_LIVE_C_SEC,LICENSURE_CVSURG_SVCS,CVSURG_LIC_OP_RM,CVSURG_WITH_ECBPASS_PED,CVSURG_WITHOUT_ECBPASS_PED,CVSURG_WITH_ECBPASS_ADLT,CVSURG_WITHOUT_ECBPASS_ADLT,CVSURG_WITH_ECBPASS_TOTL,CVSURG_WITHOUT_ECBPASS_TOTL,CVSURG_CABG_TOTL,CATH_CARD_RM,CATH_IP_PED_DX_VIS,CATH_IP_PED_THER_VIS,CATH_OP_PED_DX_VIS,CATH_OP_PED_THER_VIS,CATH_IP_ADLT_DX_VIS,CATH_IP_ADLT_THER_VIS,CATH_OP_ADLT_DX_VIS,CATH_OP_ADLT_THER_VIS,CATH_DX_VIS_TOTL,CATH_THER_VIS_TOTL,CARDIAC_CATH_DX_PROC,MYOCARDIAL_BIOPSY,PACEMKR_PERM_IMPL,OTH_PERM_PACEMAKER_PROC,ICD_IMPLANTATION,OTH_ICD_PROCEDURES,PCI_WITH_STENT,PCI_WITHOUT_STENT,ATHERECTOMY_PTCRA,THROMBO_AGT,PTBV,DX_EP_STUDY,CATHETER_ABLATION,PERIPHERAL_VASCULAR_ANGIOGRAPHY,PERIPHERAL_VASCULAR_INTERVENTION,CAROTID_STENTING,INTRA_AORTIC_BALLOON_PUMP_INS,CATHETER_BASED_VENTRICULAR_INS,OTHR_CATH_PROC,CATH_TOTL,EQUIP_ACQ_OVER_500K,Include_State_hospital,bed_size_range,TYPE_CNTRL_R1,EMS_Basic,EMS_Comp,EMS_Standby,EMS_GAC_None,EMSA_ADULT,Level_I_Trauma,Level_II_Trauma,Level_III_Trauma,Level_IV_Trauma,EMSA_PED,Level_I_ped,Level_II_ped,Level_III_ped,Level_IV_ped,EMSA_Trauma,EMSA_EITHER,non_emsa,level_I_visit,level_II_visit,level_III_visit,level_IV_visit,non_emsa_visit,MINOR_TOT,LOWM_TOT,MOD_TOT,SEV_TOT,CRIT_TOT,unknown_sev,abc_ldrp1,abc_ldr1,ems_amb_divers1,MSSA_DESIGNATION,MSSA_NAME,oshpd_id2,,,,,,
106010735,ALAMEDA HOSPITAL,2070 CLINTON,ALAMEDA,94501,510-522-3700,Yes,01/01/2013,12/31/2013,Open,01/01/1946,01/01/1946,,NO,18,9,13,6001428500,2e,,05 - East Bay,Alameda,140000002,Parent Facility,-122.25362,37.762953,General Acute Care,District,General Medical / Surgical,84,30660,2575,9853,0,0,0,0,0,0,0,0,8,2920,0,0,0,8,2920,172,185,1667,0,0,0,0,0,0,0,0,0,0,0,0,0,0,0,0,0,0,0,100,36500,2747,11520,0,0,0,0,0,0,0,0,181,66065,279,,60538,0,0,0,0,0,0,0,0,281,102565,3026,72058,0,0,0,0,0,0,0,0,0,0,0,0,0,0,0,0,0,0,0,0,0,0,0,0,0,0,0,0,,,,,,No,Basic,Basic,561,1,2089,1,6657,31,3598,1046,1389,1509,14294,2588,16882,12,0,223,Yes,2,0,36,7,1,0,2,5,13,1,4,8,79,Respondent,568,56334,1477,81457,0,1,5,6,,0,0,0,,0,0,NEITHER,0,0,0,0,0,0,0,0,0,0,0,0,0,0,0,0,0,0,0,0,0,0,0,0,0,0,0,0,0,0,0,0,0,0,0,0,0,0,0,,No,200 - 299,District,1,0,0,0,0,0,0,0,0,0,0,0,0,0,0,0,1,0,0,0,0,16882,562,2090,6688,4644,2898,0,,,1,Urban,ALAMEDA/JACK LONDON SQUARE/OAKLAND INNER HARBOR,106010735,,,,,,
106010739,ALTA BATES SUMMIT MED CTR-ALTA BATES CAMPUS,2450 ASHBY STREET,BERKELEY,94705,510-204-4444,Yes,01/01/2013,12/31/2013,Open,01/02/1946,01/02/1946,,NO,15,9,13,6001423902,2b,,05 - East Bay,Alameda,140000004,Parent Facility,-122.25784,37.85633,General Acute Care,Non-Profit Corporation (incl. Church-related),General Medical / Surgical,146,53290,7548,34705,116,42340,7648,23080,0,0,0,0,16,5840,272,883,4825,14,5110,0,0,0,0,0,0,0,0,0,0,0,0,0,55,20075,960,272,13214,0,0,0,0,347,126655,16428,75824,0,0,0,0,0,0,0,0,0,0,0,,0,0,0,0,0,0,0,0,0,347,126655,16428,75824,0,0,0,0,0,0,80,6250,10858,0,0,0,0,0,0,0,0,0,0,0,0,0,0,0,0,0,0,0,,,,,,No,Basic,Basic,706,7,5861,3,12375,18,13006,751,6981,4404,38929,5183,44112,22,0,897,Yes,8,2,2,6,0,0,0,5,5,7,0,8,43,Respondent,2812,357750,4197,325419,0,0,13,13,Yes,7071,661,114,Yes,5207,1859,CATH LAB,0,0,0,0,0,0,0,0,0,0,0,0,0,0,0,0,0,0,0,0,0,0,0,0,0,0,0,0,0,0,0,0,0,0,0,0,0,0,0,,No,300 - 499,Non-Profit Corporation (i,1,0,0,0,0,0,0,0,0,0,0,0,0,0,0,0,1,0,0,0,0,44112,713,5864,12393,13757,11385,0,,1,1,Urban,ALBANY/BERKELEY EAST AND NORTH/CLAREMONT/CRAGMONT/FOREST PARK/ROCKRIDGE/TEMESCAL/THOUSAND OAKS,106010739,,,,,,
106010776,CHILDRENS HOSPITAL AND RESEARCH CTR AT OAKLAND,747 52ND STREET,OAKLAND,94609,510-428-3000,Yes,01/01/2013,12/31/2013,Open,01/01/1946,01/01/1946,Level I - Pediatric,NO,15,9,13,6001401000,2c,,05 - East Bay,Alameda,140000015,Parent Facility,-122.26747,37.83722,General Acute Care,Non-Profit Corporation (incl. Church-related),Pediatric,0,0,0,0,0,0,0,0,111,40515,9138,30161,23,8395,572,1243,5712,0,0,0,0,0,0,0,0,0,0,0,0,0,0,0,44,16060,484,580,8916,12,4380,95,2902,190,69350,10289,47691,0,0,0,0,0,0,0,0,0,0,0,0,0,0,0,0,0,0,0,0,0,190,69350,10289,47691,0,0,0,0,0,0,0,0,0,0,0,0,0,0,0,0,0,0,0,0,0,0,0,0,0,0,0,0,,,,,,No,Basic,Basic,1965,363,9542,125,22748,1117,3136,3364,1259,1929,38650,6898,45548,37,0,0,No,0,0,0,0,0,0,0,0,0,0,0,0,0,Respondent,3442,423660,5087,342960,0,2,10,12,Yes,0,0,0,,0,0,CV SURG,1,117,21,10,0,127,21,0,1,48,55,0,0,8,2,0,0,56,57,56,0,0,0,0,0,0,0,0,0,10,0,0,0,0,0,0,0,55,121,,No,150 - 199,Non-Profit Corporation (i,1,0,0,0,0,0,0,0,0,1,1,0,0,0,1,1,0,45548,0,0,0,0,2328,9667,23865,6500,3188,0,,,,Urban,OAKLAND WEST CENTRAL,106010776,,,,,,
106010782,THUNDER ROAD CHEMICAL DEPENDENCY RECOVERY HOSPITAL,390 FORTIETH STREET,OAKLAND,94609,510-653-5040,Yes,01/01/2013,12/31/2013,Open,12/18/1960,12/18/1960,,NO,18,9,13,6001401200,2b,,05 - East Bay,Alameda,140000272,Parent Facility,-122.26021,37.82862,Chemical Dependency Recovery Hospital,Non-Profit Corporation (incl. Church-related),Chemical Dependency (Alcohol/Drug),0,0,0,0,0,0,0,0,0,0,0,0,0,0,0,0,0,0,0,0,0,0,0,0,0,0,0,0,0,0,0,0,0,0,0,0,0,0,0,0,0,0,0,0,0,50,18250,141,13406,0,0,0,0,0,0,0,,0,0,0,0,0,0,0,0,0,50,18250,141,13406,0,0,0,0,0,0,0,0,0,0,0,0,0,0,0,0,0,0,0,0,0,0,0,0,0,0,0,0,,,,,,No,0,0,0,0,0,0,0,0,0,0,0,0,0,0,0,0,0,0,No,0,0,0,0,0,0,0,0,0,0,0,0,0,Respondent,0,0,0,0,0,0,0,0,,0,0,0,,0,0,NEITHER,0,0,0,0,0,0,0,0,0,0,0,0,0,0,0,0,0,0,0,0,0,0,0,0,0,0,0,0,0,0,0,0,0,0,0,0,0,0,0,,No,50 - 99,Non-Profit Corporation (i,0,0,0,1,0,0,0,0,0,0,0,0,0,0,0,0,1,0,0,0,0,0,0,0,0,0,0,0,,,,Urban,ALBANY/BERKELEY EAST AND NORTH/CLAREMONT/CRAGMONT/FOREST PARK/ROCKRIDGE/TEMESCAL/THOUSAND OAKS,106010782,,,,,,
106010811,ALAMEDA COUNTY MEDICAL CENTER - FAIRMONT CAMPUS,15400 FOOTHILL BOULEVARD,SAN LEANDRO,94578,510-437-4800,Yes,01/01/2013,12/31/2013,Open,07/01/1953,07/01/1953,,NO,20,10,15,6001430500,2f,,05 - East Bay,Alameda,140000046,Consolidated Facility,-122.12057,37.70789,General Acute Care,City and/or County,Long-Term Care (SN/IC),0,0,0,0,0,0,0,0,0,0,0,0,0,0,0,0,0,0,0,0,0,0,0,0,0,0,0,0,0,0,0,0,0,0,0,0,0,50,18250,399,6596,50,18250,399,6596,0,0,0,0,0,0,0,0,109,39785,140,0,35712,0,0,0,0,0,0,0,0,159,58035,539,42308,0,0,0,0,0,0,0,0,0,0,0,0,0,0,0,0,0,0,0,0,0,0,0,0,0,0,0,0,,,,,,No,0,0,0,0,0,0,0,0,0,0,0,0,0,0,0,0,0,0,No,0,0,0,0,0,0,0,0,0,0,0,0,0,Respondent,0,0,0,0,0,0,0,0,,0,0,0,,0,0,NEITHER,0,0,0,0,0,0,0,0,0,0,0,0,0,0,0,0,0,0,0,0,0,0,0,0,0,0,0,0,0,0,0,0,0,0,0,0,0,0,0,,No,150 - 199,City and/or County,0,0,0,1,0,0,0,0,0,0,0,0,0,0,0,0,1,0,0,0,0,0,0,0,0,0,0,0,,,,Urban,CASTRO VALLEY CENTRAL AND NORTH/OAK KNOLL/SAN LEANDRO NORTHEAST/SHEFFIELD VILLAGE/UNION CITY EAST,106010811,,,,,,
106010844,ALTA BATES SUMMIT MED CTR-HERRICK CAMPUS,2001 DWIGHT WAY,BERKELEY,94704,510-204-4444,Yes,01/01/2013,12/31/2013,Open,01/01/1946,01/01/1946,,NO,15,9,13,6001422900,2a,,05 - East Bay,Alameda,140000004,Consolidated Facility,-122.26984,37.86373,General Acute Care,Non-Profit Corporation (incl. Church-related),Psychiatric,0,0,0,0,0,0,0,0,0,0,0,0,0,0,0,0,0,0,0,0,0,0,0,0,0,0,0,0,0,0,0,0,0,0,0,0,0,42,15330,793,11729,42,15330,793,11729,0,0,0,0,69,25185,2085,16121,0,0,0,,0,0,0,0,0,0,0,0,0,111,40515,2878,27850,0,0,0,0,0,0,0,0,0,0,31,0,31,6,21,4,31,7,2,7,1,0,0,14,0,0,0,31,Yes,,,,,No,0,0,0,0,0,0,0,0,0,0,0,0,0,0,0,0,0,0,No,0,0,0,0,0,0,0,0,0,0,0,0,0,Respondent,0,0,0,0,0,0,0,0,,0,0,0,,0,0,NEITHER,0,0,0,0,0,0,0,0,0,0,0,0,0,0,0,0,0,0,0,0,0,0,0,0,0,0,0,0,0,0,0,0,0,0,0,0,0,0,0,,No,100 - 149,Non-Profit Corporation (i,0,0,0,1,0,0,0,0,0,0,0,0,0,0,0,0,1,0,0,0,0,0,0,0,0,0,0,0,,,,Urban,BERKELEY SOUTH AND WEST/EMERYVILLE/OAKLAND NORTHWEST,106010844,,,,,,
106010846,ALAMEDA COUNTY MEDICAL CENTER,1411 EAST 31ST STREET,OAKLAND,94602,510-437-4800,Yes,01/01/2013,12/31/2013,Open,07/01/1953,07/01/1953,Level II,YES,18,9,13,6001405700,2c,,05 - East Bay,Alameda,140000046,Parent Facility,-122.2312,37.79917,General Acute Care,City and/or County,General Medical / Surgical,191,69715,8809,36423,17,6205,1189,3047,0,0,0,0,20,7300,369,983,6484,0,0,0,0,0,0,0,0,0,0,0,0,0,0,0,8,2920,308,157,1225,0,0,0,0,236,86140,10675,47179,0,0,0,0,80,29200,2909,25013,0,0,0,,0,0,0,0,0,0,0,0,0,316,115340,13584,72192,0,0,0,0,0,0,20,881,1909,0,69,0,69,0,66,3,69,12,1,0,27,16,3,1,5,0,4,69,Yes,,,,,No,Basic,Basic,36581,48,10973,51,12075,63,17457,357,5371,9102,82457,9621,92078,52,0,5879,Yes,22,30,32,23,27,34,32,39,30,40,45,26,380,Respondent,2662,437907,2967,370293,0,0,6,6,Yes,1327,107,11,,0,289,CATH LAB,0,0,0,0,0,0,0,0,1,0,0,0,0,122,24,250,108,372,132,240,0,0,0,0,0,124,8,0,0,0,0,0,71,60,0,11,0,67,581,,No,300 - 499,City and/or County,1,0,0,0,1,0,1,0,0,0,0,0,0,0,1,1,0,0,92078,0,0,0,36629,11024,12138,17814,14473,0,,,1,Urban,OAKLAND WEST CENTRAL,106010846,,,,,,
106010856,KAISER FND HOSP - OAKLAND CAMPUS,280 W. MACARTHUR BOULEVARD,OAKLAND,94611-5693,510-752-1000,Yes,01/01/2013,12/31/2013,Closed,06/30/2014,01/01/1946,,YES,15,9,13,6001404000,2b,,05 - East Bay,Alameda,140000052,Parent Facility,-122.25792,37.82425,General Acute Care,Non-Profit Corporation (incl. Church-related),General Medical / Surgical,221,80665,9798,39433,39,14235,2377,6065,33,12045,2004,7375,30,10950,278,1423,4092,0,0,0,0,0,0,0,0,0,0,0,0,0,0,0,18,6570,245,139,4667,0,0,0,0,341,124465,14702,61632,0,0,0,0,0,0,0,0,0,0,0,0,0,0,0,0,0,0,0,0,0,341,124465,14702,61632,0,0,0,0,0,0,31,1999,3926,0,0,0,0,0,0,0,0,0,0,0,0,0,0,0,0,0,0,0,,,,,,Yes,Basic,Basic,15213,4,8818,61,8876,385,12124,2789,2900,3299,47931,6538,54469,32,0,224,Yes,15,10,10,8,0,10,6,9,4,0,2,2,76,Respondent,5714,1061801,5489,648575,0,0,12,12,,2204,201,40,Yes,1465,739,NEITHER,0,0,0,0,0,0,0,0,0,0,0,0,0,0,0,0,0,0,0,0,0,0,0,0,0,0,0,0,0,0,0,0,0,0,0,0,0,0,0,,No,300 - 499,Non-Profit Corporation (i,1,0,0,0,0,0,0,0,0,0,0,0,0,0,0,0,1,0,0,0,0,54469,15217,8879,9261,14913,6199,0,,1,1,Urban,ALBANY/BERKELEY EAST AND NORTH/CLAREMONT/CRAGMONT/FOREST PARK/ROCKRIDGE/TEMESCAL/THOUSAND OAKS,106010856,,,,,,
106010858,KAISER FND HOSP - HAYWARD/FREMONT,27400 HESPERIAN BOULEVARD,HAYWARD,94545,510-784-4000,Yes,01/01/2013,12/31/2013,Closed,06/02/2014,12/01/1966,,NO,20,10,15,6001438300,2g,,05 - East Bay,Alameda,140000053,Parent Facility,-122.09338,37.62593,General Acute Care,Non-Profit Corporation (incl. Church-related),General Medical / Surgical,128,46720,5402,19443,33,12045,2679,6397,20,7300,403,944,16,5840,258,1130,3762,0,0,0,0,0,0,0,0,0,0,0,0,0,0,0,16,5840,192,148,3475,0,0,0,0,213,77745,8934,34021,0,0,0,0,0,0,0,0,0,0,0,0,0,0,0,0,0,0,0,0,0,213,77745,8934,34021,0,0,0,0,0,0,20,2431,4436,0,0,0,0,0,0,0,0,0,0,0,0,0,0,0,0,0,0,0,,,,,,Yes,Basic,Basic,12522,3,7973,8,12777,159,11338,2055,2119,2352,46729,4577,51306,26,0,163,No,0,0,0,0,0,0,0,0,0,0,0,0,0,Respondent,2478,298921,4048,389832,0,0,7,7,,2621,203,40,Yes,1784,837,NEITHER,0,0,0,0,0,0,0,0,0,0,0,0,0,0,0,0,0,0,0,0,0,0,0,0,0,0,0,0,0,0,0,0,0,0,0,0,0,0,0,,No,200 - 299,Non-Profit Corporation (i,1,0,0,0,0,0,0,0,0,0,0,0,0,0,0,0,1,0,0,0,0,51306,12525,7981,12936,13393,4471,0,,1,,Urban,SAN LEANDRO WEST/SAN LORENZO WEST/HAYWARD WEST,106010858,,,,,,
106010887,KINDRED HOSPITAL - SAN FRANCISCO BAY AREA,2800 BENEDICT DRIVE,SAN LEANDRO,94577,510-357-8300,Yes,01/01/2013,12/31/2013,Open,11/13/1962,11/13/1962,,NO,18,9,13,6001432800,2f,,05 - East Bay,Alameda,140000066,Parent Facility,-122.13119,37.71621,General Acute Care,Investor - Corporation,General Medical / Surgical,89,32485,424,16970,0,0,0,0,0,0,0,0,10,3650,103,232,2211,0,0,0,0,0,0,0,0,0,0,0,0,0,0,0,0,0,0,0,0,0,0,0,0,99,36135,527,19181,0,0,0,0,0,0,0,0,0,0,0,,0,0,0,0,0,0,0,0,0,99,36135,527,19181,0,0,0,0,0,0,0,0,0,0,0,0,0,0,0,0,0,0,0,0,0,0,0,0,0,0,0,0,,,,,,No,0,0,0,0,0,0,0,0,0,0,0,0,0,0,0,0,0,0,No,0,0,0,0,0,0,0,0,0,0,0,0,0,Respondent,155,12900,0,0,2,0,0,2,,0,0,0,,0,0,NEITHER,0,0,0,0,0,0,0,0,0,0,0,0,0,0,0,0,0,0,0,0,0,0,0,0,0,0,0,0,0,0,0,0,0,0,0,0,0,0,0,,No,50 - 99,Investor,0,0,0,1,0,0,0,0,0,0,0,0,0,0,0,0,1,0,0,0,0,0,0,0,0,0,0,0,,,,Urban,CASTRO VALLEY CENTRAL AND NORTH/OAK KNOLL/SAN LEANDRO NORTHEAST/SHEFFIELD VILLAGE/UNION CITY EAST,106010887,,,,,,
106010937,ALTA BATES SUMMIT MED CTR-SUMMIT CAMPUS-HAWTHORNE,350 HAWTHORNE AVENUE,OAKLAND,94609,510-655-4000,Yes,01/01/2013,12/31/2013,Open,01/01/1946,01/01/1946,,NO,18,9,13,6001401300,2m,,05 - East Bay,Alameda,140000284,Parent Facility,-122.26257,37.82106,General Acute Care,Non-Profit Corporation (incl. Church-related),General Medical / Surgical,301,219730,10949,45522,0,0,0,0,0,0,0,0,24,17520,312,1493,6776,12,8760,0,0,0,0,0,0,0,0,0,0,0,0,0,0,0,0,0,0,0,0,0,0,337,246010,11261,52298,0,0,0,0,0,0,0,0,0,0,0,,0,0,0,0,0,0,0,0,0,337,246010,11261,52298,0,0,0,0,0,0,0,0,0,0,0,0,0,0,0,0,0,0,0,0,0,0,0,0,0,0,0,0,,,,,,No,Basic,Basic,451,1,2666,6,12390,42,12108,910,5923,7079,33538,8038,41576,31,0,1299,Yes,131,7,4,4,11,2,0,4,5,9,3,9,189,Respondent,3142,532903,2821,276464,0,0,12,12,Yes,0,0,0,,0,0,CV SURG,4,0,0,275,8,275,8,155,5,0,0,0,0,1112,673,386,46,1498,719,1279,1,76,141,42,145,631,35,35,1,4,207,168,211,69,27,19,11,43,3145,Yes,No,300 - 499,Non-Profit Corporation (i,1,0,0,0,0,0,0,0,0,0,0,0,0,0,0,0,1,0,0,0,0,41576,452,2672,12432,13018,13002,0,,,1,Urban,DIMOND/MONTCLAIR/OAKLAND EAST/OAKMORE/PIEDMONT/PIEDMONT PINES/TRESTLE GLEN,106010937,,,,,,
106010967,ST. ROSE HOSPITAL,27200 CALAROGA AVENUE,HAYWARD,94545,510-264-4000,Yes,01/01/2013,12/31/2013,Open,10/10/1962,10/10/1962,,NO,20,10,15,6001437300,2g,,05 - East Bay,Alameda,140000107,Parent Facility,-122.08962,37.63291,General Acute Care,Non-Profit Corporation (incl. Church-related),General Medical / Surgical,163,59495,5112,23477,17,6205,892,2248,0,0,0,0,9,3285,176,574,1010,6,2190,81,317,520,0,0,0,0,0,0,0,0,0,0,0,0,0,0,0,0,0,0,0,195,71175,6261,27255,0,0,0,0,0,0,0,0,22,8030,0,,0,0,0,0,0,0,0,0,0,217,79205,6261,27255,0,0,0,0,0,0,24,861,1902,0,0,0,0,0,0,0,0,0,0,0,0,0,0,0,0,0,0,0,,,,,,No,Basic,Basic,433,1,4602,4,12708,4,8818,553,3975,3986,30536,4548,35084,17,0,705,Yes,2,0,1,0,0,0,0,0,0,2,0,0,5,Respondent,1084,135620,876,75246,0,0,4,4,Yes,837,26,2,,0,182,CATH LAB,0,0,0,0,0,0,0,0,1,0,0,0,0,257,253,189,71,446,324,405,0,37,11,15,7,152,34,0,0,0,0,0,5,5,1,6,0,0,678,,No,200 - 299,Non-Profit Corporation (i,1,0,0,0,0,0,0,0,0,0,0,0,0,0,0,0,1,0,0,0,0,35084,434,4606,12712,9371,7961,0,,,1,Urban,SAN LEANDRO WEST/SAN LORENZO WEST/HAYWARD WEST,106010967,,,,,,
106010983,VALLEY MEMORIAL HOSPITAL - LIVERMORE,,,,,,,,,,,,No,16,7,15,,,,,Alameda,,,,,,,,,,,,,,,,,,,,,,,,,,,,,,,,,,,,,,,,,,,,,,,,,,,,,,,,,,,,,,,,,,,,,,,,,,,,,,,,,,,,,,,,,,,,,,,,,,,,,,,,,,,,,,,,0,0,0,0,0,0,0,0,0,0,0,0,,,,,,,,,,,,,,,,,,,,,Non-Respondent,,,,,,,,,,,,,,,,NEITHER,,,,,,,,,,,,,,,,,,,,,,,,,,,,,,,,,,,,,,,,,No,,,0,0,0,1,0,0,0,0,0,0,0,0,0,0,0,0,1,0,0,0,0,0,0,0,0,0,0,0,,,,Rural,LIVERMORE CENTRAL AND WEST/SPRING TOWN,106010983,,,,,,
106010987,WASHINGTON HOSPITAL - FREMONT,2000 MOWRY AVENUE,FREMONT,94538,510-797-1111,Yes,01/01/2013,12/31/2013,Open,11/19/1958,11/19/1958,,NO,20,10,17,6001441901,2l,,05 - East Bay,Alameda,140000116,Parent Facility,-121.98006,37.55847,General Acute Care,District,General Medical / Surgical,324,118260,8906,44680,22,8030,1967,5069,15,5475,339,633,12,4380,196,984,3835,16,5840,114,728,4966,0,0,0,0,0,0,0,0,0,0,0,0,0,0,0,0,0,0,0,389,141985,11522,59183,0,0,0,0,0,0,0,0,0,0,0,,0,0,0,0,0,0,0,0,0,389,141985,11522,59183,0,0,0,0,0,0,22,1843,3880,0,0,0,0,0,0,0,0,0,0,0,0,0,0,0,0,0,0,0,,,,,,No,Basic,Basic,2843,13,5959,8,16556,57,12226,191,5385,6141,42969,6410,49379,23,0,1021,No,0,0,0,0,0,0,0,0,0,0,0,0,0,Respondent,3493,476061,825,77055,0,1,7,8,,1843,118,7,Yes,1272,571,CV SURG,2,0,0,135,0,135,0,110,2,0,0,0,0,460,0,570,0,1030,0,1216,0,78,35,54,15,348,56,2,0,0,16,14,1062,762,10,6,2,90,3766,Yes,No,300 - 499,District,1,0,0,0,0,0,0,0,0,0,0,0,0,0,0,0,1,0,0,0,0,49379,2856,5967,16613,12417,11526,0,1,,,Urban,FREMONT EAST/NILES/UNION CITY CENTRAL,106010987,,,,,,
106013619,SAN LEANDRO HOSPITAL,13855 EAST 14TH STREET,SAN LEANDRO,94578,510-437-4800,Yes,11/01/2013,12/31/2013,Open,09/01/2012,08/09/1960,,NO,18,9,13,6001433101,2h,,05 - East Bay,Alameda,550002039,Parent Facility,-122.14067,37.71364,General Acute Care,Non-Profit Corporation (incl. Church-related),General Medical / Surgical,84,30660,425,1718,0,0,0,0,0,0,0,0,9,3285,27,28,276,0,0,0,0,0,0,0,0,0,0,0,0,0,0,0,0,0,0,0,0,0,0,0,0,93,33945,452,1994,0,0,0,0,0,0,0,0,0,0,0,,0,0,0,0,0,0,0,0,0,93,33945,452,1994,0,0,0,0,0,0,0,0,0,0,0,0,0,0,0,0,0,0,0,0,0,0,0,0,0,0,0,0,,,,,,No,Basic,Basic,440,1,1652,8,1211,42,363,193,313,298,3979,542,4521,12,440,245,No,0,0,0,0,0,0,0,0,0,0,0,0,0,Respondent,113,14162,103,9904,0,0,5,5,Yes,0,0,0,,0,0,NEITHER,0,0,0,0,0,0,0,0,0,0,0,0,0,0,0,0,0,0,0,0,0,0,0,0,0,0,0,0,0,0,0,0,0,0,0,0,0,0,0,,No,50 - 99,Non-Profit Corporation (i,1,0,0,0,0,0,0,0,0,0,0,0,0,0,0,0,1,0,0,0,0,4521,441,1660,1253,556,611,0,,,,Urban,ASHLAND/BROOKFIELD VILLAGE/CASTRO VALLEY SOUTH/ELMHURST/HAYWARD NORTHEAST/SAN LEANDRO NORTH CENTRAL/,106013619,,,,,,
106013626,ALTA BATES SUMMIT MED CTR-SUMMIT CAMPUS-SUMMIT,3100 SUMMIT STREET,OAKLAND,94609,510-655-4000,Yes,01/01/2013,12/31/2013,Open,01/01/1946,01/01/1946,,NO,18,9,13,6001401300,2m,,05 - East Bay,Alameda,140000284,Consolidated Facility,-122.2643,37.81994,General Acute Care,Non-Profit Corporation (incl. Church-related),General Medical / Surgical,101,73730,0,0,0,0,0,0,0,0,0,0,0,0,0,0,0,0,0,0,0,0,0,0,0,0,0,0,0,0,0,0,0,0,0,0,0,0,0,0,0,101,73730,0,0,0,0,0,0,0,0,0,0,71,51830,691,0,8223,0,0,0,0,0,0,0,0,172,125560,691,8223,0,0,0,0,0,0,0,0,0,0,0,0,0,0,0,0,0,0,0,0,0,0,0,0,0,0,0,0,,,,,,No,0,0,0,0,0,0,0,0,0,0,0,0,0,0,0,0,0,0,No,0,0,0,0,0,0,0,0,0,0,0,0,0,Respondent,0,0,0,0,0,7,0,7,Yes,0,0,0,,0,0,NEITHER,0,0,0,0,0,0,0,0,0,0,0,0,0,0,0,0,0,0,0,0,0,0,0,0,0,0,0,0,0,0,0,0,0,0,0,0,0,0,0,,No,150 - 199,Non-Profit Corporation (i,0,0,0,1,0,0,0,0,0,0,0,0,0,0,0,0,1,0,0,0,0,0,0,0,0,0,0,0,,,,Urban,DIMOND/MONTCLAIR/OAKLAND EAST/OAKMORE/PIEDMONT/PIEDMONT PINES/TRESTLE GLEN,106013626,,,,,,
106013687,MPI CHEMICAL DEPENDENCY RECOVERY HOSPITAL,"3012 SUMMIT STREET, 5TH FLOOR",OAKLAND,94609,510-869-8802,Yes,01/01/2013,12/31/2013,Open,10/12/1983,10/12/1983,,NO,18,9,13,6001401300,2m,,05 - East Bay,Alameda,140000232,Parent Facility,-122.26451,37.81906,Chemical Dependency Recovery Hospital,Non-Profit Corporation (incl. Church-related),Chemical Dependency (Alcohol/Drug),0,0,0,0,0,0,0,0,0,0,0,0,0,0,0,0,0,0,0,0,0,0,0,0,0,0,0,0,0,0,0,0,0,0,0,0,0,0,0,0,0,0,0,0,0,24,8760,583,7589,0,0,0,0,0,0,0,,0,0,0,0,0,0,0,0,0,24,8760,583,7589,0,583,7589,0,0,0,0,0,0,0,0,0,0,0,0,0,0,0,0,0,0,0,0,0,0,0,0,0,,,,,,No,0,0,0,0,0,0,0,0,0,0,0,0,0,0,0,0,0,0,No,0,0,0,0,0,0,0,0,0,0,0,0,0,Respondent,0,0,0,0,0,0,0,0,,0,0,0,,0,0,NEITHER,0,0,0,0,0,0,0,0,0,0,0,0,0,0,0,0,0,0,0,0,0,0,0,0,0,0,0,0,0,0,0,0,0,0,0,0,0,0,0,,No,1 - 49,Non-Profit Corporation (i,0,0,0,1,0,0,0,0,0,0,0,0,0,0,0,0,1,0,0,0,0,0,0,0,0,0,0,0,,,,Urban,DIMOND/MONTCLAIR/OAKLAND EAST/OAKMORE/PIEDMONT/PIEDMONT PINES/TRESTLE GLEN,106013687,,,,,,
106014034,FREMONT HOSPITAL,39001 SUNDALE DRIVE,FREMONT,94538,510-796-1100,Yes,01/01/2013,12/31/2013,Open,02/16/1990,02/16/1990,,NO,25,10,17,6001441922,2j,,05 - East Bay,Alameda,140000347,Parent Facility,-121.97885,37.54652,Acute Psychiatric,Investor - Corporation,Psychiatric,0,0,0,0,0,0,0,0,0,0,0,0,0,0,0,0,0,0,0,0,0,0,0,0,0,0,0,0,0,0,0,0,0,0,0,0,0,0,0,0,0,0,0,0,0,0,0,0,0,96,35040,3986,31562,0,0,0,,0,0,0,0,0,0,0,0,0,96,35040,3986,31562,0,0,0,0,0,0,0,0,0,0,54,0,54,5,49,0,54,14,0,2,0,0,1,32,5,0,0,54,Yes,,,,,No,0,0,0,0,0,0,0,0,0,0,0,0,0,0,0,0,0,0,No,0,0,0,0,0,0,0,0,0,0,0,0,0,Respondent,0,0,0,0,0,0,0,0,,0,0,0,,0,0,NEITHER,0,0,0,0,0,0,0,0,0,0,0,0,0,0,0,0,0,0,0,0,0,0,0,0,0,0,0,0,0,0,0,0,0,0,0,0,0,0,0,,No,50 - 99,Investor,0,0,0,1,0,0,0,0,0,0,0,0,0,0,0,0,1,0,0,0,0,0,0,0,0,0,0,0,,,,Urban,CENTERVILLE/FREMONT WEST/IRVINGTON/NEWARK EAST CENTRAL,106014034,,,,,,
106014050,VALLEYCARE MEDICAL CENTER,,,,,,,,,,,,No,16,7,15,,,,,Alameda,,,,,,,,,,,,,,,,,,,,,,,,,,,,,,,,,,,,,,,,,,,,,,,,,,,,,,,,,,,,,,,,,,,,,,,,,,,,,,,,,,,,,,,,,,,,,,,,,,,,,,,,,,,,,,,,Basic,Basic,0,0,0,0,0,0,0,0,0,0,,,,,,,,,,,,,,,,,,,,,Non-Respondent,,,,,,,,,,,,,,,,CV SURG,,,,,,,,,,,,,,,,,,,,,,,,,,,,,,,,,,,,,,,,,No,,,1,0,0,0,0,0,0,0,0,0,0,0,0,0,0,0,1,0,0,0,0,0,0,0,0,0,0,0,,,,Urban,DUBLIN/PLEASANTON/SANTA RITA/SUNOL,106014050,,,,,,
106014132,KAISER FND HOSP - FREMONT,39400 PASEO PADRE PARKWAY,FREMONT,94538,510-784-4000,Yes,01/01/2013,12/31/2013,Open,12/01/1996,12/01/1996,,NO,25,10,17,6001441901,2l,,05 - East Bay,Alameda,140000053,Parent Facility,-121.97483,37.55055,General Acute Care,Non-Profit Corporation (incl. Church-related),General Medical / Surgical,96,35040,3780,11816,0,0,0,0,0,0,0,0,10,3650,162,557,2041,0,0,0,0,0,0,0,0,0,0,0,0,0,0,0,0,0,0,0,0,0,0,0,0,106,38690,3942,13857,0,0,0,0,0,0,0,0,0,0,0,,0,0,0,0,0,0,0,0,0,106,38690,3942,13857,0,0,0,0,0,0,0,0,0,0,0,0,0,0,0,0,0,0,0,0,0,0,0,0,0,0,0,0,,,,,,Yes,Basic,Basic,4824,1,5536,4,7414,118,7159,1289,1151,1140,26084,2552,28636,16,0,61,No,0,0,0,0,0,0,0,0,0,0,0,0,0,Respondent,1381,213927,8924,511271,0,0,7,7,,0,0,0,,0,0,CATH LAB,0,0,0,0,0,0,0,0,1,0,0,0,0,31,44,56,5,87,49,87,0,1,1,0,0,37,0,0,0,0,0,0,0,0,0,9,0,0,135,,No,100 - 149,Non-Profit Corporation (i,1,0,0,0,0,0,0,0,0,0,0,0,0,0,0,0,1,0,0,0,0,28636,4825,5540,7532,8448,2291,0,,,,Urban,FREMONT EAST/NILES/UNION CITY CENTRAL,106014132,,,,,,
106014207,TELECARE HERITAGE PSYCHIATRIC HEALTH FACILITY,2633 East 27th Street,Oakland,94601,510-535-5115,Yes,01/01/2013,12/31/2013,Open,08/16/2005,08/16/2005,,NO,18,9,13,6001406300,2c,,05 - East Bay,Alameda,M02016036,Parent Facility,-122.22257,37.79127,Psychiatric Health Facility,Investor - Corporation,Psychiatric,0,0,0,0,0,0,0,0,0,0,0,0,0,0,0,0,0,0,0,0,0,0,0,0,0,0,0,0,0,0,0,0,0,0,0,0,0,0,0,0,0,0,0,0,0,0,0,0,0,26,9490,1308,7561,0,0,0,0,0,0,0,0,0,0,0,0,0,26,9490,1308,7561,0,0,0,0,0,0,0,0,0,0,15,0,15,0,13,2,15,1,0,0,14,0,0,0,0,0,0,15,,,,,,No,0,0,0,0,0,0,0,0,0,0,0,0,0,0,0,0,0,0,No,0,0,0,0,0,0,0,0,0,0,0,0,0,Respondent,0,0,0,0,0,0,0,0,,0,0,0,,0,0,NEITHER,0,0,0,0,0,0,0,0,0,0,0,0,0,0,0,0,0,0,0,0,0,0,0,0,0,0,0,0,0,0,0,0,0,0,0,0,0,0,0,,No,1 - 49,Investor,0,0,0,1,0,0,0,0,0,0,0,0,0,0,0,0,1,0,0,0,0,0,0,0,0,0,0,0,,,,Urban,OAKLAND WEST CENTRAL,106014207,,,,,,
106014226,TELECARE WILLOW ROCK CENTER,2050 FAIRMONT DRIVE,ALAMEDA,94578,510-618-4716,Yes,01/01/2013,12/31/2013,Open,07/02/2007,07/02/2007,,NO,20,10,15,6001430500,2f,,05 - East Bay,Alameda,M02016039,Parent Facility,-122.12149,37.71008,Psychiatric Health Facility,Investor - Corporation,Psychiatric,0,0,0,0,0,0,0,0,0,0,0,0,0,0,0,0,0,0,0,0,0,0,0,0,0,0,0,0,0,0,0,0,0,0,0,0,0,0,0,0,0,0,0,0,0,0,0,0,0,16,5840,608,3739,0,0,0,0,0,0,0,0,0,0,0,0,0,16,5840,608,3739,0,0,0,0,0,0,0,0,0,0,3,0,3,3,0,0,3,0,0,2,0,0,0,1,0,0,0,3,,,,,,Yes,0,0,0,0,0,0,0,0,0,0,0,0,0,0,0,0,0,0,No,0,0,0,0,0,0,0,0,0,0,0,0,0,Respondent,0,0,0,0,0,0,0,0,,0,0,0,,0,0,NEITHER,0,0,0,0,0,0,0,0,0,0,0,0,0,0,0,0,0,0,0,0,0,0,0,0,0,0,0,0,0,0,0,0,0,0,0,0,0,0,0,,No,1 - 49,Investor,0,0,0,1,0,0,0,0,0,0,0,0,0,0,0,0,1,0,0,0,0,0,0,0,0,0,0,0,,,,Urban,CASTRO VALLEY CENTRAL AND NORTH/OAK KNOLL/SAN LEANDRO NORTHEAST/SHEFFIELD VILLAGE/UNION CITY EAST,106014226,,,,,,
106014233,EDEN MEDICAL CENTER,20103 LAKE CHABOT RD,CASTRO VALLEY,94546,510-727-2700,Yes,01/01/2013,12/31/2013,Open,11/01/2012,,Level II,NO,20,10,15,6001430900,2f,,05 - East Bay,Alameda,140000030,Parent Facility,-122.0874055,37.6983769,General Acute Care,Non-Profit Corporation (incl. Church-related),General Medical / Surgical,94,34310,6717,24387,12,4380,1407,3188,0,0,0,0,24,8760,426,1202,7116,0,0,0,0,0,0,0,0,0,0,0,0,0,0,0,0,0,0,0,0,0,0,0,0,130,47450,8550,34691,0,0,0,0,0,0,0,0,0,0,0,,0,0,0,0,0,0,0,0,0,130,47450,8550,34691,0,0,0,0,0,0,11,1252,3107,0,0,0,0,0,0,0,0,0,0,0,0,0,0,0,0,0,0,0,,,,,,No,Basic,Basic,458,0,2748,0,12877,27,11054,344,9963,5815,37100,6186,43286,22,3206,1203,Yes,107,48,15,6,17,11,15,11,4,4,8,22,268,Respondent,1772,290310,1301,127890,0,0,7,7,,1250,28,3,,0,371,NEITHER,0,0,0,0,0,0,0,0,0,0,0,0,0,0,0,0,0,0,0,0,0,0,0,0,0,0,0,0,0,0,0,0,0,0,0,0,0,0,0,Yes,No,100 - 149,Non-Profit Corporation (i,1,0,0,0,0,0,0,0,0,0,0,0,0,0,0,0,1,0,0,0,0,43286,458,2748,12904,11398,15778,0,,,1,Urban,CASTRO VALLEY CENTRAL AND NORTH/OAK KNOLL/SAN LEANDRO NORTHEAST/SHEFFIELD VILLAGE/UNION CITY EAST,106014233,,,,,,
106034002,SUTTER AMADOR HOSPITAL,200 MISSION BLVD,JACKSON,95642,209-223-7500,Yes,01/01/2013,12/31/2013,Open,04/10/2000,04/10/2000,,NO,5,8,4,6005000401,4,,06 - North San Joaquin,Amador,30000008,Parent Facility,-120.77272,38.34743,General Acute Care,Non-Profit Corporation (incl. Church-related),General Medical / Surgical,38,13870,1877,6036,8,2920,354,707,0,0,0,0,6,2190,209,427,1487,0,0,0,0,0,0,0,0,0,0,0,0,0,0,0,0,0,0,0,0,0,0,0,0,52,18980,2440,8230,0,0,0,0,0,0,0,0,0,0,0,,0,0,0,0,0,0,0,0,0,52,18980,2440,8230,0,0,0,0,0,0,8,303,552,0,0,0,0,0,0,0,0,0,0,0,0,0,0,0,0,0,0,0,,Yes,YES,,,No,Basic,Basic,79,0,3339,0,12601,1607,1219,658,79,270,17317,2535,19852,14,79,325,No,0,0,0,0,0,0,0,0,0,0,0,0,0,Respondent,489,70905,1153,84923,2,0,1,3,,303,0,0,Yes,208,95,NEITHER,0,0,0,0,0,0,0,0,0,0,0,0,0,0,0,0,0,0,0,0,0,0,0,0,0,0,0,0,0,0,0,0,0,0,0,0,0,0,0,,No,50 - 99,Non-Profit Corporation (i,1,0,0,0,0,0,0,0,0,0,0,0,0,0,0,0,1,0,0,0,0,19852,79,3339,14208,1877,349,0,1,,,Rural,IONE/JACKSON/PINE GROVE/SUTTER CREEK,106034002,,,,,,
106040802,BIGGS GRIDLEY MEMORIAL HOSPITAL,240 SPRUCE STREET,GRIDLEY,95948,530-846-5671,Yes,01/01/2013,12/31/2013,Open,05/24/1949,05/24/1949,Level IV,NO,3,4,1,6007003500,9,,01 - Northern California,Butte,230000007,Parent Facility,-121.69058,39.36705,General Acute Care,Non-Profit Corporation (incl. Church-related),General Medical / Surgical,20,7300,438,1614,0,0,0,0,0,0,0,0,4,1460,129,53,553,0,0,0,0,0,0,0,0,0,0,0,0,0,0,0,0,0,0,0,0,0,0,0,0,24,8760,567,2167,0,0,0,0,0,0,0,0,21,7665,17,,7031,0,0,0,0,0,0,0,0,45,16425,584,9198,0,0,0,0,0,0,0,0,0,10,0,0,0,0,0,0,0,0,0,0,0,0,0,0,0,0,0,0,,,,,,No,Standby,Standby,681,0,1715,56,4806,143,1016,359,254,0,8472,558,9030,5,0,0,No,0,0,0,0,0,0,0,0,0,0,0,0,0,Respondent,111,8355,693,29561,0,0,2,2,,3,0,0,,0,0,NEITHER,0,0,0,0,0,0,0,0,0,0,0,0,0,0,0,0,0,0,0,0,0,0,0,0,0,0,0,0,0,0,0,0,0,0,0,0,0,0,0,Yes,No,1 - 49,Non-Profit Corporation (i,0,0,1,0,1,0,0,0,1,0,0,0,0,0,1,1,0,0,0,0,9030,0,681,1771,4949,1375,254,0,,,,Rural,BIGGS/EAST BIGGS/GRIDLEY,106040802,,,,,,
106040828,ENLOE MEDICAL CENTER - COHASSET CAMPUS,560 COHASSET ROAD,CHICO,95926,530-332-7300-7400,Yes,01/01/2013,12/31/2013,Open,06/19/1964,06/19/1964,,NO,3,4,1,6007000300,7.1,,01 - Northern California,Butte,230000027,Consolidated Facility,-121.84753,39.75209,General Acute Care,Non-Profit Corporation (incl. Church-related),Psychiatric,0,0,0,0,0,0,0,0,0,0,0,0,0,0,0,0,0,0,0,0,0,0,0,0,0,0,0,0,0,0,0,0,0,0,0,0,0,0,0,0,0,0,0,0,0,0,0,0,0,30,10950,741,2961,0,0,0,,0,0,0,0,0,0,0,0,0,30,10950,741,2961,0,0,0,0,0,0,0,0,0,0,7,0,7,0,6,1,7,4,0,0,0,0,3,0,0,0,0,7,,,,,,No,0,0,0,0,0,0,0,0,0,0,0,0,0,0,0,0,0,0,No,0,0,0,0,0,0,0,0,0,0,0,0,0,Respondent,0,0,0,0,0,0,0,0,,0,0,0,,0,0,NEITHER,0,0,0,0,0,0,0,0,0,0,0,0,0,0,0,0,0,0,0,0,0,0,0,0,0,0,0,0,0,0,0,0,0,0,0,0,0,0,0,,No,1 - 49,Non-Profit Corporation (i,0,0,0,1,0,0,0,0,0,0,0,0,0,0,0,0,1,0,0,0,0,0,0,0,0,0,0,0,,,,Urban,CHAPMANTOWN/CHICO,106040828,,,,,,
106040875,FEATHER RIVER HOSPITAL,5974 PENTZ ROAD,PARADISE,95969,530-877-9361,Yes,01/01/2013,12/31/2013,Open,03/05/1951,03/05/1951,,NO,3,4,1,6007002000,8,,01 - Northern California,Butte,230000017,Parent Facility,-121.57218,39.75641,General Acute Care,Non-Profit Corporation (incl. Church-related),General Medical / Surgical,73,26645,3826,14852,15,5475,925,2219,0,0,0,0,12,4380,369,700,3124,0,0,0,0,0,0,0,0,0,0,0,0,0,0,0,0,0,0,0,0,0,0,0,0,100,36500,5120,20195,0,0,0,0,0,0,0,0,0,0,0,,0,0,0,0,0,0,0,0,0,100,36500,5120,20195,0,0,0,0,0,0,18,871,1947,0,0,0,0,0,0,0,0,0,0,0,0,0,0,0,0,0,0,0,,,,,,Yes,Basic,Basic,199,0,4575,3,7223,48,5337,486,2874,3156,20208,3693,23901,18,212,329,No,0,0,0,0,0,0,0,0,0,0,0,0,0,Respondent,1293,147971,1533,122346,0,0,5,5,,890,31,1,Yes,629,246,CATH LAB,0,0,0,0,0,0,0,0,1,0,0,0,0,173,43,92,46,265,89,265,0,59,28,2,0,0,0,0,0,0,0,0,4,6,0,0,0,63,427,,No,100 - 149,Non-Profit Corporation (i,1,0,0,0,0,0,0,0,0,0,0,0,0,0,0,0,1,0,0,0,0,23901,199,4578,7271,5823,6030,0,1,,,Rural,MAGALIA/PARADISE/STIRLING CITY,106040875,,,,,,
106040937,OROVILLE HOSPITAL,2767 OLIVE HIGHWAY,OROVILLE,95966,530-533-8500,Yes,01/01/2013,12/31/2013,Open,01/01/1962,01/01/1962,Level III,NO,3,4,1,6007003000,10,,01 - Northern California,Butte,230000022,Parent Facility,-121.5428,39.50485,General Acute Care,Non-Profit Corporation (incl. Church-related),General Medical / Surgical,113,41245,9715,34166,10,3650,467,1277,0,0,0,0,10,3650,193,764,2761,0,0,0,0,0,0,0,0,0,0,0,0,0,0,0,0,0,0,0,0,0,0,0,0,133,48545,10375,38204,0,0,0,0,0,0,0,0,20,7300,482,0,5124,0,0,0,0,0,0,0,0,153,55845,10857,43328,0,0,0,0,0,0,10,427,1094,0,0,0,0,0,0,0,0,0,0,0,0,0,0,0,0,0,0,0,,,,,,Yes,Basic,Basic,204,0,4030,12,15654,2754,3235,5645,219,991,23342,9402,32744,14,0,2885,No,0,0,0,0,0,0,0,0,0,0,0,0,0,Respondent,1591,161642,2693,189104,0,0,5,5,Yes,426,31,6,,0,159,NEITHER,0,0,0,0,0,0,0,0,0,0,0,0,0,0,0,0,0,0,0,0,0,0,0,0,0,0,0,0,0,0,0,0,0,0,0,0,0,0,0,Yes,No,150 - 199,Non-Profit Corporation (i,1,0,0,0,1,0,0,1,0,0,0,0,0,0,1,1,0,0,0,32744,0,0,204,4042,18408,8880,1210,0,,,,Rural,OROVILLE/PALERMO/THERMALITO,106040937,,,,,,
106040962,ENLOE MEDICAL CENTER- ESPLANADE CAMPUS,1531 ESPLANADE,CHICO,95926,530-332-7300-7400,Yes,01/01/2013,12/31/2013,Open,03/29/1946,03/29/1946,Level II,NO,3,4,1,6007000603,7.1,,01 - Northern California,Butte,230000027,Parent Facility,-121.84922,39.74224,General Acute Care,Non-Profit Corporation (incl. Church-related),General Medical / Surgical,161,58765,11790,47312,18,6570,1679,3122,4,1460,186,472,33,12045,408,1431,5969,6,2190,102,346,1189,0,0,0,0,0,0,0,0,0,0,6,2190,24,73,174,0,0,0,0,228,83220,14189,58238,0,0,0,0,0,0,0,0,0,0,0,,0,0,0,0,0,0,0,0,0,228,83220,14189,58238,0,0,0,0,0,0,18,1562,3126,0,0,0,0,0,0,0,0,0,0,0,0,0,0,0,0,0,0,0,,,,,,No,Basic,Basic,2087,0,8689,0,8073,0,15793,0,2464,0,37106,9963,47069,34,0,1261,No,0,0,0,0,0,0,0,0,0,0,0,0,0,Respondent,4057,547211,4767,367582,0,0,13,13,Yes,1554,69,10,,0,420,CV SURG,12,0,0,87,83,87,83,123,2,0,0,0,0,392,457,570,340,962,797,831,0,109,52,39,57,329,41,0,0,0,74,149,25,16,0,3,0,34,1759,Yes,No,200 - 299,Non-Profit Corporation (i,1,0,0,0,1,0,1,0,0,0,0,0,0,0,1,1,0,0,47069,0,0,0,2087,8689,8073,15793,2464,9963,,,,Urban,CHAPMANTOWN/CHICO,106040962,,,,,,
106044006,BUTTE COUNTY MENTAL HEALTH SERVICES,592 RIO LINDO AVENUE,CHICO,95926,530-891-2775,Yes,01/01/2013,12/31/2013,Open,01/29/1988,01/29/1988,,NO,3,4,1,6007000300,7.1,,01 - Northern California,Butte,M01016001,Parent Facility,-121.8482488,39.754281,Psychiatric Health Facility,City and/or County,Psychiatric,0,0,0,0,0,0,0,0,0,0,0,0,0,0,0,0,0,0,0,0,0,0,0,0,0,0,0,0,0,0,0,0,0,0,0,0,0,0,0,0,0,0,0,0,0,0,0,0,0,16,5840,610,5222,0,0,0,,0,0,0,0,0,0,0,0,0,16,5840,610,5222,0,0,0,0,0,0,0,0,0,0,13,0,13,0,13,0,13,0,0,0,0,0,13,0,0,0,0,13,Yes,,,,,No,0,0,0,0,0,0,0,0,0,0,0,0,0,0,0,0,0,0,No,0,0,0,0,0,0,0,0,0,0,0,0,0,Respondent,0,0,0,0,0,0,0,0,,0,0,0,,0,0,NEITHER,0,0,0,0,0,0,0,0,0,0,0,0,0,0,0,0,0,0,0,0,0,0,0,0,0,0,0,0,0,0,0,0,0,0,0,0,0,0,0,,No,1 - 49,City and/or County,0,0,0,1,0,0,0,0,0,0,0,0,0,0,0,0,1,0,0,0,0,0,0,0,0,0,0,0,,,,Urban,CHAPMANTOWN/CHICO,106044006,,,,,,
106044011,ENLOE REHABILITATION CENTER,340 WEST EAST AVENUE,CHICO,95926,530-332-7300-7400,Yes,01/01/2013,12/31/2013,Open,05/14/1991,05/14/1991,,NO,3,4,1,6007000400,7.1,,01 - Northern California,Butte,230000027,Consolidated Facility,-121.86666,39.75369,General Acute Care,Non-Profit Corporation (incl. Church-related),Physical Rehabilitation,0,0,0,0,0,0,0,0,0,0,0,0,0,0,0,0,0,0,0,0,0,0,0,0,0,0,0,0,0,0,0,0,0,0,0,0,0,40,14600,522,7026,40,14600,522,7026,0,0,0,0,0,0,0,0,0,0,0,,0,0,0,0,0,0,0,0,0,40,14600,522,7026,0,0,0,0,0,0,0,0,0,0,0,0,0,0,0,0,0,0,0,0,0,0,0,0,0,0,0,0,,,,,,No,0,0,0,0,0,0,0,0,0,0,0,0,0,0,0,0,0,0,No,0,0,0,0,0,0,0,0,0,0,0,0,0,Respondent,0,0,0,0,0,0,0,0,,0,0,0,,0,0,NEITHER,0,0,0,0,0,0,0,0,0,0,0,0,0,0,0,0,0,0,0,0,0,0,0,0,0,0,0,0,0,0,0,0,0,0,0,0,0,0,0,,No,1 - 49,Non-Profit Corporation (i,0,0,0,1,0,0,0,0,0,0,0,0,0,0,0,0,1,0,0,0,0,0,0,0,0,0,0,0,,,,Urban,CHAPMANTOWN/CHICO,106044011,,,,,,
106050932,MARK TWAIN MEDICAL CENTER,768 MOUNTAIN RANCH ROAD,SAN ANDREAS,95249,209-754-3521,Yes,01/01/2013,12/31/2013,Open,08/21/1951,08/21/1951,,NO,1,1,1,6009000300,12,,06 - North San Joaquin,Calaveras,30000058,Parent Facility,-120.67105,38.19021,General Acute Care,Non-Profit Corporation (incl. Church-related),General Medical / Surgical,40,14600,1029,3361,0,0,0,0,0,0,0,0,8,2920,194,216,1036,0,0,0,0,0,0,0,0,0,0,0,0,0,0,0,0,0,0,0,0,0,0,0,0,48,17520,1223,4397,0,0,0,0,0,0,0,0,0,0,0,0,0,0,0,0,0,0,0,0,0,48,17520,1223,4397,0,0,0,0,0,0,0,0,0,12,0,0,0,0,0,0,0,0,0,0,0,0,0,0,0,0,0,0,,,,,,No,Basic,Basic,188,0,2326,1,4103,50,1316,640,588,338,8521,1029,9550,8,2515,66,No,0,0,0,0,0,0,0,0,0,0,0,0,0,Respondent,242,26337,1658,79518,0,0,2,2,Yes,0,0,0,,0,0,NEITHER,0,0,0,0,0,0,0,0,0,0,0,0,0,0,0,0,0,0,0,0,0,0,0,0,0,0,0,0,0,0,0,0,0,0,0,0,0,0,0,,No,1 - 49,Non-Profit Corporation (i,1,0,0,0,0,0,0,0,0,0,0,0,0,0,0,0,1,0,0,0,0,9550,188,2327,4153,1956,926,0,,,,Rural,ANGELS CAMP/ARNOLD/COPPEROPOLIS/MOUNTAIN RANCH/MURPHYS/SAN ANDREAS/VALLEY SPRINGS/WEST POINT,106050932,,,,,,
106060870,COLUSA REGIONAL MEDICAL CENTER,199 EAST WEBSTER STREET,COLUSA,95932,530-458-5821-254,Yes,01/01/2013,12/31/2013,Open,07/01/1953,07/01/1953,Level IV,NO,3,4,3,6011000200,15,,01 - Northern California,Colusa,230000149,Parent Facility,-122.00031,39.20727,General Acute Care,Non-Profit Corporation (incl. Church-related),General Medical / Surgical,28,10220,553,1745,8,2920,181,449,0,0,25,44,6,2190,39,66,155,0,0,0,0,0,0,0,0,0,0,0,0,0,0,0,0,0,0,0,0,0,0,0,0,42,15330,798,2393,0,0,0,0,0,0,0,0,6,2190,88,,1018,0,0,0,0,0,0,0,0,48,17520,886,3411,0,0,0,0,0,0,6,153,672,6,0,0,0,0,0,0,0,0,0,0,0,0,0,0,0,0,0,0,,,,,,No,Standby,Standby,10,0,107,13,1063,14,1406,34,1047,405,3633,466,4099,4,87,109,No,0,0,0,0,0,0,0,0,0,0,0,0,0,Respondent,266,12045,225,5545,0,0,2,2,Yes,153,10,0,,0,77,NEITHER,0,0,0,0,0,0,0,0,0,0,0,0,0,0,0,0,0,0,0,0,0,0,0,0,0,0,0,0,0,0,0,0,0,0,0,0,0,0,0,,No,1 - 49,Non-Profit Corporation (i,0,0,1,0,1,0,0,0,1,0,0,0,0,0,1,1,0,0,0,0,4099,0,10,120,1077,1440,1452,0,,,,Rural,COLUSA,106060870,,,,,,
106070904,DOCTORS MEDICAL CENTER - SAN PABLO,2000 VALE ROAD,SAN PABLO,94806,510-970-5000,Yes,01/01/2013,12/31/2013,Open,01/15/1954,01/15/1954,,NO,15,9,11,6013372000,18f,,05 - East Bay,Contra Costa,110000485,Parent Facility,-122.33866,37.95279,General Acute Care,District,General Medical / Surgical,154,56210,5158,20046,0,0,0,0,0,0,0,0,35,12775,274,1272,4266,0,0,0,0,0,0,0,0,0,0,0,0,0,0,0,0,0,0,0,0,0,0,0,0,189,68985,5432,24312,0,0,0,0,0,0,0,0,0,0,0,,0,0,0,0,0,0,0,0,0,189,68985,5432,24312,0,0,0,0,0,0,0,0,0,0,0,0,0,0,0,0,0,0,0,0,0,0,0,0,0,0,0,0,,,,,,No,Basic,Basic,138,0,7203,11,20363,121,6817,1902,1173,2056,35694,4090,39784,25,9615,787,No,0,0,0,0,0,0,0,0,0,0,0,0,0,Respondent,868,114624,976,78232,0,0,6,6,Yes,4,0,0,,0,0,CATH LAB,0,0,0,0,0,0,0,0,1,0,0,0,0,110,151,96,98,206,249,274,0,50,15,30,20,95,13,0,0,0,44,38,18,1,0,3,0,9,610,,No,150 - 199,District,1,0,0,0,0,0,0,0,0,0,0,0,0,0,0,0,1,0,0,0,0,39784,138,7214,20484,8719,3229,0,,,,Urban,RICHMOND CENTRAL/SAN PABLO CENTRAL,106070904,,,,,,
106070924,CONTRA COSTA REGIONAL MEDICAL CENTER,2500 ALHAMBRA AVENUE,MARTINEZ,94553,925-370-5000,Yes,01/01/2013,12/31/2013,Open,07/02/1953,07/02/1953,,NO,14,3,5,6013318000,18a,,05 - East Bay,Contra Costa,140000090,Parent Facility,-122.13101,38.00646,General Acute Care,City and/or County,General Medical / Surgical,99,36135,5476,26895,10,3650,2125,3650,0,0,0,0,8,2920,216,543,2120,0,0,0,0,0,0,0,0,0,0,0,0,0,0,0,6,2190,280,218,1258,0,0,0,0,123,44895,8097,33923,0,0,0,0,43,15695,759,6922,0,0,0,,0,0,0,0,0,0,0,0,0,166,60590,8856,40845,0,0,0,0,0,0,6,2023,3732,0,20,0,20,0,16,4,20,9,0,6,1,0,1,0,0,0,3,20,Yes,,,,,No,Basic,Basic,2324,41,13185,296,24236,1594,5973,2279,405,746,46123,4956,51079,20,2211,2272,No,0,0,0,0,0,0,0,0,0,0,0,0,0,Respondent,1787,208192,2791,261387,2,0,4,6,,1912,86,2,,0,539,NEITHER,0,0,0,0,0,0,0,0,0,0,0,0,0,0,0,0,0,0,0,0,0,0,0,0,0,0,0,0,0,0,0,0,0,0,0,0,0,0,0,,No,150 - 199,City and/or County,1,0,0,0,0,0,0,0,0,0,0,0,0,0,0,0,1,0,0,0,0,51079,2365,13481,25830,8252,1151,0,,,,Urban,CROCKETT/HERCULES/MARTINEZ WEST/PINOLE/PORT COSTA/RICHMOND NORTHEAST/RODEO,106070924,,,,,,
106070934,SUTTER DELTA MEDICAL CENTER,3901 LONE TREE WAY,ANTIOCH,94509,925-779-7200,Yes,01/01/2013,12/31/2013,Open,02/02/1967,02/02/1967,,NO,11,7,9,6013355101,18e,,05 - East Bay,Contra Costa,140000258,Parent Facility,-121.8054,37.98222,General Acute Care,Non-Profit Corporation (incl. Church-related),General Medical / Surgical,107,39055,4156,12175,22,8030,1014,3997,0,0,0,0,12,4380,187,208,2876,0,0,0,0,0,0,0,0,0,0,0,0,0,0,0,4,1460,67,0,437,0,0,0,0,145,52925,5424,19485,0,0,0,0,0,0,0,0,0,0,0,0,0,0,0,0,0,0,0,0,0,145,52925,5424,19485,0,0,0,0,0,0,20,947,2014,0,0,0,0,0,0,0,0,0,0,0,0,0,0,0,0,0,0,0,,Yes,YES,,,No,Basic,Basic,315,0,9413,8,19782,35,12715,704,4718,5774,46943,6521,53464,32,0,1564,No,0,0,0,0,0,0,0,0,0,0,0,0,0,Respondent,1605,149572,2854,147587,0,0,6,6,Yes,976,61,3,,0,0,CATH LAB,0,0,0,0,0,0,0,0,1,0,0,0,0,200,255,9,75,209,330,183,0,80,31,12,5,149,23,0,4,0,4,8,21,7,0,12,0,0,539,,No,100 - 149,Non-Profit Corporation (i,1,0,0,0,0,0,0,0,0,0,0,0,0,0,0,0,1,0,0,0,0,53464,315,9421,19817,13419,10492,0,,,,Urban,BRENTWOOD CENTRAL AND WEST/OAKLEY,106070934,,,,,,
106070988,JOHN MUIR MEDICAL CENTER-WALNUT CREEK CAMPUS,1601 YGNACIO VALLEY ROAD,WALNUT CREEK,94598,925-939-3000,Yes,01/01/2013,12/31/2013,Open,06/15/1965,06/15/1965,Level II,NO,16,7,11,6013338302,18j,,05 - East Bay,Contra Costa,140000265,Parent Facility,-122.04183,37.91434,General Acute Care,Non-Profit Corporation (incl. Church-related),General Medical / Surgical,315,114975,12574,52311,83,30295,2893,8253,19,6935,572,1322,47,17155,485,2481,9884,0,0,0,0,0,0,0,0,0,0,0,0,0,0,0,60,21900,573,244,7050,48,17520,586,7599,572,208780,17683,86419,0,0,0,0,0,0,0,0,0,0,0,0,0,0,0,0,0,0,0,0,0,572,208780,17683,86419,0,0,0,0,0,0,0,2332,5404,0,0,0,0,0,0,0,0,0,0,0,0,0,0,0,0,0,0,0,,,,,,No,Basic,Basic,189,0,6208,0,17126,0,10252,0,2655,0,36430,8287,44717,47,0,876,No,0,0,0,0,0,0,0,0,0,0,0,0,0,Respondent,5756,924615,2013,205914,0,0,13,13,,2826,271,91,,0,728,CV SURG,1,0,0,1,0,1,0,1,3,0,0,0,0,311,348,94,132,405,480,146,0,133,40,7,5,53,8,5,0,0,1,9,243,242,5,5,2,15,919,,No,500+,Non-Profit Corporation (i,1,0,0,0,1,0,1,0,0,0,0,0,0,0,1,1,0,0,44717,0,0,0,189,6208,17126,10252,2655,8287,,,,Urban,CLAYTON/CONCORD SOUTH/WALNUT CREEK CENTRAL AND EAST,106070988,,,,,,
106070990,KAISER FND HOSP - WALNUT CREEK,1425 SOUTH MAIN STREET,WALNUT CREEK,94596-5300,925-295-4000,Yes,01/01/2013,12/31/2013,Open,09/11/1953,09/11/1953,,NO,16,7,11,6013339000,18j,,05 - East Bay,Contra Costa,140000290,Parent Facility,-122.05828,37.8923,General Acute Care,Non-Profit Corporation (incl. Church-related),General Medical / Surgical,138,50370,9489,36123,34,12410,3781,9339,12,4380,855,2431,24,8760,464,1449,6381,0,0,0,0,0,0,0,0,0,0,0,0,0,0,0,25,9125,317,194,5032,0,0,0,0,233,85045,14906,59306,0,0,0,0,0,0,0,0,0,0,0,,0,0,0,0,0,0,0,0,0,233,85045,14906,59306,0,0,0,0,0,0,38,3339,5975,0,0,0,0,0,0,0,0,0,0,0,0,0,0,0,0,0,0,0,,,,,,Yes,Basic,Basic,9963,3,9748,43,14847,632,11106,4962,1045,2783,46709,8423,55132,52,0,65,No,0,0,0,0,0,0,0,0,0,0,0,0,0,Respondent,2166,347529,10870,1063308,0,4,10,14,Yes,3648,279,47,Yes,2589,1059,CATH LAB,0,0,0,0,0,0,0,0,3,0,0,0,0,356,129,778,232,1134,361,1134,0,14,0,0,0,350,2,0,0,0,0,0,147,138,0,11,0,0,1796,,No,200 - 299,Non-Profit Corporation (i,1,0,0,0,0,0,0,0,0,0,0,0,0,0,0,0,1,0,0,0,0,55132,9966,9791,15479,16068,3828,0,,1,,Urban,CLAYTON/CONCORD SOUTH/WALNUT CREEK CENTRAL AND EAST,106070990,,,,,,
106071018,JOHN MUIR MEDICAL CENTER-CONCORD CAMPUS,2540 EAST STREET,CONCORD,94520,925-682-8200,Yes,01/01/2013,12/31/2013,Open,01/01/1946,01/01/1946,,NO,14,7,11,6013329000,18c,,05 - East Bay,Contra Costa,140000128,Parent Facility,-122.03874,37.98615,General Acute Care,Non-Profit Corporation (incl. Church-related),General Medical / Surgical,230,83950,9000,34647,0,0,0,0,0,0,0,0,37,13505,395,1999,6075,0,0,0,0,0,0,0,0,0,0,0,0,0,0,0,0,0,0,0,0,0,0,0,0,267,97455,9395,40722,0,0,0,0,0,0,0,0,0,0,0,0,0,0,0,0,0,0,0,0,0,267,97455,9395,40722,0,0,0,0,0,0,0,0,0,0,0,0,0,0,0,0,0,0,0,0,0,0,0,0,0,0,0,0,,,,,,No,Basic,Basic,262,0,10604,2,21511,10,8780,21,2459,6297,43616,6330,49946,32,10950,1316,No,0,0,0,0,0,0,0,0,0,0,0,0,0,Respondent,3529,583874,1579,123986,0,0,9,9,,1,0,0,,0,0,CV SURG,2,0,0,325,279,325,279,209,5,0,0,0,0,910,1013,1237,712,2147,1725,1304,0,143,149,107,125,562,72,40,0,17,341,443,412,456,19,20,8,64,4282,,No,200 - 299,Non-Profit Corporation (i,1,0,0,0,0,0,0,0,0,0,0,0,0,0,0,0,1,0,0,0,0,49946,262,10606,21521,8801,8756,0,,,,Urban,AVON/CLYDE/CONCORD CENTRAL/PITTSBURG SOUTHWEST,106071018,,,,,,
106074011,SAN RAMON REGIONAL MEDICAL CENTER SOUTH BUILDING,7777 NORRIS CANYON ROAD,SAN RAMON,94583,925-275-8323,Yes,01/01/2013,12/31/2013,Open,06/01/2008,08/11/1989,,NO,16,7,15,6013345108,18h,,05 - East Bay,Contra Costa,140000345,Consolidated Facility,-121.96062,37.77725,General Acute Care,Investor - Corporation,Other,0,0,0,0,0,0,0,0,0,0,0,0,0,0,0,0,0,0,0,0,0,0,0,0,0,0,0,0,0,0,0,0,0,0,0,0,0,14,5110,0,0,14,5110,0,0,0,0,0,0,0,0,0,0,50,18250,0,,0,0,0,0,0,0,0,0,0,64,23360,0,0,0,0,0,0,0,0,0,0,0,0,0,0,0,0,0,0,0,0,0,0,0,0,0,0,0,0,0,0,,,,,,No,0,0,0,0,0,0,0,0,0,0,0,0,0,0,0,0,0,0,No,0,0,0,0,0,0,0,0,0,0,0,0,0,Respondent,0,0,0,0,0,0,0,0,,0,0,0,,0,0,NEITHER,0,0,0,0,0,0,0,0,0,0,0,0,0,0,0,0,0,0,0,0,0,0,0,0,0,0,0,0,0,0,0,0,0,0,0,0,0,0,0,,No,50 - 99,Investor,0,0,0,1,0,0,0,0,0,0,0,0,0,0,0,0,1,0,0,0,0,0,0,0,0,0,0,0,,,,Urban,ALAMO/DANVILLE/DIABLO/SAN RAMON,106074011,,,,,,
106074017,SAN RAMON REGIONAL MEDICAL CENTER,6001 NORRIS CANYON ROAD,SAN RAMON,94583,925-275-8323,Yes,01/01/2013,12/31/2013,Open,02/12/1990,02/12/1990,,NO,16,7,15,6013345108,18h,,05 - East Bay,Contra Costa,140000345,Parent Facility,-121.96076,37.77713,General Acute Care,Investor - Corporation,General Medical / Surgical,99,36135,3231,12153,10,3650,755,2120,0,0,0,0,6,2190,212,449,1758,6,2190,0,0,0,0,0,0,0,0,0,0,0,0,0,2,730,93,0,346,0,0,0,0,123,44895,4291,16377,0,0,0,0,0,0,0,0,0,0,0,,0,0,0,0,0,0,0,0,0,123,44895,4291,16377,0,0,0,0,0,0,17,741,1764,0,0,0,0,0,0,0,0,0,0,0,0,0,0,0,0,0,0,0,,,,,,No,Basic,Basic,636,2,714,0,4688,20,5832,475,1689,2603,13559,3100,16659,12,0,88,No,0,0,0,0,0,0,0,0,0,0,0,0,0,Respondent,1262,216144,4089,319836,0,4,6,10,Yes,747,45,1,,0,323,CV SURG,1,0,0,28,2,28,2,23,1,0,0,0,0,71,23,95,43,166,66,166,0,23,3,1,2,63,3,0,0,0,0,0,13,11,0,2,0,257,544,,No,100 - 149,Investor,1,0,0,0,0,0,0,0,0,0,0,0,0,0,0,0,1,0,0,0,0,16659,638,714,4708,6307,4292,0,,,,Urban,ALAMO/DANVILLE/DIABLO/SAN RAMON,106074017,,,,,,
106074039,JOHN MUIR BEHAVIORAL HEALTH CENTER,2740 GRANT STREET,CONCORD,94520,925-674-4100,Yes,01/01/2013,12/31/2013,Open,03/10/1993,03/10/1993,,NO,14,7,11,6013327000,18b,,05 - East Bay,Contra Costa,140000418,Parent Facility,-122.04081,37.98921,Acute Psychiatric,Non-Profit Corporation (incl. Church-related),Psychiatric,0,0,0,0,0,0,0,0,0,0,0,0,0,0,0,0,0,0,0,0,0,0,0,0,0,0,0,0,0,0,0,0,0,0,0,0,0,0,0,0,0,0,0,0,0,0,0,0,0,73,26645,3153,19568,0,0,0,0,0,0,0,0,0,0,0,0,0,73,26645,3153,19568,0,0,0,8,674,2962,0,0,0,0,34,11,45,12,29,4,45,9,0,9,0,5,16,0,5,0,1,45,Yes,,,,,No,0,0,0,0,0,0,0,0,0,0,0,0,0,0,0,0,0,0,No,0,0,0,0,0,0,0,0,0,0,0,0,0,Respondent,0,0,0,0,0,0,0,0,,0,0,0,,0,0,NEITHER,0,0,0,0,0,0,0,0,0,0,0,0,0,0,0,0,0,0,0,0,0,0,0,0,0,0,0,0,0,0,0,0,0,0,0,0,0,0,0,,No,50 - 99,Non-Profit Corporation (i,0,0,0,1,0,0,0,0,0,0,0,0,0,0,0,0,1,0,0,0,0,0,0,0,0,0,0,0,,,,Urban,CONCORD WEST/MARTINEZ EAST/MARTINEZ WATERFRONT/PACHECO/PLEASANT HILL EAST,106074039,,,,,,
106074093,KAISER FND HOSP - RICHMOND CAMPUS,901 NEVIN AVE,RICHMOND,94804,510-307-1555,Yes,01/01/2013,12/31/2013,Open,09/07/1995,09/07/1995,,NO,15,9,11,6013376000,18f,,05 - East Bay,Contra Costa,140000052,Consolidated Facility,-122.36093,37.93685,General Acute Care,Non-Profit Corporation (incl. Church-related),General Medical / Surgical,42,15330,2427,9158,0,0,0,0,0,0,0,0,8,2920,149,549,1872,0,0,0,0,0,0,0,0,0,0,0,0,0,0,0,0,0,0,0,0,0,0,0,0,50,18250,2576,11030,0,0,0,0,0,0,0,0,0,0,0,0,0,0,0,0,0,0,0,0,0,50,18250,2576,11030,0,0,0,0,0,0,0,0,0,0,0,0,0,0,0,0,0,0,0,0,0,0,0,0,0,0,0,0,,,,,,Yes,Basic,Basic,13643,0,7963,1,7638,88,7397,853,1468,1014,38109,1956,40065,15,0,166,No,0,0,0,0,0,0,0,0,0,0,0,0,0,Respondent,404,52583,5697,587925,0,0,6,6,,0,0,0,,0,0,NEITHER,0,0,0,0,0,0,0,0,0,0,0,0,0,0,0,0,0,0,0,0,0,0,0,0,0,0,0,0,0,0,0,0,0,0,0,0,0,0,0,,No,50 - 99,Non-Profit Corporation (i,1,0,0,0,0,0,0,0,0,0,0,0,0,0,0,0,1,0,0,0,0,40065,13643,7964,7726,8250,2482,0,,,,Urban,RICHMOND CENTRAL/SAN PABLO CENTRAL,106074093,,,,,,
106074097,KAISER FOUND HSP-ANTIOCH,4501 SAND CREEK ROAD,ANTIOCH,94531,925-813-6500,Yes,01/01/2013,12/31/2013,Open,11/07/2007,11/07/2007,,NO,11,7,9,6013303200,18e,,05 - East Bay,Contra Costa,550000614,Parent Facility,-121.776854,37.951975,General Acute Care,Non-Profit Corporation (incl. Church-related),General Medical / Surgical,96,35040,6101,19748,28,10220,1612,3229,0,0,0,0,20,7300,110,660,1737,0,0,0,0,0,0,0,0,0,0,0,0,0,0,0,6,2190,83,104,775,0,0,0,0,150,54750,7906,25489,0,0,0,0,0,0,0,0,0,0,0,,0,0,0,0,0,0,0,0,0,150,54750,7906,25489,0,0,0,0,0,0,10,1434,2339,0,0,0,0,0,0,0,0,0,0,0,0,0,0,0,0,0,0,0,,,,,,Yes,Basic,Basic,13612,0,7598,25,11312,462,6228,3005,342,787,39092,4279,43371,34,0,74,No,0,0,0,0,0,0,0,0,0,0,0,0,0,Respondent,2076,281810,5652,530279,0,0,11,11,,1500,60,15,Yes,1144,356,NEITHER,0,0,0,0,0,0,0,0,0,0,0,0,0,0,0,0,0,0,0,0,0,0,0,0,0,0,0,0,0,0,0,0,0,0,0,0,0,0,0,,No,150 - 199,Non-Profit Corporation (i,1,0,0,0,0,0,0,0,0,0,0,0,0,0,0,0,1,0,0,0,0,43371,13612,7623,11774,9233,1129,0,1,,,Urban,BRENTWOOD CENTRAL AND WEST/OAKLEY,106074097,,,,,,
106084001,SUTTER COAST HOSPITAL,800 EAST WASHINGTON BOULEVARD,CRESCENT CITY,95531,707-464-8511,Yes,01/01/2013,12/31/2013,Open,01/01/1946,01/01/1946,Level IV,NO,2,2,2,6015000103,19,,01 - Northern California,Del Norte,110000067,Parent Facility,-124.19514,41.77278,General Acute Care,Non-Profit Corporation (incl. Church-related),General Medical / Surgical,39,14235,1575,4937,4,1460,299,665,0,0,0,0,6,2190,405,510,1684,0,0,0,0,0,0,0,0,0,0,0,0,0,0,0,0,0,0,0,0,0,0,0,0,49,17885,2279,7286,0,0,0,0,0,0,0,0,0,0,0,,0,0,0,0,0,0,0,0,0,49,17885,2279,7286,0,0,0,0,0,0,11,344,598,0,0,0,0,0,0,0,0,0,0,0,0,0,0,0,0,0,0,0,,,,,,No,Basic,Basic,1221,7,7609,68,8961,1905,439,332,340,32,18570,2344,20914,11,666,344,No,0,0,0,0,0,0,0,0,0,0,0,0,0,Respondent,502,43262,2672,131192,0,0,6,6,Yes,341,11,1,Yes,222,119,NEITHER,0,0,0,0,0,0,0,0,0,0,0,0,0,0,0,0,0,0,0,0,0,0,0,0,0,0,0,0,0,0,0,0,0,0,0,0,0,0,0,,No,1 - 49,Non-Profit Corporation (i,1,0,0,0,1,0,0,0,1,0,0,0,0,0,1,1,0,0,0,0,20914,0,1228,7677,10866,771,372,0,1,,,Rural,CRESCENT CITY/GASQUET/KLAMATH/SMITH RIVER,106084001,,,,,,
106090793,BARTON MEMORIAL HOSPITAL,2170 SOUTH AVENUE,SOUTH LAKE TAHOE,96150,530-541-3420,Yes,01/01/2013,12/31/2013,Open,11/21/1963,11/21/1963,,NO,5,1,4,6017030402,24,,02 - Golden Empire,El Dorado,30000013,Parent Facility,-119.99784,38.91224,General Acute Care,Non-Profit Corporation (incl. Church-related),General Medical / Surgical,45,16425,1851,5276,10,3650,304,617,0,0,0,0,8,2920,303,187,1251,0,0,0,0,0,0,0,0,0,0,0,0,0,0,0,0,0,0,0,0,0,0,0,0,63,22995,2458,7144,0,0,0,0,0,0,0,0,48,17520,150,113,16514,0,0,0,0,0,0,0,0,111,40515,2608,23658,0,0,0,0,0,0,9,299,379,10,0,0,0,0,0,0,0,0,0,0,0,0,0,0,0,0,0,0,,Yes,YES,,,No,Basic,Basic,827,1,1170,0,3476,1,3389,7,1362,203,10224,212,10436,12,0,438,No,0,0,0,0,0,0,0,0,0,0,0,0,0,Respondent,759,105738,2296,183163,0,0,5,5,Yes,307,11,0,,0,52,NEITHER,0,0,0,0,0,0,0,0,0,0,0,0,0,0,0,0,0,0,0,0,0,0,0,0,0,0,0,0,0,0,0,0,0,0,0,0,0,0,0,,No,100 - 149,Non-Profit Corporation (i,1,0,0,0,0,0,0,0,0,0,0,0,0,0,0,0,1,0,0,0,0,10436,828,1170,3477,3396,1565,0,,,,Rural,SOUTH LAKE TAHOE,106090793,,,,,,
106090933,MARSHALL  MEDICAL CENTER (1-RH),1100 MARSHALL WAY,PLACERVILLE,95667,530-626-2601,Yes,01/01/2013,12/31/2013,Open,05/22/1959,05/22/1959,Level III,NO,21,12,16,6017031200,23.3,,02 - Golden Empire,El Dorado,30000059,Parent Facility,-120.7909638,38.72557326,General Acute Care,Non-Profit Corporation (incl. Church-related),General Medical / Surgical,74,27010,4404,17531,17,6205,530,1206,0,0,0,0,8,2920,180,377,2101,0,0,0,0,0,0,0,0,0,0,0,0,0,0,0,0,0,0,0,0,0,0,0,0,99,36135,5114,20838,0,0,0,0,0,0,0,0,14,5110,371,,3867,0,0,0,0,0,0,0,0,113,41245,5485,24705,0,0,0,0,0,0,19,499,769,0,0,0,0,0,0,0,0,0,0,0,0,0,0,0,0,0,0,0,,,,,,No,Basic,Basic,1836,0,8986,1,9810,409,7137,2470,1662,1046,29431,3926,33357,24,5551,0,No,0,0,0,0,0,0,0,0,0,0,0,0,0,Respondent,1147,150211,1969,153286,0,0,5,5,,459,7,0,,0,153,CATH LAB,0,0,0,0,0,0,0,0,1,0,0,0,0,139,0,347,0,486,0,343,0,53,21,12,13,0,0,0,0,0,0,0,0,0,0,0,0,65,507,,No,100 - 149,Non-Profit Corporation (i,1,0,0,0,1,0,0,1,0,0,0,0,0,0,1,1,0,0,0,33357,0,0,1836,8987,10219,9607,2708,0,,,,Rural,COOL/DIAMOND SPRINGS/LATROBE/PILOT HILL/PLACERVILLE,106090933,,,,,,
106094002,EL DORADO COUNTY P H F,935-B SPRING STREET,PLACERVILLE,95667,530-621-6281,Yes,01/01/2013,12/31/2013,Open,01/29/1988,01/29/1988,,NO,5,1,4,6017031100,23.3,,02 - Golden Empire,El Dorado,M01010002,Parent Facility,-120.80275,38.7322,Psychiatric Health Facility,City and/or County,Psychiatric,0,0,0,0,0,0,0,0,0,0,0,0,0,0,0,0,0,0,0,0,0,0,0,0,0,0,0,0,0,0,0,0,0,0,0,0,0,0,0,0,0,0,0,0,0,0,0,0,0,16,5840,362,3174,0,0,0,,0,0,0,0,0,0,0,0,0,16,5840,362,3174,0,0,0,0,0,0,0,0,0,0,12,0,12,0,11,1,12,0,0,0,0,2,0,0,8,0,2,12,Yes,,,,,No,0,0,0,0,0,0,0,0,0,0,0,0,0,0,0,0,0,0,No,0,0,0,0,0,0,0,0,0,0,0,0,0,Respondent,0,0,0,0,0,0,0,0,,0,0,0,,0,0,NEITHER,0,0,0,0,0,0,0,0,0,0,0,0,0,0,0,0,0,0,0,0,0,0,0,0,0,0,0,0,0,0,0,0,0,0,0,0,0,0,0,,No,1 - 49,City and/or County,0,0,0,1,0,0,0,0,0,0,0,0,0,0,0,0,1,0,0,0,0,0,0,0,0,0,0,0,,,,Rural,COOL/DIAMOND SPRINGS/LATROBE/PILOT HILL/PLACERVILLE,106094002,,,,,,
106100005,CLOVIS COMMUNITY MEDICAL CENTER,2755 HERNDON AVENUE,CLOVIS,93611,559-459-2710,Yes,01/01/2013,12/31/2013,Open,12/15/1988,12/15/1988,,NO,23,8,22,6019005903,31,,09 - Central,Fresno,40000004,Parent Facility,-119.66072,36.83745,General Acute Care,Non-Profit Corporation (incl. Church-related),General Medical / Surgical,90,32850,7221,27955,30,10950,4534,9976,0,0,0,0,24,8760,295,810,4373,0,0,0,0,0,0,0,0,0,0,0,0,0,0,0,8,2920,225,635,2079,0,0,0,0,152,55480,12275,44383,0,0,0,0,0,0,0,0,0,0,0,0,0,0,0,0,0,0,0,0,0,152,55480,12275,44383,0,0,0,0,0,0,8,4144,7591,0,0,0,0,0,0,0,0,0,0,0,0,0,0,0,0,0,0,0,,,,,,No,Basic,Basic,2996,19,1058,1,21902,47,11421,87,3867,4837,41244,4991,46235,26,0,160,No,0,0,0,0,0,0,0,0,0,0,0,0,0,Respondent,3084,360263,9197,582381,0,10,7,17,Yes,4255,233,45,,0,1545,CATH LAB,0,0,0,0,0,0,0,0,1,0,0,0,0,253,69,95,36,348,105,348,2,55,6,14,3,102,3,0,0,0,0,0,27,14,0,11,0,8,593,Yes,No,150 - 199,Non-Profit Corporation (i,1,0,0,0,0,0,0,0,0,0,0,0,0,0,0,0,1,0,0,0,0,46235,3015,1059,21949,11508,8704,0,,,,Rural,AUBERRY/CALWA/CENTERVILLE/CLOVIS EAST/DEL REY/FOWLER/FRIANT/SANGER/SHAVER LAKE,106100005,,,,,,
106100697,COALINGA REGIONAL MEDICAL CENTER,1191 PHELPS AVENUE,COALINGA,93210,559-935-6400,Yes,01/01/2013,12/31/2013,Open,03/11/1946,03/11/1946,,NO,31,12,21,6019007900,27,,09 - Central,Fresno,40000085,Parent Facility,-120.33501,36.15096,General Acute Care,District,General Medical / Surgical,22,8030,288,918,2,730,0,0,0,0,0,0,0,0,0,0,0,0,0,0,0,0,0,0,0,0,0,0,0,0,0,0,0,0,0,0,0,0,0,0,0,24,8760,288,918,0,0,0,0,0,0,0,0,99,36135,50,,26462,0,0,0,0,0,0,0,0,123,44895,338,27380,0,0,0,0,0,0,0,0,0,0,0,0,0,0,0,0,0,0,0,0,0,0,0,0,0,0,0,0,,,,,,No,Standby,Standby,116,0,2554,0,2230,0,1481,0,2593,0,8974,273,9247,9,0,104,No,0,0,0,0,0,0,0,0,0,0,0,0,0,Respondent,0,0,0,0,0,0,0,0,,0,0,0,,0,0,NEITHER,0,0,0,0,0,0,0,0,0,0,0,0,0,0,0,0,0,0,0,0,0,0,0,0,0,0,0,0,0,0,0,0,0,0,0,0,0,0,0,,No,100 - 149,District,0,0,1,0,0,0,0,0,0,0,0,0,0,0,0,0,1,0,0,0,0,9247,116,2554,2230,1481,2593,273,,,,Rural,COALINGA,106100697,,,,,,
106100717,COMMUNITY REGIONAL MEDICAL CENTER-FRESNO,2823 FRESNO AND R STREETS,FRESNO,93721,559-459-6716,Yes,01/01/2013,12/31/2013,Open,01/01/1946,01/01/1946,Level I,YES,31,14,16,6019000500,35c,,09 - Central,Fresno,40000096,Parent Facility,-119.78324,36.74253,General Acute Care,Non-Profit Corporation (incl. Church-related),General Medical / Surgical,380,135373,23618,110878,49,17885,6036,14132,8,2920,940,2094,78,25370,610,2918,13235,0,3100,50,613,2083,0,0,0,0,0,10,3650,151,347,3115,84,30660,923,718,18772,32,11680,599,8978,641,230638,32927,173287,0,0,0,0,0,0,0,0,0,0,0,0,0,0,0,0,0,0,0,0,0,641,230638,32927,173287,0,0,0,0,0,0,70,5228,10022,0,0,0,0,0,0,0,0,0,0,0,0,0,0,0,0,0,0,0,,,,,,No,Comprehensive,Comprehensive,8656,42,3984,11,42618,107,24856,222,14204,22263,94318,22645,116963,73,0,5212,No,0,0,0,0,0,0,0,0,0,0,0,0,0,Respondent,8721,1271573,5428,466401,0,0,19,19,Yes,5902,723,211,,0,1951,CV SURG,2,0,0,179,171,179,171,257,4,0,0,0,0,1151,563,1407,342,2558,905,0,0,168,0,0,0,0,66,0,0,0,0,0,0,0,0,2,0,0,236,Yes,No,500+,Non-Profit Corporation (i,0,1,0,0,1,1,0,0,0,0,0,0,0,0,1,1,0,116963,0,0,0,0,8698,3995,42725,25078,36467,0,,,,Urban,FRESNO WEST CENTRAL,106100717,,,,,,
106100745,KINGSBURG MEDICAL CENTER,1200 SMITH STREET,KINGSBURG,93631,,No,01/01/2013,12/31/2013,Closed,11/12/2013,07/03/1961,,NO,31,12,21,6019007201,30,,09 - Central,Fresno,40000116,Parent Facility,-119.54833,36.51261,General Acute Care,Public - District,,35,12775,0,0,0,0,0,0,0,0,0,0,0,0,0,0,0,0,0,0,0,0,0,0,0,0,0,0,0,0,0,0,0,0,0,0,0,0,0,0,0,35,12775,0,0,0,0,0,0,0,0,0,0,0,0,0,,0,0,0,0,0,0,0,0,0,35,12775,0,0,0,0,0,0,0,0,0,0,0,6,0,0,0,0,0,0,0,0,0,0,0,0,0,0,0,0,0,0,,,,,,0,0,0,0,0,0,0,0,0,0,0,0,0,0,0,0,0,0,0,NO,0,0,0,0,0,0,0,0,0,0,0,0,,Respondent,0,0,0,0,0,0,0,0,,0,0,0,,0,0,NEITHER,0,0,0,0,0,0,0,0,0,0,0,0,0,0,0,0,0,0,0,0,0,0,0,0,0,0,0,0,0,0,0,0,0,0,0,0,0,0,0,,No,1 - 49,Public - District,0,0,0,1,0,0,0,0,0,0,0,0,0,0,0,0,1,0,0,0,0,0,0,0,0,0,0,0,,,,Rural,BOWLES/CARUTHERS/EASTON/KINGSBURG/LANARE/LATON/RAISIN CITY/RIVERDALE/SELMA,106100745,,,,,,
106100793,ADVENTIST MEDICAL CENTER-SELMA,,,,,,,,,,,,No,31,14,21,,,,,Fresno,,,,,,,,,,,,,,,,,,,,,,,,,,,,,,,,,,,,,,,,,,,,,,,,,,,,,,,,,,,,,,,,,,,,,,,,,,,,,,,,,,,,,,,,,,,,,,,,,,,,,,,,,,,,,,,,Standby,Standby,0,0,0,0,0,0,0,0,0,0,,,,,,,,,,,,,,,,,,,,,Non-Respondent,,,,,,,,,,,,,,,,NEITHER,,,,,,,,,,,,,,,,,,,,,,,,,,,,,,,,,,,,,,,,,No,,,0,0,1,0,0,0,0,0,0,0,0,0,0,0,0,0,1,0,0,0,0,0,0,0,0,0,0,0,,,,Rural,BOWLES/CARUTHERS/EASTON/KINGSBURG/LANARE/LATON/RAISIN CITY/RIVERDALE/SELMA,106100793,,,,,,
106100797,ADVENTIST MEDICAL CENTER - REEDLEY,372 WEST CYPRESS AVENUE,REEDLEY,93654,559-638-8155-1000,Yes,01/01/2013,12/31/2013,Open,04/14/1965,04/14/1965,,NO,31,14,22,6019006601,32,,09 - Central,Fresno,40000149,Parent Facility,-119.45145,36.60789,General Acute Care,Non-Profit Corporation (incl. Church-related),General Medical / Surgical,29,10585,877,2262,20,7300,1183,1869,0,0,0,0,0,0,0,0,0,0,0,0,0,0,0,0,0,0,0,0,0,0,0,0,0,0,0,0,0,0,0,0,0,49,17885,2060,4131,0,0,0,0,0,0,0,0,0,0,0,,0,0,0,0,0,0,0,0,0,49,17885,2060,4131,0,0,0,0,0,0,24,1181,1625,12,0,0,0,0,0,0,0,0,0,0,0,0,0,0,0,0,0,0,,,,,,No,Standby,Standby,443,0,3662,0,7060,0,880,0,944,0,12989,668,13657,10,443,77,No,0,0,0,0,0,0,0,0,0,0,0,0,0,Respondent,594,20613,540,17535,2,0,2,4,,1177,44,0,,0,432,NEITHER,0,0,0,0,0,0,0,0,0,0,0,0,0,0,0,0,0,0,0,0,0,0,0,0,0,0,0,0,0,0,0,0,0,0,0,0,0,0,0,,No,1 - 49,Non-Profit Corporation (i,0,0,1,0,0,0,0,0,0,0,0,0,0,0,0,0,1,0,0,0,0,13657,443,3662,7060,880,944,668,,,,Rural,ORANGE COVE/PARLIER/REEDLEY/SQUAW VALLEY/TIVY VALLEY/WONDER VALLEY,106100797,,,,,,
106100899,ST. AGNES MEDICAL CENTER,1303 EAST HERNDON AVENUE,FRESNO,93720,559-450-3000,Yes,01/01/2013,12/31/2013,Open,03/22/1975,03/22/1975,,NO,23,8,22,6019005406,35f,,09 - Central,Fresno,40000173,Parent Facility,-119.7649963,36.8370782,General Acute Care,Non-Profit Corporation (incl. Church-related),General Medical / Surgical,343,125195,17226,69549,32,11680,3365,7368,0,0,0,0,35,12775,196,1378,4415,26,9490,214,1177,4785,0,0,0,0,0,0,0,0,0,0,0,0,0,0,0,0,0,0,0,436,159140,21001,86117,0,0,0,0,0,0,0,0,0,0,0,0,0,0,0,0,0,0,0,0,0,436,159140,21001,86117,0,0,0,0,0,0,30,3409,5884,0,0,0,0,0,0,0,0,0,0,0,0,0,0,0,0,0,0,0,,,,,,Yes,Basic,Basic,355,1,11831,14,19058,97,18672,1640,9508,12263,59424,14015,73439,44,0,3937,No,0,0,0,0,0,0,0,0,0,0,0,0,0,Respondent,4845,638989,8704,501634,0,8,20,28,,3400,290,70,,0,1227,CV SURG,4,0,0,269,88,269,88,220,3,0,0,0,0,1155,851,1387,727,2542,1578,2393,3,293,208,87,49,745,80,2,0,2,74,136,146,125,4,48,11,166,4572,Yes,No,300 - 499,Non-Profit Corporation (i,1,0,0,0,0,0,0,0,0,0,0,0,0,0,0,0,1,0,0,0,0,73439,356,11845,19155,20312,21771,0,,,,Urban,FRESNO NORTH CENTRAL,106100899,,,,,,
106104008,COMMUNITY BEHAVIORAL HEALTH CENTER,7171 NORTH CEDAR AVENUE,FRESNO,93720,559-459-2710,Yes,01/01/2013,12/31/2013,Open,10/01/1987,10/01/1987,,NO,23,8,22,6019005510,35a,,09 - Central,Fresno,40000096,Consolidated Facility,-119.75676,36.84085,General Acute Care,Non-Profit Corporation (incl. Church-related),Psychiatric,0,0,0,0,0,0,0,0,0,0,0,0,0,0,0,0,0,0,0,0,0,0,0,0,0,0,0,0,0,0,0,0,0,0,0,0,0,0,0,0,0,0,0,0,0,0,0,0,0,61,22265,3685,18889,0,0,0,,0,0,0,0,0,0,0,0,0,61,22265,3685,18889,0,0,0,0,0,0,0,0,0,0,46,0,46,0,45,1,46,7,3,15,0,0,5,1,14,0,1,46,Yes,,,,,No,0,0,0,0,0,0,0,0,0,0,0,0,0,0,0,0,0,0,No,0,0,0,0,0,0,0,0,0,0,0,0,0,Respondent,0,0,0,0,0,0,0,0,,0,0,0,,0,0,NEITHER,0,0,0,0,0,0,0,0,0,0,0,0,0,0,0,0,0,0,0,0,0,0,0,0,0,0,0,0,0,0,0,0,0,0,0,0,0,0,0,,No,50 - 99,Non-Profit Corporation (i,0,0,0,1,0,0,0,0,0,0,0,0,0,0,0,0,1,0,0,0,0,0,0,0,0,0,0,0,,,,Urban,FRESNO NORTHWEST,106104008,,,,,,
106104023,SAN JOAQUIN VALLEY REHABILITATION HOSPITAL,7173 N. SHARON AVENUE,FRESNO,93720,559-436-3600,Yes,01/01/2013,12/31/2013,Open,01/23/1991,01/23/1991,,NO,23,8,22,6019005510,35a,,09 - Central,Fresno,40000280,Parent Facility,-119.75993,36.84048,General Acute Care,Investor - Limited Liability Company,Physical Rehabilitation,62,22630,0,0,0,0,0,0,0,0,0,0,0,0,0,0,0,0,0,0,0,0,0,0,0,0,0,0,0,0,0,0,0,0,0,0,0,0,0,1632,18158,62,22630,1632,18158,0,0,0,0,0,0,0,0,0,0,0,0,0,0,0,0,0,0,0,0,0,62,22630,1632,18158,0,0,0,0,0,0,0,0,0,0,0,0,0,0,0,0,0,0,0,0,0,0,0,0,0,0,0,0,,,,,,No,0,0,0,0,0,0,0,0,0,0,0,0,0,0,0,0,0,0,No,0,0,0,0,0,0,0,0,0,0,0,0,0,Respondent,0,0,0,0,0,0,0,0,,0,0,0,,0,0,NEITHER,0,0,0,0,0,0,0,0,0,0,0,0,0,0,0,0,0,0,0,0,0,0,0,0,0,0,0,0,0,0,0,0,0,0,0,0,0,0,0,,No,50 - 99,Investor,0,0,0,1,0,0,0,0,0,0,0,0,0,0,0,0,1,0,0,0,0,0,0,0,0,0,0,0,,,,Urban,FRESNO NORTHWEST,106104023,,,,,,
106104047,FRESNO SURGICAL HOSPITAL,6125 NORTH FRESNO STREET,FRESNO,93710,559-431-8000,Yes,01/01/2013,12/31/2013,Open,02/23/1993,02/23/1993,,NO,23,8,22,6019004504,35f,,09 - Central,Fresno,40000332,Parent Facility,-119.78155,36.82531,General Acute Care,Investor - Partnership,General Medical / Surgical,27,9855,2214,3807,0,0,0,0,0,0,0,0,0,0,0,0,0,0,0,0,0,0,0,0,0,0,0,0,0,0,0,0,0,0,0,0,0,0,0,0,0,27,9855,2214,3807,0,0,0,0,0,0,0,0,0,0,0,,0,0,0,0,0,0,0,0,0,27,9855,2214,3807,0,0,0,0,0,0,0,0,0,0,0,0,0,0,0,0,0,0,0,0,0,0,0,0,0,0,0,0,,,,,,No,0,0,0,0,0,0,0,0,0,0,0,0,0,0,0,0,0,0,No,0,0,0,0,0,0,0,0,0,0,0,0,0,Respondent,2214,266734,6716,365969,0,4,9,13,Yes,0,0,0,,0,0,NEITHER,0,0,0,0,0,0,0,0,0,0,0,0,0,0,0,0,0,0,0,0,0,0,0,0,0,0,0,0,0,0,0,0,0,0,0,0,0,0,0,,No,1 - 49,Investor,0,0,0,1,0,0,0,0,0,0,0,0,0,0,0,0,1,0,0,0,0,0,0,0,0,0,0,0,,,,Urban,FRESNO NORTH CENTRAL,106104047,,,,,,
106104062,KAISER FND HOSP - FRESNO,7300 NORTH FRESNO STREET,FRESNO,93720,559-448-4500,Yes,01/01/2013,12/31/2013,Open,02/23/1995,02/23/1995,,NO,23,8,22,6019004406,35f,,09 - Central,Fresno,40000384,Parent Facility,-119.7832,36.84246,General Acute Care,Non-Profit Corporation (incl. Church-related),General Medical / Surgical,119,43435,5537,19422,26,9490,1137,2347,0,0,0,0,12,4380,191,700,2146,0,0,0,0,0,0,0,0,0,0,0,0,0,0,0,12,4380,203,22,1102,0,0,0,0,169,61685,7068,25017,0,0,0,0,0,0,0,0,0,0,0,0,0,0,0,0,0,0,0,0,0,169,61685,7068,25017,0,0,0,0,0,0,0,974,1765,0,0,0,0,0,0,0,0,0,0,0,0,0,0,0,0,0,0,0,,Yes,YES,,,Yes,Basic,Basic,7477,0,4750,12,7537,458,5308,2619,464,1277,25536,4366,29902,22,0,82,No,0,0,0,0,0,0,0,0,0,0,0,0,0,Respondent,1729,244437,7165,581070,0,0,8,8,Yes,1136,55,7,Yes,744,392,NEITHER,0,0,0,0,0,0,0,0,0,0,0,0,0,0,0,0,0,0,0,0,0,0,0,0,0,0,0,0,0,0,0,0,0,0,0,0,0,0,0,,No,150 - 199,Non-Profit Corporation (i,1,0,0,0,0,0,0,0,0,0,0,0,0,0,0,0,1,0,0,0,0,29902,7477,4762,7995,7927,1741,0,1,,,Urban,FRESNO NORTH CENTRAL,106104062,,,,,,
106104089,CRESTWOOD PSYCHIATRIC HEALTH FACILITY-FRESNO,4411 E. KINGS CANYON ROAD,FRESNO,93702,559-600-7180,Yes,01/01/2013,12/31/2013,Open,10/07/1996,10/07/1996,,NO,31,14,16,6019002702,35d,,09 - Central,Fresno,M02016046,Parent Facility,-119.75216,36.73601,Psychiatric Health Facility,Non-Profit Corporation (incl. Church-related),Psychiatric,0,0,0,0,0,0,0,0,0,0,0,0,0,0,0,0,0,0,0,0,0,0,0,0,0,0,0,0,0,0,0,0,0,0,0,0,0,0,0,0,0,0,0,0,0,0,0,0,0,16,5840,306,5568,0,0,0,,0,0,0,0,0,0,0,0,0,16,5840,306,5568,0,0,0,0,0,0,0,0,0,0,8,0,8,0,8,0,8,0,0,5,0,0,0,0,0,0,3,8,,,,,,No,0,0,0,0,0,0,0,0,0,0,0,0,0,0,0,0,0,0,No,0,0,0,0,0,0,0,0,0,0,0,0,0,Respondent,0,0,0,0,0,0,0,0,,0,0,0,,0,0,NEITHER,0,0,0,0,0,0,0,0,0,0,0,0,0,0,0,0,0,0,0,0,0,0,0,0,0,0,0,0,0,0,0,0,0,0,0,0,0,0,0,,No,1 - 49,Non-Profit Corporation (i,0,0,0,1,0,0,0,0,0,0,0,0,0,0,0,0,1,0,0,0,0,0,0,0,0,0,0,0,,,,Urban,FRESNO EAST CENTRAL,106104089,,,,,,
106105029,FRESNO HEART AND SURGICAL HOSPITAL,15 E. Audubon Drive,FRESNO,93720,559-433-8000,Yes,01/01/2013,12/31/2013,Open,10/09/2003,10/09/2003,,NO,23,8,22,6019004407,35a,,09 - Central,Fresno,40000551,Parent Facility,-119.78931,36.8611,General Acute Care,Non-Profit Corporation (incl. Church-related),General Medical / Surgical,48,17520,3386,10260,0,0,0,0,0,0,0,0,0,0,0,0,0,9,3285,37,588,1358,0,0,0,0,0,0,0,0,0,0,0,0,0,0,0,0,0,0,0,57,20805,3423,11618,0,0,0,0,0,0,0,0,0,0,0,0,0,0,0,0,0,0,0,0,0,57,20805,3423,11618,0,0,0,0,0,0,0,0,0,0,0,0,0,0,0,0,0,0,0,0,0,0,0,0,0,0,0,0,,,,,,No,0,0,0,0,0,0,0,0,0,0,0,0,0,0,0,0,0,0,No,0,0,0,0,0,0,0,0,0,0,0,0,0,Respondent,2375,338286,1261,91558,0,0,5,5,Yes,0,0,0,,0,0,CV SURG,5,0,0,105,112,105,112,158,3,0,0,0,0,228,96,1658,386,1886,482,1592,0,106,110,42,62,30,0,0,0,0,294,0,0,0,0,2,0,130,2368,Yes,No,50 - 99,Non-Profit Corporation (i,0,0,0,1,0,0,0,0,0,0,0,0,0,0,0,0,1,0,0,0,0,0,0,0,0,0,0,0,,,,Urban,FRESNO NORTHWEST,106105029,,,,,,
106105051,DEPARTMENT OF STATE HOSPITAL - COALINGA,24511 WEST JAYNE AVENUE,COALINGA,93210,559-935-4300,Yes,01/01/2013,12/31/2013,Open,08/25/2005,08/25/2005,,NO,31,12,21,6019007900,27,,09 - Central,Fresno,550000061,Parent Facility,-120.237238,36.13724021,Acute Psychiatric,State,Psychiatric,0,0,0,0,0,0,0,0,0,0,0,0,0,0,0,0,0,0,0,0,0,0,0,0,0,0,0,0,0,0,0,0,0,0,0,0,0,0,0,0,0,0,0,0,0,0,0,0,0,50,18250,6,7665,0,0,0,0,0,1450,529250,87,380330,0,0,0,0,1500,547500,93,387995,0,0,0,0,0,0,0,0,0,0,22,0,22,0,10,12,22,1,0,0,0,0,0,0,0,0,21,22,,,,,,No,0,0,0,0,0,0,0,0,0,0,0,0,0,0,0,0,0,0,No,0,0,0,0,0,0,0,0,0,0,0,0,0,Respondent,0,0,0,0,0,0,0,0,,0,0,0,,0,0,NEITHER,0,0,0,0,0,0,0,0,0,0,0,0,0,0,0,0,0,0,0,0,0,0,0,0,0,0,0,0,0,0,0,0,0,0,0,0,0,0,0,,Yes,500+,State,0,0,0,1,0,0,0,0,0,0,0,0,0,0,0,0,1,0,0,0,0,0,0,0,0,0,0,0,,,,Rural,COALINGA,106105051,,,,,,
106110889,GLENN MEDICAL CENTER,1133 WEST SYCAMORE STREET,WILLOWS,95988,530-934-1800-1861,Yes,01/01/2013,12/31/2013,Open,07/01/1953,07/01/1953,Level IV,NO,3,4,3,6021010400,37,,01 - Northern California,Glenn,230000018,Parent Facility,-122.20791,39.52055,General Acute Care,Non-Profit Corporation (incl. Church-related),General Medical / Surgical,47,17155,171,537,0,0,0,0,0,0,0,0,0,0,0,0,0,0,0,0,0,0,0,0,0,0,0,0,0,0,0,0,0,0,0,0,0,0,0,0,0,47,17155,171,537,0,0,0,0,0,0,0,0,0,0,0,,0,0,0,0,0,0,0,0,0,47,17155,171,537,0,0,0,0,0,0,0,0,0,10,0,0,0,0,0,0,0,0,0,0,0,0,0,0,0,0,0,0,,,,,,No,Standby,Standby,833,0,2113,0,1925,63,331,63,26,0,5228,126,5354,5,0,203,No,0,0,0,0,0,0,0,0,0,0,0,0,0,Respondent,0,0,353,14546,0,1,0,1,Yes,0,0,0,,0,0,NEITHER,0,0,0,0,0,0,0,0,0,0,0,0,0,0,0,0,0,0,0,0,0,0,0,0,0,0,0,0,0,0,0,0,0,0,0,0,0,0,0,,No,1 - 49,Non-Profit Corporation (i,0,0,1,0,1,0,0,0,1,0,0,0,0,0,1,1,0,0,0,0,5354,0,833,2113,1988,394,26,0,,,,Frontier,ARTOIS/ELK CREEK/GLENN/GRINDSTONE INDIAN RANCHERIA/WILLOWS,106110889,,,,,,
106120981,"GENERAL HOSPITAL, THE",2200 HARRISON AVENUE,EUREKA,95501,707-445-8121-7500,Yes,01/01/2013,12/31/2013,Open,07/01/1953,07/01/1953,,NO,2,2,2,6023000600,39,,01 - Northern California,Humboldt,110000075,Consolidated Facility,-124.13979,40.78743,General Acute Care,Non-Profit Corporation (incl. Church-related),General Medical / Surgical,0,2520,0,0,0,0,0,0,0,0,0,0,0,0,0,0,0,0,0,0,0,0,0,0,0,0,0,0,0,0,0,0,0,0,0,0,0,15,5475,195,2547,15,7995,195,2547,0,0,0,0,0,0,0,0,0,0,0,,0,0,0,0,0,0,0,0,0,15,7995,195,2547,0,0,0,0,0,0,0,0,0,0,0,0,0,0,0,0,0,0,0,0,0,0,0,0,0,0,0,0,,,,,,No,0,0,0,0,0,0,0,0,0,0,0,0,0,0,0,0,0,0,No,0,0,0,0,0,0,0,0,0,0,0,0,0,Respondent,0,0,2320,81634,0,7,0,7,Yes,0,0,0,,0,0,NEITHER,0,0,0,0,0,0,0,0,0,0,0,0,0,0,0,0,0,0,0,0,0,0,0,0,0,0,0,0,0,0,0,0,0,0,0,0,0,0,0,,No,1 - 49,Non-Profit Corporation (i,0,0,0,1,0,0,0,0,0,0,0,0,0,0,0,0,1,0,0,0,0,0,0,0,0,0,0,0,,,,Rural,ARCATA/EUREKA,106120981,,,,,,
106121002,MAD RIVER COMMUNITY HOSPITAL,3800 JANES ROAD,ARCATA,95521,707-826-8204,Yes,01/01/2013,12/31/2013,Open,10/26/1972,10/26/1972,,NO,5,8,8,6023001100,39,,01 - Northern California,Humboldt,110000031,Parent Facility,-124.09038,40.90351,General Acute Care,Investor - Corporation,General Medical / Surgical,62,22630,1304,5455,10,3650,606,1360,0,0,0,0,6,2190,145,191,1184,0,0,0,0,0,0,0,0,0,0,0,0,0,0,0,0,0,0,0,0,0,0,0,0,78,28470,2055,7999,0,0,0,0,0,0,0,0,0,0,0,,0,0,0,0,0,0,0,0,0,78,28470,2055,7999,0,0,0,0,0,0,0,574,1085,10,0,0,0,0,0,0,0,0,0,0,0,0,0,0,0,0,0,0,,,,,,No,Basic,Basic,1602,0,2953,0,5861,4,2054,1234,238,127,12708,1365,14073,7,0,501,No,0,0,0,0,0,0,0,0,0,0,0,0,0,Respondent,592,55491,1607,104214,0,0,3,3,Yes,571,8,1,,0,117,CATH LAB,0,0,0,0,0,0,0,0,0,0,0,0,0,0,0,0,0,0,0,0,0,0,0,0,0,0,0,0,0,0,0,0,0,0,0,0,0,0,0,,No,50 - 99,Investor,1,0,0,0,0,0,0,0,0,0,0,0,0,0,0,0,1,0,0,0,0,14073,1602,2953,5865,3288,365,0,,,,Rural,ARCATA/EUREKA,106121002,,,,,,
106121031,JEROLD PHELPS COMMUNITY HOSPITAL,733 CEDAR STREET,GARBERVILLE,95542,707-923-3921-236,Yes,01/01/2013,12/31/2013,Open,08/20/1963,08/20/1963,,NO,2,2,2,6023011300,44,,01 - Northern California,Humboldt,110000052,Parent Facility,-123.79286,40.10195,General Acute Care,District,Other,9,3285,29,86,0,0,0,0,0,0,0,0,0,0,0,0,0,0,0,0,0,0,0,0,0,0,0,0,0,0,0,0,0,0,0,0,0,0,0,0,0,9,3285,29,86,0,0,0,0,0,0,0,0,8,2920,3,0,2920,0,0,0,0,0,0,0,0,17,6205,32,3006,0,0,0,0,0,0,0,0,0,8,0,0,0,0,0,0,0,0,0,0,0,0,0,0,0,0,0,0,,,,,,No,Standby,Standby,271,0,717,0,1199,0,302,0,64,0,2553,0,2553,2,308,82,No,0,0,0,0,0,0,0,0,0,0,0,0,0,Respondent,0,0,0,0,0,0,0,0,,0,0,0,,0,0,NEITHER,0,0,0,0,0,0,0,0,0,0,0,0,0,0,0,0,0,0,0,0,0,0,0,0,0,0,0,0,0,0,0,0,0,0,0,0,0,0,0,,No,1 - 49,District,0,0,1,0,0,0,0,0,0,0,0,0,0,0,0,0,1,0,0,0,0,2553,271,717,1199,302,64,0,,,,Frontier,GARBERVILLE/REDWAY,106121031,,,,,,
106121051,REDWOOD MEMORIAL HOSPITAL,3300 RENNER DRIVE,FORTUNA,95540,707-725-3361,Yes,01/01/2013,12/31/2013,Open,03/19/1957,03/19/1957,,NO,2,2,2,6023010900,42,,01 - Northern California,Humboldt,110000173,Parent Facility,-124.13549,40.58267,General Acute Care,Non-Profit Corporation (incl. Church-related),General Medical / Surgical,23,8395,1301,3679,8,2920,402,815,0,0,0,0,4,1460,164,206,993,0,0,0,0,0,0,0,0,0,0,0,0,0,0,0,0,0,0,0,0,0,0,0,0,35,12775,1867,5487,0,0,0,0,0,0,0,0,0,0,0,,0,0,0,0,0,0,0,0,0,35,12775,1867,5487,0,0,0,0,0,0,8,371,606,10,0,0,0,0,0,0,0,0,0,0,0,0,0,0,0,0,0,0,,,,,,Yes,Basic,Basic,268,0,2037,0,6992,2,1973,311,354,26,11624,339,11963,8,0,236,No,0,0,0,0,0,0,0,0,0,0,0,0,0,Respondent,435,51673,2560,112892,0,0,3,3,Yes,370,16,0,,0,80,NEITHER,0,0,0,0,0,0,0,0,0,0,0,0,0,0,0,0,0,0,0,0,0,0,0,0,0,0,0,0,0,0,0,0,0,0,0,0,0,0,0,,No,1 - 49,Non-Profit Corporation (i,1,0,0,0,0,0,0,0,0,0,0,0,0,0,0,0,1,0,0,0,0,11963,268,2037,6994,2284,380,0,,,,Rural,FERNDALE/FORTUNA/RIO DELL/SCOTIA,106121051,,,,,,
106121080,ST. JOSEPH HOSPITAL - EUREKA,2700 DOLBEER STREET,EUREKA,95501,707-445-8121-7500,Yes,01/01/2013,12/31/2013,Open,07/26/1954,07/26/1954,,NO,2,2,2,6023000600,39,,01 - Northern California,Humboldt,110000075,Parent Facility,-124.14216,40.7832,General Acute Care,Non-Profit Corporation (incl. Church-related),General Medical / Surgical,102,38760,5776,24346,11,4285,625,1493,0,0,0,0,16,4760,100,514,1734,4,1460,0,0,0,0,0,0,0,0,0,0,0,0,0,5,1825,96,24,767,0,0,0,0,138,51090,6597,28340,0,0,0,0,0,0,0,0,0,0,0,,0,0,0,0,0,0,0,0,0,138,51090,6597,28340,0,0,0,0,0,0,14,500,959,0,0,0,0,0,0,0,0,0,0,0,0,0,0,0,0,0,0,0,,,,,,Yes,Basic,Basic,831,1,7185,8,13235,64,7268,1185,1038,2882,29557,4140,33697,20,0,957,No,0,0,0,0,0,0,0,0,0,0,0,0,0,Respondent,2441,286019,3796,317712,0,0,10,10,Yes,564,37,3,,0,149,CV SURG,1,0,1,25,4,25,5,17,2,1,0,0,0,312,158,389,107,702,265,690,0,90,45,32,12,312,37,0,0,0,5,4,802,638,1,12,0,0,2680,,No,100 - 149,Non-Profit Corporation (i,1,0,0,0,0,0,0,0,0,0,0,0,0,0,0,0,1,0,0,0,0,33697,832,7193,13299,8453,3920,0,,,,Rural,ARCATA/EUREKA,106121080,,,,,,
106124004,SEMPERVIRENS P.H.F.,720 WOOD STREET,EUREKA,95501,707-268-2990,Yes,01/01/2013,12/31/2013,Open,01/29/1988,01/29/1988,,NO,2,2,2,6023000600,39,,01 - Northern California,Humboldt,M01016003,Parent Facility,-124.16126,40.78109,Psychiatric Health Facility,City and/or County,Psychiatric,0,0,0,0,0,0,0,0,0,0,0,0,0,0,0,0,0,0,0,0,0,0,0,0,0,0,0,0,0,0,0,0,0,0,0,0,0,0,0,0,0,0,0,0,0,0,0,0,0,16,5840,600,3561,0,0,0,,0,0,0,0,0,0,0,0,0,16,5840,600,3561,0,0,0,0,0,0,0,0,0,0,12,0,12,0,12,0,12,7,0,0,0,0,3,0,2,0,0,12,Yes,,,,,No,0,0,0,0,0,0,0,0,0,0,0,0,0,0,0,0,0,0,No,0,0,0,0,0,0,0,0,0,0,0,0,0,Respondent,0,0,0,0,0,0,0,0,,0,0,0,,0,0,NEITHER,0,0,0,0,0,0,0,0,0,0,0,0,0,0,0,0,0,0,0,0,0,0,0,0,0,0,0,0,0,0,0,0,0,0,0,0,0,0,0,,No,1 - 49,City and/or County,0,0,0,1,0,0,0,0,0,0,0,0,0,0,0,0,1,0,0,0,0,0,0,0,0,0,0,0,,,,Rural,ARCATA/EUREKA,106124004,,,,,,
106130699,EL CENTRO REGIONAL MEDICAL CENTER,1415 ROSS AVENUE,EL CENTRO,92243,760-339-7100,Yes,01/01/2013,12/31/2013,Open,01/21/1967,01/21/1967,Level IV,NO,56,40,51,6025011300,48,,14 - San Diego/Imperial,Imperial,90000004,Parent Facility,-115.49824,32.78138,General Acute Care,City and/or County,General Medical / Surgical,110,40150,4182,17158,19,6935,1303,2674,12,4380,229,584,20,7300,242,724,2778,0,0,0,0,0,0,0,0,0,0,0,0,0,0,0,0,720,0,0,0,0,0,0,0,161,59485,5956,23194,0,0,0,0,0,0,0,0,0,0,0,0,0,0,0,0,0,0,0,0,0,161,59485,5956,23194,0,0,0,0,0,0,19,1157,2543,0,0,0,0,0,0,0,0,0,0,0,0,0,0,0,0,0,0,0,,,,,,No,Basic,Basic,2114,0,4094,0,16550,0,19243,0,5592,0,47593,4332,51925,24,43827,0,No,0,0,0,0,0,0,0,0,0,0,0,0,0,Respondent,883,106513,3153,189746,0,0,7,7,Yes,1158,109,3,,0,537,NEITHER,0,0,0,0,0,0,0,0,0,0,0,0,0,0,0,0,0,0,0,0,0,0,0,0,0,0,0,0,0,0,0,0,0,0,0,0,0,0,0,,No,150 - 199,City and/or County,1,0,0,0,1,0,0,0,1,0,0,0,0,0,1,1,0,0,0,0,51925,0,2114,4094,16550,19243,5592,4332,,,,Rural,EL CENTRO/HEBER/HOLTVILLE/IMPERIAL/SEELEY,106130699,,,,,,
106130760,PIONEERS MEMORIAL HEALTHCARE DISTRICT,207 WEST LEGION ROAD,BRAWLEY,92227,760-351-3333,Yes,01/01/2013,12/31/2013,Open,11/06/1950,11/06/1950,Level IV,NO,56,40,51,6025010600,50,,14 - San Diego/Imperial,Imperial,90000087,Parent Facility,-115.55183,32.96003,General Acute Care,District,General Medical / Surgical,66,24090,3042,10123,14,5110,1911,3366,12,4380,376,914,8,2920,158,461,1695,0,0,0,0,0,0,0,0,0,0,0,0,0,0,0,7,2555,66,0,329,0,0,0,0,107,39055,5553,16427,0,0,0,0,0,0,0,0,0,0,0,0,0,0,0,0,0,0,0,0,0,107,39055,5553,16427,0,0,0,0,0,0,16,1724,2520,0,0,0,0,0,0,0,0,0,0,0,0,0,0,0,0,0,0,0,,,,,,No,Basic,Basic,256,1,2164,1,19535,13,16665,68,775,2399,39395,2482,41877,16,0,236,No,0,0,0,0,0,0,0,0,0,0,0,0,0,Respondent,1655,100360,3372,113282,0,0,6,6,Yes,1770,22,2,,0,586,NEITHER,0,0,0,0,0,0,0,0,0,0,0,0,0,0,0,0,0,0,0,0,0,0,0,0,0,0,0,0,0,0,0,0,0,0,0,0,0,0,0,,No,100 - 149,District,1,0,0,0,1,0,0,0,1,0,0,0,0,0,1,1,0,0,0,0,41877,0,257,2165,19548,16733,3174,0,,,,Rural,BRAWLEY/WESTMORLAND,106130760,,,,,,
106141273,NORTHERN INYO HOSPITAL,150 PIONEER LANE,BISHOP,93514,760-873-5811-2199,Yes,01/01/2013,12/31/2013,Open,05/14/1948,05/14/1948,,NO,26,8,8,6027000400,53,,12 - Inland Counties,Inyo,240000179,Parent Facility,-118.40756,37.36207,General Acute Care,District,General Medical / Surgical,12,4380,504,1527,5,1825,234,433,4,1460,55,103,4,1460,35,67,173,0,0,0,0,0,0,0,0,0,0,0,0,0,0,0,0,0,0,0,0,0,0,0,0,25,9125,828,2236,0,0,0,0,0,0,0,0,0,0,8,8,47,0,0,0,0,0,0,0,0,25,9125,836,2283,0,0,0,0,0,0,6,229,424,5,0,0,0,0,0,0,0,0,0,0,0,0,0,0,0,0,0,0,,,,,,No,Basic,Basic,1857,1,3113,19,1292,59,1055,74,932,80,8249,233,8482,7,0,72,No,0,0,0,0,0,0,0,0,0,0,0,0,0,Respondent,288,34096,939,51078,0,0,3,3,,233,10,1,,0,68,NEITHER,0,0,0,0,0,0,0,0,0,0,0,0,0,0,0,0,0,0,0,0,0,0,0,0,0,0,0,0,0,0,0,0,0,0,0,0,0,0,0,,No,1 - 49,District,1,0,0,0,0,0,0,0,0,0,0,0,0,0,0,0,1,0,0,0,0,8482,1858,3132,1351,1129,1012,0,,,,Rural,BISHOP/BISHOP PAIUTE TRIBE/MUSTANG MESA/ROUND VALLEY/WEST BISHOP/WILKERSON,106141273,,,,,,
106141338,SOUTHERN INYO HOSPITAL,501 EAST LOCUST STREET,LONE PINE,93545,760-876-5501,Yes,01/01/2013,12/31/2013,Open,03/31/1952,03/31/1952,,NO,26,8,8,6027000600,55,,12 - Inland Counties,Inyo,240000205,Parent Facility,-118.05792,36.60867,General Acute Care,District,Long-Term Care (SN/IC),4,1460,59,173,0,0,0,0,0,0,0,0,0,0,0,0,0,0,0,0,0,0,0,0,0,0,0,0,0,0,0,0,0,0,0,0,0,0,0,0,0,4,1460,59,173,0,0,0,0,0,0,0,0,33,12045,79,,10342,0,0,0,0,0,0,0,0,37,13505,138,10515,0,0,0,0,0,0,0,0,0,0,0,0,0,0,0,0,0,0,0,0,0,0,0,0,0,0,0,0,,,,,,No,Standby,Standby,25,0,205,0,337,2,191,1,132,32,890,35,925,2,0,2,No,0,0,0,0,0,0,0,0,0,0,0,0,0,Respondent,0,0,0,0,0,0,0,0,,0,0,0,,0,0,NEITHER,0,0,0,0,0,0,0,0,0,0,0,0,0,0,0,0,0,0,0,0,0,0,0,0,0,0,0,0,0,0,0,0,0,0,0,0,0,0,0,,No,1 - 49,District,0,0,1,0,0,0,0,0,0,0,0,0,0,0,0,0,1,0,0,0,0,925,25,205,339,192,164,0,,,,Frontier,ALABAMA HILLS/CARTAGO/DARWIN/KEELER/LONE PINE/LONE PINE PAIUTE SHOSHONE TRIBE/OLANCHA/PEARSONVILLE,106141338,,,,,,
106150706,DELANO REGIONAL MEDICAL CENTER,1401 GARCES HIGHWAY,DELANO,93215,661-721-5600,Yes,01/01/2013,12/31/2013,Open,01/01/1974,01/01/1974,,NO,32,14,21,6029005000,60,,09 - Central,Kern,120000180,Parent Facility,-119.23706,35.76143,General Acute Care,Non-Profit Corporation (incl. Church-related),General Medical / Surgical,79,29723,2320,9509,16,5840,820,1816,0,0,0,0,10,3650,86,281,1094,0,0,0,0,0,0,0,0,0,0,0,0,0,0,0,0,0,0,0,0,0,0,0,0,105,39213,3226,12419,0,0,0,0,0,0,0,0,51,18105,37,1,16960,0,0,0,0,0,0,0,0,156,57318,3263,29379,0,0,0,0,0,0,20,821,1993,0,0,0,0,0,0,0,0,0,0,0,0,0,0,0,0,0,0,0,,,,,,No,Basic,Basic,75,0,2415,0,11153,1,8337,190,4132,1983,26112,2174,28286,10,75,357,No,0,0,0,0,0,0,0,0,0,0,0,0,0,Respondent,1257,118614,2361,142447,0,0,4,4,Yes,820,50,10,,0,287,NEITHER,0,0,0,0,0,0,0,0,0,0,0,0,0,0,0,0,0,0,0,0,0,0,0,0,0,0,0,0,0,0,0,0,0,0,0,0,0,0,0,,No,150 - 199,Non-Profit Corporation (i,1,0,0,0,0,0,0,0,0,0,0,0,0,0,0,0,1,0,0,0,0,28286,75,2415,11154,8527,6115,0,,,,Rural,DELANO/MCFARLAND,106150706,,,,,,
106150722,BAKERSFIELD MEMORIAL HOSPITAL- 34TH STREET,420 - 34TH STREET,BAKERSFIELD,93301,661-327-4647,Yes,01/01/2013,12/31/2013,Open,09/27/1956,09/27/1956,,NO,34,16,23,6029000600,66a,,09 - Central,Kern,120000181,Parent Facility,-119.00737,35.39056,General Acute Care,Non-Profit Corporation (incl. Church-related),General Medical / Surgical,277,101105,9667,39281,30,10950,3386,6742,40,14600,1487,3749,32,11680,565,1554,6130,16,5840,0,0,0,0,0,0,0,0,0,0,0,0,0,31,11315,416,19,8108,0,0,0,0,426,155490,15521,64010,0,0,0,0,0,0,0,0,0,0,0,0,0,0,0,0,0,0,0,0,0,426,155490,15521,64010,0,0,0,0,0,0,10,3349,4762,0,0,0,0,0,0,0,0,0,0,0,0,0,0,0,0,0,0,0,,,,,,No,Basic,Basic,1101,1,18746,55,27456,151,12265,6594,988,2079,60556,8880,69436,36,0,1463,Yes,19,8,28,0,0,0,0,0,0,0,0,0,55,Respondent,4760,513270,4273,373306,0,0,13,13,,2477,48,26,Yes,1559,918,CV SURG,2,0,0,218,14,218,14,232,4,0,0,0,0,687,1121,1699,168,2386,1289,367,0,701,0,0,0,1001,200,234,33,0,1170,0,869,899,0,0,0,801,6275,Yes,No,300 - 499,Non-Profit Corporation (i,1,0,0,0,0,0,0,0,0,0,0,0,0,0,0,0,1,0,0,0,0,69436,1102,18801,27607,18859,3067,0,1,,1,Urban,BAKERSFIELD NORTHEAST/OILDALE,106150722,,,,,,
106150736,KERN MEDICAL CENTER,1700 MOUNT VERNON AVENUE,BAKERSFIELD,93306,661-326-2102,Yes,01/01/2013,12/31/2013,Open,07/01/1953,07/01/1953,Level II,YES,32,14,23,6029000905,66a,,09 - Central,Kern,120000182,Parent Facility,-118.967222,35.380833,General Acute Care,City and/or County,General Medical / Surgical,80,29200,4660,23892,41,14965,3370,6939,24,8760,538,1419,24,8760,119,582,2886,0,0,0,0,0,0,0,0,0,0,0,0,0,0,0,28,10220,462,93,8664,0,0,0,0,197,71905,9149,43800,0,0,0,0,25,9125,720,5731,0,0,0,,0,0,0,0,0,0,0,0,0,222,81030,9869,49531,0,0,0,0,0,0,0,2695,4299,0,18,0,18,0,18,0,18,5,1,0,0,2,1,0,6,0,3,18,Yes,,,,,No,Basic,Basic,6715,16,7515,7,13765,35,9319,171,6272,3702,43586,3931,47517,32,0,1387,Yes,2,5,4,0,0,0,0,0,0,0,0,0,11,Respondent,2581,328266,3090,269063,0,0,8,8,,3178,341,39,,0,956,CV SURG,0,0,0,0,0,0,0,0,1,0,0,0,0,17,0,0,0,17,0,17,0,0,0,0,0,0,0,0,0,0,0,0,0,0,0,0,0,0,17,,No,200 - 299,City and/or County,1,0,0,0,1,0,1,0,0,0,0,0,0,0,1,1,0,0,47517,0,0,0,6731,7522,13800,9490,9974,0,,,1,Urban,BAKERSFIELD NORTHEAST/OILDALE,106150736,,,,,,
106150737,KERN VALLEY HEALTHCARE DISTRICT,6412 LAUREL AVENUE,LAKE ISABELLA,93240,760-379-2681,Yes,01/01/2013,12/31/2013,Open,06/17/1968,06/17/1968,,NO,26,16,23,6029005202,63,,09 - Central,Kern,120000183,Parent Facility,-118.40509,35.63486,General Acute Care,District,Long-Term Care (SN/IC),24,8760,800,2856,0,0,0,0,0,0,0,0,3,1095,15,4,20,0,0,0,0,0,0,0,0,0,0,0,0,0,0,0,0,0,0,0,0,0,0,0,0,27,9855,815,2876,0,0,0,0,0,0,0,0,74,27010,94,0,19797,0,0,0,0,0,0,0,0,101,36865,909,22673,0,0,0,0,0,0,0,0,0,12,0,0,0,0,0,0,0,0,0,0,0,0,0,0,0,0,0,0,,,,,,No,Standby,Standby,406,0,986,0,2349,2,1077,616,1056,80,5874,698,6572,8,0,301,No,0,0,0,0,0,0,0,0,0,0,0,0,0,Respondent,16,1660,39,2340,0,0,2,2,Yes,4,1,0,,0,0,NEITHER,0,0,0,0,0,0,0,0,0,0,0,0,0,0,0,0,0,0,0,0,0,0,0,0,0,0,0,0,0,0,0,0,0,0,0,0,0,0,0,,No,100 - 149,District,0,0,1,0,0,0,0,0,0,0,0,0,0,0,0,0,1,0,0,0,0,6572,406,986,2351,1693,1136,0,,,,Frontier,ALTA SIERRA/BODFISH/GLENNVILLE/KERNVILLE/LAKE ISABELLA/WELDON/WOFFORD HEIGHTS,106150737,,,,,,
106150761,MERCY HOSPITAL - BAKERSFIELD,2215 TRUXTUN AVENUE,BAKERSFIELD,93301,661-632-5000,Yes,01/01/2013,12/31/2013,Open,01/01/1947,01/01/1947,,NO,21,12,16,6029001700,66d,,09 - Central,Kern,120000184,Parent Facility,-119.02715,35.37323,General Acute Care,Non-Profit Corporation (incl. Church-related),General Medical / Surgical,124,45260,5050,21337,0,0,0,0,0,0,0,0,20,7300,246,1089,3436,0,0,0,0,0,0,0,0,0,0,0,0,0,0,0,0,0,0,0,0,0,0,0,0,144,52560,5296,24773,0,0,0,0,0,0,0,0,0,0,0,,0,0,0,0,0,0,0,0,0,144,52560,5296,24773,0,0,0,0,0,0,0,0,0,0,0,0,0,0,0,0,0,0,0,0,0,0,0,0,0,0,0,0,,,,,,No,Basic,Basic,632,1,4566,8,11828,59,6334,2673,1130,1845,24490,4586,29076,16,0,825,Yes,6,4,1,0,0,0,0,0,0,0,0,0,11,Respondent,1591,205689,1883,161768,0,0,9,9,Yes,0,0,0,,0,0,NEITHER,0,0,0,0,0,0,0,0,0,0,0,0,0,0,0,0,0,0,0,0,0,0,0,0,0,0,0,0,0,0,0,0,0,0,0,0,0,0,0,,No,100 - 149,Non-Profit Corporation (i,1,0,0,0,0,0,0,0,0,0,0,0,0,0,0,0,1,0,0,0,0,29076,633,4574,11887,9007,2975,0,,,1,Urban,BAKERSFIELD NORTHWEST/ROSEDALE,106150761,,,,,,
106150775,GOOD SAMARITAN HOSPITAL-BAKERSFIELD,901 OLIVE DRIVE,BAKERSFIELD,93308,661-215-7500,Yes,01/01/2013,12/31/2013,Open,05/10/1960,05/10/1960,,NO,34,16,23,6029000200,66a,,09 - Central,Kern,120000146,Parent Facility,-119.03913,35.41216,General Acute Care,Investor - Partnership,Psychiatric,39,14235,705,3579,0,0,0,0,0,0,0,0,4,1460,1,2,12,0,0,0,0,0,0,0,0,0,0,0,0,0,0,0,0,0,0,0,0,0,0,0,0,43,15695,706,3591,12,4380,214,643,99,36135,2490,11517,0,0,0,0,0,0,0,0,0,0,0,0,0,154,56210,3410,15751,0,0,0,0,0,0,0,0,0,0,27,0,27,2,24,1,27,14,3,7,0,0,3,0,0,0,0,27,,,,,,No,0,0,0,0,0,0,0,0,0,0,0,0,0,0,0,0,0,0,No,0,0,0,0,0,0,0,0,0,0,0,0,0,Respondent,120,10243,35,2836,0,0,2,2,,0,0,0,,0,0,NEITHER,0,0,0,0,0,0,0,0,0,0,0,0,0,0,0,0,0,0,0,0,0,0,0,0,0,0,0,0,0,0,0,0,0,0,0,0,0,0,0,,No,150 - 199,Investor,0,0,0,1,0,0,0,0,0,0,0,0,0,0,0,0,1,0,0,0,0,0,0,0,0,0,0,0,,,,Urban,BAKERSFIELD NORTHEAST/OILDALE,106150775,,,,,,
106150782,RIDGECREST REGIONAL HOSPITAL,1081 NORTH CHINA LAKE BLVD.,RIDGECREST,93555,760-446-3551,Yes,01/01/2013,12/31/2013,Open,09/30/1946,09/30/1946,,NO,34,16,23,6029005401,64,,09 - Central,Kern,120000186,Parent Facility,-117.66996,35.6404,General Acute Care,Non-Profit Corporation (incl. Church-related),General Medical / Surgical,41,14965,1203,5242,8,2920,476,967,7,2555,86,226,16,5840,92,187,437,0,0,0,0,0,0,0,0,0,0,0,0,0,0,0,0,0,0,0,0,0,0,0,0,72,26280,1857,6872,0,0,0,0,0,0,0,0,26,9490,238,,4997,0,0,0,0,0,0,0,0,98,35770,2095,11869,0,0,0,0,0,0,0,416,903,0,0,0,0,0,0,0,0,0,0,0,0,0,0,0,0,0,0,0,,Yes,,YES,,Yes,Basic,Basic,250,0,6062,10,7059,475,3188,755,119,46,16678,1286,17964,10,13856,374,No,0,0,0,0,0,0,0,0,0,0,0,0,0,Respondent,522,108690,1360,108320,0,0,4,4,Yes,446,3,0,,0,163,NEITHER,0,0,0,0,0,0,0,0,0,0,0,0,0,0,0,0,0,0,0,0,0,0,0,0,0,0,0,0,0,0,0,0,0,0,0,0,0,0,0,,No,50 - 99,Non-Profit Corporation (i,1,0,0,0,0,0,0,0,0,0,0,0,0,0,0,0,1,0,0,0,0,17964,250,6072,7534,3943,165,0,,,,Rural,INYOKERN/RIDGECREST,106150782,,,,,,
106150788,SAN JOAQUIN COMMUNITY HOSPITAL,2615 CHESTER AVENUE,BAKERSFIELD,93301,661-395-3000-6888,Yes,01/01/2013,12/31/2013,Open,05/01/1973,05/01/1973,,NO,34,16,23,6029001600,66a,,09 - Central,Kern,120000187,Parent Facility,-119.018775,35.383064,General Acute Care,Non-Profit Corporation (incl. Church-related),General Medical / Surgical,188,68620,13820,54091,23,8395,3148,5823,0,0,0,0,30,10950,532,1805,8762,0,0,0,0,0,0,0,0,0,0,4,1460,121,0,1084,9,3285,388,0,3259,0,0,0,0,254,92710,18009,73019,0,0,0,0,0,0,0,0,0,0,0,0,0,0,0,0,0,0,0,0,0,254,92710,18009,73019,0,0,0,0,0,0,23,2753,3818,0,0,0,0,0,0,0,0,0,0,0,0,0,0,0,0,0,0,0,,,,,,No,Basic,Basic,635,1,11995,8,19772,79,19186,1370,8329,10221,59917,11679,71596,22,0,384,Yes,15,12,13,0,0,0,0,0,0,0,0,0,40,Respondent,4411,489372,4679,347096,0,0,8,8,Yes,3080,180,41,,0,711,CV SURG,1,0,0,90,14,90,14,85,3,0,0,0,0,801,221,568,359,1369,580,1369,0,125,0,168,0,350,29,4,3,0,58,30,89,95,1,33,0,850,3204,,No,200 - 299,Non-Profit Corporation (i,1,0,0,0,0,0,0,0,0,0,0,0,0,0,0,0,1,0,0,0,0,71596,636,12003,19851,20556,18550,0,,,1,Urban,BAKERSFIELD NORTHEAST/OILDALE,106150788,,,,,,
106150808,TEHACHAPI HOSPITAL,115 WEST E STREET,TEHACHAPI,93561,661-823-3000,Yes,01/01/2013,12/31/2013,Open,03/28/1946,03/28/1946,,NO,34,16,23,6029006100,62,,09 - Central,Kern,120000188,Parent Facility,-118.4482,35.13004,General Acute Care,District,General Medical / Surgical,28,10220,89,260,0,0,0,0,0,0,0,0,0,0,0,0,0,0,0,0,0,0,0,0,0,0,0,0,0,0,0,0,0,0,0,0,0,0,0,0,0,28,10220,89,260,0,0,0,0,0,0,0,0,0,0,27,,3097,0,0,0,0,0,0,0,0,28,10220,116,3357,0,0,0,0,0,0,0,0,0,19,0,0,0,0,0,0,0,0,0,0,0,0,0,0,0,0,0,0,,,,,,No,Standby,Standby,540,0,4503,0,2875,0,3111,0,959,0,11988,89,12077,10,0,506,No,0,0,0,0,0,0,0,0,0,0,0,0,0,Respondent,0,0,0,0,0,0,0,0,,0,0,0,,0,0,NEITHER,0,0,0,0,0,0,0,0,0,0,0,0,0,0,0,0,0,0,0,0,0,0,0,0,0,0,0,0,0,0,0,0,0,0,0,0,0,0,0,,No,1 - 49,District,0,0,1,0,0,0,0,0,0,0,0,0,0,0,0,0,1,0,0,0,0,12077,540,4503,2875,3111,959,89,,,,Rural,BEAR VALLEY SPRINGS/KEENE/STALLION SPRINGS/TEHACHAPI,106150808,,,,,,
106154022,HEALTHSOUTH BAKERSFIELD REHABILITATION HOSPITAL,5001 COMMERCE DRIVE,BAKERSFIELD,93309,661-323-5500,Yes,01/01/2013,12/31/2013,Open,05/01/1990,05/01/1990,,NO,34,16,23,6029001802,66d,,09 - Central,Kern,120000248,Parent Facility,-119.05725,35.36819,General Acute Care,Investor - Limited Liability Company,Physical Rehabilitation,0,0,0,0,0,0,0,0,0,0,0,0,0,0,0,0,0,0,0,0,0,0,0,0,0,0,0,0,0,0,0,0,0,0,0,0,0,66,24090,1794,20833,66,24090,1794,20833,0,0,0,0,0,0,0,0,0,0,0,,0,0,0,0,0,0,0,0,0,66,24090,1794,20833,0,0,0,0,0,0,0,0,0,0,0,0,0,0,0,0,0,0,0,0,0,0,0,0,0,0,0,0,,,,,,No,0,0,0,0,0,0,0,0,0,0,0,0,0,0,0,0,0,0,No,0,0,0,0,0,0,0,0,0,0,0,0,0,Respondent,0,0,0,0,0,0,0,0,,0,0,0,,0,0,NEITHER,0,0,0,0,0,0,0,0,0,0,0,0,0,0,0,0,0,0,0,0,0,0,0,0,0,0,0,0,0,0,0,0,0,0,0,0,0,0,0,,No,50 - 99,Investor,0,0,0,1,0,0,0,0,0,0,0,0,0,0,0,0,1,0,0,0,0,0,0,0,0,0,0,0,,,,Urban,BAKERSFIELD NORTHWEST/ROSEDALE,106154022,,,,,,
106154101,BAKERSFIELD HEART HOSPITAL,3001 SILLECT AVENUE,BAKERSFIELD,93308,661-316-6000,Yes,01/01/2013,12/31/2013,Open,09/10/1999,09/10/1999,,NO,34,16,23,6029000507,66d,,09 - Central,Kern,120000526,Parent Facility,-119.04314,35.38619,General Acute Care,Investor - Corporation,General Medical / Surgical,37,13505,3242,13003,0,0,0,0,0,0,0,0,0,0,0,0,0,10,3650,76,523,2916,0,0,0,0,0,0,0,0,0,0,0,0,0,0,0,0,0,0,0,47,17155,3318,15919,0,0,0,0,0,0,0,0,0,0,0,0,0,0,0,0,0,0,0,0,0,47,17155,3318,15919,0,0,0,0,0,0,0,0,0,0,0,0,0,0,0,0,0,0,0,0,0,0,0,0,0,0,0,0,,,,,,No,Basic,Basic,920,0,740,0,1918,54,2328,1763,2481,2298,8387,4115,12502,9,0,327,Yes,68,26,16,0,0,0,0,0,0,0,0,0,110,Respondent,49,4924,997,90544,0,0,3,3,,0,0,0,,0,0,CV SURG,3,0,0,125,0,125,0,85,4,0,0,0,0,483,886,502,898,985,1784,985,0,122,58,77,15,749,160,24,19,1,12,17,300,160,17,34,6,139,2895,,No,1 - 49,Investor,1,0,0,0,0,0,0,0,0,0,0,0,0,0,0,0,1,0,0,0,0,12502,920,740,1972,4091,4779,0,,,1,Urban,BAKERSFIELD NORTHWEST/ROSEDALE,106154101,,,,,,
106154108,MERCY SOUTHWEST HOSPITAL,400 OLD RIVER RD,BAKERSFIELD,93311,661-663-5000,Yes,01/01/2013,12/31/2013,Open,07/15/1992,07/15/1992,,NO,49,22,27,6029002806,66d,,09 - Central,Kern,120000184,Consolidated Facility,-119.11528,35.35496,General Acute Care,Non-Profit Corporation (incl. Church-related),General Medical / Surgical,43,15695,4560,12696,18,6570,1619,4254,0,0,0,0,8,2920,262,700,2067,0,0,0,0,0,0,0,0,0,0,0,0,0,0,0,9,3285,76,302,2199,0,0,0,0,78,28470,6517,21216,0,0,0,0,0,0,0,0,0,0,0,,0,0,0,0,0,0,0,0,0,78,28470,6517,21216,0,0,0,0,0,0,10,6,30,0,0,0,0,0,0,0,0,0,0,0,0,0,0,0,0,0,0,0,,,,,,No,Basic,Basic,712,0,8148,6,18469,71,8309,2358,1149,1954,36787,4389,41176,19,0,1344,Yes,23,2,6,0,0,0,0,0,0,0,0,0,31,Respondent,1490,158955,2331,151466,0,0,6,6,Yes,2463,128,48,Yes,1720,743,NEITHER,0,0,0,0,0,0,0,0,0,0,0,0,0,0,0,0,0,0,0,0,0,0,0,0,0,0,0,0,0,0,0,0,0,0,0,0,0,0,0,,No,50 - 99,Non-Profit Corporation (i,1,0,0,0,0,0,0,0,0,0,0,0,0,0,0,0,1,0,0,0,0,41176,712,8154,18540,10667,3103,0,1,,1,Urban,BAKERSFIELD NORTHWEST/ROSEDALE,106154108,,,,,,
106154160,CRESTWOOD PSYCHIATRIC HEALTH FACILITY 2,"6700 EUCALYPTUS DRIVE, STE C",BAKERSFIELD,93306,661-363-8127-11581,Yes,01/01/2013,12/31/2013,Open,11/15/2010,11/15/2010,,NO,32,16,23,6029001101,66b,,09 - Central,Kern,M02016045,Parent Facility,-118.929706,35.3657603,Psychiatric Health Facility,Investor - Corporation,Psychiatric,0,0,0,0,0,0,0,0,0,0,0,0,0,0,0,0,0,0,0,0,0,0,0,0,0,0,0,0,0,0,0,0,0,0,0,0,0,0,0,0,0,0,0,0,0,0,0,0,0,16,5840,507,769,0,0,0,0,0,0,0,0,0,0,0,0,0,16,5840,507,769,0,0,0,0,0,0,0,0,0,0,10,0,10,0,10,0,10,0,0,0,0,10,0,0,0,0,0,10,Yes,,,,,No,0,0,0,0,0,0,0,0,0,0,0,0,0,0,0,0,0,0,No,0,0,0,0,0,0,0,0,0,0,0,0,0,Respondent,0,0,0,0,0,0,0,0,,0,0,0,,0,0,NEITHER,0,0,0,0,0,0,0,0,0,0,0,0,0,0,0,0,0,0,0,0,0,0,0,0,0,0,0,0,0,0,0,0,0,0,0,0,0,0,0,,No,1 - 49,Investor,0,0,0,1,0,0,0,0,0,0,0,0,0,0,0,0,1,0,0,0,0,0,0,0,0,0,0,0,,,,Urban,BAKERSFIELD EAST/LAKEVIEW/LA LOMA,106154160,,,,,,
106160702,CORCORAN DISTRICT HOSPITAL,,,,,,,,,,,,No,32,14,21,,,,,Kings,,,,,,,,,,,,,,,,,,,,,,,,,,,,,,,,,,,,,,,,,,,,,,,,,,,,,,,,,,,,,,,,,,,,,,,,,,,,,,,,,,,,,,,,,,,,,,,,,,,,,,,,,,,,,,,,Standby,Standby,0,0,0,0,0,0,0,0,0,0,,,,,,,,,,,,,,,,,,,,,Non-Respondent,,,,,,,,,,,,,,,,NEITHER,,,,,,,,,,,,,,,,,,,,,,,,,,,,,,,,,,,,,,,,,No,,,0,0,1,0,0,0,0,0,0,0,0,0,0,0,0,0,1,0,0,0,0,0,0,0,0,0,0,0,,,,Rural,CORCORAN/KETTLEMAN CITY/STRATFORD,106160702,,,,,,
106160787,CENTRAL VALLEY GENERAL HOSPITAL,,,,,,,,,,,,No,32,14,21,,,,,Kings,,,,,,,,,,,,,,,,,,,,,,,,,,,,,,,,,,,,,,,,,,,,,,,,,,,,,,,,,,,,,,,,,,,,,,,,,,,,,,,,,,,,,,,,,,,,,,,,,,,,,,,,,,,,,,,,0,0,0,0,0,0,0,0,0,0,0,0,,,,,,,,,,,,,,,,,,,,,Non-Respondent,,,,,,,,,,,,,,,,NEITHER,,,,,,,,,,,,,,,,,,,,,,,,,,,,,,,,,,,,,,,,,No,,,0,0,0,1,0,0,0,0,0,0,0,0,0,0,0,0,1,0,0,0,0,0,0,0,0,0,0,0,,,,Rural,ARMONA/HANFORD/LEMOORE,106160787,,,,,,
106164029,ADVENTIST MEDICAL CENTER,115 MALL DRIVE,HANFORD,93230,559-582-9000,Yes,01/01/2013,12/31/2013,Open,12/05/2010,12/05/2010,,NO,32,14,21,6031001002,69,,09 - Central,Kings,550001439,Parent Facility,-119.6683912,36.3256247,General Acute Care,Non-Profit Corporation (incl. Church-related),General Medical / Surgical,120,43800,6675,35368,0,0,0,0,0,0,0,0,22,8030,341,0,5328,0,0,0,0,0,0,0,0,0,0,0,0,0,0,0,0,0,0,0,0,0,0,0,0,142,51830,7016,40696,0,0,0,0,0,0,0,0,0,0,0,,0,0,0,0,0,0,0,0,0,142,51830,7016,40696,0,0,0,0,0,0,0,0,0,0,0,0,0,0,0,0,0,0,0,0,0,0,0,0,0,0,0,0,,,,,,No,Basic,Basic,4702,2,26189,65,25093,4880,1148,657,173,79,57305,5683,62988,26,0,298,No,0,0,0,0,0,0,0,0,0,0,0,0,0,Respondent,2005,166180,3812,190913,0,4,6,10,Yes,0,0,0,,0,0,CATH LAB,0,0,0,0,0,0,0,0,1,0,0,0,0,192,31,588,58,780,89,780,0,44,24,15,6,0,0,0,0,0,0,0,661,56,0,0,0,52,1638,,No,100 - 149,Non-Profit Corporation (i,1,0,0,0,0,0,0,0,0,0,0,0,0,0,0,0,1,0,0,0,0,62988,4704,26254,29973,1805,252,0,,,,Rural,ARMONA/HANFORD/LEMOORE,106164029,,,,,,
106171049,ST. HELENA HOSPITAL - CLEARLAKE,15630 18TH AVE - HWY 53,CLEARLAKE,95422,707-994-6486,Yes,01/01/2013,12/31/2013,Open,04/18/1968,04/18/1968,,NO,4,2,3,6033000700,71.1,,01 - Northern California,Lake,110000174,Parent Facility,-122.6201,38.93556,General Acute Care,Non-Profit Corporation (incl. Church-related),General Medical / Surgical,24,8760,987,3600,4,1460,187,428,0,0,0,0,4,1460,223,184,1187,0,0,0,0,0,0,0,0,0,0,0,0,0,0,0,0,0,0,0,0,0,0,0,0,32,11680,1397,5215,0,0,0,0,0,0,0,0,0,0,0,,0,0,0,0,0,0,0,0,0,32,11680,1397,5215,0,0,0,0,0,0,4,170,362,25,0,0,0,0,0,0,0,0,0,0,0,0,0,0,0,0,0,0,,,,,,No,Standby,Standby,202,0,1652,0,6257,0,4395,0,3833,0,16339,1956,18295,8,0,885,No,0,0,0,0,0,0,0,0,0,0,0,0,0,Respondent,266,13475,1558,33520,0,0,2,2,Yes,171,6,0,,0,48,NEITHER,0,0,0,0,0,0,0,0,0,0,0,0,0,0,0,0,0,0,0,0,0,0,0,0,0,0,0,0,0,0,0,0,0,0,0,0,0,0,0,,No,1 - 49,Non-Profit Corporation (i,0,0,1,0,0,0,0,0,0,0,0,0,0,0,0,0,1,0,0,0,0,18295,202,1652,6257,4395,3833,1956,,,,Rural,CLEARLAKE/CLEARLAKE OAKS,106171049,,,,,,
106171395,SUTTER LAKESIDE HOSPITAL,5176 HILL ROAD EAST,LAKEPORT,95453,707-262-5000,Yes,01/01/2013,12/31/2013,Open,04/28/1978,04/28/1978,Level IV,NO,4,2,3,6033000300,70.1,,01 - Northern California,Lake,110000094,Parent Facility,-122.91003,39.10232,General Acute Care,Non-Profit Corporation (incl. Church-related),General Medical / Surgical,23,8395,1545,5259,3,1095,334,678,0,0,0,0,4,1460,157,249,848,0,0,0,0,0,0,0,0,0,0,0,0,0,0,0,0,0,0,0,0,0,0,0,0,30,10950,2036,6785,0,0,0,0,0,0,0,0,0,0,0,,0,0,0,0,0,0,0,0,0,30,10950,2036,6785,0,0,0,0,0,0,6,339,583,12,0,0,0,0,0,0,0,0,0,0,0,0,0,0,0,0,0,0,,,,,,No,Basic,Basic,222,0,4784,1,5212,5,3803,103,2995,483,17016,592,17608,12,0,420,No,0,0,0,0,0,0,0,0,0,0,0,0,0,Respondent,479,55096,2412,121967,0,0,4,4,Yes,335,31,1,,0,111,NEITHER,0,0,0,0,0,0,0,0,0,0,0,0,0,0,0,0,0,0,0,0,0,0,0,0,0,0,0,0,0,0,0,0,0,0,0,0,0,0,0,,No,1 - 49,Non-Profit Corporation (i,1,0,0,0,1,0,0,0,1,0,0,0,0,0,1,1,0,0,0,0,17608,0,222,4785,5217,3906,3478,0,,,,Rural,KELSEYVILLE/LAKEPORT,106171395,,,,,,
106184008,BANNER LASSEN MEDICAL CENTER,1800 SPRING RIDGE DRIVE,SUSANVILLE,96130,530-252-2000,Yes,01/01/2013,12/31/2013,Open,04/23/2003,04/23/2003,,NO,1,1,1,6035040301,72,,01 - Northern California,Lassen,230000020,Parent Facility,-120.64609,40.42306,General Acute Care,Non-Profit Corporation (incl. Church-related),General Medical / Surgical,34,12410,1177,3917,4,1460,290,653,0,0,0,0,0,0,0,0,0,0,0,0,0,0,0,0,0,0,0,0,0,0,0,0,0,0,0,0,0,0,0,0,0,38,13870,1467,4570,0,0,0,0,0,0,0,0,0,0,0,,0,0,0,0,0,0,0,0,0,38,13870,1467,4570,0,0,0,0,0,0,6,263,512,10,0,0,0,0,0,0,0,0,0,0,0,0,0,0,0,0,0,0,,,,,,No,Basic,Basic,115,1,1614,0,4795,14,2719,711,459,76,9702,802,10504,8,3834,141,No,0,0,0,0,0,0,0,0,0,0,0,0,0,Respondent,265,19444,656,38320,0,0,3,3,,266,18,1,,0,83,NEITHER,0,0,0,0,0,0,0,0,0,0,0,0,0,0,0,0,0,0,0,0,0,0,0,0,0,0,0,0,0,0,0,0,0,0,0,0,0,0,0,,No,1 - 49,Non-Profit Corporation (i,1,0,0,0,0,0,0,0,0,0,0,0,0,0,0,0,1,0,0,0,0,10504,116,1614,4809,3430,535,0,,,,Rural,SUSANVILLE,106184008,,,,,,
106190017,ALHAMBRA HOSPITAL,100 SOUTH RAYMOND AVENUE,ALHAMBRA,91801,626-570-1606-3200,Yes,01/01/2013,12/31/2013,Open,01/01/1946,01/01/1946,,NO,49,22,27,6037480901,78.2eeee,San Gabriel Valley,11 - Los Angeles,Los Angeles,930000005,Parent Facility,-118.1449,34.08988,General Acute Care,Investor - Partnership,General Medical / Surgical,88,32120,3671,12957,0,0,0,0,0,0,0,0,6,2190,47,478,1551,7,2555,172,393,909,0,0,0,0,0,0,0,0,0,0,0,0,0,0,0,17,6205,263,4016,118,43070,4153,19433,0,0,0,0,0,0,0,0,26,9490,21,,9379,0,0,0,0,0,0,0,0,144,52560,4174,28812,0,0,0,0,0,0,0,0,0,0,0,0,0,0,0,0,0,0,0,0,0,0,0,0,0,0,0,0,,,,,,No,Basic,Basic,359,0,1871,10,6024,110,2712,521,3175,2613,14141,3254,17395,8,144,154,Yes,71,40,9,7,5,5,4,13,24,14,16,18,226,Respondent,677,45704,1332,48200,0,0,5,5,Yes,0,0,0,,0,0,NEITHER,0,0,0,0,0,0,0,0,0,0,0,0,0,0,0,0,0,0,0,0,0,0,0,0,0,0,0,0,0,0,0,0,0,0,0,0,0,0,0,,No,100 - 149,Investor,1,0,0,0,0,0,0,0,0,0,0,0,0,0,0,0,1,0,0,0,0,17395,359,1881,6134,3233,5788,0,,,1,Urban,ALHAMBRA/EL SERENO SOUTH/SAN GABRIEL CENTRAL,106190017,,,,,,
106190020,BHC ALHAMBRA HOSPITAL,4619 ROSEMEAD BOULEVARD,ROSEMEAD,91770,626-286-1191-247,Yes,01/01/2013,12/31/2013,Open,01/01/1946,01/01/1946,,NO,49,22,27,6037432202,78.2qqq,San Gabriel Valley,11 - Los Angeles,Los Angeles,930000006,Parent Facility,-118.07352,34.08926,Acute Psychiatric,Non-Profit Corporation (incl. Church-related),Psychiatric,0,0,0,0,0,0,0,0,0,0,0,0,0,0,0,0,0,0,0,0,0,0,0,0,0,0,0,0,0,0,0,0,0,0,0,0,0,0,0,0,0,0,0,0,0,0,0,0,0,97,35405,5143,30403,0,0,0,,0,0,0,0,0,0,0,0,0,97,35405,5143,30403,0,0,0,0,0,0,0,0,0,0,70,0,70,25,40,5,70,10,0,18,0,0,16,22,0,0,4,70,,,,,,No,0,0,0,0,0,0,0,0,0,0,0,0,0,0,0,0,0,0,No,0,0,0,0,0,0,0,0,0,0,0,0,0,Respondent,0,0,0,0,0,0,0,0,,0,0,0,,0,0,NEITHER,0,0,0,0,0,0,0,0,0,0,0,0,0,0,0,0,0,0,0,0,0,0,0,0,0,0,0,0,0,0,0,0,0,0,0,0,0,0,0,,No,50 - 99,Non-Profit Corporation (i,0,0,0,1,0,0,0,0,0,0,0,0,0,0,0,0,1,0,0,0,0,0,0,0,0,0,0,0,,,,Urban,ROSEMEAD/SAN GABRIEL SOUTH/SOUTH EL MONTE WEST/TEMPLE CITY WEST,106190020,,,,,,
106190034,ANTELOPE VALLEY HOSPITAL,1600 WEST AVENUE J,LANCASTER,93534,661-949-5000,Yes,01/01/2013,12/31/2013,Open,09/27/1955,09/27/1955,Level II,NO,36,21,23,6037900703,77.1b,Antelope Valley,11 - Los Angeles,Los Angeles,930000008,Parent Facility,-118.15767,34.68928,General Acute Care,District,General Medical / Surgical,251,91615,11813,42950,48,17520,5733,15025,22,8030,1121,2366,21,7665,759,2357,10210,0,0,0,0,0,0,0,0,0,0,0,0,0,0,0,48,17520,383,8,6439,0,0,0,0,390,142350,19809,76990,0,0,0,0,30,10950,571,2389,0,0,0,0,0,0,0,0,0,0,0,0,0,420,153300,20380,79379,0,0,0,0,0,0,0,5013,9735,0,5,0,5,0,5,0,5,0,0,3,0,0,1,1,0,0,0,5,,,,,,No,Basic,Basic,1218,1,7214,6,44503,36,33009,140,4601,11683,90545,11866,102411,28,1219,0,No,0,0,0,0,0,0,0,0,0,0,0,0,0,Respondent,6917,755240,5305,509543,9,4,0,13,Yes,5525,348,181,,0,2100,CV SURG,1,0,0,22,0,22,0,22,2,0,0,0,0,330,276,186,78,516,354,760,0,11,6,8,6,311,17,10,0,0,20,13,404,290,1,6,0,288,2151,Yes,No,300 - 499,District,1,0,0,0,1,0,1,0,0,0,0,0,0,0,1,1,0,0,102411,0,0,0,1219,7220,44539,33149,16284,0,,,,Urban,DESERT VIEW HIGHLANDS/LANCASTER WEST/PALMDALE NORTHWEST/QUARTZ HILL,106190034,,,,,,
106190045,CATALINA ISLAND MEDICAL CENTER,100 FALLS CANYON ROAD,AVALON,90704,310-510-0700,Yes,01/01/2013,12/31/2013,Open,01/01/1946,01/01/1946,,NO,70,26,47,6037599000,78.1,South Bay,11 - Los Angeles,Los Angeles,930000010,Parent Facility,-118.33369,33.33887,General Acute Care,Non-Profit Corporation (incl. Church-related),General Medical / Surgical,8,2920,10,35,0,0,0,0,0,0,0,0,0,0,0,0,0,0,0,0,0,0,0,0,0,0,0,0,0,0,0,0,0,0,0,0,0,0,0,0,0,8,2920,10,35,0,0,0,0,0,0,0,0,4,1460,11,,2276,0,0,0,0,0,0,0,0,12,4380,21,2311,0,0,0,0,0,0,0,0,0,4,0,0,0,0,0,0,0,0,0,0,0,0,0,0,0,0,0,0,,,,,,No,Standby,Standby,0,0,688,0,841,0,41,9,102,1,1672,10,1682,2,0,4,No,0,0,0,0,0,0,0,0,0,0,0,0,0,Respondent,0,0,0,0,0,0,1,1,,0,0,0,,0,0,NEITHER,0,0,0,0,0,0,0,0,0,0,0,0,0,0,0,0,0,0,0,0,0,0,0,0,0,0,0,0,0,0,0,0,0,0,0,0,0,0,0,,No,1 - 49,Non-Profit Corporation (i,0,0,1,0,0,0,0,0,0,0,0,0,0,0,0,0,1,0,0,0,0,1682,0,688,841,50,103,0,,,,Frontier,AVALON,106190045,,,,,,
106190049,KINDRED HOSPITAL BALDWIN PARK,14148 FRANCISQUITO AVENUE,BALDWIN PARK,91706,626-388-2700,Yes,01/01/2013,12/31/2013,Open,12/23/2003,06/08/1956,,NO,48,22,32,6037406900,78.2yyy,San Gabriel Valley,11 - Los Angeles,Los Angeles,930000390,Parent Facility,-117.96801,34.06398,General Acute Care,Investor - Corporation,General Medical / Surgical,83,30295,897,24376,0,0,0,0,0,0,0,0,8,2920,66,185,2648,0,0,0,0,0,0,0,0,0,0,0,0,0,0,0,0,0,0,0,0,0,0,0,0,91,33215,963,27024,0,0,0,0,4,1460,0,0,0,0,0,0,0,0,0,0,0,0,0,0,0,95,34675,963,27024,0,0,0,0,0,0,0,0,0,0,0,0,0,0,0,0,0,0,0,0,0,0,0,0,0,0,0,0,,,,,,No,0,0,0,0,0,0,0,0,0,0,0,0,0,0,0,0,0,0,No,0,0,0,0,0,0,0,0,0,0,0,0,0,Respondent,256,10869,0,0,3,0,0,3,,0,0,0,,0,0,NEITHER,0,0,0,0,0,0,0,0,0,0,0,0,0,0,0,0,0,0,0,0,0,0,0,0,0,0,0,0,0,0,0,0,0,0,0,0,0,0,0,,No,50 - 99,Investor,0,0,0,1,0,0,0,0,0,0,0,0,0,0,0,0,1,0,0,0,0,0,0,0,0,0,0,0,,,,Urban,BASSETT/INDUSTRY WEST/LA PUENTE,106190049,,,,,,
106190052,BARLOW RESPIRATORY HOSPITAL,2000 STADIUM WAY,LOS ANGELES,90026,213-202-6880,Yes,01/01/2013,12/31/2013,Open,01/01/1946,01/01/1946,,NO,51,24,34,6037197110,78.2ff,Metro,11 - Los Angeles,Los Angeles,930000011,Parent Facility,-118.24744,34.08058,General Acute Care,Non-Profit Corporation (incl. Church-related),General Medical / Surgical,99,36135,699,23424,0,0,0,0,0,0,0,0,0,0,0,0,0,0,0,0,0,0,6,2190,45,159,1262,0,0,0,0,0,0,0,0,0,0,0,0,0,0,105,38325,744,24686,0,0,0,0,0,0,0,0,0,0,0,,0,0,0,0,0,0,0,0,0,105,38325,744,24686,0,0,0,0,0,0,0,0,0,0,0,0,0,0,0,0,0,0,0,0,0,0,0,0,0,0,0,0,,,,,,No,0,0,0,0,0,0,0,0,0,0,0,0,0,0,0,0,0,0,No,0,0,0,0,0,0,0,0,0,0,0,0,0,Respondent,0,0,0,0,0,0,0,0,,0,0,0,,0,0,NEITHER,0,0,0,0,0,0,0,0,0,0,0,0,0,0,0,0,0,0,0,0,0,0,0,0,0,0,0,0,0,0,0,0,0,0,0,0,0,0,0,,No,100 - 149,Non-Profit Corporation (i,0,0,0,1,0,0,0,0,0,0,0,0,0,0,0,0,1,0,0,0,0,0,0,0,0,0,0,0,,,,Urban,GLASSELL PARK/GLENDALE SOUTHEAST/SILVERLAKE NORTH,106190052,,,,,,
106190053,ST. MARY MEDICAL CENTER - LONG BEACH,1050 LINDEN AVENUE,LONG BEACH,90813,562-491-9000,Yes,01/01/2013,12/31/2013,Open,01/01/1946,01/01/1946,Level II,NO,70,33,47,6037576300,78.2kkk,South Bay,11 - Los Angeles,Los Angeles,930000012,Parent Facility,-118.1866412,33.7802376,General Acute Care,Non-Profit Corporation (incl. Church-related),General Medical / Surgical,218,79570,5694,24343,25,9125,2931,8715,28,10220,352,1478,39,14235,370,982,5977,8,2920,0,0,0,0,0,0,0,0,0,0,0,0,0,25,9125,182,62,2729,46,16790,331,4985,389,141985,9860,48227,0,0,0,0,0,0,0,0,0,0,0,,0,0,0,0,0,0,0,0,0,389,141985,9860,48227,0,0,0,0,0,0,25,2699,6209,0,0,0,0,0,0,0,0,0,0,0,0,0,0,0,0,0,0,0,,,,,,No,Basic,Basic,922,57,2479,476,20200,4055,20645,1348,5982,532,50228,6468,56696,26,28189,1216,Yes,232,165,140,124,68,137,110,114,156,101,92,93,1532,Respondent,1304,174120,1116,116116,0,0,9,9,Yes,2616,92,31,,0,878,CV SURG,2,0,0,76,1,76,1,60,2,0,0,0,0,306,179,113,59,419,238,437,0,41,8,13,5,139,11,0,0,0,0,0,0,0,0,14,0,0,668,,No,300 - 499,Non-Profit Corporation (i,1,0,0,0,1,0,1,0,0,0,0,0,0,0,1,1,0,0,56696,0,0,0,979,2955,24255,21993,6514,0,,,1,Urban,BELMONT SHORE/LONG BEACH EAST/LONG BEACH SHORELINE/LOS ALTOS/NAPLES,106190053,,,,,,
106190066,BELLFLOWER MEDICAL CENTER,9542 EAST ARTESIA BOULEVARD,BELLFLOWER,90706,562-925-8355,No,01/01/2013,12/31/2013,Suspense,04/09/2013,11/17/1954,,NO,58,32,38,6037554404,78.2m,East,11 - Los Angeles,Los Angeles,930000015,Parent Facility,-118.13052,33.87466,General Acute Care,Investor - Corporation,,85,31025,0,0,17,6205,0,0,0,0,0,0,5,1825,0,0,0,5,1825,0,0,0,0,0,0,0,0,0,0,0,0,0,0,0,0,0,0,0,0,0,0,112,40880,0,0,0,0,0,0,32,11680,0,0,0,0,0,,0,0,0,0,0,0,0,0,0,144,52560,0,0,0,0,0,0,0,0,0,0,0,0,0,0,0,0,0,0,0,0,0,0,0,0,0,0,0,0,0,0,,,,,,0,Basic,Basic,0,0,0,0,0,0,0,0,0,0,0,0,0,0,0,0,NO,0,0,0,0,0,0,0,0,0,0,0,0,,Respondent,0,0,0,0,0,0,0,0,,0,0,0,,0,0,NEITHER,0,0,0,0,0,0,0,0,0,0,0,0,0,0,0,0,0,0,0,0,0,0,0,0,0,0,0,0,0,0,0,0,0,0,0,0,0,0,0,,No,100 - 149,Investor,1,0,0,0,0,0,0,0,0,0,0,0,0,0,0,0,1,0,0,0,0,0,0,0,0,0,0,0,,,,Urban,BELLFLOWER/PARAMOUNT SOUTH,106190066,,,,,,
106190081,BEVERLY HOSPITAL,309 WEST BEVERLY BOULEVARD,MONTEBELLO,90640,323-726-1222,Yes,01/01/2013,12/31/2013,Open,01/01/1946,01/01/1946,,NO,58,32,38,6037530101,78.2ww,East,11 - Los Angeles,Los Angeles,930000389,Parent Facility,-118.10132,34.01614,General Acute Care,Non-Profit Corporation (incl. Church-related),General Medical / Surgical,156,56940,7647,30778,18,6570,806,1799,15,5475,789,1838,12,4380,58,166,3414,13,4745,45,125,2210,0,0,0,0,0,0,0,0,0,0,10,3650,0,0,0,0,0,0,0,224,81760,9345,40039,0,0,0,0,0,0,0,0,0,0,0,,0,0,0,0,0,0,0,0,0,224,81760,9345,40039,0,0,0,0,0,0,18,757,1501,0,0,0,0,0,0,0,0,0,0,0,0,0,0,0,0,0,0,0,,,,,,No,Basic,Basic,4137,9,922,0,7596,7,12558,81,899,6584,26112,6681,32793,17,0,1676,Yes,143,58,28,16,8,28,32,82,83,35,17,42,572,Respondent,1598,179071,1926,136062,0,0,7,7,,755,47,2,,0,312,CV SURG,1,0,0,40,0,40,0,27,1,0,0,0,0,267,0,89,0,356,0,356,0,0,0,0,0,0,0,0,0,0,0,0,0,0,0,0,0,0,356,,No,200 - 299,Non-Profit Corporation (i,1,0,0,0,0,0,0,0,0,0,0,0,0,0,0,0,1,0,0,0,0,32793,4146,922,7603,12639,7483,0,,,1,Urban,PICO RIVERA/SANTA FE SPRINGS NORTHWEST,106190081,,,,,,
106190110,SOUTHERN CALIFORNIA HOSPITAL AT CULVER CITY,3828 DELMAS TERRACE,CULVER CITY,90231,310-836-7000,Yes,01/01/2013,12/31/2013,Open,01/01/2013,01/01/1946,,NO,54,30,37,6037702400,78.2y,West,11 - Los Angeles,Los Angeles,930000066,Consolidated Facility,-118.39724,34.02328,General Acute Care,Investor - Limited Liability Company,General Medical / Surgical,245,89425,5496,28546,14,5110,0,0,0,0,0,0,10,3650,212,777,2531,10,3650,173,565,2454,0,0,0,0,0,0,0,0,0,0,0,0,0,0,0,32,11680,340,3552,311,113515,6221,37083,18,6570,1008,4447,70,25550,1830,25296,21,7665,315,0,2691,0,0,0,0,0,0,0,0,420,153300,9374,69517,0,0,0,0,0,0,0,0,0,0,70,0,70,0,54,16,70,27,3,37,0,0,0,2,0,0,1,70,,,,,,No,Basic,Basic,3886,24,8551,120,4363,430,1426,2303,909,3552,19135,6429,25564,27,0,1149,Yes,42,8,5,17,25,6,9,12,23,17,6,15,185,Respondent,874,108420,1530,105309,0,0,7,7,,0,0,0,,0,0,CV SURG,1,0,0,0,0,0,0,0,2,0,0,0,0,133,92,94,68,227,160,108,0,0,0,0,0,50,0,0,0,0,0,0,169,112,0,0,0,0,439,,No,300 - 499,Investor,1,0,0,0,0,0,0,0,0,0,0,0,0,0,0,0,1,0,0,0,0,25564,3910,8671,4793,3729,4461,0,,,1,Urban,CULVER CITY NORTH/PALMS,106190110,,,,,,
106190125,CALIFORNIA HOSPITAL MEDICAL CENTER - LOS ANGELES,1401 SOUTH GRAND AVENUE,LOS ANGELES,90015,213-741-2411,Yes,01/01/2013,12/31/2013,Open,01/01/1946,01/01/1946,Level II,NO,53,30,34,6037224010,78.2ffff,Metro,11 - Los Angeles,Los Angeles,930000024,Parent Facility,-118.26551,34.03721,General Acute Care,Non-Profit Corporation (incl. Church-related),General Medical / Surgical,176,64240,9520,32230,37,13505,3530,13174,12,4380,1945,2232,28,10220,770,836,6528,8,2920,42,44,340,0,0,0,0,0,0,0,0,0,0,26,9490,498,0,8016,0,0,0,0,287,104755,16305,62520,0,0,0,0,0,0,0,0,31,11315,363,,4738,0,0,0,0,0,0,0,0,318,116070,16668,67258,0,0,0,0,0,0,22,3670,8956,0,0,0,0,0,0,0,0,0,0,0,0,0,0,0,0,0,0,0,,,,,,No,Basic,Basic,4418,5,10710,2,33003,16,7978,5198,1600,3418,57709,8639,66348,27,1110,1815,Yes,155,85,87,68,50,63,31,81,40,87,46,101,894,Respondent,3003,280204,3441,288073,0,0,7,7,Yes,4183,172,4,,0,0,CV SURG,1,0,0,37,0,37,0,37,2,0,0,0,0,340,83,127,33,467,116,433,0,64,3,17,7,126,26,2,0,0,28,34,40,18,0,14,0,34,846,,No,300 - 499,Non-Profit Corporation (i,1,0,0,0,1,0,1,0,0,0,0,0,0,0,1,1,0,0,66348,0,0,0,4423,10712,33019,13176,5018,0,,,1,Urban,BOYLE HEIGHTS NORTHWEST/CHINATOWN/DOWNTOWN NORTHWEST/LITTLE TOKYO/WESTLAKE,106190125,,,,,,
106190137,CASA COLINA HOSPITAL FOR REHAB MEDICINE,255 EAST BONITA AVENUE,POMONA,91767,909-596-7733-3410,Yes,01/01/2013,12/31/2013,Open,02/28/1961,02/28/1961,,NO,52,20,35,6037401704,78.2ss,San Gabriel Valley,11 - Los Angeles,Los Angeles,930000026,Parent Facility,-117.74561,34.09633,General Acute Care,Non-Profit Corporation (incl. Church-related),Physical Rehabilitation,0,0,0,0,0,0,0,0,0,0,0,0,0,0,0,0,0,0,0,0,0,0,0,0,0,0,0,0,0,0,0,0,0,0,0,0,0,68,24820,1366,21878,68,24820,1366,21878,0,0,0,0,0,0,0,0,0,0,0,0,0,0,0,0,0,0,0,0,0,68,24820,1366,21878,0,0,0,0,0,0,0,0,0,0,0,0,0,0,0,0,0,0,0,0,0,0,0,0,0,0,0,0,,,,,,No,0,0,0,0,0,0,0,0,0,0,0,0,0,0,0,0,0,0,No,0,0,0,0,0,0,0,0,0,0,0,0,0,Respondent,0,0,0,0,0,0,0,0,,0,0,0,,0,0,NEITHER,0,0,0,0,0,0,0,0,0,0,0,0,0,0,0,0,0,0,0,0,0,0,0,0,0,0,0,0,0,0,0,0,0,0,0,0,0,0,0,,No,50 - 99,Non-Profit Corporation (i,0,0,0,1,0,0,0,0,0,0,0,0,0,0,0,0,1,0,0,0,0,0,0,0,0,0,0,0,,,,Urban,POMONA EAST AND SOUTH,106190137,,,,,,
106190148,CENTINELA HOSPITAL MEDICAL CENTER,555 EAST HARDY STREET,INGLEWOOD,90301,310-673-4660,Yes,01/01/2013,12/31/2013,Open,01/01/1946,01/01/1946,,NO,62,35,43,6037601100,78.2q,South Bay,11 - Los Angeles,Los Angeles,930000027,Parent Facility,-118.34788,33.94917,General Acute Care,Investor - Limited Liability Company,General Medical / Surgical,244,89060,16349,55640,29,10585,845,2355,0,0,0,0,19,6935,281,779,4704,12,4380,245,750,3538,0,0,0,0,0,0,0,0,0,0,9,3285,99,0,1765,32,11680,299,3717,345,125925,18118,71719,0,0,0,0,0,0,0,0,24,8760,0,0,0,0,0,0,0,0,0,0,0,369,134685,18118,71719,0,0,0,0,0,0,29,742,1746,0,0,0,0,0,0,0,0,0,0,0,0,0,0,0,0,0,0,0,,,,,,No,Basic,Basic,2253,7,7317,9,13844,108,20252,786,6173,13023,49839,13933,63772,44,0,3129,Yes,0,0,0,0,0,0,1,0,0,0,0,0,1,Respondent,1411,168129,513,45443,0,0,12,12,,833,49,26,,0,283,CV SURG,2,0,0,10,23,10,23,33,3,0,0,0,0,237,234,104,179,341,413,545,0,58,17,48,16,208,21,0,5,0,51,48,251,430,9,8,0,173,1888,Yes,No,300 - 499,Investor,1,0,0,0,0,0,0,0,0,0,0,0,0,0,0,0,1,0,0,0,0,63772,2260,7326,13952,21038,19196,0,,,1,Urban,DEL AIRE/INGLEWOOD WEST/LOS ANGELES INTERNATIONAL AIRPORT,106190148,,,,,,
106190150,KEDREN COMMUNITY MENTAL HEALTH CENTER,4211 SOUTH AVALON BOULEVARD,LOS ANGELES,90011,323-233-0425-268,Yes,01/01/2013,12/31/2013,Open,10/17/1973,10/17/1973,,NO,59,30,40,6037228320,78.2ggg,South,11 - Los Angeles,Los Angeles,930000028,Parent Facility,-118.26535,34.00733,Acute Psychiatric,Non-Profit Corporation (incl. Church-related),Psychiatric,0,0,0,0,0,0,0,0,0,0,0,0,0,0,0,0,0,0,0,0,0,0,0,0,0,0,0,0,0,0,0,0,0,0,0,0,0,0,0,0,0,0,0,0,0,0,0,0,0,72,26280,1022,25891,0,0,0,,0,0,0,0,0,0,0,0,0,72,26280,1022,25891,0,0,0,0,0,0,0,0,0,0,70,0,70,16,54,0,70,0,0,0,0,0,0,0,70,0,0,70,Yes,,,,,No,0,0,0,0,0,0,0,0,0,0,0,0,0,0,0,0,0,0,No,0,0,0,0,0,0,0,0,0,0,0,0,0,Respondent,0,0,0,0,0,0,0,0,,0,0,0,,0,0,NEITHER,0,0,0,0,0,0,0,0,0,0,0,0,0,0,0,0,0,0,0,0,0,0,0,0,0,0,0,0,0,0,0,0,0,0,0,0,0,0,0,,No,50 - 99,Non-Profit Corporation (i,0,0,0,1,0,0,0,0,0,0,0,0,0,0,0,0,1,0,0,0,0,0,0,0,0,0,0,0,,,,Urban,SOUTH CENTRAL NORTHEAST,106190150,,,,,,
106190155,CENTURY CITY DOCTORS HOSPITAL,2070 CENTURY PARK EAST,LOS ANGELES,90067,,No,01/01/2013,12/31/2013,Suspense,08/28/2008,04/27/1972,,NO,54,30,37,6037267900,78.2w,West,11 - Los Angeles,Los Angeles,930000029,Parent Facility,-118.41151,34.0582,General Acute Care,Investor - Partnership,,124,45260,0,0,0,0,0,0,0,0,0,0,10,3650,0,0,0,8,2920,0,0,0,0,0,0,0,0,0,0,0,0,0,0,0,0,0,0,0,0,0,0,142,51830,0,0,0,0,0,0,34,12410,0,0,0,0,0,,0,0,0,0,0,0,0,0,0,176,64240,0,0,0,0,0,0,0,0,0,0,0,0,0,0,0,0,0,0,0,0,0,0,0,0,0,0,0,0,0,0,,,,,,0,Basic,Basic,0,0,0,0,0,0,0,0,0,0,0,0,0,0,0,0,NO,0,0,0,0,0,0,0,0,0,0,0,0,,Respondent,0,0,0,0,0,0,0,0,,0,0,0,,0,0,NEITHER,0,0,0,0,0,0,0,0,0,0,0,0,0,0,0,0,0,0,0,0,0,0,0,0,0,0,0,0,0,0,0,0,0,0,0,0,0,0,0,,No,150 - 199,Investor,1,0,0,0,0,0,0,0,0,0,0,0,0,0,0,0,1,0,0,0,0,0,0,0,0,0,0,0,,,,Urban,CENTURY CITY/CHEVIOT HILLS/RANCHO PARK/WEST LOS ANGELES/WESTWOOD,106190155,,,,,,
106190159,TRI-CITY REGIONAL MEDICAL CENTER,21530 SOUTH PIONEER BOULEVARD,HAWAIIAN GARDENS,90716,562-860-0401-3175,Yes,01/01/2013,12/31/2013,Open,01/28/1972,01/28/1972,,NO,63,32,38,6037555102,78.2n,East,11 - Los Angeles,Los Angeles,930000030,Parent Facility,-118.08169,33.83352,General Acute Care,Non-Profit Corporation (incl. Church-related),General Medical / Surgical,89,32485,2905,12481,0,0,0,0,0,0,0,0,13,4745,225,310,2907,5,1825,0,0,0,0,0,0,0,0,0,0,0,0,0,0,0,0,0,0,0,0,0,0,107,39055,3130,15388,0,0,0,0,0,0,0,0,0,0,0,0,0,0,0,0,0,0,0,0,0,107,39055,3130,15388,0,0,0,0,0,0,0,0,0,0,0,0,0,0,0,0,0,0,0,0,0,0,0,0,0,0,0,0,,,,,,No,Basic,Basic,421,0,3994,0,1987,0,2757,2041,318,171,9477,2212,11689,8,0,291,Yes,9,13,5,1,0,6,6,6,8,3,16,2,75,Respondent,1364,1534,2343,1082,0,0,6,6,Yes,0,0,0,,0,0,NEITHER,0,0,0,0,0,0,0,0,0,0,0,0,0,0,0,0,0,0,0,0,0,0,0,0,0,0,0,0,0,0,0,0,0,0,0,0,0,0,0,,No,100 - 149,Non-Profit Corporation (i,1,0,0,0,0,0,0,0,0,0,0,0,0,0,0,0,1,0,0,0,0,11689,421,3994,1987,4798,489,0,,,1,Urban,CERRITOS/HAWAIIAN GARDENS,106190159,,,,,,
106190163,AURORA CHARTER OAK,1161 EAST COVINA BOULEVARD,COVINA,91724,626-966-1632,Yes,01/01/2013,12/31/2013,Open,01/01/1946,01/01/1946,,NO,48,22,32,6037403801,78.2qq,San Gabriel Valley,11 - Los Angeles,Los Angeles,930000031,Parent Facility,-117.86618,34.09951,Acute Psychiatric,Investor - Limited Liability Company,Psychiatric,0,0,0,0,0,0,0,0,0,0,0,0,0,0,0,0,0,0,0,0,0,0,0,0,0,0,0,0,0,0,0,0,0,0,0,0,0,0,0,0,0,0,0,0,0,0,0,0,0,134,48910,6630,44306,0,0,0,,0,0,0,0,0,0,0,0,0,134,48910,6630,44306,0,0,0,0,0,0,0,0,0,0,116,0,116,13,103,0,116,40,0,17,0,5,49,0,0,1,4,116,Yes,,,,,No,0,0,0,0,0,0,0,0,0,0,0,0,0,0,0,0,0,0,No,0,0,0,0,0,0,0,0,0,0,0,0,0,Respondent,0,0,0,0,0,0,0,0,,0,0,0,,0,0,NEITHER,0,0,0,0,0,0,0,0,0,0,0,0,0,0,0,0,0,0,0,0,0,0,0,0,0,0,0,0,0,0,0,0,0,0,0,0,0,0,0,,No,100 - 149,Investor,0,0,0,1,0,0,0,0,0,0,0,0,0,0,0,0,1,0,0,0,0,0,0,0,0,0,0,0,,,,Urban,ASUZA/CHARTER OAK/COVINA,106190163,,,,,,
106190170,CHILDRENS HOSPITAL OF LOS ANGELES,4650 SUNSET BOULEVARD,LOS ANGELES,90027,323-660-2450,Yes,01/01/2013,12/31/2013,Open,01/01/1946,01/01/1946,Level I - Pediatric,NO,43,24,28,6037191300,78.2g,Metro,11 - Los Angeles,Los Angeles,930000032,Parent Facility,-118.29069,34.09805,General Acute Care,Non-Profit Corporation (incl. Church-related),Pediatric,26,9490,0,0,0,0,0,0,343,125195,11896,57222,73,29305,1631,1972,24085,0,0,0,0,0,0,0,0,0,0,0,0,0,0,0,98,35770,415,191,16294,28,10220,217,5041,568,209980,14159,102642,0,0,0,0,0,0,0,0,0,0,0,0,0,0,0,0,0,0,0,0,0,568,209980,14159,102642,0,0,0,0,0,0,0,0,0,0,0,0,0,0,0,0,0,0,0,0,0,0,0,0,0,0,0,0,,,,,,Yes,Basic,Basic,6341,2,42700,66,9768,844,2411,1829,537,1821,61757,4562,66319,39,0,2521,Yes,59,4,33,2,0,0,0,0,1,1,1,0,101,Respondent,6569,955920,9345,641878,0,0,19,19,Yes,0,0,0,,0,0,CV SURG,2,550,219,12,6,562,225,0,2,44,291,76,287,3,12,4,22,127,612,3394,97,8,7,4,1,0,0,0,0,24,239,116,142,21,0,0,0,1594,5647,,No,500+,Non-Profit Corporation (i,1,0,0,0,0,0,0,0,0,1,1,0,0,0,1,1,0,66319,0,0,0,0,6343,42766,10612,4240,2358,0,,,1,Urban,HOLLYWOOD SOUTH CENTRAL/INNER SUNSET,106190170,,,,,,
106190176,CITY OF HOPE HELFORD CLINICAL RESEARCH HOSPITAL,1500 EAST DUARTE ROAD,DUARTE,91010,626-256-4673-68957,Yes,01/01/2013,12/31/2013,Open,03/08/1946,03/08/1946,,NO,48,25,32,6037430102,78.2zzz,San Gabriel Valley,11 - Los Angeles,Los Angeles,930000033,Parent Facility,-117.97152,34.13216,General Acute Care,Non-Profit Corporation (incl. Church-related),Other,181,66065,5878,48775,0,0,0,0,18,6570,475,5829,18,6570,83,722,4966,0,0,0,0,0,0,0,0,0,0,0,0,0,0,0,0,0,0,0,0,0,0,0,0,217,79205,6436,59570,0,0,0,0,0,0,0,0,0,0,0,,0,0,0,0,0,0,0,0,0,217,79205,6436,59570,0,0,0,0,0,0,0,0,0,0,0,0,0,0,0,0,0,0,0,0,0,0,0,0,0,0,0,0,,,,,,Yes,0,0,0,0,0,0,0,0,0,0,0,0,0,0,0,0,0,0,No,0,0,0,0,0,0,0,0,0,0,0,0,0,Respondent,3185,613013,4842,315351,0,4,6,10,Yes,0,0,0,,0,0,NEITHER,0,0,0,0,0,0,0,0,0,0,0,0,0,0,0,0,0,0,0,0,0,0,0,0,0,0,0,0,0,0,0,0,0,0,0,0,0,0,0,Yes,No,200 - 299,Non-Profit Corporation (i,0,0,0,1,0,0,0,0,0,0,0,0,0,0,0,0,1,0,0,0,0,0,0,0,0,0,0,0,,,,Urban,BALDWIN PARK/IRWINDALE,106190176,,,,,,
106190184,COLLEGE HOSPITAL,10802 COLLEGE PLACE,CERRITOS,90701,562-924-9581,Yes,01/01/2013,12/31/2013,Open,04/14/1974,04/14/1974,,NO,58,32,38,6037554521,78.2n,East,11 - Los Angeles,Los Angeles,930000036,Parent Facility,-118.1028,33.88489,Acute Psychiatric,Investor - Corporation,Psychiatric,0,0,0,0,0,0,0,0,0,0,0,0,0,0,0,0,0,0,0,0,0,0,0,0,0,0,0,0,0,0,0,0,0,0,0,0,0,0,0,0,0,0,0,0,0,0,0,0,0,187,68255,6992,61495,0,0,0,,0,0,0,0,0,0,0,0,0,187,68255,6992,61495,0,0,0,0,0,0,0,0,0,0,145,0,145,25,120,0,145,26,0,8,0,8,0,81,0,1,21,145,Yes,,,,,No,0,0,0,0,0,0,0,0,0,0,0,0,0,0,0,0,0,0,No,0,0,0,0,0,0,0,0,0,0,0,0,0,Respondent,0,0,0,0,0,0,0,0,,0,0,0,,0,0,NEITHER,0,0,0,0,0,0,0,0,0,0,0,0,0,0,0,0,0,0,0,0,0,0,0,0,0,0,0,0,0,0,0,0,0,0,0,0,0,0,0,,No,150 - 199,Investor,0,0,0,1,0,0,0,0,0,0,0,0,0,0,0,0,1,0,0,0,0,0,0,0,0,0,0,0,,,,Urban,CERRITOS/HAWAIIAN GARDENS,106190184,,,,,,
106190196,KINDRED HOSPITAL SOUTH BAY,1246 WEST 155TH STREET,GARDENA,90247,310-323-5330,Yes,01/01/2013,12/31/2013,Open,07/17/1957,07/17/1957,,NO,66,35,43,6037603101,78.2iiii,South Bay,11 - Los Angeles,Los Angeles,930000037,Parent Facility,-118.29701,33.89042,General Acute Care,Investor - Limited Liability Company,Other,80,29200,978,25978,0,0,0,0,0,0,0,0,4,1460,53,72,1418,0,0,0,0,0,0,0,0,0,0,0,0,0,0,0,0,0,0,0,0,0,0,0,0,84,30660,1031,27396,0,0,0,0,0,0,0,0,0,0,0,,0,0,0,0,0,0,0,0,0,84,30660,1031,27396,0,0,0,0,0,0,0,0,0,0,0,0,0,0,0,0,0,0,0,0,0,0,0,0,0,0,0,0,,,,,,No,0,0,0,0,0,0,0,0,0,0,0,0,0,0,0,0,0,0,No,0,0,0,0,0,0,0,0,0,0,0,0,0,Respondent,150,5252,27,1043,0,0,2,2,,0,0,0,,0,0,NEITHER,0,0,0,0,0,0,0,0,0,0,0,0,0,0,0,0,0,0,0,0,0,0,0,0,0,0,0,0,0,0,0,0,0,0,0,0,0,0,0,,No,50 - 99,Investor,0,0,0,1,0,0,0,0,0,0,0,0,0,0,0,0,1,0,0,0,0,0,0,0,0,0,0,0,,,,Urban,GARDENA SOUTHEAST/HARBOR GATEWAY CENTRAL/LAWNDALE SOUTH/MONETA/REDONDO BEACH NORTH/TORRANCE NORTH,106190196,,,,,,
106190197,COMMUNITY HOSPITAL OF HUNTINGTON PARK,2623 EAST SLAUSON AVENUE,HUNTINGTON PARK,90255,323-583-1931,Yes,01/01/2013,12/31/2013,Open,12/31/1957,12/31/1957,,NO,53,33,40,6037532605,78.2ccc,East,11 - Los Angeles,Los Angeles,930000038,Parent Facility,-118.22466,33.98929,General Acute Care,Investor - Corporation,General Medical / Surgical,77,28105,3727,13043,0,0,0,0,0,0,0,0,4,1460,132,354,1341,0,0,0,0,0,0,0,0,0,0,0,0,0,0,0,0,0,0,0,0,0,0,0,0,81,29565,3859,14384,0,0,0,0,0,0,0,0,0,0,0,0,0,0,0,0,0,0,0,0,0,81,29565,3859,14384,0,0,0,0,0,0,0,0,0,0,0,0,0,0,0,0,0,0,0,0,0,0,0,0,0,0,0,0,,,,,,No,Basic,Basic,626,0,1779,0,14103,0,11335,0,5009,0,32852,4240,37092,14,0,3315,Yes,0,0,2,1,1,2,1,0,9,34,28,6,84,Respondent,882,54995,779,36843,0,0,2,2,Yes,0,0,0,,0,0,NEITHER,0,0,0,0,0,0,0,0,0,0,0,0,0,0,0,0,0,0,0,0,0,0,0,0,0,0,0,0,0,0,0,0,0,0,0,0,0,0,0,,No,50 - 99,Investor,1,0,0,0,0,0,0,0,0,0,0,0,0,0,0,0,1,0,0,0,0,37092,626,1779,14103,11335,5009,4240,,,1,Urban,HUNTINGTON PARK/SOUTH GATE WEST/WALNUT PARK,106190197,,,,,,
106190198,LOS ANGELES COMMUNITY HOSPITAL,4081 EAST OLYMPIC BOULEVARD,LOS ANGELES,90023,323-267-0477,Yes,01/01/2013,12/31/2013,Open,10/24/1957,10/24/1957,,NO,44,27,26,6037531302,78.2d,East,11 - Los Angeles,Los Angeles,930000039,Parent Facility,-118.1875,34.01897,General Acute Care,Investor - Limited Liability Company,General Medical / Surgical,57,20805,5166,21895,16,5840,98,264,12,4380,549,1727,6,2190,119,303,1882,0,0,0,0,0,0,0,0,0,0,0,0,0,0,0,0,0,0,0,0,0,0,0,0,91,33215,5932,25768,0,0,0,0,0,0,0,0,39,14235,121,,12555,0,0,0,0,0,0,0,0,130,47450,6053,38323,0,0,0,0,0,0,16,99,278,0,0,0,0,0,0,0,0,0,0,0,0,0,0,0,0,0,0,0,,,,,,No,Standby,Standby,593,21,1766,26,2107,447,556,1155,241,1729,5263,3378,8641,3,0,143,No,0,0,0,0,0,0,0,0,0,0,0,0,0,Respondent,1172,79656,255,12984,0,0,3,3,,99,1,0,,0,65,NEITHER,0,0,0,0,0,0,0,0,0,0,0,0,0,0,0,0,0,0,0,0,0,0,0,0,0,0,0,0,0,0,0,0,0,0,0,0,0,0,0,,No,100 - 149,Investor,0,0,1,0,0,0,0,0,0,0,0,0,0,0,0,0,1,0,0,0,0,8641,614,1792,2554,1711,1970,0,,,,Urban,CITY TERRACE EAST/EAST LOS ANGELES,106190198,,,,,,
106190200,SAN GABRIEL VALLEY MEDICAL CENTER,438 W. LAS TUNAS DRIVE,SAN GABRIEL,91776,626-289-5454-6610,Yes,01/01/2013,12/31/2013,Open,08/17/1960,08/17/1960,,NO,49,22,27,6037481101,78.2eeee,San Gabriel Valley,11 - Los Angeles,Los Angeles,930000041,Parent Facility,-118.10503,34.1024,General Acute Care,Investor - Limited Liability Company,General Medical / Surgical,127,46355,5470,20900,29,10585,2883,7856,0,0,0,0,19,6935,326,850,3953,0,0,0,0,0,0,0,0,0,0,0,0,0,0,0,12,4380,193,0,2339,0,0,0,0,187,68255,8872,35048,0,0,0,0,42,15330,632,11256,44,16060,55,,13318,0,0,0,0,0,0,0,0,273,99645,9559,59622,0,0,0,0,0,0,22,2607,6106,0,31,0,31,0,6,25,31,25,6,0,0,0,0,0,0,0,0,31,,,,,,No,Basic,Basic,607,66,4426,7,9535,20,3900,1906,605,2405,19073,4404,23477,12,0,285,Yes,88,30,20,5,5,4,4,5,12,8,6,15,202,Respondent,1346,113455,3114,166578,0,0,6,6,Yes,2804,155,20,,0,1063,NEITHER,0,0,0,0,0,0,0,0,0,0,0,0,0,0,0,0,0,0,0,0,0,0,0,0,0,0,0,0,0,0,0,0,0,0,0,0,0,0,0,Yes,No,200 - 299,Investor,1,0,0,0,0,0,0,0,0,0,0,0,0,0,0,0,1,0,0,0,0,23477,673,4433,9555,5806,3010,0,,,1,Urban,ALHAMBRA/EL SERENO SOUTH/SAN GABRIEL CENTRAL,106190200,,,,,,
106190232,DEL AMO HOSPITAL,23700 CAMINO DEL SOL,TORRANCE,90505,310-530-1151,Yes,01/01/2013,12/31/2013,Open,10/25/1972,10/25/1972,,NO,66,26,43,6037651101,78.2aaaa,South Bay,11 - Los Angeles,Los Angeles,930000045,Parent Facility,-118.34495,33.81031,Acute Psychiatric,Investor - Corporation,Psychiatric,0,0,0,0,0,0,0,0,0,0,0,0,0,0,0,0,0,0,0,0,0,0,0,0,0,0,0,0,0,0,0,0,0,0,0,0,0,0,0,0,0,0,0,0,0,0,0,0,0,166,60590,5742,44020,0,0,0,,0,0,0,0,0,0,0,0,0,166,60590,5742,44020,0,0,0,19,251,1319,0,0,0,0,74,0,74,17,57,0,74,31,0,14,0,0,0,27,0,2,0,74,,,,,,No,0,0,0,0,0,0,0,0,0,0,0,0,0,0,0,0,0,0,No,0,0,0,0,0,0,0,0,0,0,0,0,0,Respondent,0,0,0,0,0,0,0,0,,0,0,0,,0,0,NEITHER,0,0,0,0,0,0,0,0,0,0,0,0,0,0,0,0,0,0,0,0,0,0,0,0,0,0,0,0,0,0,0,0,0,0,0,0,0,0,0,,No,150 - 199,Investor,0,0,0,1,0,0,0,0,0,0,0,0,0,0,0,0,1,0,0,0,0,0,0,0,0,0,0,0,,,,Urban,HARBOR GATEWAY SOUTH/LOMITA/TORRANCE EAST CENTRAL,106190232,,,,,,
106190240,LAKEWOOD REGIONAL MEDICAL CENTER,3700 EAST SOUTH STREET,LAKEWOOD,90712,562-531-2550,Yes,01/01/2013,12/31/2013,Open,05/17/1972,05/17/1972,,NO,63,33,38,6037570701,78.2n,South Bay,11 - Los Angeles,Los Angeles,930000046,Parent Facility,-118.14837,33.86016,General Acute Care,Investor - Corporation,General Medical / Surgical,141,51465,7352,28838,0,0,0,0,0,0,0,0,8,2920,538,1159,6374,23,8395,282,750,2869,0,0,0,0,0,0,0,0,0,0,0,0,0,0,0,0,0,0,0,172,62780,8172,38081,0,0,0,0,0,0,0,0,0,0,0,,0,0,0,0,0,0,0,0,0,172,62780,8172,38081,0,0,0,0,0,0,0,0,0,0,0,0,0,0,0,0,0,0,0,0,0,0,0,0,0,0,0,0,,,,,,No,Basic,Basic,4571,6,4436,289,13861,8,12406,595,6009,5441,41283,6339,47622,14,0,0,Yes,129,180,89,30,13,9,17,30,80,77,51,0,705,Respondent,1920,273765,2061,165810,1,0,6,7,,0,0,0,,0,0,CV SURG,1,0,0,78,34,78,34,78,3,0,0,0,0,637,121,458,232,1095,353,775,0,91,80,96,29,267,26,6,2,0,105,88,169,92,0,35,0,232,2093,Yes,No,150 - 199,Investor,1,0,0,0,0,0,0,0,0,0,0,0,0,0,0,0,1,0,0,0,0,47622,4577,4725,13869,13001,11450,0,,,1,Urban,CERRITOS/HAWAIIAN GARDENS,106190240,,,,,,
106190243,PIH HOSPITAL - DOWNEY,11500 BROOKSHIRE AVENUE,DOWNEY,90241,562-904-5007,Yes,01/01/2013,12/31/2013,Open,09/18/1969,09/18/1969,,NO,58,32,40,6037551300,78.2eee,East,11 - Los Angeles,Los Angeles,930000048,Parent Facility,-118.13196,33.93515,General Acute Care,Non-Profit Corporation (incl. Church-related),General Medical / Surgical,147,53655,8524,27705,20,7300,1415,2831,7,2555,0,0,8,2920,141,648,2033,10,3650,177,840,2781,0,0,0,0,0,0,0,0,0,0,7,2555,202,46,1154,0,0,0,0,199,72635,10459,36504,0,0,0,0,0,0,0,0,0,0,0,0,0,0,0,0,0,0,0,0,0,199,72635,10459,36504,0,0,0,0,0,0,17,1147,2041,0,0,0,0,0,0,0,0,0,0,0,0,0,0,0,0,0,0,0,,,,,,No,Basic,Basic,1738,0,8113,0,21573,6,11108,687,2864,6287,45396,6980,52376,22,0,1756,Yes,0,0,0,1,0,0,0,0,0,0,0,1,2,Respondent,1994,227193,2096,147600,3,3,5,11,Yes,1332,73,9,,0,413,CV SURG,1,0,0,72,52,72,52,65,1,0,0,0,0,401,150,240,57,641,207,633,0,64,4,19,25,188,19,11,1,0,0,0,93,0,0,24,24,0,1105,,No,150 - 199,Non-Profit Corporation (i,1,0,0,0,0,0,0,0,0,0,0,0,0,0,0,0,1,0,0,0,0,52376,1738,8113,21579,11795,9151,0,,,1,Urban,DOWNEY NORTHEAST,106190243,,,,,,
106190256,EAST LOS ANGELES DOCTORS HOSPITAL,4060 WHITTIER BOULEVARD,LOS ANGELES,90023,323-268-5514,Yes,01/01/2013,12/31/2013,Open,08/15/1949,08/15/1949,,NO,51,24,40,6037531301,78.2d,East,11 - Los Angeles,Los Angeles,930000049,Parent Facility,-118.18377,34.02383,General Acute Care,Investor - Partnership,General Medical / Surgical,71,25915,3343,13760,14,5110,757,2032,7,2555,267,595,4,1460,44,145,822,6,2190,64,218,1233,0,0,0,0,0,0,0,0,0,0,0,0,0,0,0,0,0,0,0,102,37230,4475,18442,0,0,0,0,0,0,0,0,25,9125,68,4,8536,0,0,0,0,0,0,0,0,127,46355,4543,26978,0,0,0,0,0,0,13,787,2032,0,0,0,0,0,0,0,0,0,0,0,0,0,0,0,0,0,0,0,,,,,,No,Basic,Basic,218,0,2535,0,6000,0,4471,0,2105,0,15329,2100,17429,8,0,749,Yes,7,4,3,1,3,0,0,0,0,0,0,0,18,Respondent,1086,48890,754,31832,0,0,3,3,Yes,758,29,2,,0,458,NEITHER,0,0,0,0,0,0,0,0,0,0,0,0,0,0,0,0,0,0,0,0,0,0,0,0,0,0,0,0,0,0,0,0,0,0,0,0,0,0,0,,No,100 - 149,Investor,1,0,0,0,0,0,0,0,0,0,0,0,0,0,0,0,1,0,0,0,0,17429,218,2535,6000,4471,2105,2100,,,1,Urban,CITY TERRACE EAST/EAST LOS ANGELES,106190256,,,,,,
106190280,ENCINO HOSPITAL MEDICAL CENTER,16237 VENTURA BOULEVARD,ENCINO,91436,818-995-5000-5002,Yes,01/01/2013,12/31/2013,Open,11/08/1954,11/08/1954,,NO,45,27,30,6037139701,78.2yy,San Fernando Valley,11 - Los Angeles,Los Angeles,930000051,Parent Facility,-118.48662,34.15686,General Acute Care,Non-Profit Corporation (incl. Church-related),General Medical / Surgical,60,22366,1820,6601,0,0,0,0,0,0,0,0,22,8030,54,185,759,0,0,0,0,0,0,0,0,0,0,0,0,0,0,0,0,0,0,0,0,25,9125,0,0,107,39521,1874,7360,0,0,0,0,13,4745,306,4744,28,10220,13,,9450,0,0,0,0,0,0,0,0,148,54486,2193,21554,0,0,0,0,0,0,0,0,0,0,12,0,12,0,3,9,12,12,0,0,0,0,0,0,0,0,0,12,,,,,,No,Basic,Basic,50,0,1170,0,2486,0,2446,0,1325,0,7477,1897,9374,8,0,45,Yes,0,0,1,0,0,0,0,3,0,0,0,0,4,Respondent,310,20782,209,13214,0,0,7,7,Yes,0,0,0,,0,0,NEITHER,0,0,0,0,0,0,0,0,0,0,0,0,0,0,0,0,0,0,0,0,0,0,0,0,0,0,0,0,0,0,0,0,0,0,0,0,0,0,0,,No,100 - 149,Non-Profit Corporation (i,1,0,0,0,0,0,0,0,0,0,0,0,0,0,0,0,1,0,0,0,0,9374,50,1170,2486,2446,1325,1897,,,1,Urban,ENCINO/TARZANA/WARNER CENTER/WOODLAND HILLS,106190280,,,,,,
106190298,FOOTHILL PRESBYTERIAN HOSPITAL-JOHNSTON MEMORIAL,250 SOUTH GRAND AVENUE,GLENDORA,91741,626-331-7331-17577,Yes,01/01/2013,12/31/2013,Open,03/26/1973,03/26/1973,,NO,48,25,27,6037401102,78.2qq,San Gabriel Valley,11 - Los Angeles,Los Angeles,930000052,Parent Facility,-117.87244,34.13384,General Acute Care,Non-Profit Corporation (incl. Church-related),General Medical / Surgical,74,27010,3688,12285,13,4745,879,1919,0,0,0,0,9,3285,415,646,3584,9,3285,0,0,0,0,0,0,0,0,0,0,0,0,0,0,0,0,0,0,0,0,0,0,105,38325,4982,17788,0,0,0,0,0,0,0,0,0,0,0,0,0,0,0,0,0,0,0,0,0,105,38325,4982,17788,0,0,0,0,0,0,8,853,1629,0,0,0,0,0,0,0,0,0,0,0,0,0,0,0,0,0,0,0,,,,,,No,Basic,Basic,31,0,1158,0,7292,3,9211,4,6514,3139,24206,3146,27352,23,0,727,Yes,32,51,11,14,0,0,0,0,0,0,0,0,108,Respondent,1529,137384,1752,108037,0,0,4,4,Yes,866,29,5,Yes,493,373,NEITHER,0,0,0,0,0,0,0,0,0,0,0,0,0,0,0,0,0,0,0,0,0,0,0,0,0,0,0,0,0,0,0,0,0,0,0,0,0,0,0,,No,100 - 149,Non-Profit Corporation (i,1,0,0,0,0,0,0,0,0,0,0,0,0,0,0,0,1,0,0,0,0,27352,31,1158,7295,9215,9653,0,1,,1,Urban,ASUZA/CHARTER OAK/COVINA,106190298,,,,,,
106190305,KINDRED HOSPITAL - LOS ANGELES,5525 WEST SLAUSON AVENUE,LOS ANGELES,90056,310-642-0325,Yes,01/01/2013,12/31/2013,Open,04/28/1958,04/28/1958,,NO,54,30,37,6037703002,78.2j,West,11 - Los Angeles,Los Angeles,930000053,Parent Facility,-118.37754,33.98907,General Acute Care,Investor - Corporation,General Medical / Surgical,76,27740,821,27134,0,0,0,0,0,0,0,0,5,1825,97,98,1707,0,0,0,0,0,0,0,0,0,0,0,0,0,0,0,0,0,0,0,0,0,0,0,0,81,29565,918,28841,0,0,0,0,0,0,0,0,0,0,0,0,0,0,0,0,0,0,0,0,0,81,29565,918,28841,0,0,0,0,0,0,0,0,0,0,0,0,0,0,0,0,0,0,0,0,0,0,0,0,0,0,0,0,,,,,,No,0,0,0,0,0,0,0,0,0,0,0,0,0,0,0,0,0,0,No,0,0,0,0,0,0,0,0,0,0,0,0,0,Respondent,161,10230,0,0,2,0,0,2,,0,0,0,,0,0,NEITHER,0,0,0,0,0,0,0,0,0,0,0,0,0,0,0,0,0,0,0,0,0,0,0,0,0,0,0,0,0,0,0,0,0,0,0,0,0,0,0,,No,50 - 99,Investor,0,0,0,1,0,0,0,0,0,0,0,0,0,0,0,0,1,0,0,0,0,0,0,0,0,0,0,0,,,,Urban,BALDWIN HILLS/CULVER CITY SOUTH/FOX HILLS/LADERA HEIGHTS/MARINA DEL REY/VIEW PARK/WINDSOR HILLS,106190305,,,,,,
106190307,"PACIFIC ALLIANCE MEDICAL CENTER, INC.",531 WEST COLLEGE STREET,LOS ANGELES,90012,213-624-8411,Yes,01/01/2013,12/31/2013,Open,01/01/1946,01/01/1946,,NO,51,24,34,6037207100,78.2ffff,Metro,11 - Los Angeles,Los Angeles,930000054,Parent Facility,-118.23905,34.06464,General Acute Care,Investor - Partnership,General Medical / Surgical,119,42200,4600,16378,10,3650,2271,6706,0,0,0,0,9,3285,100,389,1278,0,0,0,0,0,0,0,0,0,0,0,0,0,0,0,0,0,0,0,0,0,1495,0,0,138,50630,6971,24362,0,0,0,0,0,0,0,0,0,0,0,,0,0,0,0,0,0,0,0,0,138,50630,6971,24362,0,0,0,0,0,0,12,2348,6070,0,0,0,0,0,0,0,0,0,0,0,0,0,0,0,0,0,0,0,,,,,,No,0,0,0,0,0,0,0,0,0,0,0,0,0,0,0,0,0,0,No,0,0,0,0,0,0,0,0,0,0,0,0,0,Respondent,2055,167514,1306,84425,2,0,4,6,Yes,2356,125,8,,0,922,NEITHER,0,0,0,0,0,0,0,0,0,0,0,0,0,0,0,0,0,0,0,0,0,0,0,0,0,0,0,0,0,0,0,0,0,0,0,0,0,0,0,,No,100 - 149,Investor,0,0,0,1,0,0,0,0,0,0,0,0,0,0,0,0,1,0,0,0,0,0,0,0,0,0,0,0,,,,Urban,BOYLE HEIGHTS NORTHWEST/CHINATOWN/DOWNTOWN NORTHWEST/LITTLE TOKYO/WESTLAKE,106190307,,,,,,
106190315,GARFIELD MEDICAL CENTER,525 NORTH GARFIELD AVENUE,MONTEREY PARK,91754,626-307-2000,Yes,01/01/2013,12/31/2013,Open,01/01/1946,01/01/1946,,NO,49,22,27,6037481711,78.2qqq,San Gabriel Valley,11 - Los Angeles,Los Angeles,930000057,Parent Facility,-118.12302,34.06826,General Acute Care,Investor - Partnership,General Medical / Surgical,106,38690,6963,27968,34,12410,4313,10868,0,0,0,0,14,5110,286,1071,3876,8,2920,143,585,2136,0,0,0,0,0,0,0,0,0,0,20,7300,252,6,3585,28,10220,455,6406,210,76650,12412,54839,0,0,0,0,0,0,0,0,0,0,0,,0,0,0,0,0,0,0,0,0,210,76650,12412,54839,0,0,0,0,0,0,26,3996,8693,0,0,0,0,0,0,0,0,0,0,0,0,0,0,0,0,0,0,0,,,,,,No,Basic,Basic,486,3,2047,1,6744,15,6732,46,2688,5756,18697,5821,24518,21,0,231,Yes,173,83,31,27,26,24,26,30,31,25,16,30,522,Respondent,1997,271826,2011,171931,0,0,7,7,Yes,4217,100,29,,0,1809,CV SURG,1,0,0,150,11,150,11,107,2,0,0,0,0,521,256,899,226,1420,482,1420,0,133,42,0,2,441,41,8,0,0,25,85,24,17,0,27,0,57,2322,,No,200 - 299,Investor,1,0,0,0,0,0,0,0,0,0,0,0,0,0,0,0,1,0,0,0,0,24518,489,2048,6759,6778,8444,0,,,1,Urban,ROSEMEAD/SAN GABRIEL SOUTH/SOUTH EL MONTE WEST/TEMPLE CITY WEST,106190315,,,,,,
106190317,GATEWAYS HOSPITAL AND MENTAL HEALTH CENTER,1891 EFFIE STREET,LOS ANGELES,90026,323-644-2000-274,Yes,01/01/2013,12/31/2013,Open,07/02/1974,07/02/1974,,NO,51,24,28,6037197420,78.2a,Metro,11 - Los Angeles,Los Angeles,930000058,Parent Facility,-118.25646,34.08437,Acute Psychiatric,Non-Profit Corporation (incl. Church-related),Psychiatric,0,0,0,0,0,0,0,0,0,0,0,0,0,0,0,0,0,0,0,0,0,0,0,0,0,0,0,0,0,0,0,0,0,0,0,0,0,0,0,0,0,0,0,0,0,0,0,0,0,55,20075,1005,13742,0,0,0,,0,0,0,0,0,0,0,0,0,55,20075,1005,13742,0,0,0,0,0,0,0,0,0,0,32,0,32,9,23,0,32,0,0,0,0,0,0,0,32,0,0,32,Yes,,,,,No,0,0,0,0,0,0,0,0,0,0,0,0,0,0,0,0,0,0,No,0,0,0,0,0,0,0,0,0,0,0,0,0,Respondent,0,0,0,0,0,0,0,0,,0,0,0,,0,0,NEITHER,0,0,0,0,0,0,0,0,0,0,0,0,0,0,0,0,0,0,0,0,0,0,0,0,0,0,0,0,0,0,0,0,0,0,0,0,0,0,0,,No,50 - 99,Non-Profit Corporation (i,0,0,0,1,0,0,0,0,0,0,0,0,0,0,0,0,1,0,0,0,0,0,0,0,0,0,0,0,,,,Urban,ECHO PARK/HOLLYWOOD NORTH CENTRAL/SILVERLAKE SOUTH,106190317,,,,,,
106190323,GLENDALE ADVENTIST MEDICAL CENTER - WILSON TERRACE,1509 EAST WILSON TERRACE,GLENDALE,91206,818-409-8000,Yes,01/01/2013,12/31/2013,Open,01/01/1946,01/01/1946,,NO,43,25,28,6037301000,78.2ee,San Fernando Valley,11 - Los Angeles,Los Angeles,930000059,Parent Facility,-118.23095,34.14948,General Acute Care,Non-Profit Corporation (incl. Church-related),General Medical / Surgical,291,106215,14482,61232,30,10950,2442,6820,0,0,0,0,42,15330,232,1353,6107,10,3650,192,552,2818,0,0,0,0,0,0,0,0,0,0,14,5110,184,0,3275,28,10220,606,6693,415,151475,18138,86945,0,0,0,0,60,21900,1944,17294,40,14600,0,,0,0,0,0,0,0,0,0,0,515,187975,20082,104239,0,0,0,0,0,0,22,2235,4471,0,16,17,33,0,26,7,33,20,0,5,0,0,7,0,0,0,1,33,,,,,,No,Basic,Basic,332,4,5098,7,12955,53,12190,2010,3963,11698,34538,13772,48310,36,349,293,Yes,146,44,42,16,12,13,16,26,31,59,26,84,515,Respondent,3349,465060,4081,273540,0,5,8,13,,2411,132,25,,0,852,CV SURG,3,0,0,146,24,146,24,144,4,0,0,0,0,1094,671,347,161,1441,832,1358,0,83,66,9,3,685,210,6,1,1,83,82,704,1742,46,31,3,224,5337,Yes,No,500+,Non-Profit Corporation (i,1,0,0,0,0,0,0,0,0,0,0,0,0,0,0,0,1,0,0,0,0,48310,336,5105,13008,14200,15661,0,,,1,Urban,ATWATER VILLAGE/GLENDALE CENTRAL/GLENDALE SOUTHWEST/GRIFFITH PARK,106190323,,,,,,
106190328,EAST VALLEY HOSPITAL MEDICAL CENTER,150 WEST ROUTE 66,GLENDORA,91740,626-852-5050,Yes,01/01/2013,12/31/2013,Open,06/12/1958,06/12/1958,,NO,48,25,27,6037401102,78.2qq,San Gabriel Valley,11 - Los Angeles,Los Angeles,930000060,Parent Facility,-117.86609,34.12867,General Acute Care,Investor - Partnership,General Medical / Surgical,67,24455,754,4187,30,10950,195,417,0,0,0,0,5,1825,102,77,963,5,1825,13,0,46,0,0,0,0,0,0,0,0,0,0,0,0,0,0,0,0,0,0,0,107,39055,1064,5613,0,0,0,0,21,7665,508,4764,0,0,0,0,0,0,0,0,0,0,0,0,0,128,46720,1572,10377,0,0,0,0,0,0,0,189,379,0,12,0,12,0,4,8,12,12,0,0,0,0,0,0,0,0,0,12,,,,,,No,Basic,Basic,81,4,1820,98,793,508,264,347,100,394,3058,1351,4409,7,109,30,Yes,0,5,1,5,0,9,0,0,0,1,0,1,22,Respondent,284,18536,93,7513,0,0,4,4,,189,4,0,,0,113,NEITHER,0,0,0,0,0,0,0,0,0,0,0,0,0,0,0,0,0,0,0,0,0,0,0,0,0,0,0,0,0,0,0,0,0,0,0,0,0,0,0,,No,100 - 149,Investor,1,0,0,0,0,0,0,0,0,0,0,0,0,0,0,0,1,0,0,0,0,4409,85,1918,1301,611,494,0,,,1,Urban,ASUZA/CHARTER OAK/COVINA,106190328,,,,,,
106190352,GREATER EL MONTE COMMUNITY HOSPITAL,1701 SANTA ANITA AVENUE,SOUTH EL MONTE,91733,626-579-7777,Yes,01/01/2013,12/31/2013,Open,07/01/1974,07/01/1974,,NO,57,22,38,6037433700,78.2yyy,San Gabriel Valley,11 - Los Angeles,Los Angeles,930000063,Parent Facility,-118.04257,34.04827,General Acute Care,Investor - Limited Liability Company,General Medical / Surgical,59,21535,2161,6576,19,6935,600,1351,16,5840,822,2093,5,1825,129,251,1417,5,1825,129,251,1417,0,0,0,0,0,0,0,0,0,0,0,0,0,0,0,0,0,0,0,104,37960,3841,12854,0,0,0,0,0,0,0,0,13,4745,2,,4012,0,0,0,0,0,0,0,0,117,42705,3843,16866,0,0,0,0,0,0,13,572,1182,0,0,0,0,0,0,0,0,0,0,0,0,0,0,0,0,0,0,0,,,,,,No,Basic,Basic,1154,73,1063,11,8456,83,2743,441,1968,1329,15384,1937,17321,9,0,509,Yes,83,29,14,4,7,6,7,11,18,6,6,12,203,Respondent,711,55285,522,34610,1,1,0,2,,572,17,2,,0,243,NEITHER,0,0,0,0,0,0,0,0,0,0,0,0,0,0,0,0,0,0,0,0,0,0,0,0,0,0,0,0,0,0,0,0,0,0,0,0,0,0,0,,No,100 - 149,Investor,1,0,0,0,0,0,0,0,0,0,0,0,0,0,0,0,1,0,0,0,0,17321,1227,1074,8539,3184,3297,0,,,1,Urban,BASSETT/INDUSTRY WEST/LA PUENTE,106190352,,,,,,
106190380,SOUTHERN CALIFORNIA HOSPITAL AT HOLLYWOOD,6245 DE LONGPRE AVENUE,HOLLYWOOD,90028,323-462-2771,Yes,01/01/2013,12/31/2013,Open,02/08/1963,02/08/1963,,NO,50,26,28,6037190800,78.2g,Metro,11 - Los Angeles,Los Angeles,930000066,Parent Facility,-118.32501,34.09628,General Acute Care,Investor - Limited Liability Company,General Medical / Surgical,92,33580,3198,15028,0,0,0,0,0,0,0,0,5,1825,122,221,1496,3,1095,35,62,524,0,0,0,0,0,0,0,0,0,0,0,0,0,0,0,0,0,0,0,100,36500,3355,17048,0,0,0,0,59,21535,3133,18164,0,0,0,,0,0,0,0,0,0,0,0,0,159,58035,6488,35212,0,0,0,0,0,0,0,0,0,0,0,38,38,0,38,0,38,11,1,26,0,0,0,0,0,0,0,38,,,,,,No,0,0,0,0,0,0,0,0,0,0,0,0,0,0,0,0,0,0,No,0,0,0,0,0,0,0,0,0,0,0,0,0,Respondent,486,31473,89,6926,0,0,3,3,,0,0,0,,0,0,NEITHER,0,0,0,0,0,0,0,0,0,0,0,0,0,0,0,0,0,0,0,0,0,0,0,0,0,0,0,0,0,0,0,0,0,0,0,0,0,0,0,,No,150 - 199,Investor,0,0,0,1,0,0,0,0,0,0,0,0,0,0,0,0,1,0,0,0,0,0,0,0,0,0,0,0,,,,Urban,HOLLYWOOD SOUTH CENTRAL/INNER SUNSET,106190380,,,,,,
106190382,HOLLYWOOD PRESBYTERIAN MEDICAL CENTER,1300 NORTH VERMONT AVENUE,LOS ANGELES,90027,213-413-3000-4313,Yes,01/01/2013,12/31/2013,Open,01/01/1946,01/01/1946,,NO,43,24,28,6037191300,78.2g,Metro,11 - Los Angeles,Los Angeles,930000067,Parent Facility,-118.29163,34.09557,General Acute Care,Investor - Corporation,General Medical / Surgical,221,80665,7533,30212,34,12410,4139,11520,11,4015,461,1593,28,10220,394,2702,4821,8,2920,80,562,1312,0,0,0,0,0,0,0,0,0,0,15,5475,272,749,4776,28,10220,403,5373,345,125925,13282,59607,0,0,0,0,0,0,0,0,89,32485,361,0,25206,0,0,0,0,0,0,0,0,434,158410,13643,84813,0,0,0,0,0,0,34,3098,7151,0,0,0,0,0,0,0,0,0,0,0,0,0,0,0,0,0,0,0,,,,,,No,Basic,Basic,5648,11,6209,166,4748,140,2623,250,7345,6316,26573,6883,33456,20,0,957,Yes,15,22,0,0,6,2,2,3,0,53,9,11,123,Respondent,1923,171147,1797,131181,0,0,9,9,Yes,3764,179,60,,0,1418,CV SURG,1,0,0,14,10,14,10,0,2,0,0,0,0,281,80,138,33,419,113,650,0,0,0,0,11,144,13,18,0,0,0,0,4,0,0,20,0,25,885,,No,300 - 499,Investor,1,0,0,0,0,0,0,0,0,0,0,0,0,0,0,0,1,0,0,0,0,33456,5659,6375,4888,2873,13661,0,,,1,Urban,HOLLYWOOD SOUTH CENTRAL/INNER SUNSET,106190382,,,,,,
106190385,PROVIDENCE HOLY CROSS MEDICAL CENTER,15031 RINALDI STREET,MISSION HILLS,91345,818-365-8051,Yes,01/01/2013,12/31/2013,Open,06/21/1961,06/21/1961,Level II,NO,39,18,29,6037106606,78.2hh,San Fernando Valley,11 - Los Angeles,Los Angeles,930000404,Parent Facility,-118.45951,34.2791,General Acute Care,Non-Profit Corporation (incl. Church-related),General Medical / Surgical,245,89425,11894,52535,35,12775,3228,8461,0,0,0,0,12,4380,453,1205,8780,12,4380,0,0,0,0,0,0,0,0,0,0,0,0,0,12,4380,314,1,3086,13,4745,172,2545,329,120085,16061,75407,0,0,0,0,0,0,0,0,48,17520,41,,16127,0,0,0,0,0,0,0,0,377,137605,16102,91534,0,0,0,0,0,0,24,2695,5552,0,0,0,0,0,0,0,0,0,0,0,0,0,0,0,0,0,0,0,,,,,,No,Basic,Basic,651,2,10706,6,30550,61,24688,868,9373,8494,75968,9431,85399,32,0,0,Yes,130,96,46,22,29,5,35,42,27,16,24,68,540,Respondent,4127,558330,2080,211260,0,0,8,8,Yes,3017,147,27,,0,950,CV SURG,8,0,0,60,14,60,14,25,2,0,0,0,0,954,318,315,3,1269,321,850,0,37,20,14,5,38,1,0,0,0,7,0,446,2194,0,45,0,101,3758,,No,300 - 499,Non-Profit Corporation (i,1,0,0,0,1,0,1,0,0,0,0,0,0,0,1,1,0,0,85399,0,0,0,653,10712,30611,25556,17867,0,,,1,Urban,GRANADA HILLS/MISSION HILLS/PORTER RANCH,106190385,,,,,,
106190392,GOOD SAMARITAN HOSPITAL-LOS ANGELES,1225 WILSHIRE BOULEVARD,LOS ANGELES,90017,213-977-2121,Yes,01/01/2013,12/31/2013,Open,01/01/1946,01/01/1946,,NO,53,24,34,6037209102,78.2ffff,Metro,11 - Los Angeles,Los Angeles,930000071,Parent Facility,-118.26522,34.05324,General Acute Care,Non-Profit Corporation (incl. Church-related),General Medical / Surgical,235,85775,7944,34736,31,11315,3729,8959,0,0,0,0,58,21170,657,2279,8159,10,3650,0,0,0,0,0,0,0,0,0,0,0,0,0,23,8395,535,75,6537,23,8395,0,0,380,138700,12865,58391,0,0,0,0,0,0,0,0,28,10220,0,0,0,0,0,0,0,0,0,0,0,408,148920,12865,58391,0,0,0,0,0,0,10,3382,7828,0,0,0,0,0,0,0,0,0,0,0,0,0,0,0,0,0,0,0,,,,,,No,Basic,Basic,215,0,1704,1,7323,14,9469,402,6479,4818,25190,5235,30425,12,0,1861,Yes,218,149,140,116,66,59,76,102,67,97,77,104,1271,Respondent,2659,449960,4683,195244,0,3,15,18,Yes,3896,229,38,,0,1207,CV SURG,2,0,0,105,55,105,55,162,4,0,0,0,0,1051,857,551,436,1602,1293,1048,3,144,45,77,41,406,70,19,1,59,343,325,917,406,18,32,32,272,4258,,No,300 - 499,Non-Profit Corporation (i,1,0,0,0,0,0,0,0,0,0,0,0,0,0,0,0,1,0,0,0,0,30425,215,1705,7337,9871,11297,0,,,1,Urban,BOYLE HEIGHTS NORTHWEST/CHINATOWN/DOWNTOWN NORTHWEST/LITTLE TOKYO/WESTLAKE,106190392,,,,,,
106190400,HUNTINGTON MEMORIAL HOSPITAL,100 W. CALIFORNIA BOULEVARD,PASADENA,91105,626-397-5000-8798,Yes,01/01/2013,12/31/2013,Open,01/01/1946,01/01/1946,Level II,NO,41,25,27,6037463900,78.2mm,San Gabriel Valley,11 - Los Angeles,Los Angeles,930000372,Parent Facility,-118.1518,34.13565,General Acute Care,Non-Profit Corporation (incl. Church-related),General Medical / Surgical,390,142350,19248,64272,56,20440,3542,11534,25,9125,1326,3520,38,13929,363,1237,7498,0,0,0,0,0,0,0,0,0,0,0,0,0,0,0,51,18615,397,594,7906,24,8760,333,4677,584,213219,25209,99407,0,0,0,0,41,14965,1018,8636,0,0,0,0,0,0,0,0,0,0,0,0,0,625,228184,26227,108043,12,518,3633,0,0,0,48,3044,7821,0,16,0,16,0,13,3,16,4,2,8,0,0,1,0,0,0,1,16,,,,,,Yes,Basic,Basic,3308,9,6165,6,16243,69,15829,6028,2062,10263,43607,16375,59982,34,0,3357,Yes,115,31,46,22,22,19,10,3,7,2,11,34,322,Respondent,8277,1738560,3143,431960,0,0,16,16,,3044,230,59,,0,1389,CV SURG,2,0,0,171,5,171,5,65,3,0,0,0,0,445,251,347,195,792,446,997,0,148,74,61,64,311,51,8,0,1,218,209,44,33,0,30,2,0,2251,,No,500+,Non-Profit Corporation (i,1,0,0,0,1,0,1,0,0,0,0,0,0,0,1,1,0,0,59982,0,0,0,3317,6171,16312,21857,12325,0,,,1,Urban,PASADENA SOUTH/SAN MARINO/SOUTH PASADENA,106190400,,,,,,
106190410,SILVER LAKE MEDICAL CENTER-INGLESIDE CAMPUS,,,,,,,,,,,,No,49,22,27,,,,,Los Angeles,,,,,,,,,,,,,,,,,,,,,,,,,,,,,,,,,,,,,,,,,,,,,,,,,,,,,,,,,,,,,,,,,,,,,,,,,,,,,,,,,,,,,,,,,,,,,,,,,,,,,,,,,,,,,,,,0,0,0,0,0,0,0,0,0,0,0,0,,,,,,,,,,,,,,,,,,,,,Non-Respondent,,,,,,,,,,,,,,,,NEITHER,,,,,,,,,,,,,,,,,,,,,,,,,,,,,,,,,,,,,,,,,No,,,0,0,0,1,0,0,0,0,0,0,0,0,0,0,0,0,1,0,0,0,0,0,0,0,0,0,0,0,,,,Urban,ROSEMEAD/SAN GABRIEL SOUTH/SOUTH EL MONTE WEST/TEMPLE CITY WEST,106190410,,,,,,
106190413,CITRUS VALLEY MEDICAL CENTER - IC CAMPUS,210 W. SAN BERNARDINO ROAD,COVINA,91723,626-331-7331-17577,Yes,01/01/2013,12/31/2013,Open,03/28/1946,03/28/1946,,NO,48,22,32,6037406101,78.2qq,San Gabriel Valley,11 - Los Angeles,Los Angeles,930000131,Consolidated Facility,-117.89264,34.08993,General Acute Care,Non-Profit Corporation (incl. Church-related),General Medical / Surgical,116,42340,6261,24692,0,0,0,0,0,0,0,0,8,2920,173,420,2048,14,5110,287,545,2877,0,0,0,0,0,0,0,0,0,0,0,0,0,0,0,0,0,0,0,138,50370,6721,29617,0,0,0,0,30,10950,1901,6241,25,9125,665,0,3787,0,0,0,0,0,0,0,0,193,70445,9287,39645,0,0,0,0,0,0,0,0,0,0,17,0,17,0,17,0,17,3,9,0,0,0,0,0,0,4,1,17,,,,,,No,Basic,Basic,42,0,898,0,4673,5,5863,6,4691,5658,16167,5669,21836,12,0,933,Yes,36,27,13,4,9,1,2,1,7,8,2,6,116,Respondent,1538,221815,1895,154129,0,0,7,7,Yes,0,0,0,,0,0,CV SURG,2,0,0,85,19,85,19,104,2,0,0,0,0,536,199,605,226,1141,425,716,0,52,45,59,6,404,21,0,14,0,52,0,41,23,0,30,0,0,1463,,No,150 - 199,Non-Profit Corporation (i,1,0,0,0,0,0,0,0,0,0,0,0,0,0,0,0,1,0,0,0,0,21836,42,898,4678,5869,10349,0,,,1,Urban,ASUZA/CHARTER OAK/COVINA,106190413,,,,,,
106190422,TORRANCE MEMORIAL MEDICAL CENTER,3330 WEST LOMITA BOULEVARD,TORRANCE,90505-5073,310-325-9110,Yes,01/01/2013,12/31/2013,Open,03/29/1971,03/29/1971,,NO,66,26,43,6037651101,78.2aaaa,South Bay,11 - Los Angeles,Los Angeles,930000076,Parent Facility,-118.34388,33.81258,General Acute Care,Non-Profit Corporation (incl. Church-related),General Medical / Surgical,250,91250,16738,58011,28,10220,2994,6742,20,7300,862,2776,22,8030,528,1639,7120,8,2920,69,283,1159,0,0,0,0,0,8,2920,247,70,2077,25,9125,292,280,4990,0,0,0,0,361,131765,21730,82875,0,0,0,0,0,0,0,0,40,14600,1485,,12509,0,0,0,0,0,0,0,0,401,146365,23215,95384,0,0,0,0,0,0,28,2746,6676,0,0,0,0,0,0,0,0,0,0,0,0,0,0,0,0,0,0,0,,,,,,No,Basic,Basic,0,90,3157,1,23701,36,19800,143,2708,13064,49366,13334,62700,29,0,1717,No,0,0,0,0,0,0,0,0,0,0,0,0,0,Respondent,6284,900072,10996,776991,0,0,20,20,Yes,3082,205,31,,0,0,CV SURG,2,0,0,118,3,118,3,36,3,0,0,0,0,616,656,956,136,1572,792,1732,0,175,79,76,51,681,20,24,0,12,159,136,134,77,0,40,3,0,3399,Yes,No,300 - 499,Non-Profit Corporation (i,1,0,0,0,0,0,0,0,0,0,0,0,0,0,0,0,1,0,0,0,0,62700,90,3158,23737,19943,15772,0,,,,Urban,HARBOR GATEWAY SOUTH/LOMITA/TORRANCE EAST CENTRAL,106190422,,,,,,
106190429,KAISER FND HOSP - LOS ANGELES,4867 SUNSET BOULEVARD,LOS ANGELES,90027,323-783-4100-8100,Yes,01/01/2013,12/31/2013,Open,05/01/1953,05/01/1953,,YES,43,24,28,6037191201,78.2g,Metro,11 - Los Angeles,Los Angeles,930000077,Parent Facility,-118.29545,34.09823,General Acute Care,Non-Profit Corporation (incl. Church-related),General Medical / Surgical,192,70080,14994,59197,27,9855,2500,6152,32,11680,2184,7103,80,29200,1654,5162,21644,32,11680,1782,2579,10123,0,0,0,0,0,0,0,0,0,0,33,12045,401,263,8737,0,0,0,0,396,144540,23515,112956,0,0,0,0,0,0,0,0,0,0,0,0,0,0,0,0,0,0,0,0,0,396,144540,23515,112956,0,0,0,0,0,0,12,2213,3743,0,0,0,0,0,0,0,0,0,0,0,0,0,0,0,0,0,0,0,,,,,,Yes,Basic,Basic,456,4,12406,2,45179,3432,4453,4129,267,1206,62761,8773,71534,45,0,496,Yes,449,279,350,357,347,345,360,319,375,396,291,289,4157,Respondent,9607,2037506,12278,1106912,4,7,15,26,Yes,2487,219,35,Yes,1770,717,CV SURG,4,0,12,1190,245,1190,257,509,5,21,19,149,130,901,393,4916,1437,5987,1979,6623,154,0,0,0,0,1688,157,34,0,12,0,0,1,3,0,93,0,449,9214,,No,300 - 499,Non-Profit Corporation (i,1,0,0,0,0,0,0,0,0,0,0,0,0,0,0,0,1,0,0,0,0,71534,460,12408,48611,8582,1473,0,1,1,1,Urban,HOLLYWOOD SOUTH CENTRAL/INNER SUNSET,106190429,,,,,,
106190431,KAISER FND HOSP - SOUTH BAY,25825 SOUTH VERMONT AVENUE,HARBOR CITY,90710,310-517-2745,Yes,01/01/2013,12/31/2013,Open,01/14/1959,01/14/1959,,NO,66,35,33,6037294420,78.2aaaa,South Bay,11 - Los Angeles,Los Angeles,930000079,Parent Facility,-118.29415,33.789,General Acute Care,Non-Profit Corporation (incl. Church-related),General Medical / Surgical,165,60477,9165,32414,34,12410,2247,5853,0,0,339,753,10,3650,142,707,2313,10,3650,227,854,2701,0,0,0,0,0,0,0,0,0,0,10,3650,255,149,1579,0,0,0,0,229,83837,12375,45613,0,0,0,0,0,0,0,0,0,0,0,,0,0,0,0,0,0,0,0,0,229,83837,12375,45613,0,0,0,0,0,0,0,1864,3920,0,0,0,0,0,0,0,0,0,0,0,0,0,0,0,0,0,0,0,,,,,,No,Basic,Basic,124,1,6241,0,36176,1553,7235,3526,724,1452,50500,6532,57032,37,14165,580,Yes,136,128,24,18,15,16,5,13,52,7,18,31,463,Respondent,4075,499878,10648,830248,0,0,11,11,Yes,2123,108,6,Yes,1476,647,NEITHER,0,0,0,0,0,0,0,0,0,0,0,0,0,0,0,0,0,0,0,0,0,0,0,0,0,0,0,0,0,0,0,0,0,0,0,0,0,0,0,Yes,No,200 - 299,Non-Profit Corporation (i,1,0,0,0,0,0,0,0,0,0,0,0,0,0,0,0,1,0,0,0,0,57032,125,6241,37729,10761,2176,0,1,1,1,Urban,HARBOR GATEWAY SOUTH/LOMITA/TORRANCE EAST CENTRAL,106190431,,,,,,
106190432,KAISER FND HOSP - PANORAMA CITY,13652 CANTARA STREET,PANORAMA CITY,91402,818-375-2347,Yes,01/01/2013,12/31/2013,Open,06/21/1963,06/21/1963,,NO,46,18,29,6037120400,78.2zz,San Fernando Valley,11 - Los Angeles,Los Angeles,930000080,Parent Facility,-118.43009,34.21975,General Acute Care,Non-Profit Corporation (incl. Church-related),General Medical / Surgical,128,46720,8303,27623,42,15330,2117,7066,0,0,0,0,24,8760,172,1573,2986,0,0,0,0,0,0,0,0,0,0,0,0,0,0,0,24,8760,231,101,3416,0,0,0,0,218,79570,10823,41091,0,0,0,0,0,0,0,0,0,0,0,0,0,0,0,0,0,0,0,0,0,218,79570,10823,41091,0,0,0,0,0,0,29,1806,3438,0,0,0,0,0,0,0,0,0,0,0,0,0,0,0,0,0,0,0,,,,,,Yes,Basic,Basic,135,3,3608,5,33865,1038,10177,2532,1989,2359,49774,5937,55711,34,0,735,Yes,214,156,215,114,146,124,112,164,112,74,53,152,1636,Respondent,2947,353475,9019,688976,0,0,10,10,Yes,2036,184,48,Yes,1444,592,NEITHER,0,0,0,0,0,0,0,0,0,0,0,0,0,0,0,0,0,0,0,0,0,0,0,0,0,0,0,0,0,0,0,0,0,0,0,0,0,0,0,,No,200 - 299,Non-Profit Corporation (i,1,0,0,0,0,0,0,0,0,0,0,0,0,0,0,0,1,0,0,0,0,55711,138,3613,34903,12709,4348,0,1,,1,Urban,NORTHRIDGE SOUTH/RESEDA NORTH,106190432,,,,,,
106190434,KAISER FND HOSP - WEST LA,6041 CADILLAC AVENUE,LOS ANGELES,90034,323-857-2000,Yes,01/01/2013,12/31/2013,Open,09/16/1974,09/16/1974,,NO,54,30,37,6037270300,78.2x,Metro,11 - Los Angeles,Los Angeles,930000081,Parent Facility,-118.37568,34.03793,General Acute Care,Non-Profit Corporation (incl. Church-related),General Medical / Surgical,212,77380,9705,30662,28,10220,1896,4511,0,0,0,0,31,11315,276,898,3782,0,0,0,0,0,0,0,0,0,0,0,0,0,0,0,17,6205,274,93,2342,0,0,0,0,288,105120,12151,41297,0,0,0,0,0,0,0,0,0,0,0,0,0,0,0,0,0,0,0,0,0,288,105120,12151,41297,0,0,0,0,0,0,17,1572,2949,0,0,0,0,0,0,0,0,0,0,0,0,0,0,0,0,0,0,0,,,,,,No,Basic,Basic,219,1,8266,0,42056,1239,6986,2948,768,1573,58295,5761,64056,53,0,1723,Yes,228,149,95,45,47,39,58,37,56,36,38,43,871,Respondent,4353,605991,7759,686454,0,0,13,13,,1835,131,28,Yes,1219,616,NEITHER,0,0,0,0,0,0,0,0,0,0,0,0,0,0,0,0,0,0,0,0,0,0,0,0,0,0,0,0,0,0,0,0,0,0,0,0,0,0,0,,No,200 - 299,Non-Profit Corporation (i,1,0,0,0,0,0,0,0,0,0,0,0,0,0,0,0,1,0,0,0,0,64056,220,8266,43295,9934,2341,0,,1,1,Urban,HANCOCK PARK/MID-CITY WEST/PARK LA BREA,106190434,,,,,,
106190449,KINDRED HOSPITAL - LA MIRADA,14900 EAST IMPERIAL HIGHWAY,LA MIRADA,90637-3780,562-944-1900-744,Yes,01/01/2013,12/31/2013,Open,07/27/1961,07/27/1961,,NO,57,32,38,6037504001,78.2rrr,East,11 - Los Angeles,Los Angeles,930000084,Parent Facility,-118.01348,33.91702,General Acute Care,Investor - Corporation,General Medical / Surgical,88,32120,847,19302,0,0,0,0,0,0,0,0,6,2190,81,87,1873,0,0,0,0,0,0,0,0,0,0,0,0,0,0,0,0,0,0,0,0,24,8760,0,0,118,43070,928,21175,0,0,0,0,0,0,0,0,0,0,0,0,0,0,0,0,0,0,0,0,0,118,43070,928,21175,0,0,0,0,0,0,0,0,0,0,0,0,0,0,0,0,0,0,0,0,0,0,0,0,0,0,0,0,,,,,,No,0,0,0,0,0,0,0,0,0,0,0,0,0,0,0,0,0,0,No,0,0,0,0,0,0,0,0,0,0,0,0,0,Respondent,82,2129,0,0,1,0,0,1,,0,0,0,,0,0,NEITHER,0,0,0,0,0,0,0,0,0,0,0,0,0,0,0,0,0,0,0,0,0,0,0,0,0,0,0,0,0,0,0,0,0,0,0,0,0,0,0,,No,100 - 149,Investor,0,0,0,1,0,0,0,0,0,0,0,0,0,0,0,0,1,0,0,0,0,0,0,0,0,0,0,0,,,,Urban,LA MIRADA/SANTA FE SPRINGS SOUTH,106190449,,,,,,
106190458,KINDRED HOSPITAL - SAN GABRIEL VALLEY,845 NORTH LARK ELLEN AVENUE,WEST COVINA,91791,562-944-1900-3677,Yes,01/01/2013,12/31/2013,Open,06/12/1956,06/12/1956,,NO,48,22,32,6037405600,78.2www,San Gabriel Valley,11 - Los Angeles,Los Angeles,930000084,Consolidated Facility,-117.91669,34.0857,General Acute Care,Investor - Corporation,General Medical / Surgical,70,25550,668,17528,0,0,0,0,0,0,0,0,6,2190,67,106,1946,0,0,0,0,0,0,0,0,0,0,0,0,0,0,0,0,0,0,0,0,0,0,0,0,76,27740,735,19474,0,0,0,0,0,0,0,0,0,0,0,,0,0,0,0,0,0,0,0,0,76,27740,735,19474,0,0,0,0,0,0,0,0,0,0,0,0,0,0,0,0,0,0,0,0,0,0,0,0,0,0,0,0,,,,,,No,0,0,0,0,0,0,0,0,0,0,0,0,0,0,0,0,0,0,No,0,0,0,0,0,0,0,0,0,0,0,0,0,Respondent,62,2174,0,0,1,0,0,1,,0,0,0,,0,0,NEITHER,0,0,0,0,0,0,0,0,0,0,0,0,0,0,0,0,0,0,0,0,0,0,0,0,0,0,0,0,0,0,0,0,0,0,0,0,0,0,0,,No,50 - 99,Investor,0,0,0,1,0,0,0,0,0,0,0,0,0,0,0,0,1,0,0,0,0,0,0,0,0,0,0,0,,,,Urban,VALINDA/WEST COVINA,106190458,,,,,,
106190462,"AURORA LAS ENCINAS HOSPITAL, LLC",2900 EAST DEL MAR BOULEVARD,PASADENA,91107,626-795-9901,Yes,01/01/2013,12/31/2013,Open,01/01/1946,01/01/1946,,NO,41,25,27,6037463200,78.2mm,San Gabriel Valley,11 - Los Angeles,Los Angeles,930000087,Parent Facility,-118.09039,34.14207,Acute Psychiatric,Investor - Limited Liability Company,Psychiatric,0,0,0,0,0,0,0,0,0,0,0,0,0,0,0,0,0,0,0,0,0,0,0,0,0,0,0,0,0,0,0,0,0,0,0,0,0,0,0,0,0,0,0,0,0,0,0,0,0,118,43070,4185,23096,0,0,0,,0,0,0,0,0,0,0,0,0,118,43070,4185,23096,0,0,0,22,593,2992,0,0,0,0,51,18,69,0,67,2,69,18,4,1,0,3,27,14,0,0,2,69,,,,,,No,0,0,0,0,0,0,0,0,0,0,0,0,0,0,0,0,0,0,No,0,0,0,0,0,0,0,0,0,0,0,0,0,Respondent,0,0,0,0,0,0,0,0,,0,0,0,,0,0,NEITHER,0,0,0,0,0,0,0,0,0,0,0,0,0,0,0,0,0,0,0,0,0,0,0,0,0,0,0,0,0,0,0,0,0,0,0,0,0,0,0,,No,100 - 149,Investor,0,0,0,1,0,0,0,0,0,0,0,0,0,0,0,0,1,0,0,0,0,0,0,0,0,0,0,0,,,,Urban,PASADENA SOUTH/SAN MARINO/SOUTH PASADENA,106190462,,,,,,
106190468,PROMISE HOSPITAL OF EAST LOS ANGELES-EAST L.A. CAMPUS,443 SOUTH SOTO STREET,LOS ANGELES,90033,323-261-1181,Yes,01/01/2013,12/31/2013,Open,01/01/1946,01/01/1946,,NO,53,24,34,6037204600,78.2h,Metro,11 - Los Angeles,Los Angeles,930000088,Parent Facility,-118.21227,34.03996,General Acute Care,Investor - Partnership,General Medical / Surgical,27,9855,291,7500,0,0,0,0,5,1825,0,0,2,730,18,40,713,2,730,18,39,714,0,0,0,0,0,0,0,0,0,0,0,0,0,0,0,0,0,0,0,36,13140,327,8927,0,0,0,0,0,0,0,0,0,0,0,,0,0,0,0,0,0,0,0,0,36,13140,327,8927,0,0,0,0,0,0,0,0,0,0,0,0,0,0,0,0,0,0,0,0,0,0,0,0,0,0,0,0,,,,,,No,0,0,0,0,0,0,0,0,0,0,0,0,0,0,0,0,0,0,No,0,0,0,0,0,0,0,0,0,0,0,0,0,Respondent,102,5466,0,0,0,0,2,2,,0,0,0,,0,0,NEITHER,0,0,0,0,0,0,0,0,0,0,0,0,0,0,0,0,0,0,0,0,0,0,0,0,0,0,0,0,0,0,0,0,0,0,0,0,0,0,0,,No,1 - 49,Investor,0,0,0,1,0,0,0,0,0,0,0,0,0,0,0,0,1,0,0,0,0,0,0,0,0,0,0,0,,,,Urban,BOYLE HEIGHTS CENTRAL/CITY TERRACE WEST,106190468,,,,,,
106190470,PROVIDENCE LITTLE COMPANY OF MARY MC - TORRANCE,4101 TORRANCE BOULEVARD,TORRANCE,90503,310-540-7676,Yes,01/01/2013,12/31/2013,Open,12/21/1959,12/21/1959,,NO,66,26,33,6037650602,78.2u,South Bay,11 - Los Angeles,Los Angeles,930000089,Parent Facility,-118.35708,33.83767,General Acute Care,Non-Profit Corporation (incl. Church-related),General Medical / Surgical,230,83950,13380,46308,22,8030,2797,7638,13,4745,687,1574,28,10220,568,1544,7463,0,0,0,0,0,0,0,0,0,0,0,0,0,0,0,34,12410,237,0,4251,0,0,0,0,327,119355,17669,67234,0,0,0,0,0,0,0,0,115,41975,2224,,23426,0,0,0,0,0,0,0,0,442,161330,19893,90660,0,0,0,0,0,0,22,2448,5651,0,0,0,0,0,0,0,0,0,0,0,0,0,0,0,0,0,0,0,,Yes,YES,,,Yes,Basic,Basic,472,0,3882,0,21485,40,19338,778,10945,11360,56122,12178,68300,29,0,1619,Yes,124,43,23,11,18,18,32,10,18,10,11,41,359,Respondent,3893,605640,4186,370230,0,0,11,11,Yes,2717,124,40,,0,952,CV SURG,2,0,0,106,79,106,79,59,3,0,0,0,0,656,257,489,206,1145,463,1207,0,100,31,0,51,532,132,0,0,0,116,9,0,0,0,36,0,293,2507,,No,300 - 499,Non-Profit Corporation (i,1,0,0,0,0,0,0,0,0,0,0,0,0,0,0,0,1,0,0,0,0,68300,472,3882,21525,20116,22305,0,,,1,Urban,REDONDO BEACH CENTRAL AND SOUTH/TORRANCE WEST CENTRAL,106190470,,,,,,
106190475,COMMUNITY HOSPITAL OF LONG BEACH,1720 TERMINO AVENUE,LONG BEACH,90804,562-498-1000,Yes,01/01/2013,12/31/2013,Open,06/27/2001,01/01/1946,,NO,70,33,47,6037575002,78.2lll,South Bay,11 - Los Angeles,Los Angeles,930000090,Parent Facility,-118.14578,33.78871,General Acute Care,Non-Profit Corporation (incl. Church-related),General Medical / Surgical,100,36500,2537,8930,13,4745,0,0,0,0,0,0,20,7300,210,458,2187,10,3650,0,0,0,0,0,0,0,0,0,0,0,0,0,20,7300,0,0,0,0,0,0,0,163,59495,2747,11117,0,0,0,0,28,10220,1828,8733,17,6205,0,,0,0,0,0,0,0,0,0,0,208,75920,4575,19850,0,0,0,0,0,0,0,0,0,0,24,0,24,0,23,1,24,4,1,14,0,0,1,0,0,0,4,24,,,,,,No,Basic,Basic,2635,4,6184,651,4585,503,3188,980,1835,1525,18427,3663,22090,20,43,685,Yes,207,151,94,89,85,108,70,90,73,138,102,124,1331,Respondent,361,48656,419,48877,0,0,5,5,Yes,0,0,0,,0,0,CATH LAB,0,0,0,0,0,0,0,0,1,0,0,0,0,0,0,0,0,0,0,0,0,0,0,0,0,0,0,0,0,0,0,0,0,0,0,0,0,0,0,,No,200 - 299,Non-Profit Corporation (i,1,0,0,0,0,0,0,0,0,0,0,0,0,0,0,0,1,0,0,0,0,22090,2639,6835,5088,4168,3360,0,,,1,Urban,BIXBY KNOLLS/LONG BEACH CENTRAL,106190475,,,,,,
106190500,MARINA DEL REY HOSPITAL,4650 LINCOLN BOULEVARD,MARINA DEL REY,90292,310-823-8911,Yes,01/01/2013,12/31/2013,Open,04/17/1970,04/17/1970,,NO,5,1,4,6037275302,78.2j,West,11 - Los Angeles,Los Angeles,930000096,Parent Facility,-118.43971,33.98125,General Acute Care,Investor - Corporation,General Medical / Surgical,93,33945,4057,12233,0,0,0,0,0,0,0,0,12,4380,197,404,2156,0,0,0,0,0,0,0,0,0,0,0,0,0,0,0,0,0,0,0,0,0,0,0,0,105,38325,4254,14389,0,0,0,0,40,14600,0,0,0,0,0,,0,0,0,0,0,0,0,0,0,145,52925,4254,14389,15,0,0,0,0,0,0,0,0,0,0,0,0,0,0,0,0,0,0,0,0,0,0,0,0,0,0,0,,,,,,No,Basic,Basic,1125,4,3478,5,4382,9,8226,66,1784,2736,18995,2820,21815,15,0,867,Yes,59,49,24,21,78,93,72,32,33,38,28,57,584,Respondent,1829,330910,2325,192398,0,0,6,6,,0,0,0,,0,0,NEITHER,0,0,0,0,0,0,0,0,0,0,0,0,0,0,0,0,0,0,0,0,0,0,0,0,0,0,0,0,0,0,0,0,0,0,0,0,0,0,0,,No,100 - 149,Investor,1,0,0,0,0,0,0,0,0,0,0,0,0,0,0,0,1,0,0,0,0,21815,1129,3483,4391,8292,4520,0,,,1,Urban,BALDWIN HILLS/CULVER CITY SOUTH/FOX HILLS/LADERA HEIGHTS/MARINA DEL REY/VIEW PARK/WINDSOR HILLS,106190500,,,,,,
106190517,PROVIDENCE TARZANA MEDICAL CENTER,18321 CLARK STREET,TARZANA,91356,818-881-0800,Yes,01/01/2013,12/31/2013,Open,10/02/1973,10/02/1973,,NO,45,27,30,6037139400,78.2yy,San Fernando Valley,11 - Los Angeles,Los Angeles,930000097,Parent Facility,-118.53136,34.16985,General Acute Care,Non-Profit Corporation (incl. Church-related),General Medical / Surgical,154,56210,7224,40261,29,10585,2399,7037,18,6570,1165,3484,17,6205,130,0,904,10,3650,147,0,787,0,0,0,0,0,0,0,0,0,0,21,7665,246,0,3587,0,0,0,0,249,90885,11311,56060,0,0,0,0,0,0,0,0,0,0,0,,0,0,0,0,0,0,0,0,0,249,90885,11311,56060,0,0,0,0,0,0,31,2417,7797,0,0,0,0,0,0,0,0,0,0,0,0,0,0,0,0,0,0,0,,Yes,YES,,,No,Basic,Basic,280,2,2241,20,11768,1261,8125,1820,5603,2492,28017,5595,33612,15,527,415,Yes,141,139,79,24,41,18,13,15,11,38,36,21,576,Respondent,3050,464915,3922,371314,0,0,9,9,,2417,198,35,,0,930,CV SURG,2,0,0,73,1,73,1,57,2,0,0,0,0,134,1304,328,211,462,1515,462,0,131,27,12,19,137,231,26,8,0,194,127,112,26,3,0,0,0,1515,,No,200 - 299,Non-Profit Corporation (i,1,0,0,0,0,0,0,0,0,0,0,0,0,0,0,0,1,0,0,0,0,33612,282,2261,13029,9945,8095,0,,,1,Urban,ENCINO/TARZANA/WARNER CENTER/WOODLAND HILLS,106190517,,,,,,
106190521,MEMORIAL HOSPITAL OF GARDENA,1145 W. REDONDO BEACH BLVD.,GARDENA,90247,310-532-4200,Yes,01/01/2013,12/31/2013,Open,05/13/1949,05/13/1949,,NO,67,23,42,6037603004,78.2iiii,South Bay,11 - Los Angeles,Los Angeles,930000098,Parent Facility,-118.29493,33.89246,General Acute Care,Investor - Partnership,General Medical / Surgical,70,25550,6577,21773,23,8395,1302,3336,0,0,0,0,5,1825,225,300,2287,5,1825,0,0,0,0,0,0,0,0,0,0,0,0,0,0,0,0,0,0,0,0,0,0,103,37595,8104,27396,0,0,0,0,0,0,0,0,69,25185,117,36,24738,0,0,0,0,0,0,0,0,172,62780,8221,52134,0,0,0,0,0,0,18,1139,2738,0,0,0,0,0,0,0,0,0,0,0,0,0,0,0,0,0,0,0,,,,,,No,Basic,Basic,12,0,2302,375,10503,1710,9556,1393,5392,4146,27765,7624,35389,10,0,1704,Yes,33,25,32,0,0,0,0,2,2,1,1,1,97,Respondent,1306,132801,1057,104083,0,0,4,4,Yes,1139,23,4,,0,572,NEITHER,0,0,0,0,0,0,0,0,0,0,0,0,0,0,0,0,0,0,0,0,0,0,0,0,0,0,0,0,0,0,0,0,0,0,0,0,0,0,0,,No,150 - 199,Investor,1,0,0,0,0,0,0,0,0,0,0,0,0,0,0,0,1,0,0,0,0,35389,12,2677,12213,10949,9538,0,,,1,Urban,GARDENA SOUTHEAST/HARBOR GATEWAY CENTRAL/LAWNDALE SOUTH/MONETA/REDONDO BEACH NORTH/TORRANCE NORTH,106190521,,,,,,
106190522,GLENDALE MEMORIAL HOSPITAL AND HEALTH CENTER,1420 SOUTH CENTRAL AVENUE,GLENDALE,91204,818-502-1900,Yes,01/01/2013,12/31/2013,Open,01/01/1946,01/01/1946,,NO,43,25,28,6037302400,78.2ee,San Fernando Valley,11 - Los Angeles,Los Angeles,930000099,Parent Facility,-118.25769,34.1284,General Acute Care,Non-Profit Corporation (incl. Church-related),General Medical / Surgical,180,65700,7324,31724,24,8760,1989,5590,0,0,0,0,12,4380,146,702,2923,12,4380,154,438,2533,0,0,0,0,0,0,0,0,0,0,13,4745,300,0,3072,14,5110,180,2472,255,93075,10093,48314,0,0,0,0,49,17885,50,265,30,10950,0,,0,0,0,0,0,0,0,0,0,334,121910,10143,48579,0,0,0,0,50,265,13,1726,4054,0,48,0,48,0,48,0,48,15,3,14,7,0,0,5,0,0,4,48,,,,,,No,Basic,Basic,1870,11,5990,0,13390,41,5316,1889,579,859,27145,2800,29945,15,11201,748,Yes,245,94,64,35,20,33,21,16,27,26,22,40,643,Respondent,1884,245894,2693,149850,0,0,8,8,Yes,1854,29,1,,0,762,CV SURG,2,0,0,182,9,182,9,100,3,0,0,0,0,553,341,442,232,995,573,1585,0,245,0,229,0,302,109,0,0,1,262,244,803,690,3,38,0,154,4665,,No,300 - 499,Non-Profit Corporation (i,1,0,0,0,0,0,0,0,0,0,0,0,0,0,0,0,1,0,0,0,0,29945,1881,5990,13431,7205,1438,0,,,1,Urban,ATWATER VILLAGE/GLENDALE CENTRAL/GLENDALE SOUTHWEST/GRIFFITH PARK,106190522,,,,,,
106190524,MISSION COMMUNITY HOSPITAL - PANORAMA CAMPUS,14850 ROSCOE BOULEVARD,PANORAMA CITY,91402,818-787-2222,Yes,01/01/2013,12/31/2013,Open,08/13/1965,08/13/1965,,NO,73,36,45,6037120020,78.2zz,San Fernando Valley,11 - Los Angeles,Los Angeles,930000101,Parent Facility,-118.45639,34.22138,General Acute Care,Non-Profit Corporation (incl. Church-related),General Medical / Surgical,75,27375,4030,16753,0,0,0,0,0,0,0,0,5,1825,176,518,1930,5,1825,45,131,482,0,0,0,0,0,0,0,0,0,0,0,0,0,0,0,0,0,0,0,85,31025,4251,19165,0,0,0,0,60,21900,3611,20221,0,0,0,,0,0,0,0,0,0,0,0,0,145,52925,7862,39386,0,0,0,0,0,0,0,0,0,0,60,0,60,0,56,4,60,12,0,20,25,0,1,0,0,0,2,60,,,,,,No,Basic,Basic,1547,8,2085,31,5283,1002,2945,1202,2237,3463,14097,5706,19803,8,0,0,Yes,17,11,10,2,4,5,5,1,1,0,0,0,56,Respondent,1293,143469,1506,48915,0,0,3,3,,0,0,0,,0,0,NEITHER,0,0,0,0,0,0,0,0,0,0,0,0,0,0,0,0,0,0,0,0,0,0,0,0,0,0,0,0,0,0,0,0,0,0,0,0,0,0,0,,No,100 - 149,Non-Profit Corporation (i,1,0,0,0,0,0,0,0,0,0,0,0,0,0,0,0,1,0,0,0,0,19803,1555,2116,6285,4147,5700,0,,,1,Urban,NORTHRIDGE SOUTH/RESEDA NORTH,106190524,,,,,,
106190525,LONG BEACH MEMORIAL MEDICAL CENTER,2801 ATLANTIC AVENUE,LONG BEACH,90806,562-933-2000,Yes,01/01/2013,12/31/2013,Open,07/01/1960,07/01/1960,Level II & Level II - Ped,YES,70,33,47,6037572202,78.2lll,South Bay,11 - Los Angeles,Los Angeles,930000102,Parent Facility,-118.1852,33.80801,General Acute Care,Non-Profit Corporation (incl. Church-related),General Medical / Surgical,317,115705,20130,75438,0,0,0,0,0,0,0,0,61,22265,659,3380,13813,0,0,0,0,0,0,0,0,0,0,0,0,0,0,0,0,0,0,0,0,42,15330,612,8395,420,153300,21401,97646,0,0,0,0,0,0,0,0,42,15330,0,,0,0,0,0,0,0,0,0,0,462,168630,21401,97646,0,0,0,0,0,0,0,0,0,0,0,0,0,0,0,0,0,0,0,0,0,0,0,0,0,0,0,0,,,,,,Yes,Basic,Basic,207,8,295,3,36338,53,32735,11738,1963,6197,71538,17999,89537,53,0,2337,Yes,730,338,422,320,260,370,384,292,124,99,45,137,1620,Respondent,5891,863882,4969,451047,0,0,22,22,,0,0,0,,0,0,CV SURG,3,0,0,286,85,286,85,161,4,0,0,0,0,720,282,591,186,1311,468,1356,0,171,83,75,47,427,23,2,0,3,117,90,127,32,0,29,0,174,2756,Yes,No,300 - 499,Non-Profit Corporation (i,1,0,0,0,1,0,1,0,0,1,0,0,0,0,1,1,0,0,89537,0,0,0,215,298,36391,44473,8160,0,,,1,Urban,BIXBY KNOLLS/LONG BEACH CENTRAL,106190525,,,,,,
106190529,METHODIST HOSPITAL OF SOUTHERN CALIFORNIA,300 WEST HUNTINGTON DRIVE,ARCADIA,91007,626-898-8000,Yes,01/01/2013,12/31/2013,Open,05/23/1957,05/23/1957,,NO,22,13,14,6037430721,78.2xxx,San Gabriel Valley,11 - Los Angeles,Los Angeles,930000103,Parent Facility,-118.03879,34.13603,General Acute Care,Non-Profit Corporation (incl. Church-related),General Medical / Surgical,445,162425,12662,48398,24,8760,1953,5191,0,0,0,0,29,10585,269,654,3780,10,3650,133,385,2258,10,3650,56,184,1090,0,0,0,0,0,17,6205,90,59,876,20,7300,533,6304,555,202575,15696,67897,0,0,0,0,0,0,0,0,26,9490,953,0,8565,0,0,0,0,0,0,0,0,581,212065,16649,76462,0,0,0,0,0,0,0,1748,3996,0,0,0,0,0,0,0,0,0,0,0,0,0,0,0,0,0,0,0,,Yes,YES,,,No,Basic,Basic,3135,3,3467,28,7965,18,18286,83,3475,8373,36328,8505,44833,38,3069,449,Yes,28,22,2,4,0,0,0,0,0,0,0,1,57,Respondent,3839,413912,2361,164737,0,0,12,12,,1805,60,10,,0,586,CV SURG,6,54,23,54,23,108,46,56,3,0,0,0,0,410,222,297,55,707,277,277,0,125,816,87,57,515,192,0,0,0,0,0,1250,146,64,0,2,36,3567,,No,500+,Non-Profit Corporation (i,1,0,0,0,0,0,0,0,0,0,0,0,0,0,0,0,1,0,0,0,0,44833,3138,3495,7983,18369,11848,0,,,1,Urban,ARCADIA CENTRAL AND NORTHEAST/BRADBURY/MONROVIA/SIERRA MADRE,106190529,,,,,,
106190534,OLYMPIA MEDICAL CENTER,5900 WEST OLYMPIA BLVD,LOS ANGELES,90036,310-657-5900,Yes,01/01/2013,12/31/2013,Open,11/25/1947,11/25/1947,,NO,50,26,33,6037216300,78.2x,Metro,11 - Los Angeles,Los Angeles,930000105,Parent Facility,-118.3598956,34.0575076,General Acute Care,Investor - Limited Liability Company,General Medical / Surgical,192,70080,5870,26436,0,0,0,0,0,0,0,0,6,2190,92,243,1429,6,2190,92,243,1428,0,0,0,0,0,0,0,0,0,0,0,0,0,0,0,0,0,0,0,204,74460,6054,29293,0,0,0,0,0,0,0,0,0,0,0,0,0,0,0,0,0,0,0,0,0,204,74460,6054,29293,0,0,0,0,0,0,0,0,0,0,0,0,0,0,0,0,0,0,0,0,0,0,0,0,0,0,0,0,,,,,,No,Basic,Basic,637,0,4301,5,10555,45,3670,1784,826,2378,19989,4212,24201,16,0,101,Yes,81,48,18,0,1,5,0,4,1,3,4,7,172,Respondent,1102,173533,2391,188224,0,0,8,8,Yes,0,0,0,,0,0,NEITHER,0,0,0,0,0,0,0,0,0,0,0,0,0,0,0,0,0,0,0,0,0,0,0,0,0,0,0,0,0,0,0,0,0,0,0,0,0,0,0,,No,200 - 299,Investor,1,0,0,0,0,0,0,0,0,0,0,0,0,0,0,0,1,0,0,0,0,24201,637,4306,10600,5454,3204,0,,,1,Urban,HANCOCK PARK/MID-CITY WEST/PARK LA BREA,106190534,,,,,,
106190541,MONROVIA MEMORIAL HOSPITAL,323 SOUTH HELIOTROPE AVENUE,MONROVIA,91016,626-408-9800,Yes,01/01/2013,12/31/2013,Open,10/03/2008,01/01/1946,,NO,49,22,27,6037431001,78.2xxx,San Gabriel Valley,11 - Los Angeles,Los Angeles,930000107,Parent Facility,-117.99225,34.1491,General Acute Care,Investor - Limited Liability Company,General Medical / Surgical,45,16425,736,12141,0,0,0,0,0,0,0,0,4,1460,58,103,1407,0,0,0,0,0,0,0,0,0,0,0,0,0,0,0,0,0,0,0,0,0,0,0,0,49,17885,794,13548,0,0,0,0,0,0,0,0,0,0,0,,0,0,0,0,0,0,0,0,0,49,17885,794,13548,0,0,0,0,0,0,0,0,0,0,0,0,0,0,0,0,0,0,0,0,0,0,0,0,0,0,0,0,,,,,,No,0,0,0,0,0,0,0,0,0,0,0,0,0,0,0,0,0,0,No,0,0,0,0,0,0,0,0,0,0,0,0,0,Respondent,411,46269,333,11533,0,0,2,2,,0,0,0,,0,0,NEITHER,0,0,0,0,0,0,0,0,0,0,0,0,0,0,0,0,0,0,0,0,0,0,0,0,0,0,0,0,0,0,0,0,0,0,0,0,0,0,0,,No,1 - 49,Investor,0,0,0,1,0,0,0,0,0,0,0,0,0,0,0,0,1,0,0,0,0,0,0,0,0,0,0,0,,,,Urban,ARCADIA CENTRAL AND NORTHEAST/BRADBURY/MONROVIA/SIERRA MADRE,106190541,,,,,,
106190547,MONTEREY PARK HOSPITAL,900 SOUTH ATLANTIC BOULEVARD,MONTEREY PARK,91754-4780,626-570-9000,Yes,01/01/2013,12/31/2013,Open,12/04/1972,12/04/1972,,NO,33,23,8,6037482102,78.2nn,San Gabriel Valley,11 - Los Angeles,Los Angeles,930000108,Parent Facility,-118.13665,34.05308,General Acute Care,Investor - Partnership,General Medical / Surgical,83,30295,2730,9042,8,2920,1453,3984,6,2190,221,590,4,1460,80,190,1195,0,0,0,0,0,0,0,0,0,0,0,0,0,0,0,0,0,0,0,0,0,0,0,0,101,36865,4484,14811,0,0,0,0,0,0,0,0,0,0,0,0,0,0,0,0,0,0,0,0,0,101,36865,4484,14811,0,0,0,0,0,0,30,1408,3434,0,0,0,0,0,0,0,0,0,0,0,0,0,0,0,0,0,0,0,,,,,,No,Basic,Basic,374,1,1903,0,4889,5,4256,58,1140,1880,12562,1944,14506,6,0,198,Yes,315,130,30,8,12,5,8,6,8,12,17,21,572,Respondent,1419,115970,1177,80226,0,0,3,3,Yes,1409,22,0,,0,689,NEITHER,0,0,0,0,0,0,0,0,0,0,0,0,0,0,0,0,0,0,0,0,0,0,0,0,0,0,0,0,0,0,0,0,0,0,0,0,0,0,0,,No,100 - 149,Investor,1,0,0,0,0,0,0,0,0,0,0,0,0,0,0,0,1,0,0,0,0,14506,375,1903,4894,4314,3020,0,,,1,Urban,MONTEBELLO NORTH/MONTEREY PARK/SOUTH SAN GABRIEL,106190547,,,,,,
106190552,MOTION PICTURE AND TELEVISION HOSPITAL,23388 MULHOLLAND DRIVE,WOODLAND HILLS,91364,818-876-4169,Yes,01/01/2013,12/31/2013,Open,03/20/1946,03/20/1946,,NO,18,9,13,6037137402,78.2yy,San Fernando Valley,11 - Los Angeles,Los Angeles,930000109,Parent Facility,-118.63644,34.1586,General Acute Care,Non-Profit Corporation (incl. Church-related),General Medical / Surgical,57,20805,151,566,0,0,0,0,0,0,0,0,4,1460,0,0,0,0,0,0,0,0,0,0,0,0,0,0,0,0,0,0,0,0,0,0,0,0,0,0,0,61,22265,151,566,0,0,0,0,0,0,0,0,189,68985,86,,24920,0,0,0,0,0,0,0,0,250,91250,237,25486,0,0,0,0,0,0,0,0,0,0,0,0,0,0,0,0,0,0,0,0,0,0,0,0,0,0,0,0,,,,,,Yes,0,0,0,0,0,0,0,0,0,0,0,0,0,0,0,0,0,0,No,0,0,0,0,0,0,0,0,0,0,0,0,0,Respondent,7,508,2521,56590,0,0,2,2,,0,0,0,,0,0,NEITHER,0,0,0,0,0,0,0,0,0,0,0,0,0,0,0,0,0,0,0,0,0,0,0,0,0,0,0,0,0,0,0,0,0,0,0,0,0,0,0,,No,200 - 299,Non-Profit Corporation (i,0,0,0,1,0,0,0,0,0,0,0,0,0,0,0,0,1,0,0,0,0,0,0,0,0,0,0,0,,,,Urban,ENCINO/TARZANA/WARNER CENTER/WOODLAND HILLS,106190552,,,,,,
106190555,CEDARS SINAI MEDICAL CENTER,8700 BEVERLY BOULEVARD,LOS ANGELES,90048,323-421-5000,Yes,01/01/2013,12/31/2013,Open,08/15/1955,08/15/1955,Level I & Level II - Ped,YES,50,26,33,6037214900,78.2x,Metro,11 - Los Angeles,Los Angeles,930000110,Parent Facility,-118.38027,34.07673,General Acute Care,Non-Profit Corporation (incl. Church-related),General Medical / Surgical,591,213931,36670,177330,64,23360,6777,19216,31,11315,1496,3460,126,44652,829,6480,21327,0,2676,174,748,2499,0,2676,228,535,4075,0,0,0,0,0,45,16425,449,134,9274,29,10585,709,7605,886,325620,47332,244786,0,0,0,0,0,0,0,0,0,0,0,0,0,0,0,0,0,0,0,0,0,886,325620,47332,244786,0,0,0,0,0,0,80,6137,14469,0,0,0,0,0,0,0,0,0,0,0,0,0,0,0,0,0,0,0,,,,,,No,Basic,Basic,4258,17,13038,46,22678,143,16898,762,1099,24921,57971,25889,83860,51,0,2864,Yes,37,35,45,16,5,22,3,7,0,7,9,13,199,Respondent,16213,3276960,13800,1435140,0,6,36,42,,6704,530,90,,0,2263,CV SURG,6,2,13,794,188,796,201,215,9,11,32,4,0,3173,863,1709,244,4897,1139,4786,951,368,152,134,130,1209,51,28,6,302,557,479,238,154,20,47,30,445,10087,Yes,No,500+,Non-Profit Corporation (i,1,0,0,0,1,1,0,0,0,1,0,0,0,0,1,1,0,83860,0,0,0,0,4275,13084,22821,17660,26020,0,,,1,Urban,HANCOCK PARK/MID-CITY WEST/PARK LA BREA,106190555,,,,,,
106190568,NORTHRIDGE HOSPITAL MEDICAL CENTER,18300 ROSCOE BOULEVARD,NORTHRIDGE,91325,818-885-8500,Yes,01/01/2013,12/31/2013,Open,10/07/1955,10/07/1955,Level II & Level II - Ped,NO,45,27,30,6037131400,78.2zz,San Fernando Valley,11 - Los Angeles,Los Angeles,930000114,Parent Facility,-118.53186,34.22075,General Acute Care,Non-Profit Corporation (incl. Church-related),General Medical / Surgical,218,79570,9761,37087,35,12775,1569,4736,12,4510,1046,2406,24,8760,211,496,3028,22,8030,179,541,2705,0,0,0,0,0,0,0,0,0,0,22,8030,224,641,2798,36,13140,249,4501,369,134815,13239,57261,0,0,0,0,40,14600,1671,9228,0,0,0,,0,0,0,0,0,0,0,0,0,409,149415,14910,66489,0,0,0,0,0,0,22,1448,3584,0,18,0,18,1,11,6,18,4,7,1,0,0,0,6,0,0,0,18,,,,,,No,Basic,Basic,2266,3,11807,31,20944,109,8986,9874,2228,1874,46231,11891,58122,25,0,812,Yes,138,135,127,82,57,64,56,31,50,60,63,97,960,Respondent,3292,487545,2164,185134,0,0,12,12,Yes,1502,89,10,,0,597,CV SURG,3,0,0,72,18,72,18,65,3,0,0,0,0,140,560,430,110,570,670,800,0,65,40,20,16,300,41,7,0,0,0,0,180,140,0,22,0,0,1631,Yes,No,300 - 499,Non-Profit Corporation (i,1,0,0,0,1,0,1,0,0,1,0,0,0,0,1,1,0,0,58122,0,0,0,2269,11838,21053,18860,4102,0,,,1,Urban,NORTHRIDGE SOUTH/RESEDA NORTH,106190568,,,,,,
106190570,NORWALK COMMUNITY HOSPITAL,13222 BLOOMFIELD AVENUE,NORWALK,90650,562-863-4763,Yes,01/01/2013,12/31/2013,Open,02/28/1955,02/28/1955,,NO,57,32,38,6037552300,78.2jjjj,East,11 - Los Angeles,Los Angeles,930000039,Consolidated Facility,-118.0644,33.91108,General Acute Care,Investor - Limited Liability Company,General Medical / Surgical,37,13505,2684,12859,0,0,0,0,7,2555,0,0,6,2190,151,299,1885,0,0,0,0,0,0,0,0,0,0,0,0,0,0,0,0,0,0,0,0,0,0,0,0,50,18250,2835,14744,0,0,0,0,0,0,0,0,0,0,0,,0,0,0,0,0,0,0,0,0,50,18250,2835,14744,0,0,0,0,0,0,0,0,0,0,0,0,0,0,0,0,0,0,0,0,0,0,0,0,0,0,0,0,,,,,,No,Basic,Basic,652,5,941,17,1559,79,700,651,749,1518,4601,2270,6871,4,0,38,No,0,0,0,0,0,0,0,0,0,0,0,0,0,Respondent,770,48455,254,15417,0,0,2,2,,0,0,0,,0,0,NEITHER,0,0,0,0,0,0,0,0,0,0,0,0,0,0,0,0,0,0,0,0,0,0,0,0,0,0,0,0,0,0,0,0,0,0,0,0,0,0,0,,No,50 - 99,Investor,1,0,0,0,0,0,0,0,0,0,0,0,0,0,0,0,1,0,0,0,0,6871,657,958,1638,1351,2267,0,,,,Urban,NORWALK/STUDEBAKER,106190570,,,,,,
106190587,COLLEGE MEDICAL CENTER,2776 PACIFIC AVENUE,LONG BEACH,90806,562-256-8377,Yes,01/01/2013,10/08/2013,Open,06/13/1956,06/13/1956,,NO,70,33,47,6037572202,78.2lll,South Bay,11 - Los Angeles,Los Angeles,930000117,Parent Facility,-118.19355,33.80759,General Acute Care,Investor - Corporation,General Medical / Surgical,55,20075,1734,5137,13,4745,533,1585,0,0,0,0,8,2920,602,169,2236,8,2920,0,0,0,0,0,0,0,0,0,0,0,0,0,0,0,0,0,0,0,0,0,0,84,30660,2869,8958,0,0,0,0,73,26645,3434,22377,0,3213,0,,0,0,0,0,0,0,0,0,0,157,60518,6303,31335,0,0,0,0,0,0,9,503,1544,0,62,0,62,0,55,7,62,17,1,35,0,0,3,0,0,0,6,62,,,,,,No,Basic,Basic,261,113,965,461,4062,2359,2205,1584,1277,3075,8770,7592,16362,7,885,471,Yes,319,214,99,21,46,69,27,18,30,29,20,22,914,Respondent,1097,159024,1615,61943,0,0,5,5,,507,40,0,,0,135,NEITHER,0,0,0,0,0,0,0,0,0,0,0,0,0,0,0,0,0,0,0,0,0,0,0,0,0,0,0,0,0,0,0,0,0,0,0,0,0,0,0,Yes,No,150 - 199,Investor,1,0,0,0,0,0,0,0,0,0,0,0,0,0,0,0,1,0,0,0,0,16362,374,1426,6421,3789,4352,0,,,1,Urban,BIXBY KNOLLS/LONG BEACH CENTRAL,106190587,,,,,,
106190599,PROMISE HOSPITAL OF EAST LOS ANGELES-SUBURBAN CAMPUS,16453 SOUTH COLORADO AVENUE,PARAMOUNT,90723,562-531-3110,Yes,01/01/2013,12/31/2013,Open,02/15/2005,11/11/1971,,NO,63,33,40,6037553802,78.2m,South,11 - Los Angeles,Los Angeles,930000088,Consolidated Facility,-118.16153,33.8849,General Acute Care,Investor - Partnership,General Medical / Surgical,165,60225,1205,38464,0,0,0,0,0,0,0,0,7,2555,80,217,2221,5,1825,58,155,1587,0,0,0,0,0,0,0,0,0,0,0,0,0,0,0,0,0,0,0,177,64605,1343,42272,0,0,0,0,0,0,0,0,0,0,0,,0,0,0,0,0,0,0,0,0,177,64605,1343,42272,0,0,0,0,0,0,0,0,0,0,0,0,0,0,0,0,0,0,0,0,0,0,0,0,0,0,0,0,,,,,,No,0,0,0,0,0,0,0,0,0,0,0,0,0,0,0,0,0,0,No,0,0,0,0,0,0,0,0,0,0,0,0,0,Respondent,536,30148,0,0,5,0,0,5,,0,0,0,,0,0,NEITHER,0,0,0,0,0,0,0,0,0,0,0,0,0,0,0,0,0,0,0,0,0,0,0,0,0,0,0,0,0,0,0,0,0,0,0,0,0,0,0,,No,150 - 199,Investor,0,0,0,1,0,0,0,0,0,0,0,0,0,0,0,0,1,0,0,0,0,0,0,0,0,0,0,0,,,,Urban,BELLFLOWER/PARAMOUNT SOUTH,106190599,,,,,,
106190630,POMONA VALLEY HOSPITAL MEDICAL CENTER,1798 NORTH GAREY AVENUE,POMONA,91767,909-865-9500,Yes,01/01/2013,12/31/2013,Open,01/01/1946,01/01/1946,,NO,52,20,35,6037402102,78.2tt,San Gabriel Valley,11 - Los Angeles,Los Angeles,930000128,Parent Facility,-117.75234,34.07852,General Acute Care,Non-Profit Corporation (incl. Church-related),General Medical / Surgical,190,69350,10656,43319,84,30660,7014,19214,34,12410,1396,3315,26,9490,496,1544,7137,12,4380,188,782,2801,0,0,0,0,0,0,0,0,0,0,53,19345,817,1443,17009,0,0,0,0,399,145635,20567,92795,0,0,0,0,0,0,0,0,38,13870,0,0,0,0,0,0,0,0,0,0,0,437,159505,20567,92795,0,0,0,0,0,0,41,5662,13062,0,0,0,0,0,0,0,0,0,0,0,0,0,0,0,0,0,0,0,,,,,,No,Basic,Basic,248,5,9682,29,34875,56,24988,3161,4736,6615,74529,9866,84395,50,0,1294,Yes,78,47,25,41,27,26,10,4,2,2,7,8,277,Respondent,3315,395522,6578,483278,0,0,10,10,,6492,475,103,Yes,4008,2484,CV SURG,1,0,0,149,6,149,6,102,3,0,0,0,0,302,220,484,115,786,335,786,0,124,43,71,12,335,300,1,0,0,50,41,4,8,9,15,0,0,1799,Yes,No,300 - 499,Non-Profit Corporation (i,1,0,0,0,0,0,0,0,0,0,0,0,0,0,0,0,1,0,0,0,0,84395,253,9711,34931,28149,11351,0,1,,1,Urban,CLAREMONT/LA VERNE/POMONA NORTHWEST/SAN DIMAS,106190630,,,,,,
106190631,PRESBYTERIAN INTERCOMMUNITY HOSPITAL,12401 EAST WASHINGTON BLVD.,WHITTIER,90602,562-698-0811-14800,Yes,01/01/2013,12/31/2013,Open,01/15/1959,01/15/1959,,NO,57,32,38,6037502100,78.2uu,East,11 - Los Angeles,Los Angeles,930000129,Parent Facility,-118.04671,33.96775,General Acute Care,Non-Profit Corporation (incl. Church-related),General Medical / Surgical,324,105660,12386,40566,32,11680,4243,9973,34,12410,631,1236,72,15480,223,1861,5456,0,0,0,0,0,0,0,0,0,0,0,0,0,0,0,34,12410,462,0,6090,17,6205,232,2873,513,163845,18177,66194,0,0,0,0,0,0,0,0,35,12775,687,,6990,0,0,0,0,0,0,0,0,548,176620,18864,73184,0,0,0,0,0,0,0,3726,7122,0,0,0,0,0,0,0,0,0,0,0,0,0,0,0,0,0,0,0,,,,,,Yes,Basic,Basic,832,0,4244,0,25934,0,24665,5927,3858,5259,59533,11186,70719,61,0,1406,Yes,50,22,15,4,9,3,6,10,7,17,2,11,156,Respondent,4300,573627,9141,603149,10,4,0,14,Yes,4037,247,33,,0,1562,CV SURG,2,0,0,191,0,191,0,151,3,0,0,0,0,505,444,351,222,856,666,1286,0,165,0,65,0,352,35,0,0,0,45,46,318,3,0,20,0,97,2432,Yes,No,500+,Non-Profit Corporation (i,1,0,0,0,0,0,0,0,0,0,0,0,0,0,0,0,1,0,0,0,0,70719,832,4244,25934,30592,9117,0,,,1,Urban,LA HABRA HEIGHTS/WHITTIER,106190631,,,,,,
106190636,CITRUS VALLEY MEDICAL CENTER - QV CAMPUS,1115 SOUTH SUNSET AVENUE,WEST COVINA,91790,626-331-7331-17577,Yes,01/01/2013,12/31/2013,Open,12/16/1962,12/16/1962,,NO,48,22,32,6037406700,78.2www,San Gabriel Valley,11 - Los Angeles,Los Angeles,930000131,Parent Facility,-117.94528,34.06242,General Acute Care,Non-Profit Corporation (incl. Church-related),General Medical / Surgical,197,71905,9606,33488,40,14600,4048,8003,18,6570,1013,2213,12,4380,213,628,3233,6,2190,102,383,1393,0,0,0,0,0,0,0,0,0,0,40,14600,538,9,10358,12,4380,232,3515,325,118625,15752,62203,0,0,0,0,0,0,0,0,0,0,0,0,0,0,0,0,0,0,0,0,0,325,118625,15752,62203,0,0,0,0,0,0,50,3658,7502,0,0,0,0,0,0,0,0,0,0,0,0,0,0,0,0,0,0,0,,,,,,No,Basic,Basic,121,0,2853,0,15413,9,15589,12,11156,8758,45132,8779,53911,30,0,2132,Yes,73,60,24,23,38,15,10,4,26,8,6,20,307,Respondent,2696,302939,2645,212371,0,0,7,7,Yes,4100,211,55,Yes,2539,1561,CATH LAB,0,0,0,0,0,0,0,0,0,0,0,0,0,0,0,0,0,0,0,0,0,0,0,0,0,0,0,0,0,0,0,0,0,0,0,0,0,0,0,,No,300 - 499,Non-Profit Corporation (i,1,0,0,0,0,0,0,0,0,0,0,0,0,0,0,0,1,0,0,0,0,53911,121,2853,15422,15601,19914,0,,1,1,Urban,VALINDA/WEST COVINA,106190636,,,,,,
106190646,KAISER FND HOSP - MENTAL HEALTH CENTER,765 COLLEGE STREET,LOS ANGELES,90012,323-783-4100-8100,Yes,01/01/2013,12/31/2013,Open,01/01/1946,01/01/1946,,NO,51,24,34,6037197700,78.2ff,Metro,11 - Los Angeles,Los Angeles,930000077,Consolidated Facility,-118.24333,34.06615,General Acute Care,Non-Profit Corporation (incl. Church-related),Psychiatric,0,0,0,0,0,0,0,0,0,0,0,0,0,0,0,0,0,0,0,0,0,0,0,0,0,0,0,0,0,0,0,0,0,0,0,0,0,0,0,0,0,0,0,0,0,0,0,0,0,68,24820,2993,19243,0,0,0,,0,0,0,0,0,0,0,0,0,68,24820,2993,19243,0,0,0,0,0,0,0,0,0,0,48,0,48,0,42,6,48,1,13,2,1,0,0,29,0,2,0,48,,,,,,No,0,0,0,0,0,0,0,0,0,0,0,0,0,0,0,0,0,0,No,0,0,0,0,0,0,0,0,0,0,0,0,0,Respondent,0,0,0,0,0,0,0,0,,0,0,0,,0,0,NEITHER,0,0,0,0,0,0,0,0,0,0,0,0,0,0,0,0,0,0,0,0,0,0,0,0,0,0,0,0,0,0,0,0,0,0,0,0,0,0,0,,No,50 - 99,Non-Profit Corporation (i,0,0,0,1,0,0,0,0,0,0,0,0,0,0,0,0,1,0,0,0,0,0,0,0,0,0,0,0,,,,Urban,GLASSELL PARK/GLENDALE SOUTHEAST/SILVERLAKE NORTH,106190646,,,,,,
106190661,SILVER LAKE MEDICAL CENTER-DOWNTOWN CAMPUS,1711 WEST TEMPLE STREET,LOS ANGELES,90026,213-989-6100,Yes,01/01/2013,12/31/2013,Open,07/07/1999,10/21/1974,,NO,51,24,34,6037195720,78.2ffff,Metro,11 - Los Angeles,Los Angeles,930000137,Parent Facility,-118.26324,34.06879,General Acute Care,Investor - Corporation,General Medical / Surgical,75,27375,0,0,0,0,0,0,0,0,0,0,12,4380,0,0,0,0,0,0,0,0,0,0,0,0,0,0,0,0,0,0,0,0,0,0,0,0,0,0,0,87,31755,0,0,0,0,0,0,29,10585,0,0,0,0,0,,0,0,0,0,0,0,0,0,0,116,42340,0,0,0,0,0,0,0,0,0,0,0,0,28,0,28,0,28,0,28,19,0,9,0,0,0,0,0,0,0,28,,,,,,No,0,0,0,0,0,0,0,0,0,0,0,0,0,0,0,0,0,0,No,0,0,0,0,0,0,0,0,0,0,0,0,0,Respondent,0,0,484,28496,0,0,7,7,Yes,0,0,0,,0,0,NEITHER,0,0,0,0,0,0,0,0,0,0,0,0,0,0,0,0,0,0,0,0,0,0,0,0,0,0,0,0,0,0,0,0,0,0,0,0,0,0,0,,No,100 - 149,Investor,0,0,0,1,0,0,0,0,0,0,0,0,0,0,0,0,1,0,0,0,0,0,0,0,0,0,0,0,,,,Urban,BOYLE HEIGHTS NORTHWEST/CHINATOWN/DOWNTOWN NORTHWEST/LITTLE TOKYO/WESTLAKE,106190661,,,,,,
106190673,SAN DIMAS COMMUNITY HOSPITAL,1350 WEST COVINA BOULEVARD,SAN DIMAS,91773,909-599-6811,Yes,01/01/2013,12/31/2013,Open,10/30/1972,10/30/1972,,NO,41,25,32,6037401312,78.2tt,San Gabriel Valley,11 - Los Angeles,Los Angeles,930000139,Parent Facility,-117.83218,34.09922,General Acute Care,Investor - Limited Liability Company,General Medical / Surgical,86,31390,3474,10989,7,2555,419,995,0,0,0,0,8,2920,180,314,1852,0,0,0,0,0,0,0,0,0,0,0,0,0,0,0,0,0,0,0,0,0,0,0,0,101,36865,4073,13836,0,0,0,0,0,0,0,0,0,0,0,,0,0,0,0,0,0,0,0,0,101,36865,4073,13836,0,0,0,0,0,0,0,416,825,0,0,0,0,0,0,0,0,0,0,0,0,0,0,0,0,0,0,0,,,,,,No,Basic,Basic,0,0,0,0,0,0,0,0,12098,3241,12098,3241,15339,8,0,451,Yes,3,0,0,0,0,0,1,1,0,0,0,0,5,Respondent,973,54006,954,39442,0,0,5,5,,416,12,2,,0,161,NEITHER,0,0,0,0,0,0,0,0,0,0,0,0,0,0,0,0,0,0,0,0,0,0,0,0,0,0,0,0,0,0,0,0,0,0,0,0,0,0,0,,No,100 - 149,Investor,1,0,0,0,0,0,0,0,0,0,0,0,0,0,0,0,1,0,0,0,0,15339,0,0,0,0,15339,0,,,1,Urban,CLAREMONT/LA VERNE/POMONA NORTHWEST/SAN DIMAS,106190673,,,,,,
106190680,PROVIDENCE LITTLE COMPANY OF MARY MC - SAN PEDRO,1300 WEST SEVENTH STREET,SAN PEDRO,90732,310-514-5494,Yes,01/01/2013,12/31/2013,Open,01/01/1946,01/01/1946,,NO,70,35,44,6037609900,78.2o,South Bay,11 - Los Angeles,Los Angeles,930000142,Parent Facility,-118.30557,33.73798,General Acute Care,Non-Profit Corporation (incl. Church-related),General Medical / Surgical,104,37960,4693,15669,22,8030,621,1570,0,0,0,0,12,4380,143,515,1976,0,0,0,0,0,0,0,0,0,0,0,0,0,0,0,0,0,0,0,0,20,7300,298,4290,158,57670,5755,23505,48,17520,417,3777,25,9125,548,6955,125,45625,194,,34952,0,0,0,0,0,0,0,0,356,129940,6914,69189,0,0,0,0,0,0,18,621,1343,0,23,0,23,0,11,12,23,11,5,4,1,0,0,2,0,0,0,23,,,,,,No,Basic,Basic,251,0,1995,1,15337,18,11068,291,5189,3478,33840,3788,37628,16,251,508,Yes,31,21,15,15,1,8,11,8,12,1,5,21,149,Respondent,904,126077,1516,128115,0,0,6,6,,625,12,3,,0,192,NEITHER,0,0,0,0,0,0,0,0,0,0,0,0,0,0,0,0,0,0,0,0,0,0,0,0,0,0,0,0,0,0,0,0,0,0,0,0,0,0,0,,No,300 - 499,Non-Profit Corporation (i,1,0,0,0,0,0,0,0,0,0,0,0,0,0,0,0,1,0,0,0,0,37628,251,1996,15355,11359,8667,0,,,1,Urban,MIRALESTE/PALO VERDES ESTATES/PORTUGUESE BEND/RANCHO PALOS VERDES/ROLLING HILLS/SAN PEDRO WEST,106190680,,,,,,
106190681,MIRACLE MILE MEDICAL CENTER,6000 SAN VICENTE BOULEVARD,LOS ANGELES,90036,323-930-1040,Yes,01/01/2013,12/31/2013,Open,07/08/1954,07/08/1954,,NO,74,37,48,6037216900,78.2x,Metro,11 - Los Angeles,Los Angeles,930000143,Parent Facility,-118.36195,34.0572,General Acute Care,Investor - Limited Liability Company,General Medical / Surgical,17,6205,271,577,0,0,0,0,0,0,0,0,0,0,0,0,0,0,0,0,0,0,0,0,0,0,0,0,0,0,0,0,0,0,0,0,0,0,0,0,0,17,6205,271,577,0,0,0,0,0,0,0,0,0,0,0,0,0,0,0,0,0,0,0,0,0,17,6205,271,577,0,0,0,0,0,0,0,0,0,0,0,0,0,0,0,0,0,0,0,0,0,0,0,0,0,0,0,0,,,,,,No,0,0,0,0,0,0,0,0,0,0,0,0,0,0,0,0,0,0,No,0,0,0,0,0,0,0,0,0,0,0,0,0,Respondent,250,35677,846,20707,0,0,1,1,,0,0,0,,0,0,NEITHER,0,0,0,0,0,0,0,0,0,0,0,0,0,0,0,0,0,0,0,0,0,0,0,0,0,0,0,0,0,0,0,0,0,0,0,0,0,0,0,,No,1 - 49,Investor,0,0,0,1,0,0,0,0,0,0,0,0,0,0,0,0,1,0,0,0,0,0,0,0,0,0,0,0,,,,Urban,HANCOCK PARK/MID-CITY WEST/PARK LA BREA,106190681,,,,,,
106190687,SANTA MONICA - UCLA MEDICAL CENTER AND ORTHOPAEDIC HOSPITAL,1250 16TH STREET,SANTA MONICA,90404,310-319-4171,Yes,01/01/2013,12/31/2013,Open,01/01/1946,01/01/1946,,NO,50,26,33,6037701502,78.2kkkk,West,11 - Los Angeles,Los Angeles,930000146,Parent Facility,-118.48623,34.02755,General Acute Care,University of California,General Medical / Surgical,176,64240,13864,60696,26,9490,1928,6782,25,9174,1604,4733,22,8030,426,871,5603,0,0,0,0,0,0,0,0,0,0,0,0,0,0,0,16,5840,126,55,2711,0,0,0,0,265,96774,17948,80525,0,0,0,0,0,0,0,0,0,0,0,,0,0,0,0,0,0,0,0,0,265,96774,17948,80525,0,0,0,0,0,0,35,1585,4155,0,0,0,0,0,0,0,0,0,0,0,0,0,0,0,0,0,0,0,,,,,,No,Basic,Basic,5081,15,5130,10,9485,43,10085,150,1788,6457,31569,6675,38244,21,0,386,Yes,0,0,0,0,0,0,0,3,2,0,0,0,5,Respondent,4434,792950,9816,577364,0,0,13,13,Yes,1735,28,4,Yes,1099,636,CV SURG,1,0,0,0,27,0,27,0,1,0,0,0,0,304,1735,140,436,444,2171,444,0,75,8,6,1,402,249,200,2,1,0,0,110,43,1,14,4,1058,2618,,No,200 - 299,University of California,1,0,0,0,0,0,0,0,0,0,0,0,0,0,0,0,1,0,0,0,0,38244,5096,5140,9528,10235,8245,0,,1,1,Urban,SANTA MONICA CENTRAL/SAWTELLE/WEST LOS ANGELES,106190687,,,,,,
106190696,PACIFICA HOSPITAL OF THE VALLEY,9449 SAN FERNANDO ROAD,SUN VALLEY,91352,818-767-3310,Yes,01/01/2013,12/31/2013,Open,12/30/1946,12/30/1946,,NO,39,18,29,6037121210,78.2ppp,San Fernando Valley,11 - Los Angeles,Los Angeles,930000148,Parent Facility,-118.39555,34.24088,General Acute Care,Investor - Corporation,General Medical / Surgical,48,17520,2431,7726,16,5840,473,1444,24,8760,183,384,7,2555,164,296,2170,0,0,0,0,0,0,0,0,0,0,0,0,0,0,0,0,0,0,0,0,0,0,0,0,95,34675,3251,11724,0,0,0,0,38,13870,2050,14186,98,35770,97,,25844,0,0,0,0,0,0,0,0,231,84315,5398,51754,0,0,0,0,0,0,419,419,1152,49,37,0,37,0,35,2,37,5,0,30,0,0,2,0,0,0,0,37,,,,,,No,Basic,Basic,2967,9,4190,42,1931,160,1143,277,1022,2178,11253,2666,13919,7,0,819,Yes,139,56,62,44,51,135,90,56,80,66,79,84,942,Respondent,545,22778,255,11404,0,0,3,3,Yes,424,36,4,,0,226,CATH LAB,1,0,0,0,0,0,0,0,0,0,0,0,0,0,0,0,0,0,0,0,0,0,0,0,0,0,0,0,0,0,0,0,0,0,0,0,0,0,0,,No,200 - 299,Investor,1,0,0,0,0,0,0,0,0,0,0,0,0,0,0,0,1,0,0,0,0,13919,2976,4232,2091,1420,3200,0,,,1,Urban,PACOIMA EAST/SUN VALLEY WEST,106190696,,,,,,
106190708,SHERMAN OAKS HOSPITAL,4929 VAN NUYS BOULEVARD,SHERMAN OAKS,91403,818-981-7111-4540,Yes,01/01/2013,12/31/2013,Open,03/05/1958,03/05/1958,,NO,46,18,30,6037128910,78.2jj,San Fernando Valley,11 - Los Angeles,Los Angeles,930000149,Parent Facility,-118.4488,34.15995,General Acute Care,Non-Profit Corporation (incl. Church-related),General Medical / Surgical,66,24090,3890,14634,0,0,0,0,0,0,0,0,8,2920,164,512,2930,8,2920,0,0,0,0,0,0,0,0,30,10950,0,0,0,0,0,0,0,0,0,0,0,0,112,40880,4054,17564,0,0,0,0,19,6935,533,6931,22,8030,23,,2489,0,0,0,0,0,0,0,0,153,55845,4610,26984,0,0,0,0,0,0,0,0,0,0,18,0,18,0,0,18,18,18,0,0,0,0,0,0,0,0,0,18,,,,,,No,Basic,Basic,706,0,2568,0,5145,0,5075,0,3759,0,17253,4221,21474,12,0,198,No,0,0,0,0,0,0,0,0,0,0,0,0,0,Respondent,517,46597,345,17726,0,0,9,9,Yes,0,0,0,,0,0,CATH LAB,0,0,0,0,0,0,0,0,1,0,0,0,0,65,0,2,0,67,0,67,0,0,0,0,0,0,0,0,0,0,0,0,0,0,0,0,0,0,67,,No,150 - 199,Non-Profit Corporation (i,1,0,0,0,0,0,0,0,0,0,0,0,0,0,0,0,1,0,0,0,0,21474,706,2568,5145,5075,3759,4221,,,,Urban,SHERMAN OAKS/STUDIO CITY/VALLEY VILLAGE,106190708,,,,,,
106190712,SHRINERS HOSPITAL FOR  CHILDREN - L.A.,3160 GENEVA STREET,LOS ANGELES,90020-1199,213-368-3151,Yes,01/01/2013,12/31/2013,Open,03/03/1952,03/03/1952,,NO,53,24,34,6037211120,78.2e,Metro,11 - Los Angeles,Los Angeles,930000150,Parent Facility,-118.28596,34.06762,General Acute Care,Non-Profit Corporation (incl. Church-related),Pediatric,30,10950,0,0,0,0,0,0,30,10950,351,880,0,0,0,0,0,0,0,0,0,0,0,0,0,0,0,0,0,0,0,0,0,0,0,0,0,0,0,0,0,60,21900,351,880,0,0,0,0,0,0,0,0,0,0,0,,0,0,0,0,0,0,0,0,0,60,21900,351,880,0,0,0,0,0,0,0,0,0,0,0,0,0,0,0,0,0,0,0,0,0,0,0,0,0,0,0,0,,,,,,No,0,0,0,0,0,0,0,0,0,0,0,0,0,0,0,0,0,0,No,0,0,0,0,0,0,0,0,0,0,0,0,0,Respondent,326,61677,721,69589,0,0,2,2,,0,0,0,,0,0,NEITHER,0,0,0,0,0,0,0,0,0,0,0,0,0,0,0,0,0,0,0,0,0,0,0,0,0,0,0,0,0,0,0,0,0,0,0,0,0,0,0,,No,50 - 99,Non-Profit Corporation (i,0,0,0,1,0,0,0,0,0,0,0,0,0,0,0,0,1,0,0,0,0,0,0,0,0,0,0,0,,,,Urban,COUNTRY CLUB PARK/KOREATOWN/MID-CITY EAST,106190712,,,,,,
106190754,ST. FRANCIS MEDICAL CENTER,3630 IMPERIAL HIGHWAY,LYNWOOD,90262,310-900-8900,Yes,01/01/2013,12/31/2013,Open,01/01/1946,01/01/1946,Level II,NO,63,33,44,6037540203,78.2sss,South,11 - Los Angeles,Los Angeles,930000157,Parent Facility,-118.20415,33.93085,General Acute Care,Non-Profit Corporation (incl. Church-related),General Medical / Surgical,164,59860,9340,37862,71,25915,5296,11668,14,5110,642,1718,36,13140,661,822,9341,0,0,0,0,0,0,0,0,0,0,0,0,0,0,0,29,10585,490,0,7389,0,0,0,0,314,114610,16429,67978,0,0,0,0,40,14600,2022,11641,30,10950,332,17,6123,0,0,0,0,0,0,0,0,384,140160,18783,85742,0,0,0,0,0,0,40,4994,11528,0,11,0,11,0,11,0,11,2,0,7,0,1,0,1,0,0,0,11,,,,,,No,Basic,Basic,1829,3,6360,9,38811,2617,8207,2728,2796,4963,58003,10320,68323,46,75216,4116,No,0,0,0,0,0,0,0,0,0,0,0,0,0,Respondent,3092,364434,2137,149099,0,0,9,9,Yes,4958,351,56,,0,1902,CV SURG,1,0,0,51,0,51,0,29,3,0,0,0,0,221,223,95,90,316,313,316,0,56,0,115,0,76,1,0,0,0,0,0,10,55,0,0,0,0,629,,No,300 - 499,Non-Profit Corporation (i,1,0,0,0,1,0,1,0,0,0,0,0,0,0,1,1,0,0,68323,0,0,0,1832,6369,41428,10935,7759,0,,,,Urban,DOWNEY SOUTHWEST/LYNWOOD NORTH CENTRAL/SOUTH GATE EAST,106190754,,,,,,
106190756,ST. JOHNS HEALTH CENTER,2121 Santa Monica Blvd,SANTA MONICA,90404,310-829-5511,Yes,01/01/2013,12/31/2013,Open,01/01/1949,01/01/1949,,NO,50,26,33,6037701602,78.2kkkk,West,11 - Los Angeles,Los Angeles,930000158,Parent Facility,-118.478687,34.0298085,General Acute Care,Non-Profit Corporation (incl. Church-related),General Medical / Surgical,196,71540,10754,44676,29,10585,2224,6563,0,0,0,0,23,8395,811,2016,7429,0,0,0,0,0,0,0,0,0,0,0,0,0,0,0,18,6570,263,282,1964,0,0,0,0,266,97090,14052,60632,0,0,0,0,0,0,0,0,0,0,0,0,0,0,0,0,0,0,0,0,0,266,97090,14052,60632,0,0,0,0,0,0,6,1691,22233,0,0,0,0,0,0,0,0,0,0,0,0,0,0,0,0,0,0,0,,,,,,Yes,Basic,Basic,3168,11,5747,109,10165,2129,2735,3030,1155,1335,22970,6614,29584,24,0,916,No,0,0,0,0,0,0,0,0,0,0,0,0,0,Respondent,4851,820624,6889,616005,0,0,14,14,Yes,1693,31,25,,0,645,CV SURG,2,0,0,144,9,144,9,115,2,0,0,0,0,229,498,358,48,587,546,351,2,128,0,25,32,331,20,4,34,0,45,62,116,4,355,11,15,0,1535,,No,200 - 299,Non-Profit Corporation (i,1,0,0,0,0,0,0,0,0,0,0,0,0,0,0,0,1,0,0,0,0,29584,3179,5856,12294,5765,2490,0,,,,Urban,SANTA MONICA CENTRAL/SAWTELLE/WEST LOS ANGELES,106190756,,,,,,
106190758,PROVIDENCE SAINT JOSEPH MEDICAL CENTER,501 SO. BUENA VISTA,BURBANK,91505-4866,818-365-8051,Yes,01/01/2013,12/31/2013,Open,01/01/1946,01/01/1946,,NO,43,25,30,6037311600,78.2ttt,San Fernando Valley,11 - Los Angeles,Los Angeles,930000159,Parent Facility,-118.32711,34.1559,General Acute Care,Non-Profit Corporation (incl. Church-related),General Medical / Surgical,269,98185,13087,52458,24,8760,2962,8038,0,0,0,0,38,13870,726,1125,10782,16,5840,0,0,0,0,0,0,0,0,0,0,0,0,0,20,7300,385,768,4645,25,9125,260,3420,392,143080,17420,79343,0,0,0,0,0,0,0,0,54,19710,0,0,0,0,0,0,0,0,0,0,0,446,162790,17420,79343,0,0,0,0,0,0,32,2473,6164,0,0,0,0,0,0,0,0,0,0,0,0,0,0,0,0,0,0,0,,,,,,No,Basic,Basic,708,0,7464,2,21993,67,15681,1342,7421,7237,53267,8648,61915,38,7236,1795,Yes,3,3,1,1,0,2,1,2,2,5,0,2,22,Respondent,4413,652140,4918,435000,0,0,15,15,Yes,2649,139,29,,0,1001,CV SURG,1,0,0,74,43,74,43,111,3,0,0,0,0,533,85,466,367,999,452,880,0,92,26,39,46,828,9,4,2,0,70,67,909,632,9,24,3,62,3702,,No,300 - 499,Non-Profit Corporation (i,1,0,0,0,0,0,0,0,0,0,0,0,0,0,0,0,1,0,0,0,0,61915,708,7466,22060,17023,14658,0,,,1,Urban,BURBANK NORTH/NORTH HOLLYWOOD SOUTH,106190758,,,,,,
106190762,ST. VINCENT MEDICAL CENTER,2131 WEST 3RD STREET,LOS ANGELES,90057,213-484-7054,Yes,01/01/2013,12/31/2013,Open,01/01/1946,01/01/1946,,NO,51,24,34,6037208500,78.2ffff,Metro,11 - Los Angeles,Los Angeles,930000161,Parent Facility,-118.27302,34.06311,General Acute Care,Non-Profit Corporation (incl. Church-related),General Medical / Surgical,253,92345,7375,35158,0,0,0,0,0,0,0,0,67,24455,0,1161,3725,0,0,0,0,0,0,0,0,0,0,0,0,0,0,0,0,0,0,0,0,19,6935,440,5434,339,123735,7815,44317,0,0,0,0,0,0,0,0,27,9855,617,,8643,0,0,0,0,0,0,0,0,366,133590,8432,52960,0,0,0,0,0,0,0,0,0,0,0,0,0,0,0,0,0,0,0,0,0,0,0,0,0,0,0,0,,,,,,No,Standby,Standby,136,4,946,4,4102,18,4566,1037,1514,3253,11264,4316,15580,8,0,0,No,0,0,0,0,0,0,0,0,0,0,0,0,0,Respondent,2351,527463,2960,289877,0,0,18,18,,0,0,0,,0,0,CV SURG,4,0,0,89,21,89,21,70,4,0,0,0,0,186,260,514,646,700,906,490,3,117,38,49,23,186,23,67,0,2,150,145,81,72,0,6,0,264,1716,,No,300 - 499,Non-Profit Corporation (i,0,0,1,0,0,0,0,0,0,0,0,0,0,0,0,0,1,0,0,0,0,15580,140,950,4120,5603,4767,0,,,,Urban,BOYLE HEIGHTS NORTHWEST/CHINATOWN/DOWNTOWN NORTHWEST/LITTLE TOKYO/WESTLAKE,106190762,,,,,,
106190766,COAST PLAZA HOSPITAL,13100 SOUTH STUDEBAKER ROAD,NORWALK,90650,562-868-3751-2273,Yes,01/01/2013,12/31/2013,Open,04/10/1958,04/10/1958,,NO,57,32,38,6037552000,78.2jjjj,East,11 - Los Angeles,Los Angeles,930000162,Parent Facility,-118.09906,33.91264,General Acute Care,Investor - Limited Liability Company,General Medical / Surgical,110,40150,2957,11253,0,0,0,0,0,0,0,0,4,1460,146,293,1710,3,1095,199,269,803,0,0,0,0,0,0,0,0,0,0,0,0,0,0,0,0,0,0,0,117,42705,3302,13766,0,0,0,0,0,0,0,0,0,0,0,0,0,0,0,0,0,0,0,0,0,117,42705,3302,13766,0,0,0,0,0,0,0,0,0,0,0,0,0,0,0,0,0,0,0,0,0,0,0,0,0,0,0,0,,,,,,No,Basic,Basic,11,0,730,0,3484,1,4282,35,2046,3002,10553,3038,13591,8,0,598,No,0,0,0,0,0,0,0,0,0,0,0,0,0,Respondent,540,56577,236,22078,0,0,4,4,Yes,0,0,0,,0,0,NEITHER,0,0,0,0,0,0,0,0,0,0,0,0,0,0,0,0,0,0,0,0,0,0,0,0,0,0,0,0,0,0,0,0,0,0,0,0,0,0,0,,No,100 - 149,Investor,1,0,0,0,0,0,0,0,0,0,0,0,0,0,0,0,1,0,0,0,0,13591,11,730,3485,4317,5048,0,,,,Urban,NORWALK/STUDEBAKER,106190766,,,,,,
106190782,TARZANA TREATMENT CENTER,18646 OXNARD STREET,TARZANA,91356,818-996-1051,Yes,01/01/2013,12/31/2013,Open,07/01/1970,07/01/1970,,NO,45,27,30,6037139302,78.2ii,San Fernando Valley,11 - Los Angeles,Los Angeles,930000163,Parent Facility,-118.5388,34.17985,Acute Psychiatric,Non-Profit Corporation (incl. Church-related),Psychiatric,0,0,0,0,0,0,0,0,0,0,0,0,0,0,0,0,0,0,0,0,0,0,0,0,0,0,0,0,0,0,0,0,0,0,0,0,0,0,0,0,0,0,0,0,0,0,0,0,0,60,21900,2272,14882,0,0,0,,0,0,0,0,0,0,0,0,0,60,21900,2272,14882,0,0,0,0,2272,14882,0,0,0,0,0,43,43,0,42,1,43,0,1,4,0,0,0,0,0,0,38,43,,,,,,No,0,0,0,0,0,0,0,0,0,0,0,0,0,0,0,0,0,0,No,0,0,0,0,0,0,0,0,0,0,0,0,0,Respondent,0,0,0,0,0,0,0,0,,0,0,0,,0,0,NEITHER,0,0,0,0,0,0,0,0,0,0,0,0,0,0,0,0,0,0,0,0,0,0,0,0,0,0,0,0,0,0,0,0,0,0,0,0,0,0,0,,No,50 - 99,Non-Profit Corporation (i,0,0,0,1,0,0,0,0,0,0,0,0,0,0,0,0,1,0,0,0,0,0,0,0,0,0,0,0,,,,Urban,RESEDA SOUTH/VAN NUYS SOUTHWEST,106190782,,,,,,
106190784,TEMPLE COMMUNITY HOSPITAL,235 NORTH HOOVER STREET,LOS ANGELES,90004,213-382-7252-1204,Yes,01/01/2013,12/31/2013,Open,01/01/1946,01/01/1946,,NO,53,24,34,6037211110,78.2e,Metro,11 - Los Angeles,Los Angeles,930000164,Parent Facility,-118.28366,34.07534,General Acute Care,Investor - Corporation,General Medical / Surgical,138,50370,1638,9354,0,0,0,0,0,0,0,0,6,2190,3,4,12,6,2190,4,5,14,0,0,0,0,0,0,0,0,0,0,0,0,0,0,0,0,0,0,0,150,54750,1645,9380,0,0,0,0,0,0,0,0,20,7300,15,0,3159,0,0,0,0,0,0,0,0,170,62050,1660,12539,0,0,0,0,0,0,0,0,0,0,0,0,0,0,0,0,0,0,0,0,0,0,0,0,0,0,0,0,,,,,,No,0,0,0,0,0,0,0,0,0,0,0,0,0,0,0,0,0,0,No,0,0,0,0,0,0,0,0,0,0,0,0,0,Respondent,575,78534,1500,73776,0,0,7,7,,0,0,0,,0,0,NEITHER,0,0,0,0,0,0,0,0,0,0,0,0,0,0,0,0,0,0,0,0,0,0,0,0,0,0,0,0,0,0,0,0,0,0,0,0,0,0,0,,No,150 - 199,Investor,0,0,0,1,0,0,0,0,0,0,0,0,0,0,0,0,1,0,0,0,0,0,0,0,0,0,0,0,,,,Urban,COUNTRY CLUB PARK/KOREATOWN/MID-CITY EAST,106190784,,,,,,
106190796,RONALD REAGAN UCLA MEDICAL CENTER,757 WESTWOOD PLAZA,LOS ANGELES,90095,310-794-1630,Yes,01/01/2013,12/31/2013,Open,07/01/1955,07/01/1955,Level I & Level I - Ped,YES,54,26,33,6037265301,78.2w,West,11 - Los Angeles,Los Angeles,930000165,Parent Facility,-118.445,34.068889,General Acute Care,University of California,General Medical / Surgical,234,85410,15322,84684,13,4745,2155,6757,44,16060,2495,13880,120,43800,2191,5195,41854,12,4380,275,343,4008,0,0,0,0,0,0,0,0,0,0,32,11680,341,317,9760,11,4015,178,2328,466,170090,22957,163271,0,0,0,0,0,0,0,0,0,0,0,,0,0,0,0,0,0,0,0,0,466,170090,22957,163271,0,0,0,0,0,0,35,1676,3413,0,0,0,0,0,0,0,0,0,0,0,0,0,0,0,0,0,0,0,,,,,,No,Comprehensive,Comprehensive,4636,5,4519,3,8502,23,10615,148,4837,8728,33109,8907,42016,33,0,1117,Yes,0,0,0,0,0,0,0,2,2,0,0,0,4,Respondent,11160,2597406,15590,1176138,0,15,23,38,Yes,1914,26,6,,1331,583,CV SURG,3,124,188,546,805,670,993,207,6,118,493,104,237,826,5801,514,1851,1562,8382,1078,180,221,151,49,22,771,697,348,14,48,304,284,266,246,28,71,11,5155,9944,Yes,No,300 - 499,University of California,0,1,0,0,1,1,0,0,0,1,0,0,0,0,1,1,0,42016,0,0,0,0,4641,4522,8525,10763,13565,0,,,1,Urban,CENTURY CITY/CHEVIOT HILLS/RANCHO PARK/WEST LOS ANGELES/WESTWOOD,106190796,,,,,,
106190812,VALLEY PRESBYTERIAN HOSPITAL,15107 VAN OWEN STREET,VAN NUYS,91405,818-782-6600,Yes,01/01/2013,12/31/2013,Open,01/21/1958,01/21/1958,,NO,46,18,29,6037127801,78.2zz,San Fernando Valley,11 - Los Angeles,Los Angeles,930000170,Parent Facility,-118.46196,34.19399,General Acute Care,Non-Profit Corporation (incl. Church-related),General Medical / Surgical,188,68620,9344,38821,58,21170,3534,9448,25,9125,1658,4086,30,10950,364,1219,5370,0,0,0,0,0,0,0,0,0,0,0,0,0,0,0,32,11680,323,31,6139,17,6205,312,3802,350,127750,15535,67666,0,0,0,0,0,0,0,0,0,0,0,,0,0,0,0,0,0,0,0,0,350,127750,15535,67666,0,0,0,0,0,0,58,3318,8796,0,0,0,0,0,0,0,0,0,0,0,0,0,0,0,0,0,0,0,,,,,,No,Basic,Basic,9184,11,15857,25,18304,104,8169,1834,2475,5834,53989,7808,61797,27,0,2513,Yes,20,11,20,10,25,8,29,28,18,15,14,6,204,Respondent,3503,523683,3928,333450,0,0,9,9,,3572,145,62,,0,1569,CV SURG,1,0,0,50,5,50,5,41,2,0,0,0,0,333,136,275,113,608,249,608,0,35,13,18,5,186,47,8,0,0,0,0,157,100,0,8,0,121,1306,,No,300 - 499,Non-Profit Corporation (i,1,0,0,0,0,0,0,0,0,0,0,0,0,0,0,0,1,0,0,0,0,61797,9195,15882,18408,10003,8309,0,,,1,Urban,NORTHRIDGE SOUTH/RESEDA NORTH,106190812,,,,,,
106190818,USC VERDUGO HILLS HOSPITAL,1812 VERDUGO BOULEVARD,GLENDALE,91208,818-790-7100,Yes,01/01/2013,12/31/2013,Open,12/08/1972,12/08/1972,,NO,43,25,28,6037300800,78.2dd,San Fernando Valley,11 - Los Angeles,Los Angeles,930000173,Parent Facility,-118.2152,34.20557,General Acute Care,Non-Profit Corporation (incl. Church-related),General Medical / Surgical,92,33580,3731,11947,12,4380,635,1657,0,0,0,0,6,2190,154,261,1550,6,2190,30,34,180,0,0,0,0,0,0,0,0,0,0,0,0,0,0,0,0,0,0,0,116,42340,4550,15334,0,0,0,0,24,8760,608,7905,18,6570,617,0,3285,0,0,0,0,0,0,0,0,158,57670,5775,26524,0,0,0,0,0,0,14,600,1310,0,0,19,19,0,2,17,19,18,0,0,0,0,0,1,0,0,0,19,,,,,,No,Basic,Basic,4528,0,3032,0,4604,0,3306,0,1285,0,16755,3364,20119,13,0,134,Yes,207,161,67,80,70,77,19,3,31,47,10,25,797,Respondent,1035,130605,3355,291216,0,0,6,6,Yes,600,20,0,Yes,341,259,NEITHER,0,0,0,0,0,0,0,0,0,0,0,0,0,0,0,0,0,0,0,0,0,0,0,0,0,0,0,0,0,0,0,0,0,0,0,0,0,0,0,,No,150 - 199,Non-Profit Corporation (i,1,0,0,0,0,0,0,0,0,0,0,0,0,0,0,0,1,0,0,0,0,20119,4528,3032,4604,3306,1285,3364,1,1,1,Urban,BURBANK SOUTH/EAGLE ROCK/GLENDALE NORTHWEST,106190818,,,,,,
106190854,LOS ANGELES METROPOLITAN MEDICAL CENTER,,,,,,,,,,,,No,54,30,37,,,,,Los Angeles,,,,,,,,,,,,,,,,,,,,,,,,,,,,,,,,,,,,,,,,,,,,,,,,,,,,,,,,,,,,,,,,,,,,,,,,,,,,,,,,,,,,,,,,,,,,,,,,,,,,,,,,,,,,,,,,Basic,Basic,0,0,0,0,0,0,0,0,0,0,,,,,,,,,,,,,,,,,,,,,Non-Respondent,,,,,,,,,,,,,,,,NEITHER,,,,,,,,,,,,,,,,,,,,,,,,,,,,,,,,,,,,,,,,,No,,,1,0,0,0,0,0,0,0,0,0,0,0,0,0,0,0,1,0,0,0,0,0,0,0,0,0,0,0,,,,Urban,CRENSHAW/CULVER CITY EAST/MID-CITY SOUTH/WEST ADAMS,106190854,,,,,,
106190857,"DOCTORS HOSPITAL OF WEST COVINA, INC",725 SOUTH ORANGE AVENUE,WEST COVINA,91790,626-338-8481-260,Yes,01/01/2013,12/31/2013,Open,11/07/1958,11/07/1958,,NO,48,22,32,6037406800,78.2www,San Gabriel Valley,11 - Los Angeles,Los Angeles,930000188,Parent Facility,-117.94505,34.07042,General Acute Care,Investor - Corporation,General Medical / Surgical,13,4745,98,365,0,0,0,0,0,0,0,0,0,0,0,0,0,0,0,0,0,0,0,0,0,0,0,0,0,0,0,0,0,0,0,0,0,0,0,0,0,13,4745,98,365,0,0,0,0,0,0,0,0,33,12045,25,0,7645,0,0,0,0,0,0,0,0,46,16790,123,8010,0,0,0,0,0,0,0,0,0,0,0,0,0,0,0,0,0,0,0,0,0,0,0,0,0,0,0,0,,,,,,No,0,0,0,0,0,0,0,0,0,0,0,0,0,0,0,0,0,0,No,0,0,0,0,0,0,0,0,0,0,0,0,0,Respondent,75,9106,482,47068,0,0,2,2,,0,0,0,,0,0,NEITHER,0,0,0,0,0,0,0,0,0,0,0,0,0,0,0,0,0,0,0,0,0,0,0,0,0,0,0,0,0,0,0,0,0,0,0,0,0,0,0,,No,1 - 49,Investor,0,0,0,1,0,0,0,0,0,0,0,0,0,0,0,0,1,0,0,0,0,0,0,0,0,0,0,0,,,,Urban,VALINDA/WEST COVINA,106190857,,,,,,
106190859,WEST HILLS HOSPITAL AND MEDICAL CENTER,7300 MEDICAL CENTER DRIVE,CANOGA PARK,91307,818-767-4000,Yes,01/01/2013,12/31/2013,Open,11/07/1962,11/07/1962,,NO,45,27,30,6037134422,78.2xx,San Fernando Valley,11 - Los Angeles,Los Angeles,930000189,Parent Facility,-118.6294,34.20365,General Acute Care,Investor - Corporation,General Medical / Surgical,157,57305,6640,29594,24,8760,926,2718,0,0,0,0,25,9125,439,1289,7500,0,0,0,0,0,0,0,0,0,0,8,2920,12,40,659,11,4015,94,10,1289,0,0,0,0,225,82125,8111,41760,0,0,0,0,0,0,0,0,0,0,0,,0,0,0,0,0,0,0,0,0,225,82125,8111,41760,0,0,0,0,0,0,11,725,1752,0,0,0,0,0,0,0,0,0,0,0,0,0,0,0,0,0,0,0,,Yes,YES,,,No,Basic,Basic,3424,5,4402,22,16901,141,8687,285,2647,5766,36061,6219,42280,30,0,325,Yes,125,23,4,1,0,1,0,0,0,0,7,2,163,Respondent,2552,321840,1260,119400,0,1,6,7,,808,50,17,,0,307,CV SURG,1,0,0,64,0,64,0,64,2,0,0,0,0,448,237,444,235,892,472,681,0,44,21,15,2,209,47,4,0,0,200,193,34,4,0,13,0,0,1467,,No,200 - 299,Investor,1,0,0,0,0,0,0,0,0,0,0,0,0,0,0,0,1,0,0,0,0,42280,3429,4424,17042,8972,8413,0,,,1,Urban,AGOURA HILLS/CALABASAS/HIDDEN HILLS/WEST HILLS/WESTLAKE,106190859,,,,,,
106190878,WHITE MEMORIAL MEDICAL CENTER,1720 CESAR E. CHAVEZ AVENUE,LOS ANGELES,90033,323-268-5000-1210,Yes,01/01/2013,12/31/2013,Open,01/01/1946,01/01/1946,,YES,53,24,34,6037203500,78.2ffff,Metro,11 - Los Angeles,Los Angeles,930000195,Parent Facility,-118.21739,34.051,General Acute Care,Non-Profit Corporation (incl. Church-related),General Medical / Surgical,150,54750,9441,36555,24,8760,4588,12194,28,10220,1891,3816,39,14235,1258,1749,9879,8,2920,0,0,0,0,0,0,0,0,0,0,0,0,0,28,10220,592,103,7038,16,5840,324,3977,293,106945,18094,73459,0,0,0,0,33,12045,2046,10009,27,9855,351,4,6357,0,0,0,0,0,0,0,0,353,128845,20491,89825,0,0,0,0,0,0,32,3573,7491,0,12,9,21,0,21,0,21,3,0,12,0,0,0,4,0,2,0,21,,,,,,No,Basic,Basic,617,0,5731,0,15667,31,16349,1120,5322,7055,43686,8206,51892,28,6348,790,Yes,0,0,0,0,0,0,0,2,0,0,0,0,2,Respondent,3285,421626,4112,275080,6,4,0,10,Yes,4052,188,78,,0,0,CV SURG,2,0,0,65,1,65,1,53,2,0,0,0,0,573,304,362,16,935,320,83,1,62,50,136,38,309,46,3,1,0,11,280,73,166,0,18,1,7,1285,Yes,No,300 - 499,Non-Profit Corporation (i,1,0,0,0,0,0,0,0,0,0,0,0,0,0,0,0,1,0,0,0,0,51892,617,5731,15698,17469,12377,0,,,1,Urban,BOYLE HEIGHTS NORTHWEST/CHINATOWN/DOWNTOWN NORTHWEST/LITTLE TOKYO/WESTLAKE,106190878,,,,,,
106190883,WHITTIER HOSPITAL MEDICAL CENTER,9080 COLIMA ROAD,WHITTIER,90605,562-945-3561,Yes,01/01/2013,12/31/2013,Open,05/05/1957,05/05/1957,,NO,57,32,38,6037500202,78.2uu,East,11 - Los Angeles,Los Angeles,930000402,Parent Facility,-118.00303,33.95379,General Acute Care,Investor - Corporation,General Medical / Surgical,112,40880,4731,15638,28,10220,2805,6334,0,0,0,0,16,5840,271,1651,2641,0,0,0,0,0,0,0,0,0,0,0,0,0,0,0,0,0,0,0,0,0,0,0,0,156,56940,7807,24613,0,0,0,0,0,0,0,0,22,8030,6,,7658,0,0,0,0,0,0,0,0,178,64970,7813,32271,0,0,0,0,0,0,24,2753,5390,0,0,0,0,0,0,0,0,0,0,0,0,0,0,0,0,0,0,0,,,,,,No,Basic,Basic,123,3,1545,5,11848,205,3954,717,2867,4255,20337,5185,25522,11,0,386,Yes,44,4,1,2,1,0,2,1,2,0,0,3,60,Respondent,2177,133819,1501,98119,0,0,6,6,,2749,68,0,,0,0,NEITHER,0,0,0,0,0,0,0,0,0,0,0,0,0,0,0,0,0,0,0,0,0,0,0,0,0,0,0,0,0,0,0,0,0,0,0,0,0,0,0,,No,150 - 199,Investor,1,0,0,0,0,0,0,0,0,0,0,0,0,0,0,0,1,0,0,0,0,25522,126,1550,12053,4671,7122,0,,,1,Urban,LA HABRA HEIGHTS/WHITTIER,106190883,,,,,,
106190930,RESNICK NEUROPSYCHIATRIC HOSPITAL AT UCLA,150 Medical Plaza,LOS ANGELES,90095,310-267-9092,Yes,01/01/2013,12/31/2013,Open,11/01/1957,11/01/1957,,NO,50,26,33,6037265301,78.2w,West,11 - Los Angeles,Los Angeles,930000204,Parent Facility,-118.4458953,34.0650255,Acute Psychiatric,University of California,Psychiatric,0,0,0,0,0,0,0,0,0,0,0,0,0,0,0,0,0,0,0,0,0,0,0,0,0,0,0,0,0,0,0,0,0,0,0,0,0,0,0,0,0,0,0,0,0,0,0,0,0,74,27010,1983,24839,0,0,0,0,0,0,0,0,0,0,0,0,0,74,27010,1983,24839,0,0,0,0,0,0,0,0,0,0,60,0,60,13,36,11,60,11,0,8,0,0,0,38,0,3,0,60,,,,,,No,0,0,0,0,0,0,0,0,0,0,0,0,0,0,0,0,0,0,No,0,0,0,0,0,0,0,0,0,0,0,0,0,Respondent,0,0,0,0,0,0,0,0,,0,0,0,,0,0,NEITHER,0,0,0,0,0,0,0,0,0,0,0,0,0,0,0,0,0,0,0,0,0,0,0,0,0,0,0,0,0,0,0,0,0,0,0,0,0,0,0,,No,50 - 99,University of California,0,0,0,1,0,0,0,0,0,0,0,0,0,0,0,0,1,0,0,0,0,0,0,0,0,0,0,0,,,,Urban,CENTURY CITY/CHEVIOT HILLS/RANCHO PARK/WEST LOS ANGELES/WESTWOOD,106190930,,,,,,
106190949,HENRY MAYO NEWHALL MEMORIAL HOSPITAL,23845 WEST MCBEAN PARKWAY,VALENCIA,91355,661-253-8000,Yes,01/01/2013,12/31/2013,Open,07/30/1975,07/30/1975,Level II,NO,38,27,25,6037920330,76.1a,San Fernando Valley,11 - Los Angeles,Los Angeles,930000206,Parent Facility,-118.55324,34.39637,General Acute Care,Non-Profit Corporation (incl. Church-related),General Medical / Surgical,152,55480,9217,36751,15,5475,1208,3020,0,0,0,0,12,4380,263,971,3721,6,2190,132,485,1860,0,0,0,0,0,0,0,0,0,0,11,4015,139,0,1519,19,6935,169,2091,215,78475,11128,48962,0,0,0,0,23,8395,1218,5960,0,0,0,0,0,0,0,0,0,0,0,0,0,238,86870,12346,54922,0,0,0,0,0,0,19,1203,2186,0,12,0,12,0,10,2,12,1,2,3,0,0,4,0,0,0,2,12,,Yes,YES,,,No,Basic,Basic,510,0,2442,1,12104,31,18999,1303,17402,8031,51457,9366,60823,36,0,629,Yes,141,35,26,20,33,65,17,16,28,12,4,32,429,Respondent,2736,352530,669,53334,4,4,0,8,Yes,1203,32,7,,0,361,CV SURG,1,0,0,19,19,19,19,13,2,0,0,0,0,133,111,76,34,209,145,375,0,20,7,3,0,154,4,0,1,0,4,3,2,1,0,6,0,0,580,,No,200 - 299,Non-Profit Corporation (i,1,0,0,0,1,0,1,0,0,0,0,0,0,0,1,1,0,0,60823,0,0,0,510,2443,12135,20302,25433,0,,,1,Urban,CANYON COUNTRY/SANTA CLARITA WEST/SAUGUS,106190949,,,,,,
106190958,DEPARTMENT OF STATE HOSPITAL-METROPOLITAN,11401 BLOOMFIELD AVENUE,NORWALK,90650,562-651-2245,Yes,01/01/2013,12/31/2013,Open,02/16/1916,02/16/1916,,NO,57,32,38,6037550000,78.2jjjj,East,11 - Los Angeles,Los Angeles,170000832,Parent Facility,-118.0640187,33.9241831,Acute Psychiatric,State,Psychiatric,0,0,0,0,0,0,0,0,0,0,0,0,0,0,0,0,0,0,0,0,0,0,0,0,0,0,0,0,0,0,0,0,0,0,0,0,0,0,0,0,0,0,0,0,0,0,0,0,0,1132,413180,496,217634,102,37230,12,17,21188,0,0,0,0,0,0,0,0,1234,450410,508,238822,0,0,0,0,0,0,0,0,0,0,664,0,664,0,602,62,664,112,0,6,0,0,0,0,64,456,26,664,Yes,Yes,,YES,,No,0,0,0,0,0,0,0,0,0,0,0,0,0,0,0,0,0,0,No,0,0,0,0,0,0,0,0,0,0,0,0,0,Respondent,0,0,0,0,0,0,0,0,,0,0,0,,0,0,NEITHER,0,0,0,0,0,0,0,0,0,0,0,0,0,0,0,0,0,0,0,0,0,0,0,0,0,0,0,0,0,0,0,0,0,0,0,0,0,0,0,,Yes,500+,State,0,0,0,1,0,0,0,0,0,0,0,0,0,0,0,0,1,0,0,0,0,0,0,0,0,0,0,0,,,,Urban,NORWALK/STUDEBAKER,106190958,,,,,,
106191014,LANTERMAN DEVELOPMENTAL CENTER,3530 POMONA BOULEVARD,POMONA,91768,909-444-7250,Yes,01/01/2013,12/31/2013,Open,01/01/1972,01/01/1972,,NO,52,20,35,6037403200,78.2vvv,San Gabriel Valley,11 - Los Angeles,Los Angeles,170000772,Parent Facility,-117.81286,34.04567,General Acute Care,State,Developmentally Disabled,39,14235,5,435,0,0,0,0,0,0,0,0,0,0,0,0,0,0,0,0,0,0,0,0,0,0,0,0,0,0,0,0,0,0,0,0,0,0,0,0,0,39,14235,5,435,0,0,0,0,0,0,0,0,275,100375,61,,19878,0,0,0,0,944,344560,162,39674,1258,459170,228,59987,0,0,0,0,0,0,0,0,0,0,0,0,0,0,0,0,0,0,0,0,0,0,0,0,0,0,0,0,,,,,,No,0,0,0,0,0,0,0,0,0,0,0,0,0,0,0,0,0,0,No,0,0,0,0,0,0,0,0,0,0,0,0,0,Respondent,0,0,0,0,0,0,0,0,,0,0,0,,0,0,NEITHER,0,0,0,0,0,0,0,0,0,0,0,0,0,0,0,0,0,0,0,0,0,0,0,0,0,0,0,0,0,0,0,0,0,0,0,0,0,0,0,,Yes,500+,State,0,0,0,1,0,0,0,0,0,0,0,0,0,0,0,0,1,0,0,0,0,0,0,0,0,0,0,0,,,,Urban,DIAMOND BAR/INDUSTRY EAST/PHILLIPS RANCH/POMONA WEST/WALNUT,106191014,,,,,,
106191216,"USC KENNETH NORRIS, JR. CANCER HOSPITAL",1441 EASTLAKE AVENUE,LOS ANGELES,90033,323-865-3000,Yes,01/01/2013,12/31/2013,Open,04/11/1983,04/11/1983,,NO,51,24,34,6037203300,78.2ffff,Metro,11 - Los Angeles,Los Angeles,930000267,Parent Facility,-118.20458,34.06168,General Acute Care,Non-Profit Corporation (incl. Church-related),Other,47,17155,1099,8008,0,0,0,0,0,0,0,0,13,4745,58,154,771,0,0,0,0,0,0,0,0,0,0,0,0,0,0,0,0,0,0,0,0,0,0,0,0,60,21900,1157,8779,0,0,0,0,0,0,0,0,0,0,0,0,0,0,0,0,0,0,0,0,0,60,21900,1157,8779,0,0,0,0,0,0,0,0,0,0,0,0,0,0,0,0,0,0,0,0,0,0,0,0,0,0,0,0,,,,,,Yes,0,0,0,0,0,0,0,0,0,0,0,0,0,0,0,0,0,0,No,0,0,0,0,0,0,0,0,0,0,0,0,0,Respondent,0,0,195,10107,0,3,2,5,Yes,0,0,0,,0,0,NEITHER,0,0,0,0,0,0,0,0,0,0,0,0,0,0,0,0,0,0,0,0,0,0,0,0,0,0,0,0,0,0,0,0,0,0,0,0,0,0,0,Yes,No,50 - 99,Non-Profit Corporation (i,0,0,0,1,0,0,0,0,0,0,0,0,0,0,0,0,1,0,0,0,0,0,0,0,0,0,0,0,,,,Urban,BOYLE HEIGHTS NORTHWEST/CHINATOWN/DOWNTOWN NORTHWEST/LITTLE TOKYO/WESTLAKE,106191216,,,,,,
106191225,TOM REDGATE MEMORIAL RECOVERY CENTER,1775 CHESTNUT STREET,LONG BEACH,90813,562-599-8444,Yes,01/01/2013,12/31/2013,Open,02/25/1983,02/25/1983,,NO,70,33,47,6037575401,78.2jjj,South Bay,11 - Los Angeles,Los Angeles,930000272,Parent Facility,-118.19647,33.7894,Chemical Dependency Recovery Hospital,Non-Profit Corporation (incl. Church-related),Chemical Dependency (Alcohol/Drug),0,0,0,0,0,0,0,0,0,0,0,0,0,0,0,0,0,0,0,0,0,0,0,0,0,0,0,0,0,0,0,0,0,0,0,0,0,0,0,0,0,0,0,0,0,63,22995,558,17057,0,0,0,0,0,0,0,0,0,0,0,0,0,0,0,0,0,63,22995,558,17057,0,0,0,0,0,0,0,0,0,0,0,0,0,0,0,0,0,0,0,0,0,0,0,0,0,0,0,0,,,,,,No,0,0,0,0,0,0,0,0,0,0,0,0,0,0,0,0,0,0,No,0,0,0,0,0,0,0,0,0,0,0,0,0,Respondent,0,0,0,0,0,0,0,0,,0,0,0,,0,0,NEITHER,0,0,0,0,0,0,0,0,0,0,0,0,0,0,0,0,0,0,0,0,0,0,0,0,0,0,0,0,0,0,0,0,0,0,0,0,0,0,0,,No,50 - 99,Non-Profit Corporation (i,0,0,0,1,0,0,0,0,0,0,0,0,0,0,0,0,1,0,0,0,0,0,0,0,0,0,0,0,,,,Urban,LONG BEACH WEST CENTRAL,106191225,,,,,,
106191227,LAC/HARBOR-UCLA MEDICAL CENTER,1000 WEST CARSON STREET,TORRANCE,90502,310-222-2101,Yes,01/01/2013,12/31/2013,Open,07/01/1953,07/01/1953,Level I & Level II - Ped,YES,66,35,43,6037543503,78.2aaaa,South Bay,11 - Los Angeles,Los Angeles,60000129,Parent Facility,-118.29332,33.83149,General Acute Care,City and/or County,General Medical / Surgical,276,100740,14885,77727,29,10585,1056,3138,25,9125,1831,5255,44,16060,867,1930,13115,6,2190,188,361,2023,8,2920,0,0,0,0,0,0,0,0,27,9855,48,178,3342,0,0,0,0,415,151475,18875,104600,0,0,0,0,38,13870,933,13051,0,0,0,0,0,0,0,0,0,0,0,0,0,453,165345,19808,117651,0,0,0,0,0,0,26,855,3774,0,31,0,31,0,31,0,31,0,0,0,0,0,0,0,31,0,0,31,Yes,,,,,No,Basic,Basic,579,134,9806,2265,36064,8332,6488,1499,7269,1679,60206,13909,74115,46,0,8410,Yes,432,284,201,125,125,237,317,277,279,245,147,154,2823,Respondent,6215,843092,3871,427190,0,0,11,11,Yes,764,77,23,,0,262,CV SURG,1,0,2,180,3,180,5,94,1,0,0,0,0,567,559,720,82,1287,641,1078,1,45,10,39,10,385,3,2,0,7,54,39,41,25,0,12,0,177,1928,,No,300 - 499,City and/or County,1,0,0,0,1,1,0,0,0,1,0,0,0,0,1,1,0,74115,0,0,0,0,713,12071,44396,7987,8948,0,,,1,Urban,HARBOR GATEWAY SOUTH/LOMITA/TORRANCE EAST CENTRAL,106191227,,,,,,
106191228,LAC+USC MEDICAL CENTER,1200 NORTH STATE STREET,LOS ANGELES,90033,323-409-2800,Yes,01/01/2013,12/31/2013,Open,01/01/1953,01/01/1953,Level I & Level II - Ped,YES,51,24,34,6037203300,78.2ffff,Metro,11 - Los Angeles,Los Angeles,60000130,Parent Facility,-118.21031,34.05982,General Acute Care,City and/or County,General Medical / Surgical,343,125195,23667,118856,32,11680,1286,8963,25,9125,1348,3888,130,47450,1766,5281,28701,10,3650,422,568,3219,0,0,0,0,0,20,7300,309,198,3975,40,14600,469,64,7073,0,0,0,0,600,219000,29267,174675,0,0,0,0,76,27740,1219,21402,0,0,0,,0,0,0,0,0,0,0,0,0,676,246740,30486,196077,0,0,0,0,0,0,0,768,2049,0,60,0,60,8,49,3,60,6,0,10,3,5,19,0,17,0,0,60,Yes,,,,,No,Comprehensive,Comprehensive,7416,44,36287,502,82927,8694,18686,10576,353,1567,145669,21383,167052,106,23540,7717,Yes,0,0,0,0,4,0,0,0,0,0,0,0,4,Respondent,9163,2022720,5134,735600,0,0,25,25,,997,102,30,,0,382,CV SURG,2,0,2,256,8,256,10,122,3,0,0,0,0,1062,481,405,182,1467,663,1045,1,53,16,64,30,406,30,14,1,13,8,23,170,90,2,64,7,243,2280,,No,500+,City and/or County,0,1,0,0,1,1,0,0,0,1,0,0,0,0,1,1,0,167052,0,0,0,0,7460,36789,91621,29262,1920,0,,,1,Urban,BOYLE HEIGHTS NORTHWEST/CHINATOWN/DOWNTOWN NORTHWEST/LITTLE TOKYO/WESTLAKE,106191228,,,,,,
106191231,LOS ANGELES COUNTY OLIVE VIEW-UCLA MEDICAL CENTER,14445 OLIVE VIEW DRIVE,SYLMAR,91342,818-364-1555,Yes,01/01/2013,12/31/2013,Open,10/20/1959,10/20/1959,,YES,44,27,26,6037106010,78.2gg,San Fernando Valley,11 - Los Angeles,Los Angeles,60000133,Parent Facility,-118.45255,34.32418,General Acute Care,City and/or County,General Medical / Surgical,200,73000,10720,46773,29,10585,679,2286,18,7100,220,525,42,15330,276,1074,3911,0,0,0,0,0,0,0,0,0,0,0,0,0,0,0,14,5900,163,106,2276,0,0,0,0,303,111915,12058,55771,0,0,0,0,52,21192,943,11423,0,0,0,,0,0,0,0,0,0,0,0,0,355,133107,13001,67194,0,0,0,0,0,0,0,380,886,0,32,0,32,0,30,2,32,2,0,12,0,1,0,0,17,0,0,32,Yes,,,,,Yes,Basic,Basic,1782,305,23414,4002,25263,4319,207,35,11,2,50677,8663,59340,51,28687,2912,Yes,13,14,7,5,4,3,9,7,8,9,3,5,87,Respondent,2122,370136,3913,436323,0,0,7,7,Yes,529,73,17,,0,210,CATH LAB,0,0,0,0,0,0,0,0,0,0,0,0,0,0,0,0,0,0,0,0,0,0,0,0,0,0,0,0,0,0,0,0,0,0,0,0,0,0,0,,No,300 - 499,City and/or County,1,0,0,0,0,0,0,0,0,0,0,0,0,0,0,0,1,0,0,0,0,59340,2087,27416,29582,242,13,0,,,1,Urban,ANGELES NATIONAL FOREST WEST/KAGEL CANYON/LAKE VIEW TERRACE/SAN FERNANDO EAST/SYLMAR,106191231,,,,,,
106191306,LAC/RANCHO LOS AMIGOS NATIONAL REHAB CENTER,7601 EAST IMPERIAL HIGHWAY,DOWNEY,90242,562-401-7111,Yes,01/01/2013,12/31/2013,Open,09/01/1966,09/01/1966,,NO,58,32,40,6037551600,78.2sss,East,11 - Los Angeles,Los Angeles,60000161,Parent Facility,-118.15795,33.92723,General Acute Care,City and/or County,General Medical / Surgical,115,51409,2009,29532,0,0,0,0,0,0,114,2793,24,8760,186,165,1595,0,0,0,0,0,0,0,0,0,0,0,0,0,0,0,0,0,0,0,0,150,54750,1423,25773,289,114919,3732,59693,0,0,0,0,0,0,0,0,0,0,0,0,0,0,0,0,0,0,0,0,0,289,114919,3732,59693,0,0,0,0,0,0,0,0,0,0,0,0,0,0,0,0,0,0,0,0,0,0,0,0,0,0,0,0,,,,,,No,0,0,0,0,0,0,0,0,0,0,0,0,0,0,0,0,0,0,No,0,0,0,0,0,0,0,0,0,0,0,0,0,Respondent,1001,152509,420,42100,0,0,5,5,Yes,0,0,0,,0,0,NEITHER,0,0,0,0,0,0,0,0,0,0,0,0,0,0,0,0,0,0,0,0,0,0,0,0,0,0,0,0,0,0,0,0,0,0,0,0,0,0,0,,No,200 - 299,City and/or County,0,0,0,1,0,0,0,0,0,0,0,0,0,0,0,0,1,0,0,0,0,0,0,0,0,0,0,0,,,,Urban,DOWNEY SOUTHWEST/LYNWOOD NORTH CENTRAL/SOUTH GATE EAST,106191306,,,,,,
106191450,KAISER FND HOSP - WOODLAND HILLS,5601 DE SOTO AVENUE,WOODLAND HILLS,91367,818-719-2000,Yes,01/01/2013,12/31/2013,Open,04/08/1986,04/08/1986,,NO,45,27,30,6037137102,78.2yy,San Fernando Valley,11 - Los Angeles,Los Angeles,930000358,Parent Facility,-118.58829,34.17198,General Acute Care,Non-Profit Corporation (incl. Church-related),General Medical / Surgical,191,69715,8260,30868,24,8760,1696,4065,7,2555,118,404,11,4015,159,376,1546,11,4015,159,377,1547,0,0,0,0,0,0,0,0,0,0,18,6570,155,96,1099,0,0,0,0,262,95630,10547,39529,0,0,0,0,0,0,0,0,0,0,0,0,0,0,0,0,0,0,0,0,0,262,95630,10547,39529,0,0,0,0,0,0,18,1524,2821,0,0,0,0,0,0,0,0,0,0,0,0,0,0,0,0,0,0,0,,,,,,No,Basic,Basic,103,1,4180,0,22648,763,6071,2197,1406,1711,34408,4672,39080,27,0,707,Yes,108,87,29,24,24,28,37,37,36,50,37,73,570,Respondent,3463,454324,4717,488737,0,0,10,10,Yes,1651,87,3,,0,486,NEITHER,0,0,0,0,0,0,0,0,0,0,0,0,0,0,0,0,0,0,0,0,0,0,0,0,0,0,0,0,0,0,0,0,0,0,0,0,0,0,0,,No,200 - 299,Non-Profit Corporation (i,1,0,0,0,0,0,0,0,0,0,0,0,0,0,0,0,1,0,0,0,0,39080,104,4180,23411,8268,3117,0,,,1,Urban,ENCINO/TARZANA/WARNER CENTER/WOODLAND HILLS,106191450,,,,,,
106194010,AMERICAN RECOVERY CENTER,2180 WEST VALLEY BOULEVARD,POMONA,91768,909-865-2336-2245,Yes,01/01/2013,12/31/2013,Open,07/01/1987,07/01/1987,,NO,52,20,35,6037402402,78.2ss,San Gabriel Valley,11 - Los Angeles,Los Angeles,930000412,Parent Facility,-117.791,34.06122,Chemical Dependency Recovery Hospital,Non-Profit Corporation (incl. Church-related),Chemical Dependency (Alcohol/Drug),0,0,0,0,0,0,0,0,0,0,0,0,0,0,0,0,0,0,0,0,0,0,0,0,0,0,0,0,0,0,0,0,0,0,0,0,0,0,0,0,0,0,0,0,0,50,18250,983,6260,0,0,0,0,0,0,0,0,0,0,0,0,0,0,0,0,0,50,18250,983,6260,0,0,0,0,0,0,0,0,0,0,0,0,0,0,0,0,0,0,0,0,0,0,0,0,0,0,0,0,,,,,,No,0,0,0,0,0,0,0,0,0,0,0,0,0,0,0,0,0,0,No,0,0,0,0,0,0,0,0,0,0,0,0,0,Respondent,0,0,0,0,0,0,0,0,,0,0,0,,0,0,NEITHER,0,0,0,0,0,0,0,0,0,0,0,0,0,0,0,0,0,0,0,0,0,0,0,0,0,0,0,0,0,0,0,0,0,0,0,0,0,0,0,,No,50 - 99,Non-Profit Corporation (i,0,0,0,1,0,0,0,0,0,0,0,0,0,0,0,0,1,0,0,0,0,0,0,0,0,0,0,0,,,,Urban,POMONA EAST AND SOUTH,106194010,,,,,,
106194219,KECK HOSPITAL OF USC,1500 SAN PABLO STREET,LOS ANGELES,90033,323-442-8677,Yes,01/01/2013,12/31/2013,Open,05/17/1991,05/17/1991,,NO,51,24,34,6037203300,78.2ffff,Metro,11 - Los Angeles,Los Angeles,930000459,Parent Facility,-118.20287,34.06284,General Acute Care,Non-Profit Corporation (incl. Church-related),General Medical / Surgical,285,133380,9989,51330,0,0,0,0,0,0,0,0,84,39312,302,3607,21133,0,0,0,0,0,0,0,0,0,0,0,0,0,0,0,0,0,0,0,0,32,14976,194,2464,401,187668,10485,74927,0,0,0,0,0,890,38,435,0,0,0,0,0,0,0,0,0,0,0,0,0,401,188558,10523,75362,0,0,0,0,0,0,0,0,0,0,0,0,0,0,0,0,0,0,0,0,0,0,0,0,0,0,0,0,,,,,,Yes,0,0,0,0,0,0,0,0,0,0,0,0,0,0,0,0,0,0,No,0,0,0,0,0,0,0,0,0,0,0,0,0,Respondent,7316,2038589,7657,795385,0,6,24,30,Yes,0,0,0,,0,0,CV SURG,4,0,0,804,3,804,3,128,2,0,0,0,0,281,114,249,78,530,192,530,18,47,17,40,22,170,19,29,1,9,2,64,38,23,10,37,9,193,1278,Yes,No,300 - 499,Non-Profit Corporation (i,0,0,0,1,0,0,0,0,0,0,0,0,0,0,0,0,1,0,0,0,0,0,0,0,0,0,0,0,,,,Urban,BOYLE HEIGHTS NORTHWEST/CHINATOWN/DOWNTOWN NORTHWEST/LITTLE TOKYO/WESTLAKE,106194219,,,,,,
106194967,STAR VIEW ADOLESCENT - P H F,4025 WEST 226 STREET,TORRANCE,90505,310-221-6336-106,Yes,01/01/2013,12/31/2013,Open,11/01/1996,11/01/1996,,NO,66,26,33,6037651221,78.2u,South Bay,11 - Los Angeles,Los Angeles,M02016029,Parent Facility,-118.35565,33.82363,Psychiatric Health Facility,Investor - Corporation,Psychiatric,0,0,0,0,0,0,0,0,0,0,0,0,0,0,0,0,0,0,0,0,0,0,0,0,0,0,0,0,0,0,0,0,0,0,0,0,0,0,0,0,0,0,0,0,0,0,0,0,0,16,5840,89,5409,0,0,0,,0,0,0,0,0,0,0,0,0,16,5840,89,5409,0,0,0,0,0,0,0,0,0,0,14,0,14,14,0,0,14,0,0,14,0,0,0,0,0,0,0,14,Yes,,,,,No,0,0,0,0,0,0,0,0,0,0,0,0,0,0,0,0,0,0,No,0,0,0,0,0,0,0,0,0,0,0,0,0,Respondent,0,0,0,0,0,0,0,0,,0,0,0,,0,0,NEITHER,0,0,0,0,0,0,0,0,0,0,0,0,0,0,0,0,0,0,0,0,0,0,0,0,0,0,0,0,0,0,0,0,0,0,0,0,0,0,0,,No,1 - 49,Investor,0,0,0,1,0,0,0,0,0,0,0,0,0,0,0,0,1,0,0,0,0,0,0,0,0,0,0,0,,,,Urban,REDONDO BEACH CENTRAL AND SOUTH/TORRANCE WEST CENTRAL,106194967,,,,,,
106194981,LA CASA PSYCHIATRIC HEALTH FACILITY,6060 PARAMOUNT BLVD.,LONG BEACH,90805,562-630-8672-418,Yes,01/01/2013,12/31/2013,Open,11/10/1997,11/10/1997,,NO,63,33,44,6037570100,78.2iii,South Bay,11 - Los Angeles,Los Angeles,M02014031,Parent Facility,-118.15979,33.86412,Psychiatric Health Facility,Investor - Corporation,Psychiatric,0,0,0,0,0,0,0,0,0,0,0,0,0,0,0,0,0,0,0,0,0,0,0,0,0,0,0,0,0,0,0,0,0,0,0,0,0,0,0,0,0,0,0,0,0,0,0,0,0,16,5840,121,5735,0,0,0,0,0,0,0,0,0,0,0,0,0,16,5840,121,5735,0,0,0,0,0,0,0,0,0,0,16,0,16,0,16,0,16,0,0,14,0,2,0,0,0,0,0,16,Yes,,,,,No,0,0,0,0,0,0,0,0,0,0,0,0,0,0,0,0,0,0,No,0,0,0,0,0,0,0,0,0,0,0,0,0,Respondent,0,0,0,0,0,0,0,0,,0,0,0,,0,0,NEITHER,0,0,0,0,0,0,0,0,0,0,0,0,0,0,0,0,0,0,0,0,0,0,0,0,0,0,0,0,0,0,0,0,0,0,0,0,0,0,0,,No,1 - 49,Investor,0,0,0,1,0,0,0,0,0,0,0,0,0,0,0,0,1,0,0,0,0,0,0,0,0,0,0,0,,,,Urban,NORTH LONG BEACH,106194981,,,,,,
106196035,KAISER FND HOSP - BALDWIN PARK,1011 BALDWIN PARK BLVD.,BALDWIN PARK,91706,626-851-1011-6386,Yes,01/01/2013,12/31/2013,Open,10/07/1998,10/07/1998,,NO,48,22,32,6037404703,78.2yyy,San Gabriel Valley,11 - Los Angeles,Los Angeles,930000920,Parent Facility,-117.986,34.06348,General Acute Care,Non-Profit Corporation (incl. Church-related),General Medical / Surgical,187,68255,9624,30977,53,19168,2892,6194,0,0,0,0,12,4380,206,767,2712,0,0,0,0,0,0,0,0,0,0,0,0,0,0,0,20,7300,235,27,2623,0,0,0,0,272,99103,12957,42506,0,0,0,0,0,0,0,0,0,0,0,,0,0,0,0,0,0,0,0,0,272,99103,12957,42506,0,0,0,0,0,0,41,2607,4228,0,0,0,0,0,0,0,0,0,0,0,0,0,0,0,0,0,0,0,,,,,,No,Basic,Basic,864,4,13264,2,48222,2186,6041,3597,937,1575,69328,7364,76692,40,0,329,Yes,430,279,234,236,164,150,173,176,205,199,120,240,2606,Respondent,4327,525547,9351,762182,0,0,12,12,Yes,2812,187,44,Yes,1897,915,NEITHER,0,0,0,0,0,0,0,0,0,0,0,0,0,0,0,0,0,0,0,0,0,0,0,0,0,0,0,0,0,0,0,0,0,0,0,0,0,0,0,,No,200 - 299,Non-Profit Corporation (i,1,0,0,0,0,0,0,0,0,0,0,0,0,0,0,0,1,0,0,0,0,76692,868,13266,50408,9638,2512,0,1,,1,Urban,BASSETT/INDUSTRY WEST/LA PUENTE,106196035,,,,,,
106196168,EARL AND LORRAINE MILLER CHILDRENS HOSPITAL,2801 ATLANTIC AVENUE,LONG BEACH,90806,562-933-5437,Yes,01/01/2013,12/31/2013,Open,06/30/2000,06/30/2000,,NO,70,33,47,6037572202,78.2lll,South Bay,11 - Los Angeles,Los Angeles,930000949,Parent Facility,-118.1852,33.80801,General Acute Care,Non-Profit Corporation (incl. Church-related),Pediatric,35,12775,1124,4508,59,21535,5761,15469,152,55480,7794,29681,20,7300,485,1010,5042,0,0,0,0,0,0,0,0,0,0,0,0,0,0,0,107,40855,1245,88,23901,0,0,0,0,373,137945,16409,78601,0,0,0,0,0,0,0,0,0,0,0,,0,0,0,0,0,0,0,0,0,373,137945,16409,78601,0,0,0,0,0,0,48,4951,12287,0,0,0,0,0,0,0,0,0,0,0,0,0,0,0,0,0,0,0,,,,,,No,0,0,0,0,0,0,0,0,0,0,0,0,0,0,0,0,0,0,Yes,0,0,0,0,0,0,0,0,0,0,0,0,0,Respondent,5175,445359,3669,256147,0,0,15,15,,5934,680,225,,3730,2204,NEITHER,0,44,8,0,0,44,8,0,0,10,6,35,19,0,0,0,0,45,25,45,0,0,0,0,0,0,0,0,0,9,0,0,4,3,0,0,0,11,72,,No,300 - 499,Non-Profit Corporation (i,0,0,0,1,0,0,0,0,0,0,0,0,0,0,0,0,1,0,0,0,0,0,0,0,0,0,0,0,,,1,Urban,BIXBY KNOLLS/LONG BEACH CENTRAL,106196168,,,,,,
106196403,KAISER FOUNDATION HOSPITAL - DOWNEY,9333 IMPERIAL HIGHWAY,DOWNEY,90242,652-657-9000,Yes,01/01/2013,12/31/2013,Open,08/31/2009,08/31/2009,,NO,58,32,40,6037551100,78.2eee,East,11 - Los Angeles,Los Angeles,930000078,Parent Facility,-118.1290216,33.9171234,General Acute Care,Non-Profit Corporation (incl. Church-related),General Medical / Surgical,182,66430,13079,46366,66,24090,3808,9981,17,6205,942,3037,38,13870,222,820,3254,0,0,0,0,0,0,0,0,0,0,0,0,0,0,0,49,17885,625,123,11411,0,0,0,0,352,128480,18676,74049,0,0,0,0,0,0,0,0,0,0,0,0,0,0,0,0,0,0,0,0,0,352,128480,18676,74049,0,0,0,0,0,0,0,3096,5119,0,0,0,0,0,0,0,0,0,0,0,0,0,0,0,0,0,0,0,,,,,,No,Basic,Basic,712,95,9910,1,58314,2479,13105,5056,2102,2398,84143,10029,94172,63,0,2833,Yes,244,89,116,52,43,44,73,113,82,98,114,190,1258,Respondent,5798,896373,12564,1395759,0,14,11,25,Yes,3658,313,93,Yes,2472,1186,NEITHER,0,0,0,0,0,0,0,0,0,0,0,0,0,0,0,0,0,0,0,0,0,0,0,0,0,0,0,0,0,0,0,0,0,0,0,0,0,0,0,Yes,No,300 - 499,Non-Profit Corporation (i,1,0,0,0,0,0,0,0,0,0,0,0,0,0,0,0,1,0,0,0,0,94172,807,9911,60793,18161,4500,0,1,,1,Urban,DOWNEY NORTHEAST,106196403,,,,,,
106196404,JOYCE EISENBERG KEEFER MEDICAL CENTER,7150 TAMPA AVENUE,RESEDA,91335,818-774-3000-3069,Yes,01/01/2013,12/31/2013,Open,10/02/2007,10/02/2007,,NO,45,27,30,6037132500,78.2ii,San Fernando Valley,11 - Los Angeles,Los Angeles,550000621,Parent Facility,-118.55341,34.20014,Acute Psychiatric,Non-Profit Corporation (incl. Church-related),Psychiatric,0,0,0,0,0,0,0,0,0,0,0,0,0,0,0,0,0,0,0,0,0,0,0,0,0,0,0,0,0,0,0,0,0,0,0,0,0,0,0,0,0,0,0,0,0,0,0,0,0,10,3650,199,3387,239,87235,109,,86863,0,0,0,0,0,0,0,0,249,90885,308,90250,0,0,0,0,0,0,0,0,0,0,8,0,8,0,1,7,8,1,6,0,0,0,0,1,0,0,0,8,,Yes,,YES,,No,0,0,0,0,0,0,0,0,0,0,0,0,0,0,0,0,0,0,No,0,0,0,0,0,0,0,0,0,0,0,0,0,Respondent,0,0,0,0,0,0,0,0,,0,0,0,,0,0,NEITHER,0,0,0,0,0,0,0,0,0,0,0,0,0,0,0,0,0,0,0,0,0,0,0,0,0,0,0,0,0,0,0,0,0,0,0,0,0,0,0,,No,200 - 299,Non-Profit Corporation (i,0,0,0,1,0,0,0,0,0,0,0,0,0,0,0,0,1,0,0,0,0,0,0,0,0,0,0,0,,,,Urban,RESEDA SOUTH/VAN NUYS SOUTHWEST,106196404,,,,,,
106196405,PALMDALE REGIONAL MEDICAL CENTER,38600 MEDICAL CENTER DRIVE,PALMDALE,93551,661-382-5000,Yes,01/01/2013,12/31/2013,Open,12/09/2010,12/09/2010,,NO,36,21,25,6037910401,77.1a,Antelope Valley,11 - Los Angeles,Los Angeles,930000085,Parent Facility,-118.1443461,34.5843754,General Acute Care,Investor - Corporation,General Medical / Surgical,133,48545,7367,28270,0,0,0,0,0,0,0,0,24,8760,613,0,6258,0,0,0,0,0,0,0,0,0,0,0,0,0,0,0,0,0,0,0,0,0,0,0,0,157,57305,7980,34528,0,0,0,0,0,0,0,0,0,0,0,0,0,0,0,0,0,0,0,0,0,157,57305,7980,34528,0,0,0,0,0,0,0,0,0,0,0,0,0,0,0,0,0,0,0,0,0,0,0,0,0,0,0,0,,,,,,No,Basic,Basic,5788,3,14509,13,22555,70,3251,6240,119,86,46222,6412,52634,35,0,1760,Yes,70,91,7,7,25,2,7,22,10,3,0,21,265,Respondent,4027,274284,1824,109014,0,0,6,6,Yes,0,0,0,,0,0,CV SURG,1,0,0,10,0,10,0,10,2,0,0,0,0,201,212,147,38,348,250,600,0,0,109,0,0,259,337,15,270,0,33,24,47,284,8,9,0,1034,3029,Yes,No,150 - 199,Investor,1,0,0,0,0,0,0,0,0,0,0,0,0,0,0,0,1,0,0,0,0,52634,5791,14522,22625,9491,205,0,,,1,Urban,PALMDALE CENTRAL,106196405,,,,,,
106197931,EXODUS RECOVERY P.H.F.,,,,,,,,,,,,No,,,,,,,,Los Angeles,,,,,,,,,,,,,,,,,,,,,,,,,,,,,,,,,,,,,,,,,,,,,,,,,,,,,,,,,,,,,,,,,,,,,,,,,,,,,,,,,,,,,,,,,,,,,,,,,,,,,,,,,,,,,,,,0,0,0,0,0,0,0,0,0,0,0,0,,,,,,,,,,,,,,,,,,,,,Non-Respondent,,,,,,,,,,,,,,,,NEITHER,,,,,,,,,,,,,,,,,,,,,,,,,,,,,,,,,,,,,,,,,No,,,0,0,0,1,0,0,0,0,0,0,0,0,0,0,0,0,1,0,0,0,0,0,0,0,0,0,0,0,,,,,,106197931,,,,,,
106201281,MADERA COMMUNITY HOSPITAL,1250 EAST ALMOND AVENUE,MADERA,93637,559-675-5555-5501,Yes,01/01/2013,12/31/2013,Open,09/30/1971,09/30/1971,,NO,35,19,24,6039000502,80,,09 - Central,Madera,40000191,Parent Facility,-120.04561,36.94535,General Acute Care,Non-Profit Corporation (incl. Church-related),General Medical / Surgical,73,26645,3123,16667,23,8395,1876,1877,0,0,5,7,10,3650,121,580,2001,0,0,0,0,0,0,0,0,0,0,0,0,0,0,0,0,0,0,0,0,0,0,0,0,106,38690,5125,20552,0,0,0,0,0,0,0,0,0,0,0,,0,0,0,0,0,0,0,0,0,106,38690,5125,20552,0,0,0,0,0,0,21,1585,3500,0,0,0,0,0,0,0,0,0,0,0,0,0,0,0,0,0,0,0,,,,,,No,Basic,Basic,314,0,3269,27,15908,701,14962,1188,2712,322,37165,2238,39403,16,0,1266,No,0,0,0,0,0,0,0,0,0,0,0,0,0,Respondent,1732,151328,1937,108584,0,0,6,6,Yes,1585,75,14,,0,254,NEITHER,0,0,0,0,0,0,0,0,0,0,0,0,0,0,0,0,0,0,0,0,0,0,0,0,0,0,0,0,0,0,0,0,0,0,0,0,0,0,0,,No,100 - 149,Non-Profit Corporation (i,1,0,0,0,0,0,0,0,0,0,0,0,0,0,0,0,1,0,0,0,0,39403,314,3296,16609,16150,3034,0,,,,Rural,MADERA,106201281,,,,,,
106204019,CHILDRENS HOSPITAL CENTRAL CALIFORNIA,9300 VALLEY CHILDRENS PLACE,MADERA,93638,559-353-3000,Yes,01/01/2013,12/31/2013,Open,08/31/1998,08/31/1998,,NO,5,12,16,6039001000,80,,09 - Central,Madera,40000160,Parent Facility,-119.80025,36.88416,General Acute Care,Non-Profit Corporation (incl. Church-related),Pediatric,46,16790,0,0,0,0,0,0,134,48910,10618,38659,42,15330,178,957,8740,0,0,0,0,0,0,0,0,0,0,0,0,0,0,0,114,39178,1096,20,23694,20,7300,637,4297,356,127508,12529,75390,0,0,0,0,0,0,0,0,0,0,0,,0,0,0,0,0,0,0,0,0,356,127508,12529,75390,0,0,0,0,0,0,0,0,0,0,0,0,0,0,0,0,0,0,0,0,0,0,0,0,0,0,0,0,,,,,,No,Basic,Basic,25507,11,41579,47,14513,59,2150,20,653,7947,84402,8084,92486,39,0,858,No,0,0,0,0,0,0,0,0,0,0,0,0,0,Respondent,4977,596960,6642,333137,0,0,10,10,Yes,0,0,0,,0,0,CV SURG,1,147,76,0,0,147,76,0,1,46,136,33,12,0,0,0,0,79,148,79,0,0,0,0,0,0,0,0,0,19,0,0,0,0,0,0,0,129,227,Yes,No,300 - 499,Non-Profit Corporation (i,1,0,0,0,0,0,0,0,0,0,0,0,0,0,0,0,1,0,0,0,0,92486,25518,41626,14572,2170,8600,0,,,,Rural,MADERA,106204019,,,,,,
106210992,KAISER FND HOSP - SAN RAFAEL,99 MONTECILLO ROAD,SAN RAFAEL,94903,415-444-2000,Yes,01/01/2013,12/31/2013,Open,12/09/1966,12/09/1966,,NO,10,2,2,6041108200,83a,,04 - West Bay,Marin,110000357,Parent Facility,-122.55376,38.0041,General Acute Care,Non-Profit Corporation (incl. Church-related),General Medical / Surgical,104,37960,4644,16406,0,0,0,0,0,0,0,0,12,4380,152,993,2171,0,0,0,0,0,0,0,0,0,0,0,0,0,0,0,0,0,0,0,0,0,0,0,0,116,42340,4796,18577,0,0,0,0,0,0,0,0,0,0,0,0,0,0,0,0,0,0,0,0,0,116,42340,4796,18577,0,0,0,0,0,0,0,0,0,0,0,0,0,0,0,0,0,0,0,0,0,0,0,0,0,0,0,0,,,,,,Yes,Basic,Basic,6070,1,3757,12,6706,245,5622,2259,445,814,22600,3331,25931,15,0,14,No,0,0,0,0,0,0,0,0,0,0,0,0,0,Respondent,1383,184779,3772,356736,0,0,5,5,Yes,0,0,0,,0,0,CATH LAB,0,0,0,0,0,0,0,0,1,0,0,0,0,51,87,103,158,154,245,154,0,94,72,0,0,32,178,0,0,0,3,0,29,7,0,1,0,0,570,Yes,No,100 - 149,Non-Profit Corporation (i,1,0,0,0,0,0,0,0,0,0,0,0,0,0,0,0,1,0,0,0,0,25931,6071,3769,6951,7881,1259,0,,,,Urban,CORTE MADERA/FAIRFAX/KENTFIELD/LARKSPUR/MARINWOOD/MILL VALLEY/ROSS/SAN ANSELMO/SAN RAFAEL WEST/TERRA,106210992,,,,,,
106210993,KENTFIELD REHABILITATION AND SPECIALTY HOSPITAL,1125 SIR FRANCIS DRAKE BLVD.,KENTFIELD,94904,415-456-9680,Yes,01/01/2013,12/31/2013,Open,09/24/1963,09/24/1963,,NO,10,2,2,6041118100,83a,,04 - West Bay,Marin,110000358,Parent Facility,-122.5480383,37.9560776,General Acute Care,Investor - Limited Liability Company,General Medical / Surgical,60,21900,478,16345,0,0,0,0,0,0,0,0,0,0,0,0,0,0,0,0,0,0,0,0,0,0,0,0,0,0,0,0,0,0,0,0,0,0,0,0,0,60,21900,478,16345,0,0,0,0,0,0,0,0,0,0,0,0,0,0,0,0,0,0,0,0,0,60,21900,478,16345,0,0,0,0,0,0,0,0,0,0,0,0,0,0,0,0,0,0,0,0,0,0,0,0,0,0,0,0,,,,,,No,0,0,0,0,0,0,0,0,0,0,0,0,0,0,0,0,0,0,No,0,0,0,0,0,0,0,0,0,0,0,0,0,Respondent,0,0,0,0,0,0,0,0,,0,0,0,,0,0,NEITHER,0,0,0,0,0,0,0,0,0,0,0,0,0,0,0,0,0,0,0,0,0,0,0,0,0,0,0,0,0,0,0,0,0,0,0,0,0,0,0,,No,50 - 99,Investor,0,0,0,1,0,0,0,0,0,0,0,0,0,0,0,0,1,0,0,0,0,0,0,0,0,0,0,0,,,,Urban,CORTE MADERA/FAIRFAX/KENTFIELD/LARKSPUR/MARINWOOD/MILL VALLEY/ROSS/SAN ANSELMO/SAN RAFAEL WEST/TERRA,106210993,,,,,,
106211006,MARIN GENERAL HOSPITAL,250 BON AIR ROAD,GREENBRAE,94904,415-925-7000,Yes,01/01/2013,12/31/2013,Open,05/16/1952,05/16/1952,Level III,NO,5,8,4,6041119200,83a,,04 - West Bay,Marin,110000361,Parent Facility,-122.53715,37.94651,General Acute Care,Non-Profit Corporation (incl. Church-related),General Medical / Surgical,164,59860,6739,26254,22,8030,1401,3812,14,5110,289,528,10,3650,145,749,3066,0,0,0,0,0,0,0,0,0,0,0,0,0,0,0,8,2920,178,89,1004,0,0,0,0,218,79570,8752,34664,0,0,0,0,17,6205,626,5692,0,0,0,0,0,0,0,0,0,0,0,0,0,235,85775,9378,40356,0,0,0,0,0,0,8,1183,2740,0,0,16,16,0,13,3,16,7,0,4,0,2,0,3,0,0,0,16,Yes,,,,,No,Basic,Basic,596,1,4310,2,11579,36,7282,342,4488,5674,28255,6055,34310,22,0,477,Yes,12,24,12,22,14,9,12,7,14,7,4,32,169,Respondent,2269,331398,3740,250467,0,3,8,11,Yes,1345,69,3,,0,317,CV SURG,3,0,0,57,2,57,2,32,2,0,0,0,0,320,280,203,275,523,555,523,0,112,53,44,12,233,12,3,3,0,84,91,147,124,1,17,0,18,1477,Yes,No,200 - 299,Non-Profit Corporation (i,1,0,0,0,1,0,0,1,0,0,0,0,0,0,1,1,0,0,0,34310,0,0,597,4312,11615,7624,10162,0,,,1,Urban,CORTE MADERA/FAIRFAX/KENTFIELD/LARKSPUR/MARINWOOD/MILL VALLEY/ROSS/SAN ANSELMO/SAN RAFAEL WEST/TERRA,106211006,,,,,,
106214034,NOVATO COMMUNITY HOSPITAL,180 ROLAND WAY,NOVATO,94945,415-209-1300,Yes,01/01/2013,12/31/2013,Open,05/20/2001,05/20/2001,,NO,10,2,2,6041101200,83b,,04 - West Bay,Marin,110000375,Parent Facility,-122.55887,38.09749,General Acute Care,Non-Profit Corporation (incl. Church-related),General Medical / Surgical,39,14235,1402,4099,0,0,0,0,0,0,0,0,4,1460,213,252,1073,4,1460,0,0,0,0,0,0,0,0,0,0,0,0,0,0,0,0,0,0,0,0,0,0,47,17155,1615,5172,0,0,0,0,0,0,0,0,0,0,0,,0,0,0,0,0,0,0,0,0,47,17155,1615,5172,0,0,0,0,0,0,0,0,0,0,0,0,0,0,0,0,0,0,0,0,0,0,0,0,0,0,0,0,,,,,,No,Basic,Basic,235,0,3395,3,4980,13,3000,269,1279,1163,12889,1448,14337,9,0,133,Yes,36,10,6,5,4,29,14,3,4,4,1,8,124,Respondent,547,64147,660,41270,0,0,3,3,Yes,0,0,0,,0,0,NEITHER,0,0,0,0,0,0,0,0,0,0,0,0,0,0,0,0,0,0,0,0,0,0,0,0,0,0,0,0,0,0,0,0,0,0,0,0,0,0,0,,No,1 - 49,Non-Profit Corporation (i,1,0,0,0,0,0,0,0,0,0,0,0,0,0,0,0,1,0,0,0,0,14337,235,3398,4993,3269,2442,0,,,1,Urban,BEL MARIN KEYS/BLACK POINT/IGNACIO/NOVATO/SAN RAFAEL EAST/SANTA VENETIA,106214034,,,,,,
106220733,JOHN C FREMONT HEALTHCARE DISTRICT,"5189 HOSPITAL RD., PO BOX 216",MARIPOSA,95338,209-966-3631-272,Yes,01/01/2013,12/31/2013,Open,10/01/1951,10/01/1951,,NO,5,8,4,6043000100,85,,09 - Central,Mariposa,40000108,Parent Facility,-119.97714,37.50126,General Acute Care,District,General Medical / Surgical,18,6570,147,524,0,0,0,0,0,0,0,0,0,0,0,0,0,0,0,0,0,0,0,0,0,0,0,0,0,0,0,0,0,0,0,0,0,0,0,0,0,18,6570,147,524,0,0,0,0,0,0,0,0,16,5840,42,,8456,0,0,0,0,0,0,0,0,34,12410,189,8980,0,0,0,0,0,0,0,0,0,18,0,0,0,0,0,0,0,0,0,0,0,0,0,0,0,0,0,0,,,,,,No,Standby,Standby,365,0,1042,0,1823,0,1362,97,493,29,5085,126,5211,4,0,103,No,0,0,0,0,0,0,0,0,0,0,0,0,0,Respondent,0,0,136,6120,0,1,0,1,Yes,0,0,0,,0,0,NEITHER,0,0,0,0,0,0,0,0,0,0,0,0,0,0,0,0,0,0,0,0,0,0,0,0,0,0,0,0,0,0,0,0,0,0,0,0,0,0,0,,No,1 - 49,District,0,0,1,0,0,0,0,0,0,0,0,0,0,0,0,0,1,0,0,0,0,5211,365,1042,1823,1459,522,0,,,,Rural,BOOTJACK/CATHEYÂ??S VALLEY/COULTERVILLE/DON PEDRO/EL PORTAL/FISH CAMP/MARIPOSA,106220733,,,,,,
106230949,FRANK R HOWARD MEMORIAL HOSPITAL,1 MADRONE STREET,WILLITS,95490,707-456-3002-3002,Yes,01/01/2013,12/31/2013,Open,01/01/1947,01/01/1947,,NO,2,2,2,6045010700,91,,01 - Northern California,Mendocino,110000013,Parent Facility,-123.34973,39.40079,General Acute Care,Non-Profit Corporation (incl. Church-related),General Medical / Surgical,34,12410,1363,5095,0,0,0,0,0,0,0,0,4,1460,112,169,647,0,0,0,0,0,0,0,0,0,0,0,0,0,0,0,0,0,0,0,0,0,0,0,0,38,13870,1475,5742,0,0,0,0,0,0,0,0,0,0,0,,0,0,0,0,0,0,0,0,0,38,13870,1475,5742,0,0,0,0,0,0,0,0,0,10,0,0,0,0,0,0,0,0,0,0,0,0,0,0,0,0,0,0,,,,,,No,Standby,Basic,5,0,2853,0,2815,0,1691,0,1135,0,8499,653,9152,5,10,186,No,0,0,0,0,0,0,0,0,0,0,0,0,0,Respondent,776,88181,693,44487,0,0,2,2,Yes,0,0,0,,0,0,NEITHER,0,0,0,0,0,0,0,0,0,0,0,0,0,0,0,0,0,0,0,0,0,0,0,0,0,0,0,0,0,0,0,0,0,0,0,0,0,0,0,,No,1 - 49,Non-Profit Corporation (i,1,0,0,0,0,0,0,0,0,0,0,0,0,0,0,0,1,0,0,0,0,9152,5,2853,2815,1691,1135,653,,,,Rural,BROOKTRAILS/PINE MOUNTAIN/WILLITS,106230949,,,,,,
106231013,MENDOCINO COAST DISTRICT HOSPITAL,700 RIVER DRIVE,FORT BRAGG,95437,707-961-1234-611,Yes,01/01/2013,12/31/2013,Open,07/01/1971,07/01/1971,,NO,24,13,18,6045010500,89,,01 - Northern California,Mendocino,110000040,Parent Facility,-123.80068,39.4326,General Acute Care,District,General Medical / Surgical,38,13870,788,2564,7,2555,160,349,0,0,0,0,4,1460,85,128,516,0,0,0,0,0,0,0,0,0,0,0,0,0,0,0,0,0,0,0,0,0,0,0,0,49,17885,1033,3429,0,0,0,0,0,0,0,0,0,0,195,,1355,0,0,0,0,0,0,0,0,49,17885,1228,4784,0,0,0,0,0,0,1,150,281,15,0,0,0,0,0,0,0,0,0,0,0,0,0,0,0,0,0,0,,,,,,No,Standby,Standby,2192,2,4378,133,1288,224,593,203,204,112,8655,674,9329,8,0,164,No,0,0,0,0,0,0,0,0,0,0,0,0,0,Respondent,290,34830,1532,77134,0,0,2,2,Yes,151,3,0,,0,51,NEITHER,0,0,0,0,0,0,0,0,0,0,0,0,0,0,0,0,0,0,0,0,0,0,0,0,0,0,0,0,0,0,0,0,0,0,0,0,0,0,0,Yes,No,1 - 49,District,0,0,1,0,0,0,0,0,0,0,0,0,0,0,0,0,1,0,0,0,0,9329,2194,4511,1512,796,316,0,,,,Rural,FORT BRAGG/WESTPORT,106231013,,,,,,
106231396,UKIAH VALLEY MEDICAL CENTER/HOSPITAL DRIVE,275 HOSPITAL DRIVE,UKIAH,95482,707-462-3111,Yes,01/01/2013,12/31/2013,Open,03/03/1980,03/03/1980,Level IV,NO,2,2,2,6045011500,93.1,,01 - Northern California,Mendocino,110000095,Parent Facility,-123.20363,39.1528,General Acute Care,Non-Profit Corporation (incl. Church-related),General Medical / Surgical,43,15878,2550,7755,15,5536,853,1789,0,0,0,0,5,1886,363,388,1664,0,0,0,0,0,0,0,0,0,0,0,0,0,0,0,4,1826,19,32,111,0,0,0,0,67,25126,3785,11319,0,0,0,0,0,0,0,0,0,0,0,,0,0,0,0,0,0,0,0,0,67,25126,3785,11319,0,0,0,0,0,0,0,806,1635,0,0,0,0,0,0,0,0,0,0,0,0,0,0,0,0,0,0,0,,,,,,No,Basic,Basic,421,1,5745,2,7909,21,5869,449,2598,1976,22542,2449,24991,14,27,178,No,0,0,0,0,0,0,0,0,0,0,0,0,0,Respondent,1187,109710,3695,257941,0,3,5,8,Yes,815,35,5,,587,227,NEITHER,0,0,0,0,0,0,0,0,0,0,0,0,0,0,0,0,0,0,0,0,0,0,0,0,0,0,0,0,0,0,0,0,0,0,0,0,0,0,0,,No,50 - 99,Non-Profit Corporation (i,1,0,0,0,0,0,0,0,0,0,0,0,0,0,0,0,1,0,0,0,0,24991,422,5747,7930,6318,4574,0,,,,Rural,UKIAH,106231396,,,,,,
106240924,MEMORIAL HOSPITAL LOS BANOS,520 WEST I STREET,LOS BANOS,93635,209-826-0591,Yes,01/01/2013,12/31/2013,Open,08/31/1967,08/31/1967,,NO,66,35,43,6047002201,94,,06 - North San Joaquin,Merced,40000177,Parent Facility,-120.86147,37.06273,General Acute Care,Non-Profit Corporation (incl. Church-related),General Medical / Surgical,30,10950,608,1870,12,4380,732,1486,0,0,0,0,4,1460,37,50,202,0,0,0,0,0,0,0,0,0,0,0,0,0,0,0,0,0,0,0,0,0,0,0,0,46,16790,1377,3558,0,0,0,0,0,0,0,0,0,0,0,,0,0,0,0,0,0,0,0,0,46,16790,1377,3558,0,0,0,0,0,0,12,728,1314,0,0,0,0,0,0,0,0,0,0,0,0,0,0,0,0,0,0,0,,,,,,No,Basic,Basic,431,0,3164,0,10832,6,7236,88,3215,530,24878,624,25502,9,0,532,No,0,0,0,0,0,0,0,0,0,0,0,0,0,Respondent,353,30285,477,37290,0,0,2,2,,732,31,2,Yes,475,257,NEITHER,0,0,0,0,0,0,0,0,0,0,0,0,0,0,0,0,0,0,0,0,0,0,0,0,0,0,0,0,0,0,0,0,0,0,0,0,0,0,0,,No,1 - 49,Non-Profit Corporation (i,1,0,0,0,0,0,0,0,0,0,0,0,0,0,0,0,1,0,0,0,0,25502,431,3164,10838,7324,3745,0,1,1,,Rural,DOS PALOS/GUSTINE/LOS BANOS,106240924,,,,,,
106240942,MERCY MEDICAL CENTER - MERCED,333  MERCY AVENUE,MERCED,95340,209-564-5000,Yes,01/01/2013,12/31/2013,Open,01/01/1956,01/01/1956,,NO,1,1,1,6047001801,97.1,,06 - North San Joaquin,Merced,40000178,Parent Facility,-120.4651815,37.3402309,General Acute Care,Non-Profit Corporation (incl. Church-related),General Medical / Surgical,136,49640,7654,32891,30,10950,2489,5868,0,0,235,290,20,7300,342,1221,4114,0,0,0,0,0,0,0,0,0,0,0,0,0,0,0,0,0,0,0,0,0,0,0,0,186,67890,10720,43163,0,0,0,0,0,0,0,0,0,0,0,0,0,0,0,0,0,0,0,0,0,186,67890,10720,43163,0,0,0,0,0,0,0,2714,5020,0,0,0,0,0,0,0,0,0,0,0,0,0,0,0,0,0,0,0,,,,,,No,Basic,Basic,2142,21,16732,9,23038,79,13521,3604,1878,2440,57311,6153,63464,26,39946,1697,No,0,0,0,0,0,0,0,0,0,0,0,0,0,Respondent,2211,208261,1232,118266,8,4,6,18,Yes,2740,141,9,,0,1012,CATH LAB,0,0,0,0,0,0,0,0,1,0,0,0,0,44,0,60,0,104,0,110,0,1,0,3,0,0,0,0,0,0,0,0,14,45,0,0,0,0,173,,No,150 - 199,Non-Profit Corporation (i,1,0,0,0,0,0,0,0,0,0,0,0,0,0,0,0,1,0,0,0,0,63464,2163,16741,23117,17125,4318,0,,,,Urban,MERCED CENTRAL AND NORTH/MERCED SOUTHEAST,106240942,,,,,,
106244027,MARIE GREEN PSYCHIATRIC CENTER - P H F,300 EAST 15TH STREET,MERCED,95340,209-381-6813,Yes,01/01/2013,12/31/2013,Open,08/16/1996,08/16/1996,,NO,62,26,33,6047001601,97.2,,06 - North San Joaquin,Merced,M01016008,Parent Facility,-120.47145,37.29417,Psychiatric Health Facility,City and/or County,Psychiatric,0,0,0,0,0,0,0,0,0,0,0,0,0,0,0,0,0,0,0,0,0,0,0,0,0,0,0,0,0,0,0,0,0,0,0,0,0,0,0,0,0,0,0,0,0,0,0,0,0,16,5840,630,2264,0,0,0,0,0,0,0,0,0,0,0,0,0,16,5840,630,2264,0,0,0,0,0,0,0,0,0,0,9,0,9,0,9,0,9,0,0,0,0,0,0,0,7,0,2,9,Yes,,,,,No,0,0,0,0,0,0,0,0,0,0,0,0,0,0,0,0,0,0,No,0,0,0,0,0,0,0,0,0,0,0,0,0,Respondent,0,0,0,0,0,0,0,0,,0,0,0,,0,0,NEITHER,0,0,0,0,0,0,0,0,0,0,0,0,0,0,0,0,0,0,0,0,0,0,0,0,0,0,0,0,0,0,0,0,0,0,0,0,0,0,0,,No,1 - 49,City and/or County,0,0,0,1,0,0,0,0,0,0,0,0,0,0,0,0,1,0,0,0,0,0,0,0,0,0,0,0,,,,Rural,EL NIDO/MERCED SOUTHWEST,106244027,,,,,,
106250955,SURPRISE VALLEY COMMUNITY HOSPITAL,"MAIN AND WASHINGTON STS, BOX 246",CEDARVILLE,96104,530-279-6111-1249,Yes,01/01/2013,12/31/2013,Open,07/01/1953,07/01/1953,,NO,1,1,1,6049000400,99,,01 - Northern California,Modoc,230000025,Parent Facility,-120.17157,41.53153,General Acute Care,District,General Medical / Surgical,4,1460,21,66,0,0,0,0,0,0,0,0,0,0,0,0,0,0,0,0,0,0,0,0,0,0,0,0,0,0,0,0,0,0,0,0,0,0,0,0,0,4,1460,21,66,0,0,0,0,0,0,0,0,22,8030,8,0,7615,0,0,0,0,0,0,0,0,26,9490,29,7681,0,0,0,0,0,0,0,0,0,3,0,0,0,0,0,0,0,0,0,0,0,0,0,0,0,0,0,0,,,,,,No,Standby,Standby,0,0,0,0,226,0,127,8,0,13,353,21,374,1,55,5,No,0,0,0,0,0,0,0,0,0,0,0,0,0,Respondent,0,0,0,0,0,0,0,0,,0,0,0,,0,0,NEITHER,0,0,0,0,0,0,0,0,0,0,0,0,0,0,0,0,0,0,0,0,0,0,0,0,0,0,0,0,0,0,0,0,0,0,0,0,0,0,0,,No,1 - 49,District,0,0,1,0,0,0,0,0,0,0,0,0,0,0,0,0,1,0,0,0,0,374,0,0,226,135,13,0,,,,Frontier,SURPRISE VALLEY,106250955,,,,,,
106250956,MODOC MEDICAL CENTER,228 WEST MC DOWELL AVENUE,ALTURAS,96101,530-233-5131,Yes,01/01/2013,12/31/2013,Open,07/01/1953,07/01/1953,,NO,52,20,35,6049000100,98,,01 - Northern California,Modoc,230000026,Parent Facility,-120.54407,41.48001,General Acute Care,District,General Medical / Surgical,16,5840,216,652,0,0,0,0,0,0,3,5,0,0,0,0,0,0,0,0,0,0,0,0,0,0,0,0,0,0,0,0,0,0,0,0,0,0,0,0,0,16,5840,219,657,0,0,0,0,0,0,0,0,71,25915,83,0,15949,0,0,0,0,0,0,0,0,87,31755,302,16606,0,0,0,0,0,0,0,1,1,16,0,0,0,0,0,0,0,0,0,0,0,0,0,0,0,0,0,0,,,,,,No,Standby,Standby,168,0,537,0,1733,0,1082,0,254,157,3774,157,3931,5,168,17,No,0,0,0,0,0,0,0,0,0,0,0,0,0,Respondent,1,36,125,4164,0,0,1,1,Yes,1,0,0,,0,0,NEITHER,0,0,0,0,0,0,0,0,0,0,0,0,0,0,0,0,0,0,0,0,0,0,0,0,0,0,0,0,0,0,0,0,0,0,0,0,0,0,0,,No,50 - 99,District,0,0,1,0,0,0,0,0,0,0,0,0,0,0,0,0,1,0,0,0,0,3931,168,537,1733,1082,411,0,,,,Frontier,ALTURAS/CANBY,106250956,,,,,,
106260011,MAMMOTH HOSPITAL,85 SIERRA PARK ROAD,MAMMOTH LAKES,93546,760-934-3311,Yes,01/01/2013,12/31/2013,Open,02/10/1978,02/10/1978,,NO,35,17,24,6051000200,103,,12 - Inland Counties,Mono,240000008,Parent Facility,-118.96408,37.64524,General Acute Care,District,General Medical / Surgical,13,4745,522,1216,2,730,107,191,0,0,0,0,2,730,19,31,71,0,0,0,0,0,0,0,0,0,0,0,0,0,0,0,0,0,0,0,0,0,0,0,0,17,6205,648,1478,0,0,0,0,0,0,0,0,0,0,0,,0,0,0,0,0,0,0,0,0,17,6205,648,1478,0,0,0,0,0,0,3,108,197,0,0,0,0,0,0,0,0,0,0,0,0,0,0,0,0,0,0,0,,,,,,No,Standby,Standby,56,0,364,1,4760,8,1998,94,609,297,7787,400,8187,18,0,61,No,0,0,0,0,0,0,0,0,0,0,0,0,0,Respondent,341,52890,780,89430,0,0,2,2,,108,7,0,Yes,77,31,NEITHER,0,0,0,0,0,0,0,0,0,0,0,0,0,0,0,0,0,0,0,0,0,0,0,0,0,0,0,0,0,0,0,0,0,0,0,0,0,0,0,,No,1 - 49,District,0,0,1,0,0,0,0,0,0,0,0,0,0,0,0,0,1,0,0,0,0,8187,56,365,4768,2092,906,0,1,1,,Rural,MAMMOTH LAKES,106260011,,,,,,
106270744,COMMUNITY HOSPITAL MONTEREY PENINSULA,23625 W. R. HOLMAN HIGHWAY,MONTEREY,93940,831-624-5311,Yes,01/01/2013,12/31/2013,Open,06/19/1962,06/19/1962,,NO,29,17,20,6053012600,110,,08 - Mid-Coast,Monterey,70000026,Parent Facility,-121.92488,36.59827,General Acute Care,Non-Profit Corporation (incl. Church-related),General Medical / Surgical,186,71432,8202,37735,7,2555,1070,1687,6,2190,538,1846,10,3650,43,531,1217,10,3650,81,985,2260,0,0,0,0,0,0,0,0,0,0,8,2920,230,0,1264,13,1456,0,0,240,87853,10164,46009,0,0,0,0,18,6570,862,4878,0,0,0,,0,0,0,0,0,0,0,0,0,258,94423,11026,50887,0,0,0,0,0,0,8,1070,1687,0,0,15,15,0,13,2,15,5,0,4,0,0,2,0,0,0,4,15,,,,,,No,Basic,Basic,2152,13,4795,48,14109,343,12947,377,3910,6573,37913,7354,45267,33,3460,602,No,0,0,0,0,0,0,0,0,0,0,0,0,0,Respondent,4084,561540,2804,266910,8,4,0,12,Yes,1216,68,8,,833,353,CV SURG,3,0,0,204,10,204,10,99,3,0,0,0,0,265,98,255,46,520,144,444,0,56,31,42,13,134,13,6,53,0,51,31,30,24,0,8,0,9,945,,No,200 - 299,Non-Profit Corporation (i,1,0,0,0,0,0,0,0,0,0,0,0,0,0,0,0,1,0,0,0,0,45267,2165,4843,14452,13324,10483,0,,,,Urban,CARMEL/DEL REY OAKS/MONTEREY/PACIFIC GROVE/SAND CITY/SEASIDE,106270744,,,,,,
106270777,GEORGE L MEE MEMORIAL HOSPITAL,300 CANAL STREET,KING CITY,93930,831-385-7284,Yes,01/01/2013,12/31/2013,Open,09/12/1962,09/12/1962,,NO,30,12,20,6053011301,105,,08 - Mid-Coast,Monterey,70000047,Parent Facility,-121.1325,36.2071,General Acute Care,Non-Profit Corporation (incl. Church-related),General Medical / Surgical,88,32120,1237,2853,8,2920,524,1275,0,0,0,0,4,1460,47,38,384,0,0,0,0,0,0,0,0,0,0,0,0,0,0,0,0,0,0,0,0,0,0,0,0,100,36500,1808,4512,0,0,0,0,0,0,0,0,16,5840,137,0,5823,3,1095,0,0,0,0,0,0,119,43435,1945,10335,0,0,0,0,0,0,0,524,1028,0,0,0,0,0,0,0,0,0,0,0,0,0,0,0,0,0,0,0,,,,,,No,Basic,Basic,405,0,3288,0,3869,0,1340,0,1095,0,9997,791,10788,6,0,272,No,0,0,0,0,0,0,0,0,0,0,0,0,0,Respondent,398,31881,572,23439,0,1,3,4,,524,19,2,,0,0,NEITHER,0,0,0,0,0,0,0,0,0,0,0,0,0,0,0,0,0,0,0,0,0,0,0,0,0,0,0,0,0,0,0,0,0,0,0,0,0,0,0,,No,100 - 149,Non-Profit Corporation (i,1,0,0,0,0,0,0,0,0,0,0,0,0,0,0,0,1,0,0,0,0,10788,405,3288,3869,1340,1095,791,,,,Rural,KING CITY/SAN LUCAS,106270777,,,,,,
106270875,SALINAS VALLEY MEMORIAL HOSPITAL,450 EAST ROMIE LANE,SALINAS,93901,831-757-4333,Yes,01/01/2013,12/31/2013,Open,04/10/1953,04/10/1953,,NO,30,12,20,6053001100,109.2,,08 - Mid-Coast,Monterey,70000083,Parent Facility,-121.6481,36.66022,General Acute Care,District,General Medical / Surgical,214,78110,7509,34489,23,8395,1934,4605,8,2920,715,1607,6,2190,95,422,2162,7,2555,116,616,2075,0,0,0,0,0,0,0,0,0,0,11,4015,145,0,1766,0,0,0,0,269,98185,10514,46704,0,0,0,0,0,0,0,0,0,0,0,,0,0,0,0,0,0,0,0,0,269,98185,10514,46704,0,0,0,0,0,0,34,1713,3160,0,0,0,0,0,0,0,0,0,0,0,0,0,0,0,0,0,0,0,,,,,,No,Basic,Basic,333,1,4655,11,17604,67,12066,1076,3313,5481,37971,6636,44607,20,0,647,No,0,0,0,0,0,0,0,0,0,0,0,0,0,Respondent,3352,398330,2283,158413,0,0,7,7,Yes,1821,102,13,Yes,1278,543,CV SURG,2,0,0,103,1,103,1,104,3,0,0,0,0,389,587,309,276,698,863,522,1,109,54,35,32,189,187,24,0,0,17,45,52,35,3,12,0,138,1455,Yes,No,200 - 299,District,1,0,0,0,0,0,0,0,0,0,0,0,0,0,0,0,1,0,0,0,0,44607,334,4666,17671,13142,8794,0,1,,,Urban,SALINAS/SPRECKELS,106270875,,,,,,
106274043,NATIVIDAD MEDICAL CENTER,1441 CONSTITUTION BOULEVARD,SALINAS,93906,831-783-2563,Yes,01/01/2013,12/31/2013,Open,06/15/1999,06/15/1999,,NO,30,12,20,6053010602,109.2,,08 - Mid-Coast,Monterey,70000070,Parent Facility,-121.6297,36.69686,General Acute Care,City and/or County,General Medical / Surgical,66,24090,3110,11274,27,9855,2750,7343,12,4380,348,789,10,3650,184,443,2042,0,0,0,0,0,0,0,0,0,0,0,0,0,0,0,15,5475,342,0,2854,20,7300,450,5356,150,54750,7184,29658,0,0,0,0,22,8030,766,4844,0,0,0,,0,0,0,0,0,0,0,0,0,172,62780,7950,34502,0,0,0,0,0,0,18,2213,4574,0,17,0,17,0,17,0,17,6,0,0,0,3,2,0,6,0,0,17,Yes,,,,,No,Basic,Basic,9652,0,6273,0,18819,0,8203,0,5308,0,48255,3811,52066,19,0,1058,No,0,0,0,0,0,0,0,0,0,0,0,0,0,Respondent,1238,122697,2459,115170,2,3,2,7,,2508,257,7,,0,651,NEITHER,0,0,0,0,0,0,0,0,0,0,0,0,0,0,0,0,0,0,0,0,0,0,0,0,0,0,0,0,0,0,0,0,0,0,0,0,0,0,0,,No,150 - 199,City and/or County,1,0,0,0,0,0,0,0,0,0,0,0,0,0,0,0,1,0,0,0,0,52066,9652,6273,18819,8203,5308,3811,,,,Urban,SALINAS/SPRECKELS,106274043,,,,,,
106281047,QUEEN OF THE VALLEY HOSPITAL - NAPA,1000 TRANCAS STREET,NAPA,94558,707-252-4411,Yes,01/01/2013,12/31/2013,Open,03/08/1958,03/08/1958,Level III,NO,4,3,5,6055200600,112.1,,03 - North Bay,Napa,110000060,Parent Facility,-122.296,38.32363,General Acute Care,Non-Profit Corporation (incl. Church-related),General Medical / Surgical,133,48545,5604,22879,22,8030,867,2238,0,0,0,0,16,5840,300,1014,3544,0,0,0,0,0,0,0,0,0,0,0,0,0,0,0,6,2190,167,0,1228,14,5110,302,3183,191,69715,7240,33072,0,0,0,0,0,0,0,0,0,0,0,0,0,0,0,0,0,0,0,0,0,191,69715,7240,33072,0,0,0,0,0,0,8,639,1365,0,0,0,0,0,0,0,0,0,0,0,0,0,0,0,0,0,0,0,,,,,,No,Basic,Basic,2591,7,4908,6,10234,45,8017,3269,848,1108,26598,4435,31033,18,0,0,No,0,0,0,0,0,0,0,0,0,0,0,0,0,Respondent,2238,301782,4204,263772,0,0,13,13,,728,10,0,,0,0,CV SURG,1,0,0,5,59,5,59,64,2,0,0,0,0,284,156,141,1,425,157,515,0,73,64,27,26,136,21,1,0,0,36,34,7,6,0,7,0,222,1175,,No,150 - 199,Non-Profit Corporation (i,1,0,0,0,1,0,0,1,0,0,0,0,0,0,1,1,0,0,0,31033,0,0,2598,4914,10279,11286,1956,0,,,,Urban,NAPA CENTRAL,106281047,,,,,,
106281078,ST. HELENA HOSPITAL,10 WOODLAND RD.,ST. HELENA,94574,707-967-5981,Yes,01/01/2013,12/31/2013,Open,01/01/1946,01/01/1946,,NO,4,3,5,6055201700,111.1,,03 - North Bay,Napa,110000073,Parent Facility,-122.473003,38.53937349,General Acute Care,Non-Profit Corporation (incl. Church-related),General Medical / Surgical,93,33945,4239,13751,9,3285,269,575,0,0,0,0,12,4380,158,406,2705,0,0,0,0,0,0,0,0,0,0,0,0,0,0,0,0,0,0,0,0,0,0,0,0,114,41610,4666,17031,0,0,0,0,37,13505,714,5642,0,0,0,,0,0,0,0,0,0,0,0,0,151,55115,5380,22673,0,141,385,0,0,0,0,229,447,0,10,0,10,0,10,0,10,0,0,9,0,1,0,0,0,0,0,10,Yes,,,,,No,Standby,Standby,76,0,950,1,2967,17,1637,323,593,981,6223,1322,7545,8,0,16,No,0,0,0,0,0,0,0,0,0,0,0,0,0,Respondent,2048,265162,1600,116748,0,0,7,7,Yes,230,1,0,,0,70,CV SURG,1,0,0,172,7,172,7,89,2,0,0,0,0,355,408,581,223,936,631,1268,0,101,66,40,16,381,27,2,0,0,12,44,210,98,0,3,0,11,2279,,No,150 - 199,Non-Profit Corporation (i,0,0,1,0,0,0,0,0,0,0,0,0,0,0,0,0,1,0,0,0,0,7545,76,951,2984,1960,1574,0,,,,Rural,ANGWIN/DEER PARK/ST. HELENA,106281078,,,,,,
106281266,NAPA STATE HOSPITAL,2100 NAPA-VALLEJO HIGHWAY,NAPA,94558,707-253-5000,Yes,01/01/2013,12/31/2013,Open,01/01/1946,01/01/1946,,NO,4,3,5,6055200900,112.1,,03 - North Bay,Napa,150000492,Parent Facility,-122.27387,38.27994,Acute Psychiatric,State,Psychiatric,0,0,0,0,0,0,0,0,0,0,0,0,0,0,0,0,0,0,0,0,0,0,0,0,0,0,0,0,0,0,0,0,0,0,0,0,0,0,0,0,0,0,0,0,0,0,0,0,0,151,55115,51,7872,36,13140,7,0,5292,1175,428875,619,414341,0,0,0,0,1362,497130,677,427505,0,0,0,0,0,0,0,0,0,0,26,0,26,0,15,11,26,9,0,0,0,0,0,0,0,17,0,26,,,,,,No,0,0,0,0,0,0,0,0,0,0,0,0,0,0,0,0,0,0,No,0,0,0,0,0,0,0,0,0,0,0,0,0,Respondent,0,0,0,0,1,0,0,1,,0,0,0,,0,0,NEITHER,0,0,0,0,0,0,0,0,0,0,0,0,0,0,0,0,0,0,0,0,0,0,0,0,0,0,0,0,0,0,0,0,0,0,0,0,0,0,0,,Yes,500+,State,0,0,0,1,0,0,0,0,0,0,0,0,0,0,0,0,1,0,0,0,0,0,0,0,0,0,0,0,,,,Urban,NAPA CENTRAL,106281266,,,,,,
106291023,SIERRA NEVADA MEMORIAL HOSPITAL,155 GLASSON WAY,GRASS VALLEY,95945,530-274-6000,Yes,01/01/2013,12/31/2013,Open,12/24/1958,12/24/1958,,NO,1,1,1,6057000501,113,,02 - Golden Empire,Nevada,230000152,Parent Facility,-121.04748,39.22932,General Acute Care,Non-Profit Corporation (incl. Church-related),General Medical / Surgical,90,32850,4302,14549,10,3650,509,1154,0,0,0,0,2,730,86,215,723,2,730,0,0,0,0,0,0,0,0,0,0,0,0,0,0,0,0,0,0,0,0,0,0,104,37960,4897,16426,0,0,0,0,0,0,0,0,0,187,9,,53,0,0,0,0,0,0,0,0,104,38147,4906,16479,0,0,0,0,0,0,10,501,1070,0,0,0,0,0,0,0,0,0,0,0,0,0,0,0,0,0,0,0,,,,,,No,Basic,Basic,272,1,3507,3,10658,2,7509,421,3880,3499,25826,3926,29752,18,0,763,No,0,0,0,0,0,0,0,0,0,0,0,0,0,Respondent,1196,129451,1225,99815,0,0,7,7,Yes,504,21,5,,0,129,NEITHER,0,0,0,0,0,0,0,0,1,0,0,0,0,0,0,12,0,12,0,0,0,0,12,0,0,0,0,0,0,0,0,0,0,0,0,0,0,0,12,,No,100 - 149,Non-Profit Corporation (i,1,0,0,0,0,0,0,0,0,0,0,0,0,0,0,0,1,0,0,0,0,29752,273,3510,10660,7930,7379,0,,,,Rural,GRASS VALLEY/NEVADA CITY/PENN VALLEY/ROUGH AND READY/WILDWOOD,106291023,,,,,,
106291053,TAHOE FOREST HOSPITAL,10121 PINE AVE,TRUCKEE,96161,530-587-6011,Yes,01/01/2013,12/31/2013,Open,04/01/1952,04/01/1952,,NO,1,1,4,6057001201,114,,02 - Golden Empire,Nevada,230000151,Parent Facility,-120.2014553,39.3245579,General Acute Care,District,General Medical / Surgical,25,9125,1189,3483,4,1460,372,937,0,0,0,0,6,2190,126,129,679,0,0,0,0,0,0,0,0,0,0,0,0,0,0,0,0,0,0,0,0,0,0,0,0,35,12775,1687,5099,0,0,0,0,0,0,0,0,37,13505,35,,12083,0,0,0,0,0,0,0,0,72,26280,1722,17182,0,0,0,0,0,0,8,373,858,10,0,0,0,0,0,0,0,0,0,0,0,0,0,0,0,0,0,0,,,,,,No,Basic,Basic,770,0,1638,1,4892,5,3253,63,1213,554,11766,623,12389,15,0,15,No,0,0,0,0,0,0,0,0,0,0,0,0,0,Respondent,853,87955,978,70705,0,0,5,5,Yes,371,22,0,,0,102,NEITHER,0,0,0,0,0,0,0,0,0,0,0,0,0,0,0,0,0,0,0,0,0,0,0,0,0,0,0,0,0,0,0,0,0,0,0,0,0,0,0,,No,50 - 99,District,1,0,0,0,0,0,0,0,0,0,0,0,0,0,0,0,1,0,0,0,0,12389,770,1639,4897,3316,1767,0,,,,Rural,NORTH BLOOMFIELD/NORTH SAN JUAN/TRUCKEE,106291053,,,,,,
106300032,CHILDRENS HOSPITAL OF ORANGE COUNTY,455 SO. MAIN STREET,ORANGE,92668,714-997-3000,Yes,01/01/2013,12/31/2013,Open,06/30/1978,06/30/1978,,NO,68,37,46,6059076000,116h,,13 - Orange,Orange,60000011,Parent Facility,-117.86526,33.78036,General Acute Care,Non-Profit Corporation (incl. Church-related),Pediatric,0,0,0,0,0,0,0,0,158,56802,9778,33476,54,19710,941,1827,9896,0,0,0,0,0,0,0,0,0,0,0,0,0,0,0,67,24052,750,131,14894,0,0,0,0,279,100564,11469,58266,0,0,0,0,0,0,0,0,0,0,0,,0,0,0,0,0,0,0,0,0,279,100564,11469,58266,0,0,0,0,0,0,0,0,0,0,0,0,0,0,0,0,0,0,0,0,0,0,0,0,0,0,0,0,,,,,,No,Basic,Basic,10216,0,13549,0,17901,0,6049,0,832,0,48547,5670,54217,31,10371,246,Yes,7,0,4,0,0,0,0,0,0,0,0,0,11,Respondent,2464,278926,2020,107477,0,0,7,7,Yes,0,0,0,,0,0,CV SURG,2,136,43,0,0,136,43,0,2,13,29,41,112,0,0,0,0,54,141,54,0,5,2,7,0,0,0,0,0,19,45,11,190,141,0,0,0,25,499,Yes,No,200 - 299,Non-Profit Corporation (i,1,0,0,0,0,0,0,0,0,0,0,0,0,0,0,0,1,0,0,0,0,54217,10216,13549,17901,6049,832,5670,,,1,Urban,CITY OF ORANGE SOUTH/SANTA ANA NORTH/TUSTIN FOOTHILLS/TUSTIN WEST,106300032,,,,,,
106300225,ORANGE COAST MEMORIAL MEDICAL CENTER,9920 TALBERT AVENUE,FOUNTAIN VALLEY,92708,714-378-7000,Yes,01/01/2013,12/31/2013,Open,02/01/1986,02/01/1986,,NO,72,34,48,6059099232,116j,,13 - Orange,Orange,60000066,Parent Facility,-117.95524,33.70162,General Acute Care,Non-Profit Corporation (incl. Church-related),General Medical / Surgical,164,59860,10259,33950,21,7665,1647,4786,0,0,0,0,21,7665,403,867,5770,0,0,0,0,0,0,0,0,0,0,0,0,0,0,0,12,4380,201,2,1193,0,0,0,0,218,79570,12510,45699,0,0,0,0,0,0,0,0,0,0,0,,0,0,0,0,0,0,0,0,0,218,79570,12510,45699,0,0,0,0,0,0,20,1488,3312,0,0,0,0,0,0,0,0,0,0,0,0,0,0,0,0,0,0,0,,,,,,No,Basic,Basic,504,4,7022,9,11024,107,3187,5822,213,1292,21950,7234,29184,14,0,561,Yes,213,122,96,78,55,60,31,31,21,58,0,3,768,Respondent,3930,549960,3758,350940,0,0,8,8,Yes,1609,88,12,,0,575,CV SURG,1,0,0,141,17,141,17,73,2,0,0,0,0,38,482,98,223,136,705,443,0,175,7,71,0,85,11,4,2,0,57,10,267,38,4,0,0,0,1174,Yes,No,200 - 299,Non-Profit Corporation (i,1,0,0,0,0,0,0,0,0,0,0,0,0,0,0,0,1,0,0,0,0,29184,508,7031,11131,9009,1505,0,,,1,Urban,FOUNTAIN VALLEY/HUNTINGTON BEACH CENTRAL,106300225,,,,,,
106301097,ANAHEIM GENERAL HOSPITAL,3350 WEST BALL ROAD,ANAHEIM,92804,714-947-5800,No,01/01/2013,12/31/2013,Suspense,01/31/2013,08/05/1965,,NO,65,29,46,6059087801,116c,,13 - Orange,Orange,60000079,Parent Facility,-118.00706,33.81716,General Acute Care,Investor - Partnership,,70,25550,0,0,14,5110,0,0,5,1825,0,0,12,4380,0,0,0,0,0,0,0,0,0,0,0,0,0,0,0,0,0,0,0,0,0,0,0,0,0,0,0,101,36865,0,0,0,0,0,0,0,0,0,0,0,0,0,,0,0,0,0,0,0,0,0,0,101,36865,0,0,0,0,0,0,0,0,0,0,0,0,0,0,0,0,0,0,0,0,0,0,0,0,0,0,0,0,0,0,,,,,,0,Basic,Basic,0,0,0,0,0,0,0,0,0,0,0,0,0,0,0,0,NO,0,0,0,0,0,0,0,0,0,0,0,0,,Respondent,0,0,0,0,0,0,0,0,,0,0,0,,0,0,NEITHER,0,0,0,0,0,0,0,0,0,0,0,0,0,0,0,0,0,0,0,0,0,0,0,0,0,0,0,0,0,0,0,0,0,0,0,0,0,0,0,,No,100 - 149,Investor,1,0,0,0,0,0,0,0,0,0,0,0,0,0,0,0,1,0,0,0,0,0,0,0,0,0,0,0,,,,Urban,ANAHEIM WEST,106301097,,,,,,
106301098,AHMC ANAHEIM REGIONAL MEDICAL CENTER,1111 WEST LA PALMA AVENUE,ANAHEIM,92801,714-774-1450,Yes,01/01/2013,12/31/2013,Open,02/18/1958,02/18/1958,,NO,69,29,46,6059086601,116l,,13 - Orange,Orange,60000080,Parent Facility,-117.93248,33.84725,General Acute Care,Investor - Partnership,General Medical / Surgical,153,55845,9205,35514,27,9855,1741,3374,0,0,0,0,22,8030,1164,1651,3895,10,3650,753,687,2555,0,0,0,0,0,0,0,0,0,0,11,4015,216,327,2778,0,0,0,0,223,81395,13079,48116,0,0,0,0,0,0,0,0,0,0,0,0,0,0,0,0,0,0,0,0,0,223,81395,13079,48116,0,0,0,0,0,0,12,1692,2792,0,0,0,0,0,0,0,0,0,0,0,0,0,0,0,0,0,0,0,,,,,,No,Basic,Basic,2636,40,14945,186,8968,981,5216,4192,805,3362,32570,8761,41331,21,0,1658,Yes,127,88,10,16,11,5,16,4,26,9,14,36,362,Respondent,2406,319431,2564,203750,0,0,6,6,,1690,97,36,,0,461,CV SURG,2,0,0,187,0,187,0,187,3,0,0,0,0,680,716,942,413,1622,1129,1177,0,104,183,112,0,298,42,3,0,0,162,136,527,346,1,61,0,2823,5975,Yes,No,200 - 299,Investor,1,0,0,0,0,0,0,0,0,0,0,0,0,0,0,0,1,0,0,0,0,41331,2676,15131,9949,9408,4167,0,,,1,Urban,ANAHEIM CENTRAL,106301098,,,,,,
106301109,ANAHEIM GENERAL HOSPITAL - BUENA PARK CAMPUS,5742 BEACH BOULEVARD,BUENA PARK,90621,714-947-5800,No,01/01/2013,12/31/2013,Suspense,01/31/2013,01/29/1962,,NO,65,32,39,6059110607,116a,,13 - Orange,Orange,60000079,Consolidated Facility,-117.99808,33.87674,General Acute Care,Investor - Partnership,,0,0,0,0,0,0,0,0,0,0,0,0,0,0,0,0,0,0,0,0,0,0,0,0,0,0,0,0,0,0,0,0,0,0,0,0,0,0,0,0,0,0,0,0,0,0,0,0,0,11,4015,0,0,31,11315,0,,0,0,0,0,0,0,0,0,0,42,15330,0,0,0,0,0,0,0,0,0,0,0,0,0,0,0,0,0,0,0,0,0,0,0,0,0,0,0,0,0,0,,,,,,0,0,0,0,0,0,0,0,0,0,0,0,0,0,0,0,0,0,0,NO,0,0,0,0,0,0,0,0,0,0,0,0,,Respondent,0,0,0,0,0,0,0,0,,0,0,0,,0,0,NEITHER,0,0,0,0,0,0,0,0,0,0,0,0,0,0,0,0,0,0,0,0,0,0,0,0,0,0,0,0,0,0,0,0,0,0,0,0,0,0,0,,No,1 - 49,Investor,0,0,0,1,0,0,0,0,0,0,0,0,0,0,0,0,1,0,0,0,0,0,0,0,0,0,0,0,,,,Urban,BUENA PARK/LA PALMA,106301109,,,,,,
106301127,KINDRED HOSPITAL BREA,875 NORTH BREA BOULEVARD,BREA,92621-2699,714-529-6842,Yes,01/01/2013,12/31/2013,Open,03/03/1995,03/03/1995,,NO,55,29,39,6059001506,116k,,13 - Orange,Orange,60000407,Parent Facility,-117.89352,33.93374,General Acute Care,Investor - Corporation,General Medical / Surgical,44,16060,459,13854,0,0,0,0,0,0,0,0,4,1460,99,105,949,0,0,0,0,0,0,0,0,0,0,0,0,0,0,0,0,0,0,0,0,0,0,0,0,48,17520,558,14803,0,0,0,0,0,0,0,0,38,13870,0,0,0,0,0,0,0,0,0,0,0,86,31390,558,14803,0,0,0,0,0,0,0,0,0,0,0,0,0,0,0,0,0,0,0,0,0,0,0,0,0,0,0,0,,,,,,No,0,0,0,0,0,0,0,0,0,0,0,0,0,0,0,0,0,0,No,0,0,0,0,0,0,0,0,0,0,0,0,0,Respondent,24,628,0,0,2,0,0,2,,0,0,0,,0,0,NEITHER,0,0,0,0,0,0,0,0,0,0,0,0,0,0,0,0,0,0,0,0,0,0,0,0,0,0,0,0,0,0,0,0,0,0,0,0,0,0,0,,No,50 - 99,Investor,0,0,0,1,0,0,0,0,0,0,0,0,0,0,0,0,1,0,0,0,0,0,0,0,0,0,0,0,,,,Urban,BREA WEST/FULLERTON NORTH/LA HABRA,106301127,,,,,,
106301132,KAISER FND HOSP - ORANGE COUNTY - LAKEVIEW,441 LAKEVIEW AVENUE,ANAHEIM,92807,714-644-2000,No,01/01/2013,12/31/2013,Open,04/09/1974,04/09/1974,,NO,68,37,39,6059021903,116n,,13 - Orange,Orange,60000091,Consolidated Facility,-117.81603,33.85295,General Acute Care,Nonprofit - Corporation,,117,42705,0,0,36,13140,0,0,11,4015,0,0,12,4380,0,0,0,10,3650,0,0,0,0,0,0,0,0,0,0,0,0,0,14,5110,0,0,0,0,0,0,0,200,73000,0,0,0,0,0,0,0,0,0,0,0,0,0,,0,0,0,0,0,0,0,0,0,200,73000,0,0,0,0,0,0,0,0,0,0,0,0,0,0,0,0,0,0,0,0,0,0,0,0,0,0,0,0,0,0,,,,,,0,Basic,Basic,0,0,0,0,0,0,0,0,0,0,0,0,0,0,0,0,NO,0,0,0,0,0,0,0,0,0,0,0,0,,Respondent,0,0,0,0,0,0,0,0,,0,0,0,,0,0,CV SURG,0,0,0,0,0,0,0,0,0,0,0,0,0,0,0,0,0,0,0,0,0,0,0,0,0,0,0,0,0,0,0,0,0,0,0,0,0,0,0,,No,200 - 299,Nonprofit - Corporation,1,0,0,0,0,0,0,0,0,0,0,0,0,0,0,0,1,0,0,0,0,0,0,0,0,0,0,0,,,,Urban,ANAHEIM HILLS/CITY OF ORANGE EAST/VILLA PARK,106301132,,,,,,
106301140,CHAPMAN MEDICAL CENTER,2601 EAST CHAPMAN AVENUE,ORANGE,92669,714-633-0011,Yes,01/01/2013,12/31/2013,Open,12/03/1968,12/03/1968,,NO,68,37,45,6059075807,116h,,13 - Orange,Orange,60000097,Parent Facility,-117.82586,33.78785,General Acute Care,Investor - Corporation,General Medical / Surgical,63,22995,1681,7113,0,0,0,0,0,0,0,0,12,4380,346,140,1475,0,0,0,0,0,0,0,0,0,0,0,0,0,0,0,0,0,0,0,0,0,0,0,0,75,27375,2027,8588,0,0,0,0,12,4380,281,3286,27,9855,17,,9257,0,0,0,0,0,0,0,0,114,41610,2325,21131,0,0,0,0,0,0,0,0,0,0,5,0,5,0,1,4,5,2,2,0,0,0,0,1,0,0,0,5,,,,,,No,Basic,Basic,1183,3,3147,69,2283,266,969,480,252,248,7834,1066,8900,8,1848,203,Yes,10,4,0,0,2,0,0,0,0,6,0,0,22,Respondent,628,91664,428,37262,0,0,6,6,Yes,0,0,0,,0,0,NEITHER,0,0,0,0,0,0,0,0,0,0,0,0,0,0,0,0,0,0,0,0,0,0,0,0,0,0,0,0,0,0,0,0,0,0,0,0,0,0,0,,No,100 - 149,Investor,1,0,0,0,0,0,0,0,0,0,0,0,0,0,0,0,1,0,0,0,0,8900,1186,3216,2549,1449,500,0,,,1,Urban,CITY OF ORANGE SOUTH/SANTA ANA NORTH/TUSTIN FOOTHILLS/TUSTIN WEST,106301140,,,,,,
106301155,COLLEGE HOSPITAL COSTA MESA,301 VICTORIA STREET,COSTA MESA,92627,949-574-6628,Yes,01/01/2013,12/31/2013,Open,09/05/1968,09/05/1968,,NO,74,37,48,6059063702,116p,,13 - Orange,Orange,60000100,Parent Facility,-117.91303,33.65249,General Acute Care,Investor - individual,Psychiatric,23,8395,766,4168,0,0,0,0,0,0,0,0,0,0,0,0,0,0,0,0,0,0,0,0,0,0,0,0,0,0,0,0,0,0,0,0,0,0,0,0,0,23,8395,766,4168,0,0,0,0,99,36135,2364,35265,0,0,0,0,0,0,0,0,0,0,0,0,0,122,44530,3130,39433,0,0,0,0,0,0,0,0,0,0,92,0,92,14,76,2,92,1,0,87,0,2,0,2,0,0,0,92,Yes,,,,,No,0,0,0,0,0,0,0,0,0,0,0,0,0,0,0,0,0,0,No,0,0,0,0,0,0,0,0,0,0,0,0,0,Respondent,158,737,1129,4612,0,0,3,3,Yes,0,0,0,,0,0,NEITHER,0,0,0,0,0,0,0,0,0,0,0,0,0,0,0,0,0,0,0,0,0,0,0,0,0,0,0,0,0,0,0,0,0,0,0,0,0,0,0,,No,100 - 149,Investor,0,0,0,1,0,0,0,0,0,0,0,0,0,0,0,0,1,0,0,0,0,0,0,0,0,0,0,0,,,,Urban,COSTA MESA,106301155,,,,,,
106301167,KINDRED HOSPITAL - SANTA ANA,1901 NORTH COLLEGE AVENUE,SANTA ANA,92706,714-564-7800,Yes,01/01/2013,12/31/2013,Open,12/07/1956,12/07/1956,,NO,69,34,46,6059075302,116h,,13 - Orange,Orange,930000084,Consolidated Facility,-117.89175,33.76153,General Acute Care,Investor - Corporation,General Medical / Surgical,47,17155,482,15837,0,0,0,0,0,0,0,0,7,2555,81,156,2380,0,0,0,0,0,0,0,0,0,0,0,0,0,0,0,0,0,0,0,0,0,0,0,0,54,19710,563,18217,0,0,0,0,0,0,0,0,0,0,0,0,0,0,0,0,0,0,0,0,0,54,19710,563,18217,0,0,0,0,0,0,0,0,0,0,0,0,0,0,0,0,0,0,0,0,0,0,0,0,0,0,0,0,,,,,,No,0,0,0,0,0,0,0,0,0,0,0,0,0,0,0,0,0,0,No,0,0,0,0,0,0,0,0,0,0,0,0,0,Respondent,54,2013,0,0,1,0,0,1,,0,0,0,,0,0,NEITHER,0,0,0,0,0,0,0,0,0,0,0,0,0,0,0,0,0,0,0,0,0,0,0,0,0,0,0,0,0,0,0,0,0,0,0,0,0,0,0,,No,50 - 99,Investor,0,0,0,1,0,0,0,0,0,0,0,0,0,0,0,0,1,0,0,0,0,0,0,0,0,0,0,0,,,,Urban,CITY OF ORANGE SOUTH/SANTA ANA NORTH/TUSTIN FOOTHILLS/TUSTIN WEST,106301167,,,,,,
106301175,FOUNTAIN VALLEY RGNL HOSP AND MED CTR - EUCLID,17100 EUCLID STREET,FOUNTAIN VALLEY,92708,714-966-7200,Yes,01/01/2013,12/31/2013,Open,11/01/1971,11/01/1971,,NO,72,34,48,6059099229,116j,,13 - Orange,Orange,60000109,Parent Facility,-117.93694,33.71546,General Acute Care,Investor - Corporation,General Medical / Surgical,183,66795,11746,56208,38,13870,3024,8093,13,4745,1589,4291,36,13140,745,1307,9966,0,0,0,0,0,0,0,0,0,0,0,0,0,0,0,23,8395,439,10,5799,0,0,0,0,293,106945,17543,84357,0,0,0,0,0,0,0,0,0,0,0,0,0,0,0,0,0,0,0,0,0,293,106945,17543,84357,0,0,0,0,0,0,55,2608,5749,0,0,0,0,0,0,0,0,0,0,0,0,0,0,0,0,0,0,0,,,,,,No,Basic,Basic,2140,10,1949,6,11628,34,12615,2563,2667,7506,30999,10119,41118,25,0,499,Yes,184,65,64,38,4,4,4,20,2,0,0,2,387,Respondent,4882,626265,5031,429045,0,0,9,9,Yes,2895,77,20,,0,1016,CV SURG,3,0,0,133,0,133,0,112,3,0,0,0,0,651,258,355,148,1006,406,1006,0,94,36,34,17,398,41,4,0,0,40,31,408,477,0,7,3,254,2850,Yes,No,200 - 299,Investor,1,0,0,0,0,0,0,0,0,0,0,0,0,0,0,0,1,0,0,0,0,41118,2150,1955,11662,15178,10173,0,,,1,Urban,FOUNTAIN VALLEY/HUNTINGTON BEACH CENTRAL,106301175,,,,,,
106301188,WESTERN MEDICAL CENTER HOSPITAL - ANAHEIM,1025 SOUTH ANAHEIM BLVD.,ANAHEIM,92805,714-533-6220,Yes,01/01/2013,12/31/2013,Open,12/29/1972,12/29/1972,,NO,69,34,46,6059087405,116l,,13 - Orange,Orange,60000117,Parent Facility,-117.90921,33.8209,General Acute Care,Investor - Corporation,General Medical / Surgical,35,12775,2582,9007,37,13505,445,1796,0,0,0,0,22,8030,35,246,1830,0,0,0,0,0,0,0,0,0,0,0,0,0,0,0,5,1825,0,0,0,0,0,0,0,99,36135,3062,12633,0,0,0,0,89,32485,2942,27916,0,0,0,,0,0,0,0,0,0,0,0,0,188,68620,6004,40549,0,0,0,0,0,0,14,1235,2766,0,25,40,65,0,62,3,65,9,11,22,0,20,0,3,0,0,0,65,Yes,,,,,No,Basic,Basic,2271,22,5783,601,2669,492,1694,880,520,498,12937,2493,15430,11,0,1228,Yes,117,44,20,27,17,52,44,4,14,8,8,2,357,Respondent,899,105024,919,76320,0,0,5,5,Yes,1235,49,5,Yes,358,0,CV SURG,2,0,0,73,0,73,0,0,2,0,0,0,0,161,48,145,40,306,88,273,0,11,3,6,1,74,1,1,0,0,0,0,5,5,0,8,0,0,388,,No,150 - 199,Investor,1,0,0,0,0,0,0,0,0,0,0,0,0,0,0,0,1,0,0,0,0,15430,2293,6384,3161,2574,1018,0,1,,1,Urban,ANAHEIM CENTRAL,106301188,,,,,,
106301205,HOAG MEMORIAL HOSPITAL PRESBYTERIAN,ONE HOAG DRIVE,NEWPORT BEACH,92663,949-764-4624,Yes,01/01/2013,12/31/2013,Open,09/15/1952,09/15/1952,,NO,74,37,48,6059063603,116p,,13 - Orange,Orange,60000122,Parent Facility,-117.92949,33.62526,General Acute Care,Non-Profit Corporation (incl. Church-related),General Medical / Surgical,351,127772,13530,56957,70,25550,6294,17716,0,0,0,0,31,11315,267,2265,6402,12,4380,156,870,2858,0,0,0,0,0,0,0,0,0,0,21,7665,445,24,5735,0,0,0,0,485,176682,20692,89668,0,0,0,0,0,0,0,0,0,0,0,,0,0,0,0,0,0,0,0,0,485,176682,20692,89668,21,532,3715,0,0,0,28,5649,12334,0,0,0,0,0,0,0,0,0,0,0,0,0,0,0,0,0,0,0,,,,,,Yes,Basic,Basic,355,3,20376,34,31178,211,6579,10121,474,227,58962,10596,69558,56,0,528,Yes,19,11,0,0,2,0,0,0,0,0,4,4,40,Respondent,5299,961360,8456,792397,0,3,19,22,Yes,5923,371,49,,0,2260,CV SURG,3,0,0,427,15,427,15,213,5,0,0,0,0,516,239,1728,1257,2244,1496,1383,0,212,133,122,96,475,25,17,0,5,496,434,436,233,10,35,6,111,4229,Yes,No,300 - 499,Non-Profit Corporation (i,1,0,0,0,0,0,0,0,0,0,0,0,0,0,0,0,1,0,0,0,0,69558,358,20410,31389,16700,701,0,,,1,Urban,COSTA MESA,106301205,,,,,,
106301209,HUNTINGTON BEACH HOSPITAL,17772 BEACH BOULEVARD,HUNTINGTON BEACH,92647,714-229-6871,Yes,01/01/2013,12/31/2013,Open,04/03/1967,04/03/1967,,NO,72,34,48,6059099212,116s,,13 - Orange,Orange,60000124,Parent Facility,-117.98895,33.70442,General Acute Care,Non-Profit Corporation (incl. Church-related),General Medical / Surgical,94,34310,3112,10197,0,0,0,0,0,0,0,0,6,2190,95,187,1091,6,2190,96,187,1092,0,0,0,0,0,0,0,0,0,0,0,0,0,0,0,0,0,0,0,106,38690,3303,12380,0,0,0,0,25,9125,378,7021,0,0,0,,0,0,0,0,0,0,0,0,0,131,47815,3681,19401,0,0,0,0,0,0,0,0,0,0,17,0,17,0,7,10,17,17,0,0,0,0,0,0,0,0,0,17,,,,,,No,Basic,Basic,344,0,1099,1,5214,99,6180,220,1182,3051,14019,3371,17390,12,0,452,No,0,0,0,0,0,0,0,0,0,0,0,0,0,Respondent,301,24557,121,7622,0,0,3,3,,0,0,0,,0,0,CATH LAB,0,0,0,0,0,0,0,0,1,0,0,0,0,35,0,0,0,35,0,27,0,7,0,1,0,0,0,0,0,0,0,0,0,0,0,0,0,0,35,,No,100 - 149,Non-Profit Corporation (i,1,0,0,0,0,0,0,0,0,0,0,0,0,0,0,0,1,0,0,0,0,17390,344,1100,5313,6400,4233,0,,,,Urban,HUNTINGTON BEACH NORTH/SEAL BEACH EAST/WESTMINSTER,106301209,,,,,,
106301234,LA PALMA INTERCOMMUNITY HOSPITAL,7901 WALKER STREET,LA PALMA,90623,714-229-6871,Yes,01/01/2013,12/31/2013,Open,05/30/1972,05/30/1972,,NO,65,29,38,6059110116,116a,,13 - Orange,Orange,60000136,Parent Facility,-118.03737,33.8485,General Acute Care,Investor - Limited Liability Company,General Medical / Surgical,105,38325,2813,11537,11,4015,414,1047,0,0,0,0,4,1460,62,143,785,4,1460,62,144,786,0,0,0,0,0,0,0,0,0,0,0,0,0,0,0,0,0,0,0,124,45260,3351,14155,0,0,0,0,17,6205,263,3960,0,0,0,,0,0,0,0,0,0,0,0,0,141,51465,3614,18115,0,0,0,0,0,0,18,403,893,0,7,0,7,0,4,3,7,7,0,0,0,0,0,0,0,0,0,7,,,,,,No,Basic,Basic,550,5,1009,0,3436,249,4245,84,2669,2972,11909,3310,15219,10,0,319,No,0,0,0,0,0,0,0,0,0,0,0,0,0,Respondent,391,32101,262,14215,1,0,3,4,,403,21,3,,0,144,CATH LAB,0,0,0,0,0,0,0,0,1,0,0,0,0,5,0,0,0,5,0,5,0,0,0,0,0,0,0,0,0,0,0,0,0,0,0,0,0,0,5,,No,100 - 149,Investor,1,0,0,0,0,0,0,0,0,0,0,0,0,0,0,0,1,0,0,0,0,15219,555,1009,3685,4329,5641,0,,,,Urban,BUENA PARK/LA PALMA,106301234,,,,,,
106301248,LOS ALAMITOS MEDICAL CENTER,3751 KATELLA AVENUE,LOS ALAMITOS,90720,562-598-1311,Yes,01/01/2013,12/31/2013,Open,11/22/1968,11/22/1968,,NO,72,34,47,6059110108,116e,,13 - Orange,Orange,60000142,Parent Facility,-118.0674,33.80327,General Acute Care,Investor - Corporation,General Medical / Surgical,113,41245,7226,25495,12,4380,1431,3356,0,0,0,0,9,3285,380,520,3474,8,2920,253,450,2438,0,0,0,0,0,0,0,0,0,0,0,0,0,0,0,0,0,0,0,142,51830,9290,34763,0,0,0,0,25,9125,385,6862,0,0,0,,0,0,0,0,0,0,0,0,0,167,60955,9675,41625,0,0,0,0,0,0,17,1439,3027,0,17,0,17,0,3,14,17,16,1,0,0,0,0,0,0,0,0,17,,,,,,No,Basic,Basic,1531,5,991,0,7768,3,9447,562,4343,5662,24080,6232,30312,20,0,720,Yes,145,109,35,6,16,29,31,25,30,12,6,48,492,Respondent,2310,315300,3520,337995,0,0,6,6,,1398,47,0,,0,371,CATH LAB,0,0,0,0,0,0,0,0,1,0,0,0,0,245,156,91,27,336,183,336,0,73,42,0,26,178,10,0,0,0,7,0,396,246,0,5,0,0,1319,Yes,No,150 - 199,Investor,1,0,0,0,0,0,0,0,0,0,0,0,0,0,0,0,1,0,0,0,0,30312,1536,991,7771,10009,10005,0,,,1,Urban,CYPRESS/LOS ALAMITOS/ROSSMOOR,106301248,,,,,,
106301258,COASTAL COMMUNITIES HOSPITAL,2701 BRISTOL STREET,SANTA ANA,92704,714-754-5454,Yes,01/01/2013,12/31/2013,Open,06/07/1973,06/07/1973,,NO,69,34,46,6059074005,116g,,13 - Orange,Orange,60000143,Parent Facility,-117.88539,33.71112,General Acute Care,Investor - Corporation,General Medical / Surgical,79,28835,1622,7566,12,4380,1328,3121,9,3285,36,111,9,3285,130,202,1490,0,0,0,0,0,0,0,0,0,0,0,0,0,0,0,0,0,0,0,0,0,0,0,0,109,39785,3116,12288,0,0,0,0,23,8395,402,5159,46,16790,59,,15119,0,0,0,0,0,0,0,0,178,64970,3577,32566,0,0,0,0,0,0,30,978,2299,0,0,14,14,0,2,12,14,13,0,0,0,0,0,0,0,0,1,14,,,,,,No,Basic,Basic,3030,226,10877,94,4171,733,1058,682,337,167,19473,1902,21375,10,0,226,Yes,15,27,86,83,2,0,3,0,0,4,0,0,220,Respondent,1178,101435,1610,110708,0,0,5,5,Yes,976,46,2,,0,414,NEITHER,0,0,0,0,0,0,0,0,0,0,0,0,0,0,0,0,0,0,0,0,0,0,0,0,0,0,0,0,0,0,0,0,0,0,0,0,0,0,0,,No,150 - 199,Investor,1,0,0,0,0,0,0,0,0,0,0,0,0,0,0,0,1,0,0,0,0,21375,3256,10971,4904,1740,504,0,,,1,Urban,SANTA ANA SOUTH,106301258,,,,,,
106301262,MISSION HOSPITAL REGIONAL MEDICAL CENTER,27700 MEDICAL CENTER ROAD,MISSION VIEJO,92691,919-364-1400,Yes,01/01/2013,12/31/2013,Open,08/10/1971,08/10/1971,Level II,NO,1,1,1,6059032022,115.2a,,13 - Orange,Orange,60000146,Parent Facility,-117.66768,33.56279,General Acute Care,Non-Profit Corporation (incl. Church-related),General Medical / Surgical,217,79205,11224,40539,43,15695,2882,8330,0,0,0,0,36,13140,306,1003,4936,27,9855,518,1706,7301,0,0,0,0,0,0,0,0,0,0,0,0,0,0,0,22,8030,439,4317,345,125925,15369,65423,0,0,0,0,0,0,0,0,0,0,0,,0,0,0,0,0,0,0,0,0,345,125925,15369,65423,0,0,0,0,0,0,20,2805,6321,0,0,0,0,0,0,0,0,0,0,0,0,0,0,0,0,0,0,0,,,,,,No,Basic,Basic,1006,0,2177,0,14717,0,14186,0,1112,9796,33198,9796,42994,33,1824,443,Yes,72,44,67,5,33,22,21,27,16,17,54,14,392,Respondent,4180,651825,2499,236633,0,0,10,10,,2789,142,28,,0,0,CV SURG,2,0,0,197,8,197,8,144,3,0,0,0,0,705,628,526,760,1231,1388,1231,3,195,65,37,30,435,66,7,0,8,244,220,0,0,0,47,8,23,2619,,No,300 - 499,Non-Profit Corporation (i,1,0,0,0,1,0,1,0,0,0,0,0,0,0,1,1,0,0,42994,0,0,0,1006,2177,14717,14186,10908,0,,,1,Urban,LAKE FOREST EAST/MISSION VIEJO CENTRAL AND SOUTH,106301262,,,,,,
106301279,UNIVERSITY OF CALIFORNIA IRVINE MEDICAL CENTER,101 CITY DRIVE SOUTH,ORANGE,92868,714-456-5678,Yes,01/01/2013,12/31/2013,Open,07/01/1953,07/01/1953,Level I,YES,68,37,45,6059076102,116r,,13 - Orange,Orange,60000148,Parent Facility,-117.8759884,33.786353,General Acute Care,University of California,General Medical / Surgical,214,78110,15570,59407,22,8030,489,3160,0,0,0,0,60,21900,1325,3817,17675,0,0,0,0,0,0,0,0,0,0,8,2920,208,113,2576,45,16425,413,400,10147,14,5110,258,4195,363,132495,18263,97160,0,0,0,0,48,17520,1883,11341,0,0,0,0,0,0,0,0,0,0,0,0,0,411,150015,20146,108501,0,0,0,0,0,0,35,27,58,0,28,0,28,4,23,1,28,10,0,9,0,0,7,0,1,1,0,28,Yes,,,,,No,Comprehensive,Comprehensive,596,7,4644,47,11298,551,9033,2764,5086,7400,30657,10769,41426,36,0,2191,Yes,115,71,50,48,120,61,73,75,52,27,78,56,826,Respondent,7044,1640830,7133,767392,0,6,18,24,Yes,1437,199,59,,0,463,CV SURG,2,7,6,134,3,141,9,54,3,0,0,0,0,324,214,171,123,495,337,451,0,38,19,20,31,160,8,6,0,1,7,34,13,10,0,8,5,153,964,Yes,No,300 - 499,University of California,0,1,0,0,1,1,0,0,0,0,0,0,0,0,1,1,0,41426,0,0,0,0,603,4691,11849,11797,12486,0,,,1,Urban,GARDEN GROVE NORTH/STANTON,106301279,,,,,,
106301283,GARDEN GROVE HOSPITAL AND MEDICAL CENTER,12601 GARDEN GROVE BLVD.,GARDEN GROVE,92843-1908,714-229-6871,Yes,01/01/2013,12/31/2013,Open,01/07/1958,01/07/1958,,NO,69,34,46,6059088502,116r,,13 - Orange,Orange,60000152,Parent Facility,-117.9130315,33.7745089,General Acute Care,Investor - Limited Liability Company,General Medical / Surgical,108,39420,3905,15070,35,12775,1718,3386,0,0,0,0,12,4380,198,518,2963,0,0,0,0,0,0,0,0,0,0,0,0,0,0,0,12,4380,196,0,1485,0,0,0,0,167,60955,6017,22904,0,0,0,0,0,0,0,0,0,0,0,,0,0,0,0,0,0,0,0,0,167,60955,6017,22904,0,0,0,0,0,0,13,1698,2860,0,0,0,0,0,0,0,0,0,0,0,0,0,0,0,0,0,0,0,,,,,,No,Basic,Basic,555,0,2521,0,6491,4,8720,29,4815,3703,23102,3736,26838,12,0,617,No,0,0,0,0,0,0,0,0,0,0,0,0,0,Respondent,1246,97364,815,43110,0,0,6,6,,1698,69,3,,0,674,NEITHER,0,0,0,0,0,0,0,0,0,0,0,0,0,0,0,0,0,0,0,0,0,0,0,0,0,0,0,0,0,0,0,0,0,0,0,0,0,0,0,,No,150 - 199,Investor,1,0,0,0,0,0,0,0,0,0,0,0,0,0,0,0,1,0,0,0,0,26838,555,2521,6495,8749,8518,0,,,,Urban,GARDEN GROVE NORTH/STANTON,106301283,,,,,,
106301297,PLACENTIA LINDA HOSPITAL,1301 NORTH ROSE DRIVE,PLACENTIA,92670,714-524-4800,Yes,01/01/2013,12/31/2013,Open,09/27/1972,09/27/1972,,NO,55,29,39,6059011715,116m,,13 - Orange,Orange,60000157,Parent Facility,-117.842124,33.887223,General Acute Care,Investor - Corporation,General Medical / Surgical,106,38690,3411,10412,0,0,0,0,0,0,0,0,4,1460,67,0,594,4,1460,67,0,595,0,0,0,0,0,0,0,0,0,0,0,0,0,0,0,0,0,0,0,114,41610,3545,11601,0,0,0,0,0,0,0,0,0,0,0,,0,0,0,0,0,0,0,0,0,114,41610,3545,11601,0,0,0,0,0,0,0,0,0,0,0,0,0,0,0,0,0,0,0,0,0,0,0,0,0,0,0,0,,Yes,YES,,,No,Basic,Basic,1052,0,1332,0,8981,5,8504,610,2628,1878,22497,2493,24990,20,0,0,Yes,0,0,0,2,0,0,0,0,0,0,0,0,2,Respondent,1235,156930,2867,243600,0,0,5,5,,0,0,0,,0,0,NEITHER,0,0,0,0,0,0,0,0,0,0,0,0,0,0,0,0,0,0,0,0,0,0,0,0,0,0,0,0,0,0,0,0,0,0,0,0,0,0,0,Yes,No,100 - 149,Investor,1,0,0,0,0,0,0,0,0,0,0,0,0,0,0,0,1,0,0,0,0,24990,1052,1332,8986,9114,4506,0,,,1,Urban,BREA EAST/PLACENTIA CENTRAL AND NORTH/YORBA LINDA,106301297,,,,,,
106301304,NEWPORT BAY HOSPITAL,1501 EAST 16TH STREET,NEWPORT BEACH,92663,949-650-9750-133,Yes,01/01/2013,12/31/2013,Open,01/07/1958,01/07/1958,,NO,74,37,48,6059063400,116d,,13 - Orange,Orange,60000160,Parent Facility,-117.90654,33.62218,Acute Psychiatric,State,Psychiatric,0,0,0,0,0,0,0,0,0,0,0,0,0,0,0,0,0,0,0,0,0,0,0,0,0,0,0,0,0,0,0,0,0,0,0,0,0,0,0,0,0,0,0,0,0,0,0,0,0,34,12410,857,11132,0,0,0,,0,0,0,0,0,0,0,0,0,34,12410,857,11132,0,0,0,0,0,0,0,0,0,0,22,0,22,0,7,15,22,17,5,0,0,0,0,0,0,0,0,22,,,,,,No,0,0,0,0,0,0,0,0,0,0,0,0,0,0,0,0,0,0,No,0,0,0,0,0,0,0,0,0,0,0,0,0,Respondent,0,0,0,0,0,0,0,0,,0,0,0,,0,0,NEITHER,0,0,0,0,0,0,0,0,0,0,0,0,0,0,0,0,0,0,0,0,0,0,0,0,0,0,0,0,0,0,0,0,0,0,0,0,0,0,0,,Yes,1 - 49,State,0,0,0,1,0,0,0,0,0,0,0,0,0,0,0,0,1,0,0,0,0,0,0,0,0,0,0,0,,,,Urban,IRVINE SOUTH/NEWPORT BEACH/NEWPORT COAST/SAN JOAQUIN HILLS,106301304,,,,,,
106301317,SADDLEBACK MEMORIAL MEDICAL CENTER,24451 HEALTH CENTER DRIVE,LAGUNA HILLS,92653,949-837-4500,Yes,01/01/2013,12/31/2013,Open,01/27/1974,01/27/1974,,NO,73,36,45,6059062647,115.2d,,13 - Orange,Orange,60000166,Parent Facility,-117.70837,33.60796,General Acute Care,Non-Profit Corporation (incl. Church-related),General Medical / Surgical,163,57683,9864,33197,39,14235,2805,8247,0,0,0,0,31,11315,469,1675,5712,0,0,0,0,0,0,0,0,0,0,0,0,0,0,0,19,6935,215,0,3377,0,1812,0,0,252,91980,13353,50533,0,0,0,0,0,0,0,0,0,0,0,,0,0,0,0,0,0,0,0,0,252,91980,13353,50533,0,0,0,0,0,0,24,2429,5826,0,0,0,0,0,0,0,0,0,0,0,0,0,0,0,0,0,0,0,,,,,,Yes,Basic,Basic,855,0,6637,7,11027,53,6950,2613,1191,5409,26660,8082,34742,31,0,554,Yes,66,55,45,18,18,12,14,18,14,17,12,19,308,Respondent,3013,487230,1998,243360,0,0,10,10,Yes,2708,165,20,,0,857,CV SURG,1,0,0,82,43,82,43,101,3,0,0,0,0,565,323,483,206,1048,529,1048,2,253,126,59,73,387,43,4,0,2,55,76,256,286,3,40,2,51,2766,Yes,No,200 - 299,Non-Profit Corporation (i,1,0,0,0,0,0,0,0,0,0,0,0,0,0,0,0,1,0,0,0,0,34742,855,6644,11080,9563,6600,0,,,1,Urban,LAGUNA BEACH/LAGUNA WOODS,106301317,,,,,,
106301325,SADDLEBACK MEMORIAL MEDICAL CENTER - SAN CLEMENTE,654 CAMINO DE LOS MARES,SAN CLEMENTE,92673,949-496-1122,Yes,01/01/2013,12/31/2013,Open,01/31/2005,08/17/1972,,NO,73,36,49,6059042205,115.1,,13 - Orange,Orange,60000166,Consolidated Facility,-117.65019,33.45771,General Acute Care,Non-Profit Corporation (incl. Church-related),General Medical / Surgical,66,24090,1797,5424,0,0,0,0,0,0,0,0,7,2555,98,341,1183,0,0,0,0,0,0,0,0,0,0,0,0,0,0,0,0,0,0,0,0,0,0,0,0,73,26645,1895,6607,0,0,0,0,0,0,0,0,0,0,0,,0,0,0,0,0,0,0,0,0,73,26645,1895,6607,0,0,0,0,0,0,0,0,0,0,0,0,0,0,0,0,0,0,0,0,0,0,0,0,0,0,0,0,,,,,,Yes,Basic,Basic,654,0,4395,4,4674,13,2359,1120,464,658,12546,1795,14341,10,0,253,Yes,13,4,4,2,5,2,9,12,10,0,6,9,76,Respondent,347,41115,916,54765,0,0,3,3,,0,0,0,,0,0,NEITHER,0,0,0,0,0,0,0,0,0,0,0,0,0,0,0,0,0,0,0,0,0,0,0,0,0,0,0,0,0,0,0,0,0,0,0,0,0,0,0,,No,50 - 99,Non-Profit Corporation (i,1,0,0,0,0,0,0,0,0,0,0,0,0,0,0,0,1,0,0,0,0,14341,654,4399,4687,3479,1122,0,,,1,Urban,DANA POINT/SAN CLEMENTE/SAN JUAN CAPISTRANO,106301325,,,,,,
106301337,MISSION HOSPITAL LAGUNA BEACH,31872 COAST HIGHWAY,LAGUNA BEACH,92651,949-499-1311,Yes,01/01/2013,12/31/2013,Open,07/01/2009,06/30/1959,,NO,28,15,18,6059042305,115.2c,,13 - Orange,Orange,60000146,Consolidated Facility,-117.7422502,33.4997391,General Acute Care,Non-Profit Corporation (incl. Church-related),General Medical / Surgical,132,48180,2518,10279,0,0,0,0,0,0,0,0,10,3650,96,209,761,0,0,0,0,0,0,0,0,0,0,0,0,0,0,0,0,0,0,0,0,0,0,0,0,142,51830,2614,11040,0,0,0,0,36,13140,1609,7282,29,10585,0,,0,0,0,0,0,0,0,0,0,207,75555,4223,18322,10,666,4134,0,0,0,0,0,0,0,16,0,16,0,16,0,16,2,0,8,1,5,0,0,0,0,0,16,,,,,,No,Basic,Basic,608,0,1006,0,4811,0,2932,0,230,3223,9587,3223,12810,11,609,30,Yes,4,0,2,0,0,0,0,0,2,0,0,0,8,Respondent,448,62057,504,43649,0,0,6,6,,0,0,0,,0,0,NEITHER,0,0,0,0,0,0,0,0,0,0,0,0,0,0,0,0,0,0,0,0,0,0,0,0,0,0,0,0,0,0,0,0,0,0,0,0,0,0,0,Yes,No,200 - 299,Non-Profit Corporation (i,1,0,0,0,0,0,0,0,0,0,0,0,0,0,0,0,1,0,0,0,0,12810,608,1006,4811,2932,3453,0,,,1,Urban,ALISO VIEJO/LAGUNA HILLS/LAGUNA NIGUEL,106301337,,,,,,
106301340,ST. JOSEPH HOSPITAL - ORANGE,1100 WEST STEWART DRIVE,ORANGE,92868,714-771-8020,Yes,01/01/2013,12/31/2013,Open,10/27/1964,10/27/1964,,NO,68,37,46,6059076000,116h,,13 - Orange,Orange,60000172,Parent Facility,-117.86516,33.7823,General Acute Care,Non-Profit Corporation (incl. Church-related),General Medical / Surgical,297,112013,12082,48032,89,31077,5157,12897,0,0,0,0,20,7828,487,1710,6459,20,7300,0,0,0,0,0,0,0,0,0,0,0,0,0,0,0,0,0,0,0,0,0,0,426,158218,17726,67388,0,0,0,0,37,13505,2409,10554,0,0,0,,0,0,0,0,0,0,0,0,0,463,171723,20135,77942,0,0,0,0,0,0,51,5091,10121,0,8,15,23,0,21,2,23,9,1,1,0,0,3,9,0,0,0,23,,Yes,YES,,,No,Basic,Basic,2310,4,9050,18,38488,233,15146,4759,4740,5907,69734,10921,80655,53,0,2885,Yes,7,0,4,0,0,2,4,0,0,0,0,0,17,Respondent,10617,1397585,10010,590424,14,9,0,23,Yes,4751,299,69,,0,1779,CV SURG,3,0,0,167,4,167,4,107,4,0,0,65,48,914,1080,940,703,1919,1831,1412,0,185,57,96,32,646,72,5,0,5,341,269,200,306,7,41,0,197,3871,Yes,No,300 - 499,Non-Profit Corporation (i,1,0,0,0,0,0,0,0,0,0,0,0,0,0,0,0,1,0,0,0,0,80655,2314,9068,38721,19905,10647,0,,,1,Urban,CITY OF ORANGE SOUTH/SANTA ANA NORTH/TUSTIN FOOTHILLS/TUSTIN WEST,106301340,,,,,,
106301342,ST. JUDE MEDICAL CENTER,101 EAST VALENCIA MESA DRIVE,FULLERTON,92835,714-992-3000,Yes,01/01/2013,12/31/2013,Open,05/13/1957,05/13/1957,,NO,65,29,39,6059001601,116f,,13 - Orange,Orange,60000173,Parent Facility,-117.92851,33.89349,General Acute Care,Non-Profit Corporation (incl. Church-related),General Medical / Surgical,200,73000,9834,35014,33,12585,2159,5630,0,0,0,0,52,18980,1215,3733,12851,0,0,0,0,0,0,0,0,0,0,0,0,0,0,0,14,5110,197,32,2157,30,10950,664,8045,329,120625,14069,63697,0,0,0,0,0,0,0,0,0,3330,42,2,335,0,0,0,0,0,0,0,0,329,123955,14111,64032,0,0,0,0,0,0,12,1931,3944,0,0,0,0,0,0,0,0,0,0,0,0,0,0,0,0,0,0,0,,Yes,YES,,,No,Basic,Basic,2390,395,5962,0,32524,0,12418,5355,2482,1910,55776,7660,63436,36,0,363,Yes,4,0,2,0,0,0,0,0,0,12,1,0,19,Respondent,4217,558997,9400,546412,1,4,10,15,Yes,2063,105,34,,0,628,CV SURG,2,0,0,103,5,103,5,78,4,0,0,0,0,678,336,512,166,1190,502,1190,0,180,104,63,42,368,48,4,0,0,133,142,419,307,1,43,3,0,3047,Yes,No,300 - 499,Non-Profit Corporation (i,1,0,0,0,0,0,0,0,0,0,0,0,0,0,0,0,1,0,0,0,0,63436,2785,5962,32524,17773,4392,0,,,1,Urban,FULLERTON CENTRAL AND SOUTH,106301342,,,,,,
106301357,NEWPORT SPECIALTY HOSPITAL,14662 NEWPORT AVENUE,TUSTIN,92680,714-619-7700-1602,Yes,01/01/2013,12/31/2013,Open,02/23/1998,05/06/1970,,NO,68,37,45,6059075515,116h,,13 - Orange,Orange,60000178,Parent Facility,-117.82903,33.73119,General Acute Care,Investor - Corporation,General Medical / Surgical,120,43800,91,1756,0,0,0,0,0,0,0,0,15,5475,26,31,591,0,0,0,0,0,0,0,0,0,0,0,0,0,0,0,0,0,0,0,0,0,0,0,0,135,49275,117,2347,0,0,0,0,0,0,0,0,42,15330,30,0,7983,0,0,0,0,0,0,0,0,177,64605,147,10330,22,0,0,0,0,0,0,0,0,0,0,0,0,0,0,0,0,0,0,0,0,0,0,0,0,0,0,0,,,,,,No,0,0,0,0,0,0,0,0,0,0,0,0,0,0,0,0,0,0,No,0,0,0,0,0,0,0,0,0,0,0,0,0,Respondent,10,673,0,0,0,0,5,5,,0,0,0,,0,0,NEITHER,0,0,0,0,0,0,0,0,0,0,0,0,0,0,0,0,0,0,0,0,0,0,0,0,0,0,0,0,0,0,0,0,0,0,0,0,0,0,0,,No,150 - 199,Investor,0,0,0,1,0,0,0,0,0,0,0,0,0,0,0,0,1,0,0,0,0,0,0,0,0,0,0,0,,,,Urban,CITY OF ORANGE SOUTH/SANTA ANA NORTH/TUSTIN FOOTHILLS/TUSTIN WEST,106301357,,,,,,
106301379,WEST ANAHEIM MEDICAL CENTER,3033 WEST ORANGE AVENUE,ANAHEIM,92804,714-229-6871,Yes,01/01/2013,12/31/2013,Open,08/05/1964,08/05/1964,,NO,65,29,46,6059086902,116c,,13 - Orange,Orange,60000182,Parent Facility,-117.99492,33.82482,General Acute Care,Investor - Limited Liability Company,General Medical / Surgical,147,53655,5345,19700,0,0,0,0,0,0,0,0,10,3650,126,334,1550,10,3650,126,334,1550,0,0,0,0,0,0,0,0,0,0,0,0,0,0,0,0,0,0,0,167,60955,5597,22800,0,0,0,0,30,10950,302,8310,22,8030,0,,0,0,0,0,0,0,0,0,0,219,79935,5899,31110,0,0,0,0,0,0,0,0,0,0,18,0,18,0,7,11,18,18,0,0,0,0,0,0,0,0,0,18,,,,,,No,Basic,Basic,1844,1,1747,0,7628,3,9413,49,5220,5602,25852,5655,31507,23,0,1909,No,0,0,0,0,0,0,0,0,0,0,0,0,0,Respondent,967,111222,179,13638,0,0,7,7,,0,0,0,,0,0,CV SURG,1,0,0,29,0,29,0,29,1,0,0,0,0,191,134,12,0,203,134,203,0,25,8,3,0,122,0,0,0,0,0,0,0,0,0,15,0,63,439,,No,200 - 299,Investor,1,0,0,0,0,0,0,0,0,0,0,0,0,0,0,0,1,0,0,0,0,31507,1845,1747,7631,9462,10822,0,,,,Urban,ANAHEIM WEST,106301379,,,,,,
106301380,KINDRED HOSPITAL WESTMINSTER,200 HOSPITAL CIRCLE,WESTMINSTER,92683,714-893-4541,Yes,01/01/2013,12/31/2013,Open,09/15/1959,09/15/1959,,NO,72,34,47,6059099801,116s,,13 - Orange,Orange,60000183,Parent Facility,-117.99438,33.76301,General Acute Care,Investor - Corporation,General Medical / Surgical,93,33945,841,28680,0,0,0,0,0,0,0,0,16,5840,141,488,5245,0,0,0,0,0,0,0,0,0,0,0,0,0,0,0,0,0,0,0,0,0,0,0,0,109,39785,982,33925,0,0,0,0,0,0,0,0,0,0,0,,0,0,0,0,0,0,0,0,0,109,39785,982,33925,0,0,0,0,0,0,0,0,0,0,0,0,0,0,0,0,0,0,0,0,0,0,0,0,0,0,0,0,,,,,,No,0,0,0,0,0,0,0,0,0,0,0,0,0,0,0,0,0,0,No,0,0,0,0,0,0,0,0,0,0,0,0,0,Respondent,342,12300,0,0,5,0,0,5,,0,0,0,,0,0,NEITHER,0,0,0,0,0,0,0,0,0,0,0,0,0,0,0,0,0,0,0,0,0,0,0,0,0,0,0,0,0,0,0,0,0,0,0,0,0,0,0,,No,100 - 149,Investor,0,0,0,1,0,0,0,0,0,0,0,0,0,0,0,0,1,0,0,0,0,0,0,0,0,0,0,0,,,,Urban,HUNTINGTON BEACH NORTH/SEAL BEACH EAST/WESTMINSTER,106301380,,,,,,
106301566,WESTERN MEDICAL CENTER - SANTA ANA,1001 NORTH TUSTIN AVENUE,SANTA ANA,92705,714-953-3610,Yes,01/01/2013,12/31/2013,Open,04/19/1975,04/19/1975,Level II,NO,69,34,46,6059075504,116h,,13 - Orange,Orange,60000188,Parent Facility,-117.83398,33.75361,General Acute Care,Investor - Corporation,General Medical / Surgical,139,50735,4070,18600,52,18980,2165,5360,26,9490,0,0,42,15330,495,340,7878,0,0,0,0,0,0,0,0,0,0,7,2555,186,4,1171,16,5840,182,57,1738,0,0,0,0,282,102930,7098,34747,0,0,0,0,0,0,0,0,0,0,0,,0,0,0,0,0,0,0,0,0,282,102930,7098,34747,0,0,0,0,0,0,16,1955,3939,0,0,0,0,0,0,0,0,0,0,0,0,0,0,0,0,0,0,0,,,,,,No,Basic,Basic,1148,3,6474,58,3115,697,1365,1415,1249,1674,13351,3847,17198,20,0,1006,Yes,23,21,20,19,13,76,41,30,18,24,43,36,364,Respondent,3069,320580,2056,164320,0,0,11,11,,2093,101,19,,0,771,CV SURG,1,0,0,105,0,105,0,67,2,0,0,0,0,437,341,716,453,1153,794,1138,0,31,28,23,16,548,20,40,0,0,1,0,15,3,0,76,0,8,1947,,No,200 - 299,Investor,1,0,0,0,1,0,1,0,0,0,0,0,0,0,1,1,0,0,17198,0,0,0,1151,6532,3812,2780,2923,0,,,1,Urban,CITY OF ORANGE SOUTH/SANTA ANA NORTH/TUSTIN FOOTHILLS/TUSTIN WEST,106301566,,,,,,
106301781,FAIRVIEW DEVELOPMENTAL CENTER,2501 HARBOR BOULEVARD,COSTA MESA,92626,714-957-5000,Yes,01/01/2013,12/31/2013,Open,03/31/1959,03/31/1959,,NO,74,37,48,6059063807,116p,,13 - Orange,Orange,170000771,Parent Facility,-117.91939,33.66325,General Acute Care,State,Developmentally Disabled,30,10950,59,317,0,0,0,0,0,0,0,0,0,0,0,0,0,0,0,0,0,0,0,0,0,0,0,0,0,0,0,0,0,0,0,0,0,0,0,0,0,30,10950,59,317,0,0,0,0,0,0,0,0,396,144540,16,0,51072,0,0,0,0,792,289080,23,72262,1218,444570,98,123651,0,0,0,0,0,0,0,0,0,0,0,0,0,0,0,0,0,0,0,0,0,0,0,0,0,0,0,0,,,,,,No,0,0,0,0,0,0,0,0,0,0,0,0,0,0,0,0,0,0,No,0,0,0,0,0,0,0,0,0,0,0,0,0,Respondent,0,0,0,0,0,0,0,0,,0,0,0,,0,0,NEITHER,0,0,0,0,0,0,0,0,0,0,0,0,0,0,0,0,0,0,0,0,0,0,0,0,0,0,0,0,0,0,0,0,0,0,0,0,0,0,0,,Yes,500+,State,0,0,0,1,0,0,0,0,0,0,0,0,0,0,0,0,1,0,0,0,0,0,0,0,0,0,0,0,,,,Urban,COSTA MESA,106301781,,,,,,
106304039,FOUNTAIN VALLEY RGNL HOSP AND MED CTR - WARNER,11250 WARNER AVENUE,FOUNTAIN VALLEY,92708,714-966-7200,No,01/01/2013,12/31/2013,Open,03/29/1990,03/29/1990,,NO,72,34,48,6059099229,116j,,13 - Orange,Orange,60000109,Consolidated Facility,-117.93159,33.71625,General Acute Care,Investor - Corporation,General Medical / Surgical,107,39055,0,0,0,0,0,0,0,0,0,0,0,0,0,0,0,0,0,0,0,0,0,0,0,0,0,0,0,0,0,0,0,0,0,0,0,0,0,0,0,107,39055,0,0,0,0,0,0,0,0,0,0,0,0,0,,0,0,0,0,0,0,0,0,0,107,39055,0,0,0,0,0,0,0,0,0,0,0,0,0,0,0,0,0,0,0,0,0,0,0,0,0,0,0,0,0,0,,,,,,0,0,0,0,0,0,0,0,0,0,0,0,0,0,0,0,0,0,0,NO,0,0,0,0,0,0,0,0,0,0,0,0,,Respondent,0,0,0,0,0,0,0,0,,0,0,0,,0,0,NEITHER,0,0,0,0,0,0,0,0,0,0,0,0,0,0,0,0,0,0,0,0,0,0,0,0,0,0,0,0,0,0,0,0,0,0,0,0,0,0,0,,No,100 - 149,Investor,0,0,0,1,0,0,0,0,0,0,0,0,0,0,0,0,1,0,0,0,0,0,0,0,0,0,0,0,,,,Urban,FOUNTAIN VALLEY/HUNTINGTON BEACH CENTRAL,106304039,,,,,,
106304045,HOAG HOSPITAL IRVINE,16200 SAND CANYON AVENUE,IRVINE,92618,949-764-4624,Yes,01/01/2013,12/31/2013,Open,08/26/2010,08/15/1990,,NO,74,37,45,6059052518,116o,,13 - Orange,Orange,60000122,Consolidated Facility,-117.77371,33.66168,General Acute Care,Non-Profit Corporation (incl. Church-related),General Medical / Surgical,72,26280,3209,9756,0,0,0,0,0,0,0,0,12,4380,200,839,2206,0,0,0,0,0,0,0,0,0,0,0,0,0,0,0,0,0,0,0,0,0,0,0,0,84,30660,3409,11962,0,0,0,0,0,0,0,0,0,0,0,,0,0,0,0,0,0,0,0,0,84,30660,3409,11962,0,0,0,0,0,0,0,0,0,0,0,0,0,0,0,0,0,0,0,0,0,0,0,0,0,0,0,0,,,,,,Yes,Basic,Basic,1050,1,8597,86,13681,3197,1762,995,18,38,25108,4317,29425,14,0,38,Yes,12,12,8,1,24,14,8,3,6,8,10,8,114,Respondent,1511,131883,2235,117083,0,0,3,3,Yes,0,0,0,,0,0,CV SURG,1,0,0,439,0,439,0,0,2,0,0,0,0,201,167,472,308,673,475,345,0,71,22,13,6,120,17,0,0,0,15,18,179,271,0,19,0,458,1554,Yes,No,50 - 99,Non-Profit Corporation (i,1,0,0,0,0,0,0,0,0,0,0,0,0,0,0,0,1,0,0,0,0,29425,1051,8683,16878,2757,56,0,,,1,Urban,IRVINE CENTRAL/TUSTIN EAST,106304045,,,,,,
106304079,HEALTHSOUTH TUSTIN REHABILITATION HOSPITAL,14851 YORBA STREET,TUSTIN,92680,714-832-9200,Yes,01/01/2013,12/31/2013,Open,06/07/1991,06/07/1991,,NO,68,37,45,6059075505,116h,,13 - Orange,Orange,60000303,Parent Facility,-117.83032,33.74747,General Acute Care,Investor - Partnership,Physical Rehabilitation,0,0,0,0,0,0,0,0,0,0,0,0,0,0,0,0,0,0,0,0,0,0,0,0,0,0,0,0,0,0,0,0,0,0,0,0,0,48,17520,1344,15491,48,17520,1344,15491,0,0,0,0,0,0,0,0,0,0,0,,0,0,0,0,0,0,0,0,0,48,17520,1344,15491,0,0,0,0,0,0,0,0,0,0,0,0,0,0,0,0,0,0,0,0,0,0,0,0,0,0,0,0,,,,,,No,0,0,0,0,0,0,0,0,0,0,0,0,0,0,0,0,0,0,No,0,0,0,0,0,0,0,0,0,0,0,0,0,Respondent,0,0,0,0,0,0,0,0,,0,0,0,,0,0,NEITHER,0,0,0,0,0,0,0,0,0,0,0,0,0,0,0,0,0,0,0,0,0,0,0,0,0,0,0,0,0,0,0,0,0,0,0,0,0,0,0,,No,1 - 49,Investor,0,0,0,1,0,0,0,0,0,0,0,0,0,0,0,0,1,0,0,0,0,0,0,0,0,0,0,0,,,,Urban,CITY OF ORANGE SOUTH/SANTA ANA NORTH/TUSTIN FOOTHILLS/TUSTIN WEST,106304079,,,,,,
106304113,CHILDRENS HOSPITAL AT MISSION,"27700 MEDICAL CTR. RD., 5TH FL",MISSION VIEJO,92691,949-347-8400,Yes,01/01/2013,12/31/2013,Open,01/01/1993,01/01/1993,,NO,73,36,45,6059032022,115.2a,,13 - Orange,Orange,60000348,Parent Facility,-117.66768,33.56279,General Acute Care,Non-Profit Corporation (incl. Church-related),Pediatric,24,8760,1361,3264,0,0,0,0,0,0,0,0,8,2920,190,77,604,0,0,0,0,0,0,0,0,0,0,0,0,0,0,0,22,8030,293,0,4301,0,0,0,0,54,19710,1844,8169,0,0,0,0,0,0,0,0,0,0,0,,0,0,0,0,0,0,0,0,0,54,19710,1844,8169,0,0,0,0,0,0,0,0,0,0,0,0,0,0,0,0,0,0,0,0,0,0,0,0,0,0,0,0,,,,,,No,Basic,Basic,935,0,2130,0,8904,6,1263,744,376,171,13608,921,14529,46,3065,178,Yes,76,44,68,5,33,22,27,35,21,14,9,31,385,Respondent,293,23426,385,19515,0,0,10,10,Yes,0,0,0,,0,0,NEITHER,0,0,0,0,0,0,0,0,0,0,0,0,0,0,0,0,0,0,0,0,0,0,0,0,0,0,0,0,0,0,0,0,0,0,0,0,0,0,0,,No,50 - 99,Non-Profit Corporation (i,1,0,0,0,0,0,0,0,0,0,0,0,0,0,0,0,1,0,0,0,0,14529,935,2130,8910,2007,547,0,,,1,Urban,LAKE FOREST EAST/MISSION VIEJO CENTRAL AND SOUTH,106304113,,,,,,
106304159,HEALTHBRIDGE CHILDRENS HOSPITAL-ORANGE,"393 S, TUSTIN STREET",ORANGE,92866,714-289-2400,Yes,01/01/2013,12/31/2013,Open,02/04/2000,02/04/2000,,NO,68,37,46,6059075806,116h,,13 - Orange,Orange,60000530,Parent Facility,-117.83563,33.78226,General Acute Care,Investor - Partnership,Pediatric,0,0,0,0,0,0,0,0,0,0,0,0,0,0,0,0,0,0,0,0,0,0,0,0,0,0,0,0,0,0,0,0,0,0,0,0,0,6,2190,68,1559,6,2190,68,1559,0,0,0,0,0,0,0,0,21,7665,81,,5695,0,0,0,0,0,0,0,0,27,9855,149,7254,0,0,0,0,0,0,0,0,0,0,0,0,0,0,0,0,0,0,0,0,0,0,0,0,0,0,0,0,,,,,,No,0,0,0,0,0,0,0,0,0,0,0,0,0,0,0,0,0,0,No,0,0,0,0,0,0,0,0,0,0,0,0,0,Respondent,0,0,0,0,0,0,0,0,,0,0,0,,0,0,NEITHER,0,0,0,0,0,0,0,0,0,0,0,0,0,0,0,0,0,0,0,0,0,0,0,0,0,0,0,0,0,0,0,0,0,0,0,0,0,0,0,,No,1 - 49,Investor,0,0,0,1,0,0,0,0,0,0,0,0,0,0,0,0,1,0,0,0,0,0,0,0,0,0,0,0,,,,Urban,CITY OF ORANGE SOUTH/SANTA ANA NORTH/TUSTIN FOOTHILLS/TUSTIN WEST,106304159,,,,,,
106304306,KAISER FND HOSP - ORANGE COUNTY - IRVINE,6640 ALTON PARKWAY,IRVINE,92618,714-644-4100,Yes,01/01/2013,12/31/2013,Open,05/07/2008,05/07/2008,,NO,74,37,45,6059052518,116o,,13 - Orange,Orange,60000091,Consolidated Facility,-117.773889,33.658333,General Acute Care,Non-Profit Corporation (incl. Church-related),General Medical / Surgical,120,43800,8495,33670,28,10220,2455,5014,0,0,0,0,20,7300,125,540,2270,0,0,0,0,0,0,0,0,0,0,0,0,0,0,0,6,2190,127,122,1530,0,0,0,0,174,63510,11202,42484,0,0,0,0,0,0,0,0,0,0,0,,0,0,0,0,0,0,0,0,0,174,63510,11202,42484,0,0,0,0,0,0,8,2265,3657,0,0,0,0,0,0,0,0,0,0,0,0,0,0,0,0,0,0,0,,,,,,No,Basic,Basic,74,4,3055,0,24426,1357,5095,2855,428,1096,33078,5312,38390,36,0,309,Yes,22,3,4,3,2,0,2,2,3,0,0,3,44,Respondent,3777,517460,13628,900631,0,6,8,14,Yes,2395,127,15,Yes,1595,800,CATH LAB,0,0,0,0,0,0,0,0,1,0,0,0,0,36,0,31,0,67,0,58,0,1,3,0,0,0,0,0,0,0,0,0,0,0,0,0,0,5,67,Yes,No,150 - 199,Non-Profit Corporation (i,1,0,0,0,0,0,0,0,0,0,0,0,0,0,0,0,1,0,0,0,0,38390,78,3055,25783,7950,1524,0,1,,1,Urban,IRVINE CENTRAL/TUSTIN EAST,106304306,,,,,,
106304409,KAISER FND HOSP - ORANGE COUNTY - ANAHEIM,3440 E LA PALMA AVE,ANAHEIM,92806,714-644-4100,Yes,01/01/2013,12/31/2013,Open,07/12/2012,,,NO,68,37,46,6059011714,116m,,13 - Orange,Orange,60000091,Parent Facility,-117.8439815,33.8544317,General Acute Care,Non-Profit Corporation (incl. Church-related),General Medical / Surgical,156,56940,8257,31904,34,12410,3351,7906,12,4380,971,2488,40,14600,180,1085,3883,0,0,0,0,0,0,0,0,0,0,0,0,0,0,0,20,7300,211,116,4216,0,0,0,0,262,95630,12970,50397,0,0,0,0,0,0,0,0,0,0,0,,0,0,0,0,0,0,0,0,0,262,95630,12970,50397,0,0,0,0,0,0,8,2979,5045,0,0,0,0,0,0,0,0,0,0,0,0,0,0,0,0,0,0,0,,,,,,No,Basic,Basic,175,5,5359,0,32552,2263,4733,3210,338,845,43157,6323,49480,36,0,1135,Yes,59,0,24,12,0,2,3,0,1,2,0,6,109,Respondent,3602,524727,8165,727959,0,6,8,14,Yes,3197,223,41,Yes,2176,1021,NEITHER,0,0,0,0,0,0,0,0,1,0,0,0,0,52,2,151,0,203,2,192,0,3,3,0,0,1,0,0,0,0,0,0,0,2,0,2,0,2,205,,No,200 - 299,Non-Profit Corporation (i,1,0,0,0,0,0,0,0,0,0,0,0,0,0,0,0,1,0,0,0,0,49480,180,5359,34815,7943,1183,0,1,,1,Urban,BREA EAST/PLACENTIA CENTRAL AND NORTH/YORBA LINDA,106304409,,,,,,
106304460,HOAG ORTHOPEDIC INSTITUTE,16250 SAND CANYON AVENUE,IRVINE,92618,949-727-5000,Yes,01/01/2013,12/31/2013,Open,11/10/2010,11/10/2010,,NO,74,37,45,6059052518,116o,,13 - Orange,Orange,550001431,Parent Facility,-117.7735916,33.6617789,General Acute Care,Investor - Limited Liability Company,General Medical / Surgical,70,25550,4018,9703,0,0,0,0,0,0,0,0,0,0,0,0,0,0,0,0,0,0,0,0,0,0,0,0,0,0,0,0,0,0,0,0,0,0,0,0,0,70,25550,4018,9703,0,0,0,0,0,0,0,0,0,0,0,,0,0,0,0,0,0,0,0,0,70,25550,4018,9703,0,0,0,0,0,0,0,0,0,0,0,0,0,0,0,0,0,0,0,0,0,0,0,0,0,0,0,0,,,,,,No,0,0,0,0,0,0,0,0,0,0,0,0,0,0,0,0,0,0,No,0,0,0,0,0,0,0,0,0,0,0,0,0,Respondent,3991,518773,758,69108,0,0,9,9,Yes,0,0,0,,0,0,NEITHER,0,0,0,0,0,0,0,0,0,0,0,0,0,0,0,0,0,0,0,0,0,0,0,0,0,0,0,0,0,0,0,0,0,0,0,0,0,0,0,,No,50 - 99,Investor,0,0,0,1,0,0,0,0,0,0,0,0,0,0,0,0,1,0,0,0,0,0,0,0,0,0,0,0,,,,Urban,IRVINE CENTRAL/TUSTIN EAST,106304460,,,,,,
106310791,SUTTER AUBURN FAITH HOSPITAL,11815 EDUCATION STREET,AUBURN,95602,530-888-4500,Yes,01/01/2013,12/31/2013,Open,06/30/1966,06/30/1966,,NO,1,1,1,6061021600,119,,02 - Golden Empire,Placer,30000012,Parent Facility,-121.0982,38.94452,General Acute Care,Non-Profit Corporation (incl. Church-related),General Medical / Surgical,64,23810,3611,10763,0,0,0,0,0,0,0,0,4,1460,140,436,1284,4,1460,33,48,227,0,0,0,0,0,0,0,0,0,0,0,0,0,0,0,0,0,0,0,72,26730,3784,12274,0,0,0,0,0,0,0,0,0,0,0,,0,0,0,0,0,0,0,0,0,72,26730,3784,12274,0,0,0,0,0,0,0,0,0,0,0,0,0,0,0,0,0,0,0,0,0,0,0,0,0,0,0,0,,,,,,No,Basic,Basic,217,0,2704,7,8239,71,6001,477,3350,2883,20511,3438,23949,14,0,585,No,0,0,0,0,0,0,0,0,0,0,0,0,0,Respondent,1134,138546,1666,142940,0,0,4,4,Yes,0,0,0,,0,0,CATH LAB,0,0,0,0,0,0,0,0,1,0,0,0,0,3,13,12,199,15,212,15,0,9,50,0,9,0,0,0,0,0,0,0,0,144,0,0,0,0,227,,No,50 - 99,Non-Profit Corporation (i,1,0,0,0,0,0,0,0,0,0,0,0,0,0,0,0,1,0,0,0,0,23949,217,2711,8310,6478,6233,0,,,,Rural,AUBURN/GRANITE BAY EAST/LINCOLN WEST/LOOMIS/NEWCASTLE/NORTH AUBURN,106310791,,,,,,
106311000,SUTTER ROSEVILLE MEDICAL CENTER,ONE MEDICAL PLAZA,ROSEVILLE,95661,916-781-1000,Yes,01/01/2013,12/31/2013,Open,06/19/1997,06/19/1997,Level II,NO,6,4,4,6061020704,121.1,,02 - Golden Empire,Placer,30000083,Parent Facility,-121.25055,38.76439,General Acute Care,Non-Profit Corporation (incl. Church-related),General Medical / Surgical,177,64605,13694,46117,9,3285,3084,5903,9,3285,493,945,24,8760,806,2575,7456,8,2920,206,1307,2484,0,0,0,0,0,0,0,0,0,0,16,5840,324,230,3504,55,20075,1031,13714,298,108770,19638,80123,0,0,0,0,0,0,0,0,30,10950,38,,8489,0,0,0,0,0,0,0,0,328,119720,19676,88612,0,0,0,0,0,0,0,2981,5216,0,0,0,0,0,0,0,0,0,0,0,0,0,0,0,0,0,0,0,,Yes,YES,,,Yes,Basic,Basic,609,70,22424,1368,31757,5995,6046,5076,180,627,61016,13136,74152,34,0,1506,No,0,0,0,0,0,0,0,0,0,0,0,0,0,Respondent,5454,779985,7085,506571,9,5,1,15,Yes,3039,153,22,,0,865,CATH LAB,0,0,0,0,0,0,0,0,3,0,0,0,0,559,823,338,572,897,1395,458,0,83,45,33,21,264,15,7,0,0,0,0,770,1417,2,24,0,1089,4228,,No,300 - 499,Non-Profit Corporation (i,1,0,0,0,1,0,1,0,0,0,0,0,0,0,1,1,0,0,74152,0,0,0,679,23792,37752,11122,807,0,,,,Urban,GRANITE BAY WEST/ROSEVILLE,106311000,,,,,,
106314024,KAISER FND HOSP - ROSEVILLE,1600 EUREKA ROAD,ROSEVILLE,95661,916-784-4000,Yes,01/01/2013,12/31/2013,Open,09/10/2011,07/23/1996,,NO,6,4,4,6061020704,121.1,,02 - Golden Empire,Placer,550001681,Parent Facility,-121.25107,38.74636,General Acute Care,Non-Profit Corporation (incl. Church-related),General Medical / Surgical,146,53290,9994,31938,84,30660,5434,14084,32,11680,1415,6233,30,10950,348,2083,4079,0,0,0,0,0,0,0,0,0,0,0,0,0,0,0,48,17520,781,101,12280,0,0,0,0,340,124100,17972,68614,0,0,0,0,0,0,0,0,0,0,0,,0,0,0,0,0,0,0,0,0,340,124100,17972,68614,0,0,0,0,0,0,30,4344,8337,0,0,0,0,0,0,0,0,0,0,0,0,0,0,0,0,0,0,0,,,,,,Yes,Basic,Basic,28153,4,14608,111,19821,1105,12559,4831,1174,1901,76315,7952,84267,73,0,90,No,0,0,0,0,0,0,0,0,0,0,0,0,0,Respondent,3817,449111,19062,1375895,3,9,9,21,Yes,5101,392,100,,0,1314,CATH LAB,0,0,0,0,0,0,0,0,1,0,0,0,0,570,136,466,0,1036,136,1036,0,0,0,0,0,136,0,0,0,0,0,0,0,0,0,0,0,0,1172,,No,300 - 499,Non-Profit Corporation (i,1,0,0,0,0,0,0,0,0,0,0,0,0,0,0,0,1,0,0,0,0,84267,28157,14719,20926,17390,3075,0,,,,Urban,GRANITE BAY WEST/ROSEVILLE,106314024,,,,,,
106314029,TELECARE PLACER COUNTY PSYCHIATRIC HEALTH FACILITY,101 CIRBY HILLS DRIVE,ROSEVILLE,95678,916-787-8900,Yes,01/01/2013,12/31/2013,Open,02/14/2001,08/02/1988,,NO,6,4,4,6061020800,121.1,,02 - Golden Empire,Placer,M02016041,Parent Facility,-121.2876115,38.7298363,Psychiatric Health Facility,Investor - Corporation,Psychiatric,0,0,0,0,0,0,0,0,0,0,0,0,0,0,0,0,0,0,0,0,0,0,0,0,0,0,0,0,0,0,0,0,0,0,0,0,0,0,0,0,0,0,0,0,0,0,0,0,0,16,5840,691,5209,0,0,0,0,0,0,0,0,0,0,0,0,0,16,5840,691,5209,0,0,0,0,0,0,0,0,0,0,13,0,13,0,12,1,13,0,0,8,0,0,0,0,5,0,0,13,Yes,,,,,No,0,0,0,0,0,0,0,0,0,0,0,0,0,0,0,0,0,0,No,0,0,0,0,0,0,0,0,0,0,0,0,0,Respondent,0,0,0,0,0,0,0,0,,0,0,0,,0,0,NEITHER,0,0,0,0,0,0,0,0,0,0,0,0,0,0,0,0,0,0,0,0,0,0,0,0,0,0,0,0,0,0,0,0,0,0,0,0,0,0,0,,No,1 - 49,Investor,0,0,0,1,0,0,0,0,0,0,0,0,0,0,0,0,1,0,0,0,0,0,0,0,0,0,0,0,,,,Urban,GRANITE BAY WEST/ROSEVILLE,106314029,,,,,,
106320859,EASTERN PLUMAS HOSPITAL-PORTOLA CAMPUS,500 1ST STREET,PORTOLA,96122,530-832-6500,Yes,01/01/2013,12/31/2013,Open,08/16/1971,08/16/1971,,NO,1,1,1,6063000300,124,,01 - Northern California,Plumas,230000014,Parent Facility,-120.47088,39.8052,General Acute Care,District,General Medical / Surgical,9,3285,199,930,0,0,0,0,0,0,0,0,0,0,0,0,0,0,0,0,0,0,0,0,0,0,0,0,0,0,0,0,0,0,0,0,0,0,0,0,0,9,3285,199,930,0,0,0,0,0,0,0,0,66,24090,38,0,15934,0,0,0,0,0,0,0,0,75,27375,237,16864,0,0,0,0,0,0,0,0,0,5,0,0,0,0,0,0,0,0,0,0,0,0,0,0,0,0,0,0,,,,,,No,Basic,Basic,735,0,1103,7,1154,113,237,68,37,4,3266,192,3458,1,423,45,No,0,0,0,0,0,0,0,0,0,0,0,0,0,Respondent,0,0,199,2143,0,0,1,1,,0,0,0,,0,0,NEITHER,0,0,0,0,0,0,0,0,0,0,0,0,0,0,0,0,0,0,0,0,0,0,0,0,0,0,0,0,0,0,0,0,0,0,0,0,0,0,0,,No,50 - 99,District,1,0,0,0,0,0,0,0,0,0,0,0,0,0,0,0,1,0,0,0,0,3458,735,1110,1267,305,41,0,,,,Frontier,BECKWOURTH/CHILCOOT/CROCKER MOUNTAIN/DELLEKER/IRON HORSE/LAKE DAVIS/MAYBE/PORTOLA/VALLEY VIEW/VINTON,106320859,,,,,,
106320986,PLUMAS DISTRICT HOSPITAL,1065 BUCKS LAKE ROAD,QUINCY,95971,530-283-2121,Yes,01/01/2013,12/31/2013,Open,04/14/1959,04/14/1959,,NO,1,1,1,6063000100,123.1,,01 - Northern California,Plumas,230000030,Parent Facility,-120.96244,39.93938,General Acute Care,District,General Medical / Surgical,23,8395,341,946,2,730,67,112,0,0,0,0,0,0,0,0,0,0,0,0,0,0,0,0,0,0,0,0,0,0,0,0,0,0,0,0,0,0,0,0,0,25,9125,408,1058,0,0,0,0,0,0,0,0,0,0,0,,0,0,0,0,0,0,0,0,0,25,9125,408,1058,0,0,0,0,0,0,0,65,95,0,0,0,0,0,0,0,0,0,0,0,0,0,0,0,0,0,0,0,,,,,,No,Standby,Standby,154,0,651,0,2788,0,1540,0,1790,0,6923,99,7022,4,230,37,No,0,0,0,0,0,0,0,0,0,0,0,0,0,Respondent,105,9349,201,11770,0,0,1,1,,68,3,0,,55,13,NEITHER,0,0,0,0,0,0,0,0,0,0,0,0,0,0,0,0,0,0,0,0,0,0,0,0,0,0,0,0,0,0,0,0,0,0,0,0,0,0,0,,No,1 - 49,District,0,0,1,0,0,0,0,0,0,0,0,0,0,0,0,0,1,0,0,0,0,7022,154,651,2788,1540,1790,99,,,,Frontier,BUCKS LAKE/CROMBERG/EAST QUINCY/GREENHORN/KEDDIE/LAPORTE/LITTLE GRASS VALLEY/MEADOW VALLEY/QUINCY/SL,106320986,,,,,,
106321016,SENECA HEALTHCARE DISTRICT,130 BRENTWOOD DRIVE,CHESTER,96020,530-258-2151,Yes,01/01/2013,12/31/2013,Open,01/01/1953,01/01/1953,Level IV,NO,1,1,1,6063000500,125,,01 - Northern California,Plumas,230000032,Parent Facility,-121.23421,40.30518,General Acute Care,District,General Medical / Surgical,10,3650,199,751,0,0,0,0,0,0,0,0,0,0,0,0,0,0,0,0,0,0,0,0,0,0,0,0,0,0,0,0,0,0,0,0,0,0,0,0,0,10,3650,199,751,0,0,0,0,0,0,0,0,16,5840,9,,5310,0,0,0,0,0,0,0,0,26,9490,208,6061,0,0,0,0,0,0,0,0,0,10,0,0,0,0,0,0,0,0,0,0,0,0,0,0,0,0,0,0,,,,,,No,Standby,Standby,461,0,926,1,734,0,533,156,274,105,2928,262,3190,2,0,17,No,0,0,0,0,0,0,0,0,0,0,0,0,0,Respondent,0,0,121,5906,0,0,1,1,,0,0,0,,0,0,NEITHER,0,0,0,0,0,0,0,0,0,0,0,0,0,0,0,0,0,0,0,0,0,0,0,0,0,0,0,0,0,0,0,0,0,0,0,0,0,0,0,,No,1 - 49,District,0,0,1,0,1,0,0,0,1,0,0,0,0,0,1,1,0,0,0,0,3190,0,461,927,734,689,379,0,,,,Frontier,BAILEY CREEK/CANYONDAM/CHESTER/EASTSHORE/FOXWOOD/HAMILTON BRANCH/LAKE ALMANOR PENINSULA/LAKE ALMANOR,106321016,,,,,,
106330120,"BETTY FORD CENTER AT EISENHOWER, THE",39000 BOB HOPE DRIVE,RANCHO MIRAGE,92270,760-773-4100,Yes,01/01/2013,12/31/2013,Open,07/05/1983,07/05/1983,,NO,42,28,36,6065044909,129.1,,12 - Inland Counties,Riverside,250000049,Parent Facility,-116.40798,33.76857,Chemical Dependency Recovery Hospital,Non-Profit Corporation (incl. Church-related),Chemical Dependency (Alcohol/Drug),0,0,0,0,0,0,0,0,0,0,0,0,0,0,0,0,0,0,0,0,0,0,0,0,0,0,0,0,0,0,0,0,0,0,0,0,0,0,0,0,0,0,0,0,0,100,36500,1214,25737,0,0,0,0,0,0,0,,0,0,0,0,0,0,0,0,0,100,36500,1214,25737,0,0,0,0,0,0,0,0,0,0,0,0,0,0,0,0,0,0,0,0,0,0,0,0,0,0,0,0,,,,,,No,0,0,0,0,0,0,0,0,0,0,0,0,0,0,0,0,0,0,No,0,0,0,0,0,0,0,0,0,0,0,0,0,Respondent,0,0,0,0,0,0,0,0,,0,0,0,,0,0,NEITHER,0,0,0,0,0,0,0,0,0,0,0,0,0,0,0,0,0,0,0,0,0,0,0,0,0,0,0,0,0,0,0,0,0,0,0,0,0,0,0,,No,100 - 149,Non-Profit Corporation (i,0,0,0,1,0,0,0,0,0,0,0,0,0,0,0,0,1,0,0,0,0,0,0,0,0,0,0,0,,,,Urban,BERMUDA DUNES SOUTH/INDIAN WELLS/LA QUINTA WEST/PALM DESERT/RANCHO MIRAGE CENTRAL AND SOUTH,106330120,,,,,,
106331145,CORONA REGIONAL MEDICAL CENTER-MAGNOLIA,730 MAGNOLIA AVENUE,CORONA,92879,951-737-4343-4880,Yes,01/01/2013,12/31/2013,Open,01/15/1965,01/15/1965,,NO,60,31,42,6065041809,135f,,12 - Inland Counties,Riverside,250000126,Consolidated Facility,-117.5546427,33.8586945,General Acute Care,Investor - Corporation,Psychiatric,0,0,0,0,0,0,0,0,0,0,0,0,0,0,0,0,0,0,0,0,0,0,0,0,0,0,0,0,0,0,0,0,0,0,0,0,0,0,1350,0,0,0,1350,0,0,0,0,0,0,38,14071,276,3644,40,13250,125,49,11840,0,0,0,0,0,0,0,0,78,28671,401,15484,0,0,0,0,0,0,0,0,0,0,0,7,7,0,2,5,7,7,0,0,0,0,0,0,0,0,0,7,,,,,,No,0,0,0,0,0,0,0,0,0,0,0,0,0,0,0,0,0,0,No,0,0,0,0,0,0,0,0,0,0,0,0,0,Respondent,0,0,0,0,0,0,0,0,,0,0,0,,0,0,NEITHER,0,0,0,0,0,0,0,0,0,0,0,0,0,0,0,0,0,0,0,0,0,0,0,0,0,0,0,0,0,0,0,0,0,0,0,0,0,0,0,,No,50 - 99,Investor,0,0,0,1,0,0,0,0,0,0,0,0,0,0,0,0,1,0,0,0,0,0,0,0,0,0,0,0,,,,Urban,CORONA SOUTH/EL CERRITO/TEMESCAL,106331145,,,,,,
106331152,CORONA REGIONAL MEDICAL CENTER-MAIN,800 SOUTH MAIN STREET,CORONA,92882,951-737-4343-4880,Yes,01/01/2013,12/31/2013,Open,03/31/1965,03/31/1965,,NO,60,31,42,6065041600,135d,,12 - Inland Counties,Riverside,250000126,Parent Facility,-117.5668015,33.8733354,General Acute Care,Investor - Corporation,General Medical / Surgical,121,44165,5080,19116,12,4380,1399,3071,5,1825,349,656,18,6570,447,679,3325,4,1460,0,0,0,0,0,0,0,0,0,0,0,0,0,0,0,0,0,0,0,0,0,0,160,58400,7275,26168,0,0,0,0,0,0,0,0,0,0,0,0,0,0,0,0,0,0,0,0,0,160,58400,7275,26168,0,0,0,0,0,0,12,1217,2090,0,0,0,0,0,0,0,0,0,0,0,0,0,0,0,0,0,0,0,,,,,,Yes,Basic,Basic,2120,0,2327,0,13379,0,13219,0,6383,0,37428,5070,42498,19,0,2399,No,0,0,0,0,0,0,0,0,0,0,0,0,0,Respondent,1312,111294,1404,82045,0,0,4,4,Yes,1221,14,2,,0,391,CATH LAB,0,0,0,0,0,0,0,0,1,0,0,0,0,77,0,53,0,130,0,130,0,25,3,11,1,0,0,0,0,0,0,0,15,27,0,1,0,0,213,,No,150 - 199,Investor,1,0,0,0,0,0,0,0,0,0,0,0,0,0,0,0,1,0,0,0,0,42498,2120,2327,13379,13219,6383,5070,,,,Urban,ARLINGTON/CORONA EAST/HOME GARDENS/LA SIERRA/RIVERSIDE SOUTHWEST,106331152,,,,,,
106331164,DESERT REGIONAL MEDICAL CENTER,1150 NORTH INDIAN CANYON DRIVE,PALM SPRINGS,92262,760-323-6511,Yes,01/01/2013,12/31/2013,Open,09/20/1951,09/20/1951,Level II,NO,42,28,36,6065044602,129.4,,12 - Inland Counties,Riverside,250000139,Parent Facility,-116.54549,33.83932,General Acute Care,Investor - Corporation,General Medical / Surgical,238,86870,11851,44262,28,10220,3364,8369,14,5110,678,1759,23,8395,583,1029,8244,8,2920,107,179,1297,0,0,0,0,0,0,0,0,0,0,30,10950,562,0,7683,12,4380,103,1954,353,128845,17248,73568,0,0,0,0,0,0,0,0,34,12410,814,,5752,0,0,0,0,0,0,0,0,387,141255,18062,79320,0,0,0,0,0,0,5,2941,5100,0,0,0,0,0,0,0,0,0,0,0,0,0,0,0,0,0,0,0,,,,,,No,Comprehensive,Comprehensive,1045,6,4492,4,22911,86,16513,1262,8034,8563,52995,9921,62916,28,0,556,No,0,0,0,0,0,0,0,0,0,0,0,0,0,Respondent,4213,637425,1958,185190,0,0,10,10,Yes,3242,203,48,,0,1019,CV SURG,1,0,0,95,63,95,63,158,3,0,0,0,0,900,442,334,85,1234,527,1234,0,136,71,59,30,487,40,0,0,0,14,81,0,0,0,25,0,0,2177,Yes,No,300 - 499,Investor,0,1,0,0,1,0,1,0,0,0,0,0,0,0,1,1,0,0,62916,0,0,0,1051,4496,22997,17775,16597,0,,,,Urban,CATHEDRAL CITY SOUTHEAST/PALM DESERT NORTH/PALM SPRINGS SOUTH/RANCHO MIRAGE NORTH,106331164,,,,,,
106331168,EISENHOWER MEDICAL CENTER,39000 BOB HOPE DRIVE,RANCHO MIRAGE,92270,760-340-3911,Yes,01/01/2013,12/31/2013,Open,12/27/1971,12/27/1971,,NO,42,28,36,6065044909,129.1,,12 - Inland Counties,Riverside,250000142,Parent Facility,-116.40808,33.76418,General Acute Care,Non-Profit Corporation (incl. Church-related),General Medical / Surgical,377,137605,17390,63650,0,0,0,0,6,2190,149,331,64,23360,236,1187,4700,6,2190,0,0,0,0,0,0,0,0,0,0,0,0,0,0,0,0,0,0,23,8395,511,5144,476,173740,18286,73825,0,0,0,0,0,0,165,1768,0,0,0,,0,0,0,0,0,0,0,0,0,476,173740,18451,75593,0,0,0,0,0,0,0,0,0,0,0,165,165,0,10,155,165,159,2,0,0,0,0,3,0,0,1,165,,,,,,No,Basic,Basic,1993,4,7930,13,15516,101,14471,361,13514,13061,53424,13540,66964,41,0,1304,No,0,0,0,0,0,0,0,0,0,0,0,0,0,Respondent,8027,976042,9944,425934,0,2,14,16,Yes,0,0,0,,0,0,CV SURG,2,0,0,212,25,212,25,176,2,0,0,0,0,1001,511,558,158,1559,669,0,0,289,0,0,0,743,24,38,0,7,0,0,362,119,0,0,0,0,1582,Yes,No,300 - 499,Non-Profit Corporation (i,1,0,0,0,0,0,0,0,0,0,0,0,0,0,0,0,1,0,0,0,0,66964,1997,7943,15617,14832,26575,0,,,,Urban,BERMUDA DUNES SOUTH/INDIAN WELLS/LA QUINTA WEST/PALM DESERT/RANCHO MIRAGE CENTRAL AND SOUTH,106331168,,,,,,
106331194,HEMET VALLEY MEDICAL CENTER,1117 EAST DEVONSHIRE,HEMET,92543,951-652-2811-5202,Yes,01/01/2013,12/31/2013,Open,01/01/1946,01/01/1946,,NO,42,23,36,6065043401,132,,12 - Inland Counties,Riverside,250000145,Parent Facility,-116.95958,33.75113,General Acute Care,Investor - Limited Liability Company,General Medical / Surgical,266,97090,8321,33704,12,4380,1314,3118,0,0,0,0,18,6570,401,412,5086,8,2920,173,180,1732,0,0,0,0,0,0,0,0,0,0,0,0,0,0,0,0,0,0,0,304,110960,10209,43640,0,0,0,0,0,0,0,0,113,41245,0,,0,0,0,0,0,0,0,0,0,417,152205,10209,43640,21,794,4806,0,0,0,18,1314,2958,0,0,0,0,0,0,0,0,0,0,0,0,0,0,0,0,0,0,0,,,,,,No,Basic,Basic,570,7,16197,25,16013,257,6865,3532,1631,3650,41276,7471,48747,29,0,852,No,0,0,0,0,0,0,0,0,0,0,0,0,0,Respondent,2441,297356,1318,130420,0,0,6,6,Yes,1311,44,12,,0,524,CATH LAB,0,0,0,0,0,0,0,0,1,0,0,0,0,152,62,336,33,488,95,320,0,0,0,0,0,0,0,0,0,0,0,0,0,0,0,0,0,0,320,,No,300 - 499,Investor,1,0,0,0,0,0,0,0,0,0,0,0,0,0,0,0,1,0,0,0,0,48747,577,16222,16270,10397,5281,0,,,,Urban,EAST HEMET/HEMET/VALLE VISTA,106331194,,,,,,
106331216,JOHN F KENNEDY MEMORIAL HOSPITAL,47-111 MONROE STREET,INDIO,92201,760-347-6191,Yes,01/01/2013,12/31/2013,Open,02/18/1966,02/18/1966,,NO,56,28,36,6065045207,128,,12 - Inland Counties,Riverside,250000155,Parent Facility,-116.23391,33.70677,General Acute Care,Investor - Corporation,General Medical / Surgical,81,29565,4708,15446,26,9490,2327,4422,22,8030,837,1725,16,5840,347,841,3214,0,0,0,0,0,0,0,0,0,0,0,0,0,0,0,11,4015,0,0,0,0,0,0,0,156,56940,8219,24807,0,0,0,0,0,0,0,0,0,0,0,,0,0,0,0,0,0,0,0,0,156,56940,8219,24807,0,0,0,0,0,0,35,2272,3506,0,0,0,0,0,0,0,0,0,0,0,0,0,0,0,0,0,0,0,,,,,,No,Basic,Basic,1298,5,3206,2,12535,23,9618,518,5059,3754,31716,4302,36018,12,0,2173,No,0,0,0,0,0,0,0,0,0,0,0,0,0,Respondent,3016,258465,1658,122100,0,2,5,7,Yes,2271,117,10,,0,770,CATH LAB,0,0,0,0,0,0,0,0,1,0,0,0,0,193,47,41,0,234,47,229,0,0,0,0,0,74,7,0,4,0,0,0,41,6,0,4,0,59,424,Yes,No,150 - 199,Investor,1,0,0,0,0,0,0,0,0,0,0,0,0,0,0,0,1,0,0,0,0,36018,1303,3208,12558,10136,8813,0,,,,Rural,ARABIA/COACHELLA/DESERT BEACH/FLOWING WELLS/INDIO SOUTH/LA QUINTA EAST/MECCA/OASIS/THERMAL,106331216,,,,,,
106331226,VISTA BEHAVIORAL HOSPITAL,5900 BROCKTON AVENUE,RIVERSIDE,92506,951-275-8400-252,Yes,01/01/2013,12/31/2013,Open,10/01/1961,10/01/1961,,NO,61,31,41,6065030700,135c,,12 - Inland Counties,Riverside,250000476,Parent Facility,-117.39574,33.96229,Acute Psychiatric,Investor - Limited Liability Company,Psychiatric,0,0,0,0,0,0,0,0,0,0,0,0,0,0,0,0,0,0,0,0,0,0,0,0,0,0,0,0,0,0,0,0,0,0,0,0,0,0,0,0,0,0,0,0,0,10,3650,346,1797,58,21170,542,3308,0,0,0,,0,0,0,0,0,0,0,0,0,68,24820,888,5105,0,0,0,0,888,5105,0,0,0,0,0,9,9,0,9,0,9,3,1,0,0,0,5,0,0,0,0,9,,,,,,No,0,0,0,0,0,0,0,0,0,0,0,0,0,0,0,0,0,0,No,0,0,0,0,0,0,0,0,0,0,0,0,0,Respondent,0,0,0,0,0,0,0,0,,0,0,0,,0,0,NEITHER,0,0,0,0,0,0,0,0,0,0,0,0,0,0,0,0,0,0,0,0,0,0,0,0,0,0,0,0,0,0,0,0,0,0,0,0,0,0,0,,No,50 - 99,Investor,0,0,0,1,0,0,0,0,0,0,0,0,0,0,0,0,1,0,0,0,0,0,0,0,0,0,0,0,,,,Urban,CASABLANCA/RIVERSIDE CENTRAL,106331226,,,,,,
106331288,PALO VERDE HOSPITAL,250 NORTH FIRST STREET,BLYTHE,92225,760-922-4114,Yes,01/01/2013,12/31/2013,Open,03/20/1946,03/20/1946,,NO,56,28,36,6065046101,126,,12 - Inland Counties,Riverside,250000184,Parent Facility,-114.5956,33.61315,General Acute Care,District,General Medical / Surgical,41,14965,807,3074,6,2190,178,394,0,0,0,0,4,1460,62,0,177,0,0,0,0,0,0,0,0,0,0,0,0,0,0,0,0,0,0,0,0,0,0,0,0,51,18615,1047,3645,0,0,0,0,0,0,0,0,0,0,0,,0,0,0,0,0,0,0,0,0,51,18615,1047,3645,0,0,0,0,0,0,6,149,300,0,0,0,0,0,0,0,0,0,0,0,0,0,0,0,0,0,0,0,,,,,,No,Standby,Standby,238,0,897,0,5276,44,2307,333,564,222,9282,599,9881,6,0,243,No,0,0,0,0,0,0,0,0,0,0,0,0,0,Respondent,446,23820,647,40891,0,0,2,2,Yes,149,0,0,,0,48,NEITHER,0,0,0,0,0,0,0,0,0,0,0,0,0,0,0,0,0,0,0,0,0,0,0,0,0,0,0,0,0,0,0,0,0,0,0,0,0,0,0,,No,50 - 99,District,0,0,1,0,0,0,0,0,0,0,0,0,0,0,0,0,1,0,0,0,0,9881,238,897,5320,2640,786,0,,,,Rural,BLYTHE,106331288,,,,,,
106331293,PARKVIEW COMMUNITY HOSPITAL MEDICAL CENTER,3865 JACKSON STREET,RIVERSIDE,92503,951-688-2211-1597,Yes,01/01/2013,12/31/2013,Open,10/24/1958,10/24/1958,,NO,60,31,41,6065031501,135c,,12 - Inland Counties,Riverside,250000186,Parent Facility,-117.43996,33.92573,General Acute Care,Non-Profit Corporation (incl. Church-related),General Medical / Surgical,125,45625,6457,27883,28,10220,1818,3759,15,5475,296,560,13,4745,180,409,3632,0,0,0,0,0,0,0,0,0,0,0,0,0,0,0,12,4380,216,152,2704,0,0,0,0,193,70445,8967,38538,0,0,0,0,0,0,0,0,0,0,0,0,0,0,0,0,0,0,0,0,0,193,70445,8967,38538,0,0,0,0,0,0,20,1687,2773,0,0,0,0,0,0,0,0,0,0,0,0,0,0,0,0,0,0,0,,,,,,No,Basic,Basic,12713,13,10558,20,4023,5,8805,46,1389,5013,37488,5097,42585,14,0,1090,No,0,0,0,0,0,0,0,0,0,0,0,0,0,Respondent,2776,358020,1575,145380,0,0,7,7,Yes,1858,110,31,,0,675,NEITHER,0,0,0,0,0,0,0,0,0,0,0,0,0,0,0,0,0,0,0,0,0,0,0,0,0,0,0,0,0,0,0,0,0,0,0,0,0,0,0,,No,150 - 199,Non-Profit Corporation (i,1,0,0,0,0,0,0,0,0,0,0,0,0,0,0,0,1,0,0,0,0,42585,12726,10578,4028,8851,6402,0,,,,Urban,CASABLANCA/RIVERSIDE CENTRAL,106331293,,,,,,
106331312,RIVERSIDE COMMUNITY HOSPITAL,4445 MAGNOLIA AVENUE,RIVERSIDE,92501,951-788-3360,Yes,01/01/2013,12/31/2013,Open,01/01/1946,01/01/1946,Level II,NO,61,31,41,6065030300,135a,,12 - Inland Counties,Riverside,250000194,Parent Facility,-117.37997,33.97641,General Acute Care,Investor - Partnership,General Medical / Surgical,252,91980,16748,77001,45,16425,4082,8188,16,5840,462,1032,22,8030,373,2096,7597,18,6570,322,920,6084,0,0,0,0,0,0,0,0,0,0,20,7300,366,117,5163,0,0,0,0,373,136145,22353,105065,0,0,0,0,0,0,0,0,0,0,0,0,0,0,0,0,0,0,0,0,0,373,136145,22353,105065,0,0,0,0,0,0,21,3575,5544,0,0,0,0,0,0,0,0,0,0,0,0,0,0,0,0,0,0,0,,,,,,No,Basic,Basic,3754,7,5877,9,41164,160,18061,253,4451,13281,73307,13710,87017,50,0,831,No,0,0,0,0,0,0,0,0,0,0,0,0,0,Respondent,5057,756409,2696,264005,0,0,9,9,,3932,251,43,,0,1352,CV SURG,2,0,0,287,0,287,0,209,5,0,0,0,0,2733,1909,2082,1297,4815,3206,3166,0,206,83,168,116,1449,183,24,14,0,69,198,968,458,42,82,3,1055,8284,Yes,No,300 - 499,Investor,1,0,0,0,1,0,1,0,0,0,0,0,0,0,1,1,0,0,87017,0,0,0,3761,5886,41324,18314,17732,0,,,,Urban,EASTSIDE/FAIRMONT PARK/RIVERSIDE DOWNTOWN/RUBIDOUX/UNIVERSITY,106331312,,,,,,
106331326,SAN GORGONIO MEMORIAL HOSPITAL,600 HIGHLAND SPRINGS AVENUE,BANNING,92220,951-769-2102,Yes,01/01/2013,12/31/2013,Open,03/13/1951,03/13/1951,,NO,42,23,36,6065044103,134,,12 - Inland Counties,Riverside,250000199,Parent Facility,-116.94678,33.9295,General Acute Care,District,General Medical / Surgical,40,14600,2798,11519,15,5475,434,912,0,0,0,0,16,4640,296,569,1330,0,0,0,0,0,0,0,0,0,0,0,0,0,0,0,0,0,0,0,0,0,0,0,0,71,24715,3528,13761,0,0,0,0,0,0,0,0,0,1920,2,2,28,0,0,0,0,0,0,0,0,71,26635,3530,13789,0,0,0,0,0,0,10,400,744,0,0,0,0,0,0,0,0,0,0,0,0,0,0,0,0,0,0,0,,,,,,No,Basic,Basic,892,0,8203,1,9807,1,9140,654,3944,2876,31986,3532,35518,28,0,266,No,0,0,0,0,0,0,0,0,0,0,0,0,0,Respondent,680,90302,1108,84008,0,0,3,3,,373,6,2,,0,108,NEITHER,0,0,0,0,0,0,0,0,0,0,0,0,0,0,0,0,0,0,0,0,0,0,0,0,0,0,0,0,0,0,0,0,0,0,0,0,0,0,0,,No,50 - 99,District,1,0,0,0,0,0,0,0,0,0,0,0,0,0,0,0,1,0,0,0,0,35518,892,8204,9808,9794,6820,0,,,,Rural,BANNING/BEAUMONT/CABIZON/CALIMESA/CHERRY VALLEY,106331326,,,,,,
106332172,KINDRED HOSPITAL RIVERSIDE,2224 MEDICAL CENTER DRIVE,PERRIS,92571,951-436-3535,Yes,01/01/2013,12/31/2013,Open,05/01/2007,01/10/1977,,NO,61,31,41,6065042603,133.1,,12 - Inland Counties,Riverside,250000234,Parent Facility,-117.22161,33.81241,General Acute Care,Investor - Corporation,General Medical / Surgical,32,11680,355,9597,0,0,0,0,0,0,0,0,8,2920,75,727,2435,0,0,0,0,0,0,0,0,0,0,0,0,0,0,0,0,0,0,0,0,0,0,0,0,40,14600,430,12032,0,0,0,0,0,0,0,0,0,0,0,0,0,0,0,0,0,0,0,0,0,40,14600,430,12032,0,0,0,0,0,0,0,0,0,0,0,0,0,0,0,0,0,0,0,0,0,0,0,0,0,0,0,0,,,,,,No,0,0,0,0,0,0,0,0,0,0,0,0,0,0,0,0,0,0,No,0,0,0,0,0,0,0,0,0,0,0,0,0,Respondent,191,9615,0,0,2,0,0,2,,0,0,0,,0,0,NEITHER,0,0,0,0,0,0,0,0,0,0,0,0,0,0,0,0,0,0,0,0,0,0,0,0,0,0,0,0,0,0,0,0,0,0,0,0,0,0,0,,No,1 - 49,Investor,0,0,0,1,0,0,0,0,0,0,0,0,0,0,0,0,1,0,0,0,0,0,0,0,0,0,0,0,,,,Urban,CANYON LAKE/PERRIS/QUAIL VALLEY/ROMOLAND/SUN CITY/WINCHESTER,106332172,,,,,,
106334001,SOUTHWEST HEALTHCARE SYSTEM-WILDOMAR,36485 INLAND VALLEY,WILDOMAR,92595,951-677-9710,Yes,01/01/2013,12/31/2013,Open,01/14/1987,01/14/1987,Level II,NO,67,28,42,6065043207,131a,,12 - Inland Counties,Riverside,250000262,Consolidated Facility,-117.23699,33.59124,General Acute Care,Investor - Corporation,General Medical / Surgical,104,37960,6857,23912,10,3650,0,0,0,0,0,0,18,6570,284,1012,4488,0,0,0,0,0,0,0,0,0,0,0,0,0,0,0,0,0,0,0,0,0,0,0,0,132,48180,7141,28400,0,0,0,0,0,0,0,0,0,0,0,0,0,0,0,0,0,0,0,0,0,132,48180,7141,28400,0,0,0,0,0,0,0,0,0,0,0,0,0,0,0,0,0,0,0,0,0,0,0,0,0,0,0,0,,,,,,No,Basic,Basic,1528,0,911,0,9343,12,18877,74,2866,5801,33525,5887,39412,36,1528,261,No,0,0,0,0,0,0,0,0,0,0,0,0,0,Respondent,2919,332759,1076,90769,0,0,5,5,Yes,0,0,0,,0,0,NEITHER,0,0,0,0,0,0,0,0,1,0,0,0,0,37,68,41,43,78,111,0,0,53,2,0,0,0,0,0,0,0,0,0,78,52,4,0,0,0,189,Yes,No,100 - 149,Investor,1,0,0,0,1,0,0,1,0,0,0,0,0,0,1,1,0,0,0,39412,0,0,1528,911,9355,18951,8667,0,,,,Urban,LAKE ELSINORE/MURRIETA WEST/SEDCO HILLS/WILDOMAR,106334001,,,,,,
106334018,MENIFEE VALLEY MEDICAL CENTER,28400 MCCALL BOULEVARD,SUN CITY,92585,951-652-2811-7262,Yes,01/01/2013,12/31/2013,Open,06/05/1989,06/05/1989,,NO,7,6,6,6065042722,133.1,,12 - Inland Counties,Riverside,250000338,Parent Facility,-117.15691,33.72146,General Acute Care,Investor - Limited Liability Company,General Medical / Surgical,74,27010,2840,10249,0,0,0,0,0,0,0,0,6,2190,170,172,1530,4,1460,61,70,520,0,0,0,0,0,0,0,0,0,0,0,0,0,0,0,0,0,0,0,84,30660,3071,12299,0,0,0,0,0,0,0,0,0,0,0,0,0,0,0,0,0,0,0,0,0,84,30660,3071,12299,0,0,0,0,0,0,0,0,0,0,0,0,0,0,0,0,0,0,0,0,0,0,0,0,0,0,0,0,,,,,,No,Basic,Basic,371,1,4748,15,5267,116,2811,882,902,1610,14099,2624,16723,12,0,285,No,0,0,0,0,0,0,0,0,0,0,0,0,0,Respondent,685,88315,794,62869,0,0,3,3,,0,0,0,,0,0,NEITHER,0,0,0,0,0,0,0,0,0,0,0,0,0,0,0,0,0,0,0,0,0,0,0,0,0,0,0,0,0,0,0,0,0,0,0,0,0,0,0,,No,50 - 99,Investor,1,0,0,0,0,0,0,0,0,0,0,0,0,0,0,0,1,0,0,0,0,16723,372,4763,5383,3693,2512,0,,,,Urban,CANYON LAKE/PERRIS/QUAIL VALLEY/ROMOLAND/SUN CITY/WINCHESTER,106334018,,,,,,
106334025,KAISER FND HOSP - RIVERSIDE,10800 MAGNOLIA AVENUE,RIVERSIDE,92505,951-353-4600,Yes,01/01/2013,12/31/2013,Open,09/11/1989,09/11/1989,,NO,60,31,41,6065041408,135d,,12 - Inland Counties,Riverside,250000327,Parent Facility,-117.47082,33.9063,General Acute Care,Non-Profit Corporation (incl. Church-related),General Medical / Surgical,133,48545,8373,32547,35,12775,2820,6156,17,6205,217,453,11,4015,216,554,2764,11,4015,215,553,2763,0,0,0,0,0,0,0,0,0,0,19,6935,336,283,3834,0,0,0,0,226,82490,12177,48517,0,0,0,0,0,0,0,0,0,0,0,0,0,0,0,0,0,0,0,0,0,226,82490,12177,48517,0,0,0,0,0,0,6,2630,4475,0,0,0,0,0,0,0,0,0,0,0,0,0,0,0,0,0,0,0,,,,,,Yes,Basic,Basic,221,3,6697,0,21137,1039,5676,2551,652,1187,34383,4780,39163,42,0,285,No,0,0,0,0,0,0,0,0,0,0,0,0,0,Respondent,3250,413255,9758,788490,0,0,7,7,,2933,250,39,,0,949,NEITHER,0,0,0,0,0,0,0,0,0,0,0,0,0,0,0,0,0,0,0,0,0,0,0,0,0,0,0,0,0,0,0,0,0,0,0,0,0,0,0,Yes,No,200 - 299,Non-Profit Corporation (i,1,0,0,0,0,0,0,0,0,0,0,0,0,0,0,0,1,0,0,0,0,39163,224,6697,22176,8227,1839,0,,,,Urban,ARLINGTON/CORONA EAST/HOME GARDENS/LA SIERRA/RIVERSIDE SOUTHWEST,106334025,,,,,,
106334048,KAISER FND HOSPITAL - MORENO VALLEY,27300 IRIS AVENUE,MORENO VALLEY,92555,951-243-2262,Yes,01/01/2013,12/31/2013,Open,10/03/1990,10/03/1990,,NO,61,31,41,6065042605,134,,12 - Inland Counties,Riverside,550000810,Parent Facility,-117.18094,33.89519,General Acute Care,Non-Profit Corporation (incl. Church-related),General Medical / Surgical,43,15695,2387,7334,18,6570,1086,2000,0,0,0,0,5,1825,372,422,1997,5,1825,371,421,1995,0,0,0,0,0,0,0,0,0,0,0,0,0,0,0,0,0,0,0,71,25915,4216,13326,0,0,0,0,0,0,0,0,0,0,0,0,0,0,0,0,0,0,0,0,0,71,25915,4216,13326,0,0,0,0,0,0,12,1002,1558,0,0,0,0,0,0,0,0,0,0,0,0,0,0,0,0,0,0,0,,,,,,No,Basic,Basic,68,1,4146,0,23254,455,3258,1427,303,558,31029,2441,33470,12,0,1312,No,0,0,0,0,0,0,0,0,0,0,0,0,0,Respondent,719,70344,3155,248260,0,0,4,4,,1058,21,1,,0,263,NEITHER,0,0,0,0,0,0,0,0,0,0,0,0,0,0,0,0,0,0,0,0,0,0,0,0,0,0,0,0,0,0,0,0,0,0,0,0,0,0,0,,No,50 - 99,Non-Profit Corporation (i,1,0,0,0,0,0,0,0,0,0,0,0,0,0,0,0,1,0,0,0,0,33470,69,4146,23709,4685,861,0,,,,Rural,BANNING/BEAUMONT/CABIZON/CALIMESA/CHERRY VALLEY,106334048,,,,,,
106334068,SOUTHWEST HEALTHCARE SYSTEM-MURRIETA,25500 MEDICAL CENTER DRIVE,MURRIETA,92562,951-696-6000-6102,Yes,01/01/2013,12/31/2013,Open,02/19/1992,02/19/1992,,NO,67,28,42,6065043206,131a,,12 - Inland Counties,Riverside,250000262,Parent Facility,-117.18488,33.55788,General Acute Care,Investor - Corporation,General Medical / Surgical,79,28835,4542,16618,34,12410,3197,6933,0,0,0,0,7,2555,380,559,1990,0,0,0,0,0,0,0,0,0,0,0,0,0,0,0,0,0,0,0,0,0,0,0,0,120,43800,8119,25541,0,0,0,0,0,0,0,0,0,0,0,0,0,0,0,0,0,0,0,0,0,120,43800,8119,25541,0,0,0,0,0,0,8,2931,5509,0,0,0,0,0,0,0,0,0,0,0,0,0,0,0,0,0,0,0,,,,,,No,Basic,Basic,2148,1,1065,0,10847,9,19195,45,3023,4035,36278,4090,40368,30,2148,387,No,0,0,0,0,0,0,0,0,0,0,0,0,0,Respondent,1685,170608,1320,117960,0,0,4,4,Yes,3163,143,16,,0,916,CATH LAB,0,0,0,0,0,0,0,0,1,0,0,0,0,7,35,1,31,8,66,0,0,60,1,0,0,0,0,0,0,0,0,0,8,4,1,0,0,0,74,Yes,No,100 - 149,Investor,1,0,0,0,0,0,0,0,0,0,0,0,0,0,0,0,1,0,0,0,0,40368,2149,1065,10856,19240,7058,0,,,,Urban,LAKE ELSINORE/MURRIETA WEST/SEDCO HILLS/WILDOMAR,106334068,,,,,,
106334457,OASIS PSYCHIATRIC HEALTH FACILITY,47-915 OASIS STREET,INDIO,92201,760-863-8600,Yes,01/01/2013,12/31/2013,Open,08/04/2014,11/07/1995,,NO,56,28,36,6065045501,128,,12 - Inland Counties,Riverside,M02016056,Parent Facility,-116.22091,33.70085,Psychiatric Health Facility,Investor - Corporation,Psychiatric,0,0,0,0,0,0,0,0,0,0,0,0,0,0,0,0,0,0,0,0,0,0,0,0,0,0,0,0,0,0,0,0,0,0,0,0,0,0,0,0,0,0,0,0,0,0,0,0,0,16,5840,1008,4845,0,0,0,0,0,0,0,0,0,0,0,0,0,16,5840,1008,4845,0,0,0,0,0,0,0,0,0,0,9,0,9,0,9,0,9,0,0,1,0,8,0,0,0,0,0,9,,,,,,No,0,0,0,0,0,0,0,0,0,0,0,0,0,0,0,0,0,0,No,0,0,0,0,0,0,0,0,0,0,0,0,0,Respondent,0,0,0,0,0,0,0,0,,0,0,0,,0,0,NEITHER,0,0,0,0,0,0,0,0,0,0,0,0,0,0,0,0,0,0,0,0,0,0,0,0,0,0,0,0,0,0,0,0,0,0,0,0,0,0,0,,No,1 - 49,Investor,0,0,0,1,0,0,0,0,0,0,0,0,0,0,0,0,1,0,0,0,0,0,0,0,0,0,0,0,,,,Rural,ARABIA/COACHELLA/DESERT BEACH/FLOWING WELLS/INDIO SOUTH/LA QUINTA EAST/MECCA/OASIS/THERMAL,106334457,,,,,,
106334487,RIVERSIDE COUNTY REGIONAL MEDICAL CENTER,26520 CACTUS AVENUE,MORENO VALLEY,92555,951-486-5419,Yes,01/01/2013,12/31/2013,Open,04/01/1998,04/01/1998,Level II & Level II - Ped,YES,61,31,41,6065042605,134,,12 - Inland Counties,Riverside,250000195,Parent Facility,-117.19525,33.91187,General Acute Care,City and/or County,General Medical / Surgical,225,82125,11651,64946,40,14600,2607,7248,21,7665,1127,3023,44,16060,643,2030,11484,0,0,0,0,0,0,0,0,0,0,0,0,0,0,0,32,11680,489,1499,6574,0,0,0,0,362,132130,16517,93275,0,0,0,0,77,28105,4986,24248,0,0,0,,0,0,0,0,0,0,0,0,0,439,160235,21503,117523,0,0,0,0,0,0,35,2005,4427,0,61,0,61,0,56,5,61,9,4,0,3,17,10,1,17,0,0,61,Yes,,,,,No,Basic,Basic,2687,0,18970,13,23104,29,24313,267,2003,9239,71077,9548,80625,40,2687,7160,No,0,0,0,0,0,0,0,0,0,0,0,0,0,Respondent,2552,329597,1347,139476,0,0,10,10,Yes,2306,118,23,,0,652,NEITHER,0,0,0,0,0,0,0,0,0,0,0,0,0,0,0,0,0,0,0,0,0,0,0,0,0,0,0,0,0,0,0,0,0,0,0,0,0,0,0,,No,300 - 499,City and/or County,1,0,0,0,1,0,1,0,0,1,0,0,0,0,1,1,0,0,80625,0,0,0,2687,18983,23133,24580,11242,0,,,,Rural,BANNING/BEAUMONT/CABIZON/CALIMESA/CHERRY VALLEY,106334487,,,,,,
106334564,TEMECULA VALLEY HOSPITAL,31700 TEMECULA PKWY,TEMECULA,92592,951-331-2216,Yes,10/14/2013,12/31/2013,Open,10/09/2013,,,NO,75,28,50,6065043222,131b,,12 - Inland Counties,Riverside,550002434,Parent Facility,-117.1048018,33.4795943,General Acute Care,Investor - Corporation,General Medical / Surgical,120,10080,336,1074,0,0,0,0,0,0,0,0,20,1680,32,5,265,0,0,0,0,0,0,0,0,0,0,0,0,0,0,0,0,0,0,0,0,0,0,0,0,140,11760,368,1339,0,0,0,0,0,0,0,0,0,0,0,0,0,0,0,0,0,0,0,0,0,140,11760,368,1339,0,0,0,0,0,0,0,0,0,0,0,0,0,0,0,0,0,0,0,0,0,0,0,0,0,0,0,0,,,,,,No,Basic,Basic,159,0,95,0,993,0,1881,2,364,345,3492,347,3839,13,159,42,No,0,0,0,0,0,0,0,0,0,0,0,0,0,Respondent,90,9097,3,176,0,0,5,5,Yes,0,0,0,,0,0,CV SURG,1,0,0,0,0,0,0,0,1,0,0,0,0,23,8,8,2,31,10,31,0,1,0,0,0,0,0,0,0,0,0,0,0,9,0,0,0,0,41,,No,100 - 149,Investor,1,0,0,0,0,0,0,0,0,0,0,0,0,0,0,0,1,0,0,0,0,3839,159,95,993,1883,709,0,,,,Urban,FRENCH VALLEY/MURRIETA EAST/TEMECULA/WINCHESTER,106334564,,,,,,
106334589,LOMA LINDA UNIVERSITY MEDICAL CENTER-MURRIETA,28062 BAXTER ROAD,MURRIETA,92563,951-290-4000,Yes,01/01/2013,12/31/2013,Open,04/12/2011,04/12/2011,,NO,67,28,42,6065043213,131b,,12 - Inland Counties,Riverside,550001535,Parent Facility,-117.1624483,33.6122263,General Acute Care,Non-Profit Corporation (incl. Church-related),General Medical / Surgical,80,29200,7267,23113,14,5110,1076,2275,0,0,0,0,12,4380,207,803,3515,0,0,0,0,0,0,0,0,0,0,0,0,0,0,0,0,0,0,0,0,0,0,0,0,106,38690,8550,28903,0,0,0,0,0,0,0,0,0,0,0,,0,0,0,0,0,0,0,0,0,106,38690,8550,28903,0,0,0,0,0,0,14,1035,1897,0,0,0,0,0,0,0,0,0,0,0,0,0,0,0,0,0,0,0,,,,,,No,Basic,Basic,987,3,2106,3,10437,19,12598,286,4414,2089,30542,2400,32942,19,0,1399,No,0,0,0,0,0,0,0,0,0,0,0,0,0,Respondent,2611,345864,1594,120895,0,0,6,6,Yes,1041,27,1,,0,306,CV SURG,2,0,0,128,5,128,5,109,3,0,0,0,0,164,54,926,309,1090,363,1581,0,245,73,17,1,526,123,38,1,0,0,0,292,227,0,19,0,419,3562,,No,100 - 149,Non-Profit Corporation (i,1,0,0,0,0,0,0,0,0,0,0,0,0,0,0,0,1,0,0,0,0,32942,990,2109,10456,12884,6503,0,,,,Urban,FRENCH VALLEY/MURRIETA EAST/TEMECULA/WINCHESTER,106334589,,,,,,
106340913,KAISER FND HOSP - SACRAMENTO,2025 MORSE AVENUE,SACRAMENTO,95825,916-973-6045,Yes,01/01/2013,12/31/2013,Open,05/11/1961,05/11/1961,,NO,8,6,7,6067005601,139d,,02 - Golden Empire,Sacramento,30000052,Parent Facility,-121.39232,38.60197,General Acute Care,Non-Profit Corporation (incl. Church-related),General Medical / Surgical,253,92345,9476,35386,0,0,0,0,0,0,0,0,25,9125,365,2563,7998,9,3285,0,0,0,0,0,0,0,0,0,0,0,0,0,0,0,0,0,0,0,0,0,0,287,104755,9841,43384,0,0,0,0,0,0,0,0,0,0,0,0,0,0,0,0,0,0,0,0,0,287,104755,9841,43384,0,0,0,0,0,0,0,0,0,0,0,0,0,0,0,0,0,0,0,0,0,0,0,0,0,0,0,0,,,,,,Yes,Basic,Basic,28359,2,13276,17,18791,384,15554,3063,1625,2063,77605,5529,83134,36,0,469,No,0,0,0,0,0,0,0,0,0,0,0,0,0,Respondent,3823,806738,7928,900618,0,3,12,15,Yes,2,1,1,,0,1,CATH LAB,0,0,0,0,0,0,0,0,1,0,0,0,0,239,0,259,0,498,0,498,0,0,0,0,0,0,0,0,0,0,0,0,0,0,0,0,0,0,498,,No,200 - 299,Non-Profit Corporation (i,1,0,0,0,0,0,0,0,0,0,0,0,0,0,0,0,1,0,0,0,0,83134,28361,13293,19175,18617,3688,0,,,,Urban,ARCADE/ARDEN/TOWN AND COUNTRY VILLAGE,106340913,,,,,,
106340947,MERCY GENERAL HOSPITAL,4001 J STREET,SACRAMENTO,95819,916-453-4545,Yes,01/01/2013,12/31/2013,Open,01/01/1946,01/01/1946,,NO,6,1,7,6067001500,139i,,02 - Golden Empire,Sacramento,30000062,Parent Facility,-121.45271,38.56955,General Acute Care,Non-Profit Corporation (incl. Church-related),General Medical / Surgical,225,82125,12826,45587,17,6205,2411,5356,0,0,0,0,26,9490,312,2730,10340,6,2190,0,0,0,0,0,0,0,0,0,0,0,0,0,0,0,0,0,0,30,10950,541,7316,304,110960,16090,68599,0,0,0,0,0,0,0,0,38,13870,181,,1730,0,0,0,0,0,0,0,0,342,124830,16271,70329,0,0,0,0,0,0,36,2079,4415,0,0,0,0,0,0,0,0,0,0,0,0,0,0,0,0,0,0,0,,,,,,No,Basic,Basic,2450,0,13693,0,16273,3206,0,4050,0,154,32416,7410,39826,16,0,269,No,0,0,0,0,0,0,0,0,0,0,0,0,0,Respondent,4450,978714,9945,673108,3,8,7,18,Yes,1991,70,0,,0,531,CV SURG,3,0,0,1171,7,1171,7,410,3,0,0,0,0,314,1351,763,190,1077,1541,3465,12,552,256,171,72,0,0,76,0,6,681,715,440,365,0,120,37,487,7455,,No,300 - 499,Non-Profit Corporation (i,1,0,0,0,0,0,0,0,0,0,0,0,0,0,0,0,1,0,0,0,0,39826,2450,13693,19479,4050,154,0,,,,Urban,GREENHAVEN/LAND PARK/MIDTOWN/POCKET/RIVERSIDE/SUTTERVILLE,106340947,,,,,,
106340950,MERCY SAN JUAN HOSPITAL,6501 COYLE AVENUE,CARMICHAEL,95608,916-537-5000,Yes,01/01/2013,12/31/2013,Open,02/03/1967,02/03/1967,Level II,NO,9,6,6,6067008134,139b,,02 - Golden Empire,Sacramento,30000063,Parent Facility,-121.31261,38.66818,General Acute Care,Non-Profit Corporation (incl. Church-related),General Medical / Surgical,248,90520,17464,65213,32,11680,2386,6916,8,2920,1031,1923,45,16425,1084,2921,12660,11,4015,106,458,1726,0,0,0,0,0,0,0,0,0,0,26,9490,355,63,8810,0,0,0,0,370,135050,22426,97248,0,0,0,0,0,0,0,0,0,0,0,,0,0,0,0,0,0,0,0,0,370,135050,22426,97248,0,0,0,0,0,0,60,2010,4191,0,0,0,0,0,0,0,0,0,0,0,0,0,0,0,0,0,0,0,,,,,,No,Basic,Basic,1989,29,8550,43,19981,288,16050,7873,8347,5971,54917,14204,69121,31,0,881,No,0,0,0,0,0,0,0,0,0,0,0,0,0,Respondent,4925,786063,6001,407494,1,5,10,16,Yes,2294,249,97,,0,734,CV SURG,1,0,0,191,0,191,0,81,3,0,0,0,0,491,528,433,292,924,820,843,0,89,32,2,0,300,5,30,5,2,0,0,377,245,0,15,6,95,2046,Yes,No,300 - 499,Non-Profit Corporation (i,1,0,0,0,1,0,1,0,0,0,0,0,0,0,1,1,0,0,69121,0,0,0,2018,8593,20269,23923,14318,0,,,,Urban,CARMICHAEL/FAIR OAKS/GOLD RIVER,106340950,,,,,,
106340951,METHODIST HOSPITAL OF SACRAMENTO,7500 HOSPITAL DRIVE,SACRAMENTO,95823,916-423-3000,Yes,01/01/2013,12/31/2013,Open,10/24/1973,10/24/1973,,NO,22,13,14,6067009606,139h,,02 - Golden Empire,Sacramento,30000064,Parent Facility,-121.41744,38.46416,General Acute Care,Non-Profit Corporation (incl. Church-related),General Medical / Surgical,104,37960,7876,25852,22,8030,1897,4094,0,0,0,0,10,3650,319,1145,4958,10,3650,0,0,0,0,0,0,0,0,0,0,0,0,0,12,4380,166,49,1895,0,0,0,0,158,57670,10258,36799,0,0,0,0,0,0,0,0,171,62415,607,,56686,0,0,0,0,0,0,0,0,329,120085,10865,93485,0,0,0,0,0,0,30,1681,3183,0,0,0,0,0,0,0,0,0,0,0,0,0,0,0,0,0,0,0,,,,,,No,Basic,Basic,225,0,23243,0,22929,0,5119,0,55,0,51571,6557,58128,29,0,496,No,0,0,0,0,0,0,0,0,0,0,0,0,0,Respondent,2206,214898,3677,242593,4,4,0,8,Yes,1814,99,6,,0,549,NEITHER,0,0,0,0,0,0,0,0,0,0,0,0,0,0,0,0,0,0,0,0,0,0,0,0,0,0,0,0,0,0,0,0,0,0,0,0,0,0,0,,No,300 - 499,Non-Profit Corporation (i,1,0,0,0,0,0,0,0,0,0,0,0,0,0,0,0,1,0,0,0,0,58128,225,23243,22929,5119,55,6557,,,,Urban,ELK GROVE/LAGUNA/LAGUNA WEST/LAKESIDE,106340951,,,,,,
106341006,UNIVERSITY OF CALIFORNIA DAVIS MEDICAL CENTER,2315 STOCKTON BOULEVARD,SACRAMENTO,95817,916-734-9608,Yes,01/01/2013,12/31/2013,Open,08/26/1953,08/26/1953,Level I & Level I - Ped,YES,7,6,6,6067001700,139f,,02 - Golden Empire,Sacramento,30000086,Parent Facility,-121.45738,38.55438,General Acute Care,University of California,General Medical / Surgical,341,124465,21388,105403,32,11680,2440,7223,40,14600,3470,12237,118,43070,1689,1741,27469,8,2920,0,71,409,0,0,0,0,0,12,4380,286,0,4232,49,17885,611,520,12155,19,6935,318,5004,619,225935,30202,174132,0,0,0,0,0,0,0,0,0,0,0,,0,0,0,0,0,0,0,0,0,619,225935,30202,174132,0,0,0,0,0,0,10,1546,3370,0,0,0,0,0,0,0,0,0,0,0,0,0,0,0,0,0,0,0,,,,,,No,Comprehensive,Comprehensive,752,21,9107,18,19946,383,13673,5116,1701,9250,45179,14788,59967,65,9711,6443,Yes,0,0,0,0,0,0,0,0,0,0,9,12,21,Respondent,11061,2394630,12562,1256640,0,4,27,31,Yes,1759,225,53,,0,540,CV SURG,3,62,48,248,62,310,110,173,6,37,58,0,0,1016,788,524,570,1577,1416,1361,12,166,28,100,43,574,27,55,1,26,331,303,102,258,24,49,3,27,3490,,No,500+,University of California,0,1,0,0,1,1,0,0,0,1,0,0,0,0,1,1,0,59967,0,0,0,0,773,9125,20329,18789,10951,0,,,1,Urban,FLORIN/FRUITRIDGE/OAK PARK/PARKWAY/SOUTH SACRAMENTO,106341006,,,,,,
106341051,SUTTER GENERAL HOSPITAL,2801 L STREET,SACRAMENTO,95816,916-733-3811,Yes,01/01/2013,12/31/2013,Open,06/19/1987,06/19/1987,,NO,7,6,6,6067001400,139i,,02 - Golden Empire,Sacramento,30000102,Parent Facility,-121.47008,38.57176,General Acute Care,Non-Profit Corporation (incl. Church-related),General Medical / Surgical,282,102930,11344,44274,0,0,0,0,0,0,0,0,24,8760,440,1737,6181,0,0,0,0,0,0,0,0,0,0,0,0,0,0,0,0,0,0,0,0,0,0,0,0,306,111690,11784,50455,0,0,0,0,0,0,0,0,100,0,443,107,31108,0,0,0,0,0,0,0,0,406,111690,12227,81563,0,0,0,0,0,0,0,0,0,0,0,0,0,0,0,0,0,0,0,0,0,0,0,0,0,0,0,0,,,,,,Yes,Basic,Basic,716,1,7321,11,14922,61,14297,1124,7211,5938,44467,7135,51602,28,0,1404,No,0,0,0,0,0,0,0,0,0,0,0,0,0,Respondent,5075,760106,4854,380608,0,4,12,16,Yes,0,0,0,,0,0,NEITHER,0,0,0,0,0,0,0,0,0,0,0,0,0,0,0,0,0,0,0,0,0,0,0,0,0,0,0,0,0,0,0,0,0,0,0,0,0,0,0,,No,300 - 499,Non-Profit Corporation (i,1,0,0,0,0,0,0,0,0,0,0,0,0,0,0,0,1,0,0,0,0,51602,717,7332,14983,15421,13149,0,,,,Urban,GREENHAVEN/LAND PARK/MIDTOWN/POCKET/RIVERSIDE/SUTTERVILLE,106341051,,,,,,
106341052,SUTTER MEMORIAL HOSPITAL,5151 F STREET,SACRAMENTO,95819,916-733-3811,Yes,01/01/2013,12/31/2013,Open,01/01/1946,01/01/1946,,NO,7,6,6,6067000200,139g,,02 - Golden Empire,Sacramento,30000102,Consolidated Facility,-121.43948,38.57071,General Acute Care,Non-Profit Corporation (incl. Church-related),General Medical / Surgical,126,45990,6683,22479,66,24090,6008,13967,61,22265,3578,11319,24,8760,233,1214,5540,16,5840,302,1106,4059,0,0,0,0,0,0,0,0,0,0,55,20075,1012,251,19603,0,0,0,0,348,127020,17816,76967,0,0,0,0,0,0,0,0,0,0,0,,0,0,0,0,0,0,0,0,0,348,127020,17816,76967,0,0,0,0,0,0,45,4764,9668,0,0,0,0,0,0,0,0,0,0,0,0,0,0,0,0,0,0,0,,,,,,Yes,Basic,Basic,293,1,4830,11,10911,80,9038,590,3805,3606,28877,4288,33165,9,0,947,No,0,0,0,0,0,0,0,0,0,0,0,0,0,Respondent,3882,592817,2308,173424,0,0,9,9,Yes,5549,554,120,,0,1983,CV SURG,3,59,0,814,0,873,0,0,5,15,4,40,9,1180,480,1510,546,2745,1039,2901,181,84,97,17,137,562,88,9,11,16,54,0,2038,483,11,26,1,1131,7847,,No,300 - 499,Non-Profit Corporation (i,1,0,0,0,0,0,0,0,0,0,0,0,0,0,0,0,1,0,0,0,0,33165,294,4841,10991,9628,7411,0,,,,Urban,EAST SACRAMENTO/LA RIVIERA/MATHER/RANCHO CORDOVA/ROSEMONT,106341052,,,,,,
106342344,KAISER FND HOSP - SOUTH SACRAMENTO,6600 BRUCEVILLE ROAD,SACRAMENTO,95823,916-688-2000,Yes,01/01/2013,12/31/2013,Open,10/24/1985,10/24/1985,Level II,NO,9,6,6,6067009606,139h,,02 - Golden Empire,Sacramento,30000228,Parent Facility,-121.42409,38.47144,General Acute Care,Non-Profit Corporation (incl. Church-related),General Medical / Surgical,150,54750,9671,31983,29,10585,2580,5280,0,0,0,0,30,10950,344,1881,5199,0,0,0,0,0,0,0,0,0,0,0,0,0,0,0,8,2920,235,21,1184,0,0,0,0,217,79205,12830,43646,0,0,0,0,0,0,0,0,0,0,0,,0,0,0,0,0,0,0,0,0,217,79205,12830,43646,0,0,0,0,0,0,10,2129,3741,0,0,0,0,0,0,0,0,0,0,0,0,0,0,0,0,0,0,0,,,,,,Yes,Basic,Basic,11899,0,22835,22,22283,272,20465,3043,5704,4060,83186,7397,90583,43,0,47,No,0,0,0,0,0,0,0,0,0,0,0,0,0,Respondent,3591,499568,9471,831662,8,8,0,16,,2362,92,9,Yes,1895,467,CATH LAB,0,0,0,0,0,0,0,0,1,0,0,0,0,408,0,236,0,644,0,573,2,0,0,0,0,63,8,1,0,0,0,0,99,0,0,14,0,16,776,,No,200 - 299,Non-Profit Corporation (i,1,0,0,0,1,0,1,0,0,0,0,0,0,0,1,1,0,0,90583,0,0,0,11899,22857,22555,23508,9764,0,,1,,Urban,ELK GROVE/LAGUNA/LAGUNA WEST/LAKESIDE,106342344,,,,,,
106342392,SIERRA VISTA HOSPITAL,8001 BRUCEVILLE ROAD,SACRAMENTO,95823,916-288-0300-333,Yes,01/01/2013,12/31/2013,Open,10/19/1986,10/19/1986,,NO,9,6,6,6067009606,139h,,02 - Golden Empire,Sacramento,30000290,Parent Facility,-121.4182,38.46912,Acute Psychiatric,Investor - Corporation,Psychiatric,0,0,0,0,0,0,0,0,0,0,0,0,0,0,0,0,0,0,0,0,0,0,0,0,0,0,0,0,0,0,0,0,0,0,0,0,0,0,0,0,0,0,0,0,0,0,0,0,0,120,43800,5764,37646,0,0,0,0,0,0,0,0,0,0,0,0,0,120,43800,5764,37646,0,0,0,0,0,0,0,0,0,0,65,0,65,10,55,0,65,7,0,13,0,12,1,28,0,3,1,65,Yes,,,,,Yes,0,0,0,0,0,0,0,0,0,0,0,0,0,0,0,0,0,0,No,0,0,0,0,0,0,0,0,0,0,0,0,0,Respondent,0,0,0,0,0,0,0,0,,0,0,0,,0,0,NEITHER,0,0,0,0,0,0,0,0,0,0,0,0,0,0,0,0,0,0,0,0,0,0,0,0,0,0,0,0,0,0,0,0,0,0,0,0,0,0,0,,No,100 - 149,Investor,0,0,0,1,0,0,0,0,0,0,0,0,0,0,0,0,1,0,0,0,0,0,0,0,0,0,0,0,,,,Urban,ELK GROVE/LAGUNA/LAGUNA WEST/LAKESIDE,106342392,,,,,,
106344011,SACRAMENTO MENTAL HEALTH TREATMENT CENTER,2150 STOCKTON BOULEVARD,SACRAMENTO,95817,916-875-1003,Yes,01/01/2013,12/31/2013,Open,01/29/1988,01/29/1988,,NO,7,6,6,6067001800,139f,,02 - Golden Empire,Sacramento,M01050011,Parent Facility,-121.46059,38.5574,Psychiatric Health Facility,City and/or County,Psychiatric,0,0,0,0,0,0,0,0,0,0,0,0,0,0,0,0,0,0,0,0,0,0,0,0,0,0,0,0,0,0,0,0,0,0,0,0,0,0,0,0,0,0,0,0,0,0,0,0,0,50,18250,1097,16109,0,0,0,0,0,0,0,0,0,0,0,0,0,50,18250,1097,16109,0,0,0,0,0,0,0,0,0,0,40,0,40,0,38,2,40,0,0,0,0,40,0,0,0,0,0,40,,,,,,No,0,0,0,0,0,0,0,0,0,0,0,0,0,0,0,0,0,0,No,0,0,0,0,0,0,0,0,0,0,0,0,0,Respondent,0,0,0,0,0,0,0,0,,0,0,0,,0,0,NEITHER,0,0,0,0,0,0,0,0,0,0,0,0,0,0,0,0,0,0,0,0,0,0,0,0,0,0,0,0,0,0,0,0,0,0,0,0,0,0,0,,No,50 - 99,City and/or County,0,0,0,1,0,0,0,0,0,0,0,0,0,0,0,0,1,0,0,0,0,0,0,0,0,0,0,0,,,,Urban,FLORIN/FRUITRIDGE/OAK PARK/PARKWAY/SOUTH SACRAMENTO,106344011,,,,,,
106344017,SUTTER CENTER FOR PSYCHIATRY,7700 FOLSOM BOULEVARD,SACRAMENTO,95826,916-386-3000,Yes,01/01/2013,12/31/2013,Open,06/24/1988,06/24/1988,,NO,7,6,6,6067005203,139g,,02 - Golden Empire,Sacramento,30000347,Parent Facility,-121.41414,38.55057,Acute Psychiatric,Non-Profit Corporation (incl. Church-related),Psychiatric,0,0,0,0,0,0,0,0,0,0,0,0,0,0,0,0,0,0,0,0,0,0,0,0,0,0,0,0,0,0,0,0,0,0,0,0,0,0,0,0,0,0,0,0,0,0,0,0,0,73,26045,2883,18834,0,0,0,,0,0,0,0,0,0,0,0,0,73,26045,2883,18834,0,0,0,0,0,0,0,0,0,0,14,28,42,4,35,3,42,6,0,9,0,0,8,0,6,0,13,42,Yes,,,,,No,0,0,0,0,0,0,0,0,0,0,0,0,0,0,0,0,0,0,No,0,0,0,0,0,0,0,0,0,0,0,0,0,Respondent,0,0,0,0,0,0,0,0,,0,0,0,,0,0,NEITHER,0,0,0,0,0,0,0,0,0,0,0,0,0,0,0,0,0,0,0,0,0,0,0,0,0,0,0,0,0,0,0,0,0,0,0,0,0,0,0,,No,50 - 99,Non-Profit Corporation (i,0,0,0,1,0,0,0,0,0,0,0,0,0,0,0,0,1,0,0,0,0,0,0,0,0,0,0,0,,,,Urban,EAST SACRAMENTO/LA RIVIERA/MATHER/RANCHO CORDOVA/ROSEMONT,106344017,,,,,,
106344021,HERITAGE OAKS HOSPITAL,4250 AUBURN BLVD.,SACRAMENTO,95841,916-489-3336-1288,Yes,01/01/2013,12/31/2013,Open,12/16/1988,12/16/1988,,NO,7,6,6,6067005901,139d,,02 - Golden Empire,Sacramento,30000357,Parent Facility,-121.36591,38.64305,Acute Psychiatric,Investor - Limited Liability Company,Psychiatric,0,0,0,0,0,0,0,0,0,0,0,0,0,0,0,0,0,0,0,0,0,0,0,0,0,0,0,0,0,0,0,0,0,0,0,0,0,0,0,0,0,0,0,0,0,0,0,0,0,125,45625,4138,37460,0,0,0,0,0,0,0,0,0,0,0,0,0,125,45625,4138,37460,0,0,0,0,0,0,0,0,0,0,98,0,98,11,73,14,98,42,19,17,6,4,1,0,9,0,0,98,Yes,,,,,No,0,0,0,0,0,0,0,0,0,0,0,0,0,0,0,0,0,0,No,0,0,0,0,0,0,0,0,0,0,0,0,0,Respondent,0,0,0,0,0,0,0,0,,0,0,0,,0,0,NEITHER,0,0,0,0,0,0,0,0,0,0,0,0,0,0,0,0,0,0,0,0,0,0,0,0,0,0,0,0,0,0,0,0,0,0,0,0,0,0,0,,No,100 - 149,Investor,0,0,0,1,0,0,0,0,0,0,0,0,0,0,0,0,1,0,0,0,0,0,0,0,0,0,0,0,,,,Urban,ARCADE/ARDEN/TOWN AND COUNTRY VILLAGE,106344021,,,,,,
106344029,MERCY HOSPITAL - FOLSOM,1650 CREEKSIDE DRIVE,FOLSOM,95630,916-983-7400,Yes,01/01/2013,12/31/2013,Open,06/17/1989,06/17/1989,,NO,1,1,1,6067008502,139e,,02 - Golden Empire,Sacramento,30000372,Parent Facility,-121.1428,38.67223,General Acute Care,Non-Profit Corporation (incl. Church-related),General Medical / Surgical,90,32850,4741,14564,8,2920,1034,2390,0,0,0,0,8,2920,231,506,1909,0,0,0,0,0,0,0,0,0,0,0,0,0,0,0,0,0,0,0,0,0,0,0,0,106,38690,6006,18863,0,0,0,0,0,0,0,0,0,0,0,,0,0,0,0,0,0,0,0,0,106,38690,6006,18863,0,0,0,0,0,0,8,945,1989,0,0,0,0,0,0,0,0,0,0,0,0,0,0,0,0,0,0,0,,,,,,No,Basic,Basic,496,2,3891,2,10915,17,10854,239,4875,3907,31031,4167,35198,24,0,150,No,0,0,0,0,0,0,0,0,0,0,0,0,0,Respondent,1421,162973,1575,125284,0,0,4,4,Yes,962,34,5,,0,264,NEITHER,0,0,0,0,0,0,0,0,0,0,0,0,0,0,0,0,0,0,0,0,0,0,0,0,0,0,0,0,0,0,0,0,0,0,0,0,0,0,0,,No,100 - 149,Non-Profit Corporation (i,1,0,0,0,0,0,0,0,0,0,0,0,0,0,0,0,1,0,0,0,0,35198,498,3893,10932,11093,8782,0,,,,Urban,FOLSOM/ORANGEVALE,106344029,,,,,,
106344035,VIBRA HOSPITAL OF SACRAMENTO,330 MONTROSE DRIVE,FOLSOM,95630,916-351-9151,Yes,01/01/2013,12/31/2013,Open,08/31/2013,02/21/1962,,NO,6,1,7,6067008402,139e,,02 - Golden Empire,Sacramento,30000377,Parent Facility,-121.1577854,38.6819654,General Acute Care,Investor - Limited Liability Company,General Medical / Surgical,52,14363,299,10056,0,0,0,0,0,0,0,0,6,2190,33,125,2150,0,0,0,0,0,0,0,0,0,0,0,0,0,0,0,0,0,0,0,0,0,0,0,0,58,16553,332,12206,0,0,0,0,0,0,0,0,0,0,0,,0,0,0,0,0,0,0,0,0,58,16553,332,12206,0,0,0,0,0,0,0,0,0,0,0,0,0,0,0,0,0,0,0,0,0,0,0,0,0,0,0,0,,,,,,No,0,0,0,0,0,0,0,0,0,0,0,0,0,0,0,0,0,0,No,0,0,0,0,0,0,0,0,0,0,0,0,0,Respondent,84,4912,0,0,2,0,0,2,,0,0,0,,0,0,NEITHER,0,0,0,0,0,0,0,0,0,0,0,0,0,0,0,0,0,0,0,0,0,0,0,0,0,0,0,0,0,0,0,0,0,0,0,0,0,0,0,,No,50 - 99,Investor,0,0,0,1,0,0,0,0,0,0,0,0,0,0,0,0,1,0,0,0,0,0,0,0,0,0,0,0,,,,Urban,FOLSOM/ORANGEVALE,106344035,,,,,,
106344114,SHRINERS HOSPITALS FOR CHILDREN NORTHERN CALIF.,2425 STOCKTON BLVD,SACRAMENTO,95817,916-453-2000,Yes,01/01/2013,12/31/2013,Open,04/11/1997,04/11/1997,,NO,7,6,6,6067001700,139f,,02 - Golden Empire,Sacramento,30000620,Parent Facility,-121.4566,38.55359,General Acute Care,Non-Profit Corporation (incl. Church-related),Pediatric,20,7300,745,2490,0,0,0,0,20,7300,0,0,10,2650,0,0,0,0,0,0,0,0,0,0,0,0,0,10,3650,385,0,3288,0,1000,0,0,0,20,7300,27,584,80,29200,1157,6362,0,0,0,0,0,0,0,0,0,0,0,0,0,0,0,0,0,0,0,0,0,80,29200,1157,6362,0,0,0,0,0,0,0,0,0,0,0,0,0,0,0,0,0,0,0,0,0,0,0,0,0,0,0,0,,,,,,No,0,0,0,0,0,0,0,0,0,0,0,0,0,0,0,0,0,0,No,0,0,0,0,0,0,0,0,0,0,0,0,0,Respondent,1150,133641,909,36889,0,0,5,5,Yes,0,0,0,,0,0,NEITHER,0,0,0,0,0,0,0,0,0,0,0,0,0,0,0,0,0,0,0,0,0,0,0,0,0,0,0,0,0,0,0,0,0,0,0,0,0,0,0,,No,50 - 99,Non-Profit Corporation (i,0,0,0,1,0,0,0,0,0,0,0,0,0,0,0,0,1,0,0,0,0,0,0,0,0,0,0,0,,,,Urban,FLORIN/FRUITRIDGE/OAK PARK/PARKWAY/SOUTH SACRAMENTO,106344114,,,,,,
106344170,CRESTWOOD PSYCHIATRIC HEALTH FACILITY-CARMICHAEL,4741 ENGLE ROAD,CARMICHAEL,95608,916-483-8424-30,Yes,01/01/2013,12/31/2013,Open,02/22/2010,02/22/2010,,NO,8,6,7,6067005901,139d,,02 - Golden Empire,Sacramento,M02012042,Parent Facility,-121.354578,38.633286,Psychiatric Health Facility,Investor - Corporation,Psychiatric,0,0,0,0,0,0,0,0,0,0,0,0,0,0,0,0,0,0,0,0,0,0,0,0,0,0,0,0,0,0,0,0,0,0,0,0,0,0,0,0,0,0,0,0,0,0,0,0,0,16,5840,758,5699,0,0,0,,0,0,0,0,0,0,0,0,0,16,5840,758,5699,0,0,0,0,0,0,0,0,0,0,16,0,16,0,11,5,16,0,0,0,16,0,0,0,0,0,0,16,,,,,,No,0,0,0,0,0,0,0,0,0,0,0,0,0,0,0,0,0,0,No,0,0,0,0,0,0,0,0,0,0,0,0,0,Respondent,0,0,0,0,0,0,0,0,,0,0,0,,0,0,NEITHER,0,0,0,0,0,0,0,0,0,0,0,0,0,0,0,0,0,0,0,0,0,0,0,0,0,0,0,0,0,0,0,0,0,0,0,0,0,0,0,,No,1 - 49,Investor,0,0,0,1,0,0,0,0,0,0,0,0,0,0,0,0,1,0,0,0,0,0,0,0,0,0,0,0,,,,Urban,ARCADE/ARDEN/TOWN AND COUNTRY VILLAGE,106344170,,,,,,
106344188,CRESTWOOD PSYCHIATRIC HEALTH FACILITY-SACRAMENTO,"2600 STOCKTON BLVD, STE B",SACRAMENTO,95817,916-520-2785-10660,Yes,01/01/2013,12/31/2013,Open,07/05/2012,,,NO,7,6,6,6067001700,139f,,02 - Golden Empire,Sacramento,M20016048,Parent Facility,-121.4558207,38.5519144,Psychiatric Health Facility,Investor - Corporation,Psychiatric,0,0,0,0,0,0,0,0,0,0,0,0,0,0,0,0,0,0,0,0,0,0,0,0,0,0,0,0,0,0,0,0,0,0,0,0,0,0,0,0,0,0,0,0,0,0,0,0,0,16,5840,553,5653,0,0,0,,0,0,0,0,0,0,0,0,0,16,5840,553,5653,0,0,0,0,0,0,0,0,0,0,553,0,553,0,553,0,553,0,0,0,553,0,0,0,0,0,0,553,Yes,,,,,No,0,0,0,0,0,0,0,0,0,0,0,0,0,0,0,0,0,0,No,0,0,0,0,0,0,0,0,0,0,0,0,0,Respondent,0,0,0,0,0,0,0,0,,0,0,0,,0,0,NEITHER,0,0,0,0,0,0,0,0,0,0,0,0,0,0,0,0,0,0,0,0,0,0,0,0,0,0,0,0,0,0,0,0,0,0,0,0,0,0,0,,No,1 - 49,Investor,0,0,0,1,0,0,0,0,0,0,0,0,0,0,0,0,1,0,0,0,0,0,0,0,0,0,0,0,,,,Urban,FLORIN/FRUITRIDGE/OAK PARK/PARKWAY/SOUTH SACRAMENTO,106344188,,,,,,
106350784,HAZEL HAWKINS MEMORIAL HOSPITAL,911 SUNSET DRIVE,HOLLISTER,95023,831-637-5711,Yes,01/01/2013,12/31/2013,Open,06/29/1962,06/29/1962,,NO,30,12,20,6069000600,140,,08 - Mid-Coast,San Benito,70000004,Parent Facility,-121.38609,36.835,General Acute Care,District,General Medical / Surgical,33,12045,1574,5003,21,6482,473,1121,0,0,0,0,8,2920,238,209,1216,0,0,0,0,0,0,0,0,0,0,0,0,0,0,0,0,0,0,0,0,0,0,0,0,62,21447,2285,7340,0,0,0,0,0,0,0,0,57,20805,155,,18136,0,0,0,0,0,0,0,0,119,42252,2440,25476,0,0,0,0,0,0,23,446,940,0,0,0,0,0,0,0,0,0,0,0,0,0,0,0,0,0,0,0,,,,,,No,Basic,Basic,253,0,6295,59,4749,344,2506,653,1211,503,15014,1559,16573,18,0,141,Yes,0,0,0,0,0,0,0,0,0,0,0,2,2,Respondent,705,76919,1519,79538,1,3,2,6,Yes,447,12,0,,0,170,NEITHER,0,0,0,0,0,0,0,0,0,0,0,0,0,0,0,0,0,0,0,0,0,0,0,0,0,0,0,0,0,0,0,0,0,0,0,0,0,0,0,Yes,No,100 - 149,District,1,0,0,0,0,0,0,0,0,0,0,0,0,0,0,0,1,0,0,0,0,16573,253,6354,5093,3159,1714,0,,,1,Rural,HOLLISTER/PAICINES/PANOCHE/SAN JUAN BAUTISTA,106350784,,,,,,
106361110,BEAR VALLEY COMMUNITY HOSPITAL,41870 GARSTIN DRIVE,BIG BEAR LAKE,92315,909-866-6501-8214,Yes,01/01/2013,12/31/2013,Open,07/05/1974,07/05/1974,,NO,33,23,8,6071011201,146,,12 - Inland Counties,San Bernardino,240000111,Parent Facility,-116.88988,34.24728,General Acute Care,District,General Medical / Surgical,9,3285,163,394,0,0,0,0,0,0,0,0,0,0,0,0,0,0,0,0,0,0,0,0,0,0,0,0,0,0,0,0,0,0,0,0,0,0,0,0,0,9,3285,163,394,0,0,0,0,0,0,0,0,21,7665,15,,6831,0,0,0,0,0,0,0,0,30,10950,178,7225,0,0,0,0,0,0,0,0,0,0,0,0,0,0,0,0,0,0,0,0,0,0,0,0,0,0,0,0,,,,,,No,Standby,Standby,1,0,893,0,2873,5,4416,4,1311,152,9494,161,9655,7,0,245,No,0,0,0,0,0,0,0,0,0,0,0,0,0,Respondent,2,200,186,4630,0,0,1,1,,0,0,0,,0,0,NEITHER,0,0,0,0,0,0,0,0,0,0,0,0,0,0,0,0,0,0,0,0,0,0,0,0,0,0,0,0,0,0,0,0,0,0,0,0,0,0,0,,No,1 - 49,District,0,0,1,0,0,0,0,0,0,0,0,0,0,0,0,0,1,0,0,0,0,9655,1,893,2878,4420,1463,0,,,,Rural,BIG BEAR LAKE/FAWNSKIN/MOORRIDGE/RUNNING SPRINGS/SUGARLOAF,106361110,,,,,,
106361144,CHINO VALLEY MEDICAL CENTER,5451 WALNUT AVENUE,CHINO,91710,909-464-8600,Yes,01/01/2013,12/31/2013,Open,10/01/1972,10/01/1972,,NO,52,20,35,6071000601,151a,,12 - Inland Counties,San Bernardino,240000125,Parent Facility,-117.687,34.02626,General Acute Care,Investor - Corporation,General Medical / Surgical,96,35040,4839,12799,10,3650,0,0,6,2190,0,0,14,5110,295,301,1598,0,0,0,0,0,0,0,0,0,0,0,0,0,0,0,0,0,0,0,0,0,0,0,0,126,45990,5134,14397,0,0,0,0,0,0,0,0,0,0,0,,0,0,0,0,0,0,0,0,0,126,45990,5134,14397,0,0,0,0,0,0,0,0,0,0,0,0,0,0,0,0,0,0,0,0,0,0,0,0,0,0,0,0,,,,,,No,Basic,Basic,126,0,738,0,17367,0,13535,0,2785,5350,34551,5350,39901,14,0,362,No,0,0,0,0,0,0,0,0,0,0,0,0,0,Respondent,808,104986,191,19982,0,0,4,4,,0,0,0,,0,0,CATH LAB,0,0,0,0,0,0,0,0,1,0,0,0,0,164,0,8,0,172,0,73,0,20,7,25,4,0,0,0,0,0,18,17,1,0,0,1,0,7,173,Yes,No,100 - 149,Investor,1,0,0,0,0,0,0,0,0,0,0,0,0,0,0,0,1,0,0,0,0,39901,126,738,17367,13535,8135,0,,,,Urban,CHINO HILLS/CHINO WEST CENTRAL/LOS SERRANOS/SLEEPY HOLLOW,106361144,,,,,,
106361166,MONTCLAIR HOSPITAL MEDICAL CENTER,5000 SAN BERNARDINO STREET,MONTCLAIR,91763,909-625-5411,Yes,01/01/2013,12/31/2013,Open,08/07/1972,08/07/1972,,NO,45,27,30,6071000202,151c,,12 - Inland Counties,San Bernardino,240000141,Parent Facility,-117.69603,34.07774,General Acute Care,Non-Profit Corporation (incl. Church-related),General Medical / Surgical,78,28470,2724,7452,16,5840,772,2522,0,0,0,0,8,2920,239,266,1624,0,0,0,0,0,0,0,0,0,0,0,0,0,0,0,0,0,0,0,0,0,0,0,0,102,37230,3735,11598,0,0,0,0,0,0,0,0,0,0,0,,0,0,0,0,0,0,0,0,0,102,37230,3735,11598,0,0,0,0,0,0,0,769,2125,0,0,0,0,0,0,0,0,0,0,0,0,0,0,0,0,0,0,0,,,,,,No,Basic,Basic,0,0,0,0,0,0,0,0,18272,2692,18272,2692,20964,8,0,434,No,0,0,0,0,0,0,0,0,0,0,0,0,0,Respondent,816,50830,432,21851,0,0,3,3,,774,26,3,,0,303,NEITHER,0,0,0,0,0,0,0,0,0,0,0,0,0,0,0,0,0,0,0,0,0,0,0,0,0,0,0,0,0,0,0,0,0,0,0,0,0,0,0,,No,100 - 149,Non-Profit Corporation (i,1,0,0,0,0,0,0,0,0,0,0,0,0,0,0,0,1,0,0,0,0,20964,0,0,0,0,20964,0,,,,Urban,MONTCLAIR/ONTARIO NORTHWEST/UPLAND SOUTH,106361166,,,,,,
106361223,KAISER FND HOSP - FONTANA,9961 SIERRA AVENUE,FONTANA,92335,909-427-7700,Yes,01/01/2013,12/31/2013,Open,09/01/1954,09/01/1954,,NO,47,20,35,6071003300,151f,,12 - Inland Counties,San Bernardino,240000159,Parent Facility,-117.43549,34.0725,General Acute Care,Non-Profit Corporation (incl. Church-related),General Medical / Surgical,373,120689,13317,49649,72,23152,3345,8312,64,21152,674,3476,94,28790,363,2052,7644,0,0,0,0,0,0,0,0,0,0,0,0,0,0,0,64,20784,243,77,6701,0,0,0,0,667,214567,17942,75782,0,0,0,0,0,0,0,0,0,0,0,,0,0,0,0,0,0,0,0,0,667,214567,17942,75782,20,590,1831,0,0,0,0,3234,5596,0,0,0,0,0,0,0,0,0,0,0,0,0,0,0,0,0,0,0,,,,,,No,Basic,Basic,348,5,15411,0,48455,2021,10796,4793,1010,2382,76020,9201,85221,52,0,2265,No,0,0,0,0,0,0,0,0,0,0,0,0,0,Respondent,5147,796750,10773,1174024,0,0,24,24,Yes,3486,291,63,,0,1085,CATH LAB,0,0,0,0,0,0,0,0,3,0,0,0,0,620,171,439,10,1059,181,1059,0,171,10,0,0,0,0,0,0,0,0,0,0,0,0,0,0,0,1240,,No,500+,Non-Profit Corporation (i,1,0,0,0,0,0,0,0,0,0,0,0,0,0,0,0,1,0,0,0,0,85221,353,15411,50476,15589,3392,0,,,,Urban,BLOOMINGTON/COLTON CENTRAL AND WEST/FONTANA SOUTH/RIALTO SOUTH,106361223,,,,,,
106361245,LOMA LINDA UNIV. MED. CENTER EAST CAMPUS HOSPITAL,25333 BARTON ROAD,LOMA LINDA,92354,909-558-4000,Yes,01/01/2013,12/31/2013,Open,09/19/1972,09/19/1972,,NO,40,23,31,6071007302,151i,,12 - Inland Counties,San Bernardino,240000169,Consolidated Facility,-117.2516,34.0482,General Acute Care,Non-Profit Corporation (incl. Church-related),General Medical / Surgical,65,23725,2420,8973,0,0,0,0,0,0,0,0,8,2920,46,309,947,0,0,0,0,0,0,0,0,0,0,0,0,0,0,0,0,0,0,0,0,61,22265,809,11881,134,48910,3275,21801,0,0,0,0,0,0,0,0,0,0,0,0,0,0,0,0,0,0,0,0,0,134,48910,3275,21801,0,0,0,0,0,0,0,0,0,0,0,0,0,0,0,0,0,0,0,0,0,0,0,0,0,0,0,0,,,,,,No,0,0,0,0,0,0,0,0,0,0,0,0,0,0,0,0,0,0,No,0,0,0,0,0,0,0,0,0,0,0,0,0,Respondent,1305,215676,3629,268007,0,0,5,5,Yes,0,0,0,,0,0,NEITHER,0,0,0,0,0,0,0,0,0,0,0,0,0,0,0,0,0,0,0,0,0,0,0,0,0,0,0,0,0,0,0,0,0,0,0,0,0,0,0,,No,100 - 149,Non-Profit Corporation (i,0,0,0,1,0,0,0,0,0,0,0,0,0,0,0,0,1,0,0,0,0,0,0,0,0,0,0,0,,,,Urban,COLTON SOUTHEAST/GRAND TERRACE/LOMA LINDA/REDLANDS NORTH,106361245,,,,,,
106361246,LOMA LINDA UNIVERSITY MEDICAL CENTER,11234 ANDERSON STREET,LOMA LINDA,92354,909-558-4000,Yes,01/01/2013,12/31/2013,Open,01/01/1946,01/01/1946,Level I & Level I - Ped,YES,40,23,31,6071007301,151i,,12 - Inland Counties,San Bernardino,240000169,Parent Facility,-117.26146,34.05164,General Acute Care,Non-Profit Corporation (incl. Church-related),General Medical / Surgical,302,110230,13925,71707,71,25915,3267,10266,73,26645,5024,16724,189,68985,4088,6336,47041,0,0,0,0,0,0,0,0,0,0,0,0,0,0,0,84,30660,1196,789,26072,0,0,0,0,719,262435,27500,171810,0,0,0,0,0,0,0,0,0,0,0,,0,0,0,0,0,0,0,0,0,719,262435,27500,171810,0,0,0,0,0,0,12,1545,5021,0,0,0,0,0,0,0,0,0,0,0,0,0,0,0,0,0,0,0,,,,,,Yes,Basic,Basic,1410,116,9659,98,19720,5695,10064,756,3413,9472,44266,16137,60403,77,0,4353,Yes,0,0,0,2,0,0,7,0,7,0,2,0,18,Respondent,8462,1672730,8052,696520,0,7,16,23,Yes,2972,347,112,,0,1033,CV SURG,16,166,64,426,35,592,99,243,5,140,127,211,190,701,356,1052,534,2104,1207,2104,168,34,50,57,71,328,37,1,0,22,38,127,0,0,0,33,7,184,3261,Yes,No,500+,Non-Profit Corporation (i,1,0,0,0,1,1,0,0,0,1,0,0,0,0,1,1,0,60403,0,0,0,0,1526,9757,25415,10820,12885,0,,,1,Urban,COLTON SOUTHEAST/GRAND TERRACE/LOMA LINDA/REDLANDS NORTH,106361246,,,,,,
106361266,MOUNTAINS COMMUNITY HOSPITAL,29101 HOSPITAL ROAD,LAKE ARROWHEAD,92352,909-336-3651-3001,Yes,01/01/2013,12/31/2013,Open,10/10/1951,10/10/1951,,NO,33,23,8,6071010900,147,,12 - Inland Counties,San Bernardino,240000176,Parent Facility,-117.16716,34.26583,General Acute Care,District,General Medical / Surgical,17,6205,284,1280,0,0,0,0,0,0,0,0,0,0,0,0,0,0,0,0,0,0,0,0,0,0,0,0,0,0,0,0,0,0,0,0,0,0,0,0,0,17,6205,284,1280,0,0,0,0,0,0,0,0,20,7300,31,,7175,0,0,0,0,0,0,0,0,37,13505,315,8455,0,0,0,0,0,0,0,0,0,0,0,0,0,0,0,0,0,0,0,0,0,0,0,0,0,0,0,0,,,,,,No,Standby,Standby,347,0,1249,0,2177,0,2141,0,495,238,6409,238,6647,6,0,39,No,0,0,0,0,0,0,0,0,0,0,0,0,0,Respondent,26,1630,144,9363,0,0,2,2,,0,0,0,,0,0,NEITHER,0,0,0,0,0,0,0,0,0,0,0,0,0,0,0,0,0,0,0,0,0,0,0,0,0,0,0,0,0,0,0,0,0,0,0,0,0,0,0,,No,1 - 49,District,0,0,1,0,0,0,0,0,0,0,0,0,0,0,0,0,1,0,0,0,0,6647,347,1249,2177,2141,733,0,,,,Rural,BLUE JAY/CRESTLINE/LAKE ARROWHEAD/SKYFOREST/TWIN PEAKS,106361266,,,,,,
106361274,KINDRED HOSPITAL ONTARIO,550 NORTH MONTEREY AVENUE,ONTARIO,91764,909-391-0333,Yes,01/01/2013,12/31/2013,Open,05/25/1951,05/25/1951,,NO,52,20,35,6071001500,151c,,12 - Inland Counties,San Bernardino,240000561,Parent Facility,-117.64364,34.06881,General Acute Care,Investor - Corporation,Other,84,30660,928,24373,0,0,0,0,0,0,0,0,7,2555,152,141,1289,0,0,0,0,0,0,0,0,0,0,0,0,0,0,0,0,0,0,0,0,0,0,0,0,91,33215,1080,25662,0,0,0,0,0,0,0,0,0,0,0,0,0,0,0,0,0,0,0,0,0,91,33215,1080,25662,0,0,0,0,0,0,0,0,0,0,0,0,0,0,0,0,0,0,0,0,0,0,0,0,0,0,0,0,,,,,,No,0,0,0,0,0,0,0,0,0,0,0,0,0,0,0,0,0,0,No,0,0,0,0,0,0,0,0,0,0,0,0,0,Respondent,486,13650,0,0,2,0,0,2,,0,0,0,,0,0,NEITHER,0,0,0,0,0,0,0,0,0,0,0,0,0,0,0,0,0,0,0,0,0,0,0,0,0,0,0,0,0,0,0,0,0,0,0,0,0,0,0,,No,50 - 99,Investor,0,0,0,1,0,0,0,0,0,0,0,0,0,0,0,0,1,0,0,0,0,0,0,0,0,0,0,0,,,,Urban,MONTCLAIR/ONTARIO NORTHWEST/UPLAND SOUTH,106361274,,,,,,
106361308,REDLANDS COMMUNITY HOSPITAL,350 TERRACINA BOULEVARD,REDLANDS,92373,909-335-5501-5515,Yes,01/01/2013,12/31/2013,Open,01/01/1946,01/01/1946,,NO,40,23,31,6071008301,151j,,12 - Inland Counties,San Bernardino,240000191,Parent Facility,-117.2044,34.03699,General Acute Care,Non-Profit Corporation (incl. Church-related),General Medical / Surgical,142,51830,7660,27965,24,8760,2623,6504,0,0,0,0,12,4380,161,710,3379,0,0,0,0,0,0,0,0,0,0,0,0,0,0,0,17,6205,262,81,3571,0,0,0,0,195,71175,10706,41419,0,0,0,0,18,6570,1062,3681,16,5840,562,,3341,0,0,0,0,0,0,0,0,229,83585,12330,48441,0,0,0,0,0,0,0,2377,4723,0,11,0,11,0,10,1,11,2,2,3,1,0,0,0,0,0,3,11,,,,,,No,Basic,Basic,1212,2,10753,7,15398,40,7835,2957,693,2606,35891,5612,41503,22,12027,473,No,0,0,0,0,0,0,0,0,0,0,0,0,0,Respondent,3220,429090,3365,309375,0,0,8,8,Yes,2535,78,15,,0,742,CATH LAB,0,0,0,0,0,0,0,0,1,0,0,0,0,98,0,86,0,184,0,184,0,87,59,31,15,0,0,0,0,0,0,0,0,81,0,0,0,558,1015,Yes,No,200 - 299,Non-Profit Corporation (i,1,0,0,0,0,0,0,0,0,0,0,0,0,0,0,0,1,0,0,0,0,41503,1214,10760,15438,10792,3299,0,,,,Urban,MENTONE/REDLANDS SOUTH/YUCAIPA,106361308,,,,,,
106361318,SAN ANTONIO COMMUNITY HOSPITAL,999 SAN BERNARDINO ROAD,UPLAND,91786,909-985-2811,Yes,01/01/2013,12/31/2013,Open,01/01/1946,01/01/1946,,NO,41,25,31,6071000900,151c,,12 - Inland Counties,San Bernardino,240000196,Parent Facility,-117.63828,34.10056,General Acute Care,Non-Profit Corporation (incl. Church-related),General Medical / Surgical,178,64970,12003,36290,32,11680,2243,5403,25,9125,692,1515,12,4380,314,956,3572,12,4380,280,923,3531,0,0,0,0,0,0,0,0,0,0,20,7300,256,13,3194,0,0,0,0,279,101835,15788,53505,0,0,0,0,0,0,0,0,0,0,0,0,0,0,0,0,0,0,0,0,0,279,101835,15788,53505,0,0,0,0,0,0,28,1911,4123,0,0,0,0,0,0,0,0,0,0,0,0,0,0,0,0,0,0,0,,,,,,No,Basic,Basic,1326,7,10314,10,31598,241,17943,536,5685,9818,66866,10612,77478,31,0,1911,No,0,0,0,0,0,0,0,0,0,0,0,0,0,Respondent,4252,551307,3983,316392,0,0,11,11,Yes,2166,150,30,,0,803,CV SURG,1,0,0,216,10,216,10,183,2,0,0,0,0,459,453,683,44,1142,497,1639,0,153,45,52,18,453,44,0,0,0,59,15,28,4,0,29,0,0,2539,,No,200 - 299,Non-Profit Corporation (i,1,0,0,0,0,0,0,0,0,0,0,0,0,0,0,0,1,0,0,0,0,77478,1333,10324,31839,18479,15503,0,,,,Urban,MONTCLAIR/ONTARIO NORTHWEST/UPLAND SOUTH,106361318,,,,,,
106361323,COMMUNITY HOSPITAL OF SAN BERNARDINO,1805 MEDICAL CENTER DRIVE,SAN BERNARDINO,92411,909-887-6333,Yes,01/01/2013,12/31/2013,Open,04/21/1958,04/21/1958,,NO,40,23,31,6071004202,151g,,12 - Inland Counties,San Bernardino,240000198,Parent Facility,-117.32245,34.13138,General Acute Care,Non-Profit Corporation (incl. Church-related),General Medical / Surgical,119,43435,3688,14365,24,8760,2468,6043,27,9855,812,2489,11,4015,211,666,3135,10,3650,0,0,0,0,0,0,0,0,0,0,0,0,0,9,3285,287,158,2170,0,0,0,0,200,73000,7466,28202,0,0,0,0,59,21535,4054,19334,88,32120,64,,31175,0,0,0,0,0,0,0,0,347,126655,11584,78711,0,0,0,0,0,0,0,1819,3554,0,29,22,51,0,50,1,51,6,1,21,1,18,0,4,0,0,0,51,,,,,,No,Basic,Basic,2949,8,14946,25,22303,53,6856,2119,693,3129,47747,5334,53081,19,0,577,No,0,0,0,0,0,0,0,0,0,0,0,0,0,Respondent,1056,118359,2176,165713,0,0,5,5,Yes,2082,132,16,Yes,1216,866,CATH LAB,0,0,0,0,0,0,0,0,1,0,0,0,0,192,0,13,0,205,0,116,0,12,21,0,0,0,0,0,0,0,0,0,0,0,0,0,0,56,205,,No,300 - 499,Non-Profit Corporation (i,1,0,0,0,0,0,0,0,0,0,0,0,0,0,0,0,1,0,0,0,0,53081,2957,14971,22356,8975,3822,0,,1,,Urban,MUSCOY/SAN BERNARDINO CENTRAL,106361323,,,,,,
106361339,ST. BERNARDINE MEDICAL CENTER,2101 NORTH WATERMAN AVENUE,SAN BERNARDINO,92404,909-883-8711-2937,Yes,01/01/2013,12/31/2013,Open,01/01/1946,01/01/1946,,NO,40,23,31,6071006301,151k,,12 - Inland Counties,San Bernardino,240000206,Parent Facility,-117.27865,34.1341,General Acute Care,Non-Profit Corporation (incl. Church-related),General Medical / Surgical,314,114610,12771,46960,46,16790,2282,5282,0,0,0,0,27,9855,708,3259,12360,20,7300,0,0,0,0,0,0,0,0,0,0,0,0,0,20,7300,264,0,4553,0,0,0,0,427,155855,16025,69155,0,0,0,0,36,13140,0,0,0,0,0,,0,0,0,0,0,0,0,0,0,463,168995,16025,69155,0,0,0,0,0,0,33,1803,3201,0,0,0,0,0,0,0,0,0,0,0,0,0,0,0,0,0,0,0,,,,,,No,Basic,Basic,3712,7,14761,24,27666,177,12320,2776,2530,3997,60989,6981,67970,24,0,172,No,0,0,0,0,0,0,0,0,0,0,0,0,0,Respondent,5717,779596,2818,245961,3,3,7,13,Yes,2063,146,33,,0,610,CV SURG,3,0,15,705,7,705,22,548,5,0,0,0,0,2369,1826,1284,102,3653,1928,3262,0,174,56,64,61,1618,58,124,0,0,37,114,666,291,7,44,0,590,7166,Yes,No,300 - 499,Non-Profit Corporation (i,1,0,0,0,0,0,0,0,0,0,0,0,0,0,0,0,1,0,0,0,0,67970,3719,14785,27843,15096,6527,0,,,,Urban,HIGHLAND/SAN BERNARDINO EAST,106361339,,,,,,
106361343,ST. MARY MEDICAL CENTER - APPLE VALLEY,18300 US HIGHWAY 18,APPLE VALLEY,92307,760-242-2311,Yes,01/01/2013,12/31/2013,Open,11/16/1956,11/16/1956,,NO,33,21,8,6071009716,145.1b,,12 - Inland Counties,San Bernardino,240000207,Parent Facility,-117.26535,34.54053,General Acute Care,Non-Profit Corporation (incl. Church-related),General Medical / Surgical,160,58400,12518,47582,16,5840,2375,4027,8,2920,605,1531,20,7300,524,1388,6750,0,0,0,0,0,0,0,0,0,0,0,0,0,0,0,8,2920,278,0,2945,0,0,0,0,212,77380,16300,62835,0,0,0,0,0,0,0,0,0,0,0,0,0,0,0,0,0,0,0,0,0,212,77380,16300,62835,0,0,0,0,0,0,16,2142,3532,0,0,0,0,0,0,0,0,0,0,0,0,0,0,0,0,0,0,0,,,,,,No,Basic,Basic,4550,8,7698,13,40134,97,13138,8968,2734,1293,68254,10379,78633,34,0,1247,No,0,0,0,0,0,0,0,0,0,0,0,0,0,Respondent,3624,475152,4679,319043,0,4,6,10,Yes,2314,192,41,,0,574,CV SURG,6,0,0,146,508,146,508,132,2,0,0,0,0,923,723,215,156,1138,879,788,0,53,135,9,4,473,18,0,6,0,0,0,311,228,8,9,0,4,2046,,No,200 - 299,Non-Profit Corporation (i,1,0,0,0,0,0,0,0,0,0,0,0,0,0,0,0,1,0,0,0,0,78633,4558,7711,40231,22106,4027,0,,,,Urban,APPLE VALLEY/HESPERIA EAST,106361343,,,,,,
106361370,VICTOR VALLEY GLOBAL MEDICAL CENTER,15248 ELEVENTH STREET,VICTORVILLE,92395,730-245-8691,Yes,01/01/2013,12/31/2013,Open,11/13/1964,11/13/1964,,NO,33,21,8,6071009800,145.1a,,12 - Inland Counties,San Bernardino,240000218,Parent Facility,-117.2925622,34.5281768,General Acute Care,City and/or County,General Medical / Surgical,64,23360,4237,15688,9,3285,1347,2979,16,5840,501,1405,10,3650,69,232,1962,0,0,0,0,0,0,0,0,0,0,0,0,0,0,0,2,730,91,0,136,0,0,0,0,101,36865,6245,22170,0,0,0,0,0,0,0,0,0,0,0,0,0,0,0,0,0,0,0,0,0,101,36865,6245,22170,0,0,0,0,0,0,13,1270,2252,0,0,0,0,0,0,0,0,0,0,0,0,0,0,0,0,0,0,0,,,,,,No,Basic,Basic,1908,5,14175,185,19758,2031,1708,776,259,130,37808,3127,40935,16,1506,0,No,0,0,0,0,0,0,0,0,0,0,0,0,0,Respondent,2083,114780,2923,16340,0,0,5,5,Yes,1270,53,21,,0,0,CATH LAB,0,0,0,0,0,0,0,0,0,0,0,0,0,0,0,0,0,0,0,0,0,0,0,0,0,0,0,0,0,0,0,0,0,0,0,0,0,0,0,,No,100 - 149,City and/or County,1,0,0,0,0,0,0,0,0,0,0,0,0,0,0,0,1,0,0,0,0,40935,1913,14360,21789,2484,389,0,,,,Urban,HESPERIA WEST/MOUNTAIN VIEW ACRES/VICTORVILLE CENTRAL AND SOUTH,106361370,,,,,,
106361458,COLORADO RIVER MEDICAL CENTER,1401 BAILEY AVENUE,NEEDLES,92363,760-326-4531,Yes,01/01/2013,12/31/2013,Open,08/11/1952,08/11/1952,,NO,33,16,8,6071010700,143,,12 - Inland Counties,San Bernardino,240000227,Parent Facility,-114.61818,34.8325,General Acute Care,Non-Profit Corporation (incl. Church-related),General Medical / Surgical,25,9125,503,1536,0,0,0,0,0,0,0,0,0,0,0,0,0,0,0,0,0,0,0,0,0,0,0,0,0,0,0,0,0,0,0,0,0,0,0,0,0,25,9125,503,1536,0,0,0,0,0,0,0,0,0,0,0,,0,0,0,0,0,0,0,0,0,25,9125,503,1536,0,0,0,0,0,0,0,0,0,0,0,0,0,0,0,0,0,0,0,0,0,0,0,0,0,0,0,0,,,,,,No,Standby,Standby,2201,0,1749,0,1680,0,374,0,51,0,6055,470,6525,4,0,0,No,0,0,0,0,0,0,0,0,0,0,0,0,0,Respondent,54,6412,116,3079,0,0,2,2,Yes,0,0,0,,0,0,NEITHER,0,0,0,0,0,0,0,0,0,0,0,0,0,0,0,0,0,0,0,0,0,0,0,0,0,0,0,0,0,0,0,0,0,0,0,0,0,0,0,,No,1 - 49,Non-Profit Corporation (i,0,0,1,0,0,0,0,0,0,0,0,0,0,0,0,0,1,0,0,0,0,6525,2201,1749,1680,374,51,470,,,,Frontier,BIG RIVER/NEEDLES,106361458,,,,,,
106361768,PATTON STATE HOSPITAL,3102 E. HIGHLAND AVENUE,PATTON,92369,909-425-7000-73321,Yes,01/01/2013,12/31/2013,Open,09/29/1975,09/29/1975,,NO,1,1,1,6071007500,151k,,12 - Inland Counties,San Bernardino,170000831,Parent Facility,-117.21957,34.13589,Acute Psychiatric,State,Psychiatric,0,0,0,0,0,0,0,0,0,0,0,0,0,0,0,0,0,0,0,0,0,0,0,0,0,0,0,0,0,0,0,0,0,0,0,0,0,0,0,0,0,0,0,0,0,0,0,0,0,394,143810,1312,156889,0,0,0,,0,893,325945,1124,354696,0,0,0,0,1287,469755,2436,511585,0,0,0,0,0,0,0,0,0,0,443,0,443,0,429,14,443,0,0,0,0,0,0,0,0,0,443,443,,,,,,No,0,0,0,0,0,0,0,0,0,0,0,0,0,0,0,0,0,0,No,0,0,0,0,0,0,0,0,0,0,0,0,0,Respondent,0,0,0,0,0,0,0,0,,0,0,0,,0,0,NEITHER,0,0,0,0,0,0,0,0,0,0,0,0,0,0,0,0,0,0,0,0,0,0,0,0,0,0,0,0,0,0,0,0,0,0,0,0,0,0,0,,Yes,500+,State,0,0,0,1,0,0,0,0,0,0,0,0,0,0,0,0,1,0,0,0,0,0,0,0,0,0,0,0,,,,Urban,HIGHLAND/SAN BERNARDINO EAST,106361768,,,,,,
106362041,HI-DESERT MEDICAL CENTER,6601 WHITE FEATHER ROAD,JOSHUA TREE,92252,760-366-3711,Yes,01/01/2013,12/31/2013,Open,06/11/1971,06/11/1971,,NO,42,16,8,6071010403,144.2,,12 - Inland Counties,San Bernardino,240000231,Parent Facility,-116.27654,34.13323,General Acute Care,District,General Medical / Surgical,55,20075,2434,7789,0,0,0,0,0,0,0,0,4,1460,132,258,870,0,0,0,0,0,0,0,0,0,0,0,0,0,0,0,0,0,0,0,0,0,0,0,0,59,21535,2566,8659,0,0,0,0,0,0,0,0,120,43800,477,0,39850,0,0,0,0,0,0,0,0,179,65335,3043,48509,0,0,0,0,0,0,7,474,604,8,0,0,0,0,0,0,0,0,0,0,0,0,0,0,0,0,0,0,,,,,,No,Basic,Basic,192,2,2392,7,11189,148,3766,442,5140,1894,22679,2493,25172,15,0,63,No,0,0,0,0,0,0,0,0,0,0,0,0,0,Respondent,533,46783,2329,76526,0,2,3,5,Yes,474,15,0,,0,0,NEITHER,0,0,0,0,0,0,0,0,0,0,0,0,0,0,0,0,0,0,0,0,0,0,0,0,0,0,0,0,0,0,0,0,0,0,0,0,0,0,0,,No,150 - 199,District,1,0,0,0,0,0,0,0,0,0,0,0,0,0,0,0,1,0,0,0,0,25172,194,2399,11337,4208,7034,0,,,,Rural,JOSHUA TREE/LANDERS/MORONGO VALLEY/RIMROCK/YUCCA VALLEY,106362041,,,,,,
106364014,LOMA LINDA UNIVERSITY BEHAVIORAL MEDICINE CENTER,1710 BARTON ROAD,REDLANDS,92373,909-558-9204,Yes,01/01/2013,12/31/2013,Open,01/16/1988,01/16/1988,,NO,40,23,31,6071007800,151i,,12 - Inland Counties,San Bernardino,240000281,Parent Facility,-117.20228,34.0468,Acute Psychiatric,Non-Profit Corporation (incl. Church-related),Psychiatric,0,0,0,0,0,0,0,0,0,0,0,0,0,0,0,0,0,0,0,0,0,0,0,0,0,0,0,0,0,0,0,0,0,0,0,0,0,0,0,0,0,0,0,0,0,0,0,0,0,89,32485,3598,22099,0,0,0,,0,0,0,0,0,0,0,0,0,89,32485,3598,22099,0,0,0,18,660,4342,0,0,0,0,45,0,45,17,23,5,45,3,8,7,11,3,13,0,0,0,0,45,,,,,,No,0,0,0,0,0,0,0,0,0,0,0,0,0,0,0,0,0,0,No,0,0,0,0,0,0,0,0,0,0,0,0,0,Respondent,0,0,0,0,0,0,0,0,,0,0,0,,0,0,NEITHER,0,0,0,0,0,0,0,0,0,0,0,0,0,0,0,0,0,0,0,0,0,0,0,0,0,0,0,0,0,0,0,0,0,0,0,0,0,0,0,,No,50 - 99,Non-Profit Corporation (i,0,0,0,1,0,0,0,0,0,0,0,0,0,0,0,0,1,0,0,0,0,0,0,0,0,0,0,0,,,,Urban,COLTON SOUTHEAST/GRAND TERRACE/LOMA LINDA/REDLANDS NORTH,106364014,,,,,,
106364050,CANYON RIDGE HOSPITAL,5353 G STREET,CHINO,91710,909-590-4013,Yes,01/01/2013,12/31/2013,Open,01/11/1990,01/11/1990,,NO,52,20,35,6071000500,151a,,12 - Inland Counties,San Bernardino,240000357,Parent Facility,-117.68789,34.00985,Acute Psychiatric,Investor - Corporation,Psychiatric,0,0,0,0,0,0,0,0,0,0,0,0,0,0,0,0,0,0,0,0,0,0,0,0,0,0,0,0,0,0,0,0,0,0,0,0,0,0,0,0,0,0,0,0,0,0,0,0,0,106,38690,5578,30921,0,0,0,0,0,0,0,0,0,0,0,0,0,106,38690,5578,30921,0,0,0,0,0,0,0,0,0,0,73,0,73,9,64,0,73,21,0,0,9,3,0,40,0,0,0,73,Yes,,,,,No,0,0,0,0,0,0,0,0,0,0,0,0,0,0,0,0,0,0,No,0,0,0,0,0,0,0,0,0,0,0,0,0,Respondent,0,0,0,0,0,0,0,0,,0,0,0,,0,0,NEITHER,0,0,0,0,0,0,0,0,0,0,0,0,0,0,0,0,0,0,0,0,0,0,0,0,0,0,0,0,0,0,0,0,0,0,0,0,0,0,0,,No,100 - 149,Investor,0,0,0,1,0,0,0,0,0,0,0,0,0,0,0,0,1,0,0,0,0,0,0,0,0,0,0,0,,,,Urban,CHINO HILLS/CHINO WEST CENTRAL/LOS SERRANOS/SLEEPY HOLLOW,106364050,,,,,,
106364121,BALLARD REHABILITATION HOSP,1760 WEST 16TH STREET,SAN BERNARDINO,92411,909-473-1275,Yes,01/01/2013,12/31/2013,Open,07/15/1993,07/15/1993,,NO,47,20,31,6071004201,151g,,12 - Inland Counties,San Bernardino,240000502,Parent Facility,-117.3261,34.12843,General Acute Care,Investor - Limited Liability Company,Physical Rehabilitation,0,0,0,0,0,0,0,0,0,0,0,0,0,0,0,0,0,0,0,0,0,0,0,0,0,0,0,0,0,0,0,0,0,0,0,0,0,60,21900,1123,14966,60,21900,1123,14966,0,0,0,0,0,0,0,0,0,0,0,,0,0,0,0,0,0,0,0,0,60,21900,1123,14966,0,0,0,0,0,0,0,0,0,0,0,0,0,0,0,0,0,0,0,0,0,0,0,0,0,0,0,0,,,,,,No,0,0,0,0,0,0,0,0,0,0,0,0,0,0,0,0,0,0,No,0,0,0,0,0,0,0,0,0,0,0,0,0,Respondent,0,0,0,0,0,0,0,0,,0,0,0,,0,0,NEITHER,0,0,0,0,0,0,0,0,0,0,0,0,0,0,0,0,0,0,0,0,0,0,0,0,0,0,0,0,0,0,0,0,0,0,0,0,0,0,0,,No,50 - 99,Investor,0,0,0,1,0,0,0,0,0,0,0,0,0,0,0,0,1,0,0,0,0,0,0,0,0,0,0,0,,,,Urban,MUSCOY/SAN BERNARDINO CENTRAL,106364121,,,,,,
106364144,DESERT VALLEY HOSPITAL,16850 BEAR VALLEY ROAD,VICTORVILLE,92395,760-241-8000,Yes,01/01/2013,12/31/2013,Open,08/31/1994,08/31/1994,,NO,33,21,8,6071010003,145.1a,,12 - Inland Counties,San Bernardino,240000562,Parent Facility,-117.29778,34.47093,General Acute Care,Investor - Corporation,General Medical / Surgical,130,47450,8963,28380,0,0,0,0,0,0,0,0,18,6570,319,849,3426,0,0,0,0,0,0,0,0,0,0,0,0,0,0,0,0,0,0,0,0,0,0,0,0,148,54020,9282,31806,0,0,0,0,0,0,0,0,0,0,0,,0,0,0,0,0,0,0,0,0,148,54020,9282,31806,0,0,0,0,0,0,0,0,0,0,0,0,0,0,0,0,0,0,0,0,0,0,0,0,0,0,0,0,,,,,,No,Basic,Basic,0,0,0,0,0,0,0,0,31407,8219,31407,8219,39626,21,8219,31407,No,0,0,0,0,0,0,0,0,0,0,0,0,0,Respondent,1419,104807,562,30064,0,0,6,6,,808,37,1,,0,281,CV SURG,1,0,0,39,0,39,0,39,2,0,0,0,0,401,0,125,0,526,0,526,0,88,21,32,14,212,53,4,39,0,0,7,113,25,20,35,0,0,1189,Yes,No,100 - 149,Investor,1,0,0,0,0,0,0,0,0,0,0,0,0,0,0,0,1,0,0,0,0,39626,0,0,0,0,39626,0,,,,Urban,HESPERIA WEST/MOUNTAIN VIEW ACRES/VICTORVILLE CENTRAL AND SOUTH,106364144,,,,,,
106364188,KINDRED HOSPITAL RANCHO,10841 WHITE OAK AVENUE,RANCHO CUCAMONGA,91730,909-581-6400-6410,Yes,01/01/2013,12/31/2013,Open,12/21/2005,06/06/1996,,NO,40,23,31,6071002100,151b,,12 - Inland Counties,San Bernardino,240000652,Parent Facility,-117.56601,34.10461,General Acute Care,Investor - Limited Liability Company,General Medical / Surgical,47,17155,674,14720,0,0,0,0,0,0,0,0,8,2920,87,241,2572,0,0,0,0,0,0,0,0,0,0,0,0,0,0,0,0,0,0,0,0,0,0,0,0,55,20075,761,17292,0,0,0,0,0,0,0,0,0,0,0,,0,0,0,0,0,0,0,0,0,55,20075,761,17292,0,0,0,0,0,0,0,0,0,0,0,0,0,0,0,0,0,0,0,0,0,0,0,0,0,0,0,0,,,,,,No,0,0,0,0,0,0,0,0,0,0,0,0,0,0,0,0,0,0,No,0,0,0,0,0,0,0,0,0,0,0,0,0,Respondent,342,25728,709,15519,0,0,4,4,,0,0,0,,0,0,NEITHER,0,0,0,0,0,0,0,0,0,0,0,0,0,0,0,0,0,0,0,0,0,0,0,0,0,0,0,0,0,0,0,0,0,0,0,0,0,0,0,,No,50 - 99,Investor,0,0,0,1,0,0,0,0,0,0,0,0,0,0,0,0,1,0,0,0,0,0,0,0,0,0,0,0,,,,Urban,ONTARIO NORTHEAST/RANCHO CUCAMONGA SOUTH,106364188,,,,,,
106364231,ARROWHEAD REGIONAL MEDICAL CENTER,400 N. PEPPER AVENUE,COLTON,92324-1816,909-580-6150,Yes,01/01/2013,12/31/2013,Open,03/30/1999,03/30/1999,Level II,YES,47,20,31,6071003601,151f,,12 - Inland Counties,San Bernardino,240000197,Parent Facility,-117.3527761,34.07163215,General Acute Care,City and/or County,General Medical / Surgical,227,82855,14348,81064,24,8760,2391,7977,23,8395,3412,7381,48,17520,1581,1611,8058,0,0,0,0,0,0,0,0,0,0,14,5110,287,0,905,30,10950,294,0,5078,0,0,0,0,366,133590,22313,110463,0,0,0,0,90,32850,4120,20775,0,0,0,,0,0,0,0,0,0,0,0,0,456,166440,26433,131238,0,0,0,0,0,0,30,2094,4651,0,54,0,54,0,53,1,54,7,1,9,12,4,0,4,0,0,17,54,Yes,,,,,No,Basic,Basic,18231,482,20024,198,35696,1267,14172,4350,3340,12023,91463,18320,109783,43,0,2398,No,0,0,0,0,0,0,0,0,0,0,0,0,0,Respondent,6167,646905,4616,337509,0,0,22,22,,2482,163,44,,0,728,CATH LAB,0,0,0,0,0,0,0,0,1,0,0,0,0,285,0,7,0,292,0,292,0,0,0,0,0,0,0,0,0,0,0,0,0,0,0,0,0,0,292,,No,300 - 499,City and/or County,1,0,0,0,1,0,1,0,0,0,0,0,0,0,1,1,0,0,109783,0,0,0,18713,20222,36963,18522,15363,0,,,,Urban,BLOOMINGTON/COLTON CENTRAL AND WEST/FONTANA SOUTH/RIALTO SOUTH,106364231,,,,,,
106364265,KAISER ONTARIO MEDICAL CENTER CAMPUS,2295 S. VINEYARD AVENUE,ONTARIO,91761,909-724-2900,Yes,01/01/2013,12/31/2013,Open,10/26/2011,,,NO,52,20,35,6071001803,151l,,12 - Inland Counties,San Bernardino,240000159,Consolidated Facility,-117.61094,34.03275,General Acute Care,Non-Profit Corporation (incl. Church-related),General Medical / Surgical,120,43800,7221,26002,28,10220,1889,4085,0,0,0,0,20,7300,165,850,3422,0,0,0,0,0,0,0,0,0,0,0,0,0,0,0,8,2920,174,84,2488,0,0,0,0,176,64240,9449,35997,0,0,0,0,0,0,0,0,0,0,0,,0,0,0,0,0,0,0,0,0,176,64240,9449,35997,0,0,0,0,0,0,0,1726,2909,0,0,0,0,0,0,0,0,0,0,0,0,0,0,0,0,0,0,0,,,,,,No,Basic,Basic,96,1,4131,0,29546,712,6992,2443,810,1659,41575,4815,46390,37,0,992,No,0,0,0,0,0,0,0,0,0,0,0,0,0,Respondent,1605,160798,3534,350921,0,8,4,12,Yes,1910,130,18,,0,593,NEITHER,0,0,0,0,0,0,0,0,0,0,0,0,0,0,0,0,0,0,0,0,0,0,0,0,0,0,0,0,0,0,0,0,0,0,0,0,0,0,0,,No,150 - 199,Non-Profit Corporation (i,1,0,0,0,0,0,0,0,0,0,0,0,0,0,0,0,1,0,0,0,0,46390,97,4131,30258,9435,2469,0,,,,Urban,CHINO NORTHEAST/FONTANA SOUTHWEST/ONTARIO SOUTH,106364265,,,,,,
106364268,LOMA LINDA UNIVERSITY HEART AND SURGICAL HOSPITAL,26780 BARTON ROAD,REDLANDS,92373,909-558-4000,Yes,01/01/2013,12/31/2013,Open,01/02/2009,01/02/2009,,NO,40,23,31,6071007800,151i,,12 - Inland Counties,San Bernardino,240000169,Consolidated Facility,-117.221174,34.0482716,General Acute Care,Non-Profit Corporation (incl. Church-related),General Medical / Surgical,24,8760,1150,2834,0,0,0,0,0,0,0,0,4,1460,1,0,28,0,0,0,0,0,0,0,0,0,0,0,0,0,0,0,0,0,0,0,0,0,0,0,0,28,10220,1151,2862,0,0,0,0,0,0,0,0,0,0,0,0,0,0,0,0,0,0,0,0,0,28,10220,1151,2862,0,0,0,0,0,0,0,0,0,0,0,0,0,0,0,0,0,0,0,0,0,0,0,0,0,0,0,0,,,,,,No,0,0,0,0,0,0,0,0,0,0,0,0,0,0,0,0,0,0,No,0,0,0,0,0,0,0,0,0,0,0,0,0,Respondent,1108,277428,2590,314341,0,0,6,6,Yes,0,0,0,,0,0,CV SURG,0,0,0,0,0,0,0,0,2,0,0,0,0,0,0,180,133,180,133,180,132,0,0,0,0,1,0,0,0,0,0,0,0,0,0,0,0,0,313,,No,1 - 49,Non-Profit Corporation (i,0,0,0,1,0,0,0,0,0,0,0,0,0,0,0,0,1,0,0,0,0,0,0,0,0,0,0,0,,,,Urban,COLTON SOUTHEAST/GRAND TERRACE/LOMA LINDA/REDLANDS NORTH,106364268,,,,,,
106364430,BARSTOW COMMUNITY HOSPITAL,820 EAST MOUNTAIN VIEW ST,BARSTOW,92311,760-957-3221,Yes,01/01/2013,12/31/2013,Open,10/13/2012,,,NO,33,16,8,6071009500,149,,12 - Inland Counties,San Bernardino,240000110,Parent Facility,-117.0168841,34.8935263,General Acute Care,Investor - Corporation,General Medical / Surgical,20,7300,1887,4836,6,2190,354,721,0,0,0,0,0,0,0,0,0,0,0,0,0,0,0,0,0,0,0,0,0,0,0,0,4,1460,175,205,1421,0,0,0,0,30,10950,2416,6978,0,0,0,0,0,0,0,0,0,0,0,,0,0,0,0,0,0,0,0,0,30,10950,2416,6978,0,0,0,0,0,0,6,354,669,0,0,0,0,0,0,0,0,0,0,0,0,0,0,0,0,0,0,0,,,,,,No,Basic,Basic,513,0,4079,7,13353,115,3500,592,1131,1110,22576,1824,24400,16,0,705,No,0,0,0,0,0,0,0,0,0,0,0,0,0,Respondent,529,60043,541,37467,0,0,2,2,,354,19,2,,0,123,NEITHER,0,0,0,0,0,0,0,0,0,0,0,0,0,0,0,0,0,0,0,0,0,0,0,0,0,0,0,0,0,0,0,0,0,0,0,0,0,0,0,,No,1 - 49,Investor,1,0,0,0,0,0,0,0,0,0,0,0,0,0,0,0,1,0,0,0,0,24400,513,4086,13468,4092,2241,0,,,,Rural,BARSTOW/DAGGETT/LENWOOD/NEBO CENTER/ORO GRANDE/YERMO,106364430,,,,,,
106370652,ALVARADO HOSPITAL MEDICAL CENTER,6655 ALVARADO ROAD,SAN DIEGO,92120-5298,619-229-3200,Yes,01/01/2013,12/31/2013,Open,08/11/1972,08/11/1972,,NO,79,39,53,6073002904,161e,,14 - San Diego/Imperial,San Diego,90000013,Parent Facility,-117.05683,32.77708,General Acute Care,Investor - Corporation,General Medical / Surgical,198,72270,5153,19194,0,0,0,0,0,0,0,0,18,6570,220,1480,4029,10,3650,82,450,1028,0,0,0,0,0,0,0,0,0,0,0,0,0,0,0,0,0,0,0,226,82490,5455,24251,0,0,0,0,0,0,0,0,0,0,0,,0,0,0,0,0,0,0,0,0,226,82490,5455,24251,0,0,0,0,0,0,0,0,0,0,0,0,0,0,0,0,0,0,0,0,0,0,0,0,0,0,0,0,,,,,,No,Basic,Basic,571,0,603,0,9567,13,8003,72,923,4467,19667,4552,24219,16,0,1096,Yes,0,94,59,91,55,54,71,61,109,56,25,14,689,Respondent,1783,293820,1111,118620,0,0,8,8,,0,0,0,,0,0,CV SURG,1,0,0,50,0,50,0,0,3,0,0,0,0,544,72,456,22,1000,94,733,0,76,27,13,7,353,38,11,0,2,15,19,73,55,0,15,2,22,1461,,No,200 - 299,Investor,1,0,0,0,0,0,0,0,0,0,0,0,0,0,0,0,1,0,0,0,0,24219,571,603,9580,8075,5390,0,,,1,Urban,COLLEGE HEIGHTS/HILLCREST SOUTHEAST/KENSINGTON/ROLANDO NORTH/UNIVERSITY HEIGHTS,106370652,,,,,,
106370658,SCRIPPS MERCY HOSPITAL - CHULA VISTA,435 H STREET,CHULA VISTA,91910,619-260-7101,Yes,01/01/2013,12/31/2013,Open,10/01/2004,01/08/1964,,NO,80,40,51,6073012700,161k,,14 - San Diego/Imperial,San Diego,90000074,Consolidated Facility,-117.08282,32.63289,General Acute Care,Non-Profit Corporation (incl. Church-related),General Medical / Surgical,119,43435,7687,33193,30,10950,1894,4122,0,0,0,0,24,8760,695,1492,7423,0,0,0,0,0,0,0,0,0,0,0,0,0,0,0,10,3650,283,59,1580,0,0,0,0,183,66795,10559,46318,0,0,0,0,0,0,0,0,0,0,0,,0,0,0,0,0,0,0,0,0,183,66795,10559,46318,0,0,0,0,0,0,30,1527,2579,0,0,0,0,0,0,0,0,0,0,0,0,0,0,0,0,0,0,0,,,,,,No,Basic,Basic,140,1,4142,18,27147,1157,9328,4537,823,1714,41580,7427,49007,24,0,274,Yes,39,70,18,12,10,7,8,3,8,13,9,31,228,Respondent,1908,244328,1601,137022,0,0,4,4,Yes,1781,89,12,,0,514,CATH LAB,0,0,0,0,0,0,0,0,1,0,1,0,0,266,121,172,7,438,129,540,0,66,22,38,31,94,4,0,7,0,0,0,131,1,0,9,0,21,964,,No,150 - 199,Non-Profit Corporation (i,1,0,0,0,0,0,0,0,0,0,0,0,0,0,0,0,1,0,0,0,0,49007,141,4160,28304,13865,2537,0,,,1,Urban,CHULA VISTA CENTRAL AND NORTHWEST/NATIONAL CITY WEST,106370658,,,,,,
106370673,RADY CHILDRENS HOSPITAL - SAN DIEGO,3020 CHILDRENS WAY,SAN DIEGO,92123,858-576-1700,Yes,01/01/2013,12/31/2013,Open,08/18/1954,08/18/1954,Level II - Pediatric,NO,79,39,53,6073008702,161b,,14 - San Diego/Imperial,San Diego,80000028,Parent Facility,-117.15077,32.79678,General Acute Care,Non-Profit Corporation (incl. Church-related),Pediatric,271,98915,13757,45871,0,0,0,0,0,0,0,0,54,19710,1400,0,13510,0,0,0,0,0,0,0,0,0,0,0,0,0,0,0,116,42340,1995,0,22884,12,4380,43,874,453,165345,17195,83139,0,0,0,0,24,6601,690,3937,43,15695,35,,13729,0,0,0,0,0,0,0,0,520,187641,17920,100805,0,0,0,0,0,0,0,0,0,0,11,0,11,11,0,0,11,0,0,0,0,10,1,0,0,0,0,11,,,,,,No,Basic,Basic,11936,7,59714,34,22908,38,7401,26,6993,6555,108952,6660,115612,35,0,0,No,0,0,0,0,0,0,0,0,0,0,0,0,0,Respondent,6187,804720,14782,1131810,0,0,16,16,Yes,0,0,0,,0,0,CV SURG,1,13,21,0,0,13,21,13,1,217,207,125,68,0,0,0,0,342,275,0,0,11,10,0,0,89,0,0,0,0,406,0,0,59,19,0,0,23,617,,No,500+,Non-Profit Corporation (i,1,0,0,0,0,0,0,0,0,1,0,1,0,0,1,1,0,0,115612,0,0,0,11943,59748,22946,7427,13548,0,,,,Urban,BAY PARK/FIVE POINTS/HILLCREST NORTHWEST/MISSION HILLS/MISSION VALLEY/MORENA/NORMAL HEIGHTS/OLD TOWN,106370673,,,,,,
106370689,SHARP CORONADO HOSPITAL AND HEALTHCARE CENTER,250 PROSPECT PLACE,CORONADO,92118,619-522-3600,Yes,01/01/2013,12/31/2013,Open,01/01/1946,01/01/1946,,NO,78,39,52,6073011000,161n,,14 - San Diego/Imperial,San Diego,90000036,Parent Facility,-117.16808,32.69427,General Acute Care,Non-Profit Corporation (incl. Church-related),General Medical / Surgical,52,18980,2252,6792,0,0,0,0,0,0,0,0,3,1095,49,113,366,4,1460,65,151,489,0,0,0,0,0,0,0,0,0,0,0,0,0,0,0,0,0,0,0,59,21535,2366,7647,0,0,0,0,0,0,0,0,122,44530,333,4,36421,0,0,0,0,0,0,0,0,181,66065,2699,44068,0,0,0,0,0,0,0,0,0,0,0,0,0,0,0,0,0,0,0,0,0,0,0,0,0,0,0,0,,Yes,,YES,,No,Basic,Basic,117,0,961,0,5396,18,3379,182,1114,797,10967,997,11964,8,0,51,Yes,135,74,78,72,87,41,7,23,32,10,16,3,578,Respondent,1528,196586,876,71739,0,1,3,4,Yes,0,0,0,,0,0,NEITHER,0,0,0,0,0,0,0,0,0,0,0,0,0,0,0,0,0,0,0,0,0,0,0,0,0,0,0,0,0,0,0,0,0,0,0,0,0,0,0,,No,150 - 199,Non-Profit Corporation (i,1,0,0,0,0,0,0,0,0,0,0,0,0,0,0,0,1,0,0,0,0,11964,117,961,5414,3561,1911,0,,,1,Urban,CIVIC CENTER/CORONADO/HARBOR ISLAND/IMPERIAL BEACH EAST/NESTOR WEST/OCEAN BEACH/POINT LOMA/SILVER ST,106370689,,,,,,
106370694,SHARP MEMORIAL HOSPITAL,7901 FROST STREET,SAN DIEGO,92123,858-499-4000,Yes,01/01/2013,12/31/2013,Open,11/01/1974,11/01/1974,Level II,NO,79,39,53,6073008702,161b,,14 - San Diego/Imperial,San Diego,80000039,Parent Facility,-117.15531,32.80016,General Acute Care,Non-Profit Corporation (incl. Church-related),General Medical / Surgical,552,201480,18066,74242,0,0,0,0,0,0,0,0,50,18250,710,3630,12966,33,12045,0,0,0,0,0,0,0,0,0,0,0,0,0,0,0,0,0,0,40,14600,371,7360,675,246375,19147,94568,0,0,0,0,0,0,0,0,0,0,0,,0,0,0,0,0,0,0,0,0,675,246375,19147,94568,0,0,0,0,0,0,0,0,0,0,0,0,0,0,0,0,0,0,0,0,0,0,0,0,0,0,0,0,,,,,,Yes,Basic,Basic,1087,11,2909,7,17645,145,25991,2474,11730,10389,59362,13026,72388,52,0,358,Yes,20,5,10,1,1,1,2,1,20,0,6,7,74,Respondent,7400,1276252,14186,977144,0,10,19,29,Yes,0,0,0,,0,0,CV SURG,2,0,0,323,28,323,28,181,4,0,0,0,0,567,325,1167,670,1734,995,3061,197,172,21,92,43,1185,0,10,0,74,345,14,1180,245,12,69,0,807,7527,Yes,No,500+,Non-Profit Corporation (i,1,0,0,0,1,0,1,0,0,0,0,0,0,0,1,1,0,0,72388,0,0,0,1098,2916,17790,28465,22119,0,,,1,Urban,BAY PARK/FIVE POINTS/HILLCREST NORTHWEST/MISSION HILLS/MISSION VALLEY/MORENA/NORMAL HEIGHTS/OLD TOWN,106370694,,,,,,
106370695,SHARP MARY BIRCH HOSPITAL FOR WOMEN AND NEWBORNS,3003 HEALTH CENTER DRIVE,SAN DIEGO,92123,858-939-3400,Yes,01/01/2013,12/31/2013,Open,11/01/2009,06/30/1998,,NO,79,39,53,6073008702,161b,,14 - San Diego/Imperial,San Diego,80000039,Consolidated Facility,-117.1549,32.8007,General Acute Care,Non-Profit Corporation (incl. Church-related),General Medical / Surgical,50,18250,1513,10295,72,26280,8930,22634,0,0,0,0,0,0,0,0,0,0,0,0,0,0,0,0,0,0,0,0,0,0,0,0,84,30660,1500,1847,23818,0,0,0,0,206,75190,11943,56747,0,0,0,0,0,0,0,0,0,0,0,,0,0,0,0,0,0,0,0,0,206,75190,11943,56747,0,0,0,0,0,0,40,7902,17465,0,0,0,0,0,0,0,0,0,0,0,0,0,0,0,0,0,0,0,,,,,,No,0,0,0,0,0,0,0,0,0,0,0,0,0,0,0,0,0,0,No,0,0,0,0,0,0,0,0,0,0,0,0,0,Respondent,4414,211039,2693,198706,0,0,9,9,,9127,877,178,,0,3567,NEITHER,0,0,0,0,0,0,0,0,0,0,0,0,0,0,0,0,0,0,0,0,0,0,0,0,0,0,0,0,0,0,0,0,0,0,0,0,0,0,0,,No,200 - 299,Non-Profit Corporation (i,0,0,0,1,0,0,0,0,0,0,0,0,0,0,0,0,1,0,0,0,0,0,0,0,0,0,0,0,,,,Urban,BAY PARK/FIVE POINTS/HILLCREST NORTHWEST/MISSION HILLS/MISSION VALLEY/MORENA/NORMAL HEIGHTS/OLD TOWN,106370695,,,,,,
106370705,FALLBROOK HOSPITAL DISTRICT,624 EAST ELDER STREET,FALLBROOK,92028,760-728-1191,Yes,01/01/2013,12/31/2013,Open,12/19/1960,12/19/1960,,NO,75,38,50,6073018904,160,,14 - San Diego/Imperial,San Diego,80000005,Parent Facility,-117.24509,33.38026,General Acute Care,Investor - Corporation,General Medical / Surgical,35,12775,1615,4347,4,1460,404,896,0,0,0,0,4,1460,37,53,391,4,1460,0,0,0,0,0,0,0,0,0,0,0,0,0,0,0,0,0,0,0,0,0,0,47,17155,2056,5634,0,0,0,0,0,0,0,0,93,33945,456,,24032,0,0,0,0,0,0,0,0,140,51100,2512,29666,0,0,0,0,0,0,8,367,558,0,0,0,0,0,0,0,0,0,0,0,0,0,0,0,0,0,0,0,,Yes,YES,,,No,Basic,Basic,288,0,272,1,6186,35,3707,1194,0,0,10453,1230,11683,7,0,0,No,0,0,0,0,0,0,0,0,0,0,0,0,0,Respondent,883,76313,1287,71845,0,0,3,3,,385,7,0,,0,0,NEITHER,0,0,0,0,0,0,0,0,0,0,0,0,0,0,0,0,0,0,0,0,0,0,0,0,0,0,0,0,0,0,0,0,0,0,0,0,0,0,0,,No,100 - 149,Investor,1,0,0,0,0,0,0,0,0,0,0,0,0,0,0,0,1,0,0,0,0,11683,288,273,6221,4901,0,0,,,,Rural,BONSALL/CAMP PENDLETON/FALLBROOK/LIVE OAK PARK/RAINBOW/SAN LUIS REY HEIGHTS/WINTERWARM,106370705,,,,,,
106370714,GROSSMONT HOSPITAL,5555 GROSSMONT CENTER DRIVE,LA MESA,91942,619-740-4471,Yes,01/01/2013,12/31/2013,Open,08/10/1955,08/10/1955,,NO,79,38,53,6073015000,161f,,14 - San Diego/Imperial,San Diego,80000006,Parent Facility,-117.00924,32.77963,General Acute Care,Non-Profit Corporation (incl. Church-related),General Medical / Surgical,311,113515,24221,84528,24,8760,3795,9124,0,0,0,0,70,25550,643,3100,12087,5,1825,0,0,0,0,0,0,0,0,0,0,0,0,0,24,8760,449,0,4344,30,10950,237,3848,464,169360,29345,113931,0,0,0,0,46,16790,1482,12417,30,10950,159,0,1648,0,0,0,0,0,0,0,0,540,197100,30986,127996,0,0,0,0,0,0,24,3894,6979,0,12,18,30,0,21,9,30,10,1,18,0,0,1,0,0,0,0,30,,,,,,Yes,Basic,Basic,3280,6,6311,3,27340,94,28445,2988,16902,17502,82278,20593,102871,59,0,3263,Yes,377,175,159,194,160,152,199,115,124,91,96,136,1978,Respondent,7421,971777,6214,502819,0,6,15,21,Yes,3901,225,32,,0,1304,CV SURG,12,0,0,98,49,98,49,147,3,0,0,0,0,1044,944,707,600,1751,1544,1607,0,127,0,0,0,744,50,0,0,0,0,0,0,0,0,0,0,616,3144,Yes,No,500+,Non-Profit Corporation (i,1,0,0,0,0,0,0,0,0,0,0,0,0,0,0,0,1,0,0,0,0,102871,3286,6314,27434,31433,34404,0,,,1,Urban,LA MESA/ROLANDO SOUTH,106370714,,,,,,
106370721,KINDRED HOSPITAL - SAN DIEGO,1940 EL CAJON BOULEVARD,SAN DIEGO,92104-9988,619-543-4500-4141,Yes,01/01/2013,12/31/2013,Open,01/01/1946,01/01/1946,,NO,78,39,53,6073001000,161b,,14 - San Diego/Imperial,San Diego,90000059,Parent Facility,-117.14449,32.75542,General Acute Care,Investor - Corporation,Other,62,22630,608,16940,0,0,0,0,0,0,0,0,8,2920,34,100,1929,0,0,0,0,0,0,0,0,0,0,0,0,0,0,0,0,0,0,0,0,0,0,0,0,70,25550,642,18869,0,0,0,0,0,0,0,0,0,0,0,,0,0,0,0,0,0,0,0,0,70,25550,642,18869,0,0,0,0,0,0,0,0,0,0,0,0,0,0,0,0,0,0,0,0,0,0,0,0,0,0,0,0,,,,,,No,0,0,0,0,0,0,0,0,0,0,0,0,0,0,0,0,0,0,No,0,0,0,0,0,0,0,0,0,0,0,0,0,Respondent,137,13755,0,0,2,0,0,2,,0,0,0,,0,0,NEITHER,0,0,0,0,0,0,0,0,0,0,0,0,0,0,0,0,0,0,0,0,0,0,0,0,0,0,0,0,0,0,0,0,0,0,0,0,0,0,0,,No,50 - 99,Investor,0,0,0,1,0,0,0,0,0,0,0,0,0,0,0,0,1,0,0,0,0,0,0,0,0,0,0,0,,,,Urban,BAY PARK/FIVE POINTS/HILLCREST NORTHWEST/MISSION HILLS/MISSION VALLEY/MORENA/NORMAL HEIGHTS/OLD TOWN,106370721,,,,,,
106370730,KAISER FND HOSP - SAN DIEGO,4647 ZION AVENUE,SAN DIEGO,92120,619-528-6295,Yes,01/01/2013,12/31/2013,Open,11/18/1975,11/18/1975,,NO,79,39,53,6073009604,161o,,14 - San Diego/Imperial,San Diego,80000062,Parent Facility,-117.09447,32.79287,General Acute Care,Non-Profit Corporation (incl. Church-related),General Medical / Surgical,282,102930,17169,63241,53,19345,4677,12301,25,9125,1143,3412,24,8760,351,1223,4802,0,0,0,0,0,0,0,0,0,0,0,0,0,0,0,30,10950,395,123,7195,0,0,0,0,414,151110,23735,90951,0,0,0,0,0,0,0,0,0,0,0,0,0,0,0,0,0,0,0,0,0,414,151110,23735,90951,0,0,0,0,0,0,16,4107,8092,0,0,0,0,0,0,0,0,0,0,0,0,0,0,0,0,0,0,0,,Yes,YES,,,Yes,Basic,Basic,349,11,9645,0,59463,3243,15053,6101,2001,3536,86511,12891,99402,77,0,1195,No,0,0,0,0,0,0,0,0,0,0,0,0,0,Respondent,7796,1026697,21678,1582169,0,10,15,25,,4518,336,67,,0,1598,NEITHER,0,0,0,0,0,0,0,0,0,0,0,0,0,0,0,0,0,0,0,0,0,0,0,0,0,0,0,0,0,0,0,0,0,0,0,0,0,0,0,,No,300 - 499,Non-Profit Corporation (i,1,0,0,0,0,0,0,0,0,0,0,0,0,0,0,0,1,0,0,0,0,99402,360,9645,62706,21154,5537,0,,,,Urban,ALLIED GARDENS/DEL CERRO/GRANTVILLE/MIRAMAR/TIERRASANTA,106370730,,,,,,
106370744,SCRIPPS MERCY HOSPITAL,4077 FIFTH AVENUE,SAN DIEGO,92103-2180,619-260-7101,Yes,01/01/2013,12/31/2013,Open,01/01/1946,01/01/1946,Level I,YES,78,39,53,6073000400,161b,,14 - San Diego/Imperial,San Diego,90000074,Parent Facility,-117.1609,32.75128,General Acute Care,Non-Profit Corporation (incl. Church-related),General Medical / Surgical,361,131765,17866,78960,53,19345,2000,5007,0,0,0,0,22,8030,411,1760,7443,10,3650,0,0,0,0,0,0,0,0,0,0,0,0,0,19,6935,431,81,2229,0,0,0,0,465,169725,20708,93639,0,0,0,0,36,13140,1909,10845,0,0,0,,0,0,0,0,0,0,0,0,0,501,182865,22617,104484,0,0,0,0,0,0,40,1510,3083,0,7,23,30,0,27,3,30,7,2,8,5,0,0,4,0,4,0,30,,,,,,No,Basic,Basic,951,14,5228,63,28912,2375,9855,7157,885,4645,45831,14254,60085,52,0,1736,Yes,36,3,0,4,4,0,2,2,8,0,1,2,62,Respondent,6387,969114,4318,412690,0,0,16,16,Yes,1894,72,6,,0,517,CV SURG,2,0,0,210,26,210,26,150,2,0,0,0,0,287,259,245,60,532,319,825,0,116,71,30,23,293,12,2,2,0,21,31,340,29,1,18,0,28,1842,Yes,No,500+,Non-Profit Corporation (i,1,0,0,0,1,1,0,0,0,0,0,0,0,0,1,1,0,60085,0,0,0,0,965,5291,31287,17012,5530,0,,,1,Urban,BAY PARK/FIVE POINTS/HILLCREST NORTHWEST/MISSION HILLS/MISSION VALLEY/MORENA/NORMAL HEIGHTS/OLD TOWN,106370744,,,,,,
106370745,SHARP MESA VISTA HOSPITAL,7850 VISTA HILL AVENUE,SAN DIEGO,92123,858-278-4110,Yes,01/01/2013,12/31/2013,Open,09/08/2006,09/01/1962,,NO,79,39,53,6073008702,161b,,14 - San Diego/Imperial,San Diego,550000273,Parent Facility,-117.15521,32.79499,Acute Psychiatric,Non-Profit Corporation (incl. Church-related),Psychiatric,0,0,0,0,0,0,0,0,0,0,0,0,0,0,0,0,0,0,0,0,0,0,0,0,0,0,0,0,0,0,0,0,0,0,0,0,0,0,0,0,0,0,0,0,0,0,0,0,0,149,54385,5797,40609,0,0,0,,0,0,0,0,0,0,0,0,0,149,54385,5797,40609,0,0,0,0,0,0,0,0,0,0,5,27,32,8,18,6,32,6,2,6,0,16,0,0,0,0,2,32,,,,,,No,0,0,0,0,0,0,0,0,0,0,0,0,0,0,0,0,0,0,No,0,0,0,0,0,0,0,0,0,0,0,0,0,Respondent,0,0,0,0,0,0,0,0,,0,0,0,,0,0,NEITHER,0,0,0,0,0,0,0,0,0,0,0,0,0,0,0,0,0,0,0,0,0,0,0,0,0,0,0,0,0,0,0,0,0,0,0,0,0,0,0,,No,100 - 149,Non-Profit Corporation (i,0,0,0,1,0,0,0,0,0,0,0,0,0,0,0,0,1,0,0,0,0,0,0,0,0,0,0,0,,,,Urban,BAY PARK/FIVE POINTS/HILLCREST NORTHWEST/MISSION HILLS/MISSION VALLEY/MORENA/NORMAL HEIGHTS/OLD TOWN,106370745,,,,,,
106370749,ALVARADO PARKWAY INSTITUTE B.H.S.,7050 PARKWAY DRIVE,LA MESA,91942,619-465-4411,Yes,01/01/2013,12/31/2013,Open,09/30/1959,09/30/1959,,NO,79,38,53,6073014801,161f,,14 - San Diego/Imperial,San Diego,80000079,Parent Facility,-117.04449,32.77446,Acute Psychiatric,Investor - Corporation,Psychiatric,0,0,0,0,0,0,0,0,0,0,0,0,0,0,0,0,0,0,0,0,0,0,0,0,0,0,0,0,0,0,0,0,0,0,0,0,0,0,0,0,0,0,0,0,0,0,0,0,0,66,24090,2446,21977,0,0,0,,0,0,0,0,0,0,0,0,0,66,24090,2446,21977,0,0,0,12,0,0,0,0,0,0,41,13,54,0,42,12,54,40,2,3,0,0,4,1,0,0,4,54,,,,,,No,0,0,0,0,0,0,0,0,0,0,0,0,0,0,0,0,0,0,No,0,0,0,0,0,0,0,0,0,0,0,0,0,Respondent,0,0,0,0,0,0,0,0,,0,0,0,,0,0,NEITHER,0,0,0,0,0,0,0,0,0,0,0,0,0,0,0,0,0,0,0,0,0,0,0,0,0,0,0,0,0,0,0,0,0,0,0,0,0,0,0,,No,50 - 99,Investor,0,0,0,1,0,0,0,0,0,0,0,0,0,0,0,0,1,0,0,0,0,0,0,0,0,0,0,0,,,,Urban,LA MESA/ROLANDO SOUTH,106370749,,,,,,
106370755,PALOMAR HEALTH DOWNTOWN CAMPUS,555 E. VALLEY PARKWAY,ESCONDIDO,92025,760-739-3000,Yes,01/01/2013,12/31/2013,Open,08/02/1950,08/02/1950,Level II,NO,75,38,50,6073020202,156e,,14 - San Diego/Imperial,San Diego,80000083,Parent Facility,-117.07585,33.12622,General Acute Care,District,General Medical / Surgical,174,63510,7,48,42,15330,3098,6946,0,0,0,0,21,7665,0,0,0,14,5110,0,0,0,0,0,0,0,0,0,0,0,0,0,0,0,0,0,0,18,6570,453,5351,269,98185,3558,12345,0,0,0,0,26,9490,1655,7548,0,0,351,,15425,0,0,0,0,0,0,0,0,295,107675,5564,35318,0,0,0,0,0,0,4,3485,5769,0,24,0,24,0,23,1,24,3,0,7,0,2,0,7,0,5,0,24,,,,,,No,Standby,Standby,163,77,726,0,3696,4,3675,130,1397,840,9657,1051,10708,15,18307,460,No,0,0,0,0,0,0,0,0,0,0,0,0,0,Respondent,1229,97370,1528,130650,0,4,10,14,Yes,3369,133,11,,0,1066,CATH LAB,0,0,0,0,0,0,0,0,0,0,0,0,0,0,0,0,0,0,0,0,0,0,0,0,0,0,0,0,0,0,0,0,0,0,0,0,0,0,0,,No,200 - 299,District,0,0,1,0,1,0,1,0,0,0,0,0,0,0,1,1,0,0,10708,0,0,0,240,726,3700,3805,2237,0,,,,Urban,ESCONDIDO CENTRAL AND SOUTH/SAN MARCOS CENTRAL AND EAST,106370755,,,,,,
106370759,PARADISE VALLEY HOSPITAL,2400 EAST FOURTH STREET,NATIONAL CITY,91950,619-470-4321,Yes,01/01/2013,12/31/2013,Open,03/29/1966,03/29/1966,,NO,79,40,51,6073011902,161g,,14 - San Diego/Imperial,San Diego,90000086,Parent Facility,-117.0830382,32.6863293,General Acute Care,Investor - Limited Liability Company,General Medical / Surgical,128,46720,4451,16833,23,8395,1100,2338,0,0,0,0,10,3650,218,612,2753,5,1825,0,0,0,0,0,0,0,0,0,0,0,0,0,0,0,0,0,0,22,8030,163,2262,188,68620,5932,24186,18,6570,0,0,85,31025,4683,32313,0,0,0,,0,0,0,0,0,0,0,0,0,291,106215,10615,56499,0,0,0,0,0,0,35,1077,1861,0,11,80,91,0,79,12,91,57,2,27,0,0,2,0,0,0,3,91,,,,,,No,Basic,Basic,1258,99,2824,21,12904,100,8738,132,397,6232,26121,6584,32705,20,0,403,Yes,4,0,0,0,0,0,0,0,0,0,0,0,4,Respondent,476,41896,817,27662,0,0,4,4,,1077,37,3,,0,362,CATH LAB,0,0,0,0,0,0,0,0,1,0,0,0,0,123,0,87,0,210,0,210,0,40,37,13,8,2,1,0,0,0,1,0,8,6,0,2,0,59,387,,No,200 - 299,Investor,1,0,0,0,0,0,0,0,0,0,0,0,0,0,0,0,1,0,0,0,0,32705,1357,2845,13004,8870,6629,0,,,1,Urban,ENCANTO/LEMON GROVE NORTHWEST/LINCOLN ACRES/NATIONAL CITY EAST/PARADISE HILLS SOUTHWEST,106370759,,,,,,
106370771,SCRIPPS MEMORIAL HOSPITAL - LA JOLLA,9888 GENESEE AVENUE,LA JOLLA,92037,858-626-4123,Yes,01/01/2013,12/31/2013,Open,05/03/1964,05/03/1964,Level II,NO,78,39,52,6073008305,161r,,14 - San Diego/Imperial,San Diego,80000050,Parent Facility,-117.22279,32.88506,General Acute Care,Non-Profit Corporation (incl. Church-related),General Medical / Surgical,232,84680,10935,41978,45,16425,4030,10796,0,0,0,0,29,10585,460,1738,8078,12,4380,115,1019,3736,0,0,0,0,0,0,0,0,0,0,0,0,0,0,0,0,0,0,0,318,116070,15540,64588,0,1246,497,1788,0,0,0,0,0,0,0,0,0,0,0,0,0,0,0,0,0,318,117316,16037,66376,0,0,0,0,0,0,0,3971,8574,0,0,0,0,0,0,0,0,0,0,0,0,0,0,0,0,0,0,0,,,,,,No,Basic,Basic,122,1,2391,16,16534,2022,5750,3455,544,1791,25341,7285,32626,23,0,113,Yes,1,1,2,0,0,0,0,0,0,0,0,0,4,Respondent,5190,973740,6607,663300,0,4,14,18,Yes,3888,205,11,,0,1505,CV SURG,3,0,0,563,7,563,7,330,4,0,0,0,0,325,413,1158,704,1483,1117,2535,0,315,154,213,142,988,13,0,8,14,491,460,441,73,1,34,7,268,6157,Yes,No,300 - 499,Non-Profit Corporation (i,1,0,0,0,1,0,1,0,0,0,0,0,0,0,1,1,0,0,32626,0,0,0,123,2407,18556,9205,2335,0,,,1,Urban,CROWN POINT/DEL MAR/LA JOLLA/PACIFIC BEACH,106370771,,,,,,
106370780,TRI-CITY MEDICAL CENTER,4002 VISTA WAY,OCEANSIDE,92056,760-940-3352,Yes,01/01/2013,12/31/2013,Open,07/11/1961,07/11/1961,,NO,76,36,49,6073018518,156d,,14 - San Diego/Imperial,San Diego,80000099,Parent Facility,-117.29027,33.18394,General Acute Care,District,General Medical / Surgical,272,99148,10522,41529,38,13870,2716,7162,0,132,14,33,14,5110,188,865,2863,14,5110,188,864,2863,0,0,0,0,0,0,0,0,0,0,20,7300,523,51,5366,10,3650,189,1957,368,134320,14340,61773,0,0,0,0,29,10585,1257,6812,0,0,0,0,0,0,0,0,0,0,0,0,0,397,144905,15597,68585,0,0,0,0,0,0,48,2088,4597,0,13,0,13,0,13,0,13,5,0,3,0,4,0,0,0,0,1,13,,,,,,No,Basic,Basic,10030,15,12178,24,13908,242,14238,1580,18696,8183,69050,10044,79094,46,0,2354,Yes,30,41,22,12,11,3,0,3,0,2,0,0,124,Respondent,3621,568320,2846,287460,0,0,12,12,Yes,2556,115,16,Yes,1765,791,CV SURG,2,0,0,110,1,110,1,79,2,0,0,0,0,297,490,267,185,564,675,852,0,190,56,64,16,301,17,5,0,0,0,0,8,2,0,16,0,23,1550,Yes,No,300 - 499,District,1,0,0,0,0,0,0,0,0,0,0,0,0,0,0,0,1,0,0,0,0,79094,10045,12202,14150,15818,26879,0,1,,1,Urban,OCEANSIDE EAST/SAN MARCOS WEST/VISTA,106370780,,,,,,
106370782,UNIVERSITY OF CALIF-SAN DIEGO MEDICAL CENTER,200 WEST ARBOR DRIVE,SAN DIEGO,92103,619-543-6222,Yes,01/01/2013,12/31/2013,Open,07/01/1953,07/01/1953,Level I,YES,78,39,53,6073000400,161b,,14 - San Diego/Imperial,San Diego,90000101,Parent Facility,-117.16498,32.75387,General Acute Care,University of California,General Medical / Surgical,209,76893,11441,55031,40,14600,2337,5678,0,0,0,0,32,11680,1301,2136,9961,13,4745,479,824,4343,7,2555,138,166,1527,8,2920,141,211,2260,49,17885,540,263,13415,0,0,0,0,358,131278,16377,92215,0,0,0,0,32,11680,1165,9264,0,0,0,0,0,0,0,0,0,0,0,0,0,390,142958,17542,101479,0,0,0,0,0,0,3,1784,4112,0,14,7,21,0,14,7,21,6,3,10,0,0,1,0,0,0,1,21,,,,,,No,Comprehensive,Comprehensive,1031,17,9424,400,20418,5615,2828,2468,109,218,33810,8718,42528,36,0,0,Yes,100,69,65,77,67,72,112,89,111,48,62,99,971,Respondent,4691,815709,3454,327542,0,4,11,15,Yes,2433,252,48,Yes,301,808,CV SURG,11,0,7,0,3,0,10,0,2,0,0,0,0,104,57,3,1,107,58,106,0,0,2,0,0,53,2,0,0,0,0,0,0,0,0,5,0,20,188,,No,300 - 499,University of California,0,1,0,0,1,1,0,0,0,0,0,0,0,0,1,1,0,42528,0,0,0,0,1048,9824,26033,5296,327,0,1,,1,Urban,BAY PARK/FIVE POINTS/HILLCREST NORTHWEST/MISSION HILLS/MISSION VALLEY/MORENA/NORMAL HEIGHTS/OLD TOWN,106370782,,,,,,
106370787,PROMISE HOSPITAL OF SAN DIEGO,5550 UNIVERSITY AVENUE,SAN DIEGO,92105,619-582-3800-8006,Yes,01/01/2013,12/31/2013,Open,03/01/1965,03/01/1965,,NO,79,39,53,6073002702,161f,,14 - San Diego/Imperial,San Diego,90000105,Parent Facility,-117.07612,32.74786,General Acute Care,Investor - Corporation,General Medical / Surgical,52,18980,418,11938,0,0,0,0,0,0,0,0,5,1825,69,0,1416,0,0,0,0,0,0,0,0,0,0,0,0,0,0,0,0,0,0,0,0,0,0,0,0,57,20805,487,13354,0,0,0,0,43,15695,195,2345,0,0,0,,0,0,0,0,0,0,0,0,0,100,36500,682,15699,0,0,0,0,0,0,0,0,0,0,0,0,0,0,0,0,0,0,0,0,0,0,0,0,0,0,0,0,Yes,,,,,No,0,0,0,0,0,0,0,0,0,0,0,0,0,0,0,0,0,0,No,0,0,0,0,0,0,0,0,0,0,0,0,0,Respondent,276,8965,623,22880,0,0,2,2,Yes,0,0,0,,0,0,NEITHER,0,0,0,0,0,0,0,0,0,0,0,0,0,0,0,0,0,0,0,0,0,0,0,0,0,0,0,0,0,0,0,0,0,0,0,0,0,0,0,,No,100 - 149,Investor,0,0,0,1,0,0,0,0,0,0,0,0,0,0,0,0,1,0,0,0,0,0,0,0,0,0,0,0,,,,Urban,LA MESA/ROLANDO SOUTH,106370787,,,,,,
106370875,SHARP CHULA VISTA MEDICAL CENTER,751 MEDICAL CENTER COURT,CHULA VISTA,91911,619-502-5800,Yes,01/01/2013,12/31/2013,Open,05/27/1975,05/27/1975,,NO,79,40,53,6073013310,161s,,14 - San Diego/Imperial,San Diego,90000008,Parent Facility,-117.02488,32.61909,General Acute Care,Non-Profit Corporation (incl. Church-related),General Medical / Surgical,169,61685,10097,46151,19,6935,3012,6960,0,0,0,0,41,14965,511,1963,9259,5,1825,46,353,1021,0,0,0,0,0,0,0,0,0,0,9,3285,332,83,1388,0,0,0,0,243,88695,13998,64779,0,0,0,0,0,0,0,0,100,36500,521,,32775,0,0,0,0,0,0,0,0,343,125195,14519,97554,0,0,0,0,0,0,21,2526,4376,0,0,0,0,0,0,0,0,0,0,0,0,0,0,0,0,0,0,0,,Yes,YES,YES,,No,Basic,Basic,157,0,2888,0,18485,38,18250,1479,7352,8213,47132,9730,56862,44,0,0,Yes,145,113,24,14,7,0,7,19,35,0,28,88,480,Respondent,2836,396960,3090,246810,0,4,5,9,Yes,2701,165,19,Yes,1690,1011,CV SURG,1,0,0,146,30,146,30,77,2,0,0,0,0,597,199,285,102,882,301,889,0,149,97,69,49,300,34,2,0,0,100,72,50,12,10,25,1,181,2040,,No,300 - 499,Non-Profit Corporation (i,1,0,0,0,0,0,0,0,0,0,0,0,0,0,0,0,1,0,0,0,0,56862,157,2888,18523,19729,15565,0,,1,1,Urban,COCKATOO GROVE/EASTLAKE GREENS/OTAY MESA,106370875,,,,,,
106370977,POMERADO HOSPITAL,15615 POMERADO ROAD,POWAY,92064,858-613-4000,Yes,01/01/2013,12/31/2013,Open,06/22/1977,06/22/1977,,NO,77,38,52,6073017007,161q,,14 - San Diego/Imperial,San Diego,80000127,Parent Facility,-117.05784,32.99563,General Acute Care,District,General Medical / Surgical,68,24820,4083,14453,11,4015,1346,2974,0,0,0,0,12,4380,197,1321,2642,0,0,0,0,0,0,0,0,0,0,0,0,0,0,0,4,1460,56,0,374,0,0,0,0,95,34675,5682,20443,0,0,0,0,12,4380,242,4160,129,47085,606,0,43724,0,0,0,0,0,0,0,0,236,86140,6530,68327,0,0,0,0,0,0,0,1215,2289,0,9,0,9,0,2,7,9,2,6,1,0,0,0,0,0,0,0,9,,,,,,No,Basic,Basic,132,122,1769,0,6537,14,7626,362,2723,2459,18787,2957,21744,20,26101,235,Yes,28,39,13,23,16,43,21,13,11,24,23,58,312,Respondent,995,164700,1899,169292,0,0,4,4,Yes,1247,0,0,,0,396,NEITHER,0,0,0,0,0,0,0,0,1,0,0,0,0,15,0,10,0,25,0,10,0,10,0,5,0,0,0,0,0,0,0,0,0,0,0,0,0,0,25,,No,200 - 299,District,1,0,0,0,0,0,0,0,0,0,0,0,0,0,0,0,1,0,0,0,0,21744,254,1769,6551,7988,5182,0,,,1,Urban,POWAY CENTRAL/POWAY GROVE/RANCHO BERNARDO SOUTHWEST/SABRE SPRINGS,106370977,,,,,,
106371256,SCRIPPS GREEN HOSPITAL,10666 NORTH TORREY PINES ROAD,LA JOLLA,92037,858-554-3167,Yes,01/01/2013,12/31/2013,Open,02/06/1977,02/06/1977,,NO,78,39,49,6073008312,161r,,14 - San Diego/Imperial,San Diego,80000139,Parent Facility,-117.2419,32.89654,General Acute Care,Non-Profit Corporation (incl. Church-related),General Medical / Surgical,149,54385,9611,31656,0,0,0,0,0,0,0,0,12,4380,208,1399,3062,12,4380,208,1398,3061,0,0,0,0,0,0,0,0,0,0,0,0,0,0,0,0,0,0,0,173,63145,10027,37779,0,0,0,0,0,0,0,0,0,0,0,,0,0,0,0,0,0,0,0,0,173,63145,10027,37779,0,0,0,0,0,0,0,0,0,0,0,0,0,0,0,0,0,0,0,0,0,0,0,0,0,0,0,0,,,,,,No,0,0,0,0,0,0,0,0,0,0,0,0,0,0,0,0,0,0,No,0,0,0,0,0,0,0,0,0,0,0,0,0,Respondent,5324,906362,4477,395046,0,0,12,12,,0,0,0,,0,0,CV SURG,4,0,0,127,37,127,37,55,5,0,0,0,0,282,606,955,713,1237,1319,2443,2,254,90,101,46,1139,126,0,0,53,342,395,887,370,6,15,10,897,7176,Yes,No,150 - 199,Non-Profit Corporation (i,0,0,0,1,0,0,0,0,0,0,0,0,0,0,0,0,1,0,0,0,0,0,0,0,0,0,0,0,,,,Urban,CROWN POINT/DEL MAR/LA JOLLA/PACIFIC BEACH,106371256,,,,,,
106371394,SCRIPPS MEMORIAL HOSPITAL - ENCINITAS,354 SANTA FE DRIVE,ENCINITAS,92024,760-633-6501,Yes,01/01/2013,12/31/2013,Open,06/16/1964,06/16/1964,,NO,76,36,49,6073017501,156a,,14 - San Diego/Imperial,San Diego,80000148,Parent Facility,-117.28495,33.0363,General Acute Care,Non-Profit Corporation (incl. Church-related),General Medical / Surgical,91,33215,6545,24700,25,9125,1791,4294,0,0,0,0,12,4380,404,487,3481,0,0,0,0,0,0,0,0,0,0,0,0,0,0,0,0,0,0,0,0,30,10950,657,7371,158,57670,9397,39846,0,0,0,0,0,0,0,0,0,0,0,,0,0,0,0,0,0,0,0,0,158,57670,9397,39846,0,0,0,0,0,0,3,1440,2621,0,0,0,0,0,0,0,0,0,0,0,0,0,0,0,0,0,0,0,,,,,,No,Basic,Basic,277,5,1441,9,22543,910,9877,3758,497,986,34635,5668,40303,24,0,281,No,0,0,0,0,0,0,0,0,0,0,0,0,0,Respondent,2448,342846,2163,199423,0,0,4,4,,1765,62,2,,0,521,CATH LAB,0,0,0,0,0,0,0,0,1,0,0,0,0,113,195,83,10,196,205,238,0,106,43,32,13,181,6,0,20,2,15,1,214,80,0,6,0,38,995,,No,150 - 199,Non-Profit Corporation (i,1,0,0,0,0,0,0,0,0,0,0,0,0,0,0,0,1,0,0,0,0,40303,282,1450,23453,13635,1483,0,,,,Urban,ENCINITAS CENTRAL/LEUCADIA/OCEANSIDE NORTH AND WEST/SAN LUIS REY/SOUTH OCEANSIDE,106371394,,,,,,
106374024,AURORA SAN DIEGO,11878 AVENUE OF INDUSTRY,SAN DIEGO,92128,858-487-3200,Yes,01/01/2013,12/31/2013,Open,05/19/1988,05/19/1988,,NO,77,38,52,6073017038,161q,,14 - San Diego/Imperial,San Diego,80000310,Parent Facility,-117.07551,32.99067,Acute Psychiatric,Investor - Limited Liability Company,Psychiatric,0,0,0,0,0,0,0,0,0,0,0,0,0,0,0,0,0,0,0,0,0,0,0,0,0,0,0,0,0,0,0,0,0,0,0,0,0,0,0,0,0,0,0,0,0,0,0,0,0,80,29200,3258,24429,0,0,0,,0,0,0,0,0,0,0,0,0,80,29200,3258,24429,0,0,0,10,548,4890,0,0,0,0,32,25,57,8,44,5,57,5,0,6,0,0,45,0,0,1,0,57,,,,,,No,0,0,0,0,0,0,0,0,0,0,0,0,0,0,0,0,0,0,No,0,0,0,0,0,0,0,0,0,0,0,0,0,Respondent,0,0,0,0,0,0,0,0,,0,0,0,,0,0,NEITHER,0,0,0,0,0,0,0,0,0,0,0,0,0,0,0,0,0,0,0,0,0,0,0,0,0,0,0,0,0,0,0,0,0,0,0,0,0,0,0,,No,50 - 99,Investor,0,0,0,1,0,0,0,0,0,0,0,0,0,0,0,0,1,0,0,0,0,0,0,0,0,0,0,0,,,,Urban,POWAY CENTRAL/POWAY GROVE/RANCHO BERNARDO SOUTHWEST/SABRE SPRINGS,106374024,,,,,,
106374049,SHARP MCDONALD CENTER,7989 LINDA VISTA ROAD,SAN DIEGO,92111,858-637-6920,Yes,01/01/2013,12/31/2013,Open,07/20/1989,07/20/1989,,NO,77,39,53,6073008701,161b,,14 - San Diego/Imperial,San Diego,80000319,Parent Facility,-117.15436,32.80702,Chemical Dependency Recovery Hospital,Non-Profit Corporation (incl. Church-related),Chemical Dependency (Alcohol/Drug),0,0,0,0,0,0,0,0,0,0,0,0,0,0,0,0,0,0,0,0,0,0,0,0,0,0,0,0,0,0,0,0,0,0,0,0,0,0,0,0,0,0,0,0,0,16,5840,277,3410,0,0,0,0,0,0,0,,0,0,0,0,0,0,0,0,0,16,5840,277,3410,0,0,0,0,0,0,0,0,0,0,0,0,0,0,0,0,0,0,0,0,0,0,0,0,0,0,0,0,,,,,,No,0,0,0,0,0,0,0,0,0,0,0,0,0,0,0,0,0,0,No,0,0,0,0,0,0,0,0,0,0,0,0,0,Respondent,0,0,0,0,0,0,0,0,,0,0,0,,0,0,NEITHER,0,0,0,0,0,0,0,0,0,0,0,0,0,0,0,0,0,0,0,0,0,0,0,0,0,0,0,0,0,0,0,0,0,0,0,0,0,0,0,,No,1 - 49,Non-Profit Corporation (i,0,0,0,1,0,0,0,0,0,0,0,0,0,0,0,0,1,0,0,0,0,0,0,0,0,0,0,0,,,,Urban,BAY PARK/FIVE POINTS/HILLCREST NORTHWEST/MISSION HILLS/MISSION VALLEY/MORENA/NORMAL HEIGHTS/OLD TOWN,106374049,,,,,,
106374055,SAN DIEGO COUNTY PSYCHIATRIC HOSPITAL,3851 ROSECRANS STREET,SAN DIEGO,92110,619-692-8204,Yes,01/01/2013,12/31/2013,Open,07/25/1989,07/25/1989,,NO,78,39,53,6073006500,161b,,14 - San Diego/Imperial,San Diego,90000092,Parent Facility,-117.2024,32.75385,Acute Psychiatric,City and/or County,Psychiatric,0,0,0,0,0,0,0,0,0,0,0,0,0,0,0,0,0,0,0,0,0,0,0,0,0,0,0,0,0,0,0,0,0,0,0,0,0,0,0,0,0,0,0,0,0,0,0,0,0,109,39785,2739,13986,192,70080,43,0,69343,0,0,0,0,0,0,0,0,301,109865,2782,83329,0,0,0,0,0,0,0,0,0,0,34,0,34,0,34,0,34,0,0,0,0,34,0,0,0,0,0,34,Yes,,,,,No,0,0,0,0,0,0,0,0,0,0,0,0,0,0,0,0,0,0,No,0,0,0,0,0,0,0,0,0,0,0,0,0,Respondent,0,0,0,0,0,0,0,0,,0,0,0,,0,0,NEITHER,0,0,0,0,0,0,0,0,0,0,0,0,0,0,0,0,0,0,0,0,0,0,0,0,0,0,0,0,0,0,0,0,0,0,0,0,0,0,0,,No,300 - 499,City and/or County,0,0,0,1,0,0,0,0,0,0,0,0,0,0,0,0,1,0,0,0,0,0,0,0,0,0,0,0,,,,Urban,BAY PARK/FIVE POINTS/HILLCREST NORTHWEST/MISSION HILLS/MISSION VALLEY/MORENA/NORMAL HEIGHTS/OLD TOWN,106374055,,,,,,
106374063,ALVARADO HOSPITAL MEDICAL CENTER,6645 ALVARADO ROAD,SAN DIEGO,92120,619-229-3270,Yes,01/01/2013,12/31/2013,Open,06/07/1990,06/07/1990,,NO,79,39,53,6073002904,161e,,14 - San Diego/Imperial,San Diego,90000013,Consolidated Facility,-117.05696,32.7771,General Acute Care,Investor - Corporation,Physical Rehabilitation,30,10950,1053,3065,0,0,0,0,0,0,0,0,0,0,0,0,0,0,0,0,0,0,0,0,0,0,0,0,0,0,0,0,0,0,0,0,0,50,18250,194,2772,80,29200,1247,5837,0,0,0,0,0,0,0,0,0,0,0,,0,0,0,0,0,0,0,0,0,80,29200,1247,5837,0,0,0,0,0,0,0,0,0,0,0,0,0,0,0,0,0,0,0,0,0,0,0,0,0,0,0,0,,,,,,No,0,0,0,0,0,0,0,0,0,0,0,0,0,0,0,0,0,0,No,0,0,0,0,0,0,0,0,0,0,0,0,0,Respondent,0,0,0,0,0,0,0,0,,0,0,0,,0,0,NEITHER,0,0,0,0,0,0,0,0,0,0,0,0,0,0,0,0,0,0,0,0,0,0,0,0,0,0,0,0,0,0,0,0,0,0,0,0,0,0,0,,No,50 - 99,Investor,0,0,0,1,0,0,0,0,0,0,0,0,0,0,0,0,1,0,0,0,0,0,0,0,0,0,0,0,,,,Urban,COLLEGE HEIGHTS/HILLCREST SOUTHEAST/KENSINGTON/ROLANDO NORTH/UNIVERSITY HEIGHTS,106374063,,,,,,
106374094,VIBRA HOSPITAL OF SAN DIEGO,555 WASHINGTON STREET,SAN DIEGO,92103,619-686-4620,Yes,01/01/2013,12/31/2013,Open,04/14/1992,04/14/1992,,NO,78,39,53,6073000400,161b,,14 - San Diego/Imperial,San Diego,90000404,Parent Facility,-117.16001,32.74986,General Acute Care,Investor - Limited Liability Company,General Medical / Surgical,104,37960,1035,27966,0,0,0,0,0,0,0,0,6,2190,0,0,0,0,0,0,0,0,0,0,0,0,0,0,0,0,0,0,0,0,0,0,0,0,0,0,0,110,40150,1035,27966,0,0,0,0,0,0,0,0,0,0,0,,0,0,0,0,0,0,0,0,0,110,40150,1035,27966,0,0,0,0,0,0,0,0,0,0,0,0,0,0,0,0,0,0,0,0,0,0,0,0,0,0,0,0,,,,,,No,0,0,0,0,0,0,0,0,0,0,0,0,0,0,0,0,0,0,No,0,0,0,0,0,0,0,0,0,0,0,0,0,Respondent,0,0,0,0,0,0,0,0,,0,0,0,,0,0,NEITHER,0,0,0,0,0,0,0,0,0,0,0,0,0,0,0,0,0,0,0,0,0,0,0,0,0,0,0,0,0,0,0,0,0,0,0,0,0,0,0,,No,100 - 149,Investor,0,0,0,1,0,0,0,0,0,0,0,0,0,0,0,0,1,0,0,0,0,0,0,0,0,0,0,0,,,,Urban,BAY PARK/FIVE POINTS/HILLCREST NORTHWEST/MISSION HILLS/MISSION VALLEY/MORENA/NORMAL HEIGHTS/OLD TOWN,106374094,,,,,,
106374141,"UCSD-La Jolla, John M/Sally B Thornton Hosp AND Sulpizo Cardiovascular Center",9300 CAMPUS POINT DRIVE,LA JOLLA,92037,619-543-6222,Yes,01/01/2013,12/31/2013,Open,07/20/1993,07/20/1993,,NO,78,39,52,6073008305,161r,,14 - San Diego/Imperial,San Diego,90000101,Consolidated Facility,-117.22331,32.87799,General Acute Care,University of California,General Medical / Surgical,149,54385,9257,49803,0,0,0,0,0,0,0,0,12,4380,416,888,4133,12,4380,322,778,3999,0,0,0,0,0,0,0,0,0,0,0,0,0,0,0,0,0,0,0,173,63145,9995,57935,0,0,0,0,0,0,0,0,0,0,0,0,0,0,0,0,0,0,0,0,0,173,63145,9995,57935,0,0,0,0,0,0,0,0,0,0,0,0,0,0,0,0,0,0,0,0,0,0,0,0,0,0,0,0,,,,,,Yes,Basic,Basic,724,7,5331,117,11605,4468,746,976,12,38,18418,5606,24024,32,0,0,Yes,23,68,26,13,2,5,12,63,62,25,10,55,364,Respondent,4057,1005634,2113,252040,0,0,11,11,Yes,0,0,0,,0,0,CV SURG,11,5,2,350,364,355,366,140,7,0,1,7,5,833,877,1506,505,2346,1388,2006,161,92,39,60,86,564,24,7,0,0,22,341,231,82,6,24,0,589,4334,,No,150 - 199,University of California,1,0,0,0,0,0,0,0,0,0,0,0,0,0,0,0,1,0,0,0,0,24024,731,5448,16073,1722,50,0,,,1,Urban,CROWN POINT/DEL MAR/LA JOLLA/PACIFIC BEACH,106374141,,,,,,
106374382,PALOMAR MEDICAL CENTER,2185 W. CITRACADO PARKWAY,ESCONDIDO,92025,442-281-5000,Yes,01/01/2013,12/31/2013,Open,08/15/2012,,,NO,75,38,50,6073020307,156e,,14 - San Diego/Imperial,San Diego,80000083,Consolidated Facility,-117.11974,33.12145,General Acute Care,District,General Medical / Surgical,240,87600,13966,53370,0,0,0,0,0,0,0,0,24,8760,601,5000,10066,24,8760,2366,1700,6872,0,0,0,0,0,0,0,0,0,0,0,0,0,0,0,0,0,0,0,288,105120,16933,70308,0,0,0,0,0,0,0,0,0,0,0,0,0,0,0,0,0,0,0,0,0,288,105120,16933,70308,0,0,0,0,0,0,0,0,0,0,0,0,0,0,0,0,0,0,0,0,0,0,0,0,0,0,0,0,,,,,,No,0,0,546,7,1795,1,11847,40,16220,937,7328,7091,37736,8076,45812,52,68913,1049,Yes,169,71,13,27,21,9,8,35,14,33,38,80,518,Respondent,4565,676635,3456,303255,0,0,12,12,,0,0,0,,0,0,CV SURG,0,0,0,0,87,0,87,0,4,0,0,0,0,707,474,470,226,1177,700,768,0,212,0,79,0,659,41,5,0,0,12,106,0,0,0,40,0,241,2163,,No,200 - 299,District,0,0,0,1,0,0,0,0,0,0,0,0,0,0,0,0,1,0,0,0,0,45812,553,1796,11887,17157,14419,0,,,1,Urban,ESCONDIDO CENTRAL AND SOUTH/SAN MARCOS CENTRAL AND EAST,106374382,,,,,,
106380777,CALIFORNIA PACIFIC MED CTR-CALIFORNIA WEST,3700 CALIFORNIA STREET,SAN FRANCISCO,94118,415-600-6000,Yes,01/01/2013,12/31/2013,Open,01/01/1946,01/01/1946,,NO,19,11,12,6075013300,162b,,04 - West Bay,San Francisco,220000197,Consolidated Facility,-122.45599,37.78611,General Acute Care,Non-Profit Corporation (incl. Church-related),General Medical / Surgical,149,54385,713,1786,77,28105,5388,17988,29,10585,867,2245,8,2920,238,327,1126,0,0,0,0,0,0,0,0,0,0,0,0,0,0,0,36,13140,485,1627,9528,0,0,0,0,299,109135,7691,32673,0,0,0,0,0,0,0,0,0,0,0,,0,0,0,0,0,0,0,0,0,299,109135,7691,32673,0,0,0,0,0,0,0,4767,12147,0,0,0,0,0,0,0,0,0,0,0,0,0,0,0,0,0,0,0,,,,,,No,Basic,Basic,10,0,1599,1,6592,6,2042,193,332,433,10575,633,11208,6,0,98,No,0,0,0,0,0,0,0,0,0,0,0,0,0,Respondent,2941,282167,5857,485608,0,0,10,10,Yes,5160,452,95,,0,1609,CV SURG,0,0,0,0,0,0,0,0,0,0,0,0,0,0,0,0,0,0,0,0,0,0,0,0,0,0,0,0,0,0,0,0,0,0,0,0,0,0,0,Yes,No,200 - 299,Non-Profit Corporation (i,1,0,0,0,0,0,0,0,0,0,0,0,0,0,0,0,1,0,0,0,0,11208,10,1600,6598,2235,765,0,,,,Urban,COW HOLLOW/FINANCIAL DISTRICT/MARINA/NOB HILL/PACIFIC HEIGHTS/RUSSIAN HILL/SEACLIFF,106380777,,,,,,
106380826,CALIFORNIA PACIFIC MED CTR-CALIFORNIA EAST,3698 SACRAMENTO STREET,SAN FRANCISCO,94118,415-600-6000,Yes,01/01/2013,12/31/2013,Open,01/01/1946,01/01/1946,,NO,19,11,12,6075013300,162b,,04 - West Bay,San Francisco,220000197,Consolidated Facility,-122.45464,37.78629,General Acute Care,Non-Profit Corporation (incl. Church-related),General Medical / Surgical,0,0,0,0,0,0,0,0,0,0,0,0,0,0,0,0,0,0,0,0,0,0,0,0,0,0,0,0,0,0,0,0,0,0,0,0,0,0,0,0,0,0,0,0,0,0,0,0,0,0,0,0,0,101,36865,828,241,12963,0,0,0,0,0,0,0,0,101,36865,828,12963,0,0,0,0,0,0,0,0,0,0,0,0,0,0,0,0,0,0,0,0,0,0,0,0,0,0,0,0,,,,,,No,0,0,0,0,0,0,0,0,0,0,0,0,0,0,0,0,0,0,No,0,0,0,0,0,0,0,0,0,0,0,0,0,Respondent,0,0,1082,55607,0,5,0,5,Yes,0,0,0,,0,0,NEITHER,0,0,0,0,0,0,0,0,0,0,0,0,0,0,0,0,0,0,0,0,0,0,0,0,0,0,0,0,0,0,0,0,0,0,0,0,0,0,0,,No,100 - 149,Non-Profit Corporation (i,0,0,0,1,0,0,0,0,0,0,0,0,0,0,0,0,1,0,0,0,0,0,0,0,0,0,0,0,,,,Urban,COW HOLLOW/FINANCIAL DISTRICT/MARINA/NOB HILL/PACIFIC HEIGHTS/RUSSIAN HILL/SEACLIFF,106380826,,,,,,
106380842,JEWISH HOME,302 SILVER AVENUE,SAN FRANCISCO,94112-1596,415-334-2500,Yes,01/01/2013,12/31/2013,Open,05/01/1987,05/01/1987,,NO,17,11,12,6075025500,162c,,04 - West Bay,San Francisco,220000224,Parent Facility,-122.43168,37.72884,Acute Psychiatric,Non-Profit Corporation (incl. Church-related),Psychiatric,0,0,0,0,0,0,0,0,0,0,0,0,0,0,0,0,0,0,0,0,0,0,0,0,0,0,0,0,0,0,0,0,0,0,0,0,0,0,0,0,0,0,0,0,0,0,0,0,0,13,4745,170,3294,478,174470,740,0,125302,0,0,0,0,0,0,0,0,491,179215,910,128596,0,0,0,0,0,0,0,0,0,0,6,0,6,0,0,6,6,5,1,0,0,0,0,0,0,0,0,6,,Yes,,YES,,No,0,0,0,0,0,0,0,0,0,0,0,0,0,0,0,0,0,0,No,0,0,0,0,0,0,0,0,0,0,0,0,0,Respondent,0,0,0,0,0,0,0,0,,0,0,0,,0,0,NEITHER,0,0,0,0,0,0,0,0,0,0,0,0,0,0,0,0,0,0,0,0,0,0,0,0,0,0,0,0,0,0,0,0,0,0,0,0,0,0,0,,No,300 - 499,Non-Profit Corporation (i,0,0,0,1,0,0,0,0,0,0,0,0,0,0,0,0,1,0,0,0,0,0,0,0,0,0,0,0,,,,Urban,BERNAL HEIGHTS/MISSION DISTRICT/POTRERO HILL,106380842,,,,,,
106380857,KAISER FND HOSP - SAN FRANCISCO,2425 GEARY BOULEVARD,SAN FRANCISCO,94115,415-833-2000,Yes,01/01/2013,12/31/2013,Open,02/16/1954,02/16/1954,,YES,19,11,12,6075015700,162h,,04 - West Bay,San Francisco,220000188,Parent Facility,-122.44289,37.78274,General Acute Care,Non-Profit Corporation (incl. Church-related),General Medical / Surgical,161,58765,7679,32767,22,8030,2812,7539,10,3650,466,1163,32,11680,529,2468,6651,0,0,0,0,0,0,0,0,0,0,0,0,0,0,0,22,8030,229,128,4501,0,0,0,0,247,90155,11715,52621,0,0,0,0,0,0,0,0,0,0,0,,0,0,0,0,0,0,0,0,0,247,90155,11715,52621,0,0,0,0,0,0,0,2465,4760,0,0,0,0,0,0,0,0,0,0,0,0,0,0,0,0,0,0,0,,,,,,Yes,Basic,Basic,7888,1,7307,53,8124,664,4893,2812,345,1092,28557,4622,33179,24,0,43,Yes,14,9,10,1,4,7,2,0,6,4,3,15,75,Respondent,3238,665568,7510,644843,0,0,12,12,Yes,2701,392,100,,0,735,CV SURG,3,0,0,628,289,628,289,440,4,0,2,0,1,419,852,702,1272,1121,2127,1121,14,116,202,33,12,1197,621,73,1,28,49,0,120,48,1,30,0,0,3666,,No,200 - 299,Non-Profit Corporation (i,1,0,0,0,0,0,0,0,0,0,0,0,0,0,0,0,1,0,0,0,0,33179,7889,7360,8788,7705,1437,0,,,1,Urban,LAUREL HEIGHTS/OCEAN BEACH NORTH/RICHMOND/SUTRO HEIGHTS,106380857,,,,,,
106380865,LAGUNA HONDA HOSPITAL AND REHABILITATION CENTER,375 LAGUNA HONDA BOULEVARD,SAN FRANCISCO,94116,415-759-2363,Yes,01/01/2013,12/31/2013,Open,07/01/1953,07/01/1953,,NO,17,11,12,6075030500,162g,,04 - West Bay,San Francisco,220000040,Parent Facility,-122.45871,37.74761,General Acute Care,City and/or County,Long-Term Care (SN/IC),6,2190,99,409,0,0,0,0,0,0,0,0,0,0,0,0,0,0,0,0,0,0,0,0,0,0,0,0,0,0,0,0,0,0,0,0,0,5,1825,52,850,11,4015,151,1259,0,0,0,0,0,0,0,0,769,280685,858,,275375,0,0,0,0,0,0,0,0,780,284700,1009,276634,0,0,0,0,0,0,0,0,0,0,0,0,0,0,0,0,0,0,0,0,0,0,0,0,0,0,0,0,,Yes,,YES,,No,0,0,0,0,0,0,0,0,0,0,0,0,0,0,0,0,0,0,No,0,0,0,0,0,0,0,0,0,0,0,0,0,Respondent,0,0,0,0,0,0,0,0,,0,0,0,,0,0,NEITHER,0,0,0,0,0,0,0,0,0,0,0,0,0,0,0,0,0,0,0,0,0,0,0,0,0,0,0,0,0,0,0,0,0,0,0,0,0,0,0,,No,500+,City and/or County,0,0,0,1,0,0,0,0,0,0,0,0,0,0,0,0,1,0,0,0,0,0,0,0,0,0,0,0,,,,Urban,BUENA VISTA/CASTRO/EUREKA VALLEY/FOREST HILL/HAIGHT-ASHBURY/NOE VALLEY/WEST OF TWIN PEAKS,106380865,,,,,,
106380868,LANGLEY PORTER PSYCHIATRIC INSTITUTE,401 PARNASSUS AVENUE,SAN FRANCISCO,94143,415-476-7000,Yes,01/01/2013,12/31/2013,Open,01/01/1943,01/01/1943,,NO,17,11,12,6075030102,162g,,04 - West Bay,San Francisco,220000377,Parent Facility,-122.45665,37.76372,Acute Psychiatric,University of California,Psychiatric,0,0,0,0,0,0,0,0,0,0,0,0,0,0,0,0,0,0,0,0,0,0,0,0,0,0,0,0,0,0,0,0,0,0,0,0,0,0,0,0,0,0,0,0,0,0,0,0,0,67,24455,749,6563,0,0,0,0,0,0,0,0,0,0,0,0,0,67,24455,749,6563,0,0,0,0,0,0,0,0,0,0,14,0,14,0,10,4,14,7,3,0,0,0,0,3,0,0,1,14,,,,,,No,0,0,0,0,0,0,0,0,0,0,0,0,0,0,0,0,0,0,No,0,0,0,0,0,0,0,0,0,0,0,0,0,Respondent,0,0,0,0,0,0,0,0,,0,0,0,,0,0,NEITHER,0,0,0,0,0,0,0,0,0,0,0,0,0,0,0,0,0,0,0,0,0,0,0,0,0,0,0,0,0,0,0,0,0,0,0,0,0,0,0,,No,50 - 99,University of California,0,0,0,1,0,0,0,0,0,0,0,0,0,0,0,0,1,0,0,0,0,0,0,0,0,0,0,0,,,,Urban,BUENA VISTA/CASTRO/EUREKA VALLEY/FOREST HILL/HAIGHT-ASHBURY/NOE VALLEY/WEST OF TWIN PEAKS,106380868,,,,,,
106380895,UCSF MEDICAL CENTER AT MOUNT ZION,1600 DIVISADERO STREET,SAN FRANCISCO,94115,415-476-1000,Yes,01/01/2013,12/31/2013,Open,04/01/2001,01/01/1946,,YES,19,11,12,6075015500,162h,,04 - West Bay,San Francisco,220000091,Consolidated Facility,-122.43959,37.78436,General Acute Care,University of California,General Medical / Surgical,133,48545,2800,16413,0,0,0,0,0,0,0,0,7,2555,72,157,845,0,0,0,0,0,0,0,0,0,0,0,0,0,0,0,0,0,0,0,0,0,0,0,0,140,51100,2872,17258,0,0,0,0,0,0,0,0,0,0,0,,0,0,0,0,0,0,0,0,0,140,51100,2872,17258,0,0,0,0,0,0,0,0,0,0,0,0,0,0,0,0,0,0,0,0,0,0,0,0,0,0,0,0,,,,,,Yes,0,0,0,0,0,0,0,0,0,0,0,0,0,0,0,0,0,0,No,0,0,0,0,0,0,0,0,0,0,0,0,0,Respondent,1962,546790,3932,525531,0,0,10,10,Yes,0,0,0,,0,0,NEITHER,0,0,0,0,0,0,0,0,0,0,0,0,0,0,0,0,0,0,0,0,0,0,0,0,0,0,0,0,0,0,0,0,0,0,0,0,0,0,0,,No,100 - 149,University of California,0,0,0,1,0,0,0,0,0,0,0,0,0,0,0,0,1,0,0,0,0,0,0,0,0,0,0,0,,,,Urban,LAUREL HEIGHTS/OCEAN BEACH NORTH/RICHMOND/SUTRO HEIGHTS,106380895,,,,,,
106380929,CALIFORNIA PACIFIC MED CTR-PACIFIC CAMPUS,2333 BUCHANAN STREET,SAN FRANCISCO,94115,415-600-6000,Yes,01/01/2013,12/31/2013,Open,04/02/1973,04/02/1973,,YES,19,11,12,6075013500,162b,,04 - West Bay,San Francisco,220000197,Parent Facility,-122.43102,37.79149,General Acute Care,Non-Profit Corporation (incl. Church-related),General Medical / Surgical,255,93191,12294,51711,0,0,0,0,0,0,0,0,29,10585,226,3017,6086,7,2555,80,716,1445,0,0,0,0,0,0,0,0,0,0,0,0,0,0,0,0,0,0,0,291,106331,12600,59242,0,0,0,0,18,6570,697,4070,0,0,0,,0,0,0,0,0,0,0,0,0,309,112901,13297,63312,0,0,0,0,0,0,0,0,0,0,8,0,8,0,7,1,8,0,2,3,0,0,0,3,0,0,0,8,Yes,,,,,No,Basic,Basic,32,1,1137,1,6384,23,7601,641,4960,7207,20114,7873,27987,19,0,516,Yes,22,27,15,7,15,7,0,15,7,15,7,74,211,Respondent,4104,747543,1193,161558,0,0,11,11,Yes,0,0,0,,0,0,CV SURG,0,0,0,229,5,229,5,85,4,7,0,3,0,825,341,1447,973,2282,1314,1109,101,101,94,49,45,354,46,11,1,1,54,467,11,6,0,8,3,1118,3579,Yes,No,300 - 499,Non-Profit Corporation (i,1,0,0,0,0,0,0,0,0,0,0,0,0,0,0,0,1,0,0,0,0,27987,33,1138,6407,8242,12167,0,,,1,Urban,COW HOLLOW/FINANCIAL DISTRICT/MARINA/NOB HILL/PACIFIC HEIGHTS/RUSSIAN HILL/SEACLIFF,106380929,,,,,,
106380933,CALIFORNIA PACIFIC MED CTR-DAVIES CAMPUS,45 CASTRO STREET,SAN FRANCISCO,94114,415-600-7262,Yes,01/01/2013,12/31/2013,Open,01/01/1946,01/01/1946,,NO,17,11,12,6075016900,162g,,04 - West Bay,San Francisco,220000197,Consolidated Facility,-122.43465,37.7691,General Acute Care,Non-Profit Corporation (incl. Church-related),General Medical / Surgical,133,48690,3086,13577,0,0,0,0,0,0,0,0,8,2920,77,875,2176,0,0,0,0,0,0,0,0,0,0,0,0,0,0,0,0,0,0,0,0,48,17520,523,9054,189,69130,3686,24807,0,0,0,0,0,0,0,0,38,13870,440,287,9312,0,0,0,0,0,0,0,0,227,83000,4126,34119,0,0,0,0,0,0,0,0,0,0,0,0,0,0,0,0,0,0,0,0,0,0,0,0,0,0,0,0,,,,,,No,Basic,Basic,40,0,1274,0,5659,12,4038,385,1748,1239,12759,1636,14395,11,0,272,Yes,52,40,30,29,22,22,22,22,22,22,36,37,356,Respondent,1834,314966,2681,233476,0,0,8,8,Yes,0,0,0,,0,0,NEITHER,0,0,0,0,0,0,0,0,0,0,0,0,0,0,0,0,0,0,0,0,0,0,0,0,0,0,0,0,0,0,0,0,0,0,0,0,0,0,0,,No,200 - 299,Non-Profit Corporation (i,1,0,0,0,0,0,0,0,0,0,0,0,0,0,0,0,1,0,0,0,0,14395,40,1274,5671,4423,2987,0,,,1,Urban,BUENA VISTA/CASTRO/EUREKA VALLEY/FOREST HILL/HAIGHT-ASHBURY/NOE VALLEY/WEST OF TWIN PEAKS,106380933,,,,,,
106380939,SAN FRANCISCO GENERAL HOSPITAL,1001 POTRERO AVENUE,SAN FRANCISCO,94110,415-206-8000,Yes,01/01/2013,12/31/2013,Open,07/01/1953,07/01/1953,Level I,YES,17,11,12,6075022802,162c,,04 - West Bay,San Francisco,220000063,Parent Facility,-122.40637,37.75657,General Acute Care,City and/or County,General Medical / Surgical,330,120450,11482,57993,23,8395,1220,3557,8,2920,317,688,22,8030,437,1841,9006,8,2920,0,0,0,0,0,0,0,0,0,0,0,0,0,12,4380,14,83,543,0,0,0,0,403,147095,13470,71787,0,0,0,0,106,38690,2243,18604,89,32485,449,0,13575,0,0,0,0,0,0,0,0,598,218270,16162,103966,0,0,0,0,0,0,0,957,1868,0,40,0,40,0,36,4,40,12,0,21,0,0,1,0,0,0,6,40,Yes,,,,,No,Comprehensive,Comprehensive,17088,0,12656,0,13403,0,3993,0,1662,0,48802,14478,63280,24,0,0,Yes,254,255,288,266,271,270,321,270,270,280,246,250,3241,Respondent,4190,797580,3086,354052,0,0,10,10,Yes,1087,94,22,,0,214,CATH LAB,0,0,0,0,0,0,0,0,1,0,0,0,0,323,141,131,10,454,151,587,0,22,12,0,0,95,17,0,0,0,0,0,0,0,0,5,0,49,787,,No,500+,City and/or County,0,1,0,0,1,1,0,0,0,0,0,0,0,0,1,1,0,63280,0,0,0,0,17088,12656,13403,3993,1662,14478,,,1,Urban,BERNAL HEIGHTS/MISSION DISTRICT/POTRERO HILL,106380939,,,,,,
106380960,ST. FRANCIS MEMORIAL HOSPITAL,900 HYDE STREET,SAN FRANCISCO,94109,415-353-6000,Yes,01/01/2013,12/31/2013,Open,01/01/1946,01/01/1946,,NO,17,11,12,6075011100,162b,,04 - West Bay,San Francisco,220000069,Parent Facility,-122.41695,37.78917,General Acute Care,Non-Profit Corporation (incl. Church-related),General Medical / Surgical,205,74825,3046,16399,0,0,0,0,0,0,0,0,10,3650,265,1011,4702,8,2920,0,0,0,0,0,0,0,0,10,3650,222,0,2889,0,0,0,0,0,20,7300,439,5137,253,92345,3972,29127,0,0,0,0,35,12775,1170,6595,0,0,0,,0,0,0,0,0,0,0,0,0,288,105120,5142,35722,0,0,0,0,0,0,0,0,0,0,17,0,17,0,13,4,17,6,0,5,1,0,1,4,0,0,0,17,Yes,,,,,No,Basic,Basic,693,1,5143,9,14067,29,7496,1431,547,2250,27946,3720,31666,19,0,442,Yes,101,65,41,53,20,27,31,33,44,20,30,79,544,Respondent,1676,288890,1776,181443,0,0,9,9,Yes,0,0,0,,0,0,CATH LAB,0,0,0,0,0,0,0,0,0,0,0,0,0,0,0,0,0,0,0,0,0,0,0,0,0,0,0,0,0,0,0,0,0,0,0,0,0,0,0,,No,200 - 299,Non-Profit Corporation (i,1,0,0,0,0,0,0,0,0,0,0,0,0,0,0,0,1,0,0,0,0,31666,694,5152,14096,8927,2797,0,,,1,Urban,COW HOLLOW/FINANCIAL DISTRICT/MARINA/NOB HILL/PACIFIC HEIGHTS/RUSSIAN HILL/SEACLIFF,106380960,,,,,,
106380964,CALIFORNIA PACIFIC MEDICAL CENTER - ST. LUKES CAMPUS,3555 CESAR CHAVEZ STREET,SAN FRANCISCO,94110,415-600-6000,Yes,01/01/2013,12/31/2013,Open,01/01/1946,01/01/1946,,NO,17,11,12,6075025300,162c,,04 - West Bay,San Francisco,220000070,Parent Facility,-122.42052,37.74799,General Acute Care,Non-Profit Corporation (incl. Church-related),General Medical / Surgical,98,35770,2340,10507,20,7300,894,2466,8,2920,44,95,10,3650,151,414,1460,5,1825,0,0,0,0,0,0,0,0,0,0,0,0,0,8,2920,104,6,358,0,0,0,0,149,54385,3533,14886,0,0,0,0,0,0,0,0,79,28835,353,79,16709,0,0,0,0,0,0,0,0,228,83220,3886,31595,0,0,0,0,0,0,0,813,1847,0,0,0,0,0,0,0,0,0,0,0,0,0,0,0,0,0,0,0,,,,,,No,Basic,Basic,44,0,2671,2,11918,20,7538,276,544,1770,22715,2068,24783,10,0,967,Yes,97,87,67,58,37,65,45,52,79,74,94,119,874,Respondent,788,92277,1109,85782,0,0,9,9,Yes,954,32,2,,0,120,CATH LAB,0,0,0,0,0,0,0,0,1,0,0,0,0,106,9,101,8,207,17,83,0,0,0,0,0,0,0,0,0,0,0,0,7,14,0,0,0,77,181,,No,200 - 299,Non-Profit Corporation (i,1,0,0,0,0,0,0,0,0,0,0,0,0,0,0,0,1,0,0,0,0,24783,44,2673,11938,7814,2314,0,,,1,Urban,BERNAL HEIGHTS/MISSION DISTRICT/POTRERO HILL,106380964,,,,,,
106380965,"ST. MARYS MEDICAL CENTER, SAN FRANCISCO",450 STANYAN STREET,SAN FRANCISCO,94117,415-668-1000,Yes,01/01/2013,12/31/2013,Open,01/01/1946,01/01/1946,,YES,17,11,12,6075016500,162g,,04 - West Bay,San Francisco,220000071,Parent Facility,-122.45441,37.77408,General Acute Care,Non-Profit Corporation (incl. Church-related),General Medical / Surgical,263,95995,4409,17508,0,0,0,0,0,0,0,0,37,13505,139,892,2912,0,0,0,0,0,0,0,0,0,0,0,0,0,0,0,0,0,0,0,0,36,13140,389,4654,336,122640,4937,25074,0,0,0,0,35,12775,852,3301,32,11680,509,,5955,0,0,0,0,0,0,0,0,403,147095,6298,34330,0,0,0,0,0,0,0,0,0,0,2,0,2,2,0,0,2,0,0,1,1,0,0,0,0,0,0,2,Yes,,,,,No,Basic,Basic,332,1,2480,2,7203,31,3742,1841,396,828,14153,2703,16856,13,0,292,Yes,17,20,2,5,2,23,13,25,19,8,13,15,162,Respondent,1699,337014,3027,272088,0,1,14,15,,0,0,0,,0,0,CV SURG,2,0,0,43,3,43,3,21,2,0,0,0,0,63,41,308,171,371,212,450,0,49,8,5,3,95,7,0,0,0,5,8,12,10,0,1,0,0,653,,No,300 - 499,Non-Profit Corporation (i,1,0,0,0,0,0,0,0,0,0,0,0,0,0,0,0,1,0,0,0,0,16856,333,2482,7234,5583,1224,0,,,1,Urban,BUENA VISTA/CASTRO/EUREKA VALLEY/FOREST HILL/HAIGHT-ASHBURY/NOE VALLEY/WEST OF TWIN PEAKS,106380965,,,,,,
106381154,UCSF MEDICAL CENTER,505 PARNASSUS AVENUE,SAN FRANCISCO,94143,415-476-1000,Yes,01/01/2013,12/31/2013,Open,01/01/1917,01/01/1917,,YES,17,11,12,6075030102,162g,,04 - West Bay,San Francisco,220000091,Parent Facility,-122.4576564,37.7635148,General Acute Care,University of California,General Medical / Surgical,310,113150,18161,92501,30,10950,2119,7948,87,31755,3896,21344,86,31390,597,2666,22610,16,5840,65,489,5183,0,0,0,0,0,0,0,0,0,0,51,18615,655,266,12759,0,0,0,0,580,211700,25493,162345,0,0,0,0,0,0,0,0,0,0,0,,0,0,0,0,0,0,0,0,0,580,211700,25493,162345,0,0,0,0,0,0,26,1532,3684,0,0,0,0,0,0,0,0,0,0,0,0,0,0,0,0,0,0,0,,,,,,Yes,Basic,Basic,653,1,1274,1,12401,7,7709,26,7738,10289,29775,10324,40099,33,0,1336,Yes,140,79,81,46,52,24,27,76,33,66,51,132,807,Respondent,10866,2631799,10954,949579,0,8,27,35,Yes,2022,228,54,,0,565,CV SURG,3,222,0,235,6,457,6,97,4,159,131,150,349,601,984,634,1471,1544,2935,1544,203,84,110,60,27,179,28,3,0,46,231,430,534,111,0,36,3,850,4479,Yes,No,500+,University of California,1,0,0,0,0,0,0,0,0,0,0,0,0,0,0,0,1,0,0,0,0,40099,654,1275,12408,7735,18027,0,,,1,Urban,BUENA VISTA/CASTRO/EUREKA VALLEY/FOREST HILL/HAIGHT-ASHBURY/NOE VALLEY/WEST OF TWIN PEAKS,106381154,,,,,,
106382715,CHINESE HOSPITAL,845 JACKSON STREET,SAN FRANCISCO,94133,415-982-2400,Yes,01/01/2013,12/31/2013,Open,01/01/1946,01/01/1946,,NO,17,11,12,6075011300,162a,,04 - West Bay,San Francisco,220000122,Parent Facility,-122.40926,37.79565,General Acute Care,Non-Profit Corporation (incl. Church-related),General Medical / Surgical,49,17885,1850,10243,0,0,0,0,0,0,0,0,5,1825,52,33,1012,0,0,0,0,0,0,0,0,0,0,0,0,0,0,0,0,0,0,0,0,0,0,0,0,54,19710,1902,11255,0,0,0,0,0,0,0,0,0,0,0,0,0,0,0,0,0,0,0,0,0,54,19710,1902,11255,0,0,0,0,0,0,0,0,0,0,0,0,0,0,0,0,0,0,0,0,0,0,0,0,0,0,0,0,,,,,,No,Standby,Standby,1292,8,1056,6,1387,209,713,649,231,570,4679,1442,6121,5,0,106,Yes,141,128,141,137,141,137,141,141,137,141,137,141,1663,Respondent,361,48669,2012,119982,0,0,2,2,Yes,0,0,0,,0,0,NEITHER,0,0,0,0,0,0,0,0,0,0,0,0,0,0,0,0,0,0,0,0,0,0,0,0,0,0,0,0,0,0,0,0,0,0,0,0,0,0,0,,No,50 - 99,Non-Profit Corporation (i,0,0,1,0,0,0,0,0,0,0,0,0,0,0,0,0,1,0,0,0,0,6121,1300,1062,1596,1362,801,0,,,1,Urban,CHINATOWN/CIVIC CENTER/INNER MISSION/NORTH BEACH/SOUTH OF MARKET/TENDERLOIN/WESTERN ADDITION,106382715,,,,,,
106390846,DAMERON HOSPITAL,525 WEST ACACIA,STOCKTON,95203,209-944-5550-3673,Yes,01/01/2013,12/31/2013,Open,01/01/1946,01/01/1946,,NO,13,5,9,6077000401,169b,,06 - North San Joaquin,San Joaquin,30000024,Parent Facility,-121.30061,37.9613,General Acute Care,Non-Profit Corporation (incl. Church-related),General Medical / Surgical,125,45625,5532,18752,21,7665,1365,3609,16,5840,339,828,12,4380,226,343,2549,12,4380,218,233,1700,0,0,0,0,0,0,0,0,0,0,16,5840,12,105,283,0,0,0,0,202,73730,7692,27721,0,0,0,0,0,0,0,0,0,0,0,,0,0,0,0,0,0,0,0,0,202,73730,7692,27721,0,0,0,0,0,0,24,1299,2160,0,0,0,0,0,0,0,0,0,0,0,0,0,0,0,0,0,0,0,,,,,,No,Basic,Basic,497,0,7801,6,16421,28,11663,673,4151,3435,40533,4142,44675,13,241,623,No,0,0,0,0,0,0,0,0,0,0,0,0,0,Respondent,1716,265651,1654,136073,7,2,1,10,,1299,139,41,,0,400,CV SURG,2,0,0,38,12,38,12,45,2,0,0,0,0,581,568,294,0,875,568,330,0,88,250,2,12,171,9,0,0,0,13,24,1127,0,25,175,0,1155,3381,,No,200 - 299,Non-Profit Corporation (i,1,0,0,0,0,0,0,0,0,0,0,0,0,0,0,0,1,0,0,0,0,44675,497,7807,16449,12336,7586,0,,,,Urban,FRENCH CAMP/STOCKTON SOUTH/STOCKTON SOUTHEAST,106390846,,,,,,
106390922,LODI MEMORIAL HOSPITAL - WEST,800 SO. LOWER SACRAMENTO ROAD,LODI,95242-3639,209-334-3411,Yes,01/01/2013,12/31/2013,Open,06/20/1967,06/20/1967,,NO,9,5,9,6077004303,166,,06 - North San Joaquin,San Joaquin,30000056,Consolidated Facility,-121.3063,38.11916,General Acute Care,Non-Profit Corporation (incl. Church-related),General Medical / Surgical,0,0,0,0,0,0,0,0,0,0,0,0,0,0,0,0,0,0,0,0,0,0,0,0,0,0,0,0,0,0,0,0,0,0,0,0,0,24,8760,0,0,24,8760,0,0,0,0,0,0,0,0,0,0,0,0,0,,0,0,0,0,0,0,0,0,0,24,8760,0,0,0,0,0,0,0,0,0,0,0,0,0,0,0,0,0,0,0,0,0,0,0,0,0,0,0,0,0,0,,,,,,No,0,0,0,0,0,0,0,0,0,0,0,0,0,0,0,0,0,0,No,0,0,0,0,0,0,0,0,0,0,0,0,0,Respondent,0,0,0,0,0,0,0,0,,0,0,0,,0,0,NEITHER,0,0,0,0,0,0,0,0,0,0,0,0,0,0,0,0,0,0,0,0,0,0,0,0,0,0,0,0,0,0,0,0,0,0,0,0,0,0,0,,No,1 - 49,Non-Profit Corporation (i,0,0,0,1,0,0,0,0,0,0,0,0,0,0,0,0,1,0,0,0,0,0,0,0,0,0,0,0,,,,Urban,LODI,106390922,,,,,,
106390923,LODI MEMORIAL HOSPITAL,975 SOUTH FAIRMONT AVENUE,LODI,95240-5179,209-334-3411,Yes,01/01/2013,12/31/2013,Open,04/02/1952,04/02/1952,,NO,9,5,9,6077004302,166,,06 - North San Joaquin,San Joaquin,30000056,Parent Facility,-121.2859,38.12146,General Acute Care,Non-Profit Corporation (incl. Church-related),General Medical / Surgical,156,56940,5247,25784,16,5840,1059,2100,0,0,0,0,10,3650,165,784,2756,0,0,0,0,0,0,0,0,0,0,0,0,0,0,0,0,0,0,0,0,8,2920,129,1576,190,69350,6600,32216,0,0,0,0,0,0,0,0,0,0,0,,0,0,0,0,0,0,0,0,0,190,69350,6600,32216,0,0,0,0,0,0,15,1034,1796,0,0,0,0,0,0,0,0,0,0,0,0,0,0,0,0,0,0,0,,,,,,No,Basic,Basic,1581,6,3913,7,9404,31,9795,109,3634,4890,28327,5043,33370,28,0,823,Yes,7,20,4,10,8,0,7,15,5,0,6,14,96,Respondent,1635,164400,2475,208221,0,0,6,6,,1034,27,4,,0,348,CATH LAB,0,0,0,0,0,0,0,0,1,0,0,0,0,66,0,58,0,124,0,124,0,0,0,0,0,0,0,0,0,0,0,0,525,394,0,0,0,0,1043,,No,150 - 199,Non-Profit Corporation (i,1,0,0,0,0,0,0,0,0,0,0,0,0,0,0,0,1,0,0,0,0,33370,1587,3920,9435,9904,8524,0,,,1,Urban,LODI,106390923,,,,,,
106391010,SAN JOAQUIN GENERAL HOSPITAL,500 WEST HOSPITAL ROAD,FRENCH CAMP,95231,209-468-6600,Yes,01/01/2013,12/31/2013,Open,07/01/1953,07/01/1953,Level III,NO,13,5,9,6077003803,169b,,06 - North San Joaquin,San Joaquin,30000087,Parent Facility,-121.28918,37.88594,General Acute Care,City and/or County,General Medical / Surgical,121,44165,5761,22226,26,9490,1714,4755,8,2920,531,1254,16,5840,222,867,3683,0,0,0,0,0,0,0,0,0,0,0,0,0,0,0,25,9125,433,0,5216,0,0,0,0,196,71540,8661,37134,0,0,0,0,0,0,0,0,0,0,0,,0,0,0,0,0,0,0,0,0,196,71540,8661,37134,0,0,0,0,0,0,16,1461,3099,0,0,0,0,0,0,0,0,0,0,0,0,0,0,0,0,0,0,0,,,,,,No,Basic,Basic,292,0,11044,145,9229,356,4309,1045,6756,3689,31630,5235,36865,19,1838,2539,No,0,0,0,0,0,0,0,0,0,0,0,0,0,Respondent,2189,236850,2624,154940,0,0,6,6,,1832,146,26,,0,0,CATH LAB,0,0,0,0,0,0,0,0,1,0,0,0,0,232,0,191,0,423,0,342,0,14,0,26,0,0,0,0,0,0,0,0,35,3,0,0,0,11,431,,No,150 - 199,City and/or County,1,0,0,0,0,0,0,0,0,0,0,0,0,0,0,0,1,0,0,0,0,36865,292,11189,9585,5354,10445,0,,,,Urban,FRENCH CAMP/STOCKTON SOUTH/STOCKTON SOUTHEAST,106391010,,,,,,
106391042,ST. JOSEPHS MEDICAL CENTER OF STOCKTON,1800 NORTH CALIFORNIA STREET,STOCKTON,95204,209-467-6315,Yes,01/01/2013,12/31/2013,Open,03/28/1946,03/28/1946,,NO,13,5,9,6077001300,169a,,06 - North San Joaquin,San Joaquin,30000284,Parent Facility,-121.2891,37.97075,General Acute Care,Non-Profit Corporation (incl. Church-related),General Medical / Surgical,265,96725,10921,46232,27,9855,2480,6768,13,4745,705,1512,20,7300,331,1493,4975,9,3285,175,555,2103,10,3650,135,528,2129,0,0,0,0,0,22,8030,336,0,6136,0,0,0,0,366,133590,15083,69855,0,0,0,0,0,0,0,0,0,0,0,0,0,0,0,0,0,0,0,0,0,366,133590,15083,69855,0,0,0,0,0,0,27,2085,4740,0,0,0,0,0,0,0,0,0,0,0,0,0,0,0,0,0,0,0,,,,,,No,Basic,Basic,10465,22,19896,62,11504,3421,2444,4427,190,1439,44499,9371,53870,32,0,650,Yes,41,58,51,41,27,28,30,23,11,46,49,63,468,Respondent,3320,509566,4060,303972,0,6,9,15,Yes,2336,135,43,,0,686,CV SURG,2,0,0,215,92,215,92,234,3,0,0,0,0,843,444,1035,345,1878,789,1867,0,114,38,95,55,537,60,1,0,0,11,80,223,497,19,40,0,51,3688,Yes,No,300 - 499,Non-Profit Corporation (i,1,0,0,0,0,0,0,0,0,0,0,0,0,0,0,0,1,0,0,0,0,53870,10487,19958,14925,6871,1629,0,,,1,Urban,STOCKTON NORTH CENTRAL/STOCKTON NORTHEAST,106391042,,,,,,
106391056,SUTTER TRACY COMMUNITY HOSPITAL,1420 NORTH TRACY BOULEVARD,TRACY,95376,209-835-1500,Yes,01/01/2013,12/31/2013,Open,07/01/1948,07/01/1948,,NO,13,5,10,6077005303,163,,06 - North San Joaquin,San Joaquin,30000105,Parent Facility,-121.43482,37.74366,General Acute Care,Non-Profit Corporation (incl. Church-related),General Medical / Surgical,67,24455,2746,8240,7,2555,661,1515,0,0,0,0,8,2920,199,312,1584,0,0,0,0,0,0,0,0,0,0,0,0,0,0,0,0,0,0,0,0,0,0,0,0,82,29930,3606,11339,0,0,0,0,0,0,0,0,0,0,0,,0,0,0,0,0,0,0,0,0,82,29930,3606,11339,0,0,0,0,0,0,8,625,1260,0,0,0,0,0,0,0,0,0,0,0,0,0,0,0,0,0,0,0,,,,,,No,Basic,Basic,299,1,4069,1,13197,21,8734,350,3589,2137,29888,2510,32398,14,0,933,Yes,7,13,0,3,0,0,0,3,6,3,0,8,43,Respondent,868,50021,1684,77442,0,0,4,4,Yes,627,15,3,,0,198,NEITHER,0,0,0,0,0,0,0,0,0,0,0,0,0,0,0,0,0,0,0,0,0,0,0,0,0,0,0,0,0,0,0,0,0,0,0,0,0,0,0,,No,50 - 99,Non-Profit Corporation (i,1,0,0,0,0,0,0,0,0,0,0,0,0,0,0,0,1,0,0,0,0,32398,300,4070,13218,9084,5726,0,,,1,Urban,TRACY,106391056,,,,,,
106392232,ST. JOSEPHS BEHAVIORAL HEALTH CENTER,2510 NORTH CALIFORNIA STREET,STOCKTON,95204,209-467-6315,Yes,01/01/2013,12/31/2013,Open,06/28/1957,06/28/1957,,NO,13,5,9,6077001300,169a,,06 - North San Joaquin,San Joaquin,30000367,Parent Facility,-121.29122,37.9763,Acute Psychiatric,Non-Profit Corporation (incl. Church-related),Psychiatric,0,0,0,0,0,0,0,0,0,0,0,0,0,0,0,0,0,0,0,0,0,0,0,0,0,0,0,0,0,0,0,0,0,0,0,0,0,0,0,0,0,0,0,0,0,0,0,0,0,35,12775,1805,11589,0,0,0,0,0,0,0,0,0,0,0,0,0,35,12775,1805,11589,0,0,0,0,0,0,0,0,0,0,29,0,29,0,22,7,29,14,1,0,0,0,8,1,0,0,5,29,,,,,,No,0,0,0,0,0,0,0,0,0,0,0,0,0,0,0,0,0,0,No,0,0,0,0,0,0,0,0,0,0,0,0,0,Respondent,0,0,0,0,0,0,0,0,,0,0,0,,0,0,NEITHER,0,0,0,0,0,0,0,0,0,0,0,0,0,0,0,0,0,0,0,0,0,0,0,0,0,0,0,0,0,0,0,0,0,0,0,0,0,0,0,,No,1 - 49,Non-Profit Corporation (i,0,0,0,1,0,0,0,0,0,0,0,0,0,0,0,0,1,0,0,0,0,0,0,0,0,0,0,0,,,,Urban,STOCKTON NORTH CENTRAL/STOCKTON NORTHEAST,106392232,,,,,,
106392287,DOCTORS HOSPITAL OF MANTECA,1205 EAST NORTH STREET,MANTECA,95336,209-239-8317,Yes,01/01/2013,12/31/2013,Open,02/26/1962,02/26/1962,,NO,12,5,10,6077005110,164.1,,06 - North San Joaquin,San Joaquin,30000203,Parent Facility,-121.19818,37.80118,General Acute Care,Investor - Corporation,General Medical / Surgical,60,21900,2581,10445,5,1825,795,1822,0,0,0,0,8,2920,158,440,1657,0,0,0,0,0,0,0,0,0,0,0,0,0,0,0,0,0,0,0,0,0,0,0,0,73,26645,3534,13924,0,0,0,0,0,0,0,0,0,0,0,,0,0,0,0,0,0,0,0,0,73,26645,3534,13924,0,0,0,0,0,0,6,716,1373,0,0,0,0,0,0,0,0,0,0,0,0,0,0,0,0,0,0,0,,Yes,YES,,,No,Basic,Basic,2603,2,3153,2,11082,20,7567,476,1129,1643,25534,2143,27677,11,0,530,No,0,0,0,0,0,0,0,0,0,0,0,0,0,Respondent,947,109455,1920,156660,0,0,5,5,Yes,708,22,4,,0,238,NEITHER,0,0,0,0,0,0,0,0,0,0,0,0,0,0,0,0,0,0,0,0,0,0,0,0,0,0,0,0,0,0,0,0,0,0,0,0,0,0,0,Yes,No,50 - 99,Investor,1,0,0,0,0,0,0,0,0,0,0,0,0,0,0,0,1,0,0,0,0,27677,2605,3155,11102,8043,2772,0,,,,Urban,LATHROP/MANTECA,106392287,,,,,,
106394003,SAN JOAQUIN COUNTY P.H.F.,1212 NORTH CALIFORNIA,STOCKTON,95202,209-468-8660,Yes,01/01/2013,12/31/2013,Open,01/29/1988,01/29/1988,,NO,13,5,9,6077000402,169b,,06 - North San Joaquin,San Joaquin,M01016012,Parent Facility,-121.28769,37.96559,Psychiatric Health Facility,City and/or County,Psychiatric,0,0,0,0,0,0,0,0,0,0,0,0,0,0,0,0,0,0,0,0,0,0,0,0,0,0,0,0,0,0,0,0,0,0,0,0,0,0,0,0,0,0,0,0,0,0,0,0,0,16,5840,572,5602,0,0,0,0,0,0,0,0,0,0,0,0,0,16,5840,572,5602,0,0,0,0,0,0,0,0,0,0,16,0,16,0,16,0,16,0,0,0,0,0,0,0,16,0,0,16,Yes,,,,,No,0,0,0,0,0,0,0,0,0,0,0,0,0,0,0,0,0,0,No,0,0,0,0,0,0,0,0,0,0,0,0,0,Respondent,0,0,0,0,0,0,0,0,,0,0,0,,0,0,NEITHER,0,0,0,0,0,0,0,0,0,0,0,0,0,0,0,0,0,0,0,0,0,0,0,0,0,0,0,0,0,0,0,0,0,0,0,0,0,0,0,,No,1 - 49,City and/or County,0,0,0,1,0,0,0,0,0,0,0,0,0,0,0,0,1,0,0,0,0,0,0,0,0,0,0,0,,,,Urban,FRENCH CAMP/STOCKTON SOUTH/STOCKTON SOUTHEAST,106394003,,,,,,
106394009,KAISER FND HOSP-MANTECA,1777 WEST YOSEMITE AVENUE,MANTECA,95336,209-735-3500,Yes,01/01/2013,12/31/2013,Open,09/01/1990,09/01/1990,,NO,12,5,10,6077005123,164.1,,06 - North San Joaquin,San Joaquin,30000393,Parent Facility,-121.24612,37.79751,General Acute Care,Non-Profit Corporation (incl. Church-related),General Medical / Surgical,55,20075,1119,2877,0,0,0,0,0,0,0,0,6,2190,197,209,1123,0,0,0,0,0,0,0,0,0,0,0,0,0,0,0,0,0,0,0,0,0,0,0,0,61,22265,1316,4000,0,0,0,0,0,0,0,0,38,13870,29,0,4745,0,0,0,0,0,0,0,0,99,36135,1345,8745,0,0,0,0,0,0,0,0,0,0,0,0,0,0,0,0,0,0,0,0,0,0,0,0,0,0,0,0,,,,,,Yes,Basic,Basic,6727,1,5193,2,5823,45,4380,597,252,274,22375,919,23294,10,0,62,Yes,0,1,0,0,3,0,0,0,0,1,0,0,5,Respondent,273,45692,3061,279943,0,0,3,3,Yes,0,0,0,,0,0,NEITHER,0,0,0,0,0,0,0,0,0,0,0,0,0,0,0,0,0,0,0,0,0,0,0,0,0,0,0,0,0,0,0,0,0,0,0,0,0,0,0,,No,50 - 99,Non-Profit Corporation (i,1,0,0,0,0,0,0,0,0,0,0,0,0,0,0,0,1,0,0,0,0,23294,6728,5195,5868,4977,526,0,,,1,Urban,LATHROP/MANTECA,106394009,,,,,,
106400466,"MARIAN REGIONAL MEDICAL CENTER, ARROYO GRANDE",345 SOUTH HALCYON ROAD,ARROYO GRANDE,93420,805-489-7600,Yes,01/01/2013,12/31/2013,Open,01/10/2013,04/16/1962,,NO,10,2,2,6079011901,171,,08 - Mid-Coast,San Luis Obispo,50000040,Consolidated Facility,-120.59147,35.11369,General Acute Care,Non-Profit Corporation (incl. Church-related),General Medical / Surgical,39,7230,2254,6918,0,0,0,0,0,0,0,0,8,1472,110,150,817,0,0,0,0,0,0,0,0,0,0,0,0,0,0,0,0,0,0,0,0,20,3626,506,5271,67,12328,2870,13006,0,0,0,0,0,0,0,0,0,0,0,,0,0,0,0,0,0,0,0,0,67,12328,2870,13006,0,0,0,0,0,0,0,0,0,0,0,0,0,0,0,0,0,0,0,0,0,0,0,0,0,0,0,0,,,,,,No,0,Basic,933,1,4141,6,10449,34,4457,1184,397,456,20377,1681,22058,12,0,132,No,0,0,0,0,0,0,0,0,0,0,0,0,0,Respondent,866,124384,583,59381,0,0,3,3,,0,0,0,,0,0,NEITHER,0,0,0,0,0,0,0,0,0,0,0,0,0,0,0,0,0,0,0,0,0,0,0,0,0,0,0,0,0,0,0,0,0,0,0,0,0,0,0,,No,50 - 99,Non-Profit Corporation (i,1,0,0,0,0,0,0,0,0,0,0,0,0,0,0,0,1,0,0,0,0,22058,934,4147,10483,5641,853,0,,,,Rural,ARROYO GRANDE/NIPOMO/OCEANO/PISMO BEACH,106400466,,,,,,
106400480,FRENCH HOSPITAL MEDICAL CENTER,1911 JOHNSON AVENUE,SAN LUIS OBISPO,93401,805-542-6300,Yes,01/01/2013,12/31/2013,Open,09/26/1972,09/26/1972,,NO,35,17,24,6079011000,172,,08 - Mid-Coast,San Luis Obispo,50000031,Parent Facility,-120.64977,35.27801,General Acute Care,Non-Profit Corporation (incl. Church-related),General Medical / Surgical,78,28794,3467,10247,8,2920,575,1518,6,2190,0,0,11,3934,235,268,2021,0,0,0,0,0,0,0,0,0,0,0,0,0,0,0,0,0,0,0,0,0,0,0,0,103,37838,4277,13786,0,0,0,0,0,0,0,0,0,0,0,,0,0,0,0,0,0,0,0,0,103,37838,4277,13786,0,0,0,0,0,0,8,578,1291,0,0,0,0,0,0,0,0,0,0,0,0,0,0,0,0,0,0,0,,,,,,No,Basic,Basic,523,1,2487,10,6862,41,4104,1330,458,752,14434,2134,16568,14,0,24,Yes,0,12,0,0,0,181,0,0,0,0,0,9,202,Respondent,1382,200585,2185,155143,0,0,7,7,Yes,584,11,0,,0,142,CV SURG,2,0,0,166,1,166,1,88,2,0,0,0,0,590,295,353,108,943,403,943,0,162,36,47,33,360,43,2,199,0,0,0,133,67,0,17,3,268,2313,,No,100 - 149,Non-Profit Corporation (i,1,0,0,0,0,0,0,0,0,0,0,0,0,0,0,0,1,0,0,0,0,16568,524,2497,6903,5434,1210,0,,,1,Rural,SAN LUIS OBISPO,106400480,,,,,,
106400524,SIERRA VISTA REGIONAL MEDICAL CENTER,1010 MURRAY STREET,SAN LUIS OBISPO,93405,805-546-7600,Yes,01/01/2013,12/31/2013,Open,12/07/1959,12/07/1959,Level III,NO,35,17,24,6079010902,172,,08 - Mid-Coast,San Luis Obispo,50000059,Parent Facility,-120.66576,35.29105,General Acute Care,Investor - Corporation,General Medical / Surgical,106,38690,3140,11103,13,4745,1496,4213,6,2190,353,885,11,4015,101,481,1177,6,2190,73,44,804,0,0,0,0,0,0,0,0,0,0,22,8030,195,13,4695,0,0,0,0,164,59860,5358,22877,0,0,0,0,0,0,0,0,0,0,0,0,0,0,0,0,0,0,0,0,0,164,59860,5358,22877,0,0,0,0,0,0,22,1164,2459,0,0,0,0,0,0,0,0,0,0,0,0,0,0,0,0,0,0,0,,,,,,No,Basic,Basic,1631,2,1119,2,7006,7,6728,374,1984,2017,18468,2402,20870,11,0,109,No,0,0,0,0,0,0,0,0,0,0,0,0,0,Respondent,2114,306510,1536,175860,0,0,7,7,Yes,1284,23,11,,0,455,CATH LAB,0,0,0,0,0,0,0,0,1,0,0,0,0,0,17,18,59,18,76,49,0,15,11,3,1,0,0,0,0,0,0,0,0,0,0,0,0,86,165,Yes,No,150 - 199,Investor,1,0,0,0,0,0,0,0,0,0,0,0,0,0,0,0,1,0,0,0,0,20870,1633,1121,7013,7102,4001,0,,,,Rural,SAN LUIS OBISPO,106400524,,,,,,
106400548,TWIN CITIES COMMUNITY HOSPITAL,1100 LAS TABLAS ROAD,TEMPLETON,93465,805-434-3500,Yes,01/01/2013,12/31/2013,Open,02/07/1977,02/07/1977,,NO,35,17,24,6079012704,170,,08 - Mid-Coast,San Luis Obispo,50000078,Parent Facility,-120.71967,35.5543,General Acute Care,Investor - Corporation,General Medical / Surgical,94,34310,3999,16417,10,3650,707,1668,0,0,0,0,18,6570,131,136,326,0,0,0,0,0,0,0,0,0,0,0,0,0,0,0,0,0,0,0,0,0,0,0,0,122,44530,4837,18411,0,0,0,0,0,0,0,0,0,0,0,,0,0,0,0,0,0,0,0,0,122,44530,4837,18411,0,0,0,0,0,0,12,697,1479,0,0,0,0,0,0,0,0,0,0,0,0,0,0,0,0,0,0,0,,,,,,No,Basic,Basic,2542,10,2382,4,11120,21,10087,576,2917,2855,29048,3466,32514,23,0,293,Yes,0,0,4,0,0,0,0,6,0,0,6,0,16,Respondent,1533,190218,1521,128425,0,0,5,5,Yes,697,28,3,,0,169,CATH LAB,0,0,0,0,0,0,0,0,1,0,0,0,0,0,10,1,8,1,18,0,0,11,11,0,0,0,0,0,0,0,0,0,1,0,0,0,0,0,23,,No,100 - 149,Investor,1,0,0,0,0,0,0,0,0,0,0,0,0,0,0,0,1,0,0,0,0,32514,2552,2386,11141,10663,5772,0,,,1,Rural,ATASCADERO/TEMPLETON,106400548,,,,,,
106400683,ATASCADERO STATE HOSPITAL,P O BOX 7001,ATASCADERO,93423,805-468-2000,Yes,01/01/2013,12/31/2013,Open,06/16/1954,06/16/1954,,NO,35,17,24,6079012503,170,,08 - Mid-Coast,San Luis Obispo,150000498,Parent Facility,-120.65325,35.47178,Acute Psychiatric,State,Psychiatric,0,0,0,0,0,0,0,0,0,0,0,0,0,0,0,0,0,0,0,0,0,0,0,0,0,0,0,0,0,0,0,0,0,0,0,0,0,0,0,0,0,0,0,0,0,0,0,0,0,271,98915,1157,64245,0,0,0,0,0,1004,366460,1012,306232,0,0,0,0,1275,465375,2169,370477,0,0,0,0,0,0,0,0,0,0,143,0,143,0,134,9,143,0,0,0,0,0,0,0,0,0,143,143,,,,,,No,0,0,0,0,0,0,0,0,0,0,0,0,0,0,0,0,0,0,No,0,0,0,0,0,0,0,0,0,0,0,0,0,Respondent,0,0,0,0,0,0,0,0,,0,0,0,,0,0,NEITHER,0,0,0,0,0,0,0,0,0,0,0,0,0,0,0,0,0,0,0,0,0,0,0,0,0,0,0,0,0,0,0,0,0,0,0,0,0,0,0,,Yes,500+,State,0,0,0,1,0,0,0,0,0,0,0,0,0,0,0,0,1,0,0,0,0,0,0,0,0,0,0,0,,,,Rural,ATASCADERO/TEMPLETON,106400683,,,,,,
106404046,SAN LUIS OBISPO CO PSYCHIATRIC HEALTH FACILITY,2178 JOHNSON AVE,SAN LUIS OBISPO,93401,805-781-4711,Yes,01/01/2013,12/31/2013,Open,04/08/2003,04/08/2003,,NO,35,17,24,6079011000,172,,08 - Mid-Coast,San Luis Obispo,M02016035,Parent Facility,-120.6465,35.27461,Psychiatric Health Facility,City and/or County,Psychiatric,0,0,0,0,0,0,0,0,0,0,0,0,0,0,0,0,0,0,0,0,0,0,0,0,0,0,0,0,0,0,0,0,0,0,0,0,0,0,0,0,0,0,0,0,0,0,0,0,0,16,5840,1291,3701,0,0,0,,0,0,0,0,0,0,0,0,0,16,5840,1291,3701,0,0,0,0,0,0,0,0,0,0,12,0,12,2,9,1,12,0,0,0,0,7,0,0,5,0,0,12,Yes,,,,,No,0,0,0,0,0,0,0,0,0,0,0,0,0,0,0,0,0,0,No,0,0,0,0,0,0,0,0,0,0,0,0,0,Respondent,0,0,0,0,0,0,0,0,,0,0,0,,0,0,NEITHER,0,0,0,0,0,0,0,0,0,0,0,0,0,0,0,0,0,0,0,0,0,0,0,0,0,0,0,0,0,0,0,0,0,0,0,0,0,0,0,,No,1 - 49,City and/or County,0,0,0,1,0,0,0,0,0,0,0,0,0,0,0,0,1,0,0,0,0,0,0,0,0,0,0,0,,,,Rural,SAN LUIS OBISPO,106404046,,,,,,
106410742,MILLS  HEALTH CENTER,100 SOUTH SAN MATEO DRIVE,SAN MATEO,94401,650-696-5400,Yes,01/01/2013,12/31/2013,Open,01/01/1946,01/01/1946,,NO,50,30,37,6081606300,176f,,04 - West Bay,San Mateo,220000037,Consolidated Facility,-122.32632,37.56649,General Acute Care,Non-Profit Corporation (incl. Church-related),General Medical / Surgical,21,7665,513,2041,0,0,0,0,0,0,0,0,0,0,0,0,0,0,0,0,0,0,0,0,0,0,0,0,0,0,0,0,0,0,0,0,0,0,0,0,0,21,7665,513,2041,0,0,0,0,39,14235,1624,10799,0,0,0,,0,0,0,0,0,0,0,0,0,60,21900,2137,12840,13,513,2041,0,0,0,0,0,0,0,15,0,15,3,12,0,15,2,3,0,4,0,2,4,0,0,0,15,,,,,,No,0,0,0,0,0,0,0,0,0,0,0,0,0,0,0,0,0,0,No,0,0,0,0,0,0,0,0,0,0,0,0,0,Respondent,0,0,4149,287300,0,10,0,10,Yes,0,0,0,,0,0,NEITHER,0,0,0,0,0,0,0,0,0,0,0,0,0,0,0,0,0,0,0,0,0,0,0,0,0,0,0,0,0,0,0,0,0,0,0,0,0,0,0,,No,50 - 99,Non-Profit Corporation (i,0,0,0,1,0,0,0,0,0,0,0,0,0,0,0,0,1,0,0,0,0,0,0,0,0,0,0,0,,,,Urban,FOSTER CITY/REDWOOD SHORES/SAN MATEO EAST,106410742,,,,,,
106410782,SAN MATEO MEDICAL CENTER,222 WEST 39TH AVENUE,SAN MATEO,94403,650-573-2222,Yes,01/01/2013,12/31/2013,Open,07/01/1953,07/01/1953,,NO,22,13,14,6081607200,176e,,04 - West Bay,San Mateo,220000015,Parent Facility,-122.29951,37.53017,General Acute Care,City and/or County,General Medical / Surgical,86,31390,2774,11326,0,0,0,0,7,2555,28,63,7,2555,121,309,1185,0,0,0,0,0,0,0,0,0,0,0,0,0,0,0,0,0,0,0,0,0,0,0,0,100,36500,2923,12574,0,0,0,0,34,12410,633,8189,375,136875,0,,0,0,0,0,0,0,0,0,0,509,185785,3556,20763,0,0,0,0,0,0,0,0,0,0,22,0,22,0,21,1,22,5,5,10,0,2,0,0,0,0,0,22,,,,,,No,Basic,Basic,2177,43,11095,42,13708,117,10995,1392,1011,1336,38986,2930,41916,15,0,694,No,0,0,0,0,0,0,0,0,0,0,0,0,0,Respondent,738,80914,1973,148602,0,0,3,3,Yes,0,0,0,,0,0,NEITHER,0,0,0,0,0,0,0,0,0,0,0,0,0,0,0,0,0,0,0,0,0,0,0,0,0,0,0,0,0,0,0,0,0,0,0,0,0,0,0,,No,500+,City and/or County,1,0,0,0,0,0,0,0,0,0,0,0,0,0,0,0,1,0,0,0,0,41916,2220,11137,13825,12387,2347,0,,,,Urban,BURLINGAME HILLS/BURLINGAME SOUTHWEST/HILLSBOROUGH/HILLSDALE/MILLBRAE WEST/SAN BRUNO CENTRAL/SAN MAT,106410782,,,,,,
106410804,KAISER FND HOSP - REDWOOD CITY,1150 VETERANS BOULEVARD,REDWOOD CITY,94063,650-299-2000,Yes,01/01/2013,12/31/2013,Open,07/17/1968,07/17/1968,,NO,22,13,14,6081610202,176c,,04 - West Bay,San Mateo,220000021,Parent Facility,-122.2232,37.48948,General Acute Care,Non-Profit Corporation (incl. Church-related),General Medical / Surgical,175,63875,7723,30242,24,8760,1491,3445,0,0,0,0,10,3650,146,1055,2960,0,0,0,0,0,0,0,0,0,0,0,0,0,0,0,4,1460,180,97,640,0,0,0,0,213,77745,9540,37287,0,0,0,0,0,0,0,0,0,0,0,0,0,0,0,0,0,0,0,0,0,213,77745,9540,37287,0,0,0,0,0,0,24,1315,2477,0,0,0,0,0,0,0,0,0,0,0,0,0,0,0,0,0,0,0,,Yes,YES,,,Yes,Basic,Basic,7323,0,5182,14,5527,266,4023,2228,174,862,22229,3370,25599,16,6002,29,No,0,0,0,0,0,0,0,0,0,0,0,0,0,Respondent,2439,421007,4806,389073,2,2,6,10,Yes,1478,49,2,Yes,1212,266,CATH LAB,0,0,0,0,0,0,0,0,1,0,0,0,0,0,41,115,0,115,41,238,0,0,0,0,0,40,1,0,0,0,0,0,0,0,0,2,0,0,281,Yes,No,200 - 299,Non-Profit Corporation (i,1,0,0,0,0,0,0,0,0,0,0,0,0,0,0,0,1,0,0,0,0,25599,7323,5196,5793,6251,1036,0,1,,,Urban,ATHERTON/LINDENWOOD/MENLO OAKS/MENLO PARK/REDWOOD CITY CENTRAL/SHARON HEIGHTS/WEST MENLO PARK/WOODSI,106410804,,,,,,
106410806,KAISER FND HOSP - SOUTH SAN FRANCISCO,1200 EL CAMINO REAL,SOUTH SAN FRANCISCO,94080,650-742-2000,Yes,01/01/2013,12/31/2013,Open,07/01/1974,07/01/1974,,NO,19,13,14,6081601900,176a,,04 - West Bay,San Mateo,220000022,Parent Facility,-122.43837,37.65806,General Acute Care,Non-Profit Corporation (incl. Church-related),General Medical / Surgical,105,38325,5114,17398,0,0,0,0,0,0,0,0,15,5475,109,796,2059,0,0,0,0,0,0,0,0,0,0,0,0,0,0,0,0,0,0,0,0,0,0,0,0,120,43800,5223,19457,0,0,0,0,0,0,0,0,0,0,0,0,0,0,0,0,0,0,0,0,0,120,43800,5223,19457,0,0,0,0,0,0,0,0,0,0,0,0,0,0,0,0,0,0,0,0,0,0,0,0,0,0,0,0,,Yes,YES,,,Yes,Basic,Basic,8706,1,6914,9,8657,355,6264,2585,279,666,30820,3616,34436,19,0,54,No,0,0,0,0,0,0,0,0,0,0,0,0,0,Respondent,1632,211042,3780,352746,0,1,6,7,Yes,0,0,0,,0,0,NEITHER,0,0,0,0,0,0,0,0,0,0,0,0,0,0,0,0,0,0,0,0,0,0,0,0,0,0,0,0,0,0,0,0,0,0,0,0,0,0,0,,No,100 - 149,Non-Profit Corporation (i,1,0,0,0,0,0,0,0,0,0,0,0,0,0,0,0,1,0,0,0,0,34436,8707,6923,9012,8849,945,0,,,,Urban,BRISBANE/BURLINGAME NORTHEAST/COLMA/DALY CITY EAST/MILLBRAE EAST/SAN BRUNO/SOUTH SAN FRANCISCO,106410806,,,,,,
106410817,SETON MEDICAL CENTER,1900 SULLIVAN AVENUE,DALY CITY,94015,650-992-4000,Yes,01/01/2013,12/31/2013,Open,12/12/1965,12/12/1965,,NO,19,11,14,6081601400,176d,,04 - West Bay,San Mateo,220000026,Parent Facility,-122.47283,37.68172,General Acute Care,Non-Profit Corporation (incl. Church-related),General Medical / Surgical,201,73365,6883,40968,18,6570,592,1727,0,0,0,0,14,5110,0,1157,3893,14,5110,0,452,1771,0,0,0,0,0,0,0,0,0,0,3,1095,0,0,0,0,0,0,0,250,91250,7475,48359,0,0,0,0,24,8760,0,0,83,30295,0,0,0,0,0,0,0,0,0,0,0,357,130305,7475,48359,0,0,0,0,0,0,14,620,1228,10,0,0,0,0,0,0,0,0,0,0,0,0,0,0,0,0,0,0,,,,,,No,Basic,Basic,1009,0,5043,0,7201,0,5987,0,1918,0,21158,5797,26955,18,0,55,Yes,0,170,106,116,147,74,72,79,72,116,141,151,1244,Respondent,1715,262015,1074,88725,0,4,9,13,Yes,593,25,1,,0,159,CV SURG,3,0,0,38,52,38,52,60,3,0,0,0,0,405,315,436,247,841,562,843,0,78,5,10,5,465,497,0,38,0,35,42,90,211,4,34,0,0,2357,,No,300 - 499,Non-Profit Corporation (i,1,0,0,0,0,0,0,0,0,0,0,0,0,0,0,0,1,0,0,0,0,26955,1009,5043,7201,5987,1918,5797,,,1,Urban,BROADMOOR VILLAGE/DALY CITY WEST/SAN BRUNO NORTHWEST/SERRAMONTE/WESTBOROUGH,106410817,,,,,,
106410828,SETON COASTSIDE,600 MARINE BOULEVARD,MOSS BEACH,94038,650-563-7100,Yes,01/01/2013,12/31/2013,Open,02/01/2005,01/01/1971,,NO,22,13,14,6081613600,175.1,,04 - West Bay,San Mateo,220000026,Consolidated Facility,-122.50882,37.52439,General Acute Care,Non-Profit Corporation (incl. Church-related),Long-Term Care (SN/IC),5,1825,0,0,0,0,0,0,0,0,0,0,0,0,0,0,0,0,0,0,0,0,0,0,0,0,0,0,0,0,0,0,0,0,0,0,0,0,0,0,0,5,1825,0,0,0,0,0,0,0,0,0,0,116,42340,98,0,38166,0,0,0,0,0,0,0,0,121,44165,98,38166,0,0,0,0,0,0,0,0,0,0,0,0,0,0,0,0,0,0,0,0,0,0,0,0,0,0,0,0,,,,,,No,Standby,Standby,123,0,1714,0,1194,0,331,0,19,0,3381,0,3381,7,0,15,No,0,0,0,0,0,0,0,0,0,0,0,0,0,Respondent,0,0,0,0,0,0,0,0,,0,0,0,,0,0,NEITHER,0,0,0,0,0,0,0,0,0,0,0,0,0,0,0,0,0,0,0,0,0,0,0,0,0,0,0,0,0,0,0,0,0,0,0,0,0,0,0,,No,100 - 149,Non-Profit Corporation (i,0,0,1,0,0,0,0,0,0,0,0,0,0,0,0,0,1,0,0,0,0,3381,123,1714,1194,331,19,0,,,,Rural,EL GRANADA/HALF MOON BAY/MIRAMAR/MONTARA/MOSS BEACH/PRINCETON BY THE SEA/SKYLINE,106410828,,,,,,
106410852,MILLS-PENINSULA MEDICAL CENTER,1501 TROUSDALE DRIVE,BURLINGAME,94010,650-696-5400,Yes,01/01/2013,12/31/2013,Open,03/01/1954,03/01/1954,,NO,46,18,29,6081605000,176e,,04 - West Bay,San Mateo,220000037,Parent Facility,-122.3832465,37.5944692,General Acute Care,Non-Profit Corporation (incl. Church-related),General Medical / Surgical,175,63875,9507,34627,30,10950,1915,5985,0,0,0,0,24,8760,319,1217,4108,0,0,0,0,0,0,0,0,0,0,0,0,0,0,0,12,4380,211,0,995,0,0,0,0,241,87965,11952,45715,0,0,0,0,0,0,0,0,0,0,0,,0,0,0,0,0,0,0,0,0,241,87965,11952,45715,0,0,0,0,0,0,0,1960,4511,0,0,0,0,0,0,0,0,0,0,0,0,0,0,0,0,0,0,0,,,,,,No,Basic,Basic,7063,1044,10401,64,13815,1048,5408,5483,237,862,36924,8501,45425,23,0,415,No,0,0,0,0,0,0,0,0,0,0,0,0,0,Respondent,3449,529600,3228,316400,0,0,11,11,Yes,1960,79,3,,0,611,CV SURG,1,0,0,105,0,105,0,52,2,0,0,0,0,183,251,261,306,444,557,403,1,75,37,21,16,347,18,2,0,2,8,57,0,0,0,9,0,14,1010,,No,200 - 299,Non-Profit Corporation (i,1,0,0,0,0,0,0,0,0,0,0,0,0,0,0,0,1,0,0,0,0,45425,8107,10465,14863,10891,1099,0,,,,Urban,BURLINGAME HILLS/BURLINGAME SOUTHWEST/HILLSBOROUGH/HILLSDALE/MILLBRAE WEST/SAN BRUNO CENTRAL/SAN MAT,106410852,,,,,,
106410891,SEQUOIA HOSPITAL,170 ALAMEDA DE LAS PULGAS,REDWOOD CITY,94062,650-369-5811,Yes,01/01/2013,12/31/2013,Open,10/17/1950,10/17/1950,,NO,22,13,18,6081609800,176g,,04 - West Bay,San Mateo,220000045,Parent Facility,-122.25377,37.48129,General Acute Care,Non-Profit Corporation (incl. Church-related),General Medical / Surgical,146,53290,3948,15342,23,8395,1494,4478,0,0,0,0,20,7300,167,571,1969,0,0,0,0,0,0,0,0,0,0,0,0,0,0,0,0,0,0,0,0,0,0,0,0,189,68985,5609,21789,0,0,0,0,0,0,0,0,0,0,0,,0,0,0,0,0,0,0,0,0,189,68985,5609,21789,0,0,0,0,0,0,23,1566,3633,0,0,0,0,0,0,0,0,0,0,0,0,0,0,0,0,0,0,0,,,,,,No,Basic,Basic,488,0,5488,0,9147,0,2683,1345,50,2733,17856,4078,21934,15,488,345,No,0,0,0,0,0,0,0,0,0,0,0,0,0,Respondent,1515,250111,2386,210277,0,0,10,10,Yes,1599,75,1,,1134,465,CV SURG,10,0,0,205,3,205,3,77,5,0,0,0,0,256,477,494,818,750,1295,344,0,102,68,34,30,168,14,8,0,0,15,592,135,296,0,2,0,237,2045,Yes,No,150 - 199,Non-Profit Corporation (i,1,0,0,0,0,0,0,0,0,0,0,0,0,0,0,0,1,0,0,0,0,21934,488,5488,9147,4028,2783,0,,,,Urban,BELMONT/DEVONSHIRE/EMERALD LAKE/FARM HILLS/PALOMAR PARK/SAN CARLOS WEST/THE HIGHLANDS,106410891,,,,,,
106414018,MENLO PARK SURGICAL HOSPITAL,570 WILLOW ROAD,MENLO PARK,94025,650-324-8500,Yes,01/01/2013,12/31/2013,Open,12/17/1992,12/17/1992,,NO,34,16,23,6081612200,176c,,04 - West Bay,San Mateo,220000276,Parent Facility,-122.16212,37.45797,General Acute Care,Non-Profit Corporation (incl. Church-related),General Medical / Surgical,16,5840,246,300,0,0,0,0,0,0,0,0,0,0,0,0,0,0,0,0,0,0,0,0,0,0,0,0,0,0,0,0,0,0,0,0,0,0,0,0,0,16,5840,246,300,0,0,0,0,0,0,0,0,0,0,0,,0,0,0,0,0,0,0,0,0,16,5840,246,300,0,0,0,0,0,0,0,0,0,0,0,0,0,0,0,0,0,0,0,0,0,0,0,0,0,0,0,0,,,,,,No,0,0,0,0,0,0,0,0,0,0,0,0,0,0,0,0,0,0,No,0,0,0,0,0,0,0,0,0,0,0,0,0,Respondent,242,48300,1375,127800,0,0,2,2,Yes,0,0,0,,0,0,NEITHER,0,0,0,0,0,0,0,0,0,0,0,0,0,0,0,0,0,0,0,0,0,0,0,0,0,0,0,0,0,0,0,0,0,0,0,0,0,0,0,,No,1 - 49,Non-Profit Corporation (i,0,0,0,1,0,0,0,0,0,0,0,0,0,0,0,0,1,0,0,0,0,0,0,0,0,0,0,0,,,,Urban,ATHERTON/LINDENWOOD/MENLO OAKS/MENLO PARK/REDWOOD CITY CENTRAL/SHARON HEIGHTS/WEST MENLO PARK/WOODSI,106414018,,,,,,
106420483,GOLETA VALLEY COTTAGE HOSPITAL,351 SOUTH PATTERSON AVENUE,SANTA BARBARA,93111,805-967-3411,Yes,01/01/2013,12/31/2013,Open,07/13/1964,07/13/1964,,NO,37,19,24,6083003001,181a,,10 - Santa Barbara/Ventura,Santa Barbara,50000034,Parent Facility,-119.80929,34.43336,General Acute Care,Non-Profit Corporation (incl. Church-related),General Medical / Surgical,46,16790,1266,3017,10,3650,0,0,0,0,0,0,11,4015,245,305,773,0,0,0,0,0,0,0,0,0,0,0,0,0,0,0,0,0,0,0,0,0,0,0,0,67,24455,1511,3790,0,0,0,0,0,0,0,0,55,20075,5,,10894,0,0,0,0,0,0,0,0,122,44530,1516,14684,0,0,0,0,0,0,0,0,0,0,0,0,0,0,0,0,0,0,0,0,0,0,0,0,0,0,0,0,,,,,,No,Basic,Basic,553,0,2257,1,7747,8,4806,98,2502,485,17865,592,18457,8,56,262,No,0,0,0,0,0,0,0,0,0,0,0,0,0,Respondent,1022,191256,1597,110629,0,0,4,4,Yes,0,0,0,,0,0,NEITHER,0,0,0,0,0,0,0,0,0,0,0,0,0,0,0,0,0,0,0,0,0,0,0,0,0,0,0,0,0,0,0,0,0,0,0,0,0,0,0,,No,100 - 149,Non-Profit Corporation (i,1,0,0,0,0,0,0,0,0,0,0,0,0,0,0,0,1,0,0,0,0,18457,553,2258,7755,4904,2987,0,,,,Urban,GOLETA SOUTH/ISLA VISTA/SANTA BARBARA SOUTH,106420483,,,,,,
106420491,LOMPOC VALLEY MEDICAL CENTER,1515 E. OCEAN AVENUE,LOMPOC,93436,805-737-3300,Yes,01/01/2013,12/31/2013,Open,01/01/1946,01/01/1946,,NO,35,19,24,6083002703,179,,10 - Santa Barbara/Ventura,Santa Barbara,50000038,Parent Facility,-120.4396497,34.639252,General Acute Care,District,General Medical / Surgical,48,17520,1839,7547,6,2190,465,1036,0,0,0,0,6,2190,0,0,0,0,0,0,0,0,0,0,0,0,0,0,0,0,0,0,0,0,0,0,0,0,0,0,0,60,21900,2304,8583,0,0,0,0,0,0,0,0,110,40150,156,,14691,0,0,0,0,0,0,0,0,170,62050,2460,23274,0,0,0,0,0,0,0,465,991,0,0,0,0,0,0,0,0,0,0,0,0,0,0,0,0,0,0,0,,,,,,No,Basic,Basic,970,0,1609,4,8801,15,2663,35,5655,848,19698,902,20600,12,0,942,No,0,0,0,0,0,0,0,0,0,0,0,0,0,Respondent,689,92119,3291,226368,0,0,4,4,,465,0,0,,343,122,NEITHER,0,0,0,0,0,0,0,0,0,0,0,0,0,0,0,0,0,0,0,0,0,0,0,0,0,0,0,0,0,0,0,0,0,0,0,0,0,0,0,,No,150 - 199,District,1,0,0,0,0,0,0,0,0,0,0,0,0,0,0,0,1,0,0,0,0,20600,970,1613,8816,2698,6503,0,,,,Rural,LOMPOC/MISSION HILLS/VANDENBERG,106420491,,,,,,
106420493,MARIAN REGIONAL MEDICAL CENTER,1400 EAST CHURCH STREET,SANTA MARIA,93454,805-739-3100,Yes,01/01/2013,12/31/2013,Open,03/08/1967,03/08/1967,Level III,NO,21,12,16,6083002211,180.1,,10 - Santa Barbara/Ventura,Santa Barbara,50000040,Parent Facility,-120.41338,34.95198,General Acute Care,Non-Profit Corporation (incl. Church-related),General Medical / Surgical,223,81395,7739,23731,52,18980,2885,8147,16,5840,649,1500,0,0,0,0,0,20,7300,243,655,3792,0,0,0,0,0,0,0,0,0,0,29,10585,311,126,4315,0,0,0,0,340,124100,11827,41485,0,0,0,0,0,0,0,0,95,34675,596,,30975,0,0,0,0,0,0,0,0,435,158775,12423,72460,0,0,0,0,0,0,28,2592,5881,0,0,0,0,0,0,0,0,0,0,0,0,0,0,0,0,0,0,0,,,,,,No,Basic,Basic,2246,3,14886,26,29534,164,12269,2421,2067,3068,61002,5682,66684,32,0,532,Yes,2,2,0,0,0,0,0,0,0,0,0,0,4,Respondent,3163,292033,4123,309237,0,3,7,10,Yes,2903,125,32,,0,939,CV SURG,1,0,0,83,1,83,1,58,2,0,0,0,0,178,929,197,568,375,1497,535,0,137,65,35,31,195,9,35,0,0,0,0,136,113,2,15,0,928,2236,,No,300 - 499,Non-Profit Corporation (i,1,0,0,0,0,0,0,0,0,0,0,0,0,0,0,0,1,0,0,0,0,66684,2249,14912,29698,14690,5135,0,,,1,Urban,ORCUTT/SANTA MARIA,106420493,,,,,,
106420514,SANTA BARBARA COTTAGE HOSPITAL,400 W. PUEBLO ST,SANTA BARBARA,93105,805-682-7111,Yes,01/01/2013,12/31/2013,Open,01/01/1946,01/01/1946,Level II & Level II - Ped,NO,37,19,24,6083000300,181b,,10 - Santa Barbara/Ventura,Santa Barbara,50000140,Parent Facility,-119.72318,34.42943,General Acute Care,Non-Profit Corporation (incl. Church-related),General Medical / Surgical,271,105746,12043,42982,37,13505,2408,7505,17,6205,944,3304,40,14600,267,1545,5859,38,13870,391,2076,4236,0,0,0,0,0,0,0,0,0,0,22,8030,296,0,4206,0,0,0,0,425,161956,16349,68092,0,0,0,0,20,7300,1219,5849,0,0,0,,0,0,0,0,0,0,0,0,0,445,169256,17568,73941,0,0,0,0,0,0,34,2114,5251,0,0,16,16,0,12,4,16,9,0,0,0,0,0,6,0,0,1,16,,,,,,No,Basic,Basic,401,1,3039,8,12682,76,11684,1307,7393,7806,35199,9198,44397,20,28008,600,No,0,0,0,0,0,0,0,0,0,0,0,0,0,Respondent,5247,804442,6271,523794,0,6,14,20,Yes,2349,153,28,,0,756,CV SURG,2,0,0,172,0,172,0,98,3,0,0,0,0,911,638,1811,1221,2722,1859,1186,0,243,160,65,120,402,41,7,0,1,776,816,109,86,0,11,3,555,4581,,No,300 - 499,Non-Profit Corporation (i,1,0,0,0,1,0,1,0,0,0,0,0,0,0,1,1,0,0,44397,0,0,0,402,3047,12758,12991,15199,0,,,,Urban,GOLETA NORTH/MISSION CANYON/MONTECITO/RIVIERA/SANTA BARBARA NORTH,106420514,,,,,,
106420522,SANTA YNEZ VALLEY COTTAGE HOSPITAL,2050 VIBORG ROAD,SOLVANG,93463,805-688-6431,Yes,01/01/2013,12/31/2013,Open,11/02/1964,11/02/1964,,NO,37,19,24,6083001903,178.1,,10 - Santa Barbara/Ventura,Santa Barbara,50000057,Parent Facility,-120.126198,34.602458,General Acute Care,Non-Profit Corporation (incl. Church-related),General Medical / Surgical,11,4015,179,593,0,0,0,0,0,0,0,0,0,0,0,0,0,0,0,0,0,0,0,0,0,0,0,0,0,0,0,0,0,0,0,0,0,0,0,0,0,11,4015,179,593,0,0,0,0,0,0,0,0,0,0,0,,0,0,0,0,0,0,0,0,0,11,4015,179,593,0,0,0,0,0,0,0,0,0,0,0,0,0,0,0,0,0,0,0,0,0,0,0,0,0,0,0,0,,,,,,No,Standby,Standby,128,0,638,0,2684,2,1831,26,1319,123,6600,151,6751,7,0,42,No,0,0,0,0,0,0,0,0,0,0,0,0,0,Respondent,1,71,210,11894,0,0,2,2,Yes,0,0,0,,0,0,NEITHER,0,0,0,0,0,0,0,0,0,0,0,0,0,0,0,0,0,0,0,0,0,0,0,0,0,0,0,0,0,0,0,0,0,0,0,0,0,0,0,,No,1 - 49,Non-Profit Corporation (i,0,0,1,0,0,0,0,0,0,0,0,0,0,0,0,0,1,0,0,0,0,6751,128,638,2686,1857,1442,0,,,,Rural,BUELLTON/LOS OLIVOS/SANTA YNEZ/SOLVANG,106420522,,,,,,
106424002,SANTA BARBARA PSYCHIATRIC HEALTH FACILITY,315 CAMINO DEL REMEDIO,SANTA BARBARA,93110,805-681-5244,Yes,01/01/2013,12/31/2013,Open,01/29/1988,01/29/1988,,NO,37,19,24,6083000101,181b,,10 - Santa Barbara/Ventura,Santa Barbara,M01016014,Parent Facility,-119.7795,34.44558,Psychiatric Health Facility,City and/or County,Psychiatric,0,0,0,0,0,0,0,0,0,0,0,0,0,0,0,0,0,0,0,0,0,0,0,0,0,0,0,0,0,0,0,0,0,0,0,0,0,0,0,0,0,0,0,0,0,0,0,0,0,16,5840,483,5120,0,0,0,0,0,0,0,0,0,0,0,0,0,16,5840,483,5120,0,0,0,0,0,0,0,0,0,0,16,0,16,0,16,0,16,8,0,7,0,1,0,0,0,0,0,16,,,,,,No,0,0,0,0,0,0,0,0,0,0,0,0,0,0,0,0,0,0,No,0,0,0,0,0,0,0,0,0,0,0,0,0,Respondent,0,0,0,0,0,0,0,0,,0,0,0,,0,0,NEITHER,0,0,0,0,0,0,0,0,0,0,0,0,0,0,0,0,0,0,0,0,0,0,0,0,0,0,0,0,0,0,0,0,0,0,0,0,0,0,0,,No,1 - 49,City and/or County,0,0,0,1,0,0,0,0,0,0,0,0,0,0,0,0,1,0,0,0,0,0,0,0,0,0,0,0,,,,Urban,GOLETA NORTH/MISSION CANYON/MONTECITO/RIVIERA/SANTA BARBARA NORTH,106424002,,,,,,
106424047,REHABILITATION INSTITUTE AT SANTA BARBARA,2415 DE LA VINA,SANTA BARBARA,93105,805-687-7444,Yes,01/01/2013,12/31/2013,Open,09/20/2007,01/17/2001,,NO,37,19,24,6083000300,181b,,10 - Santa Barbara/Ventura,Santa Barbara,50000140,Consolidated Facility,-119.72248,34.43306,General Acute Care,Non-Profit Corporation (incl. Church-related),Physical Rehabilitation,0,0,0,0,0,0,0,0,0,0,0,0,0,0,0,0,0,0,0,0,0,0,0,0,0,0,0,0,0,0,0,0,0,0,0,0,0,38,13870,632,9397,38,13870,632,9397,0,0,0,0,0,0,0,0,0,0,0,,0,0,0,0,0,0,0,0,0,38,13870,632,9397,0,0,0,0,0,0,0,0,0,0,0,0,0,0,0,0,0,0,0,0,0,0,0,0,0,0,0,0,,,,,,No,0,0,0,0,0,0,0,0,0,0,0,0,0,0,0,0,0,0,No,0,0,0,0,0,0,0,0,0,0,0,0,0,Respondent,0,0,0,0,0,0,0,0,,0,0,0,,0,0,NEITHER,0,0,0,0,0,0,0,0,0,0,0,0,0,0,0,0,0,0,0,0,0,0,0,0,0,0,0,0,0,0,0,0,0,0,0,0,0,0,0,,No,1 - 49,Non-Profit Corporation (i,0,0,0,1,0,0,0,0,0,0,0,0,0,0,0,0,1,0,0,0,0,0,0,0,0,0,0,0,,,,Urban,GOLETA NORTH/MISSION CANYON/MONTECITO/RIVIERA/SANTA BARBARA NORTH,106424047,,,,,,
106430705,REGIONAL MEDICAL OF SAN JOSE,225 NORTH JACKSON AVENUE,SAN JOSE,95116,408-259-5000-2801,Yes,01/01/2013,12/31/2013,Open,07/16/1965,07/16/1965,Level II,NO,27,15,19,6085503706,183b,,07 - Santa Clara,Santa Clara,70000005,Parent Facility,-121.84837,37.36332,General Acute Care,Investor - Corporation,General Medical / Surgical,197,71905,10666,50678,37,13505,390,928,8,2920,254,542,34,12410,615,2404,11043,0,0,0,0,0,0,0,0,0,0,0,0,0,0,0,6,2190,30,0,147,0,0,0,0,282,102930,11955,63338,0,0,0,0,0,0,0,0,0,0,0,,0,0,0,0,0,0,0,0,0,282,102930,11955,63338,0,0,0,0,0,0,20,342,748,0,0,0,0,0,0,0,0,0,0,0,0,0,0,0,0,0,0,0,,,,,,No,Basic,Basic,2920,2,6542,17,24573,93,14095,121,4999,9318,53129,9551,62680,33,0,528,Yes,69,24,11,6,5,8,5,5,0,5,4,10,152,Respondent,2733,347554,2976,188367,0,0,7,7,Yes,359,21,2,,0,105,CV SURG,1,0,0,117,8,117,8,72,3,0,0,0,0,528,243,219,163,747,406,341,0,177,28,44,9,357,51,7,6,0,125,68,34,54,17,39,3,1092,2452,Yes,No,200 - 299,Investor,1,0,0,0,1,0,1,0,0,0,0,0,0,0,1,1,0,0,62680,0,0,0,2922,6559,24666,14216,14317,0,,,1,Urban,BERRYESSA/EAST SAN JOSE/MILPITAS EAST,106430705,,,,,,
106430743,EL CAMINO HOSPITAL LOS GATOS,815 POLLARD ROAD,LOS GATOS,95032,650-940-7247,Yes,01/01/2013,12/31/2013,Open,04/11/2009,12/17/1962,,NO,28,15,18,6085506703,183m,,07 - Santa Clara,Santa Clara,70000660,Consolidated Facility,-121.97057,37.26277,General Acute Care,District,General Medical / Surgical,82,29930,1893,6150,14,5110,719,1582,0,0,0,0,7,2555,96,325,982,8,2920,0,0,0,0,0,0,0,0,0,0,0,0,0,2,730,69,17,378,30,10950,512,6196,143,52195,3289,15288,0,0,0,0,0,0,0,0,0,0,0,,0,0,0,0,0,0,0,0,0,143,52195,3289,15288,0,0,0,0,0,0,8,697,1454,0,0,0,0,0,0,0,0,0,0,0,0,0,0,0,0,0,0,0,,,,,,No,Basic,Basic,140,0,3093,2,4292,10,2497,103,917,961,10939,1076,12015,10,0,21,No,0,0,0,0,0,0,0,0,0,0,0,0,0,Respondent,1103,212239,2287,167709,0,0,6,6,Yes,741,22,1,,0,144,NEITHER,0,0,0,0,0,0,0,0,1,0,0,0,0,0,0,0,0,0,0,0,0,0,0,0,0,0,0,0,0,0,0,0,0,0,0,0,0,0,0,,No,100 - 149,District,1,0,0,0,0,0,0,0,0,0,0,0,0,0,0,0,1,0,0,0,0,12015,140,3095,4302,2600,1878,0,,,,Urban,CAMBRIAN VILLAGE WEST/CAMPBELL SOUTH/LOS GATOS/MONTE SERENO/SAN TOMAS,106430743,,,,,,
106430763,EL CAMINO HOSPITAL,2500 GRANT ROAD,MOUNTAIN VIEW,94040,650-940-7247,Yes,01/01/2013,12/31/2013,Open,08/18/1961,08/18/1961,,NO,24,13,18,6085509901,183a,,07 - Santa Clara,Santa Clara,70000660,Parent Facility,-122.07801,37.36779,General Acute Care,District,General Medical / Surgical,180,65700,9424,39260,44,16060,4232,11536,7,2555,27,51,24,8760,234,2375,4546,0,0,0,0,0,0,0,0,0,0,0,0,0,0,0,20,7300,511,1303,5535,0,0,0,0,275,100375,14428,60928,0,0,0,0,25,9125,832,7593,0,0,0,,0,0,0,0,0,0,0,0,0,300,109500,15260,68521,0,0,0,0,0,0,44,4001,9979,0,17,0,17,0,14,3,17,5,1,0,0,0,7,3,0,0,1,17,,,,,,No,Basic,Basic,285,3,10159,12,13267,67,9322,481,3927,6257,36960,6820,43780,28,0,462,Yes,32,42,15,13,20,16,20,30,18,9,19,20,254,Respondent,3554,608259,3108,356174,0,0,10,10,Yes,4258,289,44,,0,1519,CV SURG,2,0,0,220,6,220,6,167,2,0,0,0,0,366,350,475,259,841,609,841,0,184,0,0,0,417,25,44,0,0,0,0,0,0,0,0,0,0,1511,Yes,No,300 - 499,District,1,0,0,0,0,0,0,0,0,0,0,0,0,0,0,0,1,0,0,0,0,43780,288,10171,13334,9803,10184,0,,,1,Urban,LOS ALTOS/LOS ALTOS HILLS/PALO ALTO CENTRAL/STANFORD,106430763,,,,,,
106430779,GOOD SAMARITAN HOSPITAL-SAN JOSE,2425 SAMARITAN DRIVE,SAN JOSE,95124,408-559-2011,Yes,01/01/2013,12/31/2013,Open,09/21/1965,09/21/1965,,NO,28,15,18,6085502702,183m,,07 - Santa Clara,Santa Clara,70000048,Parent Facility,-121.9449,37.25116,General Acute Care,Investor - Corporation,General Medical / Surgical,177,64605,10080,38855,69,25185,3379,9755,17,6205,888,2276,42,15330,416,927,5623,21,7665,218,774,4615,0,0,0,0,0,0,0,0,0,0,51,18615,393,288,8885,0,0,0,0,377,137605,15374,70009,0,0,0,0,0,0,0,0,27,9855,0,,0,0,0,0,0,0,0,0,0,404,147460,15374,70009,0,16,56,0,0,0,29,3184,8096,0,0,0,0,0,0,0,0,0,0,0,0,0,0,0,0,0,0,0,,,,,,No,Basic,Basic,443,6,12594,174,23154,5056,3343,2299,79,182,39613,7717,47330,29,0,90,Yes,9,6,3,1,2,0,0,0,1,0,1,6,29,Respondent,4233,655831,4310,370635,0,0,14,14,,3581,238,79,,0,1379,CV SURG,14,0,0,157,0,157,0,87,4,0,0,0,0,0,929,0,1593,0,2522,1106,0,136,37,41,14,434,51,50,9,2,24,53,100,531,542,22,12,9011,12175,Yes,No,300 - 499,Investor,1,0,0,0,0,0,0,0,0,0,0,0,0,0,0,0,1,0,0,0,0,47330,449,12768,28210,5642,261,0,,,1,Urban,CAMBRIAN VILLAGE WEST/CAMPBELL SOUTH/LOS GATOS/MONTE SERENO/SAN TOMAS,106430779,,,,,,
106430837,OCONNOR HOSPITAL - SAN JOSE,2105 FOREST AVENUE,SAN JOSE,95128,408-947-2716,Yes,01/01/2013,12/31/2013,Open,01/21/1954,01/21/1954,,NO,28,10,18,6085500500,183j,,07 - Santa Clara,Santa Clara,70000072,Parent Facility,-121.93727,37.32714,General Acute Care,Non-Profit Corporation (incl. Church-related),General Medical / Surgical,210,76650,8554,28892,65,23725,3378,7831,27,9855,527,1107,14,5110,162,898,3850,8,2920,79,489,2482,0,0,0,0,0,0,0,0,0,0,10,3650,186,132,1623,0,0,0,0,334,121910,12886,45785,0,0,0,0,0,0,0,0,24,8760,0,,0,0,0,0,0,0,0,0,0,358,130670,12886,45785,0,0,0,0,0,0,10,3083,7956,0,0,0,0,0,0,0,0,0,0,0,0,0,0,0,0,0,0,0,,,,,,No,Basic,Basic,4223,5,7863,35,15126,1383,11250,4085,1264,2995,39726,8503,48229,23,0,1272,Yes,32,28,18,22,18,15,14,8,11,8,2,4,180,Respondent,3115,348200,4382,297038,0,0,11,11,Yes,3245,198,13,,0,908,CV SURG,2,0,0,65,15,65,15,70,2,0,0,0,0,138,35,518,38,656,73,929,2,68,90,40,22,396,362,28,59,30,28,18,171,248,17,17,4,0,2529,,No,300 - 499,Non-Profit Corporation (i,1,0,0,0,0,0,0,0,0,0,0,0,0,0,0,0,1,0,0,0,0,48229,4228,7898,16509,15335,4259,0,,,1,Urban,SAN JOSE NORTHWEST,106430837,,,,,,
106430883,SANTA CLARA VALLEY MEDICAL CENTER,751 SOUTH BASCOM AVENUE,SAN JOSE,95128-2699,408-885-4004,Yes,01/01/2013,12/31/2013,Open,01/01/1953,01/01/1953,Level I & Level II - Ped,YES,28,15,18,6085502101,183j,,07 - Santa Clara,Santa Clara,70000085,Parent Facility,-121.93202,37.31346,General Acute Care,City and/or County,General Medical / Surgical,234,85410,12984,53035,80,29200,3557,10051,40,14600,1475,3721,44,16060,537,1458,5905,8,2920,125,480,1945,0,0,0,0,0,8,2920,184,60,2409,40,14600,241,83,5048,70,25550,657,14076,524,191260,19760,96190,0,0,0,0,50,18250,1104,16758,0,0,0,,0,0,0,0,0,0,0,0,0,574,209510,20864,112948,0,0,0,0,0,0,0,3090,7151,0,48,0,48,0,38,10,48,23,1,11,0,0,0,0,2,0,11,48,Yes,,,,,Yes,Comprehensive,Comprehensive,312,4,6047,17,21929,300,23033,5365,9375,12552,60696,18238,78934,24,31699,5425,Yes,58,41,34,39,71,52,36,24,27,20,30,19,451,Respondent,4207,713323,4947,454071,0,0,12,12,Yes,3543,267,48,,0,1013,CV SURG,1,0,0,114,0,114,0,81,1,0,0,0,0,429,157,195,38,624,195,624,0,58,29,17,5,192,3,0,0,0,0,0,0,0,0,7,0,11,946,,No,500+,City and/or County,0,1,0,0,1,1,0,0,0,1,0,0,0,0,1,1,0,78934,0,0,0,0,316,6064,22229,28398,21927,0,,,1,Urban,SAN JOSE NORTHWEST,106430883,,,,,,
106430905,STANFORD HOSPITAL,300 PASTEUR DRIVE,PALO ALTO,94305,650-723-4000,Yes,01/01/2013,12/31/2013,Open,01/01/1948,01/01/1948,Level I & Level II - Ped,YES,24,13,18,6085511604,183a,,07 - Santa Clara,Santa Clara,70000662,Parent Facility,-122.17827,37.43342,General Acute Care,Non-Profit Corporation (incl. Church-related),General Medical / Surgical,491,179215,23821,112147,0,0,0,0,0,0,0,0,67,24455,687,3259,16725,8,2920,131,376,2430,0,0,0,0,0,0,0,0,0,0,0,0,0,0,0,17,6205,0,0,583,212795,24639,131302,0,0,0,0,30,10950,815,9306,0,0,0,0,0,0,0,0,0,0,0,0,0,613,223745,25454,140608,0,0,0,0,0,0,0,0,0,0,13,11,24,0,21,3,24,7,0,7,0,0,0,7,0,2,1,24,,,,,,Yes,Basic,Basic,6,0,5782,13,15681,170,18379,4441,6765,6331,46613,10955,57568,54,88,518,No,0,0,0,0,0,0,0,0,0,0,0,0,0,Respondent,12698,2934240,17240,1605511,0,9,33,42,Yes,0,0,0,,0,0,CV SURG,5,0,0,477,193,477,193,114,6,0,0,169,813,192,404,502,780,863,1997,2259,768,186,67,271,79,393,36,31,0,144,119,529,784,3100,16,32,13,3506,12333,Yes,No,500+,Non-Profit Corporation (i,1,0,0,0,1,1,0,0,0,1,0,0,0,0,1,1,0,57568,0,0,0,0,6,5795,15851,22820,13096,0,,,,Urban,LOS ALTOS/LOS ALTOS HILLS/PALO ALTO CENTRAL/STANFORD,106430905,,,,,,
106430915,MISSION OAKS HOSPITAL,15891 LOS GATOS-ALMADEN ROAD,LOS GATOS,95032,408-559-2011,Yes,01/01/2013,12/31/2013,Open,02/01/2001,05/09/1961,,NO,41,25,32,6085506802,183m,,07 - Santa Clara,Santa Clara,70000048,Consolidated Facility,-121.94622,37.24364,General Acute Care,Investor - Corporation,General Medical / Surgical,34,12410,0,0,0,0,0,0,0,0,0,0,0,0,0,0,0,0,0,0,0,0,0,0,0,0,0,0,0,0,0,0,0,0,0,0,0,15,5475,323,4357,49,17885,323,4357,0,0,0,0,21,7665,610,4266,0,0,0,0,0,0,0,0,0,0,0,0,0,70,25550,933,8623,0,0,0,0,2,7,0,0,0,0,9,0,9,0,9,0,9,2,0,1,0,0,0,6,0,0,0,9,,,,,,No,0,0,0,0,0,0,0,0,0,0,0,0,0,0,0,0,0,0,No,0,0,0,0,0,0,0,0,0,0,0,0,0,Respondent,0,0,0,0,0,0,0,0,,0,0,0,,0,0,NEITHER,0,0,0,0,0,0,0,0,0,0,0,0,0,0,0,0,0,0,0,0,0,0,0,0,0,0,0,0,0,0,0,0,0,0,0,0,0,0,0,,No,50 - 99,Investor,0,0,0,1,0,0,0,0,0,0,0,0,0,0,0,0,1,0,0,0,0,0,0,0,0,0,0,0,,,,Urban,CAMBRIAN VILLAGE WEST/CAMPBELL SOUTH/LOS GATOS/MONTE SERENO/SAN TOMAS,106430915,,,,,,
106431506,KAISER FND HOSP - SAN JOSE,250 HOSPITAL PARKWAY,SAN JOSE,95119,408-972-7000,Yes,01/01/2013,12/31/2013,Open,12/01/1973,12/01/1973,,NO,29,17,19,6085512033,183i,,07 - Santa Clara,Santa Clara,70000117,Parent Facility,-121.80269,37.23924,General Acute Care,Non-Profit Corporation (incl. Church-related),General Medical / Surgical,175,63875,8643,31926,31,11315,2173,4832,0,0,0,0,14,5110,74,453,954,10,3650,213,1088,2776,0,0,0,0,0,0,0,0,0,0,12,4380,199,123,887,0,0,0,0,242,88330,11302,41375,0,0,0,0,0,0,0,0,0,0,0,,0,0,0,0,0,0,0,0,0,242,88330,11302,41375,0,0,0,0,0,0,32,1953,3344,0,0,0,0,0,0,0,0,0,0,0,0,0,0,0,0,0,0,0,,,,,,Yes,Basic,Basic,18889,0,6252,18,10476,288,10633,3695,895,2104,47145,6105,53250,28,0,383,Yes,6,4,1,0,1,2,2,0,0,0,0,3,19,Respondent,3410,499123,8539,653942,3,5,7,15,Yes,2110,99,6,,0,515,CATH LAB,0,0,0,0,0,0,0,0,1,0,0,0,0,27,83,137,0,164,83,164,0,0,0,0,0,75,8,0,1,0,0,0,0,0,0,10,0,0,258,,No,200 - 299,Non-Profit Corporation (i,1,0,0,0,0,0,0,0,0,0,0,0,0,0,0,0,1,0,0,0,0,53250,18889,6270,10764,14328,2999,0,,,1,Urban,NEW ALMADEN/SAN JOSE SOUTHWEST,106431506,,,,,,
106434040,LUCILE SALTER PACKARD CHILDRENS HOSP. AT STANFORD,725 WELCH ROAD,PALO ALTO,94304,650-498-5050,Yes,01/01/2013,12/31/2013,Open,06/09/1991,06/09/1991,,NO,5,12,16,6085511604,183a,,07 - Santa Clara,Santa Clara,70000659,Parent Facility,-122.17282,37.43677,General Acute Care,Non-Profit Corporation (incl. Church-related),Pediatric,35,12775,3164,7867,32,11680,1827,6081,111,40515,5526,33588,44,16060,828,1625,13375,0,0,0,0,0,0,0,0,0,0,0,0,0,0,0,89,32485,1459,1122,22319,0,0,0,0,311,113515,12804,83230,0,0,0,0,0,0,0,0,0,0,0,0,0,0,0,0,0,0,0,0,0,311,113515,12804,83230,0,0,0,0,0,0,64,4007,8398,0,0,0,0,0,0,0,0,0,0,0,0,0,0,0,0,0,0,0,,,,,,No,0,0,0,0,0,0,0,0,0,0,0,0,0,0,0,0,0,0,No,0,0,0,0,0,0,0,0,0,0,0,0,0,Respondent,2839,649415,2693,135200,0,0,7,7,Yes,4044,405,91,,0,1235,CV SURG,2,520,103,57,19,577,122,0,0,0,0,0,0,0,0,0,0,0,0,0,0,0,0,0,0,0,0,0,0,0,0,0,0,0,0,0,0,0,0,,No,300 - 499,Non-Profit Corporation (i,0,0,0,1,0,0,0,0,0,0,0,0,0,0,0,0,1,0,0,0,0,0,0,0,0,0,0,0,,,,Urban,LOS ALTOS/LOS ALTOS HILLS/PALO ALTO CENTRAL/STANFORD,106434040,,,,,,
106434051,CHILDRENS RECOVERY CENTER OF NORTHERN CALIFORNIA,3777 SOUTH BASCOM AVENUE,CAMPBELL,95008,408-558-3640,Yes,01/01/2013,12/31/2013,Open,05/29/1992,05/29/1992,,NO,28,15,18,6085502702,183m,,07 - Santa Clara,Santa Clara,70000320,Parent Facility,-121.94843,37.25821,General Acute Care,Investor - Corporation,Long-Term Care (SN/IC),4,1460,0,0,0,0,0,0,0,0,0,0,0,0,0,0,0,0,0,0,0,0,0,0,0,0,0,0,0,0,0,0,0,0,0,0,0,0,0,0,0,4,1460,0,0,0,0,0,0,0,0,0,0,27,9855,15,0,8522,0,0,0,0,0,0,0,0,31,11315,15,8522,0,0,0,0,0,0,0,0,0,0,0,0,0,0,0,0,0,0,0,0,0,0,0,0,0,0,0,0,,,,,,No,0,0,0,0,0,0,0,0,0,0,0,0,0,0,0,0,0,0,No,0,0,0,0,0,0,0,0,0,0,0,0,0,Respondent,0,0,0,0,0,0,0,0,,0,0,0,,0,0,NEITHER,0,0,0,0,0,0,0,0,0,0,0,0,0,0,0,0,0,0,0,0,0,0,0,0,0,0,0,0,0,0,0,0,0,0,0,0,0,0,0,,No,1 - 49,Investor,0,0,0,1,0,0,0,0,0,0,0,0,0,0,0,0,1,0,0,0,0,0,0,0,0,0,0,0,,,,Urban,CAMBRIAN VILLAGE WEST/CAMPBELL SOUTH/LOS GATOS/MONTE SERENO/SAN TOMAS,106434051,,,,,,
106434138,ST. LOUISE REGIONAL HOSPITAL,9400 NO NAME UNO,GILROY,95020,408-848-2000,Yes,01/01/2013,12/31/2013,Open,09/30/1999,09/30/1999,,NO,30,17,20,6085512401,182,,07 - Santa Clara,Santa Clara,70000266,Parent Facility,-121.57411,37.03731,General Acute Care,Non-Profit Corporation (incl. Church-related),General Medical / Surgical,48,17520,2163,7713,16,5840,585,1228,0,0,0,0,4,1460,145,212,1492,4,1460,74,98,207,0,0,0,0,0,0,0,0,0,0,0,0,0,0,0,0,0,0,0,72,26280,2967,10640,0,0,0,0,0,0,0,0,21,7665,0,,0,0,0,0,0,0,0,0,0,93,33945,2967,10640,0,0,0,0,0,0,20,516,1078,0,0,0,0,0,0,0,0,0,0,0,0,0,0,0,0,0,0,0,,,,,,No,Basic,Basic,2676,168,14545,36,6755,1146,1457,936,74,41,25507,2327,27834,8,0,1292,No,0,0,0,0,0,0,0,0,0,0,0,0,0,Respondent,856,111403,1641,92255,0,0,5,5,,551,20,0,Yes,425,126,NEITHER,0,0,0,0,0,0,0,0,0,0,0,0,0,0,0,0,0,0,0,0,0,0,0,0,0,0,0,0,0,0,0,0,0,0,0,0,0,0,0,,No,50 - 99,Non-Profit Corporation (i,1,0,0,0,0,0,0,0,0,0,0,0,0,0,0,0,1,0,0,0,0,27834,2844,14581,7901,2393,115,0,,1,,Rural,GILROY/MORGAN HILL/RUCKER/SAN MARTIN,106434138,,,,,,
106434153,KAISER FND HOSP - SANTA CLARA,700 LAWRENCE EXPRESSWAY,SANTA CLARA,95051,408-851-1000,Yes,01/01/2013,12/31/2013,Open,07/24/2007,07/24/2007,,NO,25,10,17,6085508102,183f,,07 - Santa Clara,Santa Clara,70000661,Parent Facility,-121.995774,37.334597,General Acute Care,Non-Profit Corporation (incl. Church-related),General Medical / Surgical,185,67525,14416,54175,52,18980,4570,11940,26,9490,1599,5989,38,13870,372,2745,7784,0,0,0,0,0,0,0,0,0,0,0,0,0,0,0,26,9490,349,89,6817,0,0,0,0,327,119355,21306,86705,0,0,0,0,0,0,0,0,0,0,0,0,0,0,0,0,0,0,0,0,0,327,119355,21306,86705,0,0,0,0,0,0,28,4026,7859,0,0,0,0,0,0,0,0,0,0,0,0,0,0,0,0,0,0,0,,,,,,Yes,Basic,Basic,16049,1,7317,30,11081,250,19931,4839,1714,3880,56092,9000,65092,32,0,54,Yes,11,12,4,0,0,2,5,0,0,0,2,6,42,Respondent,5161,949353,16429,1334573,2,8,9,19,Yes,4389,356,83,Yes,3060,1329,CV SURG,2,0,0,534,179,534,179,337,3,0,0,0,0,897,1168,860,429,1757,1597,1098,236,143,0,0,0,1508,95,290,0,59,0,0,36,39,0,89,1,0,3594,,No,300 - 499,Non-Profit Corporation (i,1,0,0,0,0,0,0,0,0,0,0,0,0,0,0,0,1,0,0,0,0,65092,16050,7347,11331,24770,5594,0,1,1,1,Urban,CUPERTINO/RANCHO RINCONADA/SAN JOSE WEST/SARATOGA,106434153,,,,,,
106434218,KAISER PERMANENTE P.H.F - SANTA CLARA,3840 HOMESTEAD ROAD,SANTA CLARA,95051,408-851-1000,Yes,01/01/2013,12/31/2013,Open,11/01/2010,11/01/2010,,NO,25,10,17,6085506101,183n,,07 - Santa Clara,Santa Clara,M02024044,Parent Facility,-121.9947844,37.3377937,Psychiatric Health Facility,Non-Profit Corporation (incl. Church-related),Psychiatric,0,0,0,0,0,0,0,0,0,0,0,0,0,0,0,0,0,0,0,0,0,0,0,0,0,0,0,0,0,0,0,0,0,0,0,0,0,0,0,0,0,0,0,0,0,0,0,0,0,24,8760,1194,6992,0,0,0,0,0,0,0,0,0,0,0,0,0,24,8760,1194,6992,0,0,0,0,0,0,0,0,0,0,0,0,0,0,0,0,0,0,0,0,0,0,0,0,0,0,0,0,,,,,,No,0,0,0,0,0,0,0,0,0,0,0,0,0,0,0,0,0,0,No,0,0,0,0,0,0,0,0,0,0,0,0,0,Respondent,0,0,0,0,0,0,0,0,,0,0,0,,0,0,NEITHER,0,0,0,0,0,0,0,0,0,0,0,0,0,0,0,0,0,0,0,0,0,0,0,0,0,0,0,0,0,0,0,0,0,0,0,0,0,0,0,,No,1 - 49,Non-Profit Corporation (i,0,0,0,1,0,0,0,0,0,0,0,0,0,0,0,0,1,0,0,0,0,0,0,0,0,0,0,0,,,,Urban,SANTA CLARA SOUTH AND WEST,106434218,,,,,,
106434220,CRESTWOOD PSYCHIATRIC HEALTH FACILITY-SAN JOSE,,,,,,,,,,,,No,,,,,,,,Santa Clara,,,,,,,,,,,,,,,,,,,,,,,,,,,,,,,,,,,,,,,,,,,,,,,,,,,,,,,,,,,,,,,,,,,,,,,,,,,,,,,,,,,,,,,,,,,,,,,,,,,,,,,,,,,,,,,,0,0,0,0,0,0,0,0,0,0,0,0,,,,,,,,,,,,,,,,,,,,,Non-Respondent,,,,,,,,,,,,,,,,NEITHER,,,,,,,,,,,,,,,,,,,,,,,,,,,,,,,,,,,,,,,,,No,,,0,0,0,1,0,0,0,0,0,0,0,0,0,0,0,0,1,0,0,0,0,0,0,0,0,0,0,0,,,,,,106434220,,,,,,
106440755,DOMINICAN HOSPITAL-SANTA CRUZ/SOQUEL,1555 SOQUEL DRIVE,SANTA CRUZ,95065,831-462-7700,Yes,01/01/2013,12/31/2013,Open,12/26/1967,12/26/1967,,NO,29,17,20,6087121300,185.1,,08 - Mid-Coast,Santa Cruz,70000030,Parent Facility,-121.98489,36.98806,General Acute Care,Non-Profit Corporation (incl. Church-related),General Medical / Surgical,153,55845,8194,30034,12,4380,891,2566,8,2920,213,456,10,3650,153,847,2818,6,2190,91,614,1691,0,0,0,0,0,0,0,0,0,0,14,5110,262,106,2692,20,5040,332,3760,223,79135,10136,44017,0,0,0,0,0,9968,804,5843,0,0,0,0,0,0,0,0,0,0,0,0,0,223,89103,10940,49860,0,0,0,0,0,0,25,649,1407,0,0,0,0,0,0,0,0,0,0,0,0,0,0,0,0,0,0,0,Yes,Yes,YES,,,No,Basic,Basic,466,5,3786,10,12993,112,11684,1194,3330,7535,32259,8856,41115,24,18,163,Yes,7,1,3,1,4,0,1,1,0,0,9,0,27,Respondent,2910,409992,1564,151648,1,0,7,8,Yes,714,70,8,,0,222,CV SURG,1,0,0,110,6,110,6,75,2,0,0,0,0,620,436,497,0,1117,436,1117,0,63,34,29,14,463,55,10,0,0,0,0,68,67,0,23,4,11,1958,,No,200 - 299,Non-Profit Corporation (i,1,0,0,0,0,0,0,0,0,0,0,0,0,0,0,0,1,0,0,0,0,41115,471,3796,13105,12878,10865,0,,,1,Urban,APTOS/CAPITOLA/LIVE OAK/RIO DEL MAR/SANTA CRUZ,106440755,,,,,,
106441807,DOMINICAN HOSPITAL-SANTA CRUZ/FREDERICK,610 FREDERICK STREET,SANTA CRUZ,95062,831-462-7700,Yes,01/01/2013,04/24/2013,Closed,04/23/2013,10/01/1959,,NO,29,17,20,6087100900,185.1,,08 - Mid-Coast,Santa Cruz,70000030,Consolidated Facility,-122.00418,36.97874,General Acute Care,Non-Profit Corporation (incl. Church-related),Long-Term Care (SN/IC),0,0,0,0,0,0,0,0,0,0,0,0,0,0,0,0,0,0,0,0,0,0,0,0,0,0,0,0,0,0,0,0,0,0,0,0,0,20,2260,137,1593,20,2260,137,1593,0,0,0,0,0,0,0,0,0,3959,186,0,2158,0,0,0,0,0,0,0,0,20,6219,323,3751,0,0,0,0,0,0,0,0,0,0,0,0,0,0,0,0,0,0,0,0,0,0,0,0,0,0,0,0,,,,,,No,0,0,0,0,0,0,0,0,0,0,0,0,0,0,0,0,0,0,No,0,0,0,0,0,0,0,0,0,0,0,0,0,Respondent,0,0,0,0,0,0,0,0,,0,0,0,,0,0,NEITHER,0,0,0,0,0,0,0,0,0,0,0,0,0,0,0,0,0,0,0,0,0,0,0,0,0,0,0,0,0,0,0,0,0,0,0,0,0,0,0,,No,1 - 49,Non-Profit Corporation (i,0,0,0,1,0,0,0,0,0,0,0,0,0,0,0,0,1,0,0,0,0,0,0,0,0,0,0,0,,,,Urban,APTOS/CAPITOLA/LIVE OAK/RIO DEL MAR/SANTA CRUZ,106441807,,,,,,
106444012,SUTTER MATERNITY AND SURGERY CENTER OF SANTA CRUZ,2900 CHANTICLEER AVENUE,SANTA CRUZ,95065,831-477-2200,Yes,01/01/2013,12/31/2013,Open,03/08/1996,03/08/1996,,NO,29,17,20,6087121300,185.1,,08 - Mid-Coast,Santa Cruz,70000399,Parent Facility,-121.97828,36.9878,General Acute Care,Non-Profit Corporation (incl. Church-related),General Medical / Surgical,18,6570,433,1185,12,4380,1012,2624,0,0,0,0,0,0,0,0,0,0,0,0,0,0,0,0,0,0,0,0,0,0,0,0,0,0,0,0,0,0,0,0,0,30,10950,1445,3809,0,0,0,0,0,0,0,0,0,0,0,,0,0,0,0,0,0,0,0,0,30,10950,1445,3809,0,0,0,0,0,0,12,916,1983,0,0,0,0,0,0,0,0,0,0,0,0,0,0,0,0,0,0,0,,,,,,No,0,0,0,0,0,0,0,0,0,0,0,0,0,0,0,0,0,0,No,0,0,0,0,0,0,0,0,0,0,0,0,0,Respondent,419,75700,7705,362000,1,1,4,6,Yes,924,13,0,Yes,700,224,NEITHER,0,0,0,0,0,0,0,0,0,0,0,0,0,0,0,0,0,0,0,0,0,0,0,0,0,0,0,0,0,0,0,0,0,0,0,0,0,0,0,,No,1 - 49,Non-Profit Corporation (i,0,0,0,1,0,0,0,0,0,0,0,0,0,0,0,0,1,0,0,0,0,0,0,0,0,0,0,0,1,,,Urban,APTOS/CAPITOLA/LIVE OAK/RIO DEL MAR/SANTA CRUZ,106444012,,,,,,
106444013,WATSONVILLE COMMUNITY HOSPITAL,75 NIELSON STREET,WATSONVILLE,95076,831-724-4741,Yes,01/01/2013,12/31/2013,Open,04/24/1998,04/24/1998,,NO,30,17,20,6087110600,184,,08 - Mid-Coast,Santa Cruz,70000097,Parent Facility,-121.79173,36.92839,General Acute Care,Investor - Corporation,General Medical / Surgical,72,26280,2808,11042,18,6570,1376,3789,0,0,0,0,3,1095,42,194,567,3,1095,42,194,567,0,0,0,0,0,0,0,0,0,0,10,3650,273,0,1422,0,0,0,0,106,38690,4541,17387,0,0,0,0,0,0,0,0,0,0,0,,0,0,0,0,0,0,0,0,0,106,38690,4541,17387,0,0,0,0,0,0,28,1063,2683,0,0,0,0,0,0,0,0,0,0,0,0,0,0,0,0,0,0,0,,,,,,No,Basic,Basic,1121,0,2958,0,15912,16,4121,293,1859,1865,25971,2174,28145,14,2515,683,Yes,1,3,0,1,0,0,3,1,1,0,0,0,10,Respondent,1403,148100,868,72958,0,0,5,5,Yes,1264,28,2,,0,367,CATH LAB,0,0,0,0,0,0,0,0,1,0,0,0,0,22,17,30,20,52,37,48,0,25,4,0,1,0,0,14,0,0,0,0,10,11,0,0,0,0,113,,No,100 - 149,Investor,1,0,0,0,0,0,0,0,0,0,0,0,0,0,0,0,1,0,0,0,0,28145,1121,2958,15928,4414,3724,0,,,1,Urban,FREEDOM/WATSONVILLE,106444013,,,,,,
106444029,TELECARE SANTA CRUZ PHF,,,,,,,,,,,,No,,,,,,,,Santa Cruz,,,,,,,,,,,,,,,,,,,,,,,,,,,,,,,,,,,,,,,,,,,,,,,,,,,,,,,,,,,,,,,,,,,,,,,,,,,,,,,,,,,,,,,,,,,,,,,,,,,,,,,,,,,,,,,,0,0,0,0,0,0,0,0,0,0,0,0,,,,,,,,,,,,,,,,,,,,,Non-Respondent,,,,,,,,,,,,,,,,NEITHER,,,,,,,,,,,,,,,,,,,,,,,,,,,,,,,,,,,,,,,,,No,,,0,0,0,1,0,0,0,0,0,0,0,0,0,0,0,0,1,0,0,0,0,0,0,0,0,0,0,0,,,,,,106444029,,,,,,
106450936,MAYERS MEMORIAL HOSPITAL,"43563 HWY. 299-E, P O BOX 459",FALL RIVER MILLS,96028,530-336-5511-1136,Yes,01/01/2013,12/31/2013,Open,01/07/1959,01/07/1959,Level IV,NO,12,5,10,6089012702,190,,01 - Northern California,Shasta,230000021,Parent Facility,-121.42442,41.02423,General Acute Care,District,General Medical / Surgical,20,7300,437,1851,2,730,54,100,0,0,0,0,0,0,0,0,0,0,0,0,0,0,0,0,0,0,0,0,0,0,0,0,0,0,0,0,0,0,0,0,0,22,8030,491,1951,0,0,0,0,0,0,0,0,99,36135,43,,26773,0,0,0,0,0,0,0,0,121,44165,534,28724,0,0,0,0,0,0,4,54,100,6,0,0,0,0,0,0,0,0,0,0,0,0,0,0,0,0,0,0,,,,,,No,Standby,Standby,52,0,599,5,1794,41,562,71,358,98,3365,215,3580,4,2192,7,No,0,0,0,0,0,0,0,0,0,0,0,0,0,Respondent,21,2305,64,4432,0,0,2,2,,60,2,1,,0,17,NEITHER,0,0,0,0,0,0,0,0,0,0,0,0,0,0,0,0,0,0,0,0,0,0,0,0,0,0,0,0,0,0,0,0,0,0,0,0,0,0,0,,No,100 - 149,District,0,0,1,0,1,0,0,0,1,0,0,0,0,0,1,1,0,0,0,0,3580,0,52,604,1835,633,456,0,,,,Frontier,BURNEY/CASSEL/FALL RIVER MILLS/HAT CREEK/MCARTHUR,106450936,,,,,,
106450940,SHASTA REGIONAL MEDICAL CENTER,1100 BUTTE STREET,REDDING,96001,530-244-5400,Yes,01/01/2013,12/31/2013,Open,04/02/1946,04/02/1946,Level III,NO,1,1,1,6089010100,189.2,,01 - Northern California,Shasta,230000023,Parent Facility,-122.3862952,40.5855423,General Acute Care,Investor - Limited Liability Company,General Medical / Surgical,203,74095,6875,24283,0,0,0,0,0,0,0,0,35,12775,147,572,2301,8,2920,99,429,1586,0,0,0,0,0,0,0,0,0,0,0,0,0,0,0,0,0,0,0,246,89790,7121,28170,0,0,0,0,0,0,0,0,0,0,0,0,0,0,0,0,0,0,0,0,0,246,89790,7121,28170,0,0,0,0,0,0,0,0,0,0,0,0,0,0,0,0,0,0,0,0,0,0,0,0,0,0,0,0,,,,,,No,Basic,Basic,846,0,629,0,14150,0,11844,0,9515,6191,36984,6191,43175,26,0,930,No,0,0,0,0,0,0,0,0,0,0,0,0,0,Respondent,1759,258297,1232,111230,0,0,7,7,,0,0,0,,0,0,CV SURG,2,0,0,98,0,98,0,91,2,0,0,0,0,425,197,541,137,966,334,966,0,141,35,38,22,299,35,0,0,0,1,6,237,108,7,7,0,51,1953,,No,200 - 299,Investor,1,0,0,0,1,0,0,1,0,0,0,0,0,0,1,1,0,0,0,43175,0,0,846,629,14150,11844,15706,0,,,,Urban,REDDING,106450940,,,,,,
106450949,MERCY MEDICAL CENTER - REDDING,2175 ROSALINE AVENUE,REDDING,96001,530-225-6103,Yes,01/01/2013,12/31/2013,Open,04/09/1953,04/09/1953,Level II,NO,8,4,7,6089010500,189.2,,01 - Northern California,Shasta,230000024,Parent Facility,-122.39742,40.57204,General Acute Care,Non-Profit Corporation (incl. Church-related),General Medical / Surgical,157,57305,9201,42928,31,11315,1976,4731,19,6935,959,2099,34,12410,323,1120,1445,10,3650,257,537,894,0,0,0,0,0,0,0,0,0,0,16,5840,259,31,3486,0,0,0,0,267,97455,12975,55583,0,0,0,0,0,0,0,0,0,0,0,,0,0,0,0,0,0,0,0,0,267,97455,12975,55583,0,0,0,0,0,0,16,1664,3105,0,0,0,0,0,0,0,0,0,0,0,0,0,0,0,0,0,0,0,,,,,,No,Basic,Basic,1638,3,7543,11,15105,54,10884,1744,4257,4536,39427,6348,45775,30,20144,471,No,0,0,0,0,0,0,0,0,0,0,0,0,0,Respondent,4075,671475,3211,303431,0,0,10,10,Yes,2036,133,17,,0,441,CV SURG,1,0,0,82,79,82,79,94,1,0,0,0,0,243,221,390,443,633,664,776,0,117,57,64,1,494,30,524,1,0,0,5,233,437,8,17,0,5,2769,Yes,No,200 - 299,Non-Profit Corporation (i,1,0,0,0,1,0,1,0,0,0,0,0,0,0,1,1,0,0,45775,0,0,0,1641,7554,15159,12628,8793,0,,,,Urban,REDDING,106450949,,,,,,
106454012,VIBRA HOSPITAL OF NORTHERN CALIFORNIA,2801 EUREKA WAY,REDDING,96001,530-245-4112,Yes,01/01/2013,12/31/2013,Open,09/10/1991,09/10/1991,,NO,1,1,1,6089010600,189.2,,01 - Northern California,Shasta,230000191,Parent Facility,-122.41293,40.58563,General Acute Care,Investor - Limited Liability Company,Other,56,20440,659,17116,0,0,0,0,0,0,0,0,0,0,0,0,0,0,0,0,0,0,0,0,0,0,0,0,0,0,0,0,0,0,0,0,0,0,0,0,0,56,20440,659,17116,0,0,0,0,0,0,0,0,32,11680,563,0,10660,0,0,0,0,0,0,0,0,88,32120,1222,27776,0,0,0,0,0,0,0,0,0,0,0,0,0,0,0,0,0,0,0,0,0,0,0,0,0,0,0,0,,,,,,No,0,0,0,0,0,0,0,0,0,0,0,0,0,0,0,0,0,0,No,0,0,0,0,0,0,0,0,0,0,0,0,0,Respondent,0,0,0,0,0,0,0,0,,0,0,0,,0,0,NEITHER,0,0,0,0,0,0,0,0,0,0,0,0,0,0,0,0,0,0,0,0,0,0,0,0,0,0,0,0,0,0,0,0,0,0,0,0,0,0,0,,No,50 - 99,Investor,0,0,0,1,0,0,0,0,0,0,0,0,0,0,0,0,1,0,0,0,0,0,0,0,0,0,0,0,,,,Urban,REDDING,106454012,,,,,,
106454013,PATIENTS HOSPITAL OF REDDING,2900 EUREKA WAY,REDDING,96001,530-225-8700,Yes,01/01/2013,12/31/2013,Open,03/23/1992,03/23/1992,,NO,1,1,1,6089010600,189.2,,01 - Northern California,Shasta,230000195,Parent Facility,-122.41632,40.58563,General Acute Care,Investor - individual,General Medical / Surgical,10,3650,229,492,0,0,0,0,0,0,0,0,0,0,0,0,0,0,0,0,0,0,0,0,0,0,0,0,0,0,0,0,0,0,0,0,0,0,0,0,0,10,3650,229,492,0,0,0,0,0,0,0,0,0,0,0,0,0,0,0,0,0,0,0,0,0,10,3650,229,492,0,0,0,0,0,0,0,0,0,0,0,0,0,0,0,0,0,0,0,0,0,0,0,0,0,0,0,0,,,,,,No,0,0,0,0,0,0,0,0,0,0,0,0,0,0,0,0,0,0,No,0,0,0,0,0,0,0,0,0,0,0,0,0,Respondent,225,38798,788,78317,0,0,2,2,,0,0,0,,0,0,NEITHER,0,0,0,0,0,0,0,0,0,0,0,0,0,0,0,0,0,0,0,0,0,0,0,0,0,0,0,0,0,0,0,0,0,0,0,0,0,0,0,,No,1 - 49,Investor,0,0,0,1,0,0,0,0,0,0,0,0,0,0,0,0,1,0,0,0,0,0,0,0,0,0,0,0,,,,Urban,REDDING,106454013,,,,,,
106454068,RESTPADD PSYCHIATRIC HEALTH FACILITY,,,,,,,,,,,,No,,,,,,,,Shasta,,,,,,,,,,,,,,,,,,,,,,,,,,,,,,,,,,,,,,,,,,,,,,,,,,,,,,,,,,,,,,,,,,,,,,,,,,,,,,,,,,,,,,,,,,,,,,,,,,,,,,,,,,,,,,,,0,0,0,0,0,0,0,0,0,0,0,0,,,,,,,,,,,,,,,,,,,,,Non-Respondent,,,,,,,,,,,,,,,,NEITHER,,,,,,,,,,,,,,,,,,,,,,,,,,,,,,,,,,,,,,,,,No,,,0,0,0,1,0,0,0,0,0,0,0,0,0,0,0,0,1,0,0,0,0,0,0,0,0,0,0,0,,,,,,106454068,,,,,,
106470871,MERCY MEDICAL CENTER MT. SHASTA,"914 PINE STREET, BOX 239",MOUNT SHASTA,96067,530-926-9348,Yes,01/01/2013,12/31/2013,Open,04/13/1976,04/13/1976,Level III,NO,34,16,23,6093001000,197,,01 - Northern California,Siskiyou,230000015,Parent Facility,-122.323,41.31896,General Acute Care,Non-Profit Corporation (incl. Church-related),General Medical / Surgical,25,9125,774,1847,4,1460,152,322,0,0,0,0,4,1460,57,122,322,0,0,0,0,0,0,0,0,0,0,0,0,0,0,0,0,0,0,0,0,0,0,0,0,33,12045,983,2491,0,0,0,0,0,0,0,0,0,0,0,0,0,0,0,0,0,0,0,0,0,33,12045,983,2491,0,0,0,0,0,0,4,152,283,10,0,0,0,0,0,0,0,0,0,0,0,0,0,0,0,0,0,0,,,,,,No,Basic,Basic,166,0,904,0,3021,7,2062,138,1013,526,7166,671,7837,8,2513,45,No,0,0,0,0,0,0,0,0,0,0,0,0,0,Respondent,425,75892,1840,134107,0,0,5,5,Yes,181,9,0,,0,47,NEITHER,0,0,0,0,0,0,0,0,0,0,0,0,0,0,0,0,0,0,0,0,0,0,0,0,0,0,0,0,0,0,0,0,0,0,0,0,0,0,0,,No,1 - 49,Non-Profit Corporation (i,1,0,0,0,1,0,0,1,0,0,0,0,0,0,1,1,0,0,0,7837,0,0,166,904,3028,2200,1539,0,,,,Rural,CARRICK/EDGEWOOD/MOUNT SHASTA/WEED,106470871,,,,,,
106474007,FAIRCHILD MEDICAL CENTER,444 BRUCE STREET,YREKA,96097,530-842-4121,Yes,01/01/2013,12/31/2013,Open,07/11/1997,07/11/1997,Level IV,NO,1,1,1,6093000702,195,,01 - Northern California,Siskiyou,230000035,Parent Facility,-122.64353,41.71865,General Acute Care,Non-Profit Corporation (incl. Church-related),General Medical / Surgical,24,8760,1564,4606,0,0,0,0,0,0,0,0,4,1460,175,152,679,0,0,0,0,0,0,0,0,0,0,0,0,0,0,0,0,0,0,0,0,0,0,0,0,28,10220,1739,5285,0,0,0,0,0,0,0,0,0,0,0,0,0,0,0,0,0,0,0,0,0,28,10220,1739,5285,0,0,0,0,0,0,0,189,365,10,0,0,0,0,0,0,0,0,0,0,0,0,0,0,0,0,0,0,,,,,,No,Basic,Basic,561,0,5223,0,6048,0,631,0,82,0,12545,1513,14058,7,5784,440,No,0,0,0,0,0,0,0,0,0,0,0,0,0,Respondent,439,63624,820,74244,0,0,4,4,,188,8,0,,0,62,NEITHER,0,0,0,0,0,0,0,0,0,0,0,0,0,0,0,0,0,0,0,0,0,0,0,0,0,0,0,0,0,0,0,0,0,0,0,0,0,0,0,,No,1 - 49,Non-Profit Corporation (i,1,0,0,0,1,0,0,1,0,0,0,0,0,0,1,1,0,0,0,14058,0,0,561,5223,6048,631,82,1513,,,,Rural,GAZELLE/GRENADA/HILT/HORNBROOK/YREKA,106474007,,,,,,
106480989,KAISER FND HOSP - REHABILITATION CENTER VALLEJO,975 SERENO DRIVE,VALLEJO,94589,707-651-1000,Yes,01/01/2013,12/31/2013,Open,03/21/1973,03/21/1973,,NO,14,3,5,6095251400,204,,03 - North Bay,Solano,110000026,Parent Facility,-122.24761,38.12839,General Acute Care,Non-Profit Corporation (incl. Church-related),General Medical / Surgical,128,46720,6480,26720,32,11680,2323,4746,0,0,0,0,14,5110,225,1422,3248,10,3650,0,0,0,0,0,0,0,0,0,0,0,0,0,16,5840,349,118,1681,48,17520,1050,15597,248,90520,10427,51992,0,0,0,0,0,0,0,0,0,0,0,,0,0,0,0,0,0,0,0,0,248,90520,10427,51992,0,0,0,0,0,0,22,1977,3121,0,0,0,0,0,0,0,0,0,0,0,0,0,0,0,0,0,0,0,,,,,,No,Basic,Basic,15619,0,7311,22,10052,268,9658,3152,825,1551,43465,4993,48458,39,12813,21,No,0,0,0,0,0,0,0,0,0,0,0,0,0,Respondent,2453,339205,4701,450460,0,0,10,10,,2248,123,12,Yes,1680,568,CATH LAB,0,0,0,0,0,0,0,0,1,0,0,0,0,59,107,187,0,246,107,246,0,0,0,0,0,99,8,0,0,0,0,0,0,0,0,3,0,0,356,,No,200 - 299,Non-Profit Corporation (i,1,0,0,0,0,0,0,0,0,0,0,0,0,0,0,0,1,0,0,0,0,48458,15619,7333,10320,12810,2376,0,,1,,Urban,VALLEJO,106480989,,,,,,
106481015,ST. HELENA HOSPITAL CENTER FOR BEHAVIORAL HEALTH,525 OREGON STREET,VALLEJO,94590,707-967-5981,Yes,01/01/2013,12/31/2013,Open,06/17/1963,06/17/1963,,NO,14,3,5,6095251500,204,,03 - North Bay,Solano,110000042,Parent Facility,-122.25033,38.11825,Acute Psychiatric,Non-Profit Corporation (incl. Church-related),Psychiatric,0,0,0,0,0,0,0,0,0,0,0,0,0,0,0,0,0,0,0,0,0,0,0,0,0,0,0,0,0,0,0,0,0,0,0,0,0,0,0,0,0,0,0,0,0,0,0,0,0,61,22265,2397,20207,0,0,0,,0,0,0,0,0,0,0,0,0,61,22265,2397,20207,0,0,0,0,0,0,0,0,0,0,41,0,41,8,32,1,41,10,0,4,1,0,0,16,10,0,0,41,Yes,,,,,No,0,0,0,0,0,0,0,0,0,0,0,0,0,0,0,0,0,0,No,0,0,0,0,0,0,0,0,0,0,0,0,0,Respondent,0,0,0,0,0,0,0,0,,0,0,0,,0,0,NEITHER,0,0,0,0,0,0,0,0,0,0,0,0,0,0,0,0,0,0,0,0,0,0,0,0,0,0,0,0,0,0,0,0,0,0,0,0,0,0,0,,No,50 - 99,Non-Profit Corporation (i,0,0,0,1,0,0,0,0,0,0,0,0,0,0,0,0,1,0,0,0,0,0,0,0,0,0,0,0,,,,Urban,VALLEJO,106481015,,,,,,
106481094,SUTTER SOLANO MEDICAL CENTER,300 HOSPITAL DRIVE,VALLEJO,94590,707-554-4444,Yes,01/01/2013,12/31/2013,Open,01/01/1946,01/01/1946,,NO,14,3,5,6095251901,204,,03 - North Bay,Solano,110000082,Parent Facility,-122.23912,38.13117,General Acute Care,Non-Profit Corporation (incl. Church-related),General Medical / Surgical,60,21900,3558,13525,30,10950,733,1109,0,0,0,0,12,4380,231,876,3317,0,0,0,0,0,0,0,0,0,0,0,0,0,0,0,0,0,0,0,0,0,0,0,0,102,37230,4522,17951,0,0,0,0,0,0,0,0,0,0,0,0,0,0,0,0,0,0,0,0,0,102,37230,4522,17951,0,0,0,0,0,0,12,653,1117,0,0,0,0,0,0,0,0,0,0,0,0,0,0,0,0,0,0,0,,Yes,YES,,,No,Basic,Basic,410,1,6596,1,14802,38,9308,321,3481,2632,34597,2993,37590,13,0,864,No,0,0,0,0,0,0,0,0,0,0,0,0,0,Respondent,1253,103528,3283,178350,0,0,4,4,Yes,653,20,2,,0,149,NEITHER,0,0,0,0,0,0,0,0,0,0,0,0,0,0,0,0,0,0,0,0,0,0,0,0,0,0,0,0,0,0,0,0,0,0,0,0,0,0,0,,No,100 - 149,Non-Profit Corporation (i,1,0,0,0,0,0,0,0,0,0,0,0,0,0,0,0,1,0,0,0,0,37590,411,6597,14840,9629,6113,0,,,,Urban,VALLEJO,106481094,,,,,,
106481357,NORTH BAY MEDICAL CENTER,1200 B. GALE WILSON BLVD.,FAIRFIELD,94533,707-646-5000,Yes,01/01/2013,12/31/2013,Open,12/11/1959,12/11/1959,Level III,NO,11,3,3,6095252604,202b,,03 - North Bay,Solano,110000093,Parent Facility,-122.05076,38.26097,General Acute Care,Non-Profit Corporation (incl. Church-related),General Medical / Surgical,79,28835,4531,17038,13,4745,1426,3174,0,0,0,0,24,8760,375,993,4300,0,0,0,0,0,0,0,0,0,0,0,0,0,0,0,16,5840,186,0,2836,0,0,0,0,132,48180,6518,27348,0,0,0,0,0,0,0,0,0,0,0,,0,0,0,0,0,0,0,0,0,132,48180,6518,27348,0,0,0,0,0,0,11,1210,2149,0,0,0,0,0,0,0,0,0,0,0,0,0,0,0,0,0,0,0,,,,,,Yes,Basic,Basic,317,0,2893,2,15039,17,11549,231,6771,4563,36569,4813,41382,19,3212,1577,No,0,0,0,0,0,0,0,0,0,0,0,0,0,Respondent,1372,203170,825,78190,1,0,4,5,Yes,1351,77,12,,0,397,CV SURG,1,0,0,23,47,23,47,60,2,0,0,0,0,284,366,212,273,496,639,780,0,84,36,37,10,283,17,15,0,0,0,0,29,89,0,15,4,135,1534,Yes,No,100 - 149,Non-Profit Corporation (i,1,0,0,0,1,0,0,1,0,0,0,0,0,0,1,1,0,0,0,41382,0,0,317,2895,15056,11780,11334,0,,,,Urban,FAIRFIELD,106481357,,,,,,
106484001,NORTH BAY VACAVALLEY HOSPITAL,1000 NUT TREE ROAD,VACAVILLE,95687,707-646-5000,Yes,01/01/2013,12/31/2013,Open,07/01/1987,07/01/1987,,NO,11,3,3,6095252902,202a,,03 - North Bay,Solano,110000093,Consolidated Facility,-121.95293,38.35509,General Acute Care,Non-Profit Corporation (incl. Church-related),General Medical / Surgical,44,16060,2165,8108,0,0,0,0,0,0,0,0,6,2190,114,327,1323,0,0,0,0,0,0,0,0,0,0,0,0,0,0,0,0,0,0,0,0,0,0,0,0,50,18250,2279,9431,0,0,0,0,0,0,0,0,0,0,0,0,0,0,0,0,0,0,0,0,0,50,18250,2279,9431,0,0,0,0,0,0,0,0,0,0,0,0,0,0,0,0,0,0,0,0,0,0,0,0,0,0,0,0,,,,,,No,Basic,Basic,4,0,1369,0,7840,7,6316,141,3356,2066,18885,2214,21099,17,1373,451,No,0,0,0,0,0,0,0,0,0,0,0,0,0,Respondent,494,60997,150,15321,0,0,2,2,Yes,0,0,0,,0,0,NEITHER,0,0,0,0,0,0,0,0,0,0,0,0,0,0,0,0,0,0,0,0,0,0,0,0,0,0,0,0,0,0,0,0,0,0,0,0,0,0,0,,No,50 - 99,Non-Profit Corporation (i,1,0,0,0,0,0,0,0,0,0,0,0,0,0,0,0,1,0,0,0,0,21099,4,1369,7847,6457,5422,0,,,,Urban,VACAVILLE,106484001,,,,,,
106484044,KAISER FOUNDATION HOSPITAL - VACAVILLE,1 QUALITY DRIVE,VACAVILLE,95688,707-651-1000,Yes,01/01/2013,12/31/2013,Open,09/16/2009,09/16/2009,Level III,NO,11,3,3,6095252904,202a,,03 - North Bay,Solano,550001207,Parent Facility,-121.9373177,38.3894968,General Acute Care,Non-Profit Corporation (incl. Church-related),General Medical / Surgical,96,26376,4212,15737,28,1288,109,193,0,0,0,0,16,5840,107,696,1735,0,0,0,0,0,0,0,0,0,0,0,0,0,0,0,0,0,0,0,0,0,0,0,0,140,33504,4428,17665,0,0,0,0,0,0,0,0,0,0,0,,0,0,0,0,0,0,0,0,0,140,33504,4428,17665,0,0,0,0,0,0,20,101,157,0,0,0,0,0,0,0,0,0,0,0,0,0,0,0,0,0,0,0,,,,,,No,Basic,Basic,12837,0,5570,16,6836,295,5841,1901,518,878,31602,3090,34692,24,9507,57,No,0,0,0,0,0,0,0,0,0,0,0,0,0,Respondent,1358,202539,3911,371851,6,4,0,10,Yes,110,5,0,Yes,79,31,NEITHER,0,0,0,0,0,0,0,0,0,0,0,0,0,0,0,0,0,0,0,0,0,0,0,0,0,0,0,0,0,0,0,0,0,0,0,0,0,0,0,,No,100 - 149,Non-Profit Corporation (i,1,0,0,0,1,0,0,1,0,0,0,0,0,0,1,1,0,0,0,34692,0,0,12837,5586,7131,7742,1396,0,1,,,Urban,VACAVILLE,106484044,,,,,,
106490907,SANTA ROSA MEMORIAL HOSPITAL-SOTOYOME,151 SOTOYOME STREET,SANTA ROSA,95405,707-525-5300-5495,No,01/01/2013,12/31/2013,Open,02/01/1962,02/01/1962,,NO,10,2,5,6097152000,210.1,,03 - North Bay,Sonoma,140000648,Consolidated Facility,-122.70136,38.44181,General Acute Care,Non-Profit Corporation (incl. Church-related),Other,29,10585,0,0,0,0,0,0,0,0,0,0,0,0,0,0,0,0,0,0,0,0,0,0,0,0,0,0,0,0,0,0,0,0,0,0,0,0,0,0,0,29,10585,0,0,0,0,0,0,0,0,0,0,31,11315,0,,0,0,0,0,0,0,0,0,0,60,21900,0,0,0,0,0,0,0,0,0,0,0,0,0,0,0,0,0,0,0,0,0,0,0,0,0,0,0,0,0,0,,,,,,0,0,0,0,0,0,0,0,0,0,0,0,0,0,0,0,0,0,0,NO,0,0,0,0,0,0,0,0,0,0,0,0,,Respondent,0,0,0,0,0,0,0,0,,0,0,0,,0,0,NEITHER,0,0,0,0,0,0,0,0,0,0,0,0,0,0,0,0,0,0,0,0,0,0,0,0,0,0,0,0,0,0,0,0,0,0,0,0,0,0,0,,No,50 - 99,Non-Profit Corporation (i,0,0,0,1,0,0,0,0,0,0,0,0,0,0,0,0,1,0,0,0,0,0,0,0,0,0,0,0,,,,Urban,SANTA ROSA,106490907,,,,,,
106490919,SUTTER MEDICAL CENTER OF SANTA ROSA,3325 CHANATE ROAD,SANTA ROSA,95404,707-576-4000,Yes,01/01/2013,12/31/2013,Open,07/01/1953,07/01/1953,,NO,2,2,5,6097152400,210.1,,03 - North Bay,Sonoma,110000005,Parent Facility,-122.70739,38.46855,General Acute Care,Non-Profit Corporation (incl. Church-related),General Medical / Surgical,91,33215,4196,14336,18,6570,1578,4003,0,0,0,0,16,5840,220,935,2737,0,0,0,0,0,0,0,0,0,0,0,0,0,0,0,10,3650,211,87,2548,0,0,0,0,135,49275,6205,23624,0,0,0,0,0,0,0,0,0,0,0,,0,0,0,0,0,0,0,0,0,135,49275,6205,23624,0,0,0,0,0,0,10,1436,2757,0,0,0,0,0,0,0,0,0,0,0,0,0,0,0,0,0,0,0,,,,,,No,Basic,Basic,288,0,4316,4,8337,22,6986,272,3548,2428,23475,2726,26201,15,0,724,No,0,0,0,0,0,0,0,0,0,0,0,0,0,Respondent,1333,191933,1938,177259,0,0,6,6,Yes,1592,97,17,,0,400,CV SURG,1,0,0,129,0,129,0,71,2,0,0,0,0,149,281,217,118,366,399,541,0,63,0,27,66,0,62,0,0,0,66,12,219,161,0,14,0,123,1354,,No,100 - 149,Non-Profit Corporation (i,1,0,0,0,0,0,0,0,0,0,0,0,0,0,0,0,1,0,0,0,0,26201,288,4320,8359,7258,5976,0,,,,Urban,SANTA ROSA,106490919,,,,,,
106490964,HEALDSBURG DISTRICT HOSPITAL,1375 UNIVERSITY STREET,HEALDSBURG,95448,707-431-6500,Yes,01/01/2013,12/31/2013,Open,01/10/1972,01/10/1972,,NO,2,2,2,6097153902,205.1,,03 - North Bay,Sonoma,110000019,Parent Facility,-122.86385,38.62764,General Acute Care,District,General Medical / Surgical,17,6205,852,3008,5,1825,0,0,0,0,0,0,4,1460,67,152,448,0,0,0,0,0,0,0,0,0,0,0,0,0,0,0,0,0,0,0,0,0,0,0,0,26,9490,919,3456,0,0,0,0,0,0,0,0,17,6205,26,,5257,0,0,0,0,0,0,0,0,43,15695,945,8713,0,0,0,0,0,0,0,0,0,10,0,0,0,0,0,0,0,0,0,0,0,0,0,0,0,0,0,0,,,,,,No,Standby,Standby,328,0,2835,0,5072,119,0,553,0,62,8235,734,8969,8,19,0,No,0,0,0,0,0,0,0,0,0,0,0,0,0,Respondent,216,26276,790,39186,0,1,2,3,Yes,0,0,0,,0,0,NEITHER,0,0,0,0,0,0,0,0,0,0,0,0,0,0,0,0,0,0,0,0,0,0,0,0,0,0,0,0,0,0,0,0,0,0,0,0,0,0,0,,No,1 - 49,District,0,0,1,0,0,0,0,0,0,0,0,0,0,0,0,0,1,0,0,0,0,8969,328,2835,5191,553,62,0,,,,Rural,GEYSERVILLE/HEALDSBURG,106490964,,,,,,
106491001,PETALUMA VALLEY HOSPITAL,400 NORTH MC DOWELL BOULEVARD,PETALUMA,94954,707-778-1111,Yes,01/01/2013,12/31/2013,Open,03/05/1980,03/05/1980,,NO,10,3,2,6097150605,209.1,,03 - North Bay,Sonoma,110000001,Parent Facility,-122.63302,38.25323,General Acute Care,Non-Profit Corporation (incl. Church-related),General Medical / Surgical,61,22265,1832,5861,10,3650,453,954,0,0,0,0,9,3285,218,318,1348,0,0,0,0,0,0,0,0,0,0,0,0,0,0,0,0,0,0,0,0,0,0,0,0,80,29200,2503,8163,0,0,0,0,0,0,0,0,0,0,0,,0,0,0,0,0,0,0,0,0,80,29200,2503,8163,0,0,0,0,0,0,10,433,793,0,0,0,0,0,0,0,0,0,0,0,0,0,0,0,0,0,0,0,,,,,,No,Basic,Basic,611,0,2604,6,7234,36,3910,1418,466,283,14825,1743,16568,15,0,149,No,0,0,0,0,0,0,0,0,0,0,0,0,0,Respondent,656,77843,1374,98023,0,0,4,4,,433,4,0,,0,119,NEITHER,0,0,0,0,0,0,0,0,0,0,0,0,0,0,0,0,0,0,0,0,0,0,0,0,0,0,0,0,0,0,0,0,0,0,0,0,0,0,0,,No,50 - 99,Non-Profit Corporation (i,1,0,0,0,0,0,0,0,0,0,0,0,0,0,0,0,1,0,0,0,0,16568,611,2610,7270,5328,749,0,,,,Urban,PETALUMA,106491001,,,,,,
106491064,SANTA ROSA MEMORIAL HOSPITAL-MONTGOMERY,1165 MONTGOMERY DRIVE,SANTA ROSA,95405,707-525-5300,Yes,01/01/2013,12/31/2013,Open,02/07/1950,02/07/1950,Level II,NO,10,2,5,6097151800,210.1,,03 - North Bay,Sonoma,140000648,Parent Facility,-122.70114,38.44304,General Acute Care,Non-Profit Corporation (incl. Church-related),General Medical / Surgical,203,74095,9015,39434,15,5475,897,2470,6,2190,681,1696,16,5840,529,665,7680,10,3650,0,0,0,0,0,0,0,0,0,0,0,0,0,12,4380,150,0,1650,16,5840,259,3284,278,101470,11531,56214,0,0,0,0,0,0,0,0,0,0,0,,0,0,0,0,0,0,0,0,0,278,101470,11531,56214,0,0,0,0,0,0,16,737,1704,0,0,0,0,0,0,0,0,0,0,0,0,0,0,0,0,0,0,0,,,,,,No,Basic,Basic,2330,3,3049,10,13453,85,10196,4845,1370,1694,30398,6637,37035,26,0,1318,Yes,0,0,0,0,0,0,0,0,2,0,0,2,4,Respondent,3825,509880,3019,256606,0,0,10,10,Yes,881,73,10,,0,0,CV SURG,2,0,0,74,42,74,42,87,2,0,0,0,0,511,245,341,31,852,276,852,1,0,0,0,0,261,15,2,0,0,177,154,690,666,0,13,0,1272,4103,Yes,No,200 - 299,Non-Profit Corporation (i,1,0,0,0,1,0,1,0,0,0,0,0,0,0,1,1,0,0,37035,0,0,0,2333,3059,13538,15041,3064,0,,,1,Urban,SANTA ROSA,106491064,,,,,,
106491076,SONOMA VALLEY HOSPITAL,347 ANDRIEUX STREET,SONOMA,95476,707-935-5000,Yes,01/01/2013,12/31/2013,Open,07/26/1957,07/26/1957,,NO,10,3,5,6097150201,208,,03 - North Bay,Sonoma,110000072,Parent Facility,-122.46524,38.28841,General Acute Care,District,General Medical / Surgical,46,16790,951,3177,4,1460,159,417,0,0,0,0,6,2190,163,188,1197,0,0,0,0,0,0,0,0,0,0,0,0,0,0,0,0,0,0,0,0,0,0,0,0,56,20440,1273,4791,0,0,0,0,0,0,0,0,27,9855,357,0,7334,0,0,0,0,0,0,0,0,83,30295,1630,12125,0,0,0,0,0,0,7,157,319,0,0,0,0,0,0,0,0,0,0,0,0,0,0,0,0,0,0,0,,,,,,No,Basic,Basic,23,0,2506,9,3635,216,2079,443,704,284,8947,952,9899,5,93,189,No,0,0,0,0,0,0,0,0,0,0,0,0,0,Respondent,469,49499,1431,73469,0,0,3,3,Yes,156,4,0,,0,30,NEITHER,0,0,0,0,0,0,0,0,0,0,0,0,0,0,0,0,0,0,0,0,0,0,0,0,0,0,0,0,0,0,0,0,0,0,0,0,0,0,0,,No,50 - 99,District,1,0,0,0,0,0,0,0,0,0,0,0,0,0,0,0,1,0,0,0,0,9899,23,2515,3851,2522,988,0,,,,Rural,BOYES HOT SPRINGS/GLEN ELLEN/KENWOOD/SONOMA/VINEBURG,106491076,,,,,,
106491267,SONOMA DEVELOPMENTAL CENTER,P.O. BOX 1493,ELDRIDGE,95431,707-938-6000,Yes,01/01/2013,12/31/2013,Open,01/01/1946,01/01/1946,,NO,4,2,5,6097150303,208,,03 - North Bay,Sonoma,150000089,Parent Facility,19.67965,44.74902,General Acute Care,State,Developmentally Disabled,13,4745,10,1340,0,0,0,0,0,0,0,0,0,0,0,0,0,0,0,0,0,0,0,0,0,0,0,0,0,0,0,0,0,0,0,0,0,0,0,0,0,13,4745,10,1340,0,0,0,0,0,0,0,0,622,227030,12,,75774,0,0,0,0,753,274845,27,101016,1388,506620,49,178130,0,0,0,0,0,0,0,0,0,0,0,0,0,0,0,0,0,0,0,0,0,0,0,0,0,0,0,0,,,,,,No,0,0,0,0,0,0,0,0,0,0,0,0,0,0,0,0,0,0,No,0,0,0,0,0,0,0,0,0,0,0,0,0,Respondent,0,0,0,0,0,0,0,0,,0,0,0,,0,0,NEITHER,0,0,0,0,0,0,0,0,0,0,0,0,0,0,0,0,0,0,0,0,0,0,0,0,0,0,0,0,0,0,0,0,0,0,0,0,0,0,0,,Yes,500+,State,0,0,0,1,0,0,0,0,0,0,0,0,0,0,0,0,1,0,0,0,0,0,0,0,0,0,0,0,,,,Rural,BOYES HOT SPRINGS/GLEN ELLEN/KENWOOD/SONOMA/VINEBURG,106491267,,,,,,
106491338,PALM DRIVE HOSPITAL,501 PETALUMA AVENUE,SEBASTOPOL,95472,707-823-8511,Yes,01/01/2013,12/31/2013,Suspense,04/28/2014,01/01/1946,,NO,10,2,2,6097153403,210.2,,03 - North Bay,Sonoma,110000091,Parent Facility,-122.82111,38.39836,General Acute Care,District,General Medical / Surgical,32,11680,806,2942,0,0,0,0,0,0,0,0,5,1825,85,128,525,0,0,0,0,0,0,0,0,0,0,0,0,0,0,0,0,0,0,0,0,0,0,0,0,37,13505,891,3467,0,0,0,0,0,0,0,0,0,0,0,0,0,0,0,0,0,0,0,0,0,37,13505,891,3467,0,0,0,0,0,0,0,0,0,10,0,0,0,0,0,0,0,0,0,0,0,0,0,0,0,0,0,0,,Yes,YES,,,No,Standby,Standby,21,0,763,0,3411,2,2262,4,459,506,6916,512,7428,5,0,235,No,0,0,0,0,0,0,0,0,0,0,0,0,0,Respondent,405,60485,1188,90006,0,0,2,2,Yes,0,0,0,,0,0,NEITHER,0,0,0,0,0,0,0,0,0,0,0,0,0,0,0,0,0,0,0,0,0,0,0,0,0,0,0,0,0,0,0,0,0,0,0,0,0,0,0,,No,1 - 49,District,0,0,1,0,0,0,0,0,0,0,0,0,0,0,0,0,1,0,0,0,0,7428,21,763,3413,2266,965,0,,,,Rural,BODEGA/SEBASTOPOL,106491338,,,,,,
106494019,KAISER FND HOSP - SANTA ROSA,401 BICENTENNIAL WAY,SANTA ROSA,95403,707-393-4000,Yes,01/01/2013,12/31/2013,Open,03/30/1990,03/30/1990,,YES,2,2,5,6097152802,210.1,,03 - North Bay,Sonoma,110000213,Parent Facility,-122.73119,38.47087,General Acute Care,Non-Profit Corporation (incl. Church-related),General Medical / Surgical,118,43070,5511,19765,17,6205,1945,4060,7,2555,308,722,20,7300,189,593,1716,0,0,0,0,0,0,0,0,0,0,0,0,0,0,0,11,4015,68,204,1031,0,0,0,0,173,63145,8021,27294,0,0,0,0,0,0,0,0,0,0,0,0,0,0,0,0,0,0,0,0,0,173,63145,8021,27294,0,0,0,0,0,0,17,1832,3178,0,0,0,0,0,0,0,0,0,0,0,0,0,0,0,0,0,0,0,,,,,,Yes,Basic,Basic,18952,1,7606,53,10632,856,5586,2808,228,566,43004,4284,47288,34,0,51,No,0,0,0,0,0,0,0,0,0,0,0,0,0,Respondent,2252,257201,7564,522598,0,7,4,11,Yes,1898,81,8,Yes,1399,499,NEITHER,0,0,0,0,0,0,0,0,0,0,0,0,0,0,0,0,0,0,0,0,0,0,0,0,0,0,0,0,0,0,0,0,0,0,0,0,0,0,0,,No,150 - 199,Non-Profit Corporation (i,1,0,0,0,0,0,0,0,0,0,0,0,0,0,0,0,1,0,0,0,0,47288,18953,7659,11488,8394,794,0,,1,,Urban,SANTA ROSA,106494019,,,,,,
106494048,"AURORA BEHAVIORAL HEALTHCARE-SANTA ROSA, LLC",1287 FULTON ROAD,SANTA ROSA,95401,707-800-7700,Yes,07/31/2013,12/31/2013,Open,07/29/2013,08/02/1994,,NO,2,2,5,6097153005,210.1,,03 - North Bay,Sonoma,550001413,Parent Facility,-122.76973,38.43998,Acute Psychiatric,Investor - Limited Liability Company,Psychiatric,0,0,0,0,0,0,0,0,0,0,0,0,0,0,0,0,0,0,0,0,0,0,0,0,0,0,0,0,0,0,0,0,0,0,0,0,0,0,0,0,0,0,0,0,0,0,0,0,0,95,34257,118,893,0,0,0,,0,0,0,0,0,0,0,0,0,95,34257,118,893,0,0,0,0,0,0,0,0,0,0,7,0,7,0,7,0,7,0,0,0,0,0,0,2,5,0,0,7,Yes,,,,,No,0,0,0,0,0,0,0,0,0,0,0,0,0,0,0,0,0,0,No,0,0,0,0,0,0,0,0,0,0,0,0,0,Respondent,0,0,0,0,0,0,0,0,,0,0,0,,0,0,NEITHER,0,0,0,0,0,0,0,0,0,0,0,0,0,0,0,0,0,0,0,0,0,0,0,0,0,0,0,0,0,0,0,0,0,0,0,0,0,0,0,,No,50 - 99,Investor,0,0,0,1,0,0,0,0,0,0,0,0,0,0,0,0,1,0,0,0,0,0,0,0,0,0,0,0,,,,Urban,SANTA ROSA,106494048,,,,,,
106500852,DOCTORS MEDICAL CENTER,1441 FLORIDA AVENUE,MODESTO,95350,209-578-1211,Yes,01/01/2013,12/31/2013,Open,07/11/1962,07/11/1962,Level II,NO,21,5,10,6099001300,215a,,06 - North San Joaquin,Stanislaus,30000026,Parent Facility,-120.99631,37.66439,General Acute Care,Investor - Corporation,General Medical / Surgical,227,82855,12953,67051,56,20440,4245,11675,22,8030,800,1783,32,11680,610,2409,8924,12,4380,275,1451,3819,0,0,0,0,0,0,0,0,0,0,45,16425,409,15,7431,0,0,0,0,394,143810,19292,100683,0,0,0,0,0,0,0,0,0,0,0,,0,0,0,0,0,0,0,0,0,394,143810,19292,100683,0,0,0,0,0,0,24,3613,8190,0,0,0,0,0,0,0,0,0,0,0,0,0,0,0,0,0,0,0,,,,,,No,Basic,Basic,8798,10,12501,6,28409,38,21594,2370,9028,10584,80330,13008,93338,33,8798,3263,No,0,0,0,0,0,0,0,0,0,0,0,0,0,Respondent,6115,664720,6512,409265,0,0,18,18,Yes,4019,292,108,,0,1390,CV SURG,4,0,0,277,29,277,29,244,4,0,0,0,0,909,932,1164,1092,2073,2024,1892,0,189,86,144,37,648,77,0,3,0,181,96,388,303,3,50,0,0,4097,Yes,No,300 - 499,Investor,1,0,0,0,1,0,1,0,0,0,0,0,0,0,1,1,0,0,93338,0,0,0,8808,12507,28447,23964,19612,0,,,,Urban,MODESTO WEST,106500852,,,,,,
106500867,"EMANUEL MEDICAL CENTER, INC",825 DELBON AVENUE,TURLOCK,95380,209-667-4200,Yes,01/01/2013,12/31/2013,Open,11/05/1966,11/05/1966,,NO,12,8,10,6099003907,212.1,,06 - North San Joaquin,Stanislaus,30000035,Parent Facility,-120.83966,37.51052,General Acute Care,Non-Profit Corporation (incl. Church-related),General Medical / Surgical,163,59495,7660,34138,28,10220,1413,2439,0,0,0,0,12,4380,155,480,2495,0,0,0,0,0,0,0,0,0,0,0,0,0,0,0,6,2190,161,15,1219,0,0,0,0,209,76285,9389,40291,0,0,0,0,0,0,0,0,145,52925,559,,48001,0,0,0,0,0,0,0,0,354,129210,9948,88292,0,0,0,0,0,0,28,1175,2046,0,0,0,0,0,0,0,0,0,0,0,0,0,0,0,0,0,0,0,,,,,,No,Basic,Basic,4629,16,13772,19,25075,150,8956,4443,1224,2011,53656,6639,60295,32,0,734,Yes,69,62,49,73,43,57,65,89,86,74,66,53,786,Respondent,3149,122391,2393,64975,0,0,6,6,,1336,53,7,,0,331,CV SURG,1,0,0,51,51,51,51,49,1,0,0,0,0,541,241,242,107,783,348,783,0,98,9,35,6,330,18,0,0,0,0,0,65,135,0,8,0,0,1487,,No,300 - 499,Non-Profit Corporation (i,1,0,0,0,0,0,0,0,0,0,0,0,0,0,0,0,1,0,0,0,0,60295,4645,13791,25225,13399,3235,0,,,1,Urban,DENAIR/TURLOCK,106500867,,,,,,
106500939,MEMORIAL HOSPITAL MEDICAL CENTER - MODESTO,1700 COFFEE ROAD,MODESTO,95355,209-526-4500,Yes,01/01/2013,12/31/2013,Open,05/01/1970,05/01/1970,Level II,NO,2,2,2,6099000910,215b,,06 - North San Joaquin,Stanislaus,30000061,Parent Facility,-120.97546,37.66727,General Acute Care,Non-Profit Corporation (incl. Church-related),General Medical / Surgical,337,123005,13376,63214,29,10585,1922,4580,10,3650,1464,4597,23,8395,252,2186,7238,12,4380,129,225,1379,0,0,0,0,0,0,0,0,0,0,12,4380,164,0,1278,0,0,0,0,423,154395,17307,82286,0,0,0,0,0,0,0,0,0,0,0,,0,0,0,0,0,0,0,0,0,423,154395,17307,82286,0,0,0,0,0,0,30,1688,3458,0,0,0,0,0,0,0,0,0,0,0,0,0,0,0,0,0,0,0,,,,,,No,Basic,Basic,575,3,5712,5,18275,79,17400,1476,10300,10945,52262,12508,64770,44,0,3117,Yes,0,0,0,0,0,0,0,0,0,6,0,2,8,Respondent,4818,653800,7212,488500,0,3,18,21,Yes,1852,54,4,,1182,630,CV SURG,3,0,0,207,6,207,6,213,3,0,0,0,0,728,547,1347,1016,2075,1563,1866,1,126,55,87,30,809,50,98,12,0,10,67,78,159,15,38,2,135,3638,Yes,No,300 - 499,Non-Profit Corporation (i,1,0,0,0,1,0,1,0,0,0,0,0,0,0,1,1,0,0,64770,0,0,0,578,5717,18354,18876,21245,0,,,1,Urban,MODESTO EAST,106500939,,,,,,
106500954,CENTRAL VALLEY SPECIALTY HOSPITAL,730 17TH STREET,MODESTO,95354,209-248-7734,Yes,07/19/2013,12/31/2013,Open,07/19/2013,01/01/1946,,NO,21,5,10,6099001800,215c,,06 - North San Joaquin,Stanislaus,30000464,Parent Facility,-120.99043,37.64297,General Acute Care,Investor - Limited Liability Company,General Medical / Surgical,36,5976,143,3523,0,0,0,0,0,0,0,0,0,0,0,0,0,0,0,0,0,0,0,0,0,0,0,0,0,0,0,0,0,0,0,0,0,0,7164,0,0,36,13140,143,3523,0,0,0,0,0,0,0,0,64,23360,78,,2487,0,0,0,0,0,0,0,0,100,36500,221,6010,0,0,0,0,0,0,0,0,0,0,0,0,0,0,0,0,0,0,0,0,0,0,0,0,0,0,0,0,,,,,,No,0,0,0,0,0,0,0,0,0,0,0,0,0,0,0,0,0,0,No,0,0,0,0,0,0,0,0,0,0,0,0,0,Respondent,0,0,0,0,0,0,0,0,,0,0,0,,0,0,NEITHER,0,0,0,0,0,0,0,0,0,0,0,0,0,0,0,0,0,0,0,0,0,0,0,0,0,0,0,0,0,0,0,0,0,0,0,0,0,0,0,,No,100 - 149,Investor,0,0,0,1,0,0,0,0,0,0,0,0,0,0,0,0,1,0,0,0,0,0,0,0,0,0,0,0,,,,Urban,CERES/MODESTO SOUTH CENTRAL,106500954,,,,,,
106500967,OAK VALLEY DISTRICT HOSPITAL (2-RH),350 SOUTH OAK STREET,OAKDALE,95361,209-847-3011,Yes,01/01/2013,12/31/2013,Open,03/14/1973,03/14/1973,,NO,12,8,10,6099000202,211,,06 - North San Joaquin,Stanislaus,30000069,Parent Facility,-120.86031,37.75782,General Acute Care,District,General Medical / Surgical,24,8760,840,3154,6,2190,129,318,0,0,0,0,5,1825,70,120,487,0,0,0,0,0,0,0,0,0,0,0,0,0,0,0,0,0,0,0,0,0,0,0,0,35,12775,1039,3959,0,0,0,0,0,0,0,0,115,41975,251,0,37177,0,0,0,0,0,0,0,0,150,54750,1290,41136,0,0,0,0,0,0,0,120,253,0,0,0,0,0,0,0,0,0,0,0,0,0,0,0,0,0,0,0,,,,,,No,Basic,Basic,648,0,5708,0,9243,0,4708,0,656,0,20963,1054,22017,12,6656,141,No,0,0,0,0,0,0,0,0,0,0,0,0,0,Respondent,259,16165,1058,21410,1,0,2,3,Yes,121,4,0,,0,42,NEITHER,0,0,0,0,0,0,0,0,0,0,0,0,0,0,0,0,0,0,0,0,0,0,0,0,0,0,0,0,0,0,0,0,0,0,0,0,0,0,0,,No,150 - 199,District,1,0,0,0,0,0,0,0,0,0,0,0,0,0,0,0,1,0,0,0,0,22017,648,5708,9243,4708,656,1054,,,,Rural,OAKDALE/RIVERBANK,106500967,,,,,,
106501016,DOCTORS MEDICAL CENTER-BEHAVIORAL HEALTH DEPARTMENT,1501 CLAUS ROAD,MODESTO,95355,209-578-1211,Yes,01/01/2013,12/31/2013,Open,03/06/1987,03/06/1987,,NO,12,5,10,6099000906,215b,,06 - North San Joaquin,Stanislaus,30000026,Consolidated Facility,-120.92137,37.6654,General Acute Care,Investor - Corporation,Psychiatric,0,0,0,0,0,0,0,0,0,0,0,0,0,0,0,0,0,0,0,0,0,0,0,0,0,0,0,0,0,0,0,0,0,0,0,0,0,0,0,0,0,0,0,0,0,0,0,0,0,67,24455,4070,21510,0,0,0,,0,0,0,0,0,0,0,0,0,67,24455,4070,21510,0,0,0,4,21,40,0,0,0,0,32,24,56,0,54,2,56,10,1,12,0,28,1,4,0,0,0,56,Yes,,,,,No,0,0,0,0,0,0,0,0,0,0,0,0,0,0,0,0,0,0,No,0,0,0,0,0,0,0,0,0,0,0,0,0,Respondent,0,0,0,0,0,0,0,0,,0,0,0,,0,0,NEITHER,0,0,0,0,0,0,0,0,0,0,0,0,0,0,0,0,0,0,0,0,0,0,0,0,0,0,0,0,0,0,0,0,0,0,0,0,0,0,0,,No,50 - 99,Investor,0,0,0,1,0,0,0,0,0,0,0,0,0,0,0,0,1,0,0,0,0,0,0,0,0,0,0,0,,,,Urban,MODESTO EAST,106501016,,,,,,
106504038,STANISLAUS SURGICAL HOSPITAL,1421 OAKDALE ROAD,MODESTO,95355,209-572-2700-2510,Yes,01/01/2013,12/31/2013,Open,01/21/2000,01/21/2000,,NO,21,5,10,6099001001,215b,,06 - North San Joaquin,Stanislaus,30000695,Parent Facility,-120.95756,37.66395,General Acute Care,Investor - Limited Liability Company,General Medical / Surgical,23,8395,700,1646,0,0,0,0,0,0,0,0,0,0,0,0,0,0,0,0,0,0,0,0,0,0,0,0,0,0,0,0,0,0,0,0,0,0,0,0,0,23,8395,700,1646,0,0,0,0,0,0,0,0,0,0,0,0,0,0,0,0,0,0,0,0,0,23,8395,700,1646,0,0,0,0,0,0,0,0,0,0,0,0,0,0,0,0,0,0,0,0,0,0,0,0,0,0,0,0,,,,,,No,0,0,0,0,0,0,0,0,0,0,0,0,0,0,0,0,0,0,No,0,0,0,0,0,0,0,0,0,0,0,0,0,Respondent,700,83431,7402,274025,0,0,8,8,Yes,0,0,0,,0,0,NEITHER,0,0,0,0,0,0,0,0,0,0,0,0,0,0,0,0,0,0,0,0,0,0,0,0,0,0,0,0,0,0,0,0,0,0,0,0,0,0,0,,No,1 - 49,Investor,0,0,0,1,0,0,0,0,0,0,0,0,0,0,0,0,1,0,0,0,0,0,0,0,0,0,0,0,,,,Urban,MODESTO EAST,106504038,,,,,,
106504042,KAISER FND HOSP-MODESTO,4601 DALE RD,MODESTO,95356,209-735-3500,Yes,01/01/2013,12/31/2013,Open,10/01/2008,10/01/2008,,NO,12,5,10,6099000504,215a,,06 - North San Joaquin,Stanislaus,30000393,Consolidated Facility,-121.05008,37.706477,General Acute Care,Non-Profit Corporation (incl. Church-related),General Medical / Surgical,72,26280,4735,16330,36,13140,2487,5503,0,0,294,608,20,7300,447,1102,3356,0,0,0,0,0,0,0,0,0,0,0,0,0,0,0,12,4380,140,0,1143,0,0,0,0,140,51100,8103,26940,0,0,0,0,0,0,0,0,0,0,0,0,0,0,0,0,0,0,0,0,0,140,51100,8103,26940,0,0,0,0,0,0,10,2246,4072,0,0,0,0,0,0,0,0,0,0,0,0,0,0,0,0,0,0,0,,,,,,Yes,Basic,Basic,10136,0,6105,23,6770,175,9071,2287,777,1271,32859,3756,36615,37,0,60,Yes,0,0,0,0,1,0,0,0,0,0,0,0,1,Respondent,2085,311562,5864,531628,0,0,9,9,Yes,2384,147,8,,0,660,CATH LAB,0,0,0,0,0,0,0,0,1,0,0,0,0,124,0,68,0,192,0,192,0,0,0,0,0,0,0,0,0,0,0,0,0,0,0,1,0,0,193,,No,100 - 149,Non-Profit Corporation (i,1,0,0,0,0,0,0,0,0,0,0,0,0,0,0,0,1,0,0,0,0,36615,10136,6128,6945,11358,2048,0,,,1,Urban,MODESTO WEST,106504042,,,,,,
106510882,FREMONT MEDICAL CENTER,970 PLUMAS STREET,YUBA CITY,95991,530-751-4722,Yes,01/01/2013,12/31/2013,Open,11/01/2003,07/22/1959,,NO,3,4,3,6101050102,216,,02 - Golden Empire,Sutter,230000126,Consolidated Facility,-121.61777,39.14372,General Acute Care,Non-Profit Corporation (incl. Church-related),General Medical / Surgical,26,11794,51,132,16,5840,2109,4800,14,5110,0,0,0,288,0,0,0,0,0,0,0,0,0,0,0,0,0,0,0,0,0,0,4,1460,240,57,1056,0,0,0,0,60,24492,2400,5988,0,0,0,0,0,0,0,0,0,0,0,0,0,0,0,0,0,0,0,0,0,60,24492,2400,5988,0,0,0,0,0,0,30,1851,3590,0,0,0,0,0,0,0,0,0,0,0,0,0,0,0,0,0,0,0,,,,,,No,0,0,0,0,0,0,0,0,0,0,0,0,0,0,0,0,0,0,No,0,0,0,0,0,0,0,0,0,0,0,0,0,Respondent,756,38491,0,0,5,0,0,5,,2029,95,15,,0,595,NEITHER,0,0,0,0,0,0,0,0,0,0,0,0,0,0,0,0,0,0,0,0,0,0,0,0,0,0,0,0,0,0,0,0,0,0,0,0,0,0,0,,No,50 - 99,Non-Profit Corporation (i,0,0,0,1,0,0,0,0,0,0,0,0,0,0,0,0,1,0,0,0,0,0,0,0,0,0,0,0,,,,Rural,MERIDIAN/ROBBINS/YUBA CITY,106510882,,,,,,
106514001,SUTTER-YUBA PSYCHIATRIC HEALTH FACILITY,1965 LIVE OAK BOULEVARD,YUBA CITY,95991,530-822-7200,Yes,01/01/2013,12/31/2013,Open,01/29/1988,01/29/1988,,NO,3,4,3,6101050101,216,,02 - Golden Empire,Sutter,M01016015,Parent Facility,-121.61999,39.15537,Psychiatric Health Facility,City and/or County,Psychiatric,0,0,0,0,0,0,0,0,0,0,0,0,0,0,0,0,0,0,0,0,0,0,0,0,0,0,0,0,0,0,0,0,0,0,0,0,0,0,0,0,0,0,0,0,0,0,0,0,0,16,5840,379,3153,0,0,0,,0,0,0,0,0,0,0,0,0,16,5840,379,3153,0,0,0,0,0,0,0,0,0,0,4,0,4,0,4,0,4,1,0,0,0,0,2,0,0,0,1,4,Yes,,,,,No,0,0,0,0,0,0,0,0,0,0,0,0,0,0,0,0,0,0,No,0,0,0,0,0,0,0,0,0,0,0,0,0,Respondent,0,0,0,0,0,0,0,0,,0,0,0,,0,0,NEITHER,0,0,0,0,0,0,0,0,0,0,0,0,0,0,0,0,0,0,0,0,0,0,0,0,0,0,0,0,0,0,0,0,0,0,0,0,0,0,0,,No,1 - 49,City and/or County,0,0,0,1,0,0,0,0,0,0,0,0,0,0,0,0,1,0,0,0,0,0,0,0,0,0,0,0,,,,Rural,MERIDIAN/ROBBINS/YUBA CITY,106514001,,,,,,
106514030,SUTTER SURGICAL HOSPITAL-NORTH VALLEY,455 PLUMAS BOULEVARD,YUBA CITY,95993,530-749-5710,Yes,01/01/2013,12/31/2013,Open,04/24/2009,04/24/2009,,NO,3,4,3,6101050202,216,,02 - Golden Empire,Sutter,550000989,Parent Facility,-121.61354,39.13216,General Acute Care,Investor - Limited Liability Company,General Medical / Surgical,14,5110,590,1439,0,0,0,0,0,0,0,0,0,0,0,0,0,0,0,0,0,0,0,0,0,0,0,0,0,0,0,0,0,0,0,0,0,0,0,0,0,14,5110,590,1439,0,0,0,0,0,0,0,0,0,0,0,0,0,0,0,0,0,0,0,0,0,14,5110,590,1439,0,0,0,0,0,0,0,0,0,0,0,0,0,0,0,0,0,0,0,0,0,0,0,0,0,0,0,0,,,,,,No,0,0,0,0,0,0,0,0,0,0,0,0,0,0,0,0,0,0,No,0,0,0,0,0,0,0,0,0,0,0,0,0,Respondent,560,82892,1862,142581,0,0,4,4,Yes,0,0,0,,0,0,NEITHER,0,0,0,0,0,0,0,0,0,0,0,0,0,0,0,0,0,0,0,0,0,0,0,0,0,0,0,0,0,0,0,0,0,0,0,0,0,0,0,,No,1 - 49,Investor,0,0,0,1,0,0,0,0,0,0,0,0,0,0,0,0,1,0,0,0,0,0,0,0,0,0,0,0,,,,Rural,MERIDIAN/ROBBINS/YUBA CITY,106514030,,,,,,
106514033,NORTH VALLEY BEHAVIORAL HEALTH,1535 Plumas Court,Yuba City,95993,530-790-2520,Yes,01/01/2013,12/31/2013,Open,10/14/2005,10/14/2005,,NO,3,4,3,6101050102,216,,02 - Golden Empire,Sutter,M02016037,Parent Facility,-121.6179109,39.15194354,Psychiatric Health Facility,Investor - Limited Liability Company,Psychiatric,0,0,0,0,0,0,0,0,0,0,0,0,0,0,0,0,0,0,0,0,0,0,0,0,0,0,0,0,0,0,0,0,0,0,0,0,0,0,0,0,0,0,0,0,0,0,0,0,0,16,5840,408,4964,0,0,0,0,0,0,0,0,0,0,0,0,0,16,5840,408,4964,0,0,0,0,0,0,0,0,0,0,14,0,14,0,13,1,14,0,0,0,0,0,0,0,0,0,14,14,Yes,,,,,No,0,0,0,0,0,0,0,0,0,0,0,0,0,0,0,0,0,0,No,0,0,0,0,0,0,0,0,0,0,0,0,0,Respondent,0,0,0,0,0,0,0,0,,0,0,0,,0,0,NEITHER,0,0,0,0,0,0,0,0,0,0,0,0,0,0,0,0,0,0,0,0,0,0,0,0,0,0,0,0,0,0,0,0,0,0,0,0,0,0,0,,No,1 - 49,Investor,0,0,0,1,0,0,0,0,0,0,0,0,0,0,0,0,1,0,0,0,0,0,0,0,0,0,0,0,,,,Rural,MERIDIAN/ROBBINS/YUBA CITY,106514033,,,,,,
106521041,ST. ELIZABETH COMMUNITY HOSPITAL,2550 SISTER MARY COLUMBA DRIVE,RED BLUFF,96080,530-529-8012-8012,Yes,01/01/2013,12/31/2013,Open,03/20/1946,03/20/1946,Level III,NO,3,4,1,6103000700,221,,01 - Northern California,Tehama,230000036,Parent Facility,-122.21887,40.1495,General Acute Care,Non-Profit Corporation (incl. Church-related),General Medical / Surgical,66,24090,2656,5754,2,730,1270,1903,0,0,0,0,8,2920,340,588,1067,0,0,0,0,0,0,0,0,0,0,0,0,0,0,0,0,0,0,0,0,0,0,0,0,76,27740,4266,8724,0,0,0,0,0,0,0,0,0,0,0,0,0,0,0,0,0,0,0,0,0,76,27740,4266,8724,0,0,0,0,0,0,2,654,1131,10,0,0,0,0,0,0,0,0,0,0,0,0,0,0,0,0,0,0,,,,,,No,Basic,Basic,954,4,5487,1,13027,32,6908,495,2037,1260,28413,1792,30205,15,7208,308,No,0,0,0,0,0,0,0,0,0,0,0,0,0,Respondent,800,90565,2871,198931,0,3,6,9,Yes,745,45,4,,0,194,NEITHER,0,0,0,0,0,0,0,0,0,0,0,0,0,0,0,0,0,0,0,0,0,0,0,0,0,0,0,0,0,0,0,0,0,0,0,0,0,0,0,,No,50 - 99,Non-Profit Corporation (i,1,0,0,0,1,0,0,1,0,0,0,0,0,0,1,1,0,0,0,30205,0,0,958,5488,13059,7403,3297,0,,,,Rural,GERBER/LOS FLORES/PROBERTA/RED BLUFF,106521041,,,,,,
106531059,TRINITY HOSPITAL,60  EASTER AVENUE,WEAVERVILLE,96093,530-623-5541-3268,Yes,01/01/2013,12/31/2013,Open,07/01/1953,07/01/1953,,NO,2,2,2,6105000100,224,,01 - Northern California,Trinity,230000038,Parent Facility,-122.94037,40.73784,General Acute Care,District,General Medical / Surgical,25,9125,602,2078,0,0,0,0,0,0,0,0,0,0,0,0,0,0,0,0,0,0,0,0,0,0,0,0,0,0,0,0,0,0,0,0,0,0,0,0,0,25,9125,602,2078,0,0,0,0,0,0,0,0,26,9490,14,,7140,0,0,0,0,0,0,0,0,51,18615,616,9218,0,0,0,0,0,0,0,0,0,10,0,0,0,0,0,0,0,0,0,0,0,0,0,0,0,0,0,0,,,,,,No,Standby,Standby,228,0,1075,0,1872,0,572,119,460,261,4207,380,4587,4,228,60,No,0,0,0,0,0,0,0,0,0,0,0,0,0,Respondent,24,1338,133,4118,0,0,1,1,Yes,0,0,0,,0,0,NEITHER,0,0,0,0,0,0,0,0,0,0,0,0,0,0,0,0,0,0,0,0,0,0,0,0,0,0,0,0,0,0,0,0,0,0,0,0,0,0,0,,No,50 - 99,District,0,0,1,0,0,0,0,0,0,0,0,0,0,0,0,0,1,0,0,0,0,4587,228,1075,1872,691,721,0,,,,Frontier,DOUGLAS CITY/LEWISTON/TRINITY CENTER/WEAVERVILLE,106531059,,,,,,
106540734,KAWEAH DELTA MEDICAL CENTER,400 WEST MINERAL KING,VISALIA,93291,559-624-2000,Yes,01/01/2013,12/31/2013,Open,06/22/1969,06/22/1969,Level III,NO,26,16,22,6107001200,233,,09 - Central,Tulare,120000580,Parent Facility,-119.29345,36.32753,General Acute Care,District,General Medical / Surgical,246,89790,13042,52893,89,32485,4117,8414,12,4380,522,1397,41,14965,387,387,1497,0,0,0,0,0,0,0,0,0,0,0,0,0,0,0,15,5475,348,348,3530,45,16425,486,5957,448,163520,18902,73688,0,0,0,0,0,0,0,0,70,25550,548,,13482,0,0,0,0,0,0,0,0,518,189070,19450,87170,0,0,0,0,0,0,0,3642,10726,0,0,0,0,0,0,0,0,0,0,0,0,0,0,0,0,0,0,0,,,,,,No,Basic,Basic,2070,1,23953,184,37971,6342,7401,7389,408,1041,71803,14957,86760,34,0,964,No,0,0,0,0,0,0,0,0,0,0,0,0,0,Respondent,3430,445797,4009,311545,0,0,14,14,Yes,4109,276,49,,0,1489,CV SURG,3,0,0,197,0,197,0,349,5,0,0,0,0,1103,0,1647,0,2750,0,1564,0,180,56,103,29,1258,1311,1263,3,0,170,126,198,137,48,93,0,0,6539,,No,500+,District,1,0,0,0,1,0,0,1,0,0,0,0,0,0,1,1,0,0,0,86760,0,0,2071,24137,44313,14790,1449,0,,,,Urban,FARMERSVILLE/GOSHEN/VISALIA,106540734,,,,,,
106540798,SIERRA VIEW DISTRICT HOSPITAL,465 WEST PUTNAM AVENUE,PORTERVILLE,93257,559-788-1110,Yes,01/01/2013,12/31/2013,Open,02/11/1958,02/11/1958,,NO,26,14,23,6107003801,231,,09 - Central,Tulare,120000584,Parent Facility,-119.02727,36.06948,General Acute Care,District,General Medical / Surgical,108,39420,4562,19540,10,3650,1670,3364,0,0,0,0,10,3650,158,637,2151,0,0,0,0,0,0,0,0,0,0,0,0,0,0,0,4,1460,117,0,460,0,0,0,0,132,48180,6507,25515,0,0,0,0,0,0,0,0,35,12775,14,,12436,0,0,0,0,0,0,0,0,167,60955,6521,37951,0,0,0,0,0,0,0,1499,2505,0,0,0,0,0,0,0,0,0,0,0,0,0,0,0,0,0,0,0,,,,,,No,Basic,Basic,1,0,2441,0,17777,7,13847,72,2380,4084,36446,4163,40609,22,0,1997,No,0,0,0,0,0,0,0,0,0,0,0,0,0,Respondent,2139,175325,4640,262031,0,2,6,8,Yes,1627,47,6,Yes,1111,516,NEITHER,0,0,0,0,0,0,0,0,0,0,0,0,0,0,0,0,0,0,0,0,0,0,0,0,0,0,0,0,0,0,0,0,0,0,0,0,0,0,0,,No,150 - 199,District,1,0,0,0,0,0,0,0,0,0,0,0,0,0,0,0,1,0,0,0,0,40609,1,2441,17784,13919,6464,0,1,,,Rural,ALPAUGH/EARLIMART/PIXLEY/PORTERVILLE/RICH GROVE/TERRA BELLA,106540798,,,,,,
106540816,TULARE REGIONAL MEDICAL CENTER,869 CHERRY AVENUE,TULARE,93274,559-688-0821-3462,Yes,01/01/2013,12/31/2013,Open,04/04/1951,04/04/1951,,NO,26,16,22,6107002303,230,,09 - Central,Tulare,120000585,Parent Facility,-119.33775,36.22217,General Acute Care,District,General Medical / Surgical,70,25550,2840,11198,14,5110,1019,1789,10,3650,172,392,14,5110,254,342,2447,0,0,0,0,0,0,0,0,0,0,0,0,0,0,0,4,1460,134,0,338,0,0,0,0,112,40880,4419,16164,0,0,0,0,0,0,0,0,0,0,0,0,0,0,0,0,0,0,0,0,0,112,40880,4419,16164,0,0,0,0,0,0,12,1043,1464,0,0,0,0,0,0,0,0,0,0,0,0,0,0,0,0,0,0,0,,,,,,No,Basic,Basic,2165,9,256,2,16479,57,5157,942,1639,1359,25696,2369,28065,12,0,2196,No,0,0,0,0,0,0,0,0,0,0,0,0,0,Respondent,1259,128115,1527,126354,0,0,4,4,Yes,1230,47,8,,0,430,CATH LAB,0,0,0,0,0,0,0,0,1,0,0,0,0,30,0,82,0,112,0,112,0,33,10,10,1,0,0,0,0,0,0,0,7,8,0,0,0,147,328,,No,100 - 149,District,1,0,0,0,0,0,0,0,0,0,0,0,0,0,0,0,1,0,0,0,0,28065,2174,258,16536,6099,2998,0,,,,Rural,TIPTON/TULARE/WOODVILLE,106540816,,,,,,
106541123,PORTERVILLE DEVELOPMENTAL CENTER,26501 AVENUE 140,PORTERVILLE,93258,559-782-2222,Yes,01/01/2013,12/31/2013,Open,06/03/1953,06/03/1953,,NO,26,14,23,6107004000,231,,09 - Central,Tulare,170000837,Parent Facility,-118.98044,36.04381,General Acute Care,State,Developmentally Disabled,42,15330,0,0,0,0,0,0,2,730,0,0,0,0,0,0,0,0,0,0,0,0,0,0,0,0,0,0,0,0,0,0,0,0,0,0,0,0,0,0,0,44,16060,0,0,0,0,0,0,0,0,0,0,281,102565,0,,0,0,0,0,0,981,358065,0,0,1306,476690,0,0,0,0,0,0,0,0,0,0,0,0,0,0,0,0,0,0,0,0,0,0,0,0,0,0,0,0,0,0,,,,,,No,0,0,0,0,0,0,0,0,0,0,0,0,0,0,0,0,0,0,No,0,0,0,0,0,0,0,0,0,0,0,0,0,Respondent,0,0,0,0,0,0,0,0,,0,0,0,,0,0,NEITHER,0,0,0,0,0,0,0,0,0,0,0,0,0,0,0,0,0,0,0,0,0,0,0,0,0,0,0,0,0,0,0,0,0,0,0,0,0,0,0,,Yes,500+,State,0,0,0,1,0,0,0,0,0,0,0,0,0,0,0,0,1,0,0,0,0,0,0,0,0,0,0,0,,,,Rural,ALPAUGH/EARLIMART/PIXLEY/PORTERVILLE/RICH GROVE/TERRA BELLA,106541123,,,,,,
106544009,KAWEAH DELTA  MENTAL HEALTH HOSPITAL D/P APH,1100 SOUTH AKERS STREET,VISALIA,93277,559-624-2691,Yes,01/01/2013,12/31/2013,Open,01/29/2001,11/20/1990,,NO,26,16,22,6107002008,233,,09 - Central,Tulare,120000580,Consolidated Facility,-119.34946,36.3214,General Acute Care,District,Psychiatric,0,0,0,0,0,0,0,0,0,0,0,0,0,0,0,0,0,0,0,0,0,0,0,0,0,0,0,0,0,0,0,0,0,0,0,0,0,0,0,0,0,0,0,0,0,0,0,0,0,63,22995,1910,16912,0,0,0,,0,0,0,0,0,0,0,0,0,63,22995,1910,16912,0,0,0,0,0,0,0,0,0,0,0,44,44,0,41,3,44,11,0,15,2,0,1,0,14,0,1,44,Yes,,,,,No,0,0,0,0,0,0,0,0,0,0,0,0,0,0,0,0,0,0,No,0,0,0,0,0,0,0,0,0,0,0,0,0,Respondent,0,0,0,0,0,0,0,0,,0,0,0,,0,0,NEITHER,0,0,0,0,0,0,0,0,0,0,0,0,0,0,0,0,0,0,0,0,0,0,0,0,0,0,0,0,0,0,0,0,0,0,0,0,0,0,0,,No,50 - 99,District,0,0,0,1,0,0,0,0,0,0,0,0,0,0,0,0,1,0,0,0,0,0,0,0,0,0,0,0,,,,Urban,FARMERSVILLE/GOSHEN/VISALIA,106544009,,,,,,
106552209,SONORA REGIONAL MEDICAL CENTER - FAIRVIEW,179 SOUTH FAIRVIEW LANE,SONORA,95370,209-536-5000,Yes,01/01/2013,12/31/2013,Open,11/17/1958,11/17/1958,,NO,5,8,4,6109001100,234.2,,06 - North San Joaquin,Tuolumne,30000094,Consolidated Facility,-120.39283,37.97941,General Acute Care,Non-Profit Corporation (incl. Church-related),General Medical / Surgical,12,4380,211,2951,0,0,0,0,0,0,0,0,0,0,0,0,0,0,0,0,0,0,0,0,0,0,0,0,0,0,0,0,0,0,0,0,0,0,0,0,0,12,4380,211,2951,0,0,0,0,0,0,0,0,0,0,0,,0,0,0,0,0,0,0,0,0,12,4380,211,2951,0,0,0,0,0,0,0,0,0,0,0,0,0,0,0,0,0,0,0,0,0,0,0,0,0,0,0,0,,,,,,No,0,0,0,0,0,0,0,0,0,0,0,0,0,0,0,0,0,0,No,0,0,0,0,0,0,0,0,0,0,0,0,0,Respondent,0,0,0,0,0,0,0,0,,0,0,0,,0,0,NEITHER,0,0,0,0,0,0,0,0,0,0,0,0,0,0,0,0,0,0,0,0,0,0,0,0,0,0,0,0,0,0,0,0,0,0,0,0,0,0,0,,No,1 - 49,Non-Profit Corporation (i,0,0,0,1,0,0,0,0,0,0,0,0,0,0,0,0,1,0,0,0,0,0,0,0,0,0,0,0,,,,Rural,COLUMBIA/JAMESTOWN/SONORA,106552209,,,,,,
106554011,SONORA REGIONAL MEDICAL CENTER - GREENLEY,1000 Greenley Road,Sonora,95370,209-536-5000,Yes,01/01/2013,12/31/2013,Open,01/14/2004,01/14/2004,,NO,5,8,4,6109001200,234.2,,06 - North San Joaquin,Tuolumne,30000094,Parent Facility,-120.36965,37.98811,General Acute Care,Non-Profit Corporation (incl. Church-related),General Medical / Surgical,59,21535,3768,13122,7,2555,564,1390,0,0,0,0,6,2190,216,253,1749,0,0,0,0,0,0,0,0,0,0,0,0,0,0,0,0,0,0,0,0,0,0,0,0,72,26280,4548,16261,0,0,0,0,0,0,0,0,68,24820,68,16,24229,0,0,0,0,0,0,0,0,140,51100,4616,40490,0,0,0,0,0,0,12,543,1151,0,0,0,0,0,0,0,0,0,0,0,0,0,0,0,0,0,0,0,,,,,,No,Basic,Basic,1641,0,3235,2,7703,24,7399,278,3973,3222,23951,3526,27477,14,127,360,No,0,0,0,0,0,0,0,0,0,0,0,0,0,Respondent,1442,181050,2782,250500,0,2,5,7,Yes,543,19,1,Yes,347,196,CATH LAB,0,0,0,0,0,0,0,0,1,0,0,0,0,83,68,107,534,190,602,190,0,63,48,0,1,0,0,0,0,0,0,0,159,215,0,0,0,116,792,Yes,No,100 - 149,Non-Profit Corporation (i,1,0,0,0,0,0,0,0,0,0,0,0,0,0,0,0,1,0,0,0,0,27477,1641,3237,7727,7677,7195,0,1,,,Rural,COLUMBIA/JAMESTOWN/SONORA,106554011,,,,,,
106560203,AURORA VISTA DEL MAR HOSPITAL,801 SENECA STREET,VENTURA,93001,805-653-6434,Yes,01/01/2013,12/31/2013,Open,02/27/1985,02/27/1985,,NO,37,19,26,6111002200,241c,,10 - Santa Barbara/Ventura,Ventura,50000016,Parent Facility,-119.28343,34.30657,Acute Psychiatric,Investor - Limited Liability Company,Psychiatric,0,0,0,0,0,0,0,0,0,0,0,0,0,0,0,0,0,0,0,0,0,0,0,0,0,0,0,0,0,0,0,0,0,0,0,0,0,0,0,0,0,0,0,0,0,0,0,0,0,87,31755,3872,23627,0,0,0,,0,0,0,0,0,0,0,0,0,87,31755,3872,23627,0,0,0,0,0,0,0,0,0,0,45,6,51,7,43,1,51,19,2,4,0,8,17,0,0,0,1,51,,,,,,No,0,0,0,0,0,0,0,0,0,0,0,0,0,0,0,0,0,0,No,0,0,0,0,0,0,0,0,0,0,0,0,0,Respondent,0,0,0,0,0,0,0,0,,0,0,0,,0,0,NEITHER,0,0,0,0,0,0,0,0,0,0,0,0,0,0,0,0,0,0,0,0,0,0,0,0,0,0,0,0,0,0,0,0,0,0,0,0,0,0,0,,No,50 - 99,Investor,0,0,0,1,0,0,0,0,0,0,0,0,0,0,0,0,1,0,0,0,0,0,0,0,0,0,0,0,,,,Urban,VENTURA,106560203,,,,,,
106560473,COMMUNITY MEMORIAL HOSPITAL-SAN BUENAVENTURA,147 N. BRENT STREET,VENTURA,93003,805-652-5005,Yes,01/01/2013,12/31/2013,Open,01/01/1946,01/01/1946,,NO,37,19,26,6111001900,241c,,10 - Santa Barbara/Ventura,Ventura,50000026,Parent Facility,-119.258124,34.274589,General Acute Care,Non-Profit Corporation (incl. Church-related),General Medical / Surgical,190,69350,8305,29132,10,3650,2675,6853,5,1825,381,764,10,3650,155,724,2114,11,4015,175,847,2840,0,0,0,0,0,0,0,0,0,0,16,5840,266,65,3943,0,0,0,0,242,88330,11957,45646,0,0,0,0,0,0,0,0,0,0,0,,0,0,0,0,0,0,0,0,0,242,88330,11957,45646,0,0,0,0,0,0,20,2591,4707,0,0,0,0,0,0,0,0,0,0,0,0,0,0,0,0,0,0,0,,,,,,Yes,Basic,Basic,1424,37,4416,9,13641,53,11350,915,5541,5126,36372,6140,42512,22,1075,738,Yes,28,17,3,0,0,0,0,0,0,2,2,16,68,Respondent,3616,607282,7795,700780,0,0,15,15,Yes,2591,173,34,,0,808,CV SURG,2,0,0,113,8,113,8,91,3,0,0,0,0,1093,824,843,636,1936,1460,829,0,267,35,126,14,332,12,0,0,0,142,171,155,338,1,25,4,945,3396,Yes,No,200 - 299,Non-Profit Corporation (i,1,0,0,0,0,0,0,0,0,0,0,0,0,0,0,0,1,0,0,0,0,42512,1461,4425,13694,12265,10667,0,,,1,Urban,VENTURA,106560473,,,,,,
106560481,VENTURA COUNTY MEDICAL CENTER,3291 LOMA VISTA ROAD,VENTURA,93003,805-652-6000,Yes,01/01/2013,12/31/2013,Open,07/01/1953,07/01/1953,Level II,NO,37,19,26,6111001900,241c,,10 - Santa Barbara/Ventura,Ventura,50000032,Parent Facility,-119.2517,34.27634,General Acute Care,City and/or County,General Medical / Surgical,82,29930,6046,20611,28,10220,1912,5313,16,5840,1060,2751,15,5475,244,150,2494,9,3285,0,0,0,0,0,0,0,0,0,0,0,0,0,30,10950,305,0,4053,0,0,0,0,180,65700,9567,35222,0,0,0,0,43,15695,1890,10491,0,0,0,0,0,0,0,0,0,0,0,0,0,223,81395,11457,45713,0,0,0,0,0,0,40,1454,3256,0,34,0,34,0,34,0,34,10,1,0,0,3,0,1,13,0,6,34,Yes,,,,,No,Basic,Basic,764,0,17779,0,13563,0,3808,0,2292,0,38206,4607,42813,20,0,2515,Yes,48,7,42,27,24,46,136,77,103,60,73,72,715,Respondent,3115,271256,15,899,0,0,5,5,Yes,1651,94,17,,0,454,NEITHER,0,0,0,0,0,0,0,0,0,0,0,0,0,0,0,0,0,0,0,0,0,0,0,0,0,0,0,0,0,0,0,0,0,0,0,0,0,0,0,,No,200 - 299,City and/or County,1,0,0,0,1,0,1,0,0,0,0,0,0,0,1,1,0,0,42813,0,0,0,764,17779,13563,3808,2292,4607,,,1,Urban,VENTURA,106560481,,,,,,
106560492,LOS ROBLES HOSPITAL AND MEDICAL CENTER,215 WEST JANSS ROAD,THOUSAND OAKS,91360,805-370-4421,Yes,01/01/2013,12/31/2013,Open,11/07/1968,11/07/1968,Level II,NO,24,13,18,6111006200,240b,,10 - Santa Barbara/Ventura,Ventura,50000039,Parent Facility,-118.89297,34.20539,General Acute Care,Investor - Corporation,General Medical / Surgical,254,90610,10322,47954,16,5840,1937,5769,9,3285,335,732,20,7300,395,1290,6235,10,3650,392,690,2876,0,0,0,0,0,0,0,0,0,0,12,4380,127,51,2034,0,0,0,0,321,115065,13508,65600,0,0,0,0,0,0,0,0,0,0,0,,0,0,0,0,0,0,0,0,0,321,115065,13508,65600,0,0,0,0,0,0,22,1746,4410,0,0,0,0,0,0,0,0,0,0,0,0,0,0,0,0,0,0,0,,,,,,No,Basic,Basic,923,1,2570,8,13058,61,13671,146,2969,8076,33191,8292,41483,23,0,310,Yes,24,6,0,0,0,0,0,0,0,0,0,0,30,Respondent,4721,652575,1557,140598,2,0,8,10,Yes,1913,149,30,Yes,1159,754,CV SURG,3,0,0,153,176,153,176,103,3,0,0,0,0,909,452,504,94,1413,546,1413,0,141,135,83,15,491,55,0,54,0,240,324,188,37,4,6,16,15,3217,,No,300 - 499,Investor,1,0,0,0,1,0,1,0,0,0,0,0,0,0,1,1,0,0,41483,0,0,0,924,2578,13119,13817,11045,0,,1,1,Urban,THOUSAND OAKS CENTRAL AND WEST,106560492,,,,,,
106560501,OJAI VALLEY COMMUNITY HOSPITAL,1306 MARICOPA HIGHWAY,OJAI,93023,805-646-1401,Yes,01/01/2013,12/31/2013,Open,05/05/1960,05/05/1960,,NO,37,19,26,6111000901,238,,10 - Santa Barbara/Ventura,Ventura,50000045,Parent Facility,-119.26311,34.44221,General Acute Care,Non-Profit Corporation (incl. Church-related),General Medical / Surgical,33,12045,722,2762,0,0,0,0,0,0,0,0,4,1460,62,67,304,0,0,0,0,0,0,0,0,0,0,0,0,0,0,0,0,0,0,0,0,0,0,0,0,37,13505,784,3066,0,0,0,0,0,0,0,0,66,24090,245,,19370,0,0,0,0,0,0,0,0,103,37595,1029,22436,0,0,0,0,0,0,0,0,0,21,0,0,0,0,0,0,0,0,0,0,0,0,0,0,0,0,0,0,,,,,,No,Standby,Standby,103,0,1922,6,3071,8,1655,296,383,349,7134,659,7793,6,90,75,Yes,0,0,0,0,9,0,0,0,0,0,0,0,9,Respondent,134,17084,477,30474,0,0,2,2,Yes,0,0,0,,0,0,NEITHER,0,0,0,0,0,0,0,0,0,0,0,0,0,0,0,0,0,0,0,0,0,0,0,0,0,0,0,0,0,0,0,0,0,0,0,0,0,0,0,,No,100 - 149,Non-Profit Corporation (i,0,0,1,0,0,0,0,0,0,0,0,0,0,0,0,0,1,0,0,0,0,7793,103,1928,3079,1951,732,0,,,1,Rural,MEINERS OAKS/OAK VIEW/OJAI,106560501,,,,,,
106560508,ST. JOHNS PLEASANT VALLEY HOSPITAL,2309 ANTONIO AVENUE,CAMARILLO,93010,805-389-5800,Yes,01/01/2013,12/31/2013,Open,07/29/1974,07/29/1974,,NO,44,19,26,6111005202,239,,10 - Santa Barbara/Ventura,Ventura,50000048,Parent Facility,-119.018,34.24177,General Acute Care,Non-Profit Corporation (incl. Church-related),General Medical / Surgical,66,48180,2744,11224,7,5110,0,0,0,0,0,0,8,5840,188,395,1888,0,0,0,0,0,0,0,0,0,0,0,0,0,0,0,0,0,0,0,0,0,0,0,0,81,59130,2932,13112,0,0,0,0,0,0,0,0,99,72270,68,,14594,0,0,0,0,0,0,0,0,180,131400,3000,27706,0,0,0,0,0,0,0,0,0,0,0,0,0,0,0,0,0,0,0,0,0,0,0,0,0,0,0,0,,,,,,No,Basic,Basic,138,0,3316,0,8709,0,4557,0,446,0,17166,2423,19589,14,0,0,Yes,58,6,8,3,5,1,7,3,10,0,0,33,134,Respondent,717,91081,1250,96019,0,0,2,2,,0,0,0,,0,0,NEITHER,0,0,0,0,0,0,0,0,0,0,0,0,0,0,0,0,0,0,0,0,0,0,0,0,0,0,0,0,0,0,0,0,0,0,0,0,0,0,0,,No,150 - 199,Non-Profit Corporation (i,1,0,0,0,0,0,0,0,0,0,0,0,0,0,0,0,1,0,0,0,0,19589,138,3316,8709,4557,446,2423,,,1,Urban,CAMARILLO/MOORPARK,106560508,,,,,,
106560521,VENTURA COUNTY MEDICAL CENTER - SANTA PAULA  HOSPITAL,825 NORTH 10TH STREET,SANTA PAULA,93060,805-933-8632,Yes,01/01/2013,12/31/2013,Open,07/12/2006,10/23/1961,,NO,37,19,26,6111000800,237,,10 - Santa Barbara/Ventura,Ventura,50000032,Consolidated Facility,-119.06505,34.36548,General Acute Care,City and/or County,General Medical / Surgical,30,10950,1349,4075,13,4745,609,1165,0,0,0,0,6,2190,70,100,557,0,0,0,0,0,0,0,0,0,0,0,0,0,0,0,0,0,0,0,0,0,0,0,0,49,17885,2028,5797,0,0,0,0,0,0,0,0,0,0,0,0,0,0,0,0,0,0,0,0,0,49,17885,2028,5797,0,0,0,0,0,0,12,455,1118,0,0,0,0,0,0,0,0,0,0,0,0,0,0,0,0,0,0,0,,,,,,No,Basic,Basic,150,0,5328,0,6400,0,2016,0,429,0,14323,1143,15466,9,0,694,Yes,0,0,0,0,0,0,0,0,0,0,0,2,2,Respondent,872,65351,1298,55705,0,0,2,2,Yes,460,0,0,,0,115,NEITHER,0,0,0,0,0,0,0,0,0,0,0,0,0,0,0,0,0,0,0,0,0,0,0,0,0,0,0,0,0,0,0,0,0,0,0,0,0,0,0,,No,1 - 49,City and/or County,1,0,0,0,0,0,0,0,0,0,0,0,0,0,0,0,1,0,0,0,0,15466,150,5328,6400,2016,429,1143,,,1,Rural,FILLMORE/LOS PADRES NATIONAL FOREST/PIRU/SANTA PAULA/SATICOY,106560521,,,,,,
106560525,SIMI VALLEY HOSPITAL AND HEALTH CARE SVCS-SYCAMORE,2975 NORTH SYCAMORE DRIVE,SIMI VALLEY,93065,805-955-6000,Yes,01/01/2013,12/31/2013,Open,07/29/1965,07/29/1965,,NO,38,27,25,6111007903,240a,,10 - Santa Barbara/Ventura,Ventura,50000216,Parent Facility,-118.74405,34.28945,General Acute Care,Non-Profit Corporation (incl. Church-related),General Medical / Surgical,85,31025,4384,17743,27,9855,618,1498,0,0,0,0,24,8760,175,253,2545,0,0,0,0,0,0,0,0,0,0,0,0,0,0,0,8,2920,48,11,476,0,0,0,0,144,52560,5225,22262,0,0,0,0,0,0,0,0,0,0,0,0,0,0,0,0,0,0,0,0,0,144,52560,5225,22262,0,0,0,0,0,0,18,565,1106,0,0,0,0,0,0,0,0,0,0,0,0,0,0,0,0,0,0,0,,,,,,No,Basic,Basic,269,2,6153,10,9781,87,7114,971,2383,3671,25700,4741,30441,10,0,194,Yes,2,1,1,1,1,1,1,0,0,0,1,1,10,Respondent,1244,144900,660,57060,0,0,3,3,Yes,591,2,2,,0,184,CATH LAB,0,0,0,0,0,0,0,0,1,0,0,0,0,6,0,0,0,6,0,6,0,0,0,0,0,0,0,0,0,0,0,0,0,0,0,0,0,0,6,,No,100 - 149,Non-Profit Corporation (i,1,0,0,0,0,0,0,0,0,0,0,0,0,0,0,0,1,0,0,0,0,30441,271,6163,9868,8085,6054,0,,,1,Urban,SIMI VALLEY EAST,106560525,,,,,,
106560529,ST. JOHNS REGIONAL MEDICAL CENTER,1600 NORTH ROSE AVENUE,OXNARD,93030,805-988-2500,Yes,01/01/2013,12/31/2013,Open,01/01/1953,01/01/1953,,NO,44,19,26,6111004900,241b,,10 - Santa Barbara/Ventura,Ventura,50000064,Parent Facility,-119.15819,34.21687,General Acute Care,Non-Profit Corporation (incl. Church-related),General Medical / Surgical,179,65335,6291,27343,27,9855,2552,6236,0,0,0,0,10,3650,187,590,3458,10,3650,0,0,0,0,0,0,0,0,0,0,0,0,0,16,5840,222,0,3660,23,8395,293,5088,265,96725,9545,45785,0,0,0,0,0,0,0,0,0,0,0,,0,0,0,0,0,0,0,0,0,265,96725,9545,45785,0,0,0,0,0,0,5,2430,5145,0,0,0,0,0,0,0,0,0,0,0,0,0,0,0,0,0,0,0,,,,,,No,Basic,Basic,476,0,10158,0,21933,0,10353,0,747,0,43667,5544,49211,20,0,0,Yes,72,13,13,12,9,2,16,10,3,5,10,14,179,Respondent,2189,328145,1712,165559,1,2,6,9,,2430,123,16,,0,831,CV SURG,2,0,10,73,322,73,332,87,3,0,0,0,0,513,403,636,551,1149,954,862,0,103,60,57,12,303,23,13,2,1,32,18,255,317,0,45,0,0,2103,,No,200 - 299,Non-Profit Corporation (i,1,0,0,0,0,0,0,0,0,0,0,0,0,0,0,0,1,0,0,0,0,49211,476,10158,21933,10353,747,5544,,,1,Urban,OXNARD NORTH CENTRAL,106560529,,,,,,
106560838,PACIFIC SHORES HOSPITAL,2130 N. VENTURA ROAD,OXNARD,93036,805-604-1216,Yes,01/01/2013,12/31/2013,Open,02/07/2000,07/17/1964,,NO,37,19,26,6111003002,241b,,10 - Santa Barbara/Ventura,Ventura,50000231,Parent Facility,-119.1944575,34.2242869,Acute Psychiatric,Investor - Corporation,Psychiatric,0,0,0,0,0,0,0,0,0,0,0,0,0,0,0,0,0,0,0,0,0,0,0,0,0,0,0,0,0,0,0,0,0,0,0,0,0,0,0,0,0,0,0,0,0,0,0,0,0,30,10950,174,5593,0,0,0,,0,0,0,0,0,0,0,0,0,30,10950,174,5593,0,0,0,0,0,0,0,0,0,0,0,11,11,0,11,0,11,0,0,0,0,0,0,11,0,0,0,11,,,,,,No,0,0,0,0,0,0,0,0,0,0,0,0,0,0,0,0,0,0,No,0,0,0,0,0,0,0,0,0,0,0,0,0,Respondent,0,0,0,0,0,0,0,0,,0,0,0,,0,0,NEITHER,0,0,0,0,0,0,0,0,0,0,0,0,0,0,0,0,0,0,0,0,0,0,0,0,0,0,0,0,0,0,0,0,0,0,0,0,0,0,0,,No,1 - 49,Investor,0,0,0,1,0,0,0,0,0,0,0,0,0,0,0,0,1,0,0,0,0,0,0,0,0,0,0,0,,,,Urban,OXNARD NORTH CENTRAL,106560838,,,,,,
106564018,LOS ROBLES HOSPITAL AND MEDICAL CENTER - EAST CAMPUS,150 VIA MERIDA,WESTLAKE VILAGE,91362,805-370-4421,Yes,01/01/2013,12/31/2013,Open,03/21/1990,03/21/1990,,NO,2,2,2,6111007402,240c,,10 - Santa Barbara/Ventura,Ventura,50000039,Consolidated Facility,-118.81468,34.15574,General Acute Care,Investor - Corporation,Other,0,0,0,0,0,0,0,0,0,0,0,0,0,0,0,0,0,0,0,0,0,0,0,0,0,0,0,0,0,0,0,0,0,0,0,0,0,11,4015,243,3289,11,4015,243,3289,0,0,0,0,0,0,0,0,42,15330,663,,11167,0,0,0,0,0,0,0,0,53,19345,906,14456,0,0,0,0,0,0,0,0,0,0,0,0,0,0,0,0,0,0,0,0,0,0,0,0,0,0,0,0,,Yes,,YES,,No,0,0,0,0,0,0,0,0,0,0,0,0,0,0,0,0,0,0,No,0,0,0,0,0,0,0,0,0,0,0,0,0,Respondent,0,0,0,0,0,0,0,0,,0,0,0,,0,0,NEITHER,0,0,0,0,0,0,0,0,0,0,0,0,0,0,0,0,0,0,0,0,0,0,0,0,0,0,0,0,0,0,0,0,0,0,0,0,0,0,0,,No,50 - 99,Investor,0,0,0,1,0,0,0,0,0,0,0,0,0,0,0,0,1,0,0,0,0,0,0,0,0,0,0,0,,,,Urban,SIMI VALLEY WEST/THOUSAND OAKS EAST,106564018,,,,,,
106564121,"THOUSAND OAKS SURGICAL HOSPITAL, a campus of Los Robles Hosp AND Med Ctr",401 ROLLING OAKS DRIVE,THOUSAND OAKS,91361,805-370-4421,Yes,01/01/2013,12/31/2013,Open,11/30/2012,01/25/2005,,NO,44,27,26,6111005911,240b,,10 - Santa Barbara/Ventura,Ventura,50000039,Consolidated Facility,-118.87007,34.17436,General Acute Care,Investor - Corporation,General Medical / Surgical,21,7665,1114,2469,0,0,0,0,0,0,0,0,0,0,0,0,0,0,0,0,0,0,0,0,0,0,0,0,0,0,0,0,0,0,0,0,0,0,0,0,0,21,7665,1114,2469,0,0,0,0,0,0,0,0,0,0,0,,0,0,0,0,0,0,0,0,0,21,7665,1114,2469,0,0,0,0,0,0,0,0,0,0,0,0,0,0,0,0,0,0,0,0,0,0,0,0,0,0,0,0,,,,,,No,0,0,0,0,0,0,0,0,0,0,0,0,0,0,0,0,0,0,No,0,0,0,0,0,0,0,0,0,0,0,0,0,Respondent,1114,211720,2412,215253,0,0,7,7,,0,0,0,,0,0,NEITHER,0,0,0,0,0,0,0,0,0,0,0,0,0,0,0,0,0,0,0,0,0,0,0,0,0,0,0,0,0,0,0,0,0,0,0,0,0,0,0,,No,1 - 49,Investor,0,0,0,1,0,0,0,0,0,0,0,0,0,0,0,0,1,0,0,0,0,0,0,0,0,0,0,0,,,,Urban,THOUSAND OAKS CENTRAL AND WEST,106564121,,,,,,
106571086,WOODLAND MEMORIAL HOSPITAL,1325 COTTONWOOD STREET,WOODLAND,95695,530-669-5355,Yes,01/01/2013,12/31/2013,Open,03/29/1967,03/29/1967,,NO,4,3,3,6113011203,246.1,,02 - Golden Empire,Yolo,30000115,Parent Facility,-121.7933,38.66284,General Acute Care,Non-Profit Corporation (incl. Church-related),General Medical / Surgical,51,21112,1823,5394,7,2555,820,1460,7,2555,0,0,8,2920,311,398,2091,0,0,0,0,0,0,0,0,0,0,0,0,0,0,0,4,1460,0,0,0,0,0,0,0,77,30602,2954,8945,0,0,0,0,31,8818,797,7442,0,0,0,0,0,0,0,0,0,0,0,0,0,108,39420,3751,16387,0,0,0,0,0,0,7,720,1136,0,25,0,25,0,22,3,25,6,0,11,0,0,1,3,0,0,4,25,,,,,,No,Basic,Basic,150,0,2434,0,7731,6,5469,204,3577,1683,19361,1893,21254,17,0,0,No,0,0,0,0,0,0,0,0,0,0,0,0,0,Respondent,1039,128155,5959,245697,0,5,5,10,Yes,737,25,7,,2,181,CATH LAB,0,0,0,0,0,0,0,0,1,0,0,0,0,7,0,48,0,55,0,55,0,41,5,8,1,0,0,0,0,0,0,0,0,4,0,0,0,56,170,,No,100 - 149,Non-Profit Corporation (i,1,0,0,0,0,0,0,0,0,0,0,0,0,0,0,0,1,0,0,0,0,21254,150,2434,7737,5673,5260,0,,,,Urban,WOODLAND,106571086,,,,,,
106574010,SUTTER DAVIS HOSPITAL,2000 SUTTER PLACE,DAVIS,95616,530-315-4235,Yes,01/01/2013,12/31/2013,Open,09/24/1994,09/24/1994,,NO,4,3,3,6113010505,244,,02 - Golden Empire,Yolo,30000124,Parent Facility,-121.77244,38.56154,General Acute Care,Non-Profit Corporation (incl. Church-related),General Medical / Surgical,30,10950,1806,4937,12,4380,1405,2582,0,0,0,0,6,2190,162,222,966,0,0,0,0,0,0,0,0,0,0,0,0,0,0,0,0,0,0,0,0,0,0,0,0,48,17520,3373,8485,0,0,0,0,0,0,0,0,0,0,0,0,0,0,0,0,0,0,0,0,0,48,17520,3373,8485,0,0,0,0,0,0,14,1413,3152,0,0,0,0,0,0,0,0,0,0,0,0,0,0,0,0,0,0,0,,,,,,No,Basic,Basic,532,0,6692,0,14888,0,2208,0,35,0,24355,1661,26016,8,0,355,No,0,0,0,0,0,0,0,0,0,0,0,0,0,Respondent,830,99486,4625,268727,0,0,4,4,Yes,1408,45,0,Yes,1161,239,NEITHER,0,0,0,0,0,0,0,0,0,0,0,0,0,0,0,0,0,0,0,0,0,0,0,0,0,0,0,0,0,0,0,0,0,0,0,0,0,0,0,,No,1 - 49,Non-Profit Corporation (i,1,0,0,0,0,0,0,0,0,0,0,0,0,0,0,0,1,0,0,0,0,26016,532,6692,14888,2208,35,1661,1,,,Urban,DAVIS,106574010,,,,,,
106580996,RIDEOUT MEMORIAL HOSPITAL,726 FOURTH ST,MARYSVILLE,95901,530-749-4300,Yes,01/01/2013,12/31/2013,Open,06/05/1946,06/05/1946,Level III,NO,3,4,3,6115040100,249,,02 - Golden Empire,Yuba,230000126,Parent Facility,-121.594363,39.138222,General Acute Care,Non-Profit Corporation (incl. Church-related),General Medical / Surgical,149,54385,9555,40642,0,0,0,0,0,0,68,180,24,8760,377,1786,6109,0,0,0,0,0,0,0,0,0,0,0,0,0,0,0,0,0,0,0,0,0,0,0,0,173,63145,10000,46931,0,0,0,0,0,0,0,0,0,0,0,0,0,0,0,0,0,0,0,0,0,173,63145,10000,46931,0,0,0,0,0,0,0,0,0,0,0,0,0,0,0,0,0,0,0,0,0,0,0,0,0,0,0,0,,,,,,No,Basic,Basic,50,0,4978,3,16986,237,11264,78,9785,9715,43063,10033,53096,24,0,802,No,0,0,0,0,0,0,0,0,0,0,0,0,0,Respondent,2274,279398,3787,217681,0,3,6,9,Yes,0,0,0,,0,0,CV SURG,2,0,0,116,0,116,0,2,2,0,0,0,0,586,254,495,186,1081,440,1011,0,115,42,50,36,269,43,3,1,0,0,0,97,52,0,13,0,42,1774,Yes,No,150 - 199,Non-Profit Corporation (i,1,0,0,0,1,0,0,1,0,0,0,0,0,0,1,1,0,0,0,53096,0,0,50,4981,17223,11342,19500,0,,,,Rural,MARYSVILLE,106580996,,,,,,
206100718,COMMUNITY SUBACUTE AND TRANSITIONAL CARE CENTER,3003 NORTH MARIPOSA STREET,FRESNO,93703,559-459-1711,Yes,01/01/2013,12/31/2013,Open,10/20/2009,06/11/1963,,NO,31,8,16,6019003400,35c,,09 - Central,Fresno,40000096,Consolidated Facility,-119.77947,36.777845,General Acute Care,Non-Profit Corporation (incl. Church-related),Long-Term Care (SN/IC),0,0,0,0,0,0,0,0,0,0,0,0,0,0,0,0,0,0,0,0,0,0,0,0,0,0,0,0,0,0,0,0,0,0,0,0,0,0,0,0,0,0,0,0,0,0,0,0,0,0,0,0,0,106,38690,135,0,35455,0,0,0,0,0,0,0,0,106,38690,135,35455,0,0,0,0,0,0,0,0,0,0,0,0,0,0,0,0,0,0,0,0,0,0,0,0,0,0,0,0,,,,,,No,0,0,0,0,0,0,0,0,0,0,0,0,0,0,0,0,0,0,No,0,0,0,0,0,0,0,0,0,0,0,0,0,Respondent,0,0,0,0,0,0,0,0,,0,0,0,,0,0,NEITHER,0,0,0,0,0,0,0,0,0,0,0,0,0,0,0,0,0,0,0,0,0,0,0,0,0,0,0,0,0,0,0,0,0,0,0,0,0,0,0,,No,100 - 149,Non-Profit Corporation (i,0,0,0,1,0,0,0,0,0,0,0,0,0,0,0,0,1,0,0,0,0,0,0,0,0,0,0,0,,,,Urban,FRESNO WEST CENTRAL,206100718,,,,,,
206190788,PROVIDENCE LITTLE CO OF MARY SUBACUTE CARE CENTER,3620 WEST LOMITA BOULEVARD,TORRANCE,90505,310-514-5494,No,01/01/2013,12/31/2013,Closed,08/04/2013,07/17/1972,,NO,66,26,43,6037651101,78.2aaaa,South Bay,11 - Los Angeles,Los Angeles,930000142,Consolidated Facility,-118.34833,33.81459,General Acute Care,Non-Profit Corporation (incl. Church-related),Long-Term Care (SN/IC),0,0,0,0,0,0,0,0,0,0,0,0,0,0,0,0,0,0,0,0,0,0,0,0,0,0,0,0,0,0,0,0,0,0,0,0,0,0,0,0,0,0,0,0,0,0,0,0,0,0,0,0,0,200,73000,0,,0,0,0,0,0,0,0,0,0,200,73000,0,0,0,0,0,0,0,0,0,0,0,0,0,0,0,0,0,0,0,0,0,0,0,0,0,0,0,0,0,0,,,,,,0,0,0,0,0,0,0,0,0,0,0,0,0,0,0,0,0,0,0,NO,0,0,0,0,0,0,0,0,0,0,0,0,,Respondent,0,0,0,0,0,0,0,0,,0,0,0,,0,0,NEITHER,0,0,0,0,0,0,0,0,0,0,0,0,0,0,0,0,0,0,0,0,0,0,0,0,0,0,0,0,0,0,0,0,0,0,0,0,0,0,0,,No,200 - 299,Non-Profit Corporation (i,0,0,0,1,0,0,0,0,0,0,0,0,0,0,0,0,1,0,0,0,0,0,0,0,0,0,0,0,,,,Urban,HARBOR GATEWAY SOUTH/LOMITA/TORRANCE EAST CENTRAL,206190788,,,,,,
206351814,HAZEL HAWKINS MEMORIAL HOSPITAL D/P SNF,900 SUNSET DRIVE,HOLLISTER,95023,831-635-1106,Yes,01/01/2013,12/31/2013,Open,05/20/1969,05/20/1969,,NO,30,12,20,6069000600,140,,08 - Mid-Coast,San Benito,70000004,Consolidated Facility,-121.38628,36.83519,General Acute Care,District,Long-Term Care (SN/IC),0,0,0,0,0,0,0,0,0,0,0,0,0,0,0,0,0,0,0,0,0,0,0,0,0,0,0,0,0,0,0,0,0,0,0,0,0,0,0,0,0,0,0,0,0,0,0,0,0,0,0,0,0,70,25550,135,,17425,0,0,0,0,0,0,0,0,70,25550,135,17425,0,0,0,0,0,0,0,0,0,0,0,0,0,0,0,0,0,0,0,0,0,0,0,0,0,0,0,0,,,,,,No,0,0,0,0,0,0,0,0,0,0,0,0,0,0,0,0,0,0,No,0,0,0,0,0,0,0,0,0,0,0,0,0,Respondent,0,0,0,0,0,0,0,0,,0,0,0,,0,0,NEITHER,0,0,0,0,0,0,0,0,0,0,0,0,0,0,0,0,0,0,0,0,0,0,0,0,0,0,0,0,0,0,0,0,0,0,0,0,0,0,0,,No,50 - 99,District,0,0,0,1,0,0,0,0,0,0,0,0,0,0,0,0,1,0,0,0,0,0,0,0,0,0,0,0,,,,Rural,HOLLISTER/PAICINES/PANOCHE/SAN JUAN BAUTISTA,206351814,,,,,,