fac_no,fac_name,beg_date,end_date,day_per,data_ind,audit_ind,county,hsa,hfpa,type_cntrl,type_care,type_hosp,teach_rurl,phone,address,city,zip_code,ceo,ceo_title,web_site,owner,rpt_prep,org_name,er_desig,mcar_pro,mcal_pro,reg_mcal,bed_lic,bed_avl,bed_stf,day_mcar_tr,day_mcar_mc,day_mcal_tr,day_mcal_mc,day_cnty,day_thrd_tr,day_thrd_mc,day_oth_ind,day_oth,day_tot,dis_mcar_tr,dis_mcar_mc,dis_mcal_tr,dis_mcal_mc,dis_cnty,dis_thrd_tr,dis_thrd_mc,dis_oth_ind,dis_oth,dis_tot,bed_acute,bed_psych,bed_chem,bed_rehab,bed_ltc,bed_resdnt,day_acute,day_psych,day_chem,day_rehab,day_ltc,day_resdnt,dis_acute,dis_psych,dis_chem,dis_rehab,dis_ltc,dis_resdnt,occ_lic,occ_avl,alos_all,alos_exltc,bas_nursry,day_nursry,dis_nursry,vis_mcar_tr,vis_mcar_mc,vis_mcal_tr,vis_mcal_mc,vis_cnty,vis_thrd_tr,vis_thrd_mc,vis_oth_ind,vis_oth,vis_tot,vis_er,vis_clin,vis_home,vis_ref_op,days_pips,op_room,op_min_ip,op_min_op,surg_ip,surg_op,nat_births,c_sections,gr_pt_rev,ded_fr_rev,tot_cap_rev,net_pt_rev,oth_op_rev,tot_op_exp,net_frm_op,nonop_rev,nonop_exp,inc_tax,ext_item,net_income,gr_rev_dly,gr_rev_amb,gr_rev_anc,gr_ip_mcar_tr,gr_ip_mcar_mc,gr_ip_mcal_tr,gr_ip_mcal_mc,gr_ip_cnty,gr_ip_thrd_tr,gr_ip_thrd_mc,gr_ip_oth_ind,gr_ip_oth,gr_ip_tot,gr_op_mcar_tr,gr_op_mcar_mc,gr_op_mcal_tr,gr_op_mcal_mc,gr_op_cnty,gr_op_thrd_tr,gr_op_thrd_mc,gr_op_oth_ind,gr_op_oth,gr_op_tot,c_adj_mcar_tr,c_adj_mcar_mc,c_adj_mcal_tr,c_adj_mcal_mc,disp_855,c_adj_cnty,c_adj_thrd_tr,c_adj_thrd_mc,bad_debt,char_hb,char_oth,sub_indgnt,ded_oth,cap_rev_mcar,cap_rev_mcal,cap_rev_cnty,cap_rev_thrd,netrv_mcar_tr,netrv_mcar_mc,netrv_mcal_tr,netrv_mcal_mc,netrv_cnty,netrv_thrd_tr,netrv_thrd_mc,netrv_oth_ind,netrv_oth,disp_trnfr,inter_tfr,contribtns,inc_invest,dist_rev,cnty_appro,exp_dly,exp_amb,exp_anc,exp_pip,exp_pop,exp_res,exp_ed,exp_gen,exp_fisc,exp_adm,exp_unassg,exp_sal,exp_ben,exp_phys,exp_othpro,exp_supp,exp_purch,exp_depre,exp_leases,exp_insur,exp_intrst,exp_oth,cur_asst,asst_limtd,net_ppe,const_prog,inv_oth,intan_asst,tot_asst,curr_liab,def_cred,net_ltdebt,equity,liab_eq,cash,accts_rec,allow_uncoll,bldgs,equipment,tot_ppe,acc_depre,mort_pay,cap_lease,bond_pay,tot_ltdebt,cur_mat,inter_rec,inter_pay,hosp_fte,nurs_fte,prod_hrs,non_prd_hr,paid_hrs,med_staff,stdnt_fte,prd_hr_mgt,prd_hr_tch,prd_hr_rn,prd_hr_lvn,prd_hr_aid,prd_hr_clr,prd_hr_env,prd_hr_oth,cnt_hr_rn,cnt_hr_oth,prd_hr_dly,prd_hr_amb,prd_hr_anc,prd_hr_ed,prd_hr_gen,prd_hr_fis,prd_hr_adm,prd_hr_non,pd_hr_dly,pd_hr_amb,pd_hr_anc,pd_hr_ed,pd_hr_gen,pd_hr_fis,pd_hr_adm,pd_hr_non,year
106164029,adventist medical center - hanford,01jan2013,31dec2013,365,audited,incl. ind. audit adj.,kings,9,615,non-profit,general,comparable,rural,(559) 582-9000,115 mall drive/1141 rose,hanford,93232,wayne ferch,ceo,www.adventisthealthcv.com,adventist health,sara osmanson,hanford community medical center,0,05-0121,,zzt30121f,199,199,104,17901,2352,4011,4368,1345,317,4426,181,2779,37680,4084,767,1160,1516,165,51,1207,45,681,9676,199,0,0,0,0,0,37680,0,0,0,0,0,9676,0,0,0,0,0,51.9,51.9,3.9,3.9,8,1378,790,46405,2387,18868,52187,5901,12784,61842,2919,11598,214891,108613,0,0,104592,0,12,285503,389725,3017,8298,560,208,861735689,646503516,2400,215234573,4865183,207087263,13012493,2724852,1560658,0,0,14176687,96885238,183160731,581689720,155245608,20230963,36061056,44355717,13582768,3868912,47192413,1580077,20116518,342234032,112348368,10853997,55416479,128981105,16368875,19243713,134160501,1405234,40723385,519501657,210638290,24446609,48764440,146189657,0,26840391,15006372,100548327,15439991,0,14862515,0,43766924,0,0,0,2400,56955686,6638351,30328029,27147165,3111252,8106253,80806987,0,2140850,0,0,0,1189566,0,0,28916870,13620780,54560887,0,0,0,7240,41913551,9082862,42758487,16226586,73799854,31450353,14028376,3464291,28852446,26393048,11830294,1026373,3780723,5986875,6474630,57395995,4663795,147066673,6801930,33602137,33604,249564134,26299688,0,158179658,65084788,249564134,13235456,109393051,-83858124,178438921,54357885,239931020,92864347,0,20745183,140162411,160907594,2727936,7309998,2109517,1221,351,2240417,313493,2553910,319,2,157212,565625,558996,11172,151455,520821,254920,6229,9325,4662,493772,213211,569406,64,483733,213351,266880,0,579821,242973,652262,70,536070,242460,300254,0,2013
106100797,adventist medical center - reedley,01jan2013,31dec2013,365,audited,excl. ind. audit adj.,fresno,9,607,non-profit,general,comparable,rural,(559) 638-8155,372 west cypress avenue,reedley,93654,wayne ferch,president/ceo,www.adventisthealthcv.com,adventist health,tracy moziak addleman,hfs consultants,0,05-0192,hsc00192f,zzr00192f,49,49,13,1056,132,971,1262,0,131,381,0,498,4431,383,44,583,695,0,72,227,0,180,2184,49,0,0,0,0,0,4431,0,0,0,0,0,2184,0,0,0,0,0,24.8,24.8,2,2,12,1746,1232,22335,916,13032,69949,0,10069,9819,0,16002,142122,21096,85939,0,35538,0,4,62256,22990,529,314,819,418,125756512,88470818,0,37285694,129503,43803997,-6388800,267452,59072,0,0,-6180420,13560121,50718967,61477424,5895578,744737,9130130,10017477,0,1697040,1757160,0,2900214,32142336,16717670,1387688,10858100,37109146,0,9497750,7011583,0,11032239,93614176,18133577,1642232,8331213,38044892,-1932412,0,8848074,3904809,10030235,0,1468198,0,0,0,0,0,0,4479671,490193,13589429,9081731,0,2346716,4863934,0,2434020,0,0,0,4591,0,0,3176038,15722055,9456950,0,0,0,0,6123431,2296069,4871886,2157568,15392484,6115870,6671463,522861,3536520,4555571,1482374,1717704,457988,487909,2863253,17357472,0,8617231,4643196,0,8066962,38684861,26158898,0,21326326,-8800363,38684861,182135,22226045,-14020611,4580851,6530971,11632344,3015113,0,0,0,21511314,184988,0,15202284,304,96,560920,74341,635261,26,0,23891,71791,85123,30821,82835,175075,53148,34757,1577,1902,56840,205576,103981,0,76911,66689,50923,0,66858,231882,118045,0,89634,71759,57083,0,2013
106301098,ahmc anaheim regional medical center,01jul2012,30jun2013,365,audited,incl. ind. audit adj.,orange,13,1012,investor,general,comparable,,(714) 774-1450,1111 west la palma avenue,anaheim,92801,donald lorack,ceo,,ahmc healthcare inc,linda marsh,monterey park hospital,0,05-0226,hsc30226f,zzt30226f,223,223,157,14866,10897,4771,8538,3791,784,6489,3060,842,54038,2949,2745,812,2113,856,128,1904,521,467,12495,223,0,0,0,0,0,54038,0,0,0,0,0,12495,0,0,0,0,0,66.40000000000001,66.40000000000001,4.3,4.3,10,2806,1451,12667,12731,8172,15391,25277,819,15028,41,5800,95926,69416,0,0,31986,0,3,331993,203373,2645,2528,1123,454,1440356657,1244075258,2078431,198359830,807454,199305016,-137732,1547668,84017,0,0,1325919,260553449,124019704,1055783504,265790096,231885577,82077809,145610534,66448732,7013479,83424516,14723242,12572351,909546336,90528329,106055912,12930802,74807932,164321032,3728930,57170371,215294,21051719,530810321,306243994,291175477,66895553,189582064,0,214909762,9052998,111178985,20261344,0,22025777,0,12749304,2078431,0,0,0,50074431,48844443,23635380,29391070,14695771,1689411,29415902,0,613422,0,0,0,130063,0,0,43398565,9510846,69819065,0,0,0,0,24514971,8685929,34459275,8916365,71160779,28607505,2373204,448290,38602909,30194380,3744999,8102435,855962,0,15214553,59430956,0,14534838,241799,0,0,74207593,55227994,0,0,18979599,74207593,13943165,228274931,-187812398,239108,23434190,23732124,9197286,0,0,0,0,0,0,5233064,1078,396,1945231,306387,2251618,570,0,191840,454253,669610,8455,136351,449833,24717,0,9035,1137,716700,135081,567517,0,195786,124784,205363,0,839549,152507,661737,0,225615,141706,230504,0,2013
106010846,alameda county medical center,01jul2012,30jun2013,365,audited,incl. ind. audit adj.,alameda,5,417,city/county,general,comparable,teaching,(510) 437-4800,1411 east 31st street,oakland,94602,"wright lassiter, iii",ceo,www.acmedctr.org,county of alameda,alex wong,"toyon associates, inc.",2,05-0320,hsc00320w,zzr00320w,475,445,325,19422,835,47743,19538,16808,3465,0,4357,3392,115560,2141,140,3898,3376,3209,525,0,739,577,14605,236,80,0,50,109,0,46368,24978,0,7374,36840,0,11024,2969,0,460,152,0,66.7,71.09999999999999,7.9,5.4,20,1828,846,48988,2772,76746,79034,144822,13074,0,16954,17482,399872,97114,160967,0,148004,0,7,286953,245782,2631,2825,872,259,1211898216,672557748,0,539340468,55716580,569264796,25792252,90618652,129479,0,0,116281425,424594052,237067886,550236278,121125332,7949892,231125062,154132430,167796392,42024505,0,37948561,29545419,791647593,45429479,3411051,62055196,72766490,180551079,14433797,0,20483625,21119906,420250623,104460314,8831304,224024888,125978346,-144758363,240652950,16417657,0,29935702,0,58432186,0,8582764,0,0,0,0,62094497,2529639,213913733,100920574,107694521,31457881,0,0,20729623,80365606,27812792,0,449247,90081979,0,127880745,88192776,113980891,0,10993369,4784731,30591513,93228500,17805912,75110810,6695549,227339114,121027302,52324198,32931359,47751740,50555239,6602675,6534825,3968796,0,20229548,286578189,0,50392683,16819725,0,0,353790597,402684055,0,3011165,-51904623,353790597,20512012,261259222,-197679121,53191408,94813999,152456359,102063676,3933739,0,0,3933739,922574,6705991,155084642,2489,746,4911554,670971,5582525,590,126,290165,1470334,953211,122531,201795,721232,0,746698,274482,131106,1178124,1026033,619838,302188,806421,291686,687264,0,1356019,1181794,708812,320404,925770,331043,758683,0,2013
106010735,alameda hospital,01jul2012,30jun2013,365,audited,incl. ind. audit adj.,alameda,5,417,district,general,comparable,,(510) 522-3700,2070 clinton avenue,alameda,94501-4397,deborah e. stebbins,ceo,www.alamedahospital.org,city of alameda healthcare district,john r smith,pacific hospital management,0,05-0211,hsc00211f,zzr00211f,281,281,195,20683,916,36101,2784,0,2741,1760,167,1493,66645,1676,198,308,282,0,135,324,19,161,3103,100,0,0,0,181,0,11559,0,0,0,55086,0,2838,0,0,0,265,0,65,65,21.5,4.1,0,0,0,54310,10299,4914,14936,0,22708,24139,864,7744,139914,17175,76054,0,49817,0,2,39633,49607,545,1469,0,0,314386936,240477514,0,73909422,698445,83271618,-8663751,6362239,52477,0,0,-2353989,122488385,43360303,148538248,99569220,9569267,52945638,16439493,0,8651141,20866837,956233,8562376,217560205,34000378,5713725,1947696,12629173,0,6095413,28651374,782476,7006496,96826731,110181267,11921792,32409751,21003988,0,0,11173987,39679413,11738810,0,1738709,0,629797,0,0,0,0,23388331,3361200,22432407,8064678,0,3572567,9838798,0,3251441,0,0,200000,12154,5808450,0,26667133,7980448,20531112,0,0,0,0,12740252,2952079,11423932,976662,41105917,11936202,2950602,4630869,8353706,6739295,979505,2538715,331546,137220,3568041,25211437,211238,5771504,3531248,0,0,34725427,22367882,5731269,1876414,4749862,34725427,4861959,71446808,-59094810,24921604,20266872,46353318,40581814,0,814911,0,2404296,527882,0,0,531,220,962851,170416,1133267,267,0,61660,218575,203346,44479,179839,115850,106496,3072,29534,0,431073,63273,143202,0,185557,40692,99054,0,501296,74188,176725,0,219818,46507,114733,0,2013
106190017,alhambra hospital,01jul2012,30jun2013,365,audited,incl. ind. audit adj.,los angeles,11,913,investor,general,comparable,,(626) 570-1606,100 south raymond avenue,alhambra,91802,iris lai,ceo,,alhambra hospital medical center lp,linda marsh,ahmc inc.,0,05-0281,hsc30281f,,144,144,85,11429,1835,10578,2144,222,195,1132,272,246,28053,1567,597,385,736,81,67,279,44,57,3813,101,0,0,17,26,0,14865,0,0,3768,9420,0,3553,0,0,245,15,0,53.4,53.4,7.4,4.9,0,0,0,6624,2228,1172,5415,711,176,3536,454,2564,22880,16080,0,0,7960,0,5,43229,52153,625,1439,0,0,449370958,379751422,23463754,93083290,2745181,87952476,7875995,18574359,0,0,0,26450354,132713689,38203603,278453666,152854114,31345066,96526581,36170153,3635580,3209302,15101037,3462591,3704671,346009095,40299493,12356256,4700259,17688070,3076015,572389,14017379,843649,9808353,103361863,160210003,49552756,80879780,47976593,0,5583550,2881589,11355856,4472256,0,7820289,0,9018750,17926249,5537505,0,0,32943604,12074815,17863446,11419135,97610,900102,17762560,0,22018,0,0,0,54832,0,0,18256246,3554366,34144677,0,0,0,0,11141652,2899785,13483359,4472391,27485696,10212621,1002112,1091876,7905258,26833837,705718,3937190,275528,1488,8501152,34640837,0,4914902,0,38686790,725032,78967561,28412764,0,0,50554797,78967561,18045355,85949062,-75043853,0,5909814,5909814,994912,0,0,0,0,0,0,0,454,177,879848,85022,964870,194,0,97828,204571,187620,48806,109245,168750,41492,0,21528,8,366854,41656,177072,0,120088,70997,103181,0,404275,44514,192803,0,131122,78009,114147,0,2013
106010739,alta bates summit med ctr-alta bates campus,01jan2013,31dec2013,365,audited,incl. ind. audit adj.,alameda,5,415,non-profit,general,comparable,,(510) 204-4444,2450 ashby avenue,berkeley,94705,charles prosper,ceo,http://www.altabatessummit.org/,sutter health,david hill,sutter health,0,05-0305,hsc00305f,zzr00305f,458,458,306,29234,4295,14020,15189,512,4384,32270,1109,386,101399,4167,644,3170,3426,85,429,6903,297,92,19213,347,69,0,42,0,0,73271,16344,0,11784,0,0,16297,2106,0,810,0,0,60.7,60.7,5.3,5.3,55,16982,2995,63729,11058,11693,23703,623,6335,137391,3952,5676,264160,41037,166474,0,30655,0,26,547575,682095,4786,8740,5168,1798,1967224049,1377176238,63966,590111777,14807886,673389032,-68469369,11359343,3875710,0,0,-60985736,603184435,205385690,1158653924,374543635,57986803,171993040,193036708,6467941,79771204,414617067,15431729,6502097,1320350224,185314485,32107069,33469772,77086366,2467168,13221071,280140173,10258428,12809293,646873825,437467645,67508202,95344614,220698314,0,8522132,65387523,418698957,26717566,0,29606902,0,7224383,0,0,0,63966,120933683,21352584,105480466,47011069,269459,27394427,266424271,0,1245818,0,-142432006,244728,8521087,0,0,121161020,46499805,165574558,0,0,101144,0,146017394,19392158,148180122,26462831,184498258,123427386,22330796,29732262,66137538,141036816,18798240,3569158,7378230,0,76480348,158320898,0,113413045,43002651,32910943,1584965,349232502,90712152,0,1572520,256947830,349232502,42886573,453872136,-372924428,273411250,183749798,469563300,356150255,0,0,0,1572520,0,13140656,0,1852,654,3518328,656467,4174795,665,0,171010,867598,1092883,60862,201584,440859,360330,0,4107,319095,1171651,287849,822320,1755,788521,60920,385312,0,1421002,327875,971158,2080,957648,70795,424237,0,2013
106010937,alta bates summit med ctr-summit campus-hawthorne,01jan2013,31dec2013,365,audited,incl. ind. audit adj.,alameda,5,417,non-profit,general,comparable,,(510) 655-4000,hawthorne ave & webster st,oakland,94609,charles prosper,ceo,,sutter health,david hill,sutter health,0,05-0043,hsc00043f,,399,399,183,29848,6023,2730,7604,710,1163,11438,955,432,60903,5675,1207,454,1675,144,238,2447,231,104,12175,351,0,0,0,48,0,52168,0,0,0,8735,0,11413,0,0,0,762,0,41.8,41.8,5,4.6,0,0,0,35237,8938,5557,18036,719,1772,37424,2755,3150,113588,36637,8570,0,74114,0,38,466303,453749,2900,4371,0,0,1489776939,1131693716,0,358083223,66717558,470794177,-45993396,33934665,4392545,0,0,-16451276,353124996,122047984,1014603959,480624270,98301888,42223861,131747527,10408546,19763971,220564935,16225802,7346539,1027207339,143496152,36399364,22628878,73447783,2927986,7216461,152407007,11222864,12823105,462569600,479821847,105207191,29834597,169122189,0,12960882,19156412,254376493,14182186,0,28174059,0,18857860,0,0,0,0,142948715,28034352,34335411,33797892,344508,7368771,110924485,0,329089,0,205632229,0,6684690,0,0,85486486,24478165,129011558,0,0,0,58483492,57839146,11783413,77884395,25827522,146828690,90299525,12358566,14496440,67212642,65500180,22157260,4150836,3464442,6372081,37953515,197233758,0,168923507,298515088,10817266,0,675489619,101966050,0,435935640,137587929,675489619,90850172,334986567,-265018428,427731505,142185785,592346212,423422705,0,0,437517429,437517429,1581789,0,0,1561,456,2930321,516351,3446672,687,0,201360,625901,745223,16214,184604,592799,364390,0,1624,198206,788244,231173,601908,330523,564823,67389,321240,25021,971127,266201,725149,376262,644786,75481,357481,30185,2013
106370652,alvarado hospital,01jan2013,31dec2013,365,in process,incl. ind. audit adj.,san diego,14,1418,investor,general,comparable,,(619) 287-3270,6655 alvarado road,san diego,92120,luis leon,president,www.alvaradohospital.com,prime healthcare services,jeff brown,hospital management services,0,05-0757,hsc30583i,hsp30583i,306,264,84,12458,2028,2731,2798,2488,2489,4988,3,105,30088,2717,488,473,771,610,377,1232,1,33,6702,256,0,0,50,0,0,27316,0,0,2772,0,0,6508,0,0,194,0,0,26.9,31.2,4.5,4.5,0,0,0,10545,1687,1437,5967,2504,2377,12303,64,4976,41860,24734,0,0,21067,0,8,266220,118620,1783,1111,0,0,610732778,481499782,58329,129291325,853602,152906443,-22761516,2722890,642403,0,0,-20681029,81902312,37189548,491640918,194546540,53470472,38362353,38896593,18187287,18350966,89370675,51158,11450398,462686442,50712946,13100706,3753005,21420280,7857838,3563869,33948018,153084,13536590,148046336,197920434,52173382,29893795,44041005,0,0,15037413,89061931,17666251,0,204241,0,35501330,58329,0,0,0,47327052,14403125,10509563,15900868,2459971,6877422,30435602,1,1377721,0,0,0,0,0,0,26905264,7082852,46045980,0,0,0,0,18507025,3125030,37125480,14114812,44323637,14869698,385617,7003013,27816908,17948854,7400832,2008161,1105836,7707297,22336590,40163291,0,62096363,2958706,16062,0,105234422,57740071,0,64594228,-17099877,105234422,508243,44521501,-28435424,52559146,25996123,82851269,20754906,70000000,957864,0,70957864,6363636,0,18998224,671,272,1300406,131855,1432261,235,0,73965,500061,440976,2590,86706,158106,328,1949,35676,49,457945,88365,357382,0,211991,65088,119635,0,505057,96687,395676,0,230844,72592,131405,0,2013
106370749,alvarado parkway institute bhs,01jan2013,31dec2013,365,audited,excl. ind. audit adj.,san diego,14,1422,investor,psychiatric,comparable,,(619) 465-4411,7050 parkway drive,la mesa,92042,saleem ishaque,ceo,alvaradoparkwayinstitute.com,helix healthcare,john r smith,pacific hospital management,0,05-4075,,hsp340756,66,66,66,13605,1373,1471,0,0,2876,2437,0,215,21977,1515,153,164,0,0,320,271,0,23,2446,0,66,0,0,0,0,0,21977,0,0,0,0,0,2446,0,0,0,0,91.2,91.2,9,9,0,0,0,101101,1130,0,0,0,1180,7290,0,276,110977,0,0,0,0,0,0,0,0,0,0,0,0,53310929,28778185,0,24532744,90811,22922491,1701064,0,51086,0,0,1649978,26249814,24575630,2485485,17964288,1792872,1859611,0,0,3610691,3086460,0,273687,28587609,22120920,285288,0,0,0,291579,1950207,0,75326,24723320,20810468,1075467,1069358,0,0,0,1699902,3139581,866246,0,117163,0,0,0,0,0,0,19274740,1002693,790253,0,0,1930276,1333901,0,200881,0,0,0,0,0,0,5672283,4113792,453914,0,0,0,0,4889136,1386056,4078973,2328337,12280955,2852765,580788,0,1200757,1618007,132083,2439446,90000,148483,1579207,5279121,0,585146,0,0,977710,6841977,2814015,0,0,4027962,6841977,1156236,5594560,-2922919,98409,199668,998996,413850,0,0,0,0,0,0,0,252,90,482268,42538,524806,82,0,47603,137114,45427,26494,114850,51188,59592,0,0,0,185711,95715,0,0,113832,30521,56489,0,202052,104138,0,0,124049,33207,61360,0,2013
106194010,american recovery center,01jul2012,30jun2013,365,audited,excl. ind. audit adj.,los angeles,11,917,non-profit,specialty,comparable,,(909) 865-2336,2180 west valley blvd,pomona,91768,celia aragon,administrator,,"behavioral health services, inc",meghan paustian,"behavioral health services, inc.",0,,,,156,156,77,0,0,0,0,21869,0,0,0,6195,28064,0,0,0,0,1150,0,0,0,211,1361,0,0,156,0,0,0,0,0,28064,0,0,0,0,0,1361,0,0,0,49.3,49.3,20.6,20.6,0,0,0,0,0,0,0,2922,0,0,0,1870,4792,0,0,0,0,0,0,0,0,0,0,0,0,5239818,84536,0,5155282,9509,5065922,98869,0,0,0,0,98869,4936279,303539,0,0,0,0,0,4169454,0,0,0,766825,4936279,0,0,0,0,230980,0,0,0,72559,303539,0,0,0,0,0,84536,0,0,0,0,0,0,0,0,0,0,0,0,0,0,0,4315898,0,0,0,839384,0,0,0,0,0,0,1924287,230614,0,0,0,0,0,1038669,173686,1200930,497736,2090744,535187,0,449368,460184,847020,117601,39458,36606,223639,266115,4870434,0,2531892,0,140,0,7402466,5325726,0,0,2076740,7402466,1596383,945057,0,3033075,67162,4186980,1655088,0,0,0,0,0,2224006,0,62,12,116868,14607,131475,0,0,16859,6237,6858,18648,0,20469,15384,30148,0,2265,68574,8532,0,0,24426,7447,7889,0,75546,9719,0,0,27899,8668,9643,0,2013
106190034,antelope valley hospital,01jul2012,30jun2013,365,audited,incl. ind. audit adj.,los angeles,11,901,district,general,comparable,,(661) 949-5000,1600 west avenue j,lancaster,93534,dennis m. knox,ceo,www.avhospital.org,antelope valley hospital district,jaycee lin,"essential consulting, llc",2,05-0056,hsc30056f,zzt30056f,420,399,281,27414,10210,15454,14414,2122,18289,968,1798,2707,93376,3822,2537,3710,4020,582,5070,243,446,663,21093,390,30,0,0,0,0,90819,2557,0,0,0,0,20517,576,0,0,0,0,60.9,64.09999999999999,4.4,4.4,32,9978,5086,15484,6814,25355,53030,5773,33285,10637,2322,19076,171776,101382,8832,7227,63566,0,13,744267,403476,6815,3480,3470,2028,1286523821,950154252,0,336369569,5687181,340295537,1761213,3371624,1809485,0,0,3323352,298716825,162362863,825444133,238716122,127213690,128789915,135931173,20545914,212557373,10478373,16337545,27717872,918287977,58527380,37716986,30990385,80942970,11747418,123456011,6575379,7373,18271942,368235844,209312773,122471283,108590011,148711802,-5486184,29318720,255307136,12957653,34177600,0,23540480,0,11252978,0,0,0,0,87930729,42459393,50773942,66880972,2962950,80706248,4096099,0,559236,0,0,0,418624,0,0,76642586,29809883,109660500,0,0,0,0,48711846,10110490,35010129,30350103,154191025,48626004,11848135,17305546,55916700,10831315,11871399,3961423,4499092,5441228,15803670,120334936,17076090,118512471,48514557,57535685,0,361973739,58065327,0,190727732,113180680,361973739,7526865,46325451,0,131491687,157953764,312302250,193789779,0,0,0,197420292,6692560,0,0,1990,822,3690535,523767,4214302,389,0,179063,698422,1218634,2994,412489,622137,334387,147476,74933,0,1069171,346281,936363,0,789589,234193,314938,0,1241910,397082,1078524,0,870495,264614,361677,0,2013
106364231,arrowhead regional medical center,01jul2012,30jun2013,365,audited,incl. ind. audit adj.,san bernardino,12,1209,city/county,general,comparable,teaching,(909) 580-1000,400 n pepper ave,colton,92324,richard pitts,ceo,,county of san bernardino,vere l. williams,arrowhead regional medical center,2,05-0245,hsc30245w,zzt30245f,456,436,356,14216,3435,41179,16189,21182,9495,0,8458,8654,122808,2323,632,6997,4084,4236,1724,0,2216,1785,23997,366,90,0,0,0,0,103818,18990,0,0,0,0,19821,4176,0,0,0,0,73.8,77.2,5.1,5.1,23,4818,2133,32564,7846,47936,72667,80655,16468,0,43291,19259,320686,122149,204112,3994,0,578,14,740115,408750,6344,6060,1790,777,1389142381,955306780,77001,433912602,75503913,468581511,40835004,14335680,571692,0,0,54598992,279293877,172137505,937710999,105235318,49906201,253143082,122457947,142359431,91006900,0,70073318,54491334,888673531,34668098,8511497,76587729,80652369,157997068,43062152,0,79020265,19969672,500468850,101823825,41424573,198911218,177073770,-67231418,213713879,37912491,0,88514407,0,163164035,0,0,0,77001,0,0,38079591,16993125,144787411,79377147,86642620,53229501,0,0,14803207,23832750,0,13986259,0,0,0,86149227,42606088,112720037,2155561,2220809,0,28195000,70839807,16950924,71239918,35504140,178570195,52784291,35378256,7162021,61277389,56524881,23520526,5085615,4175822,24469456,19633059,231683964,29912273,412953376,1388821,0,0,675938434,197897920,0,404799380,73241134,675938434,78489296,227897568,-188591774,543228704,147103610,715123787,302170411,0,4196526,414721214,425794380,20995000,17165597,11520297,2788,1055,5168091,702588,5870679,296,154,272857,1132108,1532501,181163,439225,766815,424267,347977,41376,29802,1515087,770262,850800,355286,893113,317805,465738,0,1689338,871370,974547,380743,1029756,378513,546412,0,2013
106400466,arroyo grande community hospital,01jul2012,09jan2013,193,audited,excl. ind. audit adj.,san luis obispo,8,801,non-profit,general,comparable,,(805) 489-4261,345 south halcyon road,arroyo grande,93420,charles cova,ceo,www.arroyograndehospital.org,dignity health,james r. saurenmann,saurenmann & associates,0,05-0016,hsc30016j,zzt40016h,67,67,35,3989,252,175,339,125,433,748,0,106,6167,787,64,42,89,37,107,184,0,19,1329,53,0,0,14,0,0,3846,0,0,2321,0,0,1140,0,0,189,0,0,47.7,47.7,4.6,4.6,0,0,0,9351,1500,727,5179,797,1672,9365,61,3811,32463,24590,0,0,11122,0,3,88005,39791,459,284,0,0,149280746,119923784,48802,29405764,582495,32173522,-2185263,78472,27600,0,0,-2134391,31898238,16506727,100875781,49552673,3464667,1774605,4083306,1639698,8396998,15199117,0,2167544,86278608,21512530,4061899,1133593,7371415,1489217,4073182,17519462,78969,5761871,63002138,63462814,5822462,2182178,11233127,0,1899960,5735266,19217044,6731245,0,1816794,0,1822894,0,0,0,48802,7355331,1682987,716315,194655,1228944,5202204,11646864,0,1378464,0,1002970,0,6682,0,0,6019241,2406353,10138298,0,0,0,0,4959943,1526264,5367976,1755447,10284758,6284901,1601603,265987,4417908,5066466,1245426,156678,359070,1108161,1382564,24346721,0,18990096,243201,4586368,167488,48333874,17538247,686768,39881295,-9772436,48333874,6218786,47706641,-39458149,6789967,20670904,33720388,14730292,0,5835198,1967529,41925727,2044432,5573330,39763697,199,73,367914,51187,419101,118,0,42457,75963,134250,0,17634,56841,25148,9957,381,5283,102696,51059,95732,0,47841,25584,45002,0,119670,57812,109530,0,53597,28013,50479,0,2013
106400683,atascadero state hospital,01jul2012,30jun2013,365,audited,excl. ind. audit adj.,san luis obispo,8,801,state,specialty,state,,(805) 468-2000,10333 el camino real,atascadero,93423-7001,linda persons,executive director,www.dsh.ca.gov/atascadero,state of california,vu tran,department of developmental services,0,,,,1275,1185,1052,2,0,0,0,0,134160,0,0,250299,384461,2,0,0,0,0,423,0,0,732,1157,0,350,0,0,925,0,0,72279,0,0,312182,0,0,218,0,0,939,0,82.59999999999999,88.90000000000001,332.3,331.6,0,0,0,0,0,0,0,0,0,0,0,0,0,0,0,0,0,0,0,0,0,0,0,0,0,442325666,0,0,442325666,0,418754371,23571295,0,0,0,0,23571295,398491475,0,43834191,0,0,0,0,0,0,0,0,0,0,0,0,0,0,0,0,0,0,0,0,0,0,0,0,0,0,0,0,0,0,0,0,0,0,0,0,0,0,0,0,0,0,0,0,0,0,0,0,0,0,0,0,0,0,0,0,0,0,0,0,0,0,0,0,0,0,0,0,0,0,0,0,0,0,0,0,0,0,0,0,0,0,0,0,0,0,0,0,0,0,0,0,0,0,0,0,0,0,0,0,0,0,0,0,0,62,0,0,0,0,0,0,0,0,0,0,0,0,0,0,0,0,0,0,0,0,0,0,0,0,0,0,0,2013
106494048,aurora behavioral healthcare - santa rosa,01jan2013,31dec2013,365,audited,incl. ind. audit adj.,sonoma,3,401,investor,psychiatric,comparable,,(707) 800-7700,1287 fulton rd,santa rosa,95401,ken meibert,ceo,aurorasantarosa.com,signature healthcare,lilian gong,"gong nashed pascoe, inc.",0,,,,95,63,21,0,0,0,0,534,0,278,77,4,893,0,0,0,0,52,0,57,8,1,118,0,95,0,0,0,0,0,893,0,0,0,0,0,118,0,0,0,0,2.6,3.9,7.6,7.6,0,0,0,0,5,0,0,0,0,154,28,0,187,0,0,0,0,0,0,0,0,0,0,0,0,1915500,941045,0,974455,8820,3934122,-2950847,0,0,0,0,-2950847,1786000,129500,0,0,0,0,0,1068000,0,556000,156000,6000,1786000,0,3500,0,0,0,0,107800,18200,0,129500,0,1575,0,0,0,469000,0,269270,3000,0,174200,0,24000,0,0,0,0,0,1925,0,0,599000,0,371530,0,2000,0,0,0,0,0,0,759857,123429,0,0,0,0,0,793710,293632,1869392,94102,2290627,352414,381109,1953,216805,319035,6954,1728,6307,40497,316693,976037,0,99409,0,0,0,1075446,4724758,0,0,-3649312,1075446,221546,808644,-141930,0,95410,106363,6954,0,0,0,0,0,0,2484303,46,10,90040,6561,96601,68,0,14116,10949,9380,5486,6386,36826,6897,0,0,0,22506,1000,0,0,13970,31589,20975,0,26322,1065,0,0,15018,32239,21957,0,2013
106190163,aurora charter oak,01jan2013,31dec2013,365,audited,incl. ind. audit adj.,los angeles,11,915,investor,psychiatric,comparable,,(626) 966-1632,1161 east covina boulevard,covina,91724,todd a smith,ceo,aurorabehavioral.com,signature healthcare,lilian gong,"gong nashed pascoe, inc.",0,05-4069,,,134,134,131,13380,4580,6345,0,2461,1093,16342,1681,1233,47115,1273,669,1158,0,420,161,2483,442,217,6823,0,134,0,0,0,0,0,47115,0,0,0,0,0,6823,0,0,0,0,96.3,96.3,6.9,6.9,0,0,0,8716,1292,0,0,0,159,5145,10,56,15378,0,0,0,0,0,0,0,0,0,0,0,0,76055289,39872587,0,36182702,203819,28843876,7542645,0,0,0,0,7542645,68733836,7321453,0,20160251,6816135,9495911,0,3654750,8131176,16289814,2800750,1385049,68733836,4126080,629599,0,0,0,88070,2446344,4051,27309,7321453,10904586,3384115,3250025,0,0,2225585,3598158,10408658,1309697,0,3582938,0,1208825,0,0,0,0,12456968,4012035,5467749,0,1429165,4615682,8166208,0,34895,0,0,0,0,0,0,10248296,927961,0,0,0,0,0,4992438,2832971,6354402,3487808,15341969,3161961,696179,394467,2227764,2278289,279771,2822105,216736,0,1424635,8719969,0,1214578,408647,804844,0,11148038,2541544,0,0,8606494,11148038,2327360,4028387,0,0,1320351,3200281,1985703,0,0,0,0,0,1180234,0,322,161,601132,67796,668928,68,0,53001,73897,116046,87604,130454,93196,46934,0,0,0,338951,16582,0,0,90690,84465,70444,0,374871,19084,0,0,98088,93696,83189,0,2013
106190462,aurora las encinas hospital,01jan2013,31dec2013,365,audited,incl. ind. audit adj.,los angeles,11,911,investor,psychiatric,comparable,,(626) 795-9901,2900 e del mar,pasadena,91107-4375,jerry conway,ceo,lasencinashospital.com,signature healthcare,lilian gong,"gong nashed pascoe, inc.",0,05-4078,,hsp34078g,118,96,69,11928,694,546,0,304,4653,5773,89,1042,25029,1163,133,133,0,99,1675,978,34,127,4342,0,118,0,0,0,0,0,25029,0,0,0,0,0,4342,0,0,0,0,58.1,71.40000000000001,5.8,5.8,0,0,0,5133,408,0,0,0,255,6147,3,267,12213,0,0,0,0,0,0,0,0,0,0,0,0,42525445,18944999,0,23580446,519674,22138989,1961131,142980,0,0,0,2104111,34500400,6296000,1729045,13752310,950155,900050,0,453000,12803035,3989880,711885,2669130,36229445,2592000,205920,0,0,0,162560,3193760,1807,139953,6296000,7178961,496224,468041,0,0,280489,4927147,2222972,781808,0,713692,0,1875665,0,0,0,0,8853775,659851,414306,0,172511,7944162,4931852,0,603989,0,0,0,0,0,0,7199961,1000510,451722,0,0,0,0,3814065,2163037,5568341,1941353,11658015,1965494,750482,1030516,1505820,1192131,228366,1375557,138724,0,2293884,4133299,0,811945,10196,0,0,4955440,4511547,0,0,443893,4955440,462226,4745120,-1225420,0,965534,2331344,1519399,0,0,0,0,0,0,2511485,219,99,423234,33022,456256,26,0,42867,93246,80265,37625,88272,71935,9024,0,0,0,249353,24985,0,0,52080,39873,56943,0,263980,27017,0,0,59640,43577,62042,0,2013
106374024,aurora san diego,01jan2013,31dec2013,365,audited,incl. ind. audit adj.,san diego,14,1412,investor,psychiatric,comparable,,(858) 487-3200,11878 avenue of industry,san diego,92128,jim plummer,ceo,aurorasandiego.com,signature healthcare,lilian gong,"gong nashed pascoe, inc.",0,05-4095,,hsm34095h,80,80,72,2313,1068,2657,0,42,7207,10949,77,116,24429,261,131,479,0,8,499,1830,24,26,3258,0,80,0,0,0,0,0,24429,0,0,0,0,0,3258,0,0,0,0,83.7,83.7,7.5,7.5,0,0,0,1314,201,0,0,0,1639,10322,0,212,13688,0,0,0,0,0,0,0,0,0,0,0,0,44225340,20681384,0,23543956,34001,20038650,3539307,2702,0,0,0,3542009,36665340,7560000,0,3469580,1606740,3985660,0,63000,10810580,16432700,115500,181580,36665340,631200,104480,0,0,0,999680,5716640,0,108000,7560000,1870586,857634,1663400,0,0,37900,4726043,10345538,426831,0,549759,0,203693,0,0,0,0,1872626,853463,1927296,0,25100,7078550,11762050,0,24871,0,0,0,0,0,0,5736533,1755854,0,0,0,0,0,3940511,1804114,4562255,2239383,10702126,1986409,821288,302482,1589297,1504639,225002,1680991,166059,819,1059538,4219403,0,797034,196859,0,0,5213296,1475368,0,0,3737928,5213296,967120,4135135,-1228680,0,638237,2094282,1297248,0,0,0,0,0,0,54616,203,87,389486,32387,421873,19,0,37245,92722,52418,17204,111211,47702,30984,0,0,0,171778,37461,0,0,62144,49483,68620,0,182612,40251,0,0,66836,56299,75875,0,2013
106560203,aurora vista del mar hospital,01jan2013,31dec2013,365,audited,incl. ind. audit adj.,ventura,10,809,investor,psychiatric,comparable,,(805) 653-6434,801 seneca street,ventura,93001,mayla krebsbach,ceo,vistadelmarhospital.com,signature healthcare,lilian gong,"gong nashed pascoe, inc.",0,05-4077,,hsp34077f,87,87,65,5659,455,3008,0,3125,43,11161,84,92,23627,656,67,574,0,514,7,2013,23,18,3872,0,87,0,0,0,0,0,23627,0,0,0,0,0,3872,0,0,0,0,74.40000000000001,74.40000000000001,6.1,6.1,0,0,0,534,204,0,0,0,1,2384,6,10,3139,0,0,0,0,0,0,0,0,0,0,0,0,40134430,20351486,0,19782944,56874,16134103,3705715,0,0,0,0,3705715,37371416,2209441,553573,9034200,761700,4681175,0,5146125,80225,17746150,284256,167319,37901150,382560,146080,0,0,0,480,1697120,664,6376,2233280,4192699,480144,2967869,0,0,2823631,38436,8852548,467922,0,284920,0,243317,0,0,0,0,4769553,427636,1711309,0,2311367,42269,10497473,0,23337,0,0,0,0,0,0,5511310,238451,146267,0,0,0,0,3364415,1388319,3672063,1813278,8635912,1655257,191409,116169,1472101,1475358,117441,1403016,144718,0,922722,3754504,0,760224,34768,0,0,4549496,1653632,0,0,2895864,4549496,1099517,3463967,-997974,0,492295,1709881,949657,0,0,0,0,0,0,185950,169,94,325290,27671,352961,7,0,46011,14051,60701,54082,80201,34622,34149,0,0,1473,196443,4777,0,0,49186,17732,57152,0,210025,5581,0,0,55724,19500,62131,0,2013
106154101,bakersfield heart hospital,01jan2013,31dec2013,365,audited,incl. ind. audit adj.,kern,9,617,investor,specialty,comparable,,(661) 316-6075,3001 sillect avenue,bakersfield,93308,david veillette,ceo,bakersfieldhearthospital.com,cardiovascular care group,kevin seeley,"steve clark & associates, inc.",0,05-0724,,hsp30724f,47,47,47,10571,1468,958,0,0,2280,766,93,509,16645,2475,344,224,0,0,534,179,22,119,3897,47,0,0,0,0,0,16645,0,0,0,0,0,3897,0,0,0,0,0,97,97,4.3,4.3,0,0,0,8348,2403,783,0,0,3357,1185,27,1030,17133,20181,0,0,0,0,2,86435,35304,555,228,0,0,393135240,321394653,0,71740587,2604644,74232053,113178,941753,339172,0,0,715759,66581292,36456774,290097174,162809238,22609131,14751476,0,0,35117767,11804852,1441323,7829713,256363500,66643099,19181385,6252616,0,0,26792222,9457467,221585,8223366,136771740,181051098,32975122,8228359,0,0,0,54416766,19119404,23465825,0,1662908,0,475171,0,0,0,0,33931848,6180366,12775733,0,0,3589526,802243,0,14460871,0,0,0,2194,0,0,12502487,4766349,27272021,0,0,0,0,9093763,3922345,11341437,5333651,23309680,8351279,1094617,8144018,13922133,8386826,3567004,490159,355156,1850945,4760236,23454498,3500000,44778264,300486,5947882,0,77981130,12568743,0,32132217,33280170,77981130,4558348,52843379,-38079904,34149999,13194110,49564109,4785845,0,3734540,0,34589540,2457323,0,30855000,324,174,665768,54328,720096,317,0,49150,178260,230515,1872,82000,67199,2062,7605,47105,0,239644,71374,192115,0,30337,50043,82255,0,258792,75956,208889,0,32729,52354,91376,0,2013
106150722,bakersfield memorial hospital,01jul2012,30jun2013,365,audited,excl. ind. audit adj.,kern,9,617,non-profit,general,comparable,,(661) 327-4647,420 34th street,bakersfield,93302,jon von boening,president/ceo,www.chwhealth.org,dignity health,catherine matsuda,"healthquest consulting, inc.",0,05-0036,,zzt30336f,418,418,197,17091,6450,10607,16626,257,1285,10037,1164,1996,65513,3285,1664,1731,4955,60,605,3007,304,502,16113,418,0,0,0,0,0,65513,0,0,0,0,0,16113,0,0,0,0,0,42.9,42.9,4.1,4.1,0,0,0,26281,14877,6764,35477,884,1288,30854,3562,10563,130550,72574,33241,0,30115,233,11,511876,326924,4833,4330,2768,960,1282796931,970346971,12690258,325140218,5614161,306084604,24669775,7850226,469368,0,0,32050633,342605646,110406824,829784461,247836595,113905167,121812383,198065674,4640611,13454553,165189921,18723450,20101880,903730234,76387525,43006456,19424118,102383446,2611209,6507081,89691228,10729907,28325727,379066697,254536506,126477777,71576163,263539869,0,6224929,13831248,181015478,19251469,0,29537451,0,4356081,0,0,0,12690258,68561951,30433846,69660338,36909251,1026891,6130386,86555929,6359,25855267,0,0,0,6780553,0,0,73539665,15550547,80849243,2227817,0,563020,961495,49579636,7296859,62831146,12685176,91244190,53379749,8325187,3803470,44244041,49440734,7668859,2009614,4236000,4453485,37279275,225983004,35882600,106873202,16460949,30930478,0,416130233,52745889,0,70755816,292628528,416130233,133457376,157106895,-124045832,180043763,95307128,284767467,177894265,0,0,73443465,77185836,6430020,0,1910645,1395,519,2460960,472442,2933402,694,0,153361,673981,866221,8896,173866,346396,207243,0,30996,0,862172,142143,574775,21943,458037,129460,272430,0,1071718,167170,686246,25283,520177,147827,314981,0,2013
106364121,ballard rehabilitation hospital,01jul2012,30jun2013,365,audited,incl. ind. audit adj.,san bernardino,12,1209,investor,general,comparable,,(619) 260-8300,1760 w. 16th st.,san bernardino,92411,robert herrick,ceo,www.ballardrehab.com,vibra healthcare,james t. walmsley,vibra healthcare,0,05-3037,,,60,60,60,6123,729,3114,2064,0,0,2732,0,0,14762,516,55,176,132,0,0,175,0,0,1054,0,0,0,60,0,0,0,0,0,14762,0,0,0,0,0,1054,0,0,67.40000000000001,67.40000000000001,14,14,0,0,0,3491,380,148,2077,0,0,8536,0,0,14632,0,14632,0,0,0,0,0,0,0,0,0,0,37252678,14780595,0,22472083,36814,19919266,2589631,6913,0,0,0,2596544,17304367,3747160,16201151,15463210,1590944,5868289,4555626,0,0,6027449,0,0,33505518,970125,98065,27012,519042,0,0,2132916,0,0,3747160,4273354,504694,2698324,2588206,0,0,0,4479993,236024,0,0,0,0,0,0,0,0,11923957,1184315,3196977,2486462,0,0,3680372,0,0,0,0,0,6913,0,0,5530818,1889778,3611508,0,0,0,0,2514039,241143,3427633,2704347,10364999,1902153,0,1346612,1110715,1052275,102076,2573861,401319,5680,1059576,3677287,0,417299,0,1974111,0,6068697,1571941,0,1838841,2657915,6068697,0,5336237,-2053119,0,512331,719410,302111,0,14878,0,1838841,0,1938708,0,166,54,327722,34380,362102,57,0,38504,77384,63397,17479,26005,66572,21194,0,5445,11742,124415,26828,66755,0,46403,10985,52336,0,138757,28868,70754,0,51334,12280,60109,0,2013
106184008,banner lassen medical center,01jan2013,31dec2013,365,audited,incl. ind. audit adj.,lassen,1,213,non-profit,general,comparable,rural,(530) 252-2000,1800 spring ridge drive,susanville,96130,catherine harshbarger,ceo,bannerhealth.com,banner health system,andrew kinnaman,"essential consulting, llc",0,05-1320,,hsp30251i,38,25,11,1629,56,816,0,152,270,780,125,15,3843,410,8,268,0,39,78,300,56,8,1167,38,0,0,0,0,0,3843,0,0,0,0,0,1167,0,0,0,0,0,27.7,42.1,3.3,3.3,0,0,0,15012,233,7366,0,2243,4124,12477,1088,1405,43948,10081,0,0,33644,0,3,24858,50472,265,656,149,85,78449611,41069465,0,37380146,21141,30365172,7036115,161849,69945,0,0,7128019,12141812,13443033,52864766,8993076,345097,6919109,0,1365748,2467954,6856533,801453,242640,27991610,16372968,251616,9354481,0,2702248,4647770,14297686,1235249,1595983,50458001,16073834,334230,12028519,0,-3579250,3399184,4083240,3105793,3555091,0,2036702,0,32122,0,0,0,0,8045702,233160,7024623,0,668812,2682812,17008890,0,1716147,0,0,0,9016,0,0,4966785,3036917,9192008,0,0,0,0,3933985,609644,6319601,2306232,11667015,2138634,1749246,1084811,2907581,5147087,2035402,292947,543061,761220,2038168,6405038,0,14955283,600798,3723031,0,25684150,22773745,0,0,2910405,25684150,0,12273690,-7297994,10856814,21765241,36166342,21211059,0,0,0,0,0,0,19360523,163,54,312150,33536,345686,45,0,55003,63063,100002,3451,3696,43669,36603,43,4843,1777,76401,35455,98909,0,47571,25055,28759,0,85435,38993,108591,0,53471,27523,31673,0,2013
106190052,barlow hospital,01sep2012,31aug2013,365,audited,incl. ind. audit adj.,los angeles,11,925,non-profit,specialty,comparable,,(213) 250-4200,2000 stadium way,los angeles,90026,margaret w. crane,ceo,www.barlow2000.org,barlow respiratory hospital,stephen t. mcgovern,western reimbursement group,0,05-2031,hsc33005f,,105,105,75,17433,2584,2755,495,0,1535,125,160,0,25087,602,59,58,10,0,38,3,3,0,773,105,0,0,0,0,0,25087,0,0,0,0,0,773,0,0,0,0,0,65.5,65.5,32.5,32.5,0,0,0,0,0,0,0,0,0,0,0,0,0,0,0,0,0,0,0,0,0,0,0,0,0,258077068,207911587,0,50165481,447987,50354459,259009,49609,4087,0,0,304531,88232758,0,169844310,176333709,25600951,31465268,5354114,0,16474001,1184900,1664125,0,258077068,0,0,0,0,0,0,0,0,0,0,142347752,18018158,27673125,3400000,0,0,13826243,975000,7184,0,1664125,0,0,0,0,0,0,33985957,7582793,3792143,1954114,0,2640574,209900,0,0,0,0,0,0,0,0,16756544,0,11808371,0,0,0,0,8857110,1359101,10521268,1052065,22358999,9074830,804344,1903419,4026766,7568837,1254773,1430304,567685,0,1364502,16939458,0,5082323,14681789,0,0,36703570,13433973,0,0,23269597,36703570,706690,43224142,-32359490,7543279,20407797,28215988,23133665,0,0,0,0,0,3562807,0,309,133,590910,70800,661710,226,0,69063,170618,178482,13014,74715,35079,31195,0,10955,7789,320451,0,119883,0,74789,17405,58382,0,358730,0,134442,0,83977,19409,65152,0,2013
106364430,barstow community hospital,01jan2013,31dec2013,365,audited,incl. ind. audit adj.,san bernardino,12,1213,investor,general,comparable,rural,(760) 256-1761,820 east mountain view street,barstow,92311,carrie howell,cfo,,community health systems inc.,jeff brown,hospital management services,0,05-0298,,zzt30298h,30,30,30,2579,817,341,729,538,670,1179,40,76,6969,800,301,173,295,159,255,398,10,26,2417,30,0,0,0,0,0,6969,0,0,0,0,0,2417,0,0,0,0,0,63.6,63.6,2.9,2.9,14,669,354,5927,1450,7709,5132,1058,4965,3670,201,3479,33591,24584,0,0,9966,0,1,107426,72839,529,882,231,123,335522136,282401000,0,53121136,463217,40755380,12828973,419652,498759,0,0,12749866,23889308,78001414,233631414,59298787,19330440,23990803,15295656,9820017,11430101,14167286,605712,3784174,157722976,36898573,13542307,31684855,24036598,7307328,23958800,22195807,1664497,16510395,177799160,84242857,28812931,50181634,36938030,0,14817778,28538289,22588843,14010432,0,2270206,0,0,0,0,0,0,11954503,4059816,5494024,2394224,2309567,6850612,13774250,3,6284137,0,0,0,2099,0,0,7529207,4323076,9952659,0,0,0,0,5798657,1928831,8968760,2254190,15197400,4838175,3236386,3498115,3973209,3514594,2806528,225832,657213,497061,2310867,14996413,0,66482771,0,35352148,0,116831332,5214001,0,0,111617331,116831332,32800,45413118,-33917068,59857822,11332446,71953347,5470576,0,0,0,0,0,3287107,0,267,78,485795,69304,555099,85,0,71329,98881,125729,8043,27836,113423,0,40554,0,0,118469,55705,105687,0,81965,59267,64702,0,143654,65101,117657,0,90553,64843,73291,0,2013
106090793,barton memorial hospital,01jan2013,31dec2013,365,audited,incl. ind. audit adj.,el dorado,2,306,non-profit,general,comparable,rural,(530) 541-3420,2170 south avenue,south lake tahoe,96150,john g. williams,ceo,www.bartonhealth.org,barton healthcare system,dustin quan,"toyon associates, inc",0,05-0352,,zzr00352f,111,111,68,16850,1406,905,90,568,1142,1532,126,645,23264,993,70,241,27,173,347,259,37,186,2333,63,0,0,0,48,0,7176,0,0,0,16088,0,2184,0,0,0,149,0,57.4,57.4,10,3.3,11,531,253,21821,1406,20999,800,5684,19241,10441,2283,7581,90256,18849,16392,6569,45961,0,6,169786,273993,797,1549,224,68,277253989,165429565,0,111824424,12189679,105420264,18593839,17894246,24401632,0,0,12086453,42963664,43112023,191178302,44827912,3116530,16253831,1140397,7855126,21073235,16867590,1094883,5582894,117812398,39110482,2634224,21227284,1654880,12560759,42544668,27598869,2803822,9306603,159441591,58074083,4022838,25109452,1028218,0,15628796,21859112,14691123,9944705,0,6908354,0,8162884,0,0,0,0,20497534,1692448,10342497,1756801,3975291,41222012,29674563,0,2663278,0,-198337,288275,3822669,0,0,14913125,14447176,31590224,0,0,0,0,17747296,5403928,16778596,4539919,45536653,13171713,7345565,4847731,14064647,8789282,5382073,841226,810820,631990,3998564,48042891,47683929,47773798,1070428,31272935,202012,176045993,26090077,0,15738586,134217330,176045993,14698416,68213362,-40013472,56008985,59660371,124902928,77129130,0,0,0,18955989,3217403,0,0,734,165,1378727,178686,1557413,128,0,89672,291021,208771,8682,113579,490337,88264,58677,12312,17412,207870,175556,257391,0,253168,103952,152950,227840,232345,195987,295149,0,284896,118891,172742,257403,2013
106361110,bear valley community hospital,01jul2012,30jun2013,365,audited,incl. ind. audit adj.,san bernardino,12,1217,district,general,comparable,rural,(909) 866-6501,41870 garstin,big bear,92315,ray hino,ceo,,bear valley community hospital,"rodney a. phillips, cpa","rodney a. phillips, cpa",0,05-0618,,hsp30618j,30,24,24,357,49,6929,0,0,98,35,0,53,7521,63,17,23,0,0,36,13,0,20,172,9,0,0,0,21,0,459,0,0,0,7062,0,166,0,0,0,6,0,68.7,85.90000000000001,43.7,2.8,0,0,0,4964,2235,13898,0,0,3423,3622,0,8098,36240,9676,14705,0,11815,0,2,1941,5474,23,218,0,0,37780170,23047153,0,14733017,174870,20115566,-5207679,2699045,0,0,0,-2508634,3397765,13330729,21051676,592367,154281,2937026,0,0,318408,137770,0,196146,4335998,5915295,3326810,6824111,0,0,4579850,4678229,0,8119877,33444172,4767876,2550440,5487133,0,0,0,2606463,2606464,4382665,0,403872,0,242240,0,0,0,0,1739786,930651,4274004,0,0,2049555,2209535,0,3529486,0,0,295215,23277,2380553,0,2232339,4409924,5258131,0,0,0,0,2939256,1536895,3196991,542030,10384216,2360758,822165,57473,1562458,2950605,528354,200894,138976,39797,1069870,3049971,0,4061649,2873956,6544231,0,16529807,3574187,0,316668,12638952,16529807,224739,5519220,-3371834,7066324,6071838,13456075,9394426,0,350481,0,350481,33813,0,0,180,55,310970,64132,375102,11,0,32828,42418,36835,14592,62732,81140,35522,4123,780,0,54179,80183,49255,0,46712,42986,37655,0,64628,95828,62259,0,55975,50880,45532,0,2013
106190066,bellflower medical center,01sep2012,08apr2013,220,audited,excl. ind. audit adj.,los angeles,11,921,investor,general,comparable,,(562) 925-8355,9542 e. artesia blvd,bellflower,90708,gary lewis,ceo,,pacific health corporation,lily runke,"alta hospitals system, llc",0,05-0531,hsc30531h,hsp30531h,144,133,61,3823,305,4854,2138,0,578,297,1,406,12402,534,72,800,702,0,116,107,1,139,2471,112,32,0,0,0,0,6345,6057,0,0,0,0,1714,757,0,0,0,0,39.1,42.4,5,5,17,1904,779,1045,234,2061,3947,0,457,796,13,1162,9715,7420,0,0,3144,0,4,87449,70277,1140,1126,347,411,91171539,64082944,0,27088595,97271,28784435,-1598569,0,0,0,0,-1598569,26360130,6490594,58320815,19862771,2428074,18556571,17777389,0,2643222,2573697,8140,2524544,66374408,2887635,835106,2891395,11618116,0,1141058,3060253,4505,2359063,24797131,10981858,1152592,17557576,22602284,-1001180,0,-43171,5505034,3377289,0,584854,0,3365808,0,0,0,0,11161746,2046902,3340744,6125018,0,3829837,-175264,-572209,1331821,0,0,0,0,0,0,5408351,981543,5989590,0,0,0,0,3751763,831101,10563548,1258539,11137641,4405371,588996,387927,1874098,2470946,208822,272830,346922,396821,6694061,21696667,0,2171622,1056300,0,0,24924589,15153133,0,0,9771456,24924589,0,26469241,-23881789,8505517,11574356,21197585,19025963,0,0,0,0,0,15546206,0,661,118,600826,773470,1374296,221,0,47100,117367,168070,28794,48762,92070,94246,4417,0,0,191370,23715,143450,0,144615,37265,60411,0,335682,41061,271794,0,209967,53251,462541,0,2013
106330120,betty ford center of eisenhower,01jul2012,30jun2013,365,audited,incl. ind. audit adj.,riverside,12,1105,non-profit,specialty,comparable,,(760) 773-4100,39000 bob hope drive,rancho mirage,92270-3221,charlene montgomery,administrator,www.bettfordcenter.org,betty ford center,lesley murray,betty ford center,0,,,,100,100,100,0,0,0,0,0,3099,0,0,23901,27000,0,0,0,0,0,119,0,0,1178,1297,0,0,100,0,0,0,0,0,27000,0,0,0,0,0,1297,0,0,0,74,74,20.8,20.8,0,0,0,0,0,0,0,0,2972,0,0,20491,23463,0,0,0,0,0,0,0,0,0,0,0,0,36833948,5665522,0,31168426,5043655,36259479,-47398,1362807,58667,0,0,1256742,28255547,8578401,0,0,0,0,0,0,3196842,0,0,25058705,28255547,0,0,0,0,0,1117818,0,0,7460583,8578401,0,0,0,0,0,0,1948860,0,463,0,2355158,0,1361041,0,0,0,0,0,0,0,0,0,2365800,0,0,28802626,0,0,792792,570015,0,0,9628965,5385128,0,0,0,0,0,5876896,1549543,10899757,2919190,13412093,6459075,1327464,1796386,1310319,4873603,2129914,1043390,437044,787772,2682419,5850502,7082250,37445895,368346,272517,61751,51081261,10872991,0,3550740,36657530,51081261,1126376,998211,-301617,39757404,13535933,62399203,24953308,3742896,0,0,3742896,192156,0,0,234,29,465115,44049,509164,5,0,58622,218884,20046,17815,22151,56893,42453,6729,0,21522,217374,51626,0,0,55787,35070,105258,0,232489,57976,0,0,62362,38360,117977,0,2013
106190081,beverly hospital,01jan2013,31dec2013,365,audited,incl. ind. audit adj.,los angeles,11,919,non-profit,general,comparable,,(323) 726-1222,309 west beverly blvd,montebello,90640,gary kiff,ceo,www.beverly.org,beverly community hospital association,kevin seeley,"steve clark & associates, inc.",0,05-0350,hsc30350f,zzt40350f,214,214,99,13463,1778,6241,10421,0,280,1312,401,1881,35777,2348,540,1265,2912,0,66,428,105,759,8423,214,0,0,0,0,0,35777,0,0,0,0,0,8423,0,0,0,0,0,45.8,45.8,4.2,4.2,18,1213,623,3771,4846,11481,11549,0,679,8085,470,1739,42620,36277,8480,0,3572,4641,7,178764,136369,1598,1926,425,312,351392154,237044568,49216850,163564436,1894567,169260885,-3801882,466158,334217,0,0,-3669941,68058132,29259928,254074094,79898174,13326773,58903662,55379229,0,2247366,10232382,2470155,13325570,235783311,25082284,22468914,10651201,25675478,0,1512099,26691144,970421,2557302,115608843,65104248,13855063,38480711,60307784,-4958668,0,2581810,32260904,13677382,0,14101030,0,1634304,0,49216850,0,0,39876210,21940624,26610530,68725609,0,1177655,4662622,0,571186,0,0,0,267,0,0,20994297,8033178,42392271,34541493,3785950,0,0,18283169,5058949,30621276,5550302,45421166,17650495,3423517,4285265,17230769,51274195,4820253,3291554,1164333,900614,19798724,56498108,143701,42619951,8395256,0,0,107657016,48781094,0,16092535,42783387,107657016,17925762,38325972,-18469451,83196583,43073769,130829429,88209478,0,694400,15890364,16876535,784000,4749927,1767386,767,290,1434440,190552,1624992,381,0,89337,328738,480769,23614,87418,217897,171500,5944,10702,18521,396878,100847,402048,0,284988,94086,155593,0,460119,113764,457827,0,316574,104925,171783,0,2013
106190020,bhc alhambra hospital,01jan2013,31dec2013,365,audited,incl. ind. audit adj.,los angeles,11,913,investor,psychiatric,comparable,,(626) 286-1191,4619 n rosemead blvd,rosemead,91770,peggy minnick,ceo,www.bhcalhambra.com,"universal health services, inc.",ruth ann smotherman,"universal health services, inc.",0,05-4032,,zzt34032f,97,97,92,3933,0,7017,0,0,0,19357,0,96,30403,431,0,1015,0,0,0,3665,0,32,5143,0,97,0,0,0,0,0,30403,0,0,0,0,0,5143,0,0,0,0,85.90000000000001,85.90000000000001,5.9,5.9,0,0,0,11579,0,0,0,0,0,3912,0,0,15491,0,0,0,0,0,0,0,0,0,0,0,0,52488160,23833093,0,28655067,23201,16301384,12376884,53854,0,0,0,12430738,44190710,6777300,1520150,5899500,0,10525586,0,0,0,29141774,0,144000,45710860,4488430,0,0,0,0,0,2288870,0,0,6777300,4996700,0,6199692,0,0,0,0,11780582,541010,0,27798,0,287311,0,0,0,0,5324227,0,4130251,0,0,0,19121379,0,79210,0,0,0,0,0,0,5790823,1883335,236721,0,0,0,0,2524948,1673936,3675890,515731,9634893,1463094,863860,17154,905774,1114884,390380,73371,54269,0,1783705,3230638,0,8576742,11628,913390,64495116,77227514,41059329,0,0,36168185,77227514,0,3810542,-1076004,2892024,859027,9795030,1218288,0,0,0,0,0,0,39804135,178,14,341460,27747,369207,13,0,88740,135468,5284,23264,0,46152,24490,18062,0,0,166157,45709,0,0,44898,32694,52002,0,178049,48944,0,0,48991,35260,57963,0,2013
106040802,biggs-gridley memorial hospital,01jul2012,30jun2013,365,audited,incl. ind. audit adj.,butte,1,221,non-profit,general,comparable,rural,(530) 846-5671,240 spruce street,gridley,95948,wade sturgeon,ceo,,biggs-gridley memorial hospital,derek f. petrak,"petrak & associates, inc.",4,05-1311,,zzr00404f,45,45,35,1918,0,7409,0,147,179,0,10,88,9751,426,0,109,0,42,56,0,8,30,671,24,0,0,0,21,0,2637,0,0,0,7114,0,657,0,0,0,14,0,59.4,59.4,14.5,4,0,0,0,18865,0,14920,0,3202,8522,0,5,4146,49660,8373,19435,0,21569,0,2,12963,34032,86,808,0,0,53372131,34729838,0,18642293,1300934,23061117,-3117890,293391,0,0,0,-2824499,8015424,8387034,36969673,9566121,0,5800201,0,1292896,1347738,0,62580,661726,18731262,13356216,0,9850601,0,2540768,6017564,0,3747,2871973,34640869,15404742,0,9342484,0,0,3038944,3469474,0,3407867,0,66327,0,0,0,0,0,0,6023933,0,5314152,0,701587,3293511,0,0,3309110,0,0,15628,159075,0,0,4069870,4735373,6515641,0,0,0,0,3492689,1397007,2423160,427377,9114381,3670821,2660485,1168726,2093819,1523624,1024735,727418,90031,13309,973768,8530887,0,5280537,1416331,114200,0,15341955,5127586,0,3517173,6697196,15341955,3375658,9500999,-6818020,2633468,4814224,7605059,2324522,0,1260639,0,3760639,243466,0,0,178,60,329965,39532,369497,12,0,43882,38111,57236,23051,43812,63679,40603,19591,0,0,80259,51475,64946,0,62862,36367,34056,0,91791,57095,72375,0,68975,40968,38293,0,2013
106044006,butte county mental health - phf,01jul2012,30jun2013,365,audited,excl. ind. audit adj.,butte,1,219,city/county,psychiatric,phf,,(530) 891-2775,592 rio lindo avenue,chico,95926,cathi grams,director,,county of butte,karen gold,butte county department of behavioral health,0,,,,16,16,16,0,0,0,0,0,4918,0,0,0,4918,0,0,0,0,0,666,0,0,0,666,0,16,0,0,0,0,0,4918,0,0,0,0,0,666,0,0,0,0,84.2,84.2,7.4,7.4,0,0,0,0,0,0,0,0,0,0,0,0,0,0,0,0,0,0,0,0,0,0,0,0,0,932930,-67911,0,1000841,0,3281303,-2280462,0,0,0,0,-2280462,932930,0,0,0,0,0,0,0,932930,0,0,0,932930,0,0,0,0,0,0,0,0,0,0,0,0,0,0,-67911,0,0,0,0,0,0,0,0,0,0,0,0,0,0,0,0,0,1000841,0,0,0,0,0,0,0,0,0,0,0,0,0,0,0,0,0,0,0,0,0,0,0,0,0,0,0,0,0,0,0,0,0,0,0,0,0,0,0,0,0,0,0,0,0,0,0,0,0,0,0,0,0,0,0,0,0,0,0,0,0,0,12,0,0,0,0,0,0,0,0,0,0,0,0,0,0,0,0,0,0,0,0,0,0,0,0,0,0,0,2013
106190125,california hospital medical center,01jul2012,30jun2013,365,audited,incl. ind. audit adj.,los angeles,11,925,non-profit,general,comparable,,(213) 748-2411,1401 s. grand avenue,los angeles,90015,mark a. meyers,ceo,www.dignityhealth.org,dignity health,james r. saurenmann,saurenmann & associates,2,05-0149,hsc30149g,zzt40149g,318,318,195,9889,3385,18379,27900,2129,934,1575,3992,779,68962,2655,955,4006,7380,577,191,386,841,136,17127,287,0,0,0,31,0,63641,0,0,0,5321,0,16738,0,0,0,389,0,59.4,59.4,4,3.8,31,9555,4232,8114,1477,10491,34414,1052,5818,6583,13296,5804,87049,68991,5763,0,14223,8614,7,330111,247322,5920,7351,2968,1457,1027686033,736669572,33329275,324345736,15802481,331006165,9142052,2887532,366929,0,0,11662655,258823915,170829239,598032879,89949765,21227596,176026936,235350872,13641797,35302301,25059204,64162793,37369023,698090287,39650496,5936797,43841815,131862660,5540213,25780160,20976746,45316466,10690393,329595746,90687953,22864940,106924962,290406919,-51542864,18274530,52138481,38927041,36394002,0,121396051,0,10197557,0,32905146,0,424129,38912308,4247981,155762170,106570920,907480,8943980,7533038,2,1467857,0,2662291,0,428586,0,0,60628369,23149257,70282539,16937395,0,0,2301613,44151052,6852909,84340948,22362083,100772340,54709380,15877306,11247714,31424331,50514623,7031546,3024735,5961996,9771992,40670202,161513877,0,41694947,27572699,3279529,0,234061052,49117308,3689195,175845650,5408899,234061052,57260755,269396474,-226254465,88325046,53150814,147372067,105677120,0,0,19150523,177598838,1753188,6545451,159924615,1425,488,2681817,456842,3138659,424,34,166275,754820,782967,24412,140642,371989,159500,106184,67507,107521,753197,234792,579336,56226,438114,87102,533050,0,921709,271929,677594,63749,492450,99530,611698,0,2013
106380929,california pacific medical center,01jan2013,31dec2013,365,audited,incl. ind. audit adj.,san francisco,4,423,non-profit,general,comparable,teaching,(415) 600-6000,2333 buchanan street,san francisco,94120,"warren browner, md",ceo,cpmc.org,sutter west bay hospitals,susan adams,sutter west bay hospitals,0,05-0047,hsc00047f,zzr00047f,970,733,457,49077,15061,11820,8327,325,2605,50638,2115,11801,151769,7704,2320,1529,1627,64,493,10978,397,836,25948,740,18,0,48,139,25,107668,4070,0,9054,22275,8702,23454,697,0,523,1268,6,42.9,56.7,5.8,4.9,38,12147,4767,87453,22532,5301,14375,80,5783,270439,9674,21972,437609,53330,47973,0,335248,0,34,1234200,949100,7282,10833,3561,1613,3405031416,2291105832,0,1113925584,45291356,1152908616,6308324,38105092,25099560,0,0,19313856,870649674,134600049,2399781693,755986128,199222289,164921719,125417540,8372463,60709588,840542689,28414000,71929381,2255515797,280660085,70915435,15343891,48047368,532645,21993751,615885018,28463000,67674426,1149515619,838520858,222338831,141890193,139222241,0,7873669,56019121,692448509,51959000,0,56877000,0,83956410,0,0,0,0,197630871,47798893,35609012,23700259,1031439,26684218,763954736,0,17516156,0,46721630,9083786,14483094,0,0,177410584,32156136,316845100,0,0,29853998,11292923,200937522,144750161,190975971,48686221,371034092,209056792,42025478,33403121,117893416,131288902,55395953,10239076,4141259,7391854,171038673,508596146,127446569,488712157,386789325,532399,4558506,1516635102,138262463,19414091,210193436,1148765112,1516635102,28112093,788191890,-490799094,625187548,375205302,1172076176,683364019,0,0,212025804,212025804,1832368,0,0,3681,1085,6951006,1064560,8015566,1146,90,676527,2018454,1824198,44877,292929,839605,685968,209805,95477,263166,1750172,352061,1992546,433181,1387900,401807,618237,15102,2072803,409484,2331400,460053,1572432,454333,699103,15958,2013
106380964,california pacific medical ctn-st. luke's campus,01jan2013,31dec2013,365,audited,incl. ind. audit adj.,san francisco,4,423,non-profit,general,comparable,,(415) 600-8600,3555 cesar chavez street,san francisco,94110-4403,"warren browner, md",ceo,cpmc.org,sutter west bay hospitals,susan adams,sutter west bay hospitals,0,05-0055,hsc00055f,zzr00055f,228,174,98,9032,2264,12830,2813,0,389,3085,933,249,31595,1228,306,716,636,0,34,708,206,52,3886,149,0,0,0,79,0,14886,0,0,0,16709,0,3533,0,0,0,353,0,38,49.7,8.1,4.2,8,1847,813,17117,5039,7481,13480,0,2608,22776,4488,3600,76589,27002,6545,0,43952,0,9,97971,80824,793,1110,745,214,499671313,389862210,0,109809103,1172493,164748310,-53766714,927725,610609,0,0,-53449598,170832216,54451396,274387701,103698676,24668947,129284106,37632058,0,3530237,43331978,11091748,1310251,354548001,34854291,10205052,8764149,26376157,0,2349357,38690920,12211688,11671698,145123312,114412749,28265447,97234443,52600142,-2761371,0,3900039,57887732,9952259,0,24606592,0,3764178,0,0,0,0,23819001,6577206,43087829,10899087,0,1868471,23070015,0,487494,0,5891513,317116,0,0,0,32046287,8007001,30162990,0,0,0,97000,34015671,25565707,31516267,3337387,46924594,26391741,5133957,2365217,9729577,39197005,5596103,101349,666677,0,28642090,19356316,0,34186119,35698259,0,0,89240694,256879346,0,0,-167638652,89240694,5000,108340478,-90527459,47552015,48035504,99300920,65114801,0,0,0,0,0,0,0,556,213,1008196,181205,1189401,196,1,58241,250483,282869,40493,98780,104773,113801,25785,21429,11542,331619,70940,221365,0,252721,64795,62348,4408,411955,81380,259520,0,287228,73579,70365,5374,2013
106364050,canyon ridge hospital,01jan2013,31dec2013,365,audited,incl. ind. audit adj.,san bernardino,12,1207,investor,psychiatric,comparable,,(909) 590-3700,5353 g street,chico,91710,jeff mcdonald,ceo,www.canyonridgehospital.com,"universal health services, inc.",ruth ann smotherman,"universal health services, inc.",0,05-4111,,hsp34116j,106,106,85,4295,0,0,6277,3023,0,16731,561,31,30918,373,0,0,1282,688,0,3099,125,8,5575,0,106,0,0,0,0,0,30918,0,0,0,0,0,5575,0,0,0,0,79.90000000000001,79.90000000000001,5.5,5.5,0,0,0,6477,0,0,0,0,0,4859,0,0,11336,0,0,0,0,0,0,0,0,0,0,0,0,38157954,14709259,0,23448695,13775,15404748,8057722,28580,0,0,0,8086302,32954024,4121800,1082130,4724500,0,0,6904700,3325300,0,18430454,617100,34100,34036154,2415600,0,0,0,0,0,1706200,0,0,4121800,2487612,0,0,2471294,0,1596125,0,5803774,618347,0,1172076,0,560031,0,0,0,0,4396229,0,0,4182576,1222248,0,13504661,108881,34100,0,0,0,0,0,0,5954650,1015788,250187,0,0,0,0,2604299,1511355,3272118,796351,9337488,1323491,402335,62860,936669,927235,616552,2942,47009,0,1748167,3705822,0,14237784,0,893220,42473540,61310366,37537997,0,0,23772369,61310366,0,3348273,-193880,9758840,1087641,16161490,1923706,0,0,0,0,0,0,35175755,178,36,340110,30489,370599,7,0,37748,141353,56397,18053,0,47331,20744,17928,0,556,179903,29231,0,0,40565,40204,50207,0,196651,31797,0,0,43616,43457,55078,0,2013
106190137,casa colina hospital for rehabilitative medicine,01apr2012,31mar2013,365,audited,incl. ind. audit adj.,los angeles,11,917,non-profit,specialty,comparable,,(909) 596-7733,255 e. bonita ave.,pomona,91767,felice l. loverso ph.d.,ceo,www.casacolina.org,"casa colina, inc.",brandon sherrill,casa colina hospital,0,05-3027,hsc32019f,,68,68,59,13554,826,267,106,0,5826,943,0,192,21714,923,39,9,5,0,304,51,0,7,1338,0,0,0,68,0,0,0,0,0,21714,0,0,0,0,0,1338,0,0,87.5,87.5,16.2,16.2,0,0,0,32111,236,1996,587,0,39929,3449,45,8072,86425,0,86425,0,0,0,0,0,0,0,0,0,0,61579833,22642935,0,38936898,151649,39458800,-370253,2603980,0,0,0,2233727,24742734,1951854,34885245,27189362,1585828,511598,190525,0,12013117,1932066,0,526165,43948661,6189963,63983,1052317,135183,0,8377393,980922,52215,779196,17631172,11201108,795643,1462490,77318,0,0,7138343,1058226,175389,0,146343,0,588075,0,0,0,0,22087821,850321,97778,247630,0,13186993,1847969,0,618386,0,0,846566,55660,0,0,7827627,1260959,13186588,0,0,0,0,3638071,997779,8546036,4001740,18187768,5938195,0,904075,4614861,3728192,2457358,857645,224775,1167528,1378403,9083796,0,38080269,4406584,1512011,0,53082660,5719345,0,16677934,30685381,53082660,2551609,11925761,-6919954,44639286,8890087,55389728,17309459,0,0,17028056,17028056,350122,547675,4014267,423,170,797632,88431,886063,151,0,76113,252377,113730,96880,141987,81950,25251,3535,1604,4205,351032,32121,230464,0,81014,23286,79715,0,374027,37184,264225,0,95933,26822,87872,0,2013
106190045,catalina island medical center,01jul2012,30jun2013,365,audited,incl. ind. audit adj.,los angeles,11,933,non-profit,general,comparable,rural,(310) 510-0700,100 falls canyon road,avalon,90704,john friel,administrator,,avalon medical development corporation,richard w. lakey,richard w. lakey cpa,0,05-0427,,zzt304027,12,12,12,500,0,1805,0,0,12,0,0,10,2327,13,0,5,0,0,3,0,0,1,22,4,0,0,0,8,0,151,0,0,0,2176,0,19,0,0,0,3,0,53.1,53.1,105.8,7.9,0,0,0,2299,0,2446,0,0,4811,0,0,1664,11220,1943,6907,0,2465,0,0,0,0,0,0,0,0,12285125,5919862,0,6365263,277599,7104298,-461436,799192,0,0,0,337756,1277831,4286134,6721160,942576,0,1752726,0,0,355899,0,0,119243,3170444,2349348,0,1355367,0,0,4160768,0,0,1249198,9114681,761439,0,1878397,0,0,0,1557147,0,1079422,0,430482,0,212975,0,0,0,0,2530485,0,1229696,0,0,2390565,0,0,214517,0,0,795260,3932,0,0,1091788,1534425,1273820,0,0,0,0,1090971,684592,1186373,242329,2841393,733581,651600,618286,456914,734498,345653,30839,101992,0,589542,3518133,0,1030010,1762718,0,0,6310861,495897,548638,0,5266326,6310861,1394229,2271184,-1084294,1692312,2060763,3879475,2849465,0,0,0,0,0,0,0,44,13,87039,8453,95492,11,0,21359,11432,11615,4760,7638,12598,11303,2600,3734,0,21149,17958,6587,0,17830,8534,14981,0,22779,19709,7135,0,19684,9544,16641,0,2013
106190555,cedars-sinai medical center,01jul2012,30jun2013,365,audited,incl. ind. audit adj.,los angeles,11,925,non-profit,general,comparable,teaching,(323) 568-8504,8700 beverly blvd,los angeles,90048-1865,priselac thomas,president/ceo,www.cedars~sinai.edu,cedars-sinai medical center,paola rojas puentes,cedars-sinai health system,1,05-0625,hsc30625f,zzt30625f,896,881,881,116188,9596,16602,8546,0,4409,87701,70,8691,251803,19854,1585,2839,1683,0,948,19954,42,2311,49216,867,0,0,29,0,0,243636,0,0,8167,0,0,48507,0,0,709,0,0,77,78.3,5.1,5.1,80,15342,6353,215269,15426,25189,15661,0,13453,295170,2142,133264,715574,85305,150653,0,483881,0,42,3358115,1312064,17056,13327,4443,2562,10590599502,8110324685,509343,2480784160,222822028,2330292708,373313480,16879223,4163526,0,0,386029177,2328300510,562592577,7699706415,3159772532,320015716,448402137,254323839,0,149798267,2572818340,1312960,260311275,7166755066,1302381050,90244862,88669868,72497525,0,60740392,1638608515,17447954,153254270,3423844436,3860019356,334625304,426443075,273188057,0,0,144444059,2648665658,214530803,0,122519586,0,85888787,0,0,0,509343,595698302,75635274,106338314,53633307,0,55368060,1522509688,0,71601215,0,-29882896,0,302055,0,0,296835574,109290342,717145184,0,0,164544730,38349384,382666367,107788772,395736447,117935908,812675798,421731325,25207353,56351405,339745973,182583703,134667474,40545208,8747684,33526844,274509941,1345206263,524364724,1579536680,155370848,74150413,72801359,3751430287,480927569,124443358,1079192408,2066866952,3751430287,373067540,924687063,-490776000,1767893910,644625265,2480316605,900779925,0,0,1123697408,1123697408,44505000,420711,0,10557,2534,19806824,2548583,22355407,2162,294,1294747,6007597,4032698,48725,949085,3867431,1276611,1933513,239177,157240,3889856,1465805,5111511,1501931,3464117,1596737,2764980,11887,4449672,1641617,5750774,1539849,3968594,1811388,3179991,13522,2013
106190148,centinela hospital medical center,01jan2013,31dec2013,365,audited,incl. ind. audit adj.,los angeles,11,929,investor,general,comparable,,(310) 680-8200,555 east hardy street,inglewood,90301,linda bradley,ceo,www.centinelamed.com,prime healthcare services,jeff brown,hospital management services,0,05-0739,hsc30240h,zzt30240h,369,369,199,29371,5948,11355,12537,3511,4113,0,3383,1501,71719,5648,1707,2043,3969,1110,938,0,2016,687,18118,313,0,0,32,24,0,68002,0,0,3717,0,0,17819,0,0,299,0,0,53.2,53.2,4,4,0,1746,742,8880,2208,5192,17764,4348,8702,0,3568,9855,60517,66449,0,0,9769,0,11,355863,143565,1411,513,550,283,1327895579,1060453860,0,267441719,1555451,231641308,37355862,5790467,4236426,0,0,38909903,387247909,85562025,855085645,461023101,99928768,165246193,194658855,46639872,70898612,0,49680523,27712837,1115788761,48747566,9134766,17826905,54075312,18296229,25454274,0,12066688,26505078,212106818,419737322,80031758,125025846,203886034,-3526721,61826891,55119653,0,18669337,0,64771606,0,34912134,0,0,0,0,90033345,29031776,58549577,44848133,3109210,41233233,0,1,636444,0,0,0,0,0,0,49790381,11706685,53380490,0,0,0,0,24451935,8548693,67360871,16402253,72903638,27632786,4014001,3206264,21858746,39499267,5490586,1214529,3209480,9635422,42976589,142558080,0,63855079,32663518,69548,0,239146225,44046886,906424,100000000,94192915,239146225,2106543,306624724,-263082132,35092334,41431724,92624058,28768979,100000000,0,0,100000000,0,0,12492525,1159,542,2218126,253942,2472068,301,0,122530,730157,818592,54357,199441,198354,0,32700,55548,6447,927675,216107,526141,0,209205,119557,219441,0,1041576,234725,588548,0,230447,134615,242157,0,2013
106160787,central valley general hospital,01jan2013,31dec2013,365,audited,incl. ind. audit adj.,kings,9,615,non-profit,general,comparable,,(559) 583-2100,1025 north douty street,hanford,93230,wayne ferch,ceo,www.hanfordhealth.com,adventist health,sara osmanson,central valley general hospital,0,05-0196,,zzt30196g,49,36,11,6,0,1947,1564,0,294,357,1,29,4198,3,0,1012,816,0,87,192,1,16,2127,49,0,0,0,0,0,4198,0,0,0,0,0,2127,0,0,0,0,0,23.5,31.9,2,2,6,3418,2120,44556,276,172634,73937,13933,33666,33326,20285,27085,419698,0,389218,0,30480,0,0,0,0,0,0,1227,772,120930282,17242170,609911,104298023,1710007,94207202,11800828,1674424,569063,0,0,12906189,16173873,65212138,39544271,66257,0,10896101,12715072,0,3866514,4561233,5303,1080138,33190618,10909025,133956,37016869,13737753,3391608,7706836,6007949,4588485,4247183,87739664,2204727,79024,-11273207,6327395,-3383788,170836,4336148,9091625,1271468,0,5659442,0,2758500,0,0,0,609911,8770555,53113,61506131,20125430,3220772,7237202,2087468,0,1297352,0,136205,0,1462260,0,0,3239388,50952631,8504793,0,0,0,394841,11118879,1814977,15033291,3148402,32076568,12214929,17935666,793042,5887128,9253088,1279474,2104344,886139,0,11776824,87763830,977124,10142395,6904531,8528848,1429831,115746559,15630932,0,38357,100077270,115746559,56101416,14094144,-4728378,14455748,7575155,24602840,14460445,0,54431,0,54431,16074,0,700401,622,171,1143565,152726,1296291,337,12,78401,115212,70743,48539,236515,413273,80844,98458,418,1162,48688,704657,105902,9756,144956,44615,84991,0,56380,792250,120939,10852,170088,49911,95871,0,2013
106500954,central valley specialty hospital,19jul2013,31dec2013,166,audited,incl. ind. audit adj.,stanislaus,6,511,investor,general,comparable,,(209) 576-2532,730 17th street,modesto,95354-1209,john lovrich,administrator,,jaswinder singh,kelly hohenbrink,"tca partners, llp",0,05-2055,hsc33036f,,100,43,17,2411,13,1018,1391,0,464,0,0,592,5889,48,1,20,81,0,38,0,0,8,196,0,0,0,0,100,0,0,0,0,0,5889,0,0,0,0,0,196,0,35.5,82.5,30,0,0,0,0,0,0,0,0,0,0,0,0,0,0,0,0,0,0,0,0,0,0,0,0,0,0,18305335,14685221,0,3620114,98152,9847331,-6129065,0,0,0,0,-6129065,8273374,0,10031961,3808699,19246,1548518,6402028,0,5934983,0,0,591861,18305335,0,0,0,0,0,0,0,0,0,0,3055479,15440,1242280,5135945,0,0,4761264,0,10011,0,0,0,464802,0,0,0,0,753220,3806,306238,1266083,0,1173719,0,0,117048,0,0,0,0,0,0,2293475,0,1530979,0,0,0,0,2059008,127596,2937359,898914,4214867,867108,42459,642375,973501,1279218,44309,915187,154896,145268,568143,2770876,0,400240,0,0,0,3171116,5471988,0,3916521,-6217393,3171116,0,14325648,-11753740,0,444549,444549,44309,0,0,0,7077846,3161325,0,0,86,31,174880,3337,178217,5,0,30590,35678,35185,7029,23222,37773,4131,1272,0,0,81935,0,16825,0,45038,4327,26755,0,83499,0,17146,0,45602,4409,27561,0,2013
106301140,chapman medical center,01jan2013,31dec2013,365,audited,incl. ind. audit adj.,orange,13,1015,investor,general,comparable,,(714) 633-0011,2601 chapman avenue,orange,92869,don krietz,ceo,www.chapmanmedicalcenter.com,"integrated healthcare holdings, inc.",glenn hulse,"intrinsic health resources, llc",0,05-0745,hsc30550h,,114,114,58,3555,2215,808,8726,626,967,3826,83,329,21135,562,386,59,116,62,240,790,12,102,2329,47,12,28,0,27,0,5964,2916,2994,0,9261,0,1650,286,373,0,20,0,50.8,50.8,9.1,5.1,0,0,0,1909,1535,707,2998,591,4302,6825,250,3385,22502,11607,4068,0,7089,0,3,126280,111650,744,542,0,0,172441617,126427587,0,46014030,1149945,53425208,-6261233,0,0,0,0,-6261233,37279158,9439831,125722628,29020671,19122046,6520398,32637812,3972480,6629601,33600672,653092,1301364,133458136,5683029,4052641,1469189,4162702,1930554,1744141,16366650,341223,3233352,38983481,27474491,18286144,5714100,29350316,-70000,4981698,5949268,28428332,3137793,0,1447787,0,1727658,0,0,0,0,7229209,4888543,2345487,7450198,921336,2424474,20597652,0,157131,0,0,0,0,0,0,10649509,3669723,15660220,0,0,0,0,7392138,2723114,11055124,2275380,19685215,8481639,981133,290825,9023939,7231886,485166,1523665,207621,990935,4523184,9374072,0,3478705,0,0,0,12852777,48821788,0,4109539,-40078550,12852777,0,20474057,-12226760,5546682,2012474,7720643,4241938,0,4344943,0,4344943,235404,0,40444722,327,130,604162,83695,687857,24,0,67677,99018,119641,64674,79193,140119,26094,0,7045,701,232595,59001,109993,0,73268,64380,64925,0,265072,67112,124859,0,86051,71149,73614,0,2013
106010776,childrens hospital & research center at oakland,01jan2013,31dec2013,365,audited,incl. ind. audit adj.,alameda,5,417,non-profit,childrens,comparable,,(510) 428-3000,747 52nd street,oakland,94609-1809,bert lubin,ceo,www.childrenshospitaloakland.org,children's hospital & research center oakland,derek wong,"toyon associates, inc.",1,05-3301,hsc00611f,,190,190,144,161,0,26779,8035,0,17,12389,258,50,47689,36,0,5775,1711,0,5,2692,58,12,10289,178,0,0,12,0,0,44798,0,0,2891,0,0,10178,0,0,111,0,0,68.8,68.8,4.6,4.6,0,0,0,3940,0,63228,83744,222,79,53467,2373,2138,209191,45547,149430,0,19425,0,12,434072,332636,3442,5087,0,0,1106973645,683462272,2299006,425810379,23135190,493960759,-45015190,52074796,2826497,0,0,4233109,303076931,152863913,651032801,1922362,0,367253307,118438496,0,190871,198028126,3241264,2583153,691657579,4391359,0,111496224,144310831,638883,280439,145095167,5065872,4037291,415316066,4579448,0,352316727,174414901,-51166050,638883,386834,180384046,9320988,0,8307136,0,4279359,0,2299006,0,0,1734273,0,177311383,90633432,0,72319,153888656,0,2170316,0,0,0,221688,0,0,91527962,60098466,114133563,0,0,56765032,7723434,62315843,12622258,61842747,26931454,176846140,113982640,36998130,15353159,49766961,30816146,24005445,4174212,2392047,1389377,38236502,139872893,0,254663947,34739898,0,1138374,430415112,56270413,12252417,133858761,228033521,430415112,17892243,133193753,-83960173,143655419,225209088,512064695,257400748,0,0,63427964,143071725,9212964,0,90201,2007,438,3739144,588523,4327667,572,94,372028,1302023,780472,31014,79133,669118,256988,94855,19409,134104,751832,447216,834243,567355,725227,175416,212800,25055,895056,521362,979331,645531,809765,203052,243915,29655,2013
106304113,children's hospital at mission,01jul2012,30jun2013,365,audited,incl. ind. audit adj.,orange,13,1017,non-profit,childrens,comparable,,(949) 365-2409,27700 medical center road,mission viejo,92691,kimberly cripe,president/ceo,www.choc.org/ccmh,children's hospital at mission,paul yun,children's hospital of orange count,0,05-3306,,hsp33306f,54,54,22,0,0,1777,706,0,298,4931,0,109,7821,0,0,237,280,0,64,1202,0,49,1832,54,0,0,0,0,0,7821,0,0,0,0,0,1832,0,0,0,0,0,39.7,39.7,4.3,4.3,0,0,0,0,0,730,5353,0,554,14946,10,1186,22779,17845,0,0,5621,0,9,25061,17163,311,354,0,0,155296149,98444525,0,56851624,125509,46824375,10152758,449356,390014,0,0,10212100,58522596,28571658,68201895,0,0,19354931,9490170,0,3874646,64270883,0,2046467,99037097,0,0,1650145,12869131,0,1762237,37594401,20319,2362819,56259052,0,0,13433955,14953764,0,0,3320648,60008119,5333168,0,731654,0,663217,0,0,0,0,0,0,7042456,6932174,0,2296077,40347082,0,233835,0,0,0,308144,0,0,10846649,4770504,8976431,0,0,0,0,6316791,2469808,11410084,2034108,7685269,3198999,977388,250859,50524,29018637,910523,1456086,303119,0,2972971,27814955,0,7779941,55459,600868,5800679,42051902,6390914,1033985,0,34627003,42051902,12151418,22784992,-9614832,0,6113711,16878087,9098146,0,0,0,0,0,111070,1776692,90,45,170025,23545,193570,234,0,43590,12973,87700,0,0,16060,0,3762,5940,0,140877,0,7161,0,3614,0,13450,4923,160829,0,8284,0,4130,0,14905,5422,2013
106204019,children's hospital central california,01oct2012,30sep2013,365,audited,incl. ind. audit adj.,madera,9,601,non-profit,childrens,comparable,,(559) 353-3000,9300 valley children's place,madera,93636-8761,todd suntrapak,president/ceo,www.childrenscentralcal.org,children's hospital central california,julie macias,children's hospital central california,0,05-3300,hsc00130f,zzr00130f,348,340,227,151,0,46874,9432,0,2354,17434,24,168,76437,17,0,5853,3438,0,386,3075,20,61,12850,328,0,0,20,0,0,75354,0,0,1083,0,0,12677,0,0,173,0,0,60.2,61.6,5.9,5.9,0,0,0,243,0,71822,134233,0,7878,83147,190,7374,304887,91110,151545,1284,67137,0,8,1093971,654221,5059,6771,0,0,1262633166,763350806,0,499282360,18485075,431097753,86669682,28171984,1600112,0,0,113241554,481932261,122013953,658686952,1955236,0,556402002,91159644,0,27265025,210157800,192652,1101617,888233976,487796,0,126263314,127637922,0,10948388,105310056,97856,3653858,374399190,1859692,0,469698218,113031052,-12677925,0,29563507,155582232,5717949,0,290508,0,285573,0,0,0,0,583340,0,225645023,105766514,0,8366419,157304447,0,1616617,0,150149,250000,26011068,0,0,93058524,43897940,111543632,0,0,633248,1391515,67657737,12170005,80555999,20189153,169672439,74029103,26411976,5769770,49909677,21102012,21620893,3497126,1471251,8783951,48829555,134145430,526634688,253141032,5110515,11930212,3247225,934209102,112645393,0,151184569,670379140,934209102,7326299,190159158,-136034807,259829368,143149828,439195288,186054256,0,0,150931190,156264569,5080000,0,0,2391,761,4472851,545775,5018626,260,22,413341,1318981,1156862,9435,387742,851789,175761,112838,28761,17341,1259002,664147,983247,20069,808715,304648,428731,4292,1405763,739411,1113151,22300,900388,341794,491097,4722,2013
106190170,children's hospital of los angeles,01jul2012,30jun2013,365,audited,incl. ind. audit adj.,los angeles,11,925,non-profit,childrens,comparable,teaching,(323) 660-2450,"4650 sunset boulevard, mail st",los angeles,90027,richard cordova,ceo,www.chla.org,children's hospital los angeles,alina gorobets,children's hospital los angeles,1,05-3302,hsc30123f,,603,347,347,297,0,65851,9621,0,2413,22555,199,1852,102788,49,0,6618,3183,0,191,3408,27,358,13834,603,0,0,0,0,0,102788,0,0,0,0,0,13834,0,0,0,0,0,46.7,81.2,7.4,7.4,0,0,0,1876,0,118817,100505,0,10767,79372,1533,6096,318966,70455,241872,0,0,0,19,1015544,602569,7170,9542,0,0,1570744154,912630835,0,658113319,158836652,811421722,5528249,71408410,15833902,0,0,61102757,585419272,94140071,891184811,3671071,0,764442096,77346825,0,25956306,274626420,1742710,16772638,1164558066,5901815,0,187572087,90897171,0,12339441,103353351,797669,5324554,406186088,7344113,0,588047569,68452648,-12959355,0,26701043,207839835,6219754,0,2540379,0,18444849,0,0,0,0,2228773,0,376925969,99791348,0,10767221,161972658,0,6427350,0,-741730,47046872,24327792,0,0,141634644,49982219,199851521,0,0,68059637,55058098,107803925,14692984,98824466,75514228,338745792,63925433,0,78978708,113999369,62665804,47481432,7234050,1006131,24674122,72710881,456436415,4860667,908246467,2841040,72433208,0,1444817797,71022663,52437307,487314409,834043418,1444817797,12720026,202822466,-103994045,1035909359,362742387,1425037842,516791375,0,0,487314409,487314409,0,0,0,4887,1350,8570895,1666569,10237464,523,172,797359,2435019,2204642,86544,445457,1286583,259601,983939,71751,0,2470975,834334,1593325,1436916,995883,305882,766365,167215,3222824,970605,1935870,1509492,1203250,352246,861417,181760,2013
106300032,children's hospital of orange county,01jul2012,30jun2013,365,audited,incl. ind. audit adj.,orange,13,1015,non-profit,childrens,comparable,,(714) 997-3000,1201 w. la veta ave,orange,92868,kimberly cripe,president/ceo,www.choc.org,children's hospital of orange county,richard chen,children's hospital of orange county,0,05-3304,hsc31404f,,279,255,159,41,0,28932,6147,0,708,21646,39,574,58087,10,0,4170,2616,0,133,4382,11,147,11469,279,0,0,0,0,0,58087,0,0,0,0,0,11469,0,0,0,0,0,57,62.4,5.1,5.1,0,0,0,157,0,50214,77370,0,1706,66156,80,4594,200277,57919,136819,0,5633,0,44,512015,540268,3280,4636,0,0,1329184864,930033020,35941229,435093073,41793494,439690870,37195697,17515643,20287240,0,0,34424100,429210584,114647941,785326339,784674,0,463897629,81249456,0,17617992,352089558,1354215,4680284,921673808,359069,0,130637141,110681463,0,5533301,152873263,376729,7050090,407511056,884743,0,443060869,147135290,0,0,16500907,286640258,17886441,0,3239833,0,14684679,0,33307731,0,2633498,243609,0,143473425,75520603,0,5798281,202370433,0,7686722,0,0,8147,17260354,0,0,60100190,34107510,127734486,0,0,7127834,10298728,64847857,19495828,101266062,14712375,135352433,53754545,7411259,15022570,46141867,102273984,25204452,4780387,169343,8991720,40588310,302034469,16586741,690602663,11143364,36914014,1216000,1058497251,127932054,720040,428908727,500936430,1058497251,109637459,154676986,-73512314,622168863,230416917,913254010,222651347,0,10885223,358393347,436210737,7302010,4312474,4465,2100,528,3881181,530565,4411746,611,80,459196,1287590,774606,23000,256940,714769,180967,140875,42981,257,971603,489640,722118,196972,694377,362935,440868,2668,1133423,555655,817525,217825,775043,407546,501833,2896,2013
106434051,childrens recovery center of northern california,01jan2013,31dec2013,365,audited,excl. ind. audit adj.,santa clara,7,431,investor,general,comparable,,(408) 558-3640,3777 s bascom avenue,campbell,95008,jack stephens,ceo,www.pedisubacute.com,mike zarcone,kathy nguyen,childrens recovery center,0,,hsc33307f,,31,31,25,0,0,7676,486,0,0,426,0,0,8588,0,0,14,3,0,0,4,0,0,21,4,0,0,0,27,0,0,0,0,0,8588,0,0,0,0,0,21,0,75.90000000000001,75.90000000000001,409,0,0,0,0,0,0,0,0,0,0,0,0,0,0,0,0,0,0,0,0,0,0,0,0,0,0,16739397,8307510,0,8431887,0,7546671,885216,0,0,0,0,885216,10478119,0,6261278,0,0,14795702,1035785,0,0,907910,0,0,16739397,0,0,0,0,0,0,0,0,0,0,0,0,7590928,381863,0,0,0,334719,0,0,0,0,0,0,0,0,0,0,0,7204774,653922,0,0,573191,0,0,0,0,0,0,0,0,3443455,0,1870335,0,0,0,0,806843,55340,877624,493074,4285284,1244663,0,87520,665315,465301,64146,458556,42621,731,232534,2382526,0,291304,0,0,0,2673830,1089103,0,0,1584727,2673830,669848,1096147,-200000,0,1071894,1169765,878461,0,0,0,205000,205000,0,0,77,43,148698,13051,161749,12,0,4211,29515,17692,36985,33725,10154,14816,0,0,1600,92498,0,26051,0,18314,0,11835,0,100610,0,28949,0,19530,0,12660,0,2013
106382715,chinese hospital,01jan2013,31dec2013,365,audited,excl. ind. audit adj.,san francisco,4,423,non-profit,general,comparable,,(415) 982-2400,845 jackson street,san francisco,94133,brenda yee,ceo,www.chinesehospital-sf.org,chinese hospital association,bryan sheehey,"toyon associates, inc.",0,05-0407,hsc00407f,zzr00407f,54,52,33,3327,6419,578,329,0,418,164,0,20,11255,640,963,108,65,0,75,44,0,7,1902,54,0,0,0,0,0,11255,0,0,0,0,0,1902,0,0,0,0,0,57.1,59.3,5.9,5.9,0,0,0,13923,21069,1940,7889,0,18246,2075,33,3217,68392,6200,25554,0,36377,8926,2,48669,119982,361,2012,0,0,221483692,178316678,63903675,107070689,4391277,101758905,9703061,809237,1102568,0,0,9409730,38902600,12903646,169677446,25064721,44520180,3565290,2580360,0,3573953,1262267,0,476532,81043303,32607537,41104033,5301825,8585790,0,44544777,6592153,117820,1586454,140440389,43874128,83115259,4965491,10838956,0,0,24022200,7833771,89515,0,1204639,0,2372719,51974365,6816820,0,5112490,12855920,53822694,3848719,7105725,0,23382507,5114408,0,940716,0,12024440,1071766,-542599,0,0,11963425,7346567,25378469,27789402,0,0,0,12804830,2065512,11800609,2610091,29991866,13337642,2610306,1338859,10538762,33919608,3409998,1038760,231991,0,5341113,39112685,57357932,11822915,56158189,7836191,0,172287912,28161430,0,69636714,74489768,172287912,29840982,10105224,-6409530,21718050,27851288,49822667,37999752,0,0,69636714,69636714,0,0,0,312,86,582439,72235,654674,98,0,55152,132817,137617,18592,23075,131825,58937,18829,618,4977,127183,66012,137818,0,145623,23249,74882,7672,145035,74680,155852,0,161896,26703,82836,7672,2013
106361144,chino valley medical center,01jan2013,31dec2013,365,audited,excl. ind. audit adj.,san bernardino,12,1207,investor,general,comparable,,(909) 464-8600,5451 walnut avenue,chino,91710,mike sarian,ceo,www.cvmc.com,veritas health services incorporated,jeff brown,hospital management services,0,05-0586,hsc30586i,,126,116,41,4696,2218,1844,2115,140,2107,841,10,426,14397,1393,811,639,911,59,1036,296,5,202,5352,126,0,0,0,0,0,14397,0,0,0,0,0,5352,0,0,0,0,0,31.3,34,2.7,2.7,0,0,0,1471,912,4418,13664,683,7032,110,200,6340,34830,39737,0,0,11,0,4,157557,29816,808,191,0,0,360851371,264912410,1732555,97671516,461721,91967579,6165658,1572971,12982,0,0,7725647,43772213,86967587,230111571,69519773,34685097,28972816,34074971,2447670,41966490,12601497,194269,8668492,233131075,11954626,5744984,12508643,35613283,2858383,32039202,1362370,779027,24859778,127720296,61246067,35122049,30550442,60040149,0,4884102,33611884,7146165,51303936,0,973296,0,-19965680,0,1732555,0,0,19852137,5308032,10931017,11380660,421951,9373148,964527,0,39440044,0,0,0,0,0,0,10954955,4450695,15647262,0,0,0,1736046,10195071,2913240,33048830,13021480,26843851,9152650,907438,1114857,6715128,22257335,3326634,4276403,1563537,5705295,10104451,38323733,0,47886220,2402087,0,0,88612040,63786770,0,1864833,22960437,88612040,333706,64876948,-48986468,45603960,16927936,67137552,19251332,50000000,0,0,51864833,50000000,0,4400524,488,148,922017,96782,1018799,255,26,47199,393320,248167,10928,46050,92498,63684,17167,3004,0,241413,95678,211928,47839,166999,65989,92171,0,268857,105109,233774,52467,182781,74614,101197,0,2013
106190636,citrus valley medical center - qv campus,01jan2013,31dec2013,365,audited,incl. ind. audit adj.,los angeles,11,915,non-profit,general,comparable,,(626) 858-8541,1115 so. sunset ave,west covina,91790,robert curry,president/ceo,cvhp.org,citrus valley health partners,caroline formano,citrus valley health partners,0,05-0369,hsc30369f,,518,518,326,32308,12263,25555,13557,3683,916,10520,811,5002,104615,5864,3548,5263,4163,1004,238,3045,186,2085,25396,451,30,0,12,25,0,91088,6241,0,3515,3771,0,22598,1901,0,232,665,0,55.3,55.3,4.1,4.1,25,7506,3658,37502,15802,13947,31304,2382,3367,31919,2550,14473,153246,112708,0,0,59931,441,17,844145,661785,4153,4438,2546,1640,1150476638,779519947,1673559,372630250,4973173,357028313,20575110,3744449,0,0,0,24319559,261844409,115247860,773384369,240576754,124362549,169141906,108498558,21219482,11678420,98977883,7408117,35989858,817853527,78514626,48698175,22232485,63805900,5633719,5543348,80090126,2524745,25579987,332623111,226896517,121382044,97805316,114043814,-5906027,25727639,10811658,109920746,15184366,0,18173532,0,45480342,0,1673559,0,0,92194863,51678680,94876252,56292383,1125562,6410110,69147263,0,905137,0,0,0,3744449,0,0,80533854,18441810,104278629,527031,222076,0,0,50791817,12698208,78858155,10676733,119378415,44376762,6900098,7416111,47907794,63273287,11017982,2946500,1939475,2337033,49534856,92266065,104336571,66789900,4996076,7537827,0,275926439,56027175,973975,64907351,154017938,275926439,12248249,97716502,-55421684,134212752,175070236,314434501,247644601,0,366117,64180257,69292373,4385022,10481789,0,1739,618,3231401,477560,3708961,459,0,365126,593333,970582,38715,198883,392737,265206,314256,77331,15232,1202633,225236,812666,0,730405,138763,121698,0,1389092,254954,938060,0,826082,158057,142716,0,2013
106190176,city of hope helford clinical research hospital,01oct2012,30sep2013,365,audited,incl. ind. audit adj.,los angeles,11,913,non-profit,specialty,comparable,,(626) 256-4673,1500 east duarte road,duarte,91010,"michael a. friedman, m.d.",ceo,www.cityofhope.org,city of hope national medical ctr,linda aranas,city of hope national medical ctr,0,05-0146,hsc30146f,zzt30146f,217,186,186,15311,602,10478,2363,0,779,30324,63,114,60034,1533,61,1051,236,0,78,3031,7,11,6008,217,0,0,0,0,0,60034,0,0,0,0,0,6008,0,0,0,0,0,75.8,88.40000000000001,10,10,0,0,0,64075,1676,19786,5157,0,1650,74558,123,333,167358,0,164875,0,8013,0,6,606317,304950,3204,4778,0,0,2219450539,1523359359,0,696091180,19807030,685025406,30872804,28536638,1,0,0,59409441,324780628,118513952,1776155959,277369944,11424471,205655503,44605675,0,16023664,589683069,8060390,4314262,1157136978,406408486,10636831,125500235,32811719,0,10450824,444492462,21359820,10653184,1062313561,545032014,13774464,226945738,56527020,0,0,16122476,625094917,11744450,0,28118280,0,0,0,0,0,0,138746416,8286838,104210000,20890374,0,10352012,409056187,1301930,3247423,0,0,16979301,11401434,0,0,69005381,18870273,243067531,0,0,49726995,20226214,97914164,25868869,133360418,26985561,195883260,95256539,41530173,37230431,159316020,52946684,40125276,5234914,689538,12821878,43990693,345734017,5,306860238,65064023,385277855,1740258,1104676396,130308448,702477,561490402,412175069,1104676396,31034692,391147548,-242158258,290066165,354507905,703494208,396633970,0,0,513153617,594546116,33055714,5461481,0,2600,659,4675632,770361,5445993,243,25,509548,1584689,871327,31942,428754,1009249,69454,131697,38972,0,936990,258171,1195522,507300,782934,356502,638213,0,1118513,297313,1368507,589627,896462,408278,767293,0,2013
106100005,clovis community medical center,01sep2012,31aug2013,365,audited,incl. ind. audit adj.,fresno,9,605,non-profit,general,comparable,,(559) 324-4000,2755 herndon ave,clovis,93611,tim a joslin,ceo,www.communitymedical.org,community medical centers,ana montes,government reimbursement,0,05-0492,hsc00492f,zzr00492f,152,152,112,11716,4433,3014,4934,187,239,15037,441,768,40769,1714,648,934,1528,48,97,6117,118,206,11410,152,0,0,0,0,0,40769,0,0,0,0,0,11410,0,0,0,0,0,73.5,73.5,3.6,3.6,0,0,0,26170,9807,6629,11503,523,1792,30663,1418,2463,90968,53783,5789,0,26744,0,17,374460,678840,2911,9166,2540,1470,771402083,556371907,851473,215881649,3002550,199646656,19237543,366488,0,0,0,19604031,145100867,120553925,505747291,113579672,43965738,25578982,47234761,2320025,2924233,156986323,4281170,6985065,403855969,56337464,25006708,12793979,48670593,3034795,15477168,185016549,7423100,13785758,367546114,134694562,56491632,27802728,69487223,0,5255652,11467757,213136252,31874004,0,6162097,0,0,165256,96145,0,590072,26027274,9216894,8126608,21709063,99168,6398027,113214532,11190589,19899494,0,0,0,366488,0,0,35230793,13486850,60901954,0,0,0,0,23969455,2130253,52982763,10944588,72020127,15846690,8149962,1481862,40997353,29528428,6324805,1355016,1464685,8673962,13803766,50721548,18985367,306381821,46860368,4508719,4518061,431975884,26673071,0,241568934,163733879,431975884,4081,117903833,-87313489,291243925,101116861,401993912,95612091,0,0,245344620,245928677,4359743,14648473,0,1081,412,1965861,306406,2272267,924,0,109645,322005,581482,9829,253248,280805,160259,224126,12375,12087,574279,176338,585825,0,398486,76021,154912,0,674961,202279,684587,0,441453,85146,183841,0,2013
106100697,coalinga regional medical center,01jul2012,30jun2013,365,audited,incl. ind. audit adj.,fresno,9,609,district,general,comparable,rural,(559) 936-6400,1191 phelps avenue,coalinga,93210,sharon spurgeon,ceo/administrator,coalingamedicalcenter.com,coalinga hospital district,virginia lapid/sandra earls,nathan consulting group,0,05-0397,,zzr00397f,123,123,74,1155,95,24545,279,0,48,290,116,564,27092,165,19,39,30,0,11,125,1,4,394,24,0,0,0,99,0,1031,0,0,0,26061,0,341,0,0,0,53,0,60.3,60.3,68.8,3,0,0,0,3578,313,2084,6072,0,2338,9323,391,2487,26586,9500,3670,0,13797,0,0,0,0,0,0,0,0,33733152,16285872,0,17447280,587841,22394938,-4359817,2492400,64706,0,0,-1932123,11845689,10017909,11869554,1648121,147955,10532564,374754,0,139211,969362,98307,403394,14313668,2619758,278618,1446779,4238459,0,2429247,5501034,379286,2526303,19419484,2118417,234330,3273131,3591767,-64200,0,1010875,3303950,2160068,0,477593,0,179941,0,0,0,0,2149462,192243,8770412,1021446,0,1557583,3166446,0,589688,0,0,1759,18894,2160091,0,5615950,2968757,4252324,0,0,0,0,4525523,1169004,1652792,2210588,9720833,2773461,496928,1599219,1714192,1761299,1755911,337751,80389,1106008,1048947,5590950,2426959,11909923,0,2470803,0,22398635,2801604,0,13555370,6041661,22398635,1454914,9104448,-6041000,19865617,13502427,33794573,21884650,0,141992,14543540,14685532,1130162,0,0,194,93,399219,32648,431867,8,0,18961,38264,44188,25864,106980,63215,67304,6623,15953,11867,166988,50979,40616,0,85874,34355,20407,0,177652,54998,45515,0,94533,36794,22375,0,2013
106105051,coalinga state hospital,01jul2012,30jun2013,365,audited,excl. ind. audit adj.,fresno,9,609,state,specialty,state,,(559) 935-4300,24511 w. jayne avenue,coalinga,93210,audrey king,executive director,,state of california,vu tran,department of developmental services,0,,,,1500,1250,1050,0,0,0,0,0,0,0,0,369772,369772,0,0,0,0,0,0,0,0,150,150,0,50,0,0,1450,0,0,9454,0,0,360318,0,0,4,0,0,146,0,67.5,81,2465.1,2363.5,0,0,0,0,0,0,0,0,0,0,0,0,0,0,0,0,0,0,0,0,0,0,0,0,0,241682525,241682525,0,0,0,187679428,-187679428,187679428,0,0,0,0,213524513,0,28158012,0,0,0,0,0,0,0,0,0,0,0,0,0,0,0,0,0,0,0,0,0,0,0,0,0,0,0,0,0,0,0,0,241682525,0,0,0,0,0,0,0,0,0,0,0,0,0,0,0,0,0,0,0,0,0,0,0,0,0,0,0,0,0,0,0,0,0,0,0,0,0,0,0,0,0,0,0,0,0,0,0,0,0,0,0,0,0,0,0,0,0,0,0,0,0,0,0,0,0,0,0,0,0,0,0,0,50,0,0,0,0,0,0,0,0,0,0,0,0,0,0,0,0,0,0,0,0,0,0,0,0,0,0,0,2013
106190766,coast plaza doctors hospital,01jan2013,31dec2013,365,audited,excl. ind. audit adj.,los angeles,11,921,investor,general,comparable,,(562) 868-3751,13100 studebaker road,norwalk,90650,rick rowe,ceo,,avanti hospitals llc,hisoon kwon,"healthquest consulting, inc.",0,05-0771,hsc30219h,,117,117,39,5902,1202,2275,2847,483,360,103,258,352,13782,1074,364,489,882,133,99,66,80,108,3295,117,0,0,0,0,0,13782,0,0,0,0,0,3295,0,0,0,0,0,32.3,32.3,4.2,4.2,0,0,0,1508,671,1223,3965,374,2158,530,145,3148,13722,14236,0,0,3946,0,4,96994,36953,542,232,0,0,207597864,163570789,0,44027075,1381822,49465773,-4056876,148014,130977,0,0,-4039839,45601184,26507548,135489132,67616024,15166169,30728975,23057571,5498593,6567533,1368508,2933447,3998909,156935729,6800375,2568129,4246876,12946286,1302095,9185019,1905051,519902,11188402,50662135,58305993,13794699,18219001,32533431,0,6575750,10099396,2098288,12629052,0,7086034,0,2229145,0,0,0,0,16110406,3939599,13125849,3468742,224938,5653156,1175271,0,329114,0,0,0,0,0,0,8226883,3131754,10451832,0,0,0,66584,5373606,2907021,13764278,5543815,14746643,4173363,1450969,1810465,5220660,7261809,1622322,770673,586549,3130476,8691844,14324692,1056808,15416685,144781,0,504840,31447806,24716494,0,20814932,-14083620,31447806,710207,83303942,-75453620,313809,6041859,18469135,3052450,0,1132175,0,21909225,1094293,0,9653766,272,104,495630,97509,593139,336,2,35539,78180,154051,9923,43440,81340,21731,45005,9737,16684,182748,41355,106313,859,56896,47101,60358,0,219513,50825,130282,929,66054,51687,73849,0,2013
106301258,coastal communities hospital,01jan2013,31dec2013,365,audited,incl. ind. audit adj.,orange,13,1015,investor,general,comparable,,(714) 754-5454,2701 south bristol street,santa ana,92704-6278,luke tharasri,ceo,http://coastalcommhospital.com,"integrated healthcare holdings, inc.",glenn hulse,"intrinsic health resources, llc",0,05-0747,hsc30535i,hsp30535i,178,178,108,8343,1450,4001,15809,969,125,886,587,395,32565,836,262,1081,668,217,15,253,87,158,3577,109,23,0,0,46,0,12287,5159,0,0,15119,0,3114,402,0,0,61,0,50.1,50.1,9.1,5,21,2299,967,2412,2082,5323,11737,2128,419,3198,500,4659,32458,20815,0,0,11341,0,3,90366,105970,1179,1612,562,414,252570240,178261964,0,74308276,2216354,74843626,1681004,0,0,0,0,1681004,36459504,9009213,207101523,47960352,11653961,29832432,74886792,7163103,821457,8226088,3901487,3348934,187794606,7207846,3799503,13395223,19079957,5264447,793498,7111233,829520,7294407,64775634,42242871,11058735,30624351,60615998,-4117185,11124823,1353114,9777356,7280428,0,4731007,0,3570466,0,0,0,0,12925327,4394729,16720489,33350751,1302727,261841,5324515,0,27897,0,0,0,0,0,0,18505768,4031978,17629602,0,0,0,0,9167811,3437025,19086265,2985177,29805274,12289420,1078004,330470,7451525,7702460,194285,1432872,612766,516308,13430242,22786658,0,845386,0,0,0,23632044,28977839,0,0,-5345795,23632044,12563234,27371843,-19691831,0,1792221,2332614,1487228,0,0,0,0,0,0,24509089,463,206,843026,127708,970734,364,0,101477,166502,258918,61572,103543,115662,27878,0,4562,2912,350679,53709,178434,0,88356,80686,91162,0,404943,59914,205791,0,98371,92251,109464,0,2013
106190184,college hospital,01jan2013,31dec2013,365,audited,excl. ind. audit adj.,los angeles,11,921,investor,psychiatric,comparable,,(562) 924-9581,10802 college place,cerritos,90703-1570,stephen witt,ceo,collegehospitals.com,cerritos townhouse investment co.,jeff clark,"steve clark & associates, inc.",0,05-4055,,hsm34055g,187,187,159,13096,0,6295,0,2492,147,37540,0,1925,61495,1043,0,830,0,284,16,4083,0,736,6992,0,187,0,0,0,0,0,61495,0,0,0,0,0,6992,0,0,0,0,90.09999999999999,90.09999999999999,8.800000000000001,8.800000000000001,0,0,0,50788,0,0,0,0,0,10625,0,0,61413,0,0,0,1788,0,0,0,0,0,0,0,0,153167553,87572906,0,65594647,27158,57947598,7674207,5041,0,800,0,7678448,116433425,21331550,15402578,24922352,0,11545908,0,4856436,344783,86002639,0,3831477,131503595,17479687,0,0,0,0,0,4184271,0,0,21663958,21537738,0,8104233,0,0,3694425,196621,48711910,1903023,0,447595,0,2977361,0,0,0,0,19783804,0,3441675,0,1162011,148162,40837877,0,221118,0,0,0,5041,0,0,18101925,10141840,1405178,0,0,0,0,5620713,2214188,16789942,3673812,27616990,8300372,2432386,1781670,1245516,6394537,1026621,3402730,555044,0,5191732,8101160,0,10678112,191456,6170885,0,25141613,8958938,0,0,16182675,25141613,498012,9243695,-1995379,3541927,4907999,19297434,8619322,0,0,0,0,0,6170885,0,555,268,1052665,106402,1159067,48,0,36048,311665,161386,84007,307460,55756,0,91570,4773,0,540151,218589,2067,0,39118,76921,175819,0,589292,239890,2385,0,42607,84917,199976,0,2013
106301155,college hospital costa mesa,01jan2013,31dec2013,365,audited,excl. ind. audit adj.,orange,13,1016,investor,psychiatric,comparable,,(949) 642-2734,301 victoria street,costa mesa,92627,"susan l. taylor, jd.",ceo,,"chcm, inc.",dale bracy,college hospital costa mesa,0,05-0543,,hsp30543k,122,122,107,3349,55,30770,270,2137,66,2673,89,37,39446,404,12,1984,44,117,9,549,3,7,3129,5,99,18,0,0,0,1231,35278,2937,0,0,0,66,2363,700,0,0,0,88.59999999999999,88.59999999999999,12.6,12.6,0,0,0,14311,264,277,0,0,70,4121,0,756,19799,0,0,0,2381,0,0,0,0,0,0,0,0,105227565,29860840,0,75366725,998864,63602808,12762781,0,0,0,0,12762781,78734075,6420328,20073162,7871142,143648,73400857,669824,5563592,138503,6906771,153580,96664,94944581,6124380,129954,132807,0,0,24181,3592871,0,278791,10282984,10620055,124273,31948299,-15206737,-9716843,3740636,93755,6861248,354478,0,1041676,0,0,0,0,0,0,3375467,149329,50414112,15876561,1822956,68929,3638394,0,20977,0,0,0,0,0,0,13366822,2715625,3718538,0,0,0,0,5639514,2275638,32586142,3300529,18068055,5476797,1589409,7646935,1423189,5850855,558185,3134525,311443,5330,19538085,11124494,0,2328860,636464,0,0,14089818,7903076,210796,0,5975946,14089818,382875,10528764,-533910,0,3688161,10428011,8099151,0,0,0,0,0,0,1698563,307,155,594283,44140,638423,51,0,44090,151965,137811,65944,118384,68758,45,7286,0,0,301381,60838,60640,0,55150,38093,78181,0,322714,64831,65402,0,58830,41349,85297,0,2013
106190587,college medical center,09oct2013,31dec2013,84,in process,excl. ind. audit adj.,los angeles,11,933,investor,general,comparable,,(562) 424-7422,2776 pacific ave,long beach,90806,joe avelino,ceo,,college medical center,john r smith,pacific hospital management,0,05-0776,hsc30029g,,184,184,133,1972,0,3177,328,0,573,0,0,2,6052,295,0,505,117,0,131,0,0,1,1049,84,73,0,0,27,0,1416,4636,0,0,0,0,453,596,0,0,0,0,39.2,39.2,5.8,5.8,13,241,88,3522,0,721,1546,0,2397,0,4,804,8994,3654,498,0,3615,0,6,5353,2663,70,23,52,33,39559299,33753870,0,5805429,4950627,13360797,-2604741,1658,347,0,0,-2603430,8916544,5766476,24876279,12045632,0,10562200,3374077,0,2913443,0,0,20847,28916199,3699461,0,717728,3410356,0,1034134,0,1200,1780221,10643100,12283226,0,10595640,5916782,-758284,0,1993509,0,3721719,0,1200,0,78,0,0,0,0,2516782,0,1442572,867651,0,940800,0,0,37624,0,0,0,0,0,0,3393230,1019100,1333209,0,0,0,849,4443560,433703,2270310,466836,2380623,709831,655514,600850,685155,6344621,499225,854580,224862,46215,359321,10164588,0,7222192,566746,0,0,17953526,4949580,0,13161225,-157279,17953526,1402029,38968983,-34016560,1432946,6288471,7721417,499225,0,3650500,6000000,14228116,1066891,0,0,39,14,95379,6239,101618,311,22,10252,8651,15575,8419,1883,29159,0,0,2803,18637,49919,3374,130,0,26611,9727,5618,0,53403,4044,130,0,27246,10748,6047,0,2013
106361458,colorado river medical center,18jun2013,31dec2013,197,audited,excl. ind. audit adj.,san bernardino,12,1215,investor,general,comparable,rural,(760) 326-7267,1401 bailey ave.,needles,92363,steve lopez,ceo/cfo,,"community health partner, inc.",carlos jimenez,hfs consultants,0,05-1323,,hsp30469k,25,25,25,374,0,315,0,0,127,0,0,33,849,128,0,108,0,0,44,0,0,11,291,25,0,0,0,0,0,849,0,0,0,0,0,291,0,0,0,0,0,17.2,17.2,2.9,2.9,0,0,0,1550,0,1302,0,0,790,0,0,579,4221,2838,0,0,1498,0,1,3517,4647,56,74,0,0,15251820,10476766,0,4775054,16570,5420353,-628729,0,0,0,0,-628729,2126225,2839926,10285669,2235596,0,1882345,0,0,761144,0,0,189915,5069000,3741077,0,3140688,0,0,1904898,0,0,1396157,10182820,3175412,0,4524749,0,-519861,0,1173218,0,1102955,0,0,0,1020293,0,0,0,0,2801261,0,1018145,0,0,801280,0,0,154368,0,0,0,0,0,0,722857,604595,1220976,0,0,0,0,760364,160650,1150948,799963,2302173,317666,0,474349,333412,839326,135223,123478,526001,138607,230118,2249928,0,2045348,0,0,0,4295276,4924005,0,0,-628729,4295276,426725,6155876,-4480640,4299796,4268906,8680040,6634692,0,0,0,0,0,0,0,39,10,73579,7591,81170,4,0,9365,28285,16384,3031,992,11314,4208,0,0,0,15373,8532,19765,0,9837,9296,10776,0,16658,8532,21256,0,14043,9296,11385,0,2013
106361458,colorado river medical center,01jul2012,17jun2013,352,audited,incl. ind. audit adj.,san bernardino,12,1215,city/county,general,comparable,rural,(760) 326-7267,1401 bailey ave.,needles,92363,steve lopez,ceo,,city of needles ,catherine derock,hfs consultants,0,05-1323,,hsp30469k,25,25,25,502,0,233,0,0,232,0,0,61,1028,167,0,78,0,0,77,0,0,20,342,25,0,0,0,0,0,1028,0,0,0,0,0,342,0,0,0,0,0,11.7,11.7,3,3,0,0,0,3067,0,2619,0,0,1646,0,0,1383,8715,6316,0,0,2513,0,1,2386,6782,38,107,0,0,19788574,13388651,0,6399923,29901,8076076,-1646252,0,0,0,0,-1646252,2291595,4118543,13378436,2262462,0,1581166,0,0,455500,0,0,300473,4599601,5345413,0,4564537,0,0,2869119,0,0,2409904,15188973,3228231,0,5197128,0,0,0,1272819,0,2155920,0,0,0,1534553,0,0,0,0,4379644,0,948575,0,0,864125,0,0,207579,0,0,0,0,0,0,798988,1496512,1994131,0,0,0,0,1557085,275619,1397314,556427,3817559,572715,669966,248896,481894,1091418,295214,198931,185797,39741,473945,1070384,0,500000,0,0,0,1570384,3298613,0,0,-1728229,1570384,294568,5557110,-5141294,0,0,500000,0,0,0,0,0,0,0,0,68,20,125925,15733,141658,4,0,14333,29446,30614,9636,2130,22293,17473,0,0,0,19339,20557,29149,0,30634,15687,10559,0,21765,22348,33298,0,35412,17087,11748,0,2013
106060870,colusa regional medical center,01apr2012,31mar2013,365,audited,incl. ind. audit adj.,colusa,1,225,non-profit,general,comparable,rural,(916) 323-7685,199 e. webster st,colusa,95932,dale kirby,ceo,www.colusamedicalcenter.org,colusa regional medical center,christina hank,"toyon associates, inc.",4,05-0434,,,48,48,15,2340,0,836,0,32,114,399,12,285,4018,464,0,270,0,10,30,107,4,87,972,42,0,0,0,6,0,2653,0,0,0,1365,0,859,0,0,0,113,0,22.9,22.9,4.1,3.1,4,415,161,14749,0,12280,0,916,3644,11341,160,3601,46691,6100,24935,2967,14244,0,4,12399,6660,211,72,89,73,67893459,46550337,0,21343122,1151733,20058736,2436119,259855,36914,0,0,2659060,9860068,15935140,42098251,13592850,0,7412656,0,382653,927795,3254857,107548,2422327,28100686,13812457,0,10502371,0,921402,2796525,8702646,129974,2927398,39792773,21848675,0,14359194,0,0,902349,2577065,4115456,2089274,0,267522,-30000,420802,0,0,0,0,5556632,0,3555833,0,401706,1147255,7842047,0,2839649,0,36663,68194,42755,0,0,3115880,4468567,6646184,0,0,0,0,2504631,841283,1885891,596300,7953752,3929755,1956477,1499257,1730691,1164640,632186,130041,93413,212512,756012,8564858,0,5281527,5670,0,0,13852055,1934933,0,4281682,7635440,13852055,3187940,9162679,-6735232,5177746,2977187,9940072,4658545,4508915,0,0,4508915,227233,0,0,151,49,307132,34493,341625,15,0,33209,50620,51661,8928,34238,64453,28199,8060,8059,19705,56108,72236,80861,0,52506,20352,25069,0,63694,80358,88635,0,56877,23134,28927,0,2013
106190197,community & mission hospitals of huntington park,01jan2013,31dec2013,365,in process,excl. ind. audit adj.,los angeles,11,923,investor,general,comparable,,(323) 583-1931,2623 e. slauson avenue,huntington park,90255,araceli longergan,ceo,,avanti hospitals llc,catherine matsuda,"healthquest consulting, inc.",0,05-0091,hsc30091g,hsp40091g,108,108,43,3596,1512,3272,3649,613,227,137,323,1053,14382,865,394,676,1030,204,75,51,76,667,4038,108,0,0,0,0,0,14382,0,0,0,0,0,4038,0,0,0,0,0,36.5,36.5,3.6,3.6,0,0,0,2517,1339,5525,14714,936,988,780,271,8267,35337,37191,0,0,842,0,2,94577,76003,882,779,0,0,296471621,255643032,0,40828589,-526625,43978077,-3676113,1501,0,0,0,-3674612,45184523,59543000,191744098,44033892,18753180,49425248,36231735,7345361,2938390,1772432,3570570,14356235,178427043,10928515,5575927,18353546,43929039,3190059,3619667,2815925,912746,28719154,118044578,47962100,20624883,43683428,74334122,-1311146,10239766,3389635,3308315,37200992,0,10877659,0,5333278,0,0,0,0,7000307,3704224,19039688,5799134,295654,3168422,1280042,0,541118,0,0,0,0,0,0,6936114,4751254,9787376,0,0,0,0,4527979,2308430,11828881,3838043,14897480,3814576,1124005,4095502,3909030,5906490,1222372,1097984,637977,1378332,5894329,14201697,0,5735673,52762,0,11135,20001267,28893154,0,1113470,-10005357,20001267,814525,93186621,-85846419,0,4703104,7522826,1787153,0,2249067,0,2249067,1135597,0,10701879,249,106,474741,67337,542078,249,0,50468,116461,141495,44527,9446,88163,0,0,24165,16,143810,90834,108235,0,27417,46838,57607,0,161993,106435,126828,0,29573,51458,65791,0,2013
106190475,community hospital of long beach,01jul2012,30jun2013,365,audited,incl. ind. audit adj.,los angeles,11,933,non-profit,general,comparable,,(562) 498-1000,1720 termino avenue,long beach,90804,diana hendel,ceo,www.memorialcare.org,memorial health services,richard macintosh,memorial health services,0,05-0727,,hsp30004f,158,158,58,7856,2059,3099,823,0,344,1924,788,2434,19327,1542,502,613,238,0,86,561,192,734,4468,130,28,0,0,0,0,11532,7795,0,0,0,0,2840,1628,0,0,0,0,33.5,33.5,4.3,4.3,0,0,0,3237,1386,996,5603,289,982,8829,461,4037,25820,22755,0,0,6301,0,5,54510,54855,379,422,0,0,287994374,247464156,0,40530218,340612,54357108,-13486278,964661,406554,0,0,-12928171,92042527,47585195,148366652,86896136,23379446,19338577,10726977,1589943,2589195,20793177,5980985,19424616,190719052,13304590,8477845,3236035,17800880,1184797,2528175,31798181,2180336,16764483,97275322,89097171,28037209,18314951,26227425,0,2726154,4455587,37167979,33245478,0,8161157,0,31045,0,0,0,0,11103555,3820082,4259661,2300432,48586,661783,15423379,164,2912576,0,0,3013,45942,0,0,14671641,4830585,14319251,0,0,0,0,8877591,1027206,9862210,768624,23455389,8473079,496232,3290481,5114063,3114353,916656,1252494,383865,0,7860496,15186587,0,4153738,512609,0,4947122,24800056,32772384,0,0,-7972328,24800056,20602,91444270,-78708349,310566,5372273,5698932,1545194,0,0,0,0,0,0,26837170,396,160,790093,66938,857031,180,0,52496,175204,206166,21795,80508,108079,105024,6505,24084,10232,299147,71552,145574,0,178623,26837,67210,1150,323854,76671,157560,0,193933,29658,74113,1242,2013
106361323,community hospital of san bernardino,01jul2012,30jun2013,365,audited,incl. ind. audit adj.,san bernardino,12,1209,non-profit,general,comparable,,(909) 887-6333,1805 medical center drive,san bernardino,92411-1214,june collison,president,www.dignityhealth.org,dignity health,scott curtis,community hospital of san bernardino,0,05-0089,hsc30089f,zzt30089f,347,329,229,10062,3584,46233,9671,5357,472,1238,2651,605,79873,1659,756,3876,2955,1136,108,401,539,190,11620,200,59,0,0,88,0,29718,19021,0,0,31134,0,7754,3800,0,0,66,0,63.1,66.5,6.9,4.2,0,3474,1816,16471,6452,22681,28161,501,859,8630,3422,6115,93292,52806,0,9678,24772,0,8,166045,269386,1890,3608,2109,896,746862158,565010906,0,181851252,1115533,203201021,-20234236,1165017,527388,0,0,-19596607,248308217,93391862,405162079,85530510,29474623,273948603,118225819,22974451,2920277,14240414,14970860,3527946,565813503,25578424,8912310,20348893,66320754,1526935,3285779,25467853,10795866,18811841,181048655,87729960,26532741,213731252,124496329,-17389285,22319735,3540303,33226678,16739301,0,48741043,0,5342849,0,0,0,0,23378974,11854192,85508692,49522764,2181651,2665753,6481589,0,257637,0,0,0,12516,0,0,56125427,11733776,42783621,0,0,0,0,33702424,6467448,42162962,10225363,75095793,44631185,5072239,1611237,15797916,23299830,3378881,852541,2547000,5322994,25591405,43789220,0,22343985,3954158,1711476,0,71798839,34471805,0,102906749,-65579715,71798839,0,124977368,-102581762,76894675,27039945,104733961,82389976,0,0,3349233,105270881,2364132,95386,0,1119,432,1976892,365865,2342757,227,0,133759,411158,554956,139933,198163,226347,203344,93531,5555,10146,776305,146409,424608,0,361671,95488,172411,0,935976,173832,508698,0,414519,108809,200923,0,2013
106270744,community hospital of the monterey peninsula,01jan2013,31dec2013,365,audited,incl. ind. audit adj.,monterey,8,707,non-profit,general,comparable,,(831) 624-5311,23625 w.r. holman highway,monterey,93940,steven packer m.d.,president/ceo,www.chomp.org,community hospital foundation,marwin vinluan,"toyon associates, inc",0,05-0145,,zzr00145f,258,220,147,30792,310,1954,2297,0,2936,9651,757,2626,51323,6689,69,410,482,0,637,2055,154,554,11050,227,18,0,13,0,0,46009,4878,0,436,0,0,10156,862,0,32,0,0,54.5,63.9,4.6,4.6,8,1876,1216,150632,1523,5276,32411,0,23952,98346,6471,17797,336408,49324,18785,0,259808,0,15,510840,266910,3733,2804,864,351,1212787920,778954154,0,433833766,18794515,413893768,38734513,784595,568648,0,0,38950460,246946223,91339781,874501916,478197084,4830274,29956821,35396353,0,51721076,180402582,11325944,31261536,823091670,180201535,1820270,5761725,35393451,0,27981918,114518981,5590395,18427975,389696250,518422149,5369576,28839891,55001314,0,0,20233379,75311830,24222594,0,32043559,0,19509862,0,0,0,0,121229456,1091603,5861618,13772846,0,57200180,210625987,0,24052076,0,0,0,102129,0,0,76804763,22897468,125690998,0,0,0,0,78263038,20041113,75586208,14610180,140063833,106527973,9464743,5732228,49740377,18310751,26495690,4216935,392427,0,52948811,227412733,151257,273957221,15579968,15077566,0,532178745,104360074,173948907,116539414,137330350,532178745,63624445,153039962,-76411163,376695914,278730451,669445607,395488386,0,3484207,114010000,117494207,954793,74504970,30269337,1569,502,2899168,403170,3302338,384,0,75235,703219,787806,19805,221758,467200,304914,280428,14433,24370,736556,227937,716572,0,672940,247769,297394,0,855190,258366,814426,0,757011,281471,335874,0,2013
106560473,community memorial hospital - san buenaventura,01jan2013,31dec2013,365,audited,excl. ind. audit adj.,ventura,10,809,non-profit,general,comparable,,(805) 652-5011,147 n. brent street,ventura,93003-2809,gary k. wilde,president/ceo,cmhhospital.org,community memorial hospital,joseph lapid,nathan consulting group,0,05-0394,hsc30394f,,242,242,126,14229,8224,2564,3918,9,987,14483,427,805,45646,3232,2147,637,1022,1,203,4430,119,166,11957,242,0,0,0,0,0,45646,0,0,0,0,0,11957,0,0,0,0,0,51.7,51.7,3.8,3.8,20,4707,2583,81663,22152,22994,82146,19,4944,139788,4218,10100,368024,42148,235421,0,87458,0,14,660010,947299,4968,14116,1767,824,1347546594,1067201793,0,280344801,6249228,266619269,19974760,14914257,1355608,0,0,33533409,146535972,110208075,1090802547,261118820,151513441,33335169,47332311,61611,19250522,243672187,8068885,8857916,773210862,158768761,68559426,11608383,59066150,72345,17829425,240219074,5522034,12690134,574335732,351349314,182523439,18511295,91170101,0,113464,31009106,349476766,11785046,0,13590919,0,17672343,0,0,0,0,65674831,36048595,26125772,14502757,20492,5817912,131114173,0,1040269,0,0,19315,12361247,0,0,38368556,30051975,100098370,0,0,0,0,35405553,7188586,51280759,4225470,91527979,43331671,8460324,11322499,50668371,24847533,9742133,3409206,1111598,66465,22131490,77517667,246760571,78845070,166060802,165305691,0,734489801,43359515,0,372446770,318683516,734489801,8345341,121699605,-76295886,102873385,90238123,214476945,135631875,0,262235,349876193,372691832,245062,11693756,0,1400,464,2602290,367995,2970285,315,0,275669,561563,751123,34770,148639,425682,178801,168665,31038,26340,638506,477707,750998,0,447993,33383,253703,0,730038,545725,856637,0,510224,39101,288560,0,2013
106100717,community regional medical center,01sep2012,31aug2013,365,audited,incl. ind. audit adj.,fresno,9,605,non-profit,general,comparable,teaching,(559) 459-6000,2823 fresno street,fresno,93721,tim a joslin,ceo,www.communitymedical.org,community medical centers,lee lenox,government reimbursement,1,05-0060,hsc00060f,zzr00060f,800,800,680,53996,9859,76876,40640,17292,11219,12468,814,22099,245263,6101,1635,10187,7105,3382,2866,2225,138,5067,38706,601,61,0,32,106,0,184376,18416,0,9016,33455,0,34116,3583,0,593,414,0,84,84,6.3,5.5,70,10852,5475,25092,5916,62789,89655,66061,2970,14425,4046,53042,323996,107015,133187,55305,26618,0,23,1883880,1539300,7914,5623,4282,2033,3050056087,2111252002,272070,939076155,16486004,874011788,81550371,17150044,4487184,0,0,94213231,725716624,492715813,1831623650,544692247,108763040,554257565,415314459,162807579,53902777,124083141,11515832,248995502,2224332142,187900337,32427543,96697808,204076379,101816166,1128511,45648777,7755376,148273048,825723945,504206209,107069073,387371269,416490422,-45147982,233844259,10082892,31098465,394042214,0,72195181,0,0,61882,0,0,210188,228386375,34183392,258712861,200100889,30674265,44948396,138843641,0,3226336,0,0,0,14782871,0,0,168506596,57230243,261157016,0,0,192562,71134532,78206945,4399347,203691187,29493360,300269326,68850557,66643962,13048876,143036992,142064465,23384478,7463473,4020200,11102400,94127059,418450829,290923814,290005227,27008830,7283587,36855906,1070528193,113354922,46905429,227460249,682807593,1070528193,26407957,557311762,-440533136,325047252,216915648,560532434,270527207,0,0,233036180,233387194,5926945,172629633,0,4384,1920,8079055,1225136,9304191,979,206,343126,1519114,2592268,140336,1096626,1091598,297138,813442,165023,20384,2768862,1035163,2370257,28328,1170990,165384,540071,0,3222345,1175748,2762653,29152,1304192,182734,627367,0,2013
106070924,contra costa regional medical center,01jul2012,30jun2013,365,audited,excl. ind. audit adj.,contra costa,5,411,city/county,general,comparable,,(925) 370-4222,2500 alhambra street,martinez,94553,"william walker, m.d.",director,http://www.cchealth.org,county of contra costa,chris melgoza,contra costa regional medical center,0,05-2076,hsc00276w,,166,166,112,8476,193,11829,6395,10584,1880,982,0,112,40451,1404,51,2574,1609,2408,378,300,0,25,8749,123,43,0,0,0,0,33674,6777,0,0,0,0,7911,838,0,0,0,0,66.8,66.8,4.6,4.6,6,3785,1856,52434,2763,80866,109674,108357,8809,34944,0,812,398659,59768,326910,0,13744,0,4,258780,209400,1814,2403,1428,532,533632778,217485634,0,316147144,96142335,470258870,-57969391,90958859,0,0,0,32989468,159164379,83780575,290687824,52397232,1385622,73758555,46860025,77384409,12710346,7922938,0,617893,273037020,35951884,2694384,39218093,63062433,87714281,7480367,23850712,0,623604,260595758,51671874,1327469,29281722,45169222,-45756547,116757584,9591139,9292968,150203,0,0,0,0,0,0,0,0,36677242,2752537,129451473,64753236,48341106,10599574,22480682,0,1091294,41922249,0,1079743,4151276,0,35215634,68714945,126740301,79003649,0,0,0,4319268,101129837,24186222,33177883,32986765,153631178,135969666,15949258,30573676,39990470,37337868,21833077,4876681,2655598,11474260,15967138,134201050,0,170223528,8570753,22432604,6363482,341791417,101298662,21925234,154695876,63871645,341791417,12419036,268054035,-187243122,232109449,57364548,295311690,125088162,0,2746355,159734563,162480918,7785042,0,51012111,2200,661,3997268,719694,4716962,692,42,257317,672631,886853,209953,190622,795082,257358,587267,87295,52890,626945,1260014,544534,84076,641599,421178,418922,0,722236,1451440,633828,90294,816087,508090,494987,0,2013
106160702,corcoran district hospital,01jul2012,30jun2013,365,audited,excl. ind. audit adj.,kings,9,615,district,general,comparable,rural,(530) 992-5051,1310 hanna avenue,corcoran,93212,jonathan brenn,ceo,www.corcoranhospital.org,corcoran hospital district,catherine derock,hfs consultants,0,05-0349,,zzt30349f,32,32,6,214,12,80,163,92,248,0,3,354,1166,72,5,27,64,33,85,0,1,25,312,24,0,0,0,8,0,1166,0,0,0,0,0,312,0,0,0,0,0,10,10,3.7,3.7,0,0,0,8576,117,9902,4810,3281,10287,0,53,2259,39285,5175,16991,0,16088,0,1,4995,30601,20,596,0,0,20364469,17410766,0,2953703,2250438,11400291,-6196150,1595400,9645535,0,0,-14246285,1352550,7265095,11746824,589867,26222,200577,443839,182702,563033,0,9796,95656,2111692,3043114,82002,2040984,3876105,1220488,6987731,0,55109,947244,18252777,2964254,88303,1828955,3524767,-28064,1144903,6160888,0,1661855,0,64905,0,0,0,0,0,0,376139,12210,241546,417514,258287,707905,0,0,940102,0,0,3913,3243,1343081,0,893578,2427105,3262430,0,0,0,0,1367136,641531,1119194,1689317,3831058,1045508,1895975,301373,1127567,837520,383856,347223,183957,947850,498404,849538,0,3500254,0,2625612,0,6975404,3029318,0,15546833,-11600747,6975404,0,4503476,-3874427,2227507,3097559,7765071,4264817,0,0,16415393,16823768,1276935,0,0,97,27,159654,44296,203950,23,0,25244,22795,21756,13673,18778,36945,17645,0,1015,1803,17809,29732,40180,0,29468,22161,20304,0,24351,34016,53493,0,42487,25229,24374,0,2013
106331152,corona regional medical center - main,01jan2013,31dec2013,365,audited,excl. ind. audit adj.,riverside,12,1111,investor,general,comparable,,(909) 737-4343,800 s. main street,corona,92880,mark uffer,ceo/managing dir,www.coronaregional.com,"universal health services, inc.",emma cruz,corona regional medical center,0,05-0329,hsc30329h,,239,209,125,12590,4309,12844,4565,759,388,5156,233,887,41731,2987,989,642,932,208,83,1209,44,224,7318,160,39,0,0,40,0,26247,3644,0,0,11840,0,6917,276,0,0,125,0,47.8,54.7,5.7,4.2,12,2090,1217,60087,7437,3871,8798,921,2717,16480,1964,9389,111664,43676,4575,5371,14745,0,6,273626,283986,2491,2565,830,391,537559984,421196065,0,116363919,1472412,121168333,-3332002,85606,82301,0,0,-3328697,62719675,97957209,376883100,114459546,46097594,51232181,40110955,8818346,3658065,51248374,1934657,9570505,327130223,48921729,25641654,11026267,31734146,3092064,5183377,58092791,5029634,21708099,210429761,119459690,56375034,55363513,62653381,0,11293156,7283623,70903374,21150345,0,6964291,0,9749658,0,0,0,0,42089970,15364214,6733823,9164324,617254,1482676,37105615,0,3806043,0,0,0,26485,0,0,29511052,14485318,32607671,0,0,0,0,15820649,4179585,19444086,5119972,49384059,19328067,3734958,4666386,15556107,13975261,4754924,1282077,1434639,0,7051855,27179332,0,30446404,23769418,0,40598438,121993592,24167846,0,0,97825746,121993592,0,44977395,-25853329,40355256,29328531,81792810,51346406,0,0,0,0,0,0,0,783,308,1511412,172081,1683493,324,0,119308,410829,451226,51686,84743,220008,118462,0,53644,1506,523702,182639,338849,0,237804,58641,169777,0,589944,202393,375776,0,264369,64242,186769,0,2013
106104089,crestwood psychiatric health facility - fresno,01jan2013,31dec2013,365,audited,incl. ind. audit adj.,fresno,9,605,city/county,psychiatric,phf,,(559) 453-5199,4411 e. kings canyon road,fresno,93702,martha crawford,administrator,,"crestwood behavioral health, inc.",jon beckman,"hansen hunter & company, p.c.",0,,,,16,16,16,456,0,3630,0,1482,0,0,0,0,5568,10,0,163,0,133,0,0,0,0,306,0,16,0,0,0,0,0,5568,0,0,0,0,0,306,0,0,0,0,95.3,95.3,18.2,18.2,0,0,0,0,0,0,0,0,0,0,0,0,0,0,0,0,0,0,0,0,0,0,0,0,0,3509376,3509376,0,0,0,3241456,-3241456,0,0,0,0,-3241456,3503109,0,6267,293715,0,2281332,0,934329,0,0,0,0,3509376,0,0,0,0,0,0,0,0,0,0,293715,0,2281332,0,0,934329,0,0,0,0,0,0,0,0,0,0,0,0,0,0,0,0,0,0,0,0,0,0,0,0,0,0,1930149,0,107393,0,0,0,0,425182,0,713769,64963,1313068,522756,0,891,208247,1028178,1275,15778,54579,2284,94400,852680,0,0,0,0,0,852680,391124,0,0,461556,852680,0,852680,0,0,3824,3824,3824,0,0,0,0,0,0,146168,37,23,70686,5975,76661,1,0,9184,0,4564,18539,24801,7239,6359,0,0,0,55563,0,0,0,8181,0,6942,0,60259,0,0,0,8873,0,7529,0,2013
106154160,crestwood psychiatric health facility-bakersfield,01jan2013,31dec2013,365,audited,incl. ind. audit adj.,kern,9,617,investor,psychiatric,phf,,(661) 363-8127,"6700 eucalyptus drive, ste c",bakersfield,93306,rhonda van cleve,administrator,,"crestwood behavioral health, inc.",jon beckman,"hansen hunter & company, p.c.",0,,,,16,16,16,0,0,0,0,4005,248,0,0,0,4253,0,0,0,0,526,33,0,0,0,559,0,16,0,0,0,0,0,4253,0,0,0,0,0,559,0,0,0,0,72.8,72.8,7.6,7.6,0,0,0,0,0,0,0,0,0,0,0,0,0,0,0,0,0,0,0,0,0,0,0,0,0,4314440,965498,0,3348942,3053,3241290,110705,0,0,0,0,110705,4290800,0,23640,0,0,0,0,4078319,236121,0,0,0,4314440,0,0,0,0,0,0,0,0,0,0,0,0,0,0,0,916286,32036,0,17176,0,0,0,0,0,0,0,0,0,0,0,0,3144857,204085,0,0,0,0,0,0,0,0,0,2215769,0,82583,0,0,0,0,310515,0,502782,129641,1590426,610829,0,1029,147269,679638,23224,70135,53831,5961,58948,329796,0,97763,0,0,0,427559,821444,0,0,-393885,427559,0,336655,-8123,0,55635,168604,70841,0,0,0,0,0,0,664248,44,29,82600,8244,90844,1,0,9506,1721,6184,22695,31184,4425,6885,0,0,0,68606,0,0,0,9421,0,4573,0,75454,0,0,0,10361,0,5029,0,2013
106344170,crestwood psychiatric health facility-carmichael,01jan2013,31dec2013,365,audited,incl. ind. audit adj.,sacramento,2,311,investor,psychiatric,phf,,(916) 483-8424,4741 engle road,carmichael,95608,nancy soncrant,administrator,,"crestwood behavioral health, inc.",jon beckman,"hansen hunter & company, p.c.",0,,,,16,16,16,0,0,0,0,5650,0,0,0,0,5650,0,0,0,0,758,0,0,0,0,758,0,16,0,0,0,0,0,5650,0,0,0,0,0,758,0,0,0,0,96.7,96.7,7.5,7.5,0,0,0,0,0,0,0,0,0,0,0,0,0,0,0,0,0,0,0,0,0,0,0,0,0,4377109,344505,0,4032604,14,3474371,558247,0,0,0,0,558247,4367761,0,9348,0,0,0,0,4377109,0,0,0,0,4377109,0,0,0,0,0,0,0,0,0,0,0,0,0,0,0,344505,0,0,0,0,0,0,0,0,0,0,0,0,0,0,0,4032604,0,0,0,0,0,0,0,0,0,0,2075141,0,17479,0,0,0,0,554118,0,673346,154287,1640488,651461,0,11203,126070,779600,31989,78464,57589,4959,92548,1848432,0,164618,0,0,0,2013050,377307,0,0,1635743,2013050,0,1066052,0,0,39779,255000,90382,0,0,0,0,0,782380,0,45,9,87658,6366,94024,1,0,14707,29534,4064,15051,0,6519,17783,0,0,0,60392,0,0,0,18577,0,8689,0,64778,0,0,0,19926,0,9320,0,2013
106344188,crestwood psychiatric health facility-sacramento,01jan2013,31dec2013,365,audited,incl. ind. audit adj.,sacramento,2,311,investor,psychiatric,phf,,(906) 452-1431,"2600 stockton blvd, ste b",sacramento,95817,cindy mataraso,administrator,,"crestwood behavioral health, inc.",jon beckman,"hansen hunter & company, p.c.",0,,,,16,16,16,0,0,0,0,5653,0,0,0,0,5653,0,0,0,0,553,0,0,0,0,553,0,16,0,0,0,0,0,5653,0,0,0,0,0,553,0,0,0,0,96.8,96.8,10.2,10.2,0,0,0,0,0,0,0,0,0,0,0,0,0,0,0,0,0,0,0,0,0,0,0,0,0,4519743,37933,0,4481810,0,3367951,1113859,0,0,0,0,1113859,4502050,0,17693,0,0,0,0,4519743,0,0,0,0,4519743,0,0,0,0,0,0,0,0,0,0,0,0,0,0,0,37933,0,0,0,0,0,0,0,0,0,0,0,0,0,0,0,4481810,0,0,0,0,0,0,0,0,0,0,1956514,0,21598,0,0,0,0,443209,0,654243,292387,1513824,566269,0,3446,115520,790401,15140,199197,56469,8040,99645,1636255,0,104024,0,0,0,1740279,200568,0,0,1539711,1740279,0,1146217,0,0,19794,126383,22359,0,0,0,0,0,489469,0,41,9,78432,6789,85221,1,0,13908,25856,897,18396,0,9412,9963,0,0,0,56525,0,0,0,13599,0,8308,0,61418,0,0,0,14776,0,9027,0,2013
106434220,crestwood psychiatric health facility-san jose,01jan2013,31dec2013,365,audited,incl. ind. audit adj.,santa clara,7,431,investor,psychiatric,phf,,(408) 275-1067,"1425 fruitdale ave, suite a",san jose,95128,cindy robins,administrator,,"crestwood behavioral health, inc.",jon beckman,"hansen hunter & company, p.c.",0,,,,16,16,16,0,0,0,0,4534,0,0,0,0,4534,0,0,0,0,548,0,0,0,0,548,0,16,0,0,0,0,0,4534,0,0,0,0,0,548,0,0,0,0,77.59999999999999,77.59999999999999,8.300000000000001,8.300000000000001,0,0,0,0,0,0,0,0,0,0,0,0,0,0,0,0,0,0,0,0,0,0,0,0,0,4491426,304026,0,4187400,380,4278959,-91179,0,0,0,0,-91179,4404150,0,87276,0,0,0,0,4491426,0,0,0,0,4491426,0,0,0,0,0,0,0,0,0,0,0,0,0,0,0,87276,0,0,216750,0,0,0,0,0,0,0,0,0,0,0,0,4187400,0,0,0,0,0,0,0,0,0,0,2243402,0,189059,0,0,0,0,693117,0,796041,357340,1715171,666505,0,33906,315476,1043408,52452,239131,74423,12508,125979,1174161,0,231913,0,0,0,1406074,2226136,0,0,-820062,1406074,0,1161850,0,0,69877,385628,153715,0,0,0,0,0,0,1854090,44,21,84304,8176,92480,1,0,6341,9436,5536,10705,27969,6793,17524,0,0,0,56275,0,0,0,19500,0,8529,0,61733,0,0,0,21391,0,9356,0,2013
106390846,dameron hospital,01jan2013,31dec2013,365,audited,incl. ind. audit adj.,san joaquin,6,507,non-profit,general,comparable,,(209) 944-5550,525 west acacia street,stockton,95203,lorraine auerbach,president/ceo,www.dameronhospital.org,dameron hospital association,lorraine travis-brown,dameron hospital association,0,05-0122,hsc00122f,,202,202,87,6903,6399,3205,5516,0,347,6840,736,639,30585,1644,1561,745,1578,0,119,1854,159,173,7833,202,0,0,0,0,0,30585,0,0,0,0,0,7833,0,0,0,0,0,41.5,41.5,3.9,3.9,24,2160,1012,8810,12007,5510,22278,0,17200,27112,803,15087,108807,44711,3226,0,63117,0,11,265651,136073,1663,1654,899,400,1024339170,850813984,0,173525186,1718985,186457077,-11212906,3748270,2141231,0,0,-9605867,200902500,129646317,693790353,177116269,76391893,45383339,97464806,0,7436307,225495250,13605578,14768167,657661609,68088491,64069507,13812031,82434085,0,16896182,86614118,5987803,28775344,366677561,213110561,118661791,36383406,148882480,0,0,20464486,243587334,14215259,0,19593381,0,35915286,0,0,0,0,29152033,19431006,22060988,27986182,0,3305485,64821270,0,6768222,0,0,128840,1172531,0,0,37693368,9284694,57914073,0,0,0,0,25508164,5037813,33432875,17586090,63768414,28159781,0,11852616,24998158,16832597,7523018,1627222,1702172,297640,29695459,84228953,0,54831810,2466228,9293012,0,150820003,18009148,7675457,1961339,123174059,150820003,39550330,113918263,-83588190,77860840,78927792,168124435,113292625,0,0,0,2424855,463516,0,0,905,288,1619257,295104,1914361,992,0,186080,280980,441150,30554,98994,259026,195471,95391,27764,3847,485018,119590,469821,0,320570,100945,123313,0,584866,140027,553128,0,372391,119881,144068,0,2013
106190232,del amo hospital,01jan2013,31dec2013,365,audited,incl. ind. audit adj.,los angeles,11,931,investor,psychiatric,comparable,,(310) 531-1151,23700 camino del sol,torrance,90505,lisa montes,ceo,www.delamohospital.com,"universal health services, inc.",ruth ann smotherman,"universal health services, inc.",0,05-4053,,zzt34053t,166,160,117,11379,744,10494,1501,0,377,18724,541,260,44020,794,53,1800,269,0,46,2648,99,33,5742,0,166,0,0,0,0,0,44020,0,0,0,0,0,5742,0,0,0,0,72.7,75.40000000000001,7.7,7.7,0,0,0,9948,561,0,0,0,106,5870,0,36,16521,0,0,0,0,0,0,0,0,0,0,0,0,75720739,40516901,0,35203838,29374,25336990,9896222,29496,0,0,0,9925718,69282192,6438547,0,18622986,1173675,16250550,2302325,0,595025,29090681,837450,409500,69282192,3871325,215141,0,0,0,41611,2295999,0,14471,6438547,10734840,545700,10317025,1455480,0,0,170154,14004125,1577939,0,837450,0,874188,0,0,0,0,11134670,794728,5591093,798330,0,432955,16254002,0,198060,0,0,0,0,0,0,11662751,935157,0,0,0,0,0,5826738,2109711,4244028,558605,15056064,3856812,735714,0,1711054,982014,526108,171824,54371,0,2243029,4523664,0,2568441,298889,67957024,0,75348018,4362202,0,0,70985816,75348018,0,5993917,-1676125,6260481,1552732,9154501,6586060,0,0,0,0,0,67942156,0,254,102,454941,72419,527360,15,0,62093,92471,84949,42386,85851,44916,33275,9000,0,0,248657,22237,0,0,88741,35367,59939,0,297719,24651,0,0,99901,40111,64978,0,2013
106150706,delano regional medical center,01jan2013,31dec2013,365,audited,excl. ind. audit adj.,kern,9,617,non-profit,general,comparable,,(661) 725-4800,1401 garces highway,delano,93215,bahram ghaffari,president,www.drmc.com,central california foundation for health,marwin vinluan,"toyon associates, inc.",0,05-0608,hsc30608g,zzt60608g,156,156,85,12835,555,9348,2465,352,1071,1824,14,253,28717,888,123,687,614,30,84,190,2,56,2674,106,0,0,0,50,0,11415,0,0,0,17302,0,2633,0,0,0,41,0,50.4,50.4,10.7,4.3,16,2017,613,7030,1105,13666,27113,652,2529,5704,89,6387,64275,27142,29752,0,7018,0,4,93061,129114,621,2063,528,289,209396400,133102617,0,76293783,1403867,68983918,8713732,1366385,0,0,0,10080117,41741986,31614425,136039989,55770375,5705742,25467226,20259894,2225960,4988509,8621041,194716,3583168,126816631,16681241,1977402,13700259,27140161,1615590,4859414,8868505,228050,7509147,82579769,44651997,4657268,24761684,34574527,-2941356,2404177,3458003,14124707,6804509,0,422766,0,184335,0,0,0,0,26821488,3025876,17347157,12787837,1437373,6389920,3180504,0,5303628,0,-6177718,0,1366385,0,0,12389164,4864947,19367726,0,0,0,0,12054397,2523018,13609843,4174823,26606813,8659626,3113229,1909256,7654659,4375376,5576069,779120,316187,1159324,8834259,64375943,7483346,40334594,1099902,713605,0,114007390,9236986,0,39174005,65596399,114007390,11153165,40966853,-37243612,53383854,43226209,100680825,60346231,0,0,39808628,39808628,634623,0,0,686,285,1349011,106862,1455873,123,0,58461,293461,256440,94778,212799,260473,132703,10272,29624,0,473343,143401,317721,0,222597,92131,99818,0,505251,152579,342598,0,242679,100923,111843,0,2013
106331164,desert regional medical center,01jan2013,31dec2013,365,audited,excl. ind. audit adj.,riverside,12,1105,investor,general,comparable,,(760) 323-6511,1150 n indian canyon drive,palm springs,92262,carolyn caldwell,ceo,www.desertmedctr.com,tenet healthcare corporation,christina kim,tenet healthcare corporation,2,05-0243,hsc30z43h,zzt30243h,387,351,217,17586,14413,15736,7973,0,5395,14496,2689,1032,79320,3373,4220,2619,2008,0,955,4152,482,253,18062,341,0,0,12,34,0,71614,0,0,1954,5752,0,17145,0,0,103,814,0,56.2,61.9,4.4,4.3,40,5100,2941,32943,20558,16297,21040,11,5955,43369,3134,9506,152813,63362,39832,0,57436,0,10,590700,185190,5233,1959,2241,1003,2414718999,2006339347,0,408379652,4024747,352797997,59606402,1682405,1503631,0,0,59785176,420965026,195337254,1798416719,396799959,367366078,286028012,155234104,0,118889347,353171926,52185707,24373581,1754048714,170728581,92383999,60468543,78781364,55627,44504929,161200155,19416725,33130362,660670285,504249100,390577561,286278269,196090335,0,51975,143050052,351212473,19527230,0,72131927,0,43170425,0,0,0,0,63279440,69172516,59654193,37925133,3652,15660986,148416579,34598,14232555,0,0,0,0,0,0,59304733,21464883,124430308,0,0,0,280740,41595108,21421704,77948981,6351540,118546221,49477831,12034570,3123400,61716078,56576935,13200010,1517594,3655600,209866,32739892,111506265,0,100329494,2643397,2991758,16277931,233748845,49659767,3077237,3356489,177655352,233748845,2000,231061126,-160888083,113084521,87981997,222779037,122449543,0,6517104,0,6517104,3160615,0,1515194,1516,637,2722333,450336,3172669,302,15,176581,637257,979676,44432,285521,537211,31268,10229,14542,5616,935165,269973,940255,0,221631,143896,211413,0,1098728,312244,1097301,0,254491,162704,247201,0,2013
106364144,desert valley hospital,01jan2013,31dec2013,365,audited,incl. ind. audit adj.,san bernardino,12,1211,investor,general,comparable,,(760) 241-8000,16850 bear valley road,victorville,92392,fred hunter,ceo,dvmc.com,dr. prem n. reddy,derek f. petrak,"petrak & associates, inc.",0,05-0709,,hsp30709f,148,148,107,10735,5877,4350,6078,1468,2831,899,0,1297,33535,2719,1827,1015,1756,414,807,337,0,404,9279,148,0,0,0,0,0,33535,0,0,0,0,0,9279,0,0,0,0,0,62.1,62.1,3.6,3.6,0,0,0,8522,7629,5206,17968,2262,8140,4927,0,15152,69806,38826,0,0,38459,273,6,105082,30319,1419,562,808,281,460079434,353687670,7770350,114162114,1943188,110921651,5183651,1733364,2244737,0,0,4672278,103514899,61034880,295529655,121273588,67035715,40785690,52789004,15360526,28477136,13535662,0,13456711,352714032,19798718,13955257,7306719,24587798,4069717,15226800,8816602,0,13603791,107365402,96795148,72270175,31711983,60064456,0,19268996,24215440,11503619,36001017,0,954960,0,901876,7770350,0,0,0,41217319,14812932,16380426,16240493,161059,8911246,9258858,0,7179781,0,0,0,0,0,0,18957223,5533502,26144679,1312569,562530,0,0,12176511,3001687,25745831,17487119,31924473,10281114,3752783,1139946,13866589,15298898,6463698,1697734,1411126,10467719,14617571,34913733,0,94493974,2687645,0,0,132095352,26719292,0,98679563,6696497,132095352,2850,97763955,-80495184,86759898,47561667,140363267,45869293,90000000,6887589,0,117039333,18359770,6762809,0,640,236,1233802,111764,1345566,155,0,76869,379852,372732,18260,87215,146061,95472,43349,13091,901,455776,135347,225115,0,221286,80337,115941,0,499318,147087,245821,0,239808,87850,125682,0,2013
106392287,doctors hospital of manteca,01jan2013,31dec2013,365,audited,excl. ind. audit adj.,san joaquin,6,507,investor,general,comparable,,(209) 823-3111,1205 east north street,manteca,95336,nicholas tejeda,ceo,www.tenethealth.com,tenet healthcare corporation,christina kim,tenet healthcare corporation,0,05-0118,hsc30118g,zzr00118g,73,73,39,6974,1848,800,1567,0,119,2162,109,345,13924,1375,392,265,572,0,39,763,26,102,3534,73,0,0,0,0,0,13924,0,0,0,0,0,3534,0,0,0,0,0,52.3,52.3,3.9,3.9,5,1373,716,13567,3473,2140,13794,0,1723,19683,72,3717,58169,27798,524,0,29537,0,4,109455,156660,947,1920,470,238,615601906,531670186,0,83931720,478150,78110605,6299265,168503,223087,0,0,6244681,77585539,65983867,472032500,144411219,39801112,17331901,41645780,0,2403310,58367468,2401924,8512554,314875268,76691878,25971003,8463883,51622064,0,5649755,115180100,594075,16553880,300726638,203147115,59935281,22521771,83964874,0,0,6534477,126718991,6260212,0,2973653,0,19613812,0,0,0,0,17955982,5836834,3133137,9302970,0,1440889,45154119,163222,944567,0,0,0,0,0,0,10763082,5340801,23047531,0,0,0,0,10492908,5636589,21154325,1675369,27970414,9395285,1805734,2501801,9625048,11102822,4324008,732682,468176,51514,10133121,14062450,0,27815719,1078975,33300713,2670131,78927988,9046369,442437,1072466,68366716,78927988,8164,33495257,-21899604,35597403,24341522,65784402,37968683,0,2135233,0,2135233,1062767,32036892,0,335,104,609445,114293,723738,162,0,93360,155764,154572,0,36710,136809,5515,0,25964,751,177571,53700,190138,0,44338,71296,72402,0,208550,62289,219672,0,50866,80700,101661,0,2013
106190857,doctors hospital of west covina,01jan2013,31dec2013,365,audited,excl. ind. audit adj.,los angeles,11,915,investor,general,comparable,,(818) 338-8481,725 south orange blvd.,west covina,91790,"pareed mohamed, m.d.",president,dhwc725.com,doctors hospital of west covina,foster evans,hospital management services,0,05-0096,hsc30096h,hsp30096h,46,46,20,187,0,5828,3,0,899,0,0,0,6917,44,0,11,1,0,48,0,0,0,104,13,0,0,0,33,0,302,0,0,0,6615,0,83,0,0,0,21,0,41.2,41.2,66.5,3.6,0,0,0,4472,6,25,2,0,855,0,0,0,5360,0,0,0,1616,0,2,5584,25956,75,482,0,0,36529019,27410440,0,9118579,812051,10361109,-430479,124433,229466,0,0,-535512,13309110,1145820,22074089,4720503,0,17895207,18532,0,4498116,0,0,0,27132358,2202435,9334,183197,16554,0,6985141,0,0,0,9396661,1827188,372428,17325560,0,0,0,7129859,0,8254,0,0,0,747151,0,0,0,0,5095750,-363094,752844,35086,0,3597993,0,0,0,0,0,0,1553,0,0,2280876,352609,3369329,0,0,0,210815,1922544,364729,1496223,363984,4454322,1428646,291612,296972,1730471,929020,299520,64614,60270,136823,668839,3552985,0,4405162,84528,0,27341,8070016,1503452,0,3191176,3375388,8070016,994425,5846468,-4031199,6517892,3181743,11034883,6629721,3308779,0,0,3308779,117603,0,0,109,34,200530,28746,229276,95,3,30943,31914,30839,26702,12971,22734,25708,15404,0,3315,67373,6319,40546,7320,49302,12947,16723,0,76536,7134,45424,7320,54590,14269,24003,0,2013
106500852,doctors medical center,01jan2013,31dec2013,365,audited,excl. ind. audit adj.,stanislaus,6,511,investor,general,comparable,,(209) 578-1211,1441 florida avenue,modesto,95350,warren kirk,ceo,www.dmc-modesto.com,tenet healthcare corporation,christina kim,tenet healthcare corporation,2,05-0464,hsc30464g,hsp30464g,459,455,334,29669,10163,28330,21064,9593,4969,13098,3011,2217,122114,4924,2968,3794,4783,2208,896,3046,380,479,23478,392,67,0,0,0,0,100558,21556,0,0,0,0,19288,4190,0,0,0,0,72.90000000000001,73.5,5.2,5.2,24,8188,3688,28441,9530,11621,37157,8808,2413,21678,4484,11461,135593,91907,266,0,47299,0,18,716775,451380,6147,6365,2629,1390,3702633156,3237973574,41186938,505846520,4236620,464710891,45372249,569099,395891,0,0,45545457,883901647,226046948,2592684561,701077119,295408400,513030487,483357161,142020457,94370366,342896942,89641387,48539526,2710341845,195867120,126095751,84820126,215773083,67618145,17197792,194707953,27014079,63197262,992291311,802777619,413650764,457601925,573713150,-6839933,179718032,96716751,392304467,40441476,0,219893770,0,67995553,25113098,0,0,16073840,94166620,32966485,96054132,96277423,6856426,14851407,161374268,0,3299759,0,0,0,0,0,0,105342017,26667604,139226252,0,0,0,2374838,52091796,26431882,105007780,7568722,164309341,58904996,23212918,12395823,67458356,68435710,10611873,2406360,3013237,124768,53837509,133739740,0,70295273,2873795,18596623,3993866,229499297,78739983,3518141,2347926,144893247,229499297,43450,394458922,-313957313,135946903,93337010,238935094,168639821,0,4266065,0,4266065,1918139,47950,12894792,1802,841,3265767,627781,3893548,598,40,253954,634985,1348287,21018,248540,572990,31762,9210,131698,13323,1416125,242140,910821,0,251597,144169,300915,0,1680471,277236,1096488,0,294650,170658,374045,0,2013
106070904,doctors medical center - san pablo,01jan2013,31dec2013,365,audited,incl. ind. audit adj.,contra costa,5,413,district,general,comparable,,(510) 970-5000,2000 vale road,san pablo,94806,dawn gideon,ceo,www.doctorsmedicalcenter.org,west contra costa health district,christina hank,"toyon associates, inc.",0,05-0079,hsc00079i,,189,176,73,12444,3126,1037,3437,0,1109,816,92,2253,24314,2813,682,223,797,0,201,183,21,514,5434,189,0,0,0,0,0,24314,0,0,0,0,0,5434,0,0,0,0,0,35.2,37.8,4.5,4.5,0,0,0,18157,5832,3934,17837,0,8473,6943,384,12876,74436,39831,10314,0,27302,0,6,114496,77811,860,972,0,0,614980906,504102351,0,110878555,2233749,146872304,-33760000,14457301,117792,0,0,-19420491,127257369,101542195,386181342,186824742,47539406,15992514,54563868,0,26511970,14283587,1381977,33948568,381046632,73068904,24137183,10401367,43934099,0,35836935,17732065,1127456,27696265,233934274,212556714,55483642,17762813,85160492,0,0,46321506,23193366,59054265,0,4569553,0,0,0,0,0,0,46390659,16192947,7142807,12765616,0,16027399,8822286,0,3536841,0,0,0,134129,0,0,33520581,16299524,44408456,0,0,0,0,22466480,8200142,14151263,7825858,54577140,39332586,6172638,2766871,16243924,9993638,4924940,3140305,732754,5000777,3986731,33483867,5364913,39520847,536868,0,1391833,80298328,47453768,0,60318563,-27474003,80298328,9609280,52272635,-31815177,21204121,51947319,97799770,58278923,0,0,63386396,63386396,3067833,0,0,654,210,1174114,219949,1394063,219,0,82023,354759,378528,6541,38624,193875,85504,0,12967,21293,329553,130404,275326,0,218813,105491,114527,0,389893,151304,334003,0,262508,123039,133316,0,2013
106440755,dominican santa cruz hospital - soquel,01jul2012,30jun2013,365,audited,incl. ind. audit adj.,santa cruz,8,703,non-profit,general,comparable,,(831) 462-7700,1555 soquel drive,santa cruz,95065,"nanette mickiewicz, md",ceo,www.dominicanhospital.org,dignity health,clement spring,dignity health,0,05-0242,hsc00242f,,288,275,184,29042,2264,5878,4929,2629,13835,0,797,1534,60908,5647,459,1149,1049,558,3018,0,153,311,12344,203,28,0,20,37,0,42602,6189,0,5143,6974,0,10506,851,0,443,544,0,57.9,60.7,4.9,4.6,25,1468,706,78990,7035,7368,37781,5438,56667,2780,1895,15121,213075,42482,28719,24423,123224,0,7,419658,151966,2826,1598,627,231,1407324058,1036416320,155176,371062914,3940555,341371289,33632180,27327853,9342156,0,0,51617877,454662991,106550119,846110948,484955012,40288880,72399843,84360151,45638908,275344052,0,11633937,26385369,1041006152,136946754,10798144,10395308,45935560,11140966,119616381,1324877,3105514,27054402,366317906,520149605,41619687,68985890,87878247,0,51414698,180222822,773787,42286208,0,30682013,0,12403363,0,155176,0,0,100541115,9131557,12416557,42456071,5365174,197348225,536604,0,3267611,0,-14914713,0,23332439,0,0,78900052,24949992,89761303,0,0,0,0,48611713,9128006,79860933,10159290,143098278,54672263,10973490,8398107,39940375,34725265,6693951,2374251,2231618,1171308,37092383,136870699,0,46867845,2351056,194971357,3712848,384773805,57166455,0,14272113,313335237,384773805,23842144,224939074,-168002845,112712511,70620156,193025767,146157922,0,0,16510425,16510425,2238312,1232909,0,1254,428,2140589,514381,2654970,359,0,223466,524287,703615,30440,128865,266293,175502,40812,28152,19157,640089,227243,538949,0,356873,106107,263021,8307,799223,279291,682091,0,434357,132163,317681,10164,2013
106190243,downey regional medical center,01jul2012,30jun2013,365,audited,excl. ind. audit adj.,los angeles,11,921,non-profit,general,comparable,,(562) 904-5000,11500 brookshire ave,downey,90241,brian smolskis,ceo,www.drmci.org,pih health hospital,janny park,downey regional medical center,0,05-0393,hsc30393f,zzt30393f,199,181,164,13845,8912,6821,4083,144,3275,4586,179,2578,44423,2999,2907,1922,1632,58,1335,1875,45,714,13487,199,0,0,0,0,0,44423,0,0,0,0,0,13487,0,0,0,0,0,61.2,67.2,3.3,3.3,17,2061,1175,16371,19894,6555,13923,934,11279,13550,382,10446,93334,53287,0,0,52113,0,11,130745,469648,1443,2891,932,412,967704345,811868328,0,155836017,425565,177976042,-21714460,265858,0,0,0,-21448602,181062789,148458230,638183326,240567699,144204736,66156697,49245210,9508994,3163036,101727531,3230154,21233904,639037961,46303417,66550938,15684803,65273208,3674907,3925629,92404781,922022,33926679,328666384,233217197,185289544,71123646,98593323,0,8955087,6355609,151605058,53333333,0,3395531,0,0,0,0,0,0,53653919,25466130,10717854,15925095,4228814,733056,42527254,756645,1827250,0,0,0,265858,0,0,36819677,14618818,48326834,0,0,0,2075642,23772157,5868351,29646726,16847837,72729086,18389228,2036283,14487638,27524901,8464961,7207834,1290063,2649562,0,23196486,40146094,0,19869270,3763593,5135057,0,68914014,72505916,0,56068504,-59660406,68914014,2514148,85075331,-63971583,8803780,72889182,143456675,123587405,0,0,0,59958734,3890230,1747000,3150000,1167,468,2133015,310127,2443142,374,26,115828,502537,752414,31079,175820,307750,232700,0,14887,0,764742,227390,494362,6612,439906,69898,130105,0,861184,252955,567410,8049,513003,80245,160296,0,2013
106190243,downey regional medical center,01jul2013,30sep2013,92,audited,excl. ind. audit adj.,los angeles,11,921,non-profit,general,comparable,,(562) 904-5000,11500 brookshire ave,downey,90241,brian smolskis,ceo,www.drmci.org,pih health hospital,janny park,downey regional medical center,0,05-0393,hsc30393f,zzt30393f,199,181,164,3412,1828,1315,958,145,46,1769,145,111,9729,764,601,371,392,41,20,757,56,89,3091,199,0,0,0,0,0,9729,0,0,0,0,0,3091,0,0,0,0,0,53.1,58.4,3.1,3.1,17,576,331,4637,5844,1929,5252,183,135,4142,17,1225,23364,16908,0,0,9461,0,11,32699,140305,401,750,381,122,218674808,180852587,0,37822221,95327,44786450,-6868902,0,368826,0,0,-7237728,40266112,33212131,145196565,52719302,33284367,10875611,13717636,2490786,812969,25404514,674471,2482906,142462562,11917594,17394322,3673339,14486821,944895,909124,22263110,235184,4387857,76212246,52432656,44322386,11319322,24433388,0,2392975,1082585,37531081,6488539,0,849655,0,0,0,0,0,0,12204240,6356303,3229628,3771069,1042706,639508,10136543,60000,382224,0,0,0,0,0,0,6690669,2436901,12751178,0,260814,0,69619,6929243,1103958,6436978,8107090,15603757,3274309,0,2227457,7728171,3493375,2619198,262489,363156,0,9214538,42897371,0,33353732,3808305,6053524,0,86112932,99121096,0,53917196,-66925360,86112932,4078660,61289293,-29399519,25664444,72958389,162699206,129345474,0,920656,0,54314130,396934,0,0,248,86,445692,72115,517807,374,26,23969,113704,132280,6978,38085,78941,49776,0,1959,0,137347,42486,119884,1387,98856,21208,24524,0,164151,48656,135407,1930,114854,23298,29511,0,2013
106196168,earl & lorraine miller childrens hospital,01jul2012,30jun2013,365,audited,incl. ind. audit adj.,los angeles,11,933,non-profit,childrens,comparable,,(562) 933-2000,2801 atlantic avenue,long beach,90806,diana hendel,ceo,www.memorialcare.org,memorial health services,richard macintosh,memorial health services,2,05-3309,hsc30727f,hsp30727f,373,373,251,142,39,38593,14552,22,2114,27067,159,354,83042,36,9,5520,4495,14,311,5906,22,72,16385,373,0,0,0,0,0,83042,0,0,0,0,0,16385,0,0,0,0,0,61,61,5.1,5.1,48,11344,4824,365,52,30488,32087,6,24071,40993,101,1650,129813,33072,57926,0,39234,28,16,702224,500160,3131,3474,3634,2033,1079421775,678999132,155706,400578349,6292180,464833350,-57962821,12094645,6531534,0,0,-52399710,472146742,65628674,541646359,1739637,541896,429870878,132318478,360749,20612502,273722767,3438102,7668553,870273562,2137945,736056,58328467,59023055,16363,12023718,74747299,194098,1941212,209148213,2819163,1379459,324153803,102967236,-11689441,331430,28234135,195282986,4757720,0,26538819,0,4223822,155706,0,0,0,1058419,54199,156077885,85131603,38855,4402085,153187080,0,628223,0,0,4895168,303,0,0,75841542,33121618,100025163,39053,50683,238298,8445435,68568267,14688297,152359586,11455408,143210718,60699825,8641232,25766248,45494359,46644889,22436234,2929419,1750928,4,107259494,127880585,0,214021420,33026165,0,741093,375669263,562594161,15744387,0,-202669285,375669263,68590,276413337,-159043078,253801754,139066378,408185897,194164477,0,0,0,0,0,0,496822387,1996,775,4078437,493482,4571919,908,49,232071,984770,1276600,65486,261156,542697,81165,214148,8314,412030,1116512,565394,939939,45842,805964,131015,448584,25187,1278454,625829,1060604,50331,857965,145432,525288,28016,2013
106190256,east los angeles doctor's hospital,01jan2013,31dec2013,365,audited,excl. ind. audit adj.,los angeles,11,925,investor,general,comparable,,(323) 268-5514,4060 whittier boulevard,los angeles,90023,araceli lonergan,ceo,,avanti hospitals llc,hisoon kwon,"healthquest consulting, inc.",0,05-0641,hsc30641f,,127,127,81,3353,963,13164,6116,233,293,201,335,458,25116,484,192,1360,1471,49,70,66,52,52,3796,102,0,0,0,25,0,16572,0,0,0,8544,0,3728,0,0,0,68,0,54.2,54.2,6.6,4.4,8,2031,757,2375,1259,5678,14415,308,1840,1220,261,7293,34649,17463,0,0,18265,26983,6,61236,36823,1086,754,300,459,302814700,241760123,23783128,84837705,2395178,87071145,161738,0,118765,0,0,42973,64928618,21744191,216141891,56828685,12442953,92354752,55249961,4957963,4024628,2734703,4133097,5506098,238232840,5806637,2826251,12542843,25413928,1140555,3322983,2948097,405569,10174997,64581860,50340687,13085326,70178325,75724510,-6781698,5915244,5363242,5319680,13081089,0,7252079,0,2281639,0,23783128,0,0,12294635,2183878,38787556,28722507,183274,1984369,363120,0,318366,0,0,0,0,0,0,12677019,2967927,12185874,26969467,0,0,0,6516629,3081611,16627897,6044721,21112188,6449149,935933,1659188,5428488,33983616,1901760,967750,697314,2883682,11052077,27126212,2293044,14018140,700941,0,531650,44669987,28775664,0,23586087,-7691764,44669987,667779,64915339,-58365046,332706,13762398,24143296,10125156,0,2866953,0,25042458,1456371,9913374,4997693,399,160,674820,164930,839750,140,0,47423,134907,232648,44099,52719,98969,38503,16739,3615,5198,274458,33996,150500,0,82969,53121,79776,0,348509,43057,184632,0,94773,72346,96433,0,2013
106190328,east valley hospital medical center,01jan2013,31dec2013,365,audited,incl. ind. audit adj.,los angeles,11,915,investor,general,comparable,,(626) 852-5000,150 west route 66,glendora,91740-6207,gregory brentano,ceo,http://www.evhmc.com,"east valley glendora hospital, l.p.",betty hsieh,east valley hospital medical center,0,05-0205,hsc30205i,zzt40205i,118,118,30,7752,321,1256,612,56,8,59,6,261,10331,958,47,235,160,9,1,29,1,119,1559,97,21,0,0,0,0,5567,4764,0,0,0,0,1051,508,0,0,0,0,24,24,6.6,6.6,10,383,191,407,96,274,1590,57,40,391,5,538,3398,4344,0,0,110,0,3,18536,7513,284,92,78,113,66720923,48076520,0,18644403,1890589,23212297,-2677305,0,0,0,0,-2677305,27648262,4445700,34626961,34780662,2276657,10798582,5451868,425880,42527,539565,51689,2693739,57061169,1837101,321037,936758,3362214,211474,131852,1355497,21205,1482616,9659754,28727329,2275313,3381080,6378718,-177661,611207,58071,1337460,2175317,0,1682741,0,1626945,0,0,0,0,7890434,322381,6922072,2435364,26147,116308,557602,2,374093,0,0,0,0,0,0,4967586,1592520,4472673,0,0,0,0,2821744,789650,7116732,1451392,9272755,2745641,0,1357946,1372040,890812,506478,213155,587431,602124,5663915,4130215,0,6221153,117624,57879,0,10526871,11440330,0,6203100,-7116559,10526871,0,3890777,-945763,3988474,2939930,9509893,3288740,2405702,0,0,8245149,2042049,0,0,196,89,370338,37135,407473,113,0,35870,62206,105039,15542,65082,48396,37628,0,0,575,160356,23154,63832,0,56545,27249,39202,0,177360,24976,70382,0,62199,30083,42473,0,2013
106320859,eastern plumas health care,01jul2012,30jun2013,365,audited,incl. ind. audit adj.,plumas,1,217,district,general,comparable,rural,(530) 832-6500,500 first ave,portola,96122,tom hayes,ceo,ephc.org,eastern plumas health care,jane dikes,eastern plumas health care,0,05-1300,,zzr00566g,76,75,53,1731,29,14924,0,9,50,1,0,1511,18255,213,9,41,0,5,19,1,0,22,310,10,0,0,0,66,0,1147,0,0,0,17108,0,265,0,0,0,45,0,65.8,66.7,58.9,4.3,0,0,0,18187,849,9044,59,2237,10647,94,68,3231,44416,3280,28267,0,12624,0,1,0,2065,0,43,0,0,37745465,18595952,0,19149513,391726,20365110,-823871,834462,0,0,0,10591,8747092,12017316,16981057,5544427,101203,5166313,0,38642,300359,4128,0,710841,11865913,12743635,498272,4135248,39770,975807,5109362,186210,31280,2159968,25879552,10228459,431236,3797475,65876,-19882,868043,1227356,49809,1664385,0,283195,0,0,0,0,0,0,8059603,168239,5523968,-26106,146406,4182365,140529,0,954509,0,0,264244,4141,513542,0,3739707,5720496,3397694,0,0,0,0,3815237,1362611,1370296,959069,9452256,2409337,2472100,323867,1667399,932255,762425,223724,368224,268774,1484749,5120143,0,7849318,141977,0,13909,13125347,3894592,503008,4685876,4041871,13125347,1561079,6000764,-2748742,10080726,10894840,21909730,14060412,4870061,413773,0,5283834,597958,0,0,202,52,368253,50968,419221,21,0,31333,69101,28179,22556,57656,83594,68566,7268,0,0,110255,94163,25013,0,79020,36086,23716,0,128021,102784,29345,0,90278,41412,27381,0,2013
106014233,eden medical center,01dec2012,31dec2013,396,audited,incl. ind. audit adj.,alameda,5,421,non-profit,general,comparable,,(510) 537-1234,20103 lake chabot road,castro valley,94546,george bischalaney,ceo,www.edenmedcenter.org,eden medical center,julie jacobs,sutter health,2,05-0488,hsc00488g,zzr00488g,134,134,128,16166,3381,5083,4109,579,1019,8156,1635,587,40715,3429,778,995,1121,131,234,2308,391,140,9527,134,0,0,0,0,0,40715,0,0,0,0,0,9527,0,0,0,0,0,76.7,76.7,4.3,4.3,11,3028,442,14895,3339,4234,15892,1418,2108,18574,7451,2847,70758,42981,0,0,31714,0,11,290310,127890,1772,1301,958,409,1084788165,796183405,0,288604760,17284861,339861373,-33971752,2109975,1770554,0,0,-33632331,260005544,204536895,620245726,286172453,66813300,83478129,67030191,11493122,23099838,169767661,32816746,11783303,752454743,87199519,19088877,17521524,55550835,5639625,10185031,98737119,27790404,10620488,332333422,304498575,72240025,50193213,107867247,0,15793509,12778863,113353340,29032931,0,60871888,0,29553814,0,0,0,0,68835209,13662152,50725509,14712788,1339238,16345465,122984399,0,0,0,6527729,535782,-68533,0,0,56043880,32843346,75617423,0,0,0,0,48648999,9278891,101177191,16251643,102096320,49356573,15077207,15999418,27058014,54890003,23464586,1263839,1665290,56827,48933296,124427278,0,354044320,11033320,10493105,2291634,502289657,25503079,0,287967368,188819210,502289657,8409113,249981883,-196283452,288820920,56015846,385426001,31381681,0,0,287967368,288604939,637571,48152812,0,947,358,1876586,268000,2144586,553,0,95801,420010,628505,2409,71441,245719,182481,55294,42557,132369,530904,199409,475013,0,403251,48922,219087,0,609724,226836,550715,0,450329,56813,250169,0,2013
106331168,eisenhower medical center,01jul2012,30jun2013,365,audited,incl. ind. audit adj.,riverside,12,1105,non-profit,general,comparable,,(760) 340-3911,39000 bob hope drive,rancho mirage,92270,g. aubrey serfling,ceo,,eisenhower memorial hospital,oliver younggren,eisenhower medical center,0,05-0573,,zzt30573f,540,380,380,49476,8628,1023,3785,589,1385,11854,588,3267,80595,10108,2819,248,955,154,384,3540,142,769,19119,504,13,0,23,0,0,72405,2582,0,5608,0,0,18333,222,0,564,0,0,40.9,58.1,4.2,4.2,0,0,0,309847,21299,2272,14611,702,67606,123191,4954,28537,573019,68321,235939,0,287880,0,14,781800,479287,7243,10261,0,0,2466789877,2023958705,0,442831172,16249260,515184438,-56104006,44154811,13481859,0,0,-25431054,503185765,334663080,1628941032,909680925,193561217,17075066,70453519,10879773,34031323,263855288,11368696,67717624,1578623431,464742498,58384846,11136065,47301341,4507733,43141567,210577073,3899485,44475838,888166446,1194916106,206238416,25003463,100879039,0,15365886,61245200,329096205,26100545,0,15268181,0,49845664,0,0,0,0,179059663,45705698,3149077,16869266,0,7956819,143381728,0,46708921,0,0,36253809,2480706,0,0,61557047,65250577,155904574,0,0,0,0,61402968,21927484,97257767,51884021,140284999,67905694,43422608,16189673,81488981,47037679,50114386,5035209,4374650,20772364,38558195,173314736,44549292,592880144,8560057,87706905,0,907011134,92317612,0,472172215,342521307,907011134,84171163,289761679,-216955488,685500870,276064869,1045607750,452727606,0,0,399201119,477339583,5167368,0,0,2366,671,4441700,603053,5044753,479,0,259687,1207713,998302,115885,228862,1029583,283235,194932,53030,70471,989933,802923,1108883,0,707326,384470,444787,3378,1135914,898467,1271919,0,794369,424215,515469,4400,2013
106430763,el camino hospital,01jul2012,30jun2013,365,audited,incl. ind. audit adj.,santa clara,7,429,non-profit,general,comparable,,(650) 940-7300,2500 grant road,mountain view,94039-7025,tomi ryba,ceo,www.elcaminohospital.org,el camino hospital district,dustin quan,"toyon associates, inc.",0,05-0308,hsc30308h,hsp30308h,443,426,391,33211,4581,3046,1324,0,2384,39185,327,612,84670,7432,1108,694,318,0,429,8902,77,144,19104,388,25,0,30,0,0,70705,7789,0,6176,0,0,17716,851,0,537,0,0,52.4,54.5,4.4,4.4,44,11848,4930,101395,12295,3945,14216,0,8381,81007,3751,7079,232069,56543,8946,0,76369,0,12,965817,713438,5836,4763,4105,1213,2462557623,1776230242,0,686327381,7676076,630655565,63347892,36175560,10703206,0,0,88820246,588155150,223437030,1650965443,619764795,98592757,42799839,23198070,0,51744903,643148724,6116767,18052470,1503418325,380125841,52409612,15573270,42474419,0,29354281,406099541,11461408,21640926,959139298,852261033,126036646,50734084,60764338,0,0,63907669,533766323,14765582,0,19382457,0,54612110,0,0,0,0,119530711,20769610,5747068,809685,0,13896980,491112294,0,34461033,0,4580125,0,28251699,0,0,145229566,37708224,221494477,0,0,0,0,108953794,16972374,66353065,33944065,228506684,129143799,16192670,15238966,102226785,56109765,46550812,9153940,1923139,8156917,17452088,191689365,200973534,623724055,11226237,345619041,0,1373232232,98568913,42278947,181452129,1050932243,1373232232,49690672,357050851,-269211282,701211942,262901603,1011240747,387516692,0,0,188236406,188236406,6784277,1219901,0,2238,779,4174078,587591,4761669,1323,0,307973,817666,1400292,29983,138721,573461,512557,287209,51575,54641,1300396,286912,1229318,0,750848,199670,406934,0,1483191,324524,1403832,0,846665,229777,473680,0,2013
106130699,el centro regional medical center,01jul2012,30jun2013,365,audited,incl. ind. audit adj.,imperial,14,1424,city/county,general,comparable,,(619) 339-7100,1415 ross ave.,el centro,92243,david green,ceo,www.ecrmc.org,city of el centro,"rodney a. phillips, cpa","rodney a. phillips, cpa",4,05-0045,,zzt30045f,165,165,79,11132,976,6887,138,1269,899,1679,295,1064,24339,2521,216,1762,30,216,321,675,72,534,6347,165,0,0,0,0,0,24339,0,0,0,0,0,6347,0,0,0,0,0,40.4,40.4,3.8,3.8,19,2114,1114,61261,6375,57790,722,13241,12891,29617,1750,4736,188383,47677,66107,0,75220,0,4,109574,291812,1440,3070,621,514,596995714,478646249,0,118349465,1388745,120357435,-619225,6787497,3014679,0,0,3153593,79464158,127323589,390207967,114328657,10636426,67880791,1413317,13438416,11147800,19928322,3421458,12294799,254489986,103266228,10348464,99882612,1497897,22347662,26058197,65185703,4698655,9220310,342505728,185551000,17876392,131609052,2786378,-1473406,31683573,20809000,59172425,21159544,0,9472291,0,0,0,0,0,0,32043885,3108498,36275579,124836,4102505,16396997,25941600,0,355565,0,0,379851,1790,0,0,18390483,20922418,38662671,0,0,0,0,19140057,4764372,13522562,4954872,46033755,11457812,8132422,4768849,22358907,13141725,5328917,1933776,960203,2060772,4180297,47685016,11354101,48585370,12945779,3818277,3370409,127758952,20385625,0,33653158,73720169,127758952,26313551,87781275,-73263143,62370933,34051117,103197370,54612000,0,5244431,27147041,37392772,3739614,1499514,0,873,293,1685151,195562,1880713,146,0,158361,381158,359821,14216,194523,320396,141808,50638,41446,22784,356794,309936,381747,0,299543,118181,218950,0,396413,340489,427008,0,336116,135353,245334,0,2013
106094002,el dorado county mental health - phf,01jul2012,30jun2013,365,audited,excl. ind. audit adj.,el dorado,2,304,city/county,psychiatric,phf,,(530) 621-6210,935-b spring street,placerville,95667,donald ashton,director,,county of el dorado,john wilcox,el dorado county health & human services agency,0,,,,10,10,10,0,0,0,0,730,2199,0,0,0,2929,0,0,0,0,87,260,0,0,0,347,0,10,0,0,0,0,0,2929,0,0,0,0,0,347,0,0,0,0,80.2,80.2,8.4,8.4,0,0,0,0,0,0,0,0,0,0,0,0,0,0,0,0,0,0,0,0,0,0,0,0,0,3040882,0,0,3040882,0,3040882,0,0,0,0,0,0,3040882,0,0,0,0,0,0,1551897,1488985,0,0,0,3040882,0,0,0,0,0,0,0,0,0,0,0,0,0,0,0,0,0,0,0,0,0,0,0,0,0,0,0,0,0,0,0,1551897,1488985,0,0,0,0,0,0,0,0,0,0,0,0,0,0,0,0,0,0,0,0,0,0,0,0,0,0,0,0,0,0,0,0,0,0,0,0,0,0,0,0,0,0,0,0,0,0,0,0,0,0,0,0,0,0,0,0,0,0,0,0,0,0,0,0,0,0,0,0,0,0,0,0,0,0,0,0,0,0,0,0,0,0,0,0,0,0,0,0,0,0,2013
106500867,emanuel medical center,01feb2012,31jan2013,366,audited,incl. ind. audit adj.,stanislaus,6,516,non-profit,general,comparable,,(209) 667-4200,825 delbon avenue,turlock,95382,john sigsbury,ceo,www.emanuel.org,emanuel medical center,mariano patacsil,hfs consultants,0,05-0179,hsc00179f,zzr00179f,403,403,305,26844,2671,38733,7931,22,275,6603,950,13312,97341,3852,467,1883,924,5,97,2017,316,345,9906,209,0,0,0,145,49,38593,0,0,0,49410,9338,9409,0,0,0,486,11,66,66,9.800000000000001,4.1,8,1890,1358,37545,1880,26276,16496,276,2797,31292,1209,10076,127847,60635,42026,0,22799,0,6,128411,62104,3481,2366,1048,273,1029696792,857741989,0,171954803,19713208,198166756,-6498745,7789628,1684977,0,0,-394094,204843651,132249037,692604104,319128288,34804363,99703433,50483480,998483,4820310,97417044,13991303,28978756,650325460,113504344,13217748,56445952,44561573,1061702,16073603,102114024,6135861,26256525,379371332,368077540,40532559,120745124,89562134,0,100728,13966075,145555199,38841231,0,40361399,0,0,0,0,0,0,64091408,7486604,32474437,5482919,1959457,6605358,47600218,22682,6231720,0,0,90974,6623750,0,0,40849338,19265465,58710641,0,0,0,0,25256050,4621682,39386442,10077138,66057826,33726945,11697592,5131874,29939885,16495125,9961603,1245697,529183,5036830,18344196,61794521,68074649,83827118,12554532,3955023,2311384,232517227,32673018,4652421,89935754,105256034,232517227,6206997,211068301,-179994912,109592278,64179624,180032031,96204913,115750,375428,90251563,92640610,2704856,0,0,1145,446,2103955,322112,2426067,192,0,163815,352102,575713,76986,263449,312357,182394,133207,11243,32689,730120,212936,467488,0,361442,113331,218417,221,865343,239308,535961,0,407156,128557,249251,491,2013
106190280,encino hospital medical center,01jan2013,31dec2013,365,audited,excl. ind. audit adj.,los angeles,11,905,non-profit,general,comparable,,(818) 995-5000,16237 ventura blvd,encino,91436,bockhi park,ceo,,prime healthcare services,jeff brown,hospital management services,0,05-0158,hsc31408i,,150,150,58,16539,408,2636,380,0,1390,0,0,201,21554,1598,91,39,143,0,233,0,0,89,2193,109,13,0,0,28,0,6247,5857,0,0,9450,0,1727,436,0,0,30,0,39.4,39.4,9.800000000000001,5.6,0,0,0,1266,198,415,1514,0,2355,0,0,1899,7647,8306,0,0,1038,0,7,42516,24224,282,198,0,0,189495977,139857170,0,49638807,192860,53569715,-3738048,670815,0,0,0,-3067233,47966587,14730580,126798810,119022056,4367948,13888310,4703167,0,14901965,0,0,2946584,159830030,7542333,1099292,1033193,4404582,0,9850972,0,0,5735575,29665947,99039277,2611138,5110283,6243517,0,0,7981319,0,18008998,0,862638,0,0,0,0,0,0,21498180,703747,9395150,2864232,0,10055870,0,0,5121628,0,0,0,0,0,0,14595102,2472574,9127814,0,0,0,0,8283449,1921061,12616654,4553061,20288062,7190197,431174,2282429,3495831,6276659,1920663,414491,580127,0,10690082,17224418,0,11396149,3686282,0,0,32306849,5149456,0,0,27157393,32306849,1148736,40955461,-32242450,6972994,8928981,19671330,8275181,0,0,0,0,0,5318076,0,306,144,614649,52778,667427,189,0,43237,174948,142366,45265,85920,59623,15094,17723,26776,3697,282582,32970,91912,0,106539,58023,42623,0,306798,36643,101495,0,115275,61244,45972,0,2013
106040962,enloe medical center - esplanade campus,01jul2012,30jun2013,365,audited,incl. ind. audit adj.,butte,1,219,non-profit,general,comparable,,(530) 332-7300,1531 esplanade,chico,95926,mike wiltermood,president/ceo,www.enloe.org,enloe medical center,jessica snelling,enloe medical center,2,05-0039,,zzr00039f,298,277,186,38861,772,10681,0,3193,2182,10003,569,385,66646,7417,138,2684,0,665,577,2846,153,102,14582,228,30,0,40,0,0,56754,3056,0,6836,0,0,13401,681,0,500,0,0,61.3,65.90000000000001,4.6,4.6,12,3000,1346,144634,2013,62991,0,17328,24337,91935,5965,8534,357737,45699,133798,14749,160883,0,17,550612,503166,4054,4612,977,419,1573775544,1178861521,0,394914023,6338975,422970492,-21717494,7703626,890105,0,0,-14903973,335825985,291403794,946545765,527765306,12134638,140098663,0,46063160,20270852,168801438,11654514,3884839,930673410,260153053,3623800,113190785,0,31159896,24733208,184191778,19537625,6511989,643102134,647153922,13388689,187351723,0,0,66266697,33932431,176073084,32844207,0,19311379,0,2539389,0,0,0,0,130020140,2369749,63184508,0,10189964,10091415,162719182,10210912,6128153,0,-25191,0,4623352,0,0,80072518,73255610,125563127,0,0,0,0,53736625,10131553,58213656,21997403,152525654,67835250,40917226,885799,61554254,34330382,19897510,944926,2165746,9213173,32700572,81602680,26117434,243504950,11223504,146501299,10942848,519892715,70456494,0,221103087,228333134,519892715,6039415,159746227,-104233098,253814693,151374911,423890643,180385693,0,359161,225014116,225373277,4270190,0,0,2072,842,3796564,520021,4316585,216,0,193825,1014802,1180612,32034,534795,704662,74791,54627,3612,2804,1156680,721180,826667,0,441094,212639,438304,0,1291196,797988,927247,0,494940,238563,566651,0,2013
106474007,fairchild medical center,01jan2013,31dec2013,365,audited,excl. ind. audit adj.,siskiyou,1,203,non-profit,general,comparable,rural,(530) 842-4121,444 bruce street,yreka,96097,jonathon andrus,ceo,http://www.fairchildmed.org/,fairchild medical center,matt falkner,"wipfli, llp",4,05-1316,,zzr00217f,28,25,25,2779,0,1088,0,171,730,0,101,118,4987,860,0,396,0,63,333,0,40,47,1739,28,0,0,0,0,0,4987,0,0,0,0,0,1739,0,0,0,0,0,48.8,54.7,2.9,2.9,2,359,189,30000,0,28501,0,4342,21169,0,1940,2276,88228,13037,37293,0,36032,0,2,66589,123017,532,1866,130,59,141792139,82443196,0,59348943,319996,56347044,3321895,322997,0,0,0,3644892,15128645,17650559,109012935,29429851,0,6917226,0,1815813,13844932,0,1498231,1830049,55336102,35581617,0,11453427,0,5252575,29730905,0,2059744,2377769,86456037,41435269,0,13945167,0,0,6024469,11646566,0,4938278,0,3562475,0,890972,0,0,0,0,21128694,0,3401459,0,1043919,30288599,0,699872,2786400,0,0,0,322997,0,0,5436891,13828657,19003498,0,0,0,0,8623966,2298961,5695995,1459076,23968618,8745456,3463385,3387478,7308390,3537388,2435780,1053910,292642,254992,1899005,28082230,0,12355412,259667,41508,0,40738817,11979925,0,4940442,23818450,40738817,10542997,23136462,-8132748,17817305,19228774,37742371,25386959,5241244,0,0,5241244,300802,0,0,339,97,686089,19522,705611,25,0,90393,148380,92784,56855,52290,156299,74021,15067,0,0,84699,151850,173129,0,139966,58715,77730,0,88054,155859,181043,0,142811,58956,78888,0,2013
106301781,fairview developmental center,01jul2012,30jun2013,365,audited,excl. ind. audit adj.,orange,13,1016,state,specialty,state,,(714) 957-5000,2501 harbor boulevard,costa mesa,92626,william wilson,executive director,www.dds.ca.gov/fairview/index/cfm,state of california,vu tran,department of developmental services,0,05-0548,,,1218,862,355,291,0,129365,0,0,76,0,0,1316,131048,2,0,28,0,0,2,0,0,2,34,30,0,0,0,1188,0,610,0,0,0,130438,0,4,0,0,0,30,0,29.5,41.7,3854.4,152.5,0,0,0,0,0,0,0,0,0,0,0,0,0,0,0,0,0,0,0,0,0,0,0,0,0,135167187,1053516,0,134113671,0,135167187,-1053516,1053516,0,0,0,0,119593841,0,15573346,0,0,0,0,0,0,0,0,0,0,0,0,0,0,0,0,0,0,0,0,163214,0,881276,0,0,0,34,0,0,0,0,0,8992,0,0,0,0,0,0,0,0,0,0,0,0,0,0,0,0,0,0,0,0,0,0,0,0,0,0,0,0,0,0,0,0,0,0,0,0,0,0,0,0,0,0,0,0,0,0,0,0,0,0,0,0,0,0,0,0,0,0,0,0,0,0,0,0,0,0,0,0,0,0,0,0,25,0,0,0,0,0,0,0,0,0,0,0,0,0,0,0,0,0,0,0,0,0,0,0,0,0,0,0,2013
106370705,fallbrook hospital district,01jul2012,30jun2013,365,audited,excl. ind. audit adj.,san diego,14,1414,district,general,comparable,rural,(760) 728-1191,624 elder street,fallbrook,92028,kapua conley,ceo,www.fallbrook.ca.chs.net,fallbrook hospital district,jeff brown,hospital management services,0,05-0435,hsc30435f,,140,140,83,5656,1150,15045,512,0,5186,867,6,1131,29553,907,376,247,205,0,514,313,2,108,2672,47,0,0,0,93,0,6088,0,0,0,23465,0,2258,0,0,0,414,0,57.8,57.8,11.1,2.7,8,592,413,5886,2091,1581,3095,0,2882,4920,55,2466,22976,11708,0,0,10931,0,4,69019,84022,1004,1682,330,83,206784409,168969457,0,37814952,491393,45960998,-7654653,270150,687820,0,0,-8072323,31944274,29450810,145389325,39353442,22885459,10960690,7039277,0,14254433,19065923,702922,2609476,116871622,19755222,11149063,5001510,9138198,0,17290337,22416520,1161705,4000232,89912787,48348761,25644320,13309191,14174510,0,0,26722473,33149840,4512640,0,0,0,3107722,0,0,0,0,10759903,8390202,2653009,2002965,0,4822297,8332603,229151,624822,0,0,0,40830,0,0,7372622,3165349,14533393,0,0,0,0,6129595,1928676,10703833,2127530,17356130,6043516,1281086,1249538,6809463,5381612,2219108,1062317,535231,9912,4013085,7586957,0,17878280,13629,2046704,0,27525570,28193279,0,0,-667709,27525570,0,26395381,-20547292,19436065,8420373,29873698,11995418,0,0,0,0,0,0,25139495,312,86,588893,63235,652128,75,0,68749,110447,129154,29575,18561,160014,70171,0,2222,0,175699,38004,148453,0,107898,45957,72882,0,192453,42023,165786,0,119971,50881,81014,0,2013
106040875,feather river hospital,01jan2013,31dec2013,365,audited,excl. ind. audit adj.,butte,1,220,non-profit,general,comparable,,(530) 877-9361,5974 pentz rd.,paradise,95969,kevin erich,president/ceo,frhosp.org,adventist health,debra christian,feather river hospital,0,05-0225,,zzr00225f,100,100,55,11539,95,4270,263,1003,2902,0,1,122,20195,2703,22,1222,70,234,838,0,1,29,5119,100,0,0,0,0,0,20195,0,0,0,0,0,5119,0,0,0,0,0,55.3,55.3,3.9,3.9,12,1948,871,221434,1325,99875,7684,29319,91668,0,892,10550,462747,24113,151495,32496,237423,0,5,97177,72046,1243,1533,644,246,1009685615,838785777,0,170899838,2175609,168472717,4602730,11380354,8335016,0,0,7648068,91977420,216106279,701601916,271695185,2235185,70688004,4745506,22711148,76663337,0,396,3222767,451961528,274799532,2108010,101944269,10151906,29655033,124710192,0,140314,14214831,557724087,485152981,3856751,126860741,13498298,-1087722,46321388,143980655,0,6864219,0,3763230,0,9575236,0,0,0,0,61341736,486444,43236737,1399114,6044793,57392874,0,0,998140,0,0,438,365756,0,0,17888070,46449565,45890569,0,0,0,0,22837565,4299188,23964280,7143480,66170260,21345522,14003098,457677,22150053,21316322,6308415,1748880,1084827,2382821,11504842,54123058,316651,66467535,2771443,9641217,0,133319904,19719624,3254495,74933185,35412600,133319904,8201064,129652516,-104050978,86324724,33669028,134157683,67690148,0,0,0,76717553,1784368,5939913,77069243,971,279,1817958,202036,2019994,93,0,80470,376728,356763,70461,152235,425225,0,356076,0,0,283846,607300,408192,0,255673,93442,142077,27428,317339,672574,456695,0,282375,104331,157014,29666,2013
106190298,foothill presbyterian hospital,01jan2013,31dec2013,365,audited,incl. ind. audit adj.,los angeles,11,915,non-profit,general,comparable,,(626) 858-8541,250 so. grand ave,glendora,91741,robert curry,president/ceo,www.cvhp.org,citrus valley health partners,mercedes damoo,citrus valley health partners,0,05-0597,hsc30597f,,105,105,65,5884,3820,1880,1528,0,209,3622,232,607,17782,1206,1043,535,486,0,67,1333,69,230,4969,105,0,0,0,0,0,17782,0,0,0,0,0,4969,0,0,0,0,0,46.4,46.4,3.6,3.6,8,1626,862,13377,5915,3159,7874,0,2630,14718,939,6310,54922,33034,0,0,23612,0,4,137384,108037,1510,1773,493,373,267102942,191495379,0,75607563,1390481,71395124,5602920,703308,104925,0,0,6201303,45790902,37836887,183475153,49261473,36585989,15229453,11712087,0,2181185,32962582,2182446,5176603,155291818,24223691,18081215,5403892,15076602,0,3401024,35245067,1020934,9358699,111811124,58232539,36544319,13897169,21066734,0,0,3071583,40326492,3585961,0,3822822,0,10947760,0,0,0,0,15252625,18084493,6061842,5721955,0,2382832,27018049,0,1085767,0,0,0,462887,0,0,15557234,5473284,20747250,0,0,0,0,10255717,2921356,13769542,2670741,26910499,10069173,947011,1485327,9189873,11493081,3026104,608542,666450,134653,6864411,18067759,11686777,30767151,953503,0,169602,61644792,9721138,763247,2660236,48500171,61644792,5844434,21468866,-11948585,46652986,34048310,83351482,52584331,0,285733,2605203,3260298,600062,0,938647,354,130,744240,23062,767302,355,0,87028,138855,212781,47,32230,113403,75367,52862,25382,6285,234108,78747,192757,0,163680,40204,34744,0,243565,80293,198021,0,166580,41667,37176,0,2013
106301175,fountain valley regional hospital& medical center- euclid,01jan2013,31dec2013,365,audited,excl. ind. audit adj.,orange,13,1014,investor,general,comparable,,(714) 966-7200,17100 euclid street,fountain valley,92705,joe badalian,ceo,www.fountainvalleyhospital.com,tenet healthcare corporation,christina kim,tenet healthcare corporation,0,05-0570,,zzt30570f,400,400,232,23778,8607,11156,18839,7366,456,11567,560,2028,84357,3902,1960,1945,4546,1412,80,2914,97,687,17543,400,0,0,0,0,0,84357,0,0,0,0,0,17543,0,0,0,0,0,57.8,57.8,4.8,4.8,55,5749,2608,10278,5129,5281,16825,12024,2103,15216,122,4031,71009,42559,28,0,30725,0,9,626265,429045,6077,5034,1856,1015,1863150286,1544254606,23374568,342270248,5065585,332031354,15304479,0,0,0,0,15304479,259381275,135991749,1467777262,397825774,181098848,116464312,281019282,124607989,8573546,215433338,7580367,31841792,1364445248,91524560,57151750,17031916,138839250,58990788,5503688,107990965,946804,20725317,498705038,416806465,205419999,95207641,315449571,-4773362,175509586,12272937,241853445,5150857,0,39446280,0,41911187,2216516,21158052,0,0,72543869,35047115,32951245,105740883,7106916,1804297,81570858,0,5505065,0,0,0,0,0,0,60473027,10957544,103742639,0,0,0,191050,36906542,18626536,94409347,6724669,100003619,34931789,7656606,10690391,55995682,52137062,8235104,5495020,3722292,46778,53117011,75764635,0,87585887,1052641,92836,11081848,175577847,45099914,2497335,1314295,126666303,175577847,0,136424917,-90554080,88874942,74257015,176951171,89365284,0,2196907,0,2196907,882612,0,7210867,1234,647,2366939,344046,2710985,757,5,110820,570153,1006492,15595,182881,314371,21374,196,140475,4582,1072741,106757,739774,0,228384,27662,191621,0,1218664,122642,849573,0,261265,31069,227772,0,2013
106230949,frank r howard memorial hospital,01jan2013,31dec2013,365,audited,incl. ind. audit adj.,mendocino,1,112,non-profit,general,comparable,rural,(707) 459-6801,1 madrone street,willits,95490,rick bockman,ceo,www.howardhospital.com,adventist health,andrew kinnaman,"essential consulting, llc",0,05-1310,,zzr00440g,25,25,16,3023,109,178,964,460,166,483,30,71,5484,577,25,117,327,176,48,166,10,32,1478,20,0,0,0,5,0,4699,0,0,0,785,0,1368,0,0,0,110,0,60.1,60.1,3.7,3.4,0,0,0,11544,716,1093,6267,2594,1582,6146,328,1641,31911,9135,0,0,22854,0,2,88181,44487,776,693,0,0,119620272,73499621,0,46120651,726830,41865154,4982327,696134,0,0,0,5678461,19853264,18839378,80927630,37548374,1517009,2337548,6653278,6722152,2275330,10683225,490759,1187088,69414763,17834455,1128508,2172392,12671944,4362267,2444094,6102137,706637,2783075,50205509,35346662,1805036,400836,15252775,-7887,9199028,1957077,4164916,2271779,0,1818830,0,1290569,0,0,0,0,20036167,840481,3495557,4072447,1885391,2762347,12620446,0,407815,0,0,10000,686134,0,0,6557464,4231948,14511465,0,0,0,0,7796963,2214801,4970858,1581655,17228385,5072576,2966512,1096027,5950031,5160081,1311586,1436726,325931,0,1317299,40836838,698286,2655380,34060902,9234545,0,87485951,10865454,0,25000000,51620497,87485951,31259875,20158124,-12731587,2062278,10482956,13693052,11037672,0,0,25000000,25000000,0,9234545,0,214,63,399227,50405,449632,36,0,36563,76268,111547,1631,16643,91231,49205,11977,463,3699,96878,20553,125583,0,87333,27901,40979,0,108579,23335,142308,0,96729,32230,46451,0,2013
106014034,fremont hospital,01jan2013,31dec2013,365,audited,incl. ind. audit adj.,alameda,5,421,investor,psychiatric,comparable,,(510) 574-4825,39001 sundale drive,fremont,94538,john cooper,ceo,www.fremonthospital.com,"universal health services, inc.",ruth ann smotherman,"universal health services, inc.",0,05-4110,,hsp34110f,96,96,87,7919,301,2567,0,3797,110,16786,0,82,31562,655,25,376,0,436,15,2464,0,15,3986,0,96,0,0,0,0,0,31562,0,0,0,0,0,3986,0,0,0,0,90.09999999999999,90.09999999999999,7.9,7.9,0,0,0,2190,50,0,0,0,71,10726,0,40,13077,0,0,0,0,0,0,0,0,0,0,0,0,75537267,36907335,0,38629932,16318,23532430,15113820,36059,0,0,0,15149879,66567454,8022953,946860,16937794,644140,5249520,0,8119160,235400,36152820,0,175480,67514314,1359740,29260,0,0,0,46290,6562293,0,25370,8022953,9205466,335608,2898337,0,-9458,3614984,119509,18925315,1384277,0,107978,0,325319,0,0,0,0,8756752,325451,2217442,0,4355386,157019,22760510,0,57372,0,0,0,0,0,0,10150732,1167836,210627,0,0,0,0,4972367,1935202,4274647,821019,13993722,2059155,1449626,514913,1410590,1113564,586398,202079,64029,0,2138354,8912837,0,13223672,4593254,903353,66393807,94026923,51336129,0,0,42690794,94026923,0,9211140,-1731577,8677593,1363008,14969660,1745988,0,0,0,0,0,0,49235816,228,52,419715,55487,475202,9,0,67691,117023,104152,2994,0,40015,38303,49537,0,0,210723,22791,0,0,93408,42234,50559,0,240895,25822,0,0,103468,48776,56241,0,2013
106400480,french hospital medical center,01jul2012,30jun2013,365,audited,incl. ind. audit adj.,san luis obispo,8,801,non-profit,general,comparable,,(805) 542-6300,1911 johnson avenue,san luis obispo,93401,alan iftiniuk,ceo,www.frenchmedicalcenter.org,dignity health,james r. saurenmann,saurenmann & associates,0,05-0232,hsc30232h,hsp40232h,112,112,41,7517,909,679,856,338,498,3024,28,353,14202,2091,260,150,246,74,183,1103,4,153,4264,112,0,0,0,0,0,14202,0,0,0,0,0,4264,0,0,0,0,0,34.7,34.7,3.3,3.3,8,1220,555,29664,4369,1333,4193,1120,4018,14114,1529,10216,70556,17051,2366,0,50832,0,7,240431,200418,1168,2165,449,138,507901396,410219478,960881,98642799,2973912,98211805,3404906,1050502,0,0,0,4455408,73414682,25820258,408666456,173815859,20164737,10098088,15432676,8042146,10473185,63688612,557888,7620927,309894118,98279379,11006849,3229410,13079517,3310240,12113365,49983121,1023394,5982003,198007278,235182457,25620953,6369195,26921052,0,10096302,16593300,75449828,6862796,0,3508150,-19034,3634479,0,0,0,960881,36433970,5493542,6532702,1211840,1184702,5928224,38902420,217062,2738337,0,-651916,1000000,50502,0,0,13530191,4368881,39103160,0,0,0,0,13762925,3219896,20381694,3845058,29246882,14049056,4199565,1844180,19544918,12279224,3358952,635892,800004,2609271,9643861,36791315,7414733,34086323,2586219,724895,169039,81772524,13851833,1307410,49616234,16997047,81772524,10233264,71833509,-56923520,14917193,33227330,56887488,22801165,0,7906730,17485448,50694998,1078764,2129582,8329610,345,108,644972,96919,741891,210,0,65914,155587,214859,0,458,98252,62180,23558,8521,15643,144033,44569,217322,0,114724,37124,87200,0,175991,52088,248575,0,126213,41545,97479,0,2013
106105029,fresno heart & surgical hospital,01sep2012,31aug2013,365,audited,incl. ind. audit adj.,fresno,9,605,non-profit,general,comparable,,(559) 433-8000,15 e audubon,fresno,93720,wanda holderman,ceo,www.fresnoheart.com,community medical center,melvin garner,community medical center,0,05-0732,,hsp30732f,57,57,30,4673,1488,48,49,38,50,4464,33,60,10903,1159,285,18,18,6,27,1674,15,27,3229,57,0,0,0,0,0,10903,0,0,0,0,0,3229,0,0,0,0,0,52.4,52.4,3.4,3.4,0,0,0,8125,2126,64,51,9,84,4906,14,27,15406,0,3811,0,7876,0,7,353340,193020,2337,2962,0,0,280402282,207384227,0,73018055,803760,82132840,-8311025,363038,2075589,0,0,-10023576,36591913,15192227,228618142,72063509,24215017,808932,807560,514864,1232644,77612486,436473,830325,178521810,46921029,12826279,509076,208612,3233,729548,40303596,141898,237201,101880472,90413378,33532944,-1481484,643512,0,439920,445282,75615721,7112487,0,578371,0,84096,0,0,0,0,24997969,2686158,2772001,345306,78177,1457563,39665359,0,1015522,0,0,0,344038,0,0,9331013,3056110,37721485,0,0,0,0,8830185,1639385,17730879,3823783,27465513,5611553,2262672,1535330,21710187,10809447,5301985,807508,552402,736636,5339607,17351744,0,47318362,651306,891490,3663192,69876094,9032875,0,63401254,-2558035,69876094,5343844,42413934,-32306376,31538334,56880972,93603983,46285621,0,0,14590819,63570619,169365,0,48865800,406,121,757371,94610,851981,221,0,88378,245847,213600,71,32847,74883,86881,6391,5191,3282,166177,43783,287501,0,157105,37424,65381,0,191912,50158,319123,0,173982,43429,73377,0,2013
106104047,fresno surgical hospital,01jan2013,31dec2013,365,audited,excl. ind. audit adj.,fresno,9,605,investor,specialty,comparable,,(559) 431-8000,6125 north fresno street,fresno,93710,kristine kassahn,ceo,"www.fresnosurgicalhospital.com,",fsc hospital,jeff brown,hospital management services,0,05-0708,,hsp40708f,27,27,11,1876,0,7,0,0,297,1613,0,14,3807,1032,0,5,0,0,160,1002,0,9,2208,27,0,0,0,0,0,3807,0,0,0,0,0,2208,0,0,0,0,0,38.6,38.6,1.7,1.7,0,0,0,3336,0,50,0,0,989,6137,0,46,10558,0,0,0,3841,0,9,170045,215848,2211,6717,0,0,222065551,165799938,0,56265613,150843,53956577,2459879,926172,84607,0,0,3301444,9804100,0,212261451,49961769,0,134390,0,0,10380084,44834633,0,332288,105643164,32255168,0,390168,0,0,11322909,71693518,0,760624,116422387,63492636,0,127317,0,0,0,14897213,85630251,1652521,0,0,0,0,0,0,0,0,17880352,0,397241,0,0,6805780,30897900,0,284340,0,0,0,30357,0,0,3598563,0,29742837,0,0,0,0,7581186,2464419,4271849,6297723,13262318,4534209,616731,1873798,19764143,4079151,2052495,5114286,253189,298495,2107762,11024438,0,15212702,300080,0,8519,26545739,15287300,0,6988160,4270279,26545739,312096,26412223,-17937360,6551171,15490622,22041793,6829091,0,9211688,0,10480140,3491980,0,213420,211,67,393329,58358,451687,173,0,57176,70365,96946,498,29593,68348,45248,12847,12204,104,56292,0,146988,0,110237,49810,30002,0,65372,0,171643,0,125083,55974,33615,0,2013
106301283,garden grove hospital & medical center,01jan2013,31dec2013,365,audited,incl. ind. audit adj.,orange,13,1012,investor,general,comparable,,(714) 537-5160,12601 garden grove blvd,garden grove,92843,virg narbutas,ceo,www.gardengrovehospital.com,prime healthcare services,jeff brown,hospital management services,0,05-0230,hsc30230f,,140,140,66,7491,2450,5085,4153,1343,893,98,338,1053,22904,1480,592,1485,1183,354,313,38,114,458,6017,140,0,0,0,0,0,22904,0,0,0,0,0,6017,0,0,0,0,0,44.8,44.8,3.8,3.8,12,2860,1590,2404,1926,5577,7983,3009,3315,418,423,4731,29786,26838,5869,0,0,0,6,246139,99902,1246,815,1019,674,409555371,309240918,0,100314453,509831,87800789,13023495,2711872,1485650,0,0,14249717,102629051,47817463,259108857,94750210,31714696,61804240,57188488,14896932,14386223,1954352,3750277,16714894,297160312,13959922,8757000,15263876,34591617,8236813,12224924,3315195,1162583,14883129,112395059,92291078,31731576,65351699,54799707,-2693362,21733408,7226911,2999044,25116642,0,5291258,0,5392957,0,0,0,0,16419054,8740120,14031381,36980398,1400337,19384236,2270503,0,1088424,0,0,0,0,0,0,18110270,4025748,22431679,0,0,0,0,11112786,2622826,24578267,4919213,31100459,11803762,1164998,749368,8617424,12133645,2947637,477248,1055333,1891381,15859534,42461512,0,28813552,986280,273330,0,72534674,12448058,226606,25000000,34860010,72534674,331072,83954532,-72150259,20060341,13383848,40579707,11766155,25000000,0,0,25000000,0,0,1819776,502,201,941635,107634,1049269,79,0,59353,239351,346761,31569,35869,114597,85395,23912,4003,825,313035,75914,216972,0,179424,64444,91846,0,353608,82786,243359,0,196742,71819,100955,0,2013
106190315,garfield medical center,01jul2012,30jun2013,365,audited,excl. ind. audit adj.,los angeles,11,913,investor,general,comparable,,(626) 307-2010,525 n. garfield ave,monterey park,91754,phillip a. cohen,ceo,,garfield medical center,linda marsh,monterey park hospital,0,05-0737,hsc30432i,zzt30432i,210,210,164,22355,4698,8962,8133,325,927,5707,492,5710,57309,3249,1047,1972,2484,97,22,1725,110,2210,12916,182,0,0,28,0,0,50662,0,0,6647,0,0,12442,0,0,474,0,0,74.8,74.8,4.4,4.4,26,9321,4263,7947,4107,2396,9008,113,657,6953,440,3458,35079,23855,0,0,14477,0,10,244118,195893,2094,2044,2943,1809,1569306258,1379829253,51659922,241136927,942738,216893809,25185856,4188444,0,800,0,29373500,286058285,69623300,1213624673,437841088,135958121,180565307,193665696,7625592,15715323,133688751,11717286,146656504,1263433668,90697701,48128061,15820961,66857421,1347908,4070645,57488799,3041631,18419463,305872590,468320874,164737801,152079684,239660497,-2749316,8820526,16404205,150731162,13492912,0,26037196,0,142293712,11798292,24281570,0,15580060,60217915,31146673,36783728,44139243,151814,3381763,56026448,0,9289343,0,0,0,535040,0,0,44744635,5979132,57495015,0,0,0,0,17215742,11605724,68877612,10975949,66784654,28142426,1244709,854780,27532777,44115345,1250604,8547695,1552846,734722,36133251,103560866,0,6750740,795890,1500,34646733,145755729,110169895,0,0,35585834,145755729,74294515,222027218,-201145201,1636169,5908631,10973840,4223100,0,0,0,0,0,0,0,991,420,1793162,291420,2084582,718,0,121105,360174,654041,72717,127496,356885,65443,12560,20201,2540,721330,98115,494095,0,199066,88537,192019,0,851013,113560,575085,0,224165,101347,219412,0,2013
106190317,gateways hospital and mental health center,01jul2012,30jun2013,365,audited,incl. ind. audit adj.,los angeles,11,925,non-profit,psychiatric,comparable,,(323) 644-2000,18914 effie street,los angeles,90026,mara pelsman,ceo,www.gatewayshospital.org,gateways hospital,jeff brown,hospital management services,0,05-4028,,,55,55,37,0,0,0,0,10608,2529,0,0,42,13179,0,0,0,0,700,284,0,0,7,991,0,55,0,0,0,0,0,13179,0,0,0,0,0,991,0,0,0,0,65.59999999999999,65.59999999999999,13.3,13.3,0,0,0,0,0,0,0,115156,0,0,0,0,115156,0,115156,0,0,0,0,0,0,0,0,0,0,34857827,7803071,0,27054756,74958,27150585,-20871,1299326,27238,0,0,1251217,9225300,15546503,10086024,0,0,0,0,12962100,3465770,0,0,58923,16486793,0,0,0,0,18371034,0,0,0,0,18371034,0,0,0,0,0,6024215,1742875,0,0,0,35981,0,0,0,0,0,0,0,0,0,0,25308919,1722895,0,0,22942,0,0,884322,172642,0,0,2957033,11856566,3839446,0,0,0,0,4336153,818401,2174993,1167993,14332323,4034061,1629256,875684,1925594,1200870,719600,648888,149861,12645,1621803,9113153,570800,13799926,2572994,948201,0,27005074,4397533,92073,9807458,12708010,27005074,4451056,647396,-341360,16410752,1418955,20504552,6704626,52120,0,0,9845291,37833,0,0,321,25,594446,73259,667705,10,0,91105,305336,15748,22214,14137,65353,80553,0,0,0,95017,280910,59039,0,111111,11800,36569,0,102651,315434,67878,0,123607,15866,42269,0,2013
106270777,george l. mee memorial hospital,01oct2012,30sep2013,365,audited,incl. ind. audit adj.,monterey,8,709,non-profit,general,comparable,rural,(831) 385-6000,300 canal street,king city,93930,lex t. smith,ceo,www.meememorial.com,southern monterey county,"rodney a. phillips, cpa","rodney a. phillips, cpa",0,05-0189,,zzr00189f,95,95,95,2678,0,1388,19358,0,270,80,124,346,24244,141,0,438,780,0,22,20,38,29,1468,76,0,0,0,19,0,18276,0,0,0,5968,0,1463,0,0,0,5,0,69.90000000000001,69.90000000000001,16.5,12.5,3,1081,522,20867,0,25394,41570,0,18523,4288,6491,4316,121449,10341,77536,0,27800,0,3,168960,26850,2816,895,393,129,200831609,133815325,0,67016284,1302568,62617255,5701597,6096346,511479,0,0,11286464,34807292,49859729,116164588,26302003,0,15401961,29152316,0,5867983,3104339,4130757,4892301,88851660,24008547,0,19889945,32914808,0,15893858,7511745,5645381,6115665,111979949,43436183,0,16621601,46263322,-747356,0,2705459,1319806,10899488,0,13316822,0,0,0,0,0,0,6874367,0,17024034,14656745,0,19056382,9296278,0,108478,0,0,153746,6544,0,0,10313434,13491535,16414155,0,0,0,0,7234578,4320436,6729529,4113588,29085473,9548331,5668444,717467,5019299,5639237,2004684,685722,588175,1337610,2322813,19223664,0,20324837,2304711,5785,45114,41904111,16582416,0,24131802,1189893,41904111,1010666,27666364,-11738295,26990054,14584190,42862998,22538161,0,978485,8518531,27433402,3301600,0,0,420,112,777837,105584,883421,83,0,70844,201108,126521,33880,68474,159161,66051,42285,4742,4771,187036,192575,157045,0,120992,53102,67087,0,215185,213338,177476,0,137127,61870,78425,0,2013
106190323,glendale adventist medical center,01jan2013,31dec2013,365,audited,incl. ind. audit adj.,los angeles,11,909,non-profit,general,comparable,,(818) 409-8000,1509 wilson terrace,glendale,91206,kevin roberts,ceo,glendaleadventist.com,adventist health,natalya topuriya,glendale adventist medical center,0,05-0239,hsc30067f,zzt30067f,515,515,315,52137,5098,18424,9547,0,2358,14230,491,1978,104263,7678,1223,3290,2650,0,339,3975,184,743,20082,387,60,0,28,40,0,80069,17500,0,6694,0,0,17532,1944,0,606,0,0,55.5,55.5,5.2,5.2,22,4471,2235,66560,7504,12189,16099,0,20009,103342,222,9524,235449,48332,35756,5390,140090,0,13,465060,175800,3360,4082,1433,981,2006007154,1616650266,0,389356888,9433610,393531940,5258558,11281790,4242959,0,0,12297389,494082031,171320287,1340604836,687425261,98388100,243276701,158050842,0,29767938,225208643,9025346,27695998,1478838829,158497015,38363008,33641871,68889211,0,28266622,170247722,2633876,26629000,527168325,699957539,110128245,213396983,190114847,0,0,40211103,283685284,7977162,0,25026528,0,46152575,0,0,0,0,144887719,26531476,55098054,36622517,0,16352900,108747806,0,1116416,0,0,97949,2127654,0,0,75029046,22390894,106983413,0,0,493490,5476816,57131450,11502577,82816787,31707467,125188778,55174639,4368566,15374408,55122157,47944166,23460167,3741399,3551203,5659868,53946589,137708417,8312535,230837626,11540118,12413778,382159,401194633,41169835,34385338,169111195,156528265,401194633,65464635,359587134,-308666912,370589631,90105614,471915976,241078350,432629,3661,163127650,173919026,4807831,5414393,0,1876,728,3467163,468285,3935448,1221,24,298611,920176,1080844,112081,302404,557578,163097,0,19725,12647,1343051,257516,846407,16988,444661,197781,325313,35446,1548289,289830,961745,18053,491312,219395,365524,41300,2013
106190522,glendale memorial hospital and health center,01jul2012,30jun2013,365,audited,incl. ind. audit adj.,los angeles,11,909,non-profit,general,comparable,,(818) 502-1900,1429 south central avenue,glendale,91204-2594,jack ivie,president/ceo,glendalememorial.com,dignity health,james r. saurenmann,saurenmann & associates,0,05-0058,hsc30058f,zzt30058f,334,255,138,18502,4304,10766,6436,0,1142,4550,132,2617,48449,3346,879,2570,1592,0,185,1042,23,377,10014,241,49,0,14,30,0,45978,0,0,2471,0,0,9836,0,0,178,0,0,39.7,52.1,4.8,4.8,13,4052,1838,30752,5406,6523,16110,0,1891,21659,498,19780,102619,30231,32860,0,43012,1556,10,247180,162252,1864,3026,1186,848,942833343,749200688,6620257,200252912,6433643,232602871,-25916316,1542770,737117,0,0,-25110663,259684965,88036892,595111486,259497864,48333068,119657250,93655841,0,47813573,75932954,2990832,34173370,682054752,89239948,16019122,20419442,47910529,0,10751880,61178919,996527,14262224,260778591,319358623,60129885,131162312,93199389,0,0,27146853,59305073,29694507,0,25046765,0,4157281,2980545,2414266,0,1225446,28908393,7202850,7533577,50781247,0,29719365,71991551,0,4115929,0,-586227,125381,81765,0,0,44287870,13734566,60646099,1560467,0,633661,0,35957976,4795554,54918869,16067809,72661894,41130131,5002733,3939924,29528879,28409118,7733982,1876657,4459229,4438959,33421365,53343623,0,37891256,10637239,748709,0,102620827,49218928,4315004,77095854,-28008959,102620827,5955,201137231,-171604858,64790400,61978583,136038828,98147572,0,0,14777159,78350454,1254600,2776959,65547165,999,329,1826778,299982,2126760,302,0,158380,458171,578697,11817,75453,289467,158329,48244,17467,30753,536978,172820,481027,6996,326726,65108,232749,4374,646907,200161,552605,7731,370021,79736,264345,5254,2013
106110889,glenn medical center,01jul2012,30jun2013,365,audited,incl. ind. audit adj.,glenn,1,223,non-profit,general,comparable,rural,(530) 934-1800,1133 w. sycamore st.,willows,95988,sam ruma,ceo,,glenn medical center,"rodney a. phillips, cpa","rodney a. phillips, cpa",4,05-1306,,hsp30092j,14,14,14,764,0,141,0,23,70,0,0,32,1030,185,0,82,0,12,24,0,0,11,314,14,0,0,0,0,0,1030,0,0,0,0,0,314,0,0,0,0,0,20.2,20.2,3.3,3.3,0,0,0,13361,0,9692,0,2463,13429,0,0,1968,40913,6032,21359,0,13500,0,2,780,10620,13,354,0,0,32607739,17632008,0,14975731,93436,14529365,539802,300476,0,0,0,840278,1105560,6552890,24949289,3326725,0,744073,0,103760,657862,0,0,145898,4978318,8873452,0,6799063,0,1864991,8613165,0,0,1478750,27629421,6763853,0,5531001,0,0,1939614,1409506,0,1868950,0,28257,0,90827,0,0,0,0,5436324,0,2012135,0,29137,7363927,0,0,134208,0,0,90911,1565,0,150000,1183803,3861469,4090925,0,0,0,0,1892486,1075172,2155910,269600,6661461,1216153,1629750,185897,1092545,2289121,202282,293451,213349,17660,727696,5368163,0,1498426,865207,0,0,7731796,3636694,0,41520,4053582,7731796,2427758,5210907,-2954420,905648,3464868,4413064,2914638,742925,218900,0,961825,920305,0,0,124,26,239076,20734,259810,22,0,21142,54330,20413,19971,11690,70413,32355,6438,2324,0,25890,67958,41664,0,48268,26432,28864,0,28045,72903,45262,0,52782,28916,31902,0,2013
106420483,goleta valley cottage hospital,01jan2013,31dec2013,365,audited,incl. ind. audit adj.,santa barbara,10,807,non-profit,general,comparable,,(805) 967-3411,351 s. patterson avenue,santa barbara,93111,ronald c. werft,president/ceo,cottagehealthsystem.org,goleta valley cottage hospital,wendy kaufmann,cottage health system,0,05-0357,,,122,88,46,5956,325,108,6657,22,134,1349,0,133,14684,696,126,19,55,6,55,488,0,71,1516,67,0,0,0,55,0,3790,0,0,0,10894,0,1511,0,0,0,5,0,33,45.7,9.699999999999999,2.5,0,0,0,10064,2093,921,3081,224,1291,16559,0,3605,37838,18457,0,0,18197,0,4,191256,110629,1022,1597,0,0,183010009,108965205,0,74044804,588671,64037874,10595601,1068087,211808,0,0,11451880,23270736,15324767,144414506,49130824,6363124,650697,22852528,256762,2985757,25434788,0,2548738,110223218,22902050,4355896,1431853,4991187,358051,2694227,30790066,0,5263461,72786791,55196821,8401027,-370232,23008652,0,537237,3448672,7882522,1888081,0,1247611,0,7724814,0,0,0,0,16092903,2207407,2431294,4547790,59764,2172712,45908093,0,624841,0,0,200822,851816,0,0,11437020,4340403,27904472,0,0,0,0,10410499,1597998,7478921,868561,19927318,11507002,1227890,2835151,13117483,10539909,1307443,532032,537020,0,2506626,21503092,0,4655728,92646573,270383,0,119075776,17963964,2244905,16082754,82784153,119075776,5761426,21034569,-9654099,14563087,12864241,30061238,25405510,0,0,16082754,16082754,0,0,5857619,285,127,537248,61028,598276,121,0,30389,113979,140025,28591,90792,57533,64255,6376,5308,0,173901,55344,184030,0,90583,13125,20265,0,195236,61463,206249,0,98597,14525,22206,0,2013
106150775,good samaritan hospital,01jan2013,31dec2013,365,audited,excl. ind. audit adj.,kern,9,617,investor,general,comparable,,(805) 399-4661,901 olive drive,bakersfield,93308,james theiring,ceo,www.goodsamhospital.com,alliance investment hc,foster evans,hospital management services,0,05-0257,hsc30257g,zzt30257g,154,154,45,6354,1206,4548,543,499,2471,0,47,97,15765,1128,203,1094,125,111,707,0,10,38,3416,55,99,0,0,0,0,4234,11531,0,0,0,0,929,2487,0,0,0,0,28,28,4.6,4.6,0,0,0,22034,289,1570,5,0,1950,0,14,185,26047,0,14447,0,0,0,2,6732,7241,120,86,0,0,55428119,23606481,0,31821638,1247568,35274937,-2205731,431466,0,0,0,-1774265,36914518,9257250,9256351,18556893,3023260,13413910,1733416,1230275,5928476,0,100946,279200,44266376,8574324,162075,684387,565754,0,914259,0,6376,254568,11161743,13342822,1745732,2025972,-1358013,-1050624,619062,5939858,0,494387,0,1847285,0,0,0,0,0,0,13788395,1439603,12177909,3137229,336244,902877,0,0,39381,0,0,0,3765,0,0,7664076,2375571,3753406,0,0,0,0,5224481,1041931,12356491,2858981,12744868,2276197,1193039,1374393,1882269,2859145,561305,2113483,226044,750832,9293362,4747422,0,5167457,0,0,0,9914879,14613266,8962055,7196358,-20856800,9914879,1104466,7743780,-5566800,0,4581934,5663336,495879,0,34105,0,7502499,306141,0,15638425,330,131,634375,51597,685972,34,0,57716,109463,96180,50766,125475,98770,95679,0,326,0,268687,30568,54520,0,151017,52681,76902,0,288169,35282,58779,0,163600,55918,84224,0,2013
106190392,good samaritan hospital- la,01sep2012,31aug2013,365,audited,incl. ind. audit adj.,los angeles,11,925,non-profit,general,comparable,,(213) 977-2121,1225 wilshire bl,los angeles,90017,andrew leeka,president/ceo,www.goodsam.org,good samaritan hospital,rainbow jung,good samaritan hospital,0,05-0471,hsc30471f,zzt30471f,408,313,177,22036,4943,16719,3248,0,706,10657,1493,80,59882,3794,1009,3755,829,0,154,2920,464,31,12956,357,0,0,23,28,0,59882,0,0,0,0,0,12956,0,0,0,0,0,40.2,52.4,4.6,4.6,10,8021,3436,30369,3550,5657,3614,0,2106,22984,5712,68,74060,32492,4556,0,34476,140,16,455749,256977,2708,4775,2683,1298,1300879013,1035088879,998962,266789096,5672773,276306975,-3845106,14885464,619069,0,0,10421289,330876490,95138498,874864025,375357162,89908783,208879140,59981043,0,16718434,181539861,24830166,1349401,958563990,97348885,26602417,35266887,37118439,0,8903081,84706501,51816454,552359,342315023,385476326,96520850,181974940,83154601,0,0,17472957,178734221,12496540,0,71926912,0,7331532,242552,202141,0,554269,79608971,18336625,58051435,12474468,0,7776138,84230097,6140487,170875,0,5635389,1669373,5024093,0,0,55602532,10439112,93384547,1722051,0,2326841,624881,38058543,7412913,49742828,16992727,113132463,23959728,6302035,16000416,48085118,27060362,10246365,497715,1159998,4312114,25550661,74319387,80116555,71399372,44601544,78052483,0,348489341,70983950,4814790,70324676,202365925,348489341,5649104,52733365,-15045000,132000617,222670829,367193637,295794265,0,0,56505688,75074676,4750000,16913311,0,1288,520,2663979,373823,3037802,318,9,171182,637885,844554,1509,146144,345703,66331,92648,90261,267762,807030,158550,707558,19990,577171,130350,263330,0,945616,182060,824418,22322,615318,149054,299014,0,2013
106430779,good samaritan hospital- san jose,01jan2013,31dec2013,365,audited,incl. ind. audit adj.,santa clara,7,431,investor,general,comparable,,(408) 559-2011,2425 samaritan drive,san jose,95124,paul beaupre,ceo,goodsamsanjose.com,hca,william fretwell,hospital management services,0,05-0380,hsc00380i,,474,376,219,26786,4983,3811,2567,0,3241,34958,167,2119,78632,4985,1037,508,618,0,271,8335,49,504,16307,411,21,0,15,27,0,70009,4266,0,4357,0,0,15374,610,0,323,0,0,45.4,57.3,4.8,4.8,29,8100,3185,39395,6811,1741,7083,0,3193,67705,644,5493,132065,50257,23439,0,64136,0,14,644026,382440,4360,4718,2161,1390,2843116376,2298293987,0,544822389,2207594,460956334,86073649,10547146,652173,0,0,95968622,519034409,214286117,2109795850,715127435,145038094,71693868,54516096,0,86952348,823802420,5101751,48909837,1951141849,298811044,48934007,9291207,34744611,0,21307666,449086291,3207298,26592403,891974527,917615540,170379092,59237970,79098951,0,0,46050946,944152699,14802573,0,8307571,0,58648645,0,0,0,0,95472835,23474460,21485187,10083859,0,61620149,324026838,1478,8657583,0,-25340270,0,10426448,0,0,123256278,22002641,155249650,0,0,0,0,41245719,11840480,89426002,17935564,150212381,90543352,3160729,23800422,67094584,24910117,17881933,3111523,4863467,243672,75134154,340431831,0,126109312,2292521,0,24490599,493324263,132860151,0,865313,359598799,493324263,7875589,105083715,-25738335,158486875,119286294,293119045,167009733,0,1314673,0,1314673,449360,241298336,0,1424,730,2675961,384121,3060082,580,0,160740,589621,1162244,1670,315417,152090,189748,5535,38080,60816,1098266,174486,854575,0,382212,15357,151065,0,1276538,197435,976561,0,420497,16967,172084,0,2013
106190352,greater el monte community hospital,01jul2012,30jun2013,365,audited,incl. ind. audit adj.,los angeles,11,913,investor,general,comparable,,(626) 579-7777,1701 santa anita avenue,south el monte,91733,stanley toy,ceo,www.greaterelmonte.com,greater el monte community hospital,linda marsh,monterey park hospital,0,05-0738,hsc30615i,zzt30615i,117,117,50,2875,967,6521,4032,332,88,665,354,923,16757,598,211,857,1302,101,14,490,89,307,3969,104,0,0,0,13,0,12547,0,0,0,4210,0,3965,0,0,0,4,0,39.2,39.2,4.2,3.2,4,1228,567,3565,1654,6134,13538,513,520,2764,264,7728,36680,19089,0,0,19760,0,3,31684,17287,473,502,369,254,313381366,268758626,9945622,54568362,29464,57312059,-2714233,2227773,0,800,0,-487260,44036288,26695666,242649412,42585592,15075742,85782953,52344850,5106714,699693,5445514,2533805,14220134,223794997,11947976,5494456,16471846,29337615,2227247,752742,4344231,1147015,17863241,89586369,43542884,17926986,83616964,67535517,-2548048,5938507,1249333,5991250,17957106,0,13962512,0,13585615,0,9945622,0,0,10990684,2643212,16091719,20151744,148752,203102,3798495,0,540654,0,0,0,136747,0,0,11747896,3505634,10972071,0,0,0,0,5042879,3119303,20700021,2224255,18569561,7813364,1000848,332759,3368310,15304395,193566,1813722,664734,147837,8102963,28856854,0,825545,0,0,334690,30017089,17905786,0,24904383,-12793080,30017089,22278183,56837733,-50872969,179562,1381742,1561304,735759,0,0,0,24925189,20806,0,24925189,257,106,469633,73795,543428,178,0,36625,112898,166405,22597,24699,96496,27,1952,6088,1846,178333,44841,113545,0,45397,38467,49050,0,212676,50281,130498,0,50461,43613,55899,0,2013
106350784,hazel hawkins memorial hospital,01jul2012,30jun2013,365,audited,incl. ind. audit adj.,san benito,8,701,district,general,comparable,rural,(831) 637-5711,911 sunset drive,hollister,95023,ken underwood,ceo,www.hazelhawkins.com,san benito healthcare district,gaea dennis,hazel hawkins memorial hospital,0,05-0296,,zzr00296f,176,153,122,9784,91,27731,84,438,166,1249,31,2833,42407,992,12,731,25,120,57,476,11,95,2519,49,0,0,0,127,0,6913,0,0,0,35494,0,2249,0,0,0,270,0,66,75.90000000000001,16.8,3.1,10,931,451,33662,366,48149,1601,6283,5468,30226,1434,6284,133473,16110,40413,7385,69609,0,5,74336,79667,687,1477,284,162,247965801,168135917,0,79829884,3113705,87771752,-4828163,4181974,67602,0,0,-713791,47562743,30941788,169461270,46954690,362240,29956777,829851,5290630,2351958,18492533,593691,3882671,108715041,45961374,379708,28249407,1371603,6387399,7771228,42446844,760836,5922361,139250760,73699250,674867,31060855,2013831,-389928,9673406,4632682,35856262,7658407,0,2176039,0,1080246,0,0,0,0,19216814,67081,26765303,181179,1959510,5490504,25083115,0,1066378,0,0,954135,31917,3007875,0,17954244,14604644,24136724,0,0,0,0,13503270,4574847,8139896,4858127,34537016,18434548,6087783,2093492,8165057,8077856,5190020,1001235,112446,2038011,2034288,18659442,11342449,52554592,24156994,0,2485319,109198796,11971194,333335,57291829,39602438,109198796,5533383,33923094,-25511951,66904291,31501606,101878858,49324266,0,805328,57597302,58402630,1110801,0,0,465,174,850512,132699,983211,39,0,87200,123326,161846,32926,153031,159957,97205,19007,14108,1906,244963,127300,180548,0,163363,73930,60408,0,284578,147377,207885,0,186615,86930,69826,0,2013
106490964,healdsburg district hospital,01jan2013,31dec2013,365,audited,incl. ind. audit adj.,sonoma,3,401,district,general,comparable,rural,(707) 431-6500,1375 university street,healdsburg,95448,nancy goodfellow-schmid,ceo,www.nschd.org,northern sonoma county hospital district,john parigi,northern sonoma county hospital district,0,05-1321,,zzr00331i,42,38,27,4276,0,842,2663,218,500,44,32,154,8729,634,0,9,56,38,153,14,10,31,945,25,0,0,0,17,0,2906,0,0,0,5823,0,771,0,0,0,174,0,56.9,62.9,9.199999999999999,3.8,0,0,0,27999,0,2130,4973,1917,17150,1526,432,4670,60797,9710,25273,0,25701,0,3,26276,39186,190,785,0,0,89124784,55118118,30912,34037578,197714,42556451,-8321159,4469478,0,0,0,-3851681,16850051,23536533,48738200,16926949,0,2334671,7770761,1106772,3437634,319624,238072,1179686,33314169,24515214,0,1931695,4507283,2121852,16039862,1428318,385798,4880593,55810615,19698775,0,3534257,10602772,0,1955654,11797981,1058772,3773677,0,623870,0,2072360,0,30912,0,0,20340417,0,587677,1290527,1163670,7679515,689170,0,2286602,0,0,961979,60965,3418287,0,7171778,8516727,13336094,0,0,0,0,5290069,2120035,5553394,568354,16991819,6661077,5413162,1980779,4678987,2776321,1404163,1115589,267819,0,1266735,10405766,2448694,8151723,782249,118219,0,21906651,5402754,0,5650000,10853897,21906651,1428988,29818118,-22608903,6806758,8241198,15743526,7591803,0,0,6335000,6335000,685000,0,0,254,87,480640,58848,539488,31,0,53830,74617,81602,16127,77339,119339,37292,9815,5369,5310,108098,86646,103041,0,73602,51941,57312,0,122857,96268,115377,0,82302,58341,64343,0,2013
106304159,healthbridge children's hospital-orange,01jan2013,31dec2013,365,audited,excl. ind. audit adj.,orange,13,1015,investor,childrens,comparable,,(714) 289-2400,393 south tustin street,orange,92866,brian cotter,ceo,www.nhsltd.com,"nexus health systems, inc.",daniel parson,"nexus health systems, inc.",0,05-3308,hsc33308f,,27,27,27,12,0,829,3053,0,170,3200,0,0,7264,1,0,28,24,0,7,88,0,0,148,6,0,0,0,21,0,1569,0,0,0,5695,0,68,0,0,0,80,0,73.7,73.7,49.1,23.1,0,0,0,0,0,0,129,0,0,6170,0,54,6353,0,0,0,6353,0,0,0,0,0,0,0,0,38170528,28409541,0,9760987,526,9842573,-81060,0,904,0,0,-81964,21379973,0,16790555,64949,0,5073672,14365597,0,826530,14923047,0,0,35253795,0,0,0,57247,0,0,2840229,0,19257,2916733,52949,0,3507863,11591901,0,0,568104,12395587,293137,0,0,0,0,0,0,0,0,12000,0,1565809,2830943,0,258426,5074552,0,19257,0,0,0,0,0,0,2754691,0,2775175,0,0,0,0,1167298,128434,2166438,850537,5285544,1631685,0,247143,895723,258986,248125,87641,0,602412,585314,3206265,0,3618367,0,5461,0,6830093,800863,0,4931273,1097957,6830093,0,2850235,-541397,3849563,1468400,7058330,3439963,0,4931273,0,4931273,0,795573,0,121,25,212246,40016,252262,0,0,15973,110511,16599,18953,16809,0,11517,21884,0,0,123238,0,40475,0,23689,1728,23116,0,154879,0,43812,0,26103,2072,25396,0,2013
106154022,healthsouth bakersfield regional rehabilitation hospital,01jan2013,31dec2013,365,audited,incl. ind. audit adj.,kern,9,617,investor,specialty,comparable,,(661) 323-5500,5001 commerce drive,bakersfield,93309,martha samora,ceo,healthsouthbakersfield.com,healthsouth corp,robert mosesian,healthsouth bakersfield rehab hospi,0,05-3031,hsc33031f,,66,66,66,14712,763,2324,0,0,1555,1456,0,23,20833,1269,122,212,0,0,127,62,0,2,1794,0,0,0,66,0,0,0,0,0,20833,0,0,0,0,0,1794,0,0,86.5,86.5,11.6,11.6,0,0,0,0,0,0,0,0,0,0,0,0,0,0,0,0,0,0,0,0,0,0,0,0,0,42357559,8755219,0,33602340,37049,21816955,11822434,156523,0,4841352,0,7137605,21449219,0,20908340,30250802,1554634,4622510,0,0,2989019,2889037,0,51557,42357559,0,0,0,0,0,0,0,0,0,0,1450572,880984,3276637,0,0,0,1458345,1338439,323985,0,0,0,26257,0,0,0,0,28793610,633446,1196344,0,0,1464122,1489518,0,25300,0,0,0,0,0,0,6628408,0,4969842,0,0,0,0,3153510,333874,5385565,1345756,11458263,2404515,0,492653,1765224,3917326,807926,31142,465879,16141,457886,12879498,0,876722,0,0,5163828,18920048,1076401,0,0,17843647,18920048,7752130,5519650,-697274,0,2429032,2429032,1552310,0,0,0,0,0,961,0,190,85,346773,50150,396923,128,0,24457,71961,67632,48910,57446,27598,36381,10365,2023,0,172286,0,63274,0,64480,8529,38204,0,201113,0,71111,0,70901,9883,43915,0,2013
106304079,healthsouth tustin rehabilitation hospital,01jun2012,31may2013,365,audited,excl. ind. audit adj.,orange,13,1015,investor,specialty,comparable,,(714) 832-9200,14851 yorba st,tustin,92780,diana hanyak,ceo,,healthsouth corp,paula redmond,healthsouth tustin rehab hospital,0,05-3034,,,48,48,44,10828,0,0,335,0,509,3761,0,0,15433,951,0,0,29,0,59,351,0,0,1390,0,0,0,48,0,0,0,0,0,15433,0,0,0,0,0,1390,0,0,88.09999999999999,88.09999999999999,11.1,11.1,0,0,0,0,0,0,0,0,0,0,0,0,0,6,0,0,0,0,0,0,0,0,0,0,0,36564893,13690328,0,22874565,33129,20840012,2067682,596,0,0,0,2068278,17153561,12000,19399332,25703587,0,0,787275,0,1249619,8824412,0,0,36564893,0,0,0,0,0,0,0,0,0,0,7777190,0,0,452531,0,0,499846,4900607,60154,0,0,0,0,0,0,0,0,17887297,0,0,331736,0,746765,3908767,0,0,0,0,0,0,0,0,5254190,19999,3640351,0,0,0,0,2757337,564960,4451175,4152000,10215306,2031422,0,117104,1016430,2098029,243957,3787395,349906,15054,965409,2972363,0,866398,0,0,4123,3842884,7069668,0,435159,-3661943,3842884,0,3308368,-486457,0,1337163,1814719,948321,0,0,0,435159,0,0,0,153,62,283718,34551,318269,116,0,30078,53031,68556,19228,41136,23941,31532,16216,0,0,127695,0,53333,0,47096,12581,43013,0,144198,0,59291,0,52322,14181,48277,0,2013
106331194,hemet valley medical center,01jan2013,31dec2013,365,audited,incl. ind. audit adj.,riverside,12,1109,investor,general,comparable,,(951) 652-2811,1117 e. devonshire ave,hemet,92543,joel m bergenfeld,ceo,phh.com,"physicians for healthy hospitals, inc.",paul holden,moss adams llp,0,05-0390,hsc30390f,zzt30390f,327,247,153,18732,10332,6893,5653,0,3935,7386,0,2618,55549,3249,3387,712,1659,0,830,512,0,680,11029,283,0,21,0,23,0,43129,0,4810,0,7610,0,10183,0,771,0,75,0,46.5,61.6,5,4.4,18,2877,1328,36677,5292,3558,10858,0,3667,15945,0,11724,87721,49799,10316,0,9402,0,2,297484,99161,2441,1318,787,524,719570055,568463929,0,151106126,340174,143387244,8059056,2308421,0,0,0,10367477,149008953,100461845,470099257,236007929,58329870,51639128,52009760,0,6381773,84297994,0,17917913,506584367,91996785,20875026,7734729,30818847,0,4751522,38870962,0,17937817,212985688,248185803,65275469,48368125,63929761,0,0,6402661,98679198,31326389,0,0,0,6296523,0,0,0,0,78040947,13916624,10991990,17912650,0,4718837,24417334,0,1107744,0,0,0,0,0,0,32210849,10684648,36822982,0,0,0,0,19816503,4342385,34537609,4972268,44719288,10137923,1458992,6390860,19524814,32250523,675799,4939501,1217892,14485,22057167,33219255,0,3924305,777915,0,0,37921475,10559494,0,0,27361981,37921475,0,84385508,-63048860,3730000,2414932,6144932,2220627,0,0,0,0,0,8334062,0,682,388,1420793,110630,1531423,151,0,34081,356815,526356,26627,155942,175388,32274,0,97656,15654,616090,155468,344549,0,136526,53370,114790,0,661838,162824,376510,0,148100,56955,125196,0,2013
106190949,henry mayo newhall memorial hospital,01oct2012,30sep2013,365,audited,incl. ind. audit adj.,los angeles,11,903,non-profit,general,comparable,,(661) 253-8000,23845 mcbean parkway,valencia,91355,roger e. sever,president/ceo,www.henrymayo.com,henry mayo newhall memorial hospital,jeff wolf,"essential consulting, llc",2,05-0624,hsc30624f,zzt30624f,238,232,162,18806,6808,4372,2235,276,765,18929,569,1676,54436,4224,1579,1021,523,64,165,4342,133,390,12441,196,23,0,19,0,0,47545,4743,0,2148,0,0,11086,1168,0,187,0,0,62.7,64.3,4.4,4.4,8,2137,1169,14524,8560,4196,11631,339,2111,41642,1306,8161,92470,51996,0,0,46705,0,8,322477,273725,2884,2979,825,344,1331192935,1079309017,0,251883918,1773656,238351954,15305620,11445445,1011,0,0,26750054,280142388,137682460,913368087,309048474,119515948,60084368,41720460,6381773,14790081,321922829,9780798,28297027,911541758,84932247,38204073,16318031,37712391,1038752,9355531,197345287,4794209,29950656,419651177,344664327,112626679,68828409,75387488,0,7420525,18185599,371879408,16516026,0,14575007,0,49225549,0,0,0,0,46953914,42933166,7573990,4045363,0,5531746,137984611,0,6861128,0,0,9392394,1360649,0,0,52423147,17019105,66390117,0,0,0,0,31241694,6761497,44866174,19650220,82673310,20574127,0,21779665,36689313,20874460,14769533,2686510,1246580,6740039,30318417,126893925,16886472,122292775,4378083,1127119,9339933,280918307,34898509,3252509,125530050,117237239,280918307,63770377,103072719,-53722244,162354463,92112311,271862299,149569524,0,11613004,113323600,128375604,2845554,0,0,1119,487,2052333,307104,2359437,428,0,121457,513173,697018,53137,243347,338876,0,53482,19911,11932,902171,204347,414874,0,168244,148298,214399,0,1040028,227938,479747,0,191698,167918,252108,0,2013
106344021,heritage oaks hospital,01jan2013,31dec2013,365,audited,incl. ind. audit adj.,sacramento,2,311,investor,psychiatric,comparable,,(916) 489-3336,4250 auburn blvd,sacramento,95841,shawn silva,ceo,www.heritageoakshospital.com,"universal health services, inc.",ruth ann smotherman,"universal health services, inc.",0,05-4087,,hsm34104g,125,120,99,14836,0,5384,0,4088,0,11173,1736,242,37459,1211,0,736,0,442,0,1508,221,27,4145,0,125,0,0,0,0,0,37459,0,0,0,0,0,4145,0,0,0,0,82.09999999999999,85.5,9,9,0,0,0,6736,0,0,0,0,0,9392,0,0,16128,0,0,0,0,0,0,0,0,0,0,0,0,52604053,15313643,0,37290410,14467,22225869,15079008,67393,2910,0,0,15143491,41221815,7111600,4270638,17539374,0,6352244,0,4840290,0,14407305,2060104,293136,45492453,2767210,0,0,0,0,0,4344390,0,0,7111600,4386500,0,1948337,0,0,1157362,0,3564403,1351961,0,2382834,0,522246,0,0,0,0,15376919,0,4092374,0,3399051,0,14136771,0,285295,0,0,0,0,0,0,8542268,1641103,1453496,0,0,0,0,3965413,1438140,4243746,941703,12224499,2122740,2372324,0,1318848,1090298,915130,91713,95977,0,1994340,7959875,0,17296744,86230,897135,45168446,71408430,27319451,0,0,44088979,71408430,0,8274916,-839701,15502212,1578015,20087724,2790980,0,0,0,0,0,0,24228302,240,50,412208,87033,499241,22,0,30763,169372,102847,597,0,58168,33923,16538,0,0,203504,36381,3407,0,78983,41625,48308,0,270965,39878,3753,0,86627,45399,52619,0,2013
106362041,hi-desert medical center,01jul2012,30jun2013,365,audited,incl. ind. audit adj.,san bernardino,12,1214,district,general,comparable,rural,(760) 366-6478,6601 white feather road,joshua tree,92252,robert tyk,president/ceo,www.hdmc.org,hi-desert memorial hospital district,derek f. petrak,"petrak & associates, inc.",0,05-0279,,zzt30279f,179,179,150,9262,3663,31786,957,330,2486,1252,33,999,50768,1075,682,943,76,110,208,420,13,109,3636,59,0,0,0,120,0,10445,0,0,0,40323,0,3211,0,0,0,425,0,77.7,77.7,14,3.3,0,0,0,36999,9608,27074,2641,2948,7058,14392,391,8623,109734,23107,7418,3653,70676,0,4,125550,69889,556,1908,272,195,196958798,141274694,0,55684104,1005804,60666684,-3976776,796942,100479,0,0,-3280313,53645119,38190283,105123396,34240392,14443735,43162477,1959955,2593665,4169602,9817207,284142,3117701,113788876,21541042,7742816,24306552,2277724,2464530,5536406,11654059,331959,7314834,83169922,39680800,14181149,47940150,3328140,-1181482,4619217,7493145,13961591,9093297,0,1541242,-22715,640160,0,0,0,0,14834739,7686577,20225611,879059,402613,1893325,6802807,22715,2936658,0,0,18696,75267,628536,0,15294823,9350005,15644624,0,0,0,0,9896510,2483655,5894174,2102893,26213665,9012574,3469382,1799281,7546103,5745866,3211525,371094,340961,507311,2448922,31857891,0,13901886,4533324,137271,331058,50761430,8506255,0,6213260,36041915,50761430,1415081,28969913,-19887030,33259510,28041749,64013781,50111895,0,7511849,0,7511849,1298589,0,0,521,207,1010486,89679,1100165,34,0,90133,173718,215607,65026,144199,175194,130310,0,6058,10241,375464,132593,162238,0,188706,78456,73029,0,401359,143986,177725,0,208077,87106,81912,0,2013
106301205,hoag memorial hospital presbyterian,01oct2012,30sep2013,365,audited,incl. ind. audit adj.,orange,13,1016,non-profit,general,comparable,,(949) 764-4624,one hoag drive,newport beach,92663,robert braithwaite,ceo,www.hoag.org,hoag memorial hospital presbyterian,lurae greene,hoag memorial hospital presbyterian,0,05-0224,,zzt30224f,569,451,310,33810,10570,2644,2962,2722,1024,44000,0,4727,102459,6677,2430,682,759,624,251,11460,0,1346,24229,548,0,21,0,0,0,98585,0,3874,0,0,0,23711,0,518,0,0,0,49.3,62.2,4.2,4.2,62,12593,5681,89719,36827,3959,16695,12847,5425,183035,0,25940,374447,110798,23557,0,236857,16199,26,1001771,909468,6111,9769,3811,2213,2083723558,1387885871,98103874,793941561,30723989,821427408,3238142,162140443,9644162,0,0,155734423,252197527,127063099,1704462932,395720056,127809247,30247104,27819636,30356553,11430408,384528758,0,31717299,1039629061,353472920,118800377,7130455,22332719,32768790,9146097,446408484,0,54034655,1044094497,585701813,217014224,22804308,34787875,0,55801062,7387085,411141338,29003406,0,22754084,0,1490676,98103874,0,0,0,162850081,127437588,14118090,14989116,5896509,12792836,409076625,0,46780716,0,-82983,13364116,103302580,0,0,104631224,30890435,271535853,51829765,0,2105829,0,134438624,27788038,138868769,59338871,259377971,109962464,19722158,12665688,120345925,110894262,75398273,24986000,1238078,19411770,67424819,358711548,1173588524,728291282,12910249,220013042,0,2493514645,287745282,56735674,505673939,1643359750,2493514645,109379543,167112113,-99733706,735563035,442291342,1331703669,603412387,0,0,504000000,512804174,7130235,48327755,0,3791,1125,6898835,1049351,7948186,1817,0,592369,1639889,1843489,4934,488863,1041761,721485,502568,1849,61628,1740638,490198,2134148,26609,1553381,423113,529333,1415,2038226,574030,2451711,30836,1752728,477100,622077,1478,2013
106304460,hoag orthopedic institute,01oct2012,30sep2013,365,audited,incl. ind. audit adj.,orange,13,1016,investor,general,comparable,,(949) 517-3149,16250 sand canyon avenue,irvine,92618,dereesa reid,ceo,www.orthopedichospital.com,hoag memorial hospital presbyterian and physicians,lea t. plamann,hoag memorial hospital presbyterian,0,05-0769,,,70,70,26,4375,1181,3,12,0,498,3298,0,56,9423,1658,439,1,4,0,208,1533,0,24,3867,70,0,0,0,0,0,9423,0,0,0,0,0,3867,0,0,0,0,0,36.9,36.9,2.4,2.4,0,0,0,224,77,0,0,0,31,425,0,24,781,0,0,0,5,0,9,862458,150777,3850,776,0,0,260859375,170887293,0,89972082,2674244,72247515,20398811,2795324,112,0,0,23194023,22666101,0,238193274,102913959,26194995,66339,208593,0,13934712,97356514,0,1118026,241793138,5930088,2104582,0,0,0,831005,9752327,0,448235,19066237,82647379,19676661,45965,172449,0,0,8921260,57293867,1316391,0,810649,0,2672,0,0,0,0,26104691,8580180,20335,34163,0,5464077,49471121,0,297515,0,0,100,41388,0,0,9115385,0,36653539,0,0,7828,0,8335637,2084638,5975256,10075232,0,0,928064,21194227,24967352,13256534,1035676,9511891,698263,186623,468885,39341682,0,6192039,23901,54858755,520000,100936377,9589206,3876731,5320539,82149901,100936377,30868753,11870716,-3952974,0,7143853,8753366,2561327,0,0,0,6864181,1543642,0,139400,0,196,464880,0,464880,370,0,0,0,0,0,0,0,0,0,406907,57973,193317,0,213590,104,38365,0,19504,0,193317,0,213590,104,38365,0,19504,0,2013
106190382,hollywood presbyterian medical center,01jan2013,31dec2013,365,audited,incl. ind. audit adj.,los angeles,11,925,investor,general,comparable,,(213) 413-3000,1300 north vermont avenue,los angeles,90027-6000,ken rivers,ceo,www.hollywoodpresbyterian.com,"cha hollywood presbyterian medical center, lp",tim vanderford,hfs consultants,0,05-0063,hsc30063f,hsp30063f,434,410,245,27924,3213,35786,12102,0,213,4280,232,1063,84813,4255,643,4860,2670,0,42,913,48,213,13644,317,0,0,28,89,0,54234,0,0,5373,25206,0,12880,0,0,403,361,0,53.5,56.7,6.2,4.5,0,7151,3098,11145,2368,7668,13363,0,749,5410,1461,7412,49576,35080,1048,0,17287,0,6,255339,184901,1926,1773,2346,1418,953113822,698209728,5241248,260145342,5424689,234482592,31087439,3038741,4558423,0,0,29567757,164835028,78356060,709922734,266941993,34550429,230357558,122416676,0,3631612,40433135,3043997,34092945,735468345,60339109,11185080,34035048,54472768,0,2622093,26662101,4362782,23966496,217645477,238572970,33339097,191807014,146686282,-20765206,0,2923606,46937411,30308274,0,14481080,0,13919200,0,5241248,0,0,88708132,12396412,93350798,35444410,0,3330099,20157825,0,6757666,0,0,0,0,0,0,49686580,10575601,58803409,0,0,163198,308536,27235528,6820390,70781549,10107801,92058361,15859996,6082856,9303010,24628136,20201561,6410167,4363385,1779823,1116322,52678975,103702451,0,28223234,3173861,1873922,0,136973468,30637922,10711307,35718135,59906104,136973468,47294012,131931702,-104983434,12364073,42985984,55431563,27208329,0,0,0,35718135,0,26743,0,1088,499,2059910,244328,2304238,493,3,194437,530937,709856,142735,149113,286581,0,4767,36981,4503,895527,119687,580477,4554,142858,115459,184307,17041,1012838,130980,648588,4689,159693,126733,201363,19354,2013
106301209,huntington beach hospital,01jan2013,31dec2013,365,audited,incl. ind. audit adj.,orange,13,1014,non-profit,general,comparable,,(714) 942-1473,17772 beach blvd,huntington beach,92647,virg narbutas,ceo,www.hbhospital.com,prime healthcare services,jeff brown,hospital management services,0,05-0526,,zzt30526f,102,102,54,12692,1434,1039,1245,1242,1088,67,0,594,19401,1720,452,180,337,349,409,28,0,206,3681,77,25,0,0,0,0,12380,7021,0,0,0,0,3303,378,0,0,0,0,52.1,52.1,5.3,5.3,0,0,0,10841,942,681,2883,1359,3715,185,0,3230,23836,17390,0,0,0,0,3,24557,7622,301,121,0,0,212387808,157195186,0,55192622,312649,54646950,858321,1199472,271366,0,0,1786427,65036502,33297624,114053682,90433299,16420699,8446126,13313695,12774865,13172666,720570,0,7025874,162307794,14442413,2796582,1676584,6329737,6079355,9345561,1455263,0,7954519,50080014,77739024,15046695,9384407,6544934,0,15271882,3780848,1212111,22298693,0,2901928,0,3014664,0,0,0,0,26895233,4169000,738023,12525449,8310,9956619,850050,0,49938,0,0,0,0,0,0,10630448,4837678,11354979,0,0,0,0,7375452,1829726,15267710,3350957,19247048,6322570,1093447,689328,4964018,7358510,5168513,367787,383776,7888,9044065,32171499,0,63518469,1442836,76557,0,97209361,6512543,0,0,90696818,97209361,3457072,54708551,-46161713,43647069,5494553,68687072,5168603,0,7066,0,7066,7066,11500000,7239,336,128,645262,61909,707171,41,0,52437,209413,199094,31748,28336,43750,59923,11450,7355,1756,218742,79108,119896,0,121846,39969,65701,0,240737,86689,131146,0,132460,43655,72484,0,2013
106190400,huntington memorial hospital,01jan2013,31dec2013,365,audited,incl. ind. audit adj.,los angeles,11,911,non-profit,general,comparable,,(626) 397-5000,100 w. california blvd,pasadena,91102-3010,stephen a. ralph,ceo,www.huntingtonhospital.com,"pasadena hospital association, ltd",catherine derock,hfs consultants,2,05-0438,hsc30438f,zzt30438f,548,548,350,47319,12331,12663,3361,236,3731,38551,677,2763,121632,8389,2799,2242,910,37,782,10050,201,817,26227,471,41,12,24,0,0,104686,8636,3633,4677,0,0,24358,1018,518,333,0,0,60.8,60.8,4.6,4.6,48,7821,3044,42849,6866,5678,9177,17,6559,67687,963,9776,149572,59798,5887,0,90007,0,16,1736166,431316,8253,4094,2005,1426,2147005895,1642164549,0,504841346,23379002,533187874,-4967526,31447059,5336522,0,0,21143011,513669651,143983580,1489352664,646182626,193382345,158006108,51306501,4372584,50979254,540933113,8694828,34645905,1688503264,123489512,53638991,18082416,28110306,774639,14370286,182484424,3363668,34188389,458502631,635640660,191800551,86090927,71137119,0,4999265,54865225,477894748,19338197,0,18519071,0,81878786,0,0,0,0,132782469,55156453,45541016,8215453,147958,9296819,240677199,0,13023979,0,3625283,4007436,21652502,0,0,100108235,26680047,169115883,0,0,963772,5516614,84232807,14950596,97827853,33792067,185865841,80905548,16024885,11244691,95595030,34228429,29603329,7231205,2496126,9075711,60917079,296360336,67716274,348397073,65590776,15262312,5365339,798692110,79048210,1168952,255152297,463322651,798692110,39444489,237112534,-167917903,0,183974214,639737416,291340343,0,15324886,202537460,260679841,5527544,22753778,0,2803,1018,5206292,703729,5910021,933,39,420974,1351768,1570723,25215,479213,742993,523737,11555,41519,38595,1610385,324513,1213524,95597,1104285,296562,529870,31556,1851304,364934,1376538,98466,1244593,339526,598555,36105,2013
106121031,jerold phelps community hospital,01jul2012,30jun2013,365,audited,excl. ind. audit adj.,humboldt,1,109,district,general,comparable,rural,(707) 923-3921,733 cedar street,garberville,95542,harry jasper,administrator,www.shchd.org,southern humboldt community healthcare district,wes thew,"wipfli, llp",0,05-1309,,hsp30482g,17,17,17,176,0,2939,0,5,371,0,0,362,3853,24,0,17,0,2,5,0,0,5,53,9,0,0,0,8,0,953,0,0,0,2900,0,40,0,0,0,13,0,62.1,62.1,72.7,23.8,0,0,0,5357,0,1813,0,582,3362,0,136,2702,13952,2665,6482,0,4912,0,0,0,0,0,0,0,0,10916131,5444300,0,5471831,40979,6769517,-1256707,1379972,0,0,0,123265,1673394,5174523,4068214,255554,0,1195974,0,18696,207332,0,0,147764,1825320,3119697,0,1244989,0,456897,1942808,0,193218,2133202,9090811,983487,0,1063522,0,0,409769,881697,0,1792137,0,112466,0,201222,0,0,0,0,2373299,0,1360703,0,62211,393856,0,179346,1102416,0,0,36738,5680,1337554,0,1047457,1575367,1290305,0,0,0,0,780424,628185,1181152,266627,2626882,818370,963847,322954,607142,697855,198107,43714,109947,39034,341665,2897485,0,1342915,0,5852,0,4246252,974914,0,781656,2489682,4246252,1697895,2999437,-1961536,1611676,2079431,3926736,2583821,0,7736,873874,901587,119931,0,0,64,16,94178,38824,133002,4,0,27247,7607,18128,8381,6809,12985,10454,2567,0,0,26303,16957,8123,0,13452,13350,15993,0,40382,20417,17951,0,21048,14769,18435,0,2013
106380842,jewish home,01jul2012,30jun2013,365,audited,excl. ind. audit adj.,san francisco,4,423,non-profit,psychiatric,ltc emphasis,,(415) 469-2200,302 silver avenue,san francisco,94112,daniel ruth,ceo,www.jhsf.org,hebrew home for the aged,tracy moziak addleman,hfs consultants,0,05-4089,,zzr05169f,491,375,372,21488,927,103580,0,0,0,0,0,3586,129581,819,54,99,0,0,0,0,0,14,986,0,13,0,0,478,0,0,3291,0,0,126290,0,0,174,0,0,812,0,72.3,94.7,131.4,18.9,0,0,0,0,0,0,0,0,0,0,0,0,0,0,586,0,0,0,0,0,0,0,0,0,0,79124122,22811906,0,56312216,1060663,70985374,-13612495,8293759,127958,0,0,-5446694,68946851,15830,10161441,25945368,2855859,48539498,0,0,0,0,0,1783397,79124122,0,0,0,0,0,0,0,0,0,0,9063265,2013220,10609578,0,0,0,0,0,963449,0,162394,0,0,0,0,0,0,16882103,842639,37929920,0,0,0,0,0,657554,0,0,2441433,0,0,0,30263472,151727,3458077,0,0,658711,0,17611230,3116590,11414088,4311479,27750809,16659839,256900,12521282,4620574,511889,3141886,244359,153584,532564,4591688,15280888,0,54727341,328821,4406065,0,74743115,16505056,0,33664267,24573792,74743115,2775204,10268452,-1104461,85669987,16749679,103537542,48810201,0,0,0,33664267,0,0,33664267,587,297,1079820,180686,1260506,25,0,63844,38983,121760,49246,445936,54360,183139,82722,0,39830,662877,3879,39833,6047,264126,7081,95977,0,777732,4796,40644,7089,310142,7909,112194,0,2013
106220733,john c fremont healthcare district,01jul2012,30jun2013,365,audited,excl. ind. audit adj.,mariposa,9,603,district,general,comparable,rural,(209) 966-3631,5189 hospital road,mariposa,95338,alan macphee,ceo,,john c. fremont district,jeff clark,"steve clark & associates, inc.",0,05-1304,,zzr00443f,34,34,34,977,0,8446,0,0,133,0,0,32,9588,100,0,68,0,0,23,0,0,7,198,18,0,0,0,16,0,4879,0,0,0,4709,0,188,0,0,0,10,0,77.3,77.3,48.4,26,0,0,0,20294,0,9424,0,0,13021,0,0,1847,44586,11065,24788,2762,3373,0,0,0,0,0,0,0,0,26631781,10888767,0,15743014,1513339,18040653,-784300,2072480,0,0,0,1288180,5803080,10314098,10514603,2621808,0,3087838,0,0,837928,0,0,131020,6678594,9038516,0,3535838,0,0,6433417,0,0,945416,19953187,3946577,0,802248,0,-2690,0,4734484,0,1152314,0,74903,0,180931,0,0,0,0,7713747,0,5824118,0,0,1533137,0,0,672012,0,0,307779,1944,1762757,0,2620951,6363633,2551934,0,0,0,0,2106548,1160386,1993552,1243649,7981903,2431414,2397900,712081,1044943,1088100,618799,92819,95318,705525,871851,5002630,0,3783950,1565464,75581,323168,10750793,3419048,0,7637207,-305462,10750793,1431082,4959714,-2284652,6948226,4060201,12022018,8238068,0,500351,5090000,7840858,203651,0,0,175,54,326328,38036,364364,7,0,49045,32680,39168,15153,58510,95965,35807,0,0,0,68896,108580,36434,0,53489,30115,28814,0,77438,120697,39926,0,59838,33809,32656,0,2013
106331216,john f. kennedy memorial hospital,01jan2013,31dec2013,365,audited,excl. ind. audit adj.,riverside,12,1103,investor,general,comparable,,(760) 347-6191,47-111 monroe street,indio,92201-2588,gary honts,ceo,www.jfkmemorialhosp.com,tenet healthcare corporation,christina kim,tenet healthcare corporation,0,05-0534,hsc30534i,hsp30534i,156,145,109,6901,2754,6169,4902,810,624,1759,306,582,24807,1489,1026,2252,1865,406,158,685,110,229,8220,156,0,0,0,0,0,24807,0,0,0,0,0,8220,0,0,0,0,0,43.6,46.9,3,3,24,3506,2272,8128,3481,6142,11837,2204,2513,10982,187,6566,52040,36018,11553,0,5356,0,5,333495,197295,3256,2941,1948,760,814226285,688913000,0,125313285,2259776,124242914,3330147,0,910,0,0,3329237,88820843,86420008,638985434,155799688,80456196,96356901,87319278,17113049,17491094,66166138,7870531,16099761,544672636,42780895,32442903,22944606,53357672,10248213,11145207,63532754,1121641,31979758,269553649,172486916,97529918,92676492,111348775,-2403073,25109407,26331666,100830126,9729078,0,18998755,0,36274940,0,0,0,0,26093667,15369181,23257044,26410198,934293,2304635,28868766,0,2075501,0,0,0,0,0,0,18912954,8255113,36798238,0,0,0,0,16011059,7113058,35191696,1960796,41503490,17484498,3434168,2345842,16434259,19036384,3249212,1885912,1193584,20596,17654969,33217550,0,27401243,241137,4540959,4094113,69495002,13905353,1272582,164016,54153051,69495002,900,50056692,-34881540,38981187,20387263,63689974,36288731,0,325791,0,325791,161775,4487168,12831,507,211,926435,144166,1070601,171,0,65290,215629,374490,6481,41890,184068,13385,9595,15089,518,297775,106911,290175,0,86989,60444,84141,0,347198,121128,338315,0,97469,68787,97704,0,2013
106074039,john muir behavioral health center,01jan2013,31dec2013,365,audited,excl. ind. audit adj.,contra costa,5,411,non-profit,psychiatric,comparable,,(800) 680-6500,2740 grant street,concord,94520,calvin knight,president/ceo,johnmuirhealth.com,john muir health,bryan sheehey,"toyon associates, inc.",0,05-4131,,hsp34131f,73,73,57,2820,472,5863,9,2241,4229,4027,0,216,19877,491,81,823,1,346,699,669,0,48,3158,0,65,8,0,0,0,0,16897,2980,0,0,0,0,2484,674,0,0,0,74.59999999999999,74.59999999999999,6.3,6.3,0,0,0,2850,432,0,0,0,7207,8900,0,584,19973,0,0,0,2580,0,0,0,0,0,0,0,0,86657621,54212202,0,32445419,867848,34555095,-1241828,6008,0,0,0,-1235820,48471456,21457778,16728387,9959178,1669943,18104822,26741,7445013,13944425,13280681,0,739812,65170615,3134617,432997,0,0,0,7724632,9633179,0,561581,21487006,9081565,1361803,10665877,21592,0,4707687,12038438,14432740,787641,0,0,0,1114859,0,0,0,0,3835535,728786,7332612,4992,2693600,9503352,8346542,0,0,0,7376369,0,2788,0,0,14758929,2301985,1865039,0,0,0,0,6620539,2853140,4821684,1333779,16456959,7025987,1510943,62573,1313604,2586432,3629676,1247179,74643,0,647099,12618722,0,700749,0,0,0,13319471,3085735,0,0,10233736,13319471,6994106,14869580,-9528056,0,1130809,2445858,1745109,0,0,0,0,0,0,0,192,47,353036,47052,400088,51,0,18577,158315,74320,17203,5668,46473,23873,8265,127,215,203297,34428,7821,0,46610,26521,34359,0,231934,39281,8701,0,51612,30053,38507,0,2013
106071018,john muir medical center-concord campus,01jan2013,31dec2013,365,audited,incl. ind. audit adj.,contra costa,5,411,non-profit,general,comparable,,(925) 682-8200,2540 east street,concord,94520,calvin knight,president/ceo,johnmuirhealth.com,john muir health,bridget elrod,"toyon associates, inc.",0,05-0496,hsc00496f,zzr00496f,255,255,112,19286,6092,1968,4087,0,644,7897,399,449,40822,4432,1399,452,939,0,148,1815,92,103,9380,255,0,0,0,0,0,40822,0,0,0,0,0,9380,0,0,0,0,0,43.9,43.9,4.4,4.4,0,0,0,54892,25230,7767,27575,0,8102,62719,5496,6189,197970,49654,7836,0,151249,0,8,576783,136211,3253,1674,0,0,2001942278,1641545381,1522602,361919499,3557583,367133520,-1656438,3680978,6033999,0,0,-4009459,415315275,218254684,1368372319,551049187,189415556,51488000,122691611,0,27897135,297350088,25074114,28239176,1293204867,207933843,103283328,21164253,76147572,0,27570417,232484246,18884968,21268784,708737411,663553006,260134756,64735863,181692738,0,0,39786680,346269797,30878332,0,45951333,0,8542876,726865,0,0,795737,95430024,33290993,7793751,11005392,0,15680872,180088835,4271441,14358191,0,-1852966,0,1378277,0,0,67426711,28604356,129366939,0,510312,764272,0,59161398,11678814,52350646,17270072,120782355,64433764,10384531,7486720,51377712,55407245,19831596,1527218,1222830,2823885,31855664,975053293,509840,226409522,8127850,12176802,0,1222277307,1148014473,10139119,69252873,-5129158,1222277307,2294076,417142772,-354354336,275485832,104556306,412797369,186387847,0,0,72314123,72314123,3061250,903551091,0,1089,419,1889896,395195,2285091,711,0,86451,473142,709283,3954,139631,182078,242751,33587,17665,1354,571152,175960,615498,6772,385977,0,134537,0,721770,213396,733079,7731,455709,0,153406,0,2013
106070988,john muir medical center-walnut creek campus,01jan2013,31dec2013,365,audited,incl. ind. audit adj.,contra costa,5,411,non-profit,general,comparable,,(925) 939-3000,1601 ygnacio valley road,walnut creek,94598-3194,calvin knight,president/ceo,johnmuirhealth.com,john muir health,christina hank,"toyon associates, inc.",2,05-0180,,zzr00180f,572,420,234,31164,7997,4112,4992,0,1690,31330,58,3099,84442,6029,1558,830,1150,0,383,6632,12,645,17239,524,0,0,48,0,0,76988,0,0,7454,0,0,16654,0,0,585,0,0,40.4,55.1,4.9,4.9,27,5395,2300,113444,26603,7294,6409,0,8321,136742,13,8695,307521,47434,18260,79737,178737,0,10,927386,206256,11568,4040,2051,757,2960233177,2227155663,4323834,737401348,18947413,688061617,68287144,5257330,209546,0,0,73334928,855403476,338810016,1766019685,819001384,218433523,94417067,134616682,0,54175390,813092806,1625007,85851814,2221213673,238256978,80662339,9857494,22570389,0,25651485,331969575,48399,30002845,739019504,928302994,243332670,81786615,125785277,0,0,55775894,677763770,4212505,0,61952748,0,48243190,0,0,0,4323834,128955368,55763192,22487946,31401794,0,20906939,426523297,0,51362812,0,0,0,598326,0,0,122537285,69225933,202777034,0,0,909431,0,103787493,48825885,117252113,22746443,245611730,79631641,13417523,24976285,67812613,161486084,36508302,6697086,1948281,15742315,34229757,1484541584,0,572876839,3386010,8624999,4585151,2074014583,1113807195,60930323,421280119,477996946,2074014583,31230708,584260167,-462639255,639730545,177904371,896728480,323851641,0,0,427763869,427763869,6483750,1307919075,1024869169,1976,706,3537708,621014,4158722,1213,0,249297,913044,1248029,14839,169222,582261,241237,72159,36841,10779,1043752,482338,1201670,8030,549536,15474,236908,0,1260219,557373,1401055,9532,642794,17311,270438,0,2013
106196404,joyce eisenberg keefer medical center,01sep2012,31aug2013,365,audited,incl. ind. audit adj.,los angeles,11,905,non-profit,psychiatric,ltc emphasis,,(818) 774-3000,7150 tampa ave.,reseda,91335,molly forrest,president/ceo,http://www.jha.org,jewish home for the aging,jennifer hatch,hfs consultants,0,05-4147,,,249,249,249,6546,0,68770,0,0,0,2467,0,12112,89895,88,0,52,0,0,0,141,0,22,303,0,10,0,0,239,0,0,3406,0,0,86489,0,0,195,0,0,108,0,98.90000000000001,98.90000000000001,296.7,17.5,0,0,0,0,0,0,0,0,0,0,0,0,0,0,0,0,0,0,0,0,0,0,0,0,0,48304504,13428198,0,34876306,166872,36298658,-1255480,378,76645,0,0,-1331747,40208887,0,8095617,11120378,0,28569720,0,0,0,3396356,0,5218050,48304504,0,0,0,0,0,0,0,0,0,0,4704593,0,7364487,0,0,0,0,435161,80155,0,0,0,843802,0,0,0,0,6415785,0,21205233,0,0,0,2961195,0,4294093,0,-11117744,0,0,0,0,13000279,0,2730006,0,0,0,0,8137568,0,5526091,6904714,13511024,5228766,92928,1339134,3381186,4287645,3040597,12815,112091,3497056,1795416,4125379,0,64879875,221263,471084,0,69697601,6071932,0,0,63625669,69697601,2600,3858111,-31780,74222824,3245037,77789530,12909655,0,0,0,0,0,7315,0,402,227,763678,71638,835316,0,0,52091,16985,42732,86522,343209,41942,170245,9952,0,0,474364,0,0,0,240962,0,48352,0,515117,0,0,0,264829,0,55370,0,2013
106074097,kaiser foundation hospital - antioch,01jan2013,31dec2013,365,audited,excl. ind. audit adj.,contra costa,5,411,non-profit,general,kaiser,,(510) 987-3380,451 sand creek road,antioch,94531,george c halvorson,chairman,www.kp.org,kaiser foundation hospitals,armen shirinyan,kaiser permanente - regional office,0,,,,150,146,106,1436,11532,226,834,0,181,9296,0,418,23923,378,3270,57,298,0,66,3357,0,122,7548,150,0,0,0,0,0,23923,0,0,0,0,0,7548,0,0,0,0,0,43.7,44.9,3.2,3.2,0,0,0,996,8186,881,5723,0,1049,24929,0,2980,44744,43371,0,0,0,0,9,265829,516670,2076,5652,1144,356,0,0,0,0,0,0,0,0,0,0,0,0,0,0,0,0,0,0,0,0,0,0,0,0,0,0,0,0,0,0,0,0,0,0,0,0,0,0,0,0,0,0,0,0,0,0,0,0,0,0,0,0,0,0,0,0,0,0,0,0,0,0,0,0,0,0,0,60299426,21085184,77632115,17489219,453514,0,25341,39290523,3608480,32391949,10207491,0,0,67221,0,0,0,0,0,119308,0,0,0,0,0,0,0,0,0,0,0,0,0,0,0,0,0,0,0,0,0,0,0,0,0,0,0,0,701,129,1240961,236727,1477688,781,2,5867,41446,129818,9775,113166,0,0,920850,15916,4123,346464,0,130597,0,284356,25052,454492,0,415165,0,150124,0,338784,29813,543802,0,2013
106196035,kaiser foundation hospital - baldwin park,01jan2013,31dec2013,365,audited,excl. ind. audit adj.,los angeles,11,915,non-profit,general,kaiser,,(626) 851-1011,1011 baldwin park blvd.,baldwin park,91706,george c. halvorson,chairman,www.kp.org,kaiser foundation hospitals,armen shirinyan,kaiser permanente - regional office,0,05-0723,,hsp30723f,269,254,168,1009,17017,412,918,0,110,19634,0,943,40043,292,4872,112,376,0,41,6756,0,277,12726,269,0,0,0,0,0,40043,0,0,0,0,0,12726,0,0,0,0,0,40.8,43.2,3.1,3.1,0,0,0,931,15168,3038,10597,1,480,42139,0,33831,106185,76705,0,27128,0,0,12,460239,762182,3393,9351,1897,915,0,0,0,0,0,0,0,0,0,0,0,0,0,0,0,0,0,0,0,0,0,0,0,0,0,0,0,0,0,0,0,0,0,0,0,0,0,0,0,0,0,0,0,0,0,0,0,0,0,0,0,0,0,0,0,0,0,0,0,0,0,0,0,0,0,0,0,69924881,37952903,154651851,0,0,0,36974,82593721,2590728,35899740,15818954,0,0,5072866,0,0,0,0,0,39744,0,0,0,0,0,0,0,0,0,0,0,0,0,0,0,0,0,0,0,0,0,0,0,0,0,0,0,0,1190,371,2074395,415786,2490181,507,3,7406,42170,682627,9682,79761,0,0,1238422,0,14327,646406,121588,183740,34,711226,57963,353438,0,807750,140459,224765,38,833604,66364,417201,0,2013
106196403,kaiser foundation hospital - downey,01jan2013,31dec2013,365,audited,excl. ind. audit adj.,los angeles,11,921,non-profit,general,kaiser,,(310) 803-2121,9333 imperial highway,downey,90242,george c. halvorson,chairman,www.kp.org,kaiser foundation hospitals,armen shirinyan,kaiser permanente - regional office,0,05-0139,,zzt30139f,352,352,263,1368,23909,645,3813,0,808,37830,0,1147,69520,313,6106,156,1047,0,87,10203,0,351,18263,352,0,0,0,0,0,69520,0,0,0,0,0,18263,0,0,0,0,0,54.1,54.1,3.8,3.8,0,0,0,1309,15681,2315,13840,1,787,57041,0,39456,130430,95181,0,32307,0,0,25,785096,1395759,4598,12564,2472,1186,0,0,0,0,0,0,0,0,0,0,0,0,0,0,0,0,0,0,0,0,0,0,0,0,0,0,0,0,0,0,0,0,0,0,0,0,0,0,0,0,0,0,0,0,0,0,0,0,0,0,0,0,0,0,0,0,0,0,0,0,0,0,0,0,0,0,0,116802297,35986532,178292852,0,3137906,397105,487776,81503308,3436280,42301425,43012592,0,0,405274,0,0,0,0,0,55589,0,0,0,0,0,0,0,0,0,0,0,0,0,0,0,0,0,0,0,0,0,0,0,0,0,0,0,0,1537,598,2779731,509791,3289522,658,10,2334,74430,1023678,4944,128519,0,0,1454027,87255,4544,1161268,3899,323985,7246,846943,67415,368975,0,1392821,4363,386869,8038,983586,79235,434610,0,2013
106361223,kaiser foundation hospital - fontana,01jan2013,31dec2013,365,audited,excl. ind. audit adj.,san bernardino,12,1209,non-profit,general,kaiser,,(909) 427-5015,9961 sierra avenue,fontana,92335,george c. halvorson,chairman,www.kp.org,kaiser foundation hospitals,armen shirinyan,kaiser permanente - regional office,0,05-0140,,zzt30140f,529,529,390,3616,38951,1315,5072,2,965,53262,0,2758,105941,795,9228,227,1361,1,208,14269,0,673,26762,509,0,20,0,0,0,104110,0,1831,0,0,0,26172,0,590,0,0,0,54.9,54.9,4,4,0,0,0,1832,24931,2906,18043,3,1459,76235,2,58270,183681,131632,0,38582,0,0,26,828912,2290474,5051,26680,3718,1678,0,0,0,0,0,0,0,0,0,0,0,0,0,0,0,0,0,0,0,0,0,0,0,0,0,0,0,0,0,0,0,0,0,0,0,0,0,0,0,0,0,0,0,0,0,0,0,0,0,0,0,0,0,0,0,0,0,0,0,0,0,0,0,0,0,0,0,115356277,58249860,222795347,101022,3908299,0,3141415,99333459,3824446,60512390,85907024,0,0,323403,0,0,0,0,0,93728,0,0,0,0,0,0,0,0,0,0,0,0,0,0,0,0,0,0,0,0,0,0,0,0,0,0,0,0,1666,586,2868673,643262,3511935,997,54,4193,84623,1023040,3479,155528,0,0,1551033,37168,9609,1012959,82531,347655,41640,891431,85579,406878,0,1292881,95157,424916,45336,1042767,101890,508988,0,2013
106104062,kaiser foundation hospital - fresno,01jan2013,31dec2013,365,audited,excl. ind. audit adj.,fresno,9,605,non-profit,general,kaiser,,(510) 987-3380,7300 n. fresno street,fresno,93720-2941,george c. halvorson,chairman,www.kp.org,kaiser foundation hospitals,armen shirinyan,kaiser permanente - regional office,0,05-0710,,hsp30710f,169,169,90,689,13898,31,83,0,73,8986,0,538,24298,175,3610,13,26,0,24,3069,0,91,7008,169,0,0,0,0,0,24298,0,0,0,0,0,7008,0,0,0,0,0,39.4,39.4,3.5,3.5,0,0,0,410,10955,376,551,0,874,18263,0,1272,32701,29902,0,0,0,0,8,230335,565701,1729,7165,744,392,0,0,0,0,0,0,0,0,0,0,0,0,0,0,0,0,0,0,0,0,0,0,0,0,0,0,0,0,0,0,0,0,0,0,0,0,0,0,0,0,0,0,0,0,0,0,0,0,0,0,0,0,0,0,0,0,0,0,0,0,0,0,0,0,0,0,0,53803148,21592463,76090255,30800880,2362879,0,174263,32997394,3757690,30055430,6956742,0,0,700478,0,0,0,0,0,998733,0,0,0,0,0,0,0,0,0,0,0,0,0,0,0,0,0,0,0,0,0,0,0,0,0,0,0,0,775,109,1355041,260998,1616039,491,2,96003,64936,115563,8749,101606,0,0,964373,1045,2766,345177,0,164353,0,215297,140387,489827,0,423055,0,191021,0,255980,168687,577296,0,2013
106380857,kaiser foundation hospital - geary (s.f.),01jan2013,31dec2013,365,audited,excl. ind. audit adj.,san francisco,4,423,non-profit,general,kaiser,teaching,(510) 987-3380,2425 geary blvd.,san francisco,94115-3358,george c. halvorson,chairman,www.kp.org,kaiser foundation hospitals,armen shirinyan,kaiser permanente - regional office,0,05-0076,,,247,247,180,1779,21857,70,666,0,354,25247,0,498,50471,335,4259,19,227,0,42,6505,0,133,11520,247,0,0,0,0,0,50471,0,0,0,0,0,11520,0,0,0,0,0,56,56,4.4,4.4,0,0,0,651,8264,192,1614,0,1021,22418,0,19300,53460,33179,0,12214,0,0,12,635200,606612,3238,7510,1966,735,0,0,0,0,0,0,0,0,0,0,0,0,0,0,0,0,0,0,0,0,0,0,0,0,0,0,0,0,0,0,0,0,0,0,0,0,0,0,0,0,0,0,0,0,0,0,0,0,0,0,0,0,0,0,0,0,0,0,0,0,0,0,0,0,0,0,0,116393468,29347089,174628628,21618330,3319440,59226,9698366,90644524,3701862,48725939,17600306,0,0,1975957,0,0,0,0,0,2660507,0,0,0,0,0,0,0,0,0,0,0,0,0,0,0,0,0,0,0,0,0,0,0,0,0,0,0,0,1155,318,2097200,366590,2463790,837,76,27119,142719,245069,219467,135838,0,0,1266249,60739,0,591194,0,448852,0,322653,35723,698778,0,696085,0,523444,0,374309,38808,831144,0,2013
106190431,kaiser foundation hospital - harbor city,01jan2013,31dec2013,365,audited,excl. ind. audit adj.,los angeles,11,933,non-profit,general,kaiser,,(310) 517-5279,1100 west pacific coast hwy,harbor,90710,george c. halvorson,chairman,www.kp.org,kaiser foundation hospitals,armen shirinyan,kaiser permanente - regional office,0,05-0411,,zzt304114,231,231,175,1673,19438,334,1622,0,84,19610,0,781,43542,327,4382,109,545,0,32,6425,0,203,12023,231,0,0,0,0,0,43542,0,0,0,0,0,12023,0,0,0,0,0,51.6,51.6,3.6,3.6,0,0,0,913,14956,1664,6955,0,662,32282,0,23967,81399,57272,0,19690,0,0,11,441323,830427,3390,10648,1476,647,0,0,0,0,0,0,0,0,0,0,0,0,0,0,0,0,0,0,0,0,0,0,0,0,0,0,0,0,0,0,0,0,0,0,0,0,0,0,0,0,0,0,0,0,0,0,0,0,0,0,0,0,0,0,0,0,0,0,0,0,0,0,0,0,0,0,0,67199062,33046686,130746401,0,2331986,0,457806,51865849,2706976,36218166,25258280,0,0,420243,0,0,0,0,0,22880,0,0,0,0,0,0,0,0,0,0,0,0,0,0,0,0,0,0,0,0,0,0,0,0,0,0,0,0,1110,403,1997423,359648,2357071,474,4,5168,51268,647590,9238,140965,0,0,1094721,40429,8044,693640,93498,243640,172,615044,57837,293592,0,823320,111251,295222,208,713266,67850,345954,0,2013
106010858,kaiser foundation hospital - hayward,01jan2013,31dec2013,365,audited,excl. ind. audit adj.,alameda,5,421,non-profit,general,kaiser,,(510) 987-3380,27400 hesperian blvd.,hayward,94545-4235,george c. halvorson,chairman,www.kp.org,kaiser foundation hospitals,armen shirinyan,kaiser permanente - regional office,0,,,,319,319,180,1908,20655,244,1351,0,202,20489,0,475,45324,417,5155,38,419,0,61,6257,0,136,12483,319,0,0,0,0,0,45324,0,0,0,0,0,12483,0,0,0,0,0,38.9,38.9,3.6,3.6,0,0,0,1561,18240,1033,8253,2,1872,50295,0,36385,117641,79942,0,21234,0,0,14,454205,701622,3859,12972,1784,837,0,0,0,0,0,0,0,0,0,0,0,0,0,0,0,0,0,0,0,0,0,0,0,0,0,0,0,0,0,0,0,0,0,0,0,0,0,0,0,0,0,0,0,0,0,0,0,0,0,0,0,0,0,0,0,0,0,0,0,0,0,0,0,0,0,0,0,114747491,60729078,164934603,34099124,7691938,0,172016,115586550,6552611,65356713,11113440,0,0,2035215,0,0,0,0,0,1958297,0,0,0,0,0,0,0,0,0,0,0,0,0,0,0,0,0,0,0,0,0,0,0,0,0,0,0,0,1499,167,2616728,507562,3124290,697,4,11137,91103,100862,147455,94310,0,0,2164536,5685,1640,345563,0,322383,0,1022449,188666,737667,0,420261,0,381464,0,1226123,222258,874184,0,2013
106394009,kaiser foundation hospital - manteca,01jan2013,31dec2013,365,audited,excl. ind. audit adj.,san joaquin,6,507,non-profit,general,kaiser,,(209) 825-3500,1777 w. yosemite ave.,manteca,95337,george c. halvorson,chairman,www.kp.org,kaiser foundation hospitals,armen shirinyan,kaiser permanente - regional office,0,05-0748,,,239,239,168,1800,13368,3000,98,0,279,15065,0,376,33986,219,3398,32,31,0,45,5326,0,118,9169,201,0,0,0,38,0,29241,0,0,0,4745,0,9140,0,0,0,29,0,39,39,3.7,3.2,0,0,0,792,12396,867,3092,0,1584,42381,0,3047,64159,59909,0,0,0,0,12,331874,781038,2358,8925,1724,660,0,0,0,0,0,0,0,0,0,0,0,0,0,0,0,0,0,0,0,0,0,0,0,0,0,0,0,0,0,0,0,0,0,0,0,0,0,0,0,0,0,0,0,0,0,0,0,0,0,0,0,0,0,0,0,0,0,0,0,0,0,0,0,0,0,0,0,82382035,32536276,112653075,28383294,4149679,0,77012,57103133,5713010,37662804,14236955,0,0,1668078,0,0,0,0,0,911872,0,0,0,0,0,0,0,0,0,0,0,0,0,0,0,0,0,0,0,0,0,0,0,0,0,0,0,0,1001,189,1752511,346106,2098617,643,0,26055,250350,180799,33419,165210,0,0,1079326,13389,3963,490268,0,300882,0,360702,48819,551840,0,577104,0,353652,0,431113,58112,678636,0,2013
106334048,kaiser foundation hospital - moreno valley,01jan2013,31dec2013,365,audited,excl. ind. audit adj.,riverside,12,1109,non-profit,general,kaiser,,(951) 243-2262,27300 iris avenue,moreno valley,92555,george c. halvorson,chairman,www.kp.org,kaiser foundation hospitals,armen shirinyan,kaiser permanente - regional office,0,05-0765,,,71,71,66,1260,5221,144,1160,0,228,3972,0,498,12483,339,1252,52,421,0,75,1642,0,135,3916,71,0,0,0,0,0,12483,0,0,0,0,0,3916,0,0,0,0,0,48.2,48.2,3.2,3.2,0,0,0,1318,3282,1325,10982,0,1092,11928,0,4275,34202,33488,0,0,0,0,4,48897,248260,458,3155,795,263,0,0,0,0,0,0,0,0,0,0,0,0,0,0,0,0,0,0,0,0,0,0,0,0,0,0,0,0,0,0,0,0,0,0,0,0,0,0,0,0,0,0,0,0,0,0,0,0,0,0,0,0,0,0,0,0,0,0,0,0,0,0,0,0,0,0,0,23311168,7963072,25955058,0,332166,0,0,11994316,1135538,10575002,4761143,0,0,0,0,0,0,0,0,7038,0,0,0,0,0,0,0,0,0,0,0,0,0,0,0,0,0,0,0,0,0,0,0,0,0,0,0,0,260,133,482789,81192,563981,90,0,336,29401,210683,4933,39834,0,0,174325,21470,1807,259953,0,46704,0,77596,31419,67117,0,310434,0,53238,0,85911,35465,78933,0,2013
106010856,kaiser foundation hospital - oakland campus,01jan2013,31dec2013,365,audited,excl. ind. audit adj.,alameda,5,417,non-profit,general,kaiser,teaching,(510) 987-3380,280 w. macarthur blvd.,oakland,94611-5642,george c. halvorson,chairman,www.kp.org,kaiser foundation hospitals,armen shirinyan,kaiser permanente - regional office,0,05-0075,,,391,391,237,2067,29382,440,4347,0,312,32249,0,1211,70008,449,6150,55,1062,0,57,8782,0,342,16897,391,0,0,0,0,0,70008,0,0,0,0,0,16897,0,0,0,0,0,49.1,49.1,4.1,4.1,0,0,0,2978,16651,2542,12687,1,3156,49438,0,55755,143208,94534,0,33496,0,0,18,1039681,1236093,6118,11186,1465,739,0,0,0,0,0,0,0,0,0,0,0,0,0,0,0,0,0,0,0,0,0,0,0,0,0,0,0,0,0,0,0,0,0,0,0,0,0,0,0,0,0,0,0,0,0,0,0,0,0,0,0,0,0,0,0,0,0,0,0,0,0,0,0,0,0,0,0,158250291,71049102,215133206,34835615,1386012,622223,13396446,133475429,6452859,90347543,30329623,0,0,3572497,0,0,0,0,0,1266921,0,0,0,0,0,0,0,0,0,0,0,0,0,0,0,0,0,0,0,0,0,0,0,0,0,0,0,0,2002,277,3574552,660246,4234798,1161,102,259614,147503,196919,74480,249355,0,0,2575024,55265,16392,934840,0,379725,0,657505,135565,1466917,0,1093963,0,449186,0,796208,162856,1732585,0,2013
106304409,kaiser foundation hospital - orange co - anaheim,01jan2013,31dec2013,365,audited,excl. ind. audit adj.,orange,13,1011,non-profit,general,kaiser,,(714) 281-8645,441 lakeview avenue,anaheim,92807,george c. halvorson,chairman,www.kp.org,kaiser foundation hospitals,armen shirinyan,kaiser permanente - regional office,0,05-0609,,zzt30609g,350,326,307,1042,38374,828,3066,0,291,44088,0,285,87974,209,8721,159,886,0,89,13478,0,76,23618,350,0,0,0,0,0,87974,0,0,0,0,0,23618,0,0,0,0,0,68.90000000000001,73.90000000000001,3.7,3.7,0,0,0,553,22342,1125,7313,0,1335,63209,0,62136,158013,88139,0,58868,0,0,33,891068,1628503,5599,21793,3771,1821,0,0,0,0,0,0,0,0,0,0,0,0,0,0,0,0,0,0,0,0,0,0,0,0,0,0,0,0,0,0,0,0,0,0,0,0,0,0,0,0,0,0,0,0,0,0,0,0,0,0,0,0,0,0,0,0,0,0,0,0,0,0,0,0,0,0,0,148375709,31899946,210509614,0,2331135,0,26835,84125320,4194938,71870544,52237600,0,0,671195,0,0,0,0,0,62834,0,0,0,0,0,0,0,0,0,0,0,0,0,0,0,0,0,0,0,0,0,0,0,0,0,0,0,0,1967,797,3502303,645880,4148183,1011,47,20852,32023,1378416,6717,223987,0,0,1784305,49040,6963,1468451,593,476514,40,940890,83568,532247,0,1763749,609,577616,40,1076954,104063,625152,0,2013
106190432,kaiser foundation hospital - panorama city,01jan2013,31dec2013,365,audited,excl. ind. audit adj.,los angeles,11,905,non-profit,general,kaiser,,(818) 375-2295,13652 cantara street,panorama city,91402,george c. halvorson,chairman,www.kp.org,kaiser foundation hospitals,armen shirinyan,kaiser permanente - regional office,0,05-0137,,zzt30137f,218,218,145,1033,16860,460,1211,0,132,18078,0,718,38492,240,4335,69,417,0,42,5220,0,217,10540,218,0,0,0,0,0,38492,0,0,0,0,0,10540,0,0,0,0,0,48.4,48.4,3.7,3.7,0,0,0,920,13454,1059,6741,0,706,29841,0,6922,59643,55922,0,0,0,0,10,305038,690182,2337,9019,1444,592,0,0,0,0,0,0,0,0,0,0,0,0,0,0,0,0,0,0,0,0,0,0,0,0,0,0,0,0,0,0,0,0,0,0,0,0,0,0,0,0,0,0,0,0,0,0,0,0,0,0,0,0,0,0,0,0,0,0,0,0,0,0,0,0,0,0,0,66363713,25904650,91165837,0,1807217,0,0,47934931,1733792,28852754,21722752,0,0,267619,0,0,0,0,0,37316,0,0,0,0,0,0,0,0,0,0,0,0,0,0,0,0,0,0,0,0,0,0,0,0,0,0,0,0,957,364,1709236,315631,2024867,645,0,1712,16914,592390,628,133056,0,0,929330,31167,4039,646590,45,201489,0,569289,42720,249103,0,782825,56,240982,0,655831,48955,296218,0,2013
106410804,kaiser foundation hospital - redwood city,01jan2013,31dec2013,365,audited,excl. ind. audit adj.,san mateo,4,428,non-profit,general,kaiser,,(510) 987-3380,1150 veterans blvd.,redwood city,94063-2037,george c. halvorson,chairman,www.kp.org,kaiser foundation hospitals,armen shirinyan,kaiser permanente - regional office,0,05-0541,,,213,213,107,1093,14069,36,291,0,257,12727,0,456,28929,226,3141,12,64,0,57,3981,0,114,7595,213,0,0,0,0,0,28929,0,0,0,0,0,7595,0,0,0,0,0,37.2,37.2,3.8,3.8,0,0,0,386,7155,129,713,0,1101,15798,0,21578,46860,25599,0,12508,0,0,10,400546,388824,2439,4806,1212,266,0,0,0,0,0,0,0,0,0,0,0,0,0,0,0,0,0,0,0,0,0,0,0,0,0,0,0,0,0,0,0,0,0,0,0,0,0,0,0,0,0,0,0,0,0,0,0,0,0,0,0,0,0,0,0,0,0,0,0,0,0,0,0,0,0,0,0,64049207,22112780,86470926,12110713,661748,0,0,39336343,1901682,34497232,7367280,0,0,1086299,0,0,0,0,0,579242,0,0,0,0,0,0,0,0,0,0,0,0,0,0,0,0,0,0,0,0,0,0,0,0,0,0,0,0,728,173,1350590,223050,1573640,515,0,5360,60681,92498,68871,138654,0,0,924888,59638,0,507231,0,187755,0,182078,34663,438863,0,593683,0,215839,0,211401,41060,511657,0,2013
106334025,kaiser foundation hospital - riverside,01jan2013,31dec2013,365,audited,excl. ind. audit adj.,riverside,12,1111,non-profit,general,kaiser,,(909) 353-3091,10800 magnolia avenue,riverside,92503,george c. halvorson,chairman,www.kp.org,kaiser foundation hospitals,armen shirinyan,kaiser permanente - regional office,0,05-0686,,zzt30686f,222,222,149,1304,19459,207,1196,0,438,22633,0,600,45837,231,4017,53,358,0,75,6655,0,177,11566,222,0,0,0,0,0,45837,0,0,0,0,0,11566,0,0,0,0,0,56.6,56.6,4,4,0,0,0,492,9197,397,3960,0,401,26138,0,38416,79001,39282,0,34623,0,0,7,333500,788615,2306,9758,1984,949,0,0,0,0,0,0,0,0,0,0,0,0,0,0,0,0,0,0,0,0,0,0,0,0,0,0,0,0,0,0,0,0,0,0,0,0,0,0,0,0,0,0,0,0,0,0,0,0,0,0,0,0,0,0,0,0,0,0,0,0,0,0,0,0,0,0,0,82251365,33878554,138653054,0,2776995,0,2161601,82465584,2372548,33965905,22640782,0,0,217439,0,0,0,0,0,35506,0,0,0,0,0,0,0,0,0,0,0,0,0,0,0,0,0,0,0,0,0,0,0,0,0,0,0,0,1242,430,2159329,444646,2603975,617,22,7199,82851,783314,17817,76330,0,0,1171541,17974,2303,734453,149562,204579,31620,709689,50617,278809,0,917588,175858,246857,35136,827286,60355,340895,0,2013
106314024,kaiser foundation hospital - roseville,01jan2013,31dec2013,365,audited,excl. ind. audit adj.,placer,2,309,non-profit,general,kaiser,,(916) 784-4000,1600 eureka road,roseville,95661,george c. halvorson,chairman,www.kp.org,kaiser foundation hospitals,armen shirinyan,kaiser permanente - regional office,0,05-0425,,zzr00425f,340,340,242,2166,21088,782,2988,0,1112,35162,0,675,63973,569,5982,139,736,0,126,9758,0,205,17515,340,0,0,0,0,0,63973,0,0,0,0,0,17515,0,0,0,0,0,51.5,51.5,3.7,3.7,0,0,0,1789,26632,2140,6234,0,1544,51550,1,22651,112541,84267,0,12083,0,0,21,407955,1305900,3817,19062,3787,1314,0,0,0,0,0,0,0,0,0,0,0,0,0,0,0,0,0,0,0,0,0,0,0,0,0,0,0,0,0,0,0,0,0,0,0,0,0,0,0,0,0,0,0,0,0,0,0,0,0,0,0,0,0,0,0,0,0,0,0,0,0,0,0,0,0,0,0,159758330,47430767,155697981,50177373,1059021,0,0,96164607,5701696,62223090,17575513,0,0,2032706,0,0,0,0,0,1013657,0,0,0,0,0,0,0,0,0,0,0,0,0,0,0,0,0,0,0,0,0,0,0,0,0,0,0,0,984,259,1746956,318202,2065158,1219,0,6037,40743,258340,118046,144973,0,0,1161246,17571,0,530507,0,292778,0,482881,31421,409369,0,620226,0,349840,0,578961,36958,479173,0,2013
106340913,kaiser foundation hospital - sacramento/roseville,01jan2013,31dec2013,365,audited,excl. ind. audit adj.,sacramento,2,311,non-profit,general,kaiser,,(510) 987-3380,2025 morse ave.,sacramento,95825-2115,george c. halvorson,chairman,www.kp.org,kaiser foundation hospitals,armen shirinyan,kaiser permanente - regional office,0,05-0425,,,287,240,152,3644,19052,401,2216,0,288,15284,0,1787,42672,732,4389,54,509,0,78,3480,0,366,9608,287,0,0,0,0,0,42672,0,0,0,0,0,9608,0,0,0,0,0,40.7,48.7,4.4,4.4,0,0,0,3354,14483,2955,20361,0,1641,29333,0,42825,114952,83243,0,24845,0,0,13,806788,900772,3823,7928,0,0,0,0,0,0,0,0,0,0,0,0,0,0,0,0,0,0,0,0,0,0,0,0,0,0,0,0,0,0,0,0,0,0,0,0,0,0,0,0,0,0,0,0,0,0,0,0,0,0,0,0,0,0,0,0,0,0,0,0,0,0,0,0,0,0,0,0,0,83377459,59405684,186962249,28647605,6643486,0,2652343,93609638,4633086,48043553,13618857,0,0,3075390,0,0,0,0,0,1634867,0,0,0,0,0,0,0,0,0,0,0,0,0,0,0,0,0,0,0,0,0,0,0,0,0,0,0,0,863,187,1534904,263745,1798649,1186,25,19376,28975,69067,95924,220474,0,0,1097188,3900,0,334032,0,251158,0,253461,10115,686138,0,393208,0,289916,0,294636,11578,809311,0,2013
106370730,kaiser foundation hospital - san diego,01jan2013,31dec2013,365,audited,excl. ind. audit adj.,san diego,14,1416,non-profit,general,kaiser,,(619) 528-3173,4647 zion avenue,san diego,92120,george c. halvorson,chairman,www.kp.org,kaiser foundation hospitals,armen shirinyan,kaiser permanente - regional office,0,05-0515,,zzt30515f,392,392,328,2521,36645,303,2969,0,664,42153,0,1126,86381,588,9236,64,891,0,118,12081,0,278,23256,392,0,0,0,0,0,86381,0,0,0,0,0,23256,0,0,0,0,0,60.4,60.4,3.7,3.7,0,0,0,757,28390,283,7512,0,667,65635,0,55667,158911,99853,0,49679,0,0,24,906616,1582503,6142,21378,2920,1598,0,0,0,0,0,0,0,0,0,0,0,0,0,0,0,0,0,0,0,0,0,0,0,0,0,0,0,0,0,0,0,0,0,0,0,0,0,0,0,0,0,0,0,0,0,0,0,0,0,0,0,0,0,0,0,0,0,0,0,0,0,0,0,0,0,0,0,143138807,66763183,232537194,0,2401127,430744,181259,121909040,5101350,64111109,31051641,0,0,4558610,0,0,0,0,0,28457,0,0,0,0,0,0,0,0,0,0,0,0,0,0,0,0,0,0,0,0,0,0,0,0,0,0,0,0,2027,778,3684153,655131,4339284,1250,40,7178,254999,1404764,5541,85330,0,0,1803010,123331,0,1539286,242247,306627,11657,1020045,99911,464380,0,1820003,277030,358975,12806,1179072,117508,573890,0,2013
106431506,kaiser foundation hospital - san jose,01jan2013,31dec2013,365,audited,excl. ind. audit adj.,santa clara,7,431,non-profit,general,kaiser,,(510) 987-3380,250 hospital parkway,san jose,95119-1103,george c. halvorson,chairman,www.kp.org,kaiser foundation hospitals,armen shirinyan,kaiser permanente - regional office,0,05-0604,,,242,242,133,2711,19077,312,752,0,310,15575,0,643,39380,503,4392,59,264,0,105,5541,0,187,11051,242,0,0,0,0,0,39380,0,0,0,0,0,11051,0,0,0,0,0,44.6,44.6,3.6,3.6,0,0,0,1411,11636,803,4336,0,1339,31696,0,35014,86235,53250,0,23671,0,0,15,453809,635410,3410,8539,1595,515,0,0,0,0,0,0,0,0,0,0,0,0,0,0,0,0,0,0,0,0,0,0,0,0,0,0,0,0,0,0,0,0,0,0,0,0,0,0,0,0,0,0,0,0,0,0,0,0,0,0,0,0,0,0,0,0,0,0,0,0,0,0,0,0,0,0,0,82099707,38795736,116524527,23907372,4101021,0,0,58317885,2838959,41446048,17193956,0,0,2242035,0,0,0,0,0,909603,0,0,0,0,0,0,0,0,0,0,0,0,0,0,0,0,0,0,0,0,0,0,0,0,0,0,0,0,886,109,1581568,299189,1880757,574,0,86695,1638,61699,35322,92898,0,0,1265894,37422,0,279480,0,105287,0,274942,99701,822158,0,339014,0,129860,0,326096,122840,962947,0,2013
106210992,kaiser foundation hospital - san rafael,01jan2013,31dec2013,365,audited,excl. ind. audit adj.,marin,4,405,non-profit,general,kaiser,,(510) 987-3380,99 montecillo road,san rafael,94903-3308,george c. halvorson,chairman,www.kp.org,kaiser foundation hospitals,armen shirinyan,kaiser permanente - regional office,0,05-0510,,,116,116,74,956,11560,66,6,0,159,5420,0,137,18304,182,2952,23,2,0,45,1477,0,45,4726,116,0,0,0,0,0,18304,0,0,0,0,0,4726,0,0,0,0,0,43.2,43.2,3.9,3.9,0,0,0,620,8387,156,1115,0,864,14098,0,13612,38852,25931,0,12480,0,0,5,184779,356736,1383,3772,0,0,0,0,0,0,0,0,0,0,0,0,0,0,0,0,0,0,0,0,0,0,0,0,0,0,0,0,0,0,0,0,0,0,0,0,0,0,0,0,0,0,0,0,0,0,0,0,0,0,0,0,0,0,0,0,0,0,0,0,0,0,0,0,0,0,0,0,0,36283838,23328803,75067899,13383647,1899108,0,0,60401197,3123801,22455153,6784312,0,0,881623,0,0,0,0,0,1095495,0,0,0,0,0,0,0,0,0,0,0,0,0,0,0,0,0,0,0,0,0,0,0,0,0,0,0,0,719,58,1238816,267106,1505922,403,0,427,14545,56801,0,54069,0,0,1103496,9478,0,232955,0,61845,0,309105,32344,602567,0,270952,0,79381,0,397378,38865,719346,0,2013
106434153,kaiser foundation hospital - santa clara,01jan2013,31dec2013,365,audited,excl. ind. audit adj.,santa clara,7,429,non-profit,general,kaiser,teaching,(510) 987-3380,900 kiely road,santa clara,95051-5329,george c. halvorson,chairman,www.kp.org,kaiser foundation hospitals,armen shirinyan,kaiser permanente - regional office,0,05-0071,,zzr00071f,327,327,277,2793,35056,130,1393,0,280,41241,0,1225,82118,588,7688,29,418,0,96,11426,0,260,20505,327,0,0,0,0,0,82118,0,0,0,0,0,20505,0,0,0,0,0,68.8,68.8,4,4,0,0,0,1043,17764,366,3336,0,1925,45410,0,9675,79519,65092,0,0,0,0,19,919278,1247165,5161,16429,3060,1329,0,0,0,0,0,0,0,0,0,0,0,0,0,0,0,0,0,0,0,0,0,0,0,0,0,0,0,0,0,0,0,0,0,0,0,0,0,0,0,0,0,0,0,0,0,0,0,0,0,0,0,0,0,0,0,0,0,0,0,0,0,0,0,0,0,0,0,176104055,60272754,246830649,31751079,3730316,0,9513608,100022604,6287679,70410836,18347427,0,0,1981264,0,0,0,0,0,706841,0,0,0,0,0,0,0,0,0,0,0,0,0,0,0,0,0,0,0,0,0,0,0,0,0,0,0,0,1166,274,2089660,371202,2460862,1022,88,49225,165111,263018,100983,171936,0,0,1304514,34873,0,537656,0,422843,0,187737,5596,935828,0,648516,0,489158,0,217817,6559,1098812,0,2013
106494019,kaiser foundation hospital - santa rosa,01jan2013,31dec2013,365,audited,excl. ind. audit adj.,sonoma,3,401,non-profit,general,kaiser,,(510) 987-3380,401 bicentennial way,santa rosa,95403-2149,george c. halvorson,chairman,www.kp.org,kaiser foundation hospitals,armen shirinyan,kaiser permanente - regional office,0,05-0690,,,173,173,84,889,12748,172,964,0,136,10778,0,416,26103,225,3251,66,321,0,51,3886,0,117,7917,173,0,0,0,0,0,26103,0,0,0,0,0,7917,0,0,0,0,0,41.3,41.3,3.3,3.3,0,0,0,844,13509,940,5131,0,1397,26619,0,18094,66534,47288,0,15966,0,0,11,217333,522289,2252,7564,1399,499,0,0,0,0,0,0,0,0,0,0,0,0,0,0,0,0,0,0,0,0,0,0,0,0,0,0,0,0,0,0,0,0,0,0,0,0,0,0,0,0,0,0,0,0,0,0,0,0,0,0,0,0,0,0,0,0,0,0,0,0,0,0,0,0,0,0,0,55622761,27444248,82108312,15863182,1885824,8516,292560,50177359,3976970,33224860,17178194,0,0,1091669,0,0,0,0,0,934768,0,0,0,0,0,0,0,0,0,0,0,0,0,0,0,0,0,0,0,0,0,0,0,0,0,0,0,0,861,95,1530929,280319,1811248,438,4,47,199894,90556,49509,36419,0,0,1134342,20162,0,447092,0,141696,0,357014,157005,428122,0,517882,0,166199,0,430280,192360,504527,0,2013
106342344,kaiser foundation hospital - south sacramento,01jan2013,31dec2013,365,audited,excl. ind. audit adj.,sacramento,2,311,non-profit,general,kaiser,,(510) 987-3380,6600 bruceville road,sacramento,95823-4671,george c. halvorson,chairman,www.kp.org,kaiser foundation hospitals,armen shirinyan,kaiser permanente - regional office,2,05-0674,,hsp30674f,217,217,160,3664,16285,1057,3387,0,560,14215,0,2211,41379,814,4212,215,1118,0,123,5465,0,476,12423,217,0,0,0,0,0,41379,0,0,0,0,0,12423,0,0,0,0,0,52.2,52.2,3.3,3.3,0,0,0,3122,14286,4136,23278,49,2117,34738,4,36049,117779,90583,0,20635,0,0,16,459930,831378,3591,9471,1895,467,0,0,0,0,0,0,0,0,0,0,0,0,0,0,0,0,0,0,0,0,0,0,0,0,0,0,0,0,0,0,0,0,0,0,0,0,0,0,0,0,0,0,0,0,0,0,0,0,0,0,0,0,0,0,0,0,0,0,0,0,0,0,0,0,0,0,0,85994173,46582869,137487330,29592469,3357931,0,1398883,61303144,4992652,44531337,20106862,0,0,2454009,0,0,0,0,0,791256,0,0,0,0,0,0,0,0,0,0,0,0,0,0,0,0,0,0,0,0,0,0,0,0,0,0,0,0,565,91,1030275,177984,1208259,670,20,2372,70685,56033,1408,106218,0,0,761506,24994,7059,240826,0,138456,0,222746,50984,377263,0,279347,0,162404,0,257750,62349,446409,0,2013
106410806,kaiser foundation hospital - south san francisco,01jan2013,31dec2013,365,audited,excl. ind. audit adj.,san mateo,4,425,non-profit,general,kaiser,,(510) 987-3380,1200 el camino real,south san francisco,94080-3208,george c. halvorson,chairman,www.kp.org,kaiser foundation hospitals,armen shirinyan,kaiser permanente - regional office,0,,,,120,120,69,1047,11312,150,116,0,99,6100,0,439,19263,236,2814,21,43,0,37,1929,0,95,5175,120,0,0,0,0,0,19263,0,0,0,0,0,5175,0,0,0,0,0,44,44,3.7,3.7,0,0,0,623,8369,196,1016,0,1332,20804,0,17860,50200,34436,0,11607,0,0,7,211042,352746,1632,3780,0,0,0,0,0,0,0,0,0,0,0,0,0,0,0,0,0,0,0,0,0,0,0,0,0,0,0,0,0,0,0,0,0,0,0,0,0,0,0,0,0,0,0,0,0,0,0,0,0,0,0,0,0,0,0,0,0,0,0,0,0,0,0,0,0,0,0,0,0,39009734,23826263,62745054,10445940,919563,0,43369,34496248,2064260,25086952,7256110,0,0,1546568,0,0,0,0,0,455797,0,0,0,0,0,0,0,0,0,0,0,0,0,0,0,0,0,0,0,0,0,0,0,0,0,0,0,0,285,49,543485,84307,627792,470,1,23724,29057,18694,31563,17138,0,0,387960,35349,0,140981,0,58307,0,145246,2026,196925,0,160213,0,67050,0,168554,2536,229439,0,2013
106190429,kaiser foundation hospital - sunset,01jan2013,31dec2013,365,audited,excl. ind. audit adj.,los angeles,11,925,non-profit,general,kaiser,teaching,(213) 667-4867,4867 sunset boulevard,los angeles,90027,george c. halvorson,chairman,www.kp.org,kaiser foundation hospitals,armen shirinyan,kaiser permanente - regional office,0,05-0138,,zzt30138f,464,464,400,1319,46418,1780,5284,5,732,66667,0,3972,126177,234,8428,302,1239,1,123,14466,0,803,25596,396,68,0,0,0,0,106934,19243,0,0,0,0,22603,2993,0,0,0,0,74.5,74.5,4.9,4.9,0,0,0,1745,15381,2236,7355,4,767,39969,0,8013,75470,71544,0,0,0,0,26,1956001,1107570,8836,12278,1721,766,0,0,0,0,0,0,0,0,0,0,0,0,0,0,0,0,0,0,0,0,0,0,0,0,0,0,0,0,0,0,0,0,0,0,0,0,0,0,0,0,0,0,0,0,0,0,0,0,0,0,0,0,0,0,0,0,0,0,0,0,0,0,0,0,0,0,0,232201907,34056432,278991498,0,4286857,389356,21902854,99862243,3965171,46101297,40281361,0,0,186204,0,0,0,0,0,57329,0,0,0,0,0,0,0,0,0,0,0,0,0,0,0,0,0,0,0,0,0,0,0,0,0,0,0,0,2581,1056,4729480,898096,5627576,932,205,115551,45390,1658146,16158,278352,0,0,2357367,243928,14588,2046338,5463,499708,435666,1164135,85899,492271,0,2508458,6276,599691,478058,1336169,101477,597447,0,2013
106484044,kaiser foundation hospital - vacaville,01jan2013,31dec2013,365,audited,excl. ind. audit adj.,solano,3,408,non-profit,general,kaiser,,(707) 624-4000,1 quality drive,vacaville,95688,george c. halvorson,chairman,www.kp.org,kaiser foundation hospitals,armen shirinyan,kaiser permanente - regional office,2,,,,64,64,57,1207,8340,122,616,0,170,6418,0,305,17178,281,2047,14,138,0,54,1651,0,68,4253,64,0,0,0,0,0,17178,0,0,0,0,0,4253,0,0,0,0,0,73.5,73.5,4,4,0,0,0,589,6783,220,3908,0,836,21535,0,1642,35513,34692,0,0,0,0,10,200946,370899,1358,3911,0,0,0,0,0,0,0,0,0,0,0,0,0,0,0,0,0,0,0,0,0,0,0,0,0,0,0,0,0,0,0,0,0,0,0,0,0,0,0,0,0,0,0,0,0,0,0,0,0,0,0,0,0,0,0,0,0,0,0,0,0,0,0,0,0,0,0,0,0,33367376,16100004,64324155,15921121,420985,0,0,29367487,2797612,15650196,14307098,0,0,1138803,0,0,0,0,0,308555,0,0,0,0,0,0,0,0,0,0,0,0,0,0,0,0,0,0,0,0,0,0,0,0,0,0,0,0,579,74,1020529,208969,1229498,550,0,42909,29374,40524,0,86511,0,0,795024,26187,0,231717,0,263449,0,156665,7344,361354,0,276704,0,311859,0,181481,11824,447630,0,2013
106070990,kaiser foundation hospital - walnut creek,01jan2013,31dec2013,365,audited,excl. ind. audit adj.,contra costa,5,411,non-profit,general,kaiser,,(510) 987-3380,1425 south main st.,walnut creek,94596-5318,george c. halvorson,chairman,www.kp.org,kaiser foundation hospitals,armen shirinyan,kaiser permanente - regional office,0,05-0072,,,233,233,233,1640,26457,141,1288,0,338,24754,0,870,55488,390,6072,41,284,0,102,7483,0,156,14528,233,0,0,0,0,0,55488,0,0,0,0,0,14528,0,0,0,0,0,65.2,65.2,3.8,3.8,0,0,0,811,16348,165,2159,0,863,35432,0,56125,111903,55132,0,44064,0,0,13,311999,1010844,2166,10870,2589,1059,0,0,0,0,0,0,0,0,0,0,0,0,0,0,0,0,0,0,0,0,0,0,0,0,0,0,0,0,0,0,0,0,0,0,0,0,0,0,0,0,0,0,0,0,0,0,0,0,0,0,0,0,0,0,0,0,0,0,0,0,0,0,0,0,0,0,0,134615758,66870392,142061684,34194565,5382344,0,339992,90184691,4692734,57678539,13530762,0,0,2589898,0,0,0,0,0,2409550,0,0,0,0,0,0,0,0,0,0,0,0,0,0,0,0,0,0,0,0,0,0,0,0,0,0,0,0,1031,220,1809922,347383,2157305,991,6,58672,58052,104326,43437,297612,0,0,1235126,12697,0,537879,0,309935,0,297918,65317,598873,0,644700,0,372195,0,355715,75868,708827,0,2013
106190434,kaiser foundation hospital - west la,01jan2013,31dec2013,365,audited,excl. ind. audit adj.,los angeles,11,927,non-profit,general,kaiser,,(213) 857-2135,6041 cadillac avenue,west los angeles,90034,george c. halvorson,chairman,www.kp.org,kaiser foundation hospitals,armen shirinyan,kaiser permanente - regional office,0,05-0561,,zzt31414f,305,305,142,905,18276,300,1641,0,83,16942,0,942,39089,231,4735,102,571,0,32,5925,0,275,11871,305,0,0,0,0,0,39089,0,0,0,0,0,11871,0,0,0,0,0,35.1,35.1,3.3,3.3,0,0,0,1237,14992,1786,9155,2,642,29544,0,9097,66455,64112,0,0,0,0,28,558338,686645,3720,7759,1219,616,0,0,0,0,0,0,0,0,0,0,0,0,0,0,0,0,0,0,0,0,0,0,0,0,0,0,0,0,0,0,0,0,0,0,0,0,0,0,0,0,0,0,0,0,0,0,0,0,0,0,0,0,0,0,0,0,0,0,0,0,0,0,0,0,0,0,0,57875349,26489181,156328488,0,5491191,57900,82166,105011548,2153132,31770266,28098090,0,0,328109,0,0,0,0,0,42060,0,0,0,0,0,0,0,0,0,0,0,0,0,0,0,0,0,0,0,0,0,0,0,0,0,0,0,0,1079,353,1940893,362132,2303025,462,8,0,15835,597580,4278,89763,0,0,1174625,42752,16060,574254,3567,267631,569,752802,52117,289953,0,694115,4257,322678,586,879877,61216,340296,0,2013
106191450,kaiser foundation hospital - woodland hills,01jan2013,31dec2013,365,audited,excl. ind. audit adj.,los angeles,11,905,non-profit,general,kaiser,,(818) 719-2777,5601 de soto avenue,woodland hills,91365,george c. halvorson,chairman,www.kp.org,kaiser foundation hospitals,armen shirinyan,kaiser permanente - regional office,0,05-0677,,zzt30677f,262,262,145,484,22051,191,597,0,68,13583,0,822,37796,108,5350,37,213,0,36,4476,0,177,10397,262,0,0,0,0,0,37796,0,0,0,0,0,10397,0,0,0,0,0,39.5,39.5,3.6,3.6,0,0,0,549,11993,478,2321,0,442,19743,0,46977,82503,39094,0,43364,0,0,8,420587,488856,2990,4717,1165,486,0,0,0,0,0,0,0,0,0,0,0,0,0,0,0,0,0,0,0,0,0,0,0,0,0,0,0,0,0,0,0,0,0,0,0,0,0,0,0,0,0,0,0,0,0,0,0,0,0,0,0,0,0,0,0,0,0,0,0,0,0,0,0,0,0,0,0,68641949,17738535,128140298,0,0,0,1346243,80186088,1949349,26657642,23174842,0,0,2535955,0,0,0,0,0,41828,0,0,0,0,0,0,0,0,0,0,0,0,0,0,0,0,0,0,0,0,0,0,0,0,0,0,0,0,985,338,1736924,326847,2063771,534,17,1952,3858,576785,425,115728,0,0,1022546,10398,5232,659250,1761,132950,32663,655388,42734,212178,0,799098,2058,160549,35945,759587,50437,256097,0,2013
106480989,kaiser foundation hospital and rehabilitation center - vallejo,01jan2013,31dec2013,365,audited,excl. ind. audit adj.,solano,3,409,non-profit,general,kaiser,,(510) 987-3380,975 sereno dr.,vallejo,94589-2441,george c. halvorson,chairman,www.kp.org,kaiser foundation hospitals,armen shirinyan,kaiser permanente - regional office,0,,,,248,248,151,3868,21234,342,2332,0,253,20808,0,1329,50166,655,3720,127,639,0,46,4792,0,252,10231,200,0,0,48,0,0,34569,0,0,15597,0,0,9184,0,0,1047,0,0,55.4,55.4,4.9,4.9,0,0,0,1588,9227,675,8166,0,904,22615,0,53027,96202,48458,0,37715,0,0,10,292580,450029,2453,4701,1680,568,0,0,0,0,0,0,0,0,0,0,0,0,0,0,0,0,0,0,0,0,0,0,0,0,0,0,0,0,0,0,0,0,0,0,0,0,0,0,0,0,0,0,0,0,0,0,0,0,0,0,0,0,0,0,0,0,0,0,0,0,0,0,0,0,0,0,0,91247352,45313477,123488132,15570580,9704992,0,1126179,80334207,4434599,53930216,27515882,0,0,1098815,0,0,0,0,0,997019,0,0,0,0,0,0,0,0,0,0,0,0,0,0,0,0,0,0,0,0,0,0,0,0,0,0,0,0,933,169,1651015,304200,1955215,697,6,14492,11218,72944,120047,143952,0,0,1274472,13890,0,563794,0,428096,0,229984,15318,413823,0,668662,0,512960,0,265530,18324,489739,0,2013
106015000,kaiser foundation northern region,01jan2013,31dec2013,365,audited,excl. ind. audit adj.,alameda,5,417,non-profit,general,kaiser,,(626) 405-5000,393 e. walnut street,pasadena,91188,george c. halvorson,chairman,www.kp.org,kaiser foundation hospitals,armen shirinyan,kaiser permanente - regional office,0,,,,0,0,0,0,0,0,0,0,0,0,0,0,0,0,0,0,0,0,0,0,0,0,0,0,0,0,0,0,0,0,0,0,0,0,0,0,0,0,0,0,0,0,0,0,0,0,0,0,0,0,0,0,0,0,0,0,0,0,0,0,0,0,0,0,0,0,0,0,0,0,8565433615,102715946,0,8462717669,0,7435736270,1026981399,108009337,0,0,0,1134990736,8565433615,0,0,0,0,0,0,0,0,0,0,0,0,0,0,0,0,0,0,0,0,0,0,0,0,102715946,0,0,0,0,0,0,0,0,0,0,0,0,0,0,0,0,0,0,0,0,0,0,0,0,0,12775347,0,0,0,0,0,0,0,0,0,0,0,0,0,0,0,0,0,0,0,0,0,0,0,0,0,6446904471,0,6239717186,1583961471,51748965,0,14322332093,1863778802,3712729963,1046565,8744776763,14322332093,9268760,21498919,-13456813,8784105171,813391296,10685346879,4445629693,0,0,682283,1046565,0,5921992322,880048553,0,0,0,0,0,13423,354,0,0,0,0,0,0,0,0,0,0,0,0,0,0,0,0,0,0,0,0,0,0,0,0,0,0,2013
106191300,kaiser foundation southern region,01jan2013,31dec2013,365,audited,excl. ind. audit adj.,los angeles,11,925,non-profit,general,kaiser,,(626) 405-5000,393 e. walnut street,pasadena,91188,george c. halvorson,chairman,www.kp.org,kaiser foundation hospitals,armen shirinyan,kaiser permanente - regional office,0,,,,0,0,0,0,0,0,0,0,0,0,0,0,0,0,0,0,0,0,0,0,0,0,0,0,0,0,0,0,0,0,0,0,0,0,0,0,0,0,0,0,0,0,0,0,0,0,0,0,0,0,0,0,0,0,0,0,0,0,0,0,0,0,0,0,0,0,0,0,0,0,6078593098,109503349,0,5969089749,0,6054425630,-85335881,541340633,0,0,0,456004752,6078593098,0,0,0,0,0,0,0,0,0,0,0,0,0,0,0,0,0,0,0,0,0,0,0,0,109503349,0,0,0,0,0,0,0,0,0,0,0,0,0,0,0,0,0,0,0,0,0,0,0,0,0,1818200,0,0,0,0,0,0,0,0,0,0,0,0,0,0,0,0,0,0,0,0,0,0,0,0,0,7777559487,0,5431875800,551306091,83353589,0,13844094967,4116307476,2410957111,0,7316830380,13844094967,1103138,38919252,-5473980,8581458964,808622987,10009035252,4577159452,0,0,0,0,0,7435392225,3325667517,0,0,0,0,0,8177,409,0,0,0,0,0,0,0,0,0,0,0,0,0,0,0,0,0,0,0,0,0,0,0,0,0,0,2013
106434218,kaiser permanente p.h.f.-santa clara,01jan2013,31dec2013,365,audited,excl. ind. audit adj.,santa clara,7,428,non-profit,psychiatric,phf,,(408) 851-1000,3840 homestead road,santa clara,95051,george c. halvorson,chairman,www.kp.org,kaiser foundation hospitals,armen shirinyan,kaiser permanente - regional office,0,,,,24,24,24,94,1506,0,0,0,5,5363,0,24,6992,14,225,0,0,0,1,947,0,7,1194,0,24,0,0,0,0,0,6992,0,0,0,0,0,1194,0,0,0,0,79.8,79.8,5.9,5.9,0,0,0,0,0,0,0,0,0,0,0,0,0,0,0,0,0,0,0,0,0,0,0,0,0,0,0,0,0,0,0,0,0,0,0,0,0,0,0,0,0,0,0,0,0,0,0,0,0,0,0,0,0,0,0,0,0,0,0,0,0,0,0,0,0,0,0,0,0,0,0,0,0,0,0,0,0,0,0,0,0,0,0,0,0,0,0,0,0,0,0,0,6156845,0,0,0,0,0,0,2012576,43740,160772,499287,0,0,0,0,0,0,0,0,0,0,0,0,0,0,0,0,0,0,0,0,0,0,0,0,0,0,0,0,0,0,0,0,0,0,0,0,0,66,3,117745,18795,136540,69,0,1744,1680,2386,3733,0,0,0,108202,0,0,58067,760,0,0,26350,8,32560,0,68258,760,0,0,28837,8,38677,0,2013
106540734,kaweah delta medical center,01jul2012,30jun2013,365,audited,incl. ind. audit adj.,tulare,9,611,district,general,comparable,,(559) 624-2000,400 west mineral king avenue,visalia,93291-6237,lindsay mann,ceo,www.kaweahdelta.org,kaweah delta health care district,kari macdonald,kaweah delta health care district,3,05-0057,,zzt30057f,581,576,389,48997,5350,32176,13206,8082,1542,15847,2361,373,127934,7518,760,3656,3660,1106,342,4582,455,77,22156,403,63,0,45,70,0,84910,17142,0,5950,19932,0,18974,2147,0,482,553,0,60.3,60.9,5.8,5,32,6097,3661,131294,2948,110427,119640,3189,18692,139822,9332,98296,633640,151043,100038,313543,0,0,11,605143,343112,3760,4394,2635,1538,1592373966,1166256479,192614,426310101,28154585,433608268,20856418,15724233,2540991,0,0,34039660,287348982,181905669,1123119315,394236864,44158033,139544500,102023074,39109242,17000596,162621225,23625136,4524886,926843556,250196019,23876927,44861304,92817075,6925831,19372999,188048950,5675163,33756142,665530410,495300815,47670500,110984546,147415680,-5064312,36642855,27820116,228263864,11554009,0,39939686,0,25728720,0,0,0,192614,149132068,20364460,70481795,45772608,8408467,8553479,122598925,0,998299,7553113,0,4260024,3531894,3892674,0,81569124,35641515,151829365,0,0,0,0,61009879,12957885,69200532,21399968,168564573,59630227,27295035,8910801,95378634,28816927,22108433,1345336,1358786,8715835,11483681,103220529,188931353,263388448,6851478,62576471,3977602,628945881,81833751,0,212852001,334260129,628945881,2095399,308699814,-221999337,297365939,182657310,498288091,234899643,0,27022232,177635000,218771249,5919248,0,0,3099,1208,5807441,704657,6512098,340,0,310512,1323243,1494264,130131,866650,913052,528393,174738,21325,45133,1627286,781400,1314980,0,1054541,357989,644253,26992,1829597,846552,1504081,0,1179746,400938,720696,30488,2013
106194219,keck hospital of usc,01jul2012,30jun2013,365,audited,incl. ind. audit adj.,los angeles,11,925,non-profit,general,comparable,teaching,(323) 442-8500,1500 san pablo street,los angeles,90033,scott evans,ceo,www.keckmedicine.org,university of southern california,mylinh phan,keck hospital of usc,0,05-0696,hsc30696f,hsp40696f,411,349,208,28913,6993,6813,4744,0,1222,27057,86,190,76018,3892,812,634,492,0,213,3988,5,42,10078,369,10,0,32,0,0,74400,788,0,830,0,0,9915,103,0,60,0,0,50.7,59.7,7.5,7.5,0,0,0,113628,11335,5112,6478,0,16216,153508,89,2436,308802,0,93374,0,204655,0,26,2700762,446313,6861,7589,0,0,2591293784,2005056086,0,586237698,4974503,612025696,-20813495,1703902,7918,0,0,-19117511,426251055,126817293,2038225436,738579227,217880821,168372525,121719206,0,41062452,676496269,695446,11002322,1975808268,243911615,31660244,13172160,18288076,0,19499146,285834426,228171,2891678,615485516,828726235,209706811,144484337,119244666,0,0,47521092,628888056,25562366,0,922523,0,0,0,0,0,0,153764607,39834254,37060348,20762616,0,10086872,324633639,1094,94268,0,0,693902,0,0,0,102942063,48910154,248383417,0,0,0,11897167,76284971,19233357,71193470,33181097,195246198,60395495,21404547,41862625,139661277,72331556,17832367,14419521,2613688,24544539,21713883,721521372,0,228622267,66471270,0,2712338,1019327247,717071099,302539,270218866,31734743,1019327247,257329641,420532534,-295416492,196066233,113833792,311274366,82652099,0,0,274480525,274480525,4261659,310269194,0,3121,1150,5483467,1461404,6944871,608,127,329198,1052504,1701558,67641,448242,986269,0,445685,175500,276870,1865167,694088,1418442,0,888644,136858,480268,0,2551417,833854,1865075,0,995896,154917,543712,0,2013
106190150,kedren community mental health center,01jul2012,30jun2013,365,audited,incl. ind. audit adj.,los angeles,11,935,non-profit,psychiatric,comparable,,(323) 233-0425,4211 south avalon boulevard,los angeles,90011-5628,"john h. griffith, ph.d.",president/ceo,,"kedren community health center, inc.",samuel qiu,kedren community mental health center,0,05-4083,,,72,72,72,0,0,0,0,20648,4938,0,0,0,25586,0,0,0,0,696,360,0,0,0,1056,0,72,0,0,0,0,0,25586,0,0,0,0,0,1056,0,0,0,0,97.40000000000001,97.40000000000001,24.2,24.2,0,0,0,0,0,0,0,18664,105492,0,0,0,124156,0,0,0,120481,0,0,0,0,0,0,0,0,32126416,0,0,32126416,0,32013415,113001,0,0,0,0,113001,14596739,273364,17256313,0,0,0,0,11801433,2795306,0,0,0,14596739,0,0,0,0,3349844,14179833,0,0,0,17529677,0,0,0,0,0,0,0,0,0,0,0,0,0,0,0,0,0,0,0,0,0,15151277,16975139,0,0,0,0,0,0,0,0,0,8686007,602482,11865588,0,0,0,0,7164976,818034,2313045,563283,18537602,4043119,0,3284108,1119694,1688720,254686,715698,254639,0,2115149,6014179,0,2612977,0,0,0,8627156,2836985,0,6065158,-274987,8627156,3067184,0,0,0,2809051,6278512,3665535,0,0,0,6215158,150000,0,4415158,360,63,706942,72558,779500,0,0,64302,204984,102586,20592,8840,35464,25376,213304,0,31494,205681,19656,281680,0,140431,9522,49972,0,227610,22880,309448,0,154024,10461,55077,0,2013
106210993,kentfield rehabilitation hospital,01jan2013,31dec2013,365,audited,incl. ind. audit adj.,marin,4,405,investor,specialty,comparable,,(570) 820-0139,1225 sir francis drake blvd,kentfield,94904,ann gors,ceo,www.kentfieldrehab.com,vibra healthcare,james t. walmsley,vibra healthcare,0,05-2043,hsc00554i,,60,60,49,8076,617,157,2069,0,0,5426,0,0,16345,259,15,3,38,0,0,126,0,0,441,0,0,0,60,0,0,0,0,0,16345,0,0,0,0,0,441,0,0,74.59999999999999,74.59999999999999,37.1,37.1,0,0,0,8234,17,2,0,0,0,7506,0,0,15759,0,15759,0,0,0,0,0,0,0,0,0,0,63118544,26338734,0,36779810,128951,31862503,5046258,0,0,0,0,5046258,33069394,3242380,26806770,29714226,2965827,958649,7534569,0,0,18702893,0,0,59876164,1693844,3566,508,0,0,0,1544462,0,0,3242380,11934100,1511574,787224,3361371,0,0,0,8380859,363606,0,0,0,0,0,0,0,0,19110364,1457819,171933,4173198,0,0,11866496,0,0,0,0,0,0,0,0,10426213,1686198,6999410,0,0,0,0,3227290,213449,6465955,2843988,15006317,3896830,0,1193977,3580684,3691423,295245,626338,324070,1817045,1430574,9102255,0,12656395,0,891284,1137095,23787029,3380284,0,19352576,1054169,23787029,0,8528625,-1630288,5366480,8123081,15491521,2835126,18545913,43941,0,19895050,542474,0,433895,194,77,375284,39706,414990,14,0,32455,96299,91680,15419,47603,50498,29329,0,5128,6873,170873,32077,57840,0,52948,5213,56333,0,188967,35421,63842,0,57917,5763,63080,0,2013
106150736,kern medical center,01jul2012,30jun2013,365,audited,excl. ind. audit adj.,kern,9,617,city/county,general,comparable,teaching,(661) 326-2000,1700 mount vernon avenue,bakersfield,93306,paul hensler,ceo,,county of kern,jacob pollock,kern medical center,2,05-0315,hsc30315w,,222,194,170,3563,732,20845,7622,13781,3139,1081,0,0,50763,635,124,3769,2356,2538,653,197,0,0,10272,197,25,0,0,0,0,45132,5631,0,0,0,0,9508,764,0,0,0,0,62.6,71.7,4.9,4.9,20,4707,2951,10346,475,51090,10759,51002,5970,718,0,0,130360,41556,89496,2872,0,1663,8,340624,219896,1555,1804,2544,1046,639800524,405564106,0,234236418,1211029,287380683,-51933236,54250226,4401946,0,0,-2084956,199131144,169287908,271381472,29525476,5307852,114623301,64607858,135540960,33405972,10047268,0,0,393058687,11160014,1419734,71940028,38810923,98815330,21307032,3288776,0,0,246741837,26450891,4959412,194819334,85378362,-132849998,174496104,40393218,6018206,0,0,0,0,5898577,0,0,0,0,14234599,1768174,124593993,18040419,53961609,14319786,7317838,0,0,0,0,0,0,0,37019193,54222753,38511342,78482516,607723,7209773,0,15255992,47227574,10470648,29651857,5740505,125629249,63207002,13533694,11657850,33874419,21762618,5010891,2324676,486712,2671293,7222279,112431089,0,30110365,18262390,1656439,0,162460283,155488000,0,70953006,-63980723,162460283,4362961,198391521,-167054332,62802514,47095478,110066107,79955742,0,3214982,72745165,75960147,5007141,0,0,1636,521,3046061,456552,3502613,109,118,110326,463486,691770,100770,208482,615757,233119,522730,82392,17229,829264,587301,592069,9810,500386,204848,281241,41142,951706,676381,687411,10608,572553,235739,321477,46738,2013
106150737,kern valley healthcare district,01jul2012,30jun2013,365,audited,incl. ind. audit adj.,kern,9,619,district,general,comparable,rural,(760) 379-2681,6412 laurel avenue,lake isabella,93240,timothy mcglew,ceo,kvhd.org,kern valley healthcare district,john r smith,pacific hospital management,0,05-1314,,zzt30542f,101,99,72,2395,639,17927,229,0,990,85,22,328,22615,426,102,247,46,0,39,21,5,31,917,27,0,0,0,74,0,2965,0,0,0,19650,0,730,0,0,0,187,0,61.3,62.6,24.7,4.1,0,0,0,5606,2584,2640,2714,0,2235,1273,283,1976,19311,7057,12327,0,0,0,1,970,2754,18,51,0,0,65510797,47583662,0,17927135,405315,19674613,-1342163,2796507,1771801,0,0,-317457,20263387,12592163,32655247,7207865,3289603,16101501,1804636,0,1631067,446209,70719,611526,31163126,10569418,6283532,3757891,4504897,0,3752627,2247007,335048,2897251,34347671,14680247,7344359,12288542,4827955,-82411,0,2684722,1679793,2799734,0,950407,0,410314,0,0,0,0,3097036,2228776,7644038,1481578,0,2059894,1013423,0,402390,0,0,0,243008,279701,0,3989882,2370380,4008111,0,0,0,0,3902725,1046036,3188564,1168915,8936266,2540137,1812888,665502,1780244,890255,766289,207067,365989,222896,1487080,6446236,2156023,2733966,0,1008665,0,12344890,5898233,89504,13496336,-7139183,12344890,0,11403293,-6063250,10472171,19295786,30014223,27280257,0,0,11879521,14460858,964522,0,0,197,67,373327,39956,413283,47,0,87541,29073,40797,28113,68450,64452,49745,1531,1246,2379,111279,35524,46524,0,82058,24752,73190,0,116912,37662,49558,0,94608,30251,84292,0,2013
106190049,kindred hospital - baldwin park,01jan2013,31dec2013,365,audited,excl. ind. audit adj.,los angeles,11,915,investor,general,comparable,,(626) 388-2700,14148 francisquito avenue,baldwin park,91706,swenda moreh,administrator,,"kindred healthcare, inc.",jackie brown,j. brown & associates,0,05-0245,,hsp32045f,91,91,74,20720,235,4126,473,0,1469,0,0,0,27023,769,9,139,15,0,31,0,0,0,963,91,0,0,0,0,0,27023,0,0,0,0,0,963,0,0,0,0,0,81.40000000000001,81.40000000000001,28.1,28.1,0,0,0,0,0,0,0,0,0,0,0,0,0,0,0,0,0,0,3,10869,0,256,0,0,0,193147734,145931232,0,47216502,144772,36104786,11256488,0,0,0,0,11256488,71007603,0,122140131,148086471,1670838,27278508,3182040,0,12929877,0,0,0,193147734,0,0,0,0,0,0,0,0,0,0,111030000,1331011,22292198,2419352,0,0,6454751,0,2403920,0,0,0,0,0,0,0,0,35740815,339827,4986310,762688,0,5386862,0,0,0,0,0,0,0,0,0,12150759,0,9608353,0,0,0,0,4616915,503450,7191227,2034082,15969964,4424382,589763,6740,4646948,6785990,1542366,1037303,101747,0,999583,14979171,0,6020231,164995,146849,4290000,25601246,2005132,0,0,23596114,25601246,31931,13061203,-2340056,24611,4509514,9756932,3736701,0,0,0,0,0,3986905,0,256,113,489549,43164,532713,196,0,92675,105882,92655,67772,75344,17327,37606,0,0,288,293246,0,72890,0,48755,11309,63349,0,320275,0,78153,0,52743,12295,69247,0,2013
106301127,kindred hospital - brea,01jan2013,31dec2013,365,audited,excl. ind. audit adj.,orange,13,1011,investor,general,comparable,,(714) 529-6842,875 north brea blvd,brea,92821,diane zeoli,ceo,kindredhealthcare.com,"kindred healthcare, inc.",jackie brown,j. brown & associates,0,05-2039,,hsp30711f,86,86,71,15812,2225,59,1736,0,3739,2400,0,53,26024,535,60,1,24,0,103,62,0,4,789,48,0,0,0,38,0,14750,0,0,0,11274,0,453,0,0,0,336,0,82.90000000000001,82.90000000000001,33,32.6,0,0,0,0,0,0,0,0,0,0,0,0,0,0,0,0,0,0,2,3192,0,24,0,0,0,120262817,86316075,0,33946742,64344,32791955,1219131,0,0,0,0,1219131,50316102,0,69946715,71512028,11237864,401827,11113970,0,8951867,16542355,0,502906,120262817,0,0,0,0,0,0,0,0,0,0,52885918,8387379,109213,8509889,0,0,5727715,9778332,634067,0,0,0,283562,0,0,0,0,18580255,2850485,292614,2604081,0,3021607,6389735,0,207965,0,0,0,0,0,0,8205855,0,8563807,0,0,0,0,5023457,405207,6500285,4093344,12840466,2453379,370412,16252,3283471,7919660,438920,4007128,152323,174,1309770,26109929,0,968881,0,30144,0,27108954,4813353,0,0,22295601,27108954,9096,6596635,-2478601,51208,4097610,8708318,7739437,0,0,0,0,0,21688101,1528548,206,91,394737,33781,428518,143,0,94510,61246,63500,51586,73431,30899,19041,0,412,112,222461,0,56373,0,50745,10935,54223,0,241565,0,61088,0,55088,11894,58883,0,2013
106190449,kindred hospital - la mirada,01jan2013,31dec2013,365,audited,excl. ind. audit adj.,los angeles,11,921,investor,general,comparable,,(562) 944-1900,14900 east imperial highway,la mirada,90638-2172,april myers,administrator,www.kindredhealthcare.com,"kindred healthcare, inc.",jackie brown,j. brown & associates,0,05-2038,,hsp32038f,248,248,161,47520,2718,849,2629,0,5176,0,0,0,58892,1952,86,25,39,0,138,0,0,0,2240,224,0,0,24,0,0,58892,0,0,0,0,0,2240,0,0,0,0,0,65.09999999999999,65.09999999999999,26.3,26.3,0,0,0,0,0,0,0,0,0,0,0,0,0,0,0,0,0,0,4,29146,0,198,0,0,0,375535732,263506829,0,112028903,291453,87607981,24712375,3141,0,0,0,24715516,146898393,0,228637339,293835054,20283134,6237295,19875214,0,35305035,0,0,0,375535732,0,0,0,0,0,0,0,0,0,0,210639179,15339628,4525797,15272214,0,0,16077832,0,1652179,0,0,0,0,0,0,0,0,81808061,4943506,1711498,4603000,0,18962838,0,0,0,0,0,0,0,0,0,25835355,0,24714855,0,0,0,0,10402920,969869,20850732,4834250,33660067,9970397,1680232,285173,10341038,18264063,1494893,2319287,2015231,1777,7575823,190438099,0,15385018,133780,246074,0,206202971,6127197,0,0,200075774,206202971,0,19787865,-1660536,16367922,11679383,33902670,18517652,0,0,0,0,0,171347207,0,581,251,1109260,105101,1214361,466,0,231412,195050,210371,175829,129470,76505,84176,0,5887,560,604103,0,147504,0,143953,75460,138240,0,663685,0,161190,0,156292,82758,150436,0,2013
106190305,kindred hospital - los angeles,01jan2013,31dec2013,365,audited,excl. ind. audit adj.,los angeles,11,929,investor,general,comparable,,(310) 642-0325,5525 w. slauson ave.,los angeles,90056,phillip wolfe,administrator,www.kindredhealthcare.com,"kindred healthcare, inc.",jackie brown,j. brown & associates,0,05-2032,hsc32032g,,81,81,81,21341,781,905,28,0,4132,0,0,0,27187,707,20,18,1,0,75,0,0,0,821,81,0,0,0,0,0,27187,0,0,0,0,0,821,0,0,0,0,0,92,92,33.1,33.1,0,0,0,0,0,0,0,0,0,0,0,0,0,0,0,0,0,0,2,21240,0,355,0,0,0,196008445,143158414,0,52850031,154264,41186511,11817784,120171,0,0,0,11937955,74106661,0,121901784,154702529,6188596,7393661,165222,0,27558437,0,0,0,196008445,0,0,0,0,0,0,0,0,0,0,115043434,4365619,6609297,156382,0,0,14976178,0,2007504,0,0,0,0,0,0,0,0,38127959,1822977,784364,8840,0,12105891,0,0,0,0,0,0,0,0,0,14740521,0,11626937,0,0,0,0,4834961,492390,7760393,1731309,17230895,4866990,684246,434252,5629783,8595368,584911,567484,1157742,0,1434840,96327664,0,7431235,11008,0,262617,104032524,2420851,0,0,101611673,104032524,142948,11998202,-2854722,6209514,5137947,14007692,6576457,0,0,0,0,0,86833404,0,269,119,526629,40769,567398,151,0,133806,89846,100724,65354,74113,14991,39465,0,7881,449,306744,0,82128,0,59674,14021,64062,0,330236,0,87993,0,63808,15206,70155,0,2013
106361274,kindred hospital - ontario,01jan2013,31dec2013,365,audited,excl. ind. audit adj.,san bernardino,12,1207,investor,general,comparable,,(909) 391-0333,550 north monterey ave,ontario,91764,robin rapp,ceo,www.kindredhealthcare.com,"kindred healthcare, inc.",jackie brown,j. brown & associates,0,05-2037,,hsp30041k,91,91,70,18982,2165,491,310,0,866,2828,0,0,25642,749,72,12,7,0,3,63,0,0,906,91,0,0,0,0,0,25642,0,0,0,0,0,906,0,0,0,0,0,77.2,77.2,28.3,28.3,0,0,0,0,0,0,0,0,0,0,0,0,0,0,0,0,0,0,3,24000,0,673,0,0,0,184277389,132369136,0,51908253,122175,44346277,7684151,39750,0,0,0,7723901,67797600,352833,116126956,130415569,18642353,4262623,2458535,0,8604499,19893810,0,0,184277389,0,0,0,0,0,0,0,0,0,0,95090218,14373777,2663401,1970937,0,0,5163214,12284158,823431,0,0,0,0,0,0,0,0,34809152,4268576,1599222,487598,0,3350860,7392845,0,0,0,0,0,0,0,0,10500018,568008,10950553,0,0,0,0,5263907,517512,7920639,8625640,15289060,4670043,674493,26958,4875095,8467807,595060,7098029,1341345,0,1308387,90630745,0,1643407,307810,297292,0,92879254,2689333,0,0,90189921,92879254,0,11111765,-3155970,49440,5891671,11385519,9742112,0,0,0,0,0,82326392,0,248,97,464031,51479,515510,211,0,126279,88443,79308,63995,58463,9693,37257,0,377,216,260414,10686,73233,0,57098,9639,52961,0,291748,12227,80729,0,62069,10584,58153,0,2013
106364188,kindred hospital - rancho,01jan2013,31dec2013,365,audited,incl. ind. audit adj.,san bernardino,12,1207,investor,general,comparable,,(909) 581-6400,10841 white oak avenue,rancho cucamonga,91730,jody knox,ceo,,"kindred healthcare, inc.",jackie brown,j. brown & associates,0,05-2049,,hsp30756h,55,55,47,12242,1449,509,458,0,2634,0,0,0,17292,491,47,12,8,0,203,0,0,0,761,55,0,0,0,0,0,17292,0,0,0,0,0,761,0,0,0,0,0,86.09999999999999,86.09999999999999,22.7,22.7,0,0,0,38,0,0,0,0,3958,0,0,0,3996,0,1198,0,2652,0,4,25728,15519,342,146,0,0,176025961,131839361,0,44186600,133317,40760062,3559855,353378,40129,0,0,3873104,49895982,231924,125898055,99337691,13886586,4768799,3963449,0,35211270,0,0,0,157167795,174382,0,0,0,0,18683784,0,0,0,18858166,75373344,11084360,3344813,3076229,0,0,38121788,0,838827,0,0,0,0,0,0,0,0,24138729,2802226,1423986,887220,0,14934439,0,0,0,0,0,0,0,0,0,8778957,1584021,12570625,0,0,0,0,4788356,617045,7091710,5329348,14015293,2518927,874626,38619,7121277,7860340,987398,5328999,108585,0,1905998,6954943,0,4635655,184612,857,4290000,16066067,4670684,0,0,11395383,16066067,16272,10280478,-3975019,6335,5093468,7081183,2445528,0,0,0,0,0,0,1648931,241,74,461778,40266,502044,209,0,110288,139144,65529,49519,39223,20130,36998,0,0,947,193392,13760,121825,0,50787,18418,63596,0,210227,15345,131073,0,55352,19967,70080,0,2013
106332172,kindred hospital - riverside,01jan2013,31dec2013,365,audited,excl. ind. audit adj.,riverside,12,1109,investor,general,comparable,,(951) 436-3535,2224 medical center drive,perris,92571,jim linhares,ceo,www.kindredhealthcare.net,"kindred healthcare, inc.",jackie brown,j. brown & associates,0,05-0759,,hsp30759f,40,40,37,9483,1228,206,335,0,780,0,0,0,12032,334,43,6,12,0,34,0,0,0,429,40,0,0,0,0,0,12032,0,0,0,0,0,429,0,0,0,0,0,82.40000000000001,82.40000000000001,28,28,0,0,0,0,0,0,0,0,0,0,0,0,0,0,0,0,0,0,2,6511,0,98,0,0,0,101708403,77404813,0,24303590,32958,21589360,2747188,0,0,0,0,2747188,32102166,356073,69250164,78817804,11413892,1950534,2817077,0,6709096,0,0,0,101708403,0,0,0,0,0,0,0,0,0,0,60183477,9085259,1522124,2177778,0,0,4443977,0,-7802,0,0,0,0,0,0,0,0,18634327,2328633,428410,639299,0,2272921,0,0,0,0,0,0,0,0,0,5977684,224801,5580254,0,0,0,0,3376535,328218,4837949,1263919,9264191,1592106,1064007,3299,2145985,5131717,560741,740173,57393,0,1029748,4834478,0,1755505,209671,75834,4441128,11316616,5487881,0,0,5828735,11316616,1950,5040567,-404119,0,2800549,3300773,1545268,0,0,0,0,0,0,4367995,124,44,235877,21452,257329,72,0,73835,48945,36678,32822,22264,7385,13841,0,0,107,127372,3226,35740,0,18056,8656,42827,0,140119,3408,38777,0,19229,9370,46426,0,2013
106344035,kindred hospital - sacramento,01jan2013,31aug2013,243,audited,excl. ind. audit adj.,sacramento,2,309,investor,general,comparable,,(916) 351-9151,330 montrose drive,folsom,95630,janet biedron,ceo,www.kindredsacramento.com,"thc-orange county, inc",jackie brown,j. brown & associates,0,05-2033,,hsp32033h,39,39,33,4757,543,110,243,0,2300,0,0,44,7997,154,22,2,2,0,54,0,0,1,235,39,0,0,0,0,0,7997,0,0,0,0,0,235,0,0,0,0,0,84.40000000000001,84.40000000000001,34,34,0,0,0,0,0,0,0,0,0,0,0,0,0,0,0,0,0,0,2,3075,0,169,0,0,0,48428730,29180160,0,19248570,183839,16565048,2867361,0,2248,0,0,2865113,18230770,0,30197960,29849096,3997285,875523,1517385,0,11556738,0,0,632703,48428730,0,0,0,0,0,0,0,0,0,0,18478657,2380081,611177,1068021,0,0,5362807,0,1279417,0,0,0,0,0,0,0,0,11261207,1617204,264346,449364,0,5384387,0,0,272062,0,0,0,0,0,0,4897408,0,4416205,0,0,0,0,2247320,197522,2909900,1896693,6303615,1843770,544233,92410,1692188,3087878,2056691,156796,193568,0,593899,3868934,0,37131522,0,0,0,41000456,20710908,0,0,20289548,41000456,7794,4193009,-474560,42149416,4511561,48243064,11111542,0,0,0,0,0,0,19415777,101,18,187696,23624,211320,75,0,84775,31940,351,16312,18464,7125,20746,6218,1736,29,97925,0,33083,0,25967,2613,28108,0,110609,0,36730,0,28963,3025,31993,0,2013
106370721,kindred hospital - san diego,01jan2013,31dec2013,365,audited,excl. ind. audit adj.,san diego,14,1418,investor,general,comparable,,(649) 453-4500,1940 el cahon blvd,san diego,92104,cathryn branch,ceo,www.kindredhealthcare.com,"kindred healthcare, inc.",jackie brown,j. brown & associates,0,05-2036,hsc30220i,,70,70,50,14123,1060,199,0,0,2864,0,0,0,18246,492,29,6,0,0,122,0,0,0,649,70,0,0,0,0,0,18246,0,0,0,0,0,649,0,0,0,0,0,71.40000000000001,71.40000000000001,28.1,28.1,0,0,0,0,0,0,0,0,0,0,0,0,0,0,0,0,0,0,4,8396,0,137,0,0,0,88416138,56668436,0,31747702,132461,30201641,1678522,1312,0,0,0,1679834,41844088,346838,46225212,68059081,5162491,615200,0,0,14579366,0,0,0,88416138,0,0,0,0,0,0,0,0,0,0,44034915,3114375,471210,0,0,0,7743290,0,1304646,0,0,0,0,0,0,0,0,23254232,2048116,143990,0,0,6301364,0,0,0,0,0,0,0,0,0,9581398,426313,6782040,0,0,0,0,4681580,412593,5766281,2551436,12402996,3317028,754591,44351,3273589,6119905,655981,2082749,309358,0,1241093,4686987,0,1573561,286499,66161,0,6613208,2207082,0,0,4406126,6613208,0,5213264,-764379,67128,4717914,11668127,10094566,0,0,0,0,0,0,68358,196,102,367706,40250,407956,81,0,66516,39399,120527,42070,49798,11366,37095,0,793,142,206570,5943,49628,0,47605,9422,48538,0,223855,6556,56063,0,52112,10565,58805,0,2013
106010887,kindred hospital - san francisco bay area,01jan2013,31dec2013,365,audited,excl. ind. audit adj.,alameda,5,421,investor,general,comparable,,(510) 367-8300,2800 benedict drive,san leandro,94577,ed kelly,ceo,,"thc-orange county, inc",jackie brown,j. brown & associates,0,05-2034,,hsp30705g,99,99,53,9690,2825,875,2013,0,781,2955,0,42,19181,291,68,10,50,0,20,77,0,1,517,99,0,0,0,0,0,19181,0,0,0,0,0,517,0,0,0,0,0,53.1,53.1,37.1,37.1,0,0,0,0,0,0,0,0,0,0,0,0,0,5,0,0,0,0,3,17400,0,290,0,0,0,136418835,89437779,0,46981056,160415,40915010,6226461,12696,0,0,0,6239157,52158039,3604,84257192,68752696,14963513,6273417,13338472,0,6843312,25880662,0,366763,136418835,0,0,0,0,0,0,0,0,0,0,44048071,9885515,5421874,9599124,0,0,4094362,15966726,422107,0,0,0,0,0,0,0,0,24235782,5077998,851543,3739348,0,2748950,9913936,0,413499,0,0,0,0,0,0,12922398,1025,9212655,0,0,0,0,5623573,355952,6646347,6153060,15419571,4630742,672196,226901,3750589,7549092,852653,5386106,553112,0,1874048,55461307,0,2280950,872692,18333,0,58633282,2335993,1450445,0,54846844,58633282,0,10174936,-1961077,35797,4851813,8777167,6496217,0,0,0,0,0,46977533,0,205,92,392228,38283,430511,79,0,116455,12310,107180,35852,45376,38840,32849,0,3291,75,222529,0,60992,0,42470,9175,57062,0,246820,0,65764,0,46240,9831,61856,0,2013
106190196,kindred hospital - south bay,01jan2013,31dec2013,365,audited,excl. ind. audit adj.,los angeles,11,929,investor,general,comparable,,(310) 323-5330,1246 west 155th street,gardena,90247-4011,kevin chavez,ceo,,vista hospital of south bay lp,jackie brown,j. brown & associates,0,05-0456,,hsp30456h,84,84,75,26052,114,201,5,0,1024,0,0,0,27396,988,7,13,2,0,21,0,0,0,1031,84,0,0,0,0,0,27396,0,0,0,0,0,1031,0,0,0,0,0,89.40000000000001,89.40000000000001,26.6,26.6,0,0,0,940,65,0,98,0,191,0,0,0,1294,0,0,0,1196,0,3,18225,4410,305,98,0,0,190324272,142076127,0,48248145,98742,40813898,7532989,0,0,0,0,7532989,78524985,1807976,109991311,176623364,972974,1148030,27420,0,8111904,0,0,0,186883692,2498902,163032,0,269697,0,508949,0,0,0,3440580,134632401,763519,1114812,276888,0,0,4171021,0,995504,0,0,0,121982,0,0,0,0,43899302,372487,33218,20229,0,3922909,0,0,0,0,0,0,0,0,0,11917142,761779,10748398,0,0,0,0,4582248,473905,9533203,2797223,15761773,4395539,1385493,8207,4817938,9380172,918731,2904756,140764,0,1100525,18756411,0,3312909,136958,65968,4313628,26585874,1435092,218609,0,24932173,26585874,78975,7868900,-5566303,0,4440759,5801959,2489050,0,0,0,0,0,15771028,0,271,115,516514,46388,562902,198,0,121972,101950,97738,73398,68921,11830,40534,0,0,171,292505,13280,73238,0,63123,10816,63552,0,320096,14729,78694,0,68143,11618,69622,0,2013
106301380,kindred hospital - westminster,01jan2013,31dec2013,365,audited,excl. ind. audit adj.,orange,13,1014,investor,general,comparable,,(714) 893-4541,200 hospital circle,westminster,92683,brooke saunders,ceo,kindredhealthcare.com,"kindred healthcare, inc.",jackie brown,j. brown & associates,0,05-2035,hsc39363g,,109,109,93,23754,1920,18,2907,0,4828,498,0,0,33925,771,60,4,29,0,112,11,0,0,987,109,0,0,0,0,0,33925,0,0,0,0,0,987,0,0,0,0,0,85.3,85.3,34.4,34.4,0,0,0,0,0,0,0,0,0,0,0,0,0,0,0,0,0,0,3,12300,0,342,0,0,0,262066366,198460621,0,63605745,264583,62755862,1114466,0,0,0,0,1114466,105934497,570960,155560909,179728457,16321486,118230,26543236,0,36608067,2746890,0,0,262066366,0,0,0,0,0,0,0,0,0,0,140491700,12919688,95341,22464138,0,0,18981781,1426101,2081872,0,0,0,0,0,0,0,0,38236067,3401798,22889,4079098,0,16622700,1243193,0,0,0,0,0,0,0,0,17413214,638934,15646745,0,0,0,0,7037400,550287,12251368,9217914,22539847,6721744,755305,75104,7021289,11944219,119275,8392079,951737,0,4235263,131548438,0,1702993,942451,0,472057,134665939,3868375,1352705,0,129444859,134665939,0,15295502,-2344153,29888,8016892,11353668,9650675,0,0,0,0,0,118289229,0,390,147,744349,68263,812612,172,0,256422,104865,135570,74025,93825,29180,48643,9,1478,332,398277,16731,89563,0,79668,10582,149528,0,434021,18229,97585,0,87374,11675,163728,0,2013
106194981,la casa psychiatric health facility,01jul2012,30jun2013,365,audited,excl. ind. audit adj.,los angeles,11,933,investor,psychiatric,phf,,(562) 630-8672,6060 paramount blvd,long beach,90805,tiffany jump,administrator,www.telecarecorp.com,telecare corporation,kevin moghannam,telecare corporation,0,,,,16,16,16,0,0,0,0,796,4921,0,0,0,5717,0,0,0,0,22,93,0,0,0,115,0,16,0,0,0,0,0,5717,0,0,0,0,0,115,0,0,0,0,97.90000000000001,97.90000000000001,49.7,49.7,0,0,0,0,0,0,0,0,0,0,0,0,0,0,0,0,0,0,0,0,0,0,0,0,0,2975098,-103434,0,3078532,32,2866174,212390,0,0,0,0,212390,2975098,0,0,0,0,0,0,414234,2560864,0,0,0,2975098,0,0,0,0,0,0,0,0,0,0,0,0,0,0,-103434,0,0,0,0,0,0,0,0,0,0,0,0,0,0,0,0,414234,2664298,0,0,0,0,0,0,0,0,0,1575957,0,0,0,0,0,0,367124,24044,760892,138157,1361822,386031,0,410077,49634,400862,39190,89406,10526,0,118626,894458,0,102019,0,0,0,996477,432720,0,0,563757,996477,0,0,0,0,44663,318575,216556,0,0,0,0,0,874407,0,28,18,52957,7901,60858,4,0,3859,5848,8182,6955,21534,3182,0,187,0,3210,41059,0,0,0,4123,936,6839,0,46945,0,0,0,5008,1040,7865,0,2013
106301234,la palma intercommunity hospital,01jan2013,31dec2013,365,audited,incl. ind. audit adj.,orange,13,1013,investor,general,comparable,,(714) 670-7400,7901 walker street,la palma,90623,virg narbutas,ceo,,prime healthcare services,jeff brown,hospital management services,0,05-0580,hsc30580g,,141,141,51,10668,1341,3098,1239,296,898,178,0,332,18050,1721,401,575,314,99,341,50,0,113,3614,124,17,0,0,0,0,14090,3960,0,0,0,0,3351,263,0,0,0,0,35.1,35.1,5,5,18,958,411,8334,554,1997,3027,801,3745,717,0,2398,21573,15219,0,0,4603,0,1,32101,14215,391,262,259,144,205097623,148111101,0,56986522,253421,52880927,4359016,1313339,0,0,0,5672355,61817960,26247636,117032027,83743624,14307717,25414994,12069259,3052720,10331888,2028427,0,3767849,154716478,17409013,3171389,3626911,5810483,2336245,9499519,2604434,0,5923151,50381145,74124133,11562145,23739978,9184173,0,5230197,3299207,1242975,13863316,0,1660782,0,4204195,0,0,0,0,26718807,4313478,5126129,8173441,6087,9181868,3186668,0,280044,0,0,0,0,0,0,11825696,3231759,11737777,0,0,0,0,6714079,1598673,14421266,3351677,19555289,6126095,972502,534458,5083525,7481951,1303382,1913892,634473,143857,9131503,20137611,0,3467611,528873,56430,1762989,25953514,5453708,171273,0,20328533,25953514,97829,60885569,-49034460,0,7544761,8597935,5130324,0,0,0,0,0,517729,0,331,141,632497,61695,694192,56,0,42229,186421,224121,33260,30382,42889,57007,10086,6102,0,234391,56383,131774,0,115867,37424,56658,0,257968,61629,143580,0,127135,41177,62703,0,2013
106191227,lac/harbor-ucla medical center,01jul2012,30jun2013,365,audited,excl. ind. audit adj.,los angeles,11,933,city/county,general,comparable,teaching,(310) 222-3221,1000 w. carson street,torrance,90502-2910,delvecchio finley,ceo,www.ladhs.org,county of los angeles,rosita banuelos,los angeles county/harbor-ucla medical center,1,05-0376,hsc30376w,zzt30376w,453,464,322,11978,2085,43725,15998,30743,10290,1632,0,1259,117710,1727,363,6296,3179,6765,1019,356,0,287,19992,415,38,0,0,0,0,104769,12941,0,0,0,0,19122,870,0,0,0,0,71.2,69.5,5.9,5.9,0,3876,874,17478,766,35399,60954,161813,7406,7631,0,3763,295210,73744,235876,0,0,0,10,836898,401138,6262,3820,514,283,1511328497,966428811,1604139,546503825,130855726,744910595,-67551044,254294223,5801796,0,0,180941383,609438848,333772779,568116870,102118509,18819060,379176823,143189306,303969403,51432380,15221615,0,3920114,1017847210,29522154,2606484,61835909,87920619,267832289,25349742,11511259,0,6902831,493481287,94820321,15645481,361155882,88497551,-143999607,480495312,37614895,26732871,5466105,0,0,0,0,0,-3659391,0,5263530,36820342,5780063,223856457,138952983,91306380,39167227,5263533,0,5356840,43737750,0,6332675,0,0,247961548,115231632,100461430,190671770,0,0,0,40565958,97536497,24760003,119142489,56540816,275117359,166928701,13989646,10734258,81426725,103512606,18738842,43394626,6503258,19135600,5428974,411913029,141288097,41162247,149409757,38096637,0,781869767,482517167,0,802828366,-503475766,781869767,22971288,1693959655,-1395656715,77698767,50893118,128640138,87477891,0,0,0,825530046,22701680,70045000,1150640256,4006,1132,7154894,1431390,8586284,365,502,703235,1104823,1557997,265848,529534,858467,219732,1661852,2195,251211,1596858,1284139,1334460,889596,896841,461854,666875,24271,1900101,1609515,1623766,988513,1061122,568262,810734,24271,2013
106191231,lac/olive view-ucla medical center,01jul2012,30jun2013,365,audited,excl. ind. audit adj.,los angeles,11,903,city/county,general,comparable,teaching,(818) 364-1555,14445 olive view drive,sylmar,91342-1495,carolyn rhee,ceo,,county of los angeles,linda keith,los angeles county olive view-ucla medical center,0,05-0040,hsc30040g,zzt40040g,407,292,220,4801,280,33524,1760,20073,5030,1346,0,284,67098,918,77,6012,546,5000,456,274,0,104,13387,327,80,0,0,0,0,55697,11401,0,0,0,0,12461,926,0,0,0,0,45.2,63,5,5,34,1272,446,13282,217,54593,9764,142029,9729,13030,0,1550,244194,64126,186128,0,0,0,7,459553,848160,2945,3509,358,202,812999165,508110543,-2815413,302073209,93885985,435858447,-39899253,113900366,757091,0,0,73244022,230168271,231042431,351788463,33234573,2861266,201092727,44968287,119203785,31710126,5054367,0,747429,438872560,19979160,494925,53351094,41840405,212080077,31273130,11454165,0,3653649,374126605,38634489,3356191,174895706,19396609,-64975749,276677739,43983635,15061974,1079949,0,0,0,0,0,-4788751,0,1973338,14579244,0,144523864,62623332,54606123,18999621,3419896,0,3321129,29530922,0,4354244,9045,0,106173856,72581769,68950297,110269439,0,0,0,17129857,65940828,18141678,77198775,5645804,144568502,113459297,28179941,11047374,46159792,73831217,5811137,1152281,741633,545628,10361645,275526168,78514000,127712592,87440000,34122521,10375000,613690281,306138559,0,595511471,-287959749,613690281,5002045,750030149,-522965214,203865115,44819812,251781601,124069009,0,0,0,604923471,9412000,39297001,835556202,2337,791,4296684,787854,5084538,798,161,411203,893033,1020860,116129,430468,711691,101575,388241,77602,145882,1083218,917690,819149,0,496508,391455,584411,4253,1274199,1056679,960554,0,592826,496845,698554,4881,2013
106191306,lac/rancho los amigos national rehabilitation ctr,01jul2012,30jun2013,365,audited,excl. ind. audit adj.,los angeles,11,921,city/county,general,comparable,,(562) 401-8035,7601 e. imperial hwy,downey,90242-3456,jorge orozco,ceo,www.rancho.org,county of los angeles,lupe z. martinez,rancho los amigos national rehabilitation center,0,05-0717,hsc32014w,zzt32014w,289,289,189,4431,388,32281,7697,10952,1167,1645,0,636,59197,331,26,1515,496,1242,56,102,0,54,3822,289,0,0,0,0,0,59197,0,0,0,0,0,3822,0,0,0,0,0,56.1,56.1,15.5,15.5,0,0,0,6029,25,11127,10777,10189,383,162,0,215,38907,0,39254,0,0,0,5,163398,39096,1076,385,0,0,393482360,188555986,-13624656,191301718,21527856,241485339,-28655765,54797933,302647,0,0,25839521,267370119,41527195,84585046,26760312,2083391,168851795,48252404,63205849,8690259,8399537,0,2422223,328665770,10022445,29945,17490973,17847161,18229389,610215,221050,0,365412,64816590,27058768,1656786,122661683,-1571143,-32303395,54161501,6901660,7392883,2597243,0,0,0,0,0,-13624656,0,0,9723989,456550,95984480,54046052,27273737,2398814,1227704,0,190392,12513000,0,3436405,4442,0,51107549,58353165,10240765,55283197,0,0,0,1303422,46215804,11565010,52072713,6451263,94415094,69829107,7181040,3933142,15322398,33695018,2632000,2707084,3652889,244008,7873559,158929159,0,89988000,8648000,40867138,3990000,302422297,123852894,44700,219986910,-41462207,302422297,2404885,283675971,-164816176,187179000,16043000,203439000,113451000,0,0,0,230081910,10095000,30795000,310188201,1404,395,2516783,489890,3006673,191,21,299792,615029,411490,146817,258945,329602,184275,185494,3520,81819,814619,144763,535473,3652,479327,195263,343686,0,955697,174591,641130,4151,574164,237062,419878,0,2013
106191228,lac/usc medical center,01jul2012,30jun2013,365,audited,excl. ind. audit adj.,los angeles,11,925,city/county,general,comparable,teaching,(323) 409-6871,1200 north state street,los angeles,90033,"dan castillo, mha",ceo,http: intranet.lac+usc.org,county of los angeles ,rusty thomsen,lac+usc expenditure management,1,05-0373,hsc30373w,zzt30373w,676,667,664,14543,2619,70302,23987,62130,23055,2343,0,573,199552,1896,373,8317,4203,12537,2962,489,0,122,30899,600,76,0,0,0,0,178427,21125,0,0,0,0,29630,1269,0,0,0,0,80.90000000000001,82,6.5,6.5,20,2149,774,29254,860,97104,89044,283294,54221,12819,0,3200,569796,138950,464195,0,0,204,25,2046360,633240,9232,4463,618,406,2266000275,1398394050,-7967623,859638602,188334860,1287146722,-239173260,346200407,499910,0,0,106527237,877722463,433550762,954727050,75456590,15532435,707807920,193618605,285571735,112438971,20056454,0,3346449,1413829159,26422579,1036440,116917419,122131665,504366028,56420156,17431455,0,7445374,852171116,67765530,10839194,630709132,38960987,-98673484,617031917,104555803,24626474,2578497,0,0,0,0,0,-15501136,0,7533513,34113639,5729681,292689691,261288147,172905846,64303324,20394948,0,8213326,111710250,0,13532490,0,0,332667917,243557179,162458216,308708683,151215,0,0,104581628,157579011,52169987,222130084,35810719,383267729,350993853,110161310,69221765,147508271,162181412,24650078,12885450,12359128,563053,13354673,715126928,0,876302599,0,73341035,14230000,1679000562,496506431,190047,1081063539,101240545,1679000562,13779546,2369964367,-1809357206,1013183917,91894671,1120511766,244209167,0,0,0,1127597940,46534401,108326607,1433252893,7006,2459,13473536,2501248,15974784,808,687,1328384,1876621,3012496,177663,969157,1576397,846337,2283751,954861,447869,3386452,2092037,2207741,1757358,1904346,738306,1377052,10244,4018470,2439301,2652704,1958656,2285783,937810,1671244,10816,2013
106380865,laguna honda hosp & rehab center,01jul2012,30jun2013,365,audited,excl. ind. audit adj.,san francisco,4,423,city/county,general,ltc emphasis,,(415) 759-3371,375 laguna honda blvd,san francisco,94116,chia yu ma,deputy finance officer,dph.sf.ca.us/chn/lhh,city and county of san francisco,derek wong,"toyon associates, inc.",0,05-0668,hsc00228f,zzr02004f,780,780,765,5579,0,266951,136,169,506,0,0,5093,278434,99,0,1438,1,3,4,0,0,32,1577,6,0,0,5,769,0,524,0,0,700,277210,0,110,0,0,42,1425,0,97.8,97.8,176.6,8.1,0,0,0,3179,0,2708,1,23,23,0,0,184,6118,0,6118,0,0,0,0,0,0,0,0,0,0,266429703,153921885,0,112507818,1667458,233732690,-119557414,125437652,15512059,0,0,-9631821,235772142,3856878,26800683,13240787,0,239963693,129573,298970,641945,0,0,5559638,259834606,3382553,0,2778163,1694,126255,37310,0,0,269122,6595097,9961433,0,141869663,70488,0,237199,551006,0,1123163,0,0,0,108933,0,0,0,0,6661907,0,100872193,58380,188026,128249,0,0,4599063,0,0,0,486309,0,109968082,99722680,1504491,20352860,0,0,0,0,52941757,3829977,32276262,23104663,92247494,85961108,0,2290252,16810399,9383338,16107696,46107,0,7360655,3525641,61721356,3750400,562988750,0,1480524,0,629941030,298837505,0,0,331103525,629941030,17634208,37282839,-30886295,598203573,27455597,625659170,62670420,0,0,0,82839,82839,0,0,1318,399,2420304,426672,2846976,96,0,47268,331331,332475,197673,295848,112880,22327,974301,3158,103043,1360473,9976,127607,0,621957,55624,244667,0,1583276,12480,154590,0,747579,67398,281653,0,2013
106190240,lakewood regional medical center,01jan2013,31dec2013,365,audited,excl. ind. audit adj.,los angeles,11,933,investor,general,comparable,,(562) 531-2550,3700 east south street,lakewood,90712,ron galonsky,ceo,www.lakewoodregional.com,tenet healthcare corporation,christina kim,tenet healthcare corporation,0,05-0581,hsc30581g,hsp30581g,172,172,104,12599,9414,4150,4415,0,1241,4809,408,1045,38081,2506,2129,589,991,0,296,1266,101,294,8172,153,0,0,19,0,0,38081,0,0,0,0,0,8172,0,0,0,0,0,60.7,60.7,4.7,4.7,0,0,0,10603,8040,3039,15352,0,3351,12849,87,7863,61184,47621,0,0,15036,0,6,226080,165810,1920,2059,0,0,1016232256,848652658,0,167579598,1144807,153037616,15686789,2337417,738261,0,0,17285945,142867047,92369959,780995250,222107527,187673862,64280633,72854668,0,20901801,96953431,6484440,14616941,685873303,65080256,78698916,11606344,55683787,0,11718107,80258668,626214,26686661,330358953,247695553,223662918,62003430,116084318,0,0,29638863,119585184,13922721,0,7021708,0,29037963,0,0,0,0,39492230,42709860,13883547,12454137,0,2670035,55937311,88946,343532,0,0,0,0,0,0,29927356,8245570,50965015,0,0,0,190697,15975361,9566160,35312214,2855243,55853198,19846803,1262230,3416978,27713651,22479784,5367623,874797,1274821,44296,14903435,57037918,0,39958313,1690669,7104109,3592478,109383487,13319775,2513649,1303290,92246773,109383487,0,89287841,-61667823,60292677,44434662,108959975,69001662,0,1303290,0,1303290,0,20454820,0,663,312,1213002,203611,1416613,408,3,82615,246772,492350,2193,116657,208050,14070,11763,38448,84,522325,97398,335555,0,80924,60182,116618,0,595570,109411,388305,0,90332,67109,165886,0,2013
106380868,langley porter psychiatric institute-hospital and clinics,01jul2012,30jun2013,365,audited,incl. ind. audit adj.,san francisco,4,423,non-profit,psychiatric,comparable,,(415) 476-7000,"401 parnassus ave, box 0984",san francisco,94143,mathew w. state,chairman,www.ucsf.edu,regents of the university of california,christina hank,"toyon associates, inc.",0,05-4144,hsc04020f,,67,22,22,2332,0,100,0,0,156,2564,405,101,5658,298,0,13,0,0,20,329,52,13,725,0,67,0,0,0,0,0,5658,0,0,0,0,0,725,0,0,0,0,23.1,70.5,7.8,7.8,0,0,0,6126,0,65,0,147,1348,25296,1977,661,35620,0,31900,0,0,0,0,0,0,0,0,0,0,31447937,13188790,0,18259147,580490,20604721,-1765084,142691,0,0,0,-1622393,14967514,16114690,365733,6322000,0,270900,0,0,422327,6948300,1096604,273116,15333247,2689739,0,26339,0,59267,698320,11433601,927204,280220,16114690,3016581,0,254700,0,0,46584,497597,8161920,737601,0,0,0,473807,0,0,0,0,5769253,0,35088,0,11197,594958,9759185,1550001,539465,0,0,0,0,0,0,6360780,5371154,365734,0,0,0,2866695,1771134,1747769,1861253,260202,7854470,2572432,4020667,2374063,702058,2457338,193764,14460,79717,0,335752,6077630,0,2083905,0,0,0,8161535,689350,0,0,7472185,8161535,600,5707002,-536797,6908310,2837867,10509831,8425926,0,0,0,0,0,0,0,92,31,186137,16442,202579,58,29,25184,39658,27727,12662,11700,32788,13373,10806,12039,200,86848,37023,0,0,20853,23006,18407,0,93977,40236,0,0,22632,25533,20201,0,2013
106191014,lanterman state hospital and developmental center,01jul2012,30jun2013,365,audited,excl. ind. audit adj.,los angeles,11,917,state,specialty,state,,(909) 595-1221,3530 w. pomona blvd.,pomona,91768,cheryl bright,executive director,,state of california,vu tran,department of developmental services,0,05-0545,,,991,453,210,370,0,70556,0,0,786,0,0,6748,78460,1,0,85,0,0,2,0,0,5,93,67,0,0,0,924,0,616,0,0,0,77844,0,4,0,0,0,89,0,21.7,47.5,843.7,154,0,0,0,0,0,0,0,0,0,0,0,0,0,0,0,0,0,0,0,0,0,0,0,0,0,102872594,3232038,0,99640556,0,102872594,-3232038,3232038,0,0,0,0,92199798,0,10672796,0,0,0,0,0,0,0,0,0,0,0,0,0,0,0,0,0,0,0,0,132955,0,3088275,0,0,0,0,0,0,0,0,0,10808,0,0,0,0,0,0,0,0,0,0,0,0,0,0,0,0,0,0,0,0,0,0,0,0,0,0,0,0,0,0,0,0,0,0,0,0,0,0,0,0,0,0,0,0,0,0,0,0,0,0,0,0,0,0,0,0,0,0,0,0,0,0,0,0,0,0,0,0,0,0,0,0,10,0,0,0,0,0,0,0,0,0,0,0,0,0,0,0,0,0,0,0,0,0,0,0,0,0,0,0,2013
106390923,lodi memorial hospital,01jan2013,31dec2013,365,audited,incl. ind. audit adj.,san joaquin,6,505,non-profit,general,comparable,,(209) 334-3411,975 south fairmont avenue,lodi,95240-5118,joseph p. harrington,ceo,http://www.lodihealth.org,"lodi memorial hospital association, inc.",cynthia b. butler,"lodi memorial hospital association, inc.",0,05-0336,hsc000336,zzt000336,214,175,110,16277,2512,3219,4043,0,323,4192,685,965,32216,2949,455,577,1096,0,61,1138,125,199,6600,182,0,0,32,0,0,30640,0,0,1576,0,0,6471,0,0,129,0,0,41.2,50.4,4.9,4.9,15,1796,1034,62620,4853,15857,53488,0,16298,27341,1127,19514,201098,33370,80916,12373,70203,0,6,164400,208221,1635,2475,690,348,1174974730,1014415597,1403102,161962235,1998366,168414117,-4453516,-2609575,774357,0,0,-7837448,272858299,195751033,706365398,364050640,59146529,62408501,86697284,0,7494219,98221245,14399242,22204307,714621967,150982005,28565335,25294412,89937218,0,14863085,113890359,9764776,27055573,460352763,471583443,80144367,75100275,155395240,0,0,12473001,145021020,39520535,0,24836705,0,10341011,0,1351995,0,51107,43414775,7566329,12602638,22529751,0,7749773,66822565,57648,1218756,0,18185,54689,-3208147,0,0,26366710,24170704,43094697,0,0,0,0,25307721,5654878,27947883,15871524,69743803,17902291,6848382,3162908,21822901,10567677,11485648,880596,569190,7447030,17983691,62914734,34799217,152600553,4823872,8673722,3497,263815595,29160485,803012,138892758,94959340,263815595,7349167,205207473,-177077000,131918622,106941245,247299083,94698530,0,203262,140030000,142367457,3474699,9664311,337314,980,313,1904876,155576,2060452,180,0,136536,535899,474373,6492,163415,337464,195706,32882,7250,14859,419137,370351,397075,0,408915,117761,187583,4054,450479,398847,431954,0,442094,128979,203604,4495,2013
106364014,loma linda university behavioral medicine center,01jan2013,31dec2013,365,audited,excl. ind. audit adj.,san bernardino,12,1209,non-profit,psychiatric,comparable,,(909) 558-9200,1710 barton road,redlands,92373,ruthita j. fike,ceo,,loma linda university medical center,jeff clark,"steve clark & associates, inc.",0,05-0493,,hsp34093g,89,89,89,2838,2358,8046,0,1286,1291,9762,131,593,26305,441,371,1353,0,203,204,1569,21,96,4258,0,71,18,0,0,0,0,21929,4376,0,0,0,0,3597,661,0,0,0,81,81,6.2,6.2,0,0,0,2568,1110,0,0,0,1331,30068,0,1504,36581,0,0,0,2393,0,0,0,0,0,0,0,0,69714341,40633445,0,29080896,2069112,32572885,-1422877,425685,0,0,0,-997192,37431521,18824132,13458688,5357302,4402421,13678304,0,2316318,2207414,17955312,194572,1115114,47226757,1853302,740371,0,0,0,1086076,18019497,0,788338,22487584,4402118,2527990,8377861,0,0,1120005,2189944,18894069,1160406,0,1611877,0,349175,0,0,0,0,2662622,2456785,4797350,0,481758,1052246,16269928,0,1360207,0,0,0,12030,0,0,9566713,5376215,948488,0,0,0,0,5641086,2632454,6589315,1818614,15128333,5629948,1028953,537855,955692,5913404,867907,0,19678,1020548,1470567,8235958,0,25773889,50399,0,85017,34145263,13942104,0,22704982,-2501823,34145263,851662,10287326,-5095135,26047087,8309131,41087202,15313313,0,23082812,0,23082812,377830,0,6709576,256,100,496282,37331,533613,116,0,57473,132818,116023,12083,78740,83336,0,15057,752,0,218569,116225,6549,0,42407,44794,67738,0,232036,125982,7040,0,45853,47580,75122,0,2013
106334589,loma linda university med ctr-murrieta,01jan2013,31dec2013,365,audited,incl. ind. audit adj.,riverside,12,1209,investor,general,comparable,,(951) 290-4000,28062 baxter road,murrieta,92563,mel sauder,interim ceo,http://llumcmurrieta.com/,"physicians hospital of murrieta, llc",jeff clark,"steve clark & associates, inc.",0,05-0770,,,106,106,78,9438,4992,721,1961,0,2273,8504,0,1014,28903,2538,1383,177,480,0,792,2891,0,289,8550,106,0,0,0,0,0,28903,0,0,0,0,0,8550,0,0,0,0,0,74.7,74.7,3.4,3.4,14,1897,1035,7459,2216,1531,9716,0,2924,13075,0,5448,42369,33704,0,0,9658,0,6,240209,76678,2598,1407,745,306,724335584,564222106,0,160113478,2294793,193373273,-30965002,1824845,2499802,0,0,-31639959,157391890,100526991,466416703,176816339,54923456,8886738,23054482,0,46490593,148741178,0,17849687,476762473,74887327,15670775,5034334,17607496,0,30751270,88797246,0,14824663,247573111,192480658,51823135,9559929,33803497,0,0,50549661,184521042,14778066,0,5193348,0,21512770,0,0,0,0,59223008,18436140,4361143,6858481,0,24956355,48592417,0,-2314066,0,0,1520854,0,0,0,28351658,12224687,61746687,0,0,0,0,23124250,7187772,18272375,42465844,52877465,16632143,5823671,12773968,32736201,19157605,11126840,28066153,1102499,5872195,7204533,53430938,0,50479505,0,868571,0,104779014,72092593,10745147,134454978,-112513704,104779014,5409445,179865611,-147724476,13573735,46459051,80235065,29755560,0,37128089,108097202,145225291,10770313,0,10300908,805,344,1595949,120201,1716150,285,0,99812,450394,574766,0,99139,213277,114262,1764,42535,0,566851,154186,332560,0,255281,130512,145811,10748,607396,164786,365082,0,269458,140225,157634,11569,2013
106361246,loma linda university medical center,01jan2013,31dec2013,365,audited,excl. ind. audit adj.,san bernardino,12,1209,non-profit,general,comparable,teaching,(909) 558-4000,11234 anderson st,loma linda,92354,ruthita fike,ceo,www.llu.edu/llumc,loma linda university adventist health sciences center,kevin seeley,"steve clark & associates, inc.",1,05-0327,hsc30327g,hsp30327g,881,854,521,30663,2313,67801,19507,4353,60142,1583,2190,2397,190949,4195,309,21033,2426,544,2303,238,259,450,31757,820,0,0,61,0,0,177810,0,0,13139,0,0,28802,0,0,2955,0,0,59.4,61.3,6,6,12,5039,73,139732,22277,92274,78709,2312,161425,114610,4098,28465,643902,59016,137462,37266,362124,0,33,2360310,1424130,10960,13525,1906,1001,5114781661,3884682482,0,1230099179,5625316,1173020173,62704322,39127644,822694,0,0,101009272,1647889596,365742673,3101149392,647895644,42157821,1190962484,281347034,65409148,1145096348,36402156,59706305,67432226,3536409166,394060219,7545775,217871158,130297293,4915082,713261800,37234383,27127142,46059643,1578372495,768758011,36671455,1058426745,330929475,-20915612,63879806,1371101949,54329252,54078202,0,109493390,0,57929809,0,0,0,0,273197852,13032141,348662566,80714852,6444424,487256199,19307287,0,1483858,0,0,11239754,24892858,0,0,205596702,77616503,416485804,0,0,2173608,40761271,161621951,27189972,208214333,33360029,383383447,154186649,37910980,59804710,262893252,78514624,51614613,13268886,6876240,18575800,105990972,375321671,234335689,502263879,70491228,36035878,0,1218448345,224784261,0,398650124,595013960,1218448345,70317541,275789618,-79714916,343996417,682280931,1277646280,775382401,0,0,350920412,440412567,41762443,0,0,9091,3772,18210400,1157586,19367986,768,419,1169498,4177033,5770902,406641,1344578,1666911,1128283,2087461,324266,134827,5839280,1736975,4246227,1315505,2862086,702852,1502411,5064,6137083,1842424,4564412,1319190,3081969,772994,1644305,5609,2013
106420491,lompoc valley medical center,01jul2012,30jun2013,365,audited,incl. ind. audit adj.,santa barbara,10,805,district,general,comparable,rural,(805) 737-3300,1515 e. ocean avenue,lompoc,93436,james j. raggio,administrator,www.lompocvmc.com,lompoc valley medical center,catherine derock,hfs consultants,0,05-0110,,zzt30110f,170,170,113,7279,533,1349,28768,105,1258,703,1385,4307,45687,1101,59,171,477,17,423,200,63,131,2642,60,0,0,0,110,0,8376,0,0,0,37311,0,2344,0,0,0,298,0,73.59999999999999,73.59999999999999,17.3,3.6,10,34,16,23691,575,1749,11824,387,17207,4607,1065,2667,63772,21334,0,0,41129,0,4,100188,195146,751,2853,451,117,105651778,47960768,0,57691010,1215249,65314054,-6407795,5135560,172484,0,0,-1444719,22231475,13833268,69587035,20024018,1116296,2297408,13096006,522801,6040878,2805529,960907,3510764,50374607,19536653,922332,1090826,10469555,415354,16002475,4000927,1058547,1780502,55277171,23142861,791946,306260,5968933,-89579,609023,9280549,1965301,3468861,0,2516613,0,0,0,0,0,0,16417810,1246682,2784859,17494344,320951,12762804,4841155,0,1822405,0,0,125205,15254,4729095,0,14065204,3877381,17615545,0,0,0,0,11070741,2383238,7292210,9009735,25988757,9148499,1306590,2014366,7830941,4473877,5893048,428202,286657,4313148,3629969,29369545,22385491,88760630,6142330,0,2586687,149244683,20598253,899689,95343303,32403438,149244683,8608342,10001928,-2987737,86229514,39738947,138930773,50170143,0,0,95828303,95828303,485000,0,0,476,165,929946,84020,1013966,67,0,76446,178937,163400,33247,126475,188010,135821,3800,20662,3148,346693,57514,149719,0,228029,45072,102919,0,374304,65318,162720,0,248122,49604,113898,0,2013
106190525,long beach memorial medical center,01jul2012,30jun2013,365,audited,incl. ind. audit adj.,los angeles,11,933,non-profit,general,comparable,teaching,(562) 933-2000,2801 atlantic avenue,long beach,90806,diana hendel,ceo,www.memorialcare.org,memorial health services,richard macintosh,memorial health services,2,05-0485,hsc30485g,hsp30485g,462,462,299,37084,13438,7151,10646,703,1426,23218,3365,1780,98811,6934,3435,1119,2596,141,251,5694,820,434,21424,378,0,0,42,42,0,89953,0,0,8858,0,0,20767,0,0,657,0,0,58.6,58.6,4.6,4.6,0,0,0,33461,11957,7010,15203,192,1567,58830,4412,4980,137612,57259,3112,0,87850,5414,25,1112904,602403,5097,4606,0,0,1853331106,1345553886,24194467,531971687,4595332,474605765,61961254,55187139,36200332,0,0,80948061,393499350,149128243,1310703513,441559286,197284874,121231011,129237964,13623103,19774688,314763287,42154914,22684926,1302314053,137319679,51319603,27955470,59736076,1950031,6753317,236177362,16750593,13054922,551017053,476728690,217975875,63914124,134185853,0,12679395,20763510,333296442,19399826,0,59229469,-56161,7436863,24194467,0,0,0,102150275,54823069,84948395,54788187,2893739,5764495,217644207,56161,8903159,0,0,4223633,788680,0,0,89451874,25270236,150298226,7636099,7983394,3390412,7814009,64980878,14370745,93763114,9646778,151120345,65227854,8496297,25089228,67876110,66795320,15857551,4327003,3439296,2765,66373996,815552203,0,83132669,15938938,0,773038,915396848,72110006,22378707,0,820908135,915396848,119368,398381741,-306635683,123245035,168787013,311862721,228730052,0,0,0,0,0,703123312,0,2277,835,4554974,574884,5129858,1267,69,251866,1326665,1219388,37044,473092,557670,78369,216751,7864,386265,1371596,374229,1190197,93442,758379,128388,396058,242685,1577499,415346,1352025,102985,806598,142306,460703,272396,2013
106301248,los alamitos medical center,01jan2013,31dec2013,365,audited,excl. ind. audit adj.,orange,13,1013,investor,general,comparable,,(562) 598-1311,3751 katella avenue,los alamitos,90720,michele finney,ceo,www.losalamitosmedctr.com,tenet healthcare corporation,christina kim,tenet healthcare corporation,0,05-0551,hsc30551h,hsp30551h,167,167,114,20201,8517,1938,1126,623,388,8169,319,344,41625,3229,2359,534,367,178,122,2691,78,117,9675,142,25,0,0,0,0,34763,6862,0,0,0,0,9290,385,0,0,0,0,68.3,68.3,4.3,4.3,17,3027,1439,20656,16360,1376,3722,744,1826,37347,62,3037,85130,30312,0,0,56292,0,6,315300,337995,2717,3520,1027,371,1185533274,1009204171,13066453,189395556,1334848,178205752,12524652,2130381,794956,0,0,13860077,139425762,89703656,956403856,298024561,187473187,30710341,17927156,11055021,6612643,171490686,6939380,6896132,737129107,106768502,97238315,5985487,18633974,5176036,9948778,191785099,515328,12352648,448404167,359730154,266735842,31992317,25981949,0,15721470,14128871,267250148,5189194,0,7681155,-41549,14834620,13066453,0,0,0,45062909,31042113,4441362,10579181,551136,2331137,93800536,35702,1551480,0,0,58013,0,0,0,32771217,7955255,66673685,0,0,0,0,19290137,11388827,36416990,3709641,62615156,24406817,1732195,2552195,28288237,26961769,6321529,1608186,1583389,75470,22060809,34101317,0,60492506,5417663,8909903,3528648,112450037,181137668,2814839,790663,-72293133,112450037,525,80768016,-53354935,76062507,47335490,132841612,72349106,0,790663,0,790663,0,0,161358796,787,326,1414911,244806,1659717,265,0,107691,337434,539122,9451,105576,265305,13718,12848,23766,0,480084,91330,534949,0,82267,91606,134675,0,555135,103122,614267,0,93722,104769,188702,0,2013
106190198,los angeles community hospital,01oct2012,30sep2013,365,audited,excl. ind. audit adj.,los angeles,11,925,investor,general,comparable,,(323) 267-0477,4081 east olympic blvd.,los angeles,90023,david topper,ceo,www.altahospitals.com,"alta hospitals system, llc",eric thaichareon,"alta hospitals system, llc",0,05-0663,hsc30663f,hsp30663f,180,180,180,11646,1819,22060,15347,447,512,298,32,878,53039,2510,429,1776,3686,47,110,71,9,216,8854,141,0,0,0,39,0,40518,0,0,0,12521,0,8707,0,0,0,147,0,80.7,80.7,6,4.7,16,315,115,1300,594,1423,4839,169,766,286,20,1967,11364,16772,0,0,229,0,5,125975,23704,1908,362,36,79,352101434,220737194,0,131364240,2773271,93428570,40708941,22771,344,0,0,40731368,81917424,19523213,250660797,83822758,13566936,108522753,101651457,2644839,4504521,2244434,238499,6376377,323572574,3849396,1971781,3791534,11445111,492771,1700003,674630,46948,4556686,28528860,55950675,10087710,58032356,73748074,-8862097,3006236,2781630,2288635,9293432,0,13021526,0,1389017,0,0,0,0,31721479,5451007,58277316,31479127,131374,3422894,630429,0,250614,0,0,0,0,0,0,21350707,3999688,16837181,0,0,0,0,7771094,3390560,37059634,3019706,32013146,7462420,3132834,810433,8549507,16210683,1362146,934026,82373,46441,22824561,202206605,0,18450084,996369,0,0,221653058,7067285,3031388,181284,211373101,221653058,0,62440097,-40609474,14380987,6585136,26870879,8420795,0,317545,0,317545,136261,160896064,0,782,380,1441768,193646,1635414,204,0,75525,308179,518967,142435,123150,162583,91902,9427,5420,4180,733976,68539,237132,0,250370,38716,113035,0,833100,78160,267972,0,289887,41346,124949,0,2013
106190854,los angeles metropolitan medical center,01sep2012,09apr2013,221,audited,excl. ind. audit adj.,los angeles,11,925,investor,general,comparable,,(323) 730-7300,2231 south western ave,los angeles,90018,samuel einhorn,ceo,,pacific health corporation,matt absher,absher healthcare consulting llc,0,05-0644,hsc30644f,hsp60644f,213,213,111,13015,133,7415,953,0,271,422,86,129,22424,1545,17,1182,240,0,57,94,26,65,3226,115,98,0,0,0,0,3641,18783,0,0,0,0,797,2429,0,0,0,0,47.6,47.6,7,7,0,0,0,2669,23,526,2121,0,118,268,83,1009,6817,3638,234,0,2151,0,4,3405,6615,97,117,0,0,109286183,73515282,0,35770901,124120,37829951,-1934930,0,0,0,0,-1934930,44496255,12343453,52446475,57255689,454426,24425258,7956259,0,1049312,1880643,761413,798893,94581893,5559361,46365,1297945,4824473,0,343259,584102,498793,1549992,14704290,40094613,332785,17704888,9610513,-1728365,0,379449,930324,4446537,0,1260206,0,484332,0,0,0,0,20299309,148704,9746680,3170219,0,959447,1439420,0,7122,0,0,0,0,0,0,8172332,986484,3426862,0,0,0,0,4356268,1164291,17963421,1760293,13421281,4120332,653460,503770,1519234,2688549,479561,816475,282127,259389,13085773,81553576,0,4060736,2057638,0,0,87671950,64618972,0,1657829,21395149,87671950,0,15623579,-14780186,6654934,11395317,21654866,17594130,0,0,0,1657829,0,73627032,40516314,276,99,488889,85989,574878,141,0,28173,122460,133671,12772,58613,65434,52778,14988,0,0,214904,23274,55208,0,115058,29355,51090,0,255189,27710,65909,0,132446,33132,60492,0,2013
106560492,los robles hospital & medical center,01jan2013,31dec2013,365,audited,excl. ind. audit adj.,ventura,10,813,investor,general,comparable,,(805) 494-2727,215 west janss road,thousand oaks,91360,greg angle,ceo,www.losrobleshospital.com,hca,jeff brown,hospital management services,2,05-0549,hsc30549f,zzt30549f,395,337,228,47384,4215,2304,2211,0,1984,21862,719,1846,82525,6885,777,415,476,0,456,5934,135,436,15514,342,0,0,11,42,0,68069,0,0,3289,11167,0,14608,0,0,243,663,0,57.2,67.09999999999999,5.3,4.8,0,4410,1746,36057,3326,1163,5854,0,3024,45748,805,5126,101103,65105,0,0,55343,0,10,806206,355851,5021,3909,1161,751,2015753550,1596132922,0,419620628,950833,354259796,66311665,11675390,222475,28741789,0,49022791,233989429,119969304,1661794817,775902314,81764406,28363644,31319710,0,46556072,461723117,22853008,36632914,1485115185,180295318,25751218,5652323,21529593,0,17669358,246784063,6871690,26084802,530638365,847075749,93890578,26497580,50096013,0,0,47815409,437762313,26465567,0,24849854,0,41679859,0,0,0,0,108363257,13520017,7401661,2713836,0,15219405,266060605,4874844,1467003,0,0,0,22370,0,0,70882948,8920630,99252783,0,0,0,0,50215026,14787407,86308458,23892544,106903421,52339521,13504883,7002848,65554894,51209327,19660302,1958674,3875370,2210933,30039623,310261951,0,174395360,1292146,3801185,42386081,532136723,24110468,0,16356118,491670137,532136723,256245,103777356,-35806533,186466591,102815572,325689736,151294376,0,0,0,16959766,603648,232130588,16959766,1253,695,2430400,287765,2718165,552,0,197484,306777,968851,1882,435186,245045,163305,0,40425,71445,922781,111381,732907,0,421128,11684,230519,0,1040421,123706,823150,0,461619,14676,254593,0,2013
106434040,lucile salter packard children's hospital at stanford,01sep2012,31aug2013,365,audited,incl. ind. audit adj.,santa clara,7,429,non-profit,childrens,comparable,teaching,(650) 497-8000,725 welch road,palo alto,94304,christopher dawes,ceo,www.lpch.org,lucile salter packard,jaycee lin,"essential consulting, llc",0,05-3305,hsc11103g,zzr11103g,311,308,240,294,0,31023,5785,0,1150,44609,35,448,83344,47,0,4161,1300,0,166,6943,5,49,12671,311,0,0,0,0,0,83344,0,0,0,0,0,12671,0,0,0,0,0,73.40000000000001,74.09999999999999,6.6,6.6,64,8444,4045,1778,0,45325,27932,0,4675,97743,40,8436,185929,0,161017,0,15274,0,14,626298,327557,3278,4338,2926,1203,3212889584,2157516567,0,1055373017,59713791,954224986,160861822,104996992,56267598,0,0,209591216,1385009656,309823585,1518056343,9483393,0,1025976279,80333805,0,33206277,1235011254,1480757,2451421,2387943186,6752765,0,279939311,67000816,0,16387495,437227549,400964,17237498,824946398,12229080,0,1032367052,128531678,-2000000,0,41638536,909572261,6072434,0,11079746,0,18025780,0,0,0,0,3994802,0,266197670,16384218,0,7846224,757880276,368869,2700958,0,0,0,444475,0,0,160984656,187866612,214706745,0,0,9334222,17008910,130065782,28600912,162282626,43374521,264549866,139756618,0,33461106,68950202,323284300,36094388,13387389,2073835,13284141,59383141,457988601,0,325818116,317392798,625875374,0,1727074889,174585135,0,388269536,1164220218,1727074889,188408898,663779255,-453083548,377792123,239125647,640402002,314583886,0,0,360908762,390469536,2200000,0,40377189,2627,833,5026836,691278,5718114,880,173,496064,1288945,1424275,8737,107767,921792,232326,292407,191666,62857,1491116,712455,913690,11963,897304,247825,750395,2088,1726373,810537,1049348,13767,980760,279916,855229,2184,2013
106121002,mad river community hospital,01jul2012,30jun2013,365,audited,incl. ind. audit adj.,humboldt,1,105,investor,general,comparable,,(530) 822-3621,3800 janes road,arcata,95521,douglas shaw,president,www.madriverhospital.com,american hospital management corporation,richard w. lakey,richard w. lakey cpa,0,05-0028,,zzr00028f,80,46,42,3720,0,2383,0,366,902,0,395,996,8762,861,0,704,0,107,242,0,116,236,2266,80,0,0,0,0,0,8762,0,0,0,0,0,2266,0,0,0,0,0,30,52.2,3.9,3.9,6,1475,819,46372,0,14010,0,2664,30262,0,1055,9053,103416,15769,17005,20545,49250,0,2,46379,93858,497,1269,419,133,153721071,99885836,0,53835235,1020723,53793019,1062939,142151,12549,0,0,1192541,22560694,26392627,104767750,19642872,0,15051246,0,1884460,7393159,0,3357452,6003260,53332449,42663305,0,15423554,0,2756590,26263172,0,1422496,11859505,100388622,33095313,0,15409645,0,-358876,3940651,25248991,0,15266456,0,5148860,0,2134796,0,0,0,0,29210864,0,15055119,0,700399,8407340,0,0,461513,0,0,0,7951,0,0,8006980,8040043,18606743,0,0,0,0,5889864,2441075,8898220,1910094,20216184,9947788,3325474,1488706,6491192,2431373,1361958,860186,429452,263116,6977590,10780824,0,9867930,1321000,0,85363,22055117,15861032,0,4351069,1843016,22055117,294192,35005675,-25926102,14100326,11648024,25888012,16020082,3936182,633430,0,4569612,218543,0,5060995,432,124,762741,137909,900650,187,0,49843,104290,205567,12617,38362,237417,75722,37154,1769,0,126571,152271,214819,0,136709,73637,58734,0,145445,168671,270014,0,169162,83078,64280,0,2013
106201281,madera community hospital,01jul2012,30jun2013,365,audited,incl. ind. audit adj.,madera,9,601,non-profit,general,comparable,,(559) 675-5555,1250 e almond avenue,madera,93637,john w. frye,administrator,maderahospital.org,madera community hospital,diane neff,madera community hospital,0,05-0568,hsc00568g,,106,106,65,7847,970,3136,3625,887,1380,1709,68,643,20265,1285,175,880,1072,214,346,436,18,143,4569,106,0,0,0,0,0,20265,0,0,0,0,0,4569,0,0,0,0,0,52.4,52.4,4.4,4.4,16,3425,1553,25783,1830,16491,45584,9832,11456,16864,489,16820,145149,42176,46292,8626,48366,0,6,133700,161212,1385,1906,1044,534,184577645,101886352,0,82691293,2436976,83669773,1458496,1233134,0,0,0,2691630,30060476,37814622,116702547,35566421,4480173,13856148,17349758,4279027,6589373,7827501,393457,2885349,93227207,16357051,1452848,12421374,26305117,6174300,8132298,10749958,389865,9367627,91350438,27393103,3612899,1848060,31007802,-2996815,6896722,7219028,16571381,4728212,0,5207731,0,398229,0,0,0,0,23678656,2229392,26843547,12542024,3538560,6716936,1392239,73850,5676089,0,0,1231525,-51249,0,0,13540038,12213046,24822859,0,0,0,0,13318944,2179700,13655614,3939572,35028689,11490322,2905773,1653187,10508342,5990439,3142412,1290383,806660,541199,10312367,32458937,11996480,33385660,4691379,813597,0,83346053,12444763,0,15822515,55078775,83346053,7330110,34890777,-17577156,44481876,28592868,74658346,41272686,0,0,11764079,16920336,1097821,0,0,728,249,1345010,183534,1528544,61,0,116270,215404,277502,71564,163551,297551,164658,24376,6103,8031,308664,280549,321760,0,260104,57103,116830,0,357954,306871,372249,0,292269,64244,134957,0,2013
106260011,mammoth hospital,01jul2012,30jun2013,365,audited,incl. ind. audit adj.,mono,12,1205,district,general,comparable,rural,(760) 993-4331,85 sierra park road,mammoth lakes,93546,gary myers,ceo,,southern mono healthcare district,carlos jimenez,hfs consultants,0,05-0638,,hsp30668g,15,15,15,297,24,240,5,34,432,193,57,156,1438,126,11,116,2,15,190,82,24,65,631,15,0,0,0,0,0,1438,0,0,0,0,0,631,0,0,0,0,0,26.3,26.3,2.3,2.3,0,0,0,4359,223,3172,94,1220,26045,4881,585,1593,42172,9081,39807,0,0,0,2,45604,91436,401,804,84,26,93385142,34343903,0,59041239,796616,57637096,2200759,3894427,0,0,0,6095186,4167368,30174103,59043671,5418530,398625,3526963,142450,588442,9559884,4214601,927402,2520336,27297233,9566724,521862,5032275,184409,2387499,31469660,10425319,1748472,4751689,66087909,8361860,513224,3610634,133938,0,2277543,5379492,2126865,3073276,0,2675874,0,6191197,0,0,0,0,6623394,407263,4948604,192921,698398,33646681,11798224,0,725754,0,0,195239,74515,3572226,0,3533020,16868668,15460544,0,0,0,0,8131434,3056690,6134337,4452403,19500020,6107618,12854846,973674,5481327,4016115,3742809,430145,158537,1685455,2686550,39460895,5705838,44453683,624090,0,517893,90762399,10042768,0,28942818,51776813,90762399,27136776,21219998,-11376051,50550517,20358273,76350333,31896650,231649,5207590,19864742,31291898,2349080,0,0,245,61,500789,11304,512093,20,0,55134,132542,85603,6938,33901,128664,43801,11115,0,3091,42228,130196,129845,0,102915,41233,54372,0,44277,133467,132307,0,104813,41435,55794,0,2013
106420493,marian medical center,01jul2012,30jun2013,365,audited,incl. ind. audit adj.,santa barbara,10,803,non-profit,general,comparable,,(805) 739-3000,1400 east church street,santa maria,93454-5906,charles cova,president/ceo,www.marianmedicalcenter.org,dignity health,james r. saurenmann,saurenmann & associates,3,05-0107,hsc30107g,zzt30107g,502,502,222,27653,3485,7764,25741,645,2002,7264,162,2071,76787,4478,668,2269,2304,127,548,2247,28,569,13238,387,0,0,20,95,0,43746,0,0,2154,30887,0,12503,0,0,180,555,0,41.9,41.9,5.8,3.6,24,1316,786,196811,21908,17764,67904,2652,19093,83021,2497,20998,432648,91106,585,102825,209374,0,10,400010,241460,3750,2915,1919,906,1249257215,934436100,160708,314981823,5267208,314159975,6089056,613193,1047302,0,0,5654947,292551080,145893942,810812193,317730966,40611918,69086583,136097195,9407332,31734099,115747981,1986740,26643547,749046361,197632496,21951435,21916411,91146825,4513274,28520239,103815199,3334195,27380780,500210854,413269412,48053858,39465025,197457776,0,10948930,35019468,126390889,27046198,0,21577791,-1385685,16592438,0,0,0,160708,101072936,14405067,44867725,28639204,2740962,22283580,87716317,0,13256032,0,-11435058,6616,145048,0,0,48864822,34429138,82207033,0,0,0,0,52990062,8678227,63096631,23894062,90352584,49731834,14356654,11952116,38068335,39507240,16365397,5348470,1974930,13013507,33488908,129304624,922158,302075580,2966167,8165593,5141071,448575193,63260358,4296531,263355631,117662673,448575193,9660151,242157323,-181716652,307468576,113369601,454689345,152613765,0,5780192,146922674,273451471,10095840,16995378,80392623,1322,497,2532891,430291,2963182,358,0,209896,548060,717423,51434,173070,375008,174879,70401,92262,120458,631313,428610,593361,0,407416,174096,298001,94,768318,501582,695320,0,455411,197986,344460,105,2013
106244027,marie green psychiatric center,01jul2012,30jun2013,365,audited,excl. ind. audit adj.,merced,6,515,city/county,psychiatric,phf,,(209) 381-6879,300 east 15th st.,merced,95341,scott h. de moss,acting administrator,,county of merced,alan vaughn,merced county department of mental health,0,,,,16,16,16,0,0,0,1094,0,0,1094,0,0,2188,0,0,0,312,0,0,298,0,0,610,0,16,0,0,0,0,0,2188,0,0,0,0,0,610,0,0,0,0,37.5,37.5,3.6,3.6,0,0,0,0,0,0,0,0,0,0,0,0,0,0,0,0,0,0,0,0,0,0,0,0,0,3772194,0,0,3772194,0,3772194,0,0,0,0,0,0,3772194,0,0,0,0,0,1886097,0,0,1886097,0,0,3772194,0,0,0,0,0,0,0,0,0,0,0,0,0,0,0,0,0,0,0,0,0,0,0,0,0,0,0,0,0,0,1886097,0,0,1886097,0,0,0,0,0,0,0,0,0,0,0,0,0,0,0,0,0,0,0,0,0,0,0,0,0,0,0,0,0,0,0,0,0,0,0,0,0,0,0,0,0,0,0,0,0,0,0,0,0,0,0,0,0,0,0,0,0,0,0,0,0,1,0,0,0,0,0,0,0,0,0,0,0,0,0,0,0,0,0,0,0,0,0,0,0,0,0,0,0,2013
106211006,marin general hospital,01jan2013,31dec2013,365,audited,incl. ind. audit adj.,marin,4,405,non-profit,general,comparable,,(415) 925-7000,250 bon air road,greenbrae,94904,lee domanico,ceo,maringeneral.org,marin healthcare district,derek f. petrak,petrak & associated inc.,3,05-0360,hsc00360g,,235,235,140,19792,505,6290,80,1669,2340,7614,11,2047,40348,4270,102,1375,21,276,560,2262,2,512,9380,218,17,0,0,0,0,34656,5692,0,0,0,0,8754,626,0,0,0,0,47,47,4.3,4.3,8,2753,1196,68589,1080,19989,426,5582,7796,55365,212,10956,169995,34356,450,0,132804,0,11,335369,239967,2269,3740,1029,316,1487736695,1180656883,8083097,315162909,4728377,307013864,12877422,5922180,10900008,0,0,7899594,318692800,162025552,1007018343,464351673,13657864,102284140,1679388,31170040,37657068,197534943,186681,45414622,893936419,257972747,3524648,55450227,1204028,18856119,28989610,197988122,921282,28893493,593800276,636313611,14759875,156251585,1860958,0,45311528,25176333,257336043,16786264,0,14987277,0,11873409,0,0,0,8083097,82728009,2356141,555083,1004981,4565793,39841877,143782165,1951,40326909,0,-3380739,0,1011180,0,0,62639862,22392968,103525730,0,0,0,0,54906862,15440320,39583638,8524484,118236886,56821728,12103959,10092088,40294057,32003723,12999682,3007639,1800506,1785732,17867864,116300288,99959,46810927,16558965,24050262,0,203820401,50325739,0,73792520,79702142,203820401,48545266,421990437,-372431067,0,133493159,193716868,146905941,0,2603210,0,76359096,2566576,0,1997178,1208,392,2261184,306627,2567811,281,0,111219,610840,619628,4755,163370,405402,157631,132236,26909,29194,607428,156355,614155,0,387197,221842,274207,0,701637,175782,694870,0,436937,250107,308478,0,2013
106190500,marina del rey hospital,01jan2013,31dec2013,365,audited,excl. ind. audit adj.,los angeles,11,927,investor,general,comparable,,(310) 823-8911,4650 lincoln blvd,marina del rey,90291,fred hunter,ceo,,"cfhs  holdings, inc.",jeff brown,hospital management services,0,05-0740,,hsp30730g,90,90,40,6453,2091,403,434,0,483,3973,4,548,14389,1647,535,101,129,0,176,1488,2,176,4254,90,0,0,0,0,0,14389,0,0,0,0,0,4254,0,0,0,0,0,43.8,43.8,3.4,3.4,0,0,0,7739,1701,446,2901,0,2456,16306,6,5073,36628,21286,5997,0,9765,0,6,330910,192398,1829,2325,0,0,405214626,318350671,0,86863955,1577177,91336414,-2895282,2282606,145280,0,0,-757956,69491996,28928404,306794226,113463324,34028905,5972117,6782656,0,11637099,96661170,75172,9279600,277900043,28497251,11321361,1341421,7838170,0,6932573,57092190,8027,14283590,127314583,117460373,38408018,6071101,13749214,0,0,10810351,105975732,14012159,0,81047,0,11782676,0,0,0,0,24431549,6744696,1242437,800157,0,7316040,44107350,2152,2219574,0,0,0,55420,0,0,11220733,5946452,33164699,0,0,0,0,11211556,5961469,14702962,9128543,33118624,11217302,1274425,3476886,18549247,8686165,3655145,2729260,665356,4448815,3515189,24353731,0,19105828,1666009,1801682,999590,47926840,30740713,1060011,49147134,-33021018,47926840,3771143,67281537,-50786445,9616269,28952700,38911773,19805945,46257727,11467321,0,57725048,8577914,0,3490960,488,165,892719,122441,1015160,378,0,82009,213936,248641,2390,91954,186530,42056,24367,778,58,206380,87017,268388,0,145085,94020,91829,0,241200,98755,307965,0,162194,102801,102245,0,2013
106050932,mark twain st. joseph's hospital,01jul2012,30jun2013,365,audited,incl. ind. audit adj.,calaveras,6,503,non-profit,general,comparable,rural,(209) 754-3521,768 mountain ranch road,san andreas,95249,craig j marks,president,marktwainmedicalcenter.org,mark twain medical center,eric carino,dignity health,0,05-1332,,zzr00366g,48,25,16,2775,210,757,13,10,137,489,31,126,4548,791,60,216,4,3,39,140,9,36,1298,47,0,0,0,1,0,4544,0,0,0,4,0,1297,0,0,0,1,0,26,49.8,3.5,3.5,0,0,0,25705,2741,25383,348,185,4248,17053,511,5369,81543,16969,34393,0,30182,0,2,44522,119234,300,1188,0,0,136046172,83168166,0,52878006,1636431,53255018,1259419,2278669,32891,0,0,3505197,24874658,16197100,94974414,37055267,3402805,9485695,145497,94950,2087512,6813301,409940,1696584,61191551,29131567,2914084,17201862,313327,169619,4755566,16209413,361463,3797720,74854621,43514707,4745005,17101282,374082,0,202575,1347332,7602329,5034914,0,922436,0,2323504,0,0,0,0,22182331,1513072,9495525,80817,35988,4172907,15171031,0,226335,0,0,0,2134975,0,0,5700068,9625108,14758888,0,0,0,0,7215333,2479027,11220448,2256146,21954924,7020539,3436661,1709156,5481752,7070279,2055336,1119482,1220847,243652,1942390,16044675,18201977,12157941,87814,528094,0,47020501,5655659,0,3156600,38208242,47020501,0,25994237,-17416272,16509001,13456034,33868814,21710873,0,0,3787800,3787800,631200,76961,0,229,50,425152,72923,498075,39,0,56582,95021,84573,10773,6747,91918,25134,31813,1674,20917,57334,104952,119969,0,59902,29172,53823,0,71213,118503,140100,0,68974,34007,65278,0,2013
106090933,marshall medical center,01nov2012,31oct2013,365,audited,incl. ind. audit adj.,el dorado,2,304,non-profit,general,comparable,rural,(530) 626-2786,1100 marshall way,placerville,95667,james whipple,ceo,https://www.marshallmedical.org,marshall medical center,dustin quan,"toyon associates, inc.",3,05-0254,,zzr00254f,113,111,69,16636,0,2018,0,1052,2595,0,586,1299,24186,3661,0,512,0,267,623,0,149,330,5542,99,0,0,0,14,0,20402,0,0,0,3784,0,5176,0,0,0,366,0,58.6,59.7,4.4,3.9,6,1119,509,202447,0,50885,0,14864,126668,0,7145,15944,417953,28908,177916,11416,196077,0,11,173793,490791,1454,5818,506,142,901057382,696722625,0,204334757,4432911,205011808,3755860,34495365,318962,0,0,37932263,114933643,155789467,630334272,239093537,0,50438217,0,17272476,60407260,0,8271868,18319962,393803320,243421953,0,62987574,0,23128433,142400585,0,10985526,24329991,507254062,408916727,0,111480929,0,0,39806934,102315554,0,11666820,0,19257394,0,3278267,0,0,0,0,73598763,0,1944862,0,593975,100492291,0,0,27704866,0,0,0,59275,0,0,27799068,52940935,55138003,0,0,0,0,25254660,11668851,23070780,9139511,73016076,42463722,33243810,2025569,23648409,9883360,9672159,4632560,1110572,1901122,3414449,55108960,18463298,112079308,3529296,15164774,3348152,207693788,46175495,0,66905240,94613053,207693788,11734912,147263164,-110523410,121566174,74964736,222021285,109941977,0,0,66675000,69194340,2289100,0,0,1117,263,2095124,269091,2364215,117,0,117391,386759,407012,16309,115406,546401,126323,339279,8659,31585,393118,452640,362902,0,327512,257200,301752,0,452487,506471,407434,0,363019,290487,344317,0,2013
106450936,mayers memorial hospital,01jul2012,30jun2013,365,audited,excl. ind. audit adj.,shasta,1,210,district,general,comparable,rural,(530) 336-5511,highway 299 east,fall river mills,96028,matt rees,ceo,www.mayersmemorial.com,mayers memorial hospital disctrict,matt falkner,"wipfli, llp",4,05-1503,,zzr00406f,121,121,90,1590,0,24641,0,0,244,0,1,2674,29150,274,0,119,0,0,93,0,1,41,528,22,0,0,0,99,0,2027,0,0,0,27123,0,473,0,0,0,55,0,66,66,55.2,4.3,2,107,107,9926,0,3173,0,0,3737,0,29,1237,18102,3689,0,0,12955,0,1,3088,6255,29,90,42,19,31580033,12496056,0,19083977,204030,21654795,-2366788,1879242,0,0,0,-487546,11140514,6530605,13908914,9032682,0,3732469,0,0,707838,0,24737,1031303,14529029,8614267,0,3047739,0,0,4399655,0,23174,966169,17051004,5125316,0,4461953,0,-96732,0,995301,0,795963,0,47910,0,1166345,0,0,0,0,12521633,0,2414987,0,0,2722315,0,20591,1404451,0,0,0,180,1072761,0,5319378,2551194,4732917,0,0,0,0,4088587,1408926,2378010,1175783,9090656,2663677,1514447,1643508,1550060,2526207,834792,143831,113458,679740,894419,8985456,0,8068852,3153201,0,1968587,22176096,7006497,0,12577756,2591843,22176096,635767,6486510,-2550076,10332436,10949962,22035908,13967056,0,390639,10729052,13465138,887382,0,0,207,73,375684,72179,447863,11,0,41829,20730,29499,26344,79615,83526,74920,2491,16137,593,163860,6252,40774,0,101777,29976,33045,0,182213,14251,66414,0,115150,33034,36801,0,2013
106240924,memorial hospital los banos,01jan2013,31dec2013,365,in process,incl. ind. audit adj.,merced,6,517,non-profit,general,comparable,rural,(209) 826-0591,520 west i street,los banos,93635,richard liszewski,ceo,www.memoriallosbanos.org,sutter central valley hospitals,robert metzler,sutter health,0,05-0528,hsc00528f,zzr00528f,46,46,13,1114,80,602,1052,0,13,472,160,65,3558,280,20,292,479,0,6,225,53,22,1377,46,0,0,0,0,0,3558,0,0,0,0,0,1377,0,0,0,0,0,21.2,21.2,2.6,2.6,10,1314,728,5989,424,3274,29146,3,776,7055,1724,3434,51825,25529,25694,0,617,0,2,29820,36885,349,473,476,259,191557515,142458857,0,49098658,476477,45427446,4147689,44467,0,0,0,4192156,16194379,62865507,112497629,13252656,1091905,8977615,16494001,0,197724,7084980,2259056,1192542,50550479,30630597,2916895,9054975,50679980,8179,3309985,24607198,8069330,11729897,141007036,33443912,3247767,10222661,55084200,-388266,8112,2385409,10784584,11462244,0,10981522,0,5226712,0,0,0,0,9936152,718394,7756641,11621658,67,818002,18126143,1,121600,0,-5218631,1250,168,0,0,3642694,5837010,11268973,0,0,0,0,8215719,1364912,12936144,2161994,13716390,6839734,4271437,2106035,3507043,10304036,1820623,512247,773085,0,1576816,7979160,0,6705772,794254,15656,0,15494842,6041316,0,0,9453526,15494842,104542,33219012,-27088677,7871759,15566603,24842466,18136694,0,0,0,0,0,0,763737,200,51,385077,56455,441532,29,0,32739,110967,90406,4419,3822,69990,47831,0,7000,17903,51397,78977,96394,0,79187,27947,51175,0,61754,88955,110740,0,88388,32301,59394,0,2013
106500939,memorial hospital modesto,01jan2013,31dec2013,365,audited,incl. ind. audit adj.,stanislaus,6,511,non-profit,general,comparable,,(209) 526-4500,1700 coffee road,modesto,95355,daryn j kumar,ceo,www.memorialmedicalcenter.org,sutter central valley hospitals,robert metzler,sutter health,2,05-0557,,zzr00557f,423,423,232,31065,15610,7677,6423,162,1908,14899,3216,1326,82286,5852,3028,1296,1542,31,397,4242,650,269,17307,423,0,0,0,0,0,82286,0,0,0,0,0,17307,0,0,0,0,0,53.3,53.3,4.8,4.8,31,3424,1680,15278,8756,3750,13941,43,2394,18189,3324,6577,72252,65000,7252,0,2463,14690,18,667515,523770,5225,7186,1205,650,2256527386,1799811891,69217499,525932994,12138740,496187963,41883771,1686984,704729,0,0,42866026,396227002,238464175,1621836209,542749244,267098626,119896940,112610178,3999018,38145214,299186036,55697253,22749582,1462132091,223454871,135916254,27523384,86069000,380316,20219218,249808746,17041850,33981656,794395295,668383093,393791002,112325025,162383996,0,3418738,43610977,256903974,56471903,0,75569313,0,26953870,59721459,0,0,9496040,95501586,67863300,33965975,34570846,172242,11860789,280383353,0,1614903,0,-69423346,190461,759021,0,0,86363632,31939014,146843772,25691839,0,573221,0,70273667,10441076,97037689,27024053,140753691,75868803,12597974,3330158,74162211,105812210,30443106,963587,3567523,5192336,43496364,125407742,252,239969499,8075496,8269666,805882,382528537,105674265,0,134441337,142412935,382528537,22579101,352106126,-280946927,327061903,174260381,533599911,293630412,0,0,135024301,136740712,2299375,14529873,37446556,1865,735,3341777,554016,3895793,340,0,194730,822038,1282709,3367,238613,410496,369272,4245,4419,11888,1112906,305873,962297,7113,577478,95554,280556,0,1313308,356531,1131387,8452,658137,111131,316847,0,2013
106190521,memorial hospital of gardena,01jan2013,31dec2013,365,audited,excl. ind. audit adj.,los angeles,11,929,investor,general,comparable,,(310) 532-4200,1145 west redondo beach blvd,gardena,90247,joshua luke,ceo,www.mhglax.com,avanti hospitals llc,hisoon kwon,"healthquest consulting, inc.",0,05-0468,hsc30468i,,172,172,153,7677,1989,30324,8929,905,938,181,320,1164,52427,1375,474,1736,2000,212,247,50,152,479,6725,103,0,0,0,69,0,27689,0,0,0,24738,0,6608,0,0,0,117,0,83.5,83.5,7.8,4.2,18,2738,1154,3656,1730,7161,16996,2463,3100,676,457,8456,44695,40788,4462,0,10239,2563,3,132801,104083,1306,1057,567,583,587471745,474749923,3100862,115822684,2747764,112449875,6120573,807383,885735,0,0,6042221,140776734,60368677,386326334,139672812,27156472,157736894,82300883,14962159,13719778,2643825,4580843,16562686,459336352,15577559,6282788,17491061,47793692,6507323,9875951,2451863,1129780,21025376,128135393,120944844,28802675,115965552,119038148,-4894903,20550762,18521170,4266915,35828122,0,14287989,0,1438649,4816,3096046,0,0,34305527,4641401,55615092,14117320,918720,5074559,828773,1,321291,0,0,0,0,0,0,23024980,5825012,27037644,4725094,0,0,0,12471388,4414618,26170531,8780608,38433212,11101398,1188499,6078530,11880129,18746973,3115871,1369910,1140418,5256145,14138790,46398865,196615,25029990,1273387,0,991658,73890515,30569655,0,41949048,1371812,73890515,7989070,161212695,-144899216,4367502,21709020,41060066,16030076,0,2427170,0,44380824,2431776,7818679,0,653,267,1164823,246916,1411739,162,0,102817,269411,322884,81673,109057,156704,62455,6179,41724,11919,456507,87188,252943,0,144890,70810,152485,0,555273,102376,326217,0,171575,80064,176234,0,2013
106231013,mendocino coast district hosptial,01jul2012,30jun2013,365,audited,incl. ind. audit adj.,mendocino,1,111,district,general,comparable,rural,(707) 961-1234,700  river drive,fort bragg,95437,raymond t. hino,ceo,,mendocino coast healthcare district,kevin seeley,"steve clark & associates, inc.",0,05-0569,,,25,25,25,3507,0,224,595,217,573,0,25,135,5276,716,0,78,166,51,180,0,7,35,1233,20,0,0,0,5,0,3796,0,0,0,1480,0,1040,0,0,0,193,0,57.8,57.8,4.3,3.7,7,299,165,27028,0,6290,1747,888,6499,0,53,781,43286,9860,26649,5881,0,0,2,47202,92998,290,1532,111,51,96630338,53661610,0,42968728,2693321,47931297,-2269248,1839635,33000,0,0,-462613,14097066,16836838,65696434,20944263,0,1888992,3793741,1904136,4724284,0,33977,197602,33486995,34726723,0,1620169,7848563,3870359,13663784,0,84495,1329250,63143343,27894193,0,1202710,10824386,0,4522818,7328606,0,1309515,0,118472,0,460910,0,0,0,0,26693133,0,2306451,817918,1251677,10740896,0,0,1158653,0,0,398912,15830,1136277,0,5580909,9654375,15997520,0,0,0,0,5820914,2790620,5361455,2725504,15886560,9628787,5033434,2026860,6771741,2424146,1836350,944799,429841,844742,2104037,7837443,6627836,17031350,2806939,908247,0,35211815,10966252,0,17060424,7185139,35211815,857202,10350402,-6995437,22523474,18755436,42748237,25716887,0,1001984,16582903,17584887,524463,0,0,255,61,471320,71104,542424,43,0,77707,125261,102335,1525,12803,101702,29156,9593,11238,0,75456,116071,96050,0,81754,55866,46123,0,87853,131668,110406,0,93500,65577,53420,0,2013
106334018,menifee valley medical center,01jan2013,31dec2013,365,audited,incl. ind. audit adj.,riverside,12,1109,investor,general,comparable,,(951) 679-8888,1117 e. devonshire ave,hemet,92543,joel m bergenfeld,ceo,phh.com,"physicians for healthy hospitals, inc.",paul holden,moss adams llp,0,05-0684,hsc30684f,,84,84,48,4201,2888,448,890,0,0,3362,0,510,12299,897,786,80,227,0,0,929,0,152,3071,84,0,0,0,0,0,12299,0,0,0,0,0,3071,0,0,0,0,0,40.1,40.1,4,4,0,0,0,7897,2832,537,1490,0,0,4302,0,795,17853,17072,0,0,2593,0,2,77186,75529,685,794,0,0,210784305,171608312,0,39175993,1995,47410366,-8232378,1273659,0,0,0,-6958719,39644379,33068290,138071636,72280736,24642693,3961804,7978377,0,0,35036111,0,3751228,147650949,23682903,8262387,1731087,8107668,0,0,15401954,0,5947357,63133356,76827788,27459405,4366978,12010365,0,0,0,39111056,9946766,0,0,0,1885954,0,0,0,0,16791203,5018239,1184533,3010173,0,0,10387281,0,2784564,0,0,0,0,0,0,8641411,4212574,13313953,0,0,0,0,6764127,1271629,10898641,2308031,15559642,4183375,915467,852280,8155847,9674838,276346,2183522,344083,0,5264966,7726454,0,1413771,0,0,0,9140225,29333754,0,0,-20193529,9140225,0,28414121,-21764755,1520000,849113,2369113,955342,0,0,0,0,0,146227,25516432,230,113,452288,41143,493431,121,0,12599,131908,180241,3,41868,71400,0,0,12328,1941,176157,60058,113085,0,40754,17515,44719,0,191258,65408,124229,0,44394,19389,48753,0,2013
106414018,menlo park surgical hospital,01jan2013,31dec2013,365,audited,incl. ind. audit adj.,san mateo,4,428,non-profit,general,comparable,,(650) 324-8500,570 willow road,menlo park,94025,kathi palange,ceo,www.pamf.org,palo alto medical foundation,rebecca proctor,sutter health,0,05-0754,,hsp40754f,16,16,2,52,11,1,1,0,6,192,0,40,303,47,10,1,1,0,5,146,0,31,241,16,0,0,0,0,0,303,0,0,0,0,0,241,0,0,0,0,0,5.2,5.2,1.3,1.3,0,0,0,732,186,1,10,0,38,1864,1,85,2917,0,0,0,0,0,2,46845,127560,243,2850,0,0,43021223,21511635,0,21509588,403092,13893662,8019018,65259,0,0,0,8084277,1065874,115311,41840038,1798205,398375,30351,27612,0,222392,6691603,0,1404081,10572619,5902028,1437090,29645,44386,0,614517,22609771,51419,1759748,32448604,5612229,1234597,25586,70471,0,0,221790,10945044,2713391,0,130389,0,558138,0,0,0,0,2052802,593589,3968,1527,0,614879,18002275,0,240548,0,-37021316,27619,37640,0,0,250353,137392,6539688,0,0,0,0,1997732,421425,4355571,191501,4054567,2138826,28032,487286,2967072,2598973,490753,174954,41713,0,911486,3980977,0,6593527,179108,192051,0,10945663,1185114,0,0,9760549,10945663,2000,10041665,-6660267,4331624,3002122,9954441,3360914,0,0,0,0,0,240138,929321,39,13,71231,11819,83050,156,0,11632,12633,26927,0,0,13452,4591,80,656,1260,2373,1331,37292,0,12249,7192,10794,0,2869,1609,44163,0,13730,8244,12435,0,2013
106340947,mercy general hospital,01jul2012,30jun2013,365,audited,incl. ind. audit adj.,sacramento,2,311,non-profit,general,comparable,,(916) 453-4545,4001 j street,sacramento,95819,edmundo castaneda,president,www.mercygeneral.org,dignity health,nancy arata-fong,dignity health,0,05-0017,hsc00017g,zzr00017g,342,332,229,24775,13389,8507,9407,3331,966,14392,360,1071,76198,4682,2630,1526,2770,634,226,3950,76,226,16720,274,0,0,30,38,0,63082,0,0,6781,6335,0,15742,0,0,510,468,0,61,62.9,4.6,4.3,0,0,0,15161,4478,5514,10224,1528,7539,16353,1589,3289,65675,39318,11421,0,9726,7692,15,995115,638250,3490,9666,1547,576,2410805143,1959023438,81006392,532788097,6137416,487409207,51516306,22376073,6257096,0,0,67635283,388649032,128982320,1893173791,542067703,349559221,82343370,165123072,111520134,28825325,417651290,12136570,23997693,1733224378,164789039,54873483,20837337,60999537,10929816,82953465,255977069,8538782,17682237,677580765,583676675,348186988,75094469,173226178,0,106513619,103096844,500019783,35138294,0,22198242,0,11872346,15828718,45972,0,65131702,121774401,71737407,27007926,52716413,15137258,7512472,233740989,7900,3153331,0,-21578431,567279,14195195,0,0,97554995,18475987,182604429,17936514,0,2419360,1533466,69865392,6111259,81413628,9494177,178317286,71364146,9897118,9210066,93114422,72590789,9564205,3971794,5751000,1531338,32097043,244925291,0,61574750,168867545,1175942,0,476543528,66723963,0,115603371,294216194,476543528,21026689,336112546,-272171774,105993048,104087649,236318049,174743299,0,0,121375131,121417096,5813725,2592044,0,1681,581,2975437,609961,3585398,335,7,161188,788035,1105695,7862,83327,361351,218876,161134,11170,76799,943933,132465,1025701,44495,484554,75282,250499,18508,1166685,159375,1234899,52943,560510,87705,297633,25648,2013
106150761,mercy hospital - bakersfield,01jul2012,30jun2013,365,audited,excl. ind. audit adj.,kern,9,617,non-profit,general,comparable,,(661) 632-6523,2215 truxtun avenue,bakersfield,93301,russell judd,president,www.dignityhealth.org,dignity health,catherine matsuda,"healthquest consulting, inc.",0,05-0295,,zzt30295f,222,222,138,13760,3205,2760,5384,141,1537,17805,1688,1564,47844,2654,864,508,1345,42,315,5477,461,399,12065,222,0,0,0,0,0,47844,0,0,0,0,0,12065,0,0,0,0,0,59,59,4,4,0,0,0,33534,7704,6367,30063,273,10068,41405,3760,11507,144681,71088,24475,13866,31885,227,7,355874,302489,3081,4133,1698,678,954443157,700359173,13159705,267243689,3597712,256082669,14758732,17124615,1397656,0,0,30485691,222843932,136512025,595087200,189403685,47752435,28970661,60353104,1918033,6958073,244008611,15318499,21071025,615754126,75678857,26194178,12027275,54487995,967272,8278292,121993017,10926917,28135228,338689031,211456808,59812252,30956167,98336966,0,68057,9447725,226087042,29064699,0,28565642,-80160,6643975,0,0,0,13159705,52600064,14134361,6238389,16504133,2817248,5788640,153074291,1675285,14411278,0,0,0,14308418,0,0,51677295,29801936,62156031,2178112,0,0,0,43024566,8925670,48259501,10059558,81487792,52137201,4409050,3677266,32124917,41364005,6754407,1973501,5211000,2117959,24825571,65635421,127285578,48129200,2729268,30392442,0,274171909,29850408,0,21305078,223016423,274171909,9144685,118900254,-92259174,97986870,118587893,227729511,179600311,0,0,0,22907426,1602348,2476404,115691,1730,610,3144043,481597,3625640,355,0,222133,869565,957029,26512,258352,488618,294238,0,27596,0,848865,344700,789432,0,585658,248850,326538,0,1038408,409663,881223,0,648765,273705,373876,0,2013
106344029,mercy hospital - folsom,01jul2012,30jun2013,365,audited,incl. ind. audit adj.,sacramento,2,309,non-profit,general,comparable,,(916) 938-7400,1650 creekside drive,folsom,95630,michael ricks,president,www.mercyfolsom.org,dignity health,patricia f. skarshaug,dignity health,0,05-0414,hsc00414h,zzr00414h,106,106,57,7103,1820,1483,926,690,235,5963,104,356,18680,1934,514,315,286,193,56,1527,36,120,4981,106,0,0,0,0,0,18680,0,0,0,0,0,4981,0,0,0,0,0,48.3,48.3,3.8,3.8,7,1975,987,6079,2134,2660,5168,774,1445,15229,1674,7622,42785,34945,5046,0,4871,2095,3,169490,120296,1450,1496,651,263,607751621,461409999,18115000,164456622,4604314,145077110,23983826,6857211,359405,0,0,30481632,101468755,114787305,391495561,118349041,27998521,18657994,15280533,11267273,4236723,108750708,1915401,6716231,313172425,49616303,17635635,14773732,29815132,4893657,27711298,127871035,3305165,18957239,294579196,144106806,41852356,26503854,39924440,0,13976048,29588289,137689692,21562999,0,6205515,0,0,2623864,0,0,15491136,23504689,6086372,6564512,5073347,2037781,1942118,109605327,0,9642476,0,0,34457,5489440,0,0,25715669,14794812,37926579,4087475,0,0,0,23568580,3138458,29575129,6270408,57648282,20907909,5105543,3946438,14054376,25633729,5492016,1028448,2001000,2094393,7164976,97970606,0,52047022,1512805,7115255,0,158645688,16966398,0,33709358,107969932,158645688,11317908,79254403,-59319670,63067439,29482916,98829350,46782328,0,0,35751675,37243454,3534096,768524,0,513,172,933313,174553,1107866,347,0,76724,204548,304206,9289,26474,125823,110201,35306,17318,23424,266648,87198,240059,0,191203,46152,102053,0,323745,104779,282295,0,220841,52948,123258,0,2013
106470871,mercy hospital of mt. shasta,01jul2012,30jun2013,365,audited,incl. ind. audit adj.,siskiyou,1,205,non-profit,general,comparable,rural,(530) 225-6374,914 pine street,mt. shasta,96067,kenneth platou,president,www.mercy.org,dignity health,teresa chau,dignity health,3,05-1319,,hsp30419i,33,25,8,1369,100,500,6,113,148,455,87,49,2827,530,40,209,2,38,58,185,33,18,1113,33,0,0,0,0,0,2827,0,0,0,0,0,1113,0,0,0,0,0,23.5,31,2.5,2.5,0,0,0,26668,1464,12956,174,3470,4404,14266,1253,3548,68203,8147,20035,0,36475,0,2,85233,151849,429,1984,115,49,96129944,46525495,0,49604449,610732,48892260,1322921,367017,71519,0,0,1618419,7883036,15680168,72566740,14899802,1120812,5299984,54875,1416229,3078654,6517567,1015797,572036,33975756,25830508,1344900,9948145,127908,2719216,4901696,12566314,1231435,3484066,62154188,20647876,1273890,7507477,0,0,3156746,3485615,2431681,1940399,0,3233139,0,2848672,0,0,0,0,19513831,1144458,7578245,160767,954231,4410018,15013321,0,829578,0,0,82917,124725,0,0,4314290,6987270,16543726,0,0,0,0,9962007,1247777,8602958,1234232,17567567,11578649,1986483,621010,6681339,6239901,1284809,423779,411996,237422,1859305,26872156,887832,8051230,4202320,729236,0,40742774,4938729,786068,4286272,30731705,40742774,13041711,19040754,-11110000,16092225,11852995,30801934,22750704,0,0,3180036,4696276,410004,59660,0,218,43,398858,57277,456135,47,0,56137,118814,79799,3044,7113,79004,24296,28972,0,1679,46573,76561,108567,0,82909,27251,56997,0,57660,85655,123778,0,92685,31349,65008,0,2013
106450949,mercy medical center,01jul2012,30jun2013,365,audited,incl. ind. audit adj.,shasta,1,209,non-profit,general,comparable,,(530) 225-6000,2175 rosaline ave,redding,96001,mark korth,president,www.mercy.org,dignity health,teresa chau,dignity health,2,05-0280,,zzr00280g,267,267,160,27219,1240,11619,52,2705,2112,9112,469,1054,55582,6031,272,2989,12,612,488,2410,97,216,13127,267,0,0,0,0,0,55582,0,0,0,0,0,13127,0,0,0,0,0,57,57,4.2,4.2,0,0,0,95856,2828,29477,201,5441,6231,29714,1976,6808,178532,48774,33624,16659,60527,0,6,746121,307028,4134,3160,1217,755,1402181227,1016534953,0,385646274,2685523,359383427,28948370,38661085,548426,0,0,67061029,299848771,226228431,876104025,456892972,21526161,151258074,711061,42686571,45939575,160299163,9910086,22297337,911521000,225999892,9129934,79497263,852705,20271005,20088675,100028463,7826673,26965617,490660227,533219573,23395966,152850401,594883,0,55053862,43311960,129317166,23619261,0,24944871,0,30227010,0,0,0,0,148287710,7250204,75732709,829027,7290640,21260615,121013685,0,3981684,0,-4084626,191680,33855716,0,0,67947014,42235483,115597926,0,0,0,2868285,54707948,3854251,61931031,10241489,116392129,75864482,13827299,8517010,67536298,37645369,9466688,1469251,2558800,1497572,24608529,411280071,61502242,72475537,22869863,18282093,0,586409806,34865139,4530806,26547603,520466258,586409806,65719122,266146152,-201320922,142610373,70973981,222687311,150211774,0,0,28237407,28237407,1689804,0,975946,1326,486,2498470,337704,2836174,435,20,196776,572141,841523,15727,86912,304461,188410,213991,67224,11305,716191,390574,586091,52222,439658,81539,227463,4732,818328,440091,668617,57794,493091,92343,260699,5211,2013
106240942,mercy medical center merced-community campus,01jul2012,30jun2013,365,audited,incl. ind. audit adj.,merced,6,515,non-profit,general,comparable,,(209) 564-5000,333 mercy avenue,merced,95340,david dunham,president,www.mercymercedcares.org,dignity health,eric carino,dignity health,0,05-0444,hsc30444i,,186,186,124,20751,884,4248,8183,876,584,3708,1266,933,41433,3985,169,1337,2337,174,133,1070,265,199,9669,186,0,0,0,0,0,41433,0,0,0,0,0,9669,0,0,0,0,0,61,61,4.3,4.3,16,5231,2813,86695,1039,25494,106070,26218,7974,38682,10569,21819,324560,73364,74442,10324,173268,0,7,208659,177432,2243,1460,1782,990,981493257,743345268,0,238147989,4810657,243465067,-506421,-2213070,509162,0,0,-3228653,238274718,146339402,596879137,273672711,12215526,58436489,107971033,13218013,9129050,62858027,17373827,12764503,567639179,121830511,5310387,29527683,119624549,21729394,12109484,62566311,13131757,28024002,413854078,318837098,14223549,38597801,197955285,-3552845,33578392,4853661,68449168,27431656,0,30955273,0,12016230,0,0,0,0,76666124,3302364,52469525,29640297,1369015,16384873,56975170,2,1340619,0,0,103230,-2828488,0,0,41719445,21736933,68062345,0,0,0,2709443,32691100,5227034,45627287,25691480,87793484,30298026,10710733,3389070,28646847,26327374,15210317,1943356,3342501,13462856,22340503,46157090,8482510,235040706,1646600,865740,5405683,297598329,43944460,0,224061969,29591900,297598329,1657356,128418549,-102606537,227231668,52133186,303623201,68582495,0,0,236395257,236395257,12333288,0,0,1085,350,2002180,340775,2342955,240,24,170367,427355,580350,44150,91888,266237,222129,113781,12333,73590,470935,269603,486339,58169,378390,101931,230638,6175,565396,321472,574998,67287,430013,116690,259818,7281,2013
106340950,mercy san juan hospital,01jul2012,30jun2013,365,audited,excl. ind. audit adj.,sacramento,2,309,non-profit,general,comparable,,(916) 537-5000,6501 coyle avenue,carmichael,95608,brian ivie,president,www.mercysanjuan.org,dignity health,patricia f. skarshaug,dignity health,2,05-0516,hsc00516f,zzr00516f,370,370,253,29750,8464,15292,13877,5612,1678,15928,565,2752,93918,6005,1729,2384,2754,1138,302,2801,114,555,17782,370,0,0,0,0,0,93918,0,0,0,0,0,17782,0,0,0,0,0,69.5,69.5,5.3,5.3,0,0,0,70064,25993,18601,29381,1923,4911,32051,2460,11135,196519,70530,21362,60720,20253,8567,16,1112347,728266,4688,5969,1464,685,2194487502,1743395739,68430239,519522002,4646115,512405807,11762310,13312435,2704833,0,0,22369912,537865708,286767307,1369854487,534668805,158781985,207332481,211712227,94889331,32204533,306790527,10428474,50764500,1607572863,157813746,56147002,28370838,97288010,11389541,11892119,157546393,12103745,54363245,586914639,549408605,196899988,154097669,258440553,0,90691446,34070115,348764607,82821813,0,28200943,0,0,18384113,0,0,50046126,141252096,36047747,77625153,49200294,14652822,8220017,154258058,0,38265815,0,0,345825,12045597,0,0,118851025,59381949,132214459,13922835,0,0,194866,66154246,8263897,83849770,29572760,203629528,80825442,19505935,10757127,65542468,66122656,16866814,2931292,5018004,6546657,34659884,199349789,92,161499375,160200,4683691,0,365693147,45509140,0,111731480,208452527,365693147,13751264,372888531,-302515178,232445543,99421220,334655459,173156084,0,0,112198281,118319110,6587630,1872892,0,1760,718,3308813,584606,3893419,709,20,166404,757003,1303612,35,158066,443204,179734,68145,31352,201258,1176780,534786,774878,2480,469904,109295,240690,0,1405023,630839,905781,2480,536603,126897,285796,0,2013
106013687,merritt peralta institute chemical dependency recovery hospital,01jan2013,31dec2013,365,audited,incl. ind. audit adj.,alameda,5,417,non-profit,specialty,comparable,,(510) 655-4000,350 hawthorne ave,oakland,94609,charles prosper,ceo,www.altabates.com,sutter health,david hill,sutter health,0,,,,24,24,24,36,0,0,0,0,415,5258,452,332,6493,2,0,0,0,0,28,416,25,19,490,0,0,24,0,0,0,0,0,6493,0,0,0,0,0,490,0,0,0,74.09999999999999,74.09999999999999,13.3,13.3,0,0,0,0,0,0,0,0,117,3167,132,95,3511,0,0,0,0,0,0,0,0,0,0,0,0,9411275,6689110,0,2722165,40674,5683535,-2920696,0,0,0,0,-2920696,8392823,1018452,0,62941,0,0,0,0,606695,6928652,458297,336238,8392823,0,0,0,0,0,35088,915318,39471,28575,1018452,47925,0,0,0,0,0,485805,5353113,0,0,497768,0,304499,0,0,0,0,15016,0,0,0,0,155978,2490857,0,60314,0,0,0,0,0,0,3089520,374907,0,0,0,0,0,1215849,61473,662562,279224,1908995,977300,217695,63153,68122,2012604,234918,9636,16620,0,174492,442005,0,429008,0,0,0,871013,359737,0,0,511276,871013,0,442005,0,955735,386140,1504357,1075349,0,0,0,0,0,0,0,25,7,49362,4702,54064,11,0,6632,20527,4872,4235,5308,5512,0,0,0,2276,44022,5340,0,0,0,0,0,0,48215,5849,0,0,0,0,0,0,2013
106340951,methodist hospital of sacramento,01jul2012,30jun2013,365,audited,incl. ind. audit adj.,sacramento,2,311,non-profit,general,comparable,,(916) 423-3000,7500 hospital drive,sacramento,95823,eugene bassett,president,www.methodistsacramento.org,dignity health,nancy arata-fong,dignity health,0,05-0590,hsc00590g,zzr00590g,333,333,273,10555,3437,52644,9593,5261,570,7376,354,894,90684,2149,626,1703,2404,471,145,2401,50,516,10465,162,0,0,0,171,0,35616,0,0,0,55068,0,9885,0,0,0,580,0,74.59999999999999,74.59999999999999,8.699999999999999,3.6,0,0,0,12811,2900,9443,20995,3357,11317,10433,2364,6406,80026,57604,17509,0,6359,3038,8,216915,232950,2193,3526,1247,565,1038203935,819517735,23120503,241806703,2702520,250916265,-6407042,2042361,1392893,0,0,-5757574,270015971,179394778,588793186,185514782,51846458,116300842,124026717,29299018,11165345,115323224,5968734,15039119,654484239,70127195,20320269,26746962,100837735,11601199,29596257,86982122,9657149,27850808,383719696,203541415,65333745,98489069,182403637,-2129509,34546098,33940048,143071370,33449198,0,17931292,0,8941372,4271383,0,0,18849120,52100562,11090704,45579588,41277727,6354119,6821554,78083096,0,499353,0,-5042276,76785,-2449,0,0,61942803,19981900,56280056,5050923,0,0,1901659,44331088,4732769,45683855,11011212,105412174,36548707,7282877,8672935,26958682,32639681,7998357,2351927,4062000,2461500,16527425,47393842,0,110767352,3653424,1623966,0,163438584,37488388,0,64346272,61603924,163438584,0,170663793,-138394100,115319960,42210245,187851824,77084472,0,0,65188330,67543301,3197029,512726,0,1024,410,1957089,330596,2287685,202,21,113525,388276,590793,19483,201671,215437,185286,85175,39981,117462,703651,184502,384598,45319,411910,69632,156362,1115,848700,213975,445292,52710,461703,80182,183794,1329,2013
106190529,methodist hospital of southern california,01jan2013,31dec2013,365,audited,excl. ind. audit adj.,los angeles,11,913,non-profit,general,comparable,,(626) 445-4441,300 west huntington drive,arcadia,91007,dan f. ausman,president/ceo,www.methodisthospital.org,methodist hospital of southern california,amy lu,methodist hospital of southern california,0,05-0238,hsc30238f,zzt30238f,581,581,230,40206,10156,5579,2167,0,1562,12970,822,3000,76462,6733,2652,1293,646,0,170,4120,223,812,16649,535,0,0,20,26,0,61593,0,0,6304,8565,0,15163,0,0,533,953,0,36.1,36.1,4.6,4.3,24,3993,1748,15347,7761,3867,8262,0,2298,24210,892,3254,65891,47087,0,0,28184,0,12,413912,164737,3839,2361,1345,573,1237471653,963879109,0,273592544,2971208,272076678,4487074,4415810,279004,0,0,8623880,374380049,83343546,779748058,459303323,145635192,88542859,30478140,0,20490392,183875364,5704530,20831112,954860912,78965087,38345647,22914669,31071784,0,8620519,82314244,4380845,15997946,282610741,429148123,132489151,96875926,55143938,0,0,19050694,180591290,13691440,0,9183656,0,27704891,0,0,0,0,106805822,50700601,11706108,6141332,0,9935045,84453747,901719,2948170,0,0,1235792,2403598,0,0,54667961,9285046,65641219,0,0,0,0,36931062,6997880,57791552,40761958,107863095,23093516,4186114,4225376,40595097,19220022,20292072,6470778,797468,19115124,26218016,136159636,58571016,266565366,6156770,5107283,6871315,479431386,56059451,3644000,275741391,143986544,479431386,31530176,75580916,-35112906,343247387,102104807,450019895,183454529,0,8532,264761709,284694923,8953532,0,0,1476,562,2733900,358889,3092789,454,0,181503,645575,782620,38929,330657,359355,205011,166927,17475,5848,1032728,125938,537247,0,514067,152566,371354,0,1180608,144043,607905,0,569477,169749,421007,0,2013
106190958,metropolitan state hospital,01jul2012,30jun2013,365,audited,excl. ind. audit adj.,los angeles,11,921,state,psychiatric,state,,(562) 863-7011,11401 bloomfield avenue,norwalk,90650,michael barsom,executive director,www.dsh.ca.gov,state of california,vu tran,department of developmental services,0,05-4133,,,1054,684,585,1,0,0,0,0,57370,0,0,176061,233432,1,0,0,0,0,132,0,0,334,467,0,952,0,0,102,0,0,210376,0,0,23056,0,0,421,0,0,46,0,60.7,93.5,499.9,499.7,0,0,0,0,0,0,0,0,0,0,0,0,0,0,0,0,0,0,0,0,0,0,0,0,0,174024307,7959,0,174016348,0,174024307,-7959,7959,0,0,0,0,140246878,0,33777429,0,0,0,0,0,0,0,0,0,0,0,0,0,0,0,0,0,0,0,0,2911,0,0,0,0,0,0,0,0,0,0,0,5048,0,0,0,0,0,0,0,0,0,0,0,0,0,0,0,0,0,0,0,0,0,0,0,0,0,0,0,0,0,0,0,0,0,0,0,0,0,0,0,0,0,0,0,0,0,0,0,0,0,0,0,0,0,0,0,0,0,0,0,0,0,0,0,0,0,0,0,0,0,0,0,0,66,0,0,0,0,0,0,0,0,0,0,0,0,0,0,0,0,0,0,0,0,0,0,0,0,0,0,0,2013
106410852,mills-peninsula medical center,01jan2013,31dec2013,365,audited,incl. ind. audit adj.,san mateo,4,427,non-profit,general,comparable,,(650) 696-5400,1501 trousdale drive,burlingame,94010,robert merwin,ceo,mills-peninsula.org,mills peninsula health services,julie jacobs,sutter health,0,05-0007,,hsp30007g,376,291,215,21881,9478,3446,5435,0,1204,22586,1028,845,65903,4698,1923,741,1057,0,344,5973,262,204,15202,249,39,13,0,75,0,50147,10808,2093,0,2855,0,13008,1622,513,0,59,0,48,62,4.3,4.2,0,0,0,93398,33981,2835,23655,5,7909,167939,8449,8433,346604,53344,3046,0,253455,0,11,553650,606360,3959,7361,1339,618,1492085736,1049389478,48716475,491412733,13270325,502962053,1721005,10214114,3253548,0,0,8681571,317670490,187408196,987007050,311689957,124334295,24810952,55939089,0,16395987,270201997,17859518,5571645,826803440,187211806,70461118,4878041,41848561,9739,14729285,317230955,11509220,17403571,665282296,404471094,150143297,26352725,88920040,0,5473,16426386,294458641,11342575,0,34156799,0,23112448,24017083,0,0,24699392,92131399,67660047,1924806,7620825,4251,11444590,310182604,0,444211,0,-121664683,200000,247184,0,0,67793109,33783307,128306580,0,0,0,0,91559153,14960507,112779925,53779472,142186113,75793819,9115530,13762911,46620499,98504836,47954219,4421573,3136609,18266350,43199594,77499535,84475,661232321,5725670,10120340,1147385,755809726,67460738,0,498582580,189766408,755809726,20021308,216002513,-169834911,780637680,204038537,1030834887,369602566,0,0,495630095,498786883,204303,2560078,23613092,1505,466,2867896,440228,3308124,655,0,180375,738648,700565,26762,135766,564646,342917,0,106838,71379,622148,322252,809935,0,602867,171145,285249,54300,732906,366866,942180,0,677128,196360,330130,62554,2013
106190681,miracle mile medical center,01jan2013,31dec2013,365,audited,incl. ind. audit adj.,los angeles,11,925,investor,general,comparable,,(323) 930-1040,6000 san vicente blvd,los angeles,90036,gil tepper,ceo,www.miraclemilemedicalcenter.com,dr. gil tepper,michael higgins,rds consulting,0,05-0751,,,17,17,2,94,0,0,0,0,483,0,0,0,577,30,0,0,0,0,241,0,0,0,271,17,0,0,0,0,0,577,0,0,0,0,0,271,0,0,0,0,0,9.300000000000001,9.300000000000001,2.1,2.1,0,0,0,186,0,0,0,0,660,0,0,0,846,0,0,0,0,0,1,35677,20707,271,846,0,0,49924179,37264739,0,12659440,0,12227290,432150,0,0,0,0,432150,2261650,0,47662529,2983574,0,0,0,0,28121750,0,0,0,31105324,3383605,0,0,0,0,15435250,0,0,0,18818855,4079455,0,0,0,0,0,30172032,0,2496210,0,517042,0,0,0,0,0,0,1969365,0,0,0,0,10690075,0,0,0,0,0,0,0,0,0,1065933,0,5889060,0,0,0,0,1436073,1178426,1062037,1595761,3223159,627334,0,618753,4041316,649320,203986,1529932,72040,70500,1190950,17672033,0,244116,751305,1784938,220833,20673225,1528245,345230,0,18799750,20673225,1359948,98954648,-82851816,0,975831,1601186,1357070,0,0,0,0,0,1784938,0,59,18,114223,8382,122605,26,0,16539,9280,33397,0,4844,36716,13447,0,0,0,27293,0,22051,0,21944,26134,16801,0,28123,0,23890,0,23799,28194,18599,0,2013
106190524,mission community hospital - panorama campus,01jul2012,11jul2013,376,audited,excl. ind. audit adj.,los angeles,11,905,non-profit,general,comparable,,(818) 787-2222,14850 roscoe boulevard,panorama city,91402,james theiring,ceo,www.mchonline.org,"san fernando community hospital, inc",hisoon kwon,"healthquest consulting, inc.",0,05-0704,hsc30704f,,145,145,122,17276,882,15531,2046,0,2254,371,2233,549,41142,3206,232,2766,605,0,643,140,430,117,8139,85,60,0,0,0,0,20296,20846,0,0,0,0,4406,3733,0,0,0,0,75.5,75.5,5.1,5.1,0,0,0,53683,781,1884,6763,0,4018,1124,751,1938,70942,19783,1358,0,3282,0,2,162550,92225,1293,1506,0,0,269018272,163627599,0,105390673,3529635,102434705,6485603,14323146,14396525,0,0,6412224,83679779,28989264,156349229,96358930,5361763,42410928,12608648,0,30297088,3485130,7482534,2174148,200179169,25833444,1460221,4064954,9481184,0,18032021,2156390,1358050,6452839,68839103,71499273,4706941,16060660,19440039,-2499590,0,31412200,3978905,8815173,0,8840582,0,1373416,0,0,0,0,48612610,2115043,32914812,2649793,0,16916909,1662615,2,518889,0,0,0,148191,0,0,19796258,7000273,23614762,0,0,0,0,13662492,2852960,32173380,3334580,33518289,9683708,1757985,4102743,14871551,10414633,2796424,1117105,548870,2094232,21529165,34014874,2664172,53463109,8234551,0,1952845,100329551,28312241,1084951,25959407,44972952,100329551,4759849,60031214,-43343537,61060006,21822099,89751673,36288564,0,2018157,25390000,27408157,1448750,0,0,581,233,1134091,126309,1260400,190,0,93821,257123,257406,95494,109208,158298,106044,5232,23130,28335,441834,112372,153991,0,212306,79466,134122,0,502397,124778,169132,0,232121,86574,145398,0,2013
106190524,mission community hospital - panorama campus,12jul2013,31dec2013,173,audited,excl. ind. audit adj.,los angeles,11,905,investor,general,comparable,,(818) 787-2222,14850 roscoe boulevard,panorama city,91402,james theiring,ceo,www.mchonline.org,"san fernando community hospital, inc",hisoon kwon,"healthquest consulting, inc.",0,05-0704,hsc30704f,,145,145,135,8726,530,7727,1182,0,960,349,765,128,20367,1749,125,1232,307,0,164,175,195,31,3978,85,60,0,0,0,0,10648,9719,0,0,0,0,2296,1682,0,0,0,0,81.2,81.2,5.1,5.1,0,0,0,29530,594,657,2297,0,3392,1307,1269,1740,40786,9688,3810,0,1983,0,2,210177,131407,750,876,0,0,173351506,129557020,0,43794486,1189920,43366061,1618345,7156607,8219361,0,0,555591,39815449,20205620,113330437,55056172,3922180,20687324,7741881,0,22078751,5906997,3542933,831545,119767783,19373247,1166769,1740694,4489831,0,16103863,4158885,1235014,5315420,53583723,48834616,3796504,16970221,10707366,-1801021,0,32835353,7759147,3029528,0,4777947,0,2647359,0,0,0,0,24562697,1292445,7258818,1524346,0,5347261,2306735,0,1502184,0,0,0,248,0,0,10331486,3706260,12135414,0,0,0,0,6006034,1762576,8258251,1166040,18194244,4917629,890898,2380471,7319214,5466220,95445,1684678,332049,337015,1748198,34795736,0,555045,1135172,0,48412,36534365,32479428,1770757,1556174,728006,36534365,1914173,78313730,-59948375,102563,486211,588774,33729,0,2445436,0,2445436,889262,0,0,309,122,601159,75363,676522,190,0,60327,138752,132430,47939,53762,79733,51710,2926,20490,13090,232813,58904,85119,0,117126,38157,69040,0,265415,66771,94746,0,129148,42643,77799,0,2013
106301262,mission hospital regional medical center,01jul2012,30jun2013,365,audited,incl. ind. audit adj.,orange,13,1017,non-profit,general,comparable,,(949) 364-1400,27700 medical center road,mission viejo,92691,kenneth mcfarland,ceo,www.mission4health.com,st joseph health system,ferry tandayo,mission hospital,2,05-0567,,zzt30567i,552,421,231,30599,9063,4264,3738,2474,1856,29896,513,2145,84548,6154,1991,1154,977,686,381,7797,148,663,19951,455,36,10,22,29,0,68356,7184,4749,4259,0,0,17152,1630,726,443,0,0,42,55,4.2,4.2,0,6427,2856,40479,13592,3658,6570,4555,2934,101971,784,11063,185606,71336,0,0,109572,383,14,718442,280186,4632,3020,1821,1004,1773515721,1301666682,3142491,474991530,10779988,430082500,55689018,27454571,21366018,0,0,61777571,363274468,216071483,1194169770,419216620,139798091,48226550,47242155,35707783,17333715,374062065,7222290,26894645,1115703914,151770711,62598532,10517141,27559447,14538703,7853540,349125159,4183990,29664584,657811807,487404940,166173773,46523136,38185335,0,43786121,18970416,433653814,12243713,0,31293535,0,23431899,3142491,0,0,0,83582391,39365341,12220555,36616267,6460365,6216839,289533410,0,996362,0,-112274460,0,11908223,0,0,77424475,29179324,133813389,949330,0,117642,0,67487664,19100324,76122544,25887808,134389559,62092729,9227919,8790809,69782282,70929313,22506806,6784403,2780424,9772441,33025815,199048282,63455217,308298046,21269174,41705523,15426361,649202603,160524912,0,183495710,305181981,649202603,88387304,192499334,-111241244,284711345,150662834,490292213,181994167,0,0,183002581,186566130,3070420,0,84678893,1862,775,3533071,445089,3978160,473,0,365753,729013,1103461,14033,394706,270766,318939,231789,100079,4532,1130606,362776,933270,1872,742708,42371,319468,0,1253126,430812,1043185,2048,828859,47316,372814,0,2013
106250956,modoc medical center,01jul2012,30jun2013,365,audited,excl. ind. audit adj.,modoc,1,201,district,general,comparable,rural,(530) 233-5131,228 mcdowell st.,alturas,96101,kevin kramer,ceo,modocmedicalcenter.com,last frontier healthcare district,matt falkner,"wipfli, llp",0,05-0430,,hsp30430h,87,87,56,2054,0,13169,0,12,64,0,0,73,15372,203,0,55,0,7,14,0,0,10,289,16,0,0,0,71,0,1206,0,0,0,14166,0,261,0,0,0,28,0,48.4,48.4,53.2,4.6,0,0,0,9000,0,4583,0,1101,4537,0,0,1876,21097,4064,9975,0,6985,0,1,28,3440,1,23,0,0,26492798,13574065,0,12918733,68532,14403180,-1415915,2261138,0,0,0,845223,7885514,9496302,9110982,3265060,0,5832871,0,69986,196602,0,0,117790,9482309,7212967,0,3712595,0,892150,3674138,0,0,1518639,17010489,5204509,0,3814071,0,-31149,0,644312,0,1984517,0,8117,0,1949688,0,0,0,0,5273518,0,5762544,0,664056,665056,0,0,553559,0,0,0,7953,2253185,0,2766221,3672974,2380171,0,0,0,0,1936494,909634,2395905,341781,5975977,1536191,1779735,1494102,1198120,706162,431454,60171,155725,71889,993654,6827465,0,2163105,35417,16666,0,9042653,1472729,0,1280000,6289924,9042653,3973933,7389767,-5033891,3379919,4968783,8564591,6401486,0,1600000,0,1600000,320000,0,0,127,52,263032,16678,279710,11,0,36089,34142,23132,19289,51075,40825,40716,2196,14981,587,96967,49895,21502,0,54941,14115,25612,0,101999,54743,22581,0,58425,15035,26927,0,2013
106190541,monrovia memorial hospital,01jan2013,31dec2013,365,audited,excl. ind. audit adj.,los angeles,11,913,investor,general,comparable,,(626) 408-9800,323 s. heliotrope avenue,monrovia,91016,ron kupferstein,ceo,,alakor healthcare llc,jackie brown,j. brown & associates,0,05-0155,,,49,49,38,12551,0,0,0,0,997,0,0,0,13548,473,0,0,0,0,321,0,0,0,794,49,0,0,0,0,0,13548,0,0,0,0,0,794,0,0,0,0,0,75.8,75.8,17.1,17.1,0,0,0,1,0,0,0,0,712,0,0,0,713,0,0,0,374,0,2,76649,13620,368,339,0,0,128716522,84377571,0,44338951,159164,29904366,14593749,0,0,150000,0,14443749,16738800,0,111977722,83639466,0,0,0,0,38066086,0,0,0,121705552,5730,0,0,0,0,7005240,0,0,0,7010970,59025209,0,0,0,0,0,25352362,0,0,0,0,0,0,0,0,0,0,24619987,0,0,0,0,19718964,0,0,0,0,0,0,0,0,0,7119215,0,10808384,0,0,0,0,3810890,2952689,4315425,897763,12871181,1545129,139729,1192,8455592,4777933,526001,261883,73144,437070,815512,8789168,0,5146479,0,0,94634,14030281,9755100,0,3986058,289123,14030281,3691132,116601884,-112491996,4276534,2257859,7299033,2152554,3980176,212835,0,4193011,206953,0,0,172,79,337212,21317,358529,149,0,33618,74247,100170,9383,54725,27578,29442,8027,22,0,167866,0,59489,0,49897,21080,38880,0,177707,0,63218,0,53197,22619,41788,0,2013
106361166,montclair hospital medical center,01jan2013,31dec2013,365,audited,excl. ind. audit adj.,san bernardino,12,1207,non-profit,general,comparable,,(909) 625-5411,500 san bernardino street,montclair,91763,gregory brentano,ceo,www.montclairhospitalmedicalcenter.com,prime healthcare services,jeff brown,hospital management services,0,05-0758,hsc30758i,zzt30758i,102,102,33,2132,944,3956,2672,227,584,22,49,1012,11598,586,375,1175,1069,68,254,11,21,475,4034,102,0,0,0,0,0,11598,0,0,0,0,0,4034,0,0,0,0,0,31.2,31.2,2.9,2.9,20,2125,773,880,542,3066,7042,380,1719,57,178,4885,18749,20964,0,0,56,0,3,50830,21937,816,432,473,296,158633654,111892254,0,46741400,249288,49291194,-2300506,968783,12360,0,0,-1344083,29690184,32630011,96313459,17111323,8454861,32092990,25829041,1537762,6912969,161770,494264,9827700,102422680,3416221,2276933,12288070,19761879,899964,5405863,138802,706431,11316811,56210974,16188092,6707229,31394843,31787883,-1756348,2335432,2340645,193854,18462644,0,1783801,0,2454179,0,0,0,0,4339452,4024565,14594449,13368042,102294,9978187,106718,5,227688,0,0,0,0,0,0,8768904,2925125,10585806,0,0,0,0,7477533,1990590,15285471,2257765,18588834,6336278,1073904,337805,3775103,6746980,2514479,387733,674932,10,8855136,26288895,0,38774405,444719,65665,0,65573684,3259126,0,0,62314558,65573684,1954288,33443932,-27232915,34649885,7166450,46116335,7341930,0,0,0,0,0,14691398,0,350,115,663566,65303,728869,207,0,55327,212077,199901,16865,22263,88474,57565,10407,687,0,178109,58186,150639,0,144465,50646,81521,0,198553,63041,164868,0,155537,55611,91259,0,2013
106190547,monterey park hospital,01jul2012,30jun2013,365,audited,incl. ind. audit adj.,los angeles,11,913,investor,general,comparable,,(626) 570-9000,900 south atlantic blvd,monterey park,91754,phil cohens,ceo,,monterey park hospital,linda marsh,monterey park hospital,0,05-0736,hsc30591j,zzt30591j,101,101,46,3571,2113,3179,5141,84,88,1259,71,373,15879,740,659,956,1868,27,9,283,20,119,4681,101,0,0,0,0,0,15879,0,0,0,0,0,4681,0,0,0,0,0,43.1,43.1,3.4,3.4,8,3691,2571,2606,2037,1741,6679,134,391,3119,157,1638,18502,14004,0,0,5142,0,3,135279,85094,1496,1256,776,719,484252219,428748273,22400759,77904705,419511,69892920,8431296,183168,0,0,0,8614464,66915860,24818889,392517470,82562955,45632732,58003932,99809740,2037700,1958809,25107387,1344632,8894918,325352805,33632851,21665266,13836009,50305422,1306243,3312214,25021445,708419,9111545,158899414,102908087,61754780,58256108,137562987,-4000301,3299431,4092402,42990786,7067188,0,4291576,0,10525229,3070875,19329884,0,0,13287719,8614093,16107106,31120562,44512,1178621,7138046,0,414046,0,0,0,183168,0,0,10313008,2728087,16927389,0,0,0,0,5909208,3497560,26774120,3743548,18618291,7763937,1001828,625925,8377870,7934874,509876,3009149,615691,171595,21263884,46118749,0,2169825,646853,0,334690,49270117,25474835,0,0,23795282,49270117,36882632,88024250,-79935844,121981,3595156,3717137,1547312,0,0,0,0,0,0,0,297,108,528456,99111,627567,401,0,35278,129850,163370,28548,23320,125569,12346,0,10175,0,185663,31539,152282,0,56119,37965,64888,0,227937,36911,177003,0,63549,43801,78366,0,2013
106190552,motion picture & television hospital,01jan2013,31dec2013,365,audited,incl. ind. audit adj.,los angeles,11,905,non-profit,general,comparable,,(818) 876-4160,23388 mulholland drive,woodland hills,91364,bob bietcher,president/ceo,www.mptf.com,mptf,sherri jeakle,motion picture and television fund,0,05-0552,hsc30552f,zzt05034f,412,329,260,411,0,19997,0,0,0,69,55067,5009,80553,93,0,55,0,0,0,33,20,31,232,61,0,0,22,167,162,566,0,0,0,24920,55067,144,0,0,0,68,20,53.6,67.09999999999999,347.2,3.9,0,0,0,24771,0,0,0,0,0,113844,0,16438,155053,0,152532,0,0,0,2,760,76590,8,2521,0,0,83174166,32777540,0,50396626,43067014,78913878,14549762,25569970,2235447,0,0,37884285,16568610,15038538,51567018,1188585,0,9414522,0,0,0,827736,5264661,2063885,18759389,13166352,0,0,0,0,0,43732567,0,7515858,64414777,5674642,0,3739648,0,0,0,0,16475654,1697836,0,1595784,0,3593976,0,0,0,0,8680295,0,5674874,0,0,0,28084649,3668877,4287931,0,0,0,2934300,0,0,10586026,13710479,13884423,0,0,0,0,26050814,3785361,4590251,6306524,31591981,14225480,43620,5500656,7384877,7154797,4476827,1223109,499441,1123587,5689503,97782337,0,42278124,4858342,45333601,0,190252404,19172389,0,41039756,130040259,190252404,4242814,14114174,-3551254,79697749,50273685,144965876,102687752,0,0,23285000,41949756,910000,2082672,358609,556,130,1025569,146478,1172047,153,0,90973,127383,33873,95766,132973,269649,190967,68050,8619,7316,243109,219925,84456,0,359112,67800,51167,0,272182,260745,96139,0,407540,77106,58335,0,2013
106361266,mountains community hospital,01jul2012,30jun2013,365,audited,incl. ind. audit adj.,san bernardino,12,1209,district,general,comparable,rural,(909) 336-3651,29101 hospital road,lake arrowhead,92352,charles harrison,administrator,mchcares.com,san bernardino  mountains community hospital district,william fretwell,hospital management services,0,05-1312,,hsp30260i,37,37,30,766,119,7304,32,50,17,182,0,81,8551,112,33,37,11,8,5,61,0,22,289,17,0,0,0,20,0,1343,0,0,0,7208,0,281,0,0,0,8,0,63.3,63.3,29.6,4.8,0,0,0,4333,1319,8326,2067,196,447,5820,0,1761,24269,6651,8056,0,9563,0,2,2656,16254,26,163,0,0,32924507,19250532,0,13673975,657435,16898343,-2566933,3362615,32461,0,0,763221,5970063,10284204,16670240,2391857,570909,4906666,162818,244907,86064,888000,0,400554,9651775,4858756,1734091,4144187,1512906,522857,689034,7548486,0,2262415,23272732,3915331,1244700,4535901,921648,-67544,767764,465058,4538244,2505859,0,423571,0,0,0,0,0,0,3335282,1060300,4582496,754076,0,310040,2645313,0,986468,0,0,520909,19791,2682298,0,2073822,2560460,4350379,0,0,0,0,3116740,1568085,2321186,907671,6647836,2485379,851170,1309218,1676420,1110199,892671,245315,102081,486231,1091823,3942603,5568236,6038564,387752,0,0,15937155,2816566,24597,7616708,5479284,15937155,605094,6134379,-4152949,5233273,9989824,17106415,11067851,0,0,7786708,7786708,170000,0,0,131,41,248598,23847,272445,9,0,41460,35204,22574,24229,39514,58253,19968,6954,0,442,61426,34613,48798,0,35382,41602,26777,0,66401,37148,53727,0,39227,45283,30659,0,2013
106281266,napa state hospital,01jul2012,30jun2013,365,audited,excl. ind. audit adj.,napa,3,407,state,specialty,state,,(707) 253-5000,2100 napa-vallejo highway,napa,94558,dolly matteucci,executive director,www.dmh.ca.gov,state of california,vu tran,department of developmental services,0,05-4122,,,1362,1315,1315,2,0,1,0,0,98815,0,0,334286,433104,2,0,1,0,0,152,0,0,476,631,0,151,0,0,1211,0,0,7244,0,0,425860,0,0,11,0,0,620,0,87.09999999999999,90.2,686.4,658.5,0,0,0,0,0,0,0,0,0,0,0,0,0,0,0,0,0,0,0,0,0,0,0,0,0,267668841,57851,0,267610990,0,267668841,-57851,57851,0,0,0,0,234658353,0,33010488,0,0,0,0,0,0,0,0,0,0,0,0,0,0,0,0,0,0,0,0,12249,0,0,0,0,0,0,0,0,0,0,0,45602,0,0,0,0,0,0,0,0,0,0,0,0,0,0,0,0,0,0,0,0,0,0,0,0,0,0,0,0,0,0,0,0,0,0,0,0,0,0,0,0,0,0,0,0,0,0,0,0,0,0,0,0,0,0,0,0,0,0,0,0,0,0,0,0,0,0,0,0,0,0,0,0,77,0,0,0,0,0,0,0,0,0,0,0,0,0,0,0,0,0,0,0,0,0,0,0,0,0,0,0,2013
106274043,natividad medical center,01jul2012,30jun2013,365,audited,incl. ind. audit adj.,monterey,8,705,city/county,general,comparable,,(831) 755-0200,1441 constitution blvd,salinas,93906,harry weis,ceo,www.natividad.com,county of monterey,derek wong,"toyon associates, inc.",0,05-0248,hsc00248w,zzr00248w,172,172,100,8513,0,11655,5697,1351,5352,0,412,1223,34203,1466,0,3080,1644,349,1289,0,111,318,8257,130,22,0,20,0,0,25090,4101,0,5012,0,0,7128,719,0,410,0,0,54.5,54.5,4.1,4.1,20,4971,2331,19808,0,21067,57345,14104,26341,0,6469,18361,163495,83594,88417,0,64915,0,4,113831,114242,1002,1577,2117,877,780302269,625984365,0,154317904,14232528,176722638,-8172206,13245129,614255,0,0,4458668,297998269,102823090,379480910,125802796,0,173952849,112280183,27139962,90540892,0,8745967,24771748,563234397,24073847,0,29852618,73129865,21292736,36609452,0,8686779,23422575,217067872,121759181,0,172844469,162696855,-22072693,45600002,87232242,0,40491563,0,17432746,0,0,0,0,0,0,28117462,0,53033691,22713193,2832696,39918102,0,0,7702760,0,0,7830091,0,0,3750757,39243892,26015685,44456788,0,0,0,514567,29542403,7343362,17820588,11785353,58027721,39127822,18477105,8034968,15391644,14299480,9882215,977492,529120,3391610,8583461,101250180,0,93243476,6854637,23919744,0,225268037,46388873,0,58162630,120716534,225268037,75428907,116232971,-96010798,141687220,69183971,210871191,117627715,0,5224326,58660279,63884605,5721975,0,0,845,328,1616722,230330,1847052,135,23,100910,273043,468530,15072,178805,263673,119556,108694,20755,67684,451292,265952,317673,2734,293607,129400,155967,97,505173,299657,362318,3125,343099,151891,181692,97,2013
106301304,newport bay hospital,01may2012,30apr2013,365,audited,excl. ind. audit adj.,orange,13,1016,investor,psychiatric,comparable,,(949) 650-9750,1501 e. 16th street,newport beach,92663,james e. parkhurst,ceo,www.newportbayhospital.com,"beacon healthcare services, inc.",rocky gentner,gentner and company,0,05-4135,,,34,34,34,9626,859,0,0,0,170,0,0,0,10655,732,67,0,0,0,16,0,0,0,815,0,34,0,0,0,0,0,10655,0,0,0,0,0,815,0,0,0,0,85.90000000000001,85.90000000000001,13.1,13.1,0,0,0,0,0,0,0,0,0,0,0,0,0,0,0,0,0,0,0,0,0,0,0,0,0,15799513,5430409,0,10369104,642,10289059,80687,0,0,0,0,80687,14520595,0,1278918,14397367,1250388,0,0,0,151758,0,0,0,15799513,0,0,0,0,0,0,0,0,0,0,4874522,525216,0,0,0,0,30671,0,0,0,0,0,0,0,0,0,0,9522845,725172,0,0,0,121087,0,0,0,0,0,0,0,0,0,5644909,0,958758,0,0,0,0,834471,169501,2051101,630319,1286326,259289,0,0,257448,7672960,1191,429296,62631,169801,150117,4490712,0,45973,0,0,0,4536685,5450882,0,1870988,-2785185,4536685,490857,46076294,-42145091,0,283051,303124,257151,0,0,0,1870988,0,0,0,24,0,47705,1726,49431,30,0,16640,0,0,0,0,16549,14516,0,0,0,0,0,0,0,18676,5998,23031,0,0,0,0,0,19680,6344,23407,0,2013
106301357,newport specialty hospital,01sep2012,31aug2013,365,audited,excl. ind. audit adj.,orange,13,1015,investor,general,comparable,,(714) 669-5880,14662 newport ave,tustin,92680,larry bottorff,interim ceo,,pacific health corporation,derek wong,"toyon associates, inc.",0,05-2053,hsc30720f,hsp40720f,177,177,52,0,0,2015,8100,0,5007,0,1,29,15152,0,0,19,55,0,209,0,1,1,285,135,0,0,0,42,0,5807,0,0,0,9345,0,251,0,0,0,34,0,23.5,23.5,53.2,23.1,0,0,0,0,0,0,0,0,0,0,0,0,0,0,0,0,0,0,5,600,0,10,0,0,0,112942880,90179866,0,22763014,179168,24249837,-1307655,0,0,0,0,-1307655,25500192,0,87442688,0,0,14963624,75279572,0,22359957,0,10089,329638,112942880,0,0,0,0,0,0,0,0,0,0,0,0,13395552,67780297,-2666188,0,11660116,0,0,0,10089,0,0,0,0,0,0,0,0,4234260,7499275,0,10699841,0,0,329638,0,1312655,0,0,0,0,6968989,0,5103660,0,0,0,0,2993733,663386,8005153,514916,11333662,2636250,362009,130901,1828664,2862817,568104,387562,229802,146521,3763545,5400431,0,6322627,53682,0,0,11776740,81893447,0,0,-70116707,11776740,0,27417855,-23815155,2830326,5015187,11587587,5264960,0,0,0,0,0,0,70379235,224,92,387878,79494,467372,104,0,38626,114398,68058,45820,75754,24554,18617,0,2051,0,209034,0,67591,0,64684,12059,34510,0,252825,0,84498,0,75226,14125,40698,0,2013
106481357,north bay medical center,01jan2013,31dec2013,365,audited,incl. ind. audit adj.,solano,3,408,non-profit,general,comparable,,(707) 646-3179,1200 b. gale wilson blvd.,fairfield,94533,deborah sugiyama,president,,northbay healthcare group,john hobza,northbay healthcare corp.,3,05-0367,,zzr00367f,182,182,102,13812,3755,4266,5211,2778,1375,4260,420,902,36779,3066,853,778,1472,556,354,1348,101,269,8797,182,0,0,0,0,0,36779,0,0,0,0,0,8797,0,0,0,0,0,55.4,55.4,4.2,4.2,10,2149,1210,55133,7479,16219,50972,9143,36717,63585,209,15620,255077,69541,122481,11756,48111,1302,3,226624,131054,1796,977,972,396,2267161574,1921195280,43769380,389735674,4499976,367916030,26319620,11304436,618307,0,0,37005749,285280527,385576378,1596304669,507259577,139911068,119509064,165430059,87858774,63361250,137828488,17957871,34399249,1273515400,234476732,75148724,56894485,212680027,71589609,66597496,188238768,5022643,82997690,993646174,671529039,182823594,155907300,338436604,-737174,151489905,60408368,218963030,46321272,0,80010052,0,16043290,0,21434927,0,22334453,68911054,32180829,20268664,60909511,7827435,67022133,122231704,18049883,-7665539,0,0,0,10868395,0,0,66910627,63779010,87125545,13452547,0,0,0,45100004,10108885,75815750,5623662,122570974,49823067,34731148,4042854,37449808,72462809,8538413,8322097,725710,2352569,26896581,60104659,207394056,72398651,6101678,10501236,83432,356583712,67261908,6016360,88871034,194434410,356583712,7861965,321740275,-276147373,96639764,60437129,184555158,112156507,0,0,83671510,94872759,6001725,0,0,1383,470,2578106,347152,2925258,327,0,108898,683238,825733,21385,97999,595617,197300,17,31603,16316,680638,569042,558401,0,428395,74717,251817,15096,778487,640360,635171,0,481585,85039,287095,17521,2013
106514033,north valley behavioral health - phf,01jul2012,30jun2013,365,audited,excl. ind. audit adj.,sutter,2,227,investor,psychiatric,phf,,(530) 790-2520,1535 plumas court,yuba city,95991,thomas l. ortner,ceo,nvbh.com,north valley behavioral health llc,arne hyson,north valley behavioral health,0,,,,16,16,16,0,0,0,0,0,0,0,0,5177,5177,0,0,0,0,0,0,0,0,442,442,0,16,0,0,0,0,0,5177,0,0,0,0,0,442,0,0,0,0,88.59999999999999,88.59999999999999,11.7,11.7,0,0,0,0,0,0,0,0,0,0,0,0,0,0,0,0,0,0,0,0,0,0,0,0,0,4486189,10032,0,4476157,9036,4461003,24190,0,0,6981,0,17209,4486189,0,0,0,0,0,0,0,0,0,0,0,0,0,0,0,0,0,0,0,0,0,0,0,0,0,0,0,0,0,0,10032,0,0,0,0,0,0,0,0,0,0,0,0,0,0,0,0,0,0,0,0,0,0,0,0,0,0,0,0,0,0,0,0,0,0,0,0,0,0,0,0,0,0,0,0,0,936600,0,100376,0,39078,0,1076054,695793,0,0,380261,1076054,284671,651929,0,0,205803,205803,105427,0,0,0,0,0,0,40321,0,0,0,0,0,5,0,0,0,0,0,0,0,0,0,0,0,0,0,0,0,0,0,0,0,0,0,0,0,0,0,0,0,2013
106454012,northern california rehabilitation hospital,01jan2013,31dec2013,365,audited,incl. ind. audit adj.,shasta,1,209,investor,specialty,comparable,,(503) 246-9000,2801 eureka,redding,96001,christine jones,ceo,,vibra healthcare,james t. walmsley,vibra healthcare,0,05-3032,hsc30699g,hsp30699g,88,88,84,25934,274,17,23,0,0,1528,0,0,27776,1118,13,1,1,0,0,89,0,0,1222,0,0,0,56,32,0,0,0,0,17116,10660,0,0,0,0,659,563,0,86.5,86.5,22.7,26,0,0,0,2284,55,21,22,0,0,552,0,0,2934,0,2934,0,0,0,0,0,0,0,0,0,0,104153558,64922863,0,39230695,229654,32555554,6904795,0,0,0,0,6904795,56379546,1462899,46311113,95919143,1009449,63419,212335,0,0,5486313,0,0,102690659,1138578,27438,10528,10979,0,0,275376,0,0,1462899,59940751,545941,63463,192615,0,0,0,3776999,403094,0,0,0,0,0,0,0,0,36713876,490946,10484,30699,0,0,1984690,0,0,0,0,0,0,0,0,10767166,359729,6881870,0,0,0,0,5071384,232617,4586786,4656002,15136019,3809469,0,423783,3483932,3397719,1138247,726213,273767,2751384,1415021,5755629,0,11287431,0,0,1085891,18128951,2611721,0,21128692,-5611462,18128951,58718,6507169,-1549309,17471413,2423564,20244388,8956957,0,0,0,21128692,0,0,114466,239,114,449479,49136,498615,8,0,39462,85539,117683,60435,58667,57629,26594,1230,980,1260,257764,7653,58319,0,58519,5617,61607,0,287865,8546,64644,0,63845,6359,67356,0,2013
106141273,northern inyo hospital,01jul2012,30jun2013,365,audited,incl. ind. audit adj.,inyo,12,1203,district,general,comparable,rural,(760) 873-5811,150 pioneer lane,bishop,93514,john halfen,ceo,www.nih.org,northern inyo county local hospital district,richard w. lakey,richard w. lakey cpa,0,05-1324,,zzt30015f,25,25,7,997,31,493,2,121,115,445,7,103,2314,312,10,179,2,33,37,193,4,48,818,25,0,0,0,0,0,2314,0,0,0,0,0,818,0,0,0,0,0,25.4,25.4,2.8,2.8,6,423,213,25555,352,8999,328,2644,2833,20326,973,3626,65636,9728,17413,0,37368,0,3,33315,43016,313,862,143,72,99925744,36405730,0,63520014,1974931,62380091,3114854,4131518,5456192,0,0,1790180,6551223,14210578,79163943,14926024,318616,6163626,19249,2103125,2130546,6008091,101756,989100,32760133,27277660,611131,7908661,135321,2935294,3963412,21144543,449720,2739869,67165611,16994186,372815,7031787,102750,0,3127620,1601000,1378570,2801025,0,741429,0,2254548,0,0,0,0,25082572,556932,6514212,51820,1863304,3656458,24899608,33476,861632,0,0,168695,169033,477711,0,7194173,7724056,20931102,0,0,0,0,12769538,3302340,6085847,4373035,21076457,14348286,4082822,2278785,6375667,4192704,3522828,1756527,165482,2540962,2039571,25365517,3558737,88459734,332023,1278290,722822,119717123,10609827,0,54351130,54756166,119717123,9927526,18475915,-7223388,82989235,31234386,115813580,27353846,0,1249778,55488851,56738629,2387499,0,0,316,73,587913,78631,666544,39,0,69605,162549,126950,4023,12534,137576,58113,8104,8459,0,89277,82373,164494,0,126436,67558,57775,0,100423,91971,187295,0,144308,76660,65887,0,2013
106190568,northridge hospital medical center,01jul2012,30jun2013,365,audited,incl. ind. audit adj.,los angeles,11,905,non-profit,general,comparable,,(818) 885-8500,18300 roscoe blvd,northridge,91328,saliba salo,ceo,www.northridgehospital.org/,dignity health,christine keith,dignity health,2,05-0116,hsc30116f,zzt30116f,411,411,202,22003,7959,11661,4939,0,1884,19678,1173,359,69656,5135,1763,2854,1216,0,352,4073,278,85,15756,335,40,0,36,0,0,55817,8871,0,4968,0,0,13778,1722,0,256,0,0,46.4,46.4,4.4,4.4,22,3263,1334,23224,6327,7522,12164,0,2952,26260,5149,3611,87209,54679,25236,0,7588,155,14,298267,247662,4943,5716,879,632,1724973964,1360486627,0,364487337,6530459,346008684,25009112,1819145,2350957,0,0,24477300,490019787,143056047,1091898130,404457780,139143893,183041149,85841173,0,39823471,324636994,23950459,7208973,1208103892,145739373,40087623,40474749,58045048,0,35603297,153058156,25648446,18213380,516870072,468718956,142760429,161585448,116833973,0,0,54524912,312644210,38707400,0,60909960,0,3801339,0,0,0,0,78270857,35711516,52535773,24885421,0,15477633,155424996,13846,2167295,0,-534591,18225,585873,0,0,66004090,26640930,94385984,136714,0,269682,6427324,51657414,9557936,70252906,20675704,115532492,62746177,9399413,12652624,44787725,45203645,12823445,1562266,4824996,2515610,33960291,281743023,4436463,98310406,32393605,0,0,416883497,50865271,447234,55644750,309926242,416883497,198499475,361916076,-301100486,147794894,60621025,210423159,112112753,0,0,28356745,58621902,2977152,0,243578,1606,532,3575397,438671,4014068,753,24,266371,680936,849086,0,210947,381947,331521,181152,47515,625922,866685,247445,723943,82960,1160757,129402,364205,0,1037583,275657,825173,93229,1224896,145682,411848,0,2013
106214034,novato community hospital,01jan2013,31dec2013,365,audited,incl. ind. audit adj.,marin,4,405,non-profit,general,comparable,,(415) 209-1300,180 rowland way,novato,94948,brian alexander,cao,novatocommunity.sutterhealth.org,sutter health,jean johnson,sutter west bay hospitals,0,05-0131,hsc00131g,,47,47,17,3493,0,357,0,357,76,751,50,81,5165,1063,0,110,0,79,29,286,14,31,1612,47,0,0,0,0,0,5165,0,0,0,0,0,1612,0,0,0,0,0,30.1,30.1,3.2,3.2,0,0,0,40301,0,4784,0,775,4924,38369,998,2912,93063,14486,10637,0,68551,0,3,64147,41170,551,757,0,0,205428486,151820876,42258,53649868,822614,60634500,-6162018,1683755,3144605,0,0,-7622868,33801277,37236381,134390828,65162537,0,6447769,0,5070214,2095701,15662774,791713,1778019,97008727,45764202,0,9618444,0,2315779,5872550,38323999,1461739,5063046,108419759,92617605,0,12855922,0,0,6804909,2134463,28688697,3973108,0,2424570,0,2321602,0,0,0,42258,18073628,0,3145131,0,581084,5602213,24456127,0,1791685,0,9305493,121902,29401,0,0,7747093,7062983,19473470,0,0,0,0,10477884,2271407,10601398,3000265,20266506,9913722,3651673,2016299,5260547,10172661,3246320,251611,494630,786266,4574265,12539171,0,39860448,936205,0,122712,53458536,9579293,0,16140221,27739022,53458536,1540316,35821187,-27576398,53044681,21347266,87105317,47244869,0,0,16140221,16140221,0,147793,3680675,210,58,410839,51691,462530,70,0,31687,113135,92723,1377,13924,66348,27618,37856,12780,13391,71658,49366,144269,0,70280,20276,54990,0,81812,55021,161387,0,79262,22928,62120,0,2013
106500967,oak valley district hospital,01jul2012,30jun2013,365,audited,incl. ind. audit adj.,stanislaus,6,511,district,general,comparable,rural,(209) 847-3011,350 south oak avenue,oakdale,95361,john mccormick,ceo,,oak valley district hospital,"rodney a. phillips, cpa","rodney a. phillips, cpa",0,05-0067,hsc00067f,zzr00067f,150,150,141,4550,2750,31272,804,0,797,291,37,1236,41737,466,219,214,240,0,150,89,14,88,1480,35,0,0,0,115,0,4395,0,0,0,37342,0,1220,0,0,0,260,0,76.2,76.2,28.2,3.6,0,0,0,14221,4604,27915,31328,202,10829,9019,1123,12881,112122,22032,52822,0,36158,0,2,53880,115920,449,1932,189,80,215376269,162470178,74583,52980674,1808199,55105448,-316575,2319090,84190,0,0,1918325,34530713,61928393,118917163,19314245,8646006,19512661,8949155,0,4651900,3262097,340713,3454549,68131326,31533982,10063200,21621809,29584713,174921,19367311,19059230,637823,15201954,147244943,44129600,14171513,26346849,35708737,-202727,134070,12175500,10730694,16689442,0,1038604,0,1547896,0,0,0,74583,6718627,4537693,14930280,2825131,40851,11843711,11665216,0,419165,0,0,0,43520,2080938,0,11116446,11647408,11745469,0,0,0,0,8003526,2526649,6665608,3400342,21043708,10255070,2960504,1500262,4878754,5765379,3194394,1898840,328055,1129490,2150992,18930918,13500738,106327210,2036565,2546035,0,143341466,8321362,1031708,67905000,66083396,143341466,5939203,41543431,-31941263,109623412,18367629,133694129,27366919,0,0,68925000,68925000,1020000,0,245252,428,129,828985,82020,911005,36,0,54987,275344,132804,22345,94124,116639,97108,15620,19574,440,228258,216339,102085,0,132596,70785,78922,0,249501,236547,113100,0,144872,79969,87016,0,2013
106334457,oasis psychiatric health facility,01jan2013,31dec2013,365,audited,excl. ind. audit adj.,riverside,12,1103,investor,psychiatric,phf,,(760) 863-8664,47-915 oasis street,indio,92201,rick klotz,administrator,www.starsgroup.com,stars behavioral health group holding company,"bruce j wright, cpa","good & fowler, llp",0,,,,16,16,16,0,0,0,0,0,4843,0,0,0,4843,0,0,0,0,0,1008,0,0,0,1008,0,16,0,0,0,0,0,4843,0,0,0,0,0,1008,0,0,0,0,82.90000000000001,82.90000000000001,4.8,4.8,0,0,0,0,0,0,0,0,0,0,0,0,0,0,0,0,0,0,0,0,0,0,0,0,0,3517630,0,0,3517630,0,3973529,-455899,432716,0,0,0,-23183,3517630,0,0,0,0,0,0,0,3517630,0,0,0,3517630,0,0,0,0,0,0,0,0,0,0,0,0,0,0,0,0,0,0,0,0,0,0,0,0,0,0,0,0,0,0,0,0,3517630,0,0,0,0,0,0,0,0,0,2600642,0,0,0,0,0,0,494866,73082,787925,17014,1698547,531537,0,972372,404102,201570,1989,137136,17014,0,9262,1495191,0,41856,0,0,0,1537047,1087306,0,0,449741,1537047,0,1475219,0,0,113049,113049,71193,0,0,0,0,0,0,241760,35,11,71661,6580,78241,0,0,3589,19091,10364,7424,4328,6819,14198,0,0,5848,45025,0,0,0,14208,2623,9805,0,49133,0,0,0,15627,2881,10600,0,2013
106430837,o'connor hospital,01jul2012,30jun2013,365,audited,incl. ind. audit adj.,santa clara,7,431,non-profit,general,comparable,,(408) 947-2500,2105 forest avenue,san jose,95128,jim dover,ceo,http://www.oconnorhospital.org,daughters of charity health system,paul holden,moss adams llp,0,05-0153,hsc00153f,zzr00153f,358,345,154,23289,3862,6641,5929,0,268,10493,0,1693,52175,3537,833,1768,2022,0,63,3060,0,468,11751,334,0,0,0,24,0,44952,0,0,0,7223,0,11725,0,0,0,26,0,39.9,41.4,4.4,3.8,25,6653,3098,48839,8205,7243,22878,0,2003,40666,0,8896,138730,56995,22793,0,51263,0,11,352635,300284,4186,10616,2281,964,1464429579,1179993046,0,284436533,2394494,317022996,-30191969,9308779,1971551,0,0,-22854741,365232495,228765419,870431665,382277832,77847925,123363160,107249544,0,4662746,202210867,0,25171406,922783480,181727287,39685271,26680580,96606812,0,8540093,160976332,0,27429724,541646099,460120788,97483421,124997896,163409900,0,0,10115916,246561737,10721209,0,23897305,0,42684874,0,0,0,0,101701639,18712375,24032665,36750240,0,2936689,112492786,0,-12189861,0,0,1582449,2210017,0,0,71526385,22519125,91741642,0,0,0,2786695,45932706,5549693,66249075,10717675,139044956,47826542,8281848,3707263,40095654,30853836,13965860,2853745,954065,4724368,24714859,82517209,9850221,49917921,3200959,1962506,0,147448816,44904581,57914000,75778357,-31148122,147448816,22942103,208448943,-171401392,83332307,176463847,265558458,215640537,0,0,76711183,76711183,932826,8143607,10268667,1221,431,2198010,400677,2598687,619,22,148500,601989,686431,29414,160967,279329,175966,56357,19383,39674,606385,204409,578951,54830,361734,58734,332967,0,731122,243085,693991,60369,414821,68512,386787,0,2013
106560501,ojai valley community hospital,01jan2013,31dec2013,365,audited,excl. ind. audit adj.,ventura,10,809,non-profit,general,comparable,rural,(805) 640-2230,1306 maricopa highway,ojai,93023,gary k. wilde,president/ceo,,community memorial health system,joseph lapid,nathan consulting group,0,05-0046,hsc30046k,,103,103,62,4577,1636,828,13541,0,49,1594,125,86,22436,476,149,19,210,0,13,132,16,14,1029,37,0,0,0,66,0,3065,0,0,0,19371,0,784,0,0,0,245,0,59.7,59.7,21.8,3.9,0,0,0,8093,2904,1402,4473,0,806,9397,869,1692,29636,7821,9208,0,13230,0,2,17084,41605,413,838,0,0,103329245,79208840,0,24120405,1353923,27262347,-1788019,368049,1850,0,0,-1421820,12867623,13001938,77459684,23085117,8242145,964443,9484505,0,484611,6033101,734120,648266,49676308,18029419,7224495,708314,4018712,0,1751368,18273518,1431641,2215470,53652937,33536749,12660561,579774,7557471,0,0,1840576,16851563,1907893,0,2165761,0,2108492,0,0,0,0,6947887,2569121,1067355,5738869,0,361145,7082665,0,353363,0,0,1585,18,0,0,7194518,1649041,7415765,0,0,0,0,5265077,1018137,3979470,740339,11990719,4854519,367000,1217199,3336127,3030583,1235317,422578,10826,11039,786440,9501038,0,8736876,841737,9466,97000,19186117,16380829,0,2978574,-173286,19186117,0,14175955,-8479182,7251608,6024016,15169514,6432638,157625,0,0,2991381,12807,0,12481727,194,75,364038,49147,413185,30,0,46025,72690,69739,17912,59492,34433,45252,7861,9750,884,154239,27988,71213,0,75623,2709,32266,0,173208,34922,79743,0,83984,3462,37866,0,2013
106190534,olympia medical center,01jan2013,31dec2013,365,audited,incl. ind. audit adj.,los angeles,11,925,investor,general,comparable,,(323) 932-5413,5900 w olympic blvd,los angeles,90036,john calderone,ceo,www.olympiamc.com,olympia medical center,jackie brown,j. brown & associates,0,05-0742,hsc30477g,,204,140,81,17420,2941,2206,2365,0,646,2986,163,567,29294,3223,745,352,575,0,221,727,35,173,6051,204,0,0,0,0,0,29294,0,0,0,0,0,6051,0,0,0,0,0,39.3,57.3,4.8,4.8,0,0,0,81423,18716,4951,12222,0,17614,18606,1201,15942,170675,25249,0,0,73523,0,9,114130,247627,1102,2391,0,0,838627822,759688756,8870036,87809102,826463,102679593,-14044028,2810888,4428341,0,0,-15661481,135664165,78144618,624819039,314931896,54850494,36837256,39475252,0,23945034,89003780,2486412,13868280,575398404,106946278,33626435,9754364,34492088,0,10436091,41690251,2064963,24218948,263229418,376353183,84624934,47682552,72474090,0,0,28750952,109542615,23943926,0,4548418,0,11768086,8870036,0,0,0,45524991,12722031,-1090932,1493250,0,5630173,21151416,2957,2375216,0,0,0,1366,0,0,23639685,8799040,28700279,0,0,0,0,13584087,3783074,21185090,2988338,42881303,15738480,1483131,2872581,14788425,17209049,1995897,984281,1435469,67580,3223397,28784129,0,58456603,7329,0,0,87248061,56775182,889852,19483027,10100000,87248061,1205512,114341086,-92539291,17950484,37159254,84770886,26314283,0,281520,0,20007631,524604,2888122,0,806,319,1493744,208262,1702006,507,0,293308,381045,492459,27986,119653,29777,123732,0,23526,2258,620457,163702,301441,0,173562,90548,143001,1033,671973,179646,384754,0,200327,103164,161108,1034,2013
106300225,orange coast memorial medical center,01jul2012,30jun2013,365,audited,incl. ind. audit adj.,orange,13,1014,non-profit,general,comparable,,(714) 378-7000,9920 talbert avenue,fountain valley,92708-5153,marcia manker,ceo,www.memorialcare.org,memorial health services,richard macintosh,memorial health services,0,05-0678,,hsp30678g,218,218,140,11746,11508,1445,4304,1795,251,14313,224,761,46347,2509,3178,341,1257,446,88,4809,64,213,12905,218,0,0,0,0,0,46347,0,0,0,0,0,12905,0,0,0,0,0,58.2,58.2,3.6,3.6,24,3483,1566,9110,13665,837,7155,3811,539,36951,180,1769,74017,28940,0,0,48673,10702,8,593640,346110,3859,3736,1101,585,951127500,725260807,42689005,268555698,1405017,256109205,13851510,7233713,1927167,0,0,19158056,203241635,47263470,700622395,157570123,174087455,17556969,59560649,19067040,4125987,214727085,2346338,6742772,655784418,45156122,60413538,2483370,30125174,12125507,2445468,137142571,751407,4699925,295343082,166508752,200564178,14198799,66323474,0,29027007,4529715,220598046,16296782,0,3235008,-55204,4034250,42689005,0,0,0,35290152,74923424,5841540,23012319,2165515,1855701,122383640,237035,2846372,0,127146,266810,1069867,0,0,35718627,5560526,93127999,16542800,13069830,93223,0,33083720,8833363,44922727,5156390,69734718,27115705,2303525,3287865,44749674,65856539,10882837,3721767,-845393,43,29301925,57359590,0,127642852,2202679,0,0,187205121,57218205,8990034,794804,120202078,187205121,2583513,156302803,-112644725,114795446,73459811,208316218,80673366,0,0,0,897838,103034,0,16066810,1023,405,1978641,204520,2183161,94,0,172871,447383,612316,3036,197538,260669,165223,65128,28631,25846,606158,98142,595838,1811,321351,113457,206665,35219,673622,105679,656916,2086,350579,123921,231534,38824,2013
106040937,oroville hospital,01dec2012,30nov2013,365,audited,incl. ind. audit adj.,butte,1,221,non-profit,general,comparable,,(530) 533-8500,2767 olive highway,oroville,95966,robert j. wentz,ceo,www.orovillehospital.com,orohealth corporation,jo l. dilbeck,orohealth corporation,3,05-0030,hsc00030f,zzr00030f,153,153,153,24577,517,9598,209,2567,2884,718,99,2354,43523,5345,104,2787,60,751,861,265,34,675,10882,133,0,0,0,20,0,37856,0,0,0,5667,0,10355,0,0,0,527,0,77.90000000000001,77.90000000000001,4,3.7,10,1187,472,144301,911,70034,1987,18476,32558,15209,955,8054,292485,35103,174857,7606,86638,0,5,159483,183574,1593,2641,262,163,761644976,577900064,0,183744912,6363980,188403440,1705452,540534,186610,0,0,2059376,119670087,137221430,504753459,255946489,4292902,121128160,2650717,36112261,38011597,9756985,1187262,14064709,483151082,122110204,1351085,71975060,2111711,19751799,36351199,15154594,1026616,8661626,278493894,291215889,3392479,148237966,3737610,-1289406,44128042,44697880,14973816,18831639,0,5916768,0,4057381,0,0,0,0,86267220,2251508,44414201,1024024,11729530,24242860,9189321,0,4626248,0,0,570,67373,0,0,29931433,40426908,60744560,0,0,0,0,20732614,5257407,27085271,4225247,79205583,24131168,26058655,2404406,20742687,7873657,5324942,3773782,2081692,1105139,15701729,37190775,256241,32159529,1498830,1273236,870243,73248854,32318998,0,20506557,20423299,73248854,8390946,117105396,-90350939,26580654,51984466,81471038,49311509,0,6736099,14115000,23945216,3438659,0,1777489,1087,290,2040292,232414,2272706,112,0,150541,642826,458902,75066,65918,403289,173108,57950,3532,9160,448752,370257,550765,0,337485,136871,196162,0,498239,413686,619163,0,370355,154331,216932,0,2013
106190307,pacific alliance medical center,01jan2013,31dec2013,365,audited,incl. ind. audit adj.,los angeles,11,925,investor,general,comparable,,(213) 624-8111,531 west college,los angeles,90012,john edwards,ceo,www.pamc.net,"pamc, ltd",jeff brown,hospital management services,0,05-0018,hsc30018f,zzt30018f,138,138,68,3662,1233,7184,11098,0,158,797,164,64,24360,773,325,2082,3241,0,44,250,144,56,6915,138,0,0,0,0,0,24360,0,0,0,0,0,6915,0,0,0,0,0,48.4,48.4,3.5,3.5,0,8288,2345,3585,1628,2929,10128,0,522,2042,662,1097,22593,0,12602,0,9638,47300,4,113737,84425,1133,2192,1439,915,239049543,152043995,92896106,179901654,2003507,186865096,-4959935,18879319,1637132,0,0,12282252,42514140,6944793,189590610,35092371,12621754,29491838,77712969,0,1646604,8407948,1459567,679286,167112337,15224243,5899303,6576281,31492081,0,1613209,7314253,3341872,475964,71937206,31672006,12300994,19970510,78772797,-13513803,0,2581939,14656117,801997,0,4801438,0,0,1093698,91802408,0,0,18644608,7313761,29611412,122234661,0,677874,1066084,1,353253,0,0,0,1193959,0,0,15959414,3731321,21783275,91355649,0,0,0,13201079,3717228,31643061,5474069,36099211,7652316,3616082,9603002,9525669,96820293,3718196,2082881,859110,573604,16314732,67285886,0,47302601,1782454,78056616,0,194427557,16926183,25670053,4983778,146847543,194427557,38880841,39002548,-19335883,38161415,25741743,78094215,30791614,0,610962,0,5422449,438671,0,979737,529,153,1010920,106031,1116951,58,0,141346,195198,214955,39757,47290,195351,122170,38493,16360,0,282273,54665,219180,0,231797,90189,132816,0,309760,59104,242372,0,256469,100695,148551,0,2013
106190587,pacific hospital of long beach,01jan2013,08oct2013,281,audited,incl. ind. audit adj.,los angeles,11,933,investor,general,comparable,,(562) 424-7422,2776 pacific ave,long beach,90806,michael drobot,ceo,www.phlb.org,pacific hospital of long beach,j. canedo/j. smith,pacific hospital management,0,05-0277,hsc30277f,,184,184,133,11907,0,9355,1691,0,3294,0,0,739,26986,2170,0,1711,440,0,717,0,0,192,5230,84,73,0,0,27,0,9233,17753,0,0,0,0,2412,2818,0,0,0,0,52.2,52.2,5.2,5.2,13,1023,423,19894,0,2515,9693,0,14815,0,1768,2921,51606,11126,3503,0,29672,0,6,115644,34165,1027,1592,294,154,297774167,221841748,9765486,85697905,2295349,92900911,-4907657,85015,740951,-284352,0,-5279241,40522924,26899037,230352206,65501085,0,37052405,19016780,0,76979604,0,0,9492860,208042734,25116700,0,3159754,17635325,0,32183267,0,2240140,9396247,89731433,50049697,0,29585696,25947932,-1917808,0,97500949,0,18412813,0,2240140,0,22329,0,9765486,0,0,40568088,0,12544271,20469659,0,11661922,0,0,453965,0,0,0,57452,0,0,16690493,3300384,20871186,0,0,0,1043509,11959368,4016811,28655213,6363947,30488400,8498256,1651920,3272800,11687423,25229231,3484005,1701675,1011545,1353419,4522237,45398354,0,13656339,1829169,49389,0,60933251,57981262,0,7994380,-5042391,60933251,4267168,143821486,-105826872,11885401,41138340,55447975,41791636,0,1697606,21587728,23285334,15290954,0,0,431,115,882512,143559,1026071,311,20,141701,157691,143987,37059,29276,186594,18356,37294,29907,100647,345127,52247,129292,38619,114224,76197,126806,0,407260,59500,155339,38788,126671,90676,147837,0,2013
106560838,pacific shores hospital,01jan2013,31dec2013,365,audited,excl. ind. audit adj.,ventura,10,811,investor,psychiatric,comparable,,(800) 841-1515,2130 north ventura road,oxnard,93036,"jonathan rader, ph.d.",president/ceo,,pacifc shores hospital,ryan sader,hfs consultants,0,,,hsp34116f,30,30,30,0,0,0,0,0,0,5495,0,41,5536,0,0,0,0,0,0,173,0,1,174,0,30,0,0,0,0,0,5536,0,0,0,0,0,174,0,0,0,0,50.6,50.6,31.8,31.8,0,0,0,0,0,0,0,0,0,1004,0,0,1004,0,0,0,0,0,0,0,0,0,0,0,0,18415904,7668800,0,10747104,0,7645715,3101389,6372,132522,89650,0,2885589,15460124,994573,1961207,0,0,0,0,0,0,17287984,0,129224,17417208,0,0,0,0,0,0,998696,0,0,998696,0,0,0,0,0,0,0,5955751,1713049,0,0,0,0,0,0,0,0,0,0,0,0,0,0,10629900,0,117204,0,0,0,0,0,0,1675419,94475,439860,0,0,0,0,2984676,333948,1991462,125875,3210152,453861,458876,1874369,937200,346987,55558,576,86527,638,220971,7307689,0,764637,0,68138,0,8140464,937678,0,0,7202786,8140464,451472,10910264,-4173492,664703,247273,1506606,741969,0,0,0,0,0,0,24119,41,14,83013,2733,85746,2,0,11141,10855,7544,16225,5623,12298,17644,1423,260,0,34118,1956,0,0,28499,12056,6384,0,34641,1986,0,0,29736,12810,6573,0,2013
106190696,pacifica hospital of the valley,01jan2013,31dec2013,365,audited,excl. ind. audit adj.,los angeles,11,907,investor,general,comparable,,(818) 252-2450,9449 san fernando road,sun valley,91352,ayman mousa,ceo,,pacifica of the valley corporation,kevin seeley,"steve clark & associates, inc.",0,05-0378,hsc30378h,zzt30378h,231,231,144,9166,513,36311,3371,412,1146,292,24,532,51767,1299,72,2426,1124,34,125,57,11,250,5398,95,38,0,0,98,0,11736,14187,0,0,25844,0,3251,2050,0,0,97,0,61.4,61.4,9.6,4.9,9,1152,419,2532,20,1576,5844,112,870,909,15,831,12709,14728,0,0,449,1223,3,22778,11404,545,255,200,226,187609697,116329067,2687898,73968528,1300777,66759182,8510123,14086,0,0,0,8524209,86497309,22309497,78802891,61051230,6129251,63495022,18587506,1431130,6247694,2718385,509950,5507738,165677906,4853199,333224,3083807,8977454,229324,1468469,1435239,452766,1098309,21931791,63698959,6246211,9204934,24149482,-8574793,1655948,5466893,2942840,6100188,0,5061715,0,376690,0,2687898,0,0,2205470,216264,61849691,6103376,4506,2249270,1210784,0,129167,0,0,0,14086,0,0,24710089,3262979,12186161,952287,0,0,0,8659327,2230814,7010652,7746873,29658424,12093476,2067317,2688929,5673317,3506871,1117293,373825,1139721,4209488,4230521,34898179,236798,12708529,1814488,5331912,0,54989906,23662026,0,35608830,-4280950,54989906,2732041,75165071,-59738556,17466012,15086068,36403250,23694721,0,0,37720321,37720321,2111491,0,0,529,250,949217,166307,1115524,109,0,61184,129920,218215,167176,119891,111919,125442,0,15470,0,484219,37865,128109,0,191247,50426,57351,0,573353,44074,148851,0,218049,58234,72963,0,2013
106491338,palm drive hospital,01jul2012,30jun2013,365,audited,incl. ind. audit adj.,sonoma,3,401,district,general,comparable,rural,(707) 823-8511,501 petaluma ave.,sebastopol,95472,thomas harlan,ceo,www.palmdrivehospital.com,palm drive healthcare district,derek f. petrak,"petrak & associates, inc.",0,05-0385,,zzr00385i,37,37,13,2471,141,42,251,269,199,568,25,164,4130,664,41,8,60,45,41,180,10,33,1082,37,0,0,0,0,0,4130,0,0,0,0,0,1082,0,0,0,0,0,30.6,30.6,3.8,3.8,0,0,0,14033,435,502,3433,2060,3156,9710,263,7214,40806,6929,5635,0,27557,0,2,64316,151798,444,1766,0,0,93593632,66067638,0,27525994,130034,34858775,-7202747,5887123,110000,0,0,-1425624,9926325,11073319,72593988,27130923,1366356,587321,2207518,2758232,6614558,7135494,86129,406767,48293298,17279364,546326,582359,4136721,2628904,3640085,12936616,202839,3347120,45300334,29781320,1307517,871988,5196000,0,4232906,6626196,15580076,2182667,0,288968,0,0,0,0,0,0,14060900,605165,297692,1148239,1154230,3397976,4286130,0,2575662,0,0,310347,236,4161245,0,5081294,3876029,13670377,0,0,0,0,3880509,1447822,4919960,1982784,13556150,4233794,3246744,810054,6288910,2353226,934386,341752,154510,1597975,1341274,7451131,3428168,12964884,484289,1186432,0,25514904,8508821,560810,24380005,-7934732,25514904,390598,12570030,-8649612,4312854,10220208,20444455,7479571,0,2130838,22940000,25070838,690833,0,0,153,46,286765,35297,322062,48,0,25998,76159,71177,0,22435,54131,27355,4698,1304,3508,59356,25089,87820,0,49260,25898,39342,0,68555,28960,97944,0,54163,27869,44571,0,2013
106196405,palmdale regional medical center,01jan2013,31dec2013,365,audited,excl. ind. audit adj.,los angeles,11,901,investor,general,comparable,,(661) 382-5000,38600 medical center drive,palmdale,93551,richard allen,ceo,www.palmdaleregionalhospital.com,"universal health services, inc.",kevin seeley,"steve clark & associates, inc.",0,05-0204,,hsp30204g,157,157,96,16361,3935,1637,4478,353,430,5331,1655,348,34528,3088,1063,343,1158,84,125,1541,73,469,7944,157,0,0,0,0,0,34528,0,0,0,0,0,7944,0,0,0,0,0,60.3,60.3,4.3,4.3,0,0,0,9266,2806,4221,21898,775,1706,11490,1326,9886,63374,56373,5050,0,5091,0,4,274260,109020,4506,3263,0,0,829594394,702988521,0,126605873,503905,136449776,-9339998,217747,692064,0,0,-9814315,108902882,33351146,687340366,210223771,61704477,22306833,59950861,4268057,7779244,98023642,5288622,25791125,495336632,72442308,28305201,17997712,77481195,4577426,9026842,77343425,4932609,42151044,334257762,237314439,69692753,35802638,125205047,0,8793447,14492293,132613317,31680433,0,10213647,0,37180507,0,0,0,0,44046265,20224524,4195755,12091434,0,1391827,41614752,7584,3033732,0,0,0,0,0,0,29255817,13141478,40930336,0,0,0,0,14932198,4139177,18887931,15162839,50325276,10471354,3529873,2965929,20542154,13155608,18392583,1113505,15607,202651,15735236,29756414,0,206971694,9820145,0,26165535,272713788,21305810,0,306303491,-54895513,272713788,0,60105481,-34711265,185449722,69030143,259690050,52718356,0,2308407,0,306353658,50167,0,304045251,1750,248,1144540,2530264,3674804,301,0,168864,350190,415367,6757,62789,58456,0,46437,30775,4905,450800,151762,263883,0,95680,54107,128308,0,1496845,495710,962519,0,262107,149858,307765,0,2013
106331288,palo verde hospital,01jul2012,30jun2013,365,audited,excl. ind. audit adj.,riverside,12,1101,district,general,comparable,rural,(760) 922-5201,250 north first st.,blythe,92225-1702,rich gianello,ceo,,palo verde health district,mariano patacsil,hfs consultants,0,05-0423,,zzt30423g,51,45,13,1474,0,1010,0,18,892,0,211,148,3753,350,0,336,0,6,300,0,69,42,1103,51,0,0,0,0,0,3753,0,0,0,0,0,1103,0,0,0,0,0,20.2,22.8,3.4,3.4,4,380,173,6323,0,9710,0,302,8412,0,1494,3371,29612,11256,0,0,18594,0,2,13211,47760,134,532,122,61,81600991,57901114,0,23699877,123888,29177587,-5353822,1041623,20880,0,0,-4333079,10093064,12441421,59066506,13640971,0,11044706,0,205723,8546110,0,2071669,1501128,37010307,12513760,0,11282785,0,860682,15308144,0,864493,3760820,44590684,21445173,0,14330233,0,0,939583,10065023,0,4545985,0,5915307,0,659810,0,0,0,0,4709558,0,5018113,0,126822,13789231,0,0,56153,0,0,740423,13526,182353,0,5110783,3290718,8106623,0,0,0,0,5089278,1622798,4680507,1276880,11593201,2138294,2574573,1949169,2173003,5116918,590309,513325,241611,201995,2085189,8905619,0,2516855,0,0,0,11422474,6163595,0,830402,4428477,11422474,2630921,14680504,-11069643,1396026,4518107,6101888,3585033,1433935,0,0,1433935,603533,0,0,141,53,296084,27467,323551,21,0,54763,61717,60810,15720,4569,58909,8181,156,29206,2053,74643,33784,71344,0,30799,37814,47700,0,80606,35818,78391,0,33208,41912,53616,0,2013
106370755,palomar medical center,01jul2012,30jun2013,365,audited,incl. ind. audit adj.,san diego,14,1412,district,general,comparable,,(760) 739-3000,555 east valley parkway,escondido,92025,"michael h. covert, fache",ceo,www.palomarhealth.org,palomar pomerado health system,scott yasuda,hfs consultants,2,05-0115,hsc30115f,,414,414,334,25030,24800,28010,4379,4385,2857,21952,207,3265,114885,4765,5003,2718,1290,984,501,5524,49,764,21598,274,26,0,18,96,0,73864,7058,0,5262,28701,0,19111,1434,0,449,604,0,76,76,5.3,4.1,4,5632,3362,56119,29210,10577,16574,4988,4792,40008,408,16506,179182,81538,14412,45345,12904,1867,11,756065,421830,9818,7950,2263,1098,1820304991,1392340182,13281950,441246759,7579389,479371681,-30545533,11300319,1154221,0,0,-20399435,375257888,257529091,1187518012,311972038,282599481,109951315,57000048,55876440,31040227,294641401,3210396,50837188,1197128534,126313282,102867010,37373182,53369924,23343785,19175802,202132944,1412112,57188416,623176457,347813905,310838334,116967674,84166103,0,75377457,38276288,320962132,78647024,0,7008902,0,12282363,13281950,0,0,0,88926000,87197574,29011295,26013959,3287777,6753611,169159130,0,30897413,0,-4587797,0,778720,9039763,0,95230022,51071540,131750798,17571278,0,0,0,89118271,10747120,52563594,31319058,162259742,63140321,16447645,12254123,62382892,84202464,34662539,3743764,3366103,1006454,35905634,199272774,23642249,1100284508,3485585,40066,29976,1326755158,1105245885,148179,8755543,212605551,1326755158,10265,237967170,-150560289,1076778533,129725746,1271940782,171656274,0,808142,15319885,16210543,7455000,0,1067662766,2368,1013,4663508,440152,5103660,817,0,311510,1018176,1326377,50507,552559,504896,532192,188099,177250,1942,1703576,579498,1098723,0,895182,113834,261283,11412,1876898,631875,1205482,0,966466,124252,285874,12813,2013
106370759,paradise valley hospital,01jan2013,31dec2013,365,in process,excl. ind. audit adj.,san diego,14,1420,investor,general,comparable,,(619) 470-4280,2400 east 4th street,national city,91950,luis leon,ceo,www.paradisevalleyhospital.org,prime healthcare services,jeff brown,hospital  management services,0,05-0024,hsc30024g,,291,291,157,25460,2541,16052,2687,4371,1300,0,1205,2883,56499,3799,559,2567,852,939,313,0,408,1178,10615,166,103,0,22,0,0,21924,32313,0,2262,0,0,5769,4683,0,163,0,0,53.2,53.2,5.3,5.3,35,1861,1078,12362,1398,3206,7746,2191,2050,0,1826,4884,35663,33747,5092,0,0,0,4,41896,27562,476,817,718,362,484672693,347640084,0,137032609,592170,141149059,-3524280,3298197,757124,0,0,-983207,187349813,39906534,257416346,166528283,19603835,90020033,26005756,23898926,9797009,0,8557520,23069359,367480721,54298526,7048883,8793175,20498534,6011562,6885979,0,3857829,9797484,117191972,183364751,19282912,33536433,30530947,-3193892,26267469,7375829,0,15692625,0,20775971,0,14007039,0,0,0,0,37462058,7369806,60110047,15973343,3643019,9307159,0,0,3167177,0,0,0,0,0,0,31743431,7225582,28208623,0,0,0,0,17254422,4528506,43930737,8257758,52804293,17761930,2903238,1347527,12215394,16071968,1969466,601038,1452241,5239374,28782590,39251544,0,24794725,767006,0,0,64813275,14458068,0,48000000,2355207,64813275,619324,84869663,-68078410,8162098,20132896,42809675,18014950,23000000,25000000,0,48000000,0,0,5988054,980,356,1855042,186904,2041946,221,0,80352,590139,559291,73690,103677,226460,162341,54750,4342,0,734195,126918,329564,0,341999,104580,217786,0,811621,139687,363275,0,370852,116277,240234,0,2013
106331293,parkview community hospital,01jan2013,31dec2013,365,in process,excl. ind. audit adj.,riverside,12,1111,non-profit,general,comparable,,(951) 688-2211,3865 jackson street,riverside,92503,steve popkin,ceo,www.pchmc.org,parview community hospital medical center,foster evans,hospital management services,0,05-0102,hsc30102f,zzt30102f,193,193,108,9473,5910,8541,6514,1446,374,3760,179,2376,38573,1584,1362,1884,1878,259,111,1215,38,653,8984,193,0,0,0,0,0,38573,0,0,0,0,0,8984,0,0,0,0,0,54.8,54.8,4.3,4.3,24,2720,1668,5351,5491,5930,14104,1884,1521,22641,375,7117,64414,42489,27872,0,4793,0,6,306570,145920,5805,1638,1183,675,665951215,524117028,1143614,142977801,1698680,145931657,-1255176,4428471,0,0,0,3173295,158865245,81326430,425759540,121731045,90988552,83672126,75349872,14838344,10009631,68647743,1980857,30170326,497388496,15867405,21980036,12653965,43142153,5693721,3893115,43036623,1107722,21187979,168562719,110468750,88942824,65780963,94927783,-2486928,20059794,10763914,79399919,6538997,0,5153899,0,44567113,0,0,0,1143614,27129700,24025764,31544767,22986892,471590,3138832,33428061,0,252195,0,0,273500,25730,0,0,32996542,9298380,43755190,0,0,0,0,18467906,5587761,31034694,4791184,55748862,20354627,2733505,7060152,24002308,10370489,2822921,2325090,1080000,2482501,16951202,54718904,0,17172887,6807951,0,0,78699742,45532258,0,29297133,3870351,78699742,5278199,113125362,-79690645,31964397,34550919,71147525,53974638,25700496,346533,0,30304611,1007478,0,0,958,376,1851022,184585,2035607,434,0,159621,420975,526134,39891,177640,331676,92278,60048,39260,3499,653951,143292,416437,0,267993,122856,246493,0,727542,151226,454560,0,295261,136373,270645,0,2013
106454013,patients' hospital of redding,01jan2013,31dec2013,365,audited,excl. ind. audit adj.,shasta,1,209,investor,specialty,comparable,,(530) 225-8700,2900 eureka way,redding,96001,shari lejsek,administrator,www.patientshospital.com,dr. james d. tate,avie heilgeist,"healthquest consulting, inc.",0,05-0697,,hsp30697f,10,10,10,186,0,6,1,0,84,213,0,2,492,85,0,5,1,0,37,100,0,1,229,10,0,0,0,0,0,492,0,0,0,0,0,229,0,0,0,0,0,13.5,13.5,2.1,2.1,0,0,0,1435,0,142,43,66,247,932,1,138,3004,0,0,0,2210,0,2,49329,132703,225,794,0,0,36789789,29461959,0,7327830,19769,6474437,873162,2555,0,0,0,875717,1672124,0,35117665,4668084,0,223910,44793,0,1481122,4863362,0,85437,11366708,11092004,0,769130,231168,407636,1913274,9514800,6751,1488318,25423081,12738456,0,889465,252285,0,329844,1794746,11973468,135722,0,6751,0,1341222,0,0,0,0,3021632,0,103575,23676,77792,1599650,2404694,0,96811,0,0,0,30,0,0,1111386,0,2816649,0,0,0,0,984320,322687,1001616,237779,2615913,952770,0,0,2014349,332744,149742,38078,27462,21282,322097,1475231,0,1434349,0,0,0,2909580,1924753,0,559693,425134,2909580,21310,6392355,-5044918,3378749,1048935,4627808,3193459,121216,0,0,589693,30000,0,0,53,16,97081,12473,109554,7,0,23415,11853,24436,4587,4645,13207,14938,0,0,0,25140,0,20198,0,24525,9211,18007,0,28282,0,22652,0,27608,10546,20466,0,2013
106361768,patton state hospital,01jul2012,30jun2013,365,audited,excl. ind. audit adj.,san bernardino,12,1209,state,specialty,state,,(909) 425-7000,3102 east highland avenue,patton,92369,octavio c. luna,executive director,http://www.patton_web.com,state of california,vu tran,department of developmental services,0,,,,1287,1528,1528,1,0,0,0,0,140920,0,0,414514,555435,1,0,0,0,0,322,0,0,784,1107,0,388,0,0,899,0,0,176322,0,0,379113,0,0,351,0,0,756,0,118.2,99.59999999999999,501.7,502.3,0,0,0,0,0,0,0,0,0,0,0,0,0,0,0,0,0,0,0,0,0,0,0,0,0,305538283,14117,0,305524166,0,279380765,26143401,14117,0,0,0,26157518,286317735,0,19220548,0,0,0,0,0,0,0,0,0,0,0,0,0,0,0,0,0,0,0,0,14016,0,0,0,0,0,91,0,0,0,0,0,10,0,0,0,0,0,0,0,0,0,0,0,0,0,0,0,0,0,0,0,0,0,0,0,0,0,0,0,0,0,0,0,0,0,0,0,0,0,0,0,0,0,0,0,0,0,0,0,0,0,0,0,0,0,0,0,0,0,0,0,0,0,0,0,0,0,0,0,0,0,0,0,0,132,0,0,0,0,0,0,0,0,0,0,0,0,0,0,0,0,0,0,0,0,0,0,0,0,0,0,0,2013
106491001,petaluma valley hospital,01jul2012,30jun2013,365,audited,incl. ind. audit adj.,sonoma,3,403,non-profit,general,comparable,,(707) 778-1111,400 north mcdowell blvd,petaluma,94952,todd salnas,ceo,www.stjosephhealth.org,santa rosa memorial hospital,christina hank,"toyon associates, inc.",0,05-0136,,zzr00136g,80,59,27,4527,204,891,903,706,301,1139,43,118,8832,1370,62,269,273,213,91,345,13,36,2672,80,0,0,0,0,0,8832,0,0,0,0,0,2672,0,0,0,0,0,30.2,41,3.3,3.3,10,789,432,69394,2628,3432,11723,3685,4462,19448,330,3721,118823,16792,0,0,42063,0,4,81000,93831,686,1353,312,115,353994627,274964963,0,79029664,1752931,83160941,-2378346,1607015,552004,0,0,-1323335,40961250,69554989,243478388,80989054,4589130,15477648,17352282,12897757,2160830,26387377,812072,5462565,166128715,65253426,7470260,8385358,21340750,11228806,4739419,52194014,982146,16271733,187865912,114796005,9528992,18932835,32169367,0,21492077,4666518,54065121,8054785,0,7341413,0,3917850,0,0,0,0,30062553,2513898,4829964,5659234,2228758,1919540,21596453,0,10219264,0,125914,96444,54580,0,0,12179527,18853993,20994323,0,0,0,0,11031992,3278695,14704373,2118038,28354297,16683348,2768248,2897473,6137172,14190879,4501969,881802,350095,26575,6369083,21610977,0,14067116,3917580,718483,0,40314156,31412299,0,342290,8559567,40314156,9118889,35791849,-26694677,7709267,30827609,46689339,32622223,0,0,441365,441365,99075,106494,22085357,347,133,647771,92575,740346,108,0,57202,162446,189836,1958,79479,101763,36322,143,5819,12803,119918,214545,160035,0,75373,33479,44421,0,141167,241223,184263,0,85968,38745,48980,0,2013
106130760,pioneers memorial hospital,01jul2012,30jun2013,365,audited,incl. ind. audit adj.,imperial,14,1424,district,general,comparable,,(760) 351-3333,207 west legion road,brawley,92227,larry lewis,ceo,,pioneers memorial healthcare district,"rodney a. phillips, cpa","rodney a. phillips, cpa",4,05-0342,,zzt30342f,107,107,78,5809,512,5914,113,632,259,2313,178,711,16441,1506,119,2146,36,514,87,911,64,196,5579,107,0,0,0,0,0,16441,0,0,0,0,0,5579,0,0,0,0,0,42.1,42.1,2.9,2.9,0,0,0,22236,1057,33723,599,6613,6894,25411,688,6260,103481,46807,18909,0,37372,0,2,128309,123139,2183,4215,1174,568,411919430,320935350,0,90984080,1052740,96089880,-4053060,3607486,1867994,0,0,-2313568,53718110,81249298,276952022,63019034,6576267,53009047,1100344,7240709,3955846,26777364,1715936,6561395,169955942,58202762,3400715,71277493,1368164,12566530,15961920,63986562,1859937,13339405,241963488,90113100,7416652,91570415,2207475,-1570089,17668576,17820647,72125209,19254609,0,4328756,0,0,0,0,0,0,31108696,2560330,33704412,261033,1967582,2097119,18638717,0,646191,0,0,449766,66223,2808464,0,16684137,8266386,33448574,0,0,0,0,18145596,3356141,11388358,4800688,39789729,8980578,6540289,1587643,14910454,11279619,5267225,1137568,1352681,917715,4326379,49003272,2379452,25567873,0,0,1121372,78071969,24147122,1353779,17390436,35180632,78071969,35691910,74376451,-64078219,45055677,38135747,84707404,59139531,0,2858083,16437949,19296032,1905596,0,0,654,237,1260130,148262,1408392,69,0,115450,260736,321547,22845,144183,214225,108857,25068,4754,42465,346229,174194,292732,0,226217,87818,132940,0,386343,193969,328183,0,251350,100791,147756,0,2013
106301297,placentia-linda community hospital,01jan2013,31dec2013,365,audited,excl. ind. audit adj.,orange,13,1011,investor,general,comparable,,(714) 993-2000,1301 north rose drive,placentia,92870,kent clayton,ceo,www.placentialinda.com,tenet healthcare corporation,christina kim,tenet healthcare corporation,0,05-0589,hsc30589h,hsp30598h,114,114,32,3586,3610,379,596,440,91,2513,49,337,11601,987,1121,68,182,144,26,904,11,102,3545,114,0,0,0,0,0,11601,0,0,0,0,0,3545,0,0,0,0,0,27.9,27.9,3.3,3.3,0,0,0,7925,6895,793,4941,1750,954,20308,74,2816,46456,25088,0,0,19277,0,5,156930,243600,1235,2867,0,0,429515594,345912894,0,83602700,1739617,73842435,11499882,538799,1279383,0,0,10759298,45987506,59885308,323642780,57240743,61274668,5824532,9639562,7604980,1796337,46315178,370685,6222594,196289279,35011324,40112743,4292543,20961148,8982868,4616026,104657418,166742,14425503,233226315,79924901,86527971,9068907,26604732,0,16095407,4841043,101303126,4992853,0,597053,-1969,15958870,0,0,0,0,12327166,14859440,959325,3995978,494410,1495964,47895277,29217,1545923,0,0,11250,0,0,0,7876720,5415256,25016758,0,0,0,0,10010846,5599521,17578272,2345062,25244303,7900259,0,1525016,11998150,13574757,4015791,419815,711173,7267,8445904,14788408,0,35327047,1385281,29914095,5641887,87056718,5637606,1702534,120979,79595599,87056718,50,29259575,-17449942,40764530,23709194,70966405,35639358,0,120979,0,120979,0,27363428,0,335,139,628520,74334,702854,361,0,53496,162731,234500,771,48045,82398,40981,49,5549,0,173612,64688,215981,0,83080,14614,76545,0,194523,72928,239042,0,91091,15918,89352,0,2013
106320986,plumas district hospital,01jul2012,30jun2013,365,audited,incl. ind. audit adj.,plumas,1,215,district,general,comparable,rural,(530) 283-2121,1065 bucks lake road,quincy,95971,douglas lafferty,ceo,,plumas hospital district,mariano patacsil,hfs consultants,0,05-0148,,zzr00148f,24,24,4,566,0,188,0,23,55,124,19,70,1045,193,0,61,0,11,27,63,9,35,399,24,0,0,0,0,0,1045,0,0,0,0,0,399,0,0,0,0,0,11.9,11.9,2.6,2.6,2,107,68,11148,0,7223,0,2405,3895,8420,534,1932,35557,4184,31026,0,0,0,1,8351,10700,103,222,68,19,35002985,17328709,0,17674276,386416,19740970,-1680278,548261,52,0,0,-1132069,1668900,13174908,20159177,2478979,0,902072,0,142884,397608,881665,123278,446161,5372647,11901370,0,4352967,0,1207503,2998434,5949078,697309,2523677,29630338,7886679,0,2994011,0,0,879141,1085486,2183327,1364653,0,820587,0,114825,0,0,0,0,6493670,0,2261028,0,471246,2310556,4647416,0,1490360,0,0,29773,6816,511172,0,1653132,6659572,5421669,0,0,0,0,2587737,1195248,1803421,420191,9601442,1750366,3109444,537667,1641748,1043133,786708,86213,171735,175694,836820,8931923,1162994,4929278,1516300,0,0,16540495,3600885,0,3365410,9574200,16540495,2018213,15886402,-9763818,6108326,9142377,16321854,11392576,0,3375409,0,3375409,9999,0,0,184,38,324992,69717,394709,37,0,47334,71202,35744,19896,20599,83952,27287,6764,2248,9966,26663,120796,53580,0,53088,41002,29863,0,32001,141760,71941,0,67805,45546,35656,0,2013
106370977,pomerado hospital,01jul2012,30jun2013,365,audited,incl. ind. audit adj.,san diego,14,1412,district,general,comparable,,(760) 485-6511,15615 pomerado road,poway,92064,"michael h. covert, fache",ceo,www.palomarhealth.org,palomar pomerado health system,scott yasuda,hfs consultants,0,05-0636,hsc30636f,zzt30636f,236,236,209,12823,8598,33806,1209,636,518,8940,23,913,67466,2247,1122,719,429,154,253,2830,6,193,7953,95,12,0,0,129,0,20339,4191,0,0,42936,0,7103,253,0,0,597,0,78.3,78.3,8.5,3.3,0,0,0,21496,7747,1901,4815,1949,3545,24813,84,3955,70305,29473,9824,0,24679,0,4,173580,183300,1392,2067,800,389,570604142,420961834,7262764,156905072,845088,149876644,7873516,3993313,64972,0,0,11801857,135858768,83327515,351417859,124071318,56474991,51094254,12484692,8019220,7691160,87838213,189538,7908546,355771932,55030345,26274124,5807584,13390877,6115883,11497813,84686989,251972,11776623,214832210,140683233,74187618,35938299,20093727,0,13230665,14100981,101612087,18845422,0,1140396,0,1129406,7262764,0,0,0,37866191,15554812,20647889,5710774,752369,4658689,67953004,0,3761344,0,-188308,0,67741,3874184,0,42027398,13624682,35898275,0,0,0,0,27793341,3763938,17714019,9054991,55043219,22162025,5723752,1898694,19832441,22871529,6407658,4317462,1102283,26027,10491554,59531970,0,86171377,16294264,150,111478,162109239,85370171,0,509609,76229459,162109239,4470,70892563,-41863378,99073197,24278374,156891047,70719670,0,509609,0,509609,0,0,79484549,816,363,1557278,174747,1732025,199,0,123067,311425,421202,43944,260836,142171,152247,67307,29828,5251,706065,150576,305882,0,257208,49353,88194,0,790856,168359,338627,0,285313,53150,95720,0,2013
106190630,pomona valley hospital medical center,01jan2013,31dec2013,365,audited,incl. ind. audit adj.,los angeles,11,917,non-profit,general,comparable,,(909) 865-9500,1798 north garey avenue,pomona,91767,richard e yochum,ceo,www.pvhmc.org,pomona valley hospital medical center,anita valoff,pomona valley hospital medical center,0,05-0231,hsc30231f,,399,398,259,16606,12960,31852,14706,1934,381,12032,2380,385,93236,3438,2673,6107,4332,422,92,2839,572,92,20567,399,0,0,0,0,0,93236,0,0,0,0,0,20567,0,0,0,0,0,64,64.2,4.5,4.5,26,435,199,57211,68561,36250,67336,7210,3123,93959,7967,18051,359668,85689,14646,0,259758,2981,11,605033,483278,5799,6578,4384,2340,2749368899,2317722811,42309363,473955451,4036705,463568441,14423715,18396018,19569995,0,0,13249738,718677218,162363218,1868328463,382199919,326836684,531063669,259432369,35302463,6420230,263313226,53765842,9130128,1867464530,152314527,183217395,68128406,152224613,17894653,7937812,242123916,17590739,40472308,881904369,468762852,484251106,457255940,342135243,-10078589,52397313,11360123,350274414,43619605,0,107041525,0,10703279,42309363,0,0,0,65751594,68112336,116100267,69521739,799803,2997919,145106184,0,5565609,0,0,394710,1549532,0,0,111368420,31609365,125684340,14168344,2980263,0,2300825,58429950,19609090,77428427,19989417,177923198,82352999,9225691,9836025,62007912,41310495,22380894,3165715,4446587,404076,50514849,100575842,68595977,119306064,59819341,18105156,636702,367039082,58102118,24139257,28486734,256310973,367039082,24731158,300009420,-236857227,105438256,357672848,495167992,375861928,0,1304195,32405000,33810064,5323330,0,0,2547,872,4764464,599534,5363998,568,18,381728,999910,1399824,57694,327630,1076290,387815,67092,29259,37222,1476972,413247,1021505,39789,810177,431249,367941,203584,1698341,455090,1146937,43655,899657,483500,412505,224313,2013
106541123,porterville state hospital,01jul2012,30jun2013,365,audited,excl. ind. audit adj.,tulare,9,613,state,specialty,state,,(559) 782-2000,26501 avenue 140,porterville,93257,theresa billeci,executive director,,state of california,vu tran,department of developmental services,0,05-0546,,,1306,621,434,862,0,110758,0,0,5320,0,0,46679,163619,2,0,54,0,0,3,0,0,19,78,44,0,0,0,1262,0,1571,0,0,0,162048,0,4,0,0,0,74,0,34.3,72.2,2097.7,392.8,0,0,0,0,0,0,0,0,0,0,0,0,0,0,0,0,0,0,0,0,0,0,0,0,0,159807708,306160,0,159501548,0,159807708,-306160,306160,0,0,0,0,144492056,0,15315652,0,0,0,0,0,0,0,0,0,0,0,0,0,0,0,0,0,0,0,0,262243,0,33975,0,0,0,0,0,0,0,0,0,9942,0,0,0,0,0,0,0,0,0,0,0,0,0,0,0,0,0,0,0,0,0,0,0,0,0,0,0,0,0,0,0,0,0,0,0,0,0,0,0,0,0,0,0,0,0,0,0,0,0,0,0,0,0,0,0,0,0,0,0,0,0,0,0,0,0,0,0,0,0,0,0,0,13,0,0,0,0,0,0,0,0,0,0,0,0,0,0,0,0,0,0,0,0,0,0,0,0,0,0,0,2013
106190631,presbyterian intercommunity hospital,01oct2012,30sep2013,365,audited,excl. ind. audit adj.,los angeles,11,919,non-profit,general,comparable,,(562) 698-0811,12401 e. washington blvd,whittier,90602,james r. west,ceo,http://pihhealth.org/,interhealth corp.,jeannette terrones,presbyterian intercommunity hospita,0,05-0169,hsc30169f,zzt30169f,558,558,250,26236,19809,8602,2229,0,2302,20566,797,9893,90434,4900,4589,1717,516,0,569,4971,208,1805,19275,506,0,0,17,35,0,80725,0,0,2837,6872,0,18387,0,0,219,669,0,44.4,44.4,4.7,4.5,0,0,0,68652,46526,9341,16043,0,20063,118466,13743,17509,310343,71170,18337,51364,162493,0,19,572595,593632,4313,8605,2455,1575,2943918670,2472106507,0,471812163,24435703,461907017,34340849,39068262,0,0,0,73409111,596459340,271254593,2076204737,444074552,469031638,164734559,44269157,0,36050435,391618732,9548295,131503381,1690830749,224883200,326886914,29981526,63451014,0,59649131,440413515,5638726,102183895,1253087921,600230005,714745185,145975070,90630441,0,0,70757849,603508740,12133568,0,15187021,0,218938628,0,0,0,0,68704368,81036050,48560490,17068407,0,24795484,225571323,0,6076041,0,0,664964,35964556,0,0,83814454,38797673,130348486,0,0,155898,1740257,75232746,16260824,96667833,18888846,169642247,71158502,32826234,8495212,60466564,46743930,21497443,5877370,3647239,5447036,36105240,226251000,364149000,376911845,17799155,20572000,28118000,1033801000,84479000,119430000,285005000,544887000,1033801000,459000,179306009,-120491009,306981981,145713055,518197185,141285340,0,0,292945000,292945000,7940000,142481000,0,2582,861,4903294,513336,5416630,245,20,322620,1355272,1360659,45526,352101,871103,372055,178250,31713,13995,1354954,544035,986406,48078,773971,425186,770664,0,1484308,600957,1101752,49528,853808,470125,855538,614,2013
106190468,promise hospital of east los angeles,01jul2012,30jun2013,365,audited,excl. ind. audit adj.,los angeles,11,925,investor,general,comparable,,(562) 531-3110,443 s soto street,los angeles,90033,michael kerr,administrator,www.promiseeastla.com,promise hospital of east los angeles lp,don lee,promise hospital of east los angeles,0,05-2046,hsc30713g,,213,213,174,41626,321,1263,1412,0,1376,3175,0,0,49173,1445,12,33,40,0,38,71,0,0,1639,213,0,0,0,0,0,49173,0,0,0,0,0,1639,0,0,0,0,0,63.2,63.2,30,30,0,0,0,45,0,0,0,0,0,0,0,229,274,0,0,0,274,0,6,33216,0,579,0,0,0,335658395,254601742,0,81056653,920599,82104182,-126930,0,0,0,0,-126930,108848100,0,226810295,284819487,2899814,8154648,11495128,0,9555670,18579391,0,0,335504138,43984,0,0,0,0,0,0,0,110273,154257,212722598,2435844,7205597,9433608,0,0,7139184,14491925,1062713,0,0,0,110273,0,0,0,0,71640612,463970,669051,2061520,0,2319827,3901673,0,0,0,0,0,0,0,0,28017274,0,18392345,0,0,0,0,9385705,2414696,18898870,4995292,33624555,11230612,1378540,579466,9816558,11102833,340943,3674323,247562,3188753,6920037,20052382,0,1741935,0,26685744,0,48480061,105746434,0,0,-57266373,48480061,0,47022837,-28162347,0,3502654,7167345,5425410,0,0,0,0,0,0,87419995,609,259,1135294,146627,1281921,276,0,95581,260233,244960,103148,175681,96151,144748,0,14265,527,618400,0,162844,0,213549,35831,104670,0,697458,0,184085,0,241494,40521,118363,0,2013
106370787,promise hospital of san diego,01jan2013,31dec2013,365,audited,excl. ind. audit adj.,san diego,14,1418,investor,specialty,comparable,,(619) 582-3800,5550 university avenue,san diego,92105-2307,chuck smith,ceo,www. promisesandiego.com,"promise healthcare, inc.",donna talbot,"the talbot group, llc",0,05-2051,hsc30447g,,100,88,47,8858,126,4097,679,1178,356,452,0,0,15746,335,3,176,30,45,13,21,0,0,623,57,43,0,0,0,0,13120,2626,0,0,0,0,428,195,0,0,0,0,43.1,49,25.3,25.3,0,0,0,514,0,1457,136,486,572,84,0,63,3312,0,0,0,2182,0,4,19491,29237,878,1130,0,0,87359411,62405729,0,24953682,70772,31837412,-6812958,0,0,0,0,-6812958,29618046,0,57741365,49530977,520132,18678963,3610775,4533689,2038705,3145298,0,0,82058539,712134,0,2165787,277257,864487,1029635,199725,0,51847,5300872,35026679,381992,16203115,2830184,-1431948,3952619,2067627,2352228,984993,0,0,0,38240,0,0,0,0,14423518,138140,6073583,1016356,1443265,938414,909779,0,10627,0,0,0,0,0,0,8397786,0,7919280,0,0,0,0,4001307,574069,6665462,4279508,14185559,1984399,1410264,408604,3356126,3171163,472096,1964691,197315,3374962,1312233,7213516,0,1843600,462031,441050,0,9960197,79444486,0,33784,-69518073,9960197,0,13968524,-8244099,47203,4367201,5915542,4071942,0,254997,0,254997,221213,441050,69750297,249,97,448177,77390,525567,94,0,51121,109044,134500,18947,44577,37764,44210,0,4494,3520,209601,0,94397,0,75284,15157,53738,0,245087,0,109819,0,94056,17051,59554,0,2013
106190385,providence holy cross medical center,01jan2013,31dec2013,365,audited,incl. ind. audit adj.,los angeles,11,903,non-profit,general,comparable,,(818) 365-8051,15031 rinaldi street,mission hills,91345-1285,"bernie klein, md",administrator,www2.providence.org/california,providence health & services,larry natsume,providence health & services,2,05-0278,hsc30278g,zzt30278g,377,377,243,23210,10486,24963,8276,2602,2045,15356,1564,375,88877,3769,2375,2645,2100,545,456,3805,410,98,16203,316,0,0,13,48,0,70278,0,0,2545,16054,0,15992,0,0,172,39,0,64.59999999999999,64.59999999999999,5.5,4.5,28,5840,2762,10085,6949,7697,29673,3700,3222,15480,11559,781,89146,87867,1091,0,9616,1092,8,558330,211260,4127,2080,0,0,2238855425,1918998242,36553374,356410557,5910671,349188272,13132956,5423060,158682,0,0,18397334,579388386,175648956,1483818083,514102567,254271119,216852327,178712419,59384139,48327889,392072775,41946692,9467735,1715137662,97479725,64778482,38613180,119099223,15259511,16179169,119982576,48958115,3367782,523717763,539367274,286456325,181857150,252083868,-2719302,69959041,55676831,404643180,12272226,0,119401649,0,0,29977202,0,0,6576172,72215018,62570478,62977163,30581425,4684609,8830227,113988343,3,563291,0,-18761926,0,4492062,0,0,69880416,18307687,97623921,9636079,0,0,0,47171595,11821971,68386320,26360283,123093953,37699140,10168914,9058744,41072002,65117100,14178516,3915719,2113254,12203279,30567651,294068518,46883325,206810870,4619,13802077,2034705,563604114,148076194,0,208604154,206923766,563604114,0,180994316,-126647454,224281922,75867394,308998742,102187872,0,1588508,169126825,212530854,3926700,202389980,136818715,1628,631,2995506,488433,3483939,208,0,187930,741691,882206,32309,321175,406309,196717,128627,76380,22162,1137716,207851,752613,0,428256,99767,368925,378,1392306,247641,848471,0,471485,110719,412938,379,2013
106190680,providence little co of mary-san pedro,01jan2013,31dec2013,365,audited,incl. ind. audit adj.,los angeles,11,933,non-profit,general,comparable,,(310) 832-3311,1300 west seventh street,san pedro,90732,carlos priestly,administrator,www2.providence.org/sanpedro,providence health & services,larry natsume,providence health & services,0,05-0078,hsc30078f,,356,356,336,16459,8177,32845,1833,603,1927,6449,437,399,69129,2257,1107,956,590,29,473,1266,109,83,6870,138,25,48,20,125,0,19577,6938,3374,4287,34953,0,5359,549,418,298,246,0,53.2,53.2,10.1,5.2,18,1338,623,19573,5682,3666,13190,801,6204,18514,5368,426,73424,38235,206,0,26058,0,7,254192,126077,904,1501,427,194,773393051,618698234,0,154694817,4165866,147995092,10865591,3326907,0,0,0,14192498,184369114,55591376,533432561,129489137,79874941,240615226,27317232,5737361,17660366,65529538,8166660,2662093,577052554,51996680,21065162,9224496,26408180,3190314,13742873,58891827,10715469,1105496,196340497,143322744,81231673,203303563,42503401,-663515,8716602,24821876,87582594,3449244,0,24430052,0,0,0,0,0,0,38163073,19708430,44985212,7888553,211073,6581363,36838771,0,318342,0,0,0,3326907,0,0,37264392,6722838,34327460,0,0,0,0,22525073,1519626,39535819,6099884,63292500,20056309,1714099,2780523,13978627,23766238,4092793,432644,2062613,1659577,14159169,276569596,48136035,28107780,426410,8972569,360929,362573319,263931051,3873556,27597885,67170827,362573319,137645,37504224,-22286057,54742900,64114273,122571639,94463859,0,0,25786990,27981485,383600,247456864,245336264,893,356,1659779,232120,1891899,131,0,124518,383378,380880,126340,213773,205391,114542,77145,19174,14638,686884,99384,339710,0,271478,43781,218542,0,787623,111679,388393,0,307798,48696,247710,0,2013
106190470,providence little co of mary-torrance,01jan2013,31dec2013,365,audited,excl. ind. audit adj.,los angeles,11,931,non-profit,general,comparable,,(310) 540-6767,4101 torrance blvd,torrance,90503,elizabeth dunne,ceo,lcmhs.org,providence health & services,larry natsume,providence health & services,0,05-0353,hsc30353f,,442,442,255,22777,30304,8482,3348,0,1964,21530,1854,382,90641,5959,4492,2208,996,0,531,5103,507,109,19905,327,0,0,0,115,0,67214,0,0,0,23427,0,17679,0,0,0,2226,0,56.2,56.2,4.6,3.8,26,5641,2449,34260,10093,4187,13561,0,4515,39656,6480,644,113396,68144,0,22433,29267,0,12,604710,369855,4071,4157,1701,969,1804420322,1455952213,0,348468109,7324226,344311078,11481257,5246536,608561,0,0,16119232,348780394,119831620,1335808308,397093466,243225043,123651355,54085772,0,34541304,322932773,32946986,7611770,1216088469,147154862,73395862,19696049,52795989,0,23922427,240076549,27629301,3660814,588331853,458756686,268726062,115740876,99384619,0,0,41904286,399590813,11272584,0,60576287,0,0,0,0,0,0,85491642,47894843,27606528,7497142,0,16559445,163418509,0,0,0,-2030043,0,4820075,0,0,64787719,20619361,110654246,0,0,0,0,38727442,13381817,75453014,20687479,124975812,37438215,6731610,11900962,55445665,55544576,11501633,2808388,3294423,8884421,25785373,646270815,13913070,137677877,8410644,55989205,1765664,864027275,580554056,0,125652967,157820252,864027275,257915,104386127,-66499405,232321923,110730487,383604330,245926453,0,0,131079023,135642601,9989634,645612409,547518948,1694,640,3250802,427645,3678447,445,0,254283,799675,912392,18399,252522,468925,249178,141000,148708,5720,1041713,278122,921206,0,525531,153195,331035,0,1178019,318331,1045912,0,579134,170073,386978,0,2013
106190758,providence saint joseph medical center,01jan2013,31dec2013,365,audited,incl. ind. audit adj.,los angeles,11,907,non-profit,general,comparable,,(818) 843-5111,501 south buena vista street,burbank,91505-4866,michael a. rembis,ceo,www.providence.org,providence health & services,larry natsume,providence health & services,0,05-0235,hsc30235g,zzt40235g,426,372,235,34999,6410,10878,5290,0,1619,17810,1505,396,78907,7599,1446,2461,1189,0,357,3922,360,95,17429,347,0,0,25,54,0,75488,0,0,3419,0,0,17169,0,0,260,0,0,50.7,58.1,4.5,4.5,20,5736,2043,150149,23854,15705,28620,0,11460,122621,11329,2276,366014,65211,4443,36876,263495,200,17,651120,435945,4413,4918,1637,1005,2232786816,1845329594,0,387457222,16010234,401064864,2402592,6602785,2687716,0,0,6317661,477066333,143775486,1611944997,681964437,153310453,195325285,102698648,0,37828667,416076522,34777657,8636850,1630618519,222227810,42113284,27900149,39944672,0,19296337,224687213,22819380,3179452,602168297,790401436,131227905,188657218,124536976,0,0,44296776,496795944,11816302,0,57597037,0,0,0,0,0,0,113790811,64195832,34568216,18106344,0,12828228,143967791,0,0,0,-7348534,0,635006,0,0,66150123,23314233,130287847,8414177,0,1203071,0,57479660,13307864,77043170,23864719,139573452,41475736,5314958,6736385,58517879,79082398,18406433,4107900,5410363,2297058,40142302,764959284,8490515,221177854,0,27860198,457357,1022945208,637311864,0,40107695,345525649,1022945208,0,148806703,-85414547,407217880,199619637,623864111,402686257,0,1986746,32671081,41061524,953829,684745311,597828297,1776,599,3306051,469450,3775501,807,0,262069,827490,954248,22468,198304,459931,267760,232305,71674,9802,954689,315415,954372,13437,544290,113753,389391,20704,1128185,358564,1087967,15215,608522,124477,429937,22634,2013
106190517,providence tarzana medical center,01jan2013,31dec2013,365,audited,excl. ind. audit adj.,los angeles,11,905,non-profit,general,comparable,,(818) 881-0800,18321 clark street,tarzana,91356,dale surowitz,administrator,,providence health & services,larry natsume,providence health & services,0,05-0761,hsc31408l,,249,249,173,31489,2971,4791,4829,0,822,15222,163,638,60925,5525,640,1203,1404,0,145,4238,58,221,13434,249,0,0,0,0,0,60925,0,0,0,0,0,13434,0,0,0,0,0,67,67,4.5,4.5,6,5493,2270,16841,2097,1372,3881,0,1022,17092,1203,213,43721,35273,5315,0,7346,41,10,598088,480704,2742,3507,1543,991,1390589393,1155264926,824660,236149127,3887283,232332198,7704212,1097735,603490,0,0,8198457,327595433,51989269,1011004691,552923520,59162123,85170773,57815233,0,30839607,268635307,10058967,5058880,1069664410,123632531,15395826,10059101,28493750,0,7498848,125441963,8836492,1566472,320924983,592487448,42740814,83715479,79725834,0,0,29353433,301721107,6625352,0,18895459,0,0,0,781183,0,43477,84068603,31817135,11514395,7364332,0,8985022,92399640,0,0,0,0,0,150696,0,0,49572314,10081925,81482317,184468,0,0,0,31467368,7663966,42330217,9549623,97425992,15909388,2595331,4185564,40182257,39278597,7033780,2088726,1131198,5589968,16911397,96273927,80273,105945321,3721206,333967,1220077,207574771,140222787,4867154,111881932,-49397102,207574771,0,93336702,-54083523,35619791,34706198,135325989,29380668,0,0,114279502,117845368,5963436,46269025,106591184,1032,458,1931637,279910,2211547,776,0,96156,476047,765409,30480,123983,240344,56858,76506,32808,33046,732433,131870,558652,0,210518,87220,210944,0,841120,151821,641479,0,242302,95717,239108,0,2013
106281047,queen of the valley hospital,01jul2012,30jun2013,365,audited,incl. ind. audit adj.,napa,3,407,non-profit,general,comparable,,(707) 252-4411,1000 trancas street,napa,94558,walt mickens,ceo,,queen of the valley medical center,jason jasinski,"toyon associates, inc.",3,05-0009,,zzr00009f,191,191,99,17690,2037,2863,3297,1344,559,6082,103,574,34549,3557,479,564,759,293,153,1656,18,172,7651,177,0,0,14,0,0,32253,0,0,2296,0,0,7423,0,0,228,0,0,49.6,49.6,4.5,4.5,6,1376,655,65812,5295,9592,13614,3984,40577,48868,689,7142,195573,30751,27359,0,138029,768,7,321211,249852,2304,4058,584,230,1183094582,941726206,7993307,249361683,8218045,254397070,3182658,13394467,3079617,0,0,13497508,180284103,115077565,887732914,342424599,48276497,38664680,53098933,25855746,13201869,125651809,2250481,13642241,663066855,183926432,26056325,12842698,44614516,16315877,23562330,187085936,2312074,23311539,520027727,451524648,62223578,41687241,86227960,0,38395865,25147280,206764076,11997121,0,13079629,0,4678808,0,7993307,0,0,73894482,12109244,9009191,19326889,3623851,11616919,105973669,0,13807438,0,-3889160,0,12514932,0,0,41051423,16332698,83074777,1261940,0,0,0,31600153,8589612,62763045,9723422,84766749,51026878,7797764,4813955,30964220,31898208,17486605,1370243,873832,3893708,19504908,131913330,5000,96106899,108210959,98407045,0,434643233,28315375,0,147210645,259117213,434643233,13421911,110460875,-70114919,136008069,143932263,287120331,191013432,2050000,0,145994316,148044316,833671,0,0,1000,356,1859471,282666,2142137,183,0,152983,479218,559294,9428,148188,303834,131858,12926,23734,38008,454895,124092,551034,0,269375,118997,341078,0,531732,141521,638794,0,307787,134324,387979,0,2013
106370673,rady children's hospital - san diego,01jul2012,30jun2013,365,audited,incl. ind. audit adj.,san diego,14,1416,non-profit,childrens,comparable,teaching,(858) 576-1700,3020 children's way,san diego,92123,kathleen a. sellick,ceo,www.rchsd.org,rady children's hospital-san diego,jaycee lin,"essential consulting, llc",2,05-3303,hsc30271f,zzt30271f,520,382,301,284,0,54764,5432,2829,3492,31801,954,373,99929,55,0,6953,2552,463,685,6576,196,150,17630,453,24,0,0,43,0,81995,3705,0,0,14229,0,16960,644,0,0,26,0,52.6,71.7,5.7,4.9,0,0,0,2576,0,77079,98330,207,18267,83804,620,8836,289719,118549,67754,3462,92604,0,16,1159200,1171200,6066,14601,0,0,1614701607,1053300122,41290677,602692162,62693275,569763380,95622057,195313698,130357565,0,0,160578190,465550448,137563914,1011587245,4089612,0,518262834,54317069,6883051,51549795,377914056,11222468,1890368,1026129253,4837641,0,166104074,143129317,68838,30955849,229370973,1264402,12841260,588572354,7834071,0,459227720,178759264,-7618739,970072,55854612,326356283,13994421,0,12486870,0,5435548,0,16287259,0,25003418,1093182,0,232757927,34974381,5981817,22732594,303553112,0,1599149,0,0,900568,83207292,0,0,116457806,41366684,121037095,0,0,11088630,1016439,104735220,26492679,83563612,64005215,227572780,55937141,0,24666656,82880116,74193709,39130164,4965253,2549481,18465442,39402638,680903816,71581650,472039941,14715036,90680265,5524585,1335445293,167030334,350059,472828320,695236580,1335445293,32365887,219786168,-121187508,542809071,183625103,755024016,282984075,5132328,0,405605442,478877088,6048768,0,0,3137,786,5614664,1034641,6649305,470,92,396410,1688849,1338801,33948,137523,1102070,320288,472708,124067,0,1489613,493320,936020,130232,897778,467642,446938,753121,1718682,595171,1096758,146287,1087004,535999,512510,956894,2013
106361308,redlands community hospital,01oct2012,30sep2013,365,audited,incl. ind. audit adj.,san bernardino,12,1209,non-profit,general,comparable,,(909) 335-5500,350 terracina blvd,redlands,92373,james holmes,president/ceo,,redlands community hospital,rakesh nowrangi,redlands community hospital,0,05-0272,hsc30272f,,229,229,195,8784,14717,5413,3894,673,340,14210,252,158,48441,2020,3413,1381,993,172,130,4073,91,57,12330,195,18,0,0,16,0,41419,3681,0,0,3341,0,10706,1062,0,0,562,0,58,58,3.9,3.8,24,4719,2376,31710,38546,9169,15124,1174,1722,38631,3293,14091,153460,51560,8032,27161,49664,9530,14,229820,244584,3160,3363,1811,771,884767117,751342824,140394959,273819252,2207448,269930987,6095713,4598017,0,0,0,10693730,169306230,111344332,604116555,104115723,178672887,45114649,32449897,5611931,6020258,140820231,4846393,2832529,520484498,59722891,93945771,9935801,29690653,2446620,5921393,139480575,7449691,15689224,364282619,135157499,259581963,35398973,48511710,0,7984128,7206529,223207803,22114456,0,12179763,0,0,85652287,0,0,54742672,28261981,98149393,19181251,13546268,71903,4054905,108276262,116321,2160968,0,0,3102698,270684,0,0,35623471,20290711,71281499,40393842,26233712,0,0,29654851,4613579,34317998,7521324,80622243,29807587,2078394,3901577,41455488,79433727,8318346,1130097,2271353,2169260,18742915,26994169,108087696,99977165,14333971,989323,2580240,252962564,62284832,0,52262593,138415139,252962564,460931,43389390,-27802672,142620958,87101198,234166568,134189403,0,742906,7868161,55963532,3700939,128417,0,1401,506,2534364,407458,2941822,276,0,141912,777752,795306,60594,183224,362900,183961,0,14127,14588,701451,405159,660518,0,405812,105054,256370,0,811505,454633,805792,0,459906,119654,290332,0,2013
106121051,redwood memorial hospital,01jul2012,30jun2013,365,audited,incl. ind. audit adj.,humboldt,1,107,non-profit,general,comparable,rural,(707) 725-3361,3300 renner avenue,fortuna,95540,joe mark,ceo,www.stjosepheureka.org,st. joseph health,jeff clark,"steve clark & associates, inc.",0,05-0172,,zzr00172f,35,25,25,2936,0,1180,0,218,50,504,120,321,5329,783,0,444,0,52,13,186,44,90,1612,35,0,0,0,0,0,5329,0,0,0,0,0,1612,0,0,0,0,0,41.7,58.4,3.3,3.3,8,622,381,16098,0,8333,0,1697,1471,10147,12,3238,40996,12443,0,0,27017,0,4,53642,113297,417,2306,312,82,154380362,112145403,0,42234959,987533,36763343,6459149,3167350,753570,0,0,8872929,24200938,29966288,100213136,30187661,0,13061237,0,3247666,809159,10132287,2768970,4348591,64555571,38487506,0,16633841,0,4481607,3046577,22305696,59049,4810515,89824791,52234526,0,18969820,0,-222510,6843528,3298918,18616165,5370898,0,3752280,0,3281778,0,0,0,0,16440641,0,10101427,0,807825,556818,13821818,0,506430,0,0,136358,2955657,0,0,6134837,4430934,12021411,0,0,0,0,4940813,1113877,7110204,1011267,12459728,6885553,2838474,1465343,4373143,5315081,1614693,272415,223989,315665,999259,32164379,23545084,6256173,4050156,0,24732,66040524,8346312,0,1837873,55856339,66040524,23894211,20016838,-14671918,11670882,14445399,26586510,20330337,0,0,1906902,1906902,69029,371189,0,185,59,352701,44879,397580,41,0,64919,68534,92666,3005,17718,44978,31729,16106,8877,4169,77848,31863,101597,0,60461,15833,48267,16832,90504,34679,116000,0,67360,17938,52945,18154,2013
106430705,regional medical center of san jose,01jan2013,31dec2013,365,audited,incl. ind. audit adj.,santa clara,7,431,investor,general,comparable,,(408) 259-5000,225 north jackson avenue,san jose,95116,michael johnson,administrator,regionalmedicalsanjose.com,hca,william fretwell,hospital management services,2,05-0125,hsc00125f,,282,282,177,33121,4167,7642,5286,0,919,6963,1827,3413,63338,5593,868,1000,1404,0,176,1728,378,808,11955,282,0,0,0,0,0,63338,0,0,0,0,0,11955,0,0,0,0,0,61.5,61.5,5.3,5.3,0,748,342,27511,3102,7341,21354,0,1293,15359,1500,14990,92450,66213,0,0,33902,0,5,347554,188367,2733,2976,263,111,2501254796,2127857060,0,373397736,1123075,350475481,24045330,1438584,0,0,0,25483914,562661009,234538787,1704055000,887524128,135867196,208965038,160618076,0,21956417,277465132,47900958,150444186,1890741131,191332062,30415857,42872428,112586665,0,8239721,116217103,11754177,97095652,610513665,953329129,150371300,206296096,248204370,0,0,7505696,245350410,30786133,0,59655135,0,226358791,0,0,0,0,124363329,15826840,45541370,24514016,0,20561217,141736016,0,854948,0,0,0,1438584,0,0,86512632,29042016,85943462,0,0,0,0,35109139,13618918,68159322,32089992,115339721,62659110,11909197,12354928,35952558,43046923,17268436,1331475,1432013,13832349,35348771,68139114,0,286290411,5479635,22721517,20627222,403257899,59984693,0,366073919,-22800713,403257899,45080,129868183,-69495461,176515265,215176903,410564714,124274303,0,0,0,366073919,0,0,366026904,1053,607,2029413,251251,2280664,459,0,122539,340851,850617,2874,324051,84087,152066,62071,84741,5516,794005,192727,559977,0,275355,13589,193760,0,900071,216022,635228,0,304717,15173,209453,0,2013
106190930,resnick neuropsychiatric hospital at ucla,01jul2012,30jun2013,365,audited,incl. ind. audit adj.,los angeles,11,927,non-profit,psychiatric,comparable,,(310) 825-9111,150 ucla medical plaza,los angeles,90095-7400,david t. feinberg,ceo,www.mednet.ucla.edu,regents of the university of california,derek wong,"toyon associates, inc",0,05-4009,hsw34009f,zzt34009f,74,74,74,5136,771,2603,20,0,0,11622,3369,1424,24945,402,60,218,2,0,0,939,271,113,2005,0,74,0,0,0,0,0,24945,0,0,0,0,0,2005,0,0,0,0,92.40000000000001,92.40000000000001,12.4,12.4,0,0,0,818,152,10,5,0,0,14736,0,386,16107,0,4100,0,0,0,0,0,0,0,0,0,0,93853404,41765560,0,52087844,1897823,49467385,4518282,645471,0,0,0,5163753,74844284,10858021,8151099,17693589,2617797,8205588,62488,0,0,37574367,10106955,4663723,80924507,1072333,112913,3803,1630,0,0,11554417,0,183801,12928897,8346588,935861,6317838,0,0,0,0,17218358,5365219,0,0,0,3581696,0,0,0,0,10162796,1792982,1891553,64118,0,0,27211555,10106955,857885,0,-2407813,0,645471,0,0,21737907,2995172,2091937,0,0,0,2015033,5726029,885542,13366256,649509,26633644,13680951,0,1115117,373154,5368993,512359,63429,171585,0,1548153,27914817,0,6927353,2379102,0,0,37221272,13390940,0,2103597,21726735,37221272,20474582,10773975,-3376316,17762665,1214778,18977443,12050090,0,0,2930415,2930415,826818,0,0,324,157,597409,82966,680375,182,63,64290,109131,236955,13323,72073,36657,29238,28250,3228,4264,340359,62178,14788,3230,78879,0,97975,0,388103,69836,17079,3487,90672,0,111198,0,2013
106454068,restpadd psychiatric health facility,01jan2013,31dec2013,365,audited,excl. ind. audit adj.,shasta,1,209,investor,psychiatric,phf,,(530) 262-6700,2750 eureka way,redding,96001,carl womack,administrator,www.restpadd.com,dr. o. nwangburuka,carl womack,"restpadd, inc.",0,,,,16,16,16,0,0,0,0,0,2422,0,0,0,2422,0,0,0,0,0,336,0,0,0,336,0,16,0,0,0,0,0,2422,0,0,0,0,0,336,0,0,0,0,41.5,41.5,7.2,7.2,0,0,0,0,0,0,0,0,0,0,0,0,0,0,0,0,0,0,0,0,0,0,0,0,0,2280346,0,0,2280346,0,2613016,-332670,0,0,0,0,-332670,2007355,0,272991,0,0,0,0,0,0,0,0,0,0,0,0,0,0,0,0,0,0,0,0,0,0,0,0,0,0,0,0,0,0,0,0,0,0,0,0,0,0,0,0,0,0,0,0,0,0,0,0,0,0,0,0,0,0,0,0,0,0,0,0,0,0,0,0,0,0,0,0,0,0,0,0,0,0,504506,0,252984,0,5875,24685,788050,250045,0,826148,-288143,788050,34506,480000,-10000,0,200641,290139,37155,0,0,0,946148,120000,0,0,0,0,0,0,0,3,0,0,0,0,0,0,0,0,0,0,0,0,0,0,0,0,0,0,0,0,0,0,0,0,0,0,0,2013
106580996,rideout memorial hospital,01jul2012,30jun2013,365,audited,incl. ind. audit adj.,yuba,2,227,non-profit,general,comparable,,(530) 749-4545,726 fourth street,marysville,95901,theresa hamilton,ceo,www.frhg.org,fremont rideout health group,dustin quan,"toyon associates, inc.",3,05-0133,,zzr00133f,233,236,146,27019,416,11678,50,1926,6248,964,118,2684,51103,6093,94,3241,14,399,1692,261,28,634,12456,233,0,0,0,0,0,51103,0,0,0,0,0,12456,0,0,0,0,0,60.1,59.3,4.1,4.1,14,3512,1818,61770,206,27796,374,6250,27208,2993,0,7276,133873,52553,5945,0,86713,0,8,294069,307522,2427,6109,1457,584,1009616943,710981580,0,298635363,2791378,288035545,13391196,15951790,267413,0,0,29075573,189980834,76500367,743135742,330102064,5090244,130921473,553468,27637307,86710151,13399236,1637425,38565340,634616708,159230601,691402,79513770,1071788,17302196,89542551,9849781,0,17798146,375000235,396059744,833278,131526974,744287,-2413951,35747212,90243030,9506273,33536575,0,12309333,0,2888825,0,0,0,0,93272921,4948368,81322220,880969,9192291,75337764,13742744,0,19938086,0,0,26959,15472217,0,0,48033418,25039434,110106025,0,0,0,0,36772822,7964623,52784724,7334499,75672698,40312535,18956657,18034199,43656153,44939066,8741242,8842262,1976395,1859914,25044424,112596190,192023437,57347531,106442336,60402754,755047,529567295,52052612,0,140658254,336856429,529567295,46856101,153766654,-117950896,102578994,111279400,230385864,173038333,0,0,137863126,142983604,2325350,0,0,1177,457,2374306,289492,2663798,218,0,196251,527245,635777,2200,132196,426519,126119,111884,181376,34739,724347,236307,769308,0,250731,152364,241249,0,809720,261211,865557,0,281082,173233,272995,0,2013
106150782,ridgecrest regional hospital,01jan2013,31dec2013,365,audited,incl. ind. audit adj.,kern,9,621,non-profit,general,comparable,rural,(760) 499-3902,1081 n. china lake blvd,ridgecrest,93555,jim suver,ceo,www.rrh.org,ridgecrest regional hospital,"rodney a. phillips, cpa","rodney a. phillips, cpa",0,05-1333,,zzt30448f,51,51,51,8223,0,930,133,0,2249,0,504,0,12039,1069,0,269,42,0,563,0,122,0,2065,25,0,0,0,26,0,6580,0,0,0,5459,0,1857,0,0,0,208,0,64.7,64.7,5.8,3.5,4,913,435,45431,0,22750,2466,0,59650,0,6657,0,136954,18250,55286,8670,49711,0,4,47790,167490,531,4219,306,150,198745854,117130636,0,81615218,844486,79898142,2561562,971042,437425,0,0,3095179,19933244,36376250,142436360,40975105,0,10539284,1167393,0,19063580,0,5232172,0,76977534,41692895,0,18904113,1981084,0,51287731,0,7902497,0,121768320,55562368,0,20866589,1505294,0,0,25465330,0,8779001,0,3838630,-5610,1119034,0,0,0,0,27105632,0,8576808,1643183,0,43359309,0,930286,0,0,0,70788,308122,0,0,9120563,17568038,24302084,0,0,0,0,10331049,2830252,7205505,8540651,27874806,9161990,8684277,3294975,9524413,6436901,6544260,200095,570398,3463797,4142230,25464820,18306988,86419435,1228076,0,1261943,132681262,12002207,0,65115000,55564055,132681262,2149292,40778472,-25971235,99862357,30529500,132906321,46486886,0,0,66720000,66720000,1605000,0,0,488,145,940506,114227,1054733,31,0,74057,208934,154228,55954,63371,205026,80864,57961,28029,12082,185307,202012,230445,0,160652,75800,83107,3183,207411,225816,258001,0,180117,85402,94645,3341,2013
106331312,riverside community hospital,01jan2013,31dec2013,365,in process,excl. ind. audit adj.,riverside,12,1111,investor,general,comparable,,(951) 788-3000,4445 magnolia ave,riverside,92501,patrick brilliant,president/ceo,,hca,dorothy klepp,riverside community hospital,2,05-0022,hsc30022g,,373,373,284,29694,20879,15230,12876,2452,2305,17527,757,3345,105065,4813,4383,2653,3289,499,511,5072,161,972,22353,373,0,0,0,0,0,105065,0,0,0,0,0,22353,0,0,0,0,0,77.2,77.2,4.7,4.7,21,5544,3575,36000,25313,18464,15610,2973,2701,21343,918,4056,127378,113525,0,0,26059,0,11,651073,259792,4745,2814,2577,1352,2754638555,2296504521,0,458134034,5199907,400944979,62388962,25512114,0,0,0,87901076,525729653,312609212,1916299690,536642453,454488793,221645820,218956023,50382940,50921826,375862931,15938858,68677768,1993517412,134977446,134394849,35157371,125244928,14666033,21482497,190819031,11967994,92410994,761121143,569154164,507065635,202826489,308984133,0,62840188,54054982,418432670,26911880,0,26289346,0,119945034,0,0,0,0,102465735,81818007,53976702,35216818,2208785,18349341,148249292,1617506,14231848,0,0,0,25512114,0,0,91000178,25731532,135337878,0,0,0,0,44957271,10853342,84289075,8775703,125098258,55986386,12470194,15602814,68849754,66242387,10130514,3610629,5441938,0,37512105,650071609,0,66437640,1587203,121556,7601541,725819549,29221605,0,633909,695964035,725819549,0,147726498,-74074035,40322574,120265340,165250062,98812422,0,1233368,0,1233368,599459,565958200,0,1588,942,3187323,340212,3527535,355,0,159432,392631,1300332,6184,559935,242552,258414,43963,93443,130437,1258535,238998,911696,0,543867,12161,222066,0,1409082,261009,1012579,0,589677,13728,241460,0,2013
106334487,riverside county regional medical center,01jul2012,30jun2013,365,audited,excl. ind. audit adj.,riverside,12,1109,city/county,general,comparable,teaching,(951) 486-4000,26520 cactus ave,moreno valley,92555-3911,douglas bagley,administrator,www.rcrmc.org,county of riverside,kathleen a karhu,riverside county regional med center,2,05-0292,hsc30292t,zzt30292t,439,439,439,9570,3910,23581,16271,31424,25865,245,7473,1603,119942,1453,770,3761,3504,6513,4205,75,1752,117,22150,362,77,0,0,0,0,95675,24267,0,0,0,0,17458,4692,0,0,0,0,74.90000000000001,74.90000000000001,5.4,5.4,32,4657,2116,9533,1740,35421,49918,131846,25571,1031,24743,6318,286121,101951,108650,0,86803,19,10,634838,296702,4353,3727,1686,750,1513238873,1158360443,0,354878430,97563228,466103520,-13661862,43372421,35577,0,0,29674982,382151494,114619889,1016467490,114342668,50488886,246795612,169775316,251918914,201424726,7370513,75793050,14864969,1132774654,21376307,4770076,65538216,54695013,140553720,46142407,2464503,36998990,7924987,380464219,106234198,45106018,255875540,165010650,-65691550,351727502,164631131,3049490,19625424,0,112792040,0,0,0,0,0,0,29484777,10152944,122149838,59459679,40745132,82936002,6785526,0,3164532,41486277,0,0,0,0,42900265,102282796,60365474,131234101,149587,0,0,9081705,75319376,17758550,45520055,24391876,188192272,65669730,25991690,25964443,82006385,29935003,9275525,3872494,4696623,13206002,17293353,192063828,53609494,127087526,58231291,0,0,430992139,171230545,0,203413377,56348217,430992139,0,1039530664,-983119788,171437754,56294727,247420305,120332779,0,7223215,142679688,217889092,14475715,0,0,3278,1163,6444409,718695,7163104,562,121,339870,1106016,1617887,175653,313413,1919824,331272,296579,312304,31591,2013729,1136001,970803,178930,1194230,341854,608862,0,2196176,1242245,1094921,197752,1345337,389536,697137,0,2013
106190796,ronald reagan ucla medical center,01jul2012,30jun2013,365,audited,incl. ind. audit adj.,los angeles,11,927,non-profit,general,comparable,teaching,(310) 825-5041,10833 le conte ave.,los angeles,90095,"david feinberg, m.d.",ceo,www.mednet.ucla.edu,regents of the university of california,daniel foushee,"toyon associates, inc.",1,05-0262,,zzt30262f,466,462,462,46013,10095,32154,4086,7,1047,66035,407,4024,163868,6406,1306,3506,560,4,212,10221,94,745,23054,466,0,0,0,0,0,163868,0,0,0,0,0,23054,0,0,0,0,0,96.3,97.2,7.1,7.1,10,3468,1699,151410,30577,33622,5712,130,3949,287272,5,29821,542498,44398,490719,0,0,0,43,2412525,1286650,9906,15990,1271,646,3406552690,2030721646,10995900,1386826944,121321247,1457439494,50708697,24693347,3087964,0,0,72314080,1199150111,130162001,2077240578,706788659,114373687,393619255,81326213,86130,17081795,988339406,6728436,85262547,2393606128,302274522,40891864,64731465,15116023,111921,10685690,519747183,3120173,56267721,1012946562,686733450,104540817,330606573,47866550,0,142948,13769583,709366339,35602378,0,12178757,0,89914251,974945,622664,0,9398291,320992128,51598530,123719601,48932042,55103,12653757,789825560,4,39050219,0,0,0,24670329,0,0,249811133,52163371,573044099,0,0,0,11698130,226412683,40816958,227190484,76302636,534610397,259561167,32235279,44379330,244518766,153645493,81323948,23489459,7763671,33347028,42564956,1173899330,3176428,1183693721,36075791,256405222,0,2653250492,335496202,0,1623090615,694663675,2653250492,655109670,317745238,-54250389,1180371970,502693862,1702682740,518989019,0,567454697,672466327,1635259662,12169047,139945382,183020000,6268,2047,11573161,1613046,13186207,1506,641,919163,3831286,3169883,217677,798045,1229823,464176,793807,72574,76727,3030379,841869,3692577,16370,2378571,609154,1004241,0,3533403,904206,4248102,18899,2652608,692142,1136847,0,2013
106344011,sacramento county mental health center,01jul2012,30jun2013,365,audited,excl. ind. audit adj.,sacramento,2,311,city/county,psychiatric,phf,,(916) 875-1000,2150 stockton boulevard,sacramento,95817,"anthony madriaga, mft",ceo,www.sacounty.net,county of sacramento,debbie wing,sacramento county mental health treatment center,0,,,,50,50,50,0,0,0,0,15372,0,0,0,0,15372,0,0,0,0,1222,0,0,0,0,1222,0,50,0,0,0,0,0,15372,0,0,0,0,0,1222,0,0,0,0,84.2,84.2,12.6,12.6,0,0,0,0,0,0,0,0,0,0,0,0,0,0,0,0,0,0,0,0,0,0,0,0,0,41110856,0,0,41110856,0,41110865,-9,0,0,0,0,-9,41110856,0,0,0,0,0,0,0,0,0,0,0,0,0,0,0,0,0,0,0,0,0,0,0,0,0,0,0,0,0,0,0,0,0,0,0,0,0,0,0,0,0,0,0,0,0,0,0,0,0,0,0,0,0,0,0,0,0,0,0,0,0,0,0,0,0,0,0,0,0,0,0,0,0,0,0,0,0,0,0,0,0,0,0,0,0,0,0,0,0,0,0,0,0,0,0,0,0,0,0,0,0,0,0,0,0,0,0,6,6,0,0,0,0,0,0,0,0,0,0,0,0,0,0,0,0,0,0,0,0,0,0,0,0,0,0,2013
106301317,saddleback memorial medical center,01jul2012,30jun2013,365,audited,incl. ind. audit adj.,orange,13,1017,non-profit,general,comparable,,(949) 837-4500,24451 health center drive,laguna hills,92653,stephen b. giedt,ceo,www.memorialcare.org,memorial health services,richard macintosh,memorial health services,0,05-0603,,zzt30603f,325,325,181,17957,16528,1217,886,1209,936,19748,347,1125,59953,4441,4135,271,214,297,274,5527,101,326,15586,325,0,0,0,0,0,59953,0,0,0,0,0,15586,0,0,0,0,0,50.5,50.5,3.8,3.8,24,5863,2410,110946,47671,1054,4037,1914,23643,94606,855,12072,296798,49966,18674,58697,144048,17890,13,1051764,562791,3462,3065,1749,819,1292984801,978553339,54953537,369384999,2353047,337573656,34164390,12195907,8688448,0,0,37671849,304123889,112597286,876263626,254475606,259463092,14588230,14269908,15774464,9963780,264364516,4505016,11447322,848851934,116481627,109913216,2616320,9041747,7196345,12921852,172255326,1458994,12247440,444132867,299065723,324887513,12378490,12746775,0,20876883,17511125,247470293,33306222,0,6214236,-70267,4166346,54953537,0,0,0,69479435,94498294,4824991,10179579,2092458,5138258,180728687,434735,2008562,0,0,926208,122145,0,0,55719599,26319185,108720866,12988173,11552077,194865,211985,50159273,13656464,47628581,10422588,114317518,47251494,5237776,2530704,54300778,66946218,14931090,6487426,1253675,222,24316755,325819313,0,78495853,18001085,0,0,422316251,58686955,15758339,0,347870957,422316251,60745,189147242,-139730327,115790675,125223316,254086286,175590433,0,0,0,0,0,268738846,0,1793,603,3397339,378108,3775447,1049,1,184886,778891,1001640,15539,209886,592518,278109,288933,28107,18830,921059,410138,867067,1514,534583,164210,290066,208702,1023735,453623,961903,1664,591898,183137,324646,234841,2013
106270875,salinas valley memorial hospital,01jul2012,30jun2013,365,audited,incl. ind. audit adj.,monterey,8,705,district,general,comparable,,(831) 757-4333,450 e. romie lane,salinas,93901,pete delgado,ceo,www.svmh.com,salinas valley memorial hospital district,kelly pavlovsky,salinas valley memorial healthcare system,0,05-0334,hsc00334f,zzr00334f,269,251,124,23169,51,2953,5448,40,1323,10918,431,1127,45460,4445,32,676,1530,7,469,2868,79,208,10314,269,0,0,0,0,0,45460,0,0,0,0,0,10314,0,0,0,0,0,46.3,49.6,4.4,4.4,0,3049,1640,31606,93,4572,22178,99,5676,27844,1515,3944,97527,45006,8961,0,46635,0,9,398384,169105,3401,2369,1207,583,897401147,571440202,0,325960945,5098435,308947326,22112054,5609286,179759,0,0,27541581,194277194,84987560,618136393,310266124,782082,38274166,63949272,797930,20931776,154879090,5900737,15440583,611221760,96975023,279335,13344901,55594728,193828,17278578,88381115,3924089,10207790,286179387,330538484,903129,44365643,97832514,0,137978,13115578,60344335,14377715,0,9824826,0,0,0,0,0,0,76702663,158288,7253424,21711486,853780,25094776,182915870,0,11270658,0,0,2014373,-54925,3649838,0,72128785,22107448,97619958,0,0,261657,0,57745494,11676189,33395126,14012669,119447525,72239724,12757593,9981501,38849591,21588806,22100232,3276021,1286835,0,7419498,101270215,35158661,233550028,52350518,15090160,532173,437951755,45669344,0,20189021,372093390,437951755,47339387,50202628,-7669907,308350467,132987525,465801644,232251616,0,0,0,27012051,6823030,0,0,1305,457,2285865,460211,2746076,205,0,56323,623010,708212,8735,207541,407422,208571,35185,25820,5046,638105,153568,562933,2025,550537,151340,227357,0,770553,181777,674079,2238,657724,183248,276457,0,2013
106361318,san antonio community hospital,01jan2013,31dec2013,365,audited,incl. ind. audit adj.,san bernardino,12,1207,non-profit,general,comparable,,(909) 985-2811,999 san bernardino road,upland,91786-4920,harris koenig,president,sach.org,san antonio community hospital,teresa vega,san antonio community hospital,0,05-0099,hsc30099f,zzt30099f,279,279,168,14698,8707,2825,2575,0,1297,20942,287,2174,53505,4291,2467,763,754,0,411,6439,86,577,15788,279,0,0,0,0,0,53505,0,0,0,0,0,15788,0,0,0,0,0,52.5,52.5,3.4,3.4,0,0,0,43331,23217,6076,19180,0,7835,102240,974,20670,223523,76690,12733,0,137855,0,9,551307,316392,4029,3983,1362,803,1221434544,970838182,730134,251326496,2800354,267945613,-13818763,10122455,844530,0,0,-4540838,225949731,144662654,850822159,194158039,128297588,33607271,32911648,0,16086776,267953963,4124226,32743448,709882959,105189569,61991320,13269253,32405423,0,15094732,246404260,2730260,34466768,511551585,256624246,155150454,27873698,56406108,0,0,22926771,375616563,40433582,0,1191534,0,34615226,0,0,0,730134,41990805,34934944,17438033,8857027,0,7856918,132405799,0,7842970,0,0,0,3563283,0,0,48828378,17738891,102749366,0,0,0,0,44930967,10065814,34973748,8658449,95006234,44556229,1764188,8769897,54685924,23193829,12187380,3537371,3436914,882371,19925276,107382030,197793609,70825634,140063010,49547819,0,565612102,60974892,15591195,117069536,371976479,565612102,11746498,68402446,-26175000,123024957,149073023,295851017,225025383,0,0,118914536,118914536,1845000,5866070,0,1589,567,2893905,457635,3351540,619,0,175671,670253,902736,20218,250507,529069,298655,0,6329,40467,843808,267544,778247,0,589106,225933,189267,0,999953,315612,897584,0,664930,260237,213224,0,2013
106374055,san diego county psychiatric hospital,01jul2012,30jun2013,365,audited,excl. ind. audit adj.,san diego,14,1418,city/county,psychiatric,ltc emphasis,,(619) 692-8200,3853 rosecrans street,san diego,92110,izabela karmach,administrator,http://www.sdcounty.ca.gov/hhsa/facilities/north_central/psy,county of san diego,catherine derock,hfs consultants,0,05-4114,,hsp34114f,301,301,252,729,0,71106,0,11319,76,0,0,326,83556,114,0,383,0,1849,13,0,0,0,2359,0,109,0,0,192,0,0,14364,0,0,69192,0,0,2320,0,0,39,0,76.09999999999999,76.09999999999999,35.4,6.2,0,0,0,210,0,7434,0,14462,204,0,0,0,22310,22310,0,0,0,0,0,0,0,0,0,0,0,53560977,20165855,0,33395122,191640,70323744,-36736982,36736982,0,0,0,0,40541701,8357738,4661538,1106149,0,30422309,0,11483755,180204,0,0,1644864,44837281,104008,0,2899385,0,5640653,79650,0,0,0,8723696,811679,0,4429973,0,0,14789334,134869,0,0,0,0,0,0,0,0,0,0,398478,0,28891721,0,2335074,124985,0,0,1644864,0,0,0,0,0,36736982,32626161,6519721,3407797,0,0,0,0,14484679,1437481,11461652,386253,27930825,11983252,0,7664621,4834900,4053034,348630,148436,37623,0,13322423,9644082,0,152278559,0,5072063,0,166994704,93059,0,0,166901645,166994704,0,9551023,0,152767237,6689536,169240408,16961849,0,0,0,0,0,0,0,470,280,989048,149660,1138708,45,0,60804,74819,130724,69671,271577,65411,114134,41133,110280,50495,632223,67244,6991,0,178759,22549,81282,0,728731,69836,8455,0,209358,27181,95147,0,2013
106190673,san dimas community hospital,01jan2013,31dec2013,365,audited,excl. ind. audit adj.,los angeles,11,917,investor,general,comparable,,(909) 599-6811,1350 west covina blvd,san dimas,91773,gregory brentano,ceo,sandimashospital.com,prime healthcare services,jeff brown,hospital management services,0,05-0588,hsc30588g,,101,101,38,5653,1946,1130,922,279,966,2525,0,415,13836,1210,773,206,274,84,317,1038,0,171,4073,101,0,0,0,0,0,13836,0,0,0,0,0,4073,0,0,0,0,0,37.5,37.5,3.4,3.4,12,825,413,2392,2403,801,3035,413,2402,7450,0,2306,21202,15343,0,0,8146,0,4,102679,81181,973,954,253,157,258080668,196626777,0,61453891,439988,57663794,4230085,1821798,475526,0,0,5576357,40126892,34468805,183484971,64744477,31140158,12441362,9765495,2945993,11976170,36002012,0,4530534,173546201,10750874,10517632,2414836,9123678,1288441,10542048,32685708,0,7211250,84534467,59990363,33221174,12748263,14994966,0,4082589,13064052,44670133,13702876,0,152361,0,0,0,0,0,0,15250733,8436616,2107935,3894207,151845,6512489,15044536,0,10055530,0,0,0,0,0,0,10646753,2685331,14468358,0,0,0,0,8384754,2024694,14881103,4572801,18784835,6546442,853696,1468957,7228800,8619159,2449140,274176,1050127,2444157,7944305,20920017,0,18083492,289921,0,0,39293430,8198562,0,20000000,11094868,39293430,535603,27854762,-13818385,8311567,15161395,28208115,10124623,20000000,0,0,20000000,0,2356287,187473,347,123,666923,66763,733686,136,0,54681,226022,191788,20564,33009,56544,60978,11865,11472,0,217543,52382,139780,0,148300,49160,59758,0,241880,56629,156282,0,160832,52215,65848,0,2013
106380939,san francisco general hospital medical center,01jul2012,30jun2013,365,audited,incl. ind. audit adj.,san francisco,4,423,city/county,general,comparable,teaching,(415) 206-8100,1001 potrero ave,san francisco,94110,valerie inouye,cfo,www.sfdph.org,city and county of san francisco,daniel foushee,"toyon associates, inc",1,05-0228,hsc00228w,zzr00228w,645,645,356,25326,1532,27723,19939,4897,14619,4320,23926,3656,125938,3829,231,4747,3525,814,1837,746,249,553,16531,403,153,0,0,89,0,71002,36058,0,0,18878,0,13723,2370,0,0,438,0,53.5,53.5,7.6,5.7,7,2811,605,94011,2405,88648,154077,152441,23775,32455,1159,32146,581117,117923,439418,0,67102,0,10,653781,478237,3883,3373,926,222,2199200001,1644988642,123838802,678050161,105264003,756404633,26909531,21159214,18148589,0,0,29920156,701800694,468020255,1029379052,313466709,32921418,397357343,271934560,79962930,139025828,79332275,44171115,41602897,1399775075,132696361,5966266,98664900,179349565,235427373,41494878,44333417,5174676,56317490,799424926,349033765,30780675,398526639,425468208,-112444334,214927496,119440863,73191740,101529708,0,49345791,-27012000,22200091,0,67818805,0,56019997,95228738,7910689,209739669,93334426,126876570,39745120,104862179,0,352770,0,0,0,-438386,0,0,167828838,131915893,170098880,0,0,0,24578277,127411418,50649666,79847478,4074183,243918710,205493910,57441669,98851717,72694603,61572270,5661495,5153918,0,0,5616341,272108817,0,37716494,42628914,0,0,352454225,108636481,285912570,0,-42094826,352454225,104944646,438955990,-376041140,144113019,69308887,213963431,176246937,0,0,0,0,0,0,0,2869,954,5023521,1061108,6084629,391,327,304927,1008224,1609754,56305,265233,898407,398761,365809,52366,63735,1452794,861876,625135,0,1053072,418685,559297,52662,1774412,1023592,742996,0,1298998,517841,661777,65013,2013
106190200,san gabriel valley medical center,01jul2012,30jun2013,365,audited,incl. ind. audit adj.,los angeles,11,913,non-profit,general,comparable,,(626) 289-5454,438 west las tunas drive,san gabriel,91776,makoto nakayama,ceo,,san gabriel valley medical center,linda marsh,"ahmc, inc.",0,05-0132,hsc30132g,zzt30132g,273,273,164,25534,4135,15546,3627,0,1292,6536,655,2156,59481,3088,1111,1121,1222,0,338,1987,15,850,9732,187,42,0,0,44,0,36235,10523,0,0,12723,0,9096,591,0,0,45,0,59.7,59.7,6.1,4.8,0,0,0,5667,2646,1503,6566,0,715,7783,141,3452,28473,25437,0,0,5083,0,6,165830,250880,2558,3166,2858,1205,1003941807,849799553,0,154142254,1812656,142384823,13570087,115347,0,800,0,13684634,271550429,66640397,665750981,303246748,67638605,132699473,69720296,0,18078485,110648771,5499544,32246371,739778293,83425740,32800110,12950059,40416380,0,3853470,68853253,862399,21002103,264163514,336662495,83551206,115821461,93366552,0,0,18841206,144937170,15209599,0,6361943,0,35047921,0,0,0,0,50009993,16887509,29828071,16770124,0,3090749,34564854,0,2990954,0,0,0,115347,0,0,45938308,5090582,33349760,0,0,0,0,14255466,9236299,25605865,8908543,53062370,20466711,1698625,1217463,18572836,24441985,1840731,7105565,1034311,0,12944226,33690333,0,8953128,53716,97222,0,42794399,27904264,0,0,14890135,42794399,8281238,130961204,-111122011,0,16494496,18640680,9687552,0,0,0,0,0,0,0,727,349,1321954,213128,1535082,433,0,103836,288049,508928,45364,152612,200110,0,0,19845,3210,677577,67923,246354,0,132099,59716,138285,0,804620,75925,284813,0,147501,67694,154529,0,2013
106331326,san gorgonio memorial hospital,01jul2012,30jun2013,365,audited,incl. ind. audit adj.,riverside,12,1107,district,general,comparable,rural,(951) 845-1121,600 n. highland springs ave,banning,92220,mark turner,ceo,www.sgmh.org,san gorgonio memorial health district,"rodney a. phillips, cpa","rodney a. phillips, cpa",0,05-0054,hsc30054g,,77,77,50,4000,3873,775,2098,196,732,1269,109,458,13510,833,950,265,608,56,185,315,37,134,3383,61,0,0,0,16,0,12810,0,0,0,700,0,3283,0,0,0,100,0,48.1,48.1,4,3.9,6,855,488,5810,7361,2712,10871,373,4610,6846,772,5095,44450,34608,0,0,13500,0,2,103029,54045,1018,1201,454,50,209085011,165071568,0,44013443,842245,55131425,-10275737,12729039,2027339,0,0,425963,34742331,30218918,144123762,28837230,31361444,6717439,16419217,1512852,8164705,13601107,927705,3322096,110863795,17665040,19983846,4397414,18071858,1329662,9926000,16498326,908572,9440498,98221216,35118281,38794869,6211392,26464864,0,2726975,17094226,23958836,12166803,0,2192356,0,342966,0,0,0,0,11383989,12550421,4610557,7963036,115539,996479,6140597,0,252825,0,0,477805,16679,9842686,0,10245371,4005688,15591523,0,0,0,0,7384068,1637727,6310996,9956052,23718117,5488622,1258754,997116,6969404,4319793,5190032,416742,740749,4073183,1958913,58016480,0,106081792,13353822,0,1828201,179280295,14284408,0,135517117,29478770,179280295,4944289,16063318,-7333229,107864318,26855635,138398296,32316504,0,0,132785000,138587545,3070428,0,0,368,132,669747,107914,777661,69,0,59674,148465,192184,33090,40226,103953,69843,9112,9411,3789,190474,68559,180219,0,114538,46612,69345,0,223059,80115,211305,0,129204,54838,79140,0,2013
106150788,san joaquin community hospital,01jan2013,31dec2013,365,audited,excl. ind. audit adj.,kern,9,617,non-profit,general,comparable,,(661) 395-3000,2615 chester avenue,bakersfield,93301,doug duffield,ceo,,adventist health,kevin seeley,"steve clark & associates, inc.",0,05-0455,hsc30455f,zzt30455f,254,254,219,20408,12696,5811,9144,1282,12212,9515,36,1991,73095,3817,2864,1393,2241,311,3354,3424,8,597,18009,254,0,0,0,0,0,73095,0,0,0,0,0,18009,0,0,0,0,0,78.8,78.8,4.1,4.1,0,0,0,36046,7197,10322,25088,747,54007,16710,122,11551,161790,71594,62482,17334,12456,0,8,510720,327120,4490,5555,2566,200,1424731294,1100254341,0,324476953,3200323,333934806,-6257530,6603709,2079778,0,0,-1733599,299338860,249419053,875973381,262831828,183658327,69431582,100119391,18376115,165877292,149233077,7828079,22629241,979984932,84578127,73678940,17894538,54743976,3853261,96764708,85369914,2562146,25300752,444746362,279885880,188621807,53828913,122635839,0,20588465,179403551,191496696,19367417,0,21159787,0,23265986,0,0,0,0,67015411,68438721,27986489,32100761,591625,79256056,42073889,391574,6622427,0,0,0,4998665,0,0,75365405,37752644,94855072,0,0,0,0,47083463,6284216,64055012,8538994,123658580,37660632,16137019,9160254,55121362,41189320,11828508,2362745,1939752,2512340,32364294,108083085,951661,137444517,20209194,4896084,3738737,275323278,57651783,0,78481583,139189912,275323278,39469006,241287419,-189076503,141978995,75728739,229569020,92124503,0,0,0,79482571,1000988,11116350,84994155,1778,749,3238576,573373,3811949,477,0,186772,776963,1006385,6017,449730,572798,111811,14422,96791,16887,1123362,507746,702135,0,420389,136462,348482,0,1355409,583370,824730,0,478534,154263,415643,0,2013
106394003,san joaquin county mental health services,01jul2012,30jun2013,365,audited,excl. ind. audit adj.,san joaquin,6,507,city/county,psychiatric,phf,,(209) 468-8750,1212 n. california street,stockton,95202,victor singh,director,,county of san joaquin,carmen m. murillo,san joquin county behavioral health services,0,,,,16,16,16,0,0,0,0,0,0,5182,0,0,5182,0,0,0,0,0,0,612,0,0,612,0,16,0,0,0,0,0,5182,0,0,0,0,0,612,0,0,0,0,88.7,88.7,8.5,8.5,0,0,0,0,0,0,0,0,0,0,0,0,0,0,0,0,0,0,0,0,0,0,0,0,0,5537034,0,0,5537034,0,5537034,0,0,0,0,0,0,5537034,0,0,0,0,0,0,0,0,0,0,0,0,0,0,0,0,0,0,0,0,0,0,0,0,0,0,0,0,0,0,0,0,0,0,0,0,0,0,0,0,0,0,0,0,0,0,0,0,0,0,0,0,0,0,0,0,0,0,0,0,0,0,0,0,0,0,0,0,0,0,0,0,0,0,0,0,0,0,0,0,0,0,0,0,0,0,0,0,0,0,0,0,0,0,0,0,0,0,0,0,0,0,0,0,0,0,0,1,0,0,0,0,0,0,0,0,0,0,0,0,0,0,0,0,0,0,0,0,0,0,0,0,0,0,0,2013
106391010,san joaquin general hospital,01jul2012,30jun2013,365,audited,incl. ind. audit adj.,san joaquin,6,507,city/county,general,comparable,teaching,(209) 468-6000,500 west hospital road,french camp,95231,david culberson,ceo,sjgh.org,county of san joaquin,tammy trovatten,moss adams llp,0,05-0167,hsc00167f,zzr00167f,196,181,115,3999,0,12313,6424,4798,5155,0,1745,1961,36395,953,0,2538,1871,1189,1025,0,507,423,8506,196,0,0,0,0,0,36395,0,0,0,0,0,8506,0,0,0,0,0,50.9,55.1,4.3,4.3,16,3827,1686,23469,0,72261,37700,28158,30254,0,10241,14805,216888,40467,90121,0,61617,0,5,192886,143870,1865,2358,1358,700,770505012,581227851,4580135,193857296,25196227,215601772,3451751,10820422,4738800,0,0,9533373,371934132,109317471,289253409,61875625,0,174761130,90351682,36560578,90724949,0,34172811,24066402,512513177,50308873,0,29673355,62656473,25122592,32186254,0,23481836,34562452,257991835,83407837,0,179985338,119202693,-28250015,61683170,53550035,0,53289997,0,54481971,0,3876825,0,4580135,0,0,28776661,0,46996039,38385597,0,69361168,0,10268024,69807,0,0,0,0,0,2478099,46171832,32788986,56853149,0,0,0,10445947,29449945,11085206,17739766,11066941,81065171,35747306,33209424,5131243,27392152,13443093,6952517,931131,2870952,1610475,7248308,77479003,1782550,74179853,617821,0,0,154059227,24383051,14438986,34207650,81029540,154059227,17326428,236730134,-216121226,139038780,36826320,185621977,111442124,0,14737,39202913,39217650,5010000,0,0,1293,490,2444671,329793,2774464,212,55,85146,428506,701627,24386,276122,445284,231445,167649,16486,68020,526200,485356,422156,182998,475400,194633,157928,0,601105,550480,480735,199987,538810,217114,186233,0,2013
106104023,san joaquin valley rehabilitation hospital,01jan2013,31dec2013,365,audited,excl. ind. audit adj.,fresno,9,605,investor,specialty,comparable,,(916) 323-7685,7173 north sharon ave,fresno,93720,edward palacios,ceo,www.sanjoaquinrehab.com,vibra healthcare,james t. walmsley,vibra healthcare,0,05-3032,hsc33032f,,62,62,55,14436,779,395,374,0,0,2246,0,0,18230,1334,52,25,37,0,0,184,0,0,1632,0,0,0,62,0,0,0,0,0,18230,0,0,0,0,0,1632,0,0,80.59999999999999,80.59999999999999,11.2,11.2,0,0,0,15773,608,2,2294,0,0,14207,0,0,32884,0,32884,0,0,0,0,0,0,0,0,0,0,61044998,27593745,0,33451253,181416,28445301,5187368,0,0,0,0,5187368,29231723,8161400,23651875,42672480,2220755,687743,995660,0,0,6306960,0,0,52883598,3914776,150931,600,569326,0,0,3525767,0,0,8161400,20679823,1184698,243743,1065932,0,0,0,4162980,256569,0,0,0,0,0,0,0,0,25650864,1186988,444600,499054,0,0,5669747,0,0,0,0,0,0,0,0,7231097,4440764,4675843,0,0,0,0,2978251,423177,4101795,4594374,15374595,3364458,0,254383,1293075,2081225,56920,4685497,310216,0,1024932,5930663,0,206264,0,46386,3546609,9729922,1770891,0,3917007,4042024,9729922,318533,4911168,-587294,36974,1555957,1603271,1397007,2868546,0,0,3997565,80558,0,97678,227,63,424114,52314,476428,9,0,35195,137282,77206,24119,27748,85209,32165,236,2577,2377,147510,81923,66790,0,58718,15128,54045,0,166382,93151,73389,0,65621,17233,60652,0,2013
106013619,san leandro hospital,01jan2013,30oct2013,303,audited,incl. ind. audit adj.,alameda,5,421,non-profit,general,comparable,,(510) 357-6500,13855 east 14th street,san leandro,94578,george bischalaney,ceo,,sutter health,david hill,sutter health,0,05-0773,hsc00264i,zzr00264i,93,93,39,5713,790,1154,1511,0,326,958,231,41,10724,1369,220,146,384,0,98,228,79,14,2538,93,0,0,0,0,0,10724,0,0,0,0,0,2538,0,0,0,0,0,38.1,38.1,4.2,4.2,0,0,0,8225,1583,1597,8691,0,2238,3424,1973,3947,31678,21945,0,0,10850,0,5,67710,73320,551,795,0,0,231706789,183233281,0,48473508,186206,79116719,-30457005,52066,17538660,0,0,-47943599,42307330,37086422,152313037,69247483,10291650,11629163,19537131,0,4127701,12619397,2689104,473411,130615040,37148592,5773112,4574150,22526291,0,5573675,11384902,4702827,9408200,101091749,82875379,12792922,13320783,36151591,0,0,6997402,13833202,9789701,0,7391931,0,80370,0,0,0,0,23520696,3271840,2882530,5911831,0,2703974,10171097,0,11540,0,0,0,52066,0,0,17414773,9721870,19328771,0,0,0,0,12985959,4155675,14404080,1105591,26932971,13929889,3544456,7410120,6611518,14946033,860968,582384,613974,0,3684406,15017161,0,2421832,0,3304428,0,20743421,102841881,285247,0,-82383707,20743421,792012,81825487,-68716737,751212,12201111,13141451,10719619,0,0,0,0,0,0,83073912,269,115,562131,76479,638610,95,0,18991,128689,161559,17987,38454,75916,41762,0,21219,57554,172742,81761,117881,0,102899,42510,44338,0,203603,90360,136050,0,114681,46057,47859,0,2013
106404046,san luis obispo county - phf,01jul2012,30jun2013,365,audited,excl. ind. audit adj.,san luis obispo,8,801,city/county,psychiatric,phf,,(805) 781-4700,2178 johnson avenue,san luis obispo,93401,"anne robin, mft",administrator,,county of san luis obispo,alan stednitz,san luis obispo county behavioral health services - mental health services,0,,,hsd00004f,16,16,11,0,0,0,0,1345,1531,268,0,31,3175,0,0,0,0,433,625,224,0,24,1306,0,16,0,0,0,0,0,3175,0,0,0,0,0,1306,0,0,0,0,54.4,54.4,2.4,2.4,0,0,0,0,0,0,0,0,0,0,0,0,0,0,0,0,0,0,0,0,0,0,0,0,0,771838,-37322,0,809160,0,4776173,-3967013,3967013,0,0,0,0,724563,0,47275,0,0,0,0,0,0,0,0,0,0,0,0,0,0,0,0,0,0,0,0,0,0,0,0,-37322,0,0,0,0,0,0,0,0,0,0,0,0,0,0,0,0,0,0,0,0,0,0,0,0,0,0,3967013,0,0,0,0,0,0,0,0,0,0,0,0,0,0,0,0,0,0,0,0,0,0,0,0,0,0,0,0,0,0,0,0,0,0,0,0,0,0,0,0,0,0,0,0,0,0,0,0,0,0,0,0,0,0,0,0,0,0,0,0,0,0,0,0,0,0,0,0,0,0,0,0,0,0,0,0,0,0,0,0,0,2013
106410782,san mateo medical center,01jul2012,30jun2013,365,audited,incl. ind. audit adj.,san mateo,4,427,city/county,general,comparable,,(650) 573-2711,222 w. 39th avenue,san mateo,94403,"susan ehrlich, mpp",ceo,www.smcgov.org,county of san mateo,fung ngor lee lung,san mateo medical center,0,05-0113,hsc00113w,zzr00113f,509,415,322,12914,3883,13816,62811,5630,3703,1894,999,1754,107404,603,428,786,1094,924,91,18,126,223,4293,100,34,0,0,375,0,11787,8209,0,0,87408,0,2794,652,0,0,847,0,57.8,70.90000000000001,25,5.8,0,0,0,15805,13178,38697,66130,96788,3120,0,7393,41050,282161,45723,238556,0,115,0,3,98547,155894,758,1441,0,0,376497676,196782762,2731714,182446628,29730041,256248483,-44071814,73315068,10163715,0,0,19079539,99056385,132896500,144544791,20145867,11093636,24113010,51515454,26554853,3983792,1222058,3391025,6374213,148393908,13952524,11343319,26373970,44099098,91094995,3946944,0,7253843,30039075,228103768,17541387,11731531,19798057,13355792,-20315309,102984646,2247285,498637,11992281,0,6277676,0,30670779,0,2731714,0,0,16277705,10675078,50637254,84788440,14665202,2494753,717083,0,2191113,0,0,6175185,0,0,67139883,72541704,70174950,40656943,0,0,1251577,561403,25063600,12119982,32663384,1214940,87943010,46829236,21786801,8724812,21724182,47125603,2069765,5262379,813429,0,13969266,120684747,0,19526132,3472108,0,0,143682987,64450249,5534622,0,73698116,143682987,32971958,87659305,-53654128,8660977,27876683,37378451,17852319,0,0,0,0,0,0,0,1111,354,1924555,456826,2381381,216,6,160984,336302,374989,102516,195442,385660,102797,195392,62398,8075,400928,685345,263563,9231,258182,167045,140261,0,543582,829331,319992,10877,310729,200552,166318,0,2013
106074017,san ramon regional medical center,01jan2013,31dec2013,365,audited,excl. ind. audit adj.,contra costa,5,411,investor,general,comparable,,(925) 275-9200,6001 norris canyon road,san ramon,94583,gary sloan,ceo,www.sanramonmedctr.com,tenet healthcare corporation,christina kim,tenet healthcare corporation,0,05-0689,hsc30689f,hsp30689f,123,112,46,6861,1381,304,340,0,380,6797,86,228,16377,1456,307,65,83,0,105,2181,19,75,4291,123,0,0,0,0,0,16377,0,0,0,0,0,4291,0,0,0,0,0,36.5,40.1,3.8,3.8,10,1764,710,16939,1952,248,807,0,3378,40491,47,8987,72849,16915,7044,0,46842,0,6,214800,301260,1594,4086,418,329,631563731,480957001,0,150606730,1919575,133958592,18567713,694228,5912348,0,0,13349593,101400962,52126999,478035770,147319555,30418492,7115457,7108540,0,12019858,151343375,2006308,5360076,362691661,66481972,10985810,1376345,3798941,0,5428142,169891969,376936,10531955,268872070,187809283,36301961,6174274,9493641,0,0,13218861,209394003,3320553,0,2354333,0,12890092,0,0,0,0,25992244,5102341,2302351,1413840,0,4060276,108732410,44088,2959180,0,0,0,0,0,0,20537500,7361051,49073908,0,0,0,0,19801651,9653631,25281863,2248988,52512858,17421381,4301975,1710874,21340516,21285899,5758592,370551,482907,7612,8765427,31926971,0,69353501,1553187,44652,6563040,109441351,10715951,1476680,156078,97092642,109441351,4603,44391014,-27766858,76030151,46888803,135260515,65907014,0,156078,0,156078,0,9784401,0,484,159,871614,147052,1018666,365,0,121739,189551,281565,3217,34339,139852,89149,0,11077,1125,209498,57320,320817,0,177632,16929,89418,0,257220,65963,374287,0,199682,19471,102043,0,2013
106420514,santa barbara cottage hospital,01jan2013,31dec2013,365,audited,incl. ind. audit adj.,santa barbara,10,807,non-profit,general,comparable,teaching,(805) 682-7111,400 w. pueblo,santa barbara,93105,ronald c. werft,president,cottagehealthsystem.org,santa barbara cottage hospital,wendy kaufmann,cottage health system,2,05-0396,,zzt30396f,483,351,253,33095,4592,6659,7456,745,1522,25669,0,3600,83338,6525,1175,1229,1575,193,350,6343,0,810,18200,425,20,0,38,0,0,68092,5849,0,9397,0,0,16349,1219,0,632,0,0,47.3,65,4.6,4.6,34,5251,2114,39882,6303,3873,10993,1401,3535,51720,0,12615,130322,47949,7807,0,64178,0,20,805683,522341,5277,6242,1593,756,1288484986,716460428,0,572024558,11667002,526997621,56693939,84679605,16350336,0,0,125023208,273960540,77346935,937177511,381939972,58228942,80619153,74355136,11443165,20085173,276874364,0,36405561,939951466,133867486,18311760,10919630,26728318,2836674,7997408,124361876,0,23510368,348533520,398740400,55261973,53191830,50906372,0,12511976,18225715,47505419,16750245,0,31695745,0,31670753,0,0,0,0,116251982,21278729,36750656,50059965,1752727,8906231,330387746,0,6636522,0,0,0,82126424,0,0,84207757,21694839,178073004,0,0,870866,8862101,88421271,9644016,91891312,43332455,153238519,83200420,15071734,7332582,91322227,82020163,39518905,2937820,3123666,11264917,37966668,585057044,21625317,571679186,43381704,33627099,4180211,1259550561,109614760,3779596,327275496,818880709,1259550561,16880129,168686649,-81586335,648026993,143512563,810107739,238428553,0,0,312127246,333305496,6030000,20279078,0,2093,754,3950342,457960,4408302,562,54,223579,948957,1170757,26130,317605,566800,451807,190714,53993,0,1188324,305497,946424,153128,815058,141785,400126,0,1343556,335648,1071487,157315,895771,158550,445975,0,2013
106424002,santa barbara psychiatric health facilty,01jul2012,30jun2013,365,in process,incl. ind. audit adj.,santa barbara,10,807,city/county,psychiatric,phf,,(805) 681-5244,"315 camino del remedio, bldg. 3",santa barbara,93110,takashi wada md mph,interim director,http://www.countyofsb.org/admhs/,county of santa barbara,robert cochran,santa barbara county admhs,0,05-4125,,,16,16,16,1890,0,1895,0,1074,105,0,0,108,5072,162,0,177,0,158,8,0,0,8,513,0,16,0,0,0,0,0,5072,0,0,0,0,0,513,0,0,0,0,86.8,86.8,9.9,9.9,0,0,0,0,0,0,0,0,0,0,0,0,0,0,0,0,0,0,0,0,0,0,0,0,0,8298236,5659371,0,2638865,0,7100414,-4461549,4461549,0,0,0,0,8298236,0,0,2268169,0,4085249,0,1742027,202791,0,0,0,8298236,0,0,0,0,0,0,0,0,0,0,1152093,0,2655822,0,-41631,1742027,151060,0,0,0,0,0,0,0,0,0,0,1116076,0,1471058,0,0,51731,0,0,0,0,0,0,0,0,4461549,7100414,0,0,0,0,0,0,0,0,0,0,3818007,2178435,0,1280,792571,114386,0,0,0,0,195735,0,0,0,0,0,0,0,0,0,0,0,0,0,0,0,0,0,0,0,0,0,0,0,0,0,0,65,15,88864,45655,134519,2,0,1692,42522,31161,0,0,2490,0,10999,0,0,88864,0,0,0,0,0,0,0,134519,0,0,0,0,0,0,0,2013
106430883,santa clara valley medical center,01jul2012,30jun2013,365,audited,excl. ind. audit adj.,santa clara,7,431,city/county,general,comparable,teaching,(408) 885-1000,751 south bascom ave,san jose,95128-2699,paul lorenz,administrator,www.scvmed.org,county of santa clara,susan le,santa clara valley medical center,1,05-0038,hsc00038f,zzr00038f,574,557,330,22207,1425,34363,20799,12708,2532,11160,12309,0,117503,3136,186,6803,4679,2173,578,1531,2644,0,21730,464,50,0,60,0,0,89236,17481,0,10786,0,0,19857,1317,0,556,0,0,56.1,57.8,5.4,5.4,45,8478,3554,101980,1215,197910,244531,164045,43872,74557,38451,0,866561,80220,721177,0,17532,0,12,1258303,883848,7749,5031,2773,1123,2970531525,2260512719,163338670,873357476,77248753,1139018778,-188412549,572042205,0,0,0,383629656,961098525,512059343,1497373657,266162920,19234727,439103836,312189225,184982644,75057007,182400704,185415857,0,1664546920,215560386,3503588,218063858,271805603,312714780,84604559,126154053,73577778,0,1305984605,356836815,16433707,482193988,416836172,0,484402612,118215487,212428970,51370649,0,193277632,-71483313,0,0,73600095,1756163,87982412,119992565,6166235,171122859,240749736,68033273,37328929,178541142,51422737,0,0,0,0,880328,0,571161877,212099767,224044212,266226189,0,0,993865,20838294,157877214,34351992,179710867,42876378,438515672,296378980,28560254,20285901,104218164,138229264,46064203,7457512,4420908,19289702,35598218,809179467,0,543173924,445057049,5627742,0,1803038182,229790726,0,595640028,977607428,1803038182,508797064,777209565,-680704092,747091658,175158570,968371769,425197845,0,0,568338128,635360482,39720454,4833419,3328250,4961,1228,8753980,1586921,10340901,608,176,746366,2488878,1881706,153735,517977,1432475,531529,980300,1770,19244,2103855,2226213,1646847,232381,1677874,435783,431027,0,2515445,2647167,1973030,233377,1945260,513692,512930,0,2013
106190687,santa monica-ucla medical center& orthopaedic hospital,01jul2012,30jun2013,365,audited,incl. ind. audit adj.,los angeles,11,927,non-profit,general,comparable,,(310) 319-4000,1250 16th street,santa monica,90404,"david feinberg, m.d.",ceo,www.mednet.ucla.edu,regents of the university of california,daniel pelayo,"toyon associates, inc",0,05-0112,hsc30112g,,266,266,266,29093,9320,5887,4148,12,404,27916,176,1206,78162,5335,1929,1073,755,2,87,6397,62,297,15937,266,0,0,0,0,0,78162,0,0,0,0,0,15937,0,0,0,0,0,80.5,80.5,4.9,4.9,12,3789,1387,63426,30252,6327,4118,3113,2341,161676,1454,16488,289195,42096,121908,0,115959,0,24,704492,607375,3799,9649,899,633,1088260395,725750825,35031230,397540800,8921688,383855035,22607453,1310315,4403532,0,0,19514236,475231402,56113290,556915703,335555361,86469794,56608752,39883200,115988,5570744,291516342,5516882,20679615,841916678,58244777,21280933,6618685,8674884,1344005,2440439,133271370,3214551,11254073,246343717,302856019,64189743,52579640,24258525,0,1139563,2819982,232518614,18754599,0,10467839,0,16166301,7034753,2643002,0,25353475,89249832,50561138,8725034,26775792,316527,4356188,209908561,0,7647728,0,-139105691,0,981815,0,0,87270170,14891027,123198846,0,0,0,2546723,65125383,7851010,64270374,18701502,141583950,68425622,848161,7143296,54947846,68203537,28516768,7038616,1455014,0,5692225,95007167,0,647107035,29041827,79187890,0,850343919,59286194,0,368782368,422275357,850343919,15682282,90626555,-19011432,623274360,99158541,754740342,107633307,0,205004946,27068000,369395690,613322,0,86957451,1712,759,3209531,413574,3623105,973,82,198269,718090,1078675,6747,450735,235696,336043,122512,43265,19499,1270053,206414,798393,1282,656545,66111,210733,0,1437655,232378,909516,1398,733672,74169,234317,0,2013
106491064,santa rosa memorial hospital,01jul2012,30jun2013,365,audited,incl. ind. audit adj.,sonoma,3,401,non-profit,general,comparable,,(707) 525-5300,1165 montgomery drive,santa rosa,95405,todd salnas,ceo,www.stjosephhealth.org,santa rosa memorial hospital,laura cherry,"toyon associates, inc.",2,05-0174,,zzr00174f,338,272,163,29539,1093,4347,5092,5160,1884,8325,369,1688,57497,5890,192,1000,1194,1016,347,1796,73,335,11843,291,0,0,16,31,0,54139,0,0,3358,0,0,11559,0,0,284,0,0,46.6,57.9,4.9,4.9,12,1747,780,47539,2539,6649,27544,14503,8317,42721,2605,14625,167042,36926,73515,0,56653,0,12,509138,405744,3886,2991,600,331,1722232447,1365456376,938223,357714294,1175581,346951697,11938178,13508298,2722364,0,0,22724112,285141935,188564362,1248526150,594786399,27191858,75685749,88338956,106297569,61815808,228912180,7405264,33927941,1224361724,182151075,8962676,17412485,57472684,38510977,19136108,135751616,5817904,32655198,497870723,664987349,26175516,74761320,124308293,0,116246369,53691715,241864875,22265761,0,34476210,0,6678968,634778,0,0,303445,110896147,10521517,16467286,21406347,24599333,25363379,119480817,0,28979468,0,-2102002,368061,10678355,0,0,79877879,31097032,95858886,0,0,0,0,49133497,10333824,61922002,18728577,103966505,62765191,11694865,21120724,42070881,48993530,19144652,2596261,1101114,6091168,27406806,127074749,0,150984823,27901927,98456098,0,404417597,51125269,92786,118073774,235125768,404417597,62416842,183364846,-138535038,125703257,116948663,347098216,196113393,0,0,119143280,119143280,1069506,34601545,1394869,1165,560,2242740,325176,2567916,312,0,163443,377158,741299,19740,280452,315013,183029,17646,122875,22085,752299,271600,592189,0,443309,52980,130363,0,867766,305490,680996,0,509597,59356,144711,0,2013
106420522,santa ynez valley cottage hospital,01jan2013,31dec2013,365,audited,incl. ind. audit adj.,santa barbara,10,805,non-profit,general,comparable,rural,(805) 688-6431,2050 viborg road,solvang,93463,ronald c. werft,president,cottagehealthsystem.org,santa ynez valley cottage hospital,wendy kaufmann,cottage health system,0,05-0478,,zzt30478f,11,11,2,445,68,3,5,0,0,60,0,12,593,130,19,1,3,0,0,20,0,6,179,11,0,0,0,0,0,593,0,0,0,0,0,179,0,0,0,0,0,14.8,14.8,3.3,3.3,0,0,0,7677,553,205,1055,53,417,5414,0,1178,16552,6751,0,0,9650,0,2,71,11894,1,210,0,0,29550433,15164935,0,14385498,548442,13540350,1393590,1506989,118233,0,0,2782346,1608752,6213573,21728108,3396226,486495,16265,46143,0,0,441749,0,97235,4484113,13193271,758490,240231,1351829,77923,501486,7498287,0,1444803,25066320,8872528,880290,197330,1227096,0,70132,286174,1894023,582540,0,164838,0,989984,0,0,0,0,7686760,364695,52953,167152,6194,189149,5625223,0,293372,0,0,414840,958523,0,0,1387101,2416617,4949747,0,0,0,0,2323468,554341,1329358,579718,4896067,2738540,462236,49615,849193,3046594,950665,57237,100610,0,389593,13192300,0,10188339,2951859,295441,0,26627939,3394187,329409,0,22904343,26627939,1182892,4750238,-2551744,10811957,6899734,18243166,8054827,0,0,0,0,0,0,0,59,21,110375,13058,123433,27,0,5368,37818,31273,2379,10605,13718,8798,0,416,0,16990,25221,41220,0,10579,7193,9172,0,19346,28319,45771,0,11517,7938,10542,0,2013
106371256,scripps green hospital,01oct2012,30sep2013,365,audited,incl. ind. audit adj.,san diego,14,1416,non-profit,general,comparable,,(858) 455-9100,10666 north torrey pines road,la jolla,92037-9985,robin brown,administrator,http://www.scripps.org/locations.asp?id=1,scripps health,erica perez,scripps health,0,05-0424,hsc30424j,,173,173,109,13795,9181,880,214,183,254,12890,161,221,37779,3453,2541,103,35,18,36,3723,50,68,10027,173,0,0,0,0,0,37779,0,0,0,0,0,10027,0,0,0,0,0,59.8,59.8,3.8,3.8,0,0,0,21263,12970,229,58,23,383,48276,505,1281,84988,0,0,0,80296,0,10,906395,395046,5324,4477,0,0,1555036603,1163381864,0,391654739,10881763,310168337,92368165,0,0,0,0,92368165,263976734,0,1291059869,397744483,229680930,15669945,6032339,2713681,6746644,384289698,4005426,5491488,1052374634,165980731,85223998,1437102,418370,180883,3350717,239585876,1833243,4651049,502661969,470356497,265448821,14220618,4618212,0,2448158,6610627,378616070,7010993,0,5972725,0,8079143,0,0,0,0,92902472,49058065,2827894,1756976,446406,3136995,240544820,0,981111,0,0,0,0,0,0,43078262,0,135702747,0,0,616651,6581846,42512142,12823071,52651630,16201988,98431398,26176943,5111041,3631021,83771682,58515872,16274131,628134,801059,2471897,14355159,523827705,0,118614719,16216422,0,0,658658846,17365040,0,3237702,638056104,658658846,0,238943471,-181368723,141764452,116594826,258855135,140240416,0,1867252,0,3750944,513242,456128346,0,1376,427,2400889,464875,2865764,747,60,167528,580630,754102,1641,127944,266746,0,497740,3751,807,641852,0,785880,147692,530299,93667,201499,0,730564,0,1045831,148498,591093,104708,245070,0,2013
106371394,scripps memorial hospital - encinitas,01oct2012,30sep2013,365,audited,incl. ind. audit adj.,san diego,14,1416,non-profit,general,comparable,,(760) 633-6501,354 santa fe drive,encinitas,92024-514,carl etter,ceo,,scripps health,anika khanna,scripps memorial hospital - encinitas,0,05-0503,hsc30503g,zzt30503g,158,158,119,15197,6883,1962,943,1594,523,11796,689,60,39647,3000,1497,431,262,316,135,3492,249,22,9404,128,0,0,30,0,0,32181,0,0,7466,0,0,8721,0,0,683,0,0,68.7,68.7,4.2,4.2,0,0,0,14801,8539,1373,3268,987,1396,32708,3003,1639,67714,40808,0,0,30441,0,4,331329,185164,2450,2150,1706,477,833262136,597694858,110573,235677851,3691848,214597670,24772029,349,0,0,0,24772378,246796010,63388119,523078007,220604388,110427672,22421779,11055323,21836657,9953171,169868457,10726998,926042,577820487,67722376,40876010,3164962,6379954,3530677,5129453,117917726,6936176,3784315,255441649,236330003,123887869,17006128,12634999,0,22924334,8187167,143044269,12712167,0,19379107,0,1588815,0,0,0,110573,51097589,26936161,7135936,4529021,2443000,5955940,136218005,1,1362198,0,0,0,349,0,0,50866846,12888798,58395008,0,0,0,0,34602570,9288719,43444091,5111638,82171169,21881438,12011963,806844,31241349,36173931,10634206,723591,1099283,1818071,16035825,46226689,114315,72526850,46446596,115000,0,165429450,11631158,0,2844297,150953995,165429450,0,129398742,-98431758,88820172,58098876,157030851,84504001,0,1427386,0,3228343,384046,8900579,0,1085,345,1918977,345434,2264411,789,0,217195,557566,585863,25220,101658,252143,0,171293,5220,2819,636940,137255,517460,0,337259,80526,209537,0,730174,153288,671805,0,371668,88702,248774,0,2013
106370771,scripps memorial hospital-la jolla,01oct2012,30sep2013,365,audited,incl. ind. audit adj.,san diego,14,1416,non-profit,general,comparable,,(858) 457-4123,9888 genesse ave,la jolla,92037,gary fybel,ceo,www.scrippshealth.org,scripps health,lynn edmondson,scripps health,2,05-0324,hsc30324f,zzt30324f,382,360,220,21249,8677,2296,1927,2125,1665,30665,1718,2773,73095,4067,1737,299,368,372,378,8336,466,288,16311,318,0,64,0,0,0,64918,0,8177,0,0,0,15439,0,872,0,0,0,52.4,55.6,4.5,4.5,30,8590,3880,21685,3997,989,1778,1049,1272,61181,1798,3071,96820,32658,2323,0,54466,0,18,911882,623286,5105,6661,2375,1445,1899718781,1394694602,0,505024179,16243072,429367048,91900203,774477,0,0,0,92674680,479624440,80678580,1339415761,440287331,249576388,45791526,41478241,39467992,45249867,509198321,34620279,5855550,1411525495,113164306,26816037,3125764,9762040,5571949,5835913,305429420,6930712,11557145,488193286,466890103,229140826,35718667,38074491,0,41830193,36968744,487658537,7096346,0,44821289,0,6495406,0,0,0,0,86290130,46978226,11288700,11805415,3209748,13037812,326278109,0,6136039,0,0,0,306079,0,0,74721908,14051276,155790189,0,0,0,0,65088403,17982632,75429020,26303620,151107116,41303198,11370796,2052428,88915204,73911044,23242643,1904667,2493456,4636930,28429566,241722402,0,171345306,252024530,297490,0,665389728,24354970,0,5300122,635734636,665389728,0,329817718,-254026352,262159728,166064836,431977543,260632237,0,2774076,0,6062205,762083,152997081,0,2008,643,3515588,661479,4177067,1247,0,254287,1044023,1144270,22687,169842,477958,396982,5243,85,211,1077446,125247,1075502,0,710854,172543,353996,0,1259085,142876,1374020,0,790961,194308,415817,0,2013
106370744,scripps mercy hospital,01oct2012,30sep2013,365,audited,incl. ind. audit adj.,san diego,14,1418,non-profit,general,comparable,teaching,(619) 294-8111,4077 fifth avenue,san diego,92103-2180,tom gammiere,senior vp,www.scrippshealth.org,scripps health,jay rocha,scripps mercy hospital,1,05-0077,hsc30077f,zzt30077f,684,643,436,45440,16976,26168,17758,14090,1674,18929,9783,1716,152534,8423,3656,4743,4360,2719,545,5442,2929,514,33331,648,36,0,0,0,0,141745,10789,0,0,0,0,31340,1991,0,0,0,0,61.1,65,4.6,4.6,70,5910,3189,32645,14606,17562,28903,11330,2247,38059,14987,6476,166815,109766,9396,0,66445,0,20,1151696,523926,8452,6135,2726,1051,2794569027,2116605487,490330,678453870,19210953,657635917,40028906,656713,484881,0,0,40200738,906561385,238412339,1649595303,678740389,278279895,284149335,242461056,191497774,52227207,353117603,105360503,18478404,2204312166,138122408,74972365,31859612,76463869,34243417,10303076,178677924,31851627,13762563,590256861,663969635,284691553,182786328,229243461,-8757809,204541082,44431236,316909276,26436196,0,164621066,0,7733463,490330,0,0,0,151990101,68754630,121843862,82409094,21200109,17290151,211163834,0,3802089,0,0,0,0,0,0,132290168,42109066,176292657,0,0,1590336,9115616,98898026,23537070,145616082,28186896,250549043,66699941,21953506,3308087,98460066,116633418,25567503,2996560,3660955,3431159,64375679,103957522,0,194257282,8404707,22500,0,306642011,43702130,0,10322476,252617405,306642011,0,548629834,-455045855,299650068,161467961,486580522,292323240,0,4442467,0,11534607,1212131,0,4512862,3431,1176,6131731,1027869,7159600,1351,88,415217,1660413,2162389,10704,271509,642225,190692,756301,2434,19847,2126155,526970,1487132,250927,956243,243146,535154,6004,2424743,593583,1898170,257784,1052242,269390,657028,6660,2013
106124004,sempervirens psychiatric health facility,01jul2012,30jun2013,365,audited,excl. ind. audit adj.,humboldt,1,105,city/county,psychiatric,phf,,(707) 268-2990,720 wood street,eureka,95501,asha george,director,,county of humboldt,colleen barrick,"county of humboldt, dhhs - mental health fiscal services",0,05-4124,,,16,16,16,1122,0,0,0,90,2187,0,23,0,3422,151,0,0,0,29,450,0,2,0,632,0,16,0,0,0,0,0,3422,0,0,0,0,0,632,0,0,0,0,58.6,58.6,5.4,5.4,0,0,0,0,0,0,0,0,0,0,0,0,0,0,0,0,0,0,0,0,0,0,0,0,0,3710270,-46511,0,3756781,0,4913412,-1156631,0,0,0,0,-1156631,3710270,0,0,1216517,0,0,0,97582,2371233,0,24938,0,3710270,0,0,0,0,0,0,0,0,0,0,0,0,0,0,-46511,0,0,0,0,0,0,0,0,0,0,0,0,1216517,0,0,0,97582,2417744,0,24938,0,0,0,0,0,0,0,0,0,0,0,0,0,0,0,0,0,0,0,0,0,0,0,0,0,0,0,0,0,0,0,0,0,0,0,0,0,0,0,0,0,0,0,0,0,0,0,0,0,0,0,0,0,0,0,0,0,0,0,0,9,0,0,0,0,0,0,0,0,0,0,0,0,0,0,0,0,0,0,0,0,0,0,0,0,0,0,0,2013
106321016,seneca healthcare district,01jul2012,30jun2013,365,audited,incl. ind. audit adj.,plumas,1,215,district,general,comparable,rural,(530) 258-2151,130 brentwood drive,chester,96020,linda wagner,ceo,senecahospital.org,seneca healthcare district,derek f. petrak,"petrak & associates, inc.",4,05-1327,,zzr00333f,26,26,24,702,0,4867,0,5,89,0,0,331,5994,156,0,27,0,3,33,0,0,8,227,10,0,0,0,16,0,879,0,0,0,5115,0,217,0,0,0,10,0,63.2,63.2,26.4,4.1,0,0,0,11893,0,3048,0,765,10645,0,0,1571,27922,3106,24675,0,0,0,1,112,5627,3,115,0,0,25590762,12944840,0,12645922,162095,14404598,-1596581,1058403,0,0,0,-538178,3523657,8249420,13817685,3510418,0,1902912,0,48099,535418,0,0,197275,6194122,8315976,0,2359764,0,902343,6745501,0,0,1073056,19396640,5632442,0,2052837,0,0,891885,2750579,0,1462655,0,49578,0,104864,0,0,0,0,5880310,0,2209839,0,58557,3650639,0,0,846577,0,0,45830,29148,472746,0,2076834,3805980,3102380,0,0,0,0,2423061,998802,1601344,396197,4309642,1951387,2379443,1889442,928498,1262583,689508,184575,46012,106973,656535,4517595,1069656,3121075,12203,9711,0,8730240,2003875,769283,2376484,3580598,8730240,63885,6505867,-4586489,5460233,6054928,11605771,8484696,0,2140650,0,2528540,152056,0,0,94,34,192581,21251,213832,8,0,25347,23992,13029,15694,23030,50047,21169,1916,18307,50,50793,39150,24472,0,34243,12957,30966,0,55924,42856,27611,0,37351,14542,35548,0,2013
106410891,sequoia hospital,01jul2012,30jun2013,365,audited,incl. ind. audit adj.,san mateo,4,428,non-profit,general,comparable,,(650) 369-5811,170 alameda de las pulgas,redwood city,94062,glenna l vaskelis,ceo,www.sequoiahospital.org,sequoia hospital,clement spring,dignity health,0,05-0197,hsc00197g,zzr00197g,189,128,69,12410,1730,270,694,0,120,7261,122,225,22832,3242,452,71,181,0,31,1896,32,59,5964,189,0,0,0,0,0,22832,0,0,0,0,0,5964,0,0,0,0,0,33.1,48.9,3.8,3.8,23,3799,1594,23178,3747,4968,3322,0,6456,59911,2833,9530,113945,21586,0,0,92599,0,11,294707,185414,1380,2546,1159,440,1034676127,808613532,0,226062595,2812275,222772571,6102299,18905840,1142018,0,0,23866121,234450048,72006126,728219953,316728872,42626270,6980407,16336723,0,4164974,229462786,3393605,6392612,626086249,162331146,17471267,2819614,19748823,0,6232267,176234302,2426585,21325874,408589878,418736661,52776326,8091308,30115128,0,0,7656186,254724386,12046609,0,6125873,0,18341055,0,0,0,0,59786721,6982627,1504061,5751823,0,1829397,146912495,0,3295471,0,-3818977,4475,16831880,0,0,32776800,5737488,80072559,0,0,0,0,39486754,3413967,48094287,13190716,84441812,35475452,7454436,4544177,32420790,26960053,7575948,909947,1518000,2968420,18503536,76024339,112527726,65020054,220789474,45911995,0,520273588,66003915,0,151186673,303083000,520273588,31422032,172692126,-137549795,102612196,52378888,157210275,92190221,0,0,161478473,161478473,10291800,101189,0,677,202,1161586,259630,1421216,282,0,149910,321886,368490,4247,37820,149296,97114,19074,10044,3705,238966,47673,432299,0,236354,43300,161179,1815,314998,56896,537462,0,275308,48228,186338,1986,2013
106410817,seton medical center,01jul2012,30jun2013,365,audited,incl. ind. audit adj.,san mateo,4,425,non-profit,general,comparable,,(415) 992-4000,1900 sullivan avenue,daly city,94015,joanne allen,ceo,,daughters of charity health system,paul holden,moss adams llp,0,05-0289,hsc00289f,zzr00289f,478,415,237,16563,7721,45972,6894,0,442,7476,0,1121,86189,2802,1300,648,649,0,98,1551,0,232,7280,255,24,0,0,199,0,33615,0,0,0,52574,0,7134,0,0,0,146,0,49.4,56.9,11.8,4.7,15,1277,489,57236,28138,5775,28694,0,3501,62798,0,7867,194009,29422,12905,0,150585,0,16,253609,188009,1832,4831,438,167,1486708577,1220680985,0,266027592,3273727,298967395,-29666076,9114368,4431776,0,0,-24983484,399278654,110559531,976870392,357814789,159824169,189418652,90063414,0,21334795,169973910,0,15579767,1004009496,152942166,76079257,8749522,64721928,0,7886125,157730959,0,14589124,482699081,438065955,202668463,162025403,128176940,0,0,23651351,219747648,9721971,0,13342962,0,23280292,0,0,0,0,71829466,30741505,35430269,23959343,0,5243593,104362707,0,-5539291,0,0,4593618,1028938,0,0,72587431,16860564,85033857,0,0,0,0,42092751,5132348,66850942,10409502,125812082,45164989,8325575,7311399,36813021,30400286,9738030,3483029,928523,5841404,25149057,83246943,289242,45249008,5601956,0,0,134387149,65719976,20703,96956083,-28309613,134387149,9910448,211276396,-176396614,93227148,150846571,251874960,206625952,0,0,96956083,96956083,0,26057829,31566675,1185,416,2147438,391292,2538730,426,0,130002,529607,562640,67468,227551,328841,226385,43,8014,66887,703980,144419,524320,0,390771,62538,311001,10409,851578,171947,625808,0,443644,71435,362291,12027,2013
106370875,sharp chula vista medical center,01oct2012,30sep2013,365,audited,incl. ind. audit adj.,san diego,14,1420,non-profit,general,comparable,,(619) 502-3664,751 medical center court,chula vista,91911-6699,pablo velez,ceo,http://www.sharp.com/chula-vista/index.cfm,sharp healthcare,donna wells,sharp healthcare,0,05-0222,hsc30222f,zzt30222f,343,343,266,29734,12451,32572,7839,2527,0,7410,3438,1901,97872,4798,2387,2108,2098,499,0,1825,563,320,14598,243,0,0,0,100,0,64879,0,0,0,32993,0,14042,0,0,0,556,0,78.2,78.2,6.7,4.6,0,0,0,21838,7603,10248,20027,4214,0,30439,7505,7233,109107,56564,4596,0,53462,0,6,402570,251100,2850,4732,1654,1050,1489770461,1224722404,39229331,304277388,3987581,305899353,2365616,17356259,57738,0,0,19664137,380747588,93423638,1015599235,391320077,164138756,185367728,123231837,47778712,0,106296113,34141934,18681131,1070956288,106880480,52116341,38362632,66022839,19333909,0,100194478,13687625,22215869,418814173,426010415,204348070,155318266,142485633,-3438780,62370837,0,129424243,24339136,0,69677112,0,14187472,17342062,0,0,21887269,72190142,29249089,55695069,41077295,4741784,0,98953617,0,2370392,0,0,276463,14454583,0,0,69482246,18502060,93568140,0,0,0,809789,42321534,6505920,61935149,12774515,108387216,44369090,4524318,2163093,40220024,56600645,12841007,2940717,773764,2976644,30102835,166322878,0,67959607,964637,3549310,725709,239522141,35753279,0,61961745,141807117,239522141,1960140,132246983,-105025414,108041751,88108354,199860720,131901113,0,0,66565965,70983082,9021337,110886807,0,1563,653,2733402,537015,3270417,662,0,93119,595159,1007903,62385,281095,496486,30124,147521,6188,13422,1142404,239651,757631,2710,216633,77541,295519,1313,1369501,291214,894323,4085,249959,89103,370531,1701,2013
106370689,sharp coronado hospital & healthcare center,01oct2012,30sep2013,365,audited,incl. ind. audit adj.,san diego,14,1420,non-profit,general,comparable,,(619) 522-3600,250 prospect place,coronado,92118,susan stone,ceo,http://www.sharp.com/coronado/,sharp healthcare,donna wells,sharp healthcare,0,05-0234,hsc30234f,zzt30234f,181,181,122,5118,2802,30041,272,204,0,4848,519,656,44460,847,717,145,70,56,0,732,151,17,2735,59,0,0,0,122,0,7735,0,0,0,36725,0,2408,0,0,0,327,0,67.3,67.3,16.3,3.2,0,0,0,18770,4599,1770,1579,523,0,22955,1998,1567,53761,12370,0,0,41611,0,3,425231,156201,1559,871,0,0,263116105,193068469,5865821,75913457,181845,76381133,-285831,6251518,1973878,0,0,3991809,63865025,16124277,183126803,44107307,41399552,48140242,5067926,3022774,0,45343639,1608065,2009582,190699087,21975749,6650476,2648580,4113658,1507245,0,29628926,2253531,3638853,72417018,55117296,41115298,23544774,7460756,-137482,4178298,0,52765346,3214730,0,4150799,0,1658654,1789395,0,0,4076426,10965760,8724125,27131104,1682051,351721,0,26283645,0,775051,0,657977,161824,2554189,0,0,20915205,3201462,21519233,0,0,0,0,14205707,2429191,11185918,2924417,30231872,12403863,616656,782174,9592634,13828726,3145468,1320065,146000,0,4313675,22657202,0,12007078,2554263,0,1680377,38898920,6847475,44127,1088967,30918351,38898920,905992,18926743,-12973494,22973777,18368044,42489503,30482425,0,0,0,1088967,0,9892295,0,479,211,855402,150645,1006047,27,0,47526,191229,185021,87737,160906,107290,12385,54189,6021,3098,417816,34731,212516,0,88330,31512,61790,8707,496846,40010,248543,0,103040,36805,71355,9448,2013
106370714,sharp grossmont  hospital,01oct2012,30sep2013,365,audited,incl. ind. audit adj.,san diego,14,1422,non-profit,general,comparable,,(619) 740-6000,5555 grossmont center drive,la mesa,91942-3019,michele tarbet,ceo,http://sharpnet/entities/hospitals/display.cfm,sharp healthcare,donna wells,sharp healthcare,0,05-0026,hsc30026g,zzt30026g,540,484,337,41887,16437,20972,14664,7409,0,16838,3159,1907,123273,8433,3815,3792,4400,1827,0,4828,1022,638,28755,470,46,0,18,6,0,104530,13033,0,4008,1702,0,26909,1428,0,259,159,0,62.5,69.8,4.3,4.3,0,0,0,130360,34797,24411,35178,19394,0,96678,10142,15560,366520,102359,35290,61431,114970,0,19,988336,503540,7421,5658,2602,1221,2967370586,2432678924,84867097,619558759,8402127,575702802,52258084,19298763,2202376,0,0,69354471,702389563,270872170,1994108853,640831965,275161557,283838230,236764090,128319237,0,301891316,55988883,24360249,1947155527,262577157,102018563,56298021,134399330,55723092,0,318194751,35737353,55266792,1020215059,739449760,359522026,252393562,294708700,-4947369,171451054,0,421884266,49040604,0,121547557,0,27628764,32515745,0,0,52351352,163959362,50173839,71286612,68036845,12591275,0,250553153,0,2957673,0,2871460,901674,14709844,0,0,122622915,68361995,167079466,0,0,0,4913,86805669,13391071,99566942,17869831,204629264,84981006,8940519,2413561,84097575,110701707,22812219,5161850,1779360,1673996,48511745,122802101,236643760,170100819,76747381,19674961,442618,626411640,48108564,0,66859901,511443175,626411640,8893540,245480699,-193189717,274826892,137541507,425196213,255095394,0,0,27415796,68462390,1602489,1292767,0,2924,1143,5193464,915573,6109037,690,0,211890,1248529,1915742,68828,366906,930288,78700,345522,25057,2002,1929278,852104,1329578,188,430020,218253,434023,20,2299699,1002264,1569831,188,484311,251051,501673,20,2013
106370694,sharp memorial hospital,01oct2012,30sep2013,365,audited,incl. ind. audit adj.,san diego,14,1416,non-profit,general,comparable,,(858) 939-3400,7901 frost street,san diego,92123-1489,tim smith,ceo,www.sharp.com,sharp healthcare,mildred a. reyes,sharp healthcare,2,05-0100,hsc30100f,zzt30100f,881,648,412,29297,17153,24185,10843,3883,0,60934,3072,1319,150686,5508,3841,3101,2505,804,0,14014,815,365,30953,841,0,0,40,0,0,143217,0,0,7469,0,0,30578,0,0,375,0,0,46.9,63.7,4.9,4.9,0,0,0,66044,70310,11965,13579,7435,0,161303,26043,26184,382863,73343,13296,71503,221820,0,29,1494406,1153920,8375,16637,5161,3501,3580674827,2870847978,215832793,925659642,15402064,795799104,145262602,36820627,973514,0,0,181109715,824029603,163646091,2592999133,562437005,317806858,295252221,146334066,71793648,0,910984235,52378698,22099005,2379085736,228887076,163647697,36007611,57439702,35813171,0,626106238,32537515,21150081,1201589091,667731416,471042014,227962106,169947868,0,100054217,0,1085694330,9458484,0,98564237,0,40393306,54921733,0,0,160911060,123592665,65334274,91806045,31669557,7552602,0,600241831,0,5462668,0,-15769419,1403007,32191520,0,0,146772385,48364990,291623059,0,0,2087114,112714,119311318,13811367,126702595,47013562,263894819,109067211,11004662,3469238,138941369,145108774,40706112,5994673,860280,14981728,61770238,1114064730,0,396475456,4606042,14156975,3186112,1532489315,72085449,367468,357902861,1102133537,1532489315,1079768,349472789,-247206433,525682699,237849808,779284234,382808778,0,0,351081012,364348219,6445358,967165061,0,3522,1336,6214998,1129122,7344120,1654,0,242717,1674042,2556145,40596,172499,1092508,67017,350291,9393,9790,2078730,621238,2089565,28849,519849,173005,689924,13838,2478485,736052,2466763,33736,591567,199546,822592,15379,2013
106370745,sharp mesa vista hospital,01oct2012,30sep2013,365,audited,incl. ind. audit adj.,san diego,14,1416,non-profit,psychiatric,comparable,,(858) 694-8345,7850 vista hill avenue,san diego,92123-1489,kathy lencioni,ceo,www.sharp.com,sharp healthcare,mildred a. reyes,sharp healthcare,0,05-4145,hsc30100f,,149,149,112,10097,3161,1374,0,0,0,22663,3178,576,41049,776,252,368,0,0,0,3811,554,100,5861,0,134,15,0,0,0,0,36766,4283,0,0,0,0,5121,740,0,0,0,75.5,75.5,7,7,0,0,0,46934,3256,186,0,0,0,37336,111,428,88251,188,0,0,88251,0,0,0,0,0,0,0,0,215986256,154482868,1492785,62996173,121502,64453216,-1335541,2377747,0,0,0,1042206,100378323,368291,115239642,33474872,10281687,4454188,0,0,0,72523593,9906765,1964342,132605447,39922997,3045836,106931,0,0,0,39427699,333024,544322,83380809,56558960,11639581,2428033,0,0,0,0,70000963,1114685,0,11133713,0,1606933,1470961,0,0,21824,16838909,3158903,1239162,0,0,0,41523996,0,235203,0,15397751,0,2285212,0,0,21379626,42318,14444638,0,0,0,4377,11771048,1142553,13636335,2032321,33670306,12622984,840847,48017,3426925,9522737,1391359,650313,249767,223279,1806682,78826571,0,3454293,1902304,0,24356,84207524,4338571,59055,4581175,75228723,84207524,716,24807773,-16780024,13596859,3391913,17958215,14503922,0,0,3791630,4591908,10733,70001388,0,450,139,824042,113095,937137,255,0,48564,355152,245969,32849,9559,65387,63908,1388,1126,140,352955,0,191185,169,136765,22468,120500,0,404156,0,216798,169,155013,25040,135961,0,2013
106374049,sharp vista pacifica,01oct2012,30sep2013,365,audited,incl. ind. audit adj.,san diego,14,1416,non-profit,specialty,comparable,,(619) 576-1200,7989 linda vista road,san diego,92123-1489,kathy lencioni,ceo,www.sharp.com,sharp healthcare,mildred a. reyes,sharp healthcare,0,,,,16,14,10,0,53,0,0,0,0,2787,78,441,3359,0,4,0,0,0,0,245,4,23,276,0,0,16,0,0,0,0,0,3359,0,0,0,0,0,276,0,0,0,57.5,65.7,12.2,12.2,0,0,0,0,35,0,0,0,0,4487,58,80,4660,0,0,0,0,0,0,0,0,0,0,0,0,10154452,5947125,34076,4241403,86,3055276,1186213,144398,0,0,0,1330611,3253150,4835841,2065461,0,91978,0,0,0,0,3877615,42265,541270,4553128,0,46143,0,0,0,0,5333499,81248,140434,5601324,0,138614,0,0,0,0,0,5244697,16712,0,123513,0,423589,26492,0,0,7584,0,25999,0,0,0,0,3974001,0,241403,0,671666,0,144398,0,0,1241823,290947,158483,0,0,0,0,511411,61257,630992,160363,1368480,502505,38748,0,137055,734392,84046,74106,19508,5015,91421,5041118,0,399754,0,0,0,5440872,191183,0,37625,5212064,5440872,34,1222522,-521313,539298,168409,1095472,695718,0,0,0,37625,0,4312804,0,19,5,34616,4080,38696,21,0,1824,16007,9444,1524,47,3462,2065,243,0,0,17028,6009,0,0,2648,1144,7787,0,18870,6638,0,0,2805,1360,9023,0,2013
106450940,shasta regional medical center,01jan2013,31dec2013,365,in process,incl. ind. audit adj.,shasta,1,209,investor,general,comparable,,(530) 244-5400,1100 butte street,redding,96001,randall hempling,ceo,www.shastaregional.com,prime healthcare services,jeff brown,hospital management services,3,05-0764,,hsp30132j,246,246,78,17625,828,2982,2983,0,2051,986,106,768,28329,4364,192,713,691,0,597,294,16,257,7124,246,0,0,0,0,0,28329,0,0,0,0,0,7124,0,0,0,0,0,31.6,31.6,4,4,0,0,0,25833,743,18404,8749,0,8144,3750,188,7708,73519,42152,0,0,36039,0,7,225292,111230,1726,1232,0,0,798835700,664476173,0,134359527,956968,128464583,6851912,1706937,15583,0,0,8543266,67344944,72021622,659469134,329189283,16386278,44499999,47234247,0,45208812,27746792,1750060,13068315,525083786,122491297,3483351,36866443,37782984,0,32673162,21141432,583331,18729914,273751914,377568919,13002422,65516704,64479913,-423419,0,19268722,3518801,39551319,0,8085309,0,73907483,0,0,0,0,66620068,2827254,5944619,8201292,0,31097362,11086545,35652,8546735,0,0,0,0,0,0,17996091,7180803,40144472,0,0,0,0,17187695,3502489,32552785,9900248,38701890,14737016,4954244,1148783,20906871,16631748,3009601,7846723,583956,248310,19695441,50012473,0,7712742,1908743,71026,0,59704984,14662713,2345650,0,42696621,59704984,3292974,100245812,-84830497,0,15794562,17826530,10113788,0,0,0,0,0,0,237047,637,243,1196085,133241,1329326,227,0,85692,434098,411998,3105,88153,98569,55876,13558,3007,2029,370113,107503,345521,0,190119,79166,103663,0,414416,117888,384904,0,209629,87235,115254,0,2013
106190708,sherman oaks hospital & health center,01jan2013,31dec2013,365,audited,incl. ind. audit adj.,los angeles,11,905,non-profit,general,comparable,,(818) 981-7111,4929 van nuys blvd,sherman oaks,91403,bockhi park,ceo,shermanoakshospital.com,prime healthcare services,jeff brown,hospital management services,0,05-0755,hsc30114h,,153,153,76,19585,1302,1898,1499,0,1612,0,18,1070,26984,3438,365,299,562,0,610,0,13,264,5551,112,19,0,0,22,0,17560,6935,0,0,2489,0,4684,844,0,0,23,0,48.3,48.3,4.9,4.4,0,0,0,15326,881,1065,6138,0,7545,0,137,6376,37468,21119,0,0,11754,0,9,99650,39080,517,345,0,0,297270731,221244737,0,76025994,270525,72094923,4201596,1266422,4,0,0,5468014,76527135,48823772,171919824,149011304,10793720,20503159,17495129,0,21054143,0,278198,8258219,227393872,25152279,1796939,2055264,11361585,0,16914629,0,274320,12321843,69876859,130442817,5368008,11329762,21012670,0,0,18127347,0,31769610,0,3194523,0,0,0,0,0,0,38168947,1602048,11228661,7844044,0,8569307,0,0,8612987,0,225689,0,0,0,0,17541575,4204413,14482443,0,0,0,0,9946125,2614282,20075396,3230689,25908602,8392167,921479,1638449,7249833,10124814,3482311,1164128,611330,16412,12585398,42130515,0,47675592,2732429,0,0,92538536,6507035,0,0,86031501,92538536,3086663,75497423,-58964883,34289320,13220515,54312383,6636791,0,0,0,0,0,0,553364,460,199,909821,82567,992388,182,0,44691,270198,252121,42646,98902,65526,72264,28036,20513,14924,408269,78464,134404,0,174302,48362,66020,0,446742,85339,144775,0,188662,55557,71313,0,2013
106190712,shriners hospitals for children - los angeles,01jan2013,31dec2013,365,audited,excl. ind. audit adj.,los angeles,11,925,non-profit,childrens,other non-comparable,,(213) 388-3151,3160 geneva street,los angeles,90020,lou lazatin,ceo,http://www.shrinershq.org/hospitals/main,shriners hospitals for children,kit wong,shriners hospitals for children-los angeles,0,05-3310,,,60,30,30,0,0,0,0,0,0,0,0,888,888,0,0,0,0,0,0,0,0,351,351,60,0,0,0,0,0,888,0,0,0,0,0,351,0,0,0,0,0,4.1,8.1,2.5,2.5,0,0,0,0,0,0,0,0,0,0,0,10507,10507,0,9786,0,0,0,2,89909,55437,326,721,0,0,167403,0,0,167403,1737,27798150,-27629010,0,0,0,0,-27629010,167366,0,37,0,0,0,0,0,0,0,0,0,0,0,0,0,0,0,0,0,0,0,0,0,0,0,0,0,0,0,0,0,0,0,0,0,0,0,0,0,0,0,0,0,0,0,0,0,0,0,13591728,0,0,0,0,0,0,0,0,0,0,0,0,0,0,0,0,0,0,0,0,0,0,0,0,0,0,1206632,0,15730970,3318986,0,0,20256588,19463587,1,0,793000,20256588,139424,1881671,-1574701,39406269,9632483,49958023,34227053,0,0,0,0,0,0,0,0,0,0,0,0,0,0,0,0,0,0,0,0,0,0,0,0,0,0,0,0,0,0,0,0,0,0,0,0,0,0,0,0,2013
106344114,shriners hospitals for children northern california,01jan2013,31dec2013,365,audited,excl. ind. audit adj.,sacramento,2,311,non-profit,childrens,other non-comparable,,(916) 453-2000,2425 stockton boulevard,sacramento,95817,margaret bryan,administrator,,shriners hospitals for children northern california,kimberley hamersley,shriners hospitals for children northern california,0,,,,80,50,17,0,0,0,0,0,0,0,0,6362,6362,0,0,0,0,0,0,0,0,1157,1157,60,0,0,20,0,0,5778,0,0,584,0,0,1130,0,0,27,0,0,21.8,34.9,5.5,5.5,0,0,0,0,0,0,0,0,0,0,0,20404,20404,0,19495,0,0,0,3,133757,36773,1150,909,0,0,0,0,0,0,31229717,58980120,-27750403,0,0,0,0,-27750403,0,0,0,0,0,0,0,0,0,0,0,0,0,0,0,0,0,0,0,0,0,0,0,0,0,0,0,0,0,0,0,0,0,0,0,0,0,0,0,0,0,0,0,0,0,0,0,0,0,0,0,0,0,0,0,0,0,0,0,0,0,0,0,0,0,0,0,0,0,0,0,0,0,0,0,0,0,7445602,0,79052980,0,100000,0,86598582,38291274,364000,0,47943308,86598582,393873,36860,0,111880274,26392922,145187351,66134371,0,0,0,0,0,3991062,36097668,0,0,0,0,0,20,16,0,0,0,0,0,0,0,0,0,0,0,0,0,0,0,0,0,0,0,0,0,0,0,0,0,0,2013
106291023,sierra nevada memorial hospital,01jul2012,30jun2013,365,audited,incl. ind. audit adj.,nevada,2,301,non-profit,general,comparable,rural,(916) 851-2183,155 glasson way,grass valley,95945,katherine a. medeiros,president/ceo,www.snmh.org,sierra nevada memorial hospital,patricia f. skarshaug,dignity health,0,05-0150,,zzr00150f,121,121,66,11910,1358,2470,0,763,506,1843,136,518,19504,3013,363,741,0,229,152,543,40,155,5236,104,0,0,0,17,0,16888,0,0,0,2616,0,5064,0,0,0,172,0,44.2,44.2,3.7,3.3,10,1016,489,68710,11395,16979,146,7063,6046,22957,1300,6126,140722,29972,3141,12528,94772,0,8,221134,166241,2732,2605,374,115,452434235,327558947,1267864,126143152,3448872,130155373,-563349,19177041,211328,0,0,18402364,67178962,74847063,310408210,139025498,17451462,24106009,0,11608212,7305950,25644534,1923503,7337013,234402181,97439973,16025067,25814667,50509,10659576,8025838,48202135,2071648,9742641,218032054,158552924,28451108,36450538,50322,0,19047049,11114841,51612543,10560303,0,5867695,0,5851624,0,0,0,1267864,77484626,4854314,12754001,187,2526946,3247636,20918631,0,4356811,0,-2332677,135593,18157947,0,0,23529968,14626026,39382854,0,0,0,0,19686875,3597249,25623362,3709039,62154006,24644777,4672636,1731002,14396916,11100663,4831334,683086,1020000,841419,4079534,78414676,112532561,35283963,495266,2395559,0,229122025,16564871,0,15727857,196829297,229122025,698125,66835979,-47650064,61393568,41110620,107409157,72125194,0,0,14741408,18201121,2473264,0,186597,610,218,1497069,204776,1701845,112,0,79795,304244,314750,4793,125336,158288,76705,0,7679,425479,236994,202248,289651,0,507069,64812,196295,0,293645,232316,346658,0,536797,74221,218208,0,2013
106540798,sierra view district hospital,01jul2012,30jun2013,365,audited,incl. ind. audit adj.,tulare,9,613,district,general,comparable,,(559) 784-1110,465 w. putnam st.,porterville,93257,donna hefner,ceo,,sierra view district hospital,"rodney a. phillips, cpa","rodney a. phillips, cpa",0,05-0261,,zzt30261f,163,163,163,13615,1298,15470,4710,717,328,1116,259,1193,38706,2334,205,1550,1629,81,24,296,16,552,6687,128,0,0,0,35,0,26655,0,0,0,12051,0,6665,0,0,0,22,0,65.09999999999999,65.09999999999999,5.8,4,10,3149,1704,70725,5891,13935,42233,1585,7434,42447,283,9340,193873,43850,0,0,145622,0,4,151091,180982,2890,3033,1157,528,574425595,443536464,0,130889131,2227698,125622802,7494027,3179610,4783189,0,0,5890448,71746980,50787570,451891045,119776771,10907993,73034073,43021739,5222028,4690929,26578920,2190611,12046825,297469889,104848186,9696249,18723182,58208729,2793438,10058919,59700313,1551611,11375079,276955706,186716969,16925911,63141841,80197319,-1944219,6992043,8793303,48096918,21628077,0,11678069,0,1310233,0,0,0,0,37907988,3678331,26980470,16869988,829900,5956545,38182315,0,483594,0,0,69342,1980079,948011,0,22644809,9551574,49076172,0,0,0,0,18547526,6541972,12684480,6576269,54321096,15491784,4990845,3160474,21274011,10256521,7577011,1670122,859348,1174966,4846624,75316339,156706399,88211808,5215245,2923539,0,328373330,32603479,0,75214443,220555408,328373330,47354950,160358804,-139742368,109856670,60175144,187325453,99113645,0,0,73498204,79807647,4593204,0,0,866,284,1568328,277325,1845653,59,0,126420,372272,376569,56854,135744,311304,130515,14607,21832,22211,406440,138867,430325,0,291993,145865,154838,0,484537,166947,509571,0,334469,168215,181914,0,2013
106342392,sierra vista hospital,01jan2013,31dec2013,365,audited,incl. ind. audit adj.,sacramento,2,311,investor,psychiatric,comparable,,(916) 288-0300,8001 bruceville road,sacramento,95823-3329,mike zauner,ceo,www.sierravistahospital.com,"universal health services, inc.",ruth ann smotherman,"universal health services, inc.",0,05-4087,hsc34087g,,120,120,102,7306,514,7836,0,4769,2120,13774,1190,37,37546,744,69,964,0,545,533,2452,456,4,5767,0,120,0,0,0,0,0,37546,0,0,0,0,0,5767,0,0,0,0,85.7,85.7,6.5,6.5,0,0,0,1025,148,0,0,0,441,2838,0,14,4466,0,0,0,0,0,0,0,0,0,0,0,0,48766555,15056507,0,33710048,22687,23265557,10467178,140104,82607,0,0,10524675,43967155,2922100,1877300,9375618,582063,9575694,0,5785391,2601506,16442229,1436525,45429,45844455,673768,97777,0,0,0,291556,1849912,0,9087,2922100,2655633,186979,3239582,0,0,1672447,472307,3640573,926861,0,1390164,0,871961,0,0,0,0,7151397,451880,5822939,0,3576063,2338186,14276603,39500,53480,0,0,0,0,0,0,10508547,504000,967131,0,0,0,0,4063246,1863055,4176440,1183138,12461368,2041094,2348379,0,1274875,1449410,1286454,54258,78200,0,2271519,5748743,0,19029107,1182947,3902350,479417,30342564,2125171,0,0,28217393,30342564,0,6471184,-987644,15598020,4615685,22860845,3831738,0,0,0,0,0,3085167,0,219,49,407329,49080,456409,16,0,59808,171362,82726,19095,0,43360,14218,16760,0,0,231005,10663,0,0,77439,42259,45963,0,259918,11967,0,0,85874,47998,50652,0,2013
106400524,sierra vista regional medical center,01jan2013,31dec2013,365,audited,excl. ind. audit adj.,san luis obispo,8,801,investor,general,comparable,,(808) 546-7600,1010 murray avenue,san luis obispo,93405,joseph deschryver,ceo,www.sierravistaregional.com,tenet healthcare corporation,christina kim,tenet healthcare corporation,3,05-0506,hsc30506f,zzt40506f,164,164,63,5962,757,3878,2141,367,773,8599,193,207,22877,1545,214,538,552,96,186,2110,50,67,5358,164,0,0,0,0,0,22877,0,0,0,0,0,5358,0,0,0,0,0,38.2,38.2,4.3,4.3,17,2459,977,14533,981,1813,5056,500,1587,16837,108,2546,43961,20870,157,0,23062,0,8,241860,148245,2114,1536,804,480,674617812,535213831,0,139403981,1581121,127812455,13172647,121084,127813,0,0,13165918,170737052,55074943,448805817,148254460,20803702,62366367,39546191,7884887,17789900,175433236,3981238,5160804,481220785,52974558,8657910,7311456,20213878,3644134,11260599,78021309,935361,10377822,193397027,178297551,26229056,61491009,43299333,0,11009860,24137773,169802537,5859417,0,4835574,-82033,10333754,0,0,0,0,22931467,3232556,8053187,16460736,601194,4315672,78442943,214652,5151574,0,0,0,0,0,0,23433878,9397097,40823593,0,0,0,0,15192783,8415363,27327145,3222596,44017228,17788989,4796601,1393029,15029889,19069769,6317212,1051438,621477,122798,17604025,30691911,0,72567899,787019,27299163,8490270,139836262,12750215,1043235,1863338,124179474,139836262,600,52810077,-29719876,75316992,39775977,127710864,55142965,0,1863338,0,1863338,0,27273106,0,514,212,911857,165571,1077428,189,0,80884,193121,390312,0,41946,172127,13990,10790,8687,0,321867,65134,303352,0,79314,61723,80467,0,375590,74228,365685,0,89963,70697,101265,0,2013
106190661,silver lake medical center,01jan2013,31dec2013,365,audited,excl. ind. audit adj.,los angeles,11,925,investor,general,comparable,,(213) 989-6128,1711 west temple street,los angeles,90026,brent cope,ceo,www.silverlakemc.com,success healthcare llc,donna talbot,"the talbot group, llc",0,05-0763,hsc30725f,,235,211,155,25482,1192,24451,1952,98,229,645,193,117,54359,2559,185,2421,399,18,49,150,42,25,5848,88,147,0,0,0,0,14408,39951,0,0,0,0,2013,3835,0,0,0,0,63.4,70.59999999999999,9.300000000000001,9.300000000000001,0,0,0,13826,262,219,718,0,1394,2025,32,657,19133,0,8495,0,1709,0,2,20726,18549,607,493,0,0,192553580,117181547,0,75372033,2687047,77212165,846915,763757,0,0,0,1610672,92435707,11272807,88845066,80963160,3961224,69884859,9932896,241849,3064995,3688396,811284,487951,173036614,11303896,437473,420709,773533,0,3667569,2081451,38850,793485,19516966,60063667,2749121,41789895,7486736,-7022678,183594,5574440,3895274,981919,0,850134,0,629445,0,0,0,0,31742337,1649576,35538351,3219693,58255,1158124,1874573,0,131124,0,0,0,0,0,0,17417481,2815564,11078489,0,0,0,149215,10553845,2445284,20294360,12457927,32321558,5565093,1372180,695005,6165671,3714851,650017,5931344,331473,3959031,16505942,39717792,0,2737596,303094,0,6716891,49475373,61656122,250990,0,-12431739,49475373,0,41662969,-33597961,0,4830565,6090311,3352715,0,0,0,0,0,25228864,9881976,541,220,1038559,96689,1135248,130,1,94315,254386,230855,65454,161978,183955,36840,0,0,10776,505214,60884,124746,5024,150918,73566,118207,0,546407,68171,134121,5468,171343,80376,129362,0,2013
106560525,simi valley hospital & health care services - sycamore,01jan2013,31dec2013,365,audited,incl. ind. audit adj.,ventura,10,813,non-profit,general,comparable,,(805) 955-6000,2975 n. sycamore drive,simi valley,93065,kim milstien,ceo,www.simivalleyhospital.com,adventist health,scott yasuda,hfs consultants,0,05-0236,hsc30236f,zzt30236f,144,144,68,11147,1043,1195,1309,0,163,6177,180,637,21851,1994,270,286,350,0,74,1945,52,161,5132,144,0,0,0,0,0,21851,0,0,0,0,0,5132,0,0,0,0,0,41.6,41.6,4.3,4.3,7,1106,566,18657,2113,1621,7274,0,569,28200,508,3983,62925,30591,0,10977,20929,0,6,144900,139865,1250,2690,438,184,466070184,353224763,0,112845421,2111758,117030392,-2073213,1368116,368175,0,0,-1073272,88982358,75006378,302081448,134069755,17904008,15866144,15840504,0,2908438,68130270,1906324,9743436,266368879,39699613,14219374,9592307,20619596,0,3264185,94036624,2440763,15828843,199701305,144036655,25699287,15959647,32851624,0,0,4839159,96495526,6623636,0,6170403,-14447,20563273,0,0,0,0,29555687,6367155,7529901,3440339,0,1294135,63785751,0,872453,0,0,402213,179541,0,0,16619289,8719996,35233019,0,0,0,0,20615414,4239765,22520223,9082686,44145071,16228480,2676066,1696677,14465781,14757891,5940845,1817543,1200741,2387211,11714086,20005481,24513423,87008259,41240719,1986603,0,174754485,83414391,13912965,128387119,-50959990,174754485,1870170,62575951,-49760448,110479886,33153109,155390985,68382726,0,12538,127791197,132168876,3781757,2759,713617,617,239,1114624,177629,1292253,259,0,72683,268832,354801,15577,125226,209530,49334,9392,1743,7506,320818,118813,318253,0,128605,94809,133326,0,369185,139367,375249,0,151122,106630,150700,0,2013
106491267,sonoma developmental center,01jul2012,30jun2013,365,audited,excl. ind. audit adj.,sonoma,3,403,state,specialty,state,,(707) 938-6000,15000 arnold drive,eldridge,94531,karen faria,executive director,,state of california,vu tran,department of developmental services,0,05-0547,,,1388,1388,495,1100,0,177810,0,0,3,0,0,8081,186994,2,0,34,0,0,0,0,0,4,40,13,0,0,0,1375,0,1350,0,0,0,185644,0,3,0,0,0,37,0,36.9,36.9,4674.9,450,0,0,0,0,0,0,0,0,0,0,0,0,0,0,0,0,0,0,0,0,0,0,0,0,0,154140818,1652442,0,152488376,0,154140818,-1652442,1652442,0,0,0,0,139614948,0,14525870,0,0,0,0,0,0,0,0,0,0,0,0,0,0,0,0,0,0,0,0,683072,0,877839,0,0,0,13,0,0,0,0,0,91518,0,0,0,0,0,0,0,0,0,0,0,0,0,0,0,0,0,0,0,0,0,0,0,0,0,0,0,0,0,0,0,0,0,0,0,0,0,0,0,0,0,0,0,0,0,0,0,0,0,0,0,0,0,0,0,0,0,0,0,0,0,0,0,0,0,0,0,0,0,0,0,0,19,0,0,0,0,0,0,0,0,0,0,0,0,0,0,0,0,0,0,0,0,0,0,0,0,0,0,0,2013
106491076,sonoma valley hospital,01jul2012,30jun2013,365,audited,incl. ind. audit adj.,sonoma,3,403,district,general,comparable,,(707) 935-5000,347 andrieux street,sonoma,95476,kelly mather,ceo,www.svh.com,sonoma valley healthcare district,derek f. petrak,"petrak & associates, inc",0,05-0900,,,83,65,41,7931,0,567,1789,168,1543,401,13,180,12592,1028,0,138,127,45,276,100,5,34,1753,56,0,0,0,27,0,4968,0,0,0,7624,0,1366,0,0,0,387,0,41.6,53.1,7.2,3.6,3,337,154,27195,0,1493,1957,977,22359,3649,36,2199,59865,9395,0,12068,38556,0,3,53415,70808,425,1092,123,35,189667448,148134175,3825995,45359268,1878291,54274650,-7037091,8995828,0,0,0,1958737,30481028,29449479,129736941,51905452,0,4021624,7879868,2414689,14150581,4950226,158473,1571569,87052482,40957249,0,3326742,6526681,2964172,40077444,4247132,102404,4413142,102614966,74834531,0,5303479,11884283,0,4769691,35956879,9155261,2901254,0,732791,0,2596006,0,0,0,3825995,16506799,0,1849307,2290361,522395,17378525,3868092,12453,2931336,0,0,4091323,26762,4797081,0,8861585,6312594,18403628,0,0,0,0,10742878,2101840,6624633,1227492,22841910,8817656,3923591,2119050,6386720,5009999,2132705,678259,200819,721565,1442376,18863936,8718578,9792773,32683556,222064,0,70280907,21602918,0,37820461,10857528,70280907,2374619,25425710,-19707694,22209598,18948816,42486212,32693439,0,2902331,35307223,38615465,795004,0,0,302,93,573911,72393,646304,308,0,35673,118515,134067,0,52820,128300,72027,14716,6251,11542,132536,57151,155357,0,128004,46151,54712,0,153259,64682,173682,0,141795,51203,61683,0,2013
106554011,sonora regional medical center-greenley,01jan2013,31dec2013,365,audited,incl. ind. audit adj.,tuolumne,6,513,non-profit,general,comparable,rural,(209) 536-5000,1000 greenley road,sonora,95370,andrew jahn,president/ceo,www.sonoramedicalcenter.org,adventist health,jay whitcomb,sonora regional medical center,0,05-0335,hsc00335f,zzr00335f,152,152,119,12579,525,25181,177,704,1018,2499,25,733,43441,2737,70,648,74,187,183,854,2,183,4938,84,0,0,0,68,0,19212,0,0,0,24229,0,4854,0,0,0,84,0,78.3,78.3,8.800000000000001,4,6,1151,526,186945,4609,48529,7260,17911,19718,83147,691,13264,382074,27605,197355,36049,112027,0,6,181050,250500,1442,4428,340,196,755533405,558079188,0,197454217,2835414,190056986,10232645,9280409,5726896,0,0,13786158,97256324,103110667,555166414,190239376,5412706,45375210,3299891,13342606,11411400,46283195,2293271,5269878,322927533,218539286,6270385,45575417,5161905,20195947,20499671,103448629,1739591,11175041,432605872,324663043,9409455,60248807,7464073,0,28357752,12622382,89578543,7347087,0,6544123,0,11843923,0,0,0,0,83181140,2097067,30260345,977457,4927388,13119178,57700853,32781,5158008,0,0,0,1215568,0,0,21025060,51726616,57134973,0,0,0,0,26420555,7560562,21566837,4622383,64929103,31629157,21356794,2976788,28488959,22503828,5243601,3394241,874368,1814539,6845608,82418779,1455875,54494737,1408105,1161969,0,140939465,17196122,169722,45625550,77948071,140939465,48848796,118655545,-90618250,59214210,36081657,110957815,56463078,3052818,0,38871041,47414354,1788804,566041,812177,1108,265,1921360,387453,2308813,180,0,94956,435192,387499,56204,104298,533469,96599,209565,3560,18,315497,549290,453357,0,254450,156048,171875,20843,379587,643213,588624,0,303227,177669,193273,23220,2013
106190380,southern california hospital at hollywood,01oct2012,30sep2013,365,audited,excl. ind. audit adj.,los angeles,11,925,investor,general,comparable,,(323) 462-2271,6245 de longpre,hollywood,90028,david topper,ceo,www.altahospitals.com,"alta hospitals system, llc",eric thaichareon,"alta hospitals system, llc",0,05-0135,hsc30135i,,579,427,427,39714,4334,26964,8999,412,1128,1864,92,2508,86015,5657,753,3643,2099,54,211,452,24,510,13403,379,129,18,32,21,0,41087,36965,3339,2764,1860,0,7628,4536,754,261,224,0,40.7,55.2,6.4,6.4,0,0,0,9178,2289,1235,5586,24,821,4644,126,2953,26856,26584,0,0,7303,0,6,104839,81840,1081,1144,0,0,660105875,497047690,3264777,166322962,2803825,139971585,29155202,0,4184887,0,0,24970315,191595503,26488740,442021632,259448758,39447426,132941685,87671034,1467851,11091994,14842537,834708,14538703,562284696,34054244,8881315,4745726,20555895,99237,3492627,16399753,406278,9186104,97821179,216348282,43283742,82047378,88587563,-5040714,1551802,3708998,26886880,14690576,0,15968459,0,9014724,0,0,0,3264777,77154720,5044999,51541220,14051420,15286,10875623,7620187,0,19507,0,0,0,0,0,0,37283017,5648779,29818408,0,0,0,0,18093921,4458608,39943252,4725600,56032215,14582636,2193779,3291785,12575204,19686974,3304750,1055819,1680296,390755,25177372,146988677,0,46840496,1994759,0,47046052,242869984,123370385,9518694,9005096,100975809,242869984,13064169,104780615,-76370029,25412979,21901038,63811528,16971032,0,1962977,0,9704895,699799,91599445,90849411,1081,463,1984057,302642,2286699,577,0,142950,442497,642723,168611,118484,287554,112101,31008,34058,4071,948710,102866,386704,0,281110,67585,197082,0,1089408,113869,459257,0,324890,75754,223521,0,2013
106141338,southern inyo hospital,01jul2012,30jun2013,365,audited,incl. ind. audit adj.,inyo,12,1201,district,general,comparable,rural,(760) 876-5501,501 east locust street,lone pine,93545,lee barron,administrator,www.sihd.org,southern inyo healthcare district,scott jackson,"tca partners, llp",0,05-0388,,zzt30388f,37,37,37,482,0,9247,0,0,351,0,0,837,10917,56,0,45,0,0,17,0,0,12,130,4,0,0,0,33,0,173,0,0,0,10744,0,63,0,0,0,67,0,80.8,80.8,84,2.7,0,0,0,2634,0,2627,0,0,4043,0,0,763,10067,1198,6131,0,3012,0,0,0,0,0,0,0,0,9405129,1737375,0,7667754,234661,9126283,-1223868,1352932,0,0,0,129064,3296248,1594060,4514821,778285,0,3165313,0,0,87615,0,0,367609,4398822,1946450,0,782267,0,0,1492518,0,0,785072,5006307,388721,0,497917,0,0,0,50719,0,444790,0,25965,0,329263,0,0,0,0,2336014,0,3449663,0,0,1529414,0,0,352663,0,0,505255,1586,846091,0,1842401,1614768,1709679,0,0,0,0,1661619,1188828,790509,318479,4020411,1010539,643485,775164,723940,619576,368725,260182,78401,82760,543100,1843988,70754,2109714,590592,0,0,4615048,1761395,0,1700000,1153653,4615048,27389,1944219,-1033000,2905749,4351058,7310011,5200297,0,1942971,0,1942971,242971,0,0,85,32,166491,15105,181596,10,0,23365,19208,11012,14844,36282,28125,24302,5524,3829,0,59242,17387,23068,0,38598,19296,8900,0,64151,18590,25417,0,41663,21557,10218,0,2013
106334068,southwest healthcare system-murrieta,01jan2013,31dec2013,365,audited,incl. ind. audit adj.,riverside,12,1109,investor,general,comparable,,(951) 696-6000,25500 medical center drive,murrieta,92362,gino patrizio,ceo,www.ivrmc-rsmc.com,"universal health services, inc.",jeff brown,hospital management services,2,05-0701,hsc30701f,,252,252,149,12214,13500,3827,6130,1799,1603,11218,498,3165,53954,2637,3338,1234,1727,368,541,4093,159,823,14920,252,0,0,0,0,0,53954,0,0,0,0,0,14920,0,0,0,0,0,58.7,58.7,3.6,3.6,15,6458,3200,8621,7695,5298,17076,1596,5956,25514,1628,14520,87904,79684,0,0,15583,0,9,476234,209752,3722,2686,2275,916,771362151,555028675,0,216333476,7226581,227292711,-3732654,2396831,284284,0,0,-1620107,124631762,135047825,511682564,112597166,131138135,28602882,51437114,13840001,15389905,112608911,1941407,33331653,500887174,33863699,38766840,11164838,41186883,5539215,16196866,87314069,5917729,30524838,270474977,109739149,121865761,32206153,79254020,0,19379216,23146699,100688296,50681565,0,18067816,0,0,0,0,0,0,36307896,48039214,7561567,13369977,0,8440072,99234684,0,3380066,0,0,0,76105,0,0,49632491,18291316,67685683,0,0,0,0,27175951,7381319,41042880,16083071,82427564,31831783,4473653,18657269,31946714,20671857,15065019,6052209,1118398,13988,15034257,47120413,0,129231133,0,133650576,5027761,315029883,159576951,0,0,155452932,315029883,226235,61413568,-31368462,105816087,72539018,190726503,61495370,0,0,0,0,0,133635750,130430075,1163,451,2214625,285638,2500263,404,0,292412,626129,759126,7280,108274,279400,59875,0,63576,18553,761586,273502,593666,0,242890,102625,240356,0,869908,302064,674681,0,271444,114591,267575,0,2013
106100899,st. agnes medical center,01jul2012,30jun2013,365,audited,incl. ind. audit adj.,fresno,9,605,non-profit,general,comparable,,(559) 450-3000,1303  east herndon avenue,fresno,93720,nancy hollingworth,ceo,www.samc.org,trinity health,jan roy,saint agnes medical center,0,05-0093,hsc00093f,hsp00093f,436,436,280,48125,4403,9304,12544,0,604,15563,1667,792,93002,9792,962,2369,3803,0,176,4592,528,207,22429,436,0,0,0,0,0,93002,0,0,0,0,0,22429,0,0,0,0,0,58.4,58.4,4.1,4.1,30,6690,3819,112815,1023,15192,53977,0,3589,115886,7093,14246,323821,74561,22166,0,232059,0,28,641731,525455,4521,8609,2415,1356,1615950462,1167200400,0,448750062,10084654,456306975,2527741,22967252,745332,0,0,24749661,239673045,260264624,1116012793,574809460,37378190,78850770,121669734,0,4069061,153902678,16100486,9998069,996778448,242504112,16299078,35988227,129027369,0,4912131,151473585,18834055,20133457,619172014,586696914,37934090,72550261,194620760,0,0,4681706,205650602,30131526,0,34934541,0,0,0,0,0,0,229604988,15557591,41433030,55770948,0,4170636,93833928,0,8378941,0,-2990000,286991,20961416,0,0,74892395,19985385,130387557,0,0,303475,0,80979420,6530789,116905990,26321964,151270696,51184414,8529834,30573375,69393107,34997685,26898404,3500129,734239,4038499,75186593,136021338,235777119,199319114,1831248,17538452,26660902,617148173,42389916,2070937,100621095,472066225,617148173,75653497,76393098,-24861762,287244493,199723455,502561050,303241936,0,0,0,102796652,2175557,0,102570802,2296,845,4225219,578058,4803277,765,0,194164,1085893,1331917,6757,403891,525705,363879,285583,14945,12485,1256807,304009,1004584,3477,980916,164849,483266,27311,1437914,339918,1154308,4183,1100747,190212,545789,30206,2013
106361339,st. bernardine medical center,01jul2012,30jun2013,365,audited,incl. ind. audit adj.,san bernardino,12,1209,non-profit,general,comparable,,(909) 883-8711,2102 n. waterman ave.,san bernardino,92404,steve barron,president,stbernardinemedicalcenter.org,dignity health,tm tolliver / s curtis,st. bernardine medical center,0,05-0129,hsc31029g,zzt62459g,463,347,190,14629,15309,12366,11048,890,1491,12241,996,244,69214,3105,3357,2178,2690,152,570,3849,176,48,16125,427,36,0,0,0,0,69214,0,0,0,0,0,16125,0,0,0,0,0,41,54.6,4.3,4.3,0,0,0,22589,7210,18646,54509,932,1859,19592,3159,12561,141057,75873,42727,0,27448,0,13,797606,240322,5397,4356,1475,577,1417514222,1102838875,0,314675347,2163973,328529706,-11690386,1471744,594268,0,0,-10812910,362130406,149849613,905534203,225080883,280522400,146194508,149866140,10050845,24001583,249304365,11778713,2952222,1099751659,48870474,43160872,36307286,90296840,437940,10352856,64358849,6153366,17824080,317762563,229906484,250981319,98859453,209700595,0,9821285,23915797,217138500,22834227,0,33968813,0,5712402,0,0,0,0,43834332,70251281,70377996,29521179,426321,8804458,90198617,0,1261163,0,-2057350,0,1059219,0,0,70429532,23514043,108019469,0,0,242263,0,45767474,7561799,61313078,11682048,103235325,59777554,12092155,5213244,58012249,35633535,8276877,1818469,5060596,4868279,34541423,80389746,6478077,55465566,12984941,1538917,0,156857247,59567636,10374756,86037436,877419,156857247,0,266642181,-214177387,102762314,149018135,259134785,203669219,83201362,0,0,90566749,4529313,2989728,0,1364,545,2463888,453648,2917536,378,0,161129,510303,923044,24851,127915,311675,204733,120078,56761,23399,810588,206879,684280,3314,365767,126649,266411,0,978264,250104,814383,3326,415240,146517,309702,0,2013
106521041,st. elizabeth community hospital,01jul2012,30jun2013,365,audited,incl. ind. audit adj.,tehama,1,211,non-profit,general,comparable,rural,(530) 225-6374,2550 sister mary columba drive,red bluff,96080,todd smith,president,www.mercy.org,dignity health,teresa chau,dignity health,3,05-0042,,zzr00042g,76,76,24,3815,58,2232,5,282,191,1038,105,132,7858,1377,22,921,2,100,69,422,38,48,2999,66,0,0,0,10,0,7849,0,0,0,9,0,2997,0,0,0,2,0,28.3,28.3,2.6,2.6,0,0,0,32623,459,18695,243,3444,3158,9726,2180,5942,76470,30580,0,9735,34451,0,5,89152,194672,763,2769,479,198,288507920,210629841,0,77878079,1217967,73407542,5688504,11489964,72430,0,0,17106038,42831686,86691344,158984890,50791717,625259,28901420,93016,3997704,2788703,15796077,1373930,1722258,106090084,70867464,854168,42975664,514378,8096891,7168334,31226543,5559974,15154420,182417836,96983247,1130033,55053881,73356,0,10869077,5516115,12511490,7532333,0,8806042,0,12154267,0,0,0,0,24377271,311545,16313137,353512,1083082,3695272,30915526,0,828734,0,-1873237,134692,11212640,0,0,9185812,12466120,20628705,0,0,0,0,14068429,1723750,12401124,2933602,29144422,17343264,1821169,1015478,6982261,8976112,2824608,894753,1248000,266467,2891008,140239883,7703488,9486695,5528526,541961,60000,163560553,8489955,1586125,3593593,149890880,163560553,31340786,47331868,-36521000,25444047,21224905,51828535,42341840,0,0,1729142,3718597,125004,0,326519,345,105,637261,87723,724984,73,0,72529,156799,164519,129,50184,112746,45786,26692,4574,3303,93835,150115,148921,0,134272,37092,73026,0,110495,169081,170123,0,148376,42752,84157,0,2013
106190754,st. francis medical center,01jul2012,30jun2013,365,audited,incl. ind. audit adj.,los angeles,11,923,non-profit,general,comparable,,(310) 603-6000,3630 e. imperial highway,lynwood,90262,gerald kozai,ceo,www.stfrancismedicalcenter.org,daughters of charity health system,kevin seeley,"steve clark & associates, inc.",2,05-0104,hsc30104f,zzt30104f,384,383,241,10951,6387,32198,22522,8113,99,3808,1878,1988,87944,1640,1289,6230,5902,2150,13,914,397,422,18957,314,40,0,0,30,0,70073,11056,0,0,6815,0,16738,1831,0,0,388,0,62.7,62.9,4.6,4.4,40,11364,4500,24403,13604,37897,58468,9776,6076,20190,9195,7250,186859,77218,44885,0,56923,5285,7,515868,1267513,3047,9430,3212,1974,1311916234,932456959,25360358,404819633,2456176,378087533,29188276,17616588,2230728,0,0,44574136,290864027,206430611,814621596,118634879,86676938,270694283,239527547,81317577,2052576,59402760,23973240,25387605,907667405,58889995,33050147,53907440,138066027,19853619,1729023,50817920,27607004,20327654,404248829,97236469,98234269,163614861,322404021,-33036749,92241587,1473124,72367302,11829702,0,72591936,0,33500437,5733643,14348327,0,5278388,80288405,27226459,177911507,64638292,8929609,2308475,43131766,0,385120,0,0,8181425,4359198,0,0,88624068,26119784,80018894,17983932,0,0,1069806,42650125,8681324,99700873,13238727,130998296,56099758,12111015,4638947,30202209,58141563,17704806,3897353,3465187,7026425,53801974,190407492,82256073,138140170,509380,57230,0,411370345,149457915,147676,109681355,152083399,411370345,27879420,291627460,-246255002,172350954,127660217,307407301,169267131,0,0,113225911,113225911,3544556,64839681,13989071,1722,674,3180266,423118,3603384,323,0,222275,767952,1043539,106491,231154,451191,255024,80699,21533,408,1106893,370650,643787,31540,504251,160792,362353,0,1267820,408579,730617,36314,572131,182047,405876,0,2013
106380960,st. francis memorial hospital,01jul2012,30jun2013,365,audited,incl. ind. audit adj.,san francisco,4,423,non-profit,general,comparable,,(415) 353-6000,900 hyde street,san francisco,94109,tom hennessy,ceo,www.saintfrancismemorial.org,dignity health,clement spring,dignity health,0,05-0152,hsc00152f,zzr00152f,288,205,107,14191,2208,3697,2906,0,450,8632,892,2374,35350,2375,398,692,546,0,78,1501,169,451,6210,233,35,0,20,0,0,24008,6327,0,5015,0,0,4592,1180,0,438,0,0,33.6,47.2,5.7,5.7,0,0,0,58949,4520,9106,5526,0,24004,149628,7927,23685,283345,32612,127590,0,125236,0,10,289847,179199,1652,1802,0,0,842957458,636830873,0,206126585,3641757,212527976,-2759634,17018929,2745976,0,0,11513319,306642593,92691599,443623266,230861302,40687582,49516205,49840389,0,9033237,154791057,20631856,54926124,610287752,52767440,9438265,4489176,16090483,0,8574524,97417872,20631857,23260089,232669706,236212665,39651488,37513495,58677600,0,0,11382081,130013066,21436012,0,44524232,0,57420234,0,0,0,0,45390057,10352513,15489292,7195370,0,3759270,118840746,1,5099336,0,-1012761,361401,13572736,0,0,48926622,15061664,50183600,0,0,2079,26896,22359443,4196607,55712355,16058710,90811132,27872226,8747759,3558352,24403266,25617664,9474491,1988571,1639004,1619485,16796026,55347544,118880932,90647223,4101908,12361011,0,281338618,37049244,0,43421868,200867506,281338618,0,194209314,-154793243,131553125,66070343,199942722,109295499,0,0,47497392,47497392,4075524,0,69978,809,245,1426014,287868,1713882,189,1,169552,370122,446791,10,52794,206171,124642,24412,9318,22202,429645,170343,346503,0,211416,52840,191113,24154,531142,204913,418793,0,245723,62522,222501,28288,2013
106281078,st. helena hospital,01jan2013,31dec2013,365,in process,incl. ind. audit adj.,napa,3,407,non-profit,general,comparable,,(707) 963-3611,10 woodland road,st. helena,94574,steven herber,ceo,www.sthelenahospital.org,st. helena hospital,julie vichi,st. helena hospital,0,05-0013,,zzr00013f,151,90,70,10443,458,1636,4437,1548,3761,123,66,201,22673,2510,161,324,633,257,1209,152,30,104,5380,91,37,0,0,23,0,17031,5642,0,0,0,0,4666,714,0,0,0,0,41.1,69,4.2,4.2,0,0,0,29267,1214,994,1497,799,28412,1524,371,10402,74480,7573,14088,0,50548,0,7,244816,200998,2109,3510,160,71,779352223,612327964,976970,168001229,7758760,178952804,-3192815,1661290,1144863,0,0,-2676388,143258527,53284397,582809299,288012731,17562154,32955355,34425001,23736773,99380183,5697064,2378996,6672683,510820940,121497546,4982617,13663955,12735239,8227890,89732711,3629085,1629241,12432999,268531283,344136397,19372666,25960367,40572123,0,26458243,125474966,5646502,4152291,0,8284079,0,12270330,0,0,0,976970,65159016,3161587,17663175,5793057,4007116,62610143,4634727,229054,4743354,0,-25071440,203004,295520,0,0,20294495,14905334,55485136,0,0,0,0,25983288,6906584,46175869,9202098,51405079,22465782,12041207,7236566,32930613,22473220,8097916,2394830,760440,2431128,16716023,44670698,1741991,75745692,8650037,13314666,0,144123084,52008097,0,62465830,29649157,144123084,0,125621110,-96640413,112394848,54648058,183439732,107694040,1007495,0,51010948,64168952,1703122,13603455,9650394,775,205,1652935,145991,1798926,122,0,178905,360988,317364,20909,79746,355729,136455,16296,7565,178978,301579,213919,413555,0,266486,174203,283193,0,332155,235681,445110,0,291032,189726,305222,0,2013
106171049,st. helena hospital - clearlake,01jan2013,31dec2013,365,audited,incl. ind. audit adj.,lake,1,115,non-profit,general,comparable,rural,(707) 995-5705,15630 18th avenue,clearlake,95422,david santos,ceo,,adventist health,duane barnes,st helena hospital clear lake,0,05-1317,,zzr00539g,25,25,16,2622,51,1099,360,383,32,373,32,269,5221,614,16,354,111,91,8,116,7,70,1387,25,0,0,0,0,0,5221,0,0,0,0,0,1387,0,0,0,0,0,57.2,57.2,3.8,3.8,0,0,0,52445,386,50701,14414,11387,859,11323,1461,6736,149712,19180,84903,0,44332,0,2,14854,32545,266,1615,115,51,208738126,144613974,104289,64228441,912632,67413523,-2272450,0,52175,0,0,-2324625,35477135,68854961,104406030,30648163,649923,14172824,5409949,5411112,330696,4934350,455220,3414893,65427130,60452556,1071114,37469468,12896518,11173938,1479424,9711597,1024420,8031961,143310996,68184256,1299918,31699119,14873811,-887082,13786845,918752,499605,6351137,0,3068468,0,4819145,0,104289,0,0,22916463,421119,19241427,3536945,2798205,891368,14146342,0,276572,0,0,0,0,0,0,8516066,19222469,14974310,0,0,0,0,9367821,3424279,9145667,2762911,23726008,8562988,10495033,2233775,5495857,9534047,1770539,995534,456481,1219524,2923737,15890043,839240,15207036,13444663,579917,2,45960901,8234790,0,59055985,-21329874,45960901,842941,34297706,-23895908,16276519,11953805,38167302,22960266,0,1000000,24323937,59697321,641336,579917,11527000,325,104,624588,84771,709359,65,0,55808,138811,114296,16236,75111,147475,43726,0,11686,21439,84920,232615,125658,0,76442,43788,61165,0,100059,262735,145555,0,83888,48470,68652,0,2013
106481015,st. helena hospital center for behavioral health,01jan2013,31dec2013,365,in process,incl. ind. audit adj.,solano,3,409,non-profit,psychiatric,comparable,,(707) 648-2200,525 oregon street,vallejo,94590,steven herber,ceo,http://www.sthelenahospital.org,st. helena hospital,julie vichi,st. helena hospital,0,05-4074,,hsp30182i,61,61,58,4562,7,3240,11,4829,2085,5020,0,445,20199,399,1,326,11,563,276,712,0,68,2356,0,61,0,0,0,0,0,20199,0,0,0,0,0,2356,0,0,0,0,90.7,90.7,8.6,8.6,0,0,0,708,0,0,0,0,4142,172,0,181,5203,0,0,0,0,0,0,0,0,0,0,0,0,75400431,53617128,0,21783303,279578,20735630,1327251,0,0,0,0,1327251,56329328,10336526,8734577,15135444,22884,10346460,36355,14585838,6305221,17305932,0,1316549,65054683,1412052,7,0,0,0,8230185,342728,0,360776,10345748,12048429,22818,7252134,26071,-17713,10541132,11739567,10403148,417521,0,293144,0,890877,0,0,0,0,4499067,73,3111795,10284,4044706,2795839,7245512,0,76027,0,0,0,0,0,0,8378931,698073,2479217,0,0,0,0,3955036,1223957,3584067,416349,9758069,3298409,790915,387393,1116583,4353402,273294,31262,120000,0,606303,3885299,0,1795621,0,0,0,5680920,821750,0,0,4859170,5680920,1500,19380670,-15542377,3239303,744249,4196797,2401176,0,0,0,0,0,0,0,143,66,277402,23631,301033,8,0,31670,43924,57989,24758,53592,29569,33093,0,0,2807,160609,11954,1470,0,50758,22807,29804,0,174476,13340,1548,0,54387,24750,32532,0,2013
106190756,st. john's health center,01jan2013,31dec2013,365,audited,excl. ind. audit adj.,los angeles,11,927,non-profit,general,comparable,,(310) 829-5511,2121 santa monica blvd,santa monica,90404,michael slubowski,ceo,www.stjohns.org,sisters of charity of leavenworth,catherine matsuda,"healthquest consulting, inc.",0,05-0290,,zzt30290f,266,233,153,24452,2426,1276,0,0,876,19604,1337,722,50693,5122,552,286,0,0,240,5270,253,213,11936,266,0,0,0,0,0,50693,0,0,0,0,0,11936,0,0,0,0,0,52.2,59.6,4.2,4.2,29,4382,1896,77401,21042,4943,0,0,9966,84861,2199,9533,209945,28815,47321,0,140286,0,14,875658,430050,4835,4220,1227,668,1020893858,713855171,0,307038687,3829100,371367839,-60500052,4232106,5762577,0,0,-62030523,207968671,71463785,741461402,344976680,44264132,18916561,0,0,12620019,282991649,7452353,6552434,717773828,122254018,19335805,6750993,0,0,7264178,129878041,4748877,12888118,303120030,384304086,49008276,5176856,0,0,0,11279765,230093360,7736817,0,12201230,0,14054781,0,0,0,0,82926612,14591661,20490698,0,0,4437616,182776330,0,1815770,0,0,0,1351446,0,0,43091612,19207324,109683970,0,0,0,0,38424744,12883329,59706740,88370120,83889225,43788238,2107077,5996265,51622836,55289593,92734584,2610149,2706770,2926237,27696865,88485658,0,21824988,1359449,0,400000,112070095,76413284,0,56891099,-21234288,112070095,658708,76209379,-40810658,76412698,175123869,305886185,284061197,0,0,0,93891099,37000000,0,0,1351,456,2582569,330124,2912693,372,0,172652,508650,712273,162662,0,924148,0,0,72939,29245,828619,321853,745533,0,289910,121952,274702,0,922496,356916,856484,0,330954,139138,306705,0,2013
106560508,st. john's pleasant valley hospital,01jul2012,30jun2013,365,audited,excl. ind. audit adj.,ventura,10,811,non-profit,general,comparable,,(805) 389-5800,2309 antonio avenue,camarillo,93010,laurie eberst,market ceo,www.stjohnshealth.org,dignity health,jeff wolf,"essential consulting, llc",0,05-0616,hsc30618g,hsp30618g,180,175,78,15634,2130,437,4758,0,313,2080,158,138,25648,2071,435,28,111,0,12,387,37,32,3113,81,0,0,0,99,0,13218,0,0,0,12430,0,3065,0,0,0,48,0,39,40.2,8.199999999999999,4.3,7,133,61,11462,3489,660,2556,0,3796,14082,660,2275,38980,19715,0,0,20599,0,3,100253,98462,796,1290,41,18,389483023,304189162,0,85293861,3430446,86167899,2556408,645800,241824,0,0,2960384,81359405,25581072,282542546,165528230,31161081,3515367,26501738,0,4283838,36058388,2270439,1937777,271256858,41582874,10600032,1275147,5080519,0,10134199,43782521,1299010,4471863,118226165,174999628,34588309,3324883,24930219,0,0,12003520,42080119,4911283,0,3560243,0,3790958,0,0,0,0,30046469,6876328,1436636,6613141,0,2183588,35083853,9206,3044640,0,0,0,645800,0,0,18140899,4296492,26377208,0,0,0,0,13893534,2241118,18291408,2927240,37765998,11214805,2450090,1607025,10264181,11467636,2422807,581922,854281,915515,6623639,26420133,8276205,24060419,8476353,0,0,67233110,10759682,0,19944311,36529117,67233110,10142922,50618573,-37551852,44213313,33472424,80314415,56253996,0,0,8521760,20466047,521736,0,11375597,404,162,768295,107630,875925,335,0,63484,157892,211961,42305,65118,85415,65645,41226,17343,17906,261704,49923,202449,0,130203,36522,87494,0,303511,56527,234560,0,143879,41040,96408,0,2013
106560529,st. john's regional medical center,01jul2012,30jun2013,365,audited,incl. ind. audit adj.,ventura,10,811,non-profit,general,comparable,,(805) 988-2500,1600 n. rose ave,oxnard,93003,laurie eberst,market ceo,www.stjohnshealth.org,dignity health,jeff wolf,"essential consulting, llc",0,05-0082,hsc30082f,zzt30082f,265,265,160,24727,4426,8763,3701,0,487,10607,676,1327,54714,4777,868,1852,761,0,95,2124,143,282,10902,242,0,0,23,0,0,49351,0,0,5363,0,0,10543,0,0,359,0,0,56.6,56.6,5,5,16,5367,2481,14933,3715,7149,14967,0,6502,22527,2199,8263,80255,50032,11918,0,22956,0,8,342104,145951,2316,1561,1626,855,997647557,755463595,0,242183962,5245796,256756441,-9326683,2779225,505032,0,0,-7052490,195574221,68297713,733775623,317025714,64014014,78959883,44751171,0,11317638,159968529,10037356,19533117,705607422,94712949,21896518,11918916,32326827,0,19967763,83315356,5867323,22034483,292040135,331143601,70500553,61214334,66331869,0,0,21086002,141028953,26287790,0,15904679,0,21965814,0,0,0,0,73038280,14557006,29041722,10588826,0,8028006,88297047,0,18633075,0,0,0,529551,0,0,48136758,10310676,78406190,0,0,0,0,35448892,6345287,60827014,17281624,99607504,31662812,9961614,3076940,31366230,32922494,11366097,1934458,2271996,7592890,24993406,59494578,12150381,135306141,3763505,0,0,210714605,35320089,0,151972581,23421935,210714605,387141,138792780,-102419098,193932008,89317900,300318747,165012606,0,0,91143480,158160205,6187624,2123756,60688070,1022,384,1953498,294653,2248151,335,0,153247,450000,655994,3834,87802,224589,155406,99783,51667,71176,557540,127900,567746,0,336353,77319,286640,0,658637,145146,663333,0,375992,86241,318802,0,2013
106121080,st. joseph hospital - eureka,01jul2012,30jun2013,365,audited,incl. ind. audit adj.,humboldt,1,105,non-profit,general,comparable,,(707) 445-8121,2700 dolbeer street,eureka,95501,joe mark,ceo,www.stjosepheureka.org,st. joseph health,jeff clark,"steve clark & associates, inc.",0,05-0006,,zzr00006f,189,189,136,15712,0,5271,0,1100,613,4632,72,851,28251,3273,0,1321,0,248,128,1094,17,200,6281,174,0,0,15,0,0,25635,0,0,2616,0,0,6096,0,0,185,0,0,41,41,4.5,4.5,8,1140,531,43181,0,23431,0,5034,5678,32863,1159,7195,118541,37002,0,0,83032,0,1,259154,261942,2057,3186,394,182,788822108,592342861,0,196479247,2205284,185103120,13581411,364512,1331423,0,0,12614500,116869372,84668474,587284262,198001194,0,64657004,0,15267923,9106710,69895035,1196015,12213894,370337775,170561243,0,69636842,0,14175360,21326501,122973485,2383514,17427388,418484333,305559769,0,109247579,0,0,25026791,16738267,108022032,12222252,0,9591814,0,5934357,0,0,0,0,63002668,0,22978664,0,4416492,12280084,76080783,98824,17621732,0,0,0,193383,0,0,28806320,8965949,68158370,0,0,0,0,28246014,4615232,38210085,8101150,51411796,30849623,8770628,8870270,29245637,23314152,10840359,1864181,972576,2577579,16386319,40082368,523070,200301146,12212171,3378915,269429,256767099,37524752,0,90823053,128419294,256767099,0,87574291,-63614909,206682591,85969295,300665696,100364550,0,0,90823053,90823053,0,0,1272201,814,267,1511574,189504,1701078,181,0,191607,306415,403855,1913,147092,224025,143214,85774,3328,4351,375721,88588,456988,0,283993,82263,212220,11801,426170,98842,522262,0,312430,93491,234385,13498,2013
106301340,st. joseph hospital - orange,01jul2012,30jun2013,365,audited,incl. ind. audit adj.,orange,13,1015,non-profit,general,comparable,,(714) 771-8000,1100 west stewart drive,orange,92863,steven c. moreau,president/ceo,www.sjo.org,st. joseph health,john willems,st. joseph hospital - orange,0,05-0069,hsc30069f,,491,379,214,21259,10289,9623,3379,2434,12417,16834,727,901,77863,4536,2377,2748,1021,672,3548,4645,249,310,20106,454,37,0,0,0,0,67023,10840,0,0,0,0,17820,2286,0,0,0,0,43.4,56.3,3.9,3.9,31,9786,4896,38090,24094,20279,9523,8223,35046,49047,33903,72152,290357,67702,31605,0,38730,3629,27,1743984,1097830,5608,12385,2999,1964,2093267916,1568960428,60004644,584312132,17111588,634658129,-33234409,87543318,10991463,0,0,43317446,246101943,153307792,1693858181,332479238,195888440,100447197,34127211,34335376,31250290,322060094,7824637,9716322,1068128805,243642592,163375182,80242015,37844685,28633603,20625251,381165520,22248198,47362065,1025139111,468521831,323691504,128698340,61738033,0,56865902,27805289,426749594,21242081,0,30072835,0,23575019,60004644,0,0,0,106871987,95576762,50858844,9932700,6103077,16000171,271905916,0,27062675,0,0,0,32034428,0,0,79975779,33128006,239674273,24567616,0,2135263,0,90200076,20530779,109830481,34615856,188184129,92779464,11594116,16377555,115185293,114215868,38181619,4474453,1640700,14807962,37216970,340121501,35662276,486012132,16430878,15085327,0,893312114,77044414,0,358875314,457392386,893312114,43589549,181114943,-111010753,545849346,360249623,933272758,447260626,0,0,364697523,364697523,5822209,0,0,2542,1002,4751308,691383,5442691,1132,0,451099,1150269,1372941,31106,551251,589587,448876,0,128732,27447,1127772,504887,1779817,26899,754687,54771,426938,75537,1289822,562529,2057549,30681,865329,63810,488644,84327,2013
106392232,st. joseph's behavioral health center,01jul2012,30jun2013,365,audited,excl. ind. audit adj.,san joaquin,6,507,non-profit,psychiatric,comparable,,(209) 461-2000,2510 north california street,stockton,95204,paul rains,president,www.stjosephscanhelp.org,dignity health,eric carino,dignity health,0,05-4123,,,35,35,33,4996,666,1,0,0,4738,1137,27,44,11609,771,103,1,0,0,730,175,5,7,1792,0,33,2,0,0,0,0,11092,517,0,0,0,0,1667,125,0,0,0,90.90000000000001,90.90000000000001,6.5,6.5,0,0,0,6,92,0,3,0,2794,5300,43,529,8767,0,0,0,4772,0,0,0,0,0,0,0,0,37829907,23684716,0,14145191,3270,14810304,-661843,435133,0,0,0,-226710,29010937,4294805,4524165,14118913,1908335,2165,0,0,13029434,3280388,75371,126268,32540874,1491,67040,0,772,0,1532184,3473873,15691,197982,5289033,7569104,995975,1737,130,0,0,6714863,3026344,685997,0,110338,0,4580228,0,0,0,0,4579145,690779,11,610,0,5958160,2867995,0,48491,0,0,0,435133,0,0,7300258,726779,798635,0,0,0,0,2592192,1353837,1807012,231591,8000380,2296429,722498,606875,449426,2020352,133032,102672,129000,2081,347559,7144138,0,1189288,223159,48420,0,8605005,2547949,0,375755,5681301,8605005,536111,6637727,-3938572,2516585,910459,4076974,2887686,0,0,0,375755,0,0,375755,101,49,198519,25562,224081,9,0,12428,45526,26295,40638,28622,21333,10531,0,6490,6656,113644,13861,5761,0,29265,22679,13309,0,127573,15456,7077,0,32558,25931,15486,0,2013
106391042,st. joseph's medical center of stockton,01jul2012,30jun2013,365,audited,excl. ind. audit adj.,san joaquin,6,507,non-profit,general,comparable,,(209) 943-2000,1800 north california street,stockton,95204,don wiley,president,www.stjosephscare.org,dignity health,eric carino,dignity health,0,05-0084,,zzr00084g,359,359,203,27123,6566,6508,15364,41,2083,9305,1007,1087,69084,5757,1386,1520,3475,9,471,2151,223,240,15232,359,0,0,0,0,0,69084,0,0,0,0,0,15232,0,0,0,0,0,52.7,52.7,4.5,4.5,16,4758,2112,148725,41131,24336,112568,2676,46788,91521,8161,15386,491292,54274,41136,21992,379395,0,9,510189,163009,3421,1728,1804,663,1821742683,1428387763,1360911,394715831,7410886,421540227,-19413510,37894205,2697363,0,0,15783332,437143065,167479951,1217119667,508950652,129049735,95236339,230074909,1021802,38721942,169629187,17099633,18438424,1208222623,188476664,50896183,30161591,142508591,3352084,60819544,104593263,11340225,21371915,613520060,587955386,144081250,78735544,331365358,0,4281897,55542078,149912754,46443802,0,30069694,0,0,0,0,0,1360911,107041362,35612343,43143251,41177480,91136,38426749,123061307,3,6162200,0,-4030437,0,12426114,0,0,74909513,30168677,139023891,0,0,218153,0,66393128,11297074,82061275,17468516,171873669,70417148,9677988,7324474,52125819,39622351,13364450,2536053,5397000,5826842,43374433,140561610,31989662,171356661,10047890,5217726,365677,359539226,46048204,2274920,102263179,208952923,359539226,19507095,285596804,-228506270,240091336,81560648,336007264,164650603,0,0,110874427,110874427,8611248,0,0,1788,488,3067830,786477,3854307,290,0,340615,714663,898445,48500,66377,563538,0,301171,1322,133199,774687,305028,1166271,2176,274990,209085,320217,15376,944538,365263,1475202,2612,358846,252084,437746,18016,2013
106301342,st. jude medical center,01jul2012,30jun2013,365,audited,incl. ind. audit adj.,orange,13,1011,non-profit,general,comparable,,(714) 992-3000,101 e. valencia mesa dr.,fullerton,92835,lee penrose,president/ceo,www.stjudemedicalcenter.org,st. joseph health,tim vanderford,hfs consultants,0,05-0168,hsc30168f,,362,362,214,24544,15415,4424,1805,2453,2275,19416,61,795,71188,4671,3032,823,369,526,528,4767,13,226,14955,304,0,0,30,28,0,58328,0,0,7758,5102,0,13797,0,0,664,494,0,53.9,53.9,4.8,4.6,38,4083,1958,52293,38149,9507,7923,7646,11019,123520,5157,195348,450562,56281,19160,0,361183,14340,17,550078,550162,4114,9206,1498,696,1666443828,1262055882,64663139,469051085,7411483,449226423,27236145,36561889,1022556,0,0,62775478,261123125,170798778,1234521925,296219242,161612370,54229523,20150982,30697538,21604620,276197418,699914,12351875,873763482,183715297,119490629,28178125,18204766,22049937,26629824,360284824,4533154,29593790,792680346,393360202,271366876,75183812,34748621,0,49320234,25746904,357715711,18193047,0,29631478,0,6788997,64663139,0,0,0,85789771,74051960,5325914,3504886,3226626,21833702,264630561,102389,10585276,0,-6095117,0,33382051,0,0,80379062,22596912,132395153,7639682,9330481,368493,0,59096681,8110599,100546665,28762695,141258074,66967844,8486726,5054813,59591635,88668364,26568234,5882647,2279783,12600058,31868245,197627913,242586216,321967253,226369985,10460400,5397480,1004409247,52682136,0,358374365,593352746,1004409247,122510317,159545525,-109643848,374548933,233879000,628198585,306231332,0,3773793,358124959,362349808,3975443,6409595,0,2166,793,3915633,642588,4558221,805,0,465351,1071469,1014791,5932,591246,501789,212234,0,38014,14807,1200307,253971,1236521,5679,606713,105325,507083,34,1391469,291105,1434604,6243,706732,125932,602102,34,2013
106434138,st. louise regional hospital,01jul2012,30jun2013,365,audited,incl. ind. audit adj.,santa clara,7,433,non-profit,general,comparable,,(408) 848-8607,9400 no name uno,gilroy,95020,jim dover,ceo,http://www.saintlouiseregionalhospital.org,daughters of charity health system,cheryl storey,moss adams llp,0,05-0688,,hsp30688g,93,72,31,5275,880,1371,874,0,45,2265,0,316,11026,1126,169,474,350,0,10,772,0,120,3021,72,0,0,0,21,0,11026,0,0,0,0,0,3021,0,0,0,0,0,32.5,42,3.6,3.6,18,1101,556,13151,1014,6190,9607,0,791,21740,0,4086,56579,26288,10219,0,20321,0,8,194572,191900,794,1677,437,118,421457072,343084286,0,78372786,307498,93405718,-14725434,1435673,1232023,0,0,-14521784,87821359,90256445,243379268,105621194,12942977,19496888,15169490,0,1489708,46566769,0,8818517,210105543,57782172,6492387,15827035,38764800,0,3599275,72149248,0,16736612,211351529,136303298,16363834,27202498,45854723,0,0,4193517,95813638,2208871,0,15143907,0,0,0,0,0,0,26779752,2906735,7522105,6707180,0,852316,21895770,0,11708928,0,0,883246,62374,0,0,19661383,7761064,21749678,0,0,0,0,13604548,2943977,23324193,4360875,41186776,14793836,4037548,2174859,7569072,8826357,3363507,697603,301060,2770469,7684631,25528829,248551,27639630,317440,0,0,53734450,45767074,0,46465430,-38498054,53734450,2533428,60861264,-49662173,28121852,29796927,81605377,53965747,0,0,47030460,47030460,565030,6991137,25703223,374,110,682867,129929,812796,186,0,55629,167317,195254,10096,20923,133748,64195,0,1550,34155,164505,70891,154001,0,127315,38718,127437,0,209819,83489,182665,0,145936,45504,145383,0,2013
106361343,st. mary medical center - apple valley,01jul2012,30jun2013,365,audited,incl. ind. audit adj.,san bernardino,12,1211,non-profit,general,comparable,rural,(760) 242-2311,18300 highway 18,apple valley,92307,alan garrett,ceo,www.stnart4health.com,st joseph health system,avie heilgeist,"healthquest consulting, inc.",0,05-0300,,zzt30300f,212,210,210,19906,11782,6148,8801,1064,3576,8947,1825,1549,63598,4980,2868,1730,2724,262,1034,2337,463,402,16800,212,0,0,0,0,0,63598,0,0,0,0,0,16800,0,0,0,0,0,82.2,83,3.8,3.8,10,3662,2283,14459,15867,23154,23517,616,22984,29255,2913,8974,141739,81424,44404,0,23018,1335,6,666425,687950,3365,6663,1898,597,1226810476,970773994,17534629,273571111,5343576,265717619,13197068,5720327,1077136,0,0,17840259,237217355,245400857,744192264,231627226,151368706,59383906,106166157,12783685,42520465,122665821,21528495,17326277,765370738,71781367,86571312,27354179,86256643,2212789,32034805,112420992,10717114,32090537,461439738,242930565,206018804,56452296,169551793,0,13601393,58196456,153137701,32290471,0,38029839,0,564676,12915601,0,0,4619028,60477201,44826021,30283237,22864187,1395081,16348576,86034695,0,11342113,0,-38015424,0,5630718,0,0,57711949,20301549,88901097,4338930,3184184,0,0,30610277,6701726,43984316,9983591,89897981,44402235,5719350,13032452,43568954,43313407,10401269,2765769,2185400,1773991,8656811,111468572,22403672,98724637,36302622,1711095,516180,271126778,56773025,0,34379434,179974319,271126778,45215615,160759026,-113022446,98059997,66956010,199799922,101075285,0,0,35323093,35323093,943659,0,0,1327,582,2491169,356497,2847666,170,0,170542,422877,884298,3529,235122,441128,234593,11347,87733,0,840036,289109,705841,0,380865,18489,256829,0,974181,326574,809507,0,429171,20938,287295,0,2013
106190053,st. mary medical center - long beach,01jul2012,30jun2013,365,audited,incl. ind. audit adj.,los angeles,11,933,non-profit,general,comparable,,(562) 491-9000,1050 linden avenue,long beach,90813,thomas salerno,ceo,www.stmarymedicalcenter.org,dignity health,"eddie arvayo, cpa",dignity health,2,05-0191,hsc30191h,zzt30191h,302,302,131,15393,3129,12460,8340,1247,2470,1444,1858,1277,47618,2412,909,2712,2411,417,440,369,624,412,10706,256,0,0,46,0,0,42394,0,0,5224,0,0,10330,0,0,376,0,0,43.2,43.2,4.4,4.4,25,6186,2457,50266,10224,59982,40329,13717,12947,27753,20494,14980,250692,55919,80295,0,120664,1048,18,155744,246102,1112,3607,1805,779,803592215,586926087,1495490,218161618,7777634,232824696,-6885444,4581229,4467437,0,0,-6771652,213373812,115652865,474565538,179867334,45019652,142283841,100381921,15563655,31706986,21322715,21913134,17958955,576018193,55794819,12951603,29263535,49641916,7042998,11632234,24543781,20767086,15936050,227574022,183812652,42969102,98473709,112465353,-9744341,21414560,24808902,27983211,28759899,0,51489848,0,4493192,1874595,0,0,-379105,51849501,16860187,76618287,34965138,1192093,18530318,17504180,0,641914,4341720,0,0,649649,0,0,40973329,23765610,53215981,654668,0,0,4906439,37390698,6242112,52607159,13068700,94445467,31358561,7512740,4296160,20092248,28403583,5446994,1904285,5296437,4656703,29411518,60998058,0,36050796,1749548,573468,0,99371870,42984452,34064,85534612,-29181258,99371870,0,197710529,-168465267,43060981,72786747,124018763,87967967,0,0,87082804,87082804,1548192,0,3608179,1100,344,2047347,322486,2369833,366,38,130102,527818,595615,38891,61958,277546,163156,170499,19163,62599,506088,277019,493379,94866,311364,82632,245494,36505,629701,298952,579237,96147,358099,95354,270618,41725,2013
106380965,st. mary's medical center-san francisco,01jul2012,30jun2013,365,audited,incl. ind. audit adj.,san francisco,4,423,non-profit,general,comparable,teaching,(415) 668-1000,450 stanyan street,san francisco,94117,anna cheung,president/ceo,www.stmarysmedicalcenter.org,dignity health,clement spring,dignity health,0,05-0457,hsc00457h,zzr00457h,403,211,105,18798,3410,1883,1773,0,793,7162,623,462,34904,3228,647,411,370,0,131,1410,137,103,6437,300,35,0,36,32,0,20865,2983,0,4673,6383,0,4709,745,0,401,582,0,23.7,45.3,5.4,4.9,0,0,0,43287,6600,4053,7003,0,1856,46928,20500,26371,156598,17630,74942,0,60898,0,15,360239,1024942,2680,6376,0,0,862297372,651411965,0,210885407,7261871,224548843,-6401565,8505473,752665,0,0,1351243,231156911,56238388,574902073,299170441,60165757,24406344,24657892,0,21421769,135593528,13374905,9914854,588705490,92137838,23335760,3160623,10782901,0,3175064,112094701,12209047,16695948,273591882,312755353,68517048,21500918,28151121,0,0,16370608,144859615,14724003,0,26583492,0,17949807,0,0,0,0,77184794,14516874,5941307,7267673,0,5047463,98481664,0,2445632,0,-2171097,0,6779351,0,0,41059741,16396770,63093911,0,0,55127,6898391,34044234,3235093,52322681,7442895,97207198,32703524,6426111,6135086,31536957,22599904,7090606,1252661,1947996,1419207,16229593,53131918,44986374,48188586,13772945,8659873,0,168739696,54420637,0,19855618,94463441,168739696,0,169578760,-134448363,152433132,89926430,245431924,197243338,0,0,22275715,22275715,2420097,0,79888,776,253,1379323,280623,1659946,518,38,133874,357147,419082,11978,53384,191644,135265,31411,42812,2726,392653,138705,404845,16005,241961,36784,134646,13724,483927,162074,477523,24424,287030,43810,165532,15626,2013
106010967,st. rose hospital,01oct2012,30sep2013,365,audited,incl. ind. audit adj.,alameda,5,421,non-profit,general,comparable,,(510) 264-4000,27200 calaroga avenue,hayward,94545-4383,lex reddy,ceo,strosehospital.org,hayward sisters hospital,mike la mattina,"petrak & associates, inc.",0,05-0002,hsc00002f,zzr00002f,217,217,167,13146,2641,4531,4615,0,352,1120,301,665,27371,2957,592,1015,1062,0,72,242,66,147,6153,195,0,0,0,22,0,27371,0,0,0,0,0,6153,0,0,0,0,0,34.6,34.6,4.4,4.4,20,1897,857,6221,1543,3695,11670,0,2264,3571,1119,10494,40577,34787,5351,0,6314,0,6,320396,151872,2885,2423,652,175,677979874,556580293,0,121399581,1039726,125416217,-2976910,1408911,0,0,0,-1567999,259648844,105285683,313045347,211260945,47426960,72981516,80963553,0,14120269,44963035,9682153,12220698,493619129,43755593,10803778,15821904,53715621,0,17165490,20174322,3608328,19315709,184360745,218900838,47500000,57281942,116055745,-4301443,0,26894173,50870254,26536305,0,15577773,0,1264706,0,0,0,0,36115700,10730738,33838019,18321039,0,4391586,14267103,0,3735396,0,-4558060,0,0,0,0,29295722,9542985,37563392,0,0,0,0,16727041,4070275,19696734,8520068,58928310,15522240,4081109,875178,12277996,10429282,6015891,1909552,714166,2942702,11719791,25311859,5214083,36152894,293434,3306234,0,70278504,53385530,0,37178988,-20286014,70278504,900088,74748604,-64815362,46710432,50094295,98583978,62431084,0,2939337,37120460,52294024,15115036,0,0,683,226,1211197,212452,1423649,258,0,107850,327968,415753,14246,40499,185232,101066,16233,0,2350,372656,112937,333399,0,189119,100050,103036,0,429129,130428,418408,0,214385,112565,118734,0,2013
106190762,st. vincent medical center,01jul2012,30jun2013,365,audited,incl. ind. audit adj.,los angeles,11,925,non-profit,general,comparable,,(213) 484-7111,2131 west third street,los angeles,90057,cathy fickes,ceo,,daughters of charity health system,jeff clark,"steve clark & associates, inc.",0,05-0502,hsc30502h,,366,337,192,35806,5177,3333,2243,0,513,5115,5,768,52960,5258,1201,646,477,0,152,1320,2,157,9213,320,0,0,19,27,0,38883,0,0,5434,8643,0,8156,0,0,440,617,0,39.6,43.1,5.7,5.2,0,0,0,60817,11655,10996,10192,0,2177,27905,36,5822,129600,24942,56006,0,63797,0,2,537173,287826,2346,2962,0,0,1153995545,963268362,8593085,199320268,1871745,239774086,-38582073,6641948,3172946,0,0,-35113071,236461501,88051124,829482920,471653457,65284709,63440888,34386245,0,5214578,129642429,32254,1738705,771393265,200906837,34030373,13882800,27576185,0,1468747,102724606,223108,1789624,382602280,574569811,84273312,59361556,55456012,0,0,5095921,174634160,6049547,0,1177170,0,2650873,8593085,0,0,0,94750075,22944477,17896783,6023325,0,1540946,56112733,28011,23918,0,0,2767738,0,0,0,39682664,9946157,91017045,0,0,1083383,784567,32003758,4455579,47512694,13288239,64077212,36125638,6641344,3220875,45536660,40622378,9841625,1308879,1737162,4894482,25767831,57860964,4337679,73656006,7188211,1246173,0,144289033,86345906,0,154456282,-96513155,144289033,3434861,177123700,-153116568,98139992,128385142,305654974,231998968,0,0,85873221,155500519,1044237,12162759,47795761,966,311,1752569,276860,2029429,211,6,141712,439469,510311,28425,91402,408163,26790,86614,17330,2353,583389,154937,510940,35285,157629,94099,212638,3652,687183,178152,590648,38698,179367,106745,244437,4199,2013
106430905,stanford university hospital,01sep2012,31aug2013,365,audited,incl. ind. audit adj.,santa clara,7,429,non-profit,general,comparable,teaching,(650) 723-4000,300 pasteur drive,stanford,94304,amir dan rubin,ceo,www.stanfordhospital.org,stanford university hospital,glenn cody,stanford university hospital,1,05-0441,hsc00441f,zzr00441f,613,466,466,54443,6625,6717,10309,322,3698,52467,1838,4064,140483,9829,1338,854,1828,48,536,9986,315,838,25572,566,30,0,17,0,0,131385,9098,0,0,0,0,24743,829,0,0,0,0,62.8,82.59999999999999,5.5,5.5,0,0,0,266538,24150,22611,61981,1044,32855,462506,1339,59032,932056,57606,520882,0,507616,0,42,2954344,1259957,12548,9289,0,0,9464280807,7013253116,383839,2451411530,138170708,2334038897,255543341,237264665,25346647,0,0,467461359,1875600898,1330832945,6257846964,2005017822,229384306,260796803,356215028,10244096,184346006,1982122723,70360459,44284114,5142771357,1188174547,106770333,107395142,273524353,2440643,160891714,2070662490,9139766,402510462,4321509450,2667801052,281740700,289409530,556486382,0,10367997,277612228,2370043619,114492252,0,79500225,0,365799131,0,0,0,383839,486519634,50334061,74318853,65586885,2316742,63236480,1633614281,0,75484594,0,0,0,218777894,0,0,218189827,406040754,777172239,0,0,0,95030806,415071064,65747173,271856500,84930534,770212734,242813608,1350142,65619236,360219556,597032923,91702829,42589331,7424277,46567844,108506417,907828357,531443841,672032898,454849333,1621937271,0,4188091700,612299356,0,1340145321,2235647023,4188091700,457069889,1482520851,-1122876622,806151476,762892056,1649002720,976969822,0,0,1082282067,1352625321,12480000,513385,48583593,7222,1654,14282705,1785069,16067774,1781,521,1207194,2972466,2345381,17516,656674,2209537,903954,2923685,421439,624859,2229977,2137448,3265259,2023674,2049348,897576,1631910,47513,2553471,2419612,3741136,2036642,2384907,1014194,1863839,53973,2013
106504038,stanislaus surgical hospital,01jan2013,31dec2013,365,audited,incl. ind. audit adj.,stanislaus,6,511,investor,specialty,comparable,,(209) 572-2700,1421 oakdale road,modesto,95355,douglas johnson,ceo,www.stanislaussurgical.com,stanislaus surgical hospital,foster evans,hospital management services,0,05-0726,,,23,23,5,806,46,0,5,0,589,230,0,23,1699,282,19,0,1,0,278,111,0,9,700,23,0,0,0,0,0,1699,0,0,0,0,0,700,0,0,0,0,0,20.2,20.2,2.4,2.4,0,0,0,7654,1765,745,2192,443,11931,3081,0,722,28533,0,0,0,18783,0,8,59149,316641,700,9750,0,0,129664383,98022453,0,31641930,1682694,32291903,1032721,847501,0,0,0,1880222,3544694,0,126119689,12464042,924023,0,31059,0,10372192,3283837,0,468945,27544098,27394318,6315424,2666485,7843374,1584999,42702429,11029269,0,2583987,102120285,30738228,5785772,2645398,7116773,0,1352592,38102158,9987981,225333,0,0,0,2068218,0,0,0,0,9011347,1453675,21087,757660,232407,14855915,4325125,0,984714,0,0,0,9201,0,0,1989597,0,19027721,0,0,0,0,3135484,2036809,3283782,2818510,9300352,4658361,903275,532426,7590318,3606522,1099560,2374599,185834,301462,1739194,5830450,0,3389174,15913,0,2528331,11763868,9619529,0,2430890,-286551,11763868,23497,18675483,-14267676,41250,11748539,12573981,9184807,0,849065,0,3473831,1042941,0,0,165,41,301372,42359,343731,177,0,39439,86833,73564,1760,10760,67365,21651,0,0,0,29378,0,146483,0,53732,42305,29474,0,34491,0,166014,0,61341,48169,33716,0,2013
106194967,star view adolescent psychiatric health facility- phf,01jan2013,31dec2013,365,audited,excl. ind. audit adj.,los angeles,11,931,investor,psychiatric,phf,,(310) 373-4556,4025 w 226th street,torrance,90505,kent dunlap,senior vp,www.starsgroup.com,stars behavioral health group holding company,"bruce j wright, cpa","good & fowler, llp",0,,,,16,16,16,0,0,0,0,0,5409,0,0,0,5409,0,0,0,0,0,89,0,0,0,89,0,16,0,0,0,0,0,5409,0,0,0,0,0,89,0,0,0,0,92.59999999999999,92.59999999999999,60.8,60.8,0,0,0,0,0,0,0,0,0,0,0,0,0,0,0,0,0,0,0,0,0,0,0,0,0,3262665,0,0,3262665,0,3082376,180289,138616,0,0,0,318905,3262665,0,0,0,0,0,0,0,3262665,0,0,0,3262665,0,0,0,0,0,0,0,0,0,0,0,0,0,0,0,0,0,0,0,0,0,0,0,0,0,0,0,0,0,0,0,0,3262665,0,0,0,0,0,0,0,0,0,2467632,0,0,0,0,0,0,425800,0,186254,2690,1643036,465202,0,258983,101810,581989,1712,17812,2690,0,9142,21810411,0,137816,0,0,0,21948227,20922010,0,0,1026217,21948227,0,14248782,0,0,1072218,1072218,934402,0,0,0,0,0,7362968,0,25,13,48039,4647,52686,0,0,4755,15281,13570,3777,9087,0,0,0,0,1569,47278,0,0,0,0,0,761,0,51881,0,0,0,0,0,805,0,2013
106250955,surprise valley community hospital,01jul2012,30jun2013,365,audited,excl. ind. audit adj.,modoc,1,201,district,general,comparable,rural,(530) 279-6111,741 main street,cedarville,96104,wanda grove,ceo,,surprise valley health care district,daniel valdez,"wipfli, llp",0,05-1308,,hsp30676f,26,26,26,49,0,7403,0,0,28,0,0,302,7782,13,0,12,0,0,6,0,0,3,34,4,0,0,0,22,0,202,0,0,0,7580,0,26,0,0,0,8,0,82,82,228.9,7.8,0,0,0,3404,0,638,0,0,2136,0,0,631,6809,382,4064,0,2392,0,0,0,0,0,0,0,0,4423739,570191,0,3853548,122018,4912879,-937313,220424,61735,0,0,-778624,2329401,1011491,1082847,494881,0,1870419,0,0,81851,0,0,123667,2570818,906011,0,207240,0,0,518656,0,0,221014,1852921,137317,0,123749,0,0,0,36264,0,252046,0,0,0,20815,0,0,0,0,1263575,0,1953910,0,0,404110,0,0,231953,0,0,30610,0,189814,0,1358475,1031324,768476,0,0,0,0,777697,260600,525835,190472,2129744,689509,568133,324012,441036,242231,56834,119808,42678,52045,246849,1023792,0,378885,711819,0,0,2114496,679799,683942,800000,-49245,2114496,394347,607861,-83673,2295037,1539397,3884434,3505549,0,0,0,805449,5449,0,0,57,28,112240,7314,119554,5,0,19219,0,15217,16425,27494,14163,15904,3818,0,0,54468,14831,1493,0,23979,6872,10597,0,57140,15875,1728,0,25796,7627,11388,0,2013
106034002,sutter amador hospital,01jan2013,31dec2013,365,audited,incl. ind. audit adj.,amador,6,501,non-profit,general,comparable,rural,(209) 223-7500,200 mission blvd,jackson,95642,patrick fry,ceo,www.sutteramador.org,sutter health,clifford brown,sutter health,0,05-0014,,zzr00014g,52,42,25,4635,570,1030,66,384,373,933,193,44,8228,1205,136,385,26,111,119,373,63,8,2426,52,0,0,0,0,0,8228,0,0,0,0,0,2426,0,0,0,0,0,43.4,53.7,3.4,3.4,8,553,303,16705,1975,6820,876,2684,1980,11239,2509,154,44942,21153,6223,0,18844,0,3,77535,59595,647,749,228,77,204610907,143580183,0,61030724,587101,61212596,405229,715290,196081,0,0,924438,36466132,35202409,132942366,60694175,7742519,13018692,795419,5493351,4918973,13049468,2976374,602251,109291222,39184949,4912356,12629736,1346437,5442697,3957183,22828633,4748995,268699,95319685,77736814,9529101,18008040,1777107,0,8823090,5805919,8424815,2689251,0,6431472,0,4354574,0,0,0,0,21879010,2983731,7623186,351429,2111892,1386558,24694918,0,0,0,-1797634,61850,80346,0,0,10490497,5271572,18897385,0,0,20731,0,11121883,1362610,10100460,3947458,20337822,10105968,2746807,2626139,6693981,11801936,3114655,149833,557372,1116260,1961823,15492625,0,42807653,1959800,1274761,166775,61701614,5436501,723248,35138486,20403379,61701614,3038352,34525584,-25275364,57672604,23186363,83250499,40442846,0,0,34732580,35138486,0,0,90616,225,74,423306,63423,486729,53,0,40949,108664,126749,1485,14252,58166,54905,0,11514,6622,107040,62396,117740,0,95667,1976,38487,0,124445,70032,135379,0,107210,2320,47343,0,2013
106310791,sutter auburn faith hospital,01jan2013,31dec2013,365,audited,incl. ind. audit adj.,placer,2,308,non-profit,general,comparable,,(530) 888-4500,11815 education street,auburn,95602,mitch hanna,chief administrator,sutterauburnfaithhospital.com,sutter health,clifford brown,sutter health,0,05-0498,,zzr00498h,72,72,40,6563,1692,1282,61,581,362,1406,293,18,12258,1928,550,355,19,183,102,530,99,9,3775,72,0,0,0,0,0,12258,0,0,0,0,0,3775,0,0,0,0,0,46.6,46.6,3.2,3.2,0,0,0,33403,8830,9554,921,2976,9232,18840,4624,232,88612,27461,3515,12828,37651,1500,4,146790,135180,1124,1586,0,0,385815326,287769517,12296825,110342634,1916917,114390270,-2130719,669049,192333,0,0,-1654003,51641700,67781941,266391685,92373875,25152221,18022641,1016937,7962664,5120960,22748551,3673475,284831,176356155,77155274,25023502,20923559,1980736,8030385,9977778,56506871,9386074,474992,209459171,128185424,47044428,28958827,2710480,0,14246245,8767942,36566420,1538069,0,11952610,0,7799072,8920273,0,0,3376552,38902555,12048434,9840448,287193,1644685,2010091,45269608,0,339620,0,3958954,158769,50709,0,0,14542747,13256043,39795992,3654814,0,37864,0,14547316,2098769,21438925,5017800,33622720,15956329,1966705,521829,23485579,23828290,3676931,172990,798864,2029418,8330615,23965111,0,36740501,10543960,1178013,161951,72589536,16932890,0,32994997,22661649,72589536,4766089,57695786,-42263025,46200763,39354362,89011489,52270988,0,4660681,27983077,32994997,0,40127,3908856,415,137,754936,116089,871025,163,0,44156,238481,236345,6412,36291,124314,57899,3985,5629,1424,176298,151014,208375,0,121113,26427,71709,0,206818,173265,240771,0,135439,29250,85482,0,2013
106344017,sutter center for psychiatry,01jan2013,31dec2013,365,audited,incl. ind. audit adj.,sacramento,2,311,non-profit,psychiatric,comparable,,(916) 386-3000,7700 folsom blvd,sacramento,95826,john boyd,cao,suttermedicalcenter.org/psychiatry,sutter health,sylvia valdivia,sutter health,0,05-4096,hsc34096f,,73,73,56,5200,1237,2245,38,1017,501,6183,2387,25,18833,487,120,511,6,153,87,1202,303,7,2876,0,73,0,0,0,0,0,18833,0,0,0,0,0,2876,0,0,0,0,70.7,70.7,6.5,6.5,0,0,0,4655,778,0,1,24,876,10199,77,85,16695,0,0,0,1820,0,0,0,0,0,0,0,0,51458302,27334449,199420,24323273,589229,29874887,-4962385,23526,0,0,0,-4938859,27160250,7843274,16454778,11008410,2561127,4456890,71829,2025828,1036008,12541082,4505234,52612,38259020,2585663,399489,0,2198,52671,544969,9501899,55572,56821,13199282,6899745,1960454,3626671,4818,0,1068091,609926,6757436,603407,0,5187445,0,616456,0,0,0,199420,5837824,927483,754275,60962,661428,749626,15331675,0,0,0,34334978,22875,0,0,0,8883877,1131536,2994977,0,0,8286,0,3499132,1746199,10515776,1095104,11303940,5364083,1592057,73584,986959,8852969,620098,152409,215515,111290,601983,197195081,0,377348257,509100006,62857215,3478192,1149978751,158503414,6660,601381645,390087032,1149978751,29622571,531987392,-393920199,547914255,210660837,804602316,427254059,0,0,599698019,603332067,1950422,2138055,60962398,151,55,280326,34895,315221,54,0,21379,87923,55030,13502,46651,27367,28182,0,0,292,126347,16862,37885,0,43662,912,54658,0,144096,18472,42649,0,47947,1039,61018,0,2013
106084001,sutter coast hospital,01jan2013,31dec2013,365,audited,incl. ind. audit adj.,del norte,1,101,non-profit,general,comparable,rural,(707) 464-8511,800 east washington boulevard,crescent city,95531,linda horn,ceo,,sutter coast hospital,leah welsing,sutter health,4,05-0417,,hsp00417g,49,49,49,4380,293,1035,281,359,715,636,201,0,7900,1123,89,354,104,88,238,210,72,0,2278,49,0,0,0,0,0,7900,0,0,0,0,0,2278,0,0,0,0,0,44.2,44.2,3.5,3.5,4,669,340,28108,1908,18464,4880,4598,9088,11739,5155,842,84782,23969,44658,5059,9185,0,12,42450,98595,417,1491,229,112,213723692,150439955,26278,63310015,989319,68235644,-3936310,93444,102709,0,0,-3945575,27957814,66437772,119328106,37048863,2882417,8376367,2694887,3554355,6598930,5854516,1944966,0,68955301,55949326,3993004,24383572,8065881,7719116,17653730,18004474,7804899,1194389,144768391,72012000,5131787,22441904,8173656,0,9605792,12696140,8765647,4051311,0,7177337,0,384381,0,0,0,26278,20589763,1714750,10314441,2586229,1666173,11324305,14907812,0,206542,0,4405489,48535,-13451,0,0,6712163,16100853,17291719,0,0,0,0,13440944,4006268,7697758,2985939,22103659,15028696,4105733,3082435,5997576,9561600,3522993,637460,640862,542332,3012298,16733243,740,14101450,2176491,579768,97802,33689494,7167893,0,13221257,13300344,33689494,2230930,48458305,-36177327,31990582,25253659,58334119,44232669,0,0,12863125,13221257,0,23199,322712,342,106,653134,90908,744042,55,0,57830,135618,153468,19167,16754,165419,71803,0,31497,1578,107184,136614,143994,0,141745,65440,58157,0,123725,157017,164724,0,159864,74460,64252,0,2013
106574010,sutter davis hospital,01jan2013,31dec2013,365,audited,incl. ind. audit adj.,yolo,2,313,non-profit,general,comparable,,(530) 757-5101,2000 sutter place,davis,95616,janet wagner,ceo,www.sutterdavis.org,sutter health,leah welsing,sutter health,0,05-0537,hsc30537g,hsp30537g,48,48,41,2179,1199,1201,1045,240,286,2895,130,11,9186,705,391,491,399,77,123,1176,54,6,3422,48,0,0,0,0,0,9186,0,0,0,0,0,3422,0,0,0,0,0,52.4,52.4,2.7,2.7,0,3107,1411,7857,5437,1746,7482,865,2692,18191,2622,1033,47925,23948,0,0,21390,3375,5,109020,184890,883,2414,1174,239,297465668,209500715,20067785,108032738,2142759,88581688,21593809,0,0,0,0,21593809,38334710,45590852,213540106,33535793,18578314,13080812,13049021,3451445,3603090,38010816,2226651,48149,125584091,35791043,23520348,6113161,19539922,2595057,8423183,66868595,8682229,348039,171881577,55825648,38999069,12113503,21835662,0,5627643,6688399,54525307,3063348,0,9242972,0,1579164,6008023,0,0,14059762,13173325,8877402,5831270,10590871,386418,5214367,63959074,1,10,0,-23960611,0,0,0,0,12566762,5305024,28946281,5964469,0,27700,469686,13289023,1632693,17181062,3198988,26280247,12754125,2600635,1017559,10073442,22656826,3157960,303058,683216,928766,8125854,16640852,0,17339709,3464686,1030701,58970,38534918,10334744,0,8956289,19243885,38534918,3259309,40232251,-28251608,31326141,23525948,59136211,41796502,0,0,8628318,8956289,0,0,4129429,307,118,569629,86078,655707,120,2,38011,167828,218082,0,21045,54593,53642,0,6408,10020,147753,59321,240617,0,81500,2693,37745,0,169520,66471,280459,0,90670,3080,45507,0,2013
106070934,sutter delta medical center,01jan2013,31dec2013,365,audited,incl. ind. audit adj.,contra costa,5,411,non-profit,general,comparable,,(925) 779-7200,3901 lone tree way,antioch,94509,dori stevens,ceo,www.sutterdelta.org,sutter health,vanessa brass,sutter health,0,05-0523,hsc00523f,,145,137,81,11696,1527,2578,4975,26,308,4586,982,545,27223,2781,402,740,1546,10,105,1507,321,178,7590,145,0,0,0,0,0,27223,0,0,0,0,0,7590,0,0,0,0,0,51.4,54.4,3.6,3.6,31,2014,576,20130,2297,6588,24073,49,2791,26366,8215,4557,95066,49185,19575,0,30606,0,6,143880,102555,1261,1103,684,300,651069339,484677292,0,166392047,4304339,179677486,-8981100,212575,197838,0,0,-8966363,164278004,127194791,359596544,179490936,25524858,37325079,71220089,475462,6371121,76008710,15562005,8635621,420613881,55028422,7046967,13638428,49597793,133564,5315172,70021890,19083476,10589746,230455458,189564824,26825836,28896918,103566068,0,582663,6411523,43435847,25761308,0,35948977,0,23683328,0,0,0,0,44898496,5726577,21291578,16483264,22477,5122620,72847035,0,0,0,14772732,0,7581,0,0,36311835,16703277,42869937,0,0,0,0,29028339,4783719,45782229,4198150,58132884,29997731,7041107,8278102,14071274,38169385,5184374,695654,1764455,0,16342520,32484544,0,48508854,1578054,2676717,0,85248169,23737168,0,0,61511001,85248169,118914,134463217,-107026098,78106077,39251541,123134934,74626080,0,0,0,0,0,31357,12196515,645,263,1276976,190564,1467540,165,0,55211,303652,396450,32045,70731,178902,115044,0,48837,76104,332786,243115,302397,0,222376,19522,156780,0,387900,274501,353742,0,258470,22589,170338,0,2013
106171395,sutter lakeside hospital,01jan2013,31dec2013,365,audited,incl. ind. audit adj.,lake,1,115,non-profit,general,comparable,rural,(707) 252-5000,5176 hill road east,lakeport,95453,siri nelson,cao,www.sutterlakeside.org,sutter health,jean johnson,sutter west bay hospitals,4,05-0476,,zzr00476f,30,30,25,3773,88,1167,439,368,108,705,24,115,6787,996,27,428,132,105,45,251,9,41,2034,27,0,0,0,3,0,6669,0,0,0,118,0,1981,0,0,0,53,0,62,62,3.3,3.4,0,0,0,27391,390,14768,5745,4056,6444,12618,3332,2419,77163,17481,18368,0,39610,0,4,55096,121967,580,2311,232,107,191381356,127443000,15496,63953852,1357893,65034267,277478,196245,899,0,0,472824,32323675,40153137,118904544,35833885,1064012,14087392,4973308,3808316,1435259,8410393,303843,1478222,71394630,54667136,906328,17371449,7357776,6212142,5658287,18768509,5156850,3888249,119986726,61221650,1339100,17749087,9920939,0,8123829,4132785,9847980,6999358,0,6870729,0,1237543,0,15496,0,0,28391699,615326,11750441,2361358,1812788,2579616,15771144,0,671480,0,-1811754,3547,31443,0,0,10736931,9013724,20233538,0,0,0,0,12143348,2297111,8593953,2015662,21800608,10797869,5636801,2331364,6799837,10713748,2515769,135710,805895,990167,2506499,10601636,17786,25265175,747747,3257612,271421,40161377,6661135,0,7010071,26490171,40161377,37018,31932474,-23380881,35516241,14417197,54234017,28968842,0,0,6784684,7172024,161953,0,1702053,267,87,512086,70494,582580,27,0,29906,140009,148786,10271,7181,77214,59412,13044,15641,10622,109628,87341,142905,0,96251,26616,49345,0,125751,100170,161349,0,108466,30404,56440,0,2013
106444012,sutter maternity & surgery center of santa cruz,01jan2013,31dec2013,365,audited,incl. ind. audit adj.,santa cruz,8,703,non-profit,general,comparable,,(831) 477-2200,2900 chanticleer avenue,santa cruz,95065,larry deghetaldi,ceo,www.suttermatsurg.org,sutter health,rebecca proctor,sutter health,0,05-0714,,hsp30714f,30,30,27,473,52,412,412,47,60,2619,42,13,4130,140,17,138,142,14,16,863,11,3,1344,30,0,0,0,0,0,4130,0,0,0,0,0,1344,0,0,0,0,0,37.7,37.7,3.1,3.1,0,0,0,2534,260,116,520,300,68,4900,158,49,8905,0,0,0,4379,0,6,94365,362265,634,4158,690,232,147874948,76172924,0,71702024,1031437,58958842,13774619,642493,542338,0,0,13874774,23802485,1807314,122265149,8392876,922814,3398798,3804995,786856,389389,28056529,654631,107909,46514797,26250482,2361441,315552,5278208,3641121,1447618,59646831,1782657,636241,101360151,22284188,1909548,2697416,7920923,0,3738818,591904,31278915,897184,0,2996495,0,1857533,0,0,0,0,12219912,1374653,881024,1029929,660699,1121708,54315766,0,98333,0,-85866086,0,25493,0,0,8673680,580883,20932139,0,0,0,0,11474617,1031708,15155551,1110264,16241700,9818640,394039,786683,8042414,15474499,1678322,56146,540565,0,5925834,10070553,51209,12777842,2329133,1890340,50311,27169388,9593082,0,16274805,1301501,27169388,153,23760510,-15429818,16456959,14130749,33262636,20484794,0,0,16304370,16479108,204303,84721,6267592,181,70,328196,51716,379912,252,0,22085,71664,136336,0,9425,42111,43555,0,0,3020,76283,4675,121344,0,83375,12910,29609,0,92081,5965,139547,0,94693,14591,33035,0,2013
106341051,sutter medical center - sacramento,01jan2013,31dec2013,365,audited,incl. ind. audit adj.,sacramento,2,311,non-profit,general,comparable,,(916) 454-2222,2801 l street,sacramento,95816,carrie owen-plietz,ceo,suttermedicalcenter.org,sutter health,leah welsing,sutter health,0,05-0108,hsc00108f,,754,618,483,37869,14182,50548,18594,4944,4238,28394,3322,93,162184,8033,2999,5532,4799,1038,1105,7136,654,21,31317,654,0,0,0,100,0,131000,0,0,0,31184,0,29876,0,0,0,1441,0,58.9,71.90000000000001,5.2,4.4,42,9661,4698,36391,14293,26817,42869,9022,8135,49469,13654,550,201200,97664,82897,0,22101,12145,25,1334082,823656,9991,10293,3678,2014,3130887647,2334837972,96589267,892638942,22689890,839732630,75596202,5521,0,0,0,75601723,920929577,227616098,1982341972,722915313,242509215,412452074,245637277,78222328,94616272,527280048,38024704,1557104,2363214335,183880708,72032991,65837377,122059026,30419466,29675496,220396033,42350244,1021971,767673312,730635149,305698628,310532124,307408787,0,85243084,90602051,400864655,8430634,0,85289212,0,10133648,49410644,0,0,47178623,172297665,58185045,164405775,59935107,15028493,29561281,393220576,0,5000,0,-46234428,5521,0,0,0,165576643,35382583,272236135,28707885,0,228530,3728802,70358187,17973202,216192790,29347873,247214041,120828462,12815358,3479230,138364716,263790867,29373562,4668998,6099178,2333151,10765067,190655644,0,147934840,506657587,301562668,3478192,1150288931,156891995,6660,603332067,390058209,1150288931,29691138,520340173,-388199003,282699884,188930259,484365175,336430335,0,0,599698019,603332067,0,240843508,60962398,2605,1137,4726110,743016,5469126,808,21,262353,1323287,1953100,31953,363335,397421,344928,0,17147,32586,1566504,681085,1484150,5,717994,0,276372,0,1845921,781818,1702585,6,822862,0,315934,0,2013
106490919,sutter medical center of santa rosa,01jan2013,31dec2013,365,audited,incl. ind. audit adj.,sonoma,3,401,non-profit,general,comparable,,(707) 576-4200,3325 chanate road,santa rosa,95404,mike purvis,cao,www.suttersantarosa.org,sutter health,jean johnson,sutter west bay hospitals,0,05-0291,,zzr00291g,135,115,71,7257,2098,4230,3048,1556,913,4058,201,262,23623,1719,533,1084,852,367,305,1235,66,83,6244,135,0,0,0,0,0,23623,0,0,0,0,0,6244,0,0,0,0,0,47.9,56.3,3.8,3.8,10,2757,1396,7967,2208,5146,10328,2779,2790,9726,2277,2271,45492,26201,1094,0,17012,1165,5,191933,177259,1463,1938,1201,399,482774008,326694276,8272789,164352521,1360106,170441795,-4729168,1080284,480854,0,0,-4129738,92865496,69726848,320181664,103044166,29216755,39908893,36114581,19960939,12769916,56935282,2074823,3736944,303762299,43837862,11270006,11443768,27378452,11301240,10976018,47732108,7777980,7294275,179011709,103019735,29867474,23901954,44448266,-1301980,26998511,9139367,62951449,11200224,0,12252924,0,4216352,8272789,0,0,0,42977606,18716554,27213991,17489434,3931630,14279182,38698239,1,1045884,0,-73623858,0,520084,0,0,32623166,11062798,57278738,1092439,1811314,0,5458059,23437151,5084199,28033614,4560317,60159592,26313856,14963172,1731027,22485112,25047752,3246700,505017,1072768,1378274,13538525,38705765,0,20338206,226411039,12815269,1355745,299626024,29845570,0,185829469,83950985,299626024,1810723,92615523,-68564202,309561,39226270,66528978,46190772,0,0,185097528,185829469,0,0,12672276,620,226,1138290,157202,1295492,251,37,63781,271005,428415,3749,36559,161641,102308,65716,1241,3875,305155,101025,307264,65298,197057,39110,123381,0,348704,114477,352940,75551,223032,44261,136527,0,2013
106311000,sutter roseville medical center,01jan2013,31dec2013,365,audited,incl. ind. audit adj.,placer,2,309,non-profit,general,comparable,,(916) 781-1000,one medical plaza,roseville,95661,pat brady,ceo,www.sutterrosevillehospital.org,sutter health,leah welsing,sutter health,2,05-0309,hsc00309f,zzr00309f,328,328,267,38912,9241,10021,1964,2899,3610,18968,2805,192,88612,7184,2047,1844,585,634,945,5660,720,57,19676,243,0,0,55,30,0,66409,0,0,13714,8489,0,18607,0,0,1031,38,0,74,74,4.5,4.1,30,5913,2741,53915,16441,21927,15028,6106,9471,62976,15439,3415,204718,80822,59033,0,70120,9375,4,885255,556695,6394,6961,2184,871,1617561810,1165663998,51075993,502973805,5916824,449231771,59658858,1692376,304608,0,0,61046626,362876719,182390591,1072294500,457015338,126893778,101830105,25632080,46679047,61984778,293460995,38855954,3620849,1155972924,127324196,41059033,38832615,25956932,12446150,22457967,156945548,34109367,2457078,461588886,468726831,164084744,95066213,40425065,0,50208826,57368743,196634227,19718864,0,61438024,0,11992461,29685484,0,0,21390509,115510798,33460623,44184418,11010721,8284472,19052967,271469808,0,-2,0,58488315,2414,934431,0,0,101543053,30838937,144376453,15181846,0,392377,0,50864020,10415133,74889154,20730798,133805028,68220270,17122959,3267977,73274369,97048904,15927095,1802091,3521662,6300658,28940758,109702815,259973,187710447,2288232,136840023,1150659,437952149,60884632,0,243047900,134019617,437952149,18111791,267492337,-189198155,259103324,87083452,378774821,191064374,0,0,239322369,243047900,0,13839289,20089263,1567,714,2948506,369877,3318383,689,0,109387,639047,1110551,47267,296585,687324,0,0,30540,27805,1255942,332798,786493,4529,399673,3336,165735,0,1404195,372580,886386,5005,439712,3744,206761,0,2013
106481094,sutter solano medical center,01jan2013,31dec2013,365,audited,incl. ind. audit adj.,solano,3,409,non-profit,general,comparable,,(707) 554-4444,300 hospital drive,vallejo,94589-2594,paige terra,regional cfo and vp,www.suttersolano.org,sutter health,leah welsing,sutter health,0,05-0101,,zzr00101f,102,102,54,6244,2986,1314,3380,1624,224,2003,524,24,18323,1312,621,400,880,397,77,670,162,6,4525,102,0,0,0,0,0,18323,0,0,0,0,0,4525,0,0,0,0,0,49.2,49.2,4,4,30,1117,640,10059,6129,3968,19306,6626,1396,11811,4702,2521,66518,40803,0,0,27112,0,4,161670,126930,1319,1815,490,156,554008046,425290847,0,128717199,1090805,137539865,-7731861,1276335,637437,0,0,-7092963,91714666,97402801,364890579,104654389,48959098,19382490,53735289,26143656,7034234,38594328,9581308,362102,308446894,56149622,26095977,11676156,57004460,23135462,4510215,49232345,11568027,6188888,245561152,129772926,62117214,21702621,81154783,-831021,44676840,6245608,44818123,6844125,0,22082759,0,6706869,0,0,0,0,30933835,12931320,9739483,29415857,4397812,4205934,37092954,1,3,0,-7732277,0,5729,0,0,24874436,10211523,43570847,0,0,45617,0,18120526,2696112,32128904,5891900,40371268,18171956,4259202,8952454,15500099,27642101,5024170,310216,1214399,1568324,14525676,29951667,0,40718419,7141810,772183,60465,78644544,22522770,0,22817824,33303950,78644544,5519467,92622320,-69691385,74652729,31473215,109358406,68639987,0,0,22816957,23262666,444842,20194,12103149,416,181,800060,119769,919829,145,0,35879,211838,309070,0,52228,67374,69335,0,14563,39773,220878,92404,273181,0,140929,3368,69300,0,257788,108583,317972,0,153833,3840,77813,0,2013
106514030,sutter surgical hospital-north valley,01jan2013,31dec2013,365,audited,excl. ind. audit adj.,sutter,2,227,investor,specialty,comparable,,(530) 749-5700,455 plumas blvd,yuba city,95991,renee schroyer,ceo,www.sshnv.org,sutter north medcial fndation & yuba city surgeons,robert metzler,sutter health,0,05-0766,,,14,14,14,825,12,59,0,11,107,420,2,6,1442,332,5,24,0,4,43,170,1,2,581,14,0,0,0,0,0,1442,0,0,0,0,0,581,0,0,0,0,0,28.2,28.2,2.5,2.5,0,0,0,914,9,100,7,38,482,1122,2,54,2728,0,0,0,941,0,3,87393,141808,581,1787,0,0,66526746,44404383,0,22122363,1067660,18904345,4285678,0,0,0,0,4285678,2516969,0,64009777,20879498,100087,1359987,0,271621,3193613,8513388,36723,51060,34405977,11411190,101408,1176364,78362,429823,5246226,13075334,17894,584168,32120769,25245760,94259,2120481,57287,0,475919,6297721,9519397,299969,0,47179,0,246411,0,0,0,0,7044928,107236,415870,21075,225525,2074296,11903278,0,330155,0,-473439,0,0,0,0,1366718,0,9382652,0,0,0,0,2277055,539383,2833657,2504880,5390234,1260797,120728,597739,4974890,1418256,1261603,1905810,90002,93239,1791047,5256326,0,5831482,35843,0,0,11123651,3393461,0,411570,7318620,11123651,1537834,10075592,-7224837,0,10007703,10130445,4298963,0,1585666,0,1585666,1174096,0,57429,74,23,133296,22484,155780,109,0,22929,29643,43536,0,1471,18737,13904,825,1945,306,22701,0,51419,0,27684,13376,18116,0,25537,0,62841,0,30401,15164,21837,0,2013
106391056,sutter tracy community hospital,01jan2013,31dec2013,365,audited,incl. ind. audit adj.,san joaquin,6,509,non-profit,general,comparable,,(209) 835-1500,1420 n tracy blvd,tracy,95376,david thompson,ceo,www.suttertracy.org,sutter central valley hospitals,donisha dorsey-bishop,sutter health,0,05-0313,hsc00313f,zzr00313f,82,82,34,4384,665,1228,1401,3,150,2820,379,309,11339,1217,191,341,486,1,55,1081,129,105,3606,82,0,0,0,0,0,11339,0,0,0,0,0,3606,0,0,0,0,0,37.9,37.9,3.1,3.1,8,1260,625,17308,2258,4770,18719,6,3083,29297,1689,6713,83843,32425,809,0,50953,0,4,86775,132135,876,1685,430,199,423207130,306183432,46449,117070147,822032,97863871,20028308,624826,0,0,0,20653134,59055464,84871684,279279982,63757026,10007366,17894508,22376691,74845,2532007,45646071,6296175,5130641,173715330,55709829,8453906,10574669,45606882,12716,7652899,99299489,7497235,14684175,249491800,102568752,15545134,22145214,59338747,0,36591,7407341,59159903,17498292,0,13342313,0,9141145,0,0,0,46449,16381161,2824913,6092586,8141063,3089,2341964,80930572,0,354799,0,-22601710,110208,509893,0,0,13851768,9010111,26200959,0,0,0,0,17049567,2760127,23127171,5864168,32094469,15207881,2723044,1965290,9965717,19421344,5130681,364245,946833,1216985,8827382,20173431,7184571,42954210,3126067,4709,0,73442988,15087459,0,22643773,35711756,73442988,138425,76212350,-58478829,57755635,38168329,109234561,66280351,0,0,22291145,22643773,0,0,6319275,426,163,791627,119929,911556,143,0,57378,196781,243411,28960,62840,81162,96285,0,4633,20177,168918,100161,231139,0,170568,43908,76933,0,203020,115286,269890,0,187951,49606,85803,0,2013
106514001,sutter-yuba - phf,01jul2012,30jun2013,365,audited,excl. ind. audit adj.,sutter,2,227,city/county,psychiatric,phf,,(530) 822-7200,"1965 live oak blvd., ste. a",yuba city,95991,"tom sherry, mft",director,www.suttercounty.org/symhs,county of sutter,stephen a. marshall,sutter-yuba mental health,0,,,,16,16,16,5,0,0,0,115,2505,14,0,760,3399,1,0,0,0,21,268,2,0,93,385,0,16,0,0,0,0,0,3399,0,0,0,0,0,385,0,0,0,0,58.2,58.2,8.800000000000001,8.800000000000001,0,0,0,0,0,0,0,0,0,0,0,0,0,0,0,0,0,0,0,0,0,0,0,0,0,3264467,0,0,3264467,419474,3683941,0,0,0,0,0,0,3264467,0,0,4802,0,0,0,110448,2405852,13446,0,729919,3264467,0,0,0,0,0,0,0,0,0,0,0,0,0,0,0,0,0,0,0,0,0,0,0,0,0,0,0,4802,0,0,0,110448,2405852,13446,0,729919,0,0,0,0,0,0,0,0,0,0,0,0,0,0,0,0,0,0,0,0,0,0,0,0,0,0,0,0,0,0,0,0,0,0,0,0,0,0,0,0,0,0,0,0,0,0,0,0,0,0,0,0,0,0,0,0,0,0,0,2,0,0,0,0,0,0,0,0,0,0,0,0,0,0,0,0,0,0,0,0,0,0,0,0,0,0,0,2013
106291053,tahoe forest hospital,01jul2012,30jun2013,365,audited,incl. ind. audit adj.,nevada,2,302,district,general,comparable,rural,(530) 587-6011,10121 pine avenue,truckee,96160,robert schapper,ceo/administrator,www.tfhd.com,tahoe forest hospital district,kevin seeley,"steve clark & associates, inc.",0,05-0494,,zzr00494f,62,62,59,2219,86,11911,16,184,542,1360,29,493,16840,523,37,278,7,53,193,523,7,99,1720,25,0,0,0,37,0,5118,0,0,0,11722,0,1688,0,0,0,32,0,74.40000000000001,74.40000000000001,9.800000000000001,3,10,797,360,37271,822,13636,106,1524,28179,20684,432,7841,110495,12416,36196,3980,49481,0,4,130838,103746,774,1008,272,93,163498174,71202187,0,92295987,1193928,105280523,-11790608,10604934,4206646,0,0,-5392320,20594249,28208880,114695045,20736575,938484,11166780,118161,2238639,7565616,17141962,209702,3806741,63922660,31258169,1143974,9833546,105108,2520434,15449124,31706619,394644,7163896,99575514,27807357,1360848,13424560,150824,0,3931839,3412643,8733649,7002466,0,5210134,0,167867,0,0,0,0,21489333,613549,7575766,72445,827234,18407841,37580135,0,5729684,0,0,868606,-5349000,10703593,0,9225816,15795798,34349979,0,0,0,99953,18168484,5845486,13941565,7853442,35223022,17712583,7099740,8534144,12767079,6817792,6548592,1816754,458638,4434246,3867933,79942462,37233354,111232993,18030502,1387754,0,247827065,22863685,0,136210097,88753283,247827065,10344646,42809374,-22737964,119185008,59864264,188690867,77457874,0,516137,108660220,138782873,2572776,0,0,558,110,1002948,178741,1181689,69,7,125612,221099,186514,7568,32600,303494,89054,15718,2961,18328,128452,154576,240867,266,203826,112360,161273,1328,157745,181131,298439,320,234739,127156,180532,1627,2013
106190782,tarzana treatment center,01jul2012,30jun2013,365,audited,incl. ind. audit adj.,los angeles,11,905,non-profit,specialty,comparable,,(818) 996-1051,18646 oxnard street,tarzana,91356,scott taylor,ceo,www.tarzanatc.org,"tarzana treatment centers, inc.",carlos bernard,"tarzana treatment centers, inc.",0,05-4148,hsc31408i,,60,60,60,1027,0,0,0,8922,5658,0,0,0,15607,185,0,0,0,1156,1160,0,0,0,2501,0,0,60,0,0,0,0,0,15607,0,0,0,0,0,2501,0,0,0,71.3,71.3,6.2,6.2,0,0,0,0,0,0,0,0,0,0,0,0,0,0,0,0,0,0,0,0,0,0,0,0,0,10683829,4114358,0,6569471,0,6590213,-20742,40942018,41858602,0,0,-937326,10683829,0,0,889964,0,0,0,6022350,3771515,0,0,0,10683829,0,0,0,0,0,0,0,0,0,0,167195,0,0,0,0,2535448,1411715,0,0,0,0,0,0,0,0,0,0,722769,0,0,0,3486902,2359800,0,0,0,0,0,0,0,0,0,5593034,0,0,0,0,0,0,491891,251236,172710,81342,3449971,686545,0,661811,767289,22592,130130,419380,35948,12451,404096,20062383,0,6383349,0,485478,0,26931210,6786303,42472,1459969,18642466,26931210,5277422,7785452,-685523,1120933,5133752,18187632,11804283,0,0,0,1633458,173489,0,0,404,23,1534579,42584,1577163,2,0,56867,427157,19429,19651,0,160872,10165,104255,7899,728284,116282,0,0,0,16757,11586,5378,1384576,122034,0,0,0,17335,11974,5511,1420309,2013
106150808,tehachapi hospital,01jul2012,30jun2013,365,audited,excl. ind. audit adj.,kern,9,623,district,general,comparable,rural,(661) 822-3241,115 west e. st.,tehachapi,93561,evan rayner,interim ceo,,tehachapi valley healthcare district,"rodney a. phillips, cpa","rodney a. phillips, cpa",0,05-1301,,zzt30446f,25,25,25,856,0,4251,39,0,145,0,0,141,5432,65,0,17,16,0,24,0,0,3,125,3,0,0,0,22,0,281,0,0,0,5151,0,115,0,0,0,10,0,59.5,59.5,43.5,2.4,0,0,0,8462,0,7055,12837,0,16613,0,0,4132,49099,12455,14645,0,22000,0,1,0,0,0,0,0,0,40464638,20885045,0,19579593,305789,19751126,134256,1793083,0,0,0,1927339,2614807,16338924,21510907,1617416,0,1887690,351233,0,522748,0,0,79418,4458505,7026750,0,3206813,6536833,0,15380085,0,0,3855652,36006133,4850754,0,2089118,4255457,-6736,0,6303235,0,3014628,0,245617,0,132972,0,0,0,0,3793412,0,3012121,2632609,0,9359472,0,0,781979,0,0,46331,13973,1717762,0,1982147,4541492,3907595,0,0,0,0,3437330,1818748,3183705,880109,9777721,2623883,515885,820185,1441797,2302350,452907,165143,243541,9940,1397774,12362886,0,1178646,13431197,7113128,0,34085857,3105365,0,12576360,18404132,34085857,4008135,14240145,-7606018,1427384,5356705,7075129,5896483,0,0,13076360,13076360,500000,0,0,171,57,335647,31541,367188,59,0,29281,35402,40758,29295,40163,90140,54423,5455,8184,2546,55139,76289,52471,0,69474,38208,44066,0,59263,81571,56353,0,77185,41842,50974,0,2013
106014207,telecare heritage psychiatric health facility,01jul2012,30jun2013,365,audited,incl. ind. audit adj.,alameda,5,417,investor,psychiatric,phf,,(510) 535-5115,2633 east 27th st,oakland,94601,patty espeteth,administrator,www.telecarecorp.com,telecare corporation,kevin moghannam,telecare corporation,0,,,,26,26,26,843,0,0,0,18,0,6923,0,0,7784,99,0,0,0,4,0,1193,0,0,1296,0,26,0,0,0,0,0,7784,0,0,0,0,0,1296,0,0,0,0,82,82,6,6,0,0,0,0,0,0,0,0,0,0,0,0,0,0,0,0,0,0,0,0,0,0,0,0,0,16766143,7953874,0,8812269,882,8144664,668487,0,0,0,0,668487,16766143,0,0,1766633,0,0,0,41292,0,14958218,0,0,16766143,0,0,0,0,0,0,0,0,0,0,932935,0,0,0,0,25672,0,6859710,135557,0,0,0,0,0,0,0,0,698141,0,0,0,15620,0,8098508,0,0,0,0,0,0,0,0,4439441,0,0,0,0,0,0,1510530,144748,1425498,624447,3525148,1246524,0,94645,283692,1234154,257829,25526,14169,261491,1201486,2247781,0,1980763,0,0,0,4228544,4280811,0,3196598,-3248865,4228544,0,2309849,-123514,0,205506,3799576,1818813,0,0,0,3356214,159616,0,3048364,60,31,111936,13525,125461,3,0,9582,17903,19180,18932,25715,12337,7908,0,0,379,71802,0,0,0,26577,5504,8053,0,80735,0,0,0,28965,6406,9355,0,2013
106314029,telecare placer county p.h.f,01jul2012,30jun2013,365,audited,incl. ind. audit adj.,placer,2,309,investor,psychiatric,phf,,(916) 787-8900,101 cirby hills drive,roseville,95678,nancy coffey,administrator,www.telecarecorp.com,telecare corporation,kevin moghannam,telecare corporation,0,,,,16,16,16,0,0,0,0,3248,2001,0,0,0,5249,0,0,0,0,431,233,0,0,0,664,0,16,0,0,0,0,0,5249,0,0,0,0,0,664,0,0,0,0,89.90000000000001,89.90000000000001,7.9,7.9,0,0,0,0,0,0,0,0,0,0,0,0,0,0,0,0,0,0,0,0,0,0,0,0,0,2647937,-68287,0,2716224,1347,2616298,101273,0,335,0,0,100938,2647937,0,0,0,0,0,0,1638503,1009434,0,0,0,2647937,0,0,0,0,0,0,0,0,0,0,0,0,0,0,-68287,0,0,0,0,0,0,0,0,0,0,0,0,0,0,0,0,1638503,1077721,0,0,0,0,0,0,0,0,0,1380827,0,0,0,0,0,0,390643,62848,752578,29402,1327523,393112,0,60442,63031,453611,9714,2888,14667,0,291310,869396,0,18965,0,0,0,888361,361098,0,0,527263,888361,0,442304,0,0,26445,70423,51458,0,0,0,0,0,384229,0,27,16,48609,6696,55305,9,0,3733,7434,8090,7052,17768,4532,0,0,0,0,35736,0,0,0,4608,1720,6545,0,40704,0,0,0,4965,2000,7636,0,2013
106014226,telecare willow rock center,01jul2012,30jun2013,365,audited,incl. ind. audit adj.,alameda,5,421,investor,psychiatric,phf,,(510) 895-5502,2050 fairmont drive,san leandro,94578,john adam,administrator,www.telecarecorp.com,telecare corporation,kevin moghannam,telecare corporation,0,,,,16,16,16,0,0,0,0,385,2010,1172,0,0,3567,0,0,0,0,72,292,208,0,0,572,0,16,0,0,0,0,0,3567,0,0,0,0,0,572,0,0,0,0,61.1,61.1,6.2,6.2,0,0,0,0,0,0,0,0,0,0,0,0,0,0,0,0,0,0,0,0,0,0,0,0,0,12316682,6615682,0,5701000,109,5314374,386735,0,0,0,0,386735,12316682,0,0,0,0,0,0,1529189,7985930,2801563,0,0,12316682,0,0,0,0,0,0,0,0,0,0,0,0,0,0,-22495,850823,4444328,1311254,31772,0,0,0,0,0,0,0,0,0,0,0,0,678366,3564097,1458537,0,0,0,0,0,0,0,0,3235646,0,0,0,0,0,0,701933,85696,1119100,171999,2289072,750809,0,799545,97679,944222,21524,138027,16607,0,256889,3047676,0,54597,0,0,0,3102273,902635,0,0,2199638,3102273,0,855118,-31897,0,45727,94433,39836,0,0,0,0,0,2176463,0,36,22,70820,9078,79898,3,0,5978,9587,8492,7847,29042,5399,0,0,0,4475,53309,0,0,0,8504,1616,7391,0,60109,0,0,0,9467,2000,8322,0,2013
106334564,temecula valley hospital,14oct2013,31dec2013,79,audited,incl. ind. audit adj.,riverside,12,1111,investor,general,comparable,,(951) 331-2200,31700 temecula pkwy,temecula,92592,darlene wetton,ceo,www.temeculavalleyhospital.com,"universal health services, inc.",jeff brown,hospital management services,0,05-0775,,,140,140,18,467,352,17,87,53,28,231,28,76,1339,113,92,4,28,19,12,98,6,26,398,140,0,0,0,0,0,1339,0,0,0,0,0,398,0,0,0,0,0,12.1,12.1,3.4,3.4,0,0,0,424,245,162,477,62,437,1397,3,832,4039,4419,0,0,0,0,9,7740,1080,129,18,0,0,25876042,24833728,0,1042314,192852,25537341,-24302175,0,0,0,0,-24302175,3858731,6364953,15652358,4527883,3745776,162039,934117,485684,254057,2579382,327398,809402,13825738,1959680,1441824,331567,1205838,190079,1061049,4085035,11633,1763599,12050304,6486107,4741639,493606,2139955,0,675763,1312865,6078891,2565871,0,339031,0,0,0,0,0,0,1456,445961,0,0,0,2241,585526,0,7130,0,0,0,0,0,0,3722795,1932169,4706962,0,0,0,0,5364840,843820,6808145,2158610,11879281,2532469,939094,702186,2185949,1282360,2839998,140943,381476,0,2653585,9808744,0,171975730,0,5268,0,181789742,206154815,0,0,-24365073,181789742,0,25815979,-24875828,164498327,107885,174502272,2526542,0,0,0,0,0,0,202636669,161,36,322703,19188,341891,141,0,62911,102651,58854,0,9529,35847,45285,0,6253,1373,67733,30043,67781,0,95722,14465,46959,0,71594,31323,71991,0,101200,16203,49580,0,2013
106190784,temple community hospital,01jan2013,31dec2013,365,audited,incl. ind. audit adj.,los angeles,11,925,investor,general,comparable,,(213) 382-7252,235 n. hoover street,los angeles,90004,herbert g. needman,ceo,www.templecommunityhospital.com,temple hospital inc.,john skelton,temple community hospital,0,05-0111,hsc30111f,zzt30111f,170,170,130,5737,0,4552,193,0,105,1813,0,36,12436,932,0,255,38,0,32,406,0,14,1677,150,0,0,0,20,0,9363,0,0,0,3073,0,1661,0,0,0,16,0,20,20,7.4,5.6,0,0,0,1505,0,84,136,0,453,331,0,51,2560,0,0,0,1181,0,7,78534,73776,664,1379,0,0,148958543,105813753,0,43144790,473028,43330668,287150,0,0,4649,0,282501,25057666,0,123900877,47405216,0,25317514,7011930,0,2626640,39918454,0,938043,123217797,13133153,0,757230,1999274,0,800287,8262266,0,788536,25740746,46515632,0,18920397,5002760,-176365,0,2527570,32528333,480249,0,0,0,15177,0,0,0,0,13857087,0,7237151,4008444,0,899357,15652387,0,1490364,0,0,0,0,0,0,7303263,0,13973660,0,0,0,0,4113736,1184148,15057105,1698756,12870632,5021970,893686,2041481,7222845,6339994,393838,1081783,445477,159212,6859750,12648354,0,6768231,0,0,0,19416585,9190247,0,4720694,5505644,19416585,456854,30937473,-21504273,7637080,7871996,16091076,9322845,0,0,0,4837448,116754,0,4837448,272,113,506909,70164,577073,49,0,73181,59718,104007,59448,70598,72256,27982,27369,1950,10400,172002,0,135517,0,90036,26627,82727,0,198516,0,150967,0,98462,31099,98029,0,2013
106010782,thunder road chemical dependency recovery hospital,01jan2013,31dec2013,365,audited,incl. ind. audit adj.,alameda,5,417,non-profit,specialty,comparable,,(510) 653-5040,390 40th street,oakland,94609,david bradley,president ,,"adolescent treatment centers, inc.",vanessa brass,sutter health,0,,,,50,50,50,0,0,0,0,10300,3103,0,0,3,13406,0,0,0,0,107,33,0,0,1,141,0,0,50,0,0,0,0,0,13406,0,0,0,0,0,141,0,0,0,73.5,73.5,95.09999999999999,95.09999999999999,0,0,0,0,0,0,0,0,0,293,0,0,293,0,0,0,0,0,0,0,0,0,0,0,0,6120338,768144,0,5352194,506371,6593042,-734477,78061,0,0,0,-656416,6029839,90499,0,0,0,0,0,4632777,1395472,0,0,1590,6029839,0,0,0,0,0,0,90499,0,0,90499,0,0,0,0,0,583779,168850,13925,1590,0,0,0,0,0,0,0,0,0,0,0,0,4048998,1226622,76574,0,0,0,313709,79332,-1271,0,0,3898564,45542,0,0,0,0,0,816751,457487,1013490,361208,2849030,1301303,195681,684594,339088,462805,119037,167686,35460,0,438358,1969240,0,103182,0,0,0,2072422,790748,30737,0,1250937,2072422,634100,700678,-84376,33333,354147,1032602,929420,0,0,0,0,0,0,13101,73,41,159529,13626,173155,0,0,14988,14040,10838,0,74626,15931,6809,0,0,22297,126700,1330,0,0,9255,9481,12763,0,137080,1620,0,0,10288,10525,13642,0,2013
106191225,tom redgate memorial recovery center,01jul2012,30jun2013,365,audited,excl. ind. audit adj.,los angeles,11,933,non-profit,specialty,comparable,,(310) 599-8444,1775 chestnut st,long beach,90813,candy cargill-fuller,administrator,,"behavioral health services, inc",meghan paustian,"behavioral health services, inc.",0,,,,63,63,63,0,0,0,0,13948,0,0,0,0,13948,0,0,0,0,586,0,0,0,0,586,0,0,63,0,0,0,0,0,13948,0,0,0,0,0,586,0,0,0,60.7,60.7,23.8,23.8,0,0,0,0,0,0,0,0,0,0,0,0,0,0,0,0,0,0,0,0,0,0,0,0,0,2605281,44743,0,2560538,7902,2542176,26264,0,0,0,0,26264,2605281,0,0,0,0,0,0,2605281,0,0,0,0,2605281,0,0,0,0,0,0,0,0,0,0,0,0,0,0,0,44743,0,0,0,0,0,0,0,0,0,0,0,0,0,0,0,2560538,0,0,0,0,0,0,0,0,0,0,1119032,0,0,0,0,0,0,478229,91083,683088,170744,1026064,244415,0,288847,260084,452894,44035,12419,32854,57328,123236,828526,0,1652653,0,0,0,2481179,3282646,0,0,-801467,2481179,292058,456734,0,2996904,49961,3546535,1893882,0,0,0,0,0,46839,2143512,29,7,54879,6875,61754,0,0,8123,1536,5396,9509,0,9180,7698,11137,0,2300,32408,0,0,0,11484,3602,7385,0,35808,0,0,0,12936,4211,8799,0,2013
106190422,torrance memorial medical center,01jan2013,31dec2013,365,audited,incl. ind. audit adj.,los angeles,11,931,non-profit,general,comparable,,(310) 325-9110,3330 lomita boulevard,torrance,90505-5073,craig leach,president/ceo,torrancememorial.org,torrance hospital association,michael hanson,torrance memorial medical center,0,05-0351,hsc30351f,zzt30351f,401,377,286,30024,19449,4450,1773,0,1244,35776,0,2668,95384,5769,4772,984,512,0,271,10272,0,634,23214,361,0,0,0,40,0,82875,0,0,0,12509,0,21729,0,0,0,1485,0,65.2,69.3,4.1,3.8,28,6677,2746,75452,34589,4006,7701,0,4644,150391,0,9906,286689,63730,29344,26987,152779,0,14,900072,776991,6284,10997,1806,1252,2601779370,2253083770,112207441,460903041,9497036,466477353,3922724,36390779,18680884,0,0,21632619,363682497,171642006,2066454867,507310906,348556087,61996876,29677888,0,21878651,601337378,0,42287003,1613044789,209185204,182394364,8509773,20319883,0,21609391,520594919,0,26121047,988734581,609655542,517828275,50168233,39606365,0,0,32805760,906969683,17159214,0,34290792,0,44599906,63977196,0,0,48230245,97397331,70101580,19409156,9732448,0,10109121,248406076,0,5747329,0,0,0,15701292,0,0,75112899,32573864,192835740,0,0,1912286,0,66427141,12760578,64742795,20112050,170893427,77042625,12097425,7113445,93144878,36551641,25476475,4549058,1279173,3522901,34806305,131114406,307335269,185436798,381617547,71310013,0,1076814033,229868284,0,283470000,563475749,1076814033,14976844,470173924,-394829975,357679781,195794385,586584190,401147392,0,0,285130000,285130000,1660000,0,0,2774,835,5185628,685848,5871476,417,0,699982,1068003,1341729,17184,342916,932292,440975,240314,35836,66397,1190559,397012,1566615,29561,924546,248244,428351,400740,1381311,451069,1790379,31666,1038694,284814,492630,400913,2013
106370780,tri-city medical center,01jul2012,30jun2013,365,audited,incl. ind. audit adj.,san diego,14,1414,district,general,comparable,,(706) 724-8411,4002 vista way,oceanside,92056-4506,casey fatch,interim ceo,tri-citymed.com,tri-city hospital district,donna talbot,"the talbot group, llc",0,05-0128,hsc30128f,zzt30128f,397,354,221,21041,8790,10618,4933,2851,2206,9465,806,7973,68683,4495,2275,2190,1263,385,507,2655,187,1834,15791,358,29,0,10,0,0,60221,6088,0,2374,0,0,14496,1092,0,203,0,0,47.4,53.2,4.3,4.3,0,0,0,56588,21543,8441,16255,6386,8064,43145,1525,17705,179652,66019,6895,23697,74318,0,12,984060,651720,3655,2702,1970,922,1294648096,1028673788,23218427,289192735,7056369,318319098,-22069994,14012185,5557272,0,0,-13615081,214782286,158635262,921230548,281138447,136695361,72568646,51129101,29954826,28212996,143028606,5765435,88066184,836559602,122783414,67800659,22734004,42649043,18057702,19401790,116977984,3758186,43925712,458088494,322223417,181815375,80515386,77398252,0,42562195,36098546,160933176,70006399,0,9523621,0,47597421,16149448,0,0,7068979,81233956,38830093,14787264,16379892,5450333,11516240,106142393,0,14852564,0,0,994535,444604,7932675,0,66041661,30148951,109341825,0,0,0,80077,49231536,12074817,38848437,12551794,133872455,49810556,8310722,2800446,59235645,24214197,11597761,2373407,1276572,5432574,19394763,74598087,51386736,73720830,4331937,42683990,8521235,255242815,64120855,0,99747656,91374304,255242815,15931391,116053687,-78316465,155659646,141494908,315748512,242027682,0,39182831,0,101614161,1866505,0,0,1945,655,3494961,621166,4116127,526,3,387438,988858,995813,8198,316330,443517,267701,16560,41793,28753,1055580,390518,863349,0,556088,243018,385808,600,1252088,460947,1047234,0,635930,274125,445097,706,2013
106190159,tri-city regional medical center,01jan2013,31dec2013,365,audited,excl. ind. audit adj.,los angeles,11,921,non-profit,general,comparable,,(562) 860-0401,21530 south pioneer boulevard,hawaiian gardens,90716,james f. sherman,ceo,tri-cityrmcorg.verizonsupersite.com,tri city regional medical center,hisoon kwon,"healthquest consulting, inc.",0,05-0575,hsc30575h,hsp34099g,107,107,45,9373,842,1319,1696,0,954,1004,69,131,15388,1460,141,400,398,0,298,347,18,68,3130,107,0,0,0,0,0,15388,0,0,0,0,0,3130,0,0,0,0,0,39.4,39.4,4.9,4.9,0,0,0,3767,735,621,3369,0,2222,2631,1076,897,15318,9493,436,0,2694,5354,6,87157,78275,1364,2343,0,0,221464523,173839338,7491669,55116854,2745892,63244026,-5381280,1152945,4913,0,0,-4233248,35315838,12666466,173482219,81074473,8618521,11644090,13756457,0,20017411,16883901,359649,686491,153040993,13967209,2253619,1937582,14070054,0,11547173,18932174,3095862,2619857,68423530,75817977,8513665,3252143,25365605,0,0,20717621,27863287,424428,0,10912150,0,972462,0,7491669,0,0,17932782,2349829,5639332,9952575,0,10341498,6991381,-1,1909458,0,0,0,1444,0,0,8235217,3796643,15345745,7913346,0,0,0,5990764,2754943,17281178,1926190,17424585,4766902,2212420,2973742,8222942,17099670,1058589,1578236,525118,38132,7343690,13350452,0,5821260,451658,0,0,19623370,15165026,0,409175,4049169,19623370,330034,47145470,-38062388,0,16611782,18163818,12342558,0,409175,0,529671,120496,0,0,273,99,576979,5708,582687,306,0,46193,114126,148607,11827,35415,127257,77008,1785,9234,5527,159978,36949,123557,0,125088,65270,66137,0,162832,37490,124350,0,125613,65773,66629,0,2013
106531059,trinity hospital,01jan2013,31dec2013,365,audited,excl. ind. audit adj.,trinity,1,207,district,general,comparable,rural,(530) 623-5541,60 easter ave.,weaverville,96093,stan oppegard,ceo,www.mcmedical.org,trinity hospital,raj sandhu,hfs consultants,0,05-1315,,hsp30392h,51,51,36,1761,0,6192,487,19,101,0,0,465,9025,295,0,46,13,8,34,0,0,30,426,25,0,0,0,26,0,1885,0,0,0,7140,0,412,0,0,0,14,0,48.5,48.5,21.2,4.6,0,0,0,9037,0,5948,2414,1947,5891,0,0,2823,28060,4320,14240,813,8651,0,1,1634,4657,24,145,0,0,22913780,11333196,59834,11640418,1134596,14011209,-1236195,470091,386285,0,0,-1152389,6274100,8053527,8586153,4667250,0,2476260,845497,111537,500725,0,0,522359,9123628,5988528,0,2142949,813426,880619,2489501,0,0,1475129,13790152,5228129,0,259419,902548,-60770,915710,1114988,0,1117260,0,111805,0,1744107,0,59834,0,0,5386631,0,4420560,-99501,76446,1875238,0,0,-18956,0,0,0,0,470091,0,2066314,2901065,2745135,0,0,0,0,2486240,1078859,1613429,1120167,6213865,1349954,1091769,1012074,1249203,1046530,1156178,83108,107941,33957,666630,3100633,88323,5951726,0,0,0,9140682,1935244,1307851,2432414,3465173,9140682,222317,5286148,-3127459,6491605,3873890,10365495,4413769,0,0,0,2477410,44996,0,0,133,41,259772,23248,283020,55,0,32965,60517,30281,13297,36988,30743,32793,15902,4940,1346,63306,52238,31756,0,50035,36493,25944,0,67240,57398,34656,0,55274,40196,28256,0,2013
106540816,tulare district hospital,01jul2012,30jun2013,365,audited,incl. ind. audit adj.,tulare,9,611,district,general,comparable,,(559) 688-0821,869 cherry street,tulare,93724,shawn bolouki,ceo,www.tulareregional.org,tulare local healthcare district,"rodney a. phillips, cpa","rodney a. phillips, cpa",0,05-0359,,zzt30359f,108,108,57,7155,662,3306,3796,652,361,1163,121,815,18031,1301,143,1302,1251,190,86,304,46,109,4732,108,0,0,0,0,0,18031,0,0,0,0,0,4732,0,0,0,0,0,45.7,45.7,3.8,3.8,10,2042,1147,27350,3137,10191,39485,4102,5274,16846,163,7775,114323,30753,24081,4766,54114,0,2,108654,147098,2093,3159,828,415,266496855,205599342,111985,61009498,2515422,76539363,-13014443,16495454,3691316,0,0,-210305,47593422,44697287,174206146,49108137,4443115,25752067,27011250,4249364,4587175,14989504,1847028,6764868,138752508,30885700,3425305,12049376,39443747,4124380,6694111,23573256,296765,7251707,127744347,56707700,5577920,25680052,49412847,-1298482,6734859,7663871,35547956,11629844,0,5850596,0,2092179,0,0,0,111985,23286137,2290500,11210215,16237821,946069,3617415,3126789,0,294552,2064058,0,2894458,101961,7601668,0,12339761,11313430,24640910,0,0,0,0,11601423,3442378,10144725,3056736,26081804,9721602,5409615,785076,9976798,17062069,3221925,906062,513662,830076,2030674,22772136,18291154,32049982,104477692,0,8354636,185945600,25354345,0,110287364,50303891,185945600,8657609,38226548,-33062870,43486425,39562842,86302225,54252243,0,0,110767364,110767364,480000,0,0,670,322,1394519,12189,1406708,76,0,129591,298810,480552,22013,162042,224505,3963,59744,5124,8175,444534,233372,442369,0,83900,18197,135559,36588,448385,236529,446149,0,84562,18295,136200,36588,2013
106400548,twin cities community hospital,01jan2013,31dec2013,365,audited,excl. ind. audit adj.,san luis obispo,8,801,investor,general,comparable,rural,(805) 434-3500,1100 las tablas road,templeton,93465,mark lisa,ceo,www.twincitieshospital.com,tenet healthcare corporation,christina kim,tenet healthcare corporation,0,05-0633,hsc30633f,,122,122,51,9255,386,1294,1569,493,229,4719,215,252,18412,2204,81,332,400,120,76,1488,57,80,4838,122,0,0,0,0,0,18412,0,0,0,0,0,4838,0,0,0,0,0,41.3,41.3,3.8,3.8,9,1479,700,11169,453,2226,9790,739,1870,14466,130,3627,44470,32646,4531,0,8352,0,5,204585,137280,1536,1512,530,169,636021734,536428475,0,99593259,1913316,81638978,19867597,344046,0,0,0,20211643,107869610,90507601,437644523,192795241,7940847,25655486,30734568,10153833,5979433,109901471,4294869,5667865,393123613,74462878,4654135,9940201,38469557,5138602,9127220,81998697,874639,18232192,242898121,241040975,11561540,32178985,54129105,0,14594317,12713451,139895787,7174074,0,5279683,-114886,17975444,0,0,0,0,26217144,1033442,3252547,15075020,813004,1879426,45477876,53980,5790820,0,0,0,0,0,0,14918120,9082184,25639085,0,0,0,0,11735013,6323626,11854254,2086696,29921929,12423226,4061554,856572,10624899,14633533,5575723,509796,428411,43488,2559847,17976664,0,75940399,85730,35462499,5443026,134908318,7155317,1312760,891010,125549231,134908318,8709,39518538,-27050603,90960665,25687318,118239103,42298704,0,1700112,0,1700112,809102,34480192,0,360,161,635492,117720,753212,226,0,59517,115881,279295,0,49428,118819,7245,0,5307,0,204064,80101,182294,0,55111,48425,65497,0,245287,93562,215062,0,62888,55593,80820,0,2013
106381154,ucsf medical center,01jul2012,30jun2013,365,audited,incl. ind. audit adj.,san francisco,4,423,non-profit,general,comparable,teaching,(415) 476-3001,505 parnassus avenue,san francisco,94143,mark laret,ceo,www.ucsfhealth.org,regents of the university of california,marwin vinluan,"toyon associates, inc.",0,05-0454,hsc00454w,zzr00454w,650,652,652,46674,7393,33049,15595,2713,1405,66751,814,2522,176916,7563,1198,3528,2850,398,128,11299,566,331,27861,650,0,0,0,0,0,176916,0,0,0,0,0,27861,0,0,0,0,0,74.59999999999999,74.3,6.3,6.3,26,3485,1458,251046,17105,44231,79621,6600,28274,445636,913,21561,894987,36465,850348,16632,124666,0,46,3174622,1403909,12856,14298,1375,539,7666282346,5568476105,0,2097806241,40952501,2042233659,96525083,68809905,30472806,0,0,134862182,2203308894,851569900,4611403552,1293169828,193451401,844211220,377299597,71694523,38662550,1907100195,20177646,55216167,4800983127,814047042,77037372,168293575,243809254,30919359,43677881,1417224710,4207892,66082134,2865299219,1679070443,220102216,847520070,515877502,0,80091844,44342358,2036944566,78549250,0,33514140,-6966864,39430580,0,0,0,0,426871682,48360977,160333656,96553815,18042233,36810469,1257191468,0,53641941,0,0,0,31142592,0,0,297122490,281896170,798401029,0,0,2786453,45312079,283156073,43919874,182182053,107457438,777066484,226616053,369801125,44127427,350466960,77718575,100775690,42624595,6366532,16350245,30319973,853624749,0,793969372,836337432,0,18237504,2502169057,347760892,10224479,843454182,1300729504,2502169057,421837169,1410742239,-1085854471,995040181,545686586,1662206745,868237373,0,46154835,843749120,889903955,46449773,0,4746530,6935,2222,12922575,2160889,15083464,2064,630,1235339,3768394,3445176,93983,728081,2392300,600348,0,355315,303639,2963518,2115427,3477387,36232,2781557,506397,1001299,40758,3470611,2467160,4091830,41217,3192755,596681,1177050,46160,2013
106231396,ukiah valley medical center - hospital drive,01jan2013,31dec2013,365,audited,incl. ind. audit adj.,mendocino,1,113,non-profit,general,comparable,rural,(707) 462-3111,275 hospital drive,ukiah,95482,gwen matthews,president/ceo,www.uvmc.org,adventist health,andrew kinnaman,"essential consulting, llc",4,05-0301,,zzr00301f,67,53,37,5116,204,1273,1986,730,95,1661,224,379,11668,1406,56,509,734,221,29,630,84,123,3792,67,0,0,0,0,0,11668,0,0,0,0,0,3792,0,0,0,0,0,47.7,60.3,3.1,3.1,0,0,0,81575,1204,15587,34642,9498,13854,51965,2198,6511,217034,25896,112326,0,76983,589,8,109710,257941,1187,3695,590,221,358624728,258830868,11586824,111380684,1536304,107303839,5613149,3911747,1338830,0,0,8186066,50709196,96734942,211180590,56182611,1998172,13178837,21013960,8757636,1779816,16902205,1693387,3905849,125412473,81198296,2306286,17912897,37156851,15365944,10589877,55246879,3659941,9775284,233212255,103325662,3686750,11167327,53005010,-580027,21762833,7050564,37294871,6698759,0,9326976,0,6092143,0,11586824,0,0,34055245,578992,16922389,16399732,2360747,5319129,34854213,6,890231,0,2377051,0,642880,0,0,10740572,13818105,27367888,3454648,0,0,0,14537311,4125556,31096117,2163642,39124802,11363019,15591490,1243975,12605045,17588050,1608500,1514443,948546,739110,4976859,55717246,3163012,14951278,3658908,23754522,0,101244966,12280903,0,41905050,47059013,101244966,31533812,52162698,-40335952,23783775,19306268,46910529,31959251,0,253637,38264748,42129728,224678,23096400,1750838,583,182,1098858,116829,1215687,136,0,107683,251090,240997,27015,107515,261165,95150,4537,2342,1364,168151,314724,262837,0,171751,63567,117828,0,186225,342281,293517,0,190958,72739,129967,0,2013
106370782,university of calif - san diego medical center,01jul2012,30jun2013,365,audited,excl. ind. audit adj.,san diego,14,1418,non-profit,general,comparable,teaching,(619) 543-6222,200 w. arbor drive,san diego,92103-9981,paul viviano,ceo,http://health.ucsd.edu,regents of the university of california,jeannine brown,ucsd medical center,1,05-0025,hsc30025f,zzt30025f,565,559,524,40961,7954,31235,12191,12348,5280,38941,6796,91,155797,6847,1458,3954,2319,2221,1007,7452,1716,14,26988,533,32,0,0,0,0,146496,9301,0,0,0,0,25926,1062,0,0,0,0,75.5,76.40000000000001,5.8,5.8,20,4317,1831,172838,24769,49007,31737,21401,17903,274840,11251,20,603766,66365,225959,0,289215,0,30,2053594,2277785,12886,31864,1722,724,3004859486,1815713455,0,1189146031,117747855,1161239203,145654683,12595032,273649,0,0,157976066,726514577,252617859,2025727050,461840062,95928980,268949467,132756862,124030977,66139894,458921596,74620462,1262968,1684451268,362772237,63152516,82852300,60150651,51406082,43380929,620982226,35509256,202021,1320408218,589880602,112479623,183243020,148643336,-120697000,152911985,76681631,558041437,7331406,0,106448528,0,748887,0,0,0,0,233407040,46568072,289128813,43892521,22525074,32273253,517042374,3681190,627694,148000000,39731834,1474945,10648756,0,0,203871977,62925148,433256182,0,0,0,54849605,182552671,37548444,155395591,30839585,415377419,264851712,43229932,28758526,206346268,93668922,52307784,16055510,5444789,9461406,25736935,472194560,0,637929899,270938282,11523693,1937523,1394523957,215763366,3393159,190351739,985015693,1394523957,163075,222365639,-50616113,765370745,263817392,1037829473,399899574,0,27575578,226358663,253934241,63582502,0,0,5313,1541,9863314,1437095,11300409,1040,415,798056,2150356,2406432,54464,646795,902945,642348,2012112,98385,151421,2139855,782121,2516909,1218948,2027020,375887,802574,0,2554104,914001,2944209,1221147,2321365,435010,910573,0,2013
106341006,university of california davis medical center,01jul2012,30jun2013,365,audited,incl. ind. audit adj.,sacramento,2,311,non-profit,general,comparable,teaching,(916) 734-9136,2315 stockton boulevard,sacramento,95817,ann madden-rice,ceo,www.ucdmc.ucdavis.edu,regents of the university of california,dorothy nelson,uc davis medical center,1,05-0599,hsc00599w,zzr00599w,619,581,546,49855,5785,32322,23874,4372,5464,37527,10544,260,170003,8795,964,3888,4442,740,997,8477,1896,25,30224,600,0,0,19,0,0,165445,0,0,4558,0,0,29942,0,0,282,0,0,75.2,80.2,5.6,5.6,10,3518,1596,249323,8876,28505,38041,4227,19263,609449,13727,517,971928,61527,860828,6839,22340,9630,31,3009720,1455990,11247,11456,1368,535,6655194413,5291579740,117195283,1480809956,84036058,1465359081,99486933,10638119,713429,0,0,109411623,1502086063,819608349,4333500001,1321839854,170856674,685428186,536258284,125315718,172364962,1070964807,261903922,6557787,4351490194,637942438,40015918,143542029,239103440,26696161,92911238,1027514192,94804368,1174435,2303704219,1606242704,169092845,674812193,605895882,-40722908,138351627,216936449,1443084189,87326259,0,209425678,0,181134822,103,0,0,117195180,300019393,35939048,188213338,148614307,12754540,41329662,740497605,12072727,1369336,0,0,0,10292880,0,0,218238198,225315396,431652136,6888944,7786756,117024,26771274,212884380,41854480,216995614,76854879,637465929,214500854,78296419,2881403,218915454,142533613,88233252,39055767,8532691,18302394,16641305,525867000,30500000,1036376885,41350115,27641000,0,1661735000,259868000,0,320143000,1081724000,1661735000,224109000,264223000,-49161000,1259371507,405429536,1748549726,712172841,0,0,287853211,351864000,31721000,0,0,7270,1789,12902234,2218724,15120958,949,713,858266,4135103,2997725,143204,579586,2291148,794822,1102380,0,0,2329308,2694203,2574529,756291,2477247,528880,1541776,0,2794050,3168302,3057171,760365,2898628,621275,1821167,0,2013
106301279,university of california irvine medical center,01jul2012,30jun2013,365,audited,incl. ind. audit adj.,orange,13,1015,non-profit,general,comparable,teaching,(714) 456-5678,101 the city drive south,orange,92868-3298,terry belmont,ceo,www.ucihs.uci.edu,regents of the university of california,neil myers,uci medical center,1,05-0348,hsc30348w,zzt30348w,415,409,409,23888,5918,26521,13128,9433,387,28211,2435,0,109921,4319,1031,2983,2858,1845,84,5634,780,0,19534,353,48,0,14,0,0,94446,11501,0,3974,0,0,17531,1789,0,214,0,0,72.59999999999999,73.59999999999999,5.6,5.6,45,2933,1151,137171,10321,30368,64950,21382,1378,159052,16342,0,440964,43680,343149,0,67847,0,26,1639470,716265,6768,5599,989,483,3255198040,2435202852,511035,820506223,65235585,788728555,97013253,5552166,347625,0,0,102217794,973355014,250935850,2030907176,565287939,170080970,460261508,296874921,211088821,10593709,639885712,67533274,0,2421606854,239847488,32533561,42295575,113964468,42007006,4323504,326184912,32434672,0,833591186,660394609,169228660,361788833,359414327,0,220145334,0,568386237,10509866,0,93971308,-8154299,-482023,0,511035,0,0,144740818,33385871,140768250,51936097,32950493,4889370,397684387,14150937,0,40716164,-41122800,0,2512825,0,0,129084984,69998788,261774052,0,0,0,20886199,142894121,34992735,76023826,53073850,323892348,117788292,25118561,15672169,129400544,73796379,55977177,7082837,3049158,17257189,19693901,342661249,21017994,718748360,7229892,0,2207245,1091864740,161903190,0,300821785,629139765,1091864740,21540,132157148,-24279397,783970467,281212976,1077601713,358853353,0,29138368,284932018,319224018,18402233,0,0,4390,1193,7953876,1354608,9308484,830,294,861199,2376611,1850456,9788,519433,1590020,554778,13910,101177,76504,1925053,1136960,1801782,0,1753416,636177,700488,0,2283641,1339613,2108618,0,2015728,745352,815532,0,2013
106191216,usc kenneth norris jr. cancer hospital,01jul2012,30jun2013,365,audited,incl. ind. audit adj.,los angeles,11,925,non-profit,specialty,comparable,,(323) 865-3000,1441 eastlake avenue,los angeles,90033,john ferrelli,chief administrative,"www.uscnorriscancer.usc,edu",university of southern california,mark simonson,,0,05-0660,,hsp30660f,60,60,13,1255,183,490,509,0,144,2008,28,0,4617,154,30,42,45,0,22,232,1,0,526,60,0,0,0,0,0,4617,0,0,0,0,0,526,0,0,0,0,0,21.1,21.1,8.800000000000001,8.800000000000001,0,0,0,38164,3834,2578,2297,0,4258,41095,69,6814,99109,0,94579,0,5152,0,0,0,0,0,0,0,0,411735116,288590191,0,123144925,1056535,113176117,11025343,16563,1809,0,0,11040097,17763980,22736133,371235003,15191106,1857197,7209870,5532316,0,1636703,21702202,343355,0,53472749,159522062,10845637,11859934,9168490,0,8612788,156213244,256545,1783667,358262367,137755313,10389909,17312149,11829657,0,0,8523747,98111795,2513417,0,599900,0,1554304,0,0,0,0,36957855,2312925,1757655,2871149,0,1590122,77449458,0,205761,0,0,0,0,0,0,6738411,11588792,53924218,0,0,0,811655,11222109,4471521,16521958,7897453,24150501,8042823,4062094,5097760,41918014,14063055,3526137,814533,853443,3320540,7327217,92356164,0,37282464,6035284,0,0,135673912,79584446,0,0,56089466,135673912,12088793,100215130,-67434349,31075946,23965845,55041791,17759327,0,0,0,0,0,43121366,0,399,99,733993,166666,900659,540,12,70045,154214,132270,5636,40261,229214,20869,10816,27113,43555,100977,154259,184735,0,91129,73716,129177,0,134875,184852,228246,0,118423,83402,150861,0,2013
106190812,valley presbyterian hospital,01nov2012,31oct2013,365,audited,incl. ind. audit adj.,los angeles,11,905,non-profit,general,comparable,,(818) 902-5718,15107 vanowen street,van nuys,91405-4542,gustavo valdespino,president,www.valleypres.org,valley presbyterian hospital,steve mcgovern,western reimbursement group,0,05-0126,hsc30126f,zzt30126f,350,348,196,20281,2631,19989,18086,0,876,4377,755,1057,68052,3313,653,4668,4841,0,227,1331,249,390,15672,333,0,0,17,0,0,64335,0,0,3717,0,0,15359,0,0,313,0,0,53.3,53.6,4.3,4.3,23,9315,3460,18460,2819,21303,36923,0,1308,12117,851,10467,104248,72009,27425,0,13121,0,10,543234,320585,3524,3931,2103,1611,841436629,596632532,51003083,295807180,10533613,291352582,14988211,8581302,556517,0,0,23012996,206762799,75339815,559334015,184010183,26319647,185865330,151530800,0,14663006,53943022,4485377,12318416,633135781,45979866,8090888,30984509,72886793,0,3155236,29315521,1637710,16250325,208300848,151734780,24421372,140308425,173477233,-15444926,0,12974471,63956042,10273112,0,17403650,0,17528373,0,51003083,0,0,78255269,9989163,81649660,100999560,0,4843771,19302501,0,767256,0,0,0,4696758,0,0,59702523,14762647,70249811,0,0,0,0,31994981,7982920,97492687,9167013,91153612,41011729,7381715,19750027,40387494,15294487,8628551,989949,2025546,2115630,62613842,68922062,9804319,78226809,3755940,62294985,0,223004115,75314331,0,15888745,131801039,223004115,8681239,93568883,-55564328,150719619,90395701,242901931,164675122,0,20761954,0,20761954,4873209,0,0,1398,520,2574344,370840,2945184,664,0,192073,583311,887530,7834,152601,490168,217708,6074,32970,4075,887157,198499,534201,0,508160,178620,261005,6702,1019175,232639,613122,0,575161,200590,296632,7865,2013
106014050,valleycare medical center,01jul2012,30jun2013,365,audited,excl. ind. audit adj.,alameda,5,419,non-profit,general,comparable,,(925) 847-3000,5555 w. las positas blvd,pleasanton,94588,marcy feit,president/ceo,valleycare.com,the hospital committee of livermore,melinda staley,valleycare health system,0,05-0283,,zzr00283f,242,242,120,22563,2752,2418,2635,0,704,11679,115,575,43441,3187,508,477,503,0,183,3245,30,127,8260,202,14,0,0,26,0,33268,2500,0,0,7673,0,7536,192,0,0,532,0,49.2,49.2,5.3,4.6,15,2809,1182,48143,6658,3039,9562,0,6758,89846,3128,20553,187687,30914,13896,0,143101,0,11,302581,359179,2099,4205,829,514,1125848254,881334079,0,244514175,14265519,254656074,4123620,596858,257240,0,0,4463238,252771671,113446516,759630067,351501115,43926801,16917416,38553557,0,18653001,220630928,6528043,16781647,713492508,100586752,14836038,7442584,22672472,0,16312964,197049914,4264490,49190532,412355746,388726424,51556113,5020369,56004936,0,0,28621909,272876688,27104931,0,10792533,0,40630176,0,0,0,0,62809193,7104784,18285976,4817994,0,5117603,143684792,0,2693833,0,0,0,91962,0,0,45960542,7857703,95238558,0,0,428888,278169,38675539,10758289,39674809,15783577,94176779,39239223,5390140,4390967,37569872,26184974,8736889,7810683,1391193,5398569,24366785,131470704,399749,87992897,8510852,21293551,1396127,251063880,62959062,0,80191301,107913517,251063880,11254153,93167421,-53882860,117945886,60204709,213354122,125361225,7335433,0,77305334,84640767,4449466,0,0,1133,310,2061119,339974,2401093,232,0,255351,531708,470173,15794,115227,421848,159656,47181,43338,843,526297,85555,747307,7141,370527,159762,164530,0,627481,100321,864775,8349,424629,185483,190055,0,2013
106560481,ventura county medical center,01jul2012,30jun2013,365,audited,excl. ind. audit adj.,ventura,10,809,city/county,general,comparable,teaching,(805) 652-6058,3291 loma vista road,ventura,93003,michael powers,administrator,,ventura county medical center,jeff clark,"steve clark & associates, inc.",2,05-0159,hsc39008f,,272,254,142,11288,0,8716,9241,4133,7528,2863,515,6474,50758,2155,0,1897,2062,725,1578,903,160,1709,11189,229,43,0,0,0,0,39906,10852,0,0,0,0,9314,1875,0,0,0,0,51.1,54.7,4.5,4.5,23,4120,1814,52253,0,171625,70754,38415,59983,42557,10883,142051,588521,52288,413463,0,138417,0,9,73361,377979,4598,9807,1534,585,956841934,702371146,0,254470788,1501952,294234719,-38261979,64839073,4310395,0,0,22266699,352612125,186651959,417577850,99186412,0,95770600,125559825,52598595,66123591,40879926,9047435,73839982,563006366,52419493,0,44236368,69752454,60744009,42945521,49264996,16952163,57520564,393835568,121036732,0,98060423,163708387,-82461942,93766304,88679525,65881277,47784159,0,105916281,0,0,0,0,0,0,30569173,0,120241993,27986012,19576300,20389587,24263645,767377,10676701,0,0,5830470,123379,0,42853593,54542742,60319582,82853695,0,0,0,7334270,31623353,4137578,45589985,7833514,88099584,51854318,41984773,3105292,43617603,19194603,5454635,4423360,1087770,2786793,32625988,141104885,304393817,94903582,73329900,0,0,613732184,106191295,0,363091197,144449692,613732184,4520903,323084364,-246129906,122022680,46166513,172600134,77696552,0,0,366619355,366619355,3528158,0,0,1413,463,2642702,318296,2960998,368,48,226698,704173,735288,36042,184283,441999,244058,49207,6467,14487,816697,352109,634539,89166,394595,62149,293447,0,920856,395937,715007,92121,440325,68926,327826,0,2013
106190818,verdugo hills hospital,01jan2013,15jul2013,196,audited,excl. ind. audit adj.,los angeles,11,937,non-profit,general,comparable,,(818) 790-7100,1812 verdugo boulevard,glendale,91208,len labella,ceo,verdugohillshospital.org,verdugo hills hospital,susan dawson,verdugo hills hospital,0,05-0124,,zzt30124g,158,156,92,7897,1665,113,243,0,0,4247,205,90,14460,1250,392,28,73,0,0,1268,65,20,3096,116,24,0,0,18,0,8457,4084,0,0,1919,0,2393,335,0,0,368,0,46.7,47.3,4.7,4.6,14,687,307,4530,2006,760,4888,0,0,14758,2851,1206,30999,10704,0,0,19736,0,6,73565,153805,575,1780,159,150,171336794,127585161,0,43751633,460845,49715788,-5503310,561173,20616,0,0,-4962753,29888359,16616962,124831473,46040392,14582668,687909,2362443,0,0,30698838,2580744,1050405,98003399,18797173,4508881,577043,3246692,0,0,35033517,2724179,8445910,73333395,48348024,14198385,1047908,-880329,0,0,0,52057570,1375973,0,4125511,0,7312119,0,0,0,0,16489541,4893164,217044,6489464,0,0,13674785,1179412,808223,0,0,0,5234,0,0,9048348,1953543,17366605,0,0,0,0,6218996,1632033,9696174,3800089,18530221,5033621,0,2186068,6892505,4859889,1657745,810296,2428738,620349,6696356,21062958,2922656,14893924,2683060,4006781,0,45569379,16984441,0,752115,27832823,45569379,26832,49626355,-33259845,51678852,16118501,69330121,54436197,0,0,0,1119293,367178,322796,0,296,137,557182,60547,617729,437,0,37987,133714,154836,18997,108319,90384,0,10656,1856,433,183345,36022,202102,0,55053,42906,37754,0,206085,40723,222001,0,60155,47018,41747,0,2013
106344035,vibra hospital of sacramento,01sep2013,31dec2013,122,audited,excl. ind. audit adj.,sacramento,2,309,investor,general,comparable,,(916) 351-9151,330 montrose drive,folsom,95630,janet biedron,ceo,www.vhsacramento.com,vibra healthcare,james t. walmsley,vibra healthcare,0,05-2033,,hsp32033h,39,39,38,2622,769,8,298,0,512,0,0,0,4209,82,12,1,5,0,11,0,0,0,111,39,0,0,0,0,0,4209,0,0,0,0,0,111,0,0,0,0,0,88.5,88.5,37.9,37.9,0,0,0,0,0,0,0,0,0,0,0,0,0,0,0,0,0,0,2,1263,0,18,0,0,0,30105163,20764079,0,9341084,12162,8084300,1268946,0,0,0,0,1268946,19575883,0,10529280,18366752,5899858,65902,1955397,0,3817254,0,0,0,30105163,0,0,0,0,0,0,0,0,0,0,11765271,4241348,52649,1562147,0,0,2853827,0,288837,0,0,0,0,0,0,0,0,6312644,1658510,13253,393250,0,963427,0,0,0,0,0,0,0,0,0,2501189,0,2019262,0,0,0,0,1030631,83025,1159510,1290683,3594018,822318,266202,38524,834514,892477,728,1184248,0,0,451271,7849034,0,26713,0,9300,14324224,22209271,2864583,0,0,19344688,22209271,0,7871888,-297355,0,23741,27441,728,0,0,0,0,0,0,44249,44,21,87635,5454,93089,75,0,6773,16755,28157,6298,8615,11324,8406,481,0,826,46081,0,13748,0,16065,1185,10556,0,48721,0,14511,0,16952,1251,11654,0,2013
106374094,vibra hospital of san diego,01jan2013,31dec2013,365,audited,incl. ind. audit adj.,san diego,14,1418,investor,specialty,comparable,,(619) 260-8300,555 washington,san diego,92103,martha heuback,ceo,www.vhsandiego.com,vibra healthcare,james t. walmsley,vibra healthcare,0,05-2044,,,110,110,84,15171,2302,623,4909,0,0,4836,0,0,27841,548,56,14,202,0,0,199,0,0,1019,0,0,0,110,0,0,0,0,0,27841,0,0,0,0,0,1019,0,0,69.3,69.3,27.3,27.3,0,0,0,2581,5,0,1,0,0,1850,0,0,4437,0,4437,0,0,0,0,0,0,0,0,0,0,144676363,99917363,0,44759000,153802,41924433,2988369,0,38059,0,0,2950310,72964239,789758,70922366,81986538,13039197,2668693,24181200,0,0,22010977,0,0,143886605,511728,916,0,185,0,0,276929,0,0,789758,55468839,9286781,2128320,14217256,0,0,0,17890393,925774,0,0,0,0,0,0,0,0,26103653,3753332,540373,9964129,0,0,4397513,0,0,0,-3137148,0,0,0,0,14387217,484617,8982227,0,0,0,0,5758408,385525,10543266,1383173,17645397,3273923,0,334669,5360716,7025775,142588,5696960,772309,8982,1663114,10872934,0,574860,0,26506,0,11474300,5275830,0,2970170,3228300,11474300,33202,10506842,-1269900,206835,1076005,1288248,713388,0,6979,0,2970170,0,0,120357,270,128,505747,63346,569093,9,0,38754,71665,150330,48924,62516,70036,55917,0,4850,2755,280912,5253,50583,0,97089,11276,60634,0,317446,6140,57776,0,106000,12453,69278,0,2013
106361370,victor valley community hospital,01oct2012,12feb2013,135,audited,excl. ind. audit adj.,san bernardino,12,1211,non-profit,general,comparable,rural,(760) 843-2165,15248 eleventh street,victorville,92392,suzanne richards,ceo,www.vvch.org,victor valley community service,carlos jimenez,hfs consultants,0,05-0517,,zzt30517f,101,101,60,2093,924,661,2390,218,640,539,52,343,7860,412,260,220,828,43,216,195,14,95,2283,101,0,0,0,0,0,7860,0,0,0,0,0,2283,0,0,0,0,0,57.6,57.6,3.4,3.4,0,832,367,1094,962,1155,6347,422,1163,1080,237,1538,13998,11636,0,0,3262,0,2,38944,88885,649,844,303,180,83175217,60289574,0,22885643,88976,21928998,1045621,0,0,0,0,1045621,13476224,12599972,57099021,12738659,7372591,7077864,14239047,1841599,4550466,3908789,574378,733867,53037260,2885755,2571044,2465590,12152397,682171,3428129,2964939,1311833,1676099,30137957,12952848,8232484,6015120,18424714,-2101047,2176452,5692451,4654636,2355705,0,1886211,0,0,0,0,0,0,2540203,1711151,5629381,7966730,347318,2286144,2219092,0,185624,0,0,0,0,0,0,3848912,1239563,7797529,0,0,0,0,2734832,733636,4972765,601761,9089807,2230880,486714,1091014,4247791,1552225,1096614,203827,298156,217211,1414759,18126417,0,5314621,25902,0,-7824147,15642793,4937918,0,8995131,1709744,15642793,2023181,44743849,-33236657,0,5976233,5976233,661612,0,21823,0,9339843,344712,0,0,204,91,397694,37458,435152,178,0,22901,86365,132204,17274,28164,59002,40477,0,11307,0,107285,37734,121074,0,62643,31370,37588,0,123270,39943,129609,0,66003,35105,41222,0,2013
106361370,victor valley community hospital,13feb2013,31dec2013,322,audited,incl. ind. audit adj.,san bernardino,12,1211,non-profit,general,comparable,rural,(760) 843-2165,15248 eleventh street,victorville,92392,suzanne richards,ceo,vvgmc.com,victor valley community service,glenn hulse,"intrinsic health resources, llc",0,05-0517,,zzt30517f,101,101,61,5348,2483,1602,7077,510,2002,1332,1591,225,22170,1367,652,613,2226,132,604,431,354,58,6437,101,0,0,0,0,0,22170,0,0,0,0,0,6437,0,0,0,0,0,68.2,68.2,3.4,3.4,10,2252,1162,2397,2143,3265,20303,1160,3605,2634,4543,4917,44967,35272,0,0,11779,0,2,114780,160260,1913,2745,727,433,276562885,196917004,0,79645881,294791,61504031,18436641,0,0,0,0,18436641,42154332,37282266,197126287,40008031,25995917,16370639,53993473,1424267,18132374,11669288,8721639,1029186,177344814,8377462,10648810,6690483,37774902,2285932,12210459,10766887,3279561,7183575,99218071,38243562,30375878,11006875,53545729,-3475544,3123073,25620874,18395795,4960403,0,13296961,0,1823398,0,0,0,0,10102539,6268849,14985922,38222646,587126,4721959,4040380,0,716460,0,0,0,0,0,0,11945749,4709283,22872110,0,0,0,0,7541763,2742879,7788778,3903469,27271161,6058250,2261907,125759,10518252,3810844,1530439,2155738,637385,980327,6153969,25818123,0,5542212,2775622,135315,0,34271272,8215723,0,5452767,20602782,34271272,7915597,69893113,-59794824,124799,7520981,7645780,2103568,0,0,0,5797479,344712,0,0,570,198,976964,210135,1187099,199,0,64628,255649,361617,0,51236,199058,42468,0,0,2308,258456,95528,343872,0,123197,78413,77498,0,321629,114476,426678,0,149337,88624,86355,0,2013
106331226,vista behavioral hospital,01jan2013,31dec2013,365,audited,excl. ind. audit adj.,riverside,12,1111,investor,psychiatric,comparable,,(909) 275-8400,5900 brockton avenue,riverside,92506,amrita rai,administrator,www.rcbm.com,"knollwood psych & chemical dependency center, inc",foster evans,hospital management services,0,05-4130,,hsp34130f,68,68,15,1252,546,0,0,0,23,3061,0,240,5122,170,84,0,0,0,3,580,0,50,887,0,58,10,0,0,0,0,3304,1818,0,0,0,0,541,346,0,0,0,20.6,20.6,5.8,5.8,0,0,0,2028,389,0,0,0,20,2981,0,47,5465,0,0,0,0,0,0,0,0,0,0,0,0,11311418,6048945,0,5262473,15133,6263206,-985600,69225,0,0,0,-916375,5626896,3353328,2331194,1896658,887087,0,0,0,55977,4887107,0,231261,7958090,1513398,228390,0,0,0,10560,1583238,0,17742,3353328,1877823,584128,0,0,0,0,34107,3273132,279755,0,0,0,0,0,0,0,0,1532233,531349,0,0,0,32430,3197213,0,-30752,0,0,0,0,0,0,2130540,125398,274598,0,0,0,0,1129090,478446,1423000,702134,2986848,929298,362008,0,320581,709239,41890,526427,61200,54353,271362,1044075,0,281935,0,0,0,1326010,14212887,0,0,-12886877,1326010,173432,1323775,-468548,296267,479057,861507,579572,0,0,0,0,0,0,468875,93,35,163611,29731,193342,9,0,27154,5913,25095,21570,26989,56890,0,0,0,0,79902,4332,2813,0,29569,18156,28839,0,97561,4913,3276,0,33555,21389,32648,0,2013
106010987,washington hospital - fremont,01jul2012,30jun2013,365,audited,incl. ind. audit adj.,alameda,5,421,district,general,comparable,,(510) 797-1111,2000 mowry avenue,fremont,94538-1716,nancy farber,ceo,,washington township health care district,daniel nardoni,whhs,0,05-0195,hsc00195f,zzr00195f,389,299,171,30926,3617,5039,4470,0,823,11825,741,951,58392,4834,621,813,991,0,182,4060,191,118,11810,389,0,0,0,0,0,58392,0,0,0,0,0,11810,0,0,0,0,0,41.1,53.5,4.9,4.9,0,0,0,62294,3967,4197,19055,0,3629,54285,700,8274,156401,51586,13849,0,95765,0,6,509957,74011,3664,833,1294,649,2102625695,1676799031,0,425826664,4851516,421517289,9160891,11256983,751005,0,0,19666869,477710808,166180689,1458734198,817766884,100305358,145779277,130914312,0,29743630,361733436,16076789,14783481,1617103167,197419588,25435067,17136574,76991955,0,9002814,135002019,4650879,19883632,485522528,922672576,85004057,136644802,207583781,0,0,29451700,213054261,51099158,0,20727668,0,10561028,0,0,0,0,92513896,40736368,26271049,322486,0,9294744,252769065,0,3919056,0,0,0,112490,8513830,0,114085692,26953210,116469493,0,0,0,0,83702916,15031159,42872640,22402179,152751973,105318022,21044347,13765739,53846462,24896784,27028191,2826362,1836945,8764820,9437644,174506959,356250796,290546177,101704854,2255429,0,925264215,95622197,92690085,272487620,464464313,925264215,9068049,333181353,-273497833,301974891,233264844,555759231,265213054,0,0,282242725,282485986,9998366,0,0,1469,519,2729163,390610,3119773,448,0,189884,720264,880963,17848,138413,405587,243940,67403,41287,23574,899570,168965,612295,0,612377,173150,262806,0,1055278,190495,700110,0,678154,195522,300214,0,2013
106444013,watsonville community hospital,01jan2013,31dec2013,365,audited,excl. ind. audit adj.,santa cruz,8,711,investor,general,comparable,,(831) 724-4741,75 nielson street,watsonville,95076,audra earle,ceo,,community health systems inc.,jeff clark,"steve clark & associates, inc.",0,05-0194,,zzr00194f,106,106,47,6985,232,4828,2565,225,960,1027,245,320,17387,1444,54,1423,769,33,283,320,71,144,4541,106,0,0,0,0,0,17387,0,0,0,0,0,4541,0,0,0,0,0,44.9,44.9,3.8,3.8,10,2683,1062,7483,357,4957,12142,310,7284,6618,702,4115,43968,28145,0,0,16140,0,12,132055,91275,2755,1857,909,406,759500159,631823462,0,127676697,1254038,121368082,7562653,309972,14233,0,0,7858392,84016005,85674511,589809643,175232707,6720996,81141035,66422625,6676483,44869165,43772866,7434962,8883805,441154644,93807353,3601309,25171288,62176435,2280276,54853779,53444722,3381186,19629167,318345515,236830426,8092833,84951009,92522886,-1766918,8172143,85180252,76817900,11075134,0,12680630,0,17267167,0,0,0,0,32209634,2229472,21263750,36076174,784616,14542692,20399688,0,170671,0,0,0,0,0,0,22447762,7832112,33885724,0,0,0,0,13272413,4620060,31027452,8282559,50190586,14617376,4953133,3640351,11999869,8773047,3872153,1393759,631277,4625784,16670747,21672853,0,43559368,0,3492256,0,68724477,12823142,0,60818525,-4917190,68724477,0,24603570,-4985418,52741897,22625102,79656634,36097266,0,0,0,60844775,26250,0,60844775,436,174,814905,118651,933556,349,0,59877,223916,310174,3075,42112,72045,58413,18314,5770,21209,204595,73156,228984,0,139175,76669,92192,134,240688,82476,262314,0,159288,86244,102402,144,2013
106301379,west anaheim medical center,01jan2013,31dec2013,365,audited,incl. ind. audit adj.,orange,13,1012,investor,general,comparable,,(714) 827-3000,3033 orange avenue,anaheim,92804,virg narbutas,ceo,ww.westanaheimmedctr.com,prime healthcare services,jeff brown,hospital management services,0,05-0426,,zzt30426f,219,219,90,18655,3404,1875,2552,1788,2505,132,0,1008,31919,2446,971,321,682,488,566,53,0,374,5901,167,30,0,0,22,0,22800,8310,0,0,809,0,5597,302,0,0,2,0,39.9,39.9,5.4,5.3,0,0,0,7932,2354,1669,7224,2448,3784,423,0,5751,31585,31507,0,0,0,0,7,194857,25814,967,179,0,0,404045856,316843150,0,87202706,549920,95070260,-7317634,1628975,60000,0,0,-5748659,119033298,50585755,234426803,145163165,43078335,21239055,28942939,24913845,37633069,2101248,0,14064853,317136509,17050098,7059170,4191334,16811145,8230918,11314537,3267800,0,18984345,86909347,124636232,33627154,21168851,25430221,0,30272475,14813288,2448797,54146697,0,3044635,0,7254800,0,0,0,0,37115569,11481572,4229810,18176933,2234725,11795970,1570751,0,597376,0,0,0,0,0,0,20353335,6064249,21789767,0,0,0,0,12014655,2637926,26643522,5566806,32541681,11434256,1380891,1626228,11304093,11572054,2203378,3343344,921889,254697,18487749,30241810,0,8522998,1110717,56430,2836821,42768776,20476538,342548,0,21949690,42768776,974160,100481688,-86039326,0,13055089,16132423,7609425,0,0,0,0,0,342456,3289235,578,248,1112226,117511,1229737,208,0,68768,345775,336329,66814,86241,76943,92450,11370,25832,1704,422915,121919,226977,0,194269,59886,86260,0,470685,131186,251297,0,214879,66650,95040,0,2013
106190859,west hills hospital & medical center,01jan2013,31dec2013,365,audited,excl. ind. audit adj.,los angeles,11,905,investor,general,comparable,,(818) 676-4000,7300 medical center drive,west hills,91307,doug long,ceo,www.westhillshospital.com,hca,jeff brown,hospital management services,0,05-0481,,zzt30481g,225,225,115,20112,3535,2615,2145,0,1091,10370,275,1617,41760,3446,659,302,467,0,183,2625,54,362,8098,225,0,0,0,0,0,41760,0,0,0,0,0,8098,0,0,0,0,0,50.8,50.8,5.2,5.2,18,1752,725,28923,2159,2315,8690,0,2235,23811,1085,5059,74277,42280,0,0,35496,0,7,321840,119400,2552,1260,508,300,1298605251,1093767780,0,204837471,1899462,195243026,11493907,3301509,3035,5467266,0,9325115,221924998,101738329,974941924,444066039,84194850,53335428,48040543,0,25470676,230181783,6141531,35579869,927010719,124572056,20908809,10974448,35315668,0,15661363,131235445,3174873,29751870,371594532,503391318,93053101,61501218,79155237,0,0,25630113,299927327,6496368,0,10724015,0,13889083,0,0,0,0,65010698,11922644,2808658,2941083,0,10881213,61489901,0,49783274,0,0,0,2305270,0,0,43989590,8314631,59856271,0,0,0,0,22883178,15291546,38894979,6012831,65406271,30340861,3923420,7819096,29424754,26672221,6913247,3078928,3358613,38213,18267402,3389304,0,70529307,1882229,153698409,631691,230130940,107663517,0,576804,121890619,230130940,20117,23750938,-24871162,95180038,44494674,150555731,80026424,0,756518,0,756518,179714,153698409,93883370,701,434,1371623,145335,1516958,430,0,116085,181623,523477,6951,324546,86636,73054,0,46948,12303,546531,91714,423358,0,187399,23196,99425,0,603634,98662,473067,0,205616,25030,110949,0,2013
106301188,western medical center-anaheim,01jan2013,31dec2013,365,audited,incl. ind. audit adj.,orange,13,1012,investor,general,comparable,,(714) 533-6220,1025 south anaheim boulevard,anaheim,92805,dennis knox,ceo,westernmedanaheim.com,"integrated healthcare holdings, inc.",glenn hulse,"intrinsic health resources, llc",0,05-0744,hsc30594j,,193,186,132,6568,3940,19268,2618,3725,4040,3474,380,323,44336,699,889,1908,442,773,471,579,13,230,6004,102,91,0,0,0,0,16449,27887,0,0,0,0,3064,2940,0,0,0,0,62.9,65.3,7.4,7.4,0,0,0,14863,1692,13675,5856,1598,2641,3468,640,3226,47659,16580,571,0,16690,0,4,60850,76320,435,955,847,391,220891057,134878082,0,86012975,1850905,93647639,-5783759,0,0,0,0,-5783759,74255690,16689919,129945448,27481139,23508556,50025799,13620829,4190940,21795277,14746202,2737055,1627487,159733284,9951427,3755479,10451505,11387297,2725591,4851497,10749407,905583,6379987,61157773,25954231,18654420,33503470,12305920,-5010524,5364480,15613662,15705137,6396508,0,4060778,0,2330000,0,0,0,0,9897196,8609615,31984358,12702206,1552051,11033112,9790472,0,443965,0,0,0,0,0,0,22758106,5160341,13259746,0,0,0,0,8622809,3594110,36525440,3727087,34729096,13168283,1748832,274266,6522333,8638939,292118,2677857,622706,711784,24261425,18066050,0,939797,0,0,0,19005847,25368962,0,131495,-6494610,19005847,1341606,30846500,-17919947,0,2819637,3109102,2169305,0,167497,0,167497,36002,0,16468266,498,211,923183,120361,1043544,91,0,70504,161346,309025,52228,69198,210892,42492,0,7498,0,432434,89239,119930,0,100209,93111,88260,0,485801,101342,137517,0,113061,104292,101531,0,2013
106301566,western medical center-santa ana,01jan2013,31dec2013,365,audited,incl. ind. audit adj.,orange,13,1015,investor,general,comparable,,(714) 953-3500,1001 north tustin avenue,santa ana,92705,dan brothman,ceo,westernmedicalcenter.com,"integrated healthcare holdings, inc.",glenn hulse,"intrinsic health resources, llc",2,05-0746,hsc30065h,,228,228,120,5065,5090,9151,4767,2374,0,5899,903,1498,34747,811,918,2119,1087,428,0,1224,155,356,7098,228,0,0,0,0,0,34747,0,0,0,0,0,7098,0,0,0,0,0,41.8,41.8,4.9,4.9,16,3939,1955,2496,3052,6970,8396,2742,0,8677,508,5755,38596,24270,6965,0,9037,0,11,320580,164520,3069,2056,1324,794,735811865,545987835,0,189824030,3095182,188443966,4475246,0,0,0,0,4475246,154071550,44795766,536944549,84104523,87498489,123914916,64166757,35052276,0,126126266,11433843,14135450,546432520,19919006,26613530,15550781,28357607,13436468,0,64111676,3925297,17464980,189379345,85808987,88789876,107819291,60848319,-2477383,42386058,0,110843152,28860813,0,16038265,0,7070457,0,0,0,0,17727343,25322143,34123789,31676045,6102686,0,74019149,0,852875,0,0,0,0,0,0,34917908,14302322,59602125,0,0,0,328498,23888906,6750806,39544093,9109308,66727734,28465051,4849755,4724054,30101881,18402020,709229,7625219,841737,1602340,24394946,95152486,0,4324208,0,0,0,99476694,21362861,0,491272,77622561,99476694,12985220,102443654,-64143699,1214533,9875305,11089838,6765630,0,964062,0,964062,472790,37437533,0,962,360,1819190,253473,2072663,104,3,174066,431063,596270,6770,89117,391360,52098,6776,57119,14551,514854,178405,454845,8702,323161,138403,200820,0,586963,202653,526636,8703,370577,153593,223538,0,2013
106190878,white memorial medical center,01jan2013,31dec2013,365,audited,incl. ind. audit adj.,los angeles,11,925,non-profit,general,comparable,teaching,(323) 268-5000,1720 cesar e. chavez avenue,los angeles,90033-2462,beth d. zachary,ceo,www.whitememorial.com,adventist health,lucy lu,white memorial medical center,0,05-0103,hsc30103f,,353,353,268,22742,7261,27814,20270,1824,544,6081,1270,2019,89825,4815,1728,6458,4678,432,119,1457,311,500,20498,277,33,0,16,27,0,69482,10009,0,3977,6357,0,17777,2046,0,324,351,0,69.7,69.7,4.4,4.1,33,7491,3573,24672,12270,14463,34902,1857,3207,18211,3719,4917,118218,52745,10070,0,60305,2925,10,443820,322320,3285,4112,2685,1428,1853599524,1499857156,13406144,367148512,9951452,358313072,18786892,21028324,7104964,0,0,32710252,529743129,134461815,1189394580,343054692,145608222,344893658,303935920,22381966,16431377,119832875,20101055,34014938,1350254703,110846232,58086300,59238652,143459970,8446630,10500820,82611332,13395706,16759179,503344821,366090371,158846371,285545188,383321439,-31067911,30196702,21562251,166242659,12563860,0,69354933,0,37201293,0,13406144,0,0,87810553,44848151,115796334,75481123,631894,5369946,36201548,0,1008963,0,0,4373355,9741925,0,0,62876805,15764063,94352335,4214083,3001111,0,11704064,49539776,9946011,91151116,15763708,124440393,33797970,14769013,14513288,51317705,47270819,17108003,2892411,3611976,12163,48579331,337768085,107881790,178600397,15041809,4348540,0,643640621,67472175,64740715,3440776,507986955,643640621,282385501,319955049,-278310392,268708074,76357082,354573764,175973367,0,0,0,3440776,0,92851,0,1629,618,2994797,453414,3448211,215,70,195806,733356,980484,36135,243260,458870,139775,148000,26249,32862,1037563,178751,740779,166812,372094,177694,321104,0,1221855,203721,858087,169673,425112,202184,367579,0,2013
106190883,whittier hospital medical center,01jul2012,30jun2013,365,audited,incl. ind. audit adj.,los angeles,11,919,investor,general,comparable,,(562) 945-3561,9080 colima road,whittier,90605,howard ternes,ceo,www.whittierhospital.com,whittier hospital medical center,linda marsh,"ahmc, inc.",0,05-0735,hsc30175h,zzt30175h,178,178,92,6474,3226,10739,5595,320,469,4024,930,1184,32961,1382,963,1045,1800,103,144,1389,290,538,7654,156,0,0,0,22,0,25496,0,0,0,7465,0,7650,0,0,0,4,0,50.7,50.7,4.3,3.3,20,4835,2434,3454,31808,16852,12285,393,1286,9446,103,4459,80086,27072,36199,0,19808,0,5,114558,99675,1903,1505,1549,886,716330930,609201398,0,107129532,222254,97228183,10123603,138346,0,800,0,10261149,109120158,52677476,554533296,100822397,58660970,113601818,84129957,4806059,7502066,57234561,13232037,22263371,462253236,40077091,38569538,24937836,51531697,2230918,7155049,65189712,529217,23856636,254077694,122327112,86540534,105285013,115078674,-1424879,6557124,12747471,93052415,17621701,0,24814932,0,26601301,0,0,0,0,18572376,10689974,26147139,18395321,146215,1909644,29371858,0,1897005,0,0,0,138346,0,0,22318253,5595373,27129864,0,0,0,0,10410853,6379231,20632832,4761777,38616016,13122417,656800,791884,10738780,15481822,1093412,4450023,1055166,137345,11084518,39900376,0,5507139,82072,3187570,334689,49011846,19554331,0,0,29457515,49011846,13292467,115539320,-100887481,1959256,6600025,8559281,3052142,0,0,0,0,0,10303805,0,582,238,1064474,164606,1229080,322,0,93678,238314,373875,26121,77758,219789,17102,0,16695,1142,385109,88781,289595,0,93193,66431,141365,0,451442,103353,336723,0,104778,75397,157387,0,2013
106571086,woodland memorial hospital,01jul2012,30jun2013,365,audited,incl. ind. audit adj.,yolo,2,313,non-profit,general,comparable,,(530) 622-3961,1325 cottonwood street,woodland,95625,h. kevin vaziri,president,www.woodlandhealthcare.org,dignity health,patricia f. skarshaug,dignity health,0,05-0127,,zzr00127f,108,97,52,5393,1993,2839,1500,897,111,3088,188,381,16390,1252,634,553,517,233,30,874,41,83,4217,77,31,0,0,0,0,9223,7167,0,0,0,0,3274,943,0,0,0,0,41.6,46.3,3.9,3.9,7,1047,665,27186,15506,5401,20477,4260,4864,23002,1549,6737,108982,26121,0,12312,58320,4932,8,169571,385641,2416,5728,508,161,504996700,418499836,45950864,132447728,6679862,133839160,5288430,4178576,4417819,0,0,5049187,87270549,72934594,344791557,59855745,33350941,22916759,24618479,11662322,1753823,45089402,1982342,4065281,205295094,48038697,33360237,8785536,40089353,10295461,26682585,119666203,2390470,10393064,299701606,91075786,48715728,20406922,51564103,0,17870659,24275081,145183799,10830152,0,4686922,0,3890684,9784748,4527340,0,31638776,16523787,27722783,11106802,17521108,3813030,3838621,49354924,189,2566484,0,0,194324,0,0,0,18949713,9057408,33084520,14387590,0,0,0,24177998,2086910,25674473,6420548,48640776,16641369,1157943,3663326,13771030,31093607,4559732,587718,1130004,1078401,11515254,23479391,0,33611722,948030,3253366,0,61292509,18305624,0,17169709,25817176,61292509,5249610,51192845,-41564422,53231047,28417993,84359033,50747311,0,0,15503876,17472054,302345,257949,0,483,171,919433,154094,1073527,278,0,69640,241611,295555,7013,48452,45022,72441,70237,4033,65429,234329,122899,300710,0,157068,3568,78174,22685,274764,142757,342081,0,184370,5724,98421,25410,2013
