fac_no,fac_name,beg_date,end_date,day_per,data_ind,audit_ind,county,hsa,hfpa,type_cntrl,type_care,type_hosp,teach_rurl,phone,address,city,zip_code,ceo,ceo_title,rpt_prep,owner,er_desig,mcar_pro,mcal_pro,reg_mcal,bed_lic,bed_avl,bed_stf,day_mcar_tr,day_mcar_mc,day_mcal_tr,day_mcal_mc,day_cnty,day_thrd_tr,day_thrd_mc,day_oth_ind,day_oth,day_tot,dis_mcar_tr,dis_mcar_mc,dis_mcal_tr,dis_mcal_mc,dis_cnty,dis_thrd_tr,dis_thrd_mc,dis_oth_ind,dis_oth,dis_tot,bed_acute,bed_psych,bed_chem,bed_rehab,bed_ltc,bed_resdnt,day_acute,day_psych,day_chem,day_rehab,day_ltc,day_resdnt,dis_acute,dis_psych,dis_chem,dis_rehab,dis_ltc,dis_resdnt,occ_lic,occ_avl,alos_all,alos_exltc,bas_nursry,day_nursry,dis_nursry,vis_mcar_tr,vis_mcar_mc,vis_mcal_tr,vis_mcal_mc,vis_cnty,vis_thrd_tr,vis_thrd_mc,vis_oth_ind,vis_oth,vis_tot,vis_er,vis_clin,vis_home,vis_ref_op,day_pips,op_room,op_min_ip,op_min_op,surg_ip,surg_op,ct_scans,gr_pt_rev,ded_fr_rev,tot_cap_rev,net_pt_rev,oth_op_rev,tot_op_exp,net_frm_op,nonop_rev,nonop_exp,inc_tax,ext_item,net_income,gr_rev_dly,gr_rev_amb,gr_rev_anc,gr_ip_mcar_tr,gr_ip_mcar_mc,gr_ip_mcal_tr,gr_ip_mcal_mc,gr_ip_cnty,gr_ip_thrd_tr,gr_ip_thrd_mc,gr_ip_oth_ind,gr_ip_oth,gr_ip_tot,gr_op_mcar_tr,gr_op_mcar_mc,gr_op_mcal_tr,gr_op_mcal_mc,gr_op_cnty,gr_op_thrd_tr,gr_op_thrd_mc,gr_op_oth_ind,gr_op_oth,gr_op_tot,c_adj_mcar_tr,c_adj_mcar_mc,c_adj_mcal_tr,c_adj_mcal_mc,disp_855,c_adj_cnty,c_adj_thrd_tr,c_adj_thrd_mc,bad_debt,char_hb,char_oth,sub_indgnt,ded_oth,cap_rev_mcar,cap_rev_mcal,cap_rev_cnty,cap_rev_thrd,netrv_mcar_tr,netrv_mcar_mc,netrv_mcal_tr,netrv_mcal_mc,netrv_cnty,netrv_thrd_tr,netrv_thrd_mc,netrv_oth_ind,netrv_oth,disp_trnfr,inter_tfr,contribtns,inc_invest,dist_rev,cnty_appro,exp_dly,exp_amb,exp_anc,exp_pip,exp_pop,exp_res,exp_ed,exp_gen,exp_fisc,exp_adm,exp_unassg,exp_sal,exp_ben,exp_phys,exp_othpro,exp_supp,exp_purch,exp_depre,exp_leases,exp_insur,exp_intrst,exp_oth,cur_asst,asst_limtd,net_ppe,const_prog,inv_oth,intan_asst,tot_asst,cur_liab,def_cred,net_ltdebt,equity,liab_eq,cash,bldgs,equipment,tot_ppe,acc_depre,mort_pay,cap_lease,bond_pay,tot_ltdebt,cur_mat,inter_rec,inter_pay,hosp_emp,hosp_fte,nurs_emp,prod_hrs,non_prd_hr,paid_hrs,med_staff,stdnt_fte,prd_hr_mgt,prd_hr_tch,prd_hr_rn,prd_hr_lvn,prd_hr_aid,prd_hr_clr,prd_hr_env,prd_hr_oth,cnt_hr_rn,cnt_hr_oth,prd_hr_dly,prd_hr_amb,prd_hr_anc,prd_hr_ed,prd_hr_gen,prd_hr_fis,prd_hr_adm,prd_hr_non,pd_hr_dly,pd_hr_amb,pd_hr_anc,pd_hr_ed,pd_hr_gen,pd_hr_fis,pd_hr_adm,pd_hr_non,ii,year
106431013,agnews state hospital,7/1/2002,6/30/2003,365,audited,excl. ind. audit,santa clara,07,0431,state,specialty,state,,(408)451-6000,3500 zanker road,san jose,95114,harold pitacford,director,della  d. coloma,state of california,0,05-0662,,,919,919,432,515,0,160161,0,0,11,0,0,1536,162223,0,0,54,0,0,0,0,0,0,54,24,0,0,0,895,0,1715,0,0,0,160508,0,0,0,0,0,54,0,48.4,48.4,3004.1,0,0,0,0,0,0,0,0,0,0,0,0,0,0,0,0,0,0,0,0,0,0,0,0,0,115249771,16771865,0,98477906,0,115249771,-16771865,16771865,0,0,0,0,108022414,0,7227357,0,0,0,0,0,0,0,0,0,0,0,0,0,0,0,0,0,0,0,0,517738,0,390489,0,0,0,0,0,0,0,0,0,15863638,0,0,0,0,0,0,0,0,0,0,0,0,0,0,0,0,0,0,0,0,0,0,0,0,0,0,0,0,0,0,0,0,0,0,0,0,0,0,0,0,0,0,0,0,0,0,0,0,0,0,0,0,0,0,0,0,0,0,0,0,0,0,0,0,0,0,0,0,0,0,0,47,0,0,0,0,0,0,0,0,0,0,0,0,0,0,0,0,0,0,0,0,0,0,0,0,0,0,0,,2003
106010846,alameda county medical center,7/1/2002,6/30/2003,365,audited,excl. ind. audit,alameda,05,0417,city/county,general,comparable,teaching,(510)534-8055,1411 east 31st street,oakland,94602-1018,kenneth cohen,ceo,denise warmsley,county of alameda,2,05-0320,hsc00320g,zzr00320f,475,399,399,11637,307,77556,5249,6660,3688,1502,8156,1505,116260,1577,99,6151,982,1518,846,259,1335,268,13035,236,80,0,46,113,0,42994,27628,0,8399,37239,0,9147,3454,0,355,79,0,67.09999999999999,79.8,8.9,6.1,20,2883,1196,30422,530,83160,18909,98311,11700,217,18551,830,262630,63659,162806,0,46551,362,9,348717,169689,2105,1181,0,497518137,128248903,0,369269234,7577403,317741751,59104886,6492714,484121,0,0,65113479,255606979,57001534,184909624,45652007,1713506,211889955,20962854,34842507,16918285,3871625,30834587,4950236,371635562,15259138,294250,34182610,8101204,52391615,6081116,83508,9075187,413947,125882575,33033042,28660,82787423,20331361,-92894378,22462694,15259732,2456716,5076376,0,33740432,0,5966845,0,0,0,0,25484641,1979096,256179520,8732697,64771428,6835869,1498417,1330847,2456719,100773566,-644206,0,923156,0,5540326,59191392,44409112,49084203,3712729,0,0,24316454,58410402,20080755,44077837,14458867,147092875,45465885,25855694,21778004,25565378,23195328,8929532,1400131,2132958,3948739,12377227,136720233,0,77126971,4578218,0,0,218425422,223770080,0,12162145,-17506803,218425422,18560985,94321257,64020845,162491863,85364892,11672675,1390035,0,13062710,900565,0,0,2895,2288,941,4115528,855481,4971009,384,125,255631,929022,672127,219461,299679,698366,380348,449406,190635,20853,1106325,743102,520191,268631,831476,269781,376022,0,1292554,876039,653757,292774,988579,332237,535069,0,,2003
106010735,alameda hospital,11/1/2002,6/30/2003,242,audited,incl. ind. audit,alameda,05,0417,district,general,comparable,,(510)814-4000,2070 clinton avenue,alameda,94501-4320,david d. o'neill,ceo,stephen shahbazian,alameda hospital,0,05-0211,hsc00211f,,135,135,135,6114,1065,3217,537,0,1351,1284,0,139,13707,1132,239,198,72,0,225,288,0,34,2188,100,0,0,0,35,0,8672,0,0,0,5035,0,2121,0,0,0,67,0,42,42,6.3,4.1,0,0,0,7121,861,2170,1838,0,5361,6066,0,2767,26184,11394,0,0,17198,0,16,112256,68523,893,1039,3611,132539100,105060316,0,27478784,74523,31113194,-3559887,5926504,113296,0,0,2253321,43002193,7446212,82090695,44853298,9658929,13732108,3466829,0,10786179,14725645,0,1363981,98586969,9988487,1145449,2314932,1659029,0,8302335,8026328,0,2515571,33952131,42959022,9106069,11706615,2912930,0,0,15488065,14862104,1663272,0,1651852,0,4710387,0,0,0,0,9118818,1114160,2552268,1583813,0,2937018,7528030,0,2644677,0,-1942334,83385,26924,5615650,0,7933423,1752653,9155425,0,0,0,0,5097410,2251505,4013466,909312,13076575,6832020,503236,2193895,3594306,2205317,1307985,260730,211856,0,927274,10192200,228307,8912006,133556,7722943,0,27189012,6147515,0,0,21041497,27189012,557053,25476668,9179038,35199522,26287516,0,0,0,0,0,0,0,336,359,145,447004,74246,521250,195,0,36533,71299,103416,7838,38826,90875,48155,23215,14853,11994,131630,24055,107980,0,85428,42846,55065,0,153638,27413,127043,0,98484,48184,66488,0,,2003
106190017,alhambra hospital - alhambra,7/1/2002,6/30/2003,365,audited,excl. ind. audit,los angeles,11,0913,investor,general,comparable,,(626)570-1606,100 south raymond avenue,alhambra,91802,david chu,ceo,robert c. perkins,alhambra limited partnership,0,05-0281,hsc30281f,,144,144,144,19634,1195,13495,339,0,95,1365,709,2889,39721,2232,327,938,91,0,18,334,10,212,4162,101,0,0,17,26,0,25863,0,0,4429,9429,0,3892,0,0,258,12,0,75.59999999999999,75.59999999999999,9.5,7.3,0,0,0,5734,1857,2309,3116,0,374,5368,196,2267,21221,13110,0,0,6282,0,5,96612,154975,543,4294,3798,107181673,57059699,3844493,53966467,464160,47687021,6743606,234303,96671,0,0,6881238,33744992,2679368,70757313,49001013,3484416,25523805,1419506,0,303543,4023643,479730,3410682,87646338,7434354,1346070,2619972,1269740,0,742238,5081967,106926,934068,19535335,22608164,2895531,14950226,1936974,-1458641,0,716708,8654109,1907049,0,2697274,0,2152305,2699445,1059190,0,85858,33827203,4634400,12541574,1811462,0,329073,537359,0,285396,0,0,0,232493,0,0,12785355,1777783,13297293,0,0,0,0,7271969,1490531,8466992,2597098,17855478,2861284,616000,4240521,6805629,9623024,868576,2157063,589434,83235,1986777,21762882,0,0,0,0,1035761,22798643,17059004,0,0,5739639,22798643,14913021,0,0,0,0,0,0,0,0,0,0,0,556,406,248,865647,59369,925016,281,0,41187,174557,184851,54836,102996,180547,45576,0,35582,45515,367477,28534,186146,0,138722,65172,79596,0,391695,29547,199312,0,147147,71016,86299,0,,2003
106010739,alta bates summit med ctr-alta bates cam,1/1/2003,12/31/2003,365,audited,incl. ind. audit,alameda,05,0415,non-profit,general,comparable,,(510)204-4444,2450 ashby avenue,berkeley,94705,robert petrina,cfo,bharatha naotunne,sutter health,0,05-0305,hsc00305f,zzr00305f,543,509,509,34695,7751,43349,5082,151,50837,6054,472,855,149246,4528,1344,3401,981,13,11420,1489,107,250,23533,337,105,0,42,59,0,94087,26001,0,10643,18515,0,19637,3203,0,613,80,0,75.3,80.3,6.3,5.6,35,13315,6760,85256,22165,19837,6569,71,177304,34409,831,10968,357410,43706,34909,0,212658,0,12,658491,606810,6491,11337,11393,1423680340,1071551034,41975740,394105046,9164595,377710594,25559047,3900459,3747693,0,0,25711813,548522636,47157069,828000635,243050671,63660335,265580802,39913813,921919,410692872,59629947,4195663,7440757,1095086779,83241909,22648727,21955487,8213397,76260,155341800,29187634,887778,7040569,328593561,224648286,82104058,248948918,34559105,0,864225,374331640,84127193,16884168,0,5083441,0,0,21673968,0,0,20301772,99241452,25878972,38587371,13568105,133954,191703032,24992160,0,0,0,0,0,2002014,0,0,91930365,12411016,141629362,0,0,158430,0,52651075,11942369,50621739,16366238,121184079,73811170,6222408,15492676,41722230,88366297,13642383,1284991,5091782,3117094,7775484,92585583,10709324,99688948,8041525,4802383,1723178,217550941,46534561,2130907,118330056,50555417,217550941,10558811,172426556,147124011,331847484,232158536,0,360221,120460835,120821056,2491000,8683166,0,2405,2004,833,3738190,706426,4444616,534,0,199459,866194,994515,132012,286479,640904,336412,5492,178983,97740,1418372,195939,1009089,3007,659792,143691,308300,0,1740982,225488,1176263,3241,775158,168849,354635,0,,2003
106010937,alta bates summit med ctr-summit-hawthor,1/1/2003,12/31/2003,365,audited,incl. ind. audit,alameda,05,0417,non-profit,general,comparable,,(510)655-4000,350 hawthorne avenue,oakland,94609-3108,warren kirk,ceo,bharatha naotunne,sutter health,0,05-0043,hsc00043f,,524,413,279,39855,6734,18813,5808,0,1509,27049,1287,157,101212,7315,1249,3369,1905,0,316,5604,382,58,20198,436,17,0,0,71,0,87607,3632,0,0,9973,0,19035,253,0,0,910,0,52.9,67.09999999999999,5,4.7,15,5908,2362,32455,4989,14493,13573,0,4925,64843,861,5362,141501,38782,17527,0,69907,0,20,1535599,663953,6844,4006,11341,1212099177,911886637,0,300212540,24856632,316157342,8911830,4820280,1144122,0,0,12587988,335665186,33873919,842560072,365386879,62184715,159277333,53810420,0,14558004,318279984,10543692,971811,985012838,63483200,11790161,22365831,23143288,0,9448182,91359278,860614,4635785,227086339,310989689,56114255,160312156,66848291,0,0,15037649,284703763,6476528,0,11404306,0,0,0,0,0,0,116120334,17860621,20467767,10105417,0,8968537,122690549,0,3999315,0,-20518703,537925,1115904,0,0,73665138,16286860,104906184,0,0,217786,22597712,48244047,10783337,24741744,14714534,100316940,71795803,8288200,20836332,45593782,34305926,14340637,1621569,3939325,4420571,10698257,86233310,25000176,133476882,3168629,4360122,0,252239119,60666476,0,100934572,90638071,252239119,16351773,285604489,93296471,398602195,265125313,0,0,85795505,105571270,4636698,0,0,1672,1671,618,3270834,528077,3798911,929,2,171830,620729,769811,32499,251173,591586,351533,159100,74712,247861,1033045,140280,813253,251172,652709,161429,218946,0,1213288,159147,940030,285794,760682,183781,256189,0,,2003
106370652,alvarado hospital medical center,6/1/2002,5/31/2003,365,audited,excl. ind. audit,san diego,14,1418,investor,general,comparable,,(619)287-3270,6655 alvarado road,san diego,92120,barry g. weinbaum,ceo,trina k. thorson,tenet healthcare corporation,0,05-0583,hsc30583g,hsp30583g,311,311,311,36445,2631,7368,870,1069,1178,12652,370,2725,65308,4836,592,1211,394,221,293,2688,124,462,10821,231,0,0,50,30,0,49458,0,0,6734,9116,0,9659,0,0,535,627,0,57.5,57.5,6,5.5,9,1285,739,75951,5390,17447,6031,2319,4458,50719,606,16132,179053,20390,76311,17402,67761,0,8,513360,379620,3577,4011,8224,793576924,644176167,5617584,155018341,1307627,127380120,28945848,2432160,3025576,0,0,28352432,152497463,29640280,611439181,318078112,34684975,76199767,13641920,11986872,17803463,150557376,3621206,13264444,639838135,55561159,7135228,13178244,5070626,2371187,5207245,54777534,397086,10040480,153738789,316134174,35124965,67308523,13905666,0,9357892,17128376,154508988,7802343,0,19406618,0,3498622,3989651,0,0,1627933,57426294,10007149,6671173,4481324,5000167,5511869,49165560,0,16754805,0,-2505599,0,0,0,0,27595496,8307816,45546170,0,0,0,0,15758075,7020214,18283639,4868710,46117400,15520632,1126906,5487573,26465095,18624154,3960193,1628181,1967096,27971,6454919,27046379,0,43325117,790084,121607115,72002,192840697,10410926,0,0,182429771,192840697,90266,46489293,47647932,97159352,53834235,0,0,0,0,0,116591167,0,1310,982,755,1904127,229240,2133367,213,0,127237,486858,478413,38115,194031,442034,20269,26480,88032,2658,676115,229923,515460,0,160153,88566,233910,0,767582,258497,576394,0,175054,98963,256877,0,,2003
106370652,alvarado hospital medical center,6/1/2003,12/31/2003,214,audited,excl. ind. audit,san diego,14,1418,investor,general,comparable,,(619)287-3270,6655 alvarado road,san diego,92120,mark palmer,ceo,trina k. thorson,tenet healthcare corporation,0,05-0583,hsc30583g,hsp30583g,311,291,291,19935,1593,4012,404,776,431,6326,317,1140,34934,2734,309,612,59,139,71,1049,121,421,5515,231,0,0,50,30,0,25805,0,0,4157,4972,0,4798,0,0,354,363,0,52.5,56.1,6.3,5.8,0,0,0,42953,2782,8541,3468,1149,1630,29298,412,9393,99626,12617,40166,11404,37203,0,8,261600,213360,1802,2300,5085,428532050,349930681,2816492,81417861,638160,73804121,8251900,1548300,1770454,0,0,8029746,76939727,19069904,332522419,174388753,18772160,41820833,3981526,7578291,5107977,76606145,2874363,9962595,341092643,32892315,2996728,7188606,3275360,1190808,2004633,31505905,249976,6135076,87439407,175683556,19145561,40631359,5686546,0,4568613,5573491,85446526,4396078,0,7749497,0,1049454,2087311,0,0,729181,31482774,4431302,3723908,1443155,4200486,1383918,22000611,0,12751707,0,-2325526,0,0,0,0,14106477,5094875,26305890,0,0,0,0,9594753,4915603,10448408,3338115,26074043,9473330,427876,3355594,14351913,11540317,2297587,992517,1626826,626,3663492,31266695,0,43988674,478136,121934261,87044,197754810,9620819,0,0,188133991,197754810,0,47344085,42691326,94254745,50266071,0,0,0,0,0,116727883,0,1230,980,627,1107321,131589,1238910,182,0,71581,292074,279057,22231,113135,257723,11923,15538,41159,2900,387034,133184,306012,0,92022,51619,137450,0,440386,149852,339140,0,101002,57682,150848,0,,2003
106370749,alvarado parkway institute bhs,6/26/2003,12/31/2003,189,audited,excl. ind. audit,san diego,14,1422,investor,psychiatric,comparable,,(619)465-4411,7050 parkway drive,la mesa,91941-1535,phyllis meagher,ceo,jackie brewer-brown,helix healthcare,0,05-4075,,hsp34075g,64,64,52,5604,73,188,0,0,0,3234,0,991,10090,592,8,20,0,0,0,323,0,118,1061,0,52,12,0,0,0,0,10090,0,0,0,0,0,1061,0,0,0,0,83.40000000000001,83.40000000000001,9.5,9.5,0,0,0,3488,833,116,0,0,0,565,0,780,5782,0,0,0,0,0,0,0,0,0,0,0,11728747,5555659,0,6173088,7788,5941785,239091,81748,93325,0,0,227514,7742274,2313327,1673146,5255750,76215,174767,0,0,0,2951774,0,937421,9395927,1420432,338016,47504,0,0,0,228594,0,298274,2332820,3157591,3468,11356,0,0,0,0,1975653,223697,0,0,0,183894,0,0,0,0,3518591,410763,210915,0,0,0,1204715,0,828104,0,0,0,0,0,0,1526531,342500,436182,0,0,0,0,1137569,563531,1213592,721880,2763594,621254,0,355901,382071,805614,122111,369574,66028,208098,247540,5195678,0,1506556,0,0,584165,7286399,6858885,0,0,427514,7286399,93888,1345099,529565,1874664,368108,0,0,0,0,0,0,790270,175,122,64,138320,6190,144510,83,0,15815,28257,13593,11180,25309,18659,12028,0,11567,1912,56419,13463,9546,0,25873,13842,17239,1938,58226,13884,9751,0,26804,15735,18109,2001,,2003
106370749,alvarado parkway institute bhs,1/1/2003,6/25/2003,176,audited,excl. ind. audit,san diego,14,1422,investor,psychiatric,comparable,,(619)465-4411,7050 parkway drive,la mesa,91941-1535,phyllis meagher,ceo,jackie brewer-brown,parkway operating company  inc,0,05-4075,,hsp34075g,64,64,52,5030,89,71,0,0,0,3471,0,574,9235,510,8,7,0,0,0,347,0,62,934,0,52,12,0,0,0,0,9235,0,0,0,0,0,934,0,0,0,0,82,82,9.9,9.9,0,0,0,3381,28,0,0,0,0,3320,0,154,6883,0,0,0,0,0,0,0,0,0,0,0,9935786,4613242,0,5322544,9896,5236035,96405,84142,104178,0,0,76369,6314510,2138600,1482676,4239591,76995,60186,0,0,0,2932887,0,474490,7784149,1054676,8722,0,0,0,0,1040389,0,47850,2151637,2552210,4325,36381,0,0,0,0,1556666,130069,0,0,0,333591,0,0,0,0,2742057,81392,23805,0,0,0,2416610,0,58680,0,0,0,0,0,0,1372518,337852,372297,0,0,0,0,887717,506130,1116656,642865,2766335,402375,0,524238,316185,358217,56813,411487,116188,21344,262853,2642106,0,655185,0,0,0,3297291,2899222,0,0,398069,3297291,523311,0,496071,959538,304353,0,0,0,949108,949108,0,0,185,147,59,135023,20391,155414,83,0,17814,25138,16606,11711,27018,14168,11644,3196,4229,3499,58369,11589,6272,0,24371,14410,20012,0,64734,13268,7290,0,27388,18527,24207,0,,2003
106194010,american recovery center,7/1/2002,6/30/2003,365,audited,excl. ind. audit,los angeles,11,0917,non-profit,specialty,comparable,,(909)865-2336,2180 w. valley blvd.,pomona,91768-3325,jim elliot,administrator,andrew e. worrell,behavioral health services  inc,0,,,,156,156,156,0,0,0,0,37230,0,0,106,0,37336,0,0,0,0,1868,0,0,17,0,1885,0,0,156,0,0,0,0,0,37336,0,0,0,0,0,1885,0,0,0,65.59999999999999,65.59999999999999,19.8,19.8,0,0,0,0,0,0,0,0,0,0,0,0,0,0,0,0,0,0,0,0,0,0,0,0,6171411,11326,0,6160085,21579,6255185,-73521,0,0,0,0,-73521,6171411,0,0,0,0,0,0,6141999,0,0,29412,0,6171411,0,0,0,0,0,0,0,0,0,0,0,0,0,0,0,11326,0,0,0,0,0,0,0,0,0,0,0,0,0,0,0,6130673,0,0,29412,0,0,0,0,0,0,0,2625193,0,0,0,0,0,0,1679846,241772,1187407,520967,2698287,741322,0,362013,482879,1204660,89729,21492,38925,280746,335132,4103363,0,2838671,0,1474,0,6943508,5461400,0,0,1482108,6943508,732998,2698933,259885,4045561,1206890,0,0,0,0,0,2005964,0,117,94,20,173540,22216,195756,0,0,22027,2267,10167,25724,0,23400,28789,61166,0,0,102485,0,0,0,45345,12836,12874,0,115439,0,0,0,51090,14522,14705,0,,2003
106301097,anaheim general hospital,9/1/2002,8/31/2003,365,audited,excl. ind. audit,orange,13,1012,investor,general,comparable,,(714)827-6700,3350 west ball road,anaheim,92804-3710,james wilcox,ceo,larry natsume,pacific health corporation,0,05-0173,hsc30173h,hsp30173h,143,143,143,10074,379,8165,1401,429,571,816,56,1095,22986,1649,56,599,324,90,130,186,20,242,3296,101,21,0,0,21,0,13415,3182,0,0,6389,0,2964,231,0,0,101,0,44,44,7,5.2,14,952,425,6471,290,2634,4350,558,3455,3007,508,1874,23147,12783,5617,0,0,1,3,37717,49481,592,1326,2584,124971765,95449997,986768,30508536,86443,35415835,-4820856,1741248,804302,0,0,-3883910,33876329,8316113,82779323,43468685,2642142,26218654,7408574,1830296,2939976,4068795,345393,5485202,94407717,9485515,433753,3060597,4663361,689461,4833660,3929881,635837,2831983,30564048,39519334,2145697,21238042,10322255,-622002,2324276,6177636,6584901,0,0,5193792,0,2566066,0,821,0,985947,13335935,916468,8233502,1571926,187972,1527196,2390804,268,2344465,0,0,0,1184975,0,0,11021278,2019267,9037220,750,1018,0,81015,4760280,1723915,5376951,1394141,16530294,4651579,389806,315597,4690358,4239765,1006784,1575276,483198,241081,1292097,9732134,0,3558243,385578,534591,0,14210546,33817832,0,2345065,-21952351,14210546,0,9361269,13494183,23265308,19707065,0,0,0,2364935,19870,0,23352455,520,365,136,687260,74942,762202,295,2,45027,111802,158599,43919,78026,147570,67640,31816,2861,0,240457,49193,136010,3368,132200,56178,69854,0,268223,53842,153414,3456,144949,60849,77469,0,,2003
106301098,anaheim memorial medical center,7/1/2002,6/30/2003,365,audited,incl. ind. audit,orange,13,1012,non-profit,general,comparable,,(714)774-1450,1111 west la palma avenue,anaheim,92801-3005,melinda d. beswick,president/ceo,donna j. anglin,memorial health services,0,05-0226,hsc30226f,zzt30226f,214,222,163,13077,8833,4863,2176,1229,300,23477,0,2010,55965,2348,2294,1376,610,274,68,6103,0,508,13581,214,0,0,0,0,0,55965,0,0,0,0,0,13581,0,0,0,0,0,71.59999999999999,69.09999999999999,4.1,4.1,10,4256,2202,15039,17413,3707,7237,1700,1198,39282,0,10616,96192,44358,0,0,55508,2202,6,687763,626266,2878,3461,10927,580779363,466701808,25430402,139507957,839347,140247076,100228,2826883,2248727,0,0,678384,89287739,24207862,467283762,128281562,88944203,41398871,20059864,9985194,2406973,116961542,0,18883058,426921267,25694063,31471300,7046284,11482508,3001527,1924540,56597103,0,16640771,153858096,120730794,110367596,42629714,27225411,0,12986717,3030545,130405786,17980515,0,1341729,0,3001,19593575,0,0,5836827,31705074,29641482,5815441,4316961,4,1257653,48577967,0,18193375,0,-3800291,0,326661,0,0,27276113,5395524,49404308,6452791,6316672,0,0,20557541,5249769,16924188,2670170,46775682,15974320,2023521,5597090,24177818,32951034,6561185,1787858,267701,874781,3256086,39492811,0,42692960,2453133,3313844,0,87952748,83144030,0,47990,4760728,87952748,1337531,35490476,52124262,124933284,82240324,0,63377,0,63377,15387,0,62184892,1234,1086,600,2057230,295690,2352920,216,0,83080,309360,599138,85631,93682,575144,0,217938,66746,26511,704495,111876,618352,0,190236,161882,266072,4317,778130,121524,768145,0,212354,179280,288859,4628,,2003
106190034,antelope valley hospital medical ctr,7/1/2002,6/30/2003,365,audited,incl. ind. audit,los angeles,11,0901,district,general,comparable,,(661)949-5000,1600 west avenue j,lancaster,93534-2814,les wong,ceo,sue swift,antelope valley hospital district,0,05-0056,hsc30056f,zzt30056f,341,329,329,34434,8386,19930,9477,0,0,20787,353,4080,97447,4698,1665,3576,2821,0,0,5772,88,1326,19946,279,30,0,0,32,0,83775,4356,0,0,9316,0,18554,840,0,0,552,0,78.3,81.09999999999999,4.9,4.5,32,10283,4687,8890,4333,16998,28309,0,0,37596,236,2562,98924,85513,13001,6701,0,0,9,484278,249455,4078,3313,17685,689969514,507677941,4253342,186544915,4236877,197859218,-7077426,2855188,1521603,0,0,-5743841,147351633,66356388,476261493,164123787,56627221,99082967,48942114,0,0,119816417,1333965,23919158,513845629,31546550,6618178,24099842,30071141,0,0,81183024,457225,2147925,176123885,125586158,45585575,83606485,60782268,0,0,0,153075335,25816954,0,13225166,0,0,0,4253342,0,0,70084179,17659824,28652274,21974403,0,0,47924106,0,250129,0,0,0,2209126,0,0,44444279,14452949,64693726,0,0,0,0,32724286,9474303,24574473,7495202,82062485,22481223,2501978,14602862,29874835,18945606,15713700,1521918,1426242,1523438,7204931,96032456,75071472,103234348,17034562,0,10335368,301708206,40722455,0,137823509,123162242,301708206,40990884,83210986,122835591,219667765,116433417,0,351583,0,140758785,2935276,0,0,2191,1740,824,3358502,411023,3769525,367,0,152035,604301,871892,217006,437396,635870,283090,6625,98045,52242,1155706,298695,809030,0,571384,184970,335242,3475,1289593,330405,914776,0,644366,211887,374393,4105,,2003
106364231,arrowhead regional medical center,7/1/2002,6/30/2003,365,audited,excl. ind. audit,san bernardino,12,1209,city/county,general,comparable,,(909)580-1000,400 west pepper avenue,colton,92324-1801,mark uffer,director,bernie sebzda,county of san bernardino,2,05-0245,hsc30245f,zzt30245f,373,373,353,12964,295,45966,7182,28703,9710,1092,0,0,105912,1743,34,8487,1191,6848,1577,484,0,0,20364,283,90,0,0,0,0,85209,20703,0,0,0,0,17074,3290,0,0,0,0,77.8,77.8,5.2,5.2,23,6373,2349,22983,1200,51766,28804,157577,11536,5969,0,0,279835,66734,218680,11461,0,740,9,776293,376509,4964,5991,28870,604623078,298427785,11171191,317366484,1514176,307834092,11046568,57526806,0,0,0,68573374,112624769,34321845,457676464,54572192,629296,137780968,26701668,122402109,54690213,2397694,0,0,399174140,18229799,137756,47081528,19135360,110306855,9219460,1338180,0,0,205448938,36191564,380458,80445611,29210638,-95678040,201822746,23523382,2234426,20297000,0,0,0,0,0,11171191,0,0,36610427,386594,200094925,27797581,10589218,40386291,1501448,0,0,68360731,0,0,0,0,0,44429345,21995634,82552966,685141,0,0,10302762,44542284,7108580,34305042,61912338,101623508,22722491,20383290,4001360,47567659,26643773,24350479,2121206,1690220,34143200,22586906,71854849,71941310,494964904,0,0,0,638761063,79321515,0,582023595,-22584047,638761063,5058623,490581069,92283173,605132678,110167774,0,288540,603625055,603913595,21890000,878081,0,2501,2305,854,4274634,520468,4795102,199,105,268028,858675,1170355,88099,344419,725857,411210,407991,0,0,1257582,534364,814553,248873,757222,221946,440094,0,1400724,595497,924955,253620,860600,256349,503357,0,,2003
106400466,arroyo grande community hospital,1/1/2003,12/31/2003,365,audited,incl. ind. audit,san luis obispo,08,0801,non-profit,general,comparable,,(805)489-4261,345 s. halcyon rd.,arroyo grande,93420-3896,wayne allen,cfo,jeffrey n. brown,vista hospital systems inc.,0,05-0016,hsc30016h,zzt40016h,65,65,43,8435,2469,1123,0,354,136,2539,0,62,15118,1768,482,245,0,99,76,796,0,29,3495,53,0,0,0,12,0,12504,0,0,0,2614,0,3176,0,0,0,319,0,63.7,63.7,4.3,3.9,0,0,0,30827,1624,7961,0,457,5880,39157,0,753,86659,21642,0,0,66415,0,3,211027,101664,904,1034,9586,162499617,128348085,0,34151532,711870,30637017,4226385,261052,65142,0,0,4422295,21936640,7379685,133183292,50002734,13602445,7449050,0,2643960,2882153,20360567,0,956907,97897816,20325066,2611240,6124324,0,558017,3757110,30477305,0,748739,64601801,52954652,3742681,12976609,0,0,2042486,5854751,44830722,4430896,0,157909,0,1357379,0,0,0,0,16133564,12060736,441199,0,302198,327301,3637515,0,1249019,0,-1111405,12400,0,0,0,4633998,1768497,11705839,0,0,0,0,3529851,1801582,4745313,2451937,11614700,4228607,1317964,331888,6076116,2807226,1490175,157446,475557,1184156,953182,22377500,84462,15061655,45585,0,0,37569202,11427216,1205274,26697397,-1760685,37569202,0,15781521,10364069,31647136,16585481,0,1075324,24896863,26755489,58092,15448336,0,403,282,116,507826,83019,590845,132,0,56446,95978,90786,24026,93879,94339,47202,0,4774,396,132237,39287,158779,0,78224,52171,47128,0,147000,43856,181985,0,85344,57905,74755,0,,2003
106400683,atascadero state hospital,7/1/2002,6/30/2003,365,audited,excl. ind. audit,san luis obispo,08,0801,state,psychiatric,state,,(805)468-2000,10333 el camino real,atascadero,93422,melvin e. hunter ,executive director,alleyne labossiere,state of california,0,,,,1259,1173,1173,0,0,0,0,0,0,0,0,414190,414190,0,0,0,0,0,0,0,0,1035,1035,0,165,0,0,1094,0,0,44525,0,0,369665,0,0,111,0,0,924,0,90.09999999999999,96.7,400.2,401.1,0,0,0,0,0,0,0,0,0,0,0,0,0,0,0,0,0,0,0,0,0,0,0,0,162997913,162879997,0,117916,0,162997913,-162879997,162879997,0,0,0,0,150810164,0,12187749,0,0,0,0,0,0,0,0,0,0,0,0,0,0,0,0,0,0,0,0,38289,0,0,0,0,0,0,0,0,0,0,0,162841708,0,0,0,0,0,0,0,0,0,0,0,0,0,0,0,0,0,0,0,0,0,0,0,0,0,0,0,0,0,0,0,0,0,0,0,0,0,0,0,0,0,0,0,0,0,0,0,0,0,0,0,0,0,0,0,0,0,0,0,0,0,0,0,0,0,0,0,0,0,0,0,64,0,0,0,0,0,0,0,0,0,0,0,0,0,0,0,0,0,0,0,0,0,0,0,0,0,0,0,,2003
106190163,aurora charter oak,1/1/2003,12/31/2003,365,audited,excl. ind. audit,los angeles,11,0915,investor,psychiatric,comparable,,(909)549-8032,1161 east covina boulevard,covina,91724-1523,todd a. smith,ceo,nick clark,signature health care,0,05-4069,,hsp34069h,95,95,95,6718,205,7761,0,3051,2043,4592,0,794,25164,693,22,1254,0,680,410,916,0,199,4174,0,95,0,0,0,0,0,25164,0,0,0,0,0,4174,0,0,0,0,72.59999999999999,72.59999999999999,6,6,0,0,0,1488,0,0,0,0,607,1790,0,105,3990,0,0,0,0,0,0,0,0,0,0,0,23288515,11222235,0,12066280,400661,13075322,-608381,0,0,0,0,-608381,20498535,1398812,1391168,6054679,181441,6749160,0,2668760,1758493,4057487,0,408634,21878654,522105,0,0,0,0,213027,627950,0,46779,1409861,2992367,83644,3021700,0,0,1277973,529315,1896750,1073531,0,218023,0,128932,0,0,0,0,3169131,87946,3361022,0,1272472,1284832,2464290,0,426587,0,0,0,0,0,0,4698120,321675,458222,0,0,0,0,2416468,1384237,2506384,1290216,6486189,1523914,595150,46711,736787,1763901,31246,981456,199170,70513,640285,2736956,0,264020,0,0,0,3000976,2489223,0,0,511753,3000976,12955,0,97196,327199,63179,0,0,0,0,0,0,564405,243,163,92,316766,22953,339719,8,0,77807,69892,44464,8323,67027,22974,25014,0,1105,160,148745,9760,0,0,53161,64505,40595,0,159198,11039,0,0,56981,69474,43027,0,,2003
106190462,aurora las encinas hospital,3/11/2003,12/31/2003,296,audited,excl. ind. audit,los angeles,11,0911,investor,psychiatric,comparable,,(626)795-9901,2900 e del mar,pasadena,91107-4375,todd smith,ceo,nick clark,signature health care,0,05-4078,,hsm34078g,138,138,138,6178,291,1920,0,3,7230,6640,0,2487,24749,349,30,229,0,1,463,737,0,126,1935,0,138,0,0,0,0,0,24749,0,0,0,0,0,1935,0,0,0,0,60.6,60.6,12.8,12.8,0,0,0,1014,13,0,0,0,1274,1778,0,196,4275,0,0,0,0,0,0,0,0,0,0,0,23972065,9826865,0,14145200,1131587,14317709,959078,0,0,0,0,959078,20412331,1603992,1955742,5589403,253159,1655504,0,2602,6410757,5860570,0,2144722,21916717,532575,5012,0,0,0,613817,824320,0,79624,2055348,2437464,87834,798242,0,0,0,2374041,3331022,369714,0,121864,0,306684,0,0,0,0,3480784,161425,799364,0,2511,4416843,3136165,0,2148108,0,0,0,0,0,0,4571181,561610,943841,0,0,0,0,2839460,1189172,3055283,1157162,7092477,1320829,424457,541139,944815,2250455,0,793085,117490,14103,818859,4485975,0,0,0,69530,0,4555505,3596427,0,0,959078,4555505,231184,0,0,0,0,0,0,0,0,0,0,0,284,189,126,328797,10823,339620,55,0,35275,56897,42759,26675,72216,22393,52397,0,19850,335,164361,15273,4007,0,78505,26393,40258,0,169333,15920,4237,0,80432,27606,42092,0,,2003
106374024,aurora san diego,1/1/2003,12/31/2003,365,audited,excl. ind. audit,san diego,14,1412,investor,psychiatric,comparable,,(858)487-3200,11878 avenue of industry,san diego,92128-3423,barbara noblet,ceo,nick clark,signature health care,0,05-4095,,hsm34095h,80,80,80,5419,408,3022,0,7,4561,6942,0,262,20621,472,40,423,0,1,525,1100,0,40,2601,0,80,0,0,0,0,0,20621,0,0,0,0,0,2601,0,0,0,0,70.59999999999999,70.59999999999999,7.9,7.9,0,0,0,1874,71,0,0,0,940,4265,0,175,7325,0,0,0,0,0,0,0,0,0,0,0,21147915,9358651,0,11789264,40912,12769172,-938996,0,0,0,0,-938996,17012844,2378405,1756666,5170040,389424,2688984,0,6323,3949592,6323007,0,239520,18766890,608603,23130,0,0,0,305379,1387363,0,56550,2381025,2454582,170560,1353831,0,0,2923,1574978,3196883,439084,0,80740,0,85070,0,0,0,0,3164230,232120,1282198,0,3275,2573102,4256707,0,277632,0,0,0,0,0,0,4366775,570007,459526,0,0,0,0,2132257,1099991,2919316,1221300,6074002,1282834,568655,380258,725298,1853267,33067,950817,162899,10416,727659,2738469,0,129637,0,0,0,2868106,2248278,0,0,619828,2868106,116789,0,91567,194984,65347,0,0,0,0,0,0,687836,221,137,171,272502,22114,294616,17,0,28428,126312,53159,23909,0,12940,18114,0,9400,240,145838,13068,0,0,48428,26640,38528,0,157215,14259,0,0,51880,28982,42280,0,,2003
106560203,aurora vista del mar hospital,1/1/2003,12/31/2003,365,audited,excl. ind. audit,ventura,10,0809,investor,psychiatric,comparable,,(805)653-6434,801 seneca st.,ventura,93001-1411,mayla krebsbach,ceo,nick clark,signature health care,0,05-4077,,hsp34077f,87,87,87,5049,66,2048,0,1463,4346,7084,0,217,20273,501,8,260,0,161,641,1043,0,46,2660,0,87,0,0,0,0,0,20273,0,0,0,0,0,2660,0,0,0,0,63.8,63.8,7.6,7.6,0,0,0,914,47,0,0,0,498,1201,0,0,2660,0,0,0,0,0,0,0,0,0,0,0,22920826,10712694,0,12208132,29001,11799205,437928,0,0,0,0,437928,20268735,1223307,1428784,5505050,70664,2142347,0,1562734,4603995,7576770,0,233494,21695054,421015,21532,0,0,0,229389,553836,0,0,1225772,3060177,37397,1214515,0,0,703322,1681157,3333151,471065,0,129981,0,81929,0,0,0,0,2680884,50708,873269,0,819612,3010561,4545552,0,227546,0,-91,0,0,0,0,3791848,217188,483421,0,0,0,0,2148602,1026288,2876804,1255054,6095490,1216509,268393,161708,841814,1452852,30347,994400,164774,43090,529828,3459918,0,276684,0,0,55466,3792068,3422625,0,0,369443,3792068,378486,0,11003,314605,37921,0,0,0,0,0,0,0,170,138,85,274159,17290,291449,13,0,44257,70757,36415,8637,60770,16096,32226,0,4345,656,134487,5482,0,0,57562,27164,49464,0,142186,5753,0,0,60981,29679,52850,0,,2003
106190045,avalon municipal hospital & clinic,7/1/2002,6/30/2003,365,audited,excl. ind. audit,los angeles,11,0933,non-profit,general,comparable,small/rural,(310)510-0700,100 falls canyon road,avalon,90704,william greene,administrator,richard w. lakey,avalon medical development corporation,0,05-0427,,zzt30427g,12,12,12,367,0,1725,0,0,53,0,0,5,2150,50,0,8,0,0,22,0,0,2,82,4,0,0,0,8,0,175,0,0,0,1975,0,73,0,0,0,9,0,49.1,49.1,26.2,2.4,0,0,0,1013,0,1515,0,0,4767,0,0,1512,8807,1396,7624,0,0,0,0,0,0,0,0,15,3901699,1231495,0,2670204,51238,3556669,-835227,715720,0,0,0,-119507,1198210,1431697,1271792,444600,0,988651,0,0,99833,0,0,11330,1544414,399004,0,314731,0,0,1399207,0,0,244343,2357285,-171057,0,806664,0,0,0,327716,0,98861,0,0,0,169311,0,0,0,0,1014661,0,496718,0,0,1025733,0,0,133092,0,0,709259,5181,0,0,670697,798625,500495,0,0,0,0,545792,327693,582874,130493,1877761,470533,33170,276147,302335,162062,117153,31527,72598,22350,191033,861858,0,785296,0,0,0,1647154,985249,0,0,661905,1647154,372008,462064,758105,1345146,559850,0,0,0,4843,4843,0,0,61,43,18,83319,5311,88630,9,0,9605,16314,10391,492,11875,10772,11077,12793,0,0,20287,23870,7144,0,15398,6198,10422,0,21534,24882,7603,0,16644,6700,11267,0,,2003
106154101,bakersfield heart hospital,10/1/2002,9/30/2003,365,audited,incl. ind. audit,kern,09,0617,investor,specialty,comparable,,(661)316-6075,3001 sillect ave,bakersfield,93308,randy rolfe,ceo,nick clark,medcath  inc.,0,05-0724,hsc30724f,,47,47,47,5598,1346,447,0,0,894,2048,0,309,10642,1420,342,113,0,0,227,520,0,78,2700,47,0,0,0,0,0,10642,0,0,0,0,0,2700,0,0,0,0,0,62,62,3.9,3.9,0,0,0,2326,453,174,0,0,412,574,0,100,4039,6172,0,0,0,0,3,61710,20570,426,274,0,92054254,51702563,0,40351691,446154,44613233,-3815388,13910,0,0,0,-3801478,18466632,6459832,67127790,37776688,9075667,3015328,0,0,6036332,13800707,0,2080349,71785071,11675049,2270150,871575,0,0,2067456,2878223,0,506730,20269183,28454293,6299048,2162399,0,0,0,3063895,11253360,-584071,0,0,0,1053639,0,0,0,0,21311208,5118757,1749166,0,0,5091310,5531396,0,1549854,0,0,0,13910,0,0,6951476,2548023,17539460,0,0,0,0,4939552,1742189,4667667,6224866,10220987,3840265,246554,4154059,10023713,3135369,3830499,345089,351749,4122777,4342172,9821684,0,29402611,1536575,3772047,0,44532917,23250519,0,43111657,-21829259,44532917,238041,25680237,15457299,42999128,13596517,0,0,0,59808530,16696873,0,44120052,233,186,153,469093,33721,502814,236,0,39025,104966,111916,874,55981,41263,0,0,43916,71152,154119,40696,119622,0,83360,32665,38631,0,165393,42329,130075,0,85136,36479,43402,0,,2003
106150722,bakersfield memorial hospital,7/1/2002,6/30/2003,365,audited,excl. ind. audit,kern,09,0617,non-profit,general,comparable,,(661)327-4647,420-34th street,bakersfield,93301,jon van boening,president,catherine matsuda,catholic healthcare west,0,05-0036,,zzt30336f,367,367,367,26410,16369,3875,4657,0,11429,24443,368,1009,88560,4427,3085,901,1551,0,378,5706,85,219,16352,253,60,0,0,24,30,62037,8605,0,0,8213,9705,14533,1290,0,0,469,60,66.09999999999999,66.09999999999999,5.4,4.5,0,0,0,5555,6163,2589,6749,0,1308,20110,322,3551,46347,31801,2629,0,15165,0,11,691298,297527,4941,3575,11087,553294668,411796099,0,141498569,765635,140087319,2176885,1122502,939519,0,0,2359868,115459986,26066794,411767888,138189561,108387870,17480250,26750568,0,10316933,145183734,2647910,5901931,454858757,15882196,15325710,4306564,9835630,0,2325192,43978853,384975,6396791,98435911,112769964,97226537,19733294,28079537,0,0,8872738,136987083,6749033,0,1377913,0,0,0,0,0,0,41230136,26487043,1592306,8506661,0,3759740,52108544,1654972,6159167,0,0,150142,972360,0,0,30220676,5161374,55134309,0,0,0,0,20828505,4084893,15518416,9139146,50558530,16795794,583294,9201604,31508486,13031639,6437766,1112999,799140,4824687,5233380,57182135,18361609,60225212,400665,477106,0,136646727,22179935,0,64560234,49906558,136646727,24737867,111966460,59275006,175041457,114816245,0,0,68509723,68509723,3949489,1662183,1673016,1363,1227,839,2545375,171225,2716600,338,0,150952,570681,737688,49083,282865,361138,228606,0,142777,21585,914559,120652,755037,0,387150,127379,240598,0,967513,127549,805320,0,419836,138836,257546,0,,2003
106184008,banner lassen medical center,5/1/2003,12/31/2003,245,audited,excl. ind. audit,lassen,01,0213,non-profit,general,comparable,,(530)252-2000,1800 spring ridge dr,susanville,96130,david anderson,administrator,sherry mccormick,banner health system,0,05-0251,hsc30251i,,38,38,38,1658,0,667,0,48,648,0,0,89,3110,291,0,181,0,12,242,0,0,33,759,38,0,0,0,0,0,3110,0,0,0,0,0,759,0,0,0,0,0,33.4,33.4,4.1,4.1,0,0,0,9361,0,6237,0,381,14110,0,0,2115,32204,8094,0,2852,21123,0,3,6116,18023,115,560,1121,27888113,11826450,0,16061663,18597,15082783,997477,82407,593894,0,0,485990,3633096,6398939,17856078,4409053,0,2278536,0,216005,2685886,0,0,348228,9937708,5018263,0,3069864,0,630404,8270295,0,0,961579,17950405,5384558,0,3905279,0,0,664237,1849781,0,0,0,22595,0,0,0,0,0,0,4042758,0,1443121,0,182172,9106400,0,0,1287212,0,0,36182,0,0,0,1996582,1836482,4434480,0,0,0,0,1964681,665446,1325969,2859143,5380601,1134282,973225,393655,1676197,974592,1142222,224202,159432,672928,2351447,10871361,0,22431305,137095,0,0,33439761,23206148,0,0,10233613,33439761,150144,12282991,5191080,24697242,2265937,0,0,0,0,0,5256142,20728428,206,184,85,235884,26806,262690,20,0,29541,32930,43796,16482,9209,59528,24803,14118,0,5477,50551,30154,51762,0,46078,31401,25938,0,56680,33170,58179,0,50775,34943,28943,0,,2003
106190052,barlow hospital,9/1/2002,8/31/2003,365,audited,incl. ind. audit,los angeles,11,0925,non-profit,specialty,comparable,,(213)250-4200,2000 stadium way,los angeles,90026-2606,margaret w. crane,ceo,stephen t. mcgovern,barlow respiratory hospital,0,05-2031,hsc33005f,,75,75,75,10681,0,2719,0,0,768,872,0,1415,16455,336,0,79,0,0,20,23,0,37,495,75,0,0,0,0,0,16455,0,0,0,0,0,495,0,0,0,0,0,60.1,60.1,33.2,33.2,0,0,0,249,0,76,0,0,28,23,0,95,471,0,471,0,0,0,0,0,0,0,0,0,67027157,43996479,0,23030678,292359,23907203,-584166,263839,2681,0,0,-323008,19549732,24907,47452518,40593115,0,11845113,0,0,3721368,3850913,0,6863074,66873583,97079,0,16423,0,0,8140,18171,0,13761,153574,26087772,0,10904436,0,0,0,2886234,2967174,961765,0,166224,0,22874,0,0,0,0,14112960,0,957100,0,0,721597,776821,0,6462200,0,237330,2955,22235,0,0,7981043,60325,6053311,0,0,0,0,4566807,977084,3732432,536201,11080351,2236383,495047,1630252,2750580,3019180,774640,561221,185981,67297,1106271,4974684,473646,2733588,1204285,0,0,9386203,5082204,0,952589,3351410,9386203,73279,6978931,9990764,17229807,14496219,0,0,0,952589,0,0,0,288,216,115,407505,62346,469851,113,0,58993,82594,58272,55190,47467,48270,33468,1911,21340,0,203909,1001,78335,0,58378,18277,47605,0,234903,1147,90570,0,67722,21104,54405,0,,2003
106361105,barstow community hospital,1/1/2003,12/31/2003,365,audited,excl. ind. audit,san bernardino,12,1213,investor,general,comparable,small/rural,(760)256-1761,555 south seventh st,barstow,92311,allen weinberg,cfo,jeffrey n. brown,community health systems inc.,0,05-0298,,zzt30298h,56,42,27,4603,401,2250,87,0,1243,865,0,323,9772,1254,151,818,40,0,434,322,0,108,3127,56,0,0,0,0,0,9772,0,0,0,0,0,3127,0,0,0,0,0,47.8,63.7,3.1,3.1,14,263,249,7383,606,8066,757,0,5915,4283,0,3265,30275,17976,0,0,13383,0,4,204792,214764,362,966,6288,121635332,92045249,15576,29605659,64030,23562196,6107493,0,1082314,0,0,5025179,8582827,14103949,98948556,33385172,3285890,13824555,497103,0,9457968,7042065,0,1901677,69394430,12147941,1868473,12078131,862367,0,11771123,7986119,0,5526748,52240902,37916091,3910893,21407070,1094736,0,0,9725092,11081197,6910170,0,0,0,0,0,0,0,15576,7617022,1243470,4495616,264734,0,11503999,3962563,0,518255,0,0,0,0,0,0,4060961,1631102,7098899,0,0,0,0,3116802,1084306,4138319,2431807,9209381,2527524,535407,453491,3057941,2842678,686666,331874,587047,1471455,1858732,7811118,0,1454833,0,30941458,0,40207409,15212565,0,0,24994844,40207409,0,276396,4394246,6013823,4558990,0,0,0,0,0,0,12870817,260,227,191,432778,42578,475356,41,0,68923,64030,112679,17455,56435,73511,36866,0,834,2045,117184,43999,102659,0,73291,45345,50300,0,129965,46669,113063,0,79700,50451,55508,0,,2003
106090793,barton memorial hospital,1/1/2003,12/31/2003,365,audited,incl. ind. audit,el dorado,02,0306,non-profit,general,comparable,small/rural,(530)541-3420,2170 south avenue,south lake tahoe,96150-7026,william gordon,ceo,kathleen frey,barton memorial hospital,0,05-0357,,zzr00352f,121,121,121,5489,121,16222,0,336,3984,363,0,2773,29288,1248,59,618,0,107,1487,136,0,271,3926,73,0,0,0,48,0,12805,0,0,0,16483,0,3873,0,0,0,53,0,66.3,66.3,7.5,3.3,15,964,539,22207,699,12866,0,4942,29018,2367,0,20674,92773,23328,14074,6160,43861,0,10,181965,215020,1957,3115,9704,143797115,65834812,0,77962303,381270,73176140,5167433,16699066,14835998,0,0,7030501,22058569,20540187,101198359,26427816,783778,12426273,0,4774821,27199625,1773855,0,2692053,76078221,15243664,416991,7121454,0,3957458,31326311,2058488,0,7594528,67718894,29956630,550763,9507714,0,0,6855507,9512851,1775702,4623974,0,474576,-295002,2872097,0,0,0,0,11513630,516836,9718947,0,1386552,47803994,1948522,0,5073822,0,0,394964,2376055,0,0,10586256,10524514,23172248,0,0,0,0,12288265,4125895,8145380,4333582,24617528,18687855,3468409,2786321,9974423,3804567,3593190,654523,966561,546330,4076433,23984730,22004597,23985462,1191473,11952533,170970,83289765,22727612,0,6200950,54361203,83289765,3233247,23747295,39334742,64903811,40918349,0,72575,0,8191602,1990652,850000,3850000,730,702,223,1300594,173433,1474027,115,0,89670,269984,233059,14628,118098,383204,94396,84012,13226,317,212072,178339,257695,0,219954,105583,119590,207361,235146,202219,299047,0,249984,120485,136099,231047,,2003
106361110,bear valley community hospital,7/1/2002,6/30/2003,365,audited,incl. ind. audit,san bernardino,12,1217,district,general,comparable,small/rural,(909)866-6501,41870 garstin drive,big bear lake,92315,mary norman,ceo,rodney a. phillips cpa,bear valley community hospital,0,05-0618,,hsp30618j,30,24,24,245,54,6948,0,0,109,14,0,26,7396,93,30,42,0,0,45,10,0,4,224,9,0,0,0,21,0,534,0,0,0,6862,0,216,0,0,0,8,0,67.5,84.40000000000001,33,2.5,0,0,0,2930,1205,7608,0,0,10396,751,0,2495,25385,9833,8384,0,7536,0,2,2271,4298,22,58,937,13144362,2446003,0,10698359,57396,9840316,915439,462538,0,0,0,1377977,2505178,3413107,7226077,622911,184152,1934591,0,0,369385,38939,0,128176,3278154,1638067,539413,2001229,0,0,4181410,168713,0,1337376,9866208,1064023,391262,-1240649,0,0,0,1016758,166121,908661,0,0,0,139827,0,0,0,0,1196955,332303,5176469,0,0,3394210,41531,0,556891,0,0,462538,0,0,0,1225045,1950616,2639958,0,0,0,0,1824358,713053,1199996,287290,4803294,1159380,447150,285873,1193915,760827,416342,80802,109640,2618,580475,2479772,0,1816859,718300,0,0,5014931,1174286,0,9767465,-5926820,5014931,438867,3901141,3088275,7194411,5377552,0,2785,0,9770250,2785,0,9767465,130,115,45,213771,29129,242900,11,0,28902,26181,34194,6966,31326,53360,25538,4624,0,2680,41986,41388,32482,0,37336,32240,28339,0,47910,45654,37392,0,42098,36817,33029,0,,2003
106190066,bellflower medical center,9/1/2002,8/31/2003,365,audited,excl. ind. audit,los angeles,11,0921,investor,general,comparable,,(562)925-8355,9542 east artesia boulevard,bellflower,90706-6511,marc ferrell,ceo,larry natsume,pacific health corporation,0,05-0531,hsc30531h,hsp40531h,144,144,144,12690,326,12555,1432,0,1420,531,1107,31,30092,1841,87,2223,443,0,426,164,297,11,5492,112,32,0,0,0,0,20420,9672,0,0,0,0,4377,1115,0,0,0,0,57.3,57.3,5.5,5.5,12,2531,1042,7110,461,5914,6671,0,5847,1955,1439,1468,30865,9842,0,0,20181,1079,4,171501,211795,1316,3284,0,159934044,122263453,1790498,39461089,111681,38233065,1339705,26343,68409,570961,0,726678,40433303,4864270,114636471,54779652,1810978,41845424,7319795,0,9062167,3253778,4687741,354745,123114280,9725072,524637,7243169,7000818,0,7445136,2294665,2174008,412259,36819764,47494334,1726354,36168141,12855054,-3957585,0,13367011,3626290,0,0,8006603,0,2977251,4354,1137678,0,648466,16941281,613615,12063839,2603237,0,3133259,2543456,1539643,22759,0,0,0,0,0,0,8675524,878065,10274747,648115,148911,0,0,4987742,1518847,9525683,1575431,15928920,3872435,1181273,1290375,5211117,6474883,831183,930677,748702,5860,1757640,12556105,0,4375797,120575,257304,0,17309781,7602976,0,0,9706805,17309781,0,8259307,8776967,18133156,13757359,0,0,0,0,0,0,0,476,368,130,712943,78361,791304,164,0,44995,135117,144613,59857,66172,137448,99153,0,23905,1683,255773,19090,144120,0,155244,54215,84501,0,281924,21414,162983,0,170774,60321,93888,0,,2003
106330120,betty ford center of eisenhower,7/1/2002,6/30/2003,365,audited,incl. ind. audit,riverside,12,1105,non-profit,specialty,comparable,,(760)773-4100,39000 bob hope drive,rancho mirage,92270-3221,john schwarzlose,ceo,richard prusinowski,betty ford center,0,,,,100,100,100,0,0,0,0,0,6844,0,0,21819,28663,0,0,0,0,0,336,0,0,1099,1435,0,0,100,0,0,0,0,0,28663,0,0,0,0,0,1435,0,0,0,78.5,78.5,20,20,0,0,0,0,0,0,0,0,1875,0,0,16078,17953,0,0,0,0,0,0,0,0,0,0,0,24465447,4709116,0,19756331,4541141,26122354,-1824882,-33777,99383,0,0,-1958042,18600792,5864655,0,0,0,0,0,0,4571778,0,0,14029014,18600792,0,0,0,0,0,814619,0,0,5050036,5864655,0,0,0,0,0,0,1772411,0,672831,0,2063552,0,200322,0,0,0,0,0,0,0,0,0,3613986,0,0,16142345,0,0,0,-33977,0,0,7429611,3733089,0,0,0,0,0,3928793,1443668,7353104,2234089,9367285,4206578,377265,1374743,1312275,3438036,2009535,1252332,164187,220890,2399228,3143142,4361409,30735007,105312,638429,0,38983299,8631245,0,0,30352054,38983299,531772,27100598,14405467,43919615,13184608,0,0,0,0,0,0,0,274,204,14,389354,44500,433854,10,0,48108,213476,25180,46,134,47888,39644,4900,0,9978,163147,65908,0,0,51979,31346,76974,0,180327,73370,0,0,57277,34765,88115,0,,2003
106190081,beverly hospital,1/1/2003,12/31/2003,365,audited,incl. ind. audit,los angeles,11,0919,non-profit,general,comparable,,(323)726-1222,309 west beverly boulevard,montebello,90640-4308,gary kiff,ceo,jennifer floyd,beverly community hospital association,0,05-0693,hsc30350f,,223,223,223,19515,5638,13158,4797,0,325,5552,1984,680,51649,3055,1650,1786,1582,0,24,1550,688,250,10585,194,0,0,0,29,0,48945,0,0,0,2704,0,10357,0,0,0,228,0,63.5,63.5,4.9,4.7,18,3782,1769,17122,3481,7784,11606,0,1485,16511,1319,3522,62830,32861,0,6691,20824,0,7,173457,160672,1876,2799,10021,201599471,124492261,340335,77447545,296829,85650134,-7905760,87532,60644,0,0,-7878872,49885897,12437284,139276290,55947247,18335612,39576397,10238429,0,1153946,18149817,5588667,2328590,151318705,13152951,4443880,5912258,7710251,0,1290518,14349356,1097354,2324198,50280766,35787464,14238460,28639071,13672039,-1958003,0,1073571,20313387,1839429,0,10222751,0,664092,8221,0,0,332114,33312734,8549253,15270857,4276641,0,1370893,12517900,0,2149267,0,0,0,-15125,0,0,21744089,5539226,28715613,0,0,0,0,14190088,3433056,8213934,3814128,37557853,12021230,1325091,4076082,12894014,7139382,4144593,960687,1025147,181776,4324279,22383907,52450,30418771,3158311,1450743,0,57464182,24183820,0,0,33280362,57464182,0,47843914,42979000,95389110,64970339,0,0,0,0,0,5678426,0,941,752,375,1488006,144505,1632511,381,0,95402,316998,425219,55944,72268,252333,199749,1853,59902,8338,483074,98157,344104,0,328993,105094,128584,0,526481,104245,377301,0,363205,117974,143305,0,,2003
106190020,bhc alhambra hospital,1/1/2003,12/31/2003,365,audited,incl. ind. audit,los angeles,11,0913,investor,psychiatric,comparable,,(818)286-1191,4619 north rosemead boulevard,rosemead,91770-1478,peggy minnick,ceo,terry w. woolery,ardent health services,0,05-4032,,zzt34032f,85,85,85,3904,0,9011,0,0,0,8870,0,268,22053,291,0,952,0,0,0,1478,0,30,2751,0,85,0,0,0,0,0,22053,0,0,0,0,0,2751,0,0,0,0,71.09999999999999,71.09999999999999,8,8,0,0,0,4822,0,0,0,0,0,6533,0,48,11403,0,0,0,0,0,0,0,0,0,0,0,30239031,16443526,0,13795505,239040,11864218,2170327,258094,0,0,0,2428421,22172920,3295030,4771081,3874063,0,12084631,0,0,0,10063440,0,328120,26350254,1829554,0,0,0,0,0,2019629,0,39594,3888777,2804689,0,7655162,0,0,0,0,5496026,267671,0,0,0,219978,0,0,0,0,2898928,0,4429469,0,0,0,6412043,0,55065,0,0,0,258094,0,0,3825704,1010705,1025918,0,0,0,0,1655390,735163,3031755,579583,5327562,2188271,510924,201695,784091,1664725,203095,84664,299762,0,599429,6309325,0,3480265,0,0,0,9789590,1186687,0,1167123,7435780,9789590,23054,2308433,800614,4747326,1267061,0,0,0,1317123,150000,4604313,1317123,171,141,42,277229,21813,299042,20,0,43549,140247,21038,23158,0,15778,23060,5384,0,5015,130730,19864,18190,0,37423,24542,46480,0,140251,21458,18755,0,40199,26667,51712,0,,2003
106040802,biggs-gridley memorial hospital,7/1/2002,6/30/2003,365,audited,incl. ind. audit,butte,01,0221,non-profit,general,comparable,small/rural,(530)846-5671,240 spruce street,gridley,95948-2216,thomas p. hayes,ceo,georgia kaiser,biggs gridley memorial hospital,0,05-0404,,zzr00404f,41,41,25,4685,0,2210,0,128,650,0,0,677,8350,678,0,133,0,13,118,0,0,34,976,20,0,0,0,21,0,2864,0,0,0,5486,0,779,0,0,0,197,0,55.8,55.8,8.6,3.7,0,0,0,16423,0,18595,0,2510,9903,0,0,3487,50918,7662,21525,7250,14844,0,2,12010,32125,290,786,854,26326793,13765111,0,12561682,65134,12891358,-264542,6400,8933,0,0,-267075,3709676,5647453,16969664,8291041,0,1677487,0,158803,1295832,0,0,577273,12000436,4666864,0,4291884,0,753442,3558969,0,0,1055198,14326357,7000471,0,3174577,0,0,676974,2011995,0,811035,0,90059,0,0,0,0,0,0,5555486,0,2611175,0,209644,2602219,0,0,1583158,0,0,0,0,0,0,2640148,3377566,3606698,0,0,0,0,1171048,688339,1129468,278091,5379576,1545558,0,2019791,1377288,1793987,282140,101119,51997,14983,324919,2967863,0,2159615,39679,0,0,5167157,6757682,0,19610,-1610135,5167157,194645,1677519,5541856,7475045,5315430,0,0,0,92058,72448,0,5300000,176,152,75,297910,29440,327350,20,0,36711,35750,48249,37159,29919,58756,23778,16855,6878,3855,78250,73057,49999,0,36943,42279,17382,0,85088,80029,54980,0,41157,46765,19331,0,,2003
106190110,brotman medical center,6/1/2002,5/31/2003,365,audited,excl. ind. audit,los angeles,11,0927,investor,general,comparable,,(310)836-7000,3828 delmas terrace,culver city,90231-2713,maurine cate,ceo,trina k. thorson,tenet healthcare corporation,0,05-0144,hsc30144h,hsp30144h,420,385,385,41623,3864,18242,993,0,0,10518,936,894,77070,4445,738,2016,189,0,0,2010,164,156,9718,300,70,18,32,0,0,41625,20541,5195,9709,0,0,5875,2245,868,730,0,0,50.3,54.8,7.9,7.9,0,0,0,7151,2787,2432,1499,0,0,9494,461,4946,28770,25676,0,0,7165,0,8,258233,161943,1496,1551,4546,747487233,634575418,0,112911815,187814,97489492,15610137,893190,483652,0,0,16019675,210716047,4161605,532609581,402412694,37415424,99230927,9617433,0,0,101791768,8553136,8161429,667182811,32875843,3194138,4452890,4599490,0,0,27849207,625418,6707436,80304422,380232307,31234532,90734510,10878223,0,0,0,99712356,6442580,0,12864458,0,2476452,0,0,0,0,55056230,9375030,9320017,3282086,0,0,29928619,0,5949833,0,502630,0,0,0,0,27453312,2612977,30519044,0,0,0,0,16186709,5993293,11671641,3052516,33451611,9113806,821406,8815462,16404676,20461570,2573221,1091814,2081103,2969,2671854,23921684,0,37530761,446083,295467,848190,63042185,11399256,0,15925000,35717929,63042185,25371,27871414,23322012,59348115,21817354,0,0,0,15925000,0,8650060,0,865,671,451,1449135,124332,1573467,511,0,86272,251913,319394,25555,260092,272949,40316,14679,175485,2480,660811,52173,372287,0,144531,73951,145382,0,714447,57367,409884,0,154519,81170,156080,0,,2003
106190110,brotman medical center,6/1/2003,12/31/2003,214,audited,excl. ind. audit,los angeles,11,0927,investor,general,comparable,,(310)836-7000,3828 delmas terrace,culver city,90231-2713,maurine cate,ceo,trina k. thorson,tenet healthcare corporation,0,05-0144,hsc30144h,hsp30144h,420,240,240,24649,2181,11056,745,0,0,6161,1273,1137,47202,2281,502,892,172,0,0,1418,253,225,5743,300,70,18,32,0,0,26382,11818,3101,5901,0,0,3546,1299,488,410,0,0,52.5,91.90000000000001,8.199999999999999,8.199999999999999,0,0,0,3591,573,1835,2718,0,0,5128,160,3070,17075,15346,0,0,4388,0,8,153735,98696,916,947,3115,459707713,395821943,0,63885770,143203,66072366,-2043393,1592373,476408,0,0,-927428,134551619,2523615,322632479,232184752,19596051,77169846,7854355,0,0,64453791,4969128,4435902,410663825,17134820,2315364,3252377,2872878,0,0,19139551,215880,4113018,49043888,215115918,17551368,71007394,8577581,0,0,0,66959504,6218558,0,9183773,0,1207847,0,0,0,0,34203654,4360047,5431156,2134560,0,0,12789838,0,4966515,0,-1756948,0,0,0,0,18144098,1837647,19568790,0,0,0,0,10166470,3667513,7218937,5468911,21694065,6772847,402809,5805108,10208204,12357476,1486489,769701,2867634,1592500,2115533,20789757,0,37027548,3847546,0,786094,62450945,13492392,0,15925000,33033553,62450945,29626,25836677,25800722,59792088,22764540,0,0,0,15925000,0,0,3065980,884,1141,440,1369549,124101,1493650,511,0,85280,251913,319382,25555,260092,270482,40316,14679,99394,2456,596632,49986,359091,0,144949,73951,144940,0,650268,55180,396457,0,154937,81170,155638,0,,2003
106044006,butte county mental health - phf,7/1/2002,6/30/2003,365,audited,excl. ind. audit,butte,01,0219,city/county,psychiatric,phf,,(530)891-2775,592 rio lindo avenue,chico,95926,bradford r. luz  ph.d,director,rick dennis,county of butte,0,,,zzz42951z,16,16,16,0,0,4007,0,0,898,0,0,0,4905,0,0,978,0,0,335,0,0,0,1313,0,16,0,0,0,0,0,4905,0,0,0,0,0,1313,0,0,0,0,84,84,3.7,3.7,0,0,0,0,0,0,0,0,0,0,0,0,0,0,0,0,0,0,0,0,0,0,0,0,2360070,0,0,2360070,0,2360070,0,0,0,0,0,0,2360070,0,0,0,0,0,0,0,0,0,0,0,0,0,0,0,0,0,0,0,0,0,0,0,0,0,0,0,0,0,0,0,0,0,0,0,0,0,0,0,0,0,0,0,0,0,0,0,0,0,0,0,0,0,0,0,0,0,0,0,0,0,0,0,0,0,0,0,0,0,0,0,0,0,0,0,0,0,0,0,0,0,0,0,0,0,0,0,0,0,0,0,0,0,0,0,0,0,0,0,0,0,0,0,0,0,0,18,0,0,0,0,0,0,0,0,0,0,0,0,0,0,0,0,0,0,0,0,0,0,0,0,0,0,0,,2003
106190125,california hospital medical center,7/1/2002,6/30/2003,365,audited,excl. ind. audit,los angeles,11,0925,non-profit,general,comparable,,(213)748-2411,1401 south grand avenue,los angeles,90015-3011,mark a. meyers,ceo,john r. smith,catholic healthcare west,0,05-0149,hsc30149g,zzt40149g,314,275,275,14413,3157,33142,5156,0,300,5825,978,844,63815,1751,647,6154,1501,0,81,1659,357,169,12319,270,13,0,0,31,0,53749,3044,0,0,7022,0,11554,217,0,0,548,0,55.7,63.6,5.2,4.8,36,8891,3864,8646,3084,43481,19592,0,3257,13175,276,70780,162291,38274,87356,0,44805,2435,7,159430,192494,1881,2329,8105,494657483,381698960,10074780,123033303,6593289,141981452,-12354860,87411,2916,0,0,-12270365,117239962,40230155,337187366,87024175,20897497,193991869,31114147,0,1952879,41286958,7087891,5893049,389248465,11240232,4114237,28512851,18238728,0,3796458,27557720,320907,11627885,105409018,66413089,22101119,175309260,41922376,-16833301,0,2215154,56446228,12771968,0,17081199,-23566,4295434,0,10074780,0,0,31851318,2910615,54923989,16937650,0,3534183,12398450,23566,453532,0,140318,0,41754,0,0,31090923,12914583,34232590,2396725,0,0,3860304,19888373,6382972,23505349,7709633,48604806,21623233,7346593,8050998,14382884,24064141,7701354,1690498,1413378,2062375,5041192,34634888,0,64255079,2696807,1525489,0,103112263,28826736,0,29021438,45264089,103112263,0,70934217,22141165,98590738,34335659,0,0,30486081,30514622,1493184,0,0,1425,1072,503,2111015,240254,2351269,494,31,214624,524214,472116,62628,154276,311825,213950,36719,97157,23506,637875,207987,427689,195620,344796,100803,196245,0,705561,230088,480156,216680,384996,113888,219900,0,,2003
106380929,california pacific medical center,1/1/2003,12/31/2003,365,audited,incl. ind. audit,san francisco,04,0423,non-profit,general,comparable,teaching,(415)600-6000,2333 buchanan street,san francisco,94115,martin brotman  md,president,henry yu,california pacific medical center,0,05-0047,hsc00047f,zzr00047f,1263,785,785,64287,15722,19631,2533,627,1835,67647,2153,9655,184090,8456,2480,2220,554,114,351,15031,471,213,29890,1019,50,0,32,137,25,121586,6807,0,8582,38715,8400,26359,807,0,422,2292,10,39.9,64.2,6.2,5,38,13782,5547,248478,59869,27018,12474,625,19670,751971,8685,40874,1169664,48096,68774,37615,940346,0,32,1396971,1112067,8681,15363,27116,2080954070,1418426949,0,662527121,15752339,591566008,86713452,30112176,0,0,0,116825628,489856650,81832007,1509265413,471745259,107623682,130783298,21263681,7087255,19007319,656735991,6005259,34295384,1454547128,148048175,40620340,16484273,7410525,341336,10212708,382086035,2429386,18774164,626406942,477186194,130324597,132046844,24965271,0,6579101,13092684,608497613,17300000,0,8434645,0,0,0,0,0,0,142607240,17919425,15220727,3708935,849490,16127343,430324413,0,35769548,0,0,629336,16950153,0,0,113694857,26701296,183581302,0,0,19485,7873540,107014750,17541150,93432912,41706716,228940623,104607288,13139008,22753476,84470550,59401462,29636089,9812777,10040782,10993289,17770664,159864346,91221228,201626212,42761486,890357,3271194,499634823,118277413,3118466,146284403,231954541,499634823,11764288,262642822,147668365,447436153,245809941,0,0,150483453,151182943,4898540,0,0,4800,3546,1925,6775955,806132,7582087,1437,94,626905,1740756,1689311,75015,404314,1073635,743667,216851,145702,59799,1854624,433508,1862308,218956,1427338,357038,622183,0,2091672,482911,2101149,219788,1598731,400748,687088,0,,2003
106481015,california specialty hospital,1/1/2003,12/31/2003,365,audited,incl. ind. audit,solano,03,0409,non-profit,psychiatric,comparable,,(707)968-2200,525 oregon street,vallejo,94590-3201,joaline olson,president/ceo,jay whitcomb,st. helena hospital,0,05-4074,,hsp30182i,61,61,61,1215,0,4336,0,995,6,8690,0,227,15469,114,0,416,0,131,0,1401,0,38,2100,0,61,0,0,0,0,0,15469,0,0,0,0,0,2100,0,0,0,0,69.5,69.5,7.4,7.4,0,0,0,409,0,4,0,0,0,1736,0,22,2171,0,0,0,0,0,0,0,0,0,0,0,28967776,18397756,0,10570020,271680,10227684,614016,55710,28345,0,0,641381,26169182,1208171,1590423,2179601,0,8167360,0,1730803,12248,15234469,0,432940,27757421,228114,0,2411,0,0,0,966750,0,13080,1210355,1649249,0,5398700,0,-51529,1039325,7871,9790545,222315,0,119130,0,222150,0,0,0,0,758466,0,2703470,0,691478,4377,6410674,0,1555,0,0,3733,0,0,0,5127794,447929,1084524,0,0,0,0,1410235,370291,1543038,243873,5816543,1508195,438942,203963,627852,1035359,66875,54883,88740,67200,319132,1686123,0,1269320,137500,0,0,3092943,1910881,0,0,1182062,3092943,1650,1264098,187852,1764238,494918,0,0,0,0,0,0,1775828,0,133,105,251007,26622,277629,9,0,18506,62053,64312,107,42555,61622,0,49,1803,0,162549,10925,2649,0,32888,15305,26691,0,179386,11954,2763,0,36358,17316,29852,0,,2003
106364050,canyon ridge hospital,1/1/2003,12/31/2003,365,audited,excl. ind. audit,san bernardino,12,1207,investor,psychiatric,comparable,,(909)590-3700,5353 g street,chino,91710-5249,raymond verdugo,ceo,terry w. woolery,heritage care of chino  l.l.c.,0,05-4111,,hsm34111i,59,59,59,3830,191,0,2668,1276,398,5811,0,268,14442,544,36,0,745,398,102,1470,0,144,3439,0,59,0,0,0,0,0,14442,0,0,0,0,0,3439,0,0,0,0,67.09999999999999,67.09999999999999,4.2,4.2,0,0,0,1265,0,0,0,0,0,6179,0,62,7506,0,0,0,0,0,0,0,0,0,0,0,16582410,8608421,0,7973989,34991,8233069,-224089,0,0,0,0,-224089,14708365,1265076,608969,4114253,237138,0,2778744,1333161,418087,6146718,0,289233,15317334,172750,0,0,0,0,0,1076226,0,16100,1265076,2301987,130619,0,1681227,0,490542,34532,3185975,613901,0,85368,0,84270,0,0,0,0,1985016,106519,0,1097517,842619,383555,3423068,0,135695,0,0,0,0,0,0,2482966,210505,573813,0,0,0,0,1464367,905688,1309721,1286009,3866653,1123750,166354,243266,391848,781425,59361,590886,300085,264654,444787,2153814,0,177675,0,0,0,2331489,3189957,0,0,-858468,2331489,187174,0,360910,360910,183235,0,0,0,0,0,0,0,130,105,39,200372,23536,223908,41,0,43826,74324,23388,18373,0,15746,15330,3520,5865,0,92674,10496,0,0,42128,27223,27851,0,102867,11737,0,0,47356,30589,31359,0,,2003
106190137,casa colina hosp for rehab medicine,4/1/2002,3/31/2003,365,audited,incl. ind. audit,los angeles,11,0917,non-profit,specialty,comparable,,(909)596-7733,255 e. bonita ave,pomona,91767-1923,felice loverso ph.d.,president/ceo,mary reed,casa colina inc.,0,05-3027,hsc32019f,,64,64,52,9998,0,507,0,0,7611,0,0,376,18492,496,0,18,0,0,285,0,0,7,806,0,0,0,38,26,0,0,0,0,10872,7620,0,0,0,0,545,261,0,79.2,79.2,22.9,19.9,0,0,0,35,0,400,0,0,8313,0,0,317,9065,0,5610,0,3535,0,0,0,0,0,0,0,27693851,10463942,0,17229909,125391,18411519,-1056219,1467491,66664,0,0,344608,9688023,396566,17609262,9951610,0,776398,0,0,8444901,0,0,423397,19596306,29810,0,375559,0,0,7298173,0,0,394003,8097545,4110407,0,520251,0,0,0,4557395,0,593193,0,0,0,682696,0,0,0,0,5704920,0,249705,0,0,10722575,0,0,552709,0,0,780798,9284,0,0,4057286,627255,5725396,0,0,0,0,2631980,1170142,3561376,638084,8656969,2595620,0,443670,1697883,2695427,434410,745395,94577,374222,673346,3950785,0,4559956,6653878,230919,0,15395538,1325655,0,9616336,4453547,15395538,0,6373957,6856314,14114709,9554753,0,0,9632415,9632415,16079,0,0,192,163,65,308245,31914,340159,183,0,33905,103223,40564,11328,48662,30027,35923,2729,1425,459,108656,7815,83701,0,70355,18737,18981,0,119006,8053,92658,0,79190,21011,20241,0,,2003
106190555,cedars-sinai medical center,7/1/2002,6/30/2003,365,audited,incl. ind. audit,los angeles,11,0925,non-profit,general,comparable,teaching,(323)866-8504,8700 beverly blvd.,los angeles,90048-1804,larry sawyer,v.p. finance,ana wynne,cedars~sinai medical center,1,05-0625,hsc30625f,zzt30625f,877,875,875,109816,547,38196,5075,663,14452,96407,669,12482,278307,15065,94,5748,1231,133,1843,12597,148,9385,46244,780,68,0,29,0,0,245212,23072,0,10023,0,0,41951,2570,0,1723,0,0,86.90000000000001,87.09999999999999,6,6,80,15724,6574,74876,479,29511,12737,30,21076,67486,5801,29705,241701,72407,115827,40404,0,0,32,2334600,728820,14144,10351,44288,3445896376,2446528386,0,999367990,109722981,1112193810,-3102839,21799511,308775,0,0,18387897,787074293,117796009,2541026074,1151061352,7900625,254218489,41275367,7173231,138677427,929354881,5629151,106679584,2641970107,225065865,2128540,57389905,15752841,59481,36803647,387874858,6196066,72655066,803926269,1041983042,9000246,307877431,54767872,0,7232712,154132635,731172229,53825489,0,29366063,0,57170667,0,0,0,0,321971483,940052,970823,1755056,0,19794093,574389963,8800,79537720,0,-2564645,11850,4215596,0,0,154400925,66648352,360036398,0,0,65641560,13759857,153827121,62582464,146200265,89096868,379853620,162155902,15834265,59791170,134529942,136338601,62762180,14030782,14021499,34598270,98277579,520050674,133500958,560802350,201251375,33306899,24637267,1473549523,185817125,59623977,732585065,495523356,1473549523,79459374,640771643,467576393,1157046187,596243837,0,576065,741370000,761946065,29361000,200000,0,8906,7400,2300,14438578,1575877,16014455,1837,313,839513,4099166,2841666,102471,1169588,2840189,582388,1340339,349233,274025,3637296,989043,3686019,646687,2467176,1227513,1784844,0,4017709,1082096,4113849,661060,2772779,1365383,2001579,0,,2003
106190148,centinela hospital medical center,6/1/2002,5/31/2003,365,audited,excl. ind. audit,los angeles,11,0929,investor,general,comparable,,(310)680-8200,555 east hardy street,inglewood,90301,michael rembis,ceo,trina k. thorson,tenet healthcare corporation,0,05-0240,hsc30240g,,370,318,318,47567,6062,16446,5442,0,1500,11429,1107,543,90096,6015,1193,3091,1440,0,293,2633,168,81,14914,286,28,0,32,24,0,75388,3455,0,7170,4083,0,13721,280,0,577,336,0,66.7,77.59999999999999,6,5.9,29,4758,2013,71578,10586,21207,27377,0,15245,122303,299,22875,291470,34516,67137,31685,158777,0,13,431110,365189,3182,4206,11322,1501030873,1275403350,5646328,231273851,1904182,200725590,32452443,879692,1896328,0,0,31435807,385679298,47422580,1067928995,579118432,100362365,232811079,69004244,0,23720047,173615942,13644768,6682426,1198959303,80601938,17417417,24268847,32667010,0,19732495,111214982,270135,15898746,302071570,552723207,94301766,234172000,86865041,0,0,34790788,228078530,16009001,0,20366460,0,8096557,0,5621025,0,25303,100790313,22552955,14311346,18733777,0,8011977,52820798,0,14052685,0,5228346,0,0,0,0,35983151,15804409,77367755,0,0,0,0,23765455,16369788,25471414,5963618,64473794,19616931,5265949,10078205,43917126,37472523,7729176,1181620,3038890,2001,7949375,73690038,0,93053527,3451027,118894217,21641549,310730358,26894367,0,0,283835991,310730358,322470,60617458,52032627,126276747,33223220,0,0,0,0,0,118894217,0,1560,1216,860,2425076,281882,2706958,612,0,172061,506469,642952,55558,278866,452380,60473,79382,139237,37698,818707,304502,707027,0,209292,161529,224019,0,908095,336565,807094,0,237302,175579,242323,0,,2003
106190148,centinela hospital medical center,6/1/2003,12/31/2003,214,audited,excl. ind. audit,los angeles,11,0929,investor,general,comparable,,(310)680-8200,555 east hardy street,inglewood,90301,michael rembis,ceo,trina k. thorson,tenet healthcare corporation,0,05-0240,hsc30240g,,370,338,338,25708,3535,10886,3253,0,715,6745,696,430,51968,3345,670,2003,831,0,78,1691,95,139,8852,286,28,0,32,24,0,44082,2056,0,3274,2556,0,8093,193,0,303,263,0,65.59999999999999,71.8,5.9,5.8,29,3288,1420,34057,6308,12340,18459,0,18211,55721,356,14152,159604,21613,40134,12858,85386,0,13,239088,216285,1798,2517,7228,858803795,754772230,5453904,109485469,724997,123704550,-13494084,480944,915883,0,0,-13929023,220097198,27658239,611048358,313166936,55686776,137586056,50618974,0,11024209,103902362,13061959,7974604,693021876,39420245,10025436,14096148,21771345,0,11585765,59686290,399719,8796971,165781919,315600803,53064905,136431179,63907587,0,0,18595002,132564248,16220450,0,15382012,0,3006044,0,5452190,0,1714,31329142,11492535,11006586,12258316,0,3312608,26849356,0,13236926,0,-3620996,0,0,0,0,22278236,9372399,47677816,0,0,0,0,14009821,9024705,14260504,7081069,40326414,13362129,3374849,5512336,26406085,20489070,4241905,834116,4719988,12092,4425566,53126960,0,90526683,5003537,118203214,22314333,289174727,22888755,0,0,266285972,289174727,1366748,60944515,51515476,126101813,35575130,0,0,0,0,0,118203214,0,1855,2077,1041,2344466,282302,2626768,576,0,174369,506394,642934,55558,278858,454482,60473,77294,74410,19694,761551,292368,711571,0,210980,159233,208763,0,850935,324431,811845,0,239207,173283,227067,0,,2003
106160787,central valley general hospital,1/1/2003,12/31/2003,365,audited,incl. ind. audit,kings,09,0615,investor,general,comparable,,(559)583-2265,1025 n douty st.,hanford,93230-3722,roger rieger,coo,jeffrey n. brown,pacific living centers,0,05-0196,,zzt30196t,43,43,26,2463,0,3594,286,265,121,1969,107,198,9003,583,0,1624,140,78,61,916,51,98,3551,43,0,0,0,0,0,9003,0,0,0,0,0,3551,0,0,0,0,0,57.4,57.4,2.5,2.5,11,2977,1934,16435,0,71651,4913,11291,1677,15602,7673,5638,134880,13657,109857,0,11509,0,2,89781,39819,1353,737,3027,117473462,79658201,9909,37825170,117861,37969618,-26587,134338,0,0,0,107751,23880285,30076795,63516382,14361851,0,26603600,2033131,1691643,902384,15429718,348395,1303028,62673750,7435850,0,23846902,1866238,3683661,1133157,12308546,2291092,2234266,54799712,15998349,0,29501962,2882303,-2742159,3269005,596064,22849876,2932626,0,4232819,0,137356,0,0,0,9909,5799352,0,22151021,963412,2106299,1439477,4898297,0,467312,0,-2759021,0,12464,0,0,3632351,6901112,7542651,0,0,0,0,4332401,1835508,12031900,1693695,14562938,5043721,4121437,3255335,3671434,3769720,1072785,297841,414407,561750,1198250,6035606,0,8245364,906754,1245503,270324,16703551,13703835,0,18394622,-15394906,16703551,1900,7675905,7302803,16086074,7840710,0,65919,0,19897862,1503240,0,22863588,398,344,160,651330,64093,715423,105,0,44763,96839,112288,49478,71749,220502,55711,0,0,0,90652,222612,110906,0,92294,60646,74220,0,104762,240966,119338,0,101584,67953,80820,0,,2003
106100791,central valley orthopedic & spine inst,1/1/2003,12/31/2003,365,audited,excl. ind. audit,fresno,09,0607,investor,general,comparable,small/rural,(559)875-6571,2558 jensen avenue,sanger,93657-2250,michael d drobot,president/chairman,loretta masi,west coast surgery center mgmt llc,0,05-0410,hsc00410h,,48,9,0,0,0,0,0,0,0,0,0,0,0,0,0,0,0,0,0,0,0,0,0,48,0,0,0,0,0,0,0,0,0,0,0,0,0,0,0,0,0,0,0,0,0,0,0,0,0,0,0,0,0,845,0,0,0,845,0,0,0,0,0,2,0,14005,0,845,0,8052734,5091112,0,2961622,7540,3637212,-668050,0,0,0,0,-668050,0,0,8052734,0,0,0,0,0,0,0,0,0,0,41104,0,0,0,0,8011630,0,0,0,8052734,34202,0,0,0,0,0,5056910,0,0,0,0,0,0,0,0,0,0,6902,0,0,0,0,2954720,0,0,0,0,0,0,0,0,0,0,0,1166951,0,0,0,0,399678,0,1062530,1008053,0,0,0,11500,442489,1748029,287109,477299,159760,69553,441473,1867318,0,319638,0,0,0,2186956,3235886,0,0,-1048930,2186956,26234,0,551104,619133,299495,0,0,0,0,0,0,3131753,0,0,0,0,0,0,11,0,0,0,0,0,0,0,0,0,0,0,0,0,0,0,0,0,0,0,0,0,0,0,0,0,0,0,,2003
106190155,century city hospital,6/1/2002,5/31/2003,365,audited,excl. ind. audit,los angeles,11,0927,investor,general,comparable,,(310)553-6211,2070 century park east,los angeles,90067,ron stern,ceo,trina k. thorson,tenet healthcare corporation,0,05-0579,hsc30579h,hsp40581g,186,112,112,25579,686,3917,149,0,460,7884,76,515,39266,2820,101,692,31,0,118,1718,9,61,5550,143,43,0,0,0,0,27293,11973,0,0,0,0,4757,793,0,0,0,0,57.8,96.09999999999999,7.1,7.1,0,0,0,15873,836,1615,382,0,1151,17480,151,3055,40543,12597,5765,0,22704,0,7,491640,325980,1605,1859,5811,562436360,484082090,0,78354270,216998,77436423,1134845,70970,1327339,0,0,-121524,131260122,12511926,418664312,239853731,8865701,58820152,1747801,0,7216896,119864755,1000114,7729631,445098781,47088115,3616578,6235200,1028358,0,2551875,49729068,330963,6757422,117337579,252162056,10513124,50838546,2317638,0,0,8227688,142852136,3573029,0,12780277,0,817596,0,0,0,0,34680818,1844734,2754688,423353,0,1443325,25052145,0,12155207,0,2422550,0,0,0,0,15710847,4674673,27352537,0,0,0,303460,9825772,3712506,8391291,7465337,22721165,7390207,1853013,6738455,16109450,11429244,1741186,5010537,1738169,16843,2688154,12014582,0,18149074,273523,11858127,29774,42325080,13429077,0,75000,28821003,42325080,174412,12884203,12455944,25340147,7191073,0,0,0,75000,0,11858127,0,522,440,332,925330,100193,1025523,738,3,76906,240094,188173,20477,49344,169146,34914,35679,100639,9958,361869,69401,244831,0,121266,43635,84328,0,397694,78481,276094,0,131431,49289,92534,0,,2003
106301140,chapman medical center,1/1/2003,12/31/2003,365,audited,excl. ind. audit,orange,13,1015,investor,general,comparable,,(714)633-0011,2601 east chapman street,orange,92669-3206,doug norris,ceo,remedios h. maglaya,tenet healthcare corporation,0,05-0550,hsc30550g,hsp30550g,110,106,106,6078,1314,8163,482,394,331,9637,58,930,27387,747,214,175,78,35,30,1567,5,84,2935,47,12,24,0,27,0,8394,2840,7254,0,8899,0,2220,197,491,0,27,0,68.2,70.8,9.300000000000001,6.4,0,0,0,8242,2328,824,2375,508,1553,21510,168,4332,41840,10977,12062,0,18685,0,6,182740,88303,1213,1090,2746,219423416,173323303,0,46100113,147762,45808043,439832,466094,786752,0,0,119174,47298625,9842790,162282001,38178642,9720949,34362837,3563269,3094117,2593136,71313378,441903,7303042,170571273,8242398,2847002,1076125,2685801,588510,1797473,26405658,194149,5015027,48852143,38072268,10115364,29725394,5011468,0,3503173,3533799,78649546,3408810,0,772916,-33740,564305,0,0,0,0,7940750,2196479,5335656,1151039,122487,761825,17264771,33740,11293366,0,0,0,0,0,0,8786420,2699551,14021902,0,0,0,0,5417648,3069376,8874479,2938667,14746216,5081734,661102,2351258,9329396,7793372,1947316,605913,908289,506545,1876902,9845685,0,29076254,225897,0,855324,40003160,22273061,0,3504006,14226093,40003160,39161,35467593,16019124,51682741,22606487,0,3683774,0,3683774,179768,0,18084619,462,349,232,678107,75371,753478,203,0,67777,137428,132460,44388,91873,126179,34742,15387,27126,747,274541,67096,149854,0,81726,44778,60112,0,307666,73972,169834,0,88781,48807,64418,0,,2003
106010776,childrens hosp & research ctr of oakland,1/1/2003,12/31/2003,365,audited,incl. ind. audit,alameda,05,0417,non-profit,childrens,comparable,teaching,(510)428-3000,747 - 52nd street,oakland,94609-1809,tony paap,president/ceo,katy silverman,children's hospital & research center at oakland,2,05-3301,hsc00611f,,170,170,170,13,0,24937,6740,0,191,16347,1240,610,50078,5,0,3390,2087,0,46,3377,251,123,9279,158,0,0,12,0,0,47655,0,0,2423,0,0,8933,0,0,346,0,0,80.7,80.7,5.4,5.4,0,0,0,584,0,37623,54407,1099,1738,65268,9624,6897,177240,53701,120933,0,14229,0,5,423942,257258,2989,4204,0,398844773,200383566,8523480,206984687,52755914,258672368,1068233,6655267,3474878,0,0,4248622,113644625,45632204,239567944,97120,0,135020415,28734655,0,1730662,98574144,7706154,2433519,274296669,885918,0,30835685,35695578,666420,2110946,47048123,4529368,2776066,124548104,897533,0,85796293,41806011,-5892042,756275,289324,60359183,7601855,0,9135746,-366612,0,0,8523480,0,0,85505,0,85951849,31147702,219044,3364288,78136779,3124876,4954644,0,0,713930,1743511,0,0,51814102,30312571,57478609,0,0,44639767,6622928,31029222,8390897,15831434,12552838,106716970,59709273,11773709,8534292,24485750,19491106,11858664,2071779,2733435,2485673,8811717,63571148,0,137316524,6146758,184046843,3116556,394197829,53229764,0,91609248,249358817,394197829,8091900,126570562,64668737,259375585,122059061,0,0,84792818,95089248,3480000,0,0,2365,1782,636,3370564,465856,3836420,447,84,300279,1068398,669182,17494,82353,536067,233834,332544,52629,77784,720505,378170,540078,803132,515068,161860,194814,56937,826489,435706,623017,899916,578839,183984,223273,65196,,2003
106370673,children's hospital - san diego,7/1/2002,6/30/2003,365,audited,incl. ind. audit,san diego,14,1416,non-profit,childrens,comparable,,(858)576-1700,3020 children's way,san diego,92123-4223,blair sadler,president/ceo,amy jones,children's hospital & health center,2,05-3303,hsc30271f,zzt30271f,312,301,301,75,0,45478,3177,0,710,28303,162,230,78135,21,0,4104,1628,0,111,6606,26,192,12688,247,0,0,0,65,0,57261,0,0,0,20874,0,12664,0,0,0,24,0,68.59999999999999,71.09999999999999,6.2,4.5,0,0,0,2187,111,56866,65557,6374,12649,296401,83,30460,470688,48976,319618,4619,120921,0,13,711525,704550,5936,12968,12281,574534265,367851981,24200808,230883092,24511803,293195921,-37801026,19886084,337906,0,0,-18252848,153465205,74895426,346173634,570369,0,167871749,15353399,0,5080291,181831085,1064873,1674305,373446071,490836,6515,41215094,29998181,285202,7448949,111275162,132270,10235985,201088194,847234,2813,142629163,41585765,-5024590,230577,1670229,168007881,19658086,0,2129306,-3884483,0,0,0,0,24200808,175889,3468,64585788,2138975,44286,10456441,139083367,2909464,11485414,0,0,2883368,-3013148,0,0,45885922,22763461,70687742,0,0,2596502,3191018,49783114,33687127,53552665,11048370,109367094,39793029,9639487,13297231,41774121,35181000,10272505,6475847,383477,0,27012130,151532672,26645729,115898865,15407323,13499152,0,322983741,45520903,0,115258359,162204479,322983741,19262994,132627687,78134839,226616441,110717576,0,542862,112745890,118098359,2840000,6569579,0,3200,2457,920,4669724,617539,5287263,651,79,133707,1705587,932071,68112,272923,993559,0,386286,148481,28998,1064616,817219,1284937,79464,585031,224449,612186,1822,1131748,927050,1519522,95167,648654,255427,707586,2109,,2003
106304113,children's hospital at mission,7/1/2002,6/30/2003,365,audited,excl. ind. audit,orange,13,1017,non-profit,childrens,comparable,,(949)347-8400,27700 medical center rd-1st fl,mission viejo,92691,kimberly cripe,president/ceo,chet taylor,children's hospital at mission,0,,,hsp33306f,48,48,48,0,0,1351,674,0,138,5919,0,128,8210,0,0,207,234,0,37,1469,0,35,1982,48,0,0,0,0,0,8210,0,0,0,0,0,1982,0,0,0,0,0,46.9,46.9,4.1,4.1,0,0,0,0,0,676,3887,0,581,16917,0,1214,23275,16581,0,0,7131,0,9,66526,23274,485,699,2403,58927067,32007950,0,26919117,551278,25126152,2344243,299158,639949,0,0,2003452,14520607,9441883,34964577,0,0,5776028,2523839,0,232850,29417298,0,685317,38635332,0,0,606685,2157644,0,210918,16042954,0,1273534,20291735,0,0,5083445,2221215,0,0,313217,20763100,2882053,0,583499,0,161421,0,0,0,0,0,0,987097,2231302,0,108847,22312324,0,1279547,0,-4000000,0,0,0,0,4780134,2509528,7361341,0,0,0,0,3125529,1634478,3677007,2038135,3809134,1440938,370072,477260,62965,16682022,398517,1022891,283656,11028,567669,8520257,0,5109795,0,351000,7605783,21586835,5519764,0,102726,15964345,21586835,1801722,0,2499371,8739890,3630095,0,0,0,104346,1620,492466,1247814,111,70,81,133573,18318,151891,169,0,10450,9290,80020,0,3545,23852,0,669,5547,200,92842,9818,2963,0,200,0,17805,9945,107478,10670,3585,0,202,0,18901,11055,,2003
106204019,children's hospital central california,10/1/2002,9/30/2003,365,audited,incl. ind. audit,madera,09,0601,non-profit,childrens,comparable,,(559)353-3000,9300 valley children's place,madera,93638,william f haug,president/ceo,greg dean,children's hospital central california,2,05-3300,hsc00130f,,243,243,243,210,0,41907,5547,20,1810,17881,1,72,67448,28,0,5979,2071,21,324,3620,1,31,12075,225,0,0,18,0,0,66006,0,0,1442,0,0,11996,0,0,79,0,0,76,76,5.6,5.6,0,0,0,477,0,70430,42558,77,6757,73818,1645,3689,199451,46205,111672,2913,32056,1,8,1158916,677600,3581,14553,7473,456320683,229979993,0,226340690,7076808,232123518,1293980,7731893,7781735,0,0,1244138,150870552,39050306,266399825,1193984,0,212657890,18858753,65310,9778240,89206020,2886,535173,332298256,319954,0,49566667,23287695,50144,3764016,44522147,938169,1573635,124022427,1021414,0,139743672,29863278,-9240061,76123,7770297,56756577,3047638,0,941055,0,0,0,0,0,0,492524,0,131720946,12283170,39331,5771959,75601376,0,431384,0,93495,0,1119090,0,0,52890395,24835294,65709678,1107,0,407722,977713,36558933,7267910,26969786,16504980,93389772,42179148,11120775,6425991,31194170,12332058,12379411,3979749,1768016,8873412,8481016,57729701,101448187,174540654,2928349,1656289,5549236,343852416,26746649,0,160018022,157087745,343852416,4575506,154017516,62705686,238790348,64249694,0,0,146694454,163318022,3300000,0,0,2370,1977,830,3836196,374377,4210573,239,13,265437,1065913,952747,55867,363472,801941,155105,78078,79778,17858,1128166,503484,875323,10146,646674,275071,363421,33911,1230749,550516,971896,11077,703044,302444,404464,36383,,2003
106190170,children's hospital of los angeles,7/1/2002,6/30/2003,365,audited,incl. ind. audit,los angeles,11,0925,non-profit,childrens,comparable,teaching,(323)660-2450,4650 sunset blvd.,los angeles,90027-6062,walter noce  jr.,ceo,jeff wolf,childrens hospital of los angeles,1,05-3302,hsc30123f,,286,286,279,201,0,46840,13611,211,901,22285,0,605,84654,33,0,6391,1949,27,105,2856,0,82,11443,286,0,0,0,0,0,84654,0,0,0,0,0,11443,0,0,0,0,0,81.09999999999999,81.09999999999999,7.4,7.4,0,0,0,483,0,116000,66222,8867,3222,64657,0,17567,277018,55958,228824,0,0,0,14,834823,477743,6466,6470,9067,624056798,374632754,0,249424044,24901756,360376189,-86050389,87321181,3463721,0,0,-2192929,231117151,24469826,368469821,1236104,0,262237727,75951101,1373963,5881455,150398842,0,3877081,500956273,1328082,0,49832494,27636485,3046934,1661019,33264079,0,6331432,123100525,1631224,0,184578463,67606693,-11617645,2710353,4624123,112599639,11387033,0,500792,0,612079,0,0,0,0,932962,0,139109403,35980893,1710544,2096484,64392325,0,5201433,0,0,104670,5673720,0,0,63497569,30821758,80026702,0,0,21755517,38988319,56072777,9282708,35063090,24867749,132952905,29145591,0,7864440,41033233,32457131,20491139,3772205,2431561,12762351,77465633,88711750,366466881,206866958,131904493,13035921,3751649,810737652,56939031,0,285850658,467947963,810737652,8487463,287539438,104161835,405048718,198181760,0,0,288640658,288640658,2790000,11092437,0,3316,2342,887,4489351,455771,4945122,592,152,162486,927568,1199498,103160,453930,1242215,148527,178187,73780,0,1467806,677093,1006978,482,461810,222306,652876,0,1581360,757034,1144939,514,511859,252726,696690,0,,2003
106300032,children's hospital of orange county,7/1/2002,6/30/2003,365,audited,incl. ind. audit,orange,13,1015,non-profit,childrens,comparable,,(714)997-3000,455 so main,orange,92668,kimberly cripe,president/ceo,chet taylor,children's hospital of orange county,0,05-3304,hsc31404f,zzt31404f,202,202,202,66,0,18241,2501,0,159,21758,2,357,43084,5,0,2888,923,0,109,4941,1,64,8931,202,0,0,0,0,0,43084,0,0,0,0,0,8931,0,0,0,0,0,58.4,58.4,4.8,4.8,0,0,0,220,0,30368,24773,0,923,91879,1091,11881,161135,41156,117588,0,0,0,23,331868,141432,3269,2848,5187,447797219,297474479,26996309,177319049,36020259,211574540,1764768,1199681,185698,0,0,2778751,121818597,30602585,295376037,721225,0,151717820,21730300,0,378572,161321804,24482,1945586,337839789,96989,0,24604309,18828443,0,125299,54419383,302816,11580191,109957430,616757,0,151472593,21695368,-9593853,0,353549,113184489,16253218,0,2617220,0,875138,0,23918113,0,3078196,171759,0,26841646,42489295,0,129376,96953929,315418,10417626,0,5800000,328222,343930,0,0,36631090,12302220,73030011,0,0,4880348,2118667,24178751,11578516,32932458,13922479,54159544,21531776,4794663,22777493,20936298,62321549,4641139,11287966,1915100,0,7209012,60055618,660000,37485172,4126887,5246736,623333,108197746,52781970,2154832,5166922,48094022,108197746,10770893,396815,57520187,71715506,34230334,0,0,0,5166922,0,5620771,757462,1598,1200,496,2338799,291308,2630107,518,40,254464,673848,382725,31648,143561,456200,131361,130733,132843,1416,741178,186287,251399,108145,381632,233743,434845,1570,801406,209041,290856,116891,452239,266590,491506,1578,,2003
106434051,childrens recovery ctr of no calif,1/1/2003,12/31/2003,365,audited,excl. ind. audit,santa clara,07,0431,investor,general,comparable,,(408)558-3643,3777 south bascom avenue,campbell,95008,michael zarcone,ceo,michael zarcone,michael zarcone,0,,hsc33307f,,29,29,19,0,0,5018,509,0,0,771,0,0,6298,0,0,10,0,0,0,3,0,0,13,7,0,0,0,22,0,0,0,0,0,6298,0,0,0,0,0,13,0,59.5,59.5,484.5,0,0,0,0,0,0,0,0,0,0,0,0,0,0,0,0,0,0,0,0,0,0,0,0,0,9593801,4973996,0,4619805,0,4812878,-193073,0,0,0,0,-193073,7011800,0,2582001,0,0,7730300,745401,0,0,1118100,0,0,9593801,0,0,0,0,0,0,0,0,0,0,0,0,4217700,338200,0,0,0,418096,0,0,0,0,0,0,0,0,0,0,0,3512600,407201,0,0,700004,0,0,0,0,0,0,0,0,2257206,0,888950,0,0,0,0,436524,88019,390291,751888,2311111,660250,30000,99678,398528,223080,91536,537689,174590,90242,196174,774555,0,328800,0,39854,0,1143209,2599090,0,902049,-2357930,1143209,116824,0,540743,576658,247858,0,0,0,902049,0,0,0,83,51,49,102715,7412,110127,12,0,5054,18378,22772,13397,27231,4744,7839,0,1295,2005,68604,0,15406,0,13354,400,4951,0,72657,0,16496,0,15298,429,5247,0,,2003
106382715,chinese hospital,1/1/2003,12/31/2003,365,audited,incl. ind. audit,san francisco,04,0423,non-profit,general,comparable,,(415)982-2400,845 jackson street,san francisco,94133-4851,brenda yee,ceo,kathleen frey,chinese hospital association,0,05-0407,hsc00407f,zzr00407f,54,52,52,7210,2213,1252,81,0,815,173,121,65,11930,1232,422,238,31,0,209,47,24,19,2222,54,0,0,0,0,0,11930,0,0,0,0,0,2222,0,0,0,0,0,60.5,62.9,5.4,5.4,0,0,0,23226,7986,6567,1929,0,10461,4034,37,1241,55481,5449,8932,0,40587,5914,2,83746,121479,639,1796,3710,83934995,58056267,21290642,47169370,900975,45938444,2131901,605933,0,0,0,2737834,16571491,3749927,63613577,22546744,7516171,4039915,413679,0,3465269,668910,466663,196014,39313365,16424254,6748510,5043114,906864,0,12333406,2497684,82120,585678,44621630,24994146,13956488,5062328,1169478,0,0,8805222,2973210,115898,503788,0,0,475709,16773130,2610355,0,1907157,13755980,17000477,3969222,2753936,0,6903912,2082594,337875,365374,0,0,0,0,0,0,5644380,2496637,14205560,11787841,0,0,0,5439989,1281795,3766514,1315728,13495927,5354473,1525481,925144,6696957,14401357,1672787,291586,357556,62790,1154386,9813590,7926300,10408420,0,400000,134426,28682736,11233488,0,2244578,15204670,28682736,5673961,16084625,14033026,30370980,19962560,0,0,2634939,2634939,390361,0,0,296,233,109,434509,56889,491398,108,0,46655,82266,102740,19597,26472,99548,49451,1944,2587,3249,107449,26904,112535,0,99007,29804,58810,0,125100,29923,125385,0,111527,33522,65941,0,,2003
106361144,chino valley medical center,1/1/2003,12/31/2003,365,audited,excl. ind. audit,san bernardino,12,1207,investor,general,comparable,,(909)464-8600,5451 walnut ave,chino,91710-2609,makoto nakayama,president/ceo,jeffrey n. brown,verita health systems inc.,0,05-0586,hsc30586i,,126,126,55,6104,992,4470,1316,0,234,4840,0,1173,19129,1445,299,1322,512,0,83,1893,0,438,5992,112,0,0,0,14,0,19129,0,0,0,0,0,5992,0,0,0,0,0,41.6,41.6,3.2,3.2,10,1938,916,4698,1023,5304,10047,0,3405,16529,0,7393,48399,37088,0,0,0,0,4,320763,363223,5346,18162,15674,142639508,98765133,0,43874375,276611,45965310,-1814324,99453,181802,0,0,-1896673,23594197,16675318,102369993,23404056,5845030,17208323,4635108,0,2826156,25947121,0,4757688,84623482,6746757,2762993,6240325,6038505,0,5039686,25135028,0,6052732,58016026,19765884,4865493,15050572,6838682,0,0,5054630,32925472,7274645,0,0,0,6989755,0,0,0,0,10187204,2204710,8106482,3695772,0,2560984,13815312,0,3303911,0,0,0,7235,0,0,9388588,3369721,11333740,0,0,0,720679,6770980,2374213,4888443,7118946,17990900,4866820,26072,2229114,4837095,4414327,102579,4397172,890067,3575390,2635774,6162122,0,569970,152802,0,0,6884894,10647269,0,0,-3762375,6884894,0,100963,623546,752245,182275,0,0,0,0,0,0,0,497,446,185,846304,103816,950120,255,8,54340,114239,230262,27821,72403,193640,88220,42970,19546,2863,282027,76809,165631,23700,150247,73974,73916,0,323200,84890,188409,25833,166612,81136,80040,0,,2003
106200692,chowchilla district memorial hospital,7/1/2002,6/30/2003,365,audited,excl. ind. audit,madera,09,0601,district,general,comparable,small/rural,(559)665-3781,1104 ventura st.,chowchilla,93610,cathy flores,administrator,myra d. mcgill,chowchilla district,0,05-0377,,zzt30377h,24,24,23,1852,0,5408,0,0,792,0,0,0,8052,54,0,25,0,0,8,0,0,0,87,1,0,0,0,23,0,0,0,0,0,8052,0,0,0,0,0,87,0,91.90000000000001,91.90000000000001,92.59999999999999,0,0,0,0,2775,0,8393,0,0,3172,0,0,0,14340,0,14340,0,0,0,0,0,0,0,0,0,4379085,1664038,0,2715047,115409,2994896,-164440,354442,56622,0,0,133380,1994910,1516379,867796,847359,0,1334491,0,0,229148,0,0,0,2410998,480987,0,1134375,0,0,352725,0,0,0,1968087,370427,0,922636,0,0,0,370975,0,0,0,0,0,0,0,0,0,0,957919,0,1546230,0,0,210898,0,0,0,1338,0,0,0,0,0,715408,393687,424083,0,0,0,0,522202,196668,530371,212477,1295866,285374,336853,27061,254996,398719,53738,12095,25195,126285,178714,1372132,1719534,712389,0,411946,0,4216001,1712341,6087,5077404,-2579831,4216001,774423,0,914938,2610081,1897692,0,2591,4570000,5077404,0,0,0,46,44,19,82350,9546,91896,7,0,17607,2148,114,11776,26089,13577,11039,0,0,0,34707,12389,4558,0,17491,8137,5068,0,38150,14250,4857,0,19389,9740,5510,0,,2003
106190636,citrus valley medical center-qv campus,1/1/2003,12/31/2003,365,audited,incl. ind. audit,los angeles,11,0915,non-profit,general,comparable,,(626)858-8541,1115 south sunset avenue,west covina,91790,james yoshioka,president/ceo,caroline formano,citrus valley health partners,0,05-0369,hsc30369f,,547,547,547,42038,11093,37005,8803,0,1008,25792,2006,1936,129681,6410,3211,6727,2836,0,270,5785,563,1258,27060,457,30,0,12,48,0,106943,7944,0,4038,10756,0,23512,1734,0,216,1598,0,65,65,4.8,4.7,25,10033,5594,36027,16372,23771,24041,0,8167,60165,5229,11626,185398,102735,0,0,97321,4565,15,937380,934675,4517,6538,18024,856981045,655108789,7887733,209759989,2902543,218349787,-5687255,2266271,0,0,0,-3420984,233443202,42441530,581096313,203173852,73969661,171449058,39368436,0,8687223,142498919,11272438,10170302,660589889,42299613,23284398,19630406,21120864,0,7342867,70660063,1592629,10460316,196391156,175162693,77088132,143255155,53476019,-5948817,0,9211212,161772203,8742035,0,22134124,0,10216033,252952,5864118,0,1770663,70310772,20418879,45499974,11881494,0,6818878,53157442,0,1672550,0,0,0,2209430,0,0,58242675,10276139,73471713,1305518,913393,0,0,32750549,10658216,18402462,12329122,86947479,28116844,2930575,7134684,34532999,35222304,9101156,1812889,3514909,3629126,5406822,53208859,32105405,73687610,3148405,11163631,0,173313910,27094112,2492588,89524491,54202719,173313910,3782465,98161809,128899526,231864763,158177153,0,2098957,86482769,91417726,1893235,1398169,0,2986,1704,1210,3515802,124134,3639936,428,0,300811,616716,933011,177499,272863,530240,273484,314529,77260,19389,1297206,194459,926145,0,689246,141298,267448,0,1359050,200885,956455,0,704891,145893,272762,0,,2003
106190661,city of angels medical center,1/1/2003,12/31/2003,365,audited,excl. ind. audit,los angeles,11,0925,investor,general,comparable,,(213)989-6151,1711 w temple st,los angeles,90026,robert bourseau,ceo,paul fayollat,intercare health systems  inc.,0,05-0725,hsc30725f,,180,180,180,12104,0,22966,1435,0,400,488,0,2842,40235,1837,0,3268,197,0,60,82,0,420,5864,110,70,0,0,0,0,17952,22283,0,0,0,0,2821,3043,0,0,0,0,61.2,61.2,6.9,6.9,0,0,0,38572,0,674,232,0,761,79,0,917,41235,3955,0,0,1194,0,2,34164,48946,494,562,0,108886736,67062712,0,41824024,2807379,42553975,2077428,0,0,0,271191,1806237,42471695,10040214,56374827,37057442,0,46077974,3406650,0,1656271,1158500,0,2888986,92245823,12739672,0,1784029,712364,0,709882,242254,0,452712,16640913,29106632,0,32286350,2778570,-4905390,0,1881421,1113795,2144222,0,0,0,2657112,0,0,0,0,19709867,0,19538534,1259331,0,438137,259375,0,618780,0,0,0,0,0,0,8513779,1688020,7858855,0,0,0,89000,6919606,1113195,9592665,6778855,18039333,3554960,1330628,5077027,4667971,241362,830568,4297578,755539,921659,2837350,17075840,0,2200091,0,258769,0,19534700,8387809,0,51688975,-40542084,19534700,559578,0,3007850,5297831,3097740,0,0,0,51688975,0,0,0,485,440,265,891362,60601,951963,127,2,67679,215488,113074,40605,170478,90709,99213,56966,37150,0,313124,62904,113748,0,195129,46260,160197,0,337356,69998,117615,0,209863,48801,168330,0,,2003
106190176,city of hope national medical center,10/1/2002,9/30/2003,365,audited,incl. ind. audit,los angeles,11,0913,non-profit,specialty,comparable,,(626)395-8111,1500 east duarte rd,duarte,91010-3012,gil n schwartzberg,president/ceo,garry griffiths,city of hope national medical center,0,05-0146,hsc30146f,zzt30146f,165,153,153,8136,404,9210,891,0,512,23896,2102,46,45197,874,35,948,91,0,53,2103,214,5,4323,165,0,0,0,0,0,45197,0,0,0,0,0,4323,0,0,0,0,0,75,80.90000000000001,10.5,10.5,0,0,0,30321,603,17001,2028,0,979,61105,0,643,112680,0,114635,0,4789,0,5,345197,123530,1617,2095,21348,570620294,368767446,0,201852848,29536511,249035433,-17646074,46498364,304893,0,0,28547397,94390029,22546699,453683566,56953030,3030074,95457070,7252772,0,3817535,179775322,16393349,359252,363038404,57953350,1091600,28955260,3279374,0,3025791,112527501,0,749014,207581890,82413744,2282733,70553247,8281014,-361022,0,3411150,160637866,0,0,41601947,-53233,0,0,0,0,0,32492636,1838941,29011507,2251132,0,3432176,131664957,53233,1108266,0,0,30661085,1398740,0,0,30994474,6446007,85685177,0,0,34011658,2397675,34213429,11633358,29382467,14271188,81244385,32452493,14521784,5569359,62379146,20596538,13807952,3651363,1244997,7295651,6271765,70002792,12243206,114699830,111443676,56085517,2749032,367224053,55582311,2576558,189698885,119366299,367224053,10157895,99041061,130266270,262844002,148144172,0,0,178930000,193654704,3955819,4386699,0,1728,1633,405,2967447,456300,3423747,193,18,283478,833826,513319,25054,209394,731406,53708,290017,27245,0,615784,148920,662783,516044,451076,233749,336084,3007,719338,172198,761703,581136,519706,273877,392578,3211,,2003
106100697,coalinga regional medical center,7/1/2002,6/30/2003,365,audited,excl. ind. audit,fresno,09,0609,district,general,comparable,small/rural,(559)936-6400,1191 phelps avenue,coalinga,93210-9609,robert duncan,ceo/administrator,sandra earls/virginia lapid,coalinga hospital district,0,05-0397,,zzr00397f,78,78,78,1740,110,12252,76,0,408,400,0,103,15089,228,27,115,20,0,23,133,0,42,588,24,0,0,0,54,0,1377,0,0,0,13712,0,523,0,0,0,65,0,53,53,25.7,2.6,0,0,0,3091,154,2114,2160,0,2078,4046,0,1239,14882,6925,0,0,8348,0,2,0,333,0,5,745,15099139,6869649,0,8229490,37510,10226911,-1959911,1631368,50018,0,0,-378561,7047386,1603509,6448244,1784497,175236,5710736,92246,0,94452,805846,0,334647,8997660,1211996,105620,690708,717896,0,697561,1956887,0,720811,6101479,1027630,93543,3402864,407473,-48442,0,396916,812894,776771,0,0,0,0,0,0,0,0,1819918,173785,2831632,341270,0,335303,1767063,0,960519,0,0,3975,21663,1407693,0,2376470,1032027,2227360,0,0,0,0,1616332,718912,782218,1473592,3298472,1286453,330318,957883,892590,1018152,618081,375740,72244,841530,535448,1309614,1389908,9716786,0,0,0,12416308,4622883,0,9499205,-1705780,12416308,277815,13789921,4821821,18914507,9197721,0,161350,10043000,10229106,729901,0,0,158,96,48,202959,4899,207858,8,0,10585,21046,11494,16644,47251,49103,37853,139,8271,573,70377,17617,33971,0,43027,28338,9629,0,70675,18753,35613,0,44679,28495,9643,0,,2003
106190766,coast plaza doctors hospital,1/1/2003,12/31/2003,365,audited,excl. ind. audit,los angeles,11,0921,investor,general,comparable,,(562)868-3751,13100 south studebaker road,norwalk,90650-2531,craig garner,ceo,robert c. perkins,coast plaza doctors hospital,0,05-0219,hsc30219h,,123,123,123,7774,799,3296,1582,0,4301,0,0,684,18436,1642,286,927,656,0,1292,0,0,201,5004,111,0,0,0,12,0,17401,0,0,0,1035,0,4921,0,0,0,83,0,41.1,41.1,3.7,3.5,0,0,0,23503,457,4174,4505,0,16445,0,0,6124,55208,42954,0,0,0,0,1,363569,632283,6059,14051,6266,220135151,143709935,0,76425216,519848,63632168,13312896,856212,1930838,0,0,12238270,26716863,14147364,179270924,44522605,5453581,19065986,8016001,0,45347636,0,0,6581338,128987147,14942584,619724,6589412,4028282,0,58926871,0,0,6041131,91148004,42617230,4593920,21359885,9955599,0,0,54047158,0,2498952,0,0,0,8637191,0,0,0,0,15928154,1479385,4295513,2088684,0,48909925,0,0,3723555,0,-4654250,0,430659,0,0,7594643,2968519,16828423,0,0,0,176520,5896619,4629582,18056125,7481737,18425476,4336196,0,3275560,10591230,10745205,1853176,569941,1194212,4614315,8026857,50865767,0,16258958,0,0,0,67124725,10030778,0,17289187,39804760,67124725,24029936,7432251,20829523,29130774,12871816,13750275,4734272,0,18484547,1195360,0,0,559,473,304,906878,88382,995260,57,2,122580,130960,184221,45721,75188,238236,73675,24543,11754,0,240616,74824,175025,1969,150299,111694,152451,0,260222,78118,214538,2109,156840,120785,162648,0,,2003
106301258,coastal communities hospital,6/1/2002,5/31/2003,365,audited,excl. ind. audit,orange,13,1015,investor,general,comparable,,(714)754-5454,2701 south bristol street,santa ana,92704-6201,jack chubb,ceo,trina k. thorson,tenet healthcare corporation,0,05-5356,hsc30535h,hsp30535p,178,178,178,12932,675,7634,16452,983,16,1734,250,276,40952,1327,129,2134,817,249,4,553,65,110,5388,109,23,0,0,46,0,19058,6624,0,0,15270,0,4895,442,0,0,51,0,63,63,7.6,4.8,21,5736,2446,3238,427,4366,7604,1737,231,7917,233,4088,29841,18866,0,0,11030,0,5,161996,112941,1820,1515,1875,270111445,216990094,2515902,55637253,187537,46927895,8896895,588026,482304,0,0,9002617,43817569,7547290,218746586,64523317,5034215,41513754,80573658,7759391,129458,14197148,1952314,2336661,218019916,9271650,706471,8088591,9439333,2270507,301204,17728460,282192,4003121,52091529,61328885,4931313,41931532,77665626,-6998887,9489220,367974,19387314,4925409,0,3071743,0,889965,0,2515902,0,0,12466082,809373,13970135,14725595,540678,62688,12538294,0,524408,0,65648,0,0,0,0,14559513,1851707,13389506,0,0,0,0,6868004,2564484,5578866,2115815,19418166,6224147,1045307,2703852,6344493,7074506,710360,320615,1681015,0,1405434,18309595,0,14310013,123621,14699346,691083,48133658,44597071,0,0,3536587,48133658,0,7052199,4597210,16782526,2472513,0,0,0,0,0,0,39432373,539,426,236,828524,91629,920153,319,0,55126,128147,223020,86846,126022,131279,38191,4781,35112,0,402206,35494,181577,0,90889,52224,66134,0,444040,41990,203846,0,98010,59461,72806,0,,2003
106301258,coastal communities hospital,6/1/2003,12/31/2003,214,audited,excl. ind. audit,orange,13,1015,investor,general,comparable,,(714)754-5454,2701 south bristol street,santa ana,92704-6201,jack chubb,ceo,trina k. thorson,tenet healthcare corporation,0,05-5356,hsc30535h,hsp30535p,178,178,178,8210,250,4663,10406,321,12,714,281,560,25417,863,66,1437,613,54,2,219,74,148,3476,109,23,0,0,46,0,12383,4193,0,0,8841,0,3140,300,0,0,36,0,66.7,66.7,7.3,4.8,21,3923,1619,2130,288,3545,5838,607,95,3633,131,2958,19225,12233,0,0,6915,0,5,110779,64864,1263,951,1332,178546431,153479524,4118605,29185512,111929,32239951,-2942510,519205,529517,0,0,-2952822,28558166,4364434,145623831,45295856,2094226,33974842,50327966,6822787,102906,6706133,2223505,3128133,150676354,5772587,536113,5769494,6177181,1242942,111387,5791071,133654,2335648,27870077,42042656,2318092,34809223,54583512,-3458628,7708216,188855,7246558,4482665,0,2995088,0,563287,0,4118605,0,0,9025787,312247,7755812,6040240,357513,25438,5250646,0,417829,0,-809301,0,0,0,0,9433427,1278119,8896091,0,0,0,0,4570477,2055600,4151167,1855070,12693525,4715625,579667,1941258,4107608,5141918,452182,123773,1542575,0,941820,14420707,0,10088103,176352,19097703,645036,44427901,44653437,0,0,-225536,44427901,0,4212205,5377259,12712581,2624478,0,0,0,0,0,0,37383929,564,430,283,491878,53663,545541,258,0,35512,75962,132246,50717,73683,77072,22277,3246,21107,56,233589,34441,101744,0,53015,30456,38633,0,257992,38444,114733,0,57170,34677,42525,0,,2003
106190184,college hospital,1/1/2003,12/31/2003,365,audited,excl. ind. audit,los angeles,11,0921,investor,psychiatric,comparable,,(562)924-9581,10802 college place,cerritos,90701-1505,stephen witt,ceo,barry f. helfand,cerritos townhouse investment co.,0,05-4055,,hsm34055g,125,125,125,10988,0,10090,0,0,0,20085,630,470,42263,911,0,1183,0,0,0,3733,426,82,6335,0,125,0,0,0,0,0,42263,0,0,0,0,0,6335,0,0,0,0,92.59999999999999,92.59999999999999,6.7,6.7,0,0,0,20985,0,3183,816,0,0,760,0,937,26681,0,0,0,0,0,0,0,0,0,0,0,80692036,53241800,0,27450236,151427,26337977,1263686,0,0,24972,0,1238714,63761247,9896579,7034210,18404784,0,16865454,0,0,0,33502505,1113122,772242,70658107,7872497,0,1211606,310869,0,0,288524,0,350433,10033929,15892006,0,10955219,628,-126348,0,0,23499992,1102335,0,1917968,0,0,0,0,0,0,10385275,0,6443343,310241,0,0,10291037,0,20340,0,0,0,0,0,0,8486926,3242208,1057752,0,0,6002,0,3046121,1450975,6456643,2591350,11020540,3679876,731400,2207799,408982,4697748,333191,1846779,349172,319080,743410,4547664,0,1349814,72812,3609177,0,9579467,10075405,0,124889,-620827,9579467,310889,0,3021727,5018975,3669161,0,0,0,231874,106985,3609177,2557000,369,287,234,547772,52270,600042,43,0,27022,168730,87147,40378,158311,41179,0,22206,2799,0,312893,98153,0,287,16174,56056,64209,0,344901,104725,0,287,17521,61999,70609,0,,2003
106301155,college hospital costa mesa,12/31/2002,12/31/2003,366,audited,incl. ind. audit,orange,13,1016,investor,general,comparable,,(949)642-2734,301 victoria st,costa mesa,92627-1995,wayne m. lingenfelter ed. d.,ceo,dale bracy,chcm  inc.,0,05-0543,,hsp30543k,122,118,83,5283,20,14601,14,362,533,8114,252,1170,30349,787,2,2079,1,60,110,1731,112,348,5230,38,81,3,0,0,0,2233,26268,1848,0,0,0,524,4173,533,0,0,0,68,70.3,5.8,5.8,0,0,0,20491,21,556,0,0,217,2105,0,5354,28744,0,0,0,0,0,3,1515,19524,38,215,228,73480162,45187085,0,28293077,569583,31181982,-2319322,0,0,0,0,-2319322,46279496,9256209,17944457,9280540,32398,30018717,17755,593564,893686,13349621,420967,1745955,56353203,7479945,6900,517415,0,0,3658408,1954323,0,3509968,17126959,7196952,22085,21511898,11657,-2474147,439199,723890,10813268,918502,0,1862387,0,4161394,0,0,0,0,9563533,17213,10056961,6098,154365,3828204,4490676,0,176027,0,0,0,0,0,0,7945057,3001096,5366676,0,0,0,0,4018010,1630831,7638343,1581969,13118861,3604020,1544331,3395795,1476924,3945933,437864,1790807,239851,153311,1474285,10496243,0,1368349,28013,33354,0,11925959,11643684,0,5375527,-5093252,11925959,3553832,0,4651376,10154437,8786088,0,174068,0,5471951,96424,173487,26737,422,309,160,607279,47318,654597,51,0,46384,168946,108789,52451,104395,106147,9828,0,2288,8051,251799,89205,69705,0,65795,52984,77791,0,268527,95583,75254,0,72560,56945,85728,0,,2003
106361458,colorado river medical center,1/1/2003,12/31/2003,365,audited,excl. ind. audit,san bernardino,12,1215,investor,general,comparable,small/rural,(760)326-2113,1401 bailey avenue,needles,92363-3103,robert luther,ceo,stephen t. mcgovern,province healthcare,0,05-0469,,hsp30469k,49,49,49,5244,0,915,0,0,151,2544,34,215,9103,1185,0,297,0,0,47,759,10,60,2358,39,0,0,10,0,0,7210,0,0,1893,0,0,2192,0,0,166,0,0,50.9,50.9,3.9,3.9,4,244,140,10552,0,3281,0,0,1245,9644,207,2890,27819,11178,0,0,17580,0,2,67056,102748,406,726,2904,65934973,41881912,0,24053061,69128,19877467,4244722,238645,0,0,0,4483367,10427577,6111960,49395436,20677417,0,4087142,0,0,673504,12127997,231115,956938,38754113,8679088,0,2538779,0,0,1063358,11844503,98548,2956584,27180860,19422952,0,4583681,0,0,0,1039120,14630032,1695868,0,87271,0,422988,0,0,0,0,9933553,0,2042240,0,0,598309,7970082,242392,3266485,0,0,0,5052,0,0,3831169,864246,6976040,0,0,0,0,2775593,1181146,3631064,618209,8803924,2232933,313422,330560,2771416,1582044,1075033,261613,155700,112686,2238136,4835317,0,12558325,1172221,2802668,730193,22098724,2328167,0,1864685,17905872,22098724,0,0,8039961,18173461,5615136,0,2105963,0,2105963,241278,2068266,0,215,178,96,330142,44981,375123,56,0,44054,62879,62082,18223,44565,63783,29300,0,2339,2917,93056,17605,90583,0,51148,42156,35594,0,105561,19739,102911,0,58535,47411,40966,0,,2003
106060870,colusa regional medical center,4/1/2002,3/31/2003,365,audited,incl. ind. audit,colusa,01,0225,non-profit,general,comparable,small/rural,(530)458-5821,199 east webster street,colusa,95932-2954,dale kirby,ceo,rodney a. phillips cpa,colusa regional medical center,4,05-0434,,hsp30434g,48,48,48,2841,0,535,0,42,448,0,0,312,4178,492,0,226,0,25,139,0,0,49,931,42,0,0,0,6,0,2670,0,0,0,1508,0,818,0,0,0,113,0,23.8,23.8,4.5,3.3,4,308,169,11304,0,4812,0,560,7444,0,0,1567,25687,6811,9002,5771,4225,0,2,10166,21733,201,687,686,23804899,12152695,0,11652204,156980,11704250,104934,249043,47652,0,0,306325,3832785,4490377,15481737,6272500,0,1947430,0,112496,1255967,0,0,768464,10356857,4878440,0,2916213,0,324899,4311103,0,0,1017387,13448042,5422463,0,2983490,0,0,317517,2508826,0,767269,0,0,0,153130,0,0,0,0,5728477,0,1880153,0,119878,2905114,0,0,1018582,0,0,4025,11171,0,0,1980750,2320143,3214678,0,0,0,0,1754690,609708,1264987,559294,3740687,1617882,1013513,1526731,1286760,1422503,294484,101484,86731,122874,490601,3285371,0,1436136,20410,447690,0,5189607,1381296,0,2204435,1603876,5189607,653891,468249,842711,1700762,264626,1943061,0,0,2308285,103850,0,0,150,110,50,228337,29695,258032,12,0,33773,26170,34379,6926,20057,56914,16626,4870,20270,8352,50267,51707,44365,0,28526,23421,30051,0,60203,57297,48930,0,31390,26269,33943,0,,2003
106190197,community & mission hosps-htg park,6/1/2002,5/31/2003,365,audited,excl. ind. audit,los angeles,11,0923,investor,general,comparable,,(323)583-1931,2623 east slauson avenue,huntington park,90255-2926,barbara schneider,ceo,trina k. thorson,tenet healthcare corporation,0,05-0091,hsc30091g,hsp40091g,145,145,145,3763,188,10464,6044,0,124,906,106,160,21755,698,64,3036,2027,0,42,320,37,56,6280,145,0,0,0,0,0,21755,0,0,0,0,0,6280,0,0,0,0,0,41.1,41.1,3.5,3.5,33,4743,1907,2720,165,11556,21042,0,1537,6290,1936,1398,46644,9876,1255,0,35640,0,5,208680,161184,1946,1679,1593,216008565,179444650,3693773,40257688,42410,40459411,-159313,191343,261790,0,0,-229760,21032017,5240733,189735815,36232799,1754269,74051846,29317986,0,1304074,8219951,1093297,1764709,153738931,11966733,426374,20861007,17499020,0,1224283,7698562,1465276,1128379,62269634,43313497,1958322,78346780,42585722,-8883926,0,2270309,8398305,2307539,0,8887886,0,260216,0,3608690,0,85083,4886035,222321,19359163,7601497,0,258048,7605291,0,325333,0,2297030,0,0,0,0,7157068,2726615,10479560,0,0,0,0,6760890,4229305,7580744,1525229,14961161,4062650,2768567,582851,2847257,11045285,932753,532784,846686,146797,1732620,40068029,0,12589549,0,800629,1660066,55118273,4751318,0,1108447,49258508,55118273,1080,16331447,9173881,26409715,13820166,0,1123531,0,1123531,15084,18121286,0,372,305,168,584842,58262,643104,249,0,60405,90201,173426,37519,25058,154125,27014,7563,8750,781,167497,39512,174479,0,53257,69402,80695,0,187768,42682,192322,0,57375,75340,87617,0,,2003
106190197,community & mission hosps-htg park,6/1/2003,12/31/2003,214,audited,excl. ind. audit,los angeles,11,0923,investor,general,comparable,,(323)583-1931,2623 east slauson avenue,huntington park,90255-2926,barbara schneider,ceo,trina k. thorson,tenet healthcare corporation,0,05-0091,hsc30091g,hsp40091g,157,157,157,2384,63,6034,3418,0,104,1644,89,90,13826,410,20,1710,1141,0,34,548,28,28,3919,157,0,0,0,0,0,13826,0,0,0,0,0,3919,0,0,0,0,0,41.2,41.2,3.5,3.5,33,2971,1182,5338,125,8632,10094,0,550,2570,1424,2633,31366,7543,0,0,23947,0,5,132900,108180,1224,1149,1013,138902400,120236794,881249,19546855,34031,25704243,-6123357,86491,59558,0,0,-6096424,13124675,3742850,122034875,23252432,757274,38246831,16946220,0,1141524,15169503,975442,1021519,97510745,8088534,177621,13378538,11653038,0,652402,3524158,1807237,2110127,41391655,28819194,817815,42573868,25960748,-5529613,0,1567112,17434423,2655328,0,5719084,0,218835,0,881249,0,0,2521772,117080,11773896,3390572,0,226814,1259238,0,257483,0,-750726,0,0,0,0,4498354,1835109,6746717,0,0,0,0,4239609,2231272,4834343,1318839,9214309,2793994,1618800,1505942,1773512,5991220,545734,358182,647687,82428,1172435,33583188,0,12483844,357139,788417,1580243,48792831,5282608,0,1098865,42411358,48792831,94935,16566241,8769229,26243688,13759844,0,1113830,0,1115079,16214,18975685,0,374,304,252,351190,33985,385175,249,0,36349,52614,101159,21883,14615,89900,15757,4410,12581,1922,102681,24317,104108,0,31047,40482,48555,0,114504,26166,114516,0,33449,43946,52594,0,,2003
106190196,community hospital of gardena,1/1/2003,12/31/2003,365,audited,excl. ind. audit,los angeles,11,0929,investor,general,comparable,,(310)323-5330,1246 west 155th street,gardena,90247-4011,ray smith,ceo,carlos jimenez,gardena physicians hospital  inc.,0,05-0456,,,58,49,31,5479,194,195,61,0,283,87,0,94,6393,817,48,179,59,0,179,58,0,83,1423,38,0,0,0,20,0,2793,0,0,0,3600,0,1150,0,0,0,273,0,30.2,35.7,4.5,2.4,0,0,0,6359,1002,854,575,0,2004,518,0,1084,12396,6741,155,1627,3916,0,3,31177,57478,162,561,1753,28650440,17928590,0,10721850,183812,13218892,-2313230,0,0,0,0,-2313230,3827520,2865136,21957784,12249794,760479,713282,302215,0,1078611,379237,0,336349,15819967,6582224,860518,742823,459694,0,2718576,434154,0,1032484,12830473,11937321,1027523,727090,380331,0,0,1495696,320430,1226081,0,0,0,814118,0,0,0,0,6088791,524104,666682,348973,0,2139012,458152,0,496136,0,0,0,0,0,0,2203026,2191999,3583468,0,0,0,344560,1565090,647828,1424272,1258649,5647105,808451,692621,1630238,1672485,824840,210057,355157,352853,353851,671234,3205281,0,3794852,19260,0,68150,7087543,3812900,0,4166071,-891428,7087543,420869,1081399,2315310,5396709,1601857,1026294,222686,0,4372371,206300,0,0,212,122,0,262861,13231,276092,98,2,32012,45754,39934,11886,18540,62318,24581,5960,18511,3365,70329,39431,55262,5960,46348,20560,24971,0,73701,40873,58038,5960,49515,21961,26044,0,,2003
106190475,community hospital of long beach,10/1/2002,9/30/2003,365,audited,incl. ind. audit,los angeles,11,0933,non-profit,general,comparable,,(562)498-1000,1720 termino ave,long beach,90804,ray jankowski,president/ceo,robert schirripa,community hospital of long beach,0,05-0727,,hsp30004f,256,147,71,9154,1225,624,70,0,606,1219,0,901,13799,1083,199,229,24,0,207,463,0,335,2540,201,28,0,0,27,0,7082,6717,0,0,0,0,1733,807,0,0,0,0,14.8,25.7,5.4,5.4,0,0,0,1531,1045,411,686,0,1898,5327,0,3485,14383,17330,0,0,94,0,12,64570,73725,211,425,3725,79018876,54231426,0,24787450,300583,27296648,-2208615,1547873,337386,0,0,-998128,22269106,12281229,44468541,32970107,4884175,3317130,294120,0,1718938,4405417,0,4577727,52167614,4869299,1974191,1906609,2171450,0,3325093,6291581,0,6313039,26851262,26022954,2925188,5094172,2321485,0,0,1627896,3308271,9697169,0,0,0,3234291,0,0,0,0,11619079,3933178,129567,144085,0,1906874,6879497,0,175170,0,0,1008765,0,0,0,6509446,2230612,7479946,0,0,0,0,4757657,1364997,3843683,1110307,12518671,2020312,967181,3218579,3482924,2158548,405670,417602,238871,326586,1541704,7555437,0,1852086,719233,0,0,10126756,4411095,0,3753421,1962240,10126756,459729,0,1979275,2659714,807628,0,664032,0,3753421,0,0,0,367,248,87,513883,34133,548016,288,0,61095,113113,82298,31419,43560,77715,43204,28826,31537,1116,163143,48070,90527,0,116914,44375,50854,0,172486,50672,97594,0,124185,47799,55280,0,,2003
106430743,community hospital of los gatos,6/1/2002,5/31/2003,365,audited,excl. ind. audit,santa clara,07,0431,investor,general,comparable,,(408)378-6131,815 pollard road,los gatos,95030,daniel p. doore,ceo,sandy buranathawon,tenet healthcare corporation,0,05-0188,hsc30188g,hsp30188g,143,143,143,15023,1204,671,231,7,697,12538,28,339,30738,2226,253,166,56,2,176,3079,7,86,6051,113,0,0,30,0,0,26328,0,0,4410,0,0,5651,0,0,400,0,0,58.9,58.9,5.1,5.1,6,2238,939,39888,8044,2330,2431,4,8142,115554,0,7279,183672,13713,104915,10631,53471,0,8,466260,272160,2430,3587,8758,588104976,473428689,0,114676287,427593,97280973,17822907,481598,1272067,0,0,17032438,84610034,59654875,443840067,172527125,22979581,6152252,3504130,108314,11142341,182998457,1145189,5423352,405980741,49260743,7310503,2183418,2210116,3616,8441275,105168023,0,7546541,182124235,188930836,25746571,6321762,4428373,0,40296,15259647,224466555,4861823,0,1400685,0,1972141,0,0,0,0,32857032,4543513,1758581,1285704,71634,4323969,63699925,0,6135929,0,-1526863,0,0,0,0,16807417,6678736,42118279,0,0,0,0,11093496,5617795,9113701,5851549,35180807,10496818,1301047,5634853,22556388,10307093,3013600,5083001,838269,19419,2849678,24018581,0,30710471,4439207,47099111,286651,106554021,16236283,0,0,90317738,106554021,0,26120734,30949957,60648490,29938019,0,0,0,0,0,46965198,0,900,612,295,1203363,153031,1356394,399,0,111329,283786,265750,7485,153355,231220,60775,6692,78349,4622,353981,134410,381095,0,153879,75431,104567,0,400070,147047,443148,0,168591,81196,116342,0,,2003
106430743,community hospital of los gatos,6/1/2003,12/31/2003,214,audited,excl. ind. audit,santa clara,07,0431,investor,general,comparable,,(408)378-6131,815 pollard road,los gatos,95030,daniel p. doore,ceo,sandy buranathawon,tenet healthcare corporation,0,05-0188,hsc30188g,hsp30188g,143,143,143,8893,819,509,81,0,423,6760,28,259,17772,1280,208,76,22,0,107,1838,7,65,3603,113,0,0,30,0,0,14806,0,0,2966,0,0,3321,0,0,282,0,0,58.1,58.1,4.9,4.9,6,1425,650,24476,2984,910,1796,0,4791,66749,0,4241,105947,7457,62129,7065,29182,0,8,262800,137820,1483,1822,3286,330727563,265898769,0,64828794,1270244,60512619,5586419,310625,615764,0,0,5281280,49398855,33317661,248011047,98685649,11981799,4474074,1229968,0,6650872,103737764,443800,4071260,231275186,29026435,2547782,984105,1533610,0,4456480,56963084,0,3940881,99452377,106843684,12204848,3908613,2068590,0,0,8724632,125611471,5057412,0,616557,0,862962,0,0,0,0,20868400,2324733,1380903,690894,0,2382720,35089377,0,2091767,0,-1823820,0,0,0,0,10140427,3871051,23957215,0,0,0,0,7255907,3928398,6879960,4479661,21885799,6815241,556851,2558097,13007796,7698044,1939910,2945941,862152,0,2242788,31870245,0,33392213,1491002,43908458,287869,110949787,17174589,0,0,93775198,110949787,828,29639536,32058457,65322361,31930148,0,0,0,0,0,43366973,0,919,644,321,727664,94646,822310,419,0,65927,180540,164894,4939,88532,144839,37903,3454,34786,1850,215635,79433,231136,0,95057,45778,60625,0,244501,88072,269148,0,103814,49290,67485,0,,2003
106270744,community hospital of monterey peninsula,1/1/2003,12/31/2003,365,audited,incl. ind. audit,monterey,08,0707,non-profit,general,comparable,,(831)624-5311,23625 w. r. holman highway,monterey,93940,steven packer m.d.,president/ceo,tess alcantara,community hospital foundation,0,05-0145,,zzr00145f,173,173,173,28587,112,1328,3016,29,17841,903,86,1475,53377,6687,27,317,703,7,4561,226,8,313,12849,159,14,0,0,0,0,49513,3864,0,0,0,0,12116,733,0,0,0,0,84.5,84.5,4.2,4.2,24,2126,1052,131435,446,7882,30163,21,152378,2173,1275,22962,348735,51779,12211,27014,243257,0,12,560040,341475,4795,4892,16172,459480087,216097970,0,243382117,6879403,244366916,5894604,1768110,332113,0,0,7330601,100244120,29286753,329949214,169695049,693626,6947934,17054650,99247,117439686,5526995,579790,8927448,326964425,52288622,138054,1816546,8020485,5798,62632174,708173,675871,6229939,132515662,151887381,590107,4464010,16725717,0,61159,15734094,705877,14005470,0,7880772,0,4043383,0,0,0,0,68142849,234254,4225683,8126419,43071,156521624,5474422,0,613795,0,0,0,1571425,0,0,45174913,19695384,77295343,0,0,0,0,56091913,9948682,26478090,9682591,89146610,60044198,1593713,9128593,31697258,12858150,17714608,6226944,1900946,77168,13978728,72074907,75640764,146743478,61181405,7976700,6974756,370592010,42596817,116901687,119620704,91472802,370592010,1154389,159691458,131678794,302357890,155614412,0,10481457,112522496,123003953,3383249,11546710,11967734,2292,1575,551,2890318,485945,3376263,321,0,87372,610336,693489,73964,208453,541247,271248,303426,5713,95070,668856,288985,785979,0,680027,175988,290483,0,810506,339425,918329,0,774755,202562,330686,0,,2003
106361323,community hospital of san bernardino,7/1/2002,6/30/2003,365,audited,incl. ind. audit,san bernardino,12,1209,non-profit,general,comparable,,(909)887-6333,1805 medical center drive,san bernardino,92411-1217,bruce g. satzger,president,scott curtis,community hospital of san bernardino,0,05-0089,hsc30089f,zzt30089f,321,303,292,19387,2405,42152,7872,0,878,2849,1024,466,77033,2170,462,5108,2556,0,232,633,235,91,11487,196,37,0,0,88,0,43435,9322,0,0,24276,0,10009,1383,0,0,95,0,65.7,69.7,6.7,4.6,36,3971,2137,20573,640,24539,19137,0,7086,5646,221,10512,88354,38556,2429,14295,19595,1198,8,204829,184721,2636,2829,5715,452631547,352817027,7395875,107210395,2026022,113731826,-4495409,720981,266453,0,0,-4040881,109285579,24576294,318769674,107401462,18200755,184907530,36188649,0,5699800,19656512,4990592,3175517,380220817,12099081,1578663,15920347,20941621,0,5908627,7062124,260782,8639485,72410730,93463651,5869940,158033160,52366954,-12176390,0,7113467,24321392,10324630,0,12476538,-44258,1067943,0,7395875,0,0,26036892,13909478,47918228,11986906,0,4494960,2397244,44258,422429,0,-1083710,17932,42159,0,0,32249975,7062221,26071919,1881096,0,0,0,19369170,3771843,16078018,7247584,41387935,22634401,1515623,6712459,12653644,14512979,5733450,855295,1968449,2298413,3459178,42934942,8614273,41158140,223908,33250,0,92964513,17530362,0,24816421,50617730,92964513,13661569,70412935,42515303,113665579,72507439,0,0,26990553,31802486,6986065,880659,0,1147,980,753,2098121,233730,2331851,237,0,153238,326908,395124,91454,258477,309495,193922,76275,293228,0,929500,162641,321429,0,366272,105633,212646,0,1012255,185659,370567,0,407850,118549,236971,0,,2003
106100005,community medical center - clovis,9/1/2002,8/31/2003,365,audited,incl. ind. audit,fresno,09,0605,non-profit,general,comparable,,(559)324-4000,2755 herndon avenue,clovis,93612,j. philip hinton m.d.,ceo,cheryl higgins,community medical centers,0,05-0492,hsc00492f,zzr00492f,110,110,110,8272,2017,1692,1032,53,247,13405,514,0,27232,1341,327,576,412,17,108,5960,251,0,8992,110,0,0,0,0,0,27232,0,0,0,0,0,8992,0,0,0,0,0,67.8,67.8,3,3,0,0,0,36833,9399,7997,5182,360,1616,59228,0,3387,124002,31695,7371,0,88265,3549,10,385680,343260,3269,4713,8323,196801543,118987932,5421730,83235341,612603,80182952,3664992,405897,4802,0,0,4066087,32206298,15399784,149195461,36154636,9663968,7071389,4085659,216524,982786,65339336,1664162,0,125178460,12738560,3438898,3602511,3842353,263247,1540220,44248220,0,1949074,71623083,27743109,5122593,3994480,2966889,0,167413,1676621,73224545,3148318,0,920708,-33115,56371,638329,467131,0,4316270,19413851,8497955,6517657,5322216,345473,661143,39106316,1632147,1738583,0,0,0,394834,0,0,15195901,5608162,32628516,1490019,0,0,0,7029138,883916,10943881,6403419,30542811,6451312,1527359,254393,18319321,12430137,4915547,529044,907598,2958315,1347115,34080758,11096065,42585432,2424580,998729,0,91185564,56162078,0,58397114,-23373628,91185564,4300,29316528,46703986,82237167,39651735,0,0,59615179,59615179,1218065,21700910,46829596,0,646,293,1150138,197872,1348010,949,0,45047,176699,309372,24479,116488,172868,121078,180306,3644,157,334951,114735,387648,0,222828,46451,43525,0,403173,132810,458775,0,249520,54158,49574,0,,2003
106100717,community medical center - fresno,9/1/2002,8/31/2003,365,audited,incl. ind. audit,fresno,09,0605,non-profit,general,comparable,,(559)459-6000,fresno and r streets,fresno,93715, j. phillip hinton,ceo,lee lenox,community medical centers,1,05-0060,hsc00060f,zzr00060f,755,755,755,48439,4257,59545,16228,7745,7957,19271,2436,4239,170117,6582,570,9380,4377,1746,1855,4921,732,1276,31439,627,32,0,33,63,0,131731,14725,0,6662,16999,0,28626,2063,0,626,124,0,61.7,61.7,5.4,4.9,70,18361,7490,139724,10834,164955,45123,22500,24810,55081,7276,12657,482960,103357,169445,41450,126903,3549,11,963780,574080,6919,6389,13345,1016112338,642754254,12015647,385373731,16049655,413746340,-12322954,12364965,151787,0,0,-109776,179475603,99634855,737001880,209106764,22264718,223531513,65204461,34164782,38789837,103592644,5554210,9062132,711271061,86445235,6191095,58667551,39852609,26866186,15023108,54569412,6029199,11196882,304841277,201022604,19354502,205379117,76458540,-37491010,44524376,23336913,76814385,20926116,0,14182975,-2249783,495519,1400122,4101422,0,6514103,86662934,9896686,101897964,28556098,18756375,27833345,81480213,11019948,19270168,0,0,0,11412159,0,0,81875992,34660719,148047558,3821136,0,0,19077805,40414624,4786624,64792126,16269756,172309132,39138478,23228933,11430644,70173343,63835119,10313541,7748027,4397612,2640361,8531150,234624355,106727052,81557627,150661170,8631685,62572292,644774181,69445817,0,194739921,380588443,644774181,4993498,62831277,100009922,174407111,92849484,0,0,197698664,197698664,2958743,122934897,0,0,3751,1300,6955344,1023793,7979137,949,130,245819,1349424,1331545,286229,856149,1317808,597714,794632,31058,144966,1998744,818396,1960350,353403,1182321,241310,400820,0,2312740,943618,2272875,388356,1319258,274578,467712,0,,2003
106560473,community mem hosp - san buenaventura,1/1/2003,12/31/2003,365,audited,incl. ind. audit,ventura,10,0809,non-profit,general,comparable,,(805)652-5011,147 n brent street,ventura,93003-2854,gary k. wilde,president/ceo,virginia lapid,community memorial hospital,0,05-0394,hsc30394f,,220,220,220,15190,3527,6130,0,0,2064,30931,172,695,58709,3954,914,1303,0,0,621,7098,39,158,14087,220,0,0,0,0,0,58709,0,0,0,0,0,14087,0,0,0,0,0,73.09999999999999,73.09999999999999,4.2,4.2,20,6343,3038,10739,1502,187409,0,0,3329,18134,5107,20592,246812,33736,119387,0,87071,0,7,801061,481165,4225,6618,13858,682047032,527024267,0,155022765,2371929,154444513,2950181,3125836,2750575,0,0,3325442,72416846,34302539,575327647,144484056,37368048,29699205,0,0,21159377,233323734,1812543,7309471,475156434,54789167,7988230,24900630,0,0,14675316,97063692,1485280,5988283,206890598,131756772,29986882,40213366,0,0,0,27419755,283382387,8848711,0,3297823,-294479,2413050,0,0,0,0,67516451,15369396,14386469,0,0,8414938,45918359,0,3417152,0,-254674,0,2825910,0,0,26791088,12411927,67992004,0,0,0,0,17650009,3673904,14796054,11129527,55561370,25259015,0,4418860,37737544,8403473,7961698,4974580,3430277,402675,6295021,85593604,0,63172212,5439595,3752887,0,157958298,28820326,0,3327194,125810778,157958298,4803822,76804405,74558396,153994624,90822412,0,1376914,0,3921641,594447,216509,0,1450,1300,575,2366043,368513,2734556,295,0,178559,458405,565028,74170,203839,522263,178628,155349,26105,3697,635091,316795,713019,0,413500,133733,153905,0,749927,358966,833483,0,468007,149172,175001,0,,2003
106374094,continental rehab hosp for san diego,1/1/2003,12/31/2003,365,audited,excl. ind. audit,san diego,14,1418,investor,specialty,comparable,,(619)260-8300,555 washington street,san diego,92103-2289,greg davis,ceo,leslie pagett,sun healthcare group inc.,0,05-2044,,hsp33035f,110,110,110,15162,0,0,0,0,1992,0,0,0,17154,646,0,0,0,0,50,0,0,0,696,0,0,0,110,0,0,0,0,0,17154,0,0,0,0,0,696,0,0,42.7,42.7,24.6,24.6,0,0,0,13153,0,0,0,0,8977,0,0,0,22130,0,22130,0,0,0,0,0,0,0,0,0,34325846,16804161,0,17521685,43533,18460323,-895105,89464,0,0,0,-805641,15255621,1626132,17444093,28587567,0,0,0,0,4112147,0,0,0,32699714,966469,0,0,0,0,659663,0,0,0,1626132,14481125,0,0,0,0,0,2358741,0,-35705,0,0,0,0,0,0,0,0,15072911,0,0,0,0,2448774,0,0,0,0,269163,0,0,0,0,4670297,739275,4114080,0,0,0,0,3201452,590397,2270620,2874202,5957074,1615519,232000,3637544,1161937,1577189,14430,2682732,209028,0,1372870,3471952,0,260603,0,0,0,3732555,4870326,0,0,-1137771,3732555,7105,0,227692,354100,93497,0,0,0,0,0,0,2762246,200,161,97,420258,13712,433970,0,0,50996,36204,45578,21728,80645,34592,51670,0,25874,72971,173769,18303,77798,0,72057,27479,50852,0,179801,18461,78105,0,75917,28347,53339,0,,2003
106070924,contra costa regional medical ctr,7/1/2002,6/30/2003,365,audited,excl. ind. audit,contra costa,05,0411,city/county,general,comparable,,(925)370-4222,2500 alhambra avenue,martinez,94553-3156,william walker  m.d.,health services director,cristina fernandez,county of contra costa ,0,05-0276,hsc00276f,zzr00276f,164,164,124,10503,1360,18798,3637,7615,1654,1558,0,167,45292,1322,258,3490,1081,1842,429,490,0,37,8949,113,51,0,0,0,0,30424,14868,0,0,0,0,7640,1309,0,0,0,0,75.7,75.7,5.1,5.1,12,3389,1841,43747,12338,97661,71878,101062,19706,40588,0,4088,391068,72282,310993,0,9557,0,4,268170,196260,2106,2370,5203,329172457,140722670,0,188449787,8310197,236682722,-39922738,76963756,4724352,0,0,32316666,80217474,64431805,184523178,32068450,5273115,60924339,15615185,29215253,6929217,7444784,0,622819,158093162,23397726,5562225,41636850,24931624,47730306,9577653,16661355,0,1581556,171079295,31032855,4346039,8225541,29499019,-32286889,76945559,9945782,13740199,266867,0,0,-992302,0,0,0,0,0,24433321,6489301,126622537,11047790,992302,6561088,10365940,0,1937508,31682859,0,1865,316659,0,76645232,41052028,55505636,48227181,0,0,0,2472283,42531396,14866583,17478725,14548890,113558114,39547521,10606438,5741272,25970587,14224108,6837917,3038615,0,9724850,7433300,93533611,0,109234264,39872412,27319707,1719052,271679046,60046598,32238164,157142656,22251628,271679046,50041333,126804291,28641412,155871825,46637561,0,1612656,160030000,161642656,4500000,3545170,24331762,2041,1727,531,3081800,555885,3637685,397,27,251256,498761,637046,170102,113342,743921,293732,327802,45838,0,552772,749206,445495,56838,628160,354267,295062,0,649135,877482,522072,62536,751406,424125,350929,0,,2003
106160702,corcoran district hospital,7/1/2002,6/30/2003,365,audited,excl. ind. audit,kings,09,0615,district,general,comparable,small/rural,(530)992-5051,1310 hanna ave,corcoran,93212,evan rayner,administrator,myra d. mcgill,corcoran hospital district,0,05-0349,,zzt30349f,32,32,32,3383,0,424,0,47,324,0,0,82,4260,323,0,147,0,21,121,0,0,38,650,24,0,0,0,8,0,1796,0,0,0,2464,0,586,0,0,0,64,0,36.5,36.5,6.6,3.1,0,0,0,2946,0,6105,0,514,1233,0,0,1048,11846,5558,1093,0,5667,0,1,492,4318,3,32,822,10571221,4442934,0,6128287,934011,5475377,1586921,0,0,0,0,1586921,1604337,953637,8013247,2676642,0,1074979,0,152004,807330,0,0,226566,4937521,979461,0,1243610,0,221722,2614837,0,0,574070,5633700,1823458,0,1121348,0,-220976,300886,45682,0,180903,0,3530,0,1188103,0,0,0,0,1832645,0,1418217,0,72840,2007479,0,0,797106,0,0,0,0,0,0,851361,478695,1481402,0,0,0,0,1019146,476087,771781,396905,2180372,666510,197500,333279,818105,452091,110195,75032,63581,157957,420755,1726576,0,954939,2823,123553,12015,2819906,1881286,0,1914166,-975546,2819906,337815,2056149,561298,2747940,1793001,0,0,1040000,1979166,65000,0,0,78,72,31,134744,17819,152563,13,0,20471,13076,13184,15513,29056,27871,8686,4738,212,1937,38598,13990,27728,0,21830,20233,12365,0,39172,14554,36170,0,25889,22952,13826,0,,2003
106331152,corona regional medical center - main,1/1/2003,12/31/2003,365,audited,excl. ind. audit,riverside,12,1111,non-profit,general,comparable,,(909)737-4343,800 south main street,corona,91720,john calderone,ceo,jeffrey n. brown,vista hospital systems inc.,0,05-0329,hsc30329h,,216,216,216,20277,3111,12770,1421,409,0,9810,0,406,48204,2554,859,1893,566,69,0,3283,0,149,9373,136,40,0,10,30,0,32195,5856,0,2184,7969,0,8640,392,0,138,203,0,61.1,61.1,5.1,3.9,12,3701,1912,190314,7811,20489,12231,706,0,82190,0,10657,324398,48839,29998,7979,81517,0,12,294586,374886,2158,3404,12427,304290520,218420821,484760,86354459,2237155,78398687,10192927,2595945,6902104,0,0,5886768,54611981,27974945,221703594,73958127,17648859,43235236,6361633,2217275,0,54094630,0,2037288,199553048,25970770,5458472,9708959,6419076,332239,0,52623373,0,4224583,104737472,72682664,16305115,39548176,9987989,0,1281948,0,66682714,8139137,0,636161,0,3156917,104211,0,0,380549,25901962,6282382,11869023,2721692,1194615,0,35918518,0,2466267,0,0,611504,347349,0,0,16610419,8278251,24397032,0,0,0,0,11067714,3773490,7848762,6423019,30852489,12052269,326783,4391542,12709314,6656503,2513626,1183807,579890,3113368,4019096,46320682,0,37089718,0,1873698,1120091,86404189,31819759,599928,74147839,-20163337,86404189,8720243,33548896,22514333,66844656,29754938,0,281864,71246738,74378891,231052,19125338,0,992,761,497,1507737,150816,1658553,263,0,127906,334068,273552,71683,190752,297956,131453,3849,74247,2271,443901,186576,328230,0,268450,129423,151157,0,489400,201080,370701,0,287627,145052,164693,0,,2003
106390846,dameron hospital,1/1/2003,12/31/2003,365,audited,incl. ind. audit,san joaquin,06,0507,non-profit,general,comparable,,(209)944-5550,525 west acacia st,stockton,95203-2405,christopher arismendi  m.d.,administrator,lorraine travis-brown,dameron hospital association,0,05-0122,hsc00122f,,188,188,188,13610,13153,4088,3762,42,564,20439,114,671,56443,2353,2777,844,1174,9,146,5938,26,150,13417,188,0,0,0,0,0,56443,0,0,0,0,0,13417,0,0,0,0,0,82.3,82.3,4.2,4.2,24,4269,2264,17862,7801,8502,14933,26,4312,49056,621,12447,115560,34915,2573,6071,77263,0,11,577165,198281,3639,2515,9356,543231154,427565575,0,115665579,1470267,113707247,3428599,5559667,2468434,0,0,6519832,150425587,28431811,364373756,113862014,102915874,25437356,20678728,225885,4462250,160700223,977787,5754278,435014395,19633254,10113973,6730821,9731735,60775,4405555,52827578,224045,4489023,108216759,110163640,89211126,29303010,24808958,0,286660,4063544,152015317,5895823,0,1201834,0,10615663,0,0,0,0,21525167,22910866,2046674,5247899,0,4676695,59221459,-2,36821,0,0,50000,2851270,0,0,30647322,5259536,45198590,0,0,0,0,16131702,3796234,8381589,4292274,43030733,19460958,0,10828135,23184898,8253823,4020755,1391768,1630259,1137404,768514,43930409,376559,23755719,3686738,63743144,450161,135942730,12723828,3656935,30547148,89014819,135942730,7623335,36486258,37628026,79030969,55275250,0,0,32012148,32012148,1465000,0,0,1210,995,420,1931736,251112,2182848,487,0,223637,244496,382762,131908,185003,310890,189615,150612,97011,15802,661106,105655,523538,0,352376,137261,138452,13348,739902,116665,593905,0,399299,159774,158111,15192,,2003
106190500,daniel freeman marina hospital,6/1/2002,5/31/2003,365,audited,excl. ind. audit,los angeles,11,0927,investor,general,comparable,,(310)823-8911,4650 lincoln blvd,marina del rey,90291,harris koenig,ceo,trina k. thorson,tenet healthcare corporation,0,05-0730,,hsp30559g,166,166,166,7737,2524,812,150,0,0,2800,505,1161,15689,1122,496,146,32,0,0,746,113,265,2920,105,40,0,0,21,0,13539,177,0,0,1973,0,2670,39,0,0,211,0,25.9,25.9,5.4,5.1,0,0,0,3519,898,986,929,0,0,8611,250,5969,21162,17540,0,0,4726,0,4,53970,71025,534,1192,0,182803968,148190290,0,34613678,1035306,49874258,-14225274,1104317,200761,0,0,-13321718,43002845,17092556,122708567,88052991,14949822,6987771,1088430,0,0,18418702,3757956,8184517,141440189,9307694,2148633,2702368,1123057,0,0,14855737,454073,10772217,41363779,72306309,17098455,9649801,2211487,0,0,0,33274439,7814594,0,4219221,0,1615984,0,0,0,0,25054376,0,33146,0,0,0,0,0,9526156,0,-3893428,0,0,0,0,13638431,3472172,14099917,0,0,0,0,7188794,2695517,7157371,1622056,21970522,4097293,1066065,7075818,5982908,6132865,324585,815262,582760,0,1826180,10823297,0,25454806,0,0,0,36278103,24395037,0,0,11883066,36278103,0,7002653,1414117,25966770,511964,0,0,0,0,0,0,17187740,260,257,128,578083,35066,613149,208,0,103891,101716,105133,12949,58749,78169,34435,4912,77403,726,215812,37574,121425,0,97865,55437,49970,0,231643,40207,128186,0,103133,56642,53338,0,,2003
106190500,daniel freeman marina hospital,6/1/2003,12/31/2003,214,audited,excl. ind. audit,los angeles,11,0927,investor,general,comparable,,(310)823-8911,4650 lincoln blvd,marina del rey,90291,harris koenig,ceo,trina k. thorson,tenet healthcare corporation,0,05-0730,,hsp30559g,166,90,90,4312,958,363,121,0,0,1497,561,274,8086,644,217,65,21,0,0,402,136,66,1551,90,40,15,0,21,0,8086,0,0,0,0,0,1551,0,0,0,0,0,22.8,42,5.2,5.2,0,0,0,1385,340,706,681,0,0,5969,181,3581,12843,11167,0,0,2327,0,4,35190,44199,340,711,0,111551993,88649780,0,22902213,684565,24504044,-917266,549150,116253,0,0,-484369,24780781,10860335,75910877,43088251,10208751,4535871,1365062,0,0,18562794,4336652,2118630,84216011,3951499,1379007,1097402,954423,0,0,12239866,374255,7339530,27335982,40164259,7543983,4868663,1531996,0,0,0,21030195,7157083,0,4724882,0,1628719,0,0,0,0,6875491,4043775,750635,479225,0,0,6873528,0,3879559,0,-747007,0,0,0,0,4314213,1785296,7392098,0,0,0,0,4461774,1900267,4198060,452336,7746426,1962053,603394,4699631,3436974,3478008,199875,785348,306247,0,1286088,12951991,0,25511669,364335,0,0,38827995,28176305,0,0,10651690,38827995,0,7002653,1669943,26222596,710927,0,0,0,0,0,0,21090462,271,425,85,554633,35059,589692,403,0,88589,100581,105121,12949,58749,78071,34435,4912,61705,9521,208212,38920,110736,0,93855,50952,51958,0,224043,41553,117490,0,99123,52157,55326,0,,2003
106190230,daniel freeman memorial hospital,6/1/2002,5/31/2003,365,audited,excl. ind. audit,los angeles,11,0929,investor,general,comparable,,(310)674-7050,333 n prairie ave.,inglewood,90301,harris koenig,ceo,trina k. thorson,tenet healthcare corporation,0,05-0729,hsc30267f,,358,339,339,30701,3598,12122,4638,0,0,13358,1724,191,66332,4161,452,2154,1304,0,0,2146,275,28,10520,264,0,0,65,29,0,52639,0,0,6999,6694,0,9588,0,0,413,519,0,50.8,53.6,6.3,6,24,2421,1329,18885,6999,23844,16329,0,0,35734,694,17540,120025,42271,48260,0,34105,0,7,215544,113352,1531,1186,8141,764186632,646555152,428382,118059862,954990,113768753,5246099,113677,36436,0,0,5323340,238307855,41374325,484504452,318027318,24096146,140778680,34279690,0,0,90522760,11706451,1308797,620719842,47702518,6476848,21788110,16075315,0,0,34762434,615418,16046147,143466790,289962449,24655662,132909289,44751749,-2388915,0,0,114061433,13374059,0,25561839,0,3667587,0,428382,0,0,75767387,5917332,19480094,5357990,0,0,11223761,0,313298,0,4581690,0,0,0,0,26880400,6862991,37287534,0,0,0,0,17928656,5531678,12634349,6643145,41040929,12405136,4227163,11674179,16818838,13379531,1772458,2140569,4039794,25421,6244735,46200123,0,34750667,0,0,7210814,88161604,56135129,0,0,32026475,88161604,0,17646148,10288655,36934803,2184136,0,0,0,0,0,0,37322707,1142,884,449,1878317,181188,2059505,399,0,162882,360190,344330,72998,166158,423799,106193,21903,219287,577,633864,126655,529711,0,280084,156659,151344,0,694038,137377,577812,0,307033,172681,170564,0,,2003
106190230,daniel freeman memorial hospital,6/1/2003,12/31/2003,214,audited,excl. ind. audit,los angeles,11,0929,investor,general,comparable,,(310)674-7050,333 n prairie ave.,inglewood,90301,harris koenig,ceo,trina k. thorson,tenet healthcare corporation,0,05-0729,hsc30267f,,358,339,339,12470,1462,8583,11436,0,0,3517,732,586,38786,1163,191,1332,2777,0,0,439,225,51,6178,264,0,0,65,29,0,30083,0,0,5006,3697,0,5618,0,0,300,260,0,50.6,53.5,6.3,5.9,24,1602,889,6987,1450,5922,8163,0,0,32319,326,5113,60280,25458,24080,0,13347,0,7,105140,54460,815,681,5836,429832668,371051606,202410,58983472,469902,72713327,-13259953,110313,34790,0,0,-13184430,136680066,20879588,272273014,152944958,17384542,98439425,23651798,0,0,35730654,7918955,15614117,351684449,20999210,3839225,13136341,11438756,0,0,25207806,325353,3201528,78148219,151222938,15544192,88780157,30516004,-542192,0,0,45901242,16577927,0,21028761,0,2022577,0,202410,0,0,22721230,5679575,11228064,4102244,0,0,15037218,0,215141,0,-2017071,0,0,0,0,16550580,4202601,23702124,0,0,0,0,11726415,4688649,8928225,2914733,25414510,8423046,2596355,8292485,9876552,10522614,999681,1672837,2356836,0,2558411,38307354,0,34693365,496091,0,7296647,80793457,63968483,0,0,16824974,80793457,0,17736923,11101919,37858608,3165243,0,0,0,0,0,0,47303587,1159,1484,451,1775938,177632,1953570,584,0,157141,350827,340931,73000,164633,417838,106193,21903,128592,14880,571856,114004,487688,0,280586,165079,156725,0,632030,124089,532870,0,307535,181101,175945,0,,2003
106190232,del amo hospital,1/1/2003,12/31/2003,365,audited,excl. ind. audit,los angeles,11,0931,investor,psychiatric,comparable,,(310)530-1151,23700 camino del sol,torrance,90505-5017,lisa montes,managing director,jeffrey n. brown,del amo hospital inc,0,05-4053,,zzt34053i,166,166,86,16253,346,3362,1039,0,1911,6794,201,896,30802,859,33,438,157,0,229,850,11,90,2667,0,166,0,0,0,0,0,30802,0,0,0,0,0,2667,0,0,0,0,50.8,50.8,11.5,11.5,0,0,0,16613,0,0,0,0,327,1401,0,8,18349,0,0,0,11095,0,0,0,0,0,0,0,50755506,33698243,0,17057263,29458,15427106,1659615,37745,18620,0,0,1678740,33246050,3260315,14249141,25019380,478581,5164771,1610196,0,3079295,10358337,330901,1406954,47448415,2982120,0,0,0,0,61046,261462,0,2463,3307091,19072634,349051,3664900,1157221,0,0,961861,6124301,631013,0,330901,0,1406361,0,0,0,0,8414089,129530,1318266,452975,0,1961840,3981203,0,799360,0,0,0,1603,0,0,5161985,637757,2259543,0,0,0,0,2422545,1206688,2664576,1074012,7024532,2700924,758265,22907,1194887,1923682,364050,65806,202914,324957,844182,7396562,0,3603041,25106,0,0,11024709,3267815,0,0,7756894,11024709,202783,0,740867,6655100,3052059,0,0,0,0,0,2848159,0,206,189,146,357451,34665,392116,35,0,40067,8933,47711,48302,95250,53961,17778,45449,0,0,184008,15069,40725,0,41815,28454,47380,0,200693,17287,44582,0,45913,31974,51667,0,,2003
106150706,delano regional medical center,1/1/2003,12/31/2003,365,audited,incl. ind. audit,kern,09,0617,non-profit,general,comparable,,(661)725-4800,1401 garces highway,delano,93215,allan komarek  phd,ceo,laura colton,central california foundation for health,0,05-0608,hsc30608g,zzt60608g,156,156,106,8067,842,18699,1433,543,5873,323,0,332,36112,1804,188,979,326,118,532,73,0,77,4097,104,0,0,0,52,0,17699,0,0,0,18413,0,4026,0,0,0,71,0,63.4,63.4,8.800000000000001,4.4,16,1830,1101,7876,800,22202,6777,536,7664,1219,0,4320,51394,18231,19348,0,12440,0,4,158757,130352,2505,3091,4688,118890060,71422459,1133269,48600870,623327,47212503,2011694,13505,0,0,0,2025199,26416057,5598790,86875213,27251826,2853135,35779417,5983809,1696374,15599128,2225479,0,1964443,93353611,5197686,771565,5762141,5876315,192998,4835380,1128991,0,1771373,25536449,18996658,2121979,26113921,8240901,-1973613,605411,10935594,1996942,2192141,391621,1433379,0,367525,218041,713441,0,201787,12736980,1720762,17401250,4332664,1283961,7955990,1559315,0,1609948,0,0,0,13505,0,0,11046500,2946197,15080545,0,0,0,0,6175502,1490714,5536083,4936962,15730530,4863138,2657764,5353144,7088019,2858267,2860464,871487,480849,2385936,2062905,29808239,4045475,36239287,892228,523834,0,71509063,7794561,467654,41085706,22161142,71509063,1924322,40583591,15020327,58051009,21811722,0,0,42085706,42085706,1000000,0,0,506,447,227,885694,87518,973212,69,0,63490,132069,92889,82005,161842,206678,88170,15475,42588,488,324750,55720,197858,0,158461,64453,84452,0,351801,60108,218619,0,173628,72076,96980,0,,2003
106331164,desert regional medical center,6/1/2002,5/31/2003,365,audited,excl. ind. audit,riverside,12,1105,investor,general,comparable,,(760)323-6511,1150 n. indian drive,palm springs,92262,truman l. gates,ceo,trina k. thorson,tenet healthcare corporation,2,05-0243,hsc30243h,zzt30243h,393,325,263,35604,10697,21994,2671,1909,0,19072,1085,2997,96029,5317,2770,2947,759,353,0,4533,186,512,17377,289,27,0,21,56,0,70190,6949,0,4356,14534,0,15334,974,0,240,829,0,66.90000000000001,81,5.5,4.9,0,0,0,81275,22108,23171,14316,2468,0,83941,1226,33174,261679,47810,15589,15347,178003,0,10,555729,297413,4625,5545,26198,1473856505,1190566118,3068639,286359026,2131880,209537382,78953524,2682490,1793590,0,0,79842424,291329841,66480930,1116045734,409689745,167999440,229721465,29238602,11694722,0,272438338,18671345,51541442,1190995099,92681913,23625257,23318405,15279205,2391250,0,89051707,1310302,35203367,282861406,418707798,151968602,229611953,38372578,0,13608533,0,286733643,25226085,0,20450983,-21013,5906956,0,3068639,0,0,83663860,39656095,22959637,9212812,477439,0,74756402,0,55632781,0,-693385,0,0,0,0,36876975,11546086,95391757,0,0,0,0,26685729,10444034,21803270,6789531,67311330,20513388,3382950,3950542,45809041,48086154,7041672,2130271,3015480,36902,8259652,267837934,0,90197434,496523,2333764,11349193,372214848,27628817,0,0,344586031,372214848,0,78064205,41011884,125216997,35019563,0,0,0,0,0,187942641,0,1547,1377,673,2599486,320677,2920163,161,0,151404,647600,743926,95507,316297,536317,37760,15710,47770,7195,939352,271364,757226,0,249963,188669,192912,0,1075060,300424,842714,0,276306,210347,215312,0,,2003
106331164,desert regional medical center,6/1/2003,12/31/2003,214,audited,excl. ind. audit,riverside,12,1105,investor,general,comparable,,(760)323-6511,1150 n. indian drive,palm springs,92262,truman l. gates,ceo,trina k. thorson,tenet healthcare corporation,2,05-0243,hsc30243h,zzt30243h,371,326,269,21589,4837,12783,1846,1201,0,12538,713,1805,57312,2931,1230,1979,560,214,0,2715,118,299,10046,289,27,0,21,34,0,44487,4190,0,2520,6115,0,8801,631,0,171,443,0,72.2,82.2,5.7,5.3,0,0,0,40611,10635,12730,7662,1419,0,45585,704,15047,134393,30409,11261,8873,80034,0,10,278457,202593,2190,4019,17556,868614625,730114146,1943000,140443479,1693386,127373301,14763564,2016410,1132931,0,0,15647043,186172633,41906561,640535431,237029799,73131589,144923123,17410933,4528963,0,174810472,13648142,34708920,700191941,56936427,12658816,16172997,9290297,1406181,0,53629611,821685,17506670,168422684,264879155,68060447,146393741,23125994,0,5935143,0,180052980,24750750,0,14911062,0,2004874,0,1943000,0,0,29086278,15856401,13897883,4996086,1,0,38815990,0,37790840,0,-4810327,0,0,0,0,22994920,8070338,53937524,0,0,0,0,15659930,7558384,13759108,5393097,41395219,13815328,2492586,1843417,23748925,30492784,4159565,1222086,3216827,0,4986564,279200366,0,88465716,2112701,2295768,11460792,383535343,28112596,0,0,355422747,383535343,0,78786021,42554699,127481628,39015912,0,0,0,0,0,204210827,0,1653,2577,689,2821191,341676,3162867,183,0,153854,705491,873416,92804,338712,582219,38893,16002,16581,3219,1032616,303163,816434,0,264278,205629,199071,0,1164046,334343,914897,0,294389,227325,227867,0,,2003
106364144,desert valley hospital,1/1/2003,12/31/2003,365,audited,incl. ind. audit,san bernardino,12,1211,investor,general,comparable,,(760)241-8000,16850 bear valley road,victorville,92392-5794,lex reddy,ceo,derek f. petrak,dr. prem n. reddy,0,05-0709,,hsp30709f,83,83,83,5575,5083,2718,312,163,528,4370,278,217,19244,1558,1438,852,138,49,180,1706,115,73,6109,83,0,0,0,0,0,19244,0,0,0,0,0,6109,0,0,0,0,0,63.5,63.5,3.2,3.2,0,0,0,3330,5039,3259,3168,16,1256,11109,4755,1471,33403,28187,0,0,7432,0,4,232635,105920,3579,2648,6055,175452793,144098226,15946810,47301377,198373,44666324,2833426,1145262,0,2044192,0,1934496,39273286,27624207,108555300,40159602,32550470,12307240,2990756,1359969,3264462,28006867,2054929,1812099,124506394,6491722,9362481,4513317,3369177,44415,1820468,17546515,5746855,2051449,50946399,33470550,44258559,11790604,4098898,0,769367,2180425,28663114,8292160,0,0,0,10574549,15863502,0,0,83308,10705138,10244497,4157866,1957861,578111,2743230,14853521,629299,1431854,0,0,0,8781,0,0,8343609,3007634,11445894,0,0,0,0,4920442,1968868,7073661,7906216,16391171,2958019,0,4215695,6440047,3272777,939273,4497662,2753253,64733,3133694,14518463,0,2221702,1206989,0,0,17947154,15578240,0,2386810,-17896,17947154,4862531,295231,12635832,13022173,10800471,0,3055345,0,3055345,668535,0,350627,430,385,190,764467,65399,829866,70,0,75156,171514,241749,0,53862,160516,25240,7994,28436,0,285076,91919,128021,0,99112,71060,89279,0,309331,98742,141698,0,108010,77240,94845,0,,2003
106361166,doctors' hosp med ctr of montclair,1/1/2003,6/30/2003,181,audited,excl. ind. audit,san bernardino,12,1207,investor,general,comparable,,(909)625-5411,5000 san bernardino street,montclair,91763-2326,david chu,ceo,robert c. perkins,doctors hospital of montclair llp,0,05-0584,hsc30584i,zzt30584i,102,102,102,2339,1275,4446,433,69,608,872,159,917,11118,480,261,913,87,18,160,639,32,360,2950,102,0,0,0,0,0,11118,0,0,0,0,0,2950,0,0,0,0,0,60.2,60.2,3.8,3.8,20,1506,652,2224,1483,2480,2382,0,1982,12221,12,2295,25079,7305,5229,0,11825,0,3,66225,86140,881,1993,2414,69824077,54227274,5314099,20910902,102687,23112914,-2099325,229203,264825,800,0,-2135747,17605747,4480340,47737990,12788411,6904444,14617239,1953800,318540,3506753,5145003,831452,5018092,51083734,2036606,1298200,1924832,1476450,0,1577535,8931451,20646,1474623,18740343,11030635,6103222,13005864,2492219,0,291540,3782992,9847214,3700554,0,1243211,0,2729823,2372120,0,0,2941979,3794382,4471542,3362014,721111,27000,1301296,7171219,0,62338,0,0,44022,0,0,0,3396266,842389,5937799,0,5624070,0,353995,2737318,697359,2567519,956199,6905119,1802316,272172,1470264,3085635,7378787,141849,284261,643650,59022,1069839,10085154,0,1416168,242529,0,2310283,14054134,13069175,0,2700416,-1715457,14054134,971179,0,943508,1475675,59507,2700416,0,0,2700416,0,0,0,440,369,216,376470,32123,408593,290,9,38481,80285,87669,15098,24757,61653,26095,14179,15941,12312,111880,18396,88803,10555,64930,31400,50506,0,119362,19734,97639,11564,70833,34204,55257,0,,2003
106392287,doctors hospital of manteca,6/1/2002,5/31/2003,365,audited,excl. ind. audit,san joaquin,06,0507,investor,general,comparable,,(209)823-3111,1205 east north street,manteca,95336,katherine medeiros,ceo,sandy buranathawon,tenet healthcare corporation,0,05-0118,hsc30118g,zzr00118g,73,73,73,6115,36,996,726,2,111,6915,39,257,15197,1087,11,314,207,1,37,1794,13,86,3550,73,0,0,0,0,0,15197,0,0,0,0,0,3550,0,0,0,0,0,57,57,4.3,4.3,5,1266,649,20062,124,2595,4279,0,2163,34350,386,6595,70554,19234,3094,0,46695,0,3,136560,163560,1173,3188,5272,471039346,416847435,0,54191911,170745,39918938,14443718,36188,302349,0,0,14177557,64180817,12141927,394716602,111483976,720961,17673611,13294579,47124,2895946,134637189,2346464,5381561,288481411,38329341,276186,5028100,7140703,0,3723568,116043082,1045794,10971161,182557935,136948753,850130,21457705,17419236,0,40918,5891366,223657799,6414296,0,3632261,0,534971,0,0,0,0,12864564,147017,1007128,3012921,6206,629136,23272906,0,13252033,0,-367657,0,0,0,0,7573714,2387640,14056687,0,0,0,0,6139320,2907414,6042417,811746,15583754,5636061,777457,1538933,5771231,6133513,1850995,560222,357193,8107,1701472,10088903,0,22243264,2570939,44049339,304445,79256890,6491040,0,0,72765850,79256890,904,25756413,14577063,43491318,21248054,0,0,0,0,0,44033524,0,351,294,196,536236,90980,627216,59,0,65338,121668,119269,14636,55077,134616,3751,6861,14260,760,163682,40923,162575,0,45771,48468,74817,0,197380,48207,185885,0,52299,56748,86697,0,,2003
106392287,doctors hospital of manteca,6/1/2003,12/31/2003,214,audited,excl. ind. audit,san joaquin,06,0507,investor,general,comparable,,(209)823-3111,1205 east north street,manteca,95336,katherine medeiros,ceo,sandy buranathawon,tenet healthcare corporation,0,05-0118,hsc30118g,zzr00118g,73,73,73,3453,8,476,349,0,93,4328,74,192,8973,668,2,213,128,0,24,1139,23,49,2246,73,0,0,0,0,0,8973,0,0,0,0,0,2246,0,0,0,0,0,57.4,57.4,4,4,5,828,411,11788,9,1592,2583,0,1337,18324,4,3805,39442,11561,947,0,25808,0,3,89220,99900,774,2003,3414,284247862,250441505,0,33806357,76409,26370090,7512676,49539,47931,0,0,7514284,39664880,6983117,237599865,62788390,152756,10052261,6271692,0,2028833,90132744,1467284,4206549,177100509,23899540,40246,2924314,4203687,0,2467319,66592402,4412,7015433,107147353,80611803,165490,12339828,9596294,0,0,3861999,134620079,7451257,0,1634611,0,160144,0,0,0,0,6076127,27512,500012,852905,0,634153,22105067,0,3610581,0,-1013671,0,0,0,0,4762771,1554801,8822842,0,0,0,0,3940920,2136231,3902225,1250300,9757092,3914409,437626,970646,3806646,4148494,1349277,294524,565452,588,1125336,11756460,0,26071205,176047,45664621,304572,83972905,4706442,0,0,79266463,83972905,19876,26910657,18565441,48636935,22565730,0,0,0,0,0,45651326,0,395,306,200,324309,57871,382180,60,0,40084,78717,72848,6281,30380,78646,2409,5600,8834,510,96107,24911,98397,0,29302,31219,44373,0,116622,29219,115118,0,33410,37077,50734,0,,2003
106190857,doctors hospital of west covina,1/1/2003,12/31/2003,365,audited,incl. ind. audit,los angeles,11,0915,investor,general,comparable,,(818)338-8481,725 so orange ave,west covina,91790-2614,pareed mohamed md,president,william a. fretwell,doctor's hospital of west covina inc.,0,05-0096,hsc30096h,hsp30096h,51,51,28,1457,0,7771,27,0,171,120,0,17,9563,242,0,63,7,0,50,24,0,7,393,27,0,0,0,24,0,1239,0,0,0,8324,0,345,0,0,0,48,0,51.4,51.4,24.3,3.6,0,0,0,1352,0,298,147,0,897,558,0,253,3505,0,0,0,2539,0,2,16365,60971,187,966,50,33529063,24046542,17,9482538,46236,10096378,-567604,1224930,167844,18302,0,471180,5847265,0,27681798,3344901,0,15285884,157606,0,798011,472373,0,82679,20141454,3759455,0,853561,766708,0,4817819,2465758,0,724308,13387609,4028117,0,12894929,844243,-56866,0,2795445,2606551,396496,0,0,0,537627,0,17,0,0,2815839,0,3301382,80088,0,2734316,285069,0,265844,0,0,0,11401,0,0,2311988,0,3753659,0,0,0,80715,1562934,332110,1395003,659969,4320242,1402463,258629,764137,1347721,749212,167367,160544,180159,322531,423373,3441390,0,4147151,95775,103694,0,7788010,922204,0,3445112,3420694,7788010,1415792,5242446,1666283,8240650,4093499,3557333,0,0,3557333,112221,0,0,128,108,55,202261,21687,223948,120,1,39445,32724,29306,25316,33788,19362,19886,2410,24,0,76148,0,48822,0,39453,14364,23474,0,82883,0,54391,0,44323,15614,26737,0,,2003
106500852,doctors medical center,6/1/2002,5/31/2003,365,audited,excl. ind. audit,stanislaus,06,0511,investor,general,comparable,,(209)578-1211,1441 florida avenue,modesto,95350,tim joslin,ceo,remedios h. maglaya,tenet healthcare corporation,0,05-0464,hsc30464g,hsp30464g,398,391,300,37464,42,34931,5936,3775,847,23134,3025,854,110008,3847,7,6063,1842,965,217,6130,774,220,20065,398,0,0,0,0,0,110008,0,0,0,0,0,20065,0,0,0,0,0,75.7,77.09999999999999,5.5,5.5,24,8275,4089,12888,35,20056,9837,5400,2314,23152,4530,12500,90712,56029,58192,0,33867,0,15,629520,219720,4915,3286,12846,3044978460,2639339544,0,405638916,2239913,247971951,159906878,453702,398521,0,0,159962059,603007569,71954058,2370016833,956220599,1024457,706742623,120874584,80863485,18145500,642929325,64791153,18331570,2609923296,117811652,98185,77780176,36671736,13540072,5800105,140651975,11356312,31344951,435055164,915565947,906988,741301070,127600048,-8545000,82758186,19397888,634764541,36504012,0,82051606,-845515,7879773,0,0,0,0,158466304,215654,45887864,29920996,12490886,3368148,120430403,0,34858661,0,0,0,0,0,0,65227106,18370948,87395463,0,0,0,3328667,25684226,11754339,24660209,11550993,98609742,31171158,9471460,7035965,46462830,32257232,10025978,1158364,3828799,97810,7852613,522114810,0,107168682,5363331,0,1191270,635838093,30798886,0,0,605039207,635838093,0,125066099,72885093,202880142,95711460,0,0,0,0,0,459232300,0,2226,1835,1561,3349749,538495,3888244,698,27,270999,629824,1142084,108953,410711,558371,66880,90649,70506,772,1402671,354791,894541,0,292713,134919,270114,0,1663864,400109,1041428,0,329827,153104,299912,0,,2003
106500852,doctors medical center,6/1/2003,12/31/2003,214,audited,excl. ind. audit,stanislaus,06,0511,investor,general,comparable,,(209)578-1211,1441 florida avenue,modesto,95350,tim joslin,ceo,remedios h. maglaya,tenet healthcare corporation,0,05-0464,hsc30464g,hsp30464g,398,391,277,18743,55,18832,3580,1904,648,13033,1727,694,59216,3060,8,3367,503,268,91,4002,243,96,11638,398,0,0,0,0,0,59216,0,0,0,0,0,11638,0,0,0,0,0,69.5,70.8,5.1,5.1,24,4805,2334,8579,24,9021,6827,4274,2365,12245,2839,10225,56399,33220,42594,0,19545,0,15,345300,133080,2892,2043,8809,1692659902,1525778878,0,166881024,185623,150670314,16396333,188798,62097,0,0,16523034,330950009,45680051,1316029842,495729197,709421,390122332,70651518,53464819,18146186,338414547,48502068,19449755,1435189843,66536286,112819,48448122,25292394,9117251,5044650,75051790,6057386,21809361,257470059,518149130,686022,418541892,79759721,-6067149,54264761,19348886,344968713,33247153,0,57237836,-62070,5703983,0,0,0,0,44116353,136218,23706804,15894716,8317309,2408320,42937628,62070,29301606,0,0,0,0,0,0,35102495,10937795,50825866,0,0,0,2225743,17456201,9607504,14880715,9633995,56526638,18951202,4739856,2045667,27584724,23309446,6167307,572266,4861213,5277,5906718,533660452,0,110988580,2408815,0,945674,648003521,31964805,0,0,616038716,648003521,0,129812168,76626582,211367700,100379120,0,0,0,0,0,485248681,0,2156,1813,1439,2003627,258161,2261788,698,27,161201,387609,680694,53784,211037,356774,40755,60705,51068,0,794050,232243,550535,0,182404,78389,166006,0,877547,260332,637697,0,207373,89399,189440,0,,2003
106070904,doctors medical center - san pablo,6/1/2002,5/31/2003,365,audited,excl. ind. audit,contra costa,05,0413,investor,general,comparable,,(610)970-5000,2000 vale road,san pablo,94806,gary sloan,ceo,sandy buranathawon,tenet healthcare corporation,0,05-0079,hsc00079g,,233,233,233,19431,3141,11477,1735,0,1431,6917,1089,1020,46241,3125,744,1415,454,0,274,1442,210,196,7860,219,0,14,0,0,0,43084,0,3157,0,0,0,7458,0,402,0,0,0,54.4,54.4,5.9,5.9,12,1086,634,17703,3063,16275,18864,0,6658,22264,149,21641,106617,38057,5234,0,61261,0,6,534587,432391,5470,7072,8210,967924470,830764278,0,137160192,3046410,148115697,-7909095,626920,301172,0,0,-7583347,193716676,47766521,726441273,295636658,59252203,162382772,26577269,0,23860402,126256588,28846807,16908987,739721686,56456077,16749501,22091135,17938241,0,8454227,78850248,2156924,25506431,228202784,305562662,63204111,160712199,39618305,0,0,27467433,183102707,15503527,0,33190971,-21337,2423700,0,0,0,0,46530073,12797593,21956248,4515425,0,4847196,22004129,0,24509528,0,23477987,0,0,0,0,37594032,9041100,51315755,0,0,0,0,19055156,7856280,18448364,4805010,39696268,17901813,3274789,34867074,22003153,14318682,4179197,927647,2185740,25043,8736291,39630602,0,38550643,1100345,15000,5664538,84961128,17949856,0,0,67011272,84961128,60311,33512692,26406161,62590829,24040186,0,0,0,0,0,0,4922769,820,709,275,1630932,226162,1857094,393,0,96988,288103,253583,37300,113972,303921,140188,14566,378646,3665,568470,103011,469180,0,262147,106717,121407,0,644217,113552,535672,0,301325,123054,139274,0,,2003
106070904,doctors medical center - san pablo,6/1/2003,12/31/2003,214,audited,excl. ind. audit,contra costa,05,0413,investor,general,comparable,,(510)970-5102,2000 vale road,san pablo,94806,von crockett,ceo,sandy buranathawon,tenet healthcare corporation,0,05-0079,hsc00079g,,233,233,233,10822,1461,6779,968,35,667,3241,904,225,25102,1792,363,921,280,8,157,794,213,53,4581,219,0,14,0,0,0,23393,0,1709,0,0,0,4341,0,240,0,0,0,50.3,50.3,5.5,5.5,12,656,372,15812,1273,10150,9211,0,2789,9684,268,10846,60033,22465,2566,0,34186,0,6,278940,234092,2964,3699,5145,526633654,470373155,0,56260499,1435974,87855256,-30158783,655889,408193,0,0,-29911087,107230558,27609559,391793537,156642120,24383842,105753547,14870940,705651,13318360,59177253,18050224,4498350,397400287,30822222,9297726,13524357,10910706,0,4298327,43252280,412102,16715647,129233367,171262657,28299017,110465041,21631364,0,592746,14801417,86060573,16746198,0,19822831,-413,691724,0,0,0,0,16201685,5382551,7482552,4120088,112905,2815270,7556684,0,12588764,0,-2303041,0,0,0,0,21701976,5255216,29945581,0,0,0,0,10472454,4794891,11078698,4606440,26837903,10374430,2073731,16416263,12929886,10020426,2483894,636186,3042301,3232,3037004,37421688,0,37446083,1250993,15000,5571052,81704816,46907672,0,0,34797144,81704816,61514,34188278,26992249,63866953,26420870,0,0,0,0,0,0,34069161,868,706,470,959384,121641,1081025,260,0,64775,180517,106845,23332,73418,190787,87931,11974,217014,2791,310677,55911,285918,0,165226,64107,77545,0,343018,60042,324243,0,190170,75109,88443,0,,2003
106440755,dominican santa cruz hospital - soquel,7/1/2002,6/30/2003,365,audited,excl. ind. audit,santa cruz,08,0703,non-profit,general,comparable,,(831)462-7700,1555 soquel dr,santa cruz,95065-1705,julie hyer,president/ceo,sheryl samonte,catholic healthcare west,0,05-0242,hsc00242f,,379,288,288,25281,3092,5444,4562,2846,20551,0,0,1754,63530,5129,640,899,886,483,4010,0,0,333,12380,294,28,0,20,37,0,43315,5709,0,4232,10274,0,10333,890,0,308,849,0,45.9,60.4,5.1,4.6,25,1950,924,36388,5990,5832,13572,4236,62460,0,0,13881,142359,38203,8681,11356,87913,0,7,513955,114458,3310,1195,8236,532782049,372976625,111199,159916623,1961106,156020697,5857032,3953048,4258090,0,0,5551990,153574741,28836448,350370860,185739717,27597492,19255381,29374818,13307018,135093176,0,0,10515800,420883402,31454472,5543996,2475847,9059362,2177878,52968546,0,0,8218546,111898647,159821849,21940504,15419610,30783442,0,11116610,113622894,0,10612282,0,6622477,0,3036957,0,111199,0,0,56104392,11200984,4845087,6694559,4368286,74366087,0,0,2337228,0,886553,0,-681456,0,0,42209321,9208205,50674300,0,0,0,0,23029875,6076840,18208084,6614072,60114246,33781387,2981103,6216851,22752034,13775127,7204896,1876859,678842,1462168,5177184,38769108,47614466,49131962,1648405,3949514,0,141113455,27717868,2863598,19460343,91071646,141113455,2652281,83202701,43306839,134653220,85521258,21538719,0,0,21538719,2078376,0,0,1449,1057,657,1985386,303438,2288824,484,0,87254,499636,569439,29957,128857,321206,218692,39541,58304,32500,656978,152050,484924,0,358945,130202,189487,12800,749966,170896,565473,0,415681,149724,222887,14197,,2003
106240853,dos palos memorial hospital,7/1/2002,6/30/2003,365,audited,excl. ind. audit,merced,06,0517,non-profit,general,comparable,small/rural,(209)392-6121,2118 marguerite st,dos palos,93620-2339,robert hill,administrator,joseph f. lapid,dos palos memorial hosptal  inc.,0,05-0497,hsc30497i,,27,27,27,553,0,7247,0,0,0,0,0,947,8747,13,0,13,0,0,0,0,0,2,28,0,0,0,0,27,0,0,0,0,0,8747,0,0,0,0,0,28,0,88.8,88.8,312.4,0,0,0,0,523,0,3872,0,18,0,545,0,544,5502,0,4732,0,770,0,0,0,0,0,0,0,2771081,975175,0,1795906,163326,2128676,-169444,9638,0,0,0,-159806,1739000,527302,504779,282853,0,1443590,0,0,0,0,0,178838,1905281,112364,0,522964,0,3868,0,45773,0,180831,865800,183877,0,576195,0,0,153,0,28047,148095,0,4952,0,33856,0,0,0,0,190218,0,1285053,0,3715,0,15280,0,301640,0,0,6615,0,0,0,689728,384207,131231,0,0,0,0,372903,180880,242620,127107,937933,381121,232086,48599,184234,108176,58399,5789,39647,40183,92509,438109,0,931437,0,12301,0,1381847,413828,0,334439,633580,1381847,341899,33105,519785,1723577,792140,0,0,56149,440123,105684,0,0,52,46,27,86530,9661,96191,8,0,10463,997,406,15818,27861,14377,10090,6199,0,319,38676,11728,2599,0,17035,9878,6614,0,42486,12586,3255,0,18890,11232,7742,0,,2003
106190243,downey regional medical center,7/1/2002,6/30/2003,365,audited,incl. ind. audit,los angeles,11,0921,non-profit,general,comparable,,(562)904-5000,11500 brookshire ave,downey,90241-4917,allen korneff,president/ceo,emy de la cruz,dch health services corporation,0,05-0393,hsc30393f,zzt30393f,199,193,193,16800,5249,8174,455,0,8746,1910,172,1147,42653,3245,1499,1822,180,0,2776,678,65,430,10695,199,0,0,0,0,0,42653,0,0,0,0,0,10695,0,0,0,0,0,58.7,60.5,4,4,17,2123,1291,25732,0,17832,907,0,40947,19523,902,13637,119480,51058,0,10151,59928,0,11,259342,231787,1927,4472,11397,350610613,273674649,9771768,86707732,321464,106107993,-19078797,8130450,860653,0,0,-11809000,62270853,22499361,265840399,92918226,40880409,43391021,2560625,0,54679805,7024892,1200614,8116409,250772001,26638188,0,14095196,807544,0,38446339,15108673,294239,4448433,99838612,80318169,40881235,50130353,3368167,0,0,68235553,22132741,7113579,0,1494852,0,0,7211565,361555,0,2198648,36723512,7210739,6075798,361557,0,21956293,2199472,1,12180360,0,0,1274903,1567380,0,0,16707052,5750809,38299803,0,0,0,1609995,14664065,5701621,16851698,6522950,43739701,11720306,810169,6956589,18004663,11352755,6036907,103525,838198,2824716,3720464,27384442,66461590,26661049,5483976,39254436,0,165245493,40552889,7841726,43888000,72962878,165245493,1938189,6220590,58752194,116066070,89405021,0,0,0,59759000,15871000,22058000,0,1073,932,494,1694042,243886,1937928,374,29,143306,410136,474620,12751,109805,318327,163633,61464,0,0,413726,120973,475689,61464,299186,166816,156188,0,483157,142293,539386,61464,347504,187054,177070,0,,2003
106196168,earl & lorraine miller childrens hosp,7/1/2002,6/30/2003,365,audited,excl. ind. audit,los angeles,11,0933,non-profit,childrens,comparable,,(562)933-2000,2801 atlantic avenue,long beach,90806-1734,byron schweigert,ceo,david vance,memorial health services,2,05-3309,hsc30727f,hsp30727f,198,198,166,98,327,24506,5019,0,243,18347,103,799,49442,7,85,2743,1567,0,60,3296,31,248,8037,198,0,0,0,0,0,49442,0,0,0,0,0,8037,0,0,0,0,0,68.40000000000001,68.40000000000001,6.2,6.2,0,0,0,10,33,6743,11258,0,471,26608,28,2147,47298,18209,4752,0,24349,1139,4,143091,130147,1449,2386,4236,266065715,159042722,1343491,108366484,14824996,141374356,-18182876,1465344,2871727,0,0,-19589259,95226367,12111877,158727471,530061,1138368,124477362,18424234,0,806947,76406859,435847,2456570,224676248,14800,164580,3286301,9053758,0,399471,26663483,79883,1727191,41389467,386282,763691,76374790,19897690,-3911946,0,613095,58081744,2959968,0,3113053,0,764355,0,0,0,1343491,158579,539257,52703496,7580302,0,593323,46332089,0,459438,0,0,0,574650,0,0,28621618,6547681,46542572,628183,0,139945,2261615,20221060,4370224,29314282,2727176,48113983,21817047,2388731,15272278,25902964,12192272,5659108,1450237,1061151,266555,7250030,316688329,0,29007889,1443600,0,0,347139818,416306137,0,0,-69166319,347139818,1100,31360193,56565691,118362610,89354721,0,0,0,0,0,298591574,404154557,1162,1162,478,2371280,347067,2718347,815,39,134362,669179,604494,38635,92140,437374,0,93355,259591,42150,831945,177371,663323,10866,218961,147281,271520,50013,943722,198058,762410,11732,254919,163261,325708,58537,,2003
106190256,east los angeles doctor's hospital,1/1/2003,12/31/2003,365,audited,excl. ind. audit,los angeles,11,0925,investor,general,comparable,,(213)268-5514,4060 whittier blvd,los angeles,90023-2526,steve popkin,ceo,catherine matsuda,healthplus+ corporation,0,05-0641,hsc30641f,,127,127,127,6395,440,13880,2249,16,554,581,422,1766,26303,1121,77,1451,580,4,100,138,92,385,3948,102,0,0,0,25,0,17357,0,0,0,8946,0,3927,0,0,0,21,0,56.7,56.7,6.7,4.4,8,1306,539,1201,118,2041,3260,1,445,694,692,2894,11346,15012,0,0,1111,0,6,80603,79579,845,927,5358,123160798,90330619,2230718,35060897,97045,36489180,-1331238,135391,58171,0,0,-1254018,32367455,6249623,84543720,24815838,2060511,52516935,9177096,56102,2237345,3409718,1975265,8274402,104523212,3598182,145578,4368272,4126213,2885,799652,1096414,867295,3633095,18637586,26559509,1963419,42012931,9825243,-3905645,58987,2095528,3109438,5768649,0,2842560,0,0,4461,2179411,0,46846,1738005,247131,18777921,5657477,0,941469,1443540,0,6255354,0,0,0,681,0,0,10431171,2232040,9444186,0,0,0,0,3129615,1399557,6605052,3247559,14100694,2360236,739053,3007991,3841431,6964673,849121,336163,237448,1556379,2495991,10679425,0,6858119,199958,0,7500,17745002,15524327,0,10895985,-8675310,17745002,0,3626746,3320100,9758224,2900105,0,0,0,11608789,712804,0,7363103,417,354,232,707777,68442,776219,146,0,64687,113287,206875,46964,77291,98277,59774,0,39959,663,314801,45485,140772,0,101344,33309,72066,0,338376,48999,161421,0,110741,37295,79387,0,,2003
106190328,east valley hospital medical center,1/1/2003,12/31/2003,365,audited,incl. ind. audit,los angeles,11,0915,investor,general,comparable,,(626)852-5000,150 w. route 66,glendora,91740-6207,c. joseph chang,ceo,linda reitz,c. joseph chang,0,05-0205,hsc30205i,zzt40205i,128,118,118,9337,1167,3631,736,0,220,1929,190,459,17669,1257,242,828,237,0,41,462,27,128,3222,107,21,0,0,0,0,12847,4822,0,0,0,0,2777,445,0,0,0,0,37.8,41,5.5,5.5,10,1537,772,5447,352,2532,2577,0,785,3633,77,2115,17518,9513,0,0,7044,498,4,58568,101263,977,1608,1273,75556661,50821497,0,24735164,415926,26493847,-1342757,0,0,0,0,-1342757,16338201,2754127,56464333,22290128,3105472,15004156,3195740,0,578177,6774348,593451,1347208,52888680,6582204,624713,2620746,2477171,0,1732085,7015217,254352,1361493,22667981,16377219,2564395,12153699,4947264,-1559248,0,1057654,11484548,1679717,0,1730452,-5146,390943,0,0,0,0,12495113,1165790,6183785,689664,0,1252608,2305017,5146,638041,0,0,0,0,0,0,7536353,1194393,7772527,220000,0,0,0,3528297,1199982,3756935,1285360,11815126,2969880,729908,1681725,3341534,3180946,299424,458827,428942,480589,1106946,7260686,0,6479146,0,108411,0,13848243,8019645,0,5338798,489800,13848243,309824,3488166,983125,7038330,559184,5319179,343770,0,5662949,324151,0,0,362,258,154,523535,43052,566587,186,0,51224,67906,147144,18686,63839,85997,55554,3627,27996,1562,199439,28384,124407,0,85564,31455,54286,0,214287,30278,135721,0,93265,33649,59387,0,,2003
106320859,eastern plumas health care,7/1/2002,6/30/2003,365,audited,incl. ind. audit,plumas,01,0217,district,general,comparable,small/rural,(530)832-4277,500 first avenue,portola,96122-9406,charles guenther,administrator,jeri nelson,eastern plumas health care,0,05-0566,,zzr00556g,36,36,36,1672,3,7873,0,20,96,114,0,1146,10924,331,2,85,0,7,31,63,0,33,552,9,0,0,0,27,0,1547,0,0,0,9377,0,484,0,0,0,68,0,83.09999999999999,83.09999999999999,19.8,3.2,0,0,0,9067,21,5075,1,408,2691,6372,0,2761,26396,2636,20517,3666,0,0,1,4879,4156,34,45,0,19995633,8326175,0,11669458,51343,12163942,-443141,657569,0,0,0,214428,4509443,6682505,8803685,3895257,28193,2457968,0,62701,574994,326034,0,748289,8093436,5013742,23100,1436748,848,174387,2396648,1690407,0,1166317,11902197,4406834,15006,1707625,0,0,180330,445762,691133,700112,0,24263,0,155110,0,0,0,0,4502165,36287,2187091,848,56758,2525880,1325308,0,1035121,0,0,316601,8342,334955,0,1599451,3843338,2438374,0,0,0,0,1681980,769454,1107402,723943,5009248,1321972,1715366,434140,1133854,426823,722573,52256,116961,319738,911011,3996820,0,6973558,0,0,47251,11017629,1704742,0,5565107,3747780,11017629,676994,7269108,5498763,13069261,6095703,4487523,508884,0,5931407,366300,0,0,182,127,47,239894,29157,269051,40,0,21085,28685,25433,21861,36479,63237,33622,5042,2722,1728,65058,60026,31926,0,43322,24068,15494,0,71975,67732,35693,0,48037,27141,18473,0,,2003
106010805,eden medical center,1/1/2003,12/31/2003,365,audited,excl. ind. audit,alameda,05,0421,non-profit,general,comparable,,(510)727-2700,20103 lake chabot road,castro valley,94546-5341,george bischalaney,president/ceo,abelardo nunez,eden medical center,2,05-0488,hsc00488g,zzr00488g,234,234,234,22333,6343,4072,1517,0,719,11121,4755,3511,54371,3644,1250,824,478,0,198,3252,641,613,10900,124,23,0,31,56,0,33757,3026,0,5511,12077,0,9243,444,0,382,831,0,63.7,63.7,5,4.2,11,2378,1004,26534,6891,19274,6349,0,2496,41643,7245,7161,117593,31838,0,0,86970,0,7,330229,148862,2782,1848,0,462620344,324504248,0,138116096,3046993,132439506,8723583,523426,775127,0,0,8471882,141939939,62982271,257698134,117829077,37854766,23922233,10827308,0,5856582,87355195,30118649,21343678,335107488,28771943,7473621,20899566,6885056,0,2706877,45155593,7855636,7764564,127512856,102034310,31548557,40608551,16066405,0,0,4675649,72350890,37974255,0,13037354,0,6208277,0,0,0,0,44566710,13779830,4213248,1645959,0,3887810,60159898,30,9862611,0,0,0,0,0,0,34965783,7087003,37697943,0,0,0,163952,17438344,7633014,17728230,9725237,43967653,24123106,3700465,7743228,15005341,21012678,7645993,1101454,1292008,2313761,4533819,40677090,0,51759041,11965368,855103,3230057,108486659,13054558,2192225,64854340,28385536,108486659,5821590,49168813,0,79976617,28217576,0,0,64854340,64854340,0,0,0,950,742,305,1417561,257999,1675560,191,0,141040,301640,378323,27792,77954,206557,115547,36664,112188,19856,481047,100808,384275,1708,258004,62687,129032,0,561960,117852,473465,2089,299661,71918,148615,0,,2003
106331168,eisenhower medical center,7/1/2002,6/30/2003,365,audited,incl. ind. audit,riverside,12,1105,non-profit,general,comparable,,(760)340-3911,39000 bob hope drive,rancho mirage,92270-3221,g. aubrey serfling,ceo,oliver younggren,eisenhower memorial hospital,0,05-0573,hsc30573f,,261,261,249,39725,7317,4035,751,90,1437,13096,0,1905,68356,7847,2211,1162,311,26,336,3931,0,399,16223,261,0,0,0,0,0,68356,0,0,0,0,0,16223,0,0,0,0,0,71.8,71.8,4.2,4.2,0,0,0,243300,20667,11124,5543,993,26028,127470,1,31421,466547,39357,2617,0,426956,0,14,698228,279760,6784,2695,19055,948249831,717212062,0,231037769,5703331,231142077,5599023,23878901,6149296,0,0,23328628,162218568,29827714,756203549,389829859,78233918,31951723,5291170,827581,15593806,134700575,0,12601159,669029791,129521457,34164466,6722472,1830069,585054,7990973,89137603,843,9267103,279220040,432325365,111394443,37879699,5628123,0,1366222,1609929,107545623,13671886,0,227492,0,5563280,0,0,0,0,82164034,947853,750110,1409699,43820,20747172,109795003,796,15179282,0,0,15640412,3886177,0,0,32551727,9391994,100500514,0,0,0,0,30419752,11643634,34174555,12459901,57544072,36227054,0,19518371,57938950,24584276,14673615,3698832,3155517,2949333,10852057,80518784,75875919,151930035,72047363,7991680,2144838,390508619,56803444,0,145108816,188596359,390508619,14140367,154768286,103450828,287366990,135436955,0,0,120960000,147583816,2475000,1956939,0,1714,1423,409,2769388,385072,3154460,327,0,191647,780302,533535,21435,110550,577184,136604,223632,165427,29072,685489,143728,904472,0,344603,279149,411947,0,783374,168122,1030568,0,387413,318901,466082,0,,2003
106430763,el camino hospital,6/23/2002,6/30/2003,373,audited,incl. ind. audit,santa clara,07,0429,non-profit,general,comparable,,(650)940-7300,2500 grant road,mountain view,94042,lee domanico,ceo,carrie yee,el camino hospital district,0,05-0308,hsc30308h,hsp30308h,395,319,319,23004,6496,15225,577,0,24417,12746,0,1062,83527,4370,1489,513,147,0,6851,3545,0,251,17166,310,25,0,0,60,0,61836,4819,0,0,16872,0,16499,645,0,0,22,0,56.7,70.2,4.9,3.9,36,10706,4346,71397,4685,5462,4132,0,121533,17699,0,10409,235317,37566,0,0,122481,0,12,591356,142128,4676,1123,7450,723646636,499120893,0,224525743,7733604,216564347,15695000,13877000,0,0,0,29572000,215517832,23414920,484713884,177817001,48985872,31034983,2206722,0,162692503,93033560,0,9152307,524922948,70484376,5047107,1541441,3711695,0,83210705,30041189,0,4687175,198723688,190599706,38215250,28735050,5234350,0,0,144316859,75666205,9322733,0,0,0,7030740,0,0,0,0,54448975,15256273,3500110,593736,0,98247241,45848176,0,6631232,0,0,0,9330000,0,0,53556085,6497432,79941033,0,0,0,0,40282944,9418025,24375386,2493442,95219842,38619887,1633309,3066584,35389170,20819763,13437911,1173363,1117169,0,6087349,55715939,181364397,109805345,0,9554088,0,356439769,55866177,16166592,0,284407000,356439769,9005365,1777348,61104850,204501933,94696588,0,0,0,0,0,0,0,2086,1493,1019,2844358,349915,3194273,472,0,166170,558810,791315,66201,475351,441534,325012,0,17001,2964,947371,102916,902277,0,445771,187114,258909,0,1071936,115603,1011400,0,492800,211987,290547,0,,2003
106130699,el centro regional medical center,7/1/2002,6/30/2003,365,audited,incl. ind. audit,imperial,14,1424,city/county,general,comparable,,(619)339-7100,1415 ross avenue,el centro,92243-4306,david green,ceo,rodney a. phillips cpa,city of el centro   ca.,0,05-0045,,zzt30045f,107,107,107,11282,0,7662,86,1233,4640,0,202,1727,26832,2017,0,2103,25,188,1629,0,70,663,6695,107,0,0,0,0,0,26832,0,0,0,0,0,6695,0,0,0,0,0,68.7,68.7,4,4,18,2108,1194,25477,0,46919,37,7157,25056,0,1266,7607,113519,30754,33115,0,51299,0,4,163471,158851,1696,2236,7969,153377620,99938589,0,53439031,2591806,54063911,1966926,891471,843110,0,0,2015287,34166573,12865614,106345433,40164937,0,27858404,347772,4524365,17992876,0,726134,6194996,97809484,14641157,0,17857849,20670,3301528,15576642,0,679308,3490982,55568136,42348774,0,26265835,137784,-4817658,2895446,19236060,0,8436293,0,4605999,0,830056,0,0,0,0,12457320,0,21246058,52119,4930447,14333458,0,0,419629,3378630,0,0,891471,0,0,9231809,4640306,19090781,0,0,0,0,9145311,2457008,7032604,2466092,20462719,8742807,1169625,1008240,9729701,6342708,2411889,580318,471822,835122,2308960,21608651,18710654,11119969,34263369,0,1643412,87346055,13877306,0,39122728,34346021,87346055,8968591,11938190,19738634,37566098,26446129,0,1953040,38831621,40784661,1661933,0,0,650,594,280,1106665,148835,1255500,59,0,101492,190769,228665,34462,189717,244802,90107,6957,6324,13370,294898,136577,284840,0,176060,87556,126660,74,339308,154599,323274,0,195319,98743,144183,74,,2003
106094002,el dorado county mental health-phf,7/1/2002,6/30/2003,365,audited,excl. ind. audit,el dorado,02,0304,city/county,psychiatric,phf,,(530)621-6210,935-b spring street,placerville,95667-4543,kathleen m burne,mental health director,jeffery l. meyer,county of el dorado,0,,,,15,10,10,0,0,0,0,2708,0,0,0,0,2708,0,0,0,0,350,0,0,0,0,350,0,15,0,0,0,0,0,2708,0,0,0,0,0,350,0,0,0,0,49.5,74.2,7.7,7.7,0,0,0,0,0,0,0,0,0,0,0,0,0,0,0,0,0,0,0,0,0,0,0,0,1619647,0,0,1619647,0,1619647,0,0,0,0,0,0,1619647,0,0,0,0,0,0,0,0,0,0,0,0,0,0,0,0,0,0,0,0,0,0,0,0,0,0,0,0,0,0,0,0,0,0,0,0,0,0,0,0,0,0,0,0,0,0,0,0,0,0,0,0,0,0,0,0,0,0,0,0,0,0,0,0,0,0,0,0,0,0,0,0,0,0,0,0,0,0,0,0,0,0,0,0,0,0,0,0,0,0,0,0,0,0,0,0,0,0,0,0,0,0,0,0,0,0,0,0,0,0,0,0,0,0,0,0,0,0,0,0,0,0,0,0,0,0,0,0,0,0,0,0,0,0,,2003
106190685,elastar community hospital,1/1/2003,12/31/2003,365,audited,excl. ind. audit,los angeles,11,0925,investor,general,comparable,,(323)266-6500,319 north humphreys avenue,los angeles,90022-1422,andrea kofl,administrator,catherine matsuda,starhealth,0,05-0577,hsc30577f,zzt30577f,110,110,110,8866,0,4811,218,0,183,1401,177,415,16071,1453,0,1034,54,0,51,422,40,138,3192,110,0,0,0,0,0,16071,0,0,0,0,0,3192,0,0,0,0,0,40,40,5,5,16,1467,578,3031,0,2183,27,0,433,4153,8,2878,12713,12560,0,0,2166,0,11,88722,113253,1146,2122,1864,120341490,90605408,170913,29906995,198513,30728922,-623414,126694,0,0,0,-496720,31411579,10819393,78110518,49749701,0,24158742,1207937,0,755591,9078084,881484,2496520,88328059,12897224,0,6464079,97352,0,912076,7617171,8328,4017201,32013431,49115439,0,24804485,1018062,-2610331,0,1208988,11869947,3938648,0,1268495,-8325,0,0,152232,0,18681,13531486,0,8049984,439459,0,458679,4843989,0,2583398,0,0,0,0,0,0,7379639,2115942,9662797,0,0,0,0,5227856,1753851,3273691,1315146,12357284,4836189,1111732,2357614,3663232,3366047,817328,325041,234279,394928,1265248,10458102,0,3054725,821268,743016,0,15077111,13405770,0,85570,1585771,15077111,41000,9626873,10817093,21890510,18835785,0,0,0,124081,38511,0,523277,368,312,140,641831,53242,695073,46,0,50419,126230,181234,10252,39649,122874,65020,0,32763,13390,199049,32535,148330,0,133367,56187,72363,0,214275,34904,160641,0,145368,61190,78695,0,,2003
106500867,emanuel medical center,2/1/2002,1/31/2003,365,audited,incl. ind. audit,stanislaus,06,0516,non-profit,general,comparable,,(209)667-4200,825 delbon avenue,turlock,95380-2016,john sigsbury,president,amy peterson,emanuel medical center,0,05-0179,hsc00179f,zzr00179f,340,328,297,17317,3617,38853,255,3,92,6231,0,19464,85832,2519,469,1759,100,3,39,2004,0,295,7188,150,0,0,0,145,45,27209,0,0,0,46956,11667,6688,0,0,0,479,21,69.2,71.7,11.9,4.1,8,2320,1213,27557,708,21571,2823,160,5453,35957,5,8853,103087,43269,0,10886,42224,0,7,160825,222592,2023,7580,6522,247944686,182584324,0,65360362,1458388,68324009,-1505259,-7088518,197354,0,0,-8791131,44307367,12640610,190996709,65526469,10327114,32919860,1288703,19584,638166,33375941,0,6727644,150823481,29073697,1725495,14721098,1585483,134166,1843042,43080824,7171,4950229,97121205,73765630,8977382,36053420,2473752,0,151,1640634,51104086,7121981,0,693095,0,754193,0,0,0,0,20834536,3075227,11587538,400434,153319,836073,25238728,0,3234507,0,0,1500719,-8826196,0,0,18489001,4566540,21088110,-131615,0,0,279303,11333198,1757930,9362949,1578593,30808272,10798352,1307055,4527806,10284166,3704843,3471736,597240,563588,-670022,2930973,18811580,43233177,27984107,2566119,4120762,0,96715745,13592590,0,26369517,56753638,96715745,344373,42306210,28476694,74815402,46831295,3368570,641849,23646366,27656785,1287268,0,0,1043,874,617,1669923,203165,1873088,81,0,117368,224987,316890,95225,300488,257885,195528,107143,54321,88,637123,113954,335182,8147,331950,78601,164966,0,699294,126864,375539,8775,371639,89058,201919,0,,2003
106190280,encino tarzana rgnl mc - encino,12/1/2002,12/31/2003,396,audited,excl. ind. audit,los angeles,11,0905,investor,general,comparable,,(818)995-5000,16237 ventura blvd,encino,91436,dale surowitz,ceo,trina k. thorson,tenet healthcare corporation,0,05-0158,hsc31408i,hsp41408i,151,151,151,20350,1499,11572,596,0,128,2918,119,1573,38755,2660,311,323,133,0,16,631,31,170,4275,84,14,0,25,28,0,19261,2364,0,6536,10594,0,3515,224,0,522,14,0,64.8,64.8,9.1,6.6,0,0,0,4636,1079,777,1203,0,921,9119,17,2361,20113,11255,0,0,8316,0,8,124500,221940,908,2498,4137,448073132,403330278,6010647,50753501,463336,60759365,-9542528,598246,667569,0,0,-9611851,75997480,7975836,364099816,199152251,16997457,87516764,7333255,0,2031784,41915536,1389058,7844381,364180486,22565123,4578943,2779080,5809251,0,2298393,39930663,42932,5888261,83892646,201221668,18704589,82094995,17385586,0,0,3753833,70952603,4666347,0,3445873,0,1104784,0,6010647,0,0,20430377,2360286,6186967,1548384,0,394192,9435018,0,10398277,0,1915695,0,47575,0,0,13719256,1388374,20539539,0,0,0,305932,8368903,3425888,7111681,5899792,21203322,6481848,259025,3277005,10436438,9896488,1480374,4895721,724106,0,2105038,13239562,0,9751474,209032,100605,1065912,24366585,8546022,0,0,15820563,24366585,700,4860593,12383191,19106829,9355355,0,0,0,0,0,2936746,0,525,373,245,806153,87466,893619,628,6,58410,195085,159986,47496,125435,116068,46555,4365,49219,3534,347362,21474,204650,0,142112,35410,55145,0,388297,24779,227711,0,152654,39705,60473,0,,2003
106190517,encino tarzana rgnl mc - tarzana,4/1/2002,3/31/2003,365,audited,excl. ind. audit,los angeles,11,0905,investor,general,comparable,,(818)881-0800,18321 clark street,tarzana,91356,dale surowitz,ceo,trina k. thorson,tenet healthcare corporation,0,05-0601,,hsp30158l,236,211,210,26710,2333,9175,2114,0,436,22405,268,934,64375,3967,802,1994,726,0,150,5193,92,321,13245,236,0,0,0,0,0,64375,0,0,0,0,0,13245,0,0,0,0,0,74.7,83.59999999999999,4.9,4.9,21,7733,3088,14109,1807,4068,5439,0,1405,31812,102,4849,63591,26174,3437,0,31705,0,11,973560,791100,3334,6774,13460,1089277153,909897426,0,179379727,851401,143332914,36898214,1076058,24263156,0,0,13711116,188948463,20397350,879931340,404430600,33632690,109351253,24941184,0,5563579,294708909,3411373,11961134,888000722,54830971,4721709,10621556,12975342,0,3398550,102748288,249061,11730954,201276431,387138390,31170994,113662090,30815130,0,0,7283609,323017336,10191548,0,3910288,0,2708041,0,0,0,0,71774630,6785408,6012965,6646694,0,1568719,69918289,0,16673022,0,167544,0,0,0,0,27819579,4407186,53452820,0,0,0,268502,18316742,12757811,16900716,9409558,47795652,13344040,1979806,5816078,28599687,28893690,4300325,1548260,5357426,69454,5628496,43308045,0,39902123,0,67224523,6096568,156531259,15877820,0,22815905,117837534,156531259,0,21499517,40876934,69653319,29751196,0,0,0,22815905,0,66946335,0,940,872,485,1744325,186533,1930858,544,3,111999,348938,581023,39974,130553,314716,86925,13207,112494,4496,643060,80509,555931,0,230489,99809,134527,0,712655,90919,624806,0,249337,106588,146553,0,,2003
106190517,encino tarzana rgnl mc - tarzana,4/1/2003,12/31/2003,275,audited,excl. ind. audit,los angeles,11,0905,investor,general,comparable,,(818)881-0800,18321 clark street,tarzana,91356,dale surowitz,ceo,trina k. thorson,tenet healthcare corporation,0,05-0601,hsc31408i,hsp41408i,236,236,236,20762,1441,7524,2626,0,232,16479,254,677,49995,3530,452,2214,438,0,50,3478,65,144,10371,236,0,0,0,0,0,49995,0,0,0,0,0,10371,0,0,0,0,0,77,77,4.8,4.8,21,6191,2407,11094,1279,3348,5181,0,497,23309,85,3892,48685,21773,2353,0,22581,0,11,723900,478740,5051,6322,10494,839442535,733331958,0,106110577,835651,106999605,-53377,7521849,9824655,0,0,-2356183,147801059,15602997,676038479,318015151,25884265,95470498,25112968,0,2909284,209722182,3299382,8559607,688973337,45835308,3599901,9337509,12022489,0,973401,70903119,174021,7623450,150469198,329615381,24654158,92407727,30989454,0,0,3241460,234654106,9417206,0,6649091,0,1703375,0,0,0,0,34123955,4392073,9243857,5652793,0,539620,41447363,0,10710916,0,-10591514,0,0,0,0,22950124,3604020,42275798,0,0,0,213962,13462471,6876973,10319850,7296407,37694844,11186349,1374814,4481389,22759687,16362037,3310327,966432,4335264,66033,4462429,29099671,0,39173148,0,66946554,5993519,141212892,18078320,0,18244735,104889837,141212892,649,22773218,38011354,68068501,28895353,0,0,0,18244735,0,66674182,0,1100,1232,500,1794097,222179,2016276,628,6,115124,360038,621727,56555,140502,325348,86423,3002,80125,5253,682554,84847,544539,0,232767,110233,139157,0,770605,97931,620759,0,254381,118935,153665,0,,2003
106040962,enloe medical center-esplanade campus,7/1/2002,6/30/2003,365,audited,excl. ind. audit,butte,01,0219,non-profit,general,comparable,,(530)332-7300,1531 esplanade,chico,95926-2224,philip r. wolfe,president/ceo,laura schneider,enloe health systems,2,05-0039,,zzr00039f,391,391,239,38630,1605,7633,17,3462,4643,13293,66,320,69669,7148,323,2393,7,569,944,4122,19,87,15612,288,21,0,60,22,0,59092,3941,0,6636,0,0,14574,622,0,416,0,0,48.8,48.8,4.5,4.5,18,2767,1518,75189,4032,58624,205,7031,36684,60383,2330,11461,255939,37547,75433,19601,119843,0,12,589652,442733,4377,6367,9468,695442146,506241207,3928940,193129879,2858195,191795110,4192964,1966388,0,0,0,6159352,182144152,99792999,413504995,263834779,9991588,49325376,153919,25452196,33772902,103948642,545262,2660212,489684876,70394385,3439040,31167287,272304,7753201,19790386,64396309,1386875,7157483,205757270,257255701,12926719,68496768,362703,0,21732888,20597321,105949735,15888333,0,1998663,0,1032376,3928940,0,0,0,76973463,4432849,11995895,63520,11472509,30372585,49832878,0,7986180,0,-26648768,0,371896,0,0,36748754,28303345,63248156,1257896,0,0,0,23768628,6097323,20535343,11835665,67077764,31350090,7728411,9166465,33876166,18092122,9261624,1027089,3572879,3732938,6909562,39487579,6064401,58073038,598531,6607569,758526,111589644,40071628,0,70912527,605489,111589644,5565,77167947,81334706,166393421,108320383,0,380345,72245000,72625345,1712818,136473,0,2374,1708,782,3181866,469798,3651664,250,0,193342,630749,644675,106274,414254,727409,284950,80265,96065,3883,787486,545048,729170,0,488877,201345,429940,0,894780,591608,836924,0,575129,239794,513429,0,,2003
106474007,fairchild medical center,1/1/2003,12/31/2003,365,audited,excl. ind. audit,siskiyou,01,0203,non-profit,general,comparable,small/rural,(530)842-4121,444 bruce street,yreka,96097,dwayne jones,administrator,jeff clark,fairchild medical center,3,05-0217,,zzr00217f,30,30,30,3065,0,990,0,246,1025,0,0,241,5567,958,0,379,0,60,477,0,0,81,1955,30,0,0,0,0,0,5567,0,0,0,0,0,1955,0,0,0,0,0,50.8,50.8,2.8,2.8,6,351,208,25386,0,11745,0,2104,17580,0,0,5294,62109,12953,3821,0,43904,0,3,92104,134092,732,2525,4571,49911545,24751760,0,25159785,282033,24326348,1115470,-46715,0,0,0,1068755,6295196,5800494,37815855,11105164,0,3739352,0,471562,5091086,0,0,408926,20816090,11874863,0,5203480,0,582191,10494307,0,0,940614,29095455,14689553,0,5223061,0,0,1374080,2044696,0,791348,0,257822,0,371200,0,0,0,0,8290474,0,3719769,0,-320327,13540697,0,0,-70828,0,0,0,-55763,0,0,2827506,2387461,10341491,0,0,0,0,3399801,1326432,2374930,1668727,10203404,3579976,1632899,257491,4072947,1894713,1449290,98363,289481,401634,446150,11518164,0,15343879,0,40781,0,26902824,2114468,0,7786800,17001556,26902824,3474509,15966459,9171166,25511331,10167452,7722271,94699,0,8066979,280179,0,0,325,245,88,435782,73918,509700,25,0,50037,131887,66839,17874,13417,92896,46596,15237,999,0,66048,25463,130888,0,101582,54016,57785,0,78722,30332,155798,0,117206,60962,66680,0,,2003
106301781,fairview developmental center,7/1/2002,6/30/2003,365,audited,excl. ind. audit,orange,13,1016,state,specialty,state,,(714)957-5000,2501 harbor boulevard,costa mesa,92626,karen larsen,acting executive director,s. hyunh,state of california,0,05-0548,,,1218,1218,896,376,0,282721,0,0,29,0,0,5357,288483,0,0,49,0,0,0,0,0,0,49,30,0,0,0,1188,0,1267,0,0,0,287216,0,0,0,0,0,49,0,64.90000000000001,64.90000000000001,5887.4,0,0,0,0,0,0,0,0,0,0,0,0,0,0,0,0,0,0,0,0,0,0,0,0,0,145472086,29882661,0,115589425,0,145472086,-29882661,29882661,0,0,0,0,133881585,0,11590501,0,0,0,0,0,0,0,0,0,0,0,0,0,0,0,0,0,0,0,0,532,0,626855,0,0,0,437,0,0,0,0,0,29254837,0,0,0,0,0,0,0,0,0,0,0,0,0,0,0,0,0,0,0,0,0,0,0,0,0,0,0,0,0,0,0,0,0,0,0,0,0,0,0,0,0,0,0,0,0,0,0,0,0,0,0,0,0,0,0,0,0,0,0,0,0,0,0,0,0,0,0,0,0,0,0,42,0,0,0,0,0,0,0,0,0,0,0,0,0,0,0,0,0,0,0,0,0,0,0,0,0,0,0,,2003
106370705,fallbrook hospital district,7/1/2002,6/30/2003,365,audited,excl. ind. audit,san diego,14,1414,district,general,comparable,small/rural,(760)728-1191,624 east elder st,fallbrook,92028-3004,corey a. seale,ceo,robert c. perkins,fallbrook hospital district,0,05-0435,hsc30435f,,140,140,89,8763,2147,13016,0,0,656,3835,0,3160,31577,756,229,376,0,0,118,1192,0,226,2897,47,0,0,0,93,0,7437,0,0,0,24140,0,2584,0,0,0,313,0,61.8,61.8,10.9,2.9,8,843,489,25935,5357,4849,0,0,4452,18519,0,6278,65390,14497,0,7028,38260,0,5,48059,134894,826,2308,7422,95641988,63800684,0,31841304,93619,28891160,3043763,29637,0,0,0,3073400,17107110,10194345,68340533,19965346,7450311,7869247,0,0,2082947,13262133,0,3197119,53827103,13469971,4150902,2719447,0,0,3250908,14348691,0,3874966,41814885,17761308,6162745,6874330,0,0,0,4228356,21888221,1869632,0,0,0,5016092,0,0,0,0,14474377,5022218,3714364,0,0,1105499,5722603,0,1802243,0,0,0,2723,0,0,4749165,2535640,9554068,0,0,0,0,4383312,1297730,4264792,2106453,12169995,3536106,317814,679932,4219887,3309160,1596176,769812,426555,537426,1328297,8106275,0,7789032,231858,1351947,0,17479112,8013973,0,0,9465139,17479112,2254458,4764102,4379657,11029594,3240562,0,0,0,0,0,0,3318950,335,304,172,574419,73509,647928,120,0,76366,92409,125609,24476,81239,121240,37608,0,7037,8435,178035,63203,133685,0,95668,49721,54107,0,199938,73909,149978,0,107096,56902,60105,0,,2003
106040875,feather river hospital,1/1/2003,12/31/2003,365,audited,incl. ind. audit,butte,01,0220,non-profit,general,comparable,,(530)877-9361,5974 pentz road,paradise,95969-5509,wayne ferch,president/ceo,geoff chinnock,northern calif. conference of sda,0,05-0225,,zzr00225f,122,122,122,15894,0,2489,0,346,2953,0,0,363,22045,2932,0,712,0,77,783,0,0,85,4589,101,0,0,0,21,0,18159,0,0,0,3886,0,4273,0,0,0,316,0,49.5,49.5,4.8,4.2,12,1039,615,75619,0,42963,0,3862,19988,0,0,14921,157353,19337,28621,17005,87202,0,3,99050,74251,1309,1773,4638,281532575,219646498,0,61886077,1646836,62523182,1009731,1836167,1578363,0,0,1267535,40610927,39046747,201874901,108565869,0,19840142,0,3071870,26596095,0,0,3044259,161118235,58716884,0,24147037,0,3724512,30153920,0,0,3671987,120414340,136599134,0,38431940,0,0,5574549,33756055,-30216,3238975,0,347408,-2501,1731154,0,0,0,0,30683619,0,5555239,0,1224334,22646552,30216,0,1746117,0,0,1707,-15271,0,0,10378526,9030486,23274766,0,0,0,0,6462979,2421206,9002055,1953164,26988517,9722298,2216617,1306173,10894957,5075454,2936868,360475,430198,409330,2182295,20570777,1828993,21434510,585515,2032244,192112,46644151,19578293,2078284,19151785,5835789,46644151,8219555,32536640,23523055,57670573,36236063,0,0,0,20370961,1219176,1209808,20591154,760,573,310,1083003,110097,1193100,55,0,66687,252647,232391,39374,76826,253334,92390,67801,1553,0,240307,197235,294133,0,151807,77556,105700,16265,269400,217607,322179,0,165104,84962,116487,17361,,2003
106190298,foothill presbyterian hospital,1/1/2003,12/31/2003,365,audited,incl. ind. audit,los angeles,11,0915,non-profit,general,comparable,,(626)858-8541,250 south grand ave,glendora,91741-4218,james t. yoshioka,president/ceo,debbie cooper,citrus valley health partners,0,05-0597,hsc30597f,,106,106,106,6526,4602,1867,582,0,199,6424,177,234,20611,1301,1233,421,245,0,48,2333,57,88,5726,106,0,0,0,0,0,20611,0,0,0,0,0,5726,0,0,0,0,0,53.3,53.3,3.6,3.6,8,2085,826,17125,3669,2754,4319,0,4154,31876,236,18269,82402,23925,0,0,59458,5225,12,100346,75232,1713,2285,6519,185209846,142751045,1369875,43828676,594664,43934979,488361,127664,0,0,0,616025,38155487,13490098,133564261,37118125,29244440,10141855,2754547,0,1628752,37602486,932948,518408,119941561,14744943,7092331,2513362,3602870,0,2466739,32029796,213889,2604355,65268285,40176951,30376874,10514816,5028853,0,0,2488687,50046759,1731995,0,1146837,0,1239273,972611,0,0,397264,11686117,6932508,2140401,1328564,0,1606804,19982787,0,151495,0,0,0,-12052,0,0,10609113,1955081,15620607,996638,195598,0,0,6043056,2115950,4387367,2011569,16716364,5903319,240678,2961893,7440413,6348093,1357683,408095,986801,214273,1357367,8613609,11010257,7805588,1110206,0,751123,29290783,7539669,0,4906432,16844682,29290783,0,15124933,20132067,37399509,29593921,0,0,5302070,5302070,395638,0,205826,492,343,185,753233,14851,768084,115,0,56357,125080,198827,37921,19627,143340,59976,56853,52673,2579,243950,47393,224573,0,124856,42001,70460,0,252855,48392,227458,0,125070,43403,70906,0,,2003
106301175,fountain valley rgnl hosp & mc-euclid,11/1/2002,10/31/2003,365,audited,excl. ind. audit,orange,13,1014,investor,general,comparable,,(714)966-7200,17100 euclid street,fountain valley,92708-4004,tim smith,ceo,remedios h. maglaya,tenet healthcare corporation,0,05-0570,hsc30570f,zzt30570f,400,387,387,32355,4835,10382,15146,2366,637,26429,53,1086,93289,4449,1015,1933,3508,462,134,6843,10,420,18774,360,40,0,0,0,0,90312,2977,0,0,0,0,18584,190,0,0,0,0,63.9,66,5,5,55,8935,3764,11044,2881,2044,11210,2484,1527,32166,213,2726,66295,34701,0,0,31448,0,9,605376,531359,4622,7611,13707,1103739375,890378370,17476700,230837705,667874,195919083,35586496,99519,2101059,0,0,33584956,171099254,33320709,899319412,291575590,55912844,85993901,125683004,24660617,6660302,266332531,560602,11347141,868726532,48297091,9991572,8080847,33587748,6766784,3802406,119868068,680449,3937878,235012843,280055491,51843590,70687438,145926655,-4545357,29462201,8230470,287246035,11760023,0,7267771,-106213,2550266,0,17476700,0,0,59817190,14060826,23802883,28923861,1965200,2232238,98954564,106213,974730,0,0,0,0,0,0,44305206,3563432,74998618,0,0,0,91584,22114630,12875188,28909657,9060768,72936598,22683627,1414351,7868961,42484907,31247906,5532980,3126971,3500217,684,5121881,119310820,0,81137434,4174021,1223246,7667734,213513255,19210058,0,0,194303197,213513255,995,67107183,41460994,119483872,38346438,0,0,0,0,0,46506525,0,1721,1479,965,2846238,354725,3200963,379,2,152112,534329,988266,67900,262963,611230,33727,71787,108910,15014,1129548,92256,883782,0,244271,267757,228624,0,1287440,102942,996372,0,271138,289080,253991,0,,2003
106301175,fountain valley rgnl hosp & mc-euclid,11/1/2003,12/31/2003,61,audited,excl. ind. audit,orange,13,1014,investor,general,comparable,,(714)966-7200,17100 euclid street,fountain valley,92708-4004,tim smith,ceo,remedios h. maglaya,tenet healthcare corporation,0,05-0570,hsc30570f,zzt30570f,360,360,360,4990,669,1434,2700,501,86,4363,16,381,15140,755,166,308,673,108,17,1092,2,82,3203,360,0,0,0,0,0,15140,0,0,0,0,0,3203,0,0,0,0,0,68.90000000000001,68.90000000000001,4.7,4.7,55,1516,634,2234,514,437,2176,466,250,6394,27,660,13158,6368,0,0,7039,0,9,88588,77272,683,1164,2678,179287492,175024527,3205607,7468572,68960,34121215,-26583683,24200,350000,0,0,-26909483,27972656,6126971,145187865,46238646,7990230,11515961,21811457,4409241,741422,44808711,175000,3210314,140900982,7608625,1639281,1356278,5182919,1113530,568123,19999542,46750,871462,38386510,65937163,7842020,10651766,25242919,-572069,5134511,1035413,55259624,3618134,0,586444,0,288602,0,3205607,0,0,-12089892,1787491,2427848,4957064,388260,274132,9548629,0,175040,0,0,0,0,0,0,7366879,596509,12833584,0,0,0,69504,3793311,2215508,5370942,1874978,12206911,4097360,279716,1361302,7162493,4745108,973477,530798,1264840,53,1499157,87623665,0,80889355,4515990,1223246,7615054,181867310,21869623,0,0,159997687,181867310,217924,67112884,42226695,120255274,39365919,0,0,0,0,0,36113628,0,1704,1477,972,469506,60179,529685,379,2,24955,89490,166385,10976,42494,101811,5617,11560,13250,2968,183947,15253,147094,0,40250,45080,37882,0,210234,17119,166179,0,44651,48956,42546,0,,2003
106230949,frank r howard memorial hospital,1/1/2003,12/31/2003,365,audited,incl. ind. audit,mendocino,01,0112,non-profit,general,comparable,small/rural,(707)459-6801,1 madrone street,willits,95490-4225,kevin erich,president,diana hoyt,western health resources,0,05-1310,,zzr00440g,25,25,25,2451,0,528,0,243,587,0,0,36,3845,576,0,123,0,75,225,0,0,25,1024,25,0,0,0,0,0,3845,0,0,0,0,0,1024,0,0,0,0,0,42.1,42.1,3.8,3.8,0,0,0,25364,0,8412,0,1442,14204,0,0,2961,52383,10502,0,17599,22502,0,1,44715,34925,407,482,2151,49709875,30948715,0,18761160,211801,17837220,1135741,74971,0,0,0,1210712,5240132,11024791,33444952,12615162,0,2113425,0,1646401,4348336,0,0,557278,21280602,12106209,0,4745041,0,1511180,8272904,0,0,1793939,28429273,15318133,0,5954895,0,0,1988317,5468170,0,1350000,0,330027,0,539173,0,0,0,0,9403238,0,903571,0,1169264,5803070,0,0,1482017,0,73000,0,33992,0,0,2176089,4394838,5979640,0,0,0,0,1982144,934073,1971973,398463,8173274,2418857,747330,594112,2526814,1739764,522551,307021,159861,1026,646610,4594462,331364,2205849,103164,18611,0,7253450,2491106,0,448746,4313598,7253450,1157745,1187178,4680436,5875673,3669824,0,0,0,528674,79928,18611,0,262,154,84,291076,29659,320735,18,0,34458,54929,72564,9291,14497,83918,21279,0,140,0,48277,68007,73783,0,38513,31985,30511,0,55320,75577,80443,0,41530,34856,33009,0,,2003
106014034,fremont hospital - fremont,1/1/2003,12/31/2003,365,audited,excl. ind. audit,alameda,05,0421,investor,psychiatric,comparable,,(510)796-1100,39001 sundale drive,fremont,94538-2005,brent bryson,ceo,terry w. woolery,ardent health services,0,05-4110,,hsp34110f,78,78,78,5443,10,0,1518,3667,125,10216,0,14,20993,449,2,0,215,383,26,1793,0,4,2872,0,78,0,0,0,0,0,20993,0,0,0,0,0,2872,0,0,0,0,73.7,73.7,7.3,7.3,0,0,0,775,0,0,0,0,52,3916,0,28,4771,0,0,0,0,0,0,0,0,0,0,0,28050552,13804351,0,14246201,12512,15009615,-750902,150870,12850,0,0,-612882,25206876,1644263,1199413,6838747,13248,0,1886828,4706733,149372,12780843,0,29023,26404794,267137,0,0,0,0,18075,1350871,0,9675,1645758,3780252,3000,0,867964,0,1924383,2232,6490059,332717,0,16683,0,387061,0,0,0,0,3325632,10248,0,1018864,2782350,119832,6981848,0,7427,0,0,0,0,0,0,5741849,567840,566347,0,0,0,0,2142674,1118586,3006260,1866059,5868631,2494993,922385,461058,700984,2133442,238012,57183,333557,1154071,645299,2858921,0,6880451,0,479,0,9739851,16382351,0,0,-6642500,9739851,81761,5976867,806944,8407316,1526865,0,0,0,0,0,0,15318619,143,119,52,240188,20632,260820,29,0,30867,111065,38315,18892,0,15656,11965,856,9947,2625,143435,12897,0,0,32379,21016,30461,0,153406,14453,0,0,35822,22973,34166,0,,2003
106510882,fremont hospital - yuba city,7/1/2002,6/30/2003,365,audited,incl. ind. audit,sutter,02,0227,non-profit,general,comparable,,(530)751-4000,970 plumas st,yuba city,95991-4019,thomas p. hayes,ceo,georgia kaiser,fremont rideout health group,0,05-0207,,zzr00207f,132,132,132,11567,19,6384,31,662,6058,271,0,252,25244,2191,3,3598,14,148,760,116,0,117,6947,132,0,0,0,0,0,25244,0,0,0,0,0,6947,0,0,0,0,0,52.4,52.4,3.6,3.6,14,3876,2019,16117,1,14240,10,1454,16768,681,0,3116,52387,0,6613,0,45508,0,6,193091,129483,1739,1980,3604,110822995,54202568,0,56620427,441932,55312877,1749482,5735978,0,0,0,7485460,21565348,2771668,86485979,38941620,72319,19072714,54360,2144288,20036196,686509,0,1633807,82641813,9070610,579,7012453,4851,746726,9229284,393667,0,1723012,28181182,29178516,65043,15431388,26255,0,2048211,6229728,266415,947825,0,9187,0,0,0,0,0,0,18423082,7231,10430687,32449,818077,22785457,804523,0,3318921,0,-6521561,710000,4214596,0,0,11553671,1960647,22504931,0,0,0,80720,9577421,1445563,6251453,1938471,19584612,7833200,0,3053807,10945552,7862805,2990697,299845,577353,528752,1636254,24159342,131864450,23712210,6152847,0,3977865,189866714,13091342,8468220,61298960,107008192,189866714,14941786,28230157,32830916,64895839,41183629,0,0,59071632,61579125,280165,543686,93936,563,499,209,944499,109651,1054150,130,1,52992,160370,249075,85037,28421,167226,100514,85341,13834,1689,305531,38137,251581,3024,208541,56616,81069,0,338385,41108,281797,3240,233051,65296,91273,0,,2003
106510882,fremont hospital - yuba city,7/1/2003,10/31/2003,123,audited,excl. ind. audit,sutter,02,0227,non-profit,general,comparable,,(530)751-4000,970 plumas st,yuba city,95991-4019,thomas p. hayes,ceo,georgia kaiser,fremont rideout health group,0,05-0207,,zzr00207f,132,132,132,3493,0,2787,6,174,954,83,0,138,7635,688,0,1212,3,46,215,34,0,51,2249,132,0,0,0,0,0,7635,0,0,0,0,0,2249,0,0,0,0,0,47,47,3.4,3.4,14,1435,767,6052,9,5057,0,579,5712,176,0,926,18511,0,2131,0,16258,0,6,58256,47583,518,719,1431,40422403,22183867,0,18238536,125961,18280413,84084,1493643,0,0,0,1577727,8442067,1134259,30846077,14140236,0,6959508,10764,437605,6697899,189535,0,921075,29356622,3727943,5629,2717958,0,330693,3507495,135627,0,640436,11065781,11803797,3917,6837687,5728,0,636682,2418272,65432,404152,0,8200,0,0,0,0,0,0,5885787,1579,2743022,4928,123934,7685086,256479,0,1537721,0,0,0,1318449,0,0,3624646,750600,7438999,0,0,0,26018,3067506,468143,2162916,741585,6524575,2706628,0,830406,3359968,2740083,1031062,63090,238499,173423,612679,20457369,139300365,22863917,6831524,0,4102438,193555613,15226691,8442664,61300339,108585919,193555613,11452347,28269980,33312469,65420301,42556384,0,0,59073011,61580504,280165,554632,93936,557,488,213,302956,39692,342648,130,1,19367,51666,84742,26623,5918,55765,30868,27317,0,690,94904,13232,81709,953,66077,18597,27484,0,107143,14092,92603,1005,74902,21318,31585,0,,2003
106400480,french hospital medical center - slo,1/1/2003,12/31/2003,365,audited,excl. ind. audit,san luis obispo,08,0801,non-profit,general,comparable,,(805)543-5353,1911 johnson avenue,san luis obispo,93401,wayne allen,cfo,jeffrey n. brown,vista hospital systems inc.,0,05-0232,hsc30232g,,112,112,39,5660,2504,1466,0,260,223,3658,0,40,13811,1390,552,595,0,79,84,1194,0,13,3907,112,0,0,0,0,0,13811,0,0,0,0,0,3907,0,0,0,0,0,33.8,33.8,3.5,3.5,0,0,0,10406,3765,4355,0,597,2782,19235,0,403,41543,14189,0,0,19381,0,14,531400,667730,5928,9761,6078,242027357,203117366,0,38909991,376698,41951307,-2664618,52553,0,0,0,-2612065,36206818,4451444,201369095,58858073,26694377,9787605,0,2363717,2868200,38844611,0,826786,140243369,28618024,9407558,8268885,0,1259879,5986514,47846385,0,396743,101783988,68940703,26637078,16730546,0,0,3187358,3011859,80343625,3362846,0,0,0,903351,0,0,0,0,17726439,9096380,801098,0,309991,4994787,5235686,0,745610,0,0,0,0,0,0,6742923,1422453,19673138,0,0,0,0,4223770,1640523,4891312,3357188,14439672,5136802,96691,2585003,9447988,4068084,2492837,137964,437097,2013519,1095650,8589067,0,16241606,190563,252372,2166598,27440206,19053122,2866257,60834205,-55313378,27440206,0,12989117,13526285,31601212,15359606,0,278623,52641678,62199547,1365342,0,4388382,337,319,184,627577,63171,690748,165,0,61678,113940,183143,2029,54746,124347,61378,0,23521,2795,155014,27167,245419,0,92326,50409,57242,0,167031,29541,278986,0,100228,53314,61648,0,,2003
106104089,fresno county - phf,7/1/2002,6/30/2003,365,audited,incl. ind. audit,fresno,09,0605,city/county,psychiatric,phf,,(559)445-3295,4411 e. kings canyon road,fresno,93702,don pierce,interim director,joey torres,county of fresno,0,,,,16,16,16,0,0,2811,0,0,68,0,2322,171,5372,0,0,328,0,0,12,0,320,23,683,0,16,0,0,0,0,0,5372,0,0,0,0,0,683,0,0,0,0,92,92,7.9,7.9,0,0,0,0,0,0,0,0,0,0,0,0,0,0,0,0,0,0,0,0,0,0,0,0,3088900,1726898,0,1362002,0,4622465,-3260463,3260463,0,0,0,0,3088900,0,0,0,0,1616325,0,0,39100,0,1335150,98325,3088900,0,0,0,0,0,0,0,0,0,0,0,0,284333,0,0,0,31280,0,103420,0,1307865,0,0,0,0,0,0,0,0,1323910,0,0,7624,0,20609,9859,0,0,0,0,0,3260463,0,0,0,0,0,0,0,0,0,0,0,0,0,0,0,0,0,0,0,0,0,0,0,0,0,0,0,0,0,0,0,0,0,0,0,0,0,0,0,0,0,0,0,0,0,0,0,0,0,0,0,0,2,0,0,0,0,0,0,0,0,0,0,0,0,0,0,0,0,0,0,0,0,0,0,0,0,0,0,0,,2003
106104047,fresno surgery center,1/1/2003,12/31/2003,365,audited,incl. ind. audit,fresno,09,0605,investor,general,comparable,,(559)431-8000,6125 north fresno street,fresno,93710-5207,alan h. pierrot  m.d.,ceo,rick jackson,fsc hospital llc & fsc health  inc.,0,05-0708,,hsp40708f,20,20,20,807,0,1,0,0,3647,0,0,48,4503,344,0,1,0,0,1675,0,0,25,2045,20,0,0,0,0,0,4503,0,0,0,0,0,2045,0,0,0,0,0,61.7,61.7,2.2,2.2,0,0,0,2391,0,76,0,0,10873,0,0,142,13482,0,0,0,3632,0,6,492118,295487,5468,9850,0,81727961,53757284,0,27970677,683981,28103698,550960,77181,0,1060564,0,-432423,5625000,0,76102961,7797812,0,7601,0,0,33517696,0,0,507851,41830960,10215603,0,170359,0,0,29196713,0,0,314326,39897001,14313096,0,151620,0,0,0,38763386,0,529182,0,0,0,0,0,0,0,0,3700319,0,26340,0,0,23951023,0,0,292995,0,0,0,37029,0,0,2467507,0,10087875,0,0,0,0,2701305,822956,8983710,3040345,10518038,1746071,0,1755880,6660879,1442784,1925209,552586,101963,1250979,2149309,13110018,0,12417695,3520262,2145683,0,31193658,5542293,7371894,12063672,6215799,31193658,7543865,11198517,10813872,23695842,11278147,9459817,3161404,0,14291813,2228141,0,0,225,183,125,344454,48424,392878,194,0,41652,65028,114430,2415,11395,67889,29732,0,6365,5548,61274,0,135876,0,57125,28945,61234,0,72194,0,156111,0,63276,33119,68178,0,,2003
106301283,garden grove hosp & medical center,3/1/2002,2/28/2003,365,audited,excl. ind. audit,orange,13,1012,investor,general,comparable,,(714)537-5160,12601 garden grove blvd.,garden grove,92843,maxine cooper,ceo,remedios h. maglaya,tenet healthcare corporation,0,05-0230,hsc30230f,,168,168,168,9050,1679,6252,5495,1362,253,4071,60,487,28709,1580,502,2226,1553,407,75,1224,17,146,7730,168,0,0,0,0,0,28709,0,0,0,0,0,7730,0,0,0,0,0,46.8,46.8,3.7,3.7,8,4339,2668,45950,2622,13104,12081,1771,2818,26662,325,4648,109981,23469,0,33862,53163,0,6,182994,196500,2082,2781,5606,346166114,283524079,4675029,67317064,84722,63228144,4173642,1042760,790728,0,0,4425674,52199822,26054309,267911983,81315467,16046842,48872520,39974194,13038939,2425051,40576888,674677,4183588,247108166,20851307,4580230,7094834,17931474,2061902,3277595,38575212,452807,4232587,99057948,80006109,17302873,47088967,53470008,-7832796,14046973,4782640,64085592,6102771,0,2977510,-37171,1530603,0,4473531,0,201498,22160665,3324199,14897447,8872901,1091039,920006,15268006,0,782801,0,0,0,0,0,0,10447838,6571669,18111129,0,0,0,0,7486664,4661890,12098270,3850684,23218705,7403154,705411,2366006,9442571,12356013,2500249,380247,1941341,5190,2909257,20782120,0,52046771,130778,33732468,2248199,108940336,8063629,0,0,100876707,108940336,10955,48509651,12467010,68630304,16583533,0,0,0,0,0,32798212,0,609,458,306,905317,97503,1002820,279,0,72074,175301,330236,26876,58732,172932,9983,9890,48606,687,274096,173261,241940,0,73759,53809,88452,0,306571,187280,271244,0,81114,60258,96353,0,,2003
106301283,garden grove hosp & medical center,3/1/2003,12/31/2003,306,audited,excl. ind. audit,orange,13,1012,investor,general,comparable,,(714)537-5160,12601 garden grove blvd.,garden grove,92843,maxine cooper,ceo,remedios h. maglaya,tenet healthcare corporation,0,05-0230,hsc30230f,,155,155,155,8158,1613,5045,4091,763,134,2996,12,523,23335,1547,417,1801,1063,210,53,1015,5,228,6339,155,0,0,0,0,0,23335,0,0,0,0,0,6339,0,0,0,0,0,49.2,49.2,3.7,3.7,8,3467,2206,30975,2415,13108,10084,1303,1027,20828,181,4124,84045,21385,0,23944,38831,0,6,144270,168868,1684,2413,5271,290936617,238351084,4637477,57223010,82282,53558947,3746345,809418,636709,0,0,3919054,42592564,23154095,225189958,74191384,15469859,39774787,30875715,7605613,1335794,32546581,127906,5212565,207140204,18175113,4214988,7019497,15047991,1707843,1345953,31871767,204454,4208807,83796413,73334824,16974144,38426685,42630640,-4446283,8647626,2311448,49531958,7499310,0,2762744,-74592,752580,0,4476229,0,161248,19031673,2710703,10388143,7764650,665830,370299,15047638,74592,1169482,0,0,0,0,0,0,8997341,5553567,15982934,0,0,0,0,6497497,3716972,9615039,3195597,20837103,6868915,527099,1327762,7722068,9606344,2134369,424989,1528495,77,2581726,18318984,0,41802191,75504,48112649,2244679,110554007,8793148,30,0,101760829,110554007,142365,42267579,12369991,58680438,16878247,0,0,0,0,0,38706327,0,650,518,306,796396,125293,921689,228,0,76449,156773,285191,25412,53615,169033,9705,1653,18300,265,240743,110696,248899,0,69747,46918,79393,0,272113,122747,308100,0,76710,53248,88771,0,,2003
106190315,garfield medical center,6/1/2002,5/31/2003,365,audited,excl. ind. audit,los angeles,11,0913,investor,general,comparable,,(626)307-2010,525 north garfield avenue,monterey park,91754,philip a. cohen,ceo,trina k. thorson,tenet healthcare corporation,0,05-0432,hsc30432g,hsp30432g,208,208,208,33760,2609,20994,7060,0,110,5443,161,211,70348,3901,742,3795,2060,0,30,1546,44,59,12177,180,0,0,28,0,0,62714,0,0,7634,0,0,11691,0,0,486,0,0,92.7,92.7,5.8,5.8,26,8221,3563,22885,4474,18788,13681,0,1332,32811,283,2387,96641,22843,48124,0,26366,0,6,280140,488520,2251,4363,4529,1002281738,885025358,26695383,143951763,655155,107921465,36685453,1745458,2718798,0,0,35712113,186698729,30243133,785339876,381807997,37788789,257445900,54303002,0,2014092,96446672,3142361,3705169,836653982,40333757,9696201,26871090,29050163,0,1663762,55327752,365695,2319336,165627756,351028793,49094461,238967399,79278632,-5679199,0,3172502,138603096,4260335,0,25401104,0,898235,7882672,11126989,0,7685722,71112961,6273201,29709477,14627787,0,505352,20857050,0,865935,0,-3400645,0,0,0,0,26878076,4633229,40687578,0,0,0,0,13873233,5895757,12634552,3319040,47073644,16500554,631250,1256817,19540481,12923013,3600078,783049,2266818,35004,3310757,33533721,0,37548291,358352,262759884,44538,334244786,21566196,0,12018,312666572,334244786,86568,43776610,28958413,76024074,38475783,0,0,0,13329,1311,0,0,1374,1038,704,1921647,247197,2168844,183,0,107724,357325,686628,59386,215105,362343,74235,49681,8415,805,711078,122678,568624,0,222814,100906,195547,0,808009,139076,649392,0,245245,113250,213872,0,,2003
106190315,garfield medical center,6/1/2003,12/31/2003,214,audited,excl. ind. audit,los angeles,11,0913,investor,general,comparable,,(626)307-2010,525 north garfield avenue,monterey park,91754,philip a. cohen,ceo,trina k. thorson,tenet healthcare corporation,0,05-0432,hsc30432g,hsp30432g,208,208,208,19244,1422,10931,4032,0,103,3972,196,250,40150,2263,281,2212,1161,0,27,1132,49,66,7191,180,0,0,28,0,0,35713,0,0,4437,0,0,6927,0,0,264,0,0,90.2,90.2,5.6,5.6,26,4914,2058,18127,2420,12580,7087,0,650,19661,125,1236,61886,13962,32234,0,15993,0,6,130260,181380,1439,2727,2959,574888893,514948175,17149373,77090091,357236,67913358,9533969,1052158,1586409,0,0,8999718,105919096,19030966,449938831,220284654,20091047,124597815,30318856,0,1665537,67258780,2221812,4911424,471349925,24858898,5325798,14363611,17848526,0,767754,38874524,123311,1376546,103538968,211955467,26343167,117293845,46015208,-695597,0,2051481,96128711,5447342,0,10090299,0,318252,4767054,6484851,0,5897468,33188085,3840732,14619126,8635901,0,381810,15902061,0,522376,2059093,0,0,0,0,0,15940046,2570977,25838106,0,0,0,0,8462714,4288077,7642156,3171282,28019494,10444170,354572,571473,12508931,9460956,2117545,539336,1817534,4101,2075246,23947259,0,37473857,243165,281174720,109969,342948970,23328931,0,12842,319607197,342948970,46098,44078951,28550356,75918358,38444501,0,0,0,13329,487,0,0,1288,1028,724,1114150,141474,1255624,232,0,82765,208426,367486,34639,125469,220784,43301,29465,731,1084,380829,68162,362440,0,132034,58817,111868,0,437367,77727,406635,0,145323,66016,122556,0,,2003
106190317,gateways hospital and mental health ctr,7/1/2002,6/30/2003,365,audited,incl. ind. audit,los angeles,11,0925,non-profit,psychiatric,comparable,,(323)644-2000,1891 effie st,los angeles,90026-1711,mara pelsman,ceo,jeffrey n. brown,gateways hospital and mental health center,0,05-4028,,hsd34028f,55,55,27,0,0,0,0,9375,62,0,0,0,9437,0,0,0,0,592,5,0,0,0,597,0,55,0,0,0,0,0,9437,0,0,0,0,0,597,0,0,0,0,47,47,15.8,15.8,0,0,0,0,0,0,0,8941,0,0,41253,0,50194,0,50194,0,0,0,0,0,0,0,0,0,19622131,6063423,0,13558708,85380,13689968,-45880,982527,0,0,0,936647,6641400,6206279,6774452,0,0,0,0,11735484,76319,0,0,0,11811803,0,0,0,0,2834379,0,0,4975949,0,7810328,0,0,0,0,0,6018258,30400,0,-7822,0,22587,0,0,0,0,0,0,0,0,0,0,8559427,45919,0,4953362,0,0,0,223434,757593,0,0,1710155,5026178,2410726,0,0,0,0,1939320,606136,1620228,377225,6936478,2368281,1072326,475619,924513,605587,139570,350467,116808,16942,683377,4376945,0,1469531,215474,361955,0,6423905,2338646,528700,93272,3463287,6423905,1020190,4024461,1429175,6227681,4758150,128230,0,0,128230,34958,0,0,289,193,41,371381,34366,405747,20,0,66529,161335,8702,10568,25773,49134,45867,0,2729,744,72994,147111,46812,0,62355,16970,25139,0,79479,159408,51418,0,68861,18832,27749,0,,2003
106270777,george l. mee memorial hospital,10/1/2002,9/30/2003,365,audited,excl. ind. audit,monterey,08,0709,non-profit,general,comparable,small/rural,(831)385-6000,300 canal st,king city,93930-3431,walter beck,ceo,tracy moziak addleman,southern monterey county,0,05-0189,,zzr00189f,68,68,60,5677,0,1326,9148,0,818,590,0,362,17921,489,0,374,491,0,303,166,0,110,1933,52,0,0,0,16,0,4476,0,0,0,13445,0,1760,0,0,0,173,0,72.2,72.2,9.300000000000001,2.5,8,1138,520,12266,0,19828,18872,0,24705,1543,0,2545,79759,8393,62000,0,0,0,3,99782,119126,2123,2290,0,71249227,39922126,0,31327101,315120,31597897,44324,2180976,25973,0,0,2199327,10952140,14415982,45881105,9867842,0,5222240,8925469,0,4517848,3298478,0,2116826,33948703,13260616,0,5390310,6684824,0,8630399,2144950,0,1189425,37300524,16788496,0,7241608,7250568,0,0,3840713,1297253,2718363,0,25699,0,759426,0,0,0,0,5411741,0,2951300,7876910,0,8784220,3940937,0,2361993,0,0,47408,2031419,0,0,6677120,7180072,8181130,0,0,0,0,3795714,1722584,2236862,1804415,12697838,5222814,1642426,1902213,3741937,2220274,901780,582870,561774,857411,1266560,8684593,1102175,17378787,13224,1298021,0,28476800,8773982,369536,12206184,7127098,28476800,1306445,18369013,7306751,26668318,9289531,0,441199,12447985,12889184,683000,0,0,375,292,92,532991,78137,611128,63,0,64777,47789,79415,21874,68873,194133,10626,42644,2860,0,133099,118985,94676,0,85255,57110,43866,0,150504,135529,113765,0,96021,65460,49849,0,,2003
106190323,glendale adventist medical center,1/1/2003,12/31/2003,365,audited,incl. ind. audit,los angeles,11,0909,non-profit,general,comparable,,(818)409-8000,1509 wilson terrace,glendale,91206-4007,scott reiner,ceo,deana allington,adventist health,0,05-0239,hsc30067f,,448,393,393,55644,1707,27119,2665,0,1994,15910,26,1244,106309,6079,400,3844,934,0,387,3789,9,402,15844,320,60,0,28,40,0,66033,21066,0,7255,11955,0,13173,1333,0,552,786,0,65,74.09999999999999,6.7,6.3,22,4512,2162,68561,3810,23019,16703,0,47324,64932,233,9538,234120,33227,31855,31741,122674,295,9,423300,345060,3639,5202,12973,859204086,665851762,2287621,195639945,3941570,201410567,-1829052,19826365,2309009,0,0,15688304,213535863,67796694,577871529,306242871,13769243,169395788,20302642,0,12164442,117372161,131638,7854443,647233228,65091552,4113951,22396944,20216639,0,15808944,76709717,77783,7555328,211970858,280137153,14191379,162408356,35474742,0,0,17121078,135980897,15093471,0,4446137,0,998549,0,2287621,0,0,90791286,3445429,25752513,7179530,0,8606950,55969533,0,3894704,0,1000000,257544,1632377,0,0,43244490,13427248,61506917,515984,0,0,4579385,28827111,8311821,30646975,10350636,81814903,21100097,3699062,13582162,32552564,26277770,10616720,1424817,2220612,1037250,7084610,60827530,16076601,81025614,19467638,29011595,2216227,208625205,36803995,24674416,78163287,68983507,208625205,13791035,138282463,90156584,235450234,154424620,0,0,80749553,80853287,2690000,28203783,2864906,2382,1585,570,3093402,357804,3451206,428,24,291566,812614,673936,101865,350486,526297,114835,66362,60106,95335,1094329,238815,716731,59279,374356,221900,348671,39321,1198603,270803,810454,59718,409538,252437,407291,42362,,2003
106190522,glendale memorial hospital & health ctr,7/1/2002,6/30/2003,365,audited,incl. ind. audit,los angeles,11,0909,non-profit,general,comparable,,(818)502-1900,1420 s. central ave,glendale,91204-2508,catherine pelley,president/ceo,kate jackson,catholic healthcare west,0,05-0058,hsc30058f,zzt30058f,334,334,334,31396,6892,16973,1980,0,1401,13891,0,7528,80061,5468,644,3350,655,0,358,3810,0,2014,16299,241,49,0,14,30,0,58025,13114,0,3163,5759,0,13720,1348,0,255,976,0,65.7,65.7,4.9,4.8,21,3028,1660,25278,3300,22888,9542,0,16340,36124,7,476,113955,35202,46310,26773,3969,0,5,406215,224725,3073,3815,10619,666376166,528561104,8122102,145937164,1603011,150688194,-3148019,1243050,772337,0,0,-2677306,166003891,43154902,457217373,204285853,44604117,134537926,15450714,0,8402963,105204212,0,15134476,527620261,39239379,8846977,23577638,11489484,0,6909137,48344553,37334,311403,138755905,177081446,49659062,138284738,23694194,0,0,9111824,116032490,12198606,0,2498744,0,0,1855754,935329,0,5331019,63805730,3371210,19045628,3033902,0,5548108,36307380,37194,14788012,0,-4206761,14187,0,0,0,35410872,11546875,53740005,0,0,0,0,22653674,4998030,15659946,6678792,61145195,19372256,1703537,3762856,27732626,20520700,8441478,1348489,1244473,907772,4508812,36869239,0,68281275,4935061,1929188,0,112014763,27057262,0,14651881,70305620,112014763,0,59012954,28897245,97179774,28898499,0,0,15406477,15406477,754596,1929188,1107173,1536,1213,655,2297509,277817,2575326,163,0,151831,654259,651456,41719,169002,345838,231599,0,35732,16073,763963,217352,571261,0,408466,112617,223370,480,855871,244490,640523,0,457302,126102,250558,480,,2003
106110889,glenn medical center,7/1/2002,6/30/2003,365,audited,incl. ind. audit,glenn,01,0223,non-profit,general,comparable,small/rural,(530)934-1881,1133 west sycamore street,willows,95988-2601,john rinset,administrator,tamara berg,enloe health system,4,05-1306,,hsp30082i,15,15,15,200,0,37,0,14,28,0,0,10,289,74,0,17,0,3,12,0,0,6,112,15,0,0,0,0,0,289,0,0,0,0,0,112,0,0,0,0,0,5.3,5.3,2.6,2.6,0,0,0,11127,0,7350,0,1047,6132,2147,0,4303,32106,4800,15668,0,11561,0,0,0,0,0,0,146,9373286,4417125,33209,4989370,18192,5205366,-197804,46188,0,0,0,-151616,380679,4093348,4899259,504601,0,80841,0,34276,65370,0,0,33246,718334,2874629,0,2127763,0,350572,2314423,160654,0,826911,8654952,1688198,0,1384538,0,0,188615,697015,104152,615091,0,1349,-300000,38167,0,0,0,33209,1691032,0,824066,0,229233,1880778,89711,0,274550,0,-887267,4915,38810,0,0,450215,1954876,1175520,0,0,0,0,591743,293098,641904,98010,1730705,490148,832209,430055,446612,809759,91071,31955,88558,491,253803,1301112,0,219253,2000,12024,0,1534389,1098709,0,0,435680,1534389,435,0,970137,1010325,791072,0,0,0,0,0,0,7500,64,53,19,104389,10705,115094,0,0,8208,18453,8133,9462,3076,36937,11928,3018,5174,0,8098,36857,20877,0,14866,11466,12225,0,8722,40664,22647,0,16765,12487,13809,0,,2003
106420483,goleta valley cottage hospital,1/1/2003,12/31/2003,365,audited,incl. ind. audit,santa barbara,10,0807,non-profit,general,comparable,,(805)967-3411,351 s. patterson ave,santa barbara,93111-2403,ronald c. werft,president/ceo,wendy kaufmann,goleta valley cottage hospital,4,05-0357,,zzt30357f,122,109,109,2668,849,3073,6859,33,2251,0,0,115,15848,497,248,67,114,14,776,0,0,54,1770,67,0,0,0,55,0,5303,0,0,0,10545,0,1747,0,0,0,23,0,35.6,39.8,9,3,10,775,344,9158,2093,611,3357,749,22029,0,0,4037,42034,16611,0,0,26295,0,4,126277,61448,903,924,2317,86021408,59870701,0,26150707,814044,29188236,-2223485,592291,49945,0,0,-1681139,15500060,5136847,65384501,17421342,6543820,6851982,12574582,566383,15958581,0,0,869181,60785871,6022044,1297454,305582,2043456,418075,13146036,0,0,2002890,25235537,18532666,5567860,5170643,10505468,0,873720,14935534,0,843723,0,655195,0,2785892,0,0,0,0,3742982,1882833,1630395,3384432,69199,12711855,0,0,2729011,0,0,542500,40106,0,0,7457534,1734122,12297574,0,0,0,0,3794559,756318,2343105,805024,10394784,4622618,599435,2923386,5598116,2779255,986267,333094,63751,47430,840100,7779987,352188,5187086,77642,613571,0,14010474,8727229,0,1285906,3997339,14010474,1512343,13131921,8485526,22637402,17450316,0,17010,0,1295354,9448,32147,4660488,295,222,151,449256,44999,494255,121,0,25412,79839,114986,31130,59634,51908,49710,4890,31747,0,174632,37467,141557,0,65532,11498,18570,0,191633,40719,157337,0,70962,12679,20925,0,,2003
106190392,good samaritan hospital - la,9/1/2002,8/31/2003,365,audited,excl. ind. audit,los angeles,11,0925,non-profit,general,comparable,,(213)977-2121,1225 wilshire boulevard,los angeles,90017-1901,andrew leeka,president/ceo,knenge martin,good samaritan hospital,0,05-0471,hsc30471f,zzt30471f,390,362,362,46684,2706,14207,2128,0,3950,22473,492,2441,95081,6593,587,3021,539,0,339,5790,106,699,17674,339,0,0,23,28,0,81145,0,0,4747,9189,0,16448,0,0,337,889,0,66.8,72,5.4,5.1,18,6864,3260,27304,380,3650,2495,0,1605,9164,24,5650,50272,25849,0,9414,15492,0,33,768196,224020,4210,4092,10445,720961795,535071970,0,185889825,2043060,200667144,-12734259,13189325,4173,0,0,450893,182615541,18863208,519483046,274286016,20923962,77356137,14202214,0,22993728,174506144,1965702,16972425,603206328,35038391,2402464,11058547,3990261,0,4306497,52089645,211957,8657705,117755467,220030013,16544144,71415859,12865899,0,0,17760265,157945705,13133563,0,3196239,0,22180283,0,0,0,0,82367935,6261479,14750682,4921562,0,8980874,63678014,608059,4321220,0,660933,8829927,4085779,0,0,44915789,7455042,78660588,0,0,182171,973165,29880842,7187579,15695734,15716234,72504914,16665273,2402855,4627272,46539013,28571664,9417558,2130171,5028069,6033356,6746999,59141662,39815894,76540671,1253946,29374521,0,206126694,87093345,0,75958076,43075273,206126694,5448540,107171112,161431174,283133308,206592637,0,0,75958076,75958076,0,14461207,0,1395,1266,624,2358489,274987,2633476,302,134,199068,672649,756772,46080,211989,340788,54826,76317,0,0,879691,106325,722693,29275,314543,139726,166236,0,1003405,119829,802445,32203,335220,154766,185608,0,,2003
106430779,good samaritan hospital - san jose,1/1/2003,12/31/2003,365,audited,incl. ind. audit,santa clara,07,0431,investor,general,comparable,,(408)559-2185,2425 samaritan dr,san jose,95124,william piche,ceo,william a. fretwell,hca healthcare corporation,0,05-0380,hsc00380f,,395,281,205,22599,3247,2423,806,0,3534,39767,45,635,73056,4049,647,441,132,0,362,10381,8,214,16234,328,21,0,0,46,0,62306,4765,0,0,5985,0,15067,690,0,0,477,0,50.7,71.2,4.5,4.3,38,5553,2342,18387,1944,1731,1965,0,3086,75613,65,3580,106371,37838,25080,0,44367,0,15,639930,448243,4418,5599,17878,838106725,580177353,0,257929372,2130085,240535647,19523810,1038150,306292,0,0,20255668,166719781,40305889,631081055,174924176,28504676,14815172,4523006,0,26649665,357699020,862773,5098265,613076753,49352017,6026266,2781292,2218774,0,7578845,152634807,83145,4354826,225029972,176812363,24261770,16981333,5986398,0,0,27421660,314251930,10460226,0,819289,0,3182384,0,0,0,0,47332632,10269172,489219,755382,0,6806850,188697560,126629,3451928,0,-1454731,0,229447,0,0,57178179,10506562,83325600,0,0,0,0,29890590,11506109,33065715,15062892,76802988,40905393,3624469,17783950,40800903,25251106,6723493,3336141,2473612,7635113,15198479,59141414,0,76524729,1582969,0,23599675,160848787,16553400,477630,86700430,57117327,160848787,7132,57927928,51315446,122925272,46400543,0,0,0,86700430,0,0,86700430,1630,1187,882,2342142,333549,2675691,520,0,135459,558121,745788,6231,214889,347002,127597,0,99603,107452,816130,134835,736964,0,343755,42046,268412,0,945102,155598,850576,0,383529,47021,293865,0,,2003
106150775,good samaritan hospital-bakersfield,1/1/2003,12/31/2003,365,audited,excl. ind. audit,kern,09,0617,investor,general,comparable,,(805)399-4661,901 olive drive,bakersfield,93308-4137,david huff,administrator,robert c. perkins,alliance investment hc inc.,0,05-0257,hsc30257g,zzt30257g,64,64,34,5394,106,4207,1913,0,352,0,0,129,12101,824,24,923,613,0,102,0,0,37,2523,43,21,0,0,0,0,8556,3545,0,0,0,0,2075,448,0,0,0,0,51.8,51.8,4.8,4.8,0,0,0,7874,198,745,1701,0,1040,0,0,533,12091,0,91,0,7604,0,2,22896,28715,207,290,321,31675933,18108099,0,13567834,26807,16497974,-2903333,17181,0,0,0,-2886152,8931109,1976849,20767975,10415539,90750,9841171,3609422,0,1093378,0,0,499581,25549841,2806566,157590,854036,1266462,0,740331,0,0,301107,6126092,7817985,103061,6384959,3119343,-1849066,0,1344121,0,562659,0,412172,0,212865,0,0,0,0,5404120,145279,5866330,1637353,0,489588,0,0,25164,0,0,0,17181,0,0,4104440,528989,2769101,0,0,0,0,1892435,630016,4498620,2074373,5236111,1072339,339140,3308805,1730991,1617522,147448,455634,4000,1678439,907545,8552619,0,1335733,0,0,0,9888352,3082100,0,18169307,-11363055,9888352,119308,762812,1692015,2454827,1119094,0,477620,0,18648395,479088,0,9685534,190,170,78,337754,33198,370952,169,0,40121,55969,41097,4131,52588,80546,46716,0,16586,0,127309,13439,45520,0,72122,34131,45233,0,139725,14824,51175,0,79315,37483,48430,0,,2003
106190352,greater el monte community hospital,6/1/2002,5/31/2003,365,audited,excl. ind. audit,los angeles,11,0913,investor,general,comparable,,(626)579-7777,1701 santa anita avenue,south el monte,91733-3482,sandra m. chester,ceo,trina k. thorson,tenet healthcare corporation,0,05-0615,hsc30615h,,117,117,117,7309,538,11478,2451,0,510,2447,212,164,25109,743,170,1702,777,0,161,768,66,52,4439,104,0,0,0,13,0,20481,0,0,0,4628,0,4421,0,0,0,18,0,58.8,58.8,5.7,4.6,4,2343,1091,3222,586,8343,6891,192,216,1462,581,3776,25269,19021,0,0,7160,0,3,122950,110655,2459,2140,2705,237476338,202774194,1523642,36225786,95881,37317579,-995912,108162,23616,0,0,-911366,43772406,9918818,183785114,61858046,5341055,71366890,15696624,0,4799279,28976044,1999172,1584937,191622047,9180027,1028072,18461403,9957932,258050,184254,1467680,764583,4552290,45854291,59311787,5647763,68065343,23398597,-4402170,0,4395594,26538760,5257929,0,13994964,0,565627,0,1523642,0,0,11726286,721364,15022304,3691208,258050,587939,3904964,0,313671,0,-703641,0,0,0,0,9769679,2002326,10286327,0,0,0,0,5125806,2521022,6418087,1194332,13545768,4259181,794710,3827940,4313038,6902576,1108493,312327,729384,6664,1517498,26067215,0,16181627,110597,688124,1251217,44298780,3782053,0,0,40516727,44298780,753,16752605,9928629,28214821,12033194,0,0,0,0,0,12558159,0,351,282,242,596899,51019,647918,203,0,51002,111538,149271,35556,52828,94720,39759,837,60576,812,238271,33535,144922,0,81619,40289,58263,0,254698,36911,160204,0,87753,44812,63540,0,,2003
106190352,greater el monte community hospital,6/1/2003,12/31/2003,214,audited,excl. ind. audit,los angeles,11,0913,investor,general,comparable,,(626)579-7777,1701 santa anita avenue,south el monte,91733-3482,sandra m. chester,ceo,trina k. thorson,tenet healthcare corporation,0,05-0615,hsc30615h,,117,117,117,4086,435,6476,1399,6,342,1899,500,66,15209,391,50,640,283,2,150,839,219,27,2601,104,0,0,0,13,0,12486,0,0,0,2723,0,2598,0,0,0,3,0,60.7,60.7,5.8,4.8,4,1396,635,1906,321,5020,4311,88,118,911,406,2554,15635,11894,0,0,4564,0,3,73767,55812,1314,1088,1729,146395379,129503529,881249,17773099,27649,23156233,-5355485,69284,17815,0,0,-5304016,27310320,7093592,111991467,37451705,4271004,39051876,9655578,55428,3074128,19467938,4487190,671726,118186573,5164479,622802,11115283,6302114,119466,106276,974501,561400,3242485,28208806,40288906,4138086,37387709,14477037,-3620197,0,2953622,18704796,3506751,0,11446650,0,220169,0,881249,0,0,2327278,755720,10055265,2308226,174894,226782,1737643,0,187291,0,-3461739,0,0,0,0,6325161,1260944,6269784,0,0,0,0,3029775,1624231,3412162,1234176,7943227,2505699,387775,3222983,2525221,4137684,498622,138261,820185,5009,971567,20024821,0,13470588,68047,582629,1150521,35296606,3545272,0,362,31750972,35296606,2075,14913457,9598851,26045895,12575307,0,0,0,362,0,8454105,0,353,281,191,361090,29760,390850,255,0,29751,65058,87070,20740,30815,55252,23191,541,45294,3378,145934,21585,85518,0,47661,23577,36815,0,155515,23554,94434,0,51239,26216,39892,0,,2003
106160725,hanford community hospital,1/1/2003,12/31/2003,365,audited,excl. ind. audit,kings,09,0615,non-profit,general,comparable,small/rural,(559)582-9000,450 greenfield ave,hanford,93230-3513,darwin remboldt,president,jeffrey n. brown,adventist health,0,05-0121,,zzt30121f,60,60,51,10080,0,2407,94,528,254,3704,162,939,18168,1989,0,496,31,93,70,1056,43,271,4049,60,0,0,0,0,0,18168,0,0,0,0,0,4049,0,0,0,0,0,83,83,4.5,4.5,0,0,0,74912,0,19517,1195,1917,10739,72685,301,6449,187715,25034,65152,27593,64086,0,9,175357,278663,1831,4065,6945,279279223,217536290,574307,62317240,602114,68375650,-5456296,1717343,4115392,0,0,-7854345,45735478,43882340,189661405,78817879,0,18974005,1212262,3866667,1910892,32814011,2321321,6641590,146558627,41858832,0,16976737,2090544,2752616,6988147,53855193,708728,7489799,132720596,97507726,0,35066403,3077051,0,5774511,5149876,60017161,7353420,0,3030049,0,560093,0,0,0,574307,22488747,0,884339,225755,844772,3566049,26438814,0,7868764,0,0,34709,716648,0,0,8575437,14639079,21302727,0,0,0,0,7276927,3515898,10767476,2298106,27730000,10654414,2824246,1989479,9592583,6016207,3103241,1037709,406294,762413,4259064,16755582,1896827,27469673,3720787,14018688,512984,64374541,25210826,0,39638435,-474720,64374541,909557,36735557,18583621,57699245,30229572,60312,3983227,36030256,41732500,2094065,4854403,2150003,841,627,364,1173891,134228,1308119,105,0,74462,253676,250593,30298,129441,341230,89599,0,4592,0,205234,314822,280279,0,151004,122463,100089,0,226387,348784,315068,0,168600,136635,112645,0,,2003
106350784,hazel hawkins memorial hospital,7/1/2002,6/30/2003,365,audited,incl. ind. audit,san benito,08,0701,district,general,comparable,small/rural,(831)637-5711,911 sunset drive,hollister,95023-5602,ken underwood,ceo,karen perrien,san benito health care district,0,05-0296,,zzr00296f,176,154,121,9711,0,23561,0,179,2047,1372,0,6153,43023,920,0,651,0,61,520,573,0,61,2786,49,0,0,0,127,0,7543,0,0,0,35480,0,2597,0,0,0,189,0,67,76.5,15.4,2.9,10,1102,573,21309,0,17701,0,2588,16592,21351,0,5106,84647,15315,11670,6760,49579,0,3,95695,92710,937,2711,3705,92108475,44495509,0,47612966,225041,46411015,1426992,2714305,134024,0,0,4007273,23481444,6240014,62387017,18375478,0,12683025,0,1068901,6871559,7011430,0,2553637,48564030,11584531,0,5442612,0,1291252,10733062,12285202,0,2207786,43544445,18162378,0,8478473,0,0,1337246,3768717,9114347,2790815,0,1885,0,841648,0,0,0,0,11550950,0,9429547,0,994627,13315323,9613770,0,2708749,0,0,957366,122821,1187650,0,10416829,4759015,14134370,0,0,0,0,7613826,2334590,5256870,1895515,16627312,9164915,1890805,2414170,5813881,5368796,1935821,666584,228137,600963,1699631,21916816,4174981,22583371,810376,0,982489,50468033,5299805,0,17436161,27732067,50468033,10584801,25561676,10542124,38021598,15438227,0,1570313,16490000,18060313,624152,0,0,495,369,235,721123,93033,814156,47,0,64089,97127,126864,29713,111189,150341,83395,12506,35651,10248,231024,68915,156150,0,147452,62430,55152,0,263072,77226,177834,0,162756,69446,63822,0,,2003
106490964,healdsburg district hospital,1/1/2003,12/31/2003,365,audited,excl. ind. audit,sonoma,03,0401,district,general,comparable,small/rural,(707)431-6500,1375 university street,healdsburg,95448-3314,dale iversen,ceo,myra d. mcgill,north sonoma county hospital district,0,05-0331,,zzr00331i,43,43,39,2395,0,67,52,19,368,459,0,54,3414,514,0,11,16,7,88,60,0,14,710,34,0,0,0,9,0,2024,0,0,0,1390,0,568,0,0,0,142,0,21.8,21.8,4.8,3.6,0,0,0,14481,0,1953,674,572,15612,6795,0,8225,48312,7258,0,0,40187,0,2,22216,41479,167,1157,1226,27840011,16760731,41707,11120987,188585,13405791,-2096219,1926692,176205,0,0,-345732,2336673,3247337,22256001,5498083,0,187200,183344,44506,1184662,736230,0,730123,8564148,5625798,0,817619,359864,263559,6293347,2771781,0,3143895,19275863,5541914,0,597171,291526,0,212217,6195281,1952607,782007,0,120036,0,1067972,0,0,0,41707,5581967,0,407648,251682,95848,1282728,1597111,0,1904003,0,0,0,0,1926397,0,1494790,1533359,5573953,0,0,0,0,1754819,1204517,1507547,336806,5895461,2000854,775477,818257,2032490,987509,97199,196433,152499,0,449612,4158976,6627,2472193,108206,0,0,6746002,9242375,0,0,-2496373,6746002,56373,830000,1368870,2640298,168105,0,0,0,0,0,0,0,209,133,29,253459,33231,286690,45,0,59604,60959,38920,1668,4354,48217,10632,19271,9200,634,33784,16772,91733,0,44168,36028,30974,0,38427,19659,103581,0,49597,39961,35465,0,,2003
106304159,healthbridge childrens hospital-orange,1/1/2003,12/31/2003,365,audited,incl. ind. audit,orange,13,1015,investor,childrens,comparable,,(714)289-2400,393 s. tustin street,orange,92866,ronell myburgh,administrator,debra michalek,neurobehavioral healthcare systems  ltd.,0,,hsc33308f,,24,24,24,0,0,2371,2650,0,3188,269,0,0,8478,0,0,4,2,0,53,11,0,0,70,6,0,0,0,18,0,1859,0,0,0,6619,0,57,0,0,0,13,0,96.8,96.8,121.1,32.6,0,0,0,0,0,35,0,0,433,2836,0,4999,8303,0,3384,0,4919,0,0,0,0,0,0,0,34629021,27535648,0,7093373,20956,6895867,218462,0,0,0,0,218462,6552899,829570,27246552,0,0,9545371,10944696,0,11139203,1856603,0,0,33485873,0,0,9658,0,0,87908,363146,0,682436,1143148,0,0,7984952,9346535,0,0,7861478,1797873,145256,0,0,0,399554,0,0,0,0,0,0,1570077,1598161,0,3220377,421876,0,282882,0,0,0,0,0,0,1922245,656361,1743118,0,0,0,0,657081,392493,1034387,490182,3832126,783966,141000,314099,652286,186085,302885,154321,128398,232552,168149,15261118,0,4964372,18577,0,0,20244067,17474153,0,3048108,-278194,20244067,3819,3809560,870455,6051772,1087400,3180634,0,0,3180634,132526,13934483,16774727,118,78,41,163156,3760,166916,45,0,11414,38935,16306,26525,30566,26330,9033,0,7,4040,75440,14204,34425,0,16323,7718,15046,0,77222,14514,35230,0,16653,7901,15396,0,,2003
106154022,healthsouth bakersfield rgnl rehab hosp,1/1/2003,12/31/2003,365,audited,excl. ind. audit,kern,09,0617,investor,specialty,comparable,,(661)323-5500,5001 commerce drive,bakersfield,93309-0648,ann feaver,coo,robert mosesian,healthsouth corporation,0,05-3031,hsc33031f,,60,60,60,12187,0,815,0,0,1527,1674,0,11,16214,953,0,46,0,0,163,143,0,1,1306,0,0,0,60,0,0,0,0,0,16214,0,0,0,0,0,1306,0,0,74,74,12.4,12.4,0,0,0,5175,0,464,0,0,5431,8772,0,644,20486,0,20486,0,0,0,0,0,0,0,0,0,27743929,10250682,0,17493247,47200,14696954,2843493,23449,0,0,0,2866942,12667973,4110360,10965596,17799230,0,1281047,0,0,2158347,2378524,0,16421,23633569,1102002,0,98063,0,0,1054541,1703296,0,152458,4110360,5083902,0,715819,0,0,0,899283,2964951,151758,0,0,0,434969,0,0,0,0,13817330,0,663291,0,0,2313605,1116869,0,-417848,0,0,0,0,0,0,3369453,1220806,2570772,0,0,0,0,1844101,613763,3320323,1757736,7335750,1110640,0,204625,1017249,2007816,1062857,241096,543165,0,1173756,9311949,0,18892267,0,0,21457633,49661849,1280946,0,0,48380903,49661849,5871445,15442631,6787343,24867823,5975556,0,0,0,0,0,0,0,171,165,78,308759,34496,343255,20,0,33579,69141,22304,21025,76476,41272,41096,3866,0,0,111269,26760,56368,0,55820,24780,33762,0,124149,29604,61940,0,61323,28006,38233,0,,2003
106380842,hebrew home for the aged disabled,7/1/2002,6/30/2003,365,audited,incl. ind. audit,san francisco,04,0423,non-profit,specialty,ltc emphasis,,(415)334-2500,302 silver avenue,san francisco,94112-1510,daniel r. ruth,executive director,evan chan,hebrew home for aged disabled,0,05-4089,,zzr05169f,547,455,450,3331,0,129130,0,0,0,0,0,22768,155229,148,0,151,0,0,0,0,0,42,341,0,13,0,0,534,0,0,27,0,0,155202,0,0,3,0,0,338,0,77.7,93.5,455.2,9,0,0,0,0,0,0,0,0,0,0,0,0,0,0,7022,0,0,0,0,0,0,0,0,0,39936490,3592169,0,36344321,53703,41890110,-5492086,620930,1306613,0,0,-6177769,36726225,448683,2761582,1273415,0,32729537,0,0,0,0,0,5933538,39936490,0,0,0,0,0,0,0,0,0,0,39399,0,3472872,0,0,0,0,0,7349,0,67284,0,5265,0,0,0,0,1234016,0,29256665,0,0,0,0,0,5853640,0,0,25317,0,0,0,18786169,282790,2056396,0,0,46335,0,12511161,866482,5204626,2136151,21491687,9789997,58115,763786,4369269,1232088,2106171,67436,0,0,2011561,20984016,21304249,33674519,0,23209,0,75985993,7253950,0,0,68732043,75985993,208717,51233173,6150271,58415401,24740882,0,0,0,0,0,0,0,627,594,323,1092684,150950,1243634,23,0,52843,50056,96414,30680,433921,96073,228378,96448,4027,3844,611843,6255,10732,1732,337559,17026,79704,27833,698151,7097,12000,1916,382970,19619,90069,31812,,2003
106331194,hemet valley medical center,7/1/2002,6/30/2003,365,audited,incl. ind. audit,riverside,12,1109,district,general,comparable,,(909)652-2811,1117 e. devonshire ave,hemet,92343-3083,susan ballard,ceo,antonio saldana,valley health system,0,05-0390,hsc30390f,zzt30390f,478,395,395,34101,28645,12941,1749,198,2461,4752,0,2936,87783,5604,5011,1666,736,95,761,1642,0,503,16018,301,16,18,0,143,0,52343,2994,4960,0,27486,0,13282,550,518,0,1668,0,50.3,60.9,5.5,4.2,14,1957,1074,14027,6134,12658,4512,315,5011,6849,0,6160,55666,39823,4215,0,18406,0,6,387555,109320,3029,1235,9231,338881023,245875633,0,93005390,531208,94762002,-1225404,212177,16217,0,0,-1029444,96333545,41777491,200769987,121017103,82717957,25429290,6550177,1077487,10860312,20334028,0,9331978,277318332,15845729,11254076,7076910,4545072,363935,6471691,9346782,0,6658496,61562691,96009765,68741802,26612548,9410851,0,1297857,10015103,19064396,14674503,0,48808,0,0,0,0,0,0,40853067,25230231,5893652,1684398,143565,7316900,10616414,0,1267163,0,-2378446,0,211977,0,0,26572067,5481071,27974374,0,0,0,0,15985667,2859666,10940964,4948193,36127950,8415517,439340,4813430,15543306,19664172,3270814,688868,122373,2713474,2962758,29549077,15517487,24074600,1275239,60655,2143376,72620434,15968607,0,35612029,21039798,72620434,1921705,55730254,34438822,94437285,70362685,0,613282,36342275,36955557,1343528,697385,0,1023,946,476,1898076,157859,2055935,100,0,88936,374114,403152,176753,236956,314088,215341,0,71854,16882,867228,149836,328990,0,365128,67729,119165,0,929750,162123,360353,0,394914,72606,136189,0,,2003
106190949,henry mayo newhall memorial hospital,10/1/2002,9/30/2003,365,audited,incl. ind. audit,los angeles,11,0903,non-profit,general,comparable,,(661)253-8000,23845 west mcbean parkway,valencia,91355-2001,roger seaver,president,anna brewer,henry mayo newhall memorial hospital,2,05-0624,hsc30624f,zzt40632f,217,217,217,25367,0,5232,0,484,1487,15975,297,2828,51670,4927,0,979,0,111,315,3497,60,584,10473,121,23,0,19,54,0,35693,5407,0,3701,6869,0,8613,865,0,329,666,0,65.2,65.2,4.9,4.6,12,2873,1263,10508,0,4930,0,2028,2493,36647,0,6001,62607,36118,0,0,29755,0,8,284394,250634,2319,2898,14062,442826822,336233836,0,106592986,108769,102952637,3749118,6391918,0,0,0,10141036,124616531,39034221,279176070,150388035,0,25378379,0,4080131,12424623,123074595,2534730,19053661,336934154,21268627,0,4786846,0,2770385,8565594,61865345,0,6635871,105892668,137372140,0,26815601,0,0,4516926,13835401,121836404,6027139,0,2419889,0,23410336,0,0,0,0,31700512,0,3349624,0,2333590,6842984,53194270,114841,9057165,0,0,1187527,937839,0,0,21920468,8565648,28861495,0,0,0,0,14228319,3721153,10603571,15051983,35861427,14577228,0,5142593,13914426,12040754,4636467,817222,3032151,4227906,8702463,41950543,6260996,43927801,1777724,581940,5065487,99564491,23421938,0,76854733,-712180,99564491,12419909,58607014,27312796,100672456,56744655,0,19727486,60504575,80232061,3377328,0,0,823,739,309,1352290,236313,1588603,233,0,109584,210010,357610,76799,15813,365870,0,165354,50757,493,557358,132530,325598,0,105771,110784,120249,0,639353,150724,413185,0,119756,126678,138907,0,,2003
106344021,heritage oaks hospital,1/1/2003,12/31/2003,365,audited,excl. ind. audit,sacramento,02,0311,investor,psychiatric,comparable,,(916)489-3336,4250 auburn blvd,sacramento,95841-4100,nancy purtell,ceo,terry w. woolery,ardent health services,0,05-4087,,hsp34104f,76,76,76,8341,319,2100,0,1183,544,9826,0,89,22402,675,31,276,0,178,74,1417,0,23,2674,0,76,0,0,0,0,0,22402,0,0,0,0,0,2674,0,0,0,0,80.8,80.8,8.4,8.4,0,0,0,2022,75,0,0,0,98,3401,0,25,5621,0,0,0,0,0,0,0,0,0,0,0,26381660,11882352,0,14499308,294233,13114262,1679279,97038,100223,0,0,1676094,22396000,2140780,1844880,9079677,350085,2221716,0,1288395,579617,10601749,0,97661,24218900,774154,28794,0,0,0,37652,1312392,0,9768,2162760,4286225,166776,868658,0,0,443395,165171,5286028,532447,0,0,0,133652,0,0,0,0,5565661,211382,1353058,0,845000,452098,6061980,0,10129,0,0,0,0,0,0,4014597,592061,713945,0,0,0,0,1883998,1011757,3210445,1687459,5103433,2497040,907620,448916,719339,1320821,288887,56090,824263,467729,480124,2241759,0,6618946,0,0,0,8860705,6899096,0,0,1961609,8860705,17137,6118047,864833,8729281,2110335,0,0,0,0,0,0,5607419,165,129,52,257801,22238,280039,17,0,31876,126723,30730,19061,0,17603,20768,0,2556,8484,120962,13065,1855,0,50772,28562,42585,0,130240,14370,1929,0,55831,30893,46776,0,,2003
106362041,hi-desert medical center,7/1/2002,6/30/2003,365,audited,incl. ind. audit,san bernardino,12,1214,district,general,comparable,small/rural,(760)366-6478,6601 whitefeather road,joshua tree,92252-6607,david selman,ceo/president,derek f. petrak,hi-desert memorial hospital district,0,05-0279,,zzt30279f,175,175,158,9233,1495,34650,17,135,931,1865,56,953,49335,1331,416,545,4,29,214,319,10,118,2986,55,0,0,0,120,0,11615,0,0,0,37720,0,2642,0,0,0,344,0,77.2,77.2,16.5,4.4,0,0,0,33532,4493,17764,592,33,8875,12173,464,5265,83191,16096,0,5134,51613,0,4,34755,22593,445,857,4315,68557094,33482558,9367,35083903,326667,39659251,-4248681,2748982,1134048,0,0,-2633747,24803079,8752026,35001989,18831767,3403900,17533618,61687,327348,809393,4035736,185364,1182891,46371704,8423861,1281133,5628780,165236,9305,2493227,2238551,135169,1810128,22185390,14069356,3066477,7436027,140602,-577501,318095,1207860,5807070,1544003,0,320533,-7452,157488,0,0,0,9367,13186272,1618556,16303872,86321,18558,2094760,476584,7452,1291528,389076,0,982917,1112453,365944,0,10562942,3479667,11091055,0,0,0,0,6258799,1970627,3413192,2882969,14813689,5940447,1803118,3486049,4784738,2658210,2681590,329724,235052,849040,2077594,25956608,0,18370907,4027548,3648508,2709690,54713261,7000742,0,18991863,28720656,54713261,1230598,28340223,15617695,46216682,27845775,0,0,19525000,19525000,533137,0,0,575,433,256,897696,73268,970964,74,0,69654,115299,126812,69350,128155,185796,132677,0,24008,45945,335882,83785,147765,0,188582,76853,64829,0,351858,92065,159705,0,208015,84108,75213,0,,2003
106301205,hoag memorial hospital presbyterian,9/1/2002,8/31/2003,365,audited,incl. ind. audit,orange,13,1016,non-profit,general,comparable,,(949)645-8600,one hoag drive,newport beach,92660,michael d. stephens,president,lurae greene,hoag memorial hospital presbyterian,0,05-0224,,zzt30224f,409,345,345,37955,9862,1476,1433,1340,2088,48699,0,3889,106742,6707,2354,380,226,213,460,13176,0,909,24425,388,0,21,0,0,0,102268,0,4474,0,0,0,23790,0,635,0,0,0,71.5,84.8,4.4,4.4,47,10372,4733,45434,24553,994,3598,2146,4305,155232,0,8310,244572,53893,0,0,187172,14938,20,2295916,899267,8826,11585,33169,901380651,574049916,69459430,396790165,20068606,395617067,21241704,34659273,1993994,0,0,53906983,150801485,28823249,721755917,229598033,66402051,6730510,10638912,11897194,11083000,269744054,0,11159294,617253048,75673409,28646123,1314958,3422378,3115289,3980226,159997869,0,7977351,284127603,221568148,92088267,2952191,10176512,0,13773892,6448277,212778265,9267206,0,3951606,0,1045552,38620109,0,0,30839321,82991460,41526004,4928235,4288803,1200027,8124100,243202351,0,10529185,0,0,4000,27294086,0,0,54342383,10938849,151921803,31716663,0,0,0,55568529,9177518,55776565,26174757,134729141,45934610,4913398,14637980,77895362,54168757,27635330,6075072,3543805,7757864,18325748,81022131,726480045,279951890,84165039,22939517,1359972,1195918594,60304393,16778463,326298111,792537627,1195918594,32634771,278398661,197934883,527162027,247210137,0,0,316000000,326353742,55631,1514080,0,2999,2999,979,5530080,955409,6485489,781,0,564630,1363139,1179946,13728,413193,1060862,306700,380182,177320,70380,1328950,207436,1728247,0,998372,343079,923996,0,1532604,241337,2103658,0,1128755,383705,1095430,0,,2003
106190380,hollywood community hosp of hollywood,1/1/2003,12/31/2003,365,audited,excl. ind. audit,los angeles,11,0925,investor,general,comparable,,(323)462-2271,6245 de longpre ave,hollywood,90028-8253,david topper,ceo/president,jack lahidjani,alta healthcare system,0,05-0135,hsc30135h,,160,160,160,11671,18,10822,5,0,22,10,0,1291,23839,1598,0,1454,0,0,2,5,0,241,3300,101,59,0,0,0,0,8951,14888,0,0,0,0,1306,1994,0,0,0,0,40.8,40.8,7.2,7.2,0,0,0,6568,3,145,5,0,113,29,0,278,7141,0,0,0,533,0,3,18001,15882,324,328,470,76773522,55497721,0,21275801,35541,21783179,-471837,753941,0,0,0,282104,31584972,4813797,40374753,34314800,172549,29865036,14908,0,109939,57063,0,4542952,69077247,5098324,892,820974,103,0,201594,47912,0,1526476,7696275,27256050,45979,18684417,9809,-1093257,0,42023,74705,4001197,0,5332839,0,1143959,0,0,0,0,12157074,127462,7762011,5202,0,269510,30270,0,924272,0,0,0,0,0,0,5452584,847790,3593697,0,0,0,0,3716363,692220,5914070,1566455,9226286,2478112,240678,317073,1712648,4767558,625602,262420,530662,386812,1235328,6508609,0,3729751,19373,0,0,10257733,19159027,0,80450,-8981744,10257733,458,4358430,2392102,7266603,3536852,0,100854,0,100854,20404,0,13526235,465,368,146,603837,161669,765506,68,0,98294,98580,83856,48029,103439,57518,70204,43523,394,0,292516,37481,70794,0,125665,21491,55890,0,381159,44589,101875,0,147892,23773,66218,0,,2003
106301209,huntington beach hospital,7/1/2002,6/30/2003,365,audited,excl. ind. audit,orange,13,1014,investor,general,comparable,,(714)842-1473,17772 beach blvd.,huntington beach,92647-6819,mary botticella,ceo,jeffrey n. brown,vanguard health systems of anaheim,0,05-0526,,zzt30526f,131,131,64,11496,999,4135,859,1124,1633,1881,79,305,22511,1920,332,749,191,91,510,607,38,146,4584,88,25,0,0,18,0,14935,6196,0,0,1380,0,3654,902,0,0,28,0,47.1,47.1,4.9,4.6,0,0,0,58798,1168,970,3060,848,4995,8036,91,4363,82329,20064,0,0,21554,0,4,100787,163159,955,1831,5345,151262838,111262374,0,40000464,257147,43969972,-3712361,0,226332,0,0,-3938693,28614874,11928886,110719078,48979377,6113858,9026604,4300500,5140966,8772293,11919853,459943,1790259,96503653,15905406,1711916,1138454,2971974,1616801,10946138,15829366,93056,4546074,54759185,45312811,6093763,7376682,7487083,-505676,5648566,15349399,20605004,3331767,0,562975,0,0,0,0,0,0,19465776,1705756,2981531,-271822,980070,4033478,6830632,22806,4252237,0,0,0,0,0,0,8950997,3753943,12708237,0,0,0,0,5118656,2402699,6248477,4786963,15941936,4952133,590882,3195860,5985818,4821529,1148686,776724,747096,2929934,2879374,10588034,0,13819640,928214,0,0,25335888,7521262,0,26216592,-8401966,25335888,0,9970329,5524000,16974329,3154689,0,0,0,27855129,1638537,0,27855129,456,324,146,636966,72064,709030,288,0,73300,143794,134798,25088,41149,124747,54686,4037,34906,461,184688,51562,157684,0,112255,64622,66155,0,202188,56673,181198,0,125127,70607,73237,0,,2003
106190400,huntington memorial hospital,1/1/2003,12/31/2003,365,audited,incl. ind. audit,los angeles,11,0911,non-profit,general,comparable,teaching,(626)397-5000,100 w. california blvd,pasadena,91109-3010,stephen a. ralph,ceo,john goeders,pasadena hospital association  ltd,2,05-0438,hsc30438f,zzt30438f,522,522,374,62695,7748,16541,2598,239,2154,39544,1027,3604,136150,8228,2068,2945,757,29,481,10534,238,835,26115,444,54,0,24,0,0,113484,15460,0,7206,0,0,24226,1188,0,701,0,0,71.5,71.5,5.2,5.2,48,8581,3570,26416,2298,14301,8720,26,6844,47386,5121,13511,124623,66105,8214,0,62041,0,15,1304182,391068,7071,3689,23232,1039703416,736835496,-22909,302845011,9923347,311889659,878699,14611323,1276235,0,0,14213787,279252375,47482523,712968518,354471384,65289553,101897926,16657869,2460992,14646208,272493160,6515178,22874302,857306572,53330704,9558327,15319681,7660855,438012,8197207,76551633,2419240,8921185,182396844,305676103,51767083,97772163,18820715,0,2152523,14111213,214281329,23319950,0,8934417,0,0,0,0,0,-22909,102125985,23080797,19445444,5498009,746481,8732202,134740555,1,8475537,0,2543784,1587633,10895396,0,0,71726208,13079365,108966966,-363287,0,216886,3561230,46974147,9449520,32149875,26128749,116707314,48172862,6622374,17739963,58218250,20861657,13938914,9138488,4873863,3814589,11801385,99591455,35205843,122575075,3769478,9859488,2489916,273491255,63259883,1331103,53761988,155138281,273491255,7847332,0,118084347,300420239,177845164,0,595719,56345000,56964582,3202594,3905859,0,2843,2409,1367,4768889,541895,5310784,975,34,283584,915833,1251177,98774,471054,770004,401817,276461,235641,64544,1702423,237985,1063521,70870,863772,340416,468235,21667,1888739,259666,1191825,76158,964902,378517,526803,24174,,2003
106320874,indian valley hospital,7/1/2002,6/30/2003,365,audited,excl. ind. audit,plumas,01,0215,district,general,comparable,small/rural,(530)284-7191,184 hot springs road,greenville,95947-9746,marilyn mac lean,acting administrator,carlos jimenez,indian valley hospital district,4,05-0433,,zzr00433f,26,26,26,226,0,7735,0,6,17,29,0,282,8295,72,0,38,0,3,8,13,0,7,141,9,0,0,0,17,0,304,0,0,0,7991,0,120,0,0,0,21,0,87.40000000000001,87.40000000000001,58.8,2.5,2,0,0,2997,0,1974,0,317,728,1605,0,1590,9211,1256,8054,0,0,0,1,285,170,2,6,0,5940396,1924942,0,4015454,172358,4735301,-547489,307757,0,0,0,-239732,2331160,1491462,2117774,685835,0,2169526,0,14280,44543,73265,0,94043,3081492,972268,0,559696,0,100864,315170,470394,0,440512,2858904,633867,0,601498,0,-31889,52801,170600,257873,146581,0,29620,0,63991,0,0,0,0,1024236,0,2159613,0,62343,189113,285786,0,294363,0,0,6809,1282,299666,0,1297126,1074895,722046,0,0,0,0,675806,406589,405419,153420,2350499,555557,447383,337672,364637,167411,162511,32343,64433,16510,236345,580301,126092,473575,39380,0,0,1219348,556269,0,40463,622616,1219348,135444,1380102,1453206,2895592,2422017,0,55463,0,55463,15000,0,0,96,73,36,143601,13358,156959,9,0,23078,33042,12313,11921,25131,14983,16373,1648,4937,175,49174,26450,10218,0,29309,16867,11583,0,53277,28894,11259,0,31162,18589,13778,0,,2003
106304045,irvine medical center,9/1/2002,8/31/2003,365,audited,excl. ind. audit,orange,13,1016,investor,general,comparable,,(949)753-2000,16200 sand canyon avenue,irvine,92718,dan f. ausman,ceo,sandy buranathawon,tenet healthcare corporation,0,05-0693,hsc30693f,hsp30693f,176,176,176,8147,4910,123,474,177,256,16375,40,525,31027,1691,1690,34,151,59,86,5823,13,176,9723,176,0,0,0,0,0,31027,0,0,0,0,0,9723,0,0,0,0,0,48.3,48.3,3.2,3.2,16,4200,2045,4387,3514,127,1404,256,705,27864,5,3992,42254,23389,0,0,19084,0,8,357712,337618,2383,4235,14120,535803909,448084450,0,87719459,227444,86019542,1927361,398719,645034,0,0,1681046,66767023,28247042,440789844,100980838,60997867,1430946,6688653,2425281,3513797,191250397,729999,7215457,375233235,15919381,13046643,231830,2983512,678106,1869932,115245381,14316,10581573,160570674,102898916,62655926,1282752,8271085,0,2668914,4523291,259103858,4890122,0,901188,0,888398,0,0,0,0,14001303,11388584,293379,1330852,434473,860438,47391920,0,12018510,0,9072272,0,0,0,0,12043278,2192053,30572601,0,0,0,0,8652218,5718787,13257843,13582762,24289689,7890821,1137791,6504025,15069264,13222894,1916232,11233468,1601456,181,3153721,18032286,0,12972395,11937,5049435,31722928,67788981,10819764,0,110978495,-54009278,67788981,1738,4220221,26606137,30996796,18024401,0,0,0,110978496,1,0,110978496,525,479,280,1029713,89738,1119451,773,0,77553,210203,323178,2264,75898,203312,11350,2584,117358,6013,319756,49505,384207,0,80648,77307,118290,0,350186,53767,418836,0,86084,83622,126956,0,,2003
106304045,irvine medical center,9/1/2003,12/31/2003,122,audited,excl. ind. audit,orange,13,1016,investor,general,comparable,,(949)753-2000,16200 sand canyon avenue,irvine,92718,dan f. ausman,ceo,sandy buranathawon,tenet healthcare corporation,0,05-0693,hsc30693f,hsp30693f,176,176,176,2466,1797,117,212,26,29,5711,45,148,10551,539,561,35,70,8,9,1964,15,47,3248,176,0,0,0,0,0,10551,0,0,0,0,0,3248,0,0,0,0,0,49.1,49.1,3.2,3.2,16,1481,739,1301,1007,41,467,80,137,9818,5,1249,14105,7963,0,0,6380,0,8,116503,104678,768,1304,3886,186266945,157175211,0,29091734,410887,30587044,-1084423,13108,30824,0,0,-1102139,22573959,8955979,154737007,31692127,23501312,705421,2377402,398013,442017,70914255,543124,2272330,132846001,5442370,4008398,81681,1076555,190290,326153,39330722,11084,2953691,53420944,30113721,23510246,643732,3289938,0,505940,656341,94218746,3346772,0,578686,0,311089,0,0,0,0,7020776,3999464,118892,164019,82363,111829,16026231,0,1568160,0,-2226747,0,0,0,0,4271647,702508,11282618,0,0,0,0,3125195,1964589,4294830,4945657,8758067,2707539,491169,1704134,5833562,4872200,625521,3712745,970158,0,911949,17897993,0,12778392,0,5049435,31678112,67403932,124742096,0,0,-57338164,67403932,10437,4223804,24853777,29248019,16469627,0,0,0,0,0,0,113637909,503,488,318,334485,32614,367099,741,0,26502,71542,110169,432,24381,68113,3531,1660,27596,559,103571,14618,126984,0,24054,24939,40319,0,114164,16445,139529,0,26347,27201,43413,0,,2003
106121031,jerold phelps community hospital,7/1/2002,6/30/2003,365,audited,excl. ind. audit,humboldt,01,0109,district,general,comparable,small/rural,(707)923-3921,733 cedar street,garberville,95542-3201,debbie scaife,administrator,jennifer floyd,southern humboldt community healthcare district,0,05-0482,,hsp30482g,17,17,17,564,0,2170,0,46,17,1,0,440,3238,65,0,24,0,4,4,1,0,14,112,9,0,0,0,8,0,419,0,0,0,2819,0,97,0,0,0,15,0,52.2,52.2,28.9,4.3,0,0,0,6684,0,5312,0,1421,7725,2151,0,6032,29325,2276,12459,0,15360,0,0,0,0,0,0,0,4458423,1607753,0,2850670,64189,3958130,-1043271,858370,44548,0,0,-229449,949761,2515493,993169,401927,0,716942,0,20559,49386,2094,0,175236,1366144,702729,0,528332,0,145982,796196,229467,0,689573,3092279,261956,0,365018,0,-26254,107870,129672,35511,594064,0,0,0,139916,0,0,0,0,842700,0,906510,0,58671,715910,196050,0,130829,0,0,35060,219,816233,0,706920,1073417,499170,0,0,0,0,568028,344367,544578,221650,1674335,559785,570307,232225,251670,211151,116713,14796,134669,33302,159177,1035419,0,596031,12202,5852,0,1649504,2934900,0,50850,-1336246,1649504,79008,830167,1203692,2208238,1612207,229000,0,567000,796000,745150,0,0,73,66,30,108683,29946,138629,3,0,10498,4274,20972,8351,13943,36089,8026,4290,139,2101,27685,21896,9915,0,14554,18704,15929,0,39141,23702,22729,0,15642,20576,16839,0,,2003
106220733,john c fremont healthcare district,7/1/2002,6/30/2003,365,audited,excl. ind. audit,mariposa,09,0603,district,general,comparable,small/rural,(209)966-3631,5189 hospital road,mariposa,95338,elnora george,administrator,jennifer floyd,john c. fremont hospital district,0,05-0443,,zzr00443f,34,34,34,1169,0,8023,0,59,139,0,0,556,9946,269,0,75,0,22,73,0,0,30,469,18,0,0,0,16,0,4215,0,0,0,5731,0,461,0,0,0,8,0,80.09999999999999,80.09999999999999,21.2,9.1,0,0,0,9080,0,6148,0,1424,7925,0,0,1941,26518,4391,16127,1548,4303,0,0,0,0,0,0,80,13245331,4194180,0,9051151,431601,9890126,-407374,1291809,1118,0,0,883317,3079002,4602024,5564305,2068293,0,1925920,0,140965,328852,0,0,247380,4711410,3340718,0,1545727,0,360182,2530448,0,0,756846,8533921,1822962,0,1105599,0,-2018,170765,789278,0,303225,0,1054,0,3315,0,0,0,0,3579543,0,2368066,0,330382,2070022,0,0,703138,0,0,21732,12572,1257505,0,1486154,3164989,1762635,0,0,0,0,1234070,635433,817249,789596,4460283,1122716,1149577,392315,1040312,386176,401012,95341,50334,430799,361261,3388310,0,5841594,118000,234857,311907,9894668,2038967,87544,5845372,1922785,9894668,187019,5740375,2897416,9649033,3807439,215059,703478,5195000,6113537,268165,0,0,188,143,83,278129,23436,301565,10,0,34580,29669,28724,8736,58576,67063,37017,9603,0,4161,69702,74528,32885,0,49872,24720,26422,0,74306,80273,34998,0,55033,27810,29145,0,,2003
106331216,john f. kennedy memorial hospital,6/1/2002,5/31/2003,365,audited,excl. ind. audit,riverside,12,1103,investor,general,comparable,,(760)347-6191,47-111 monroe street,indio,92201,kent clayton,ceo,trina k. thorson,tenet healthcare corporation,0,05-0534,hsc30334i,hsp30534i,162,152,116,11195,1429,9703,4722,270,250,3484,294,300,31647,1961,332,4584,1099,62,57,827,57,70,9049,162,0,0,0,0,0,31647,0,0,0,0,0,9049,0,0,0,0,0,53.5,57,3.5,3.5,24,4536,2538,16556,3618,16903,15912,964,4819,24035,996,7399,91202,34422,17572,0,40702,0,5,214020,208200,2257,2719,6789,458925974,396006180,5528864,68448658,94491,67361677,1181472,603690,683928,0,0,1101234,60715171,24536244,373674559,127856790,22154368,91306806,33640061,3230313,2999006,47477796,3529607,3575699,335770446,29581709,5719846,16402806,19121921,489008,4416952,40015348,928797,6479141,123155528,132677072,23739517,94432325,50903966,-3556414,3716076,5135404,73197285,8623704,0,5903812,0,1233433,0,5528864,0,0,24761427,4134697,15442566,7332607,3245,2280554,14295859,0,197703,0,-1026669,0,0,0,0,11274775,4425802,24666104,0,0,0,0,8847739,5023671,10423427,2700159,24258004,7569646,1883141,2258570,10466106,12568136,3167374,934429,1204217,0,3052054,19718407,0,44267051,42479,56317208,57564,120402709,6488453,0,0,113914256,120402709,960,48422509,26045402,77643910,33376859,0,0,0,0,0,55940000,0,644,507,360,938803,143583,1082386,127,0,83705,209707,262395,34676,89431,197755,13719,19150,27244,1021,289501,97368,292573,0,93713,63338,102310,0,331613,114199,343524,0,107582,71682,113786,0,,2003
106331216,john f. kennedy memorial hospital,6/1/2003,12/31/2003,214,audited,excl. ind. audit,riverside,12,1103,investor,general,comparable,,(760)347-6191,47-111 monroe street,indio,92201,john ferrelli,ceo,trina k. thorson,tenet healthcare corporation,0,05-0534,hsc30334i,hsp30534i,162,152,116,5478,769,5526,2802,29,194,2233,324,237,17592,944,301,1805,1175,8,66,772,111,81,5263,162,0,0,0,0,0,17592,0,0,0,0,0,5263,0,0,0,0,0,50.7,54.1,3.3,3.3,24,3089,1795,8811,1981,9670,10362,230,1355,15316,1001,5109,53835,20842,10587,0,22873,0,5,143700,140820,1438,1571,3858,265187815,231554886,3454847,37087776,54875,41039891,-3897240,355700,331876,0,0,-3873416,34355941,14675642,216156232,64775659,12978412,52317830,21337426,314897,2067772,33692512,3461549,2525928,193471985,15010656,3491024,8777830,12654225,26822,1283595,24386327,1042939,5042412,71715830,69196488,13818182,53222252,31891026,-1647712,341365,1950221,48888651,6839977,0,6452449,0,601987,0,3454847,0,0,10589827,2651254,8569960,4558671,354,1401146,9190188,0,126376,0,-1197447,0,0,0,0,6785541,2826859,14700373,0,0,0,0,5242399,3018998,5798023,2667698,14930134,4877252,850056,1131249,6107782,7189325,1768455,539336,1440219,0,2206083,17830815,0,45144551,332392,51863152,52011,115222921,6379528,0,0,108843393,115222921,960,48543946,27777444,79499899,34355348,0,0,0,0,0,51369066,0,644,499,360,542546,76078,618624,117,0,48810,122321,153053,20225,52163,115261,8002,12029,10306,376,162853,57267,170604,0,54529,36945,60348,0,180033,67084,200322,0,62321,41812,67052,0,,2003
106070988,john muir medical center,1/1/2003,12/31/2003,365,audited,incl. ind. audit,contra costa,05,0411,non-profit,general,comparable,,(925)939-3000,1601 ygnacio valley road,walnut creek,94598-3122,j. kendall anderson,president/ceo,macro linsao,john muir/mt. diablo health system,2,05-0180,,zzr00180f,351,351,284,40667,0,4833,0,465,6382,33654,0,1786,87787,6773,0,629,0,105,1338,8187,0,357,17389,333,0,0,18,0,0,82286,0,0,5501,0,0,16985,0,0,404,0,0,68.5,68.5,5,5,19,6244,2780,71016,0,1661,0,0,34445,111456,0,4857,223435,51655,16665,51779,114729,0,11,1444779,260519,9339,10148,5824,1224395641,860510348,2223829,366109122,41094986,346784591,60419517,1037786,0,0,0,61457303,394993290,68152412,761249939,423638375,0,51395942,0,5181772,63875397,463020621,0,16269357,1023381464,61756293,0,2332393,0,0,12178945,118096566,0,6649980,201014177,321991593,0,35641249,0,0,3437382,50385101,384997694,21300562,0,8488992,0,34267775,0,0,0,2223829,163403075,0,14179937,0,443288,23762316,162902359,0,1418147,0,-46959422,0,-91,0,0,68989182,23650141,138219313,0,0,0,0,42005553,33129823,22778395,18012184,107893274,60887530,8129337,19335975,53781132,65582986,15822057,3766163,2491961,3634816,5459360,84335380,21342948,85062950,7446234,11590543,2266293,212044348,42126915,37575989,76385375,55956069,212044348,7033348,126661125,104555297,238653597,153590647,1803431,9669,72259985,79037251,2651876,0,0,2246,1878,817,3553027,631556,4184583,900,0,273230,986714,897869,15178,234067,541466,208606,116576,181075,98246,1016716,425862,1449189,0,499874,7622,153764,0,1191465,490715,1729345,0,576596,9000,187462,0,,2003
106301132,kaiser fdn hosp - anaheim,1/1/2003,12/31/2003,365,audited,excl. ind. audit,orange,13,1011,non-profit,general,kaiser,,(714)284-6645,441 lakeview avenue,anaheim,92807,george c. halvorson,chairman,marissa s. capulong,kaiser foundation hospitals,0,05-0609,,zzt30609g,176,176,176,1687,14344,44,1019,3,40,28739,0,923,46799,358,3302,17,295,2,14,8403,0,229,12620,176,0,0,0,0,0,46799,0,0,0,0,0,12620,0,0,0,0,0,72.90000000000001,72.90000000000001,3.7,3.7,14,4292,2518,661,473,11,36,0,36,1991,0,28775,31983,6839,0,29099,0,0,7,857056,477207,3627,2603,0,0,0,0,0,0,0,0,0,0,0,0,0,0,0,0,0,0,0,0,0,0,0,0,0,0,0,0,0,0,0,0,0,0,0,0,0,0,0,0,0,0,0,0,0,0,0,0,0,0,0,0,0,0,0,0,0,0,0,0,0,0,0,0,0,0,0,0,24682104,7755092,44846108,0,0,0,1688846,15579542,451039,33793049,12293875,0,0,2276297,0,0,0,0,0,813135,0,0,0,0,0,0,0,0,0,0,0,0,0,0,0,0,0,0,0,0,0,0,0,0,0,0,809,784,293,1326342,331186,1657528,755,26,0,0,502283,12072,69878,0,0,715450,25196,1463,559522,357,140548,16748,330481,0,278686,0,694752,443,179681,18611,433720,0,330321,0,,2003
106196035,kaiser fdn hosp - baldwin park,1/1/2003,12/31/2003,365,audited,excl. ind. audit,los angeles,11,0915,non-profit,general,kaiser,,(818)851-1011,1011 baldwin park blvd,baldwin park,91706,george c. halvorson,chairman,marissa s. capulong,kaiser foundation hospitals,0,05-0723,,hsp30723f,207,207,207,516,16514,537,262,1,120,26199,0,605,44754,147,4232,158,87,1,44,8723,0,195,13587,207,0,0,0,0,0,44754,0,0,0,0,0,13587,0,0,0,0,0,59.2,59.2,3.3,3.3,41,4729,2824,303,1725,43,16,0,111,5019,0,17,7234,7804,0,0,0,0,9,592959,1141317,2596,6948,0,0,0,0,0,0,0,0,0,0,0,0,0,0,0,0,0,0,0,0,0,0,0,0,0,0,0,0,0,0,0,0,0,0,0,0,0,0,0,0,0,0,0,0,0,0,0,0,0,0,0,0,0,0,0,0,0,0,0,0,0,0,0,0,0,0,0,0,20057599,2427470,43461748,0,0,0,0,20637355,681565,30450682,9175790,0,0,2705091,0,0,0,0,0,749651,0,0,0,0,0,0,0,0,0,0,0,0,0,0,0,0,0,0,0,0,0,0,0,0,0,0,847,847,0,1375381,392429,1767810,650,0,0,0,437611,33430,38660,0,0,860423,4360,897,466816,32755,125777,4160,478501,0,267372,0,594486,45199,172524,4160,611777,0,339664,0,,2003
106190430,kaiser fdn hosp - bellflower,1/1/2003,12/31/2003,365,audited,excl. ind. audit,los angeles,11,0921,non-profit,general,kaiser,,(310)803-2121,9400 east rosecrans avenue,bellflower,90706,george c. halvorson,chairman,marissa s. capulong,kaiser foundation hospitals,0,05-0139,,zzt30139f,334,334,334,580,22251,2010,1335,2,142,39410,0,2407,68137,150,5792,439,428,1,59,11366,0,486,18721,334,0,0,0,0,0,68137,0,0,0,0,0,18721,0,0,0,0,0,55.9,55.9,3.6,3.6,25,4817,2857,10829,29512,196,53,0,89,7050,0,139210,186939,13694,0,71470,0,0,14,1071801,1672464,4778,9678,0,0,0,0,0,0,0,0,0,0,0,0,0,0,0,0,0,0,0,0,0,0,0,0,0,0,0,0,0,0,0,0,0,0,0,0,0,0,0,0,0,0,0,0,0,0,0,0,0,0,0,0,0,0,0,0,0,0,0,0,0,0,0,0,0,0,0,0,35054285,27276269,53113624,0,0,0,412961,22359632,809520,40294195,11481325,0,0,890961,0,0,0,0,0,1125152,0,0,0,0,0,0,0,0,0,0,0,0,0,0,0,0,0,0,0,0,0,0,0,0,0,0,1263,1109,414,1894406,509085,2403491,862,6,0,0,633184,58896,72538,0,0,1033104,96684,0,832861,46475,231303,3302,475380,0,305085,0,1052139,60809,292933,3302,614182,0,380126,0,,2003
106361223,kaiser fdn hosp - fontana,1/1/2003,12/31/2003,365,audited,excl. ind. audit,san bernardino,12,1209,non-profit,general,kaiser,,(909)427-5015,9961 sierra avenue,fontana,92335,george c. halvorson,chairman,marissa s. capulong,kaiser foundation hospitals,0,05-0140,,zzt30140f,424,424,424,763,39371,1855,1525,267,338,50007,0,2958,97084,168,7686,411,409,114,95,13550,0,604,23037,408,0,0,16,0,0,94412,0,0,2672,0,0,22744,0,0,293,0,0,62.7,62.7,4.2,4.2,22,4915,3298,4103,16749,148,35,7,61,6480,0,87550,115133,13953,0,36399,0,0,13,1527141,1504166,6366,8515,0,0,0,0,0,0,0,0,0,0,0,0,0,0,0,0,0,0,0,0,0,0,0,0,0,0,0,0,0,0,0,0,0,0,0,0,0,0,0,0,0,0,0,0,0,0,0,0,0,0,0,0,0,0,0,0,0,0,0,0,0,0,0,0,0,0,0,0,55831539,18885004,66902135,0,0,0,2783770,34449484,1092767,59952153,19874435,0,0,1055128,0,0,0,0,0,1858595,0,0,0,0,0,0,0,0,0,0,0,0,0,0,0,0,0,0,0,0,0,0,0,0,0,0,1768,1768,623,3006620,705199,3711819,764,45,0,0,1017618,42949,205000,0,0,1706683,30208,4162,1216719,282822,154866,83946,792399,0,475868,0,1560743,340884,202319,94754,939915,0,573204,0,,2003
106104062,kaiser fdn hosp - fresno,1/1/2003,12/31/2003,365,audited,excl. ind. audit,fresno,09,0605,non-profit,general,kaiser,,(510)987-3380,7300 north fresno street,fresno,93720,george c. halvorson,chairman,allan redmond,kaiser foundation hospitals,0,05-0710,,hsp30710f,121,121,121,1727,12930,2,0,0,21794,0,0,120,36573,419,2847,1,0,0,4436,0,0,451,8154,121,0,0,0,0,0,36573,0,0,0,0,0,8154,0,0,0,0,0,82.8,82.8,4.5,4.5,0,0,0,143,0,0,0,0,0,4890,0,0,5033,5485,0,0,0,0,5,304733,343913,2630,5033,87494,0,0,0,0,0,0,0,0,0,0,0,0,0,0,0,0,0,0,0,0,0,0,0,0,0,0,0,0,0,0,0,0,0,0,0,0,0,0,0,0,0,0,0,0,0,0,0,0,0,0,0,0,0,0,0,0,0,0,0,0,0,0,0,0,0,0,0,23423832,2275298,32664085,0,0,0,0,10047536,282183,30304255,3996989,0,0,745701,0,0,0,0,0,1052168,388072,0,0,0,0,0,0,0,0,0,0,0,0,0,0,0,0,0,0,0,0,0,0,0,0,0,0,554,250,1495029,138569,1633598,358,0,0,0,251503,23871,75309,0,0,662142,15607,466597,910619,0,149269,0,205112,10724,219305,0,964397,0,172158,0,234122,11964,250957,0,,2003
106380857,kaiser fdn hosp - geary (s.f.),1/1/2003,12/31/2003,365,audited,excl. ind. audit,san francisco,04,0423,non-profit,general,kaiser,,(510)987-3380,2425 geary boulevard,san francisco,94115,george c. halvorson,chairman,allan redmond,kaiser foundation hospitals,0,05-0076,,zzr00076f,247,243,243,3881,19516,254,0,0,39409,0,0,300,63360,863,3361,60,0,0,5925,0,0,1127,11336,247,0,0,0,0,0,63360,0,0,0,0,0,11336,0,0,0,0,0,70.3,71.40000000000001,5.6,5.6,15,7243,1751,4408,23195,0,0,0,0,13876,0,0,41479,5575,0,34095,0,0,17,415154,466846,3047,7384,120060,0,0,0,0,0,0,0,0,0,0,0,0,0,0,0,0,0,0,0,0,0,0,0,0,0,0,0,0,0,0,0,0,0,0,0,0,0,0,0,0,0,0,0,0,0,0,0,0,0,0,0,0,0,0,0,0,0,0,0,0,0,0,0,0,0,0,0,53638690,8114160,93925356,0,0,0,2679439,21700860,751653,53710576,14551832,2535612,0,2079251,0,0,0,0,0,2208932,1966442,0,0,0,0,0,0,0,0,0,0,0,0,0,0,0,0,0,0,0,0,0,0,0,0,0,0,1144,462,3099608,313259,3412867,726,45,0,0,520742,27820,154567,0,0,1362958,100652,932869,1941237,79176,391503,0,376744,24273,286675,0,2067040,95306,445604,0,434889,38668,331360,0,,2003
106190431,kaiser fdn hosp - harbor city,1/1/2003,12/31/2003,365,audited,excl. ind. audit,los angeles,11,0933,non-profit,general,kaiser,,(310)517-5279,25825 south vermont avenue,harbor city,90710,george c. halvorson,chairman,marissa s. capulong,kaiser foundation hospitals,0,05-0411,,zzt30411f,235,235,235,723,21076,736,1006,0,104,25508,0,720,49873,158,4646,191,272,0,30,7563,0,258,13118,235,0,0,0,0,0,49873,0,0,0,0,0,13118,0,0,0,0,0,58.1,58.1,3.8,3.8,31,2646,1449,432,1663,78,23,0,93,3669,0,36,5994,10733,0,0,0,0,7,716924,915821,3124,5599,0,0,0,0,0,0,0,0,0,0,0,0,0,0,0,0,0,0,0,0,0,0,0,0,0,0,0,0,0,0,0,0,0,0,0,0,0,0,0,0,0,0,0,0,0,0,0,0,0,0,0,0,0,0,0,0,0,0,0,0,0,0,0,0,0,0,0,0,24108550,3597268,41790951,0,0,0,707531,17136806,759761,31367517,12162750,0,0,505592,0,0,0,0,0,869866,0,0,0,0,0,0,0,0,0,0,0,0,0,0,0,0,0,0,0,0,0,0,0,0,0,0,815,815,249,1391512,369323,1760835,15,5,0,0,402069,37250,66220,0,0,819670,12554,53749,513541,25546,163539,4683,423321,0,260882,0,639342,28419,220931,4763,548674,0,318706,0,,2003
106010858,kaiser fdn hosp - hayward,1/1/2003,12/31/2003,365,audited,excl. ind. audit,alameda,05,0421,non-profit,general,kaiser,,(510)987-3380,27400 hesperian boulevard,hayward,94545,george c. halvorson,chairman,allan redmond,kaiser foundation hospitals,0,,,zzr00512f,314,283,283,2310,22277,238,0,0,39760,0,0,206,64791,808,4874,67,0,0,9777,0,0,773,16299,314,0,0,0,0,0,64791,0,0,0,0,0,16299,0,0,0,0,0,56.5,62.7,4,4,32,0,0,2297,13460,0,0,0,0,17273,0,0,33030,10850,0,22447,0,0,7,523423,735587,3710,10583,133286,0,0,0,0,0,0,0,0,0,0,0,0,0,0,0,0,0,0,0,0,0,0,0,0,0,0,0,0,0,0,0,0,0,0,0,0,0,0,0,0,0,0,0,0,0,0,0,0,0,0,0,0,0,0,0,0,0,0,0,0,0,0,0,0,0,0,0,55546871,8625022,62192139,0,0,0,63634,19077464,889181,59488519,8690588,55859,0,992840,0,0,0,0,0,2216247,2349697,0,0,0,0,0,0,0,0,0,0,0,0,0,0,0,0,0,0,0,0,0,0,0,0,0,0,1221,480,3213436,360764,3574200,681,1,0,0,553043,43181,137661,0,0,1445980,48928,984643,2008029,70773,406088,0,430161,28867,269518,0,2176335,81159,480007,0,494587,33483,308629,0,,2003
106010856,kaiser fdn hosp - oakland campus,1/1/2003,12/31/2003,365,audited,excl. ind. audit,alameda,05,0417,non-profit,general,kaiser,,(510)987-3380,280 west mac arthur boulevard,oakland,94611,george c. halvorson,chairman,allan redmond,kaiser foundation hospitals,0,05-0075,,zzr00075f,339,315,315,4344,24622,376,0,0,44510,0,0,321,74173,1481,5045,108,0,0,7805,0,0,1207,15646,339,0,0,0,0,0,74173,0,0,0,0,0,15646,0,0,0,0,0,59.9,64.5,4.7,4.7,0,0,0,3331,11298,0,0,0,0,15426,0,0,30055,11546,0,21384,0,0,11,1486675,772302,4617,8671,176368,0,0,0,0,0,0,0,0,0,0,0,0,0,0,0,0,0,0,0,0,0,0,0,0,0,0,0,0,0,0,0,0,0,0,0,0,0,0,0,0,0,0,0,0,0,0,0,0,0,0,0,0,0,0,0,0,0,0,0,0,0,0,0,0,0,0,0,56932726,10637283,82511205,0,0,0,3619442,22076299,853604,70319616,12831300,3543590,0,1825787,0,0,0,0,0,2567941,4116865,0,0,0,0,0,0,0,0,0,0,0,0,0,0,0,0,0,0,0,0,0,0,0,0,0,0,1239,500,3324433,324829,3649262,934,45,0,0,556619,45822,122821,0,0,1526825,83382,988964,2015599,76432,402246,0,499279,25836,305041,0,2144692,87480,462928,0,575116,29961,349085,0,,2003
106190432,kaiser fdn hosp - panorama city,1/1/2003,12/31/2003,365,audited,excl. ind. audit,los angeles,11,0905,non-profit,general,kaiser,,(818)375-2295,13652 cantara street,panorama city,91402,george c. halvorson,chairman,marissa s. capulong,kaiser foundation hospitals,0,05-0137,,zzt30137f,262,262,262,1024,19299,242,598,84,124,20190,0,942,42503,288,5061,93,202,15,46,7145,0,365,13215,262,0,0,0,0,0,42503,0,0,0,0,0,13215,0,0,0,0,0,44.4,44.4,3.2,3.2,15,2866,1530,4541,14421,79,22,0,89,4461,0,85274,108887,5947,0,57627,0,0,6,750485,1004008,3566,6474,0,0,0,0,0,0,0,0,0,0,0,0,0,0,0,0,0,0,0,0,0,0,0,0,0,0,0,0,0,0,0,0,0,0,0,0,0,0,0,0,0,0,0,0,0,0,0,0,0,0,0,0,0,0,0,0,0,0,0,0,0,0,0,0,0,0,0,0,21883636,20715227,30316123,0,0,0,208207,18001187,7910852,33504486,8317857,0,0,940430,0,0,0,0,0,809083,0,0,0,0,0,0,0,0,0,0,0,0,0,0,0,0,0,0,0,0,0,0,0,0,0,0,927,887,271,1435549,419271,1854820,721,1,0,0,437509,26098,90075,0,0,871037,10830,0,525139,69752,103225,17392,544013,0,176028,0,654374,90165,138606,19615,693665,0,258395,0,,2003
106410804,kaiser fdn hosp - redwood city,1/1/2003,12/31/2003,365,audited,excl. ind. audit,san mateo,04,0428,non-profit,general,kaiser,,(510)987-3380,1150 veterans blvd,redwood city,94063,george c. halvorson,chairman,allan redmond,kaiser foundation hospitals,0,05-0541,,zzr00541f,192,192,192,1786,13066,171,0,0,21399,0,0,212,36634,430,3111,32,0,0,3994,0,0,793,8360,192,0,0,0,0,0,36634,0,0,0,0,0,8360,0,0,0,0,0,52.3,52.3,4.4,4.4,0,0,0,250,0,0,0,0,0,4166,0,0,4416,4218,0,0,0,0,8,495079,273276,3280,4416,75614,0,0,0,0,0,0,0,0,0,0,0,0,0,0,0,0,0,0,0,0,0,0,0,0,0,0,0,0,0,0,0,0,0,0,0,0,0,0,0,0,0,0,0,0,0,0,0,0,0,0,0,0,0,0,0,0,0,0,0,0,0,0,0,0,0,0,0,26828669,1377670,34328049,0,0,0,0,9494040,474561,30679623,6813788,0,0,883882,0,0,0,0,0,1129792,629958,0,0,0,0,0,0,0,0,0,0,0,0,0,0,0,0,0,0,0,0,0,0,0,0,0,0,598,245,1599538,169722,1769260,458,0,0,0,262561,54769,75820,0,0,681500,25636,499252,998851,0,213084,0,205161,14179,168263,0,1080302,0,249060,0,232843,16198,190857,0,,2003
106334025,kaiser fdn hosp - riverside,1/1/2003,12/31/2003,365,audited,excl. ind. audit,riverside,12,1111,non-profit,general,kaiser,,(909)353-3091,10800 magnolia ave,riverside,92505,george c. halvorson,chairman,marissa s. capulong,kaiser foundation hospitals,0,05-0686,,zzt30686f,215,215,215,649,24255,516,696,232,173,26794,0,847,54162,167,5744,147,233,128,58,9051,0,516,16044,215,0,0,0,0,0,54162,0,0,0,0,0,16044,0,0,0,0,0,69,69,3.4,3.4,15,4282,2769,708,1958,76,15,5,71,4391,0,22630,29854,10562,0,23028,0,0,7,787856,1047670,3513,6602,0,0,0,0,0,0,0,0,0,0,0,0,0,0,0,0,0,0,0,0,0,0,0,0,0,0,0,0,0,0,0,0,0,0,0,0,0,0,0,0,0,0,0,0,0,0,0,0,0,0,0,0,0,0,0,0,0,0,0,0,0,0,0,0,0,0,0,0,32070503,6576089,37228951,0,0,0,1331265,18725034,462386,34195593,8656408,0,0,820653,0,0,0,0,0,1002237,0,0,0,0,0,0,0,0,0,0,0,0,0,0,0,0,0,0,0,0,0,0,0,0,0,0,996,996,356,1670628,428170,2098798,432,19,0,0,626058,29366,58252,0,0,930419,26533,0,702020,22666,119919,59030,532955,0,234038,0,944789,25630,160459,65173,629473,0,273274,0,,2003
106340913,kaiser fdn hosp - sacramento,1/1/2003,12/31/2003,365,audited,excl. ind. audit,sacramento,02,0311,non-profit,general,kaiser,,(510)987-3380,2025 morse avenue,sacramento,95825,george c. halvorson,chairman,allan redmond,kaiser foundation hospitals,0,05-0425,,zzr00425f,511,498,498,5737,38934,1223,0,0,74190,0,0,394,120478,2195,8587,227,0,0,14332,0,0,1483,26824,511,0,0,0,0,0,120478,0,0,0,0,0,26824,0,0,0,0,0,64.59999999999999,66.3,4.5,4.5,0,0,0,8375,40641,0,0,0,0,26974,0,0,75990,18778,0,66157,0,0,13,1466471,823507,9667,9833,0,0,0,0,0,0,0,0,0,0,0,0,0,0,0,0,0,0,0,0,0,0,0,0,0,0,0,0,0,0,0,0,0,0,0,0,0,0,0,0,0,0,0,0,0,0,0,0,0,0,0,0,0,0,0,0,0,0,0,0,0,0,0,0,0,0,0,0,91157873,21074800,120764143,0,0,0,1754349,31310355,1711844,103207987,15202207,1686561,0,2022994,0,0,0,0,0,3870072,5385012,0,0,0,0,0,0,0,0,0,0,0,0,0,0,0,0,0,0,0,0,0,0,0,0,0,0,2141,845,5700451,634996,6335447,1001,28,0,0,992931,121856,309878,0,0,2392746,29593,1853447,3562116,224410,670982,0,730473,57778,454692,0,3857905,260530,785558,0,838144,66094,527216,0,,2003
106370730,kaiser fdn hosp - san diego,1/1/2003,12/31/2003,365,audited,excl. ind. audit,san diego,14,1416,non-profit,general,kaiser,,(619)528-3173,4647 zion avenue,san diego,92120,george c. halvorson,chairman,marissa s. capulong,kaiser foundation hospitals,0,05-0515,,zzt30515f,395,395,395,1498,44817,1331,1404,0,326,54952,0,1166,105494,338,10190,262,440,0,99,15687,0,345,27361,395,0,0,0,0,0,105494,0,0,0,0,0,27361,0,0,0,0,0,73.2,73.2,3.9,3.9,32,5286,3237,3349,14594,303,80,0,547,13816,0,65883,98572,16156,0,36718,0,0,15,1723482,3333783,7303,20745,0,0,0,0,0,0,0,0,0,0,0,0,0,0,0,0,0,0,0,0,0,0,0,0,0,0,0,0,0,0,0,0,0,0,0,0,0,0,0,0,0,0,0,0,0,0,0,0,0,0,0,0,0,0,0,0,0,0,0,0,0,0,0,0,0,0,0,0,49776846,18100294,85505258,0,0,0,1029456,32419353,1239933,70146339,21322228,0,0,5059213,0,0,0,0,0,1985563,0,0,0,0,0,0,0,0,0,0,0,0,0,0,0,0,0,0,0,0,0,0,0,0,0,0,1660,1510,497,2601131,619697,3220828,1038,13,0,0,886247,2065,66667,0,0,1566902,79191,59,1144810,44543,250990,26686,674729,0,459373,0,1364869,60488,312237,31163,812032,0,640039,0,,2003
106210992,kaiser fdn hosp - san rafael,1/1/2003,12/31/2003,365,audited,excl. ind. audit,marin,04,0405,non-profit,general,kaiser,,(510)987-3380,99 montecillo road,san rafael,94903,george c. halvorson,chairman,allan redmond,kaiser foundation hospitals,0,05-0510,,zzr00510f,120,120,120,2217,12621,310,0,0,10036,0,0,138,25322,542,3005,58,0,0,1719,0,0,518,5842,120,0,0,0,0,0,25322,0,0,0,0,0,5842,0,0,0,0,0,57.8,57.8,4.3,4.3,0,0,0,1065,6748,0,0,0,0,4403,0,0,12216,3941,0,8931,0,0,5,256717,274481,1750,3285,61372,0,0,0,0,0,0,0,0,0,0,0,0,0,0,0,0,0,0,0,0,0,0,0,0,0,0,0,0,0,0,0,0,0,0,0,0,0,0,0,0,0,0,0,0,0,0,0,0,0,0,0,0,0,0,0,0,0,0,0,0,0,0,0,0,0,0,0,15217939,3167786,22829686,0,0,0,0,7513702,315169,17940049,3462844,0,0,888245,0,0,0,0,0,684360,653329,0,0,0,0,0,0,0,0,0,0,0,0,0,0,0,0,0,0,0,0,0,0,0,0,0,0,355,140,941830,96536,1038366,368,0,0,0,160529,10220,43507,0,0,426706,26306,274562,566527,27067,84829,0,161661,10480,91266,0,601728,34398,98362,0,187160,12146,104572,0,,2003
106430805,kaiser fdn hosp - santa clara,1/1/2003,12/31/2003,365,audited,excl. ind. audit,santa clara,07,0429,non-profit,general,kaiser,,(510)987-3380,900 kiely boulevard,santa clara,95051,george c. halvorson,chairman,allan redmond,kaiser foundation hospitals,0,05-0071,,zzr00071f,286,280,280,3075,17337,345,0,0,54850,0,0,325,75932,874,3773,82,0,0,11553,0,0,1218,17500,286,0,0,0,0,0,75932,0,0,0,0,0,17500,0,0,0,0,0,72.7,74.3,4.3,4.3,0,0,0,4756,33268,0,0,0,0,23396,0,0,61420,8678,0,50973,0,0,10,638794,776912,4241,10447,138423,0,0,0,0,0,0,0,0,0,0,0,0,0,0,0,0,0,0,0,0,0,0,0,0,0,0,0,0,0,0,0,0,0,0,0,0,0,0,0,0,0,0,0,0,0,0,0,0,0,0,0,0,0,0,0,0,0,0,0,0,0,0,0,0,0,0,0,51333113,14906309,65397847,0,0,0,2979165,16647255,693257,61429236,8223150,2831135,0,1559310,0,0,0,0,0,2116694,1673796,0,0,0,0,0,0,0,0,0,0,0,0,0,0,0,0,0,0,0,0,0,0,0,0,0,0,1188,452,3083796,343465,3427261,741,36,0,0,545590,91721,105485,0,0,1385160,53599,902241,1860672,176279,349003,0,331322,19150,347370,0,2025855,204883,403697,0,378668,22737,391421,0,,2003
106494019,kaiser fdn hosp - santa rosa,1/1/2003,12/31/2003,365,audited,excl. ind. audit,sonoma,03,0401,non-profit,general,kaiser,,(510)987-3380,401 bicentennial way,santa rosa,95403,george c. halvorson,chairman,allan redmond,kaiser foundation hospitals,0,05-0690,,hsp30690f,117,117,117,1880,12919,1003,0,0,16935,0,0,258,32995,530,3076,230,0,0,3177,0,0,969,7982,117,0,0,0,0,0,32995,0,0,0,0,0,7982,0,0,0,0,0,77.3,77.3,4.1,4.1,0,0,0,750,8730,0,0,0,0,7642,0,0,17122,4449,0,12259,0,0,4,234405,348495,2023,4863,61226,0,0,0,0,0,0,0,0,0,0,0,0,0,0,0,0,0,0,0,0,0,0,0,0,0,0,0,0,0,0,0,0,0,0,0,0,0,0,0,0,0,0,0,0,0,0,0,0,0,0,0,0,0,0,0,0,0,0,0,0,0,0,0,0,0,0,0,22422111,3609613,28933069,0,0,0,0,8082201,373305,24312873,4860337,0,0,386438,0,0,0,0,0,930038,1952686,0,0,0,0,0,0,0,0,0,0,0,0,0,0,0,0,0,0,0,0,0,0,0,0,0,0,482,194,1244126,129845,1373971,302,0,0,0,266269,8234,55360,0,0,543300,9880,361083,747347,36431,157908,0,179718,12519,110203,0,801360,41378,184204,0,206137,13973,126919,0,,2003
106431506,kaiser fdn hosp - santa teresa comm hosp,1/1/2003,12/31/2003,365,audited,excl. ind. audit,santa clara,07,0431,non-profit,general,kaiser,,(510)987-3380,250 hospital parkway,san jose,95119,george c. halvorson,chairman,allan redmond,kaiser foundation hospitals,0,05-0604,,zzr00604g,228,228,228,3571,16359,485,0,0,35338,0,0,170,55923,927,3895,124,0,0,7900,0,0,640,13486,228,0,0,0,0,0,55923,0,0,0,0,0,13486,0,0,0,0,0,67.2,67.2,4.1,4.1,0,0,0,296,0,0,0,0,0,6522,0,0,6818,6371,0,0,0,0,7,418017,449388,3131,6818,0,0,0,0,0,0,0,0,0,0,0,0,0,0,0,0,0,0,0,0,0,0,0,0,0,0,0,0,0,0,0,0,0,0,0,0,0,0,0,0,0,0,0,0,0,0,0,0,0,0,0,0,0,0,0,0,0,0,0,0,0,0,0,0,0,0,0,0,35073791,2940939,50247010,0,0,0,0,11697323,640418,38093200,8115667,0,0,1328434,0,0,0,0,0,1434216,731065,0,0,0,0,0,0,0,0,0,0,0,0,0,0,0,0,0,0,0,0,0,0,0,0,0,0,765,301,2028013,213223,2241236,611,0,0,0,280225,65110,90499,0,0,941581,98152,552446,1270607,0,245697,0,250376,19947,241386,0,1363909,0,291117,0,288291,23362,274557,0,,2003
106342344,kaiser fdn hosp - south sacramento,1/1/2003,12/31/2003,365,audited,excl. ind. audit,sacramento,02,0311,non-profit,general,kaiser,,(510)987-3380,6600 bruceville road,sacramento,95823,george c. halvorson,chairman,allan redmond,kaiser foundation hospitals,0,05-0674,,hsp30674f,162,162,162,3436,15185,106,0,0,29201,0,0,216,48144,833,3271,146,0,0,7344,0,0,813,12407,162,0,0,0,0,0,48144,0,0,0,0,0,12407,0,0,0,0,0,81.40000000000001,81.40000000000001,3.9,3.9,0,0,0,320,0,0,0,0,0,6006,0,0,6326,7356,0,0,0,0,8,355671,436311,2753,6326,107623,0,0,0,0,0,0,0,0,0,0,0,0,0,0,0,0,0,0,0,0,0,0,0,0,0,0,0,0,0,0,0,0,0,0,0,0,0,0,0,0,0,0,0,0,0,0,0,0,0,0,0,0,0,0,0,0,0,0,0,0,0,0,0,0,0,0,0,28939348,2164676,42313777,0,0,0,540846,11001609,723235,30511128,7244050,520391,0,1004156,0,0,0,0,0,1164373,2987434,0,0,0,0,0,0,0,0,0,0,0,0,0,0,0,0,0,0,0,0,0,0,0,0,0,0,672,284,1798541,175176,1973717,563,11,0,0,311811,46744,95261,0,0,768142,13500,563083,1113945,0,251068,0,244855,26367,162306,0,1208295,0,267098,0,281375,29463,187486,0,,2003
106410806,kaiser fdn hosp - south san francisco,1/1/2003,12/31/2003,365,audited,excl. ind. audit,san mateo,04,0425,non-profit,general,kaiser,,(510)987-3380,1200 el camino real,south san francisco,94080,george c. halvorson,chairman,allan redmond,kaiser foundation hospitals,0,,,zzr00070f,124,124,124,1812,12230,184,0,0,12141,0,0,111,26478,609,2912,27,0,0,2265,0,0,417,6230,124,0,0,0,0,0,26478,0,0,0,0,0,6230,0,0,0,0,0,58.5,58.5,4.3,4.3,0,0,0,149,0,0,0,0,0,4403,0,0,4552,4734,0,0,0,0,6,330495,310845,2749,4552,101812,0,0,0,0,0,0,0,0,0,0,0,0,0,0,0,0,0,0,0,0,0,0,0,0,0,0,0,0,0,0,0,0,0,0,0,0,0,0,0,0,0,0,0,0,0,0,0,0,0,0,0,0,0,0,0,0,0,0,0,0,0,0,0,0,0,0,0,17450147,1383982,25655478,0,0,0,0,8452366,405564,19355536,4524109,0,0,511313,0,0,0,0,0,781056,1879603,0,0,0,0,0,0,0,0,0,0,0,0,0,0,0,0,0,0,0,0,0,0,0,0,0,0,413,168,1118652,102559,1221211,437,0,0,0,179186,9457,7073,0,0,560221,51020,311695,686521,25179,122631,0,161424,13021,109876,0,725435,28714,140148,0,185425,15529,125960,0,,2003
106190429,kaiser fdn hosp - sunset,1/1/2003,12/31/2003,365,audited,excl. ind. audit,los angeles,11,0925,non-profit,general,kaiser,,(213)667-4867,4867 sunset blvd.,los angeles,90027,george c. halvorson,chairman,marissa s. capulong,kaiser foundation hospitals,0,05-0138,,zzt30138f,519,519,519,1358,51005,1486,1835,40,229,70891,0,3359,130203,217,7264,331,416,7,54,14508,0,761,23558,451,68,0,0,0,0,112009,18194,0,0,0,0,21423,2135,0,0,0,0,68.7,68.7,5.5,5.5,16,3347,1833,4188,13666,139,35,0,35,5209,0,78412,101684,13940,0,57491,0,0,15,2148313,1164842,7672,6778,0,0,0,0,0,0,0,0,0,0,0,0,0,0,0,0,0,0,0,0,0,0,0,0,0,0,0,0,0,0,0,0,0,0,0,0,0,0,0,0,0,0,0,0,0,0,0,0,0,0,0,0,0,0,0,0,0,0,0,0,0,0,0,0,0,0,0,0,91511835,16332862,107219436,0,0,0,11748580,32654840,1452169,72928743,31509833,0,0,1946753,0,0,0,0,0,2485331,0,0,0,0,0,0,0,0,0,0,0,0,0,0,0,0,0,0,0,0,0,0,0,0,0,0,2035,2035,822,3423949,854329,4278278,1078,183,0,0,1410284,67385,187770,0,0,1713619,44827,64,1708277,56237,209004,364652,766068,0,319711,0,2126386,81035,268582,396471,1016110,0,389694,0,,2003
106070990,kaiser fdn hosp - walnut creek,1/1/2003,12/31/2003,365,audited,excl. ind. audit,contra costa,05,0411,non-profit,general,kaiser,,(510)987-3380,1425 south main street,walnut creek,94596,george c. halvorson,chairman,allan redmond,kaiser foundation hospitals,0,05-0072,,zzr00072f,229,229,229,4888,27242,104,0,0,45730,0,0,330,78294,1063,5366,24,0,0,9796,0,0,1236,17485,229,0,0,0,0,0,78294,0,0,0,0,0,17485,0,0,0,0,0,93.7,93.7,4.5,4.5,28,1812,822,5156,33268,0,0,0,0,14781,0,0,53205,8908,0,45821,0,0,11,784624,569654,5646,7384,147465,0,0,0,0,0,0,0,0,0,0,0,0,0,0,0,0,0,0,0,0,0,0,0,0,0,0,0,0,0,0,0,0,0,0,0,0,0,0,0,0,0,0,0,0,0,0,0,0,0,0,0,0,0,0,0,0,0,0,0,0,0,0,0,0,0,0,0,54704608,12646361,77159560,0,0,0,170763,20743666,925444,68179420,13849505,170654,0,1814839,0,0,0,0,0,2454523,4146340,0,0,0,0,0,0,0,0,0,0,0,0,0,0,0,0,0,0,0,0,0,0,0,0,0,0,1268,508,3221442,391341,3612783,848,5,0,0,584129,29795,132496,0,0,1499614,10880,964528,1885031,113932,451539,0,394510,28460,347970,0,2055196,130161,529473,0,460584,33670,403699,0,,2003
106190434,kaiser fdn hosp - west la,1/1/2003,12/31/2003,365,audited,excl. ind. audit,los angeles,11,0927,non-profit,general,kaiser,,(213)857-2135,6041 cadillac avenue,los angeles,90034,george c. halvorson,chairman,marissa s. capulong,kaiser foundation hospitals,0,05-0561,,zzt31414f,293,293,293,1259,21562,833,798,0,56,18900,0,945,44353,256,4707,262,254,0,21,5486,0,280,11266,293,0,0,0,0,0,44353,0,0,0,0,0,11266,0,0,0,0,0,41.5,41.5,3.9,3.9,26,1998,1086,763,1887,89,12,0,14,3652,0,34,6451,8426,0,0,0,0,8,549891,993020,2186,5749,0,0,0,0,0,0,0,0,0,0,0,0,0,0,0,0,0,0,0,0,0,0,0,0,0,0,0,0,0,0,0,0,0,0,0,0,0,0,0,0,0,0,0,0,0,0,0,0,0,0,0,0,0,0,0,0,0,0,0,0,0,0,0,0,0,0,0,0,23046479,2185698,33223898,0,0,0,313864,18546435,927809,30633991,2557507,0,0,461235,0,0,0,0,0,848254,0,0,0,0,0,0,0,0,0,0,0,0,0,0,0,0,0,0,0,0,0,0,0,0,0,0,865,865,268,1444995,396011,1841006,487,2,0,0,401487,35001,79899,0,0,886511,41580,517,531262,33265,110676,22863,471353,0,275576,0,661143,50706,145396,25341,612199,0,346221,0,,2003
106191450,kaiser fdn hosp - woodland hills,1/1/2003,12/31/2003,365,audited,excl. ind. audit,los angeles,11,0905,non-profit,general,kaiser,,(818)719-2777,5601 de soto avenue,woodland hills,91367,george c. halvorson,chairman,marissa s. capulong,kaiser foundation hospitals,0,05-0677,,zzt30677f,218,218,218,984,25192,399,330,0,92,23891,0,792,51680,224,5774,61,91,0,33,6288,0,181,12652,218,0,0,0,0,0,51680,0,0,0,0,0,12652,0,0,0,0,0,64.90000000000001,64.90000000000001,4.1,4.1,21,2755,1478,601,1964,33,17,0,44,5829,0,43,8531,5561,0,0,0,0,8,875972,1243469,3937,7974,0,0,0,0,0,0,0,0,0,0,0,0,0,0,0,0,0,0,0,0,0,0,0,0,0,0,0,0,0,0,0,0,0,0,0,0,0,0,0,0,0,0,0,0,0,0,0,0,0,0,0,0,0,0,0,0,0,0,0,0,0,0,0,0,0,0,0,0,26660441,1673381,39381510,0,0,0,1357553,19916672,346016,32995148,8700163,0,0,878559,0,0,0,0,0,960364,0,0,0,0,0,0,0,0,0,0,0,0,0,0,0,0,0,0,0,0,0,0,0,0,0,0,1036,1036,320,1645517,522907,2168424,480,17,0,0,536847,10337,104923,0,0,979137,14273,0,598201,66332,123674,35672,589140,0,232498,0,773698,86044,172602,39456,774941,0,321683,0,,2003
106480989,kaiser fdn hosp rehab ctr - vallejo,1/1/2003,12/31/2003,365,audited,excl. ind. audit,solano,03,0409,non-profit,general,kaiser,,(510)987-3380,975 sereno drive,vallejo,94590,george c. halvorson,chairman,allan redmond,kaiser foundation hospitals,0,,,zzr00073f,287,287,287,7907,25435,437,0,0,49233,0,0,258,83270,1402,4732,62,0,0,7107,0,0,1687,14990,227,0,0,60,0,0,68708,0,0,14562,0,0,14273,0,0,717,0,0,79.5,79.5,5.6,5.6,0,0,0,7685,25809,0,0,0,0,18375,0,0,51869,8110,0,45817,0,0,11,432058,463540,3300,6052,137021,0,0,0,0,0,0,0,0,0,0,0,0,0,0,0,0,0,0,0,0,0,0,0,0,0,0,0,0,0,0,0,0,0,0,0,0,0,0,0,0,0,0,0,0,0,0,0,0,0,0,0,0,0,0,0,0,0,0,0,0,0,0,0,0,0,0,0,51123149,12329305,61538684,0,0,0,86858,18504830,888299,54150734,18485496,79835,0,1528361,0,0,0,0,0,2047967,5007804,0,0,0,0,0,0,0,0,0,0,0,0,0,0,0,0,0,0,0,0,0,0,0,0,0,0,1127,443,2991676,355372,3347048,594,2,0,0,475960,80613,180416,0,0,1252820,19222,982645,1895120,131593,345474,0,346459,28847,244183,0,2065432,151386,407059,0,400586,33193,289392,0,,2003
106015000,kaiser foundation northern region,1/1/2003,12/31/2003,365,audited,excl. ind. audit,alameda,05,0417,non-profit,general,kaiser,,(510)987-3380,1956 webster,oakland,94612,george c. halvorson,chairman,allan redmond,kaiser foundation hospitals,0,,,,0,0,0,0,0,0,0,0,0,0,0,0,0,0,0,0,0,0,0,0,0,0,0,0,0,0,0,0,0,0,0,0,0,0,0,0,0,0,0,0,0,0,0,0,0,0,0,0,0,0,0,0,0,0,0,0,0,0,0,0,0,0,0,0,0,0,0,0,0,3481058379,63086577,0,3417971802,101613762,3235713577,283871987,196784,0,0,0,284068771,3481058379,0,0,0,0,0,0,0,0,0,0,0,0,0,0,0,0,0,0,0,0,0,0,0,0,0,0,0,0,0,0,0,0,0,0,63086577,0,0,0,0,0,0,0,0,0,0,0,0,0,0,0,0,0,0,0,0,0,0,0,0,0,0,0,0,0,0,0,0,0,0,0,0,0,0,0,0,0,6258976752,0,1879000865,423820508,107872209,0,8669670334,4723078724,469905309,790007358,2686678943,8669670334,833437,2862868916,720357578,3956376883,2077376018,0,0,790426007,790426007,418649,5738970866,4327565819,0,0,0,0,0,0,0,0,0,0,0,0,0,0,0,0,0,0,0,0,0,0,0,0,0,0,0,0,0,0,0,0,0,0,,2003
106191300,kaiser foundation southern region,1/1/2003,12/31/2003,365,audited,excl. ind. audit,los angeles,11,0925,non-profit,general,kaiser,,(626)405-5000,393 e. walnut street,pasadena,91188-0001,george c. halvorson,chairman,marissa s. capulong,kaiser foundation hospitals,0,,,,0,0,0,0,0,0,0,0,0,0,0,0,0,0,0,0,0,0,0,0,0,0,0,0,0,0,0,0,0,0,0,0,0,0,0,0,0,0,0,0,0,0,0,0,0,0,0,0,0,0,0,0,0,0,0,0,0,0,0,0,0,0,0,0,0,0,0,0,0,3054870853,87512087,0,2967358766,79069380,2657301860,389126286,0,0,0,0,389126286,3054870853,0,0,0,0,0,0,0,0,0,0,0,0,0,0,0,0,0,0,0,0,0,0,0,0,0,0,0,0,0,0,0,0,0,0,87512087,0,0,0,0,0,0,0,0,0,0,0,0,0,0,0,0,0,0,0,0,0,0,0,0,0,0,0,0,0,216157023,0,0,0,0,0,0,0,0,0,0,56,3862251296,0,1762764279,344067853,167745757,0,6136829185,1616823496,594769810,637183370,3288052509,6136829185,100683,3182488588,676055019,4095947970,2333183691,0,1034695,0,638121058,937688,3740122315,1922411357,0,0,0,0,0,0,0,0,0,0,0,0,0,0,0,0,0,0,0,0,0,0,0,0,0,0,0,0,0,0,0,0,0,0,,2003
106364110,kaiser permanente chemical dep program,1/1/2003,12/31/2003,365,audited,excl. ind. audit,san bernardino,12,1209,non-profit,specialty,kaiser,,(909)427-5015,17046 marygold avenue,fontana,92335,george c. halvorson,chairman,marissa s. capulong,kaiser foundation hospitals,0,05-0140,,zzt30140f,20,20,20,0,115,2,19,0,4,1648,0,275,2063,0,41,1,6,0,1,580,0,81,710,0,0,20,0,0,0,0,0,2063,0,0,0,0,0,710,0,0,0,28.3,28.3,2.9,2.9,0,0,0,0,0,0,0,0,0,0,0,0,0,0,0,0,0,0,0,0,0,0,0,0,0,0,0,0,0,0,0,0,0,0,0,0,0,0,0,0,0,0,0,0,0,0,0,0,0,0,0,0,0,0,0,0,0,0,0,0,0,0,0,0,0,0,0,0,0,0,0,0,0,0,0,0,0,0,0,0,0,0,0,0,0,0,0,0,0,0,0,3198315,0,0,0,0,0,0,0,0,0,0,0,0,0,0,0,0,0,0,0,0,0,0,0,0,0,0,0,0,0,0,0,0,0,0,0,0,0,0,0,0,0,0,0,0,0,0,22,0,37240,8112,45352,0,0,0,0,1880,0,0,0,0,35360,0,0,37240,0,0,0,0,0,0,0,45352,0,0,0,0,0,0,0,,2003
106540734,kaweah delta district hospital,7/1/2002,6/30/2003,365,audited,incl. ind. audit,tulare,09,0611,district,general,comparable,,(559)624-2000,400 w mineral king,visalia,93291-6237,lindsay mann,ceo,meghan malony,kaweah delta health care district,0,05-0057,,zzt30057f,489,486,389,58790,51,25079,6725,14885,3050,19904,0,2775,131259,7810,7,3198,2003,575,696,5057,0,961,20307,311,63,0,30,85,0,79977,19925,0,7619,23738,0,17944,1019,0,614,730,0,73.5,74,6.5,4.9,32,5571,3344,71428,5,77593,27569,3376,38107,38729,0,98247,355054,69827,34157,206538,0,0,11,600730,244800,4285,3143,12620,793311676,553494251,54715,239872140,8339963,239873237,8338866,5509431,316668,0,0,13531629,150207040,43246571,599858065,308221639,212564,87901045,30179662,17383015,18760061,111412175,0,15834655,589904816,75849375,5663,21329631,14530890,1953984,13560546,68052371,0,8124400,203406860,272091046,3972,88430236,29454510,0,16019372,19350914,102800260,23619414,0,685594,0,1038933,0,0,0,54715,111979968,214255,20800440,15256042,3317627,8434766,76719001,0,3150041,0,1125452,0,3749463,545333,0,48132044,19920172,91630718,0,0,0,0,36329526,8636949,27346970,7876858,100932633,31839156,8475286,5896617,53826655,13138941,12768715,1943382,1040155,2159793,7851904,72999134,76161097,103387208,6782162,50003798,305305,309638704,55549875,0,72947237,181141592,309638704,4001225,97336043,113922320,222985140,119597932,0,3745091,71744000,81701331,8754094,0,0,2936,2390,1365,4547529,554098,5101627,172,0,258409,850910,903777,220242,803499,786476,371004,223363,51995,77854,1308885,565147,1080485,0,739464,327184,512977,13387,1460859,616121,1259590,0,824689,362352,564482,13534,,2003
106190150,kedren community mental health center,7/1/2002,6/30/2003,365,audited,incl. ind. audit,los angeles,11,0935,non-profit,psychiatric,comparable,,(323)233-0425,4211 south avalon blvd,los angeles,90011-5622,john h. griffith  ph.d.,president/ceo,arthur dansby,kedren community health center inc.,0,,,,48,48,48,0,0,0,0,0,12471,0,0,0,12471,0,0,0,0,0,1032,0,0,0,1032,0,48,0,0,0,0,0,12471,0,0,0,0,0,1032,0,0,0,0,71.2,71.2,12.1,12.1,0,0,0,0,0,0,0,0,118204,0,0,0,118204,0,0,0,0,0,0,0,0,0,0,0,19110343,0,0,19110343,21197,19798528,-666988,0,0,0,0,-666988,6068888,13041455,0,0,0,0,0,0,6068888,0,0,0,6068888,0,0,0,0,0,13041455,0,0,0,13041455,0,0,0,0,0,0,0,0,0,0,0,0,0,0,0,0,0,0,0,0,0,0,19110343,0,0,0,0,0,0,0,0,0,6031879,8231922,0,0,0,0,0,2618661,686851,1284782,944433,13765564,2107066,0,383862,913685,673841,127724,507686,235718,62179,1021203,1972437,0,590521,0,0,0,2562958,2185133,0,970827,-593002,2562958,85692,0,1620499,1620499,1029978,0,0,0,970827,0,0,374397,265,265,62,512952,50826,563778,23,0,121302,77603,44473,52843,31627,74857,24892,72337,0,13018,246794,68397,0,0,89251,39462,69048,0,284273,71421,0,0,95699,40964,71421,0,,2003
106210993,kentfield rehabilitation center,8/1/2003,12/31/2003,153,audited,excl. ind. audit,marin,04,0405,investor,specialty,comparable,,(505)468-5059,1125-b sir francis drake blvd.,kentfield,94904-1455,ann gorrs,ceo,eric wells,care one management,0,05-2043,,zzr00554g,60,60,60,4049,0,79,0,0,1345,0,0,0,5473,161,0,3,0,0,46,0,0,0,210,0,0,0,60,0,0,0,0,0,5473,0,0,0,0,0,210,0,0,59.6,59.6,26.1,26.1,0,0,0,3022,0,0,0,0,467,2503,0,0,5992,0,5992,0,0,0,0,0,0,0,0,0,10271179,3988611,0,6282568,61627,6731344,-387149,0,0,0,0,-387149,5817231,1142611,3311337,6687071,0,126433,0,0,2315064,0,0,0,9128568,454160,0,0,0,0,357331,331120,0,0,1142611,2695895,0,59681,0,0,0,1060853,172182,0,0,0,0,0,0,0,0,0,4445336,0,66752,0,0,1611542,158938,0,0,0,0,0,0,0,0,2026883,195256,1215708,0,0,0,0,946778,348764,1519865,478090,3615443,721784,247640,0,517023,436154,2746,413631,38004,77,738842,395622,0,136770,0,14077,0,546469,3795617,0,0,-3249148,546469,0,28502,111014,139516,2746,0,0,0,0,0,0,2489455,52,123,45,99950,8210,108160,75,0,0,875,18738,3596,17511,0,6763,51941,0,526,40720,5075,11485,0,20390,8665,13615,0,44472,5075,12544,0,21555,9480,15034,0,,2003
106210993,kentfield rehabilitation center,1/1/2003,7/31/2003,212,audited,excl. ind. audit,marin,04,0405,investor,specialty,comparable,,(505)468-5059,1125-b sir francis drake blvd.,kentfield,94904-1455,linda tavaszi,ceo,leslie pagett,sun healthcare group inc.,0,05-2043,,zzr00554g,60,60,60,5643,0,65,0,0,2179,0,0,0,7887,235,0,8,0,0,59,0,0,0,302,0,0,0,60,0,0,0,0,0,7887,0,0,0,0,0,302,0,0,62,62,26.1,26.1,0,0,0,8871,0,0,0,0,3461,0,0,0,12332,0,12332,0,0,0,0,0,0,0,0,0,14853922,5642785,0,9211137,18209,9572864,-343518,49998,1149685,0,0,-1443205,7906525,1670647,5276750,9235295,0,87249,0,0,3871131,0,0,0,13193675,625108,0,0,0,0,1035139,0,0,0,1660247,3385604,0,62396,0,0,0,1992672,0,202113,0,0,0,0,0,0,0,0,6474799,0,24853,0,0,2711485,0,0,0,0,233756,0,0,0,0,2928574,692203,1812593,0,0,0,0,1426833,282756,1824237,605668,3974037,974299,392181,289553,603289,2429149,36292,408817,102999,4376,357872,1337728,0,0,0,0,0,1337728,2698460,0,0,-1360732,1337728,0,0,0,0,0,0,0,0,0,0,0,873676,200,148,82,187892,12731,200623,75,0,27643,10897,44784,4908,32085,23863,22382,0,1200,20130,92117,4494,10354,0,34776,13455,32696,0,97681,4885,11246,0,37075,14557,35179,0,,2003
106150736,kern medical center,7/1/2002,6/30/2003,365,audited,excl. ind. audit,kern,09,0617,city/county,general,comparable,teaching,(661)326-2000,1830 flower st,bakersfield,93305-4144,peter bryan,ceo,stephen shahbazian,county of kern,2,05-0315,hsc30315f,,222,213,180,5653,1060,25572,8210,7815,6609,586,0,0,55505,931,210,5222,2667,2022,1516,157,0,0,12725,197,25,0,0,0,0,47808,7697,0,0,0,0,11969,756,0,0,0,0,68.5,71.40000000000001,4.4,4.4,20,5350,3374,4954,318,28702,25854,73095,7768,674,0,0,141365,48520,80159,8515,0,0,8,307670,262090,5093,2731,10538,296731861,145455573,571707,151847995,4853943,166497155,-9795217,51052265,0,0,0,41257048,135870506,35602948,125258407,20796558,5191336,96555899,33558136,38400360,30521279,2864779,0,0,227888347,3911433,514854,14156794,11741044,32114801,5620119,784469,0,0,68843514,12763518,86866,53016482,45870050,-57732866,63309182,25796501,2345840,0,0,0,0,0,0,571707,0,0,11944473,5619324,98665920,16763994,7205979,10344897,1303408,0,0,54069267,0,0,283898,0,31767316,30463693,23842025,45810749,0,0,0,9991371,26453328,4942841,13327583,11665565,69627679,26604885,7045144,14093583,19594781,9596946,4986799,873411,7071223,1139010,5863694,39785989,0,47103027,1780150,12028112,0,100697278,47661592,0,51142966,1892720,100697278,8004092,57322140,38532965,96023220,48920193,0,0,53887420,53887420,2744454,0,0,1383,1383,597,2705889,402078,3107967,109,94,84641,314125,522384,98976,225991,567131,196897,464068,196529,35147,661080,555454,454231,192969,408527,130995,302633,0,745213,615767,534728,213393,478541,148428,371897,0,,2003
106150737,kern valley healthcare district,7/1/2002,6/30/2003,365,audited,incl. ind. audit,kern,09,0619,district,general,comparable,small/rural,(760)379-2681,6412 laurel avenue,lake isabella,93240,pamela ott  r.n. mha,ceo,loretta masi,kern valley healthcare district,0,05-0542,,zzt30542f,101,101,101,2872,960,24759,61,62,804,0,0,909,30427,484,229,156,28,20,178,0,0,10,1105,27,0,0,0,74,0,3270,0,0,0,27157,0,906,0,0,0,199,0,82.5,82.5,27.5,3.6,0,0,0,2923,911,3832,1931,398,4493,0,0,1163,15651,6739,9447,0,0,0,3,720,15706,8,310,849,41080991,23431519,0,17649472,230277,19186627,-1306878,462260,149294,0,0,-993912,14935535,3490176,22655280,7190122,3114317,14115415,165482,210945,2224055,0,0,219329,27239665,3021243,1100595,3016485,754079,429480,4768450,0,0,750994,13841326,7545601,981249,7993722,560459,-34924,77527,4970069,0,825341,0,25009,0,487466,0,0,0,0,2363558,3108923,8666083,331887,543944,1790485,0,0,844592,0,0,0,113586,160342,0,4054231,1634975,5399753,0,0,0,0,4024652,724627,1754750,1593639,6680635,2088541,554525,1007394,4071322,702165,1644502,169566,113732,1113819,1040426,3082930,0,8365624,131384,1586141,0,13166079,4832851,0,15876485,-7543257,13166079,633579,16636555,7261697,26477868,18112244,0,0,16177095,16498612,622127,0,0,267,212,127,414321,34451,448772,47,0,58034,25327,40181,42693,117411,80605,40443,2108,7519,0,180825,40178,42078,0,89676,27862,33702,0,192734,42167,46009,0,98623,31433,37806,0,,2003
106190449,kindred hospital - la mirada,1/1/2003,12/31/2003,365,audited,excl. ind. audit,los angeles,11,0921,investor,general,comparable,,(562)944-1900,14900 east imperial highway,la mirada,90637-2172,traci shelton,ceo,jackie brewer-brown,kindred healthcare inc.,0,05-2038,,hsp32038f,248,248,224,53548,0,950,0,0,4245,0,0,308,59051,1929,0,34,0,0,153,0,0,11,2127,224,0,0,24,0,0,59051,0,0,0,0,0,2127,0,0,0,0,0,65.2,65.2,27.8,27.8,0,0,0,0,0,0,0,0,0,0,0,0,0,0,0,0,0,0,4,20785,0,252,0,931,199590435,134624681,0,64965754,80516,55194502,9851768,15302,0,0,0,9867070,78752218,0,120838217,176315339,0,3961600,0,0,18386933,0,0,926563,199590435,0,0,0,0,0,0,0,0,0,0,122410002,0,1172907,0,0,0,9872886,0,1087006,0,0,0,81880,0,0,0,0,52550332,0,2788693,0,0,8514047,0,0,1112682,0,0,0,0,0,0,20505725,0,15268929,0,0,0,0,8479939,2224412,6069652,2645845,26452575,7854754,299336,1709487,8577821,4173444,1174917,2192567,724318,0,2035283,10897821,0,16495255,369816,0,0,27762892,14653110,90906,0,13018876,27762892,3268,11721752,3500458,18409181,1913926,0,0,0,0,0,0,9874199,661,597,375,1169069,114812,1283881,706,0,148330,280737,251095,85741,156633,72250,132823,0,31893,9567,549192,0,212695,0,221305,76820,109057,0,604812,0,229361,0,235707,82344,131657,0,,2003
106190305,kindred hospital - los angeles,1/1/2003,12/31/2003,365,audited,excl. ind. audit,los angeles,11,0929,investor,general,comparable,,(310)642-0325,5525 west slauson avenue,los angeles,90056-1047,adam darvish,ceo,michael gonzales,kindred healthcare inc.,0,04-8335,hsc32032f,,81,81,81,14263,0,6255,0,0,1001,3253,0,250,25022,372,0,53,0,0,13,39,0,1,478,81,0,0,0,0,0,25022,0,0,0,0,0,478,0,0,0,0,0,84.59999999999999,84.59999999999999,52.3,52.3,0,0,0,0,0,0,0,0,0,0,0,0,0,0,0,0,0,0,2,6680,0,267,0,111,140654181,107343703,0,33310478,65133,27483490,5892121,0,0,0,0,5892121,39784111,4103,100865967,104731738,0,18843828,0,0,3757294,12467390,0,853931,140654181,0,0,0,0,0,0,0,0,0,0,81827482,0,16421237,0,0,0,1463122,4897397,2734465,0,0,0,0,0,0,0,0,21171408,0,1982467,0,0,2169775,7569993,0,416835,0,0,0,0,0,0,9779915,1723,7313594,0,0,0,0,5348907,475083,2844411,1719857,14015258,2362067,0,884310,1981916,2438492,477834,313215,281896,0,4728502,10708379,0,8419904,83473,0,0,19211756,2191198,0,7350107,9670451,19211756,183264,4741200,2246073,9613857,1193953,0,0,0,7350107,0,0,7350107,350,238,210,452637,48944,501581,122,0,40508,104318,87540,51432,87664,30286,38849,6304,0,5736,227344,0,103051,0,75741,22529,23972,0,255120,0,112550,0,82346,24470,27095,0,,2003
106344035,kindred hospital - sacramento,1/1/2003,12/31/2003,365,audited,excl. ind. audit,sacramento,02,0309,investor,general,comparable,,(916)351-9151,223 fargo way,folsom,95630-2961,meredith taylor,ceo,pat henning,thc - orange county inc.,0,05-2033,,hsp32033h,39,37,33,6592,0,83,0,0,0,3578,0,0,10253,149,0,5,0,0,0,58,0,0,212,39,0,0,0,0,0,10253,0,0,0,0,0,212,0,0,0,0,0,72,75.90000000000001,48.4,48.4,0,0,0,0,0,0,0,0,0,0,0,0,0,0,0,0,0,0,1,3486,0,83,0,54,35536406,22331094,0,13205312,18339,12264315,959336,0,0,0,0,959336,13621000,0,21915406,21858956,0,166529,0,0,0,13510921,0,0,35536406,0,0,0,0,0,0,0,0,0,0,14138599,0,146104,0,0,0,0,8046391,0,0,0,0,0,0,0,0,0,7720357,0,20425,0,0,0,5464530,0,0,0,0,0,0,0,0,4114829,0,3268971,0,0,0,0,1644871,245500,1987379,1002765,5673872,1676779,281957,0,1169610,1738145,209108,167279,123857,17250,1206458,3827806,0,2980191,30575,0,0,6838572,3421236,0,0,3417336,6838572,6480,1983930,859345,3533275,553084,0,0,0,0,0,0,2421655,175,104,81,195489,20648,216137,79,0,44115,34311,28132,19223,26088,19922,23698,0,0,0,81262,0,38631,0,42071,8520,25005,0,89093,0,41630,0,48259,9376,27779,0,,2003
106370721,kindred hospital - san diego,1/1/2003,12/31/2003,365,audited,excl. ind. audit,san diego,14,1418,investor,general,comparable,,(619)543-4500,1940 el cajon blvd.,san diego,92104-1005,william mitchell,ceo,john browne,vencor inc.,0,04-9796,hsc30220g,zzt30220g,70,70,62,13697,0,270,0,0,4466,0,0,0,18433,470,0,6,0,0,91,0,0,0,567,70,0,0,0,0,0,18433,0,0,0,0,0,567,0,0,0,0,0,72.09999999999999,72.09999999999999,32.5,32.5,0,0,0,415,0,0,0,0,0,0,0,0,415,0,415,0,0,0,4,11070,0,84,0,190,55076086,34093640,0,20982446,56800,20986422,52824,0,0,0,0,52824,19475906,363524,35236656,40458902,0,596682,0,0,13656978,0,0,0,54712562,363524,0,0,0,0,0,0,0,0,363524,25744671,0,607080,0,0,0,7078166,0,663723,0,0,0,0,0,0,0,0,14414032,0,-10398,0,0,6578812,0,0,0,0,0,0,0,0,0,5228671,67383,5258759,0,0,0,0,2707251,291108,4411020,3022230,7688174,2193566,451498,1560824,2409108,2393446,711943,2227638,244425,20847,1084953,4690926,0,3582591,0,0,0,8273517,7174617,0,0,1098900,8273517,16378,48828,1866299,5370353,1787762,0,0,0,0,0,0,5110950,0,178,107,371516,29528,401044,90,0,44112,79983,48392,37728,59698,70407,0,0,30328,868,172459,4055,82352,0,57993,14652,40005,0,182779,4090,85465,0,62590,15312,50808,0,,2003
106301127,kindred hospital brea,1/1/2003,12/31/2003,365,audited,excl. ind. audit,orange,13,1011,investor,general,comparable,,(714)529-6842,875 n brea blvd,brea,92621-2606,april myers,ceo,john browne,vencor inc.,0,05-2039,,hsp30711f,48,48,48,12148,0,1728,0,0,1594,419,0,0,15889,360,0,16,0,0,22,17,0,0,415,48,0,0,0,0,0,15889,0,0,0,0,0,415,0,0,0,0,0,90.7,90.7,38.3,38.3,0,0,0,0,0,0,0,0,0,0,0,0,0,0,0,0,0,0,2,10844,0,87,0,374,65889820,45363646,0,20526174,46337,19044717,1527794,0,0,0,0,1527794,20452480,0,45437340,48560680,0,7653057,0,0,7990998,1685085,0,0,65889820,0,0,0,0,0,0,0,0,0,0,35434477,0,6334757,0,0,0,1168725,1101720,1323967,0,0,0,0,0,0,0,0,13126203,0,1318300,0,0,5673983,407688,0,0,0,0,0,0,0,0,5513489,0,5413032,0,0,0,0,2629159,288891,2251917,2948229,9409018,1508780,0,455470,2331904,1097795,228528,1872188,186276,0,1954758,13014567,0,1280231,0,0,0,14294798,1274438,0,0,13020360,14294798,24847,98733,1998843,2097576,817345,0,0,0,0,0,7319874,0,202,158,78,313741,25034,338775,134,0,30838,100249,71335,17386,48503,9206,26708,0,2857,6659,146820,0,61357,0,63515,9373,32676,0,157523,0,66817,0,68315,10424,35696,0,,2003
106361274,kindred hospital ontario,1/1/2003,12/31/2003,365,audited,incl. ind. audit,san bernardino,12,1207,investor,general,comparable,,(909)391-0333,550 north monterey avenue,ontario,91764-3318,g. scott floden,ceo,nancy wilson,kindred healthcare inc.,0,05-2037,,hsp30041j,91,91,91,26717,0,0,0,0,0,0,0,5481,32198,676,0,0,0,0,0,0,0,105,781,91,0,0,0,0,0,32198,0,0,0,0,0,781,0,0,0,0,0,96.90000000000001,96.90000000000001,41.2,41.2,0,0,0,0,0,0,0,0,0,0,0,0,0,0,0,0,0,0,3,27900,0,465,0,310,145182381,104618727,0,40563654,102646,33599949,7066351,0,0,0,0,7066351,47964670,0,97217711,115970610,0,0,0,0,0,0,0,29211771,145182381,0,0,0,0,0,0,0,0,0,0,89945673,0,0,0,0,0,0,0,-436428,0,0,0,15109482,0,0,0,0,26024937,0,0,0,0,0,0,0,14538717,0,0,0,0,0,0,9435244,0,10258998,0,0,0,0,3566542,294120,7468168,2576877,14552470,2885472,346024,172919,4776015,1841364,646613,4814251,340635,6460,3217726,10285477,0,3478778,406036,0,0,14170291,5881022,0,0,8289269,14170291,100,49440,2183174,5075270,1596492,0,0,0,0,0,0,3570135,305,275,172,511523,66481,578004,0,0,69575,118506,79229,36514,138933,22655,39800,0,6111,200,272257,0,112987,0,79532,10665,36082,0,313040,0,122608,0,90575,12116,39665,0,,2003
106010887,kindred hospital san francisco bay area,1/1/2003,12/31/2003,365,audited,excl. ind. audit,alameda,05,0421,investor,general,comparable,,(510)367-8300,2800 benedict drive,san leandro,94577-6840,jim linhares,administrator,william a. fretwell,thc - orange county inc.,0,05-2034,,hsp30705g,99,80,57,14852,981,1173,75,0,511,3093,0,0,20685,342,17,20,1,0,9,54,0,0,443,99,0,0,0,0,0,20685,0,0,0,0,0,443,0,0,0,0,0,57.2,70.8,46.7,46.7,0,0,0,0,0,0,0,0,0,0,0,0,0,0,0,0,0,0,3,21105,0,249,0,296,96097752,66737998,0,29359754,165195,25200844,4324105,9047,0,0,0,4333152,28725662,0,67372090,66074770,4794735,5455853,366907,0,2384452,17021035,0,0,96097752,0,0,0,0,0,0,0,0,0,0,47899858,3182478,4401750,259709,0,0,1659024,8721983,613196,0,0,0,0,0,0,0,0,17920493,1612257,1035861,107198,0,384893,8299052,0,0,0,0,0,2280,0,0,7499341,0,6366305,0,0,0,0,4480225,623464,3951574,2279935,11221066,3110963,197100,1209546,2927190,1452698,286344,2171794,253341,20528,2350274,4887826,0,1877430,32546,1390810,0,8188612,2055379,0,451876,5681357,8188612,58733,35797,852774,2338771,461341,0,0,0,451876,0,1390810,451876,250,196,97,377915,37303,415218,143,0,48036,86825,56869,35123,81242,29700,31699,0,7068,1353,175158,0,77868,0,64595,13413,46881,0,194550,0,85265,0,70374,14445,50584,0,,2003
106301380,kindred hospital westminster,1/1/2003,12/31/2003,365,audited,excl. ind. audit,orange,13,1014,investor,general,comparable,,(714)893-4541,200 hospital circle,westminster,92683-3910,virgis narbutas,ceo,steven popov,kindred healthcare inc.,0,05-2035,hsc39363g,,109,109,109,24200,0,3520,0,0,10281,0,0,0,38001,471,0,48,0,0,122,0,0,0,641,109,0,0,0,0,0,38001,0,0,0,0,0,641,0,0,0,0,0,95.5,95.5,59.3,59.3,0,0,0,0,0,0,0,0,0,0,0,0,0,0,0,0,0,0,3,12128,0,349,0,481,177626356,127605912,0,50020444,74386,39136321,10958509,0,0,0,0,10958509,55010616,0,122615740,111848164,0,17530131,0,0,48434914,0,-186853,0,177626356,0,0,0,0,0,0,0,0,0,0,94317338,0,14700923,0,0,0,16982127,0,1792377,0,-186853,0,0,0,0,0,0,15738449,0,2829208,0,0,31452787,0,0,0,0,0,0,0,0,0,12976156,0,11399578,0,0,0,0,4517709,634092,4773014,4835772,18950957,3253538,370234,0,5195666,4418375,482214,4283432,400151,1930,1779824,21663462,0,2578805,0,229721,0,24471988,2810308,0,0,21661680,24471988,900,29888,3106684,4257709,1678904,0,0,0,0,0,13131025,42470,380,325,194,627192,48107,675299,324,0,43962,157104,199699,29814,122478,23447,45748,4940,0,0,347581,0,126240,0,92820,20961,39590,0,372960,0,136520,0,99580,22947,43292,0,,2003
106100745,kingsburg medical hospital,7/1/2002,6/30/2003,365,audited,incl. ind. audit,fresno,09,0607,district,general,comparable,small/rural,(559)897-5841,1200 smith street,kingsburg,93631-2216,betty lowther,cfo,richard jackson cpa,kingsburg district hospital,0,05-0682,,hsp30682g,35,35,35,3008,0,4477,587,48,367,0,0,205,8692,243,0,136,252,24,111,0,0,95,861,15,0,0,0,20,0,1980,0,0,0,6712,0,792,0,0,0,69,0,68,68,10.1,2.5,0,0,0,1475,0,3890,4948,272,2755,0,0,1160,14500,6307,8726,0,0,0,1,678,24704,8,428,0,12188352,6394065,0,5794287,8454,5969684,-166943,737321,0,0,0,570378,2514500,3091498,6582354,2017096,0,2014957,816518,83471,313340,0,0,298073,5543455,1333245,0,1361866,2182400,151488,1141025,0,0,474873,6644897,1551016,0,1181858,2099232,-205879,144878,929530,0,377758,0,68390,0,247282,0,0,0,0,1799325,0,2400844,899686,90081,524835,0,0,79516,169062,0,0,0,419735,0,1066903,1461595,1182259,0,0,0,0,837013,403099,670305,348510,2641626,592036,0,932869,541105,566639,138465,27971,119623,163864,245486,1725460,335018,789633,0,0,49530,2899641,1247768,0,4210504,-2558631,2899641,406525,1410077,1570504,3030532,2240899,0,225000,1730000,4375171,164667,0,0,95,83,41,175453,11783,187236,2,0,20596,18332,12666,14030,49519,27463,13499,4519,0,14829,55174,42266,17855,0,20187,20968,19003,0,58830,44436,19070,0,21562,22958,20380,0,,2003
106331226,knollwood psych & chemical depend ctr,1/1/2003,12/31/2003,365,audited,excl. ind. audit,riverside,12,1111,investor,psychiatric,comparable,,(909)275-8400,5900 brockton avenue,riverside,92506-1862,mark apodaca,administrator,william a. fretwell,knollwood psych & chemical dependency center,0,05-4130,,hsp34130f,68,68,25,3822,0,0,0,0,491,3941,0,274,8528,397,0,0,0,0,24,518,0,79,1018,0,58,10,0,0,0,0,5594,2934,0,0,0,0,610,408,0,0,0,34.4,34.4,8.4,8.4,0,0,0,2582,0,0,0,0,1399,5770,0,1716,11467,0,0,0,6540,0,0,0,0,0,0,0,13581299,8612563,0,4968736,14081,5361945,-379128,3321,0,0,0,-375807,7649100,3030630,2901569,4623671,0,0,0,0,580311,4503947,0,322880,10030809,1266757,0,0,0,0,611918,1479533,0,192282,3550490,3923744,0,0,0,0,0,0,3461483,121717,0,0,0,1105619,0,0,0,0,1902147,0,0,0,0,652888,1982655,0,431046,0,0,0,0,0,0,1565741,189276,695986,0,0,0,0,817874,577256,564706,951106,2383158,758689,20000,171510,571366,286132,12411,509347,42429,247413,359490,1703597,0,83571,0,0,0,1787168,7758748,0,0,-5971580,1787168,33902,66537,249277,315814,232243,0,0,0,0,0,0,0,77,72,26,139668,11309,150977,7,0,41283,28208,16088,16804,15457,20019,0,0,1809,0,62326,6417,12693,0,28294,15104,14834,0,66273,6967,13713,0,31384,16510,16130,0,,2003
106194981,la casa psychiatric health facility,7/1/2002,6/30/2003,365,audited,excl. ind. audit,los angeles,11,0933,investor,psychiatric,phf,,(562)630-8672,6060 paramount blvd,long beach,90805,ed bienkowski,administrator,hoi le,telecare corporation,0,,,,16,16,16,0,0,4136,0,935,0,0,89,19,5179,0,0,105,0,30,0,0,0,0,135,0,16,0,0,0,0,0,5179,0,0,0,0,0,135,0,0,0,0,88.7,88.7,38.4,38.4,0,0,0,0,0,0,0,0,0,0,0,0,0,0,0,0,0,0,0,0,0,0,0,0,1913106,8417,0,1904689,0,1811812,92877,0,0,16524,0,76353,1913106,0,0,0,0,1478660,0,334272,0,0,86608,13566,1913106,0,0,0,0,0,0,0,0,0,0,0,0,0,0,0,1790,0,0,6627,0,0,0,0,0,0,0,0,0,0,1472033,0,332482,0,0,86608,13566,0,0,0,0,0,0,842707,0,0,0,0,0,0,176185,10358,702705,79857,850754,299381,0,204120,23825,292492,15539,37548,23790,0,64363,433128,0,48577,0,0,0,481705,259885,0,0,221820,481705,0,0,21351,106351,57774,0,0,0,0,0,433128,0,25,25,15,45541,6342,51883,4,0,5224,2486,6818,6487,17943,6583,0,0,0,0,33899,0,0,0,1530,366,9746,0,38515,0,0,0,1675,424,11269,0,,2003
106301234,la palma intercommunity hospital,7/1/2002,6/30/2003,365,audited,excl. ind. audit,orange,13,1013,investor,general,comparable,,(714)670-7400,7901 walker street,la palma,90623-1722,michael kerr,ceo,jeffrey n. brown,vanguard health systems of orange county inc.,0,05-0580,hsc30580g,,141,141,141,6670,0,3194,0,0,253,10723,0,175,21015,1077,0,792,0,0,113,2454,0,38,4474,97,17,0,27,0,0,12724,4050,0,4241,0,0,3575,626,0,273,0,0,40.8,40.8,4.7,4.7,8,1332,648,26341,0,3206,0,0,898,19235,0,1217,50897,31970,21258,0,2320,0,3,81403,99197,1357,3158,3135,113123998,81078410,0,32045588,232348,36068564,-3790628,756374,500531,0,0,-3534785,22177087,9589553,81357358,23184493,0,8039430,0,0,1105736,39044355,0,969473,72343487,9614382,0,2248264,0,0,1890422,25802703,0,1224740,40780511,17333967,0,9381993,0,0,0,0,49175587,1350903,0,423419,0,3412541,0,0,0,0,13865300,0,364625,0,0,2895994,12805404,0,2114265,0,0,0,0,0,0,7301753,2189780,10710960,0,0,0,0,4982311,2003924,5809554,3070282,15125764,4305508,915039,2952079,4763477,1740457,1095494,339395,257208,1853369,2720774,7127623,0,10499338,98488,0,0,17725449,5965318,0,19235171,-7475040,17725449,0,4172031,4456091,11899900,1400562,0,0,0,19235171,0,0,19235171,317,308,139,630367,56088,686455,334,0,91386,118147,117834,23385,34785,137387,52015,9036,25846,20546,163677,43773,154350,0,111157,70662,86748,0,177401,47651,167537,0,119536,81156,93174,0,,2003
106191227,lac/harbor+ucla medical ctr,7/1/2002,6/30/2003,365,audited,excl. ind. audit,los angeles,11,0933,city/county,general,comparable,teaching,(310)222-3221,1000 west carson street,torrance,90502-2004,tecla a. mickoseff,ceo,jody nakasuji,county of los angeles,1,05-0376,hsw30376f,zzw30376f,553,434,321,11875,1026,56884,5354,36569,4213,401,0,735,117057,2006,233,9314,1448,7603,1035,121,0,164,21924,514,39,0,0,0,0,104628,12429,0,0,0,0,21061,863,0,0,0,0,58,73.90000000000001,5.3,5.3,30,4070,1044,30067,411,87944,28866,174411,8411,3194,0,6833,340137,77840,282966,0,0,0,10,740801,150644,6093,2321,36623,1088616223,682698067,11806725,417724881,6623079,349627555,74720405,66651392,3486104,0,0,137885693,440839556,106720877,541055790,98416064,12514365,483685486,45526333,258926155,40589905,3592582,0,2482337,945733227,11854991,374555,35258192,12189612,70552816,6337703,1284573,0,5030554,142882996,83108251,6022545,290958196,50332967,-101891323,323228898,23991785,4877157,2069591,0,0,0,0,0,9370481,0,2436244,27162804,6866375,329876805,16753459,6250073,22935823,2436242,0,5443300,134900229,0,0,0,0,66651392,55636885,38056041,103655104,0,0,0,23534743,52772679,16648266,31917094,27406743,168561518,52948943,408621,3316695,48562904,32678585,1138646,9443627,7612235,4521170,20434611,256632064,5394000,25520228,21931000,27003000,0,336480292,268613262,1748000,110595000,-44475970,336480292,17427173,68848890,27711012,96608155,71087927,0,0,0,110595000,0,83784000,227725444,3134,2923,1183,5247317,885548,6132865,251,447,444369,904105,1016866,152679,281420,932875,129188,1332778,0,53037,1129347,762458,1061875,738477,593509,425099,529476,7076,1302418,890569,1244183,794360,725989,528137,640133,7076,,2003
106191261,lac/high desert hospital,7/1/2002,6/30/2003,365,audited,excl. ind. audit,los angeles,11,0901,city/county,general,comparable,,(661)945-8461,44900 north 60th street west,lancaster,93534-7618,beryl brooks,administrator,deborah grout,county of los angeles,0,05-0623,hsw33004f,zzw33004f,170,70,70,524,0,12665,601,4827,2294,0,0,953,21864,59,0,623,135,562,43,0,0,51,1473,98,0,0,0,72,0,8002,0,0,0,13862,0,1248,0,0,0,225,0,35.2,85.59999999999999,14.8,6.4,0,0,0,2189,0,14247,7663,13105,2556,902,0,5127,45789,0,45209,0,0,0,2,16163,20321,320,870,1669,88659028,46568532,7249573,49340069,1072772,58898590,-8485749,20752965,0,0,0,12267216,40824241,4688759,43146028,2498827,0,32440032,2270442,21406047,10333275,0,0,3782968,72731591,722471,0,4178657,1659610,6338209,1058802,737404,0,1232284,15927437,2813015,0,2690722,3938026,-4588591,27321769,8949989,737404,4706198,0,0,0,0,0,6512169,0,737404,408283,0,38516558,6504195,422487,2442088,737404,0,309054,8021000,0,0,0,0,20752965,7713644,5482958,13099353,0,0,0,0,10992476,5768799,10759141,5082219,22082686,10612543,1782684,972201,5633926,7909711,615160,430349,842047,1740414,6276869,41252526,998305,747498,0,6244000,0,49242329,60682036,1001305,0,-12441012,49242329,3275526,19231485,4396048,23628789,22881291,0,0,0,0,0,983000,11165112,462,416,172,730795,151104,881899,73,0,108077,165825,88339,30787,70139,178891,23981,49132,1617,14007,150054,90667,104059,0,101099,87192,197724,0,185636,108638,129380,0,120908,104177,233160,0,,2003
106191230,lac/martin luther king jr/drew med ctr,7/1/2002,6/30/2003,365,audited,excl. ind. audit,los angeles,11,0935,city/county,general,comparable,teaching,(310)668-3798,12021 wilmington avenue,los angeles,90059-3019,willie t. may,administrator,celia zavala,county of los angeles,1,05-0578,hsw30578f,zzw30578f,537,361,298,6532,825,34360,5621,28999,1610,217,0,117,78281,731,131,4430,1306,4610,265,63,0,25,11561,461,76,0,0,0,0,67344,10937,0,0,0,0,11341,220,0,0,0,0,39.9,59.4,6.8,6.8,26,3694,711,11189,157,70983,20200,121936,9852,1949,0,5311,241577,54028,192222,0,0,0,6,268767,221485,2838,2106,29511,867160461,489189229,12634509,390605741,7808543,367713855,30700429,104337756,0,0,0,135038185,288829770,181667707,396662984,57233946,8185931,298125465,46668806,206313587,19825510,1674678,0,1697257,639725180,10621376,227075,74585245,18322008,109866838,10556599,1939179,0,1316961,227435281,50453173,6740652,109260707,60590119,-71970533,309809188,18841774,3613858,1850291,0,0,0,0,0,10328945,0,2305564,17402149,1672354,335420536,14729640,6371237,11540335,2305563,0,1163927,135393079,0,0,0,0,104337756,56065727,35637854,77900291,0,0,2984348,48467763,63798340,21987263,40835374,20036895,160324262,78916827,19994305,13594379,30175655,29438685,2245953,4931894,3290622,13009419,11791854,246052967,11158717,104142644,0,26623259,0,387977587,307701829,1673914,156758455,-78156611,387977587,15567121,174822326,34960585,211348962,107206318,0,0,0,156758455,0,61498027,309093729,2932,2932,635,5217722,1062340,6280062,342,341,446893,842557,715407,184482,422219,768918,336504,1318304,0,182438,1257133,837049,830999,611096,820713,397062,463670,0,1520495,1030046,1006862,656813,1000732,499261,565853,0,,2003
106191231,lac/olive view-ucla medical center,7/1/2002,6/30/2003,365,audited,excl. ind. audit,los angeles,11,0903,city/county,general,comparable,teaching,(818)364-1555,14445 olive view dr,sylmar,91342-1437,melinda d anderson,administrator,linda keith,county of los angeles,0,05-0040,hsw30040g,zzw40040g,377,238,238,3564,177,33251,1964,25402,440,395,0,465,65658,605,51,6684,568,5045,141,132,0,66,13292,297,80,0,0,0,0,54023,11635,0,0,0,0,12575,717,0,0,0,0,47.7,75.59999999999999,4.9,4.9,34,2043,770,8336,79,69296,13879,100503,7654,970,0,5511,206228,48141,162677,0,0,0,7,192000,271768,2222,3226,0,476702864,202563475,9665025,283804414,6374454,224107181,66071687,58693757,1595956,0,0,123169488,228321160,56681947,191699757,11930475,757133,223850601,9013736,115116937,2409641,3056104,0,473128,366607755,4467039,39345,29935463,4355824,63409561,2053039,2331786,0,3503052,110095109,9089718,416054,84388062,10660055,-81188833,172605229,0,4715125,1878065,0,0,0,0,0,6997805,0,2667220,7307796,380424,250586835,9707310,5921269,4462680,3339985,0,2098115,97585487,0,0,26830,0,57038823,34595191,22694112,63723759,0,0,0,10521923,41287956,16363917,32078261,2842062,83492708,49598691,14112726,5011945,28293639,23863160,934030,2649972,1425963,545628,14178719,206802717,6379000,76618171,0,17932000,0,307731888,201927012,1161000,100828000,3815876,307731888,12160887,135027823,19549174,156048184,79430013,0,0,0,100828000,0,52288021,220200443,1826,1826,546,3423328,546576,3969904,640,150,331953,633621,568975,61079,278350,951495,128798,297378,66684,104995,768823,498272,694014,2120,465489,507838,478461,8311,887421,571620,799571,2264,543755,598058,557845,9370,,2003
106191306,lac/rancho los amigos national rehab ctr,7/1/2002,6/30/2003,365,audited,excl. ind. audit,los angeles,11,0921,city/county,specialty,comparable,teaching,(562)401-7111,7601 east imperial highway,downey,90242-3456,valerie orange,administrator,lupe z. martinez,county of los angeles,0,05-0717,hsw32014f,zzw32014f,395,288,207,6212,15,42944,958,12013,1709,727,0,2712,67290,379,1,1833,33,602,51,26,0,84,3009,395,0,0,0,0,0,67290,0,0,0,0,0,3009,0,0,0,0,0,46.7,64,22.4,22.4,0,0,0,8294,13,20032,408,7517,764,128,0,1491,38647,0,39247,0,0,0,5,189477,31402,1804,475,0,348363626,163906353,103333,184560606,2820696,161940228,25441074,42669853,23674,0,0,68087253,205496389,16242612,126624625,32682263,89801,212902211,4476257,58454273,8143379,3302952,0,12500160,332551296,3341594,5942,8144291,133191,2964361,693976,49847,0,479128,15812330,19944496,32773,107824497,4072477,-47361691,60517145,3899175,2372701,12604780,0,0,0,0,0,103333,0,0,16079361,62970,160583696,640304,901489,4938180,980098,0,374508,59931146,0,458,17597,0,42651798,28710533,4267440,36045037,0,0,0,14682,36398385,8960193,35955088,11588870,74024915,28595703,1125232,2973001,13555027,11458044,1498000,2145676,967,4652430,21911233,109538440,16784000,109843000,6550000,19438000,0,262153440,132612737,1258000,148639000,-20356297,262153440,6609622,185979000,9908000,197697000,87854000,0,0,0,148639000,0,29524000,195345794,1460,1406,508,2473006,480435,2953441,133,28,328987,606548,283196,78303,218739,428915,227967,270949,0,29402,702971,100525,514875,0,517752,247831,389052,0,827448,120283,610886,0,618110,300311,476403,0,,2003
106191228,lac/usc medical center,7/1/2002,6/30/2003,365,audited,excl. ind. audit,los angeles,11,0925,city/county,general,comparable,teaching,(323)226-2400,1200 north state street,los angeles,90033-1029,david runke,acting executive director,andrew shimoda,county of los angeles,1,05-0373,hsw30373f,zzw30373f,1395,939,736,15317,876,116444,9570,99713,17916,676,0,2675,263187,2105,137,14603,2144,18763,3415,126,0,589,41882,1335,60,0,0,0,0,245643,17544,0,0,0,0,41171,711,0,0,0,0,51.7,76.8,6.3,6.3,48,3219,1201,27427,159,154321,40558,445124,50807,6694,0,2912,728002,153372,591368,0,16485,147,32,889845,125429,12589,1775,16870,2036174236,1060977230,19429675,994626681,22709484,783736099,233600066,187114591,1941345,0,0,418773312,1058857364,153454938,823861934,91320422,8757484,885435749,72053411,471945651,69540785,3194861,0,9240778,1611489141,15628411,118697,141212119,22205469,229628384,8709635,2779063,0,4403317,424685095,78839265,6636493,376658894,88221918,-219726767,682473630,36598662,5502861,5772274,0,0,0,0,0,12975035,0,6454640,28109568,2239688,869715741,19011997,19100405,41651758,6925703,0,7871821,387790250,0,0,19615,0,187094976,145755139,71395381,210753001,397627,0,0,52037645,129526033,43044118,124989289,5837866,273034614,175259772,65850728,16746316,107439411,98216929,1541662,30586538,4359640,444186,10256303,652200158,38886749,49860925,177805000,63571966,0,982324798,679594558,5563269,330731114,-33564143,982324798,36465495,124771536,76009965,216452678,166591753,0,0,0,330731114,0,254391538,587228837,6765,6530,1926,11948907,2136348,14085255,574,669,1082506,1844328,2173037,214778,736386,2018104,1036509,2340363,241027,261869,2879135,1242059,2041071,1641110,2030547,821633,1291256,2096,3397058,1487549,2455926,1770010,2416589,1024450,1531369,2304,,2003
106380865,laguna honda hospital & rehab center,7/1/2002,6/30/2003,365,audited,excl. ind. audit,san francisco,04,0423,city/county,general,ltc emphasis,,(415)759-3371,375 laguna honda blv,san francisco,94116-1411,larry funk,ceo,myra d. mcgill,city and county of san francisco,0,05-0668,hsc00228f,zzr02004f,1457,1147,1147,5777,0,366882,0,2210,473,0,0,4455,379797,149,0,999,0,29,5,0,0,13,1195,213,0,0,30,1214,0,750,0,0,635,378412,0,113,0,0,33,1049,0,71.40000000000001,90.7,317.8,9.5,0,0,0,3958,0,11226,0,0,97,0,0,1413,16694,0,5982,0,0,0,0,0,0,0,0,0,156270626,39839483,0,116431143,350313,152300908,-35519452,54671696,250130,0,0,18902114,139269027,1578536,15423063,6278843,0,141114647,0,130652,6654643,0,0,493125,154671910,463595,0,1074060,0,0,56494,0,0,4567,1598716,3365761,0,35295023,0,0,130652,104357,0,943690,0,0,0,0,0,0,0,0,3376677,0,106893684,0,0,5728837,0,0,431945,0,-381214,90662,952879,0,0,77764718,1472554,14755664,0,0,0,0,41846426,3408671,12146596,906279,83010479,49362333,0,867727,11795749,3084394,1260511,161796,0,100619,2657300,19440244,0,8192345,40510492,0,0,68143081,28779570,0,10582237,28781274,68143081,1500,26564348,13434935,40912921,32720576,0,0,0,10804237,222000,0,5881598,1599,1506,992,2551101,585639,3136740,72,0,293000,442550,352570,112091,916343,373724,0,57546,0,3277,1430168,29512,141605,0,725379,74230,150207,0,1780567,35614,167344,0,886372,88070,178773,0,,2003
106190240,lakewood regional medical center,6/1/2003,12/31/2003,214,audited,excl. ind. audit,los angeles,11,0933,investor,general,comparable,,(562)531-2550,3700 e. south street,lakewood,90712,michael hunn,ceo,sandy buranathawon,tenet healthcare corporation,0,05-0581,hsc30581g,hsp30581g,143,143,143,7787,6338,2376,646,0,61,4358,241,216,22023,1269,1956,623,240,0,21,1430,87,77,5703,124,0,0,19,0,0,19990,0,0,2033,0,0,5544,0,0,159,0,0,72,72,3.9,3.9,17,1521,818,4245,7197,2500,5392,0,998,16461,39,3439,40271,20540,0,0,20041,0,7,176189,135193,1218,2181,5623,344548703,291406202,0,53142501,64461,49709750,3497212,31433,947137,0,0,2581508,41922688,16759973,285866042,69587997,82414681,26516822,6590200,0,631436,52485391,2496104,2256048,242978679,12829997,25213172,5055732,7632845,0,1450714,44330428,56978,5000158,101570024,68961921,89703760,28090646,12546990,0,0,1713006,80711847,5449139,0,4218618,0,10275,0,0,0,0,13456073,17924093,1981062,1511365,0,369144,16103972,0,1796792,0,-1603508,0,0,0,0,8936258,1776504,17505900,0,0,0,0,6040922,3772791,8776191,2901184,16244318,6156081,563747,2405692,9804781,8580262,1993113,212379,1568967,0,2180410,63208213,0,41011262,1488022,0,13440,105720937,9776486,0,0,95944451,105720937,0,50708946,28115773,84634971,43623709,0,0,0,0,0,41173988,0,760,600,482,690775,83474,774249,196,0,60551,132531,183529,14932,77782,157024,10980,11082,41703,661,257939,41770,202694,0,50556,54912,82904,0,287375,46472,228753,0,56388,63960,91301,0,,2003
106190240,lakewood regional medical center - south,6/1/2002,5/31/2003,365,audited,excl. ind. audit,los angeles,11,0933,investor,general,comparable,,(562)531-2550,3700 e. south street,lakewood,90712,kenneth rivers,ceo,sandy buranathawon,tenet healthcare corporation,0,05-0581,hsc30581g,hsp30581g,161,161,161,18458,10058,4281,1297,0,128,7411,290,366,42289,2546,2865,999,510,0,39,2504,89,113,9665,124,18,0,19,0,0,34735,3953,0,3601,0,0,9126,260,0,279,0,0,72,72,4.4,4.4,17,2276,1260,6399,11590,4311,8699,0,2117,27487,104,5338,66045,33231,0,0,33606,0,7,328894,238114,2117,3529,8922,603363647,509988386,0,93375261,3159156,78981574,17552843,48002,1678871,0,0,15921974,77591933,26485230,499286484,139314519,138708736,46380650,13380824,0,1278145,89319306,5737392,3644986,437764558,19840155,41621580,7731862,12064669,0,3017832,73487623,226717,7608651,165599089,131782863,150469612,45944945,21192185,0,0,3584611,138293202,6714000,0,10690588,0,1316380,0,0,0,0,27371811,29860704,3480904,4213492,0,633693,21570100,0,6244557,0,-4023124,0,0,0,0,16348178,2929821,31664117,0,0,0,0,9537417,4996398,10095487,3410156,26910522,9452195,1039788,4499803,16355360,11263825,3235663,357349,2499518,13951,3353600,63758536,0,41590506,198810,0,11191,105559043,10592592,0,0,94966451,105559043,715,50555679,27968134,84334065,42743559,0,0,0,0,0,41100863,0,740,579,389,1136843,136365,1273208,203,0,100863,210971,305169,28652,132422,254997,17326,16522,65698,4223,432385,62633,332240,0,82266,93508,133811,0,479842,71612,373646,0,92209,107623,148276,0,,2003
106190455,lancaster community hospital,1/1/2003,12/31/2003,365,audited,incl. ind. audit,los angeles,11,0901,investor,general,comparable,,(661)948-4781,43830 n 10th st. w,lancaster,93534-4826,robert trautman,ceo,jeffrey n. brown,universal health systems inc.,0,05-0204,,hsp30204g,117,117,78,15136,4923,849,772,0,401,4975,323,610,27989,2981,1103,176,181,0,85,1125,76,136,5863,101,0,0,16,0,0,24610,0,0,3379,0,0,5615,0,0,248,0,0,65.5,65.5,4.8,4.8,0,0,0,3843,5754,2094,1549,0,709,5684,3157,5068,27858,21019,0,0,6500,0,5,224077,92046,3198,3451,5108,262077093,204321788,0,57755305,40872,64371154,-6574977,494693,142505,0,0,-6222789,40090703,19526274,202460116,86971452,42441726,5342995,6647049,0,2885318,42873959,1991893,4771718,193926110,15041387,18657071,2175332,2923472,0,1555359,18847076,3567890,5383396,68150983,78695845,47680602,5857889,7847830,0,0,3007405,47788149,6239102,0,530160,0,6674806,0,0,0,0,23172687,12472806,1485192,1576222,0,1387466,12976229,1532669,3152034,0,0,0,32564,0,0,11036813,1864507,25704319,0,0,0,0,5814587,2042573,13310058,4598297,19334112,5741410,591750,2031035,14057798,7875300,3379438,1091184,1256245,224471,8788411,14842574,0,11402645,1634908,0,26267931,54148058,8983357,0,52183229,-7018528,54148058,153965,5888157,8847177,17006521,5603876,0,2673911,0,54857140,2673911,0,52183229,597,464,333,881333,119746,1001079,174,0,73783,152456,226920,38280,85054,168460,78492,22581,31240,4067,282046,42463,252926,0,124169,67316,112413,0,312320,45388,310810,0,137160,75110,120291,0,,2003
106380868,langley porter psychiatric institute,7/1/2002,6/30/2003,365,audited,excl. ind. audit,san francisco,04,0423,non-profit,psychiatric,comparable,,(415)476-7000,401 parnassus ave,san francisco,94143-2720,craig van dyke  m.d.,dept of psychiatry,jeanne hu,regents of the university of california,0,05-4144,hsc04020f,,67,41,41,1513,0,29,0,0,341,4149,0,77,6109,169,0,3,0,0,33,587,0,14,806,0,67,0,0,0,0,0,6109,0,0,0,0,0,806,0,0,0,0,25,40.8,7.6,7.6,0,0,0,2651,0,141,0,1197,3256,11129,0,4315,22689,0,20834,0,0,0,0,0,0,0,0,0,13262093,289488,0,12972605,1270774,14821368,-577989,1787635,97994,0,0,1111652,8434381,4038292,789420,2294440,0,42920,0,0,511879,6248520,0,113960,9211719,370750,0,26148,0,161564,673271,2241587,0,577054,4050374,212394,0,47432,0,0,102166,499852,3759475,291766,0,0,0,-4623597,0,0,0,0,2452796,0,21636,0,59398,685298,4730632,0,5022845,0,0,0,335913,0,0,3989026,2546777,789420,0,0,0,1954228,2185275,1204870,1762596,389176,5537825,2022933,3086250,246273,436815,2531717,312443,57141,180598,0,409373,12046923,0,3406658,0,0,0,15453581,1987369,0,0,13466212,15453581,450,6095872,2140926,9000452,5593794,0,0,0,0,0,0,0,171,106,51,208468,20377,228845,121,35,18651,52036,32941,5652,10246,54142,18739,6957,1014,8090,79357,45008,0,0,33620,30308,20175,0,86557,48241,0,0,37858,33516,22673,0,,2003
106191014,lanterman state hosp & developmental ctr,7/1/2002,6/30/2003,365,audited,excl. ind. audit,los angeles,11,0917,state,specialty,state,,(909)595-1221,3530 pomona boulevard,pomona,91766,sherry kohler,interim executive director,peter ackoff,state of california,0,05-0545,,,1286,1286,639,224,0,229682,0,0,34,0,0,5394,235334,0,0,28,0,0,0,0,0,0,28,67,0,0,0,1219,0,2007,0,0,0,233327,0,0,0,0,0,28,0,50.1,50.1,8404.799999999999,0,0,0,0,0,0,0,0,0,0,0,0,0,0,0,0,0,0,0,0,0,0,0,0,0,126671865,23195357,0,103476508,0,126671865,-23195357,23195357,0,0,0,0,115803206,0,10868659,0,0,0,0,0,0,0,0,0,0,0,0,0,0,0,0,0,0,0,0,2025,0,364952,0,0,0,31584,0,0,0,0,0,22796796,0,0,0,0,0,0,0,0,0,0,0,0,0,0,0,0,0,0,0,0,0,0,0,0,0,0,0,0,0,0,0,0,0,0,0,0,0,0,0,0,0,0,0,0,0,0,0,0,0,0,0,0,0,0,0,0,0,0,0,0,0,0,0,0,0,0,0,0,0,0,0,16,0,0,0,0,0,0,0,0,0,0,0,0,0,0,0,0,0,0,0,0,0,0,0,0,0,0,0,,2003
106190462,las encinas hospital,1/1/2003,3/11/2003,70,audited,excl. ind. audit,los angeles,11,0911,investor,psychiatric,comparable,,(626)795-9901,2900 e del mar,pasadena,91107-4375,ronald metiveir,ceo,jackie brewer-brown,hca healthcare corporation,0,05-4078,,hsp34078f,138,136,136,1587,0,210,0,0,71,3683,0,476,6027,119,0,23,0,0,6,256,0,30,434,0,116,22,0,0,0,0,5072,955,0,0,0,0,351,83,0,0,0,62.4,63.3,13.9,12.2,0,0,0,249,0,0,0,0,68,1426,0,163,1906,0,0,0,0,0,0,0,0,0,0,0,9309062,5697902,0,3611160,9992,4282025,-660873,1828116,409962,0,0,757281,7370525,370126,1568411,2546443,0,304322,0,0,113996,5227226,0,568209,8760196,99750,0,0,0,0,24178,384343,0,40595,548866,1557562,0,213249,0,0,0,73438,4036037,-189509,0,7125,0,0,0,0,0,0,1088631,0,83948,0,0,64736,1575532,0,798313,0,0,0,0,0,0,1109632,119902,273422,0,0,0,0,736280,354497,1071078,617214,1860926,286668,30411,262813,266465,765611,74177,9971,41114,521730,162139,8640914,0,10080624,0,205980,0,18927518,21927648,0,0,-3000130,18927518,0,8292949,9560344,21440315,11359691,0,0,0,0,0,0,20957238,303,285,55,93473,29930,123403,31,0,8893,38711,8880,3152,1506,6663,16080,0,6488,3100,39407,3119,2733,0,19343,5977,11217,11677,45625,4104,3167,0,27817,9652,16158,16880,,2003
106180919,lassen community hospital,1/1/2003,4/30/2003,120,audited,excl. ind. audit,lassen,01,0213,non-profit,general,comparable,small/rural,(530)252-2000,560 hospital lane,susanville,96130-4809,david anderson,administrator,sherry mccormick,banner health system,0,05-0251,hsc30251i,,59,59,59,948,0,372,0,33,280,0,0,72,1705,150,0,92,0,4,133,0,0,27,406,28,0,0,0,31,0,1292,0,0,0,413,0,383,0,0,0,23,0,24.1,24.1,4.2,3.4,0,0,0,4722,0,2662,0,445,6629,0,0,909,15367,3739,0,1921,9760,0,2,5204,5571,89,164,39,13606748,6495947,0,7110801,5078,6753589,362290,0,0,0,0,362290,1859819,3036742,8710187,2269397,0,1100542,0,93869,1455919,0,0,307546,5227273,2226873,0,1567079,0,329365,3883828,0,0,372330,8379475,3309177,0,1585188,0,0,236867,1347352,0,0,0,17363,0,0,0,0,0,0,1187093,0,1082433,0,186367,3992395,0,0,662513,0,0,0,0,0,0,1030866,1175196,1903973,0,0,0,0,819713,320794,629305,873742,2628692,570462,387533,477066,834970,292294,112316,239915,79716,0,1130625,8714177,0,1694766,21199112,0,0,31608055,21860432,0,0,9747623,31608055,83765,192515,2637915,3349653,1654887,0,0,0,0,0,6028255,18565559,206,177,85,111473,12226,123699,20,0,16852,19614,20578,9039,5036,23993,10009,3863,0,2489,26857,12296,23923,0,21419,13824,13154,0,29840,13565,26665,0,23662,14931,15036,0,,2003
106190468,lincoln hospital medical center,4/1/2002,3/31/2003,365,audited,excl. ind. audit,los angeles,11,0925,investor,general,comparable,,(323)261-1181,443 south soto street,los angeles,90033-4315,john carvelli,president,don lee,medimanager inc.,0,05-0713,hsc30713f,,36,36,36,1047,0,1147,148,0,161,5,0,38,2546,265,0,332,48,0,39,2,0,20,706,36,0,0,0,0,0,2546,0,0,0,0,0,706,0,0,0,0,0,19.4,19.4,3.6,3.6,0,0,0,3135,0,6899,2217,0,2083,305,0,5259,19898,0,0,0,18654,0,2,8143,43965,234,1081,0,15885085,9531051,0,6354034,145,11166867,-4812688,22500,0,0,0,-4790188,1676300,64134,14144651,2299854,0,1923510,274495,0,310775,6302,0,124854,4939790,3163050,0,4392195,921478,0,591935,96890,0,1779747,10945295,2185162,0,4736779,869531,-149073,0,270814,77395,109769,0,0,0,1430674,0,0,0,0,3277742,0,1727999,326442,0,631896,25797,0,364158,0,0,0,0,0,0,1169135,83077,4274562,0,0,0,0,2051596,645568,2280518,662411,4338881,551695,56072,612233,1671111,1736132,346141,489127,343723,50643,971109,6544099,0,1987912,0,22769,919628,9474408,10182674,0,675897,-1384163,9474408,26237,1719928,3234123,5573399,3585487,702897,0,0,702897,27000,0,0,167,124,51,253213,20541,273754,48,0,28694,65426,17414,446,13770,41124,70059,1201,3881,11198,31161,2325,67985,0,87749,24624,39369,0,34147,2586,73391,0,95255,26363,42012,0,,2003
106190680,little co of mary-san pedro hospital,1/1/2003,12/31/2003,365,audited,excl. ind. audit,los angeles,11,0933,non-profit,general,comparable,,(310)832-3311,1300 west seventh st,san pedro,90732-3505,nancy carlson,administrator,ana marie c. pagsisihan,providence healthcare systems,0,05-0078,hsc30078f,,579,509,509,26670,15520,31956,1233,0,10132,25962,4088,1591,117152,2738,1534,759,443,0,167,2775,42,132,8590,158,25,48,20,328,0,18934,7279,6200,5915,78824,0,5140,593,669,345,1843,0,55.4,63.1,13.6,5.7,18,1615,815,9074,3921,9595,8882,0,4003,20036,777,991,57279,27497,0,0,26538,0,7,151320,135885,1088,1740,6598,355709072,257817816,0,97891256,1481023,94196120,5176159,2214939,0,78204,0,7312894,107371867,13074247,235262958,89918104,34919912,75527076,5106577,0,14469002,65315941,5363934,3100518,293721064,16766847,7274398,7413633,4812967,0,3785074,20023106,1195860,716123,61988008,77995826,29525958,53941254,8071814,-1202647,0,13708552,61883122,3219723,0,10674214,0,0,0,0,0,0,28689125,12668352,26535648,1399764,0,4545524,23455925,0,596918,0,-976258,519965,1682324,0,0,30888571,2674238,22411723,0,0,0,0,18974258,3235140,11634828,4377362,35882980,14061575,164809,5779326,12712455,14943733,5404096,429807,1098585,1282802,2435952,23009753,47751283,32402378,167045,6004512,1101666,110436637,4585162,0,30935291,74916184,110436637,303685,59156869,28550329,90092885,57690507,0,0,31598344,31616344,681053,7513219,0,912,912,880,1785759,220998,2006757,368,0,109122,410760,275523,142810,330956,207759,147154,52242,96976,12457,868567,51746,345121,0,335865,46101,138359,0,968024,58058,389477,0,380286,51839,159073,0,,2003
106190470,little company of mary hospital,1/1/2003,12/31/2003,365,audited,incl. ind. audit,los angeles,11,0931,non-profit,general,comparable,,(310)540-6767,4101 torrance blvd,torrance,90503-4607,mark costa,coo,ana marie c. pagsisihan,providence healthcare systems,0,05-0353,hsc30353f,,432,416,410,38097,11717,14286,3750,0,6437,27432,0,6891,108610,6363,2345,1024,976,0,500,6996,0,473,18677,263,0,0,0,169,0,62458,0,0,0,46152,0,16107,0,0,0,2570,0,68.90000000000001,71.5,5.8,3.9,26,6710,2817,50746,15773,4838,9073,0,4641,94720,0,16093,195884,51001,57850,47350,42758,0,8,604035,449400,4126,5428,17874,656792257,473140047,0,183652210,4106731,186371665,1387276,1043163,0,1099,0,2429340,156903441,45686075,454202741,192576395,57639427,34169806,14717631,0,15571071,147523979,0,10883043,473081352,47011832,15463832,5007087,8413116,0,8419158,88328880,0,11067000,183710905,176495189,53605711,32191562,19516483,0,0,13037750,164506925,8085676,0,5700751,0,0,0,0,0,0,63093038,19497548,6985331,3614264,0,10952479,71345934,0,8163616,0,-2108909,0,1017813,0,0,39598759,15870033,57403801,0,0,0,0,31879791,7608916,22537512,11472853,69943354,15791414,2983595,9936902,31508163,29533081,14779827,1720772,2734794,2079215,5360548,87833249,34820538,149270895,1683572,46965155,3490027,324063436,51569923,0,142800670,129692843,324063436,1343235,157272634,82548247,256604587,107333692,0,0,136409253,144080472,1279802,87492931,48582975,1494,1494,621,2864599,403522,3268121,812,0,185432,554439,695696,70273,368353,475816,0,353765,156670,4155,1010300,280594,667360,0,548250,103620,254475,0,1138566,313813,765749,0,616948,119660,313385,0,,2003
106390923,lodi memorial hospital,1/1/2003,12/31/2003,365,audited,incl. ind. audit,san joaquin,06,0505,non-profit,general,comparable,,(209)334-3411,975 s. fairmont ave,lodi,95240,joseph p. harrington,ceo,cynthia butler,lodi memorial hospital association,0,05-0336,hsc00336f,,172,172,172,17833,265,13604,1562,0,281,7961,0,1355,42861,3380,61,1041,363,0,73,2250,0,292,7460,101,0,0,24,47,0,26357,0,0,3426,13078,0,7037,0,0,307,116,0,68.3,68.3,5.7,4.1,15,2222,1253,49632,1294,24652,35055,0,24765,44398,0,24321,204117,18678,92583,15774,71943,0,6,199154,161812,1791,2441,9170,417120709,330441979,733299,87412029,642234,81567757,6486506,2245499,339540,0,0,8392465,115835803,47132057,254152849,133150892,2927426,73238787,11539802,0,3226891,63918361,0,11566360,299568519,39476496,906532,10179469,13410794,0,6346991,38966983,0,8264925,117552190,145614368,3024527,71103843,20552584,0,0,4516458,60481368,13802209,0,862120,0,10484502,0,0,0,733299,23886023,740040,11581508,4151847,0,4579284,36913280,0,5560047,0,0,1250000,831930,0,0,17340745,11549126,25965837,0,0,0,0,12510680,3647048,7396045,3158276,34804386,10858524,4301342,4682367,13086829,4799345,3570872,1166749,624254,545368,3127721,33193550,14724182,31336149,645210,869773,90141,80859005,10108616,0,8170160,62580229,80859005,10627215,32027063,34331332,70892688,39556539,0,10160,9310000,9320160,1150000,0,0,1020,807,393,1602534,158948,1761482,126,0,166435,333846,299951,22979,198934,358161,120154,19708,58050,24316,424386,262360,367069,0,290264,118954,130420,9081,462974,288037,402669,0,319201,133096,145777,9728,,2003
106364014,loma linda univ behavioral medicine ctr.,1/1/2003,12/31/2003,365,audited,incl. ind. audit,san bernardino,12,1209,non-profit,psychiatric,comparable,,(909)558-9200,1710 barton road,redlands,92373-5304,donald g. pursley  dba,cfo,jeff clark,loma linda university medical center,0,05-0493,,hsp34093g,89,89,89,3804,1357,2095,1282,0,760,16788,0,668,26754,639,233,368,225,0,124,2855,0,113,4557,0,71,18,0,0,0,0,21601,5153,0,0,0,0,3782,775,0,0,0,82.40000000000001,82.40000000000001,5.9,5.9,0,0,0,1564,334,35,0,0,933,18670,0,1010,22546,0,0,0,0,0,0,0,0,0,0,0,42731605,23419312,0,19312293,64886,19056065,321114,0,0,0,0,321114,30847594,8068455,3815556,4858728,1722295,2692602,1648830,0,918050,20870648,0,785085,33496238,907760,192506,12868,0,0,381998,7360100,0,380135,9235367,2831121,1073204,1713073,972803,0,0,463017,13925286,1281948,0,517481,0,641379,0,0,0,0,2692539,760965,878436,642060,0,772697,12940976,0,624620,0,0,0,0,0,0,7302091,2870068,621565,0,0,0,251270,2151900,1359192,3129224,1370755,9825618,2565309,1075652,219572,639196,2565045,620157,127710,108564,698456,610786,5781702,0,7561808,9516,0,563799,13916825,7136909,0,13454181,-6674265,13916825,342382,11709344,2973155,15768721,8206913,0,13454181,0,13454181,0,0,1262340,339,220,221,428835,28815,457650,44,6,40978,94906,80494,47266,104888,51849,0,8442,12,0,255307,91876,3042,0,5569,31861,41180,0,268818,99981,3206,0,5747,35087,44811,0,,2003
106361246,loma linda university medical center,1/1/2003,12/31/2003,365,audited,excl. ind. audit,san bernardino,12,1209,non-profit,general,comparable,teaching,(909)558-4000,11234 anderson street,loma linda,92354-2804,b. lyn behrens,president,david vance,loma linda university adventist health sciences center,1,05-0327,hsc30327g,hsp30327g,789,789,789,38571,6640,69361,10817,1535,14507,41132,2782,2381,187726,6443,1385,8626,2239,387,2644,8132,399,943,31198,763,0,0,26,0,0,176715,0,0,11011,0,0,30595,0,0,603,0,0,65.2,65.2,6,6,12,4486,2061,108562,5466,120769,34638,314,42207,210260,677,16898,539791,65509,79238,64815,290128,0,27,1876928,712543,10758,10412,33564,1793651052,1191362200,1700782,603989634,58293242,659146065,3136811,16835892,814476,0,0,19158227,563385380,127637724,1102627948,284741805,55691757,467603873,58706580,14611430,114226013,316977993,20854626,24456404,1357870481,115378032,8393220,78515134,27287001,460456,58301439,134299722,3854749,9290818,435780571,275373920,29978164,406507864,72029680,-14678235,7522222,93800508,260297074,12999996,0,27203659,0,20327348,0,1700782,0,0,124745917,34106813,151892235,15567542,7549664,78726944,190980641,0,419878,0,0,0,12352051,0,0,141023177,53119907,216418532,0,0,796647,33890248,102223332,15260833,69013272,27400117,265049293,85523330,14477580,19241402,121452295,55646735,34291117,11895175,6939443,11605867,33023828,222302898,81344529,225593204,45026244,66139712,7253801,647660388,202930640,1116216,237180000,206433532,647660388,29043275,246503459,279066239,640509985,414916781,0,0,248680000,248680000,11500000,0,0,6347,5641,2163,10969876,1046835,12016711,683,310,740806,2800816,3124100,188933,519851,1378724,431616,1502223,198687,84120,2914105,1102398,2616904,1127177,1665760,557254,986278,0,3194945,1207061,2898106,1130307,1858677,625485,1102130,0,,2003
106420491,lompoc healthcare district,7/1/2002,6/30/2003,365,audited,excl. ind. audit,santa barbara,10,0805,district,general,comparable,small/rural,(805)737-5700,508 east hickory,lompoc,93436-7337,james j. raggio,administrator,myra d. mcgill,lompoc hospital district,0,05-0110,,zzt30110f,170,170,170,4677,197,949,29320,80,1471,1013,0,7937,45644,858,60,155,459,20,414,390,0,220,2576,60,0,0,0,110,0,8209,0,0,0,37435,0,2465,0,0,0,111,0,73.59999999999999,73.59999999999999,17.7,3.3,10,1137,519,18091,469,1455,9005,400,14046,9503,0,4277,57246,18166,0,0,37558,0,10,96924,185229,643,3090,4680,68078207,39257117,0,28821090,746611,32560239,-2992538,1068805,17075,0,4,-1940812,12596039,8146704,47335464,11379835,613240,975793,7919297,306767,3618931,3126026,0,3213277,31153166,11638066,437800,710487,5112587,368706,10827667,5660490,0,2169238,36925041,14422682,659615,972139,5652537,-13135,627308,8825362,6295212,1729602,0,85795,0,0,0,0,0,0,8595219,391425,727276,7379347,48165,5621236,2491304,0,3567118,0,0,7428,176863,499318,0,8066127,1483422,10391902,0,0,0,0,6045588,1414092,3568482,1590626,13114607,6307638,135625,1589195,5583013,1955052,1972253,141237,301729,323430,1136460,7112008,7431242,8725019,114616,0,109343,23492228,7771127,0,4833239,10887862,23492228,1230126,14195678,17051220,32325163,23600144,0,0,4901110,5143239,310000,0,0,679,385,305,785664,71466,857130,53,0,72509,129367,110498,22276,108114,157019,104556,25341,55984,0,291073,44753,153402,0,169906,43884,82646,0,313549,47699,168021,0,186195,48437,93229,0,,2003
106190525,long beach memorial medical center,7/1/2002,6/30/2003,365,audited,incl. ind. audit,los angeles,11,0933,non-profit,general,comparable,teaching,(562)933-2000,2801 atlantic avenue,long beach,90806-1737,byron schweigert,ceo,jennifer floyd,memorial health services,2,05-0485,hsc30485g,hsp30485g,541,541,541,48700,15268,16251,6991,629,894,42169,0,5388,136290,8043,4089,3483,2176,187,212,11760,0,1443,31393,457,0,0,42,42,0,120495,0,0,9130,6665,0,29991,0,0,789,613,0,69,69,4.3,4.2,0,0,0,51060,17534,12943,8560,617,3994,113569,0,21657,229934,40363,0,49193,140181,14002,31,1232087,686871,9853,9044,26056,1032718172,754222809,56490123,334985486,33558415,321693565,46850336,10004933,11354657,0,0,45500612,246243418,44701537,741773217,270715680,96772805,109590483,40294891,5609620,9676717,253286213,0,28429659,814376068,51064920,23147551,11244606,10838563,671788,8815251,99738656,0,12820769,218342104,224848217,104337858,97265918,41738225,0,4447609,6887333,229123653,27734928,0,10886630,0,6952438,0,0,0,56490123,96932383,15582498,17373533,9395229,1833799,11604635,180391339,0,1872070,0,0,0,2237724,0,0,59900133,16778535,120730171,18897908,0,403639,3917726,40687043,7817012,44676279,7885119,106344353,46095175,1849286,26695223,59308574,50932922,11244825,3588775,3595159,1010159,11029114,716141358,0,57888224,2802283,1,1079645,777911511,412417566,0,92629799,272864146,777911511,2634793,69801721,113765619,229490444,171602220,0,511612,92398626,92910238,280439,641333523,349615549,3482,2715,1090,5892899,806733,6699632,1208,72,274436,1605131,1280663,97737,446922,968939,0,167580,441555,609936,1914297,467840,2070751,25877,402818,250773,530095,230448,2173083,526919,2350324,29145,476419,286749,610784,246209,,2003
106301248,los alamitos medical center,6/1/2002,5/31/2003,365,audited,excl. ind. audit,orange,13,1013,investor,general,comparable,,(562)598-1311,3751 kattela avenue,los alamitos,90720,michele finney,ceo,sandy buranathawon,tenet healthcare corporation,0,05-0551,hsc30551h,hsp30551h,167,167,167,22032,7420,2138,1166,395,122,7520,64,435,41292,2878,2064,539,393,116,36,2439,19,131,8615,142,25,0,0,0,0,33995,7297,0,0,0,0,8208,407,0,0,0,0,67.7,67.7,4.8,4.8,13,2629,1244,14413,12564,1405,2731,530,1481,35329,9,4351,72813,24839,0,0,47640,0,7,217447,336636,1743,4904,15840,632986337,542747687,9049360,99288010,1916134,77768543,23435601,1188819,931379,0,0,23693041,92128211,25143039,515715087,192071804,94255603,19952442,12409550,4631312,1421022,91479017,1918922,3908990,422048662,51576780,43554459,3332550,4491501,892442,2491061,97269763,42539,7286580,210937675,207918941,125622244,20777185,14146738,0,4675652,3276992,158107167,4987000,0,2440056,0,795712,9049360,0,0,0,35729643,21237178,2039796,2743729,848102,635091,30641613,0,5412858,0,4254794,0,0,0,0,17023636,2184668,29047162,0,0,0,0,10333245,5210410,9387284,4582138,29836063,9598619,681447,949510,14991257,13059653,3173431,882770,1526699,11169,3057925,18827623,0,43313878,510329,80046369,1579389,144277588,11603123,10968,0,132663497,144277588,382,47453374,24884216,79071669,35757791,0,0,0,0,0,80046369,1862893,926,651,497,1194366,166581,1360947,160,0,86301,268796,372974,25645,140868,255741,17934,19894,6213,0,450712,54649,380941,0,82822,88539,136703,0,518263,60500,439938,0,91166,101591,149489,0,,2003
106301248,los alamitos medical center,6/1/2003,12/31/2003,214,audited,excl. ind. audit,orange,13,1013,investor,general,comparable,,(562)598-1311,3751 kattela avenue,los alamitos,90720,michele finney,ceo,sandy buranathawon,tenet healthcare corporation,0,05-0551,hsc30551h,hsp30551h,167,167,167,12793,4141,1833,513,216,48,5057,107,197,24905,1683,1161,433,178,64,14,1632,33,59,5257,142,25,0,0,0,0,20745,4160,0,0,0,0,5042,215,0,0,0,0,69.7,69.7,4.7,4.7,12,1706,785,8188,7255,836,1711,324,544,21240,24,2575,42697,14894,0,0,28168,0,7,128242,196288,1196,2547,9420,381084405,328609764,5683583,58158224,195545,51350351,7003418,910065,1041619,0,0,6871864,55598683,14893288,310592434,113486241,53476804,19860251,5078885,2685550,599656,61449621,1280794,2459081,260376883,28991865,23644875,1998923,2819920,566983,947942,57205082,48850,4483082,120707522,125287518,68663994,20229052,7229616,0,2862230,1263826,96897812,4352330,0,1448170,0,375216,5683583,0,0,0,17190588,14141268,1512565,668220,390303,283772,21756891,0,2214617,0,-2024241,0,0,0,0,11190267,1621863,18645139,0,0,0,0,6615848,3885282,6762933,2629019,18033853,6610198,509221,1413318,9278819,9717856,1656634,744896,1379312,0,2006244,18173308,0,44986551,952777,84126527,1512210,149751373,12230910,9343,0,137511120,149751373,625,50058666,25388624,82183089,37196538,0,0,0,0,0,84126527,2267495,917,678,513,739762,99365,839127,170,0,54937,152269,223162,29184,90108,155694,9821,12194,12393,0,287616,34925,234797,0,50001,53708,78715,0,328032,39428,270116,0,54802,60092,86657,0,,2003
106190198,los angeles community hospital,1/1/2003,12/31/2003,365,audited,excl. ind. audit,los angeles,11,0925,investor,general,comparable,,(323)267-0477,4081 east olympic boulevard,los angeles,90023-3330,david topper,ceo/president,jack lahidjani,alta healthcare system,0,05-0663,hsc30663f,,180,180,101,5006,2718,13683,3789,0,380,1159,1,2451,29187,1038,150,1954,1243,0,133,379,1,401,5299,150,0,0,0,30,0,19749,0,0,0,9438,0,5175,0,0,0,124,0,44.4,44.4,5.5,3.8,16,987,400,329,89,2493,3453,0,651,1481,1,2880,11377,13830,0,0,0,0,4,152620,58690,1999,1393,1666,139958822,103835258,0,36123564,214151,35911214,426501,578529,9710,0,0,995320,35391526,3277759,101289537,23344037,8874090,53398030,22811738,0,2037953,6196773,3002,9335529,126001152,700446,150949,3898838,3182870,0,828832,2237966,381,2957388,13957670,18246434,7342137,39800367,20161720,-7908032,0,2125815,6200350,3245987,0,6267508,0,8352972,0,0,0,0,5798049,1682902,20065396,4907900,0,740970,2234389,0,693958,0,0,0,11893,0,0,9072741,1987932,8087761,0,0,0,0,4473189,726829,9454760,2108002,15057326,3445436,1421528,919054,2651795,8569945,742923,562013,621583,819934,1099677,23048905,0,3180862,0,0,0,26229767,31360628,0,0,-5130861,26229767,0,3173438,3260572,6708302,3527440,0,0,0,0,0,11422598,20038742,484,484,141,821682,189678,1011360,684,0,56431,187635,177500,65331,84163,134738,111487,0,3919,478,295750,34429,182197,0,162562,51649,95095,0,354944,39338,258323,0,195563,58629,104563,0,,2003
106190854,los angeles metropolitan medical center,9/1/2002,8/31/2003,365,audited,excl. ind. audit,los angeles,11,0925,investor,general,comparable,,(323)730-7300,2231 south western avenue,los angeles,90018-1302,marc furstman,ceo,larry natsume,pacific health corporation,0,05-0644,hsc30644f,hsp60644f,201,201,201,16105,80,16220,1325,0,1235,1800,188,107,37060,1968,11,2714,428,0,206,331,24,19,5701,125,76,0,0,0,0,15858,21202,0,0,0,0,3522,2179,0,0,0,0,50.5,50.5,6.5,6.5,10,3101,1416,3444,3,2699,843,0,2359,3015,203,245,12811,0,1389,0,9174,634,4,113536,70128,548,579,1011,149350098,94469822,2490523,57370799,85851,49924142,7532508,0,0,3314304,0,4218204,39978377,1180282,108191439,38508177,224362,45744547,7219703,0,13960750,18887714,300004,1189404,126034661,2957823,1408,5751938,1506420,0,5449884,6949187,132913,565864,23315437,27172788,136414,36612994,6679117,-6548281,0,3273625,16841569,1497081,0,7253042,0,1551473,130002,1217430,0,1143091,14090962,219358,15926622,3258260,0,14698792,8675783,223949,277073,0,0,0,0,0,0,12460080,754690,12734609,800845,115598,0,0,6442559,2487754,11871517,2256490,18245086,5207945,815084,2805116,5766408,11046656,1018421,1300385,1059283,187659,2472099,31536228,0,6387187,27618,166723,0,38117756,8774279,0,0,29343477,38117756,3782049,4360898,9035243,17079734,10692547,0,0,0,0,0,14666636,0,504,410,147,796154,84560,880714,203,0,120559,132500,150515,12118,115399,174701,58667,4012,26798,885,301661,11534,150266,0,193524,51450,87719,0,333368,11969,165014,0,214487,57273,98603,0,,2003
106560492,los robles regional med ctr,1/1/2003,12/31/2003,365,audited,incl. ind. audit,ventura,10,0813,investor,general,comparable,,(805)494-2727,215 west janss road,thousand oaks,91360-1899,robert shaw,ceo,jeffrey n. brown,hca healthcare corporation,0,05-0549,hsc30549f,zzt30549f,265,265,213,44564,1630,3186,75,0,1391,25443,0,1245,77534,5997,506,682,18,0,345,6576,0,259,14383,196,16,0,11,42,0,63214,2300,0,3427,8593,0,13322,210,0,248,603,0,80.2,80.2,5.4,5,21,4749,1899,8219,2180,5875,227,0,4383,52041,0,7526,80451,35384,0,0,56253,0,10,624664,330362,4063,3711,18723,557096338,365801844,0,191294494,1995237,161624510,31665221,2645357,12958,13974908,0,20322712,106894078,18658724,431543536,225104427,13329934,17550288,362804,0,10516487,151534943,0,6623554,425022437,36925341,2334123,4288571,195201,0,5589305,79081822,0,3659538,132073901,202527163,13792661,18232888,465859,0,0,1465988,112355192,7854020,0,1181485,0,7926588,0,0,0,0,54948122,1615237,3232369,83023,0,13895013,112572064,0,4948666,0,0,0,67200,0,0,38175757,5935785,65004099,0,0,0,0,19643365,6399774,26365894,99836,55594341,21598092,955022,15101899,34378873,24080043,5364257,1025770,2402408,-5033435,6157240,107513864,0,51734573,2307027,1773758,10626762,173955984,21448684,0,0,152507300,173955984,0,32668099,54441753,97249493,45514920,0,0,0,0,0,72367249,7813549,1120,1065,507,2214173,216565,2430738,447,0,161788,500949,706898,42510,157957,274537,153835,3,139733,75963,804171,108649,708911,0,357837,22543,212062,0,867443,116186,802547,0,392504,25308,226750,0,,2003
106434040,lucile s packard chldrn hosp at stanford,9/1/2002,8/31/2003,365,audited,incl. ind. audit,santa clara,07,0429,non-profit,general,comparable,,(650)497-8000,725 welch road,palo alto,94304-1601,christopher dawes,ceo,stephen shahbazian,stanford university,0,05-3305,hsc11103o,zzr11103g,248,244,244,138,0,14279,10516,0,3473,44603,0,178,73187,20,0,2678,1520,0,408,7795,0,39,12460,248,0,0,0,0,0,73187,0,0,0,0,0,12460,0,0,0,0,0,80.90000000000001,82.2,5.9,5.9,64,10309,4580,970,0,18708,12302,53,6555,57477,0,3157,99222,0,107904,0,1303,0,12,379037,221157,1607,2202,3440,747919088,403201625,0,344717463,22441565,311222421,55936607,5078361,807371,0,0,60207597,338497602,17569814,391851672,1181473,0,124597968,90721081,0,48439099,378248462,0,525052,643713135,913349,0,12905738,14226690,143968,7805438,66470958,0,1739812,104205953,974602,0,97050393,76362927,-3161643,143968,25708010,186455240,15126171,0,4551426,-27136,17667,0,0,0,0,954640,0,41458345,26759627,27136,30235222,243599233,0,1683260,0,-9777000,2240919,2112852,0,0,87095965,14207052,77968504,0,0,2254295,4004666,34451607,10094465,68729838,12416029,100896746,54374182,293305,18288254,22750630,80716589,10456216,5842462,1091527,4313647,12198863,284946289,116350934,105514439,17355599,147893054,0,672060315,79656562,0,154012900,438390853,672060315,167904245,121040365,35144032,160542397,55027958,0,0,155112900,155112900,1100000,0,12705104,1907,1580,699,3094983,386568,3481551,849,0,212715,514663,1051513,17378,158550,577608,151170,216328,105513,89545,1241520,267913,576825,24335,361521,136689,486180,0,1404457,303618,653545,27905,401128,152507,538391,0,,2003
106121002,mad river community hospital,7/1/2002,6/30/2003,365,audited,incl. ind. audit,humboldt,01,0105,investor,general,comparable,,(707)822-3621,3800 janes road,arcata,95521,allen shaw,president,richard w. lakey,american hospital management corporation,0,05-0028,,zzr00028f,68,68,68,4620,0,1550,0,615,2159,0,0,466,9410,1034,0,485,0,192,713,0,0,171,2595,68,0,0,0,0,0,9410,0,0,0,0,0,2595,0,0,0,0,0,37.9,37.9,3.6,3.6,8,672,401,40540,0,12579,0,5054,32220,0,0,4640,95033,17426,8289,21163,46494,0,2,52446,76037,708,1865,5562,78645059,48378834,0,30266225,256390,30183899,338716,20411,374,0,0,358753,9135448,9005427,60504184,16170937,0,4810584,0,1922655,8620987,0,0,2427547,33952710,16487110,0,5930223,0,2370070,16266934,0,0,3638012,44692349,20638287,0,8964650,0,0,2919322,8713423,0,5142495,0,0,0,2000657,0,0,0,0,11088037,0,1476640,0,1373403,14802992,0,0,1525153,0,0,0,2995,0,0,4448232,4401426,11239965,0,0,0,0,3826101,1708452,3132531,1427192,11823905,6329049,426720,1362702,4591698,2347027,815685,384400,498841,254835,1349037,10291302,0,4684036,1579969,70183,208662,16834152,13334826,0,400289,3099037,16834152,81632,6603387,9255938,15903825,11219789,0,826339,0,826339,426050,0,5320068,370,333,141,603728,91113,694841,67,0,56194,81602,170215,17525,40124,161293,41879,32711,2185,0,116695,112773,173236,0,111235,39373,50416,0,130280,127883,205135,0,127115,46401,58027,0,,2003
106201281,madera community hospital,7/1/2002,6/30/2003,365,audited,incl. ind. audit,madera,09,0601,non-profit,general,comparable,,(559)675-5555,1250 east almond avenue,madera,93637-5606,robert c. kelley,administrator,diane neff,madera community hospital,0,05-0568,,zzr00568g,106,106,106,9693,9,6405,49,1291,2353,2085,105,473,22463,1397,0,1865,11,255,598,530,30,94,4780,106,0,0,0,0,0,22463,0,0,0,0,0,4780,0,0,0,0,0,58.1,58.1,4.7,4.7,0,0,0,15519,18,25050,505,4743,6031,9935,383,7875,70059,20529,24656,7037,17155,0,6,144388,186673,1689,3000,5941,100226541,54119014,0,46107527,906133,46846881,166779,447268,0,0,200600,413447,15930154,7706838,76589549,25360515,38310,15267923,159212,3651554,6906441,6028431,221697,1143170,58777253,10974062,6885,9374645,193500,2482033,7176117,8844807,178339,2218900,41449288,20100821,30849,11958980,208215,0,3980374,7412228,6469917,3035845,0,611995,0,309790,0,0,0,0,16233756,14346,12471629,144497,2153213,6670330,8403321,0,16435,0,0,205075,142345,0,0,8809633,5535177,17920211,0,0,0,0,7542351,1319727,3661428,2058354,21609001,6953965,565572,156126,7629612,4794753,1926511,678028,709834,318968,1504511,14996469,14974,15152554,477739,1739534,0,32381270,5251961,0,3444016,23685293,32381270,3958584,18082672,19772599,39001142,23848588,0,0,3875000,3905566,461550,0,0,572,572,160,1079768,110715,1190483,61,0,97236,252826,170186,49079,113211,243991,138630,14609,0,0,264829,161854,294662,0,214763,49956,93704,0,293459,176016,325400,0,237916,56161,101531,0,,2003
106260011,mammoth hospital,7/1/2002,6/30/2003,365,audited,excl. ind. audit,mono,12,1205,district,general,comparable,small/rural,(760)993-4331,85 sierra park road,mammoth lakes,93546,gary myers,ceo,carlos jimenez,mammoth hospital,0,05-0638,,hsp30668g,15,15,15,242,8,234,4,12,817,63,0,177,1557,102,3,96,2,5,341,27,0,74,650,15,0,0,0,0,0,1557,0,0,0,0,0,650,0,0,0,0,0,28.4,28.4,2.4,2.4,0,0,0,2455,177,2827,31,838,18451,1183,0,5573,31535,8202,32348,0,0,0,2,51202,44737,257,549,0,32934000,8166599,0,24767401,285264,23678885,1373780,2264614,789803,0,0,2848591,2040448,7088428,23805124,2032167,97169,1126993,20273,77094,7541359,770230,0,1903273,13568558,1862481,190045,1220264,25015,344936,11283521,976839,0,3462341,19365442,1976189,112996,1212061,22816,0,295222,1305827,583167,1047555,0,981228,0,629538,0,0,0,0,1794583,165082,1059095,22472,113384,16920278,1108332,0,3584175,0,0,84998,214571,1597647,0,2153433,7294577,6148104,0,0,0,0,3383661,1703935,2477799,517376,10406956,2991809,3299391,770313,2597421,962837,826126,316313,124991,238295,1144433,15481285,12221075,8953601,3479334,0,587852,40723147,3788266,771842,18097033,18066006,40723147,10390722,9529277,6435604,17129992,8176391,0,18429838,0,18547033,450000,0,0,327,269,97,519076,47982,567058,20,0,80975,53199,148648,0,25538,163875,40342,0,5429,1070,70453,149032,102741,0,92754,59115,44981,0,76350,161124,111813,0,100663,65371,51737,0,,2003
106420493,marian medical center,7/1/2002,6/30/2003,365,audited,incl. ind. audit,santa barbara,10,0803,non-profit,general,comparable,,(805)739-3000,1400 e church st,santa maria,93454-5906,charles cova,president/ceo,james saurenmann,catholic healthcare west,0,05-0107,hsc30107g,zzt30107g,227,227,227,34466,3185,3327,14982,627,1930,7507,420,3354,69798,4533,586,3167,251,91,1701,1992,33,451,12805,132,0,0,0,95,0,38752,0,0,0,31046,0,12252,0,0,0,553,0,84.2,84.2,5.5,3.2,24,5238,2605,103818,7032,21479,35687,2246,22539,84734,2187,10736,290458,44316,0,84028,152685,0,17,342290,657677,3821,8616,9502,388303827,268156517,0,120147310,1426986,119927620,1646676,1068650,1497528,0,0,1217798,72582843,30613250,285107734,108743373,13692424,16511472,31008704,3734763,11663656,46480968,2497742,6450321,240783423,43845005,3655395,4176937,25485295,1411053,9450561,52513948,1547601,5434609,147520404,111081321,10459265,16442423,41351833,0,5119120,13958497,58923226,4865515,0,1995978,0,3959339,0,0,0,0,41196026,6821152,3926338,15140994,2921,6680492,39575895,0,6803492,0,0,0,426488,0,0,21853257,12716318,37596713,0,0,0,0,17536373,3356813,17677089,9191057,36745387,24980850,749653,9623316,19265330,10606606,7853220,2136551,1036627,2744782,4185298,31973906,507566,53358686,5443977,5424300,0,96708435,21624341,821768,31940671,42321655,96708435,8306833,66965308,42583246,126212325,72853639,0,0,0,39577707,7637036,2648,1001371,1296,1019,334,2055075,285552,2340627,141,0,236430,278948,350103,94208,274140,383921,157792,57402,82197,139934,566365,244983,474874,0,347802,122980,281261,16810,655378,278800,543242,0,382877,143588,317590,19152,,2003
106244027,marie green psychiatric center -phf,7/1/2002,6/30/2003,365,audited,incl. ind. audit,merced,06,0515,city/county,psychiatric,phf,,(209)387-6879,300 east 15th street,merced,95340,troy dean fox,director of mental health,kenneth b. havens,county of merced,0,,,,16,16,16,0,0,0,2108,0,0,1526,0,0,3634,0,0,0,466,0,0,336,0,0,802,0,16,0,0,0,0,0,3634,0,0,0,0,0,802,0,0,0,0,62.2,62.2,4.5,4.5,0,0,0,0,0,0,0,0,0,0,0,0,0,0,0,0,0,0,0,0,0,0,0,0,3227716,0,0,3227716,0,3227716,0,0,0,0,0,0,3227716,0,0,0,0,0,0,0,0,0,0,0,0,0,0,0,0,0,0,0,0,0,0,0,0,0,0,0,0,0,0,0,0,0,0,0,0,0,0,0,0,0,0,0,0,0,0,0,0,0,0,0,0,0,0,0,0,0,0,0,0,0,0,0,0,0,0,0,0,0,0,0,0,0,0,0,0,0,0,0,0,0,0,0,0,0,0,0,0,0,0,0,0,0,0,0,0,0,0,0,0,0,0,0,0,0,0,1,0,0,0,0,0,0,0,0,0,0,0,0,0,0,0,0,0,0,0,0,0,0,0,0,0,0,0,,2003
106211006,marin general hospital,1/1/2003,12/31/2003,365,audited,incl. ind. audit,marin,04,0405,non-profit,general,comparable,,(415)925-7000,250 bon air road,san rafael,94904,margaret sabin,ceo,jean johnson,marin health systems  inc.,3,05-0360,hsc00360g,,235,235,146,20411,0,6322,0,1759,496,13270,0,2216,44474,4624,0,1608,0,446,135,4360,0,453,11626,218,17,0,0,0,0,39229,5245,0,0,0,0,10986,640,0,0,0,0,51.8,51.8,3.8,3.8,15,4057,1712,100121,0,15454,0,4488,8699,95271,0,17015,241048,35638,9543,46250,148055,0,11,419318,316236,2810,4053,17948,604559184,410454040,121629,194226773,6155050,191542943,8838880,8669793,4334098,0,0,13174575,172581276,72121929,359855979,198695930,0,45465548,0,15670935,6785405,132113491,0,18959011,417690320,63275754,0,12937672,0,4318246,3971647,84089444,0,18276101,186868864,198744307,0,48149887,0,0,20223646,0,114972109,10129737,0,3500365,0,14733989,0,0,0,121629,60697372,0,6592348,0,-281971,9540769,89124774,0,28553481,0,-2440444,1286052,5081568,0,0,32166147,18542594,67837543,3601,0,0,0,31977898,7565648,23496924,9952588,61583515,32763842,6387646,11888114,24605958,21446543,12391337,1903653,2017222,3610820,12944293,48717655,1423034,62037195,2112833,18006787,1672741,133970245,20994359,0,33451179,79524707,133970245,0,0,81195114,119765858,57728663,0,28581,34636818,35311179,1860000,1378676,1911486,1401,1010,456,1993389,256823,2250212,259,0,117198,494016,488617,20108,104345,378599,166133,74129,91308,58936,485255,243790,526629,0,373951,141319,216982,5463,550648,272843,590421,0,424647,160385,245358,5910,,2003
106050932,mark twain st. joseph's hospital,7/1/2002,6/30/2003,365,audited,excl. ind. audit,calaveras,06,0503,non-profit,general,comparable,small/rural,(209)754-3521,768 mountain ranch road,san andreas,95249-9707,michael lawson,administrator,tracy moziak addleman,mark twain st. joseph's healthcare corporation,0,05-0366,,zzr00366g,48,48,48,5227,0,1230,0,190,1380,0,0,243,8270,1078,0,339,0,54,478,0,0,74,2023,36,0,0,0,12,0,6814,0,0,0,1456,0,1866,0,0,0,157,0,47.2,47.2,4.1,3.7,4,424,209,9415,0,15933,0,2004,23910,0,0,5816,57078,9832,47065,0,0,0,4,37846,72407,396,1392,2266,69644027,38993085,0,30650942,482624,31231509,-97943,22401,87656,0,0,-163198,11520550,7082490,51040987,18761198,0,5599572,0,1091735,7513383,0,0,374174,33340062,12898695,0,5225058,0,1101188,15739148,0,0,1339876,36303965,20839547,0,7602730,0,0,1621288,6390311,0,2023643,0,225255,0,290311,0,0,0,0,9826031,0,3045548,0,502764,16131948,0,0,1144651,0,0,0,802,0,0,5150088,6671955,9588529,0,0,0,0,3264993,1433397,3473107,1649440,11820372,5755667,1514154,1249246,3554482,3181372,1516990,970886,295301,556380,816659,9640935,0,15911044,37753,1399918,0,26989650,3143091,0,8790000,15056559,26989650,2972762,14898354,6848881,25252669,9341625,0,0,9155000,9155000,365000,0,0,288,277,134,520517,72875,593392,36,0,50255,91164,108045,2967,42135,120454,49426,38504,10955,6612,110841,127558,112863,0,86023,28838,54394,0,124157,146281,128018,0,98853,33197,62886,0,,2003
106090933,marshall medical center.,11/1/2002,10/31/2003,365,audited,incl. ind. audit,el dorado,02,0304,non-profit,general,comparable,small/rural,(530)626-2786,marshall way,placerville,95667,james whipple,ceo,jennifer floyd,marshall hospital,0,05-0254,,zzr00254f,105,105,105,16701,0,2894,0,499,5028,0,0,316,25438,3272,0,768,0,107,1741,0,0,105,5993,91,0,0,0,14,0,21345,0,0,0,4093,0,5633,0,0,0,360,0,66.40000000000001,66.40000000000001,4.2,3.8,6,1087,598,85959,0,25867,0,4312,109933,0,0,8048,234119,25357,68583,12489,127109,0,11,178512,166766,1632,4390,7824,212965599,121057092,0,91908507,954736,84804614,8058629,1951156,504951,0,0,9504834,35198700,21854931,155911968,68716418,0,13703951,0,2425556,27786451,0,0,1785320,114417696,34518462,0,10143040,0,2476204,48531327,0,0,2878870,98547903,66884647,0,17043800,0,0,1534234,30305144,0,3561299,0,479681,0,1248287,0,0,0,0,36350233,0,6803191,0,3367526,42065273,0,0,3322284,0,0,0,126482,0,0,14631109,13249113,22892419,0,189959,0,0,13980957,4128614,10748266,4984177,36376309,15519553,3974040,3213660,10306607,4391846,5774691,897032,-537920,2214692,2674104,26045380,17125292,42142368,7770557,7329615,1056181,101469393,19549387,0,37774257,44145749,101469393,8999098,48008477,43579272,101759425,59617057,0,0,39273000,39973361,2199104,0,0,954,932,284,1759787,269634,2029421,109,0,138820,478586,345819,8868,119538,427305,131371,18892,25170,65418,387959,279365,362876,0,319406,170890,238259,1032,452684,312270,445126,0,358049,193162,267020,1110,,2003
106450936,mayers memorial hospital,7/1/2002,6/30/2003,365,audited,excl. ind. audit,shasta,01,0210,district,general,comparable,small/rural,(530)336-5511,43563 hwy 299 e,fall river mills,96028,jerry fikes,administrator,jennifer floyd,mayers memorial hospital district,4,05-0406,,zzr00406f,121,121,121,1663,0,23847,0,0,328,0,0,4259,30097,327,0,208,0,0,120,0,0,50,705,22,0,0,0,99,0,2281,0,0,0,27816,0,630,0,0,0,75,0,68.09999999999999,68.09999999999999,42.7,3.6,2,144,79,2877,0,1319,0,0,1822,0,0,308,6326,4862,0,0,0,0,1,17255,30245,132,402,0,19079381,6967414,0,12111967,792140,13681805,-777698,825576,29261,0,0,18617,7244640,2056419,9778322,2401529,0,5802545,0,0,847901,0,0,1107323,10159298,3891040,0,1830285,0,0,2708061,0,0,490697,8920083,3136296,0,3017139,0,-223366,0,307755,0,514321,0,63080,0,152189,0,0,0,0,3143599,0,4837313,0,0,3226555,0,0,904500,146009,0,0,23464,532705,0,3646804,1343235,3319748,0,0,0,0,2489619,558409,1304373,1019617,5913291,1747912,599497,564982,1824564,974398,684430,172919,42072,513485,644255,2605090,150282,6272286,295293,0,1643715,10966666,2367102,0,7035918,1563646,10966666,54233,9528577,5151846,14859677,8587391,0,98568,6860000,7458205,422287,0,0,227,219,98,372215,83469,455684,32,0,33269,52514,28508,32928,96558,60307,67297,834,0,0,161710,36355,38121,0,85427,23194,27408,0,182208,46899,71186,0,97956,26178,31257,0,,2003
106240924,memorial hospital los banos,1/1/2003,12/31/2003,365,audited,excl. ind. audit,merced,06,0517,non-profit,general,comparable,small/rural,(209)826-9591,"520 west ""i"" street",los banos,93635,paul dyer,ceo,karen updegraff,memorial hospitals association,0,05-0528,hsc00528f,zzr00528f,48,48,48,5152,0,1725,15,0,1473,0,157,180,8702,711,0,743,8,0,545,0,29,53,2089,48,0,0,0,0,0,8702,0,0,0,0,0,2089,0,0,0,0,0,49.7,49.7,4.2,4.2,8,1245,656,6623,0,16213,587,0,13018,0,1124,3593,41158,15134,12376,0,14317,0,2,31895,29455,468,508,2252,102074483,72862523,0,29211960,80885,25737022,3555823,815184,36562,0,0,4334445,14599272,13562329,73912882,29860545,0,11452213,107084,0,10000822,0,1262945,836199,53519808,10328269,0,15099198,641890,0,17876138,0,923486,3685694,48554675,33937331,0,20273145,683097,0,0,12686739,0,2720831,0,2513037,0,48343,0,0,0,0,6251483,0,6278266,65877,0,14662380,0,50283,1903671,0,-4340633,0,533923,0,0,5453333,3426281,6957713,0,0,0,0,3674480,1000797,4048408,1176010,9287035,4315702,1067781,2459953,3460879,2285398,866988,138107,330584,80167,1444428,6824857,21708604,4478686,2939591,0,0,35951738,3217512,0,22364008,10370218,35951738,41028,3830852,8674188,12814157,8335471,0,0,22364008,22364008,0,1027285,0,248,215,129,437435,47942,485377,21,0,48784,72810,69071,21284,30476,93487,54307,8478,38313,425,129184,71161,87843,0,70298,22342,56607,0,140716,77135,98870,0,77870,25443,65343,0,,2003
106500939,memorial hospital modesto,1/1/2003,12/31/2003,365,audited,incl. ind. audit,stanislaus,06,0511,non-profit,general,comparable,,(209)526-4500,1700 coffee road,modesto,95355,david benn,ceo,cheryl haygood,memorial hospitals association,0,05-0557,hsc00557f,zzr00557f,311,308,253,27486,20127,10452,2023,172,20966,8683,819,1866,92594,3770,3368,1572,460,35,5610,2315,144,289,17563,311,0,0,0,0,0,92594,0,0,0,0,0,17563,0,0,0,0,0,81.59999999999999,82.40000000000001,5.3,5.3,31,4442,2287,31173,22721,12913,7318,618,37883,21442,3169,9360,146597,65148,0,48841,34085,2488,16,777018,513752,8393,7844,16199,1478321414,1204158924,78616256,352778746,3471481,281191060,75059167,6663094,973251,0,0,80749010,284069424,61054614,1133197376,316934791,262076329,110703168,22635785,3016224,259594488,115350650,10345572,17884239,1118541246,56933220,55696114,27334853,13354539,1667767,132714750,54667125,4407275,13004525,359780168,322262710,314216582,124448655,29262601,0,4548841,203785150,168737798,19301399,0,16633845,0,961343,50461896,0,0,28154360,51605301,54017757,13589366,6727723,135150,187089683,29434337,112778,10066651,0,-50217169,0,3472806,0,0,57658718,28037890,80342758,28682702,3509002,0,0,35112883,8377808,22954774,16514525,93894130,38647139,3829995,14521278,50867021,45472298,13113849,1824177,2079234,2247435,14694504,70340286,63900865,92212714,23786998,6079520,1915723,258236106,48650832,0,74812922,134772352,258236106,11350264,89852063,130884753,228275506,136062792,0,0,75555106,75922922,1110000,447997,382749,2608,2212,1142,4231787,584148,4815935,777,0,278334,825166,1121447,33022,434655,913558,408496,1920,214090,1099,1376711,539367,836614,0,764238,290833,397229,26795,1552749,615832,959074,0,874499,334365,449247,30169,,2003
106190521,memorial hospital of gardena,7/1/2002,6/30/2003,365,audited,excl. ind. audit,los angeles,11,0929,investor,general,comparable,,(310)532-4200,1145 west redondo beach blvd.,gardena,90247-3528,steve popkin,ceo,catherine matsuda,healthplus+ corporation,0,05-0468,hsc30468i,,172,172,107,10588,996,20308,2352,0,823,630,0,840,36537,1580,128,1648,565,0,193,112,0,165,4391,103,0,0,0,69,0,19267,0,0,0,17270,0,4156,0,0,0,235,0,58.2,58.2,8.300000000000001,4.6,18,1847,831,2718,899,8750,8831,0,1716,3152,1,6003,32070,26367,20207,0,8017,1228,5,99741,74412,1007,733,5139,145954713,102939597,4234627,47249743,144507,48870968,-1476718,1170765,801448,0,0,-1107401,26625229,12991294,106338190,36455541,3418836,54076059,8395186,0,3336558,3260138,0,4187744,113130062,6462479,778397,6924815,8689142,0,2059857,3035980,118,4873863,32824651,24047214,2350052,50126384,14038052,-3233449,0,4212900,4883098,6194721,0,251716,0,68909,0,4234627,0,0,18870806,1847181,13856341,7280903,0,1183515,1413020,0,2797977,0,0,0,730105,0,0,12641042,2836924,14748144,1982763,0,0,0,4301362,2483537,6672346,3204850,17902744,4069258,485108,3583431,5409627,11084218,1568954,675369,-58807,2015778,2135288,17970672,0,11254399,583487,0,11250,29819808,16918847,0,13917347,-1016386,29819808,159351,8288484,4412619,15461878,4207479,0,859473,0,14372662,455315,4265627,0,532,457,238,934546,94861,1029407,162,0,83833,144123,231141,82789,88984,161089,62912,0,56093,23582,378481,72713,197968,0,115703,86379,83302,0,414254,80963,221466,0,126261,93720,92743,0,,2003
106231013,mendocino coast district hospital,7/1/2002,6/30/2003,365,audited,incl. ind. audit,mendocino,01,0111,district,general,comparable,small/rural,(707)961-1234,700 river drive,fort bragg,95437-5403,bryan ballard,ceo,julie vichi,mendocino  coast district hospital,0,05-0569,,zzr00569f,52,52,52,6391,0,1277,0,273,1168,0,0,309,9418,1051,0,361,0,68,380,0,0,90,1950,37,0,0,0,15,0,6678,0,0,0,2740,0,1747,0,0,0,203,0,49.6,49.6,4.8,3.8,9,436,225,26590,0,10168,0,2053,20455,0,0,5815,65081,11106,10673,8732,33650,0,2,77853,138020,481,1909,2518,54377929,26788503,0,27589426,176269,28961772,-1196077,796092,0,0,0,-399985,6910619,8754580,38712730,14807276,0,3848261,0,909687,4027849,0,0,1040883,24633956,12881589,0,4218729,0,1161708,10142560,0,0,1339387,29743973,14488150,0,5269229,0,0,1928916,4299035,0,766865,0,31212,-11663,16759,0,0,0,0,13200715,0,2797761,0,142479,9854615,0,0,1593856,0,0,1620,108288,648316,0,4136257,4742768,10788436,0,0,0,0,3640594,1595117,2898559,1160041,9015416,4778278,2288217,3413269,4643695,1704565,1029823,330560,237226,270213,1250510,12598260,5567810,6273900,856449,24375,226536,25547330,6318197,0,9100777,10128356,25547330,474983,9145186,10492322,20174993,13901093,0,217611,9044126,9261737,160960,0,0,283,224,125,443426,57028,500454,72,0,77138,61236,99259,11295,28361,86916,34771,9068,21474,13908,100046,88292,89825,0,77804,47852,39607,0,109931,100077,101666,0,89820,54280,44680,0,,2003
106334018,menifee valley medical center,7/1/2002,6/30/2003,365,audited,incl. ind. audit,riverside,12,1109,district,general,comparable,,(909)679-8888,28400 mc call blvd.,sun city,92585-9658,susan ballard,ceo,antonio saldana,valley health system,0,05-0684,hsc30684f,,84,84,84,10227,7593,684,60,40,665,1487,0,412,21168,1963,2142,174,29,20,206,448,0,80,5062,84,0,0,0,0,0,21168,0,0,0,0,0,5062,0,0,0,0,0,69,69,4.2,4.2,0,0,0,7346,2928,1794,668,125,10632,3788,0,2495,29776,15912,0,0,16613,0,3,68310,64380,753,997,6572,134325994,102191056,0,32134938,155578,33186728,-896212,324316,0,0,0,-571896,36148288,16144221,82033485,49037873,38231402,3048642,249055,188977,3858388,7693180,0,1995336,104302853,7275125,6394499,1928201,499515,117609,2939832,8690917,0,2177443,30023141,43336759,33260584,4103050,637530,0,233703,4349263,12238627,3935890,95650,0,0,0,0,0,0,0,12880589,11365317,873793,111040,72883,2448957,4145470,0,236889,0,1054826,0,141316,0,0,7937799,1673809,10650165,0,0,0,0,5245615,1009554,3758796,2910990,11709933,3694722,42167,842457,6123144,5958247,1727585,317430,135099,1483785,1152159,9999869,5190728,18017566,586837,0,716977,34511977,5509166,0,20479992,8522819,34511977,896386,31741398,12597741,47986414,29968848,0,421791,20507623,20929414,449422,0,92634,377,284,148,558086,48646,606732,92,0,23555,122209,171161,6522,89646,71863,57645,0,12743,2742,252498,47590,111631,0,88992,22151,35224,0,271226,52172,122899,0,97281,23927,39227,0,,2003
106414018,menlo park surgical hospital,1/1/2003,12/31/2003,365,audited,incl. ind. audit,san mateo,04,0428,investor,general,comparable,,(650)324-8500,570 willow road,menlo park,94025-2617,alex wilcox,ceo,william a. fretwell,kindred healthcare inc.,0,05-0707,,hsp30707f,16,16,2,37,22,0,0,0,26,211,0,330,626,20,14,0,0,0,17,94,0,206,351,16,0,0,0,0,0,626,0,0,0,0,0,351,0,0,0,0,0,10.7,10.7,1.8,1.8,0,0,0,149,68,0,0,0,347,814,0,40,1418,0,0,0,0,0,2,24769,82372,201,1418,0,14742398,9197461,0,5544937,3163,7141074,-1592974,2163,0,0,0,-1590811,440950,0,14301448,295901,134375,0,0,0,239716,1170370,0,311656,2152018,974945,473020,0,0,0,4004402,6874009,0,264004,12590380,550696,447617,0,0,0,0,1625990,6331527,122611,0,0,0,119020,0,0,0,0,716472,159165,0,0,0,2521265,1706721,0,441314,0,0,0,2163,0,0,1169390,0,2703756,0,0,0,0,775145,333280,1264850,894653,2498060,629791,37145,182283,1668472,305990,179587,918549,12950,0,708247,5465406,0,609249,0,0,0,6074655,634344,0,0,5440311,6074655,49908,36662,1990911,2211363,1602114,0,0,0,0,0,4251049,0,63,49,34,96749,7588,104337,128,0,26873,10741,35921,0,2102,15550,2485,0,2309,768,33325,0,24357,0,15758,11066,12243,0,35206,0,26377,0,17134,12302,13318,0,,2003
106340947,mercy general hospital,7/1/2002,6/30/2003,365,audited,incl. ind. audit,sacramento,02,0311,non-profit,general,comparable,,(916)453-4545,4001 j street,sacramento,95819,denny powell,president,stephen shahbazian,catholic healthcare west,0,05-0017,hsc00017g,zzr00017g,399,391,391,25061,8205,7460,4089,621,273,30407,0,94,76210,4825,1423,2092,1331,87,55,6807,0,30,16650,274,0,0,30,95,0,62429,0,0,4455,9326,0,15690,0,0,318,642,0,52.3,53.4,4.6,4.2,16,5790,2602,25459,6947,10969,9587,1065,1678,34092,0,6819,96616,30188,10417,0,49250,10320,15,545558,585937,4192,11698,0,1003823322,796172841,37605814,245256295,9204971,244306658,10154608,2301884,1405515,0,0,11050977,180476681,28705360,794641281,225748703,60284427,63629182,30144678,7714528,2977311,399130938,0,861164,790490931,49416052,14043059,15964247,13078162,2364726,1069272,105546509,0,11850364,213332391,217455507,72469299,59137852,31877987,0,6740906,1371283,378130753,4156135,0,5816396,0,19016723,4888755,0,0,32717059,52852401,5434547,19013738,10567637,3257615,2650455,150311208,0,1168694,0,968727,68336,0,0,0,50814299,6955743,105256077,10386533,0,0,463375,29848908,3478945,31861069,5241709,59585897,37175365,1555306,20249689,62419222,49339277,5786815,1706422,1331063,1576184,3581418,95406258,0,26380851,7342891,399000,0,129529000,28070486,0,19232514,82226000,129529000,7000,84574691,61480008,151611851,125231000,0,0,0,21900514,2668000,51752000,0,1446,1338,633,2774279,366887,3141166,474,17,158232,583147,651161,58435,186450,305902,188336,284035,110300,248281,916121,74737,951491,879,512385,75361,231581,11724,1038961,85908,1079912,917,577719,84327,260668,12754,,2003
106150761,mercy hospital - bakersfield,7/1/2002,6/30/2003,365,audited,excl. ind. audit,kern,09,0617,non-profit,general,comparable,,(661)632-6523,2215 truxtun ave,bakersfield,93301,tim moran,president,catherine matsuda,catholic healthcare west,0,05-0295,,zzt30295f,261,261,261,29972,9420,2196,1723,0,1000,19263,136,807,64517,5116,1569,379,346,0,211,4054,31,153,11859,211,0,0,0,50,0,50311,0,0,0,14206,0,11119,0,0,0,740,0,67.7,67.7,5.4,4.5,0,0,0,27918,7599,3763,10184,0,4488,54220,156,5135,113463,27778,57656,14814,22381,0,11,330364,145909,2316,3596,8693,379850064,276418904,0,103431160,958925,116280655,-11890570,3477091,1402436,0,0,-9815915,90299863,38006288,251543913,104782035,36727758,8754366,8241025,0,5280946,114176916,1252824,4557357,283773227,18116219,6864536,4126911,6925768,0,3666913,46523447,215505,9637538,96076837,92693774,33300398,9789624,11492958,0,0,1789572,121860396,4632731,0,937396,-77945,0,0,0,0,0,30204480,10291896,3091653,3673835,0,7158287,38839967,608878,9562164,0,0,49448,-343700,0,0,31327477,9263382,35057424,0,0,0,0,19248203,3480788,13752309,4151072,38794300,15047338,300023,16594669,18343153,12921448,5734525,662551,861679,1573436,5447533,27110903,1608164,55071785,3826716,1088823,0,88706391,65521546,0,22785254,399591,88706391,0,90984472,103207450,206917660,151845875,0,0,0,24637598,1852344,3960187,3749641,1118,974,804,2125199,133064,2258263,281,0,138244,570198,507869,91441,173241,248226,162619,0,160760,72601,760772,208643,502382,0,332707,97319,223376,0,801997,222255,534831,0,354903,107733,236544,0,,2003
106344029,mercy hospital - folsom,7/1/2002,6/30/2003,365,audited,excl. ind. audit,sacramento,02,0309,non-profit,general,comparable,,(916)983-7400,1650 creekside drive,folsom,95630,donald hudson,president,stephen shahbazian,catholic healthcare west,0,05-0414,hsc00414h,zzr00414h,85,85,85,4126,560,656,112,24,63,5912,0,58,11511,1010,163,158,52,24,32,2420,0,14,3873,85,0,0,0,0,0,11511,0,0,0,0,0,3873,0,0,0,0,0,37.1,37.1,3,3,0,0,0,4318,703,3687,1710,90,523,25296,0,1484,37811,21619,0,0,16297,0,3,137660,120585,1405,1875,0,150471678,105849801,4754890,49376767,1655733,45262464,5770036,211694,789111,0,0,5192619,33031586,15904658,101535434,29241750,3838424,5283340,901915,231256,576684,45562551,0,378617,86014537,11429292,1648374,3951212,1777122,129473,863279,42848999,0,1809390,64457141,32518264,5479264,5304520,2571671,0,239885,1056802,53489768,2322806,0,1554920,0,1311901,0,0,0,4754890,7496125,6928,3613493,98719,111112,352819,36863425,0,834146,0,0,74551,122700,0,0,8928929,3077319,15328108,0,0,0,0,4636327,771705,10643284,1876792,15702735,9487749,1199880,1504005,5789349,6791211,1772699,268677,0,958137,1788022,28806000,0,17472550,1704450,524000,0,48507000,5710000,2264000,12960000,27573000,48507000,314000,22826107,14013000,43039550,25567000,0,0,0,13773000,813000,20568000,13756000,0,311,165,596634,82476,679110,126,0,66245,119922,151211,15643,31845,86040,49648,42911,8017,25152,176984,45732,158139,0,105716,29184,73663,7216,203090,50807,177143,0,120578,34999,84234,8259,,2003
106470871,mercy hospital of mt. shasta,7/1/2002,6/30/2003,365,audited,incl. ind. audit,siskiyou,01,0205,non-profit,general,comparable,small/rural,(530)225-6374,914 pine street,mt. shasta,96067,chuck gersdorf,ceo,kathleen frey,catholic healthcare west,3,05-0419,,hsp30419i,80,80,80,4577,0,13067,0,130,2798,0,90,268,20930,927,0,359,0,45,460,0,10,34,1835,33,0,0,0,47,0,4855,0,0,0,16075,0,1678,0,0,0,157,0,71.7,71.7,11.4,2.9,4,205,143,16202,0,5804,0,1652,14163,5,426,1873,40125,7764,0,0,29913,0,4,101114,153416,619,2969,3490,77200853,45139339,0,32061514,412007,31631470,842051,38346,61796,0,0,818601,13525477,7375644,56299732,19472888,0,9092757,0,1126555,12994006,0,346373,1022486,44055065,13425772,0,4944443,0,1474075,11392370,4114,321861,1583153,33145788,25441043,0,5373586,0,0,2035523,8773878,549,1163664,0,1919854,0,431242,0,0,0,0,7457617,0,7411994,0,565107,15612498,3565,0,1010733,0,-248327,0,38346,0,0,6858970,1928881,10272116,0,0,0,0,4479327,1217125,5279875,1595176,11938018,7178062,785639,278383,4446138,2753293,2001829,440601,186837,427341,1195329,10836188,2285793,10310848,849472,257901,0,24540202,3371774,0,6025032,15143396,24540202,250,11085570,10719979,24418368,14107520,0,0,6245028,6245028,219996,3352418,0,338,295,147,536674,77124,613798,32,0,47932,74621,108224,24116,77516,104720,57638,41309,598,0,188946,27108,111486,0,97814,32742,78578,0,214530,31292,127558,0,111775,38478,90165,0,,2003
106240942,mercy med ctr merced-community campus,7/1/2002,6/30/2003,365,audited,incl. ind. audit,merced,06,0515,non-profit,general,comparable,,(209)385-7000,301 east 13th street,merced,95340-6211,john headding,ceo,judy bain,dominican sisters of st. catherine of sienna of kenosha wisconsin,0,05-0444,hsc30444f,,174,174,88,13998,0,9508,0,1320,4475,0,261,334,29896,1933,0,2792,0,351,1508,0,68,87,6739,160,0,0,0,14,0,26231,0,0,0,3665,0,6618,0,0,0,121,0,47.1,47.1,4.4,4,15,3915,2268,20605,0,77477,0,26387,15080,0,2906,9349,151804,31592,44415,0,77448,0,3,115260,56347,2084,1587,5391,260941941,199585774,0,61356167,510372,61693687,172852,128124,3105,0,0,297871,43910751,25547044,191484146,78536586,0,54304260,0,8566612,31454514,0,1695345,2394244,176951561,19009593,0,25693483,0,7917259,24561089,0,872439,5936517,83990380,74830325,0,64594930,0,-1124432,14380545,36492489,0,7416858,0,2795280,0,199779,0,0,0,0,22715854,0,16299749,0,2103326,19523114,0,0,714124,0,-466949,0,10024,0,0,13881571,6024584,19226453,0,0,0,2306229,9314524,1043241,6510895,3386190,24417872,8136205,2993907,3488458,10350737,4465436,2353344,907771,1057149,1599235,1923573,18004667,15366339,12730514,589329,0,11017613,57708462,41732156,0,19700000,-3723694,57708462,1390847,7771019,8208740,16246940,3516426,0,0,0,36140000,16440000,0,41664867,640,544,290,1069392,110628,1180020,152,19,51652,182242,275285,47150,97138,177272,119735,71122,47265,531,319259,133737,235415,43579,202116,50018,85268,0,347363,148466,263611,43993,225818,54938,95831,0,,2003
106240948,mercy med ctr merced-dominican campus,7/1/2002,6/30/2003,365,audited,incl. ind. audit,merced,06,0515,non-profit,general,comparable,,(209)384-6795,2740 m street,merced,95340-2813,john headding,ceo,denise warmsley,dominican sisters of st. catherine of sienna of kenosha wisconsin,0,05-0117,hsc00117f,,115,115,64,14037,0,3026,0,222,175,4470,127,28,22085,2695,0,581,0,43,34,858,25,5,4241,115,0,0,0,0,0,22085,0,0,0,0,0,4241,0,0,0,0,0,52.6,52.6,5.2,5.2,14,1013,514,19492,0,25039,0,1041,4145,23739,6742,1460,81658,18906,0,8106,55128,0,3,138346,108875,1329,1536,5901,178934722,131386147,0,47548575,379355,52172603,-4244673,4073916,4595666,0,0,-4766423,23986004,9922190,145026528,59012859,0,12941163,0,1011107,940384,24885148,588027,127300,99505988,27040346,0,12360467,0,1293381,3725496,32723397,1878890,406757,79428734,63448509,0,22649370,0,0,1386804,2807852,34667898,3765476,0,2466917,0,193321,0,0,0,0,21876117,0,2652260,0,917684,1632425,20155175,0,314914,0,3874754,0,0,0,0,10603833,3762613,20251379,0,0,0,0,6849136,1506574,7751096,1447972,21279708,9381155,873099,2772931,7906246,5308469,2012341,497076,438574,279845,1423159,9662074,671106,17727958,2218821,23845600,0,54125559,15821832,0,3367277,34936450,54125559,0,19416056,29028888,50705817,32977859,0,0,3673385,3673385,306108,0,0,539,517,191,992340,126097,1118437,142,0,100690,199746,212036,25852,71162,150444,83094,105291,43289,736,267754,75025,260609,0,154290,54612,109300,70750,297576,81217,295023,0,173306,64258,126338,80719,,2003
106450949,mercy medical center-redding,7/1/2002,6/30/2003,365,audited,incl. ind. audit,shasta,01,0209,non-profit,general,comparable,,(530)225-6000,2175 roseville avenue,redding,96001,john diperry,executive vp/coo,judy bain,catholic healthcare west,2,05-0280,,zzr00280g,264,264,165,27858,0,11436,0,2718,14498,0,475,971,57956,5943,0,2440,0,580,3093,0,101,207,12364,264,0,0,0,0,0,57956,0,0,0,0,0,12364,0,0,0,0,0,60.1,60.1,4.7,4.7,9,2860,1592,46104,0,52076,0,2928,29835,0,2930,8231,142104,39931,56425,20463,8918,0,11,643800,531450,3949,6297,10736,560867427,395105507,0,165761920,2639831,166527313,1874438,-780531,181710,0,0,912197,127374222,55317118,378176087,201458551,0,70922966,0,22937356,115312988,0,4213260,8609952,423455073,47531425,0,28172527,0,5131694,46685056,0,2297501,7594151,137412354,186102711,0,75461489,0,0,22144453,81276523,0,11121404,0,15420861,0,3578066,0,0,0,0,62887265,0,14723904,0,5924597,80721521,0,0,1504633,0,0,0,-1067446,0,0,35603936,21252291,54144799,0,0,0,3478532,19909625,3533617,21733205,6871308,57260855,32043835,4476160,6876681,30027572,20245820,8515953,1663549,933732,333441,4149715,70651734,30159499,67046183,5967949,0,0,173825365,19770533,0,0,154054832,173825365,22320442,101736592,49912475,157893504,90847321,0,0,0,0,0,11471100,0,1510,1300,506,2455291,349062,2804353,283,24,153298,535738,710432,33766,69205,440019,251252,160447,101134,0,758243,394859,518792,70001,364482,29838,319076,0,856475,438723,589387,72988,412206,33726,400848,0,,2003
106340950,mercy san juan hospital,7/1/2002,6/30/2003,365,audited,excl. ind. audit,sacramento,02,0309,non-profit,general,comparable,,(916)534-5000,6501 coyle ave,carmichael,95608,michael uboldi,president,stephen shahbazian,catholic healthcare west,2,05-0516,hsc00516f,zzr00516f,247,247,247,22022,5777,12149,4708,1353,973,22079,0,39,69100,4634,1254,2600,1647,342,300,5453,0,12,16242,247,0,0,0,0,0,69100,0,0,0,0,0,16242,0,0,0,0,0,76.59999999999999,76.59999999999999,4.3,4.3,13,4784,2608,42314,27084,13703,11799,3877,2338,41745,0,3364,146224,51182,0,51383,42900,0,20,518332,153395,4172,2019,0,755477330,574566032,31646893,212558191,4440843,198664829,18334205,583558,987420,0,0,17930343,178515785,71445863,505515682,175415214,46852859,103667393,35110689,11451256,7246240,176819803,0,2165655,558729109,48218927,13925485,19099385,15357472,5617544,2509474,86842704,0,5177230,196748221,169041034,57404167,97935628,36297035,0,10089677,4200335,180844510,9899168,0,8854478,0,0,0,0,0,31646893,48829940,2551584,21462280,12800581,6952639,5405726,107466752,0,7088689,0,24504657,0,0,0,0,41111455,19960162,66648102,0,0,0,0,23012677,2299000,40456089,5177344,68494878,38813304,4448064,11912869,30845860,27233142,8641529,1854213,0,756385,5664585,53506798,63000,58849001,1783999,0,0,114202798,26851000,0,9311798,78040000,114202798,6000,84543041,53197162,142166001,83317000,0,0,10538798,10538798,1227000,19534000,0,1668,1259,775,2476675,376826,2853501,430,0,163998,495437,697033,67977,137426,348767,152012,179824,195761,38440,770696,372748,666076,0,360091,59371,247693,0,882581,434555,761745,0,413370,69055,292195,0,,2003
106150830,mercy westside hospital,7/1/2002,6/30/2003,365,audited,excl. ind. audit,kern,09,0625,non-profit,general,comparable,small/rural,(661)763-4211,110 east north street,taft,93268-3606,john ruffner,administrator,catherine matsuda,catholic healthcare west,0,05-0379,,zzt30379f,84,84,84,923,362,21676,524,0,2,62,0,210,23759,103,47,107,9,0,0,14,0,3,283,21,0,0,0,63,0,825,0,0,0,22934,0,191,0,0,0,92,0,77.5,77.5,84,4.3,0,0,0,1552,793,1171,2761,0,313,2722,0,1065,10377,6460,3812,0,416,0,0,0,0,0,0,0,18978529,11514995,0,7463534,10176,9666434,-2192724,68360,0,0,0,-2124364,6703265,3788602,8486662,1674100,610826,7216911,225520,0,2360,179847,0,73925,9983489,1595283,896314,895807,1749854,0,259062,2688922,0,909798,8995040,1883376,864645,4279732,1594538,-7034,0,161879,1792662,907323,0,37874,0,0,0,0,0,0,1386007,642495,3802146,380836,0,99543,1076107,0,76400,0,0,0,68360,0,0,2952221,993147,1740669,0,0,0,0,1811307,489064,1324837,355189,4158687,1310463,44100,1175580,934893,916494,194961,56207,97964,168395,608690,3509426,0,1857159,28719,0,0,5395304,10237352,0,1661985,-6504033,5395304,0,1434369,1201215,2721992,864833,0,0,2148405,2148405,486420,0,327868,155,118,77,248927,14621,263548,10,0,19779,39055,17026,14860,64283,38071,37632,0,16723,1498,110477,22031,28663,0,51890,16012,19854,0,116388,23211,30155,0,55333,17477,20984,0,,2003
106013687,merritt peralta institute cdrh,1/1/2003,12/31/2003,365,audited,incl. ind. audit,alameda,05,0417,non-profit,specialty,comparable,,(510)655-4000,3012 summit street - 5t floor,oakland,94609,warren kirk,ceo,bharatha naotunne,sutter health,0,05-0043,hsc00043f,,24,24,19,45,25,0,0,0,243,5912,5,589,6819,4,2,0,0,0,20,466,1,48,541,0,0,24,0,0,0,0,0,6819,0,0,0,0,0,541,0,0,0,77.8,77.8,12.6,12.6,0,0,0,0,0,0,0,0,0,0,0,0,0,0,0,0,0,0,0,0,0,0,0,0,4791793,3175663,0,1616130,0,4268793,-2652663,0,0,0,0,-2652663,4791793,0,0,31459,17365,0,0,0,170433,4155390,3276,413870,4791793,0,0,0,0,0,0,0,0,0,0,22941,13172,0,0,0,0,106760,2910814,118700,0,3276,0,0,0,0,0,0,8518,4193,0,0,0,63673,1244576,0,295170,0,0,0,0,0,0,2575475,0,0,0,0,0,0,1108406,49571,227012,308329,1271967,827914,138313,222625,52402,1356106,149125,70,16239,119897,114135,344102,0,503752,0,0,0,847854,139918,0,707936,0,847854,0,955735,386140,1504357,1000605,0,0,731238,731238,23302,0,0,25,24,8,45804,5726,51530,16,0,3354,19740,4817,3689,5179,7208,0,0,1817,0,45804,0,0,0,0,0,0,0,51530,0,0,0,0,0,0,0,,2003
106340951,methodist hospital of sacramento,7/1/2002,6/30/2003,365,audited,excl. ind. audit,sacramento,02,0311,non-profit,general,comparable,,(916)423-3000,7500 hospital drive,sacramento,95823,tim moran,president,stephen shahbazian,methodist hospital,0,05-0590,hsc00590f,zzr00590f,333,333,333,10124,2892,40857,4165,326,324,13927,762,4069,77446,1591,404,2273,1091,17,32,2028,53,148,7637,162,0,0,0,171,0,27780,0,0,0,49666,0,6950,0,0,0,687,0,63.7,63.7,10.1,4,0,0,0,13483,1187,13153,13286,794,1336,29917,487,2710,76353,46909,16245,0,13072,0,8,159500,232801,1723,3660,0,292134890,216012648,9568965,85691207,797379,92944514,-6455928,4493707,226652,0,0,-2188873,101015413,27714463,163405014,54240705,15785875,58325114,17493663,3200738,1791661,49541568,1695597,4629687,206704608,14526266,2874284,11719910,13720418,1418226,2857460,35322432,537248,2454038,85430282,48046859,17254521,49434296,24858735,-1328494,3725418,1056344,59018096,4218459,0,7049947,0,2678467,0,0,0,9568965,20720112,1405638,18402842,5074624,893546,3592777,35414869,0,186799,0,-1781127,7043,92638,0,0,28202091,7115204,22155957,0,0,0,2189129,12821293,1551157,15600128,3309555,32035099,17267371,861422,7251685,10466910,17210541,3581509,903018,930554,442462,1993943,14319000,708000,37834586,1016971,331000,0,54209557,29893358,4756000,8465199,11095000,54209557,0,51703635,32309669,89320586,51486000,0,0,9416199,9416199,951000,0,20947000,832,748,420,1530290,181609,1711899,215,14,95235,238351,287369,52607,248161,176011,109602,165922,55084,101948,619544,132036,309834,53269,251125,40307,124175,0,690354,143798,349283,60067,278977,44214,145206,0,,2003
106190529,methodist hospital of southern cal,1/1/2003,12/31/2003,365,audited,incl. ind. audit,los angeles,11,0913,non-profit,general,comparable,,(626)445-4441,300 w huntington dr,arcadia,91006-3402,dennis m. lee,ceo,derek f. petrak,methodist hospital of southern california,0,05-0238,hsc30238f,zzt30238f,450,285,238,39932,7007,5981,1408,0,770,16513,546,1158,73315,6329,1145,1521,411,0,222,4768,167,356,14919,404,0,0,20,26,0,60524,0,0,4050,8741,0,13654,0,0,382,883,0,44.6,70.5,4.9,4.6,25,4002,1721,15830,5967,3456,3927,0,1897,26009,1428,3026,61540,34177,0,0,30070,0,10,462503,269077,3770,3874,12370,489868574,343965236,295290,146198628,1708229,140941042,6965815,3495154,33559,0,0,10427410,94125519,18357799,377385256,192633022,44673412,29428890,6976095,0,5904723,100710041,3688212,7812296,391826691,30405277,9308358,5007141,3842342,0,3916773,39703601,1878786,3979605,98041883,169142368,37605308,31343669,5872359,0,0,3144637,84775981,3978772,0,5288780,0,2813362,86582,13520,0,195188,52818423,16345936,3017657,4947863,0,6623592,55071317,278218,7095622,0,0,926,3494228,0,0,31474339,4341849,53913983,0,0,0,0,21254600,5350276,17150846,7455149,55773256,20006257,552163,4908005,29485820,12451737,8596004,2202779,1274705,1754202,3936114,37866975,30805657,62745187,567342,17196240,1101816,150283217,20610358,2124851,25341815,102206193,150283217,6058201,98324565,60054393,163709527,100964340,0,374194,26645000,27878097,2536282,17523092,418535,1454,1173,692,2224271,290330,2514601,297,0,144428,460037,558354,35401,271344,384432,199284,96222,28598,46171,734657,84659,541549,0,417006,151632,294768,0,831292,99370,616167,0,462051,170151,335570,0,,2003
106190958,metropolitan state hospital,7/1/2002,6/30/2003,365,audited,excl. ind. audit,los angeles,11,0921,state,psychiatric,state,,(562)863-7011,11400 norwalk blvd.,norwalk,90650,william g. silva,executive director,elisa m. espiritu,state of california,0,05-4133,,,1136,1041,1041,0,0,33945,0,0,1,0,0,247908,281854,0,0,70,0,0,0,0,0,508,578,0,736,0,0,400,0,0,192333,0,0,89521,0,0,395,0,0,183,0,68,74.2,487.6,486.9,0,0,0,0,0,0,0,0,0,0,0,0,0,0,0,0,0,0,0,0,0,0,0,0,144615276,126047438,0,18567838,0,144615276,-126047438,126047438,0,0,0,0,129561427,0,15053849,0,0,0,0,0,0,0,0,0,0,0,0,0,0,0,0,0,0,0,0,5983,0,92603,0,0,0,0,0,0,0,0,0,125948852,0,0,0,0,0,0,0,0,0,0,0,0,0,0,0,0,0,0,0,0,0,0,0,0,0,0,0,0,0,0,0,0,0,0,0,0,0,0,0,0,0,0,0,0,0,0,0,0,0,0,0,0,0,0,0,0,0,0,0,0,0,0,0,0,0,0,0,0,0,0,0,108,0,0,0,0,0,0,0,0,0,0,0,0,0,0,0,0,0,0,0,0,0,0,0,0,0,0,0,,2003
106190534,midway hospital medical center,6/1/2002,5/31/2003,365,audited,excl. ind. audit,los angeles,11,0925,investor,general,comparable,,(323)938-3161,5925 san vicente boulevard,los angeles,90019-6630,ronald stern,ceo,remedios h. maglaya,tenet healthcare corporation,0,05-0477,hsc30477g,hsp30477g,225,225,225,21726,4502,6051,1662,0,395,1109,417,54,35916,2560,1165,437,429,0,101,246,106,16,5060,204,0,0,0,21,0,31154,0,0,0,4762,0,5021,0,0,0,39,0,43.7,43.7,7.1,6.2,0,0,0,5974,4336,2608,2741,0,2494,6635,248,3170,28206,16506,0,0,11977,0,9,108690,258741,872,2890,5269,639416132,577127547,11018457,73307042,269170,66400214,7175998,2209362,3025119,0,0,6360241,124006504,22173149,493236479,281864800,68342142,85778753,25610099,0,5897690,14778374,6215686,799665,489287209,38816339,25345604,12338115,10878825,0,9826040,39179944,1248331,12495725,150128923,284938282,89560673,92947845,35711891,0,0,13641788,45159665,6276273,0,7842446,0,1048684,8451063,2567394,0,0,35742857,12578136,4790594,3344427,0,1171258,4219157,0,11460613,0,0,0,0,542136,0,13792567,2715883,22004761,0,0,0,115507,10241154,4233896,10089403,3207043,19900958,6120190,1831967,6712000,11369070,12607500,1858315,1181046,1588095,13069,3218004,58534297,0,24995880,24914,1460416,25634675,110650182,13568927,0,0,97081255,110650182,4182,13297201,19898586,40748956,15753076,0,0,0,0,0,43302907,0,414,366,225,801541,81248,882789,616,2,48092,153208,168797,22237,90418,142967,40421,14642,111482,9277,299091,44622,210583,0,117168,44148,85929,0,325527,48300,235807,0,130282,47995,94878,0,,2003
106190534,midway hospital medical center,6/1/2003,12/31/2003,214,audited,excl. ind. audit,los angeles,11,0925,investor,general,comparable,,(323)938-3161,5925 san vicente boulevard,los angeles,90019-6630,ronald stern,ceo,remedios h. maglaya,tenet healthcare corporation,0,05-0477,hsc30477g,hsp30477g,225,127,109,13581,3259,4996,132,0,210,973,152,41,23344,1670,745,300,30,0,45,222,33,8,3053,199,0,0,0,26,0,19460,0,0,0,3884,0,3039,0,0,0,14,0,48.5,85.90000000000001,7.6,6.4,0,0,0,8910,3233,3002,1481,0,2829,5613,158,1837,27063,11723,597,0,14276,0,9,126637,201525,1340,2887,3983,404102583,377959128,6974193,33117648,760070,42143490,-8265772,980001,1799013,0,0,-9084784,80374485,13109750,310618348,189050278,40579399,60293740,2763332,0,4329094,25331083,3134502,826279,326307707,24376025,11385678,7902899,3418440,0,7233531,18388084,399405,4690814,77794876,203305710,50264344,62462321,5149802,0,0,9653162,36420793,5344225,0,5011997,0,346774,6974193,0,0,0,10120593,8674926,4256228,1031970,0,1647394,3035242,0,4351295,0,0,0,0,0,0,9322617,1926557,13368817,0,0,0,58500,6095928,2844461,5691895,2834715,12548031,3881960,1046917,4276376,6878329,8143979,1195495,568155,1609772,0,1994476,48818008,0,26122865,98399,1470004,25560346,102069622,15223499,0,0,86846123,102069622,569,13559878,20498844,41611891,15489026,0,0,0,0,0,41816644,0,434,404,224,509399,54178,563577,381,2,31557,98116,111565,22305,58229,86286,24912,6122,67444,2863,204889,30200,128756,0,72474,26155,46925,0,223731,32893,143653,0,81096,28601,53603,0,,2003
106190524,mission community hospital - panorama,7/1/2002,6/30/2003,365,audited,incl. ind. audit,los angeles,11,0905,non-profit,general,comparable,,(818)787-2222,14850 roscoe boulevard,panorama city,91402-4618,william daniel,ceo,roger wang,san fernando community inc.,0,05-0504,hsc30404f,,145,145,145,11796,11,17540,497,0,337,816,839,1305,33141,1964,0,2959,85,0,52,191,205,249,5705,75,60,10,0,0,0,14367,17575,1199,0,0,0,2541,3023,141,0,0,0,62.6,62.6,5.8,5.8,0,0,0,8759,11,2523,3167,0,595,1790,646,1464,18955,12784,0,0,0,0,4,61020,50760,678,846,3198,89281558,59442715,0,29838843,854455,39061348,-8368050,403833,237246,0,0,-8201463,39788677,9090400,40402481,23893674,42715,37150034,2508885,0,637125,1632660,1910031,2614718,70389842,9900682,14961,3137623,2460607,0,387082,1594309,319998,1076454,18891716,20374577,31839,24909963,3962204,-4185116,0,512104,2258878,3660711,0,8117018,-199463,0,0,0,0,0,13419779,25837,13872001,811108,0,512103,968091,199463,30461,0,0,0,41620,0,0,9208129,3464271,8247679,0,0,0,0,7829599,2098515,5536220,2676935,14731108,4335864,0,4285091,4266656,4764292,2771311,485467,373053,1358892,1689614,9608044,4292434,59205235,3867117,1789108,3155580,81917518,8123014,0,33763696,40030808,81917518,102127,54112529,11081288,71323450,12118215,0,0,34595011,34643696,880000,150163,0,561,369,225,735967,66564,802531,246,0,56303,207415,125776,33300,80769,128589,69560,0,34255,0,277832,84788,114955,0,106894,67115,84383,0,299786,93360,123329,0,118913,73671,93472,0,,2003
106301262,mission hospital regional medical center,7/1/2002,6/30/2003,365,audited,incl. ind. audit,orange,13,1017,non-profit,general,comparable,,(949)364-1400,27700 medical center,mission viejo,92691-6426,peter bastone,president/ceo,don leiblein,st. joseph health system,2,05-0567,,zzt30567i,341,341,272,27756,6348,3294,3734,1263,2948,23784,343,940,70410,4603,1275,918,781,248,552,6438,61,277,15153,307,0,0,21,13,0,61066,0,0,5941,3403,0,14321,0,0,472,360,0,56.6,56.6,4.6,4.5,20,6115,2886,17035,4922,1077,3314,1459,22868,47751,136,8504,107066,50526,13486,0,48040,0,9,782531,155111,4322,2771,27974,665504200,462560124,1821399,204765475,7220350,199485270,12500555,11515065,12945938,0,0,11069682,139009715,45641763,480852722,183878226,51370953,15063127,22860730,8788092,27375409,184106295,2129982,9269622,504842436,31558528,7319919,1523103,5307394,1722899,46773445,60279545,275264,5901667,160661764,168814047,12986592,12631704,24262092,0,9049788,40998565,162781261,15335619,0,2398445,0,13302011,1821399,0,0,0,42231357,46329355,3616441,3331868,1461203,31638878,76623146,6801,-473574,0,-1216756,243439,-289477,0,0,38082552,7377318,72974489,232527,887114,0,15978,29606115,9660522,27809259,12839396,67835716,24438637,1197751,16091012,38934545,28272919,8439678,1684356,2437078,5788021,4365557,69444337,13917346,117612819,12416784,15246936,16848791,245487013,61879431,0,118855108,64752474,245487013,21414417,87026714,50920545,176586114,58973295,0,0,122379643,122379643,3524535,0,12657333,1900,1436,535,2834222,363987,3198209,285,1,337365,621179,663617,16875,266568,434488,281957,663,165247,46263,814922,150363,735440,0,571835,206008,298728,56926,927441,173434,836030,0,636068,228010,334218,63008,,2003
106500954,modesto rehabilitation hospital,5/1/2002,4/30/2003,365,audited,excl. ind. audit,stanislaus,06,0511,investor,general,comparable,,(209)549-4105,730 17th st,modesto,95354-1706,cheryl rice,administrator,tammy bowe,ocadian care centers,0,05-3036,hsc33036f,,100,100,100,9127,0,8088,0,0,807,6457,0,3875,28354,526,0,159,0,0,20,623,0,5,1333,0,0,0,36,64,0,0,0,0,6378,21976,0,0,0,0,447,886,0,77.7,77.7,21.3,14.3,0,0,0,2645,0,1107,0,0,6788,1518,0,233,12291,0,12291,0,0,0,0,0,0,0,0,0,42465116,27829341,0,14635775,761616,15134563,262828,4904,0,0,-547794,815526,21465536,1229386,19770194,13616005,0,10333350,0,0,1064934,8615657,0,6156848,39786794,548509,0,197917,0,0,1587780,146381,0,197735,2678322,8940405,0,6847597,0,-57964,0,1552304,6325287,124411,0,0,0,4097301,0,0,0,0,5224109,0,3741634,0,0,1100410,2436751,0,2132871,0,0,0,4904,0,0,4384323,376206,3543831,0,0,0,0,1996337,403157,3767034,663675,7381785,2469910,298267,28144,1180245,2503414,244943,137009,169271,33744,687831,3104254,0,2826098,0,0,0,5930352,7375566,0,0,-1445214,5930352,1353,3641059,905226,4546285,1720187,0,0,0,0,0,0,6191328,260,193,101,369485,32997,402482,154,0,38111,77692,23902,55208,102554,34065,21516,15938,499,0,163054,11164,76045,0,39822,14445,64955,0,176814,12405,82841,0,43023,15931,71468,0,,2003
106250956,modoc medical center,7/1/2002,6/30/2003,365,audited,excl. ind. audit,modoc,01,0201,city/county,general,comparable,small/rural,(530)233-5131,228 mcdowell street,alturas,96101-4132,teresa jacques,administrator,tracy moziak addleman,county of modoc,0,05-0430,,hsp30430h,87,87,87,704,0,16777,0,17,56,0,0,1495,19049,108,0,122,0,2,30,0,0,20,282,16,0,0,0,71,0,519,0,0,0,18530,0,201,0,0,0,81,0,60,60,67.5,2.6,8,83,42,8914,0,10059,0,1439,9999,0,3,3585,33999,2071,11040,0,21793,0,1,320,440,7,18,0,11087840,3260843,0,7826997,181265,8260986,-252724,225221,12209,0,0,-39712,4374008,1978706,4735126,1005795,0,3809658,0,43889,217752,0,0,365136,5442230,2252127,0,1073957,0,235581,1588522,0,6623,488800,5645610,1830752,0,655591,0,-2524,5808,344166,0,258369,0,0,0,168681,0,0,0,0,1427170,0,4230548,0,273662,1462108,0,6623,426886,0,0,0,225072,0,0,2402460,1423798,1396580,0,0,0,0,1395843,566592,752844,322869,3214785,1415939,668768,545238,906146,649227,224223,42127,156540,47162,390831,1928057,327594,1950748,11737,0,0,4218136,4738965,0,0,-520829,4218136,0,3297489,1762940,5159957,3209209,0,0,95843,95843,95843,0,0,185,115,45,229270,22609,251879,26,0,25006,11912,15996,11364,50376,31362,40603,30592,11875,184,88033,25838,15261,0,61158,22655,16325,0,95215,27943,16939,0,67801,25264,18717,0,,2003
106190547,monterey park hospital,6/1/2002,5/31/2003,365,audited,excl. ind. audit,los angeles,11,0913,investor,general,comparable,,(626)570-9000,900 s atlantic blvd,monterey park,91754-4716,phil cohen,ceo,sandy buranathawon,tenet healthcare corporation,0,05-0591,hsc30591h,hsp30591h,101,101,101,9121,1159,10765,4185,0,50,1278,41,105,26704,1490,712,2712,3314,0,48,614,17,41,8948,101,0,0,0,0,0,26704,0,0,0,0,0,8948,0,0,0,0,0,72.40000000000001,72.40000000000001,3,3,8,5522,2758,4898,1347,4415,5685,0,106,4296,29,1078,21854,11455,0,0,10567,0,3,158220,115120,1933,1899,3577,355115851,311624094,6434321,49926078,221091,41363632,8783537,60322,73433,0,0,8770426,55500135,8826038,290789678,102151189,15116236,104670863,29422996,0,752606,20714026,2114682,1580606,276523204,21904223,4356486,22489809,16110161,0,304366,11290614,280187,1856801,78592647,105336259,16888489,102047020,42527872,-3660972,0,916701,27123892,2891873,0,17214457,0,338503,0,6434321,0,0,18719153,2584233,14002092,9392550,0,140271,4880748,0,207031,0,-8123832,0,0,0,0,8029739,1423295,12266389,0,0,0,253626,6561260,2326355,8193992,2308976,16121183,4533421,1194433,864032,5395408,8913442,1143457,477375,1072261,5154,1643466,17093516,0,20941618,37148,0,1131954,39204236,5917166,0,0,33287070,39204236,234661,16607941,13595626,38007518,17065900,0,0,0,130965,130965,0,0,373,339,225,650438,69211,719649,401,6,48723,91228,175183,55793,92651,131701,34335,5826,14592,406,239742,24484,198701,2296,60103,45595,79517,0,267187,27286,220148,2360,65648,50603,86417,0,,2003
106190547,monterey park hospital,6/1/2003,12/31/2003,214,audited,excl. ind. audit,los angeles,11,0913,investor,general,comparable,,(626)570-9000,900 s atlantic blvd,monterey park,91754-4716,phil cohen,ceo,sandy buranathawon,tenet healthcare corporation,0,05-0591,hsc30591h,hsp30591h,101,101,101,5188,592,5457,2503,0,21,842,18,116,14737,1036,110,1807,571,0,7,161,8,38,3738,101,0,0,0,0,0,14737,0,0,0,0,0,3738,0,0,0,0,0,68.2,68.2,3.9,3.9,8,3065,1514,2686,822,2868,3718,0,83,2505,74,577,13333,7476,0,0,6138,0,3,82191,67715,989,1070,2317,202761308,181499956,4273061,25534413,120431,25655171,-327,44886,43958,0,0,601,30845055,5398787,166517466,63469302,8568425,50320769,17240065,0,325993,13886146,281058,1785321,155877079,12163845,2806268,13582498,10325255,0,235400,6057058,235140,1478765,46884229,66171516,9729562,50835342,25591480,-1441194,0,480198,19189666,2522790,0,7882235,0,538361,0,4273061,0,0,9461631,1645131,7144624,6245359,0,81195,753538,0,202935,0,-4756730,0,0,0,0,5166247,911920,7587432,0,0,0,165169,4035304,1743570,4911684,1133845,10207690,3157173,835495,697088,2837803,5653748,692906,201741,556547,468,814512,13399604,0,20779379,76239,0,1047588,35302810,6771869,0,0,28530941,35302810,98969,16651658,10946300,35401909,14622530,0,0,0,0,0,0,0,376,374,234,414062,48531,462593,401,4,26865,66136,115915,35724,53733,82595,21532,5483,6000,79,151042,15960,130818,1788,36795,28504,49155,0,167244,18279,147222,1988,40766,33234,53860,0,,2003
106334048,moreno valley community hospital,7/1/2002,6/30/2003,365,audited,incl. ind. audit,riverside,12,1109,district,general,comparable,,(909)243-0811,27300 iris avenue,moreno valley,92555-0000,susan ballard,ceo,antonio saldana,valley health system,0,05-0694,hsc30694f,hsp30694f,101,72,72,7066,1514,4801,1486,4,846,2647,0,579,18943,1213,460,1532,550,2,295,981,0,99,5132,101,0,0,0,0,0,18943,0,0,0,0,0,5132,0,0,0,0,0,51.4,72.09999999999999,3.7,3.7,18,2448,1428,3206,590,10053,4964,78,2635,5613,0,2759,29898,22561,2244,0,6722,0,3,102465,74100,1048,1057,4228,122550158,89594667,0,32955491,49626,35866941,-2861824,313186,0,0,0,-2548638,29875381,19834830,72839947,34860078,8016827,19408920,5732977,22643,4064005,13165316,0,2803309,88074075,4928643,1173191,8860579,4820154,59655,3498764,7672529,0,3462568,34476083,26896630,6450348,23014974,8929539,0,40368,4551420,14038884,5671574,0,930,0,0,0,0,0,0,12892091,2739670,5254525,1623592,41930,3011349,6798961,0,593373,0,-17817,0,251090,0,0,7008230,2442898,12391566,0,0,0,0,5266693,1031268,3703631,4022655,11739835,3250867,45192,3636373,5290862,5940151,1711905,195490,175782,2686653,1193831,11156797,5336578,22617556,1099961,47995,612123,40871010,5564059,0,34809208,497743,40871010,984990,34230832,11503517,47548225,24930669,0,623202,34648056,35271258,462050,0,72338,350,269,182,610415,38587,649002,144,0,19554,136950,164533,9693,63059,80964,46380,0,72495,16787,203908,65824,184855,0,88723,24225,42880,0,214558,69534,197672,0,94552,25878,46808,0,,2003
106190552,motion picture & television hospital,1/1/2003,12/31/2003,365,audited,incl. ind. audit,los angeles,11,0905,non-profit,general,comparable,,(818)876-4160,23388 mulholland drive,woodland hills,91364-2733,david tillman md,president/ceo,kathie dapello,mptf corp,0,05-0552,hsc30552f,zzt05034f,405,387,366,8718,0,45508,0,0,0,1773,0,51513,107512,759,0,151,0,0,0,473,0,133,1516,61,0,0,22,167,155,3749,0,0,1571,60321,41871,1077,0,0,197,225,17,72.7,76.09999999999999,70.90000000000001,4.2,0,0,0,16362,0,16,0,0,0,110495,0,6738,133611,0,132343,0,0,0,4,40732,110304,292,1268,1379,78202368,26864903,0,51337465,727610,75658070,-23592995,7588108,3852197,0,0,-19857084,23240417,5022597,49939354,10290310,0,14628888,0,0,0,4953919,0,7306851,37179968,4506678,0,5013,0,0,0,31807976,0,4702733,41022400,6342814,0,3802800,0,0,0,0,10679261,0,0,577493,0,5462535,0,0,0,0,8454174,0,10831101,0,0,0,26082634,0,5969556,0,0,0,4081276,0,0,12429642,9549144,16370302,0,168519,0,0,20270778,3024190,7639613,6205882,26330109,10631514,58861,5089723,13174151,4905580,6534116,903254,174073,3417615,4439074,162966386,0,60067200,1564641,2320657,0,226918884,14363717,0,69137637,143417530,226918884,3491321,72977688,38618302,124421014,64353814,0,126443,67920000,70886647,1749010,25017724,0,0,676,175,1299766,171617,1471383,146,0,80736,154905,57277,93917,185758,252151,320016,88792,27960,38254,301661,202442,132930,0,345188,73336,91790,152419,344191,225941,150771,0,388588,81768,102492,177632,,2003
106361266,mountains community hospital,7/1/2002,6/30/2003,365,audited,incl. ind. audit,san bernardino,12,1209,district,general,comparable,small/rural,(714)992-1525,29101 hospital road,lake arrowhead,92352,james hoss,ceo,ruth turner,san bernadino mountains community hospital district,0,05-1312,,hsp30260i,35,35,24,888,98,5601,5,0,362,144,0,643,7741,143,23,110,2,0,129,55,0,33,495,17,0,0,0,18,0,1103,0,0,0,6638,0,434,0,0,0,61,0,60.6,60.6,15.6,2.5,3,197,108,3952,279,7926,194,0,8505,2900,0,2128,25884,7160,4253,0,14464,0,2,9296,16550,102,150,0,17551902,8620882,0,8931020,223687,11064459,-1909752,2671052,5207,0,0,756093,2887144,3388168,11276590,1886447,183309,2752928,16740,0,879161,431894,0,382755,6533234,1631232,275110,2342740,123154,0,2906194,2208787,0,1531451,11018668,1410999,216945,2245193,62565,-38020,0,2442779,1434048,739908,0,0,0,106465,0,0,0,0,2106680,241474,2888495,77329,0,1246102,1206633,0,1164307,0,0,226702,50010,2388375,0,1408231,1325537,3201370,0,0,0,0,1958398,910282,1485549,775092,4351843,1466364,427718,582945,1094335,1071166,711653,134716,70273,338180,815266,6279616,0,5765692,221086,548129,0,12814523,1843847,17267,4336743,6616666,12814523,3710217,5895663,4211240,11438691,5672999,0,0,4406456,4431743,95000,0,0,145,107,53,211985,17005,228990,11,0,31222,30902,21536,18717,22719,59455,15920,4626,0,6888,48684,31653,46796,0,37392,27572,19678,210,51974,33358,51090,0,41162,29505,21691,210,,2003
106071018,mt diablo medical center,1/1/2003,12/31/2003,365,audited,incl. ind. audit,contra costa,05,0411,non-profit,general,comparable,,(925)682-8200,2540 east street,concord,94520,j. kendall anderson,president/ceo,laura colton,john muir/mt. diablo health system,0,05-0496,hsc00496f,,241,184,184,23013,7181,2914,673,13,1030,12332,235,918,48309,4556,1416,573,130,3,203,2357,42,165,9445,241,0,0,0,0,0,48309,0,0,0,0,0,9445,0,0,0,0,0,54.9,71.90000000000001,5.1,5.1,0,0,0,60039,21425,7832,10505,0,10354,128150,3188,12452,253945,43847,8572,0,212715,0,8,507668,199431,2676,2562,9638,797161238,618389756,564627,179336109,3475961,179165800,3646270,4787552,4185328,0,0,4248494,224856624,43531033,528773581,278779712,79024710,31838465,9740274,274400,17118874,183880771,2871597,11222621,614751424,46206852,16255590,4485765,5838184,0,7028167,92936908,1967820,7690528,182409814,269068261,78379446,31069764,11716431,0,235668,16117871,184772612,19414061,0,4839417,0,2776225,46799,0,0,517828,55918303,16947653,5254466,3862027,38732,4752033,92562895,0,0,0,-10433497,0,190612,0,0,37987462,12666713,71316220,0,339992,26667,0,27619206,3705450,15750813,9753277,58727654,34398190,4213354,8366316,31277275,23942897,10751072,737642,823077,2546222,3382101,36332199,2761171,78790186,2101246,2504758,0,122489560,36602899,0,76534052,9352609,122489560,0,113204416,83685526,204607884,125817698,5646347,854825,70940015,77441187,907135,0,0,1296,911,455,1648146,345368,1993514,275,0,87967,429195,487390,24298,149716,142140,211024,17332,96139,2945,528015,132338,565496,0,322678,0,99619,0,648958,162371,679703,0,382919,0,119563,0,,2003
106074039,mt diablo medical pavilion,1/1/2003,12/31/2003,365,audited,incl. ind. audit,contra costa,05,0411,non-profit,psychiatric,comparable,,(925)680-6500,2740 grant street,concord,94520-2265,elizabeth stallings,coo,denise warmsley,john muir/mt. diablo health system,0,05-4131,,hsp34131f,73,71,71,2394,0,2187,0,0,481,12423,0,168,17653,350,0,295,0,0,72,1785,0,35,2537,0,65,8,0,0,0,0,15792,1861,0,0,0,0,2119,418,0,0,0,66.3,68.09999999999999,7,7,0,0,0,631,0,62,0,0,62,8700,0,262,9717,0,0,0,0,0,0,0,0,0,0,0,27148315,11951463,0,15196852,315786,15210387,302251,7170,0,0,0,309421,20330512,4608061,2209742,3582375,0,2421499,0,0,525738,15774912,0,233872,22538396,289372,0,29326,0,0,28160,4144677,0,118384,4609919,1159613,0,1205362,0,0,0,32640,8737556,325471,0,249534,0,241287,0,0,0,0,2408616,0,1208153,0,0,486574,10998942,0,94567,0,0,0,7170,0,0,6766353,898648,1000549,0,0,0,0,2630886,1168011,2279127,466813,7222855,2909753,898435,546466,922214,1854020,140528,397179,0,0,318937,4693813,0,764529,125338,0,0,5583680,7059710,0,0,-1476030,5583680,808024,0,1404993,2067962,1303433,0,0,0,0,0,0,0,161,132,78,256912,32195,289107,12,0,25894,90102,52874,10724,0,38826,16071,8607,6014,7800,147881,20079,0,0,43878,23639,21435,0,166034,22268,0,0,49066,27361,24378,0,,2003
106281266,napa state hospital,7/1/2002,6/30/2003,365,audited,excl. ind. audit,napa,03,0407,state,psychiatric,state,,(707)253-7000,box a,imola,94558,dave graziar,executive director,jean howard,state of california,0,05-4122,,,1362,1230,1116,131,0,2531,0,0,693,0,0,381060,384415,0,0,4,0,0,0,0,0,411,415,0,151,0,0,1211,0,0,8157,0,0,376258,0,0,9,0,0,406,0,77.3,85.59999999999999,926.3,906.3,0,0,0,0,0,0,0,0,0,0,0,0,0,0,0,0,0,0,0,0,0,0,0,0,171265849,167231764,0,4034085,0,171265849,-167231764,167231764,0,0,0,0,155036116,0,16229733,0,0,0,0,0,0,0,0,0,0,0,0,0,0,0,0,0,0,0,0,3366,0,35618,0,0,0,8423,0,0,0,0,0,167184357,0,0,0,0,0,0,0,0,0,0,0,0,0,0,0,0,0,0,0,0,0,0,0,0,0,0,0,0,0,0,0,0,0,0,0,0,0,0,0,0,0,0,0,0,0,0,0,0,0,0,0,0,0,0,0,0,0,0,0,0,0,0,0,0,0,0,0,0,0,0,0,88,0,0,0,0,0,0,0,0,0,0,0,0,0,0,0,0,0,0,0,0,0,0,0,0,0,0,0,,2003
106274043,natividad medical center,7/1/2002,6/30/2003,365,audited,incl. ind. audit,monterey,08,0705,city/county,general,comparable,,(831)755-0200,1441 constitution boulevard,salinas,93906,charles jervis,interim ceo,juan polanco,county of monterey,0,05-0248,,zzr00248f,163,159,159,5179,0,7812,12250,1507,7503,0,72,1106,35429,1029,0,2686,2184,396,1888,0,20,211,8414,117,22,0,0,24,0,23644,4732,0,0,7053,0,7326,928,0,0,160,0,59.5,61,4.2,3.4,18,5241,2687,28199,0,26187,66447,19564,60655,0,6249,23786,231087,14739,193445,0,18863,0,7,132176,115204,4699,4040,6794,276422045,183711833,1568729,94278941,1846951,123382578,-27256686,16815129,0,0,-5575556,-4866001,139358597,12189508,124873940,25706708,0,71838303,53435321,12221279,37503612,0,635542,6483965,207824730,8513614,0,7888072,19651986,6043137,17072268,0,1950663,7477575,68597315,21376563,0,45737896,49487783,-1206815,18980252,35277242,0,12188543,0,2586205,-715836,0,0,1568729,0,0,12843759,0,35195294,25168253,0,19298638,0,0,1772997,0,0,0,57116,0,3686373,19436825,15058217,33675393,0,0,0,1613768,18200308,4705323,13983675,16709069,43281945,11481615,12011993,8214003,11229005,12442943,5217116,2033661,935375,6194026,10340896,30934869,0,132656249,2615276,8385228,0,174591622,51337352,0,93883678,29370592,174591622,231293,150822453,22810775,175188798,42532549,0,47649,84115000,95167902,1284224,0,0,855,824,327,1587076,208427,1795503,251,24,106117,195844,339230,58999,183041,359108,183929,80246,77052,3510,378613,236196,357784,47510,282172,98412,186389,0,422223,270329,403269,52505,317433,113313,216431,0,,2003
106281297,nelson m holderman memorial hospital,7/1/2002,6/30/2003,365,audited,excl. ind. audit,napa,03,0407,state,general,state,,(707)944-4541,veteran's home of california,yountville,94599,marcella m. mc cormack,administrator,david s. kornblum cpa,state of california,0,,,hsp03066f,809,425,406,2613,0,18139,0,16,327071,0,0,0,347839,219,0,78,0,2,1223,0,0,0,1522,28,6,0,0,775,0,1370,0,0,0,346469,0,313,0,0,0,1209,0,117.8,224.2,228.5,4.4,0,0,0,27188,0,20802,0,0,26165,0,0,0,74155,0,21929,0,52163,0,3,156,5868,9,287,13,56502045,32995678,0,23506367,165262,69923563,-46251934,46251934,0,0,0,0,44830807,1605740,10065498,0,0,0,0,0,0,0,0,0,0,0,0,0,0,0,0,0,0,0,0,718908,0,2184479,0,0,199,30092092,0,0,0,0,0,0,0,0,0,0,0,0,0,0,0,0,0,0,0,0,0,0,0,0,0,0,0,0,0,0,0,0,0,0,0,0,0,0,0,0,0,0,0,0,0,0,0,91452694,0,13100792,0,0,0,104553486,83872959,0,0,20680527,104553486,5115010,39328601,14158292,53670373,40569581,0,0,0,0,0,0,0,0,0,0,0,0,0,65,0,0,0,0,0,0,0,0,0,0,0,0,0,0,0,0,0,0,0,0,0,0,0,0,0,0,0,,2003
106301304,newport bay hospital,5/1/2002,4/30/2003,365,audited,excl. ind. audit,orange,13,1016,investor,psychiatric,comparable,,(949)650-9750,1501 east 16th street,newport beach,92663-5924,james e. parkhurst,president/ceo,reid fujinaga,james e. parkhurst,0,05-4135,,,34,34,34,6870,0,0,0,0,130,0,0,0,7000,505,0,0,0,0,20,0,0,0,525,0,34,0,0,0,0,0,7000,0,0,0,0,0,525,0,0,0,0,56.4,56.4,13.3,13.3,0,0,0,0,0,0,0,0,0,0,0,0,0,0,0,0,0,0,0,0,0,0,0,0,8843109,2181942,0,6661167,585,6821857,-160105,0,0,0,0,-160105,8082690,0,760419,8591893,0,0,0,0,251216,0,0,0,8843109,0,0,0,0,0,0,0,0,0,0,2040550,0,0,0,0,0,141392,0,0,0,0,0,0,0,0,0,0,6551343,0,0,0,0,109824,0,0,0,0,0,0,0,0,0,3697640,0,329067,0,0,0,0,647227,277229,1090481,780213,919874,229621,0,4070604,392031,210249,9734,754940,20979,29500,184325,1771167,0,92322,0,0,0,1863489,1765560,0,1588433,-1490504,1863489,1017352,0,296835,316908,224586,0,0,0,1588433,0,0,195323,25,23,31,72804,1113,73917,22,0,12866,0,0,0,0,18669,14229,0,27040,0,27040,0,0,0,21977,9379,14408,0,27040,0,0,0,22252,9533,15092,0,,2003
106481357,north bay medical center,1/1/2003,12/31/2003,365,audited,incl. ind. audit,solano,03,0408,non-profit,general,comparable,,(707)429-3600,1200 b gale wilson blvd,fairfield,94533-3552,deborah sugiyama,president,william dean,northbay healthcare system,0,05-0367,,zzr00367f,132,100,100,8798,2354,1831,5186,1036,1235,3985,161,44,24630,1429,370,666,1302,260,363,1128,32,27,5577,121,0,0,0,11,0,22132,0,0,0,2498,0,5363,0,0,0,214,0,51.1,67.5,4.4,4.1,10,2581,1424,27700,4164,7265,15684,3111,54585,19126,205,5105,136945,33329,7749,13312,87144,1683,4,127860,103161,1006,1361,5594,401975377,311116214,14892523,105751686,925500,113959000,-7281814,3551235,1158726,0,0,-4889305,83227055,55842060,262906262,86029688,20564370,17143228,49615450,11813756,14905898,44651656,1718308,834163,247276517,35933924,10161282,6655886,25565410,8094471,22893900,35004452,945947,9443588,154698860,102201094,29770194,12708118,68615274,0,17432409,5466358,59222411,10531662,0,4731248,-7854,445300,4139277,6081947,1931327,2739972,19646268,4888114,10416766,11344463,4366233,30860958,22636011,7855,1585018,0,5418525,0,1941211,0,0,17613658,9725354,38102610,4523010,0,0,0,16777774,6748472,16566546,3901576,37901951,15953954,3736401,7359012,13120326,25190590,3436256,1648861,315912,1506078,3789659,27299662,30675637,35759423,3429871,1774275,745960,99684828,21816613,0,30831862,47036353,99684828,6090221,44136656,30354457,81232994,45473571,0,0,32219104,32219104,1387242,0,0,888,673,367,1355583,160133,1515716,173,0,45267,343130,357609,8369,51010,291549,142054,0,82315,34280,332975,172601,411272,0,234723,80418,123594,0,370154,191447,463997,0,260507,88502,141109,0,,2003
106454012,northern calif rehabilitation hospital,5/1/2002,4/30/2003,365,audited,excl. ind. audit,shasta,01,0209,investor,general,comparable,,(530)246-9000,2801 eureka way,redding,96001-1706,christine jones,administrator,tammy staeden,ocadian care centers,0,05-0699,hsc30699g,hsp30699g,88,88,88,20646,0,688,0,0,207,0,0,1900,23441,1208,0,35,0,0,23,0,0,134,1400,0,0,0,38,50,0,0,0,0,7280,16161,0,0,0,0,423,977,0,73,73,16.7,17.2,0,0,0,1562,0,758,0,0,1049,0,0,1535,4904,0,1149,0,3755,0,0,0,0,0,0,0,39045272,25602032,0,13443240,84066,13673812,-146506,896,0,0,0,-145610,15260781,543391,23241100,30522482,0,1305360,0,0,310033,0,0,3356754,35494629,1411735,0,462485,0,0,467566,0,0,1208857,3550643,21051963,0,1235525,0,0,0,400245,0,68271,0,0,0,2846028,0,0,0,0,10882254,0,532320,0,0,377354,0,0,1651312,0,0,0,896,0,0,4050648,316488,3530952,0,0,0,0,2098128,192633,2747462,737501,6254365,2316010,253434,80054,1487967,1980946,253263,130890,145084,176319,595480,1979471,0,2762832,66157,0,0,4808460,7447053,0,0,-2638593,4808460,0,3393072,751128,4144200,1381368,0,0,0,0,0,0,4732979,219,173,101,328427,31894,360321,94,0,41014,52227,24107,41486,76140,42314,19511,30619,1009,0,145638,6405,75246,0,40698,9531,50909,0,157380,7640,82718,0,44814,10958,56811,0,,2003
106141273,northern inyo hospital,7/1/2002,6/30/2003,365,audited,incl. ind. audit,inyo,12,1203,district,general,comparable,small/rural,(760)873-5811,150 pioneer lane,bishop,93514-2556,john halfen,ceo/cfo,richard w. lakey,northern inyo county local hospital district,0,05-0015,,zzt30015f,32,32,32,1456,5,547,4,115,149,564,7,109,2956,360,3,214,2,33,55,236,3,46,952,32,0,0,0,0,0,2956,0,0,0,0,0,952,0,0,0,0,0,25.3,25.3,3.1,3.1,6,453,175,17829,86,5017,163,1952,5469,15553,53,3187,49309,6762,7823,0,32395,0,2,34170,57269,355,1031,2832,38853876,13628621,0,25225255,230684,25494820,-38881,1148807,163,0,0,1109763,3530815,4355741,30967320,6949004,33939,2246878,11617,750591,1044742,3190993,59670,404201,14691635,9873991,63699,1902995,47575,823995,2519968,7948828,33049,948141,24162241,9416772,87080,1652198,16513,0,753639,513468,442357,369687,0,64148,0,312759,0,0,0,0,7406223,10558,2497675,42679,820947,2986642,10577465,28571,854495,0,0,288223,384011,440036,0,3412226,2704889,9859522,0,0,0,0,4666302,1611426,2283040,957415,10709481,5491294,1285480,789573,2944744,1124832,1556551,78273,107888,466303,940401,13502953,2871050,10724130,260784,3624021,181430,31164368,5713622,9022,9653849,15787875,31164368,7124461,6702942,15319164,22794568,12070438,0,2003855,8230000,10233855,580006,0,0,302,256,96,495557,38773,534330,29,0,59787,102828,92860,12367,14530,120227,61414,29418,0,2126,83108,45940,146042,0,110036,60245,50186,0,89878,48728,157137,0,117502,65194,55891,0,,2003
106190568,northridge hospital medical center,7/1/2002,6/30/2003,365,audited,excl. ind. audit,los angeles,11,0905,non-profit,general,comparable,,(818)885-8500,18300 roscoe boulevard,northridge,91324-4105,michael wall,president/ceo,james saurenmann,catholic healthcare west,2,05-0116,hsc30116f,zzt30116f,426,420,420,22624,6369,17855,5714,0,1725,33065,554,607,88513,3398,938,3530,1381,0,264,5648,91,111,15361,299,46,0,26,55,0,66026,11287,0,7226,3974,0,13217,1552,0,299,293,0,56.9,57.7,5.8,5.6,16,5394,2662,19945,8075,15757,14179,0,7594,78229,2331,9641,155751,54375,16390,0,50155,8109,14,544551,505045,3812,5757,20385,813374917,648939607,32505341,196940651,2627760,196827231,2741180,3350151,3704593,0,0,2386738,212752151,30136485,570486281,176024181,66649808,114457663,30564489,0,13021553,191642013,7181560,3986363,603527630,44435196,15684745,18726574,15682203,0,20933871,75601410,1982693,16800595,209847287,216766503,27634491,111133589,28550687,0,0,12392903,215282196,8398535,2620549,3760127,-29458,22429485,18753807,3372107,0,10379427,2372818,73453869,21790312,21068112,0,16782389,52201337,0,9271814,0,0,0,-357911,0,0,38163540,9269819,64502916,20769591,0,21742,2624538,23911194,7861832,20443937,9258122,61173288,28425869,1972486,15768411,27606734,42703410,8532169,1537335,1688916,1778381,5640232,51059139,0,87119419,5852304,54926,0,144085788,53356774,2047000,33682221,54999793,144085788,119364,91079330,30309050,123334003,36214584,0,0,35535856,35535856,1853635,0,488021,1540,1284,672,2908307,318166,3226473,238,22,230073,712353,606974,98975,293368,341150,21691,47500,40687,515536,897063,171409,683595,61325,557422,200457,290999,46037,1021109,190120,773205,63792,580943,215717,329369,52218,,2003
106190810,northridge hospital medical ctr-sherman,7/1/2002,6/30/2003,365,audited,excl. ind. audit,los angeles,11,0905,non-profit,general,comparable,,(818)997-0101,14500 sherman circle,van nuys,91405-3052,jerry conway,president/ceo,james saurenmann,catholic healthcare west,0,05-0299,hsc30299j,zzt30299j,209,209,209,14279,2435,16042,2851,0,1301,4563,323,261,42055,2446,540,3782,739,0,153,942,60,57,8719,108,63,0,0,38,0,26055,11228,0,0,4772,0,4738,3445,0,0,536,0,55.1,55.1,4.8,4.6,11,5511,2417,5943,699,12846,11449,0,2785,9425,16,11165,54328,28872,9812,0,18849,1209,5,115290,178655,1240,2443,4724,250474464,196539816,1614548,55549196,1243485,65213603,-8420922,2563737,1932299,0,0,-7789484,87477180,8874373,154122911,61087705,5712467,70128893,16862300,0,8585238,22187184,980138,710400,186254325,12087620,1129126,12725041,12717589,0,2171422,17381752,15969,5991620,64220139,54212199,9767603,70961322,24266968,-3007551,0,1157616,34974343,3375208,0,414472,-10725,428361,967258,0,0,647290,18508148,-1958752,11892612,8320472,0,9183403,3950377,0,5652936,0,0,937650,-234900,0,0,16926265,4371848,15986354,1373246,0,1562063,91427,9311916,3665518,9332121,2592845,27240257,12282592,1078531,1610945,7027036,10324224,2099669,682091,534232,326089,2007937,17548864,0,19453749,233502,72388,0,37308503,26623701,440000,4957519,5287283,37308503,645074,22603204,7513027,31862573,12408824,0,0,5212855,5212855,255336,130105,30008,765,582,218,1092338,134783,1227121,303,2,102536,263365,258674,68321,116979,125661,98606,40662,15283,2251,384600,89154,220462,32686,187950,62721,114765,0,435196,98731,247388,36106,210794,70151,128755,0,,2003
106214034,novato community hospital,1/1/2003,12/31/2003,365,audited,excl. ind. audit,marin,04,0405,non-profit,general,comparable,,(415)209-1300,180 rowland way,novato,94945,anne hosfeld,coo,jean johnson,sutter health,0,05-0131,hsc00131g,,47,47,25,4912,0,730,0,154,67,2578,0,258,8699,1074,0,165,0,40,14,637,0,67,1997,47,0,0,0,0,0,8699,0,0,0,0,0,1997,0,0,0,0,0,50.7,50.7,4.4,4.4,0,0,0,34206,0,5808,0,1910,1078,81110,0,6292,130404,14116,5904,0,109771,0,2,78240,138053,766,2038,5946,119723396,77387447,50708,42386657,494529,40422117,2459069,1368829,992625,0,0,2835273,21229231,11200296,87293869,33846435,0,5028731,0,1204489,863603,19075976,0,1920188,61939422,15801552,0,2874576,0,916247,528318,34559582,0,3103699,57783974,38599370,0,6173707,0,0,1986033,69109,25452708,2318650,0,619240,0,2168630,0,0,0,50708,9957053,0,1046967,0,105915,1262574,26877733,0,3136415,0,11100562,0,97754,0,0,5786015,3554467,13430879,0,0,0,0,6995706,1791955,5274133,3588962,12097989,5898952,1555074,1565433,4220608,7097758,3859830,559115,434883,1373521,1758954,12155744,0,60101993,250787,213422,1046427,73768373,5576182,0,30912623,37279568,73768373,1974824,50669350,14969810,73762286,13660293,0,0,30912623,30912623,0,212040,1396473,290,197,83,388313,45308,433621,63,0,24935,85236,85479,8416,17267,82881,38610,22364,13325,9800,93708,34023,123482,0,71017,19515,46568,0,103784,38581,139811,0,78346,20616,52483,0,,2003
106500967,oak valley district hospital,7/1/2002,6/30/2003,365,audited,excl. ind. audit,stanislaus,06,0511,district,general,comparable,small/rural,(209)847-3011,350 south oak avenue,oakdale,95361-3519,john friel,ceo,tammy staeden,oak valley district hospital,0,05-0067,hsc00067f,zzr00067f,150,150,150,7982,2101,31664,210,0,632,1780,0,1339,45708,690,305,399,63,0,287,448,0,69,2261,35,0,0,0,115,0,7050,0,0,0,38658,0,1928,0,0,0,333,0,83.5,83.5,20.2,3.7,0,0,0,13571,5678,26229,7669,0,9759,18316,1031,12747,95000,20134,29216,0,46218,0,2,83012,66641,446,570,1935,85423490,52754025,0,32669465,1093328,33013910,748883,612447,0,0,0,1361330,17510320,17882034,50031136,13831612,6301583,9471181,936009,0,1985347,8257981,0,1147796,41931509,7702444,2769303,10977970,3403471,0,4367563,8408442,485438,5377350,43491981,15284806,6263795,12693181,2676622,-467699,0,1081590,8914261,3517517,0,572540,0,2217412,0,0,0,0,6249250,2807091,8150768,1648657,0,5271320,7752162,0,790217,0,0,0,546695,0,0,9677274,5002773,7459476,0,0,0,0,3900680,1801179,4025190,1147338,13420546,6358817,1255442,2078561,3376973,2235212,1374007,1050747,425711,0,1437894,12078094,13079403,8829830,1008844,846027,0,35842198,4599535,4536657,0,26706006,35842198,3514827,10409156,10819548,22791352,13961522,0,0,0,0,0,0,0,523,360,192,704960,56990,761950,27,0,51788,202522,92115,28201,115416,119717,34631,46641,13929,0,269335,136122,86409,0,87875,59962,65257,0,289174,146403,94196,0,95883,65108,71186,0,,2003
106334457,oasis psychiatric health facility,1/1/2003,12/31/2003,365,audited,excl. ind. audit,riverside,12,1103,investor,psychiatric,phf,,(760)863-8664,47-915 oasis street,indio,92201,steve harmon,administrator,bruce wright,oasis rehabilitation center  inc.,0,,,,50,50,50,0,0,0,0,0,0,0,0,16562,16562,0,0,0,0,0,0,0,0,711,711,0,16,0,0,0,34,0,4890,0,0,0,11672,0,591,0,0,0,120,90.8,90.8,23.3,8.300000000000001,0,0,0,0,0,0,0,0,0,0,0,0,0,0,0,0,0,0,0,0,0,0,0,0,5529701,0,0,5529701,11078,5251591,289188,1126,0,580,0,289734,5529701,0,0,0,0,0,0,0,0,0,0,5529701,5529701,0,0,0,0,0,0,0,0,0,0,0,0,0,0,0,0,0,0,0,0,0,0,0,0,0,0,0,0,0,0,0,0,0,0,0,5529701,0,0,0,1126,0,0,3192742,0,0,0,0,0,0,729636,98446,1145082,85685,2627709,630432,0,824127,498892,216052,5139,425256,85685,0,-61701,959778,0,0,0,0,0,959778,551493,0,35719,372566,959778,0,0,9627,9627,9627,0,0,0,35719,0,354657,0,70,58,0,115552,11037,126589,0,0,8039,38334,13002,13860,5430,13264,18455,0,0,5168,75707,0,0,0,21022,4063,14760,0,82891,0,0,0,23119,4469,16110,0,,2003
106430837,o'connor hospital,7/1/2002,6/30/2003,365,audited,incl. ind. audit,santa clara,07,0431,non-profit,general,comparable,,(408)947-2500,2105 forest ave,san jose,95128-1425,rob curry,president,moss adams,daughters of charity health system,0,05-0153,hsc00153f,zzr00153f,358,306,225,20080,5546,3344,344,0,323,23126,0,636,53399,2517,827,1682,173,0,77,6734,0,164,12174,312,22,0,0,24,0,44064,2536,0,0,6799,0,11449,165,0,0,560,0,40.9,47.8,4.4,4,14,7911,3136,57939,15143,10752,4283,0,2454,82563,0,4761,177895,27508,15646,23970,102759,0,10,612331,800479,5515,12146,7586,621056300,465209005,0,155847295,1424511,152489761,4782045,5457241,1185075,0,0,9054211,194721657,38823650,387510993,183159990,70409035,27501720,3706221,0,2941618,148795337,0,6442420,442956341,51693978,18882847,9176056,2150503,0,2061278,90149240,0,3986057,178099959,133466610,50744234,35221474,5624181,0,0,4758452,227269648,5987408,0,1325274,0,811724,0,0,0,0,101237919,38547648,1456302,232543,0,244444,11674929,0,2453510,0,0,552702,759450,0,0,28335974,10420241,51425500,0,0,0,0,24062643,3695163,25706531,8843709,64770893,16976822,2212719,10029258,23243655,16580270,6134251,1590228,557098,4462731,5931836,81359534,34970065,40232449,4029104,2704378,0,163295530,39487977,0,59838867,63968686,163295530,33098621,51477245,61365101,184455940,144223491,0,41956,59859845,59901801,62934,25600819,0,965,965,324,1895131,252029,2147160,573,0,227812,430752,441898,62712,104533,247549,165546,74811,65579,73939,468378,160699,519703,0,350907,52277,343167,0,534060,184303,593591,0,396219,58832,380155,0,,2003
106560501,ojai valley community hospital,10/1/2002,9/30/2003,365,audited,excl. ind. audit,ventura,10,0809,non-profit,general,comparable,small/rural,(805)640-2230,1306 maricopa highway,ojai,93023-3131,victoria alexander,ceo,tracy moziak addleman,ojai valley community hospital foundation,0,05-0046,hsc30046k,,103,103,103,4414,1804,16572,0,0,37,978,0,2529,26334,693,290,100,0,0,16,339,0,68,1506,37,0,0,0,66,0,3809,0,0,0,22525,0,1270,0,0,0,236,0,70,70,17.5,3,0,0,0,6114,2524,10314,0,0,942,17663,0,3642,41199,7838,6664,0,27145,0,2,35485,45974,286,660,2357,35189592,18658389,0,16531203,91205,17070668,-448260,493650,0,0,0,45390,8251597,2367036,24570959,6910383,2931330,4452309,0,0,123891,3255382,0,1179614,18852909,3412685,2190738,1219962,0,0,350108,8463398,0,699792,16336683,5413357,2766281,1428270,0,0,0,0,8083464,216357,0,363413,0,387247,0,0,0,0,4909711,2355787,4244001,0,0,473999,3635316,0,912389,0,0,320543,5959,0,0,4069063,767677,5208720,0,0,0,0,2803862,736294,2422424,1062628,7584623,2377087,219131,548331,2770281,1141495,592232,493322,253257,145716,945193,3305603,78369,3608560,457748,7723,0,7458003,1835461,0,2182261,3440281,7458003,725386,1867220,2033499,5319115,1710555,0,2384060,0,2384060,201799,0,0,256,200,101,390939,37769,428708,30,0,41500,88220,45487,20367,69625,58142,48506,5791,12688,613,135960,27177,73395,0,77074,27545,49788,0,149066,29910,80359,0,83456,30995,54922,0,,2003
106300225,orange coast memorial medical center,7/1/2002,6/30/2003,365,audited,incl. ind. audit,orange,13,1016,non-profit,general,comparable,,(714)378-7000,9920 talbert avenue,fountain valley,92728-5153,marcia manker,ceo,donna j. anglin,memorial health services,0,05-0678,,hsp30678g,230,218,150,5587,8156,426,449,222,364,15511,0,793,31508,1116,2238,80,135,50,93,4830,0,234,8776,230,0,0,0,0,0,31508,0,0,0,0,0,8776,0,0,0,0,0,37.5,39.6,3.6,3.6,15,2354,1122,3183,8479,316,992,226,742,34647,0,2538,51123,18271,0,0,33420,2849,7,288289,308827,2100,3473,7816,278024486,221235144,33108327,89897669,491103,91253486,-864714,2206374,632823,0,0,708837,57825839,13252905,206945742,31917731,49120644,1921958,2383289,1607555,1311112,96149681,0,6516228,190928198,4182515,15045909,373176,1188068,269469,1153164,58412018,0,6471969,87096288,26510529,57589071,1425163,3096794,0,1717070,2156233,115738228,360000,0,15256,0,12626800,23135842,0,0,9972485,9430128,29713324,869971,474563,159954,172573,48795956,0,281200,0,-1617132,1452,0,0,0,15255863,2354764,29622555,8995611,7926789,0,0,10394023,4379409,11212586,1111886,28989808,9988198,1176298,5528042,12105162,25576764,1631325,1278416,380981,0,4598492,13369444,0,36032238,798047,0,0,50199729,143958664,7426105,0,-101185040,50199729,3390,33674809,15308036,54203439,18171201,0,0,0,0,0,0,136516711,816,705,408,1388908,170611,1559519,84,0,134681,289721,295825,4157,132766,290961,110547,36646,80283,13321,374906,52947,384834,0,234883,156187,172339,12812,406870,56194,466584,0,259547,166507,189232,14585,,2003
106301242,orange county comm hosp - buena park,1/1/2003,4/6/2003,96,audited,excl. ind. audit,orange,13,1013,investor,general,comparable,,(562)920-5048,6850 lincoln ave.,buena park,90620,david topper,ceo/president,jeffrey n. brown,alta healthcare system,0,05-0253,hsc30486h,,138,138,38,777,455,1883,192,0,241,55,0,30,3633,140,80,359,31,0,71,13,0,11,705,138,0,0,0,0,0,3633,0,0,0,0,0,705,0,0,0,0,0,27.4,27.4,5.2,5.2,0,0,0,103,18,150,501,0,9,179,0,194,1154,1318,87,0,0,0,2,18355,6444,164,82,0,17836456,15064643,0,2771813,20143,5222683,-2430727,18900,28953,0,0,-2440780,5785152,350862,11700442,4030900,383637,2335951,3373027,0,3182221,588971,0,216909,14111616,306054,139867,255501,528695,0,1957288,318856,0,218579,3724840,4589701,187400,6664545,1454732,-38364,0,849660,1016926,176299,0,2163,0,161581,0,0,0,0,-385733,331362,-4079383,2432823,0,4241579,-117629,0,348794,0,0,0,0,0,0,1175493,367761,1072425,0,0,0,15820,738622,135357,1379794,337411,2256671,389306,153650,137594,580182,935199,247573,48613,109698,21633,342564,6717248,0,5206595,0,0,0,11923843,32397671,999409,0,-21473237,11923843,1000,4913889,4143644,9932880,4726285,0,0,0,0,0,1885955,27040182,201,201,27,103561,6630,110191,55,2,7371,31454,16394,8101,2990,22104,14441,706,0,0,33812,6309,15431,576,23784,7306,16343,0,36535,6926,16230,600,25021,7701,17178,0,,2003
106040937,oroville hospital,12/1/2002,11/30/2003,365,audited,incl. ind. audit,butte,01,0221,non-profit,general,comparable,,(530)533-8500,2767 olive highway,oroville,95966-6118,robert j. wentz,ceo,jo l. dilbeck,orohealth corporation,3,05-0030,,zzr00030f,153,153,120,19176,24,6091,0,1076,2386,1219,0,1191,31163,3744,11,1934,0,290,908,471,0,340,7698,133,0,0,0,20,0,25377,0,0,0,5786,0,7196,0,0,0,502,0,55.8,55.8,4,3.5,10,1436,652,57740,85,58663,0,8403,37567,28460,0,11820,202738,38173,81780,7296,93157,0,5,177812,161662,1760,2784,7460,187989788,117551181,0,70438607,626148,73709249,-2644494,90348,4056,0,0,-2558202,44561265,23889675,119538848,65868984,135103,27620124,0,5945919,12503517,6476893,0,2793342,121343882,23082038,36911,17383189,0,3201680,12696628,7599956,0,2645504,66645906,56558521,94415,26638699,0,-127965,6698050,13831837,7726490,4159000,0,691501,0,1280633,0,0,0,0,32101371,77599,18492579,0,2449549,9272949,6350359,0,1694201,0,0,66747,12601,0,0,12297597,13625284,26174213,0,0,0,0,9026369,4221202,4545671,3818913,29071365,14766252,7253082,1408892,10185512,3660235,1916378,790866,704476,1962806,1989385,13267757,4071,24213074,10694,2558877,676866,40731339,27015797,0,25331076,-11615534,40731339,203083,25241170,22652924,49570350,25357276,0,1075306,23690000,31469470,6138394,0,893175,792,792,210,1449745,202862,1652607,65,0,97716,401483,221416,126710,83262,342437,153995,16912,5814,0,327263,208973,390408,0,245591,167319,110191,0,373031,239650,447369,0,274843,191504,126210,0,,2003
106190581,orthopaedic hospital,11/1/2002,10/31/2003,365,audited,incl. ind. audit,los angeles,11,0925,non-profit,specialty,comparable,,(213)742-1000,2400 so flower st,los angeles,90007-2629,james v. luck jr.  m.d.,ceo/president,loida a. villanueva,l.a. orthopaedic hospital foundation,0,05-2056,hsc30256f,,112,112,73,934,163,1243,1089,0,277,1331,369,281,5687,192,27,332,473,0,58,332,89,123,1626,112,0,0,0,0,0,5687,0,0,0,0,0,1626,0,0,0,0,0,13.9,13.9,3.5,3.5,0,0,0,3865,134,16410,22305,0,11916,8878,280,3147,66935,15581,25213,0,24944,0,7,167942,138490,1442,1197,0,77274823,51527722,0,25747101,5015422,44776265,-14013742,18637068,818914,0,0,3804412,3129202,4362628,69782993,9127055,1320651,7604029,5368874,0,2122237,14007863,1572118,2468279,43591106,3260514,48760,12890559,6102960,0,3688535,6084054,72747,1535588,33683717,7040845,729886,15070618,8527578,-161109,0,3774116,12185925,849564,0,1445420,0,2064879,0,0,0,0,5346724,639525,5156243,2913759,0,2036656,7905992,813613,934589,0,0,13502324,1112033,0,0,3000120,4740413,18821966,0,0,312459,733003,8606058,1496645,4895570,2170031,13139162,4964296,2069424,2680374,13545643,3519105,1957430,206705,573210,184455,1936461,16644871,34795273,6891185,22613490,11571270,0,92516089,7826041,711590,58343454,25635004,92516089,1266476,30569605,12328752,45840920,38949735,0,15885,55036091,58343454,0,0,0,433,307,83,609051,74155,683206,63,6,70810,102073,82226,9422,58925,192014,33412,14813,1375,43981,72986,101610,152040,11012,132391,56369,62573,20070,81338,113933,165487,12274,150089,63414,73845,22826,,2003
106190307,pacific alliance medical center,1/1/2003,12/31/2003,365,audited,incl. ind. audit,los angeles,11,0925,investor,general,comparable,,(213)624-8111,531 w. college st.,los angeles,90012-2315,john edwards,ceo,robert c. perkins,pacific alliance medical center inc,0,05-0018,hsc30018f,zzt30018f,138,138,79,15164,308,9298,2609,0,210,425,251,0,28265,2111,51,2714,671,0,49,115,64,0,5775,115,0,0,23,0,0,24115,0,0,4150,0,0,5483,0,0,292,0,0,56.1,56.1,4.9,4.9,12,4588,2108,4449,83,4598,5339,0,578,1161,1518,0,17726,0,9247,0,8962,886,4,137319,82559,1469,1130,16647,74992658,31912274,2183005,45263389,242199,52705367,-7199779,27803151,2774916,0,0,17828456,18668345,2262880,54061433,29121535,720989,23458667,5681965,0,508684,994006,577045,0,61062891,4708362,142785,4258106,3138742,0,333848,662199,685725,0,13929767,8794769,607549,15467316,5731691,-4776750,0,450625,1121192,0,0,4515882,0,0,0,2183005,0,0,25035128,256225,13787333,5257783,0,391907,535013,0,0,0,0,0,275916,0,0,10827251,1178007,13609044,1752059,0,0,0,7951895,2414559,11823015,3149537,19167366,7819433,900744,3810955,6501921,7245212,1214712,1445182,619253,271734,3708855,21370890,0,22240647,5225462,20965788,0,69802787,12107995,487490,10834037,46373265,69802787,14225691,14241993,9493301,33683973,11443326,5702079,0,0,12240968,1406931,926292,0,611,582,244,1128396,107730,1236126,100,0,95226,171027,229875,72741,170080,212912,150563,0,21959,4013,404114,22253,228199,0,239130,93270,141430,0,422095,23729,272015,0,263530,102483,152274,0,,2003
106190587,pacific hospital of long beach,1/1/2003,12/31/2003,365,audited,incl. ind. audit,los angeles,11,0933,investor,general,comparable,,(562)424-7422,2776 pacific avenue,long beach,90806-2613,michael drobot,ceo,j.hurst/l.masi,pacific hospital of long beach,0,05-0277,hsc30277f,,184,184,139,10204,0,28117,3117,0,4819,0,0,196,46453,1345,0,3764,564,0,1341,0,0,49,7063,84,73,0,0,27,0,19993,19307,0,0,7153,0,4826,2170,0,0,67,0,69.2,69.2,6.6,5.6,13,2937,1291,10789,0,8367,8864,0,5226,0,0,3743,36989,15334,11867,0,0,0,6,324496,545089,1807,3357,8137,368905042,262335539,10142014,116711517,351917,109949330,7114104,838654,765037,2466727,0,4720994,47046698,9243642,312614702,49917083,0,87634621,14653133,0,98944683,0,0,1179590,252329110,14785151,0,13167971,13952883,0,71310873,0,0,3359054,116575932,54388496,0,71926221,35224602,-2173136,0,89929508,0,11360081,0,0,0,1679767,0,10142014,0,0,8321294,0,27945387,2642533,0,74999241,0,0,2803062,0,0,0,307208,0,0,18597686,2666202,40362396,0,0,0,1448991,13077021,4699981,23588140,5508913,29976596,15018490,1553302,20499838,20811292,9683236,3492635,1670533,925275,2145058,4173075,49228669,0,17044233,0,0,0,66272902,24690560,0,17014456,24567886,66272902,6816359,12882325,14133113,29439672,12395439,0,2985981,0,17464456,450000,0,0,821,657,290,1310232,98780,1409012,311,28,182822,219576,303566,55094,190797,268507,46809,0,43061,0,505189,74796,318326,8602,125218,141018,137083,0,533684,81532,347927,10544,134871,154390,146064,0,,2003
106560838,pacific shores hospital,1/1/2003,12/31/2003,365,audited,excl. ind. audit,ventura,10,0811,investor,psychiatric,comparable,,(805)604-1216,2130 north ventura rd.,oxnard,93030,jonathan rader,ceo,hadley paculba,rehabilitation institutes of america  inc.,0,,,hsp34116f,30,30,30,0,0,0,0,0,5849,440,0,251,6540,0,0,0,0,0,291,22,0,16,329,30,0,0,0,0,0,6540,0,0,0,0,0,329,0,0,0,0,0,59.7,59.7,19.9,19.9,0,0,0,0,0,0,0,0,3061,340,0,110,3511,0,0,0,0,0,0,0,0,0,0,0,13197737,2807001,0,10390736,0,3768743,6621993,2418,32972,0,0,6591439,10356069,2074350,767318,0,0,0,0,0,9448733,1200609,0,474045,11123387,0,0,0,0,0,1640650,371500,0,62200,2074350,0,0,0,0,0,0,2143589,506224,0,0,0,0,157188,0,0,0,0,0,0,0,0,0,8945794,1065885,0,379057,0,0,0,0,0,0,809676,147050,162987,0,0,0,0,1528574,110405,734043,276008,1515004,219431,113236,850240,377399,183723,41934,1255,82188,63857,320476,4176033,0,697291,0,0,67433,4940757,1442159,0,0,3498598,4940757,10565,569604,43456,846914,149623,0,0,0,0,0,382034,0,37,33,0,65569,3211,68780,2,0,16567,6823,10932,3753,10403,35,16971,0,85,0,24437,4989,0,0,23794,2107,10242,0,24469,5484,0,0,25394,3019,10414,0,,2003
106190696,pacifica hospital of the valley,1/1/2003,12/31/2003,365,audited,excl. ind. audit,los angeles,11,0907,investor,general,comparable,,(818)252-2490,9449 san fernando rd,sun valley,91352-1421,arlene o'neil,ceo,kate moffitt,doctors community healthcare corporation,0,05-0378,hsc30378h,zzt30378h,242,240,155,8960,376,43564,3522,0,553,1498,0,806,59279,1311,110,2688,790,0,99,398,0,243,5639,123,38,0,0,81,0,15138,12688,0,0,31453,0,3975,1565,0,0,99,0,67.09999999999999,67.7,10.5,5,16,2218,915,1121,130,4296,6275,0,1345,1996,0,3932,19095,17748,0,0,3130,177,5,48175,38328,769,662,6229,135210586,80940855,3476209,57745940,621372,57846424,520888,0,45364,0,0,475524,44271248,7003099,83936239,18590110,1493569,78573430,8215035,0,1680813,6167617,0,2578363,117298937,1398870,241106,4093694,4626471,0,1952125,2420759,0,3178624,17911649,10341843,1032474,55949012,8949154,-8522963,0,2174645,5958504,3390853,0,109685,0,1557648,0,3339134,0,137075,7690519,702201,35241075,7231486,0,1137040,1989976,0,3753643,0,0,0,0,0,0,20164471,2627487,14011614,966000,0,0,0,7698786,2387531,7774597,2215938,24639914,11232546,1676066,1595042,6077890,7496628,1528138,675028,349527,31421,2544224,144433567,0,16610585,771655,0,0,161815807,189881395,0,0,-28065588,161815807,1180045,16158754,8090494,28083800,11473215,18797013,848836,0,174661572,174661572,121027241,0,623,561,472,974423,191897,1166320,42,0,87405,148547,203630,137633,161335,127994,107842,21,11,5,461360,29715,167118,0,182835,61104,72291,0,551809,36013,191583,0,209849,72129,104937,0,,2003
106491338,palm drive hospital,7/1/2002,6/30/2003,365,audited,excl. ind. audit,sonoma,03,0401,district,general,comparable,small/rural,(707)823-8511,501 petaluma avenue,sebastopol,95472-4215,shawndra l. nimtz,administrator/ceo,david s. kornblum cpa,palm drive healthcare district,0,05-0385,,zzr00385h,49,49,49,3610,366,327,0,110,1242,628,0,135,6418,779,89,84,0,24,304,200,0,53,1533,39,0,0,0,10,0,4751,0,0,0,1667,0,1328,0,0,0,205,0,35.9,35.9,4.2,3.6,0,0,0,4289,1034,326,0,147,3236,6238,0,5072,20342,9317,6007,0,5566,0,3,103426,103753,976,1090,1873,47682301,31543129,60452,16199624,237831,20182648,-3745193,2153892,63340,0,0,-1654641,5971338,6720792,34990171,12864611,1534328,1502017,0,532857,6269795,3900032,0,647820,27251460,3688598,1396605,588813,0,148419,3250637,6265261,0,5092508,20430841,9199354,2010902,1366072,0,0,438821,5786702,3793187,2261973,0,27411,0,6658707,0,0,0,60452,7353855,920031,724758,0,242455,2377465,3080524,0,1500536,0,0,98254,0,1747396,0,3419494,1999861,7091830,0,0,0,0,2556565,1541333,2652383,921182,7982465,2358185,878261,2966301,2669320,881053,598000,507788,162533,531894,646848,3338889,0,9846317,779238,1144965,0,15109409,8065415,0,6466667,577327,15109409,1651351,3105141,2688143,10878284,1031967,0,0,5900000,9640000,3173333,0,0,154,153,60,338510,17325,355835,52,0,45870,62712,64354,7392,24724,66993,22276,6899,21543,15747,82890,25957,102106,0,42027,36947,48583,0,86856,27346,108137,0,43942,38333,51221,0,,2003
106331288,palo verde hospital,1/1/2003,12/31/2003,365,audited,excl. ind. audit,riverside,12,1101,investor,general,comparable,small/rural,(760)922-5201,250 north first street,blythe,92225,david conejo,ceo,stephen t. mcgovern,province healthcare,0,05-0423,,zzt30423g,51,35,35,2306,0,1473,0,21,1069,138,0,267,5274,739,0,472,0,7,343,44,0,85,1690,51,0,0,0,0,0,5274,0,0,0,0,0,1690,0,0,0,0,0,28.3,41.3,3.1,3.1,10,194,110,5001,0,5526,0,964,4903,663,0,3379,20436,10529,0,0,11723,0,2,34343,47490,201,476,2683,55742590,37198621,0,18543969,40225,17735567,848627,65366,76277,0,0,837716,7390013,6652022,41700555,13030407,0,8415728,0,165313,6650854,866948,0,1708216,30837466,6896623,0,6246751,0,1451400,6219707,707174,0,3383469,24905124,15734119,0,10813340,0,0,327857,5944508,914526,2399375,0,0,0,1064896,0,0,0,0,4192911,0,3849139,0,1288856,5346598,466532,0,3399933,0,0,0,5196,0,0,2551350,1053021,5183534,0,0,0,0,2209751,1081885,5121767,534259,5604025,1514321,760434,1368998,1599476,3105716,568840,446562,215908,0,2551287,13107316,0,1890832,0,593115,6763384,22354647,1627976,0,0,20726671,22354647,0,0,3951386,5858642,3967810,0,0,0,0,0,9320928,0,196,146,83,297415,26357,323772,43,0,45617,43337,39978,33437,24636,68493,21263,0,14048,6606,77636,25752,68710,0,51919,34217,39181,0,82722,27839,74899,0,56302,38579,43431,0,,2003
106370755,palomar medical center,7/1/2002,6/30/2003,365,audited,incl. ind. audit,san diego,14,1412,district,general,comparable,,(760)739-3000,555 e. valley parkway,escondido,92025-3048,gerald bracht,administrator,ruth turner,palomar pomerado health system,2,05-0115,hsc30115f,,413,413,303,25068,18275,31780,2659,2290,1850,21188,2542,4133,109785,5422,4017,3153,626,589,369,4864,367,596,20003,273,26,0,18,96,0,68289,5050,0,4734,31712,0,18044,923,0,337,699,0,72.8,72.8,5.5,4,0,0,0,53595,26051,17688,8632,3190,6385,55133,5679,14847,191200,46444,1348,37153,95211,0,11,662190,111450,5695,1345,16538,561774402,394698254,31571853,198648001,6244561,196204303,8688259,3382805,94223,0,0,11976841,163692574,47886110,350195718,123016290,91426087,60200057,13307481,16100413,12427396,119840044,8115212,13200034,457633014,23894580,14590186,10577691,4545967,2121828,3233623,37841207,2793101,4543205,104141388,97620818,95612875,57824973,10269867,0,12868736,4755789,84977630,12816784,0,10908316,-69751,7112217,24930257,0,0,6641596,49118886,35179084,12647097,7577320,5254622,7212643,78362658,-3,3295694,0,0,0,3251566,0,0,48043541,20805387,63247441,0,0,0,0,29664461,8132379,17386740,8924354,65995173,24288702,6881788,13048326,33042248,33611862,8321978,1429204,1364115,4611415,3609492,88257041,43064103,51657011,2891099,2466515,5341016,193676785,25251332,0,67975000,100450453,193676785,41132,102363952,48783898,157400765,105743754,0,0,72800000,72800000,4825000,2461515,5191580,1957,1471,926,2868558,411968,3280526,292,0,169978,606217,685678,105089,404553,383864,237559,55381,163497,56742,1134101,373842,660632,0,457796,87896,154291,0,1260272,419239,824574,0,507806,98339,170296,0,,2003
106370759,paradise valley hospital,1/1/2003,12/31/2003,365,audited,incl. ind. audit,san diego,14,1420,non-profit,general,comparable,,(619)470-4321,2400 e 4th street,national city,91950-2026,terrence hansen,president/ceo,michelle galvan,adventist health,0,05-0024,hsc30024f,zzt30024f,301,301,197,30612,1367,27016,2896,1647,0,3945,523,3738,71744,4124,268,4841,1217,379,0,931,252,2229,14241,176,103,0,22,0,0,37423,29626,0,4695,0,0,9942,4005,0,294,0,0,65.3,65.3,5,5,0,0,0,59219,951,16107,8572,3706,0,35377,755,6048,130735,36293,34799,26312,20030,0,6,184203,135620,1423,1806,8328,444098721,330622183,706458,114182996,3241308,121891603,-4467299,3853638,486596,0,0,-1100257,151992790,72389902,219716029,141681927,8316320,108362646,14132772,10695229,0,17541766,2236866,19532406,322499932,58700633,1445626,17299082,12246937,4597293,0,19465698,879937,6963583,121598789,143955617,6733797,91681599,21634717,-8575797,13237972,0,29171152,18072496,0,8679156,0,6031474,0,0,0,706458,56426943,3028149,37129400,4406379,2054550,0,8542770,202786,2392019,0,0,7564,1020530,0,0,27584242,12213288,29157702,0,0,0,0,19588028,5036277,24496401,3815665,50791569,11836853,8386869,8603755,15503584,14350957,4830580,2177832,972061,615473,3822070,24549112,14107042,39807269,2386120,4299424,233869,85382836,20003198,0,14963985,50415653,85382836,0,54876066,35422597,100439102,60631833,439998,403824,0,16470956,1506971,3994717,13702705,1657,1085,605,2180467,209802,2390269,204,0,174188,448873,495187,57512,55693,439908,187822,187216,124035,10033,744597,261709,326555,0,390638,158645,298323,0,809915,286721,362305,0,429185,175224,326919,0,,2003
106331293,parkview community hospital,1/1/2003,12/31/2003,365,audited,excl. ind. audit,riverside,12,1111,non-profit,general,comparable,,(909)688-2211,3865 jackson street,riverside,92503-3919,doug drumwright,ceo,william a. fretwell,parkview community hospital medical center,0,05-0102,hsc30102f,zzt30102f,193,193,84,10159,2614,9037,2021,238,1183,3230,5,1325,29812,1177,598,2777,863,58,285,794,1,331,6884,193,0,0,0,0,0,29812,0,0,0,0,0,6884,0,0,0,0,0,42.3,42.3,4.3,4.3,24,2483,1547,4756,4323,4395,5198,196,3175,12774,3,6322,41142,26767,0,0,21210,0,6,286829,167771,1709,1540,5900,235392706,172492569,366140,63266277,499389,58760812,5004854,713143,215430,0,0,5502567,44492686,16880473,174019547,60553427,18927122,50447663,11264304,1247869,7137378,21832618,24433,12397107,183831921,6234696,5276263,5803281,6286636,291039,3974154,16101631,6853,7586232,51560785,47983491,15604279,43439670,14618086,-1745677,1466742,7660115,23431627,4080405,0,511154,0,15442677,0,0,0,366140,18804632,8599106,14122499,2887438,72166,3451417,14868762,0,460257,0,0,0,53322,0,0,13170235,2985945,20478182,0,0,0,0,7614229,2599366,8515510,3397345,22375425,7377098,1229604,7615315,10438896,2809255,1944568,1493188,1352288,567451,1557724,17530529,0,15696799,358482,165181,0,33750991,24447454,0,24362253,-15058716,33750991,3337857,25061184,24249775,54524423,38827624,6792665,0,0,27473347,3111094,0,0,708,474,222,1007836,48906,1056742,168,0,74772,173040,224774,49939,69927,192401,92234,60266,69093,1390,313158,70915,243884,0,184049,83538,112292,0,327947,74521,260660,0,189975,86070,117569,0,,2003
106454013,patient's hospital of redding,1/1/2003,12/31/2003,365,audited,excl. ind. audit,shasta,01,0209,investor,general,comparable,,(530)225-8700,2900 eureka way,redding,96001-0220,lori wenham,administrator,avie heilgeist,dr. james d. tate,0,05-0697,,hsp30697f,10,10,10,230,0,12,0,4,784,0,0,22,1052,102,0,6,0,2,347,0,0,9,466,10,0,0,0,0,0,1052,0,0,0,0,0,466,0,0,0,0,0,28.8,28.8,2.3,2.3,0,0,0,1210,0,467,0,180,1959,0,0,32,3848,0,0,0,3294,0,2,45805,30200,481,554,0,20680281,16040094,0,4640187,61060,4652651,48596,13332,0,0,0,61928,2065199,0,18615082,2346107,0,105668,0,46163,7872297,0,0,244246,10614481,1893505,0,687461,0,171702,7124785,0,0,188347,10065800,3447834,0,782162,0,0,188227,11456915,0,164956,0,0,0,0,0,0,0,0,791778,0,10967,0,29638,3540167,0,0,267637,0,-508,0,13332,0,0,799501,0,1585669,0,0,0,0,853269,203054,717121,494037,2223176,580739,0,0,809099,319425,149715,59730,172235,93094,245438,576668,0,2390506,0,0,0,2967174,1844993,0,1447779,-325598,2967174,0,3338492,1187289,4725905,2335399,1348949,0,0,1568949,121170,0,0,80,75,37,126220,30175,156395,0,0,18900,14229,36853,7086,8186,14134,25194,1638,0,0,42075,0,25483,0,34575,7030,17057,0,48039,0,40568,0,40720,7650,19418,0,,2003
106361768,patton state hospital,7/1/2002,6/30/2003,365,audited,excl. ind. audit,san bernardino,12,1209,state,psychiatric,state,,(909)425-7000,3102 e highland avenue,patton,92369,octavio c. luna, acting executive director,valerie pollard,state of california,0,,,,1281,1281,1281,0,0,0,0,0,49,0,0,477126,477175,0,0,0,0,0,0,0,0,1339,1339,0,388,0,0,893,0,0,117966,0,0,359209,0,0,331,0,0,1008,0,102.1,102.1,356.4,356.4,0,0,0,0,0,0,0,0,0,0,0,0,0,0,0,0,0,0,0,0,0,0,0,0,182516925,181729796,0,787129,0,182516925,-181729796,181729796,0,0,0,0,157842011,0,24674914,0,0,0,0,0,0,0,0,0,0,0,0,0,0,0,0,0,0,0,0,4681,0,0,0,0,0,0,0,0,0,0,0,181725115,0,0,0,0,0,0,0,0,0,0,0,0,0,0,0,0,0,0,0,0,0,0,0,0,0,0,0,0,0,0,0,0,0,0,0,0,0,0,0,0,0,0,0,0,0,0,0,0,0,0,0,0,0,0,0,0,0,0,0,0,0,0,0,0,0,0,0,0,0,0,0,105,0,0,0,0,0,0,0,0,0,0,0,0,0,0,0,0,0,0,0,0,0,0,0,0,0,0,0,,2003
106410852,peninsula medical center,1/1/2003,12/31/2003,365,audited,incl. ind. audit,san mateo,04,0427,non-profit,general,comparable,,(650)696-5400,1783 el camino real,burlingame,94010-3205,robert merwin,ceo,celia lung,mills peninsula health services,0,05-0007,,hsp30007g,403,374,363,40498,16065,2110,0,0,33105,4043,211,1472,97504,6504,1992,491,0,0,6002,1122,35,267,16413,207,28,12,28,128,0,51534,7295,1902,4009,32764,0,12631,1048,323,253,2158,0,66.3,71.40000000000001,5.9,4.5,0,0,0,118062,40767,3174,0,0,219680,69581,1920,22473,475657,84432,4285,0,332959,1572,14,504345,544783,4276,14108,17384,977821003,723351878,42687657,297156782,5810254,266782338,36184698,5437289,3134059,0,0,38487928,314975479,46263829,616581695,246485254,83953731,14562877,0,0,209080541,36808448,1716417,9781058,602388326,108596258,32331601,2159961,0,0,174272301,49961258,1603013,6508285,375432677,285866769,114931496,13435144,0,0,0,203397435,85150018,12278988,0,2401931,0,5890097,21353974,0,0,21333683,68832811,22615491,3087926,0,0,176947828,22852656,917499,1902571,0,0,0,1677464,0,0,60032630,12136782,90407454,7828643,0,0,0,38970730,8874274,35451016,13080809,96712455,57771666,2564978,7074395,37835688,31062375,14217949,3401413,3511976,3507250,9122193,48199961,19688490,100345213,15863121,7376926,0,191473711,35500530,0,47933876,108039305,191473711,2116873,108498261,112855130,228537151,128191938,0,0,51068876,51068876,3135000,0,0,2254,1739,650,3161803,499942,3661745,724,0,262656,721373,747658,58167,364193,592732,305103,65398,44523,0,980158,152735,942343,0,600735,160450,325382,0,1138540,178595,1089934,0,688256,188432,377988,0,,2003
106491001,petaluma valley hospital,7/1/2002,6/30/2003,365,audited,incl. ind. audit,sonoma,03,0403,non-profit,general,comparable,,(707)778-1111,400 north mcdowell boulevard,petaluma,94954-2366,david ameen,ceo,sam o-young,santa rosa memorial hospital,0,05-0136,,zzr00136f,80,80,69,8635,590,1611,0,392,439,2196,0,107,13970,1968,144,570,0,119,140,752,0,33,3726,60,0,0,0,20,0,10285,0,0,0,3685,0,3296,0,0,0,430,0,47.8,47.8,3.7,3.1,10,898,477,25719,1337,4598,0,768,2905,11059,0,1928,48314,19347,0,0,0,0,4,115407,74552,960,1176,9805,167199887,122741178,0,44458709,1015250,44155617,1318342,517101,437322,0,0,1398121,36902218,20837877,109459792,47519962,4127730,10913263,0,2662507,4110129,17352181,0,969601,87655373,24313307,2801243,6586251,0,1832411,7115969,33719033,0,3176300,79544514,45352696,5030138,13560387,0,0,3534383,8998346,41355590,4590770,0,158963,0,159905,0,0,0,0,25302132,1751114,3602446,0,865634,2036246,8737355,0,2163782,0,0,14026,85293,0,0,7848776,8078236,12888035,0,0,0,0,6953877,1927556,5263202,1195935,17482817,9248777,262022,2785848,5301431,4187211,1797989,573182,306669,272660,1937011,14996273,0,10902696,602260,3838917,0,30340146,10602191,0,6919841,12818114,30340146,6636926,7709267,8954564,19231740,8329044,0,0,6919841,7527656,607815,0,607815,525,378,160,740072,97330,837402,147,0,74139,160314,169303,5433,61458,156690,54060,6817,29755,22103,149762,140657,163115,0,125814,77029,74227,9468,171183,159770,187513,0,140646,83799,84284,10207,,2003
106190605,pine grove hospital,1/1/2003,3/28/2003,87,audited,excl. ind. audit,los angeles,11,0905,investor,psychiatric,other non-comparable,,(818)348-0500,7011 shoup avenue,canoga park,91307-2335,casey patch,ceo,kate moffitt,doctors community healthcare corporation,0,05-4105,,hsm34105h,82,79,41,1051,3,0,0,0,45,194,0,11,1304,86,1,0,0,0,6,28,0,2,123,0,82,0,0,0,0,0,1304,0,0,0,0,0,123,0,0,0,0,18.3,19,10.6,10.6,0,0,0,58,0,0,0,0,0,15,0,2,75,0,0,0,0,0,0,0,0,0,0,0,2710296,1933312,0,776984,3876,1628878,-848018,0,0,0,0,-848018,1688680,796795,224821,0,0,0,0,0,0,0,0,0,0,0,0,0,0,0,0,0,0,0,0,1321995,2885,0,0,0,0,277125,84252,51278,0,0,0,195777,0,0,0,0,0,0,0,0,0,0,0,0,0,0,0,0,0,0,0,0,0,0,0,0,0,0,0,0,0,0,0,0,0,0,0,0,0,0,0,0,0,1667867,0,3875830,520,0,0,5544217,17671761,0,0,-12127544,5544217,535739,4085791,720066,5737312,1861482,0,39020,0,15438412,15438412,0,10712152,0,0,0,0,0,0,33,0,0,0,0,0,0,0,0,0,0,0,0,0,0,0,0,0,0,0,0,0,0,0,0,0,0,0,,2003
106130760,pioneers memorial hospital,7/1/2002,6/30/2003,365,audited,incl. ind. audit,imperial,14,1424,district,general,comparable,small/rural,(760)351-3333,207 west legion road,brawley,92227-7780,richard mendoza,ceo,maria s. aguayo,pioneers memorial healthcare district,0,05-0342,,zzt30342f,99,99,99,7366,70,5981,57,1073,589,3691,30,438,19295,1658,16,2005,18,302,180,1202,7,152,5540,99,0,0,0,0,0,19295,0,0,0,0,0,5540,0,0,0,0,0,53.4,53.4,3.5,3.5,0,0,0,13627,62,24778,204,3051,5802,19392,145,8376,75437,30262,14353,0,31649,0,5,133534,155454,1675,2125,7314,122537041,79191818,0,43345223,652136,46309110,-2311751,2915128,74236,0,0,529141,24737270,13737670,84062101,26833029,292758,20863871,180610,4085401,2595975,15148781,93857,1835887,71930169,12415030,42329,12653496,113314,2387315,4832888,15350375,103401,2708724,50606872,27507644,174372,22231880,191050,-556503,4845309,3224327,14726191,4666132,0,823574,-50000,1407842,0,0,0,0,11711505,160715,11101954,102874,1677407,3087998,13819761,39447,1643562,0,0,0,71054,2636236,0,10033915,4402813,13972062,0,0,0,0,8421715,1989859,4670800,2817946,15169896,6587093,654351,4369558,7944600,3178969,3859539,474172,303550,1518711,2248671,16302834,559595,30578480,381897,0,1824378,49647184,8723030,180940,23845791,16897423,49647184,5969969,39483605,19443363,60271683,29693203,0,1243834,23745000,24988834,1143043,0,0,496,444,198,896632,93437,990069,51,0,83192,141590,146579,21885,118214,202960,97723,17269,45968,21252,245870,119045,171349,0,176762,79200,104406,0,267270,126814,190203,0,199690,90208,115884,0,,2003
106301297,placentia-linda community hospital,6/1/2002,5/31/2003,365,audited,excl. ind. audit,orange,13,1011,investor,general,comparable,,(714)993-2000,1301 north rose drive,placentia,92870,michael hunn,ceo,sandy buranathawon,tenet healthcare corporation,0,05-0589,hsc30598h,hsp30589h,114,114,114,3939,1580,891,336,224,296,4668,49,288,12271,868,648,257,135,90,120,1936,20,117,4191,114,0,0,0,0,0,12271,0,0,0,0,0,4191,0,0,0,0,0,29.5,29.5,2.9,2.9,12,2096,952,3852,1960,4106,1495,264,2123,22836,8,3043,39687,18610,3657,0,17753,0,4,112560,158760,941,1921,4207,206789615,167246840,0,39542775,231837,33347606,6427006,85102,131434,0,0,6380674,27881107,15831513,163076995,39650046,18924336,6391556,4366264,2748453,3367895,50245573,864648,3550727,130109498,11416466,4737072,1878882,2823740,493947,3971567,45634170,19503,5704770,76680117,43864193,19002846,7613476,5878778,0,2751375,6114208,77002519,3277885,0,1197850,0,543710,0,0,0,0,7202319,4658562,362375,1292114,491025,1225254,18877224,0,5433902,0,-5724168,0,0,0,0,5538056,1957141,12754427,0,0,0,0,4783881,2594449,4856981,862671,12499465,3626037,682000,1569324,6200437,5086912,1493652,161822,403659,17994,1606304,9380286,0,21493036,399284,0,90966,31363572,3322845,0,0,28040727,31363572,175,20547603,12322999,40295941,18802905,0,0,0,0,0,0,0,344,264,173,514324,58832,573156,422,0,60316,105869,135076,24484,12664,105415,39260,6790,24118,332,128551,42491,155347,0,82319,45210,60406,0,143210,49054,175129,0,90441,50243,65079,0,,2003
106301297,placentia-linda community hospital,6/1/2003,12/31/2003,214,audited,excl. ind. audit,orange,13,1011,investor,general,comparable,,(714)993-2000,1301 north rose drive,placentia,92870,kent clayton,ceo,sandy buranathawon,tenet healthcare corporation,0,05-0589,hsc30598h,hsp30598h,114,114,114,2582,1086,370,238,176,169,3191,51,180,8043,581,367,167,81,60,58,1157,18,62,2551,114,0,0,0,0,0,8043,0,0,0,0,0,2551,0,0,0,0,0,33,33,3.2,3.2,12,1131,549,2105,1221,449,1222,141,1313,12762,12,1961,21186,13626,147,0,7857,0,4,73080,96420,586,1153,2800,134037094,108536727,0,25500367,98545,22465196,3133716,47775,90573,0,0,3090918,18327066,9207662,106502366,27440187,12503632,3787918,2578859,1814352,1750672,35164739,528764,1870751,87439874,6850958,2903848,723961,1933568,262717,2472188,27732516,24105,3693359,46597220,30169433,12050158,4102528,4260468,0,1744738,3302690,49191810,2862601,0,614104,0,238197,0,0,0,0,4121712,3357322,348450,251625,332331,920170,13705445,0,2463312,0,-4277229,0,0,0,0,3646396,1144320,7979232,0,0,0,0,3028939,1934332,3396755,1335222,7709298,2532913,425651,1576311,3711307,3728249,875030,113269,777378,0,1015790,9789798,0,20985650,2204,0,107072,30884724,4030308,0,0,26854416,30884724,1607,20790023,12466325,40683249,19697599,0,0,0,0,0,0,0,345,272,177,316271,36466,352737,422,0,35811,65213,82275,15604,6009,62504,23635,3801,21384,35,79368,25365,98447,0,50186,28840,34065,0,88345,29468,110516,0,55605,31768,37035,0,,2003
106320986,plumas district hospital,7/1/2002,6/30/2003,365,audited,excl. ind. audit,plumas,01,0215,district,general,comparable,small/rural,(530)283-2121,1065 bucks lake road,quincy,95971-9507,richard hathaway,administrator,carlos jimenez,plumas hospital district,0,05-0148,,zzr00148f,24,24,24,731,0,293,0,26,18,360,0,115,1543,236,0,165,0,10,7,133,0,42,593,24,0,0,0,0,0,1543,0,0,0,0,0,593,0,0,0,0,0,17.6,17.6,2.6,2.6,2,167,94,8586,0,9552,0,1078,2561,14814,0,3335,39926,7747,33156,0,0,0,1,11756,13159,145,273,1183,19749770,6054582,0,13695188,175113,13673114,197187,366300,208,0,0,563279,1514973,5487644,12747153,2308486,0,940494,0,93806,92305,1738724,0,491580,5665395,4187260,0,2258438,0,315148,818555,5483040,0,1021934,14084375,2693773,0,999183,0,0,196350,180116,1155008,738102,0,12002,0,80048,0,0,0,0,3801973,0,2199749,0,212604,730744,5781541,0,968577,0,0,72153,58823,229079,0,1049402,4418116,3816321,0,0,0,0,1771554,1094662,1205016,318043,5910194,1358598,2258792,302168,1361313,1093719,431677,104749,85283,60402,706219,6569899,0,3100667,710536,236710,0,10617812,1323968,7447,906451,8379946,10617812,2162777,4162963,4847741,9254281,6153614,0,1131355,0,1131355,224904,0,0,188,154,42,293303,32955,326258,37,0,44442,53847,42546,21232,0,97192,26056,3023,958,4007,28797,100756,52155,0,45019,38518,28058,0,31703,111905,57573,0,50473,43019,31585,0,,2003
106370977,pomerado hospital,7/1/2002,6/30/2003,365,audited,incl. ind. audit,san diego,14,1412,district,general,comparable,,(760)485-6511,15615 pomerado road,poway,92064-2405,gerald bracht,vp/administrator,ruth turner,palomar pomerado health system,0,05-0636,hsc30636f,zzt30636f,236,236,179,16242,8136,24743,385,306,494,10356,96,3233,63991,2257,1353,477,115,83,116,2951,10,256,7618,95,12,0,0,129,0,22178,3770,0,0,38043,0,6540,247,0,0,831,0,74.3,74.3,8.4,3.8,0,0,0,24393,7732,2858,2172,389,4973,33280,167,5537,81501,23537,8553,0,43818,0,4,266145,187680,1775,2013,6294,216058304,153337654,13211104,75931754,1598506,79326781,-1796521,861434,1118,0,0,-936205,55182209,13424424,147451671,55115777,26379491,18472787,1531690,1693346,1293943,53927438,111123,3719678,162245273,14230086,6050881,1823520,1091735,415531,1587703,26442762,62971,2107842,53813031,48684103,32555166,13126188,1470262,0,1545403,958462,48463866,5402610,0,174100,-3467,960961,10700994,0,0,2510110,20441498,10506033,6896391,1151705,564729,1496846,33095833,-6,1778725,0,0,0,855493,0,0,19610387,7227537,24312132,0,0,0,0,14504404,3794278,7866684,2011359,27496133,9952699,2628441,3841534,13684425,14439689,3637025,738253,497010,671036,1740536,40407685,1439338,23756670,747160,10333,206393,66567579,21751550,0,7935000,36881029,66567579,26237,45421429,22553986,71861509,48104839,0,0,8470000,8470000,535000,0,11097679,666,633,371,1199204,181317,1380521,175,0,80890,212927,261775,39375,262833,130843,134130,12119,48305,16007,513420,109508,227054,0,225000,57835,66387,0,576146,133329,281304,0,252986,64056,72700,0,,2003
106190630,pomona valley hospital medical center,1/1/2003,12/31/2003,365,audited,incl. ind. audit,los angeles,11,0917,non-profit,general,comparable,,(909)865-9500,1798 north garey ave,pomona,91767-2918,richard e yochum,ceo,anita valoff,pomona valley hospital medical center,0,05-0231,hsc30231f,,436,436,436,24418,15086,34623,6079,24,777,19449,1394,708,102558,4311,2766,7505,1678,6,155,4159,313,153,21046,398,0,0,0,38,0,93073,0,0,0,9485,0,20004,0,0,0,1042,0,64.40000000000001,64.40000000000001,4.9,4.7,26,595,151,77268,45644,67843,39610,2051,17057,231514,3887,23915,508789,55204,25514,0,430063,0,11,619554,463620,3352,7477,16798,1015088782,821361869,40170471,233897384,4276163,237118084,1055463,8582361,6637818,0,0,3000006,288316529,23497870,703274383,159110193,108911963,235652952,40415821,114055,6274464,156772180,8397129,4957025,720605782,47986358,27574961,33000122,20685155,1285985,10308259,138707890,2276099,12658171,294483000,164228704,66745592,205283698,53924416,-7047925,1348283,12162057,288606364,7007490,0,25987699,0,3115491,33315713,3953193,0,2901565,42867847,103057045,55102830,11129753,51757,4420666,7862996,0,9404490,0,0,313606,2258517,0,0,57249757,10096950,84395009,0,0,0,1891378,31812655,14322017,20837350,16512968,98558743,33952716,5519220,13970757,40694707,11593911,15636494,1794389,2931837,4101101,8364209,58627357,35803283,105679743,6906649,27391452,1794342,236202826,33334837,14180635,70041664,118645690,236202826,9053075,80545578,206936239,304578173,198898430,0,0,72740000,73225305,3183641,0,0,2710,2199,1150,4301805,522686,4824491,630,18,366113,777305,968658,102117,132878,1205248,357488,141330,154842,95826,1325401,229549,1091564,40251,679835,457931,334319,142955,1451433,247776,1209867,45237,734594,497790,482048,155746,,2003
106541123,porterville state hospital,7/1/2002,6/30/2003,365,audited,excl. ind. audit,tulare,09,0613,state,specialty,state,,(559)782-2222,26501 avenue 140,porterville,93258,david freehauf,executive director,neva knight,state of california,0,05-0546,,,1210,801,801,925,0,185182,0,0,512,0,0,109634,296253,0,0,60,0,0,0,0,0,36,96,44,0,0,0,1166,0,2109,0,0,0,294144,0,0,0,0,0,96,0,67.09999999999999,101.3,3086,0,0,0,0,0,0,0,0,0,0,0,0,0,0,0,0,0,0,0,0,0,0,0,0,0,150532368,64861987,0,85670381,0,150532368,-64861987,64861987,0,0,0,0,141425032,0,9107336,0,0,0,0,0,0,0,0,0,0,0,0,0,0,0,0,0,0,0,0,214001,0,163408,0,0,0,13377,0,0,0,0,0,64471201,0,0,0,0,0,0,0,0,0,0,0,0,0,0,0,0,0,0,0,0,0,0,0,0,0,0,0,0,0,0,0,0,0,0,0,0,0,0,0,0,0,0,0,0,0,0,0,0,0,0,0,0,0,0,0,0,0,0,0,0,0,0,0,0,0,0,0,0,0,0,0,19,0,0,0,0,0,0,0,0,0,0,0,0,0,0,0,0,0,0,0,0,0,0,0,0,0,0,0,,2003
106190631,presbyterian intercommunity hospital,10/1/2002,9/30/2003,365,audited,incl. ind. audit,los angeles,11,0919,non-profit,general,comparable,,(562)698-0811,12401 e washington,whittier,90602-1006,daniel f. adams,president/ceo,lilian l. gong,interhealth corp.,0,05-0169,hsc30169f,zzt30169f,339,339,234,24624,10988,10127,3469,0,827,24310,0,3320,77665,4982,2654,2509,873,0,178,6004,0,790,17990,277,10,0,17,35,0,65518,3063,0,2399,6685,0,16752,565,0,224,449,0,62.8,62.8,4.3,4,0,0,0,94473,28052,16066,12982,0,24334,104746,0,31350,312003,53353,34351,49921,160966,0,13,444705,378929,3499,5663,13320,754562249,565480092,14506834,203588991,1836651,178493604,26932038,22066364,0,0,0,48998402,188778753,58884681,506898815,159332473,96267410,50124096,17897020,0,6977362,161822158,0,21533647,513954166,55922432,30623759,10470560,11190307,0,10847443,99458136,0,22095446,240608083,159099329,107577145,51229587,25370636,0,0,10324475,179960425,10935563,0,5179881,0,15803051,8114606,170590,0,6221638,54777695,27428630,9080744,3887281,0,6013093,86338595,0,16062953,0,0,0,22066364,0,0,36400262,15314702,48931784,0,0,0,1411070,25153954,7882010,25266578,18133244,68189452,20523701,4163357,8585370,25917002,19551959,12195901,1555807,3845356,1574743,12390956,111648538,140953958,49357325,27163533,61225210,1852496,392201060,28358443,11144825,116202169,236495623,392201060,28758,61794119,95632579,159739318,110381993,0,0,105971917,119177272,2975103,40725769,0,1623,1442,598,2864249,320097,3184346,237,18,253059,670622,677527,24230,242819,575467,231554,3877,109716,75378,931176,313610,577769,13885,466919,202614,358276,0,1035795,349739,653259,15490,509113,223043,397907,0,,2003
106190385,providence holy cross medical center,1/1/2003,12/31/2003,365,audited,incl. ind. audit,los angeles,11,0903,non-profit,general,comparable,,(818)365-8051,15031 rinaldi street,mission hills,91345-1207,michael j. madden,administrator/ceo,glenn bales,sister of providence health system,2,05-0278,hsc30278g,zzt30278g,251,251,251,26932,9642,19288,1908,3758,1802,11755,2019,2415,79519,4420,1724,2805,460,368,262,2719,332,396,13486,203,0,0,0,48,0,63119,0,0,0,16400,0,12828,0,0,0,658,0,86.8,86.8,5.9,4.9,28,3726,1923,17846,7853,7682,6303,792,5554,47896,3152,4348,101426,35140,260,0,72249,0,7,546848,423292,5368,6966,21360,703995864,581878155,23444886,145562595,1523231,145238833,1846993,1340380,350263,0,0,2837110,162773529,34428927,506793408,184602452,81163011,120332737,16079879,16071141,18221317,104241909,17045888,20384863,578143197,22909880,10526917,10571888,8069000,2908526,6915992,54158528,4992634,4799302,125852667,165959705,83023753,95410936,19031872,-779855,15569188,18087118,119077755,16767664,0,41957436,0,7772583,6705915,0,0,16738971,41552627,15372090,16451432,5020205,3410479,7050191,56061653,0,643918,0,-1326111,221025,110832,0,0,35610381,7205355,55178871,0,0,0,0,19084258,4956941,19215179,3987848,60080507,18758099,2687467,5925464,26822837,14770403,3272023,2557468,1867038,723854,7773673,47584170,3537520,27580641,2050728,0,359406,81112465,38117021,427185,25898680,16669579,81112465,2460383,16210950,28126279,46638115,19057474,0,0,26448680,26448680,550000,458718,21857111,1412,1173,630,2307785,259315,2567100,111,0,95550,498582,665920,54310,282224,432663,122610,28196,92818,34912,929962,108996,609307,0,367987,91914,196606,3013,1038999,121757,679332,0,405216,103154,215549,3093,,2003
106190758,providence saint joseph medical center,1/1/2003,12/31/2003,365,audited,incl. ind. audit,los angeles,11,0907,non-profit,general,comparable,,(818)843-5111,501 s buena vista,burbank,91505-1555,michael j. madden,ceo,glenn bales,sister of providence health system,0,05-0235,hsc30235g,zzt40235g,427,427,427,51586,9162,16169,1691,0,1549,24572,428,1153,106310,9556,1618,3273,361,0,302,4982,87,235,20414,334,0,0,0,93,0,88076,0,0,0,18234,0,18256,0,0,0,2158,0,68.2,68.2,5.2,4.8,24,4920,2020,71275,14306,11973,5273,0,12981,131471,896,21796,269971,52408,9679,32209,192583,0,17,920660,344500,9125,3414,35128,959004783,747943855,28852042,239912970,3760583,238386302,5287251,834999,385549,0,0,5736701,198130264,45029687,715844832,333799578,68507241,95618547,12080905,0,14509749,206581402,3013272,8136836,742247530,58983735,11855827,9674207,3717472,0,10648123,103635348,719467,17523074,216757253,318181298,75959655,92358973,12051531,0,0,23464166,197755359,20637923,0,3732739,0,3802211,25678577,0,0,3173465,74602015,30081990,12933781,3746846,0,1693706,115634856,0,1219776,0,-2287708,0,197595,0,0,45124078,13813074,87952850,0,0,0,0,32534367,7668649,40108885,11184399,85811165,32018076,1390525,7804330,41960007,39666155,12199585,2214636,2094956,1622960,11603907,91197560,13638402,89548801,84070754,8948486,733742,288137745,39807687,343699,57207411,190778948,288137745,4132440,133774315,180023218,321710104,232161303,0,0,61455410,61880329,4672918,24572865,176812,2157,1881,800,3591088,436881,4027969,172,0,242162,791440,922033,63294,259479,761845,364664,69752,115569,850,1035656,275835,995241,0,713852,173123,397324,57,1167577,308685,1113784,0,795507,194136,448217,63,,2003
106190382,queen of angels-hollywood presb med ctr,6/1/2002,5/31/2003,365,audited,excl. ind. audit,los angeles,11,0925,investor,general,comparable,,(213)413-3000,1300 north vermont avenue,los angeles,90027-6005,albert greene,ceo,remedios h. maglaya,tenet healthcare corporation,0,05-0063,hsc30063f,hsp30063f,434,410,410,49393,1990,49567,7888,0,657,3544,305,349,113693,3482,172,9147,2549,0,143,614,64,73,16244,317,0,0,28,89,0,77490,0,0,7958,28245,0,14843,0,0,539,862,0,71.8,76,7,5.6,34,8768,3844,20249,1462,35035,10724,0,1182,18876,4686,6295,98509,35103,13898,0,53356,0,10,298920,270780,2600,3073,15195,971520565,831508835,4207020,144218750,481411,148308381,-3608220,282143,238871,0,0,-3564948,200434092,18811295,752275178,304018508,18094188,376626483,42290125,0,6234940,39964611,2895341,3318381,793442577,45227871,3264745,45134413,22356559,0,1739329,49626054,4786474,5942543,178077988,285018461,19778935,335155825,59799091,-17417232,0,7384383,88283044,6780000,0,45445512,-44722,1325538,0,4207020,0,0,64227918,1579998,66355946,8957273,0,589886,1307621,44722,1155386,0,0,0,0,0,0,37334147,6555230,46894216,0,0,0,168484,19426885,6064834,21329258,10535327,55101829,16007150,2260212,11172948,20932734,23525576,5826613,880746,5411331,0,7189242,51931731,0,66201138,333230,20228464,81139971,219834534,18359802,0,0,201474732,219834534,33590,46590118,32566944,90431958,24230820,0,0,0,0,0,20209644,0,1337,1102,692,2171887,271446,2443333,171,3,205463,414154,549552,101176,223384,472439,37514,17476,130001,20728,841357,142961,597220,3792,214622,163985,207950,0,953679,164528,678063,3960,238146,177836,227121,0,,2003
106190382,queen of angels-hollywood presb med ctr,6/1/2003,12/31/2003,214,audited,excl. ind. audit,los angeles,11,0925,investor,general,comparable,,(213)413-3000,1300 north vermont avenue,los angeles,90027-6005,albert greene,ceo,remedios h. maglaya,tenet healthcare corporation,0,05-0063,hsc30063f,hsp30063f,434,410,410,24052,1361,25832,3584,0,460,5497,164,394,61344,1914,55,5242,919,0,36,850,14,38,9068,317,0,0,28,89,0,40184,0,0,4544,16616,0,8244,0,0,328,496,0,66,69.90000000000001,6.8,5.2,34,5344,2142,10467,706,24374,5994,0,584,10558,2110,2622,57415,20491,9153,0,29984,0,10,164520,163860,1480,1730,9156,528473013,456403156,1468265,73538122,234231,88006569,-14234216,132943,280571,0,0,-14381844,105672286,11631590,411169137,148963490,9984100,195261144,21887924,0,2735732,42429268,982296,2340542,424584496,26061746,1809547,25437354,13440583,0,964248,32044862,1585337,2544840,103888517,153189760,11067907,168147390,32536630,-11061103,0,3122417,68258595,3906057,0,27058453,-27028,204078,0,1468265,0,0,21835476,725740,39174562,4206971,0,577563,6215535,27028,775247,0,0,0,0,0,0,19745212,4047993,27444315,0,0,0,171191,12218158,4918401,12488367,6972932,31865601,10573698,1753736,2819540,12839311,15561913,3470113,602476,4064863,274446,4180872,39680788,0,63889338,206617,19142083,81048860,203967686,19067168,0,0,184900518,203967686,925,46868552,33444372,91587820,27698482,0,0,0,0,0,19107931,0,1321,1166,691,1265351,183227,1448578,288,3,116338,233809,368006,77554,135581,276127,19431,11326,20515,6664,514252,80509,334194,3663,122202,94065,116466,0,591684,94158,382170,3891,136327,102109,138239,0,,2003
106281047,queen of the valley hosp,7/1/2002,6/30/2003,365,audited,incl. ind. audit,napa,03,0407,non-profit,general,comparable,,(707)252-4411,1000 trancas st,napa,94558-2906,dennis sisto,president/ceo,kathleen frey,queen of the valley hospital,3,05-0009,,zzr00009f,179,176,165,25976,742,1672,3348,1295,1222,9745,0,364,44364,3593,141,423,689,192,245,2129,0,109,7521,141,0,0,14,24,0,34248,0,0,3722,6394,0,6611,0,0,273,637,0,67.90000000000001,69.09999999999999,5.9,5.5,6,1483,777,60921,7547,6791,14454,4009,15069,96774,212,6790,212567,28690,26408,0,161903,12,7,421309,274764,3392,3616,8805,413136594,272902312,3371599,143605881,1011928,134016270,10601539,-611906,2368478,0,0,7621155,76402367,22042033,314692194,151877238,6957033,7893662,18373369,9162532,9653633,70340316,0,2471507,276729290,43382494,4710230,2717015,8960949,2883733,7938678,61779080,132667,3902458,136407304,134320108,8025965,6761539,17418503,0,9620675,10397792,78088066,7518426,0,720283,0,30955,0,0,0,3371599,60478733,3641298,3849138,9915815,2425590,5892378,57402929,0,0,0,-408000,0,-1718295,0,0,24215761,8575667,44790087,120433,0,0,0,20135838,3354872,31097525,1726087,48361929,22486574,5742109,7696533,20674622,12357414,6919705,1308758,0,1375131,7093495,80498000,31440000,50706406,7539292,7856000,0,178039698,27504000,0,32628698,117907000,178039698,10800000,45251313,70794494,144491406,93785000,2050000,0,31032698,33082698,454000,0,0,1350,939,347,1831166,234645,2065811,124,0,105951,508656,433076,34420,140964,278820,150154,65729,72670,40726,550832,121990,552544,0,274290,106661,185478,39371,618480,137001,628044,0,307151,120618,210483,44034,,2003
106171049,redbud community hospital,1/1/2003,12/31/2003,365,audited,incl. ind. audit,lake,01,0115,non-profit,general,comparable,small/rural,(707)994-6486,15630 18th ave - hwy 53,clearlake,95422,kendall fults,president/ceo,jay whitcomb,adventist health clearlake hospital,0,05-0539,,zzr00539g,32,32,32,3577,0,1606,0,260,93,413,167,237,6353,856,0,541,0,79,24,162,55,108,1825,32,0,0,0,0,0,6353,0,0,0,0,0,1825,0,0,0,0,0,54.4,54.4,3.5,3.5,4,280,157,40343,0,50038,0,8385,10772,15436,947,13830,139751,17640,64138,8977,48421,0,2,29577,72555,586,1914,3906,113488610,76645831,0,36842779,211565,38740663,-1686319,76112,105635,0,0,-1715842,16475818,17003270,80009522,28654212,0,12112264,0,2145182,835699,3695847,1252310,1619842,50315356,26353833,0,15188123,0,3368403,2290051,13246694,287819,2438331,63173254,42989127,0,16285435,0,-159861,3931290,1451670,6429320,3442248,0,2059046,0,217556,0,0,0,0,12018918,0,10655896,0,1582295,1674080,10513221,0,398369,0,0,1000,0,0,0,4422708,9605449,12012459,0,0,0,0,3982416,1657665,5117736,1942230,15080754,4000087,4631783,2404680,3817295,4139139,1927610,624226,213798,440574,1460717,7929190,782863,8189045,3522010,2011769,785294,23220171,13366229,0,17327778,-7473836,23220171,581923,5677400,6650825,13840760,5651715,0,79419,17295193,17699891,372113,1971589,437055,399,399,79,776017,78714,854731,67,0,87139,116148,111990,24991,64343,236175,77121,33527,21082,3501,96433,233359,195017,0,102472,69436,79300,0,105326,253509,222442,0,109669,77059,86726,0,,2003
106450940,redding medical center,6/1/2002,5/31/2003,365,audited,excl. ind. audit,shasta,01,0209,investor,general,comparable,,(530)244-5400,1100 butte street,redding,96001,hal chilton,ceo,sandy buranathawon,tenet healthcare corporation,3,05-0312,hsc30312h,hsp30312h,239,239,239,32552,152,6544,4,2152,923,7743,33,257,50360,5106,32,1150,1,471,202,1717,7,56,8742,239,0,0,0,0,0,50360,0,0,0,0,0,8742,0,0,0,0,0,57.7,57.7,5.8,5.8,0,0,0,48256,149,22865,11,5736,4003,31634,50,6630,119334,31195,25362,15077,48771,0,12,484140,304380,3800,4264,12573,1293307789,1093027822,0,200279967,1264649,156117316,45427300,134516,853355,0,0,44708461,153686125,27373080,1112248584,645989763,3111582,110132181,97723,49888929,21395982,183797961,4572788,5987532,1024974441,108237608,348567,44957307,8483,10579733,7383344,84028344,563278,12226684,268333348,651504511,2383731,144749819,60074,0,52003050,19826365,198383635,9735304,0,6610097,0,7771236,0,0,0,0,102722860,1076418,8865638,46132,8465612,6143780,62518024,0,10441503,0,14118356,0,0,0,0,25785033,12388542,67006682,0,0,0,0,17586205,7009140,18900899,7440815,47938183,18418913,3595332,10622317,36953359,20022589,7509399,2496792,1350231,132194,7078007,37986316,0,103511078,5561111,300288739,1007096,448354340,49190674,0,0,399163666,448354340,0,87396831,59026999,154998770,51487692,0,0,0,0,0,300288229,0,1183,1035,560,1966497,329875,2296372,324,0,185793,423563,489024,56044,241602,364933,22567,39352,138128,5491,584174,189748,674996,0,177293,125365,214921,0,697191,223260,791366,0,199012,148081,237462,0,,2003
106450940,redding medical center,6/1/2003,12/31/2003,214,audited,excl. ind. audit,shasta,01,0209,investor,general,comparable,,(530)244-5400,1100 butte street,redding,96001,candace markwith,ceo,sandy buranathawon,tenet healthcare corporation,0,05-0312,hsc30312h,hsp30312h,239,239,239,14186,52,3967,9,1063,365,2937,94,174,22847,2325,15,572,2,284,97,771,25,46,4137,239,0,0,0,0,0,22847,0,0,0,0,0,4137,0,0,0,0,0,44.7,44.7,5.5,5.5,0,0,0,19767,72,13852,84,2924,1833,14101,15,3849,56497,17503,8386,0,30087,0,12,246540,160860,1673,2333,7690,535329427,473543781,0,61785646,405210,80587434,-18396578,197246,223658,0,0,-18422990,68409179,11848045,455072203,236493648,800241,62201624,108159,19267618,6616321,71834370,2008567,3144530,402475078,51242746,125899,24284258,149492,5454966,3419481,40969166,35043,7173298,132854349,257003952,717886,79718081,198312,0,24577812,7779124,88341246,8348058,0,3615055,0,3244255,0,0,0,0,30732442,208254,5196356,59339,144772,1844268,20614936,0,2985279,0,-2311419,0,0,0,0,11636234,5397926,29944877,0,0,0,0,9741315,4052373,12244234,7570475,23899620,11138497,1094051,1663761,15567383,11039358,4284650,1219013,4036868,0,6644233,34071434,0,103139910,4272256,268756717,797028,411037345,32608088,0,0,378429257,411037345,0,88047169,62010169,158638932,55499022,0,0,0,0,0,266955512,0,1065,947,602,982950,180637,1163587,349,0,97106,223689,281156,30781,119325,184505,12847,25420,7770,351,274931,90593,338565,0,98476,66229,114156,0,334829,108581,403405,0,111496,77382,127894,0,,2003
106361308,redlands community hospital,10/1/2002,9/30/2003,365,audited,incl. ind. audit,san bernardino,12,1209,non-profit,general,comparable,,(909)335-6435,350 terracina boulevard,redlands,92373-4850,james holmes,president,mercy s. damoo,redlands community hospital,0,05-0272,hsc30272f,,172,172,172,9272,9550,5771,952,165,776,21449,346,344,48625,1862,2522,1201,256,20,249,5593,57,134,11894,138,18,0,0,16,0,39332,5244,0,0,4049,0,10109,988,0,0,797,0,77.5,77.5,4.1,4,22,3878,2060,17678,5374,12632,723,50,1871,47292,92,6482,92194,35505,998,13965,31076,8597,6,289128,133820,3720,4240,17753,297973273,236627894,60069777,121415156,911337,118196258,4130235,1622198,0,0,0,5752433,62609459,23469496,211894318,44147222,55420623,16710887,3345724,683420,3984894,88740394,1849233,1841866,216724263,15006114,8574181,4822764,650506,187993,3046756,42518673,351726,6090297,81249010,41737174,50780219,18784888,1041422,0,768227,4715162,110630438,3428781,0,1029893,0,3711690,36920593,1474818,0,21674366,17416162,50135178,2748763,4429626,103186,2316488,42302995,1171066,791692,0,0,0,432003,0,0,19233970,6887985,35529470,15848127,11501265,0,0,11002135,3466857,10765361,3961088,37209955,14354495,373990,2438290,17929726,35339219,5023623,514138,1537108,638812,2836902,20471449,331646,28658657,5324558,48072511,217653,103076474,24960573,0,7738069,70377832,103076474,6619608,57065871,48088319,107618140,78959483,0,0,9548092,10032516,2294447,731544,0,1278,837,432,1601258,161861,1763119,211,0,170011,399425,433101,103025,167592,306486,0,0,19678,1940,540665,188187,492939,0,89569,110378,179520,0,593606,204871,539603,0,101332,122541,201166,0,,2003
106121051,redwood memorial hospital,7/1/2002,6/30/2003,365,audited,incl. ind. audit,humboldt,01,0107,non-profit,general,comparable,small/rural,(707)445-5075,3300 renner drive,fortuna,95540-3120,michael l. purvis,ceo,jennifer floyd,st. joseph health system,0,05-0172,,zzr00172f,56,56,56,3920,12,1010,0,169,159,1167,0,187,6624,921,4,356,0,43,42,360,0,55,1781,46,0,0,0,10,0,6158,0,0,0,466,0,1699,0,0,0,82,0,32.4,32.4,3.7,3.6,8,719,312,9753,21,11795,0,1350,2736,14818,0,3815,44288,11842,8968,0,23044,0,2,63990,102446,538,1485,0,61142831,40369118,0,20773713,161506,20491955,443264,159738,570824,0,0,32178,8419816,7017233,45705782,17481105,51910,5176091,0,823936,860524,6438561,0,920790,31752917,8495500,18255,5601406,0,1005215,2277734,10225869,0,1765935,29389914,20210138,54275,7696061,0,0,1558348,1411185,7686061,1474366,0,140403,0,138281,0,0,0,0,5766467,15890,3081436,0,270803,1727073,8978369,0,933675,0,-1300,182709,-265199,0,0,3688335,2312750,6837305,0,0,0,0,3004201,822315,2878760,948289,7508156,4206847,1066202,650129,2611926,1965798,1246103,107913,320792,88129,719960,7854590,9661304,8640542,328688,0,36972,26522096,7923243,0,2168126,16430727,26522096,2846556,10227463,11788459,22319277,13678735,0,0,2200796,2200796,32670,0,0,218,203,98,390574,43092,433666,35,0,34619,89978,106090,9408,29345,64504,41263,3899,3235,8233,92595,50517,111408,0,70459,27799,37796,0,103379,56538,122966,0,77720,31307,41756,0,,2003
106430705,regional medical center of san jose,1/1/2003,12/31/2003,365,audited,excl. ind. audit,santa clara,07,0431,investor,general,comparable,,(408)259-5000,225 north jackson avenue,san jose,95116-1603,william gilbert,administrator,william a. fretwell,columbia hca corporation  inc.,0,05-0125,hsc00125f,,184,184,130,24308,2600,11587,3826,0,326,3054,270,1141,47112,2793,1539,3048,341,0,201,1891,87,673,10573,184,0,0,0,0,0,47112,0,0,0,0,0,10573,0,0,0,0,0,70.09999999999999,70.09999999999999,4.5,4.5,20,5493,2519,30316,8316,19523,30869,0,504,43857,6102,5576,145063,45687,3107,0,96779,0,6,206365,259781,2020,4655,8605,514323371,400808353,6910,113521928,685535,138502408,-24294945,37806,0,0,0,-24257139,127146800,30437594,356738977,170405573,23574158,95170757,28397859,0,2088898,27671065,2313207,9350131,358971648,39575155,9965092,18745225,28007674,0,511062,49762761,263189,8521565,155351723,169106636,25631238,84834349,48666798,-3562231,0,1563336,41820051,15043114,0,15005186,0,2699876,0,0,0,6910,40874092,7908012,20650634,7303175,0,1036624,35620685,0,128706,0,0,0,36898,0,0,32182135,8853685,36160473,0,0,0,0,17286535,7927585,18843621,17248374,49026940,23168544,3605151,6211019,12944491,17517209,5490948,900386,1412342,12556178,5669200,22219579,0,56508806,3288273,0,9641981,91658639,154238793,0,0,-62580154,91658639,0,30523334,28701694,74737869,18229063,0,0,0,0,0,0,140888456,926,711,526,1309885,200495,1510380,442,0,117737,232877,454421,30658,145575,193226,102910,0,17882,14599,439654,91965,395297,0,212670,48493,121806,0,515271,105849,455070,0,236470,55814,141906,0,,2003
106424047,rehabilitation inst at santa barbara,7/1/2002,6/30/2003,365,audited,incl. ind. audit,santa barbara,10,0807,non-profit,specialty,comparable,,(805)687-7444,2415 de la vina,santa barbara,93105,melinda staveley,president/ceo,suzi wiley,rehabilitation institute at santa barbara,0,05-3028,,hsp30031g,36,36,22,4336,420,0,596,93,123,2208,0,11,7787,336,33,0,31,7,7,141,0,1,556,0,0,0,36,0,0,0,0,0,7787,0,0,0,0,0,556,0,0,59.3,59.3,14,14,0,0,0,2606,47,0,385,39,215,3508,0,282,7082,0,7082,0,0,0,0,420,0,7,0,0,21333618,11002560,0,10331058,1106608,13792844,-2355178,1371012,45027,800,0,-1029993,8364371,2062008,10907239,10640556,962371,0,1681376,212131,292024,5458776,0,24376,19271610,686542,19171,0,77792,9248,66904,1119012,0,83339,2062008,5634660,700605,0,1092136,0,90163,118016,2885991,449984,0,5202,-18831,44634,0,0,0,0,5688985,280937,0,667032,131216,240912,3303352,0,18624,0,0,766903,362259,0,0,2290433,920405,2684027,0,0,0,0,2726038,641876,3549820,980245,6331992,2460919,209808,615155,526240,1569105,793950,270767,167227,263686,583995,3847064,1047497,17079161,0,128213,0,22101935,3372966,1707652,3052995,13968322,22101935,1003229,16219837,3646240,20429440,3350279,0,0,0,3300948,247953,0,0,208,149,55,290410,32474,322884,66,0,48974,96455,21459,5584,21941,46109,19070,16907,6472,7439,69321,25515,49463,0,57340,20355,68416,0,76682,27987,55105,0,64741,21938,76431,0,,2003
106580996,rideout memorial hospital,7/1/2002,6/30/2003,365,audited,incl. ind. audit,yuba,02,0227,non-profit,general,comparable,,(530)749-4545,726 4th street,marysville,95901-5656,thomas p. hayes,ceo,georgia kaiser,fremont rideout health group,3,05-0133,,zzr00133f,149,109,109,18974,110,5403,22,1926,5206,181,0,927,32749,3662,30,1014,8,397,1553,68,0,100,6832,149,0,0,0,0,0,32749,0,0,0,0,0,6832,0,0,0,0,0,60.2,82.3,4.8,4.8,0,0,0,33976,162,18000,170,2868,24160,1131,0,6776,87243,26109,0,14412,46173,0,5,181926,142721,1691,2165,9142,217657367,124382436,0,93274931,716876,100511616,-6519809,2201253,6331,0,0,-4324887,30431490,20156216,167069661,76808259,520004,21539291,52306,7043309,25570240,714303,0,3853502,136101214,26326960,170908,15387583,142650,3392361,30444313,1166962,0,4524416,81556153,66621993,638912,34558968,189788,0,2016426,13902905,419212,5924376,0,109856,0,0,0,0,0,0,36513226,52000,2367906,5168,8419244,42111648,1462053,0,2343686,0,219138,710000,1491253,0,0,18499096,11430082,44182578,0,0,0,84332,11045412,2236814,7330708,5702594,31248684,12342872,0,12036518,22500419,8137090,6780835,2207482,735583,1442351,3079782,35029178,51466022,45633249,713597,0,638118,133480164,18796882,0,28709804,85973478,133480164,8320137,54370944,36398877,95639616,50006367,0,0,27766648,29528648,818844,0,701768,956,780,313,1524753,163324,1688077,153,1,87039,383785,393269,81874,37725,258069,102069,115180,60435,5308,440351,200839,451959,3049,226487,82419,119649,0,484242,219612,499596,3375,253409,94658,133185,0,,2003
106150782,ridgecrest regional hospital,2/1/2002,1/31/2003,365,audited,excl. ind. audit,kern,09,0621,non-profit,general,comparable,small/rural,(760)446-0621,1081 north china lake blvd,ridgecrest,93555-3130,david mechtenberg,ceo,bob miller,ridgecrest regional hospital,0,05-0448,,zzt30448f,80,80,80,4814,0,1829,229,0,3498,0,0,209,10579,1092,0,581,84,0,1206,0,0,58,3021,80,0,0,0,0,0,10579,0,0,0,0,0,3021,0,0,0,0,0,36.2,36.2,3.5,3.5,8,1029,479,16905,0,6780,1312,0,23150,0,0,2598,50745,14154,0,5883,29026,0,5,81910,86729,785,3081,4686,66474897,32106367,0,34368530,134902,32273183,2230249,601266,94796,0,0,2736719,11353309,3906291,51215297,15553991,0,6364106,753864,0,11855463,0,0,731484,35258908,10311302,0,3738050,702904,0,15441089,0,0,1022644,31215989,15142711,0,7220397,769804,0,0,7002160,0,712331,0,1033578,-37077,262463,0,0,0,0,10482268,0,2748646,631555,0,19967576,0,0,538485,0,0,72692,358044,0,0,4512877,2626419,13539649,0,0,0,0,5397048,1712237,3265013,1219940,12477289,5921193,332970,2428029,4925233,2298141,1822693,230970,285679,198488,1352498,9573544,17078679,11614414,0,0,37790,38304427,3923003,0,3698988,30682436,38304427,1929030,13184754,12608666,26251231,14636817,951016,0,0,4656690,957702,0,0,371,316,117,621857,77791,699648,43,0,62973,109044,115149,30027,30477,139621,62081,29437,12841,30207,120476,53824,196509,0,118906,62264,69878,0,135347,61015,221878,0,132381,70538,78489,0,,2003
106331312,riverside community hospital,1/1/2003,12/31/2003,365,audited,excl. ind. audit,riverside,12,1111,investor,general,comparable,,(909)788-3492,4445 magnolia ave,riverside,92501-4135,jaime wesolowski,president/ceo,dorothy butler,riverside community hospital,2,05-0022,hsc30022g,,364,364,364,26546,10472,12323,4697,554,2135,26548,0,3085,86360,3839,2975,2054,1421,122,624,6460,0,589,18084,364,0,0,0,0,0,86360,0,0,0,0,0,18084,0,0,0,0,0,65,65,4.8,4.8,21,5725,3261,11191,8789,9707,16524,1415,4068,34382,0,17090,103166,68762,0,0,36413,0,10,893727,192765,5840,2077,21001,622259178,436254508,0,186004670,2073027,174749925,13327772,1602658,468790,0,0,14461640,141180508,36589945,444488725,154942021,73264591,62657821,15510809,3216355,17749017,165517892,0,20761333,513619839,18958971,9081419,8467668,7700289,986171,5279917,39121974,0,19042930,108639339,123952527,56038426,63980313,19638988,0,3063275,8707956,101942988,27524125,0,1890117,0,29515793,0,0,0,0,42188890,22732187,3978652,2559206,956324,13281751,93713973,0,6593687,0,0,0,1208993,0,0,35711706,8618654,67197548,0,0,0,0,24178711,5405597,29032353,4605356,54519696,20828440,3123511,10098556,35789856,36021679,4056059,2326391,3925441,4722,4055574,65629435,0,58246822,4330420,75500,5727526,134009703,12628217,0,0,121381486,134009703,0,27042008,49867000,82552156,24305334,0,0,0,0,0,19662422,0,1553,1184,713,2409224,226159,2635383,300,0,98780,442875,744298,116787,249389,290389,275597,17892,124836,48381,867635,144938,680605,0,460291,16891,237500,1364,943393,157074,745133,0,506031,19218,262967,1567,,2003
106334487,riverside county regional med ctr,7/1/2002,6/30/2003,365,audited,incl. ind. audit,riverside,12,1109,city/county,general,comparable,teaching,(909)486-4000,26520 cactus avenue,moreno valley,92555,douglas bagley,administrator,ronald decker,county of riverside,2,05-0292,hsc30292t,zzt30292t,439,359,359,9498,0,30140,6889,30222,13652,0,0,0,90401,1599,0,5539,1634,6599,3152,0,0,0,18523,362,77,0,0,0,0,63374,27027,0,0,0,0,13957,4566,0,0,0,0,56.4,69,4.9,4.9,32,3582,1532,9609,0,46950,24697,64757,53960,0,0,0,199973,74664,116913,0,15115,412,10,660023,297202,4250,3690,11382,473348256,219677255,0,253671001,7103590,239465782,21308809,64822972,1906871,0,0,84224910,136211390,45225061,291911805,30087793,0,125812150,34615330,79657178,72522257,0,0,0,342694708,6674786,0,36180244,12467084,49198964,26132470,0,0,0,130653548,22865797,0,55069461,40155408,-78088565,128856142,50819012,0,0,0,0,0,0,0,0,0,0,13896782,0,185011498,6927006,0,47835715,0,0,0,89493613,0,0,0,0,63154596,34263641,15427584,53525456,2882992,8984766,0,4847524,42018771,14124647,40529462,22860939,84766497,20140626,18864766,9180616,32258569,29378709,11796146,5754168,1217643,10905064,15202978,85976785,0,175326896,933683,22451445,0,284688809,64094086,0,228535308,-7940585,284688809,7823,169998447,62940105,252865033,77538137,0,8774146,232282841,241056987,12521679,27424312,0,1925,1925,666,3730997,382552,4113549,298,87,269029,588942,653214,150097,205129,1404469,230348,120432,109337,0,1052085,577893,634077,6946,828467,227472,404057,0,1143239,632161,710057,7827,916294,253967,450004,0,,2003
106190366,robert f. kennedy medical center,7/1/2002,6/30/2003,365,audited,incl. ind. audit,los angeles,11,0929,non-profit,general,comparable,,(310)349-4000,4500 west 116th street,hawthorne,90250,joan bero,ceo/president,jennifer floyd,daughters of charity health system,0,05-0420,hsc30420h,zzt30420h,246,246,246,15987,4682,19880,1617,0,1364,2705,0,1469,47704,1990,938,2348,439,0,145,648,0,290,6798,154,58,0,0,34,0,22857,15776,0,0,9071,0,4789,1616,0,0,393,0,53.1,53.1,7,6,11,2314,1016,20401,2113,6034,6191,0,2224,5656,0,10328,52947,27363,0,0,14431,0,8,35961,72843,706,2197,4159,209356487,147190406,5523097,67689178,328179,72339398,-4322041,197471,184052,0,0,-4308622,71918436,12549251,124888800,62167604,19879651,54478890,6498411,0,2969052,11203908,0,6098153,163295669,11710350,4116618,6796169,5819613,0,2793993,9090402,0,5733673,46060818,31538078,10299390,47965770,10445333,-4183763,0,8370099,32499096,2595707,0,7067874,0,592822,3893652,937480,0,691965,42339876,17590531,14980144,2810171,0,-2607054,-11512821,0,4088331,0,0,0,29563,0,0,18358399,3626615,17743238,2041053,0,0,0,9101863,2915241,9204533,9348456,30881686,5077564,1701833,2637708,7006290,9619422,3539898,713574,2339932,5631643,3189848,22525292,12447306,20161368,14014645,0,127598,69276209,89932022,0,34123832,-54779645,69276209,0,15162915,22180472,38337740,18176372,579013,0,34917565,35496578,1372746,407821,65862348,753,553,305,1068481,119281,1187762,239,0,164478,246398,222428,47526,44558,137978,83989,83894,34468,2764,440173,67309,216376,0,154894,74340,115389,0,483707,73003,243297,0,171110,86607,130038,0,,2003
106014113,s.t.a.r.s.  - phf,1/1/2003,12/31/2003,365,audited,incl. ind. audit,alameda,05,0421,investor,psychiatric,phf,,(510)678-5500,2050 fairmont drive,san leandro,94578,dr. peter zucker,administrator,bruce wright,s.t.a.r.s.  inc.,0,,,,16,16,16,0,0,0,0,0,0,0,0,2761,2761,0,0,0,0,0,0,0,0,119,119,0,16,0,0,0,0,0,2761,0,0,0,0,0,119,0,0,0,0,47.3,47.3,23.2,23.2,0,0,0,0,0,0,0,0,0,0,0,0,0,0,0,0,0,0,0,0,0,0,0,0,4497729,0,0,4497729,1175017,6939337,-1266591,0,0,0,0,-1266591,1327865,0,3169864,0,0,0,0,0,0,0,0,4497729,4497729,0,0,0,0,0,0,0,0,0,0,0,0,0,0,0,0,0,0,0,0,0,0,0,0,0,0,0,0,0,0,0,0,0,0,0,4497729,0,0,0,0,0,0,1390716,0,2768969,0,0,0,0,813225,152171,1721076,93180,3087199,726545,0,1509306,233407,740710,17814,335201,93180,0,195975,593595,0,29312,0,0,0,622907,1553056,0,25332,-955481,622907,0,0,218817,218817,189505,0,0,0,25332,0,0,1147393,57,57,0,113486,10759,124245,0,0,16172,36611,11220,0,19003,14502,10089,0,0,5889,39582,0,35109,0,11452,5212,22131,0,43460,0,38472,0,12597,5733,23983,0,,2003
106344011,sacramento county mental health ctr-phf,7/1/2002,6/30/2003,365,audited,excl. ind. audit,sacramento,02,0311,city/county,psychiatric,phf,,(916)875-1000,2150 stockton blvd.,sacramento,95817-1337,sandy damiano  ph.d,executive director,william r. tubbs  jr.,county of sacramento,0,,,,100,100,100,0,0,0,0,0,34964,0,0,0,34964,0,0,0,0,0,2093,0,0,0,2093,0,100,0,0,0,0,0,34964,0,0,0,0,0,2093,0,0,0,0,95.8,95.8,16.7,16.7,0,0,0,0,0,0,0,0,0,0,0,0,0,0,0,0,0,0,0,0,0,0,0,0,23210947,0,0,23210947,0,23750321,-539374,0,0,0,0,-539374,23210947,0,0,0,0,0,0,0,0,0,0,0,0,0,0,0,0,0,0,0,0,0,0,0,0,0,0,0,0,0,0,0,0,0,0,0,0,0,0,0,0,0,0,0,0,0,0,0,0,0,0,0,0,0,0,0,0,0,0,0,0,0,0,0,0,0,0,0,0,0,0,0,0,0,0,0,0,0,0,0,0,0,0,0,0,0,0,0,0,0,0,0,0,0,0,0,0,0,0,0,0,0,0,0,0,0,0,5,4,0,0,0,0,0,0,0,0,0,0,0,0,0,0,0,0,0,0,0,0,0,0,0,0,0,0,,2003
106301317,saddleback memorial medical center,7/1/2002,6/30/2003,365,audited,incl. ind. audit,orange,13,1017,non-profit,general,comparable,,(949)837-4500,24451 health center drive,laguna hills,92653-3689,stephen b. geidt,ceo,donna j. anglin,memorial health services,0,05-0603,,zzt30603f,252,250,167,18346,13635,634,321,229,763,21771,0,1638,57337,3779,3462,167,92,46,212,6012,0,454,14224,240,0,0,12,0,0,53451,0,0,3886,0,0,13957,0,0,267,0,0,62.3,62.8,4,4,24,7382,3043,67462,38020,1337,3583,1643,14565,146870,0,10947,284427,30617,6999,57959,150831,2204,10,559072,257227,4404,2481,11152,529000821,383119027,33267172,179148966,2935286,180383611,1700641,10942537,8333012,0,0,4310166,126345597,39932334,362722890,124436258,109778071,3962959,2484755,1830203,5833787,146588664,0,8716533,403631230,36070271,23413953,394971,1205037,428410,7667318,52769291,0,3420340,125369591,121804007,125802512,4158711,3210485,0,2151340,6161389,109602293,4402687,0,649102,0,5176501,29090978,0,0,4176194,35751916,36480490,199219,479307,107273,7339716,91205832,0,7585213,0,9775696,0,1053616,0,0,32847877,18399753,56580992,8928746,6768284,0,183942,22434762,7680792,22689811,3868652,62700720,24150403,1037625,7135808,31712199,31892584,8021279,4283649,1690214,550000,7209130,101056421,0,60294950,2604292,0,0,163955663,24529019,0,40000000,99426644,163955663,7015,59116057,61607445,150603688,90308738,0,0,40000000,40000000,0,75692423,0,1997,1600,765,3051446,404493,3455939,559,5,162326,634921,751180,5407,208614,755523,256556,148066,103231,25622,768118,362773,650784,2546,447445,249186,367752,202842,841129,404668,788433,2845,498789,279164,417384,223527,,2003
106270875,salinas valley memorial hospital,7/1/2002,6/30/2003,365,audited,incl. ind. audit,monterey,08,0705,district,general,comparable,,(831)757-4333,450 e. romie lane,salinas,93901-4029,samuel w. downing,president/ceo,marsha frazier,salinas valley memorial hospital district,0,05-0334,,zzr00334f,207,207,198,28697,37,1008,3666,187,4102,15097,0,1121,53915,5019,8,320,1164,32,1143,4208,0,358,12252,207,0,0,0,0,0,53915,0,0,0,0,0,12252,0,0,0,0,0,71.40000000000001,71.40000000000001,4.4,4.4,33,2906,1520,22485,20,1111,8208,40,15287,31766,0,6740,85657,32099,31482,0,25358,0,7,498720,149515,4495,2415,12363,447040789,225838751,0,221202038,2501405,210511492,13191951,3560094,874262,0,0,15877783,86011472,26861079,334168238,181532474,212108,4964486,20619484,1584405,27740121,92751695,0,7790830,337195603,41613951,27340,1141034,9468169,430962,12941696,39854086,0,4367948,109845186,155996853,36947,1454300,23084268,0,1109259,5402193,25124227,11588524,0,2042180,0,0,0,0,0,0,67149572,202501,4651220,7003385,906108,33671074,102238350,0,5379828,0,0,0,-708290,2624325,0,45028752,11785445,75722473,0,0,0,0,37231262,8242558,25185364,7315638,82729103,45164350,3797859,6306578,41086389,11133988,11651235,940107,1035236,581490,6085157,81386524,0,131667594,10855124,25595406,482912,249987560,31516444,0,18813092,199658024,249987560,27331363,133670170,70769001,218149151,86481557,0,0,0,25802530,6989438,0,0,1825,1526,587,2693965,538041,3232006,196,0,89241,540725,708776,66013,277501,625718,256366,71687,42941,14997,768496,167921,597623,0,658563,186286,315076,0,906164,193686,762494,0,775348,222339,371975,0,,2003
106361318,san antonio community hospital,1/1/2003,12/31/2003,365,audited,incl. ind. audit,san bernardino,12,1207,non-profit,general,comparable,,(909)985-2811,999 san bernardino road,upland,91786-4920,george kuykendall,president,ken eras,san antonio community hospital,0,05-0099,hsc30099f,zzt30099f,254,254,254,25680,6140,4169,2788,0,1940,23182,1135,284,65318,5610,1270,867,889,0,462,6214,263,66,15641,254,0,0,0,0,0,65318,0,0,0,0,0,15641,0,0,0,0,0,70.5,70.5,4.2,4.2,0,0,0,38211,5271,9464,17221,0,11070,117522,13753,3439,215951,63717,0,0,152844,0,9,534579,301395,4058,3682,0,661766635,476481099,0,185285536,1919347,195183873,-7978990,10632104,608250,0,0,2044864,159383004,62062002,440321629,165362688,48953754,29037643,16532791,0,15320490,165618598,8280442,2070112,451176518,44173589,4271003,7370327,12513856,0,11336098,115046528,12702973,3175743,210590117,167035142,35105628,33462530,18935876,0,0,6161961,195402665,15627168,0,3459957,0,1290172,0,0,0,0,41496666,18119129,2842440,10110771,0,18931910,82137028,9179676,2467916,0,0,0,6694705,0,0,43637837,11395902,67588420,0,0,0,0,36061100,9703860,16209739,10587015,77617184,38945747,1099373,5078890,36665191,14759591,9809154,1239675,2921066,2472032,4575970,59330257,101467399,68151735,2887054,20641674,0,252478119,37076132,2689707,42955000,169757280,252478119,10309566,101468988,92090836,210539953,142388218,0,0,46220000,46220000,3265000,62782,0,2077,1711,785,3175058,446575,3621633,498,0,109041,690933,811861,76555,337614,721105,365256,0,62693,0,912987,226273,854741,0,688292,250078,242687,0,1059054,260228,979920,0,769286,283066,270079,0,,2003
106301325,san clemente hospital & med ctr,1/1/2003,12/31/2003,365,audited,excl. ind. audit,orange,13,1017,investor,general,comparable,,(949)489-4570,654 camino de los mares,san clemente,92672-2827,pat wolfram,ceo,ann ascheri,netcare health systems,0,05-0585,,hsp30585i,71,71,33,6638,686,60,308,243,302,2912,2,454,11605,1445,259,25,93,77,103,994,0,161,3157,61,0,0,10,0,0,9537,0,0,2068,0,0,2930,0,0,227,0,0,44.8,44.8,3.7,3.7,0,0,0,5585,834,314,1920,549,2702,17392,30,3290,32616,20219,0,0,14834,0,2,112110,177656,622,2710,7669,103833618,76242913,0,27590705,271536,28951181,-1088940,286582,511819,0,0,-1314177,19103896,9820029,74909693,31800467,4131321,500995,2157894,1724283,1457044,21423410,6066,1994370,65195850,8583383,1011087,240984,1277984,524637,2189470,22038002,42944,2729277,38637768,28777252,3866619,521548,3136390,0,2144195,2393878,31368224,3230008,0,105644,0,699155,0,0,0,0,10322634,1075102,190061,228740,104725,1194156,10787152,14366,3673769,0,0,0,12638,0,0,5605645,1137212,10609525,0,0,0,0,4089694,1633312,3785547,2090246,10741633,3049449,179976,2225092,5114442,2852825,669082,818794,215578,664485,2419825,7891567,0,4900257,66981,1151768,0,14010573,9318501,0,5450816,-758744,14010573,1635185,2068366,3450268,6318634,1418377,4418696,1339145,0,8863274,3412458,0,0,235,220,89,456835,31895,488730,135,0,51864,96059,86885,24222,40880,101526,24354,0,22977,8068,124478,25294,145446,0,52869,49892,58856,0,131419,27235,154825,0,58093,54209,62949,0,,2003
106374055,san diego county psychiatric hospital,7/1/2002,6/30/2003,365,audited,excl. ind. audit,san diego,14,1418,city/county,psychiatric,ltc emphasis,,(619)692-8211,3853 rosecrans street,san diego,92110-3115,jean m. shepard,hhsa acting director,megan upham,county of san diego,0,05-4632,,hsp34114f,431,431,357,848,0,59990,0,7736,114,0,0,630,69318,9,0,76,0,980,14,0,0,2,1081,0,109,0,0,322,0,0,7858,0,0,61460,0,0,995,0,0,86,0,44.1,44.1,64.09999999999999,7.9,0,0,0,13113,0,352,0,109425,3359,0,0,0,126249,39429,86820,0,0,0,0,0,0,0,0,0,47541775,2100968,0,45440807,107241,66638457,-21090409,21090409,0,0,0,0,21866789,20646032,5028954,407035,0,19634914,0,5366386,79081,0,0,196543,25683959,2376033,0,74551,0,18787684,619548,0,0,0,21857816,183204,0,5673,0,0,1858307,53784,0,0,0,0,0,0,0,0,0,0,2599864,0,19703792,0,22295763,644845,0,0,196543,0,0,0,0,0,21090409,13191939,18310900,2833767,0,0,0,0,11461099,2375360,17402869,1062523,29767304,5881118,0,220882,9573596,2775151,259433,86943,803090,0,17270940,4280313,0,5866049,0,0,0,10146362,95158,0,0,10051204,10146362,1,9783632,535264,10318896,4452847,0,0,0,0,0,0,0,787,612,375,1221826,98029,1319855,0,0,87547,147069,154586,68900,325874,108664,126398,155221,47567,0,538369,320303,6240,0,239717,27858,89339,0,609960,327049,6248,0,254245,28711,93642,0,,2003
106374084,san diego hospice & palliative care ctr,1/1/2003,12/31/2003,365,audited,incl. ind. audit,san diego,14,1418,non-profit,general,comparable,,(619)688-1600,4311 third avenue,san diego,92103-1407,jan cetti,president/ceo,erin graham,san diego hospice & palliative care,0,05-1511,hsc01511f,,24,24,24,5336,0,1107,122,0,1238,338,154,68,8363,563,0,92,9,0,97,29,12,11,813,24,0,0,0,0,0,8363,0,0,0,0,0,813,0,0,0,0,0,95.5,95.5,10.3,10.3,0,0,0,0,0,0,0,0,0,0,0,0,0,0,0,0,0,0,0,0,0,0,0,0,9369709,4526677,0,4843032,118800,7940631,-2978799,0,0,0,0,-2978799,9369709,0,0,5862369,0,1199225,102435,0,1539460,320374,255748,90098,9369709,0,0,0,0,0,0,0,0,0,0,3013395,0,589294,28888,0,0,383128,54432,201792,0,255748,0,0,0,0,0,0,2725447,0,578596,69532,0,1118745,265942,0,84770,0,0,0,0,0,0,4952569,0,78571,0,0,0,0,1743743,252830,751775,161143,4166611,1382262,67442,23002,249997,492772,844945,208153,7465,3186,494796,7843577,0,14309836,0,12183936,0,34337349,8067279,0,0,26270070,34337349,1651708,16605646,6964719,26798731,12488895,0,0,0,0,0,12183936,0,68,68,42,124578,18046,142624,21,0,6005,13309,41047,2658,21996,9322,11530,17120,994,597,82297,0,0,0,22635,6887,12759,0,97450,0,0,0,24251,7135,13788,0,,2003
106190673,san dimas community hospital,9/1/2002,8/31/2003,365,audited,excl. ind. audit,los angeles,11,0917,investor,general,comparable,,(909)599-6811,1350 w. covina blvd.,san dimas,91773,dan bowers,ceo,sandy buranathawon,tenet healthcare corporation,0,05-0588,hsc30588g,,93,93,93,7262,2378,12101,448,0,179,4472,62,300,27202,954,703,377,88,0,57,1592,20,94,3885,64,0,0,0,29,0,17278,0,0,0,9924,0,3869,0,0,0,16,0,80.09999999999999,80.09999999999999,7,4.5,12,1504,760,3280,3096,1426,1757,119,3139,19644,4,3016,35481,15720,0,0,19251,0,4,134696,207607,1156,2364,7951,366622572,320575968,0,46046604,273632,41310375,5009861,689732,377476,0,0,5322117,49962191,15249551,301410830,70996501,28084381,103990435,2343344,0,2326502,52964628,1708005,3904270,266318066,10541165,10654949,2895937,2774121,232536,6131200,61172422,17389,5884787,100304506,72427672,32725910,98640689,4179582,-113000,104641,7144832,96419810,3823605,0,4196780,0,1025447,0,0,0,0,9109994,6013420,6030807,794373,127895,1312870,17717240,0,4940005,0,1236912,0,0,0,0,10353397,1597740,13748410,0,0,0,0,5309493,3139618,5352257,1809460,15229313,4972528,210145,2663427,7292054,6579642,901624,423883,1443470,9640,1584649,10904346,0,18483435,61334,0,47061,29496176,21414713,0,0,8081463,29496176,20387,11199809,8301322,25696031,7212596,0,0,0,0,0,0,15548822,514,343,268,693187,74348,767535,341,0,99350,132673,140747,50012,87889,100855,25127,1829,51975,2730,290188,33817,175997,0,71738,58700,62747,0,320857,38024,199486,0,77128,64232,67808,0,,2003
106190673,san dimas community hospital,9/1/2003,12/31/2003,122,audited,excl. ind. audit,los angeles,11,0917,investor,general,comparable,,(909)599-6811,1350 w. covina blvd.,san dimas,91773,dan bowers,ceo,sandy buranathawon,tenet healthcare corporation,0,05-0588,hsc30588g,,93,93,93,2410,713,4137,59,0,25,1603,16,31,8994,312,236,112,22,0,4,597,3,6,1292,64,0,0,0,29,0,5603,0,0,0,3391,0,1285,0,0,0,7,0,79.3,79.3,7,4.4,12,539,265,1133,1005,520,685,32,920,6955,37,987,12274,5608,0,0,6319,0,4,47052,76770,409,858,2848,123900015,109372257,0,14527758,53965,15673227,-1091504,210109,156766,0,0,-1038161,16506546,4954335,102439134,23045236,8037006,36047895,612827,0,345750,19350052,155161,486961,88080888,3872233,3637862,939178,988424,60655,1690075,22750600,67135,1812965,35819127,24772039,9700738,34208569,1330492,-280359,27295,1686805,34997844,1959943,0,384487,0,584404,0,0,0,0,2145430,1974130,2938189,229242,33360,318163,6306291,0,582953,0,-1239872,0,0,0,0,3498062,628512,5204764,0,0,0,0,1958052,1317728,2108905,957204,5492992,1699109,66539,933428,2939225,2750251,334600,160964,772746,0,523373,11644687,0,18467298,716210,0,36406,30864601,25061171,0,0,5803430,30864601,195556,11249891,8581932,26026723,7559425,0,0,0,0,0,0,17982941,442,339,268,228266,23712,251978,372,0,32521,43906,47066,17440,28672,33409,8237,436,15660,919,94812,12610,57596,0,23644,18878,20726,0,104293,13866,65090,0,25530,20764,22435,0,,2003
106380939,san francisco general hosp med ctr,7/1/2002,6/30/2003,365,audited,excl. ind. audit,san francisco,04,0423,city/county,general,comparable,teaching,(415)206-8100,1001 potrero ave-bldg 20-5th f,san francisco,94110-3518,valerie inouye,cfo,james c. young,city and county of san francisco,1,05-0228,hsc00228f,zzr00228f,716,682,426,23339,405,53377,1565,10144,25855,438,0,41149,156272,2797,111,9152,406,1353,2868,96,0,838,17621,403,283,0,0,30,0,71225,75062,0,0,9985,0,14669,2508,0,0,444,0,59.8,62.8,8.9,6.2,7,2405,540,93076,361,175241,101161,144106,59837,4819,0,43093,621694,90540,383377,0,161919,0,10,684118,236126,3846,2419,0,699623405,348287650,14326281,365662036,10653440,399189812,-22874336,28765015,11157914,0,0,-5267235,311995002,99113816,288514587,91896970,3042317,219666777,19120956,43926830,89705933,2672660,0,44489894,514522337,27953361,221911,45515732,21026136,50225997,17287486,1745846,0,21124599,185101068,66745162,3129584,185062372,10506546,-103296105,33255412,73830028,3116180,28107336,0,43488957,0,4342178,0,14326281,0,0,53105169,134644,178021058,43149434,60897415,16175531,600779,0,13578006,0,0,0,-653,0,25914044,85953879,63251452,81793139,0,0,0,13091020,79443079,21176338,48569754,5911151,178482362,51495579,26113331,12760961,39487698,52188027,6431370,3382168,0,1807371,27040945,86959288,0,57376596,2327220,0,0,146663104,83868131,19409493,0,43385480,146663104,884419,124664609,45530875,170737009,113360413,0,0,0,0,0,0,0,3293,2793,1150,5197237,668360,5865597,460,231,307401,850463,1407699,244945,172487,958398,455822,744313,55709,0,1512598,721067,463257,426474,1074028,389425,596270,14118,1705911,818634,529258,426474,1237780,453185,678288,16067,,2003
106190200,san gabriel valley medical center,7/1/2002,6/30/2003,365,audited,incl. ind. audit,los angeles,11,0913,non-profit,general,comparable,,(626)289-5454,438 w las tunas drive,san gabriel,91776-1216,steven fellows,president/ceo,sokhay laidlaw,catholic healthcare west,0,05-0132,hsc30132g,zzt30132g,273,273,270,33815,8180,8771,2403,0,646,8872,0,954,63641,4046,1579,1388,723,0,214,2358,0,213,10521,187,42,0,3,41,0,43131,10234,0,0,10276,0,8709,830,0,0,982,0,63.9,63.9,6,5.6,0,0,0,7645,2421,6299,4848,0,4677,12437,0,7017,45344,22962,0,0,10285,0,6,188855,505578,4998,13380,7163,407401451,319988737,8130848,95543562,419194,97510671,-1547915,156778,206470,0,0,-1597607,128745749,25761315,252894387,148564176,43008523,58034601,14429866,0,4554624,58011158,0,6600873,333203821,18544179,6955933,6729922,6397696,0,5962246,25556719,0,4050935,74197630,123823044,42093597,57882796,17876371,0,0,1458847,65292417,9564946,0,1996719,0,0,6616661,0,0,1514187,41962056,14487520,6881727,2951191,0,7421058,19789647,0,2050363,0,-980104,0,0,0,0,24917071,3199228,29323820,0,0,0,1321747,13715644,4952457,15464799,4615905,31833057,14697238,604290,5242057,13404483,19905269,4267768,1015605,651073,1516238,4373593,17911091,346439,28354108,1893878,5714486,0,54220002,37205260,703000,19854981,-3543239,54220002,0,23894034,17996027,46457028,18102920,0,389638,20519053,20975843,1120862,0,0,965,703,397,1376291,169367,1545658,644,14,131238,291737,378180,27534,211074,241498,0,12596,45297,37137,596961,59306,312943,0,103368,74909,228804,0,672132,66749,354020,0,117823,82875,252059,0,,2003
106331326,san gorgonio memorial hospital,7/1/2002,6/30/2003,365,audited,incl. ind. audit,riverside,12,1107,district,general,comparable,small/rural,(909)845-1121,600 north highland springs ave,banning,92220-3046,kay lang,ceo,jeffrey n. brown,san gorgonio memorial health care district,0,05-0054,hsc30054g,,70,70,48,7720,1283,2110,853,44,308,3914,0,371,16603,1306,223,475,196,9,64,878,0,81,3232,54,0,0,0,16,0,12149,0,0,0,4454,0,2822,0,0,0,410,0,65,65,5.1,4.3,6,843,301,5127,955,4498,6293,1190,3618,10914,0,6784,39379,23057,0,0,20645,0,3,29436,18952,390,424,2873,54387912,35067730,0,19320182,124073,20626182,-1181927,11449,0,0,0,-1170478,12396691,4179711,37811510,15789744,3183822,4955065,2310217,122327,1045371,11288079,0,1273004,39967629,4304376,807271,1594382,1627279,207536,1122325,3173824,4561,1578729,14420283,12449739,2138092,4918857,824318,0,12349,102642,12745772,1808823,0,67138,0,0,0,0,0,0,7365558,1697764,1502784,2992737,173870,1458698,1509243,0,2619528,0,0,0,11449,0,0,4391998,1280366,7696301,0,0,0,0,2655146,857896,2742121,1002354,7987841,2877912,796662,1410556,3449152,2125067,760309,134328,184891,7342,892122,5853321,994743,10311879,56292,39309,183942,17439486,5089668,0,8497700,3852118,17439486,2084822,14129755,9519699,25902461,15590582,0,0,8260605,8863160,365460,0,0,316,212,155,430835,37392,468227,114,0,48705,78783,69419,57571,33879,79017,36662,0,26757,42,146468,40380,103545,0,59838,34253,46351,0,157711,42160,114342,0,65268,37963,50783,0,,2003
106150788,san joaquin community hospital,1/1/2003,12/31/2003,365,audited,incl. ind. audit,kern,09,0617,non-profit,general,comparable,,(661)395-3000,2615 eye street,bakersfield,93301,robert beehler,ceo,vanessa montemayor,san joaquin community hospital,0,05-0455,hsc30455f,zzt30455f,178,166,166,23829,1331,10864,3221,0,9478,0,0,1189,49912,3648,318,1830,636,0,1597,0,0,242,8271,157,0,0,0,21,0,44350,0,0,0,5562,0,7954,0,0,0,317,0,76.8,82.40000000000001,6,5.6,0,0,0,21012,1925,7672,7611,0,14232,0,0,2628,55080,26795,0,9096,18878,0,6,382323,100454,3160,2772,10675,452921556,351479004,0,101442552,1723568,99315545,3850575,2064953,707004,0,0,5208524,116728980,28151445,308041131,157870352,12553346,79516125,23058013,0,81581743,0,0,10282086,364861665,24434197,1389971,8826238,11314951,0,38134617,0,0,3959917,88059891,145720314,11910322,74066555,28000074,0,0,74970271,0,11123832,0,2203650,0,3483986,0,0,0,0,35074268,1915989,13705654,6106081,0,43657864,0,0,982696,0,36157,0,1477486,0,0,22249745,5788248,33745696,0,0,0,0,15535114,2629934,17320802,2046006,40413887,12051248,1793420,4968848,19202512,11451618,4008939,289430,812422,149637,4173584,48569019,565629,21606692,4994814,28431953,473760,104641867,16956249,0,47556052,40129566,104641867,32698486,34335899,25142008,63489908,41883216,0,2862,0,47735414,179362,28209953,49013808,970,830,557,1595655,221221,1816876,415,0,120093,345253,327726,45397,237136,285558,76129,67683,74265,16415,560495,134581,346804,0,255883,89566,208326,0,639910,149174,393790,0,285938,102092,245972,0,,2003
106394003,san joaquin county mental health - phf,7/1/2002,6/30/2003,365,audited,excl. ind. audit,san joaquin,06,0507,city/county,psychiatric,phf,,(209)468-8750,1212 no. california,stockton,95202-1552,bruce hooperstad,director of mental health,dolly almendarez,county of san joaquin,0,,,,40,40,40,0,0,0,0,0,12738,0,0,0,12738,0,0,0,0,0,1605,0,0,0,1605,0,40,0,0,0,0,0,12738,0,0,0,0,0,1605,0,0,0,0,87.2,87.2,7.9,7.9,0,0,0,0,0,0,0,0,0,0,0,0,0,0,0,0,0,0,0,0,0,0,0,0,5393864,0,0,5393864,0,5393864,0,0,0,0,0,0,5393864,0,0,0,0,0,0,0,0,0,0,0,0,0,0,0,0,0,0,0,0,0,0,0,0,0,0,0,0,0,0,0,0,0,0,0,0,0,0,0,0,0,0,0,0,0,0,0,0,0,0,0,0,0,0,0,0,0,0,0,0,0,0,0,0,0,0,0,0,0,0,0,0,0,0,0,0,0,0,0,0,0,0,0,0,0,0,0,0,0,0,0,0,0,0,0,0,0,0,0,0,0,0,0,0,0,0,4,0,0,0,0,0,0,0,0,0,0,0,0,0,0,0,0,0,0,0,0,0,0,0,0,0,0,0,,2003
106391010,san joaquin general hospital,7/1/2002,6/30/2003,365,audited,incl. ind. audit,san joaquin,06,0507,city/county,general,comparable,,(209)468-6000,500 west hospital road,french camp,95231,ken cohen,director,gene m. reno,county of san joaquin,0,05-0167,hsc00167f,zzr00167f,196,196,146,9658,0,18358,5012,9996,3640,0,3376,671,50711,1369,0,3728,1335,1721,704,0,652,130,9639,172,0,0,24,0,0,48288,0,0,2423,0,0,9534,0,0,105,0,0,70.90000000000001,70.90000000000001,5.3,5.3,15,3712,1830,39469,0,68672,30132,76008,34956,0,1187,31217,281641,47424,183325,0,39681,0,7,264934,118510,2494,1735,14174,257353071,124260234,8429886,141522723,6267138,157068991,-9279130,12171156,2396991,0,0,495035,101753435,27793981,127805655,33700024,0,78551698,13603377,25448809,13845745,0,10592802,8119440,183861895,11564942,0,18049557,6438977,20122328,8333163,0,126198,8856011,73491176,28370883,0,28386496,18601834,-22440575,1442459,17819418,0,35698438,0,17814381,-1433100,0,0,8429886,0,0,4586886,0,83432375,9870406,41113381,2217893,0,127578,174204,12659401,0,0,982740,0,4638053,33539878,20236195,32893081,0,0,0,9374245,26400444,8423234,14065279,12136635,57763356,25822137,16190661,5840406,20965605,10503055,6514788,1280518,2807719,4672326,4708420,70770825,9610935,73003274,2010136,0,0,155395170,23352908,3547356,81966491,46528415,155395170,1593293,102246775,31951658,141917581,68914307,0,0,85556491,85556491,3590000,0,0,1722,1497,645,2892494,290094,3182588,212,46,102080,425823,585189,58796,437771,620839,387079,205631,67605,1681,742654,467050,394707,105143,675665,267048,240227,0,812133,507998,443754,105753,747434,295972,269544,0,,2003
106104023,san joaquin valley rehab hospital,7/1/2003,12/31/2003,184,audited,excl. ind. audit,fresno,09,0605,investor,specialty,comparable,,(559)436-3600,7173 n. sharon avenue,fresno,93720-3329,edward palacias,ceo,eric wells,care one management,0,05-3032,hsc33032f,,62,62,62,5332,0,168,0,0,986,0,0,0,6486,400,0,11,0,0,72,0,0,0,483,0,0,0,62,0,0,0,0,0,6486,0,0,0,0,0,483,0,0,56.9,56.9,13.4,13.4,0,0,0,9195,0,0,0,0,7690,0,0,0,16885,0,16885,0,0,0,0,0,0,0,0,0,11705372,4017479,0,7687893,22784,8093075,-382398,0,0,0,-154059,-228339,5684561,1812914,4207897,7455492,0,232395,0,0,2204571,0,0,0,9892458,1017258,0,0,0,0,795656,0,0,0,1812914,2862352,0,129974,0,0,0,1025153,0,0,0,0,0,0,0,0,0,0,5610398,0,102421,0,0,1975074,0,0,0,0,0,0,0,0,0,1383219,1028523,1585744,0,0,0,0,1064419,364922,2525563,140685,4127773,955166,93247,628885,430448,17247,4574,63652,42824,0,1729259,835138,0,116849,0,82824,0,1034811,3123225,0,0,-2088414,1034811,364482,0,119486,121423,4574,0,0,0,0,0,82824,0,275,174,64,152355,35618,187973,10,0,27822,2358,67246,0,0,14129,12452,22321,0,6027,54405,12841,26089,0,16633,14129,28258,0,80362,14350,28469,0,18140,15805,30847,0,,2003
106104023,san joaquin valley rehab hospital,1/1/2003,6/30/2003,181,audited,excl. ind. audit,fresno,09,0605,investor,specialty,comparable,,(559)436-3600,7173 n. sharon avenue,fresno,93720-3329,edward palacios,ceo,leslie pagett,sun healthcare group inc.,0,05-3032,hsc33032f,,60,60,60,5713,0,210,0,0,1272,0,0,0,7195,375,0,6,0,0,88,0,0,0,469,0,0,0,60,0,0,0,0,0,7195,0,0,0,0,0,469,0,0,66.3,66.3,15.3,15.3,0,0,0,7888,0,0,0,0,7403,0,0,0,15291,0,15291,0,0,0,0,0,0,0,0,0,12629523,4117775,0,8511748,36245,8197005,350988,0,0,0,0,350988,5707708,2555027,4366788,8159167,0,284491,0,0,1714410,0,0,0,10158068,1143567,0,0,0,0,1327888,0,0,0,2471455,3003908,0,164288,0,0,0,965590,0,-16011,0,0,0,0,0,0,0,0,6298826,0,120203,0,0,2092719,0,0,0,0,8557,0,0,0,0,1287070,852875,1289117,0,0,0,0,1013983,320913,2152540,1280507,3000942,878817,133783,588191,502730,594953,26618,1083039,69846,0,1318086,1841840,0,0,0,0,0,1841840,1177207,0,0,664633,1841840,2213,0,0,0,0,0,0,0,0,0,468984,0,278,201,90,211667,12465,224132,6,0,36983,23467,9514,10242,61996,37058,16005,0,6571,9831,64990,30413,33505,0,28177,16705,37877,0,70538,30598,34680,0,29425,18214,40677,0,,2003
106430879,san jose medical center,1/1/2003,12/31/2003,365,audited,excl. ind. audit,santa clara,07,0431,investor,general,comparable,teaching,(408)977-4459,675 east santa clara street,san jose,95112-1932,steve dixon,ceo,william a. fretwell,hca healthcare corporation,2,05-0215,hsc00215g,zzr00215g,328,328,121,22757,1400,4626,1029,0,1494,8154,0,3890,43350,2974,271,779,332,0,253,1786,0,683,7078,272,0,0,30,26,0,32779,0,0,2941,7630,0,6340,0,0,175,563,0,36.2,36.2,6.1,5.5,0,0,0,10699,2467,12949,20090,0,6215,15975,0,12362,80757,100284,13701,0,0,0,11,262877,263111,1875,3957,14335,497322229,360621819,0,136700410,2584175,155666145,-16381560,80506,36000,0,0,-16337054,126802804,35085195,335434230,157710729,15693705,51044811,13402970,0,25054268,85106084,0,26225490,374238057,24681204,3436604,10858695,11030738,0,9596008,44462759,0,19018164,123084172,136986917,13834965,59950621,22783433,0,0,15376191,72755044,17220961,0,6737149,0,14976538,0,0,0,0,44534409,5413589,1439989,1508649,0,18643155,55496260,0,9664359,0,0,500,29503,0,0,32941699,13693549,47902284,0,0,0,1035868,20509060,3568444,20537884,15477357,49232226,27569835,7910619,11376852,20487959,14803547,4318180,1435068,867349,7997771,9666739,39995106,0,33432745,1457337,0,10914214,85799402,12074406,0,0,73724996,85799402,0,16407373,43198471,65116815,31684070,0,0,0,0,0,0,0,1006,764,425,1479224,202834,1682058,340,14,107757,214543,408554,11561,310715,170350,96307,66694,68089,24654,463942,119656,454328,26837,230727,45603,138131,0,532137,138112,521943,30424,251779,51651,156012,0,,2003
106013619,san leandro hospital,1/1/2003,12/31/2003,365,audited,incl. ind. audit,alameda,05,0421,investor,general,comparable,,(510)697-4516,13855 east 14th street,san leandro,94578-2611,deborah brehe,ceo,william a. fretwell,triad hospitals inc.,0,05-0264,,zzr00264g,122,122,77,20302,2103,1392,363,0,1212,1328,0,490,27190,3620,446,320,100,0,284,366,0,159,5295,93,0,0,0,29,0,19711,0,0,0,7479,0,4672,0,0,0,623,0,61.1,61.1,5.1,4.2,0,0,0,7256,1296,2238,2465,0,3647,4704,0,3381,24987,33191,0,0,0,0,5,322295,233760,1939,2979,6706,271842003,212864482,0,58977521,362522,59578436,-238393,715217,570909,0,0,-94085,61213117,17360286,193268600,140152160,15913385,12080993,2825367,0,11428957,12498572,0,4405133,199304567,32200931,3698766,3406712,3783075,0,10774215,13345391,0,5328346,72537436,137727159,16711035,14804613,5779763,0,0,4898700,24200932,6030392,0,34095,0,2677793,0,0,0,0,33783901,2860730,683092,807426,0,12283484,1537297,0,7021591,0,0,0,10764,0,0,13868258,3208714,16720854,0,0,0,0,8074813,2795122,11314928,3595747,22908378,11480140,175581,5753877,6833293,4369480,2179680,1167870,678915,1128094,2903128,7549093,0,19975887,168306,0,1184294,28877580,9909812,0,5042,18962726,28877580,20196,30961860,16687866,53481816,33505929,0,61491,0,61491,56449,0,2232345,623,413,206,735836,156947,892783,72,0,63849,115596,174577,20279,98450,168435,61142,0,32284,1224,241831,45468,164852,0,128185,71082,84418,0,306901,54620,200271,0,150453,82346,98192,0,,2003
106400512,san luis obispo county mental health,7/1/2002,6/19/2003,354,audited,excl. ind. audit,san luis obispo,08,0801,city/county,psychiatric,comparable,,(805)781-4700,2178 johnson ave.,san luis obispo,93408-7001,brian davison,cfo,melissa fisher,county of san luis obispo,0,05-0537,,,14,14,14,1066,0,1117,0,336,0,196,0,606,3321,237,0,298,0,104,0,76,0,260,975,0,14,0,0,0,0,0,3321,0,0,0,0,0,975,0,0,0,0,67,67,3.4,3.4,0,0,0,0,0,0,0,0,0,0,0,0,0,108,0,0,0,0,0,0,0,0,0,0,3038456,100089,0,2938367,0,3578355,-639988,639988,0,0,0,0,2669872,15105,353479,975308,0,1021968,0,307413,0,179324,0,554443,3038456,0,0,0,0,0,0,0,0,0,0,100089,0,0,0,0,0,0,0,0,0,0,0,0,0,0,0,0,875219,0,1021968,0,307413,0,179324,0,554443,0,0,0,0,0,639988,2078293,3000,353478,0,0,0,0,494166,121545,511175,16698,1701537,523923,0,14475,535133,786589,0,0,16698,0,0,0,0,0,0,0,0,0,0,0,0,0,0,0,0,0,0,0,0,0,0,0,0,0,0,29,30,0,53453,7419,60872,0,0,5877,19962,12033,0,0,6280,860,8165,0,276,43824,0,0,0,2501,2781,4347,0,48977,0,0,0,3088,3318,5489,0,,2003
106400511,san luis obispo general hospital,7/1/2002,6/19/2003,354,audited,excl. ind. audit,san luis obispo,08,0801,city/county,general,comparable,,(805)781-4819,2180 johnson ave,san luis obispo,93408-7001,mary witt,ceo,stephen t. mcgovern,county of san luis obispo,0,05-0088,hsc30088f,,78,46,46,610,0,1757,0,589,176,0,0,420,3552,147,0,503,0,136,65,0,0,149,1000,78,0,0,0,0,0,3552,0,0,0,0,0,1000,0,0,0,0,0,12.9,21.8,3.6,3.6,10,695,332,5594,0,25126,0,4276,3679,0,0,8125,46800,9077,40961,0,0,0,6,23076,67710,238,820,875,28407319,11812665,0,16594654,949510,27268434,-9724270,10004344,50413,0,0,229661,3456788,5716110,19234421,1564719,0,4472216,0,1603229,432803,0,0,1174905,9247872,2107771,0,9780021,0,3136865,1128635,0,0,3006155,19159447,2622163,0,3896609,0,-4256208,3983422,1553478,0,489364,0,255215,0,3268622,0,0,0,0,983382,0,14352038,0,670266,7960,0,0,581008,1118640,0,0,7507,0,9993205,2394315,5669399,9590616,0,0,0,0,3470752,1404206,4078298,660848,8814317,2598568,3413343,378569,6056109,3541418,333421,324138,269500,0,1539051,4611553,0,1976811,0,0,52831,6641195,2720620,0,0,3920575,6641195,2206103,5823450,3673806,10501798,8524987,0,0,0,197230,197230,0,0,306,245,82,382024,119264,501288,66,0,30383,109080,79678,8045,28452,78172,32664,8968,6582,0,40374,101434,87786,0,72979,37927,41524,0,47367,135376,115516,0,95792,52242,54995,0,,2003
106410782,san mateo medical center,7/1/2002,6/30/2003,365,audited,excl. ind. audit,san mateo,04,0427,city/county,general,comparable,,(650)573-2711,222 west 39th ave,san mateo,94403-4364,nancy steiger,ceo,grace mesina,county of san mateo,0,05-0113,,zzr00113f,264,146,146,9797,121,24936,3987,4224,843,0,0,1571,45479,873,51,290,1239,534,128,0,0,517,3632,104,36,0,0,124,0,13863,10144,0,0,21472,0,2784,677,0,0,171,0,47.2,85.3,12.5,6.9,0,0,0,22775,196,43068,43115,79730,7618,0,0,27951,224453,32278,219302,0,0,0,3,148680,119700,1057,931,0,176103453,97279139,0,78824314,9969606,147185561,-58391641,58906586,21162,0,0,493783,57890224,53691931,64521298,23663238,761396,32272903,13477758,12964771,3020378,0,0,6234061,92394505,9158390,101790,15989198,15185902,31032128,2801905,0,0,9439635,83708948,16856004,381534,23017867,13582205,-13300119,39944014,3050533,0,3655155,0,0,0,10091946,0,0,0,0,15965624,481652,38544353,15081455,4052885,2771750,0,0,1926595,0,0,0,0,0,47192318,23937551,43044646,26318851,0,0,642650,472645,17390659,4881711,29630778,866070,46982104,24183489,15361022,1955587,15404956,20668359,742326,1866466,820328,0,19200924,32695484,0,10563901,0,612480,0,43871865,50814339,0,22945,-6965419,43871865,4779,6322027,11742164,18904982,8341081,0,70104,0,70104,47159,0,0,1273,891,291,1584849,302296,1887145,122,6,89490,209052,300610,82109,148756,381881,73908,265932,3561,29550,324814,559634,208096,13204,193778,115366,169957,0,398254,662452,242188,15428,237142,133426,198255,0,,2003
106074017,san ramon regional medical center,6/1/2002,5/31/2003,365,audited,excl. ind. audit,contra costa,05,0411,investor,general,comparable,,(925)275-9200,6001 norris canyon road,san ramon,94583,diane ganzell,ceo,sandy buranathawon,tenet healthcare corporation,0,05-0689,hsc30689f,hsp30689f,123,123,123,9512,157,330,55,0,293,12305,39,1125,23816,2155,36,76,12,0,67,3158,9,258,5771,123,0,0,0,0,0,23816,0,0,0,0,0,5771,0,0,0,0,0,53,53,4.1,4.1,10,2174,893,12309,73,361,213,4,2185,51895,1,11785,78826,20192,3994,0,51586,0,11,374562,332572,1961,4862,10446,523559643,422755554,0,100804089,579609,89220762,12162936,635711,331264,0,0,12467383,92956665,21078901,409524077,132893920,2630915,4245101,631792,0,4195621,187524277,1836336,14816120,348774082,27938598,296209,571402,371026,5894,2764908,128132966,825,14703733,174785561,138424369,2256157,4086375,877491,0,4892,5777238,261411307,7320545,0,1914119,0,683061,0,0,0,0,22408149,670967,653170,125327,1002,1056937,48515854,0,27372683,0,-4680574,0,0,0,0,15137264,2825741,34914252,0,0,0,0,11114737,6158675,16595490,2474603,32063185,10672499,1189762,5644359,18037075,11245591,4356195,412091,1091919,11798,4496288,22222221,0,71757239,163498,0,170700,94313658,17590130,0,0,76723528,94313658,1450,58755954,33076591,104010466,32253227,0,0,0,0,0,0,5816235,717,520,326,1024989,136009,1160998,424,0,95375,175921,266914,2576,57588,252380,86678,7201,73335,7021,270047,54203,316696,0,179380,85790,118873,0,314665,59984,360018,0,197939,96667,131725,0,,2003
106074017,san ramon regional medical center,6/1/2003,12/31/2003,214,audited,excl. ind. audit,contra costa,05,0411,investor,general,comparable,,(925)275-9200,6001 norris canyon road,san ramon,94583,gary sloan,ceo,sandy buranathawon,tenet healthcare corporation,0,05-0689,hsc30689f,hsp30689f,123,123,123,5129,121,344,19,0,62,7374,119,820,13988,877,25,74,5,0,15,2068,29,205,3298,123,0,0,0,0,0,13988,0,0,0,0,0,3298,0,0,0,0,0,53.1,53.1,4.2,4.2,10,1242,573,3983,84,165,244,9,1252,32779,7,4927,43450,11381,632,0,29447,0,11,176152,204888,1083,3216,6150,302666019,246646712,0,56019307,314285,56689014,-355422,669760,143527,0,0,170811,54189411,12252541,236224067,72360061,2270563,4705965,274262,0,876115,106631590,1038504,11567171,199724231,15030687,194792,371064,288704,11629,1757805,78351933,8090,6927084,102941788,76711583,2071443,4681576,472026,0,9652,2213075,155427046,3616206,0,1076277,0,367828,0,0,0,0,10679165,393912,366760,89950,1977,420845,29556477,0,14510221,0,7172102,0,0,0,0,9666254,2185305,21300790,0,0,0,0,6828423,3936306,9455102,3316834,20191840,6886829,1318878,3240028,10629943,7055375,2724251,308169,1774684,0,2559017,24560650,0,69843169,1429417,0,264833,96098069,12031628,0,0,84066441,96098069,1300,58905504,33661024,104744449,34901280,0,0,0,0,0,0,0,702,533,319,616968,81523,698491,349,0,61935,109688,148625,1797,36353,154125,51293,5104,46885,1163,156025,32643,197273,0,109992,52071,68964,0,184392,35730,223690,0,120305,58178,76196,0,,2003
106190681,san vicente hospital,1/1/2003,12/31/2003,365,audited,incl. ind. audit,los angeles,11,0925,investor,general,comparable,,(323)937-2504,6000 san vicente boulevard,los angeles,90036-4404,r. wayne ives,administrator,huy nguyen,edward c. allred m. d.,0,05-0681,hsc30001f,,17,17,17,0,0,92,28,0,99,2,0,0,221,0,0,65,17,0,87,2,0,0,171,17,0,0,0,0,0,221,0,0,0,0,0,171,0,0,0,0,0,3.6,3.6,1.3,1.3,0,0,0,0,0,4132,1414,0,2517,0,0,0,8063,0,0,0,0,0,1,2167,38783,163,8063,0,2680706,-320267,0,3000973,58570,3421466,-361923,0,0,0,0,-361923,178268,0,2502438,0,0,103837,36854,0,118118,4806,0,0,263615,0,0,996166,323804,0,1097121,0,0,0,2417091,0,0,-524351,93930,-3080,0,109848,2724,0,0,0,0,662,0,0,0,0,0,0,1627434,266728,0,1104729,2082,0,0,0,0,0,0,0,0,902262,0,943684,0,0,0,0,526134,341641,365427,342318,1810450,428608,85800,30000,435046,191489,7607,283718,38382,1053,109313,580913,0,91559,0,0,0,672472,371515,0,0,300957,672472,337493,0,352234,509696,418137,0,0,0,29225,29225,0,9797,51,41,35,81040,4411,85451,10,0,10983,18565,7581,1921,25305,14634,0,2051,0,0,28055,0,17911,0,14510,15030,5534,0,29980,0,18266,0,15239,16169,5797,0,,2003
106301314,santa ana hospital medical center,6/1/2002,5/31/2003,365,audited,excl. ind. audit,orange,13,1012,investor,general,comparable,,(714)554-1653,1901 no fairview st,santa ana,92706-2205,jack chubb,ceo,sandy buranathawon,tenet healthcare corporation,0,05-0491,hsc30491g,hsp30491g,69,69,69,1378,31,2081,228,0,16,269,34,61,4098,320,11,1047,96,0,6,97,18,25,1620,69,0,0,0,0,0,4098,0,0,0,0,0,1620,0,0,0,0,0,16.3,16.3,2.5,2.5,15,2084,1078,1725,15,2175,1564,0,150,1591,0,785,8005,0,1165,0,6260,0,3,49636,44376,633,679,262,49580217,41477785,4607060,12709492,434794,16034325,-2890039,545916,492251,0,0,-2836374,5374670,222173,43983374,11050088,200355,16883924,2395562,0,189329,3286685,63537,739024,34808504,3619925,23957,4266768,2327344,0,241260,3024677,0,1267782,14771713,12107379,186179,18210121,6435119,-2499000,0,361696,5903068,551297,0,125345,0,96581,0,3987974,0,619086,2562634,38133,2878763,4774761,0,68893,1027380,0,1358928,0,520267,0,0,0,0,2245188,123730,4144692,0,0,0,0,2694622,1083996,3872210,1869887,6238741,2047261,322129,363923,1179700,2794124,482498,1278813,449644,2075,875417,6636635,0,3142952,0,39515860,545793,49841240,2453406,0,0,47387834,49841240,0,3595631,2313663,6281299,3138347,0,0,0,0,0,37266735,0,169,114,76,211221,30019,241240,64,0,27464,45041,62961,4455,16848,34785,11029,5055,2752,831,52563,14755,68508,0,25587,12482,37326,0,61058,15940,80447,0,27993,14288,41514,0,,2003
106301314,santa ana hospital medical center,6/1/2003,8/31/2003,92,audited,excl. ind. audit,orange,13,1012,investor,general,comparable,,(714)554-1653,1901 no fairview st,santa ana,92706-2205,kent clayton,ceo,sandy buranathawon,tenet healthcare corporation,0,05-0491,hsc30491g,hsp30491g,69,69,69,212,0,224,19,0,2,41,0,4,502,52,0,117,9,0,1,17,0,2,198,69,0,0,0,0,0,502,0,0,0,0,0,198,0,0,0,0,0,7.9,7.9,2.5,2.5,15,181,104,341,8,555,232,0,4,147,8,180,1475,0,458,0,903,0,3,12409,11094,76,114,29,6801683,7204218,1405595,1003060,5515,3637110,-2628535,83162,71348,0,0,-2616721,644210,17489,6139984,1817078,0,1665083,285143,0,67254,636863,0,135418,4606839,712756,12444,465896,386649,0,6244,345410,5095,260350,2194844,2253900,11116,1941911,1835899,0,0,65655,1047265,26517,0,17165,0,4790,0,1235790,0,169805,275934,1328,176998,71683,0,7843,104813,0,364461,0,26279,0,0,0,0,539734,86980,736279,0,0,0,0,623001,265574,869160,516382,1320264,446883,150165,156122,159190,662585,101257,304838,123098,0,212708,2993401,0,3024492,0,39145468,529608,45692969,895577,0,0,44797392,45692969,0,3595631,2256137,6223773,3199281,0,0,0,0,0,37395652,0,141,451,49,209230,29137,238367,67,0,28149,45109,60837,3487,18033,34223,11314,6137,1595,346,51630,14731,67012,0,26259,12303,37295,0,60185,15753,78299,0,28797,14089,41244,0,,2003
106420514,santa barbara cottage hospital,1/1/2003,12/31/2003,365,audited,excl. ind. audit,santa barbara,10,0807,non-profit,general,comparable,,(805)682-7111,pueblo at bath sts.,santa barbara,93105,ronald c. werft,president,wendy kaufmann,santa barbara cottage hospital,2,05-0396,,zzt30396f,436,315,315,27833,7743,3166,9325,1542,27563,0,0,2367,79539,5436,1790,976,1693,352,7652,0,0,720,18619,375,20,0,0,41,0,73461,5749,0,0,329,0,17644,926,0,0,49,0,50,69.2,4.3,4.3,42,5061,2140,44810,6931,2955,11133,3015,64881,0,0,13570,147295,38735,5980,0,99092,0,20,1024161,572085,7598,5274,19592,774362661,554697953,0,219664708,13655825,226631864,6688669,27225650,2974926,0,0,30939393,128598572,22794578,622969511,232574641,65185513,15876419,67950215,17464757,218094807,0,0,18655906,635802258,50240185,7335767,2434474,9044526,2795307,57732125,0,0,8978019,138560403,227062561,49591904,12698685,65284652,0,18010848,149434826,0,6503717,0,10077120,0,16033640,0,0,0,0,43836754,19875633,4841449,8467491,1659417,114513378,0,0,26470586,0,0,322711,24454060,0,0,43854666,8854407,89383643,0,0,438744,4608782,37399004,8360725,22938485,10793408,78625068,38237337,4107277,13287225,47926501,16825041,14697424,1957459,1803621,971878,8193033,118258489,192259383,101806491,8327760,14126090,4478855,439257068,58338220,0,118634741,262284107,439257068,19754994,125342488,102068694,245236321,143429830,1779741,0,0,119734741,1100000,8959218,0,2063,1605,808,3195482,318489,3513971,562,46,221333,779273,805747,27837,166224,548758,297470,173478,175362,0,926639,186422,842217,128265,582262,188012,341665,0,1018345,204588,932869,130634,643640,206081,377814,0,,2003
106424002,santa barbara county - phf,7/1/2002,6/30/2003,365,audited,incl. ind. audit,santa barbara,10,0807,city/county,psychiatric,phf,,(805)681-5220,315 camino del remedio,santa barbara,93110,james l. broderick  ph.d.,director,yolanta maraboli,county of santa barbara,0,05-4125,,,16,16,16,823,0,2438,0,1607,559,16,0,0,5443,136,0,219,0,256,27,2,0,0,640,0,16,0,0,0,0,0,5443,0,0,0,0,0,640,0,0,0,0,93.2,93.2,8.5,8.5,0,0,0,0,0,0,0,0,0,0,0,0,0,0,0,0,0,0,0,0,0,0,0,0,3236319,1121712,0,2114607,0,3387174,-1272567,1272567,0,0,0,0,3236319,0,0,406035,0,1296796,0,1131720,390520,11248,0,0,3236319,0,0,0,0,0,0,0,0,0,0,0,0,0,0,0,1121712,0,0,0,0,0,0,0,0,0,0,0,406035,0,1296796,0,10008,390520,11248,0,0,0,0,0,0,0,1272567,3387174,0,0,0,0,0,0,0,0,0,0,2167615,585557,0,4152,371347,171967,0,0,0,0,86536,0,0,0,0,0,0,0,0,0,0,0,0,0,0,0,0,0,0,0,0,0,0,0,0,0,0,0,0,0,0,3,0,0,0,0,0,0,0,0,0,0,0,0,0,0,0,0,0,0,0,0,0,0,0,0,0,0,0,,2003
106430883,santa clara valley medical center,7/1/2002,6/30/2003,365,audited,excl. ind. audit,santa clara,07,0431,city/county,general,comparable,teaching,(408)885-1000,751 south bascom avenue,san jose,95128-2604,susan murphy,administrator,amy woo,county of santa clara,1,05-0038,hsc00038f,zzr00038f,574,510,510,20401,995,52308,7772,11070,6238,10398,9199,931,119312,2811,164,9549,1971,3299,714,1817,1838,88,22251,464,50,0,60,0,0,91434,17353,0,10525,0,0,19886,1791,0,574,0,0,56.9,64.09999999999999,5.4,5.4,45,12994,4412,97093,269,172012,102704,129661,17323,55102,52749,52920,679833,61016,540003,0,49586,0,9,697077,321370,4530,3894,24140,1135075548,597383989,55300193,592991752,7417574,586820560,13588766,122409802,0,0,0,135998568,351052068,106073576,677949904,108263672,7739717,323927350,49400231,60695737,51160557,76271123,64999216,6185182,748642785,52010362,319467,105234531,36220915,88363967,12515083,27642733,34177852,29947853,386432763,86935054,5368236,217691600,67347478,-127312626,128793808,28266822,68353171,6774160,0,87562245,0,27604041,0,27968358,4903462,22428373,72579723,2579078,324939146,59612614,25165336,32986459,56452500,11771447,6905449,150020883,0,0,4083515,0,118326287,114943572,90548679,154357822,0,0,850318,17194172,80427174,27581278,62416666,38500879,293460884,79478729,19462923,7876210,74258382,52184517,23547322,4712988,2170083,14985825,14682697,163521107,0,231381784,8073600,0,0,402976491,87801158,0,312460267,2715066,402976491,68097609,303939320,75478312,405150587,173768803,0,86764,291365870,320322779,7862512,2352787,2017073,4848,4190,1645,7662533,1099024,8761557,803,158,536839,2079360,1400356,159033,866975,1426009,416699,730541,41413,5308,2041177,1581533,1555136,192530,1262626,409138,620393,0,2353434,1818844,1781207,194362,1427061,470612,716037,0,,2003
106190687,santa monica - ucla medical center,7/1/2002,6/30/2003,365,audited,incl. ind. audit,los angeles,11,0927,non-profit,general,comparable,,(310)319-4000,1250-16th street,santa monica,90404,mechael karpf,ceo,joelle pham,regents of the university of california,0,05-0112,hsc30112g,,337,337,337,17384,13005,3806,690,2,362,23411,0,1647,60307,2308,1979,528,213,2,67,5143,0,377,10617,291,0,0,0,46,0,48813,0,0,0,11494,0,9687,0,0,0,930,0,49,49,5.7,5,24,4917,1810,13772,16391,3959,2310,1634,2059,73752,0,17134,131011,34676,0,0,92418,0,13,391177,303185,2402,3803,10715,329839207,253052862,20837871,97624216,4951175,131035672,-28460281,210640,0,0,0,-28249641,59889693,11881049,258068465,59036416,47256303,16605955,3840890,18786,2052089,96446847,0,9492450,234749736,10235216,12352698,2445031,1804324,642686,1485134,55626575,0,10497807,95089471,45125351,36299019,16582082,4253462,0,494291,2817900,131118442,5761706,0,1213944,0,9386665,4555618,536557,0,15745696,22681281,26604951,2066001,1808920,153192,644515,33484531,0,10180825,0,0,0,-814360,0,0,33817744,4126649,50117523,0,0,0,1245806,26147281,2152885,10959969,2467815,47485079,18757729,495720,11121007,21486589,19303087,3693899,2816617,611000,1349434,3915511,37768289,0,23564250,112724134,13314124,0,187370797,145837759,0,33691662,7841376,187370797,14935882,6247417,21061094,35430024,11865774,0,1294342,0,33944233,252571,0,154193220,0,1041,701,2082617,269057,2351674,861,22,81140,469712,534651,34538,304201,220778,206544,45680,141226,44147,773762,85927,513301,49088,431131,46860,182548,0,878518,99019,580015,49845,482619,54425,207233,0,,2003
106560521,santa paula memorial hospital,4/1/2002,3/31/2003,365,audited,excl. ind. audit,ventura,10,0809,non-profit,general,comparable,,(805)525-7171,825 no 10th street,santa paula,93060,william greene,president/ceo,catherine matsuda,santa paula memorial hospital,0,05-0177,hsc30177f,zzt30177f,49,49,49,1914,0,951,0,0,1488,1438,49,87,5927,551,0,323,0,0,433,448,14,25,1794,49,0,0,0,0,0,5927,0,0,0,0,0,1794,0,0,0,0,0,33.1,33.1,3.3,3.3,6,755,321,2010,0,11892,0,0,2132,4684,682,1210,22610,12969,10086,0,753,0,6,47807,29400,641,490,2308,31910838,19145000,104205,12870043,252807,16989422,-3866572,1280604,48857,0,0,-2634825,4083103,3562991,24264744,5190991,0,2191388,0,0,4216292,5047850,154329,273606,17074456,2889466,0,3481891,0,0,2855173,4844694,275944,489214,14836382,4074451,0,3709240,0,0,0,1160754,8782652,537297,0,430273,-53002,503335,0,0,0,104205,3880172,0,1908672,0,0,5666143,652558,53002,709496,0,0,1093031,-2581,0,0,2768120,1969556,5838679,0,0,0,0,2426083,994888,2452117,539979,7594850,1863040,294202,1129163,2575075,1727180,397861,241541,227214,93081,846215,3310615,0,3700125,686411,0,0,7697151,6067627,0,0,1629524,7697151,151327,5447518,8499534,14539976,10839851,0,0,0,0,0,0,976266,238,207,80,348332,86265,434597,109,0,42658,56347,82276,7447,29087,92108,34503,0,2701,1205,78707,43532,84896,0,65827,42803,32567,0,99703,49951,121312,0,73424,47941,42266,0,,2003
106491064,santa rosa memorial hospital,7/1/2002,6/30/2003,365,audited,incl. ind. audit,sonoma,03,0401,non-profit,general,comparable,,(707)525-5300,1165 montgomery drive,santa rosa,95402,david ameen,president/ceo,joni murphy,santa rosa memorial hospital,2,05-0174,,zzr00174f,365,365,325,34795,7127,7650,0,4619,2674,20728,0,801,78394,5375,1102,1368,0,585,2273,2803,0,284,13790,272,20,0,19,54,0,57332,4704,0,3383,12975,0,12008,609,0,254,919,0,58.8,58.8,5.7,5.1,12,2495,1234,11366,2323,8519,0,3049,41318,24206,0,7035,97816,31480,60790,0,0,0,12,1402530,1141995,5906,8744,12997,729647524,521611606,0,208035918,928149,196857612,12106455,4435153,7458686,0,0,9082922,153754775,48533262,527359487,221509957,45274691,47309259,0,36249449,25450841,171868632,0,6544395,554207224,53524554,10962861,13254497,0,6311933,13967538,69564327,0,7854590,175440300,212739826,43573217,53111800,0,0,28469557,23299912,146304215,11931063,0,1746543,0,435473,0,0,0,0,57880192,11769505,6437816,0,13316306,15521914,91191493,0,11918692,0,0,135111,0,0,0,45878502,16701629,65832105,0,0,0,38473,25614963,5264168,22483766,15044006,68132990,37523875,4437695,13273724,35144408,15204467,8465309,4841505,1582387,1851878,6399374,48613377,15775128,68416260,7274372,9394619,8284041,157757797,43074250,0,40311656,74371891,157757797,10334346,93055938,60126126,166926221,98509961,0,0,0,40852717,541061,6274693,0,0,1380,956,2709361,359468,3068829,266,0,213517,576705,683563,63451,373608,333658,187247,79168,99559,98885,892137,233786,632091,1346,451865,104305,291330,102501,1004288,266981,722324,1509,508925,118033,329629,117140,,2003
106190691,santa teresita hospital,1/1/2003,12/31/2003,365,audited,incl. ind. audit,los angeles,11,0913,non-profit,general,comparable,,(626)359-3243,819 buena vista street,duarte,91010-1703,michael j. costello,administrator,sister francis marie,santa teresita hospital inc,0,05-0391,hsc30391f,zzt30391f,216,216,216,6201,3276,28185,3027,0,293,3644,0,15411,60037,690,380,751,80,0,35,536,0,428,2900,39,0,0,0,177,0,7200,0,0,0,52837,0,1958,0,0,0,942,0,76.2,76.2,20.7,3.7,20,273,129,4761,2627,3863,1914,0,2240,6289,0,4779,26473,12401,0,0,13248,0,3,44646,86483,454,1957,1652,64816501,45400599,1497675,20913577,366746,30141503,-8861180,5843389,246462,0,0,-3264253,16923440,3142390,44750671,10477049,7320128,8088576,878521,0,652831,10509473,0,4247393,42173971,4984225,2269435,1402735,1560380,0,1343560,8277583,0,2804612,22642530,9293290,1562450,9239630,667850,-311677,0,1741010,16902320,1742276,0,945029,0,3618421,0,0,0,1497675,6167984,7944750,563358,1771051,0,255381,3382411,0,828642,0,-455058,621261,82260,0,0,7355440,908860,9017722,0,0,0,0,5948393,1117825,3549546,2243717,12183500,2705305,85240,1063384,5087317,3938646,1631520,402189,576992,361337,2106073,4131070,527671,9070545,497359,56256,0,14282901,9343011,0,16851326,-11911436,14282901,0,25972287,10747700,39741892,30671347,15723029,314665,0,18298976,1447650,0,0,499,465,295,857359,109855,967214,78,0,67991,26449,157860,86329,168898,231103,109625,9104,0,0,329302,22829,155064,0,161651,121307,67206,0,365683,25128,188134,0,185952,127083,75234,0,,2003
106420522,santa ynez valley cottage hospital,1/1/2003,12/31/2003,365,audited,incl. ind. audit,santa barbara,10,0805,non-profit,general,comparable,small/rural,(805)688-6431,700 alamo pintado rd,solvang,93463-2269,ronald c. werft,president,wendy kaufmann,santa ynez valley cottage hospital,0,05-0478,,zzt30478f,22,20,20,445,184,0,8,1,140,0,0,15,793,150,65,0,4,1,90,0,0,9,319,22,0,0,0,0,0,793,0,0,0,0,0,319,0,0,0,0,0,9.9,10.9,2.5,2.5,0,0,0,13184,1675,186,729,240,10900,0,0,1427,28341,5934,0,0,22369,0,2,5296,15124,37,239,1855,18956875,11653321,0,7303554,147298,6758210,692642,388179,73356,0,0,1007465,860565,2490120,15606190,2063055,745401,0,38196,12473,797089,0,0,63338,3719552,5967776,762234,80483,638021,156415,6420752,0,0,1211642,15237323,5605021,744885,67737,590976,0,143122,2827767,0,584729,0,137029,0,952055,0,0,0,0,1716721,629632,5639,25534,12075,3751548,0,0,1162405,0,0,100500,34498,0,0,715413,1026227,3161148,0,0,0,0,807057,284346,659998,104021,2590669,1124862,237386,41802,680799,1231003,502749,89570,14607,0,244763,4471544,71267,2195847,89039,0,91986,6919683,843571,0,997702,5078410,6919683,2754515,2055135,4436976,6612077,4416230,0,0,0,997702,0,0,0,76,49,0,93811,9071,102882,27,0,5725,33055,23330,0,17601,13764,0,0,336,0,17960,20326,38157,0,2788,5310,9270,0,19363,21952,42145,0,2908,5965,10549,0,,2003
106371256,scripps green hospital,10/1/2002,9/30/2003,365,audited,incl. ind. audit,san diego,14,1416,non-profit,general,comparable,,(858)455-9100,10666 north torrey pines road,la jolla,92037-1513,robin brown,administrator,david wright,scripps health,0,,hsc30424j,,173,168,110,12675,9677,214,13,14,591,13911,0,949,38044,2858,2592,42,6,4,222,4137,0,252,10113,173,0,0,0,0,0,38044,0,0,0,0,0,10113,0,0,0,0,0,60.2,62,3.8,3.8,0,0,0,17166,16445,172,14,0,1162,65269,0,22751,122979,0,0,0,115255,0,14,721980,615180,4361,7690,0,443986020,294275077,28547,149739490,9352444,147106780,11985154,0,0,0,0,11985154,75120844,0,368865176,98203173,76174171,1834010,172942,340617,5422188,120012259,0,3326182,305485542,26952699,26878151,199697,8225,0,2142304,78921868,0,3397534,138500478,86912644,72255456,1585038,179757,0,108740,3824923,122122257,7083474,0,202788,0,0,10439,0,0,18108,37675394,30624271,448669,1410,231877,3407824,74155288,0,3194757,0,0,0,0,0,0,23279188,0,79058606,0,0,1138283,3922246,19972203,4936792,10849460,3950002,40959298,10625323,1626515,8895923,45549172,27290546,6620136,667846,808605,1323892,2739524,28107333,0,52980605,0,0,0,81087938,43977654,0,0,37110284,81087938,414005,49724060,48300120,98414608,45434003,0,0,0,0,0,0,42312808,988,905,542,1651722,342528,1994250,228,44,82481,333213,460413,2557,99269,216118,0,346432,98657,12582,524330,0,530292,97148,325435,44866,129651,0,602937,0,718486,98328,375639,52011,146849,0,,2003
106370658,scripps memorial hospital - chula vista,10/1/2002,9/30/2003,365,audited,incl. ind. audit,san diego,14,1420,non-profit,general,comparable,,(619)554-2321,435 h street,chula vista,91910-1513,john grah,administrator,paul piche,scripps health,0,,hsc30270h,,183,152,124,19593,831,11448,3571,1690,187,3111,1418,3431,45280,2965,247,2164,1193,344,54,976,341,1240,9524,183,0,0,0,0,0,45280,0,0,0,0,0,9524,0,0,0,0,0,67.8,81.59999999999999,4.8,4.8,25,3112,1949,16589,958,16109,8323,2537,2939,19184,1369,3630,71638,35969,0,0,40316,0,4,281820,324840,1523,1646,0,268015241,189916806,383114,78481549,2734307,89628999,-8413143,0,0,0,-693977,-7719166,98841643,11727744,157445854,97607017,4391695,59491613,10147166,9145597,921726,13249978,6421129,12033172,213409093,14029073,970491,9948657,7511172,2397575,2802383,14200679,1154968,1591150,54606148,79059397,3579763,43907990,13539237,-3362849,9555489,784801,11281662,11961486,0,19609830,0,0,0,0,0,383114,32576693,1782423,16861396,4119101,1987683,2939308,16552109,0,1662836,0,0,0,0,0,0,21858883,6858918,29710535,0,0,0,1917919,11631376,3868310,10234736,3548322,37893759,8996675,2560187,4047698,15135663,11222221,4547825,951998,836081,1552654,1884238,19105432,0,55792358,0,0,0,74897790,83183861,0,0,-8286071,74897790,568167,66611430,11419922,94006518,38214160,0,0,0,0,0,0,81982479,792,777,368,1425590,266639,1692229,366,17,90319,327494,436558,32672,91243,220415,115712,36027,71250,3900,517166,95614,361474,49779,186906,77841,136810,0,600701,110554,473130,53823,209700,86909,157412,0,,2003
106371394,scripps memorial hospital - encinitas,10/1/2002,9/30/2003,365,audited,incl. ind. audit,san diego,14,1416,non-profit,general,comparable,,(760)633-7660,354 santa fe drive,encinitas,92024-1513,carl etter,ceo,phu han,scripps health,0,05-0503,hsc30503g,zzt30503g,140,133,91,17517,3641,3246,312,1150,888,9996,1003,261,38014,2507,572,918,129,162,146,2664,234,62,7394,110,0,0,30,0,0,31783,0,0,6231,0,0,6981,0,0,413,0,0,74.40000000000001,78.3,5.1,5.1,0,0,0,15764,2974,1916,1765,1602,2531,28630,1717,2849,59748,26248,0,0,33494,0,6,256800,188820,1830,2996,0,260987651,177642270,74850,83420231,682425,87103363,-3000707,1069700,0,0,0,-1931007,71192520,9453154,180341977,87655771,22479495,15573796,1392136,5949986,4745148,56857682,5605917,1458284,201718215,17207932,4038417,1371003,702938,991518,3437241,27836656,1385287,2298444,59269436,78690377,17699435,13991544,1619567,0,5822299,3805143,47104451,6310137,0,2599317,0,0,0,0,0,74850,25880784,8775224,2953255,475507,1119205,4245339,36214189,1050000,2706728,0,0,0,0,0,0,21887481,4536893,32963026,0,0,0,0,12318429,3569511,8998913,2829110,33662954,8156770,1534595,5079032,18809694,11241111,4136202,1122876,613773,911871,1834485,18179993,0,37529347,0,0,0,55709340,43118464,0,0,12590876,55709340,508929,37657911,41589956,89331958,51802611,0,0,0,0,0,0,42169121,794,710,444,1320795,239255,1560050,359,0,79366,373311,371473,34991,76459,186843,100134,14716,74732,8770,496744,81411,390724,0,177997,49107,124812,0,561556,93911,497974,0,211626,55984,138999,0,,2003
106370771,scripps memorial hospital - la jolla,10/1/2002,9/30/2003,365,audited,incl. ind. audit,san diego,14,1416,non-profit,specialty,comparable,,(858)626-4123,9888 genesee ave.,la jolla,92037-1513,gary fybel,ceo,karen pankopf,scripps health - la jolla,2,05-0324,hsc30324f,,422,356,282,40506,2984,5068,389,1240,3840,42189,4632,2237,103085,5581,451,529,81,277,830,11087,667,322,19825,293,0,66,0,63,0,73490,0,10982,0,18613,0,18013,0,1086,0,726,0,66.90000000000001,79.3,5.2,4.4,27,9034,4008,26956,1762,1624,478,755,3497,61203,3628,3151,103054,27280,2840,0,38104,0,20,989100,597660,5737,7255,0,866375142,599596096,361423,267140469,9544363,261840127,14844705,500552,0,0,0,15345257,209910201,52542123,603922818,265287673,18579952,36375093,3033607,9437328,36725145,320367396,16720138,8075349,714601681,47109571,4404996,4037044,736120,1278517,5178536,79088292,4653337,5287048,151773461,238789615,16912499,35335739,2628662,0,9305994,22063720,243696648,22337446,0,8525773,0,0,152506,0,0,208917,71670728,6149006,5076398,1141065,1409851,18664134,150893998,1235987,10899302,0,0,0,0,0,0,54405884,11881299,117187332,0,0,0,0,39081090,9052952,21811465,8420105,84068006,20388895,3642849,16574795,74893787,38288228,11439184,2985195,1396878,2675738,5486572,61024168,0,94337339,0,0,0,155361507,76747140,0,0,78614367,155361507,1442901,131298934,69324518,203857852,109520513,0,0,0,0,0,0,73704771,1786,1733,1137,3285296,599309,3884605,815,0,140891,853911,956774,69016,227021,463298,0,294750,210518,69117,1203762,186275,1072313,0,461035,70069,291842,0,1407377,215167,1325236,0,531254,82994,322577,0,,2003
106370744,scripps mercy hospital,10/1/2002,9/30/2003,365,audited,incl. ind. audit,san diego,14,1418,non-profit,general,comparable,teaching,(619)294-8111,4077 fifth avenue,san diego,92103-2105,tom gammiere,senior v.p.,betty abad,scripps health,1,05-0077,hsc30077f,zzt30077f,517,447,280,36414,6949,21467,3386,5892,2244,19994,2689,3087,102122,6092,1705,4010,1170,1102,636,5483,810,1167,22175,467,50,0,0,0,0,88014,14108,0,0,0,0,20637,1538,0,0,0,0,54.1,62.6,4.6,4.6,37,3802,1909,25875,3850,17385,13486,5158,2946,21925,3380,2950,96955,49935,22886,0,15481,0,16,1440900,1847340,7169,8430,0,786230064,539859344,10569279,256939999,2569915,247911865,11598049,3496064,663130,0,0,14430983,201248725,62031305,522950034,194636032,47046752,132204239,16516718,35736597,24507511,149387960,17946771,24262272,642244852,43921854,11387968,19792590,5294906,6287469,4493122,47733016,2500924,2573363,143985212,155912377,50826482,90387678,15424271,-5596659,35696732,16586979,101107577,25738587,0,53775320,0,0,8061025,0,0,2508254,82645509,15669263,33878185,6387353,6327334,12413654,98521653,0,1097048,0,0,0,0,0,0,52206540,22070673,92658909,0,0,1298972,5469941,34789464,9843130,21951420,7622816,91652552,23787511,7569644,13326008,58525183,32784310,10730792,2010558,1935257,1306440,4283610,59053752,0,42081337,0,0,0,101135089,18610057,0,0,82525032,101135089,1108287,96298900,61238721,164881380,122800043,0,0,0,0,0,0,15173835,1978,1978,1077,3707721,611678,4319399,1182,68,179234,977581,971922,141962,345410,487554,379599,19613,204846,0,1243401,385869,920473,171240,587704,116213,279520,3301,1429107,449716,1143172,179384,659382,131926,322643,4069,,2003
106100793,selma community hospital,1/1/2003,12/31/2003,365,audited,incl. ind. audit,fresno,09,0607,non-profit,general,comparable,small/rural,(559)891-6200,1141 rose avenue,selma,93662-3241,richard rawson,president/ceo,jeffrey n. brown,adventist health,0,05-0470,,hsp40470g,57,57,27,4103,529,2198,840,38,91,705,254,265,9023,902,89,996,412,1,37,318,137,135,3027,43,0,0,0,14,0,6072,0,0,0,2951,0,2741,0,0,0,286,0,43.4,43.4,3,2.2,8,1703,1143,16839,806,20582,27508,4,2236,23493,64,5499,97031,21417,50848,0,24529,0,3,66595,86980,769,1376,2765,117518029,90813152,104286,26809163,344246,28500868,-1347459,244524,114919,0,0,-1217854,26020347,20635778,70861904,18380419,1967702,18527141,7814352,98248,693505,6601791,1870673,1876825,57830656,11794242,801544,8919938,13347189,43301,3149298,17918170,15052,3698639,59687373,22692518,2437678,19993804,17567568,-288606,121847,1690643,18330994,5030044,0,3126279,0,110383,0,0,0,104286,7482143,331568,7039271,3057721,18010,2152160,6293253,0,435037,0,0,173768,36930,0,0,3457675,4999507,8073360,0,0,0,0,3553959,1497890,6005855,912622,11561877,3880308,1515377,2334453,3455955,2939728,1004525,326036,231214,227132,1024263,4690372,0,6312281,12911,897547,725357,12638468,9462707,0,9881697,-6705936,12638468,1770,4334777,3293161,9694638,3382357,0,0,8753819,10505720,624023,897547,502861,310,302,147,588229,53309,641538,58,0,59657,86560,73445,26403,82177,219886,26772,0,13213,116,102911,146541,111256,0,101169,55695,70657,0,110971,158415,123135,0,110446,61654,76917,0,,2003
106124004,sempervirens - phf,7/1/2002,6/30/2003,365,audited,excl. ind. audit,humboldt,01,0105,city/county,psychiatric,phf,,(707)268-2990,720 wood street,eureka,95501-4413,lance morton,mental health director,marie montalvo,county of humboldt,0,05-4124,,,16,16,16,1161,0,1337,0,0,0,0,0,947,3445,184,0,229,0,0,0,0,0,172,585,0,16,0,0,0,0,0,3445,0,0,0,0,0,585,0,0,0,0,59,59,5.9,5.9,0,0,0,0,0,0,0,0,0,0,0,0,0,0,0,0,0,0,0,0,0,0,0,0,2842125,-153815,0,2995940,0,2995940,0,0,0,0,0,0,2842125,0,0,957825,0,1103025,0,0,0,0,0,781275,2842125,0,0,0,0,0,0,0,0,0,0,0,0,0,0,-153815,0,0,0,0,0,0,0,0,0,0,0,0,957825,0,1256840,0,0,0,0,0,781275,0,0,0,0,0,0,0,0,0,0,0,0,0,0,0,0,0,0,0,0,0,0,0,0,0,0,0,0,0,0,0,0,0,0,0,0,0,0,0,0,0,0,0,0,0,0,0,0,0,0,0,0,0,0,0,0,0,0,22,0,0,0,0,0,0,0,0,0,0,0,0,0,0,0,0,0,0,0,0,0,0,0,0,0,0,0,,2003
106321016,seneca healthcare district,7/1/2002,6/30/2003,365,audited,excl. ind. audit,plumas,01,0215,district,general,comparable,small/rural,(530)258-2151,brentwood drive,chester,96020,raymond marks,ceo,cheryl m. darnell,seneca healthcare district,4,05-0333,,zzr00333f,26,26,26,789,0,4835,0,58,175,0,0,745,6602,220,0,47,0,17,77,0,0,19,380,10,0,0,0,16,0,1039,0,0,0,5563,0,354,0,0,0,26,0,69.59999999999999,69.59999999999999,17.4,2.9,0,0,0,11552,0,2721,0,344,14715,0,0,1870,31202,3736,19938,0,7548,0,1,3204,6447,42,142,549,13740463,4941706,0,8798757,17674,9986106,-1169675,403233,911,0,0,-767353,2010432,3338427,8391604,2046998,0,1484873,0,299710,744556,0,0,313346,4889483,3542629,0,804328,0,196655,3878141,0,0,429227,8850980,2313983,0,921373,0,0,269614,373729,0,773349,0,13432,-37276,313502,0,0,0,0,3275644,0,1367828,0,226751,3374083,0,0,554451,0,0,0,9805,294943,0,1432731,2459238,2622224,0,0,0,0,1360399,751138,926754,433622,3272944,1357995,1138470,1528604,930745,476091,442276,65468,62323,149900,561290,1431797,472956,3856102,308,0,0,5761163,1279694,0,1674183,2807286,5761163,263609,5164213,3610621,8865444,5009342,0,233671,0,1876926,202743,0,0,123,110,31,221412,33588,255000,8,0,27789,29370,14395,13321,20320,68595,19226,3030,16868,8498,52160,45148,31837,0,34487,34395,23385,0,61316,51059,35082,0,39782,39311,28450,0,,2003
106410891,sequoia hospital,7/1/2002,6/30/2003,365,audited,incl. ind. audit,san mateo,04,0428,non-profit,general,comparable,,(650)369-5811,170 alameda de las pulgas,redwood city,94062,glenna l. vaskelis,president/administrator,m. louise liberati,sequoia hospital district & chw,0,05-0197,hsc00197g,zzr00197g,421,300,286,24066,675,380,1131,0,236,14470,0,624,41582,4831,136,76,227,0,48,2906,0,125,8349,355,22,0,0,44,0,29944,4370,0,0,7268,0,7001,697,0,0,651,0,27.1,38,5,4.5,8,2644,1124,50979,803,1108,5591,0,3484,103569,0,4628,170162,20741,0,0,149680,0,11,416337,390631,2481,3022,6900,534968701,386611740,0,148356961,3093294,143539504,7910751,1032284,506240,0,0,8436795,147653315,18519385,368796001,231008288,4375141,8098277,9633201,0,1574849,141057451,0,4098777,399845984,41781765,614111,699812,3446793,0,2896074,83017400,0,2666762,135122717,214949750,3192561,7239456,10697264,0,0,786708,142065744,5368846,0,1120939,0,1190472,0,0,0,0,57840303,1796691,1558633,2382730,0,1547983,82009107,0,1221514,0,576162,0,256758,0,0,26825539,2681819,56281902,0,0,0,0,21835355,1822383,28182656,5909850,42867145,29110883,2111711,9953723,25983404,18684000,5822988,1618734,695877,2060222,4630817,38432695,0,36176996,3030565,6349767,0,83990023,25117484,0,26101603,32770936,83990023,15021590,39575282,34300250,75807232,39630236,0,0,28276736,28276736,2175133,0,630051,762,708,255,1400987,237881,1638868,578,0,90530,296528,346328,28602,71086,224106,177455,183,34292,131877,369275,37104,478774,0,301463,40734,170633,3004,446086,42967,551295,0,348677,47017,199341,3485,,2003
106410817,seton medical center,7/1/2002,6/30/2003,365,audited,incl. ind. audit,san mateo,04,0425,non-profit,general,comparable,,(415)992-4000,1900 sullivan ave,daly city,94015,bernadette smith,president,tanya teig,daughters of charity health system,0,05-0289,hsc00289f,zzr00289f,333,278,278,44263,1071,14711,5745,0,246,10628,0,1853,78517,5147,148,694,524,0,57,2344,0,326,9240,206,0,0,0,127,0,50438,0,0,0,28079,0,8217,0,0,0,1023,0,64.59999999999999,77.40000000000001,8.5,6.1,3,1039,384,83277,47265,7045,24017,0,3529,104706,0,21062,290901,25562,5648,43620,209458,0,17,443077,280389,3081,4443,0,754414673,568683807,0,185730866,1492219,169790966,17432119,4615024,3591650,0,0,18455493,231961115,32882348,489571210,355472861,5370647,61044237,30325532,0,3090276,114031130,0,15466546,584801229,58805483,8814094,3974494,14851930,0,1489812,68335189,0,13342442,169613444,342294196,0,56715622,39451301,0,0,0,114562595,6770649,0,1929281,0,6960163,0,0,0,0,71825131,14184741,8303109,5726161,0,4580088,67803724,0,13307912,0,0,316521,301006,0,0,39437532,12304586,56103078,0,0,0,0,24141015,4053016,22800303,10951436,73299431,17870634,2202556,5804677,27710567,20146910,8220299,3036372,1181203,5638058,4680259,57705113,-4149,59745676,6086687,111503,0,123644830,30279675,0,77910828,15454327,123644830,18837398,89205703,81847295,228518577,168772901,0,0,77910828,77910828,0,11325440,0,1124,1124,445,2045271,377105,2422376,384,0,121140,477040,475453,116388,245956,281958,200557,42571,38878,45330,702484,199745,518150,0,376615,47660,186826,13791,831794,240802,626007,0,429643,54019,224802,15309,,2003
106410828,seton medical center - coastside,7/1/2002,6/30/2003,365,audited,incl. ind. audit,san mateo,04,0427,non-profit,general,comparable,small/rural,(650)992-4000,600 moss beach boulevard,moss beach,94038,bernadette smith,president,tanya teig,daughters of charity health system,0,05-0613,,hsp00613f,121,121,121,11878,0,19120,7413,0,406,62,0,1016,39895,33,0,43,18,0,1,1,0,3,99,5,0,0,0,116,0,34,0,0,0,39861,0,9,0,0,0,90,0,90.3,90.3,403,3.8,0,0,0,1597,40,109,1057,0,316,6199,0,1264,10582,3515,0,0,7078,0,0,0,0,0,0,0,21471397,9817671,0,11653726,192378,13358325,-1512221,122875,0,0,0,-1389346,14050365,2375422,5045610,5213221,0,7900973,3031005,0,149211,53299,0,446162,16793871,786677,16655,44335,406839,0,137838,2784039,0,501143,4677526,1354081,0,6492806,482562,0,0,174382,758674,534960,0,20206,0,0,0,0,0,0,4644669,16655,1452502,2955282,0,92461,2078664,0,413493,0,0,122875,0,0,0,5088809,638794,1790856,0,0,0,0,3204866,445348,1653811,535841,6677032,2083611,408000,415299,1323247,1453710,325459,71245,157143,148675,294904,1911898,0,3145574,105430,0,0,5162902,11537207,0,0,-6374305,5162902,294598,5022495,2562749,9137240,5991666,0,0,0,0,0,0,9623348,129,129,112,241722,32623,274345,34,0,19030,26981,11640,15409,100558,24278,28689,8085,6926,126,135010,8680,24363,0,54418,8102,11149,0,153310,10720,28154,0,60487,8975,12699,0,,2003
106370693,sharp cabrillo hospital,10/1/2002,9/30/2003,365,audited,excl. ind. audit,san diego,14,1418,non-profit,general,comparable,,(619)221-3400,3475 kenyon street,san diego,92110,dan gross,ceo,kathy graves,san diego hospital association,0,05-0100,hsc30100f,,180,76,76,4513,8271,4776,57,0,225,2938,127,1271,22178,274,479,86,5,0,8,169,5,44,1070,104,0,0,0,76,0,0,0,0,0,22178,0,0,0,0,0,1070,0,33.8,79.90000000000001,20.7,0,0,0,0,1064,890,50,37,64,34,1265,1,84,3489,0,410,0,1698,0,9,68,36348,3,1381,168,36399153,27883586,4544303,13059870,21556,17617977,-4536551,1267,118554,0,0,-4653838,6652273,697325,29049555,4844870,8566501,2580180,59678,0,257452,3664583,61770,615323,20650357,5545316,5228322,273083,142400,113900,138826,4041544,3200,262205,15748796,6608200,13393609,1584433,157887,0,105988,167250,4970137,387646,0,64970,0,443466,3726298,0,0,818005,3612319,3878779,1208493,41271,6636,221758,3427374,0,663240,0,1467374,0,1267,0,0,4415477,179990,4804066,0,0,0,0,3577921,431653,1503160,2705710,5510973,2143395,0,76715,2214132,4028894,277360,1260521,124697,1216839,764451,7695422,0,711176,0,68713,824746,9300057,1339123,0,12446435,-4485501,9300057,0,0,4632197,4721447,4010271,0,0,12867644,12867644,421209,5861686,0,173,138,112,257073,32590,289663,1025,0,5659,61807,48562,40090,75484,16773,0,6940,1758,0,152598,1801,73879,0,17757,2176,8862,0,171779,1987,83585,0,19863,2554,9895,0,,2003
106370875,sharp chula vista medical center,10/1/2002,9/30/2003,365,audited,incl. ind. audit,san diego,14,1420,non-profit,general,comparable,,(619)482-5800,751 medical center court,chula vista,92010,chris boyd,ceo,lee mcmorris/jeff anderson,san diego hospital association,0,05-0222,hsc30222f,zzt30222f,330,315,315,27435,11877,28824,3104,1243,786,12298,622,3986,90175,3462,1864,2014,1092,214,77,3084,52,679,12538,230,0,0,0,100,0,58044,0,0,0,32131,0,11750,0,0,0,788,0,74.90000000000001,78.40000000000001,7.2,4.9,0,0,0,15388,9182,6263,7775,1131,2540,35052,89,7973,85393,35531,3464,0,45293,0,6,399390,254310,2623,7214,12449,559181320,445660690,22481455,136002085,811988,140846175,-4032102,2084640,664994,0,0,-2612456,150937189,18132582,390111549,171886359,60100356,71057794,19262979,9351107,1975928,74913590,1955199,16772882,427276194,38330163,16011996,12325759,9452584,2933211,2379338,44262008,183523,6026544,131905126,164125531,75433568,67854715,24801870,0,11486079,1599049,78851641,17075566,0,2138722,-33363,2327312,11714580,683231,0,10083644,45862135,12331930,15528838,4581039,805404,2670579,49800755,0,4421405,0,803897,53569,746793,0,0,32396412,7581834,51389416,0,0,0,0,23748602,3131295,15750868,6847748,49006689,18176286,2743143,3250554,24829253,26061827,7612173,2503784,1081102,2740326,2841038,81359719,0,48058705,2486358,5484724,1657942,139047448,14537487,0,64678660,59831301,139047448,205243,56187026,48429942,108315030,60256325,0,0,65675660,66441052,1762392,54445182,0,1339,1080,485,1929999,365057,2295056,443,0,65162,474640,629465,40913,232740,354198,11230,73433,33697,14521,805570,123144,600979,0,169809,57700,167738,5059,969632,149998,707394,0,202535,65038,195400,5059,,2003
106370689,sharp coronado hospital & healthcare ctr,10/1/2002,9/30/2003,365,audited,incl. ind. audit,san diego,14,1420,non-profit,general,comparable,,(619)522-3600,250 prospect pl,coronado,92118,marcia k. hall,ceo,mildred a. reyes,san diego hospital association,0,05-0234,hsc30234f,zzt30234f,204,204,175,4520,1842,34013,162,67,24,4373,65,5972,51038,805,458,185,52,23,12,565,5,115,2220,46,0,0,0,158,0,6871,0,0,0,44167,0,1974,0,0,0,246,0,68.5,68.5,23,3.5,0,0,0,11337,2382,2716,1148,588,869,15576,38,4149,38803,10058,0,0,29169,0,4,107520,57495,761,699,1937,107765488,71943799,1877311,37699000,18956,42089280,-4371324,2035894,1854691,0,0,-4190121,33493801,4525321,69746366,17802175,11619229,31740967,925560,377265,190335,13017493,104541,2952578,78730143,8088286,2542894,1794392,1020948,706432,387805,11669341,74443,2750804,29035345,19634958,12524909,17252644,1713726,-381893,1000615,176002,16438389,2092910,0,178984,-5076,1317631,953623,62861,0,860827,6235968,2587244,16662631,295643,88158,377335,8935548,0,2516473,0,0,25005,0,0,0,15093862,1345884,9161972,0,0,0,0,8242150,1671481,5014158,1559773,17594610,4396347,331891,1144049,4821045,9009664,1738712,1036321,288161,9884,1718596,5843599,0,6445884,1189622,0,58,13479163,11072531,0,451304,1955328,13479163,0,10622235,8257529,19777089,13331205,0,0,0,466867,15563,0,6725641,400,396,221,751757,120929,872686,50,0,44136,117527,140225,93707,163478,99001,8206,37006,35726,12745,439442,22730,146053,0,56779,30091,48795,7867,513137,26999,169131,0,64405,34526,55632,8856,,2003
106370714,sharp grossmont hospital,10/1/2002,9/30/2003,365,audited,incl. ind. audit,san diego,14,1422,non-profit,general,comparable,,(619)465-0711,5555 grossmont center drive,la mesa,91942,michele tarbett,ceo,jeff anderson,san diego hospital association,0,05-0026,hsc30026f,zzt30026f,450,433,433,42880,20486,15225,4548,2529,636,21581,362,4026,112273,6671,4053,3177,1486,513,194,5931,98,1208,23331,344,46,0,30,30,0,84072,11788,0,7176,9237,0,20429,1370,0,511,1021,0,68.40000000000001,71,4.8,4.6,0,0,0,94251,36603,34582,16020,4151,15671,75589,344,26766,303977,62811,81147,45481,78068,0,17,755508,443913,5674,6620,26757,1067603533,823520903,48814218,292896848,1059508,284075928,9880428,5069039,3981048,0,0,10968419,247071155,80229073,740303305,254547941,141281260,91892179,27521264,16093709,6174686,163654575,2669141,23530413,727365168,89735268,51420546,26762531,17804729,6769982,3455311,123776865,634529,19878604,340238365,251492591,187843036,100860139,38257826,0,20746724,2291038,179735096,33484171,0,3303670,-68566,5575178,30264977,851156,0,17698085,92530585,34968940,17748802,7912960,2185533,7059231,123903391,0,6587406,0,-7,441120,1974775,0,0,56227646,33810806,106901497,0,0,34586,0,38244691,7154449,32493645,9208608,97122291,35292176,4754010,10172756,56827249,51466091,16315211,3270927,2193929,1392377,5268911,65652870,55429962,85707674,48246892,9111517,3207828,267356743,29292210,0,63252706,174811827,267356743,11401735,125628992,72798272,208335588,122627914,0,0,49099995,64980270,1727564,518692,2431125,2704,2178,836,3993823,668345,4662168,660,0,124608,1019501,1153476,72318,371530,843550,60636,216899,119826,11479,1392566,618838,1189820,667,292862,132387,366683,0,1636225,727128,1390996,773,330750,154063,422233,0,,2003
106370695,sharp mary birch hospital for women,10/1/2002,9/30/2003,365,audited,excl. ind. audit,san diego,14,1416,non-profit,general,comparable,,(858)541-3400,7901 frost street,san diego,92123,dan gross,ceo,kathy graves,san diego hospital association,0,05-0722,hsc30722f,zzt30722f,166,166,166,183,239,11609,3107,33,87,25446,17,440,41161,73,82,2063,955,11,26,6330,7,185,9732,166,0,0,0,0,0,41161,0,0,0,0,0,9732,0,0,0,0,0,67.90000000000001,67.90000000000001,4.2,4.2,40,12710,6305,112,60,2134,1156,4,28,7869,2,971,12336,0,0,0,10215,0,9,173528,127957,1364,1964,280,237965464,181823136,10221651,66363979,242760,57656191,8950548,324429,307666,0,0,8967311,102879470,418306,134667688,1410414,1886681,61381988,15412076,237885,551845,133530677,101216,2683374,217196156,369525,263731,2742876,1410824,13273,39257,13663301,8838,2257683,20769308,1244409,2080841,50299010,13536482,-649338,228264,241905,107201146,1785071,0,110454,0,5744892,650360,478532,0,9092759,488640,676360,13538644,3470345,19047,339576,46414542,-400,1417225,0,672505,0,869,0,0,20503530,78781,19315487,0,0,0,0,7967341,1888998,4642254,3259800,24901766,9780685,867040,734575,5335510,9742077,3289911,170509,520639,964494,1348985,57313667,0,38409307,6367,450026,600468,96779835,6312648,0,9061809,81405378,96779835,0,47839684,18001538,65841222,27431915,0,0,9368476,9368476,306667,38322333,0,706,494,559,916617,117174,1033791,364,0,22933,148280,549490,5151,25885,145622,0,12605,5218,1433,467072,2146,330066,0,35965,23670,52604,5094,527819,2401,374853,0,38593,26302,58141,5682,,2003
106370694,sharp memorial hospital,10/1/2002,9/30/2003,365,audited,excl. ind. audit,san diego,14,1416,non-profit,general,comparable,,(858)541-3400,7901 frost street,san diego,92123,dan gross,ceo,kathy graves,san diego hospital association,2,05-0100,hsc30100f,zzt30100f,485,485,462,40071,19490,15724,2734,1907,1955,46870,90,3501,132342,5412,4046,1822,483,297,498,8895,22,798,22273,296,134,15,40,0,0,83578,36850,4633,7281,0,0,16906,4232,776,359,0,0,74.8,74.8,5.9,5.9,0,0,0,89367,54089,16656,10359,5164,7968,128423,788,18449,331263,150246,16253,83979,158464,0,32,1059164,377594,6310,5936,35091,1098866919,839083912,75016797,334799804,11668296,328963225,17504875,4593602,2992025,0,0,19106452,275301247,57906010,765659662,242529484,152544156,88325218,12620410,13269980,20161531,268936958,5169272,17121458,820678467,73429426,40859437,11796575,6744459,4050615,4983829,119731708,557127,16035276,278188452,229775435,185381583,81076142,16025336,0,14950574,5375673,246022931,26134993,0,5726399,0,28614846,37866745,731118,0,36418934,77505254,40651246,16319674,3497834,1893827,19094725,167852989,0,7984255,0,-1391926,0,3858796,0,0,61167313,28304841,126768362,0,0,1737033,0,41059003,13053791,34466749,22406133,115595672,43387743,5907969,9530272,60602606,56291649,12420586,3757603,3072349,10552269,7844507,236384825,0,102943407,33367435,47307074,8043369,428046110,37618109,51000,214095642,176281359,428046110,455270,138402343,109314889,262223691,159280284,0,0,219895799,219895799,5800157,176988716,0,3113,2480,1079,4797350,514572,5311922,1100,0,204895,1439179,1384075,75012,283158,905707,115909,234861,139209,15345,1491404,621168,1596907,33938,433792,162970,453956,3215,1642375,688995,1776914,37674,475293,179623,507177,3871,,2003
106374049,sharp vista pacifica,10/1/2002,9/30/2003,365,audited,excl. ind. audit,san diego,14,1416,non-profit,specialty,comparable,,(619)576-1200,7989 linda vista rd,san diego,92111-5106,dan gross,ceo,kathy graves,san diego hospital association,0,,,,16,12,12,0,0,0,0,0,60,2203,5,751,3019,0,0,0,0,0,3,192,1,52,248,0,0,16,0,0,0,0,0,3019,0,0,0,0,0,248,0,0,0,51.7,68.90000000000001,12.2,12.2,0,0,0,0,0,0,0,0,36,3165,1,352,3554,0,0,0,450,0,0,0,0,0,0,0,3470036,1467011,677,2003702,82075,1355709,730068,0,10680,0,0,719388,1726517,1204528,538991,0,0,0,0,0,69312,1560973,3465,530417,2164167,0,0,0,0,0,13726,1174093,332,117718,1305869,0,0,0,0,0,0,13105,669362,145416,0,3797,0,635331,0,0,0,677,0,0,0,0,0,52620,1608809,0,342273,0,-627948,0,0,0,0,746211,168313,57525,0,0,0,0,130218,34882,204342,14218,679488,239392,51992,5221,94937,230031,569,7907,13327,0,32845,798561,0,518344,0,6506,0,1323411,87118,0,0,1236293,1323411,0,470356,44903,775259,256915,0,0,0,0,0,558921,0,24,16,5,29581,2887,32468,17,0,3849,10351,6205,0,0,7499,1512,0,165,0,19978,6193,0,0,1526,0,1884,0,22177,6507,0,0,1698,0,2086,0,,2003
106451019,shasta co mental health svcs - phf,7/1/2002,6/30/2003,365,audited,excl. ind. audit,shasta,01,0209,city/county,psychiatric,phf,,(530)225-5200,2640 breslauer,redding,96001,don kingdon  ph. d.,director of mental health,timothy m. kerwin,county of shasta,0,05-4108,,,15,15,15,1329,0,1977,0,1096,287,0,0,0,4689,204,0,382,0,249,103,0,0,0,938,0,15,0,0,0,0,0,4689,0,0,0,0,0,938,0,0,0,0,85.59999999999999,85.59999999999999,5,5,0,0,0,0,0,0,0,0,0,0,0,0,0,0,0,0,0,0,0,0,0,0,0,0,4324656,0,0,4324656,0,4324656,0,0,0,0,0,0,4324656,0,0,0,0,0,0,0,0,0,0,0,0,0,0,0,0,0,0,0,0,0,0,0,0,0,0,0,0,0,0,0,0,0,0,0,0,0,0,0,0,0,0,0,0,0,0,0,0,0,0,0,0,0,0,0,0,0,0,0,0,0,0,0,0,0,0,0,0,0,0,0,0,0,0,0,0,0,0,0,0,0,0,0,0,0,0,0,0,0,0,0,0,0,0,0,0,0,0,0,0,0,0,0,0,0,0,14,0,0,0,0,0,0,0,0,0,0,0,0,0,0,0,0,0,0,0,0,0,0,0,0,0,0,0,,2003
106190708,sherman oaks hospital & health center,2/1/2002,1/31/2003,365,audited,excl. ind. audit,los angeles,11,0905,non-profit,general,comparable,,(818)981-7111,4929 van nuys blvd,sherman oaks,91403-1702,david levinsohn,ceo,gina rondolo,sherman oaks health system,0,05-0114,hsc30114h,,153,153,153,19947,798,1803,461,0,2634,2052,0,869,28564,3395,140,316,61,0,426,356,0,148,4842,112,19,0,0,22,0,20451,3433,0,0,4680,0,3838,414,0,0,590,0,51.1,51.1,5.9,5.6,0,0,0,35002,1203,3413,463,0,15497,13992,0,4417,73987,19233,8048,0,37695,0,9,278535,263648,1636,2170,2243,238773630,175087339,0,63686291,337945,60350808,3673428,230259,0,0,0,3903687,55603722,21603907,161566001,96566801,5641559,12948530,5172718,0,24462282,16600398,0,6955798,168348086,33274084,911305,2576055,332852,0,16549688,14126470,0,2655090,70425544,93329663,4710201,11037141,3914163,0,0,38725322,15674832,797476,0,5723606,0,1174935,0,0,0,0,32326264,1631454,3987065,1413955,0,964773,14061665,0,9301115,0,0,4749,99555,0,0,12993458,3727887,22387233,0,0,0,240635,7053738,2759121,6388908,4799828,19662545,5700169,817904,4268537,13190405,7734990,1750456,1277396,903408,2176617,2868381,32076291,0,28938603,216734,369874,0,61601502,9807041,0,41798334,9996127,61601502,9192213,21560828,19505083,51763401,22824798,38765159,3253614,0,42018773,220439,12540997,0,575,429,300,889035,80081,969116,75,2,70720,203781,181101,7270,85698,178745,81978,3144,59941,16657,288346,53459,234418,3144,144209,85466,79993,0,308675,57404,256498,3316,159577,94860,88786,0,,2003
106190712,shriners hospital - los angeles,1/1/2003,12/31/2003,365,audited,incl. ind. audit,los angeles,11,0925,non-profit,childrens,other non-comparable,,(213)368-3355,3160 geneva street,los angeles,90020,g. frank la bonte,administrator,victoria vu,shriners hospital for children,0,,,,60,60,60,0,0,0,0,0,0,0,0,13479,13479,0,0,0,0,0,0,0,0,1347,1347,60,0,0,0,0,0,13479,0,0,0,0,0,1347,0,0,0,0,0,61.5,61.5,10,10,0,0,0,0,0,0,0,0,0,0,0,14009,14009,0,14009,0,0,0,2,159521,0,5061,0,0,0,0,0,0,283989,22223328,-21939339,0,0,0,0,-21939339,0,0,0,0,0,0,0,0,0,0,0,0,0,0,0,0,0,0,0,0,0,0,0,0,0,0,0,0,0,0,0,0,0,0,0,0,0,0,0,0,0,0,0,0,0,0,0,0,0,0,22818307,0,0,0,0,0,0,0,0,0,0,0,0,0,0,0,0,0,0,0,0,0,0,0,0,0,0,105905,0,24855624,0,0,0,24961529,1032758,0,0,23928771,24961529,11718,37440406,7964949,46324626,21469002,0,0,0,0,0,0,0,0,0,0,0,0,0,30,6,0,0,0,0,0,0,0,0,0,0,0,0,0,0,0,0,0,0,0,0,0,0,0,0,0,0,,2003
106344114,shriners hospital - northern calif,1/1/2003,12/31/2003,365,audited,incl. ind. audit,sacramento,02,0311,non-profit,childrens,other non-comparable,,(916)453-2000,2425 stockton blvd,sacramento,95817,margaret bryan,administrator,elizabeth garcia,shriners hospital for children,0,,,,80,60,40,0,0,0,0,0,0,0,0,10549,10549,0,0,0,0,0,0,0,0,2060,2060,60,0,0,20,0,0,7931,0,0,2618,0,0,1997,0,0,63,0,0,36.1,48.2,5.1,5.1,0,0,0,0,0,0,0,0,0,0,0,19594,19594,0,18874,0,0,0,5,114214,15189,1743,720,0,0,0,0,0,35203705,34623299,580406,0,0,0,0,580406,0,0,0,0,0,0,0,0,0,0,0,0,0,0,0,0,0,0,0,0,0,0,0,0,0,0,0,0,0,0,0,0,0,0,0,0,0,0,0,0,0,0,0,0,0,0,0,0,0,0,0,0,0,0,0,0,0,0,0,0,0,0,0,0,0,0,0,0,0,0,0,0,0,0,0,0,0,432802,0,110589622,0,0,0,111022424,1625031,78974,0,109318419,111022424,0,111599360,15122269,133635784,23046162,0,0,0,0,0,0,0,0,0,0,0,0,0,22,13,0,0,0,0,0,0,0,0,0,0,0,0,0,0,0,0,0,0,0,0,0,0,0,0,0,0,,2003
106100797,sierra kings district hospital,7/1/2002,6/30/2003,365,audited,incl. ind. audit,fresno,09,0607,district,general,comparable,small/rural,(559)638-8155,372 west cypress avenue,reedley,93654-2113,mel patershnick,administrator,jennifer hatch,sierra kings health care district,0,05-0192,hsc00192f,zzr00192f,44,34,34,2188,27,1436,891,0,315,327,0,414,5598,573,6,819,527,0,162,174,0,167,2428,35,0,0,0,9,0,5598,0,0,0,0,0,2428,0,0,0,0,0,34.9,45.1,2.3,2.3,8,1891,1373,17241,669,13426,40996,0,10675,7458,0,7832,98297,12402,41822,0,44165,0,3,77106,32030,562,553,0,45210131,25956723,0,19253408,125441,20332116,-953267,971319,148885,0,0,-130833,3523724,14328777,27357630,3898808,33796,4652623,2979009,0,818057,1069813,0,543244,13995350,6587511,214319,4119081,9897034,0,4236569,3402251,0,2758016,31214781,5794213,183089,5648888,7098146,0,0,3074921,1946999,0,0,680016,0,1530451,0,0,0,0,4535681,61208,2994743,5582217,0,1902188,2457172,0,1720199,0,0,0,8469,643167,0,2567100,5477166,5805011,0,0,0,0,2415281,1128092,1694579,1244887,7359975,2403468,2780278,1535939,1900239,1665244,730937,242395,403270,466038,844333,5087194,7084787,8705338,427940,5483453,0,26788712,8734238,0,13394307,4660167,26788712,322938,8867846,7743195,18240502,9535164,0,0,13394307,13394307,0,0,10000,230,204,65,397376,38609,435985,16,0,52984,40238,50488,21574,61944,116927,30598,11511,11112,0,79775,84819,88680,0,54264,51830,38008,0,86993,92100,96041,0,60115,58086,42650,0,,2003
106291023,sierra nevada memorial hospital,7/1/2002,6/30/2003,365,audited,excl. ind. audit,nevada,02,0301,non-profit,general,comparable,small/rural,(916)851-2183,155 glasson way,grass valley,95945,c. thomas collier,ceo,lisa ellis,sierra nevda memorial hospital/ miners hospital,0,05-0150,,,121,121,121,18625,0,1637,0,801,1474,5046,0,195,27778,3887,0,607,0,237,425,1826,0,99,7081,104,0,0,0,17,0,22508,0,0,0,5270,0,6622,0,0,0,459,0,62.9,62.9,3.9,3.4,10,1123,506,59020,0,24278,0,5360,50717,33485,0,9908,182768,43122,7968,0,126753,849,8,214454,215177,1858,6775,0,207747355,143316271,12951370,77382454,1238820,73191059,5430215,-1238905,659761,0,0,3531549,26810103,20078512,160858740,69246875,0,7010681,0,3750554,19925518,12698389,0,1077915,113709932,39237126,0,6417138,0,2079857,24110048,19352960,0,2840294,94037423,74987532,0,9477962,0,0,3681990,15506654,32901049,5512348,0,747165,0,501571,0,0,0,12951370,30453158,0,3624419,0,2021995,27996471,10971971,0,2314440,0,0,0,-1473302,0,0,10949879,6782672,23256234,3550461,0,0,0,9579433,5336847,7737989,5997544,29122394,13366112,1178428,922637,8920270,9742662,4350637,498337,0,1397619,3691963,15942628,66387398,28473875,3055092,434620,0,114293613,8926546,0,18212423,87154644,114293613,4744068,39258353,28998956,71723253,43249378,0,0,0,19079683,867260,428699,929319,845,561,333,1146913,38965,1185878,83,0,80058,353466,225757,48070,136336,164329,86582,34036,2559,15720,271953,146987,371552,0,195782,50691,109948,0,285468,150452,383680,0,201060,52025,113193,0,,2003
106461024,sierra valley district hospital,7/1/2002,6/30/2003,365,audited,excl. ind. audit,sierra,02,0300,district,general,comparable,small/rural,(530)993-1225,700 third street,loyalton,96118,tom dotta,interim ceo,jeri nelson,sierra valley district hospital,0,05-0355,,zzr00355f,40,40,35,714,0,10696,0,0,11,0,0,337,11758,12,0,40,0,0,2,0,0,3,57,6,0,0,0,34,0,21,0,0,0,11737,0,7,0,0,0,50,0,80.5,80.5,206.3,3,0,0,0,877,0,533,0,93,878,650,0,315,3346,0,3341,0,0,0,0,0,0,0,0,0,4103213,1306622,0,2796591,22953,3773524,-953980,327879,0,0,0,-626101,2652939,655146,795128,382057,0,2288537,0,0,30901,11853,0,94663,2808011,726590,0,184070,0,24713,182408,79086,0,98335,1295202,572387,0,616969,0,0,266,24104,3048,82459,0,0,0,7389,0,0,0,0,536260,0,1855638,0,24447,189205,87891,0,103150,0,0,0,5034,292845,0,1470743,633635,264456,0,0,0,0,630863,188423,301908,283496,1580441,805670,0,606011,237601,96485,125536,10361,16910,124620,169889,412212,0,573744,0,268201,0,1254157,860568,0,2233679,-1840090,1254157,52117,2418436,646602,3172495,2598751,0,2150,2233679,2241977,8298,0,0,72,66,34,111972,30696,142668,0,0,11063,9279,15528,5349,26807,11585,12852,14906,3138,1465,52213,19119,2533,0,24382,10092,3633,0,59121,38041,2733,0,27265,11533,3975,0,,2003
106461024,sierra valley district hospital,7/1/2003,11/30/2003,153,audited,excl. ind. audit,sierra,02,0300,district,general,comparable,small/rural,(530)993-1225,700 third street,loyalton,96118,tom dotta,interim ceo,jeri nelson,sierra valley district hospital,0,05-0355,,zzr00355f,40,40,35,111,0,4884,0,0,0,0,0,17,5012,6,0,8,0,0,0,0,0,1,15,6,0,0,0,34,0,3,0,0,0,5009,0,1,0,0,0,14,0,81.90000000000001,81.90000000000001,334.1,3,0,0,0,469,0,211,0,27,341,201,0,245,1494,0,1491,0,0,0,0,0,0,0,0,0,1722017,556422,0,1165595,10525,1393766,-217646,141266,0,0,0,-76380,1136087,288219,297711,150191,0,1052028,0,0,0,0,0,4950,1207169,291215,0,55995,0,6266,75964,15236,0,70172,514848,260452,0,259331,0,0,1447,3544,1849,26060,0,2091,0,1648,0,0,0,0,180954,0,848692,0,4819,72420,13387,0,45323,0,0,25000,247,106019,0,599957,213584,90721,0,0,0,0,232225,67242,68305,121732,668841,241681,0,192897,78381,29399,49139,4520,7945,51561,69402,569769,0,578079,0,120330,0,1268178,992063,2500,2190053,-1916438,1268178,14622,2418436,700075,3225968,2647889,0,2150,2187903,2190053,0,0,0,30,56,14,44358,5906,50264,0,0,2936,3399,5210,3594,11170,5978,7862,2808,701,700,21669,4637,1101,0,10511,4234,2206,0,25144,4808,1162,0,12058,4714,2378,0,,2003
106540798,sierra view district hospital,7/1/2002,6/30/2003,365,audited,excl. ind. audit,tulare,09,0613,district,general,comparable,,(559)784-1110,465 w. putnam,porterville,93257-3320,kelly morgan,ceo,rodney a. phillips cpa,sierra view district hospital,0,05-0261,,zzt30261f,147,147,147,15183,0,13786,3113,718,1004,3643,0,761,38208,3028,0,1439,1316,101,551,837,0,546,7818,118,0,0,0,29,0,27989,0,0,0,10219,0,7782,0,0,0,36,0,71.2,71.2,4.9,3.6,10,3302,1861,43730,0,15351,22068,1845,7296,35258,0,9224,134772,39992,0,4330,100358,0,4,178435,172463,1867,2789,6204,244150689,168586052,0,75564637,421390,68157325,7828702,3762684,131408,0,0,11459978,34614316,15489175,194047198,64005143,0,39350015,14876545,2899536,4400262,18642573,0,3301361,147475435,32621519,0,10955127,14725274,1288248,5174441,26814408,0,5096237,96675254,71096681,0,38947839,20728393,0,2093892,4637235,22170511,7324522,0,512716,0,1074263,0,0,0,0,25529981,0,11357303,8873426,2093892,4296995,20289097,0,3123943,0,0,0,2449556,636513,0,12377953,5090077,24273568,0,0,0,0,10664422,2980071,7120218,5651016,25300302,9729581,1820338,2314788,12178442,4903145,4879706,890891,656532,2087979,3395621,31003786,42904183,42801701,2920198,3216551,0,122846419,13545786,0,38885107,70415526,122846419,12933094,34202321,56918387,94389218,51587517,0,0,40110000,40110000,1224893,0,0,810,648,275,1251864,136421,1388285,59,0,120221,221055,211259,128376,123503,283379,115568,8572,22135,17796,381511,107323,315207,0,222606,111303,113914,0,416715,117225,357009,0,244528,125103,127705,0,,2003
106342392,sierra vista hospital,1/1/2003,12/31/2003,365,audited,excl. ind. audit,sacramento,02,0311,investor,psychiatric,comparable,,(702)631-2000,8001 bruceville road,sacramento,95823-2329,susan rose,ceo,terry w. woolery,ardent health services,0,05-4087,hsc34087g,,72,72,72,7576,377,0,1783,1656,261,7840,0,140,19633,710,54,0,208,219,31,1198,0,27,2447,0,72,0,0,0,0,0,19633,0,0,0,0,0,2447,0,0,0,0,74.7,74.7,8,8,0,0,0,918,59,0,0,0,96,4015,0,3,5091,0,0,0,0,0,0,0,0,0,0,0,22514372,10293352,0,12221020,30797,10582039,1669778,14408,10030,0,0,1674156,19622000,1702620,1189752,8038042,396246,0,1860957,1751053,208767,8346659,0,135056,20736780,355374,19000,0,0,0,35122,1302929,0,65167,1777592,4290873,199088,0,708711,0,548644,134922,3804646,318360,0,112544,0,175564,0,0,0,0,4059814,208596,0,1007239,1202409,104287,5600336,0,38339,0,0,0,0,0,0,3434184,359070,563617,0,0,0,0,1578516,980557,2790356,875739,4272722,1759802,819568,406321,670779,1392637,183807,32774,288779,348860,405990,2206144,0,3808727,0,0,0,6014871,5352284,0,0,662587,6014871,35142,3379677,701262,4933834,1125107,0,0,0,0,0,0,4154860,156,115,49,229404,20727,250131,16,0,35756,120188,23865,16357,0,11929,10948,0,7501,2860,113709,7843,3771,0,40077,30713,33291,0,123836,8498,3905,0,43435,33515,36942,0,,2003
106400524,sierra vista regional medical center,6/1/2002,5/31/2003,365,audited,excl. ind. audit,san luis obispo,08,0801,investor,general,comparable,,(805)546-7600,1010 murray street,san luis obispo,93405,mary jo gregory,ceo,remedios h. maglaya,tenet healthcare corporation,0,05-0506,hsc30506f,zzt30500f,200,156,156,14791,444,4493,411,541,574,12138,185,165,33742,2416,49,647,27,113,183,2855,57,50,6397,182,0,0,18,0,0,28998,0,0,4744,0,0,6056,0,0,341,0,0,46.2,59.3,5.3,5.3,6,1672,798,36091,1197,8616,278,1282,1486,70732,509,6187,126378,20607,840,0,104699,0,3,324120,208740,2332,2306,6398,653034361,540649128,0,112385233,145769,85509945,27021057,657071,17413,0,0,27660715,154818867,16634901,481580593,204073391,7518607,59137605,7433306,8372023,9457624,189045904,3745926,1993933,490778319,50591940,1346213,9022484,266150,1400238,1624848,90690883,557192,6756094,162256042,222377590,6793400,63037877,5900343,0,7311633,8492727,214372218,6969914,0,4898443,-24979,519962,0,0,0,0,32287741,2071420,4526887,1799113,2485607,2386628,60237616,0,6590221,0,0,0,0,0,0,17131506,3672162,36827877,0,0,0,0,9074922,5538897,9163247,4101334,28149876,10161852,2054607,5919438,17832193,12143899,3830717,670025,1653927,49763,3043648,137303444,0,58931323,5042427,323372,2249856,203850422,10455206,11903,0,193383313,203850422,29352,44820436,24799360,78231839,19300516,0,0,0,0,0,116682653,0,772,583,533,1128646,158750,1287396,205,0,89341,303813,339463,1825,71663,209500,18272,19163,73525,2081,391048,49454,398642,0,105805,94595,89102,0,441763,57798,459037,0,123440,107262,98096,0,,2003
106400524,sierra vista regional medical center,6/1/2003,12/31/2003,214,audited,excl. ind. audit,san luis obispo,08,0801,investor,general,comparable,,(805)546-7600,1010 murray street,san luis obispo,93405,gary stokes,ceo,remedios h. maglaya,tenet healthcare corporation,0,05-0506,hsc30506f,zzt30500f,200,160,160,8447,279,3161,208,360,229,6769,123,280,19856,1480,78,472,48,116,74,1507,40,92,3907,182,0,0,18,0,0,17716,0,0,2140,0,0,3742,0,0,165,0,0,46.4,58,5.1,5.1,6,1124,529,20557,393,6061,155,1150,973,36751,422,4251,70713,13136,405,0,57563,0,3,205320,101880,1482,1135,3976,369563321,305772637,0,63790684,479995,57066415,7204264,51175,4857,0,0,7250582,93350602,9347066,266865653,122088839,4410474,37512130,1974378,5840394,3714698,101966784,2398630,4149041,284055368,27255465,402972,5883274,116677,1191973,1007862,44807895,435440,4406395,85507953,133423259,3638558,39968633,1580661,0,3833264,3569856,110949245,4985762,0,3210196,-85901,699104,0,0,0,0,15921045,1174888,3050645,510394,3199103,1039111,32295024,85901,6514573,0,0,0,0,0,0,11211779,2859734,23678475,0,0,0,0,5920045,4016627,6381059,2998696,17412736,6914821,1654030,4666147,11894253,8522528,2332042,377105,1429759,1024,1861970,142470578,0,63925313,658493,343383,2264938,209662705,10894299,0,0,198768406,209662705,18102,49157967,27691910,85556420,21631107,0,0,0,0,0,121261107,0,760,623,547,705510,110542,816052,348,0,60188,189250,201241,1191,43126,131823,10716,12022,54417,1536,247192,29299,250746,0,67832,55881,54560,0,285579,34375,291790,0,79241,63537,61530,0,,2003
106560525,simi valley hosp & hlth svcs - sycamore,1/1/2003,12/31/2003,365,audited,excl. ind. audit,ventura,10,0813,non-profit,general,comparable,,(805)955-6000,2975 north sycamore drive,simi valley,93065-1201,margaret r peterson,president,gabriela gonzalez,simi valley hospital,0,05-0236,hsc30236f,zzt30236f,197,197,197,15175,774,4003,0,0,319,15702,352,646,36971,2700,137,711,0,0,57,2793,74,104,6576,104,32,0,17,44,0,22524,5889,0,2858,5700,0,5120,816,0,204,436,0,51.4,51.4,5.6,5.1,10,1286,643,14921,1360,4742,0,0,506,25580,1127,1921,50157,29588,0,13850,7912,0,6,195740,201748,1512,2694,12019,264191579,189085709,0,75105870,879353,77455382,-1470159,576599,1552,0,0,-895112,61238689,21605838,181347052,91931125,4055235,19730976,0,0,1416958,62273560,1441970,2236096,183085920,16514210,1475858,8878090,0,0,857270,49926815,616413,2837003,81105659,76526950,3898462,27632148,0,0,0,1520873,73863467,2764211,0,2058380,-20128,841346,0,0,0,0,30636492,1572787,678958,0,0,730937,37298426,3,4188267,0,0,0,0,0,0,15272727,4483643,24802099,0,0,0,0,12232396,3305942,12705002,4653573,33093169,7886170,610312,6641873,9621756,10124216,3398106,1411321,798723,758671,3111065,16063429,1339164,24119450,7103174,11187556,848420,60661193,18551232,1564148,56694612,-16148799,60661193,285004,38915089,28642222,75431113,51311663,0,0,0,59902640,3208028,10705517,61238321,700,700,307,1432218,108878,1541096,132,0,78462,266536,377676,50447,134326,343740,74931,21653,76455,7992,494573,115479,357585,0,169331,123839,171411,0,521209,123539,391117,0,180619,137147,187465,0,,2003
106491267,sonoma developmental center,7/1/2002,6/30/2003,365,audited,excl. ind. audit,sonoma,03,0403,state,specialty,state,,(707)938-6000,p.o. box 1400,eldridge,95431,loretta vlaardingerbroek,executive director,loretta vlaardingerbroek,state of california,0,05-0547,,,1413,1413,828,996,0,302273,0,0,9,0,0,2111,305389,0,0,40,0,0,0,0,0,0,40,13,0,0,0,1400,0,1831,0,0,0,303558,0,0,0,0,0,40,0,59.2,59.2,7634.7,0,0,0,0,0,0,0,0,0,0,0,0,0,0,0,0,0,0,0,0,0,0,0,0,0,164289326,30991116,0,133298210,0,164289326,-30991116,30991116,0,0,0,0,149164559,0,15124767,0,0,0,0,0,0,0,0,0,0,0,0,0,0,0,0,0,0,0,0,14742,0,571560,0,0,0,92,0,0,0,0,0,30404722,0,0,0,0,0,0,0,0,0,0,0,0,0,0,0,0,0,0,0,0,0,0,0,0,0,0,0,0,0,0,0,0,0,0,0,0,0,0,0,0,0,0,0,0,0,0,0,0,0,0,0,0,0,0,0,0,0,0,0,0,0,0,0,0,0,0,0,0,0,0,0,35,0,0,0,0,0,0,0,0,0,0,0,0,0,0,0,0,0,0,0,0,0,0,0,0,0,0,0,,2003
106491076,sonoma valley hospital,7/1/2002,6/30/2003,365,audited,incl. ind. audit,sonoma,03,0403,district,general,comparable,,(707)935-5000,347 andrieux st.,sonoma,95476-6811,barbara bamberg,ceo,kathleen roualdes,sonoma valley healthcare district,0,05-0900,,,83,83,51,7328,701,1384,0,127,1470,469,0,74,11553,1162,124,301,0,37,482,81,0,25,2212,56,0,0,0,27,0,6781,0,0,0,4772,0,1789,0,0,0,423,0,38.1,38.1,5.2,3.8,4,570,294,25607,2697,3977,0,561,28230,3916,0,2546,67534,9783,1211,9457,46920,246,3,83533,123808,700,1285,2871,82917970,56032049,3101560,29987481,275880,31548168,-1284807,2419357,803841,0,0,330709,16464814,6378315,60074841,23765700,2138933,4862395,0,412194,8069575,1764433,0,300872,41314102,13336695,1566451,2353019,0,351646,19723076,2650613,0,1622368,41603868,24898661,3705382,5456527,0,0,1099715,15415733,4415043,-40040,0,650336,0,430692,1466432,0,0,1635128,12021461,1447742,1723942,0,-339788,12220082,1611223,0,1302819,0,0,67745,342787,1957342,0,4830270,2951155,10857752,613753,450044,0,0,5769141,1939792,2617705,1518556,12517709,4368069,395765,2604920,4311051,3469189,1376650,238353,260009,702771,1303682,9225973,7350862,5038199,0,1347403,0,22962437,10784986,0,7750022,4427429,22962437,662363,18976230,9962440,29883675,24845476,0,383243,8115000,8498243,748221,0,0,348,271,166,534025,71870,605895,39,0,35482,110139,96769,12883,63149,115763,46783,11078,36852,5127,117335,60306,171364,0,102344,37164,45512,0,130880,68923,194331,0,116155,42809,52797,0,,2003
106551034,sonora regional medical center,1/1/2003,12/31/2003,365,audited,incl. ind. audit,tuolumne,06,0513,non-profit,general,comparable,small/rural,(209)532-3161,1 south forest road,sonora,95370,lary davis,president/ceo,tim colwell,adventist health systems west,0,05-0335,hsc00335f,zzr00335f,143,143,134,13343,0,19176,0,82,3427,0,15,522,36565,2471,0,355,0,26,1141,0,4,155,4152,75,0,0,0,68,0,13759,0,0,0,22806,0,3949,0,0,0,203,0,70.09999999999999,70.09999999999999,8.800000000000001,3.5,7,987,517,101973,0,18038,0,1101,101040,0,979,7621,230752,20118,127785,16770,65650,0,4,151042,148433,1380,2071,5382,228163393,150394393,0,77769000,750951,82387987,-3868036,1361974,205271,0,0,-2711333,31148652,24981690,172033051,62862649,0,11545038,0,414220,28162254,0,41812,1944705,104970678,53588479,0,6585439,0,1141289,58604285,0,51282,3221941,123192715,86318607,0,10075568,0,0,1310721,50016403,0,2580000,0,93094,0,0,0,0,0,0,30061357,0,8054909,0,244788,36588401,0,0,2819545,0,0,0,1249821,0,0,11397911,18456908,23497660,0,63295,0,0,9085301,4483349,9556575,5846988,28150916,14671397,8512536,2004165,12908493,6954296,2777109,1508180,345726,694008,3861161,14792041,10708939,14496120,45817585,3173868,661036,89649589,20080309,0,49775174,19794106,89649589,1616518,12496685,29203525,46726543,32230423,29711,0,49415041,50607174,832000,3225291,169879,862,664,428,1244644,152643,1397287,129,0,96104,228138,201485,27966,99509,368956,78828,126784,16459,415,260720,249211,270140,0,188975,140064,131089,4445,298670,279496,306143,0,206885,156525,144861,4707,,2003
106301337,south coast medical center,1/1/2003,12/31/2003,365,audited,incl. ind. audit,orange,13,1017,non-profit,general,comparable,,(949)499-1311,31872 coast highway,south laguna,92677-3290,gary irish,ceo,tue nguyen,adventist health,0,05-0193,,zzt30193f,193,193,84,8607,3622,4500,674,57,198,11490,0,1295,30443,1182,830,115,39,18,49,2338,0,312,4883,104,36,24,0,29,0,11765,7041,2616,0,9021,0,3439,950,457,0,37,0,43.2,43.2,6.2,4.4,15,1180,503,9924,2825,81,264,89,1012,21496,0,2274,37965,15038,6497,6749,0,0,5,104510,156882,702,1901,7220,214130329,157488067,0,56642262,922459,60863626,-3298905,954726,194330,0,0,-2538509,47944323,26874700,139311306,39605198,23525694,7018719,2941460,395998,1053278,46514409,0,7003319,128058075,21090393,10250040,511629,532177,205856,2067959,47029534,0,4384666,86072254,44529017,26178470,6789658,2692303,0,601854,2419169,70243255,4034341,0,0,0,0,0,0,0,0,15871498,7597264,643582,781334,0,702068,23300688,0,7745828,0,0,0,0,0,0,11815963,4066566,18671206,0,0,0,0,9635830,3448645,7727893,5497523,26762019,5465563,753543,2207945,8883861,6673673,3114064,1232924,427428,1096318,4246288,12531129,3973440,20246431,1127421,2397993,0,40276414,24823555,0,16854238,-1401379,40276414,158413,35665189,34952928,74437600,54191169,16564092,0,0,17946753,1092515,0,0,881,658,185,975729,413231,1388960,166,0,91219,279511,199841,51945,78449,168698,75476,9270,20244,1076,298943,76642,253850,0,171261,89954,68480,16599,450329,100040,387808,0,239836,109278,81316,20353,,2003
106141338,southern inyo hospital,7/1/2002,6/30/2003,365,audited,excl. ind. audit,inyo,12,1201,district,general,comparable,small/rural,(760)876-5501,501 east locust st,lone pine,93545,donna donald,administrator,jennifer floyd,southern inyo healthcare district,0,05-0388,,zzt30388f,37,37,37,654,0,10353,0,18,69,0,177,590,11861,79,0,53,0,10,14,0,3,8,167,4,0,0,0,33,0,155,0,0,0,11706,0,74,0,0,0,93,0,87.8,87.8,71,2.1,0,0,0,2544,0,1244,0,259,2895,0,0,513,7455,1025,5746,0,1183,0,0,0,0,0,0,0,7156932,2741789,0,4415143,271035,4795692,-109514,799808,0,0,0,690294,2986460,1180346,2990126,580092,0,3047223,0,61972,48633,0,52327,173980,3964227,1256056,0,450675,0,104158,770504,0,0,611312,3192705,544659,0,1323265,0,0,0,111509,0,426191,0,185134,0,151031,0,0,0,0,1106145,0,2041826,0,166130,707628,0,0,393414,0,0,190000,6773,332210,0,1245300,887546,749785,0,0,0,0,817017,437397,538121,120526,2361079,656909,501439,351747,349541,96776,147415,36342,22427,3379,268638,1397607,0,602739,0,0,0,2000346,1017057,0,15047,968242,2000346,725388,2834117,1225254,4112575,3509836,0,15047,0,15047,0,0,0,91,86,40,144422,36848,181270,11,0,21146,10356,8921,12559,40195,28186,17611,2654,0,2794,58542,12831,15127,0,30841,16591,10490,0,65471,19939,26296,0,39726,18147,11691,0,,2003
106334068,southwest healthcare system-murrieta,1/1/2003,12/31/2003,365,audited,incl. ind. audit,riverside,12,1109,investor,general,comparable,,(909)696-6000,25500 medical center drive,murrieta,92362,d. scott crane,ceo,jeffrey n. brown,universal health systems inc.,0,05-0701,hsc30701f,,176,176,130,16029,7034,3943,1899,327,355,14862,575,2005,47029,3664,1930,1430,777,112,119,6003,168,610,14813,176,0,0,0,0,0,47029,0,0,0,0,0,14813,0,0,0,0,0,73.2,73.2,3.2,3.2,15,5809,3451,7825,6422,5420,8357,362,2108,43803,848,13478,88623,61886,0,0,31654,0,9,802500,530760,3660,3341,21417,461179946,321359292,0,139820654,638271,114633414,25825511,408184,99349,0,0,26134346,60432226,59420279,341327441,107762028,50417718,21445010,9337551,1609171,3396260,99672306,5172290,15187052,313999386,30938242,12196579,6201317,9235574,418335,3666857,68370205,949971,15203480,147180560,107043667,46677287,25179768,16227444,0,2027504,4425302,94625393,12303317,0,5966805,0,6882805,0,0,0,0,31450739,15830093,2461190,2329257,2,2606711,70505302,155456,14481904,0,0,0,317281,0,0,19275881,6487914,41764005,0,0,0,0,11017668,6248398,14965261,14874287,40982572,12955078,0,2686275,23622908,12324468,3954558,1892404,2626114,8870938,4718099,64819715,0,27315146,2829431,0,5132557,100096849,10290103,0,0,89806746,100096849,1288134,14860832,23013490,41923084,14607938,0,0,0,0,0,32925990,0,1179,888,590,1683514,184466,1867980,282,0,149767,368974,518750,17955,156020,353258,97076,1016,10073,10625,460761,140793,468948,0,210322,189785,212905,0,503362,154413,524282,0,230331,209731,245861,0,,2003
106100899,st. agnes medical center,7/1/2002,6/30/2003,365,audited,incl. ind. audit,fresno,09,0605,non-profit,general,comparable,,(559)450-3000,1303 e. herndon,fresno,93720-3309,sr. ruth marie nickerson,president/ceo,craig warkentin,trinity health,0,05-0093,hsc00093f,,330,330,330,62419,0,8521,4089,0,1884,25371,481,879,103644,11742,0,1900,1413,0,533,7558,149,293,23588,330,0,0,0,0,0,103644,0,0,0,0,0,23588,0,0,0,0,0,86,86,4.4,4.4,30,5346,2831,135058,0,27818,20144,0,12486,138791,1013,10388,345698,53693,13536,23356,229469,0,23,848665,599386,6832,11963,22717,838813012,549934445,0,288878567,6234629,283920696,11192500,2588374,508079,0,0,13272795,122693362,76860732,639258918,311027961,0,34730364,19083409,0,11971667,175085578,3175725,7626430,562701134,105416368,0,14927328,15451282,0,8669430,125114173,1530807,5002490,276111878,295169519,0,43986423,29336925,0,0,0,166413054,7281837,0,7746687,0,0,0,0,0,0,120896030,0,4256643,5068532,0,19460500,131542424,0,7654438,0,-521658,337933,587974,0,0,49404342,17035457,115050397,0,0,598080,0,42613412,7710009,39125789,12383210,107153929,43742008,5648647,16954602,57855906,19230698,17702896,2856531,1046624,2652316,9076539,63117682,132935645,116802932,51758589,6403263,5023169,376041280,32574003,0,70148968,273318309,376041280,10952052,138263031,112372351,260797502,143994570,0,1870795,0,71752798,1603830,231740,69882003,2636,2376,886,4597094,552248,5149342,546,0,312511,1157739,898050,63918,417753,865943,305168,367835,178467,29710,1189973,387443,1298602,10503,895981,246664,544467,23461,1322983,428843,1457718,11612,1007268,279515,614684,26719,,2003
106361339,st. bernardine medical center,7/1/2002,6/30/2003,365,audited,incl. ind. audit,san bernardino,12,1209,non-profit,general,comparable,,(909)883-8711,2101 north waterman avenue,san bernardino,92404-4836,steve barron,president,toni moffett,catholic healthcare west,0,05-0129,hsc30129g,zzt30129g,463,285,285,20392,10404,12888,5083,523,1037,15567,36,2768,68698,3347,2410,2670,1578,97,258,4599,9,621,15589,427,36,0,0,0,0,68698,0,0,0,0,0,15589,0,0,0,0,0,40.7,66,4.4,4.4,30,4001,2347,14239,4341,8842,13858,0,1031,19432,57,18920,80720,41262,907,0,35794,11687,10,619839,607509,5113,8874,8636,651566738,513601643,20454976,158420071,1151189,168069572,-8498312,1440943,1520057,0,0,-8577426,143618703,17565604,490382431,140952500,89910331,78072086,25259645,3326948,11679941,145387759,242174,11522088,506353472,27127336,18470240,9990410,10202878,0,9076308,63205836,63120,7077138,145213266,123830898,87953469,80160728,28275625,0,917915,11774848,160987837,18098950,0,722503,-38208,917078,13006019,648068,0,6800889,44248938,33433121,7901768,7834966,2447241,8981401,54406647,0,-834011,0,-1464222,0,-660796,0,0,34249417,4985481,63451495,8961442,0,0,0,23747489,5491519,19541062,7641667,60569931,19850873,2068431,7434367,33432663,24157335,7969475,1189237,0,3830043,7567217,46504112,5126948,78728907,453122,0,0,130813089,69770179,0,49614617,11428293,130813089,0,70191381,57850041,134202175,55473268,53455752,0,0,53455752,3841135,0,25343,1501,1209,450,2197042,425551,2622593,365,0,197285,526240,571794,35085,157180,335795,226710,38835,104020,4098,691167,97397,661242,0,383244,133177,230815,0,811582,120029,845580,0,432471,143868,269063,0,,2003
106394009,st. dominic's hospital,7/1/2002,6/30/2003,365,audited,incl. ind. audit,san joaquin,06,0507,non-profit,general,comparable,,(209)825-3500,1777 west yosemite avenue,manteca,95336,margaret hepburn,ceo,jennifer hatch,catholic healthcare west,0,05-0695,hsc30695f,hsp30695f,77,77,77,2531,658,15924,0,0,3451,0,40,400,23004,510,123,627,0,0,786,0,13,21,2080,27,0,0,0,50,0,5442,0,0,0,17562,0,1900,0,0,0,180,0,81.90000000000001,81.90000000000001,11.1,2.9,0,0,0,6801,1977,10192,0,0,28060,0,2,3837,50869,19730,0,0,31614,0,3,34224,41628,387,645,3653,145591772,116622090,0,28969682,142836,32572222,-3459704,313194,278585,0,0,-3425095,36112805,10287947,99191020,19079927,4153061,56674531,0,0,19915679,0,265823,2728381,102817402,6575114,1891042,7004189,0,0,24877385,0,1356,2425284,42774370,21770624,5131000,54090614,0,-363538,0,30497783,0,5137891,0,336078,0,21638,0,0,0,0,3858149,904347,9847825,0,0,13135505,0,140872,1082984,0,1854623,208,0,0,0,8605116,1765642,9898071,0,0,0,0,4778865,1265114,3745222,2514192,12172603,5557797,1025724,1225013,3590430,4682244,1637408,181691,353246,1103475,1042591,5790449,0,17968563,285291,0,0,24044303,4583726,0,15438080,4022497,24044303,0,24365932,7375896,34193910,16225347,0,0,15804203,16437988,999908,0,0,310,270,95,499392,78842,578234,71,0,44154,90227,106409,31687,22545,127743,44728,15946,15313,640,193715,24944,152409,0,69846,28948,29530,0,217930,27818,190743,0,77152,29945,34646,0,,2003
106521041,st. elizabeth community hospital,7/1/2002,6/30/2003,365,audited,incl. ind. audit,tehama,01,0211,non-profit,general,comparable,small/rural,(530)225-6374,2550 sr mary columba drive,red bluff,96080,jon halfide,president,denise warmsley,catholic healthcare west,3,05-0042,,zzr00042g,76,71,71,7488,0,1926,0,360,2426,55,174,380,12809,2180,0,562,0,106,709,16,51,111,3735,66,0,0,0,10,0,12737,0,0,0,72,0,3724,0,0,0,11,0,46.2,49.4,3.4,3.4,6,1046,551,20663,0,21866,0,1462,12276,728,2047,4445,63487,29496,8764,13114,15135,0,3,326824,306941,3631,3410,6615,124419200,76503242,0,47915958,397642,43705316,4608284,296743,343238,0,0,4561789,18803839,22306424,83308937,34880562,0,10845289,0,1808649,14972852,244583,783380,1700120,65235435,21549385,0,12500842,0,2137860,18261930,738108,1260129,2735511,59183765,41333109,0,19416552,0,0,3578230,5825363,172245,3449842,0,2043509,0,684392,0,0,0,0,14334647,0,3827355,0,350999,24740544,731532,0,3930881,0,-573539,0,-112022,0,0,5660351,6536410,15227185,0,0,0,0,6095435,1541785,7289460,1354690,16193690,9713004,1226663,224783,6921509,4178683,2409156,594510,370956,105142,1767220,18912355,3941978,12655062,1395149,713122,0,37617666,7559250,0,0,30058416,37617666,700,14782026,19652679,42282675,29627613,0,0,0,0,0,8785439,0,491,430,110,714038,184546,898584,32,0,54163,183286,173079,9765,22084,139190,83232,44036,2212,2991,134339,142921,164541,0,122377,28494,111321,10045,173288,172412,228373,0,148580,32405,132276,11250,,2003
106190754,st. francis medical center,7/1/2002,6/30/2003,365,audited,excl. ind. audit,los angeles,11,0923,non-profit,general,comparable,,(310)603-6000,3630 e imperial highway,lynwood,90262-2636,gerald t. kozai,president,jennifer floyd,catholic healthcare west,2,05-0104,hsc30104f,zzt30104f,384,383,383,22801,7442,41289,10321,2311,1094,3599,1767,5535,96159,2826,1545,7709,3415,699,214,933,390,1226,18957,314,40,0,0,30,0,78633,9351,0,0,8175,0,17150,1091,0,0,716,0,68.59999999999999,68.8,5.1,4.8,40,12134,5148,24451,6913,66674,55390,5883,9234,31553,2483,20592,223173,72988,81848,0,79808,6334,7,323815,177600,2837,7972,25460,634783808,466856222,20169364,188096950,2612566,185434100,5275416,6253911,1401052,0,0,10128275,157373038,43763122,433647648,120055026,39190265,188956503,56305918,11674368,8226242,24722575,11168140,34961916,495260953,24481201,6873240,32718635,29749389,3040262,3587367,24808994,799548,13464219,139522855,103741360,12538454,155877572,73582294,-21498996,10553243,8665153,51213838,5083475,0,24183107,0,42916722,3850378,6392508,0,9926478,40794867,37375429,78053330,15893334,4161387,3148456,8244209,0,425938,0,0,1606599,2698869,0,0,41730400,11731024,46606992,6718671,0,0,1478788,25235523,5759417,24806759,21366526,70766009,24709975,6343525,3943183,21453545,24402650,10102339,2497803,1472404,11895765,7846902,105807300,55683797,152175897,3407977,3145583,0,320220554,32198845,3451000,154089917,130480792,320220554,18577643,174378202,74806387,250008726,97832829,0,0,160134917,160134917,6045000,5396139,280846,1856,1532,721,2910793,346641,3257434,296,0,277035,552100,805357,137348,169510,517905,284903,95750,17602,53283,980954,288486,629069,38663,494466,171137,308018,0,1091732,321376,704524,42863,558566,192828,345545,0,,2003
106420528,st. francis medical ctr-santa barbara,7/1/2002,6/18/2003,353,audited,excl. ind. audit,santa barbara,10,0807,non-profit,general,comparable,,(805)962-7661,601 east micheltorena street,santa barbara,93103-2216,ron biscaro,president,james saurenmann,catholic healthcare west central coast,0,05-0061,,zzt30061f,85,85,85,8083,1376,26,451,24,307,1222,138,96,11723,1039,284,6,61,10,107,395,12,75,1989,48,14,0,0,23,0,4943,2925,0,0,3855,0,1425,243,0,0,321,0,39.1,39.1,5.9,4.7,0,0,0,3789,703,170,1136,119,4735,3190,541,3336,17719,8431,0,0,8805,0,6,122176,110101,751,1417,2187,87454059,64612392,0,22841667,472303,33241012,-9927042,949847,1005942,0,0,-9983137,16318492,2541758,68593809,29764683,7840317,215983,1473425,167743,2906506,12231817,883057,1186024,56669555,6780757,1563751,182513,1498580,163549,2431474,13103724,788787,4271369,30784504,27463407,5094382,86573,2722991,0,303142,2345274,20108820,732729,0,1671844,0,4083230,0,0,0,0,9082033,4309686,83859,249014,28150,2663442,4559590,0,1865893,0,0,0,0,0,0,5679799,1288493,12352009,0,0,0,0,6321183,1371225,5004163,1224140,9280783,6136942,367741,1542035,5413129,7034399,1013739,149090,734276,20562,1548316,3562746,1810281,15247390,153504,5904057,0,26677978,14516114,0,0,12161864,26677978,428,30880449,16926615,50654045,35406655,0,0,0,0,0,0,1198842,384,261,130,457859,97094,554953,171,0,53693,150101,79385,9462,14346,47271,55385,18381,16949,12886,85109,25937,133505,0,115890,32889,36208,28321,105147,31572,160639,0,142229,37943,44897,32526,,2003
106380960,st. francis memorial hospital,7/1/2002,6/30/2003,365,audited,incl. ind. audit,san francisco,04,0423,non-profit,general,comparable,,(415)353-6000,900 hyde street,san francisco,94109,cheryl fama,president/ceo,david s. kornblum cpa,catholic healthcare west,0,05-0152,hsc00152f,zzr00152f,356,209,209,24314,2989,7132,305,0,727,11186,0,3651,50304,3538,435,1037,44,0,105,1626,0,531,7316,267,35,0,20,34,0,27675,7905,0,5263,9461,0,5321,1002,0,353,640,0,38.7,65.90000000000001,6.9,6.1,0,0,0,35359,3686,8381,797,0,3821,85534,0,34765,172343,21264,61310,0,88310,0,15,395960,330528,2843,5085,6376,437737463,320356789,0,117380674,1709529,108916313,10173890,3163055,4872912,0,0,8464033,159109831,17688131,260939501,141841925,17123304,52891064,1444353,0,5242213,87108839,0,24614881,330266579,29741486,3817224,5179724,685261,0,2342698,52335312,0,13369179,107470884,131168976,15011915,52566528,1523173,0,0,2727594,88107517,7378606,0,8213115,0,13659365,0,0,0,0,40414435,5928613,5504260,606441,0,3629155,51336634,0,9961136,0,-2514000,60035,-2879899,0,0,26214783,6874997,30057493,0,0,486049,92753,18591413,1369022,19690638,5539165,41717468,15637538,1545768,5440414,14906970,16796857,5966584,1035411,864499,832072,4172732,30647149,95520162,40755482,8140405,44875000,0,219938198,22431656,0,41829435,155677107,219938198,8781615,86725023,57764665,146736316,105980834,0,0,43585956,43904956,2075521,0,1093536,743,743,252,1395331,218660,1613991,171,1,97869,313284,327693,10527,119998,266793,140794,49349,42415,26609,436084,126885,349913,8708,278775,36039,133576,25351,513726,143976,406144,10294,321026,40527,150124,28174,,2003
106281078,st. helena hospital,1/1/2003,12/31/2003,365,audited,incl. ind. audit,napa,03,0407,non-profit,general,comparable,,(707)963-3611,650 sanitarium road,deer park,94576-9710,joaline olson,president/ceo,jay whitcomb,st. helena hospital,0,05-0013,,zzr00013f,181,181,181,15884,0,3163,0,1331,685,8968,0,841,30872,2433,0,507,0,219,89,1641,0,108,4997,91,37,30,0,23,0,15343,5045,5140,0,5344,0,3292,718,519,0,468,0,46.7,46.7,6.2,5.6,0,0,0,30595,0,5005,0,2006,17371,24757,0,16207,95941,7170,27194,8540,43179,0,8,185276,163276,2306,4990,4235,295912458,215537830,540439,80915067,3824279,85684398,-945052,2836513,520770,0,0,1370691,86397863,14165580,195349015,123922412,0,25507667,0,4752168,3663728,43523392,0,5047421,206416788,43054659,0,2728546,0,1068897,5053444,34448664,0,3141460,89495670,130481732,0,24648600,0,0,4061183,5906980,46227386,2802314,0,494636,0,914999,0,0,0,540439,36364092,0,3506226,0,1757481,2028811,31328205,0,5930252,0,0,1139693,138733,0,0,15537393,8217733,25606948,0,0,0,0,11710211,3676254,14592074,6343785,33644792,9905494,2574087,5868369,14639024,7921390,6665977,944820,432420,350274,2737751,21343930,1737758,34733472,3332500,3589747,253515,64990922,13737562,0,27552715,23700645,64990922,5731714,55080768,26788130,86625609,51892137,2500000,55310,23849370,28504243,951528,3387180,113250,838,634,325,1194777,161599,1356376,110,0,111665,313816,297816,16466,0,297330,113570,7034,31112,5968,383339,124628,211936,0,210719,116566,147589,0,425751,140559,252271,0,238617,129472,169706,0,,2003
106190756,st. john's hospital and health center,6/1/2002,5/31/2003,365,audited,excl. ind. audit,los angeles,11,0927,non-profit,general,comparable,,(310)829-5511,1328 22nd street,santa monica,90404-2032,bruce lamoureux,ceo,clem villavert,sisters of charity of leavenworth health system,0,05-0290,,zzt30290f,233,233,233,40454,6338,512,31,0,2578,18090,463,974,69440,6143,1117,85,13,0,760,5413,60,170,13761,233,0,0,0,0,0,69440,0,0,0,0,0,13761,0,0,0,0,0,81.7,81.7,5,5,26,3499,1366,127027,15731,2689,782,0,74737,73421,147,15294,309828,31131,188593,33163,49634,0,15,2286980,1808500,18489,15284,21198,828166717,631507627,13070415,209729505,4414037,206928736,7214806,79034315,42753005,0,0,43496116,176184886,52946265,599035566,313950908,47642812,5513845,58401,0,27815995,188639611,3804080,8013923,595439575,72765339,67968482,828209,1781117,0,11020076,71313691,2836000,4214228,232727142,313374814,60378771,4543646,1332229,0,0,20405638,200978206,15487948,0,9740429,0,5265946,9498655,0,0,3571760,69861981,63168428,1674121,507289,0,15679847,52868045,0,5969794,0,0,72934245,2830753,0,0,37212278,15958858,84019779,0,0,0,0,25958126,6390893,28686835,8701967,73528950,30473276,2234272,14006676,40559500,22323743,10380827,1669394,3390428,18882,8342788,60787155,97530929,51097463,151403504,8741509,0,369560560,37389073,546000,201946,331423541,369560560,14699564,74036317,104330266,201120407,150022944,0,244946,0,244946,43000,0,0,1463,1452,651,3000705,321206,3321911,936,0,168939,849022,698100,50425,304945,502800,0,124916,168031,133527,873086,410806,913111,0,473767,120487,209448,0,935295,450344,1021271,0,529539,139916,245546,0,,2003
106560508,st. john's pleasant valley hospital,7/1/2002,6/30/2003,365,audited,excl. ind. audit,ventura,10,0811,non-profit,general,comparable,,(805)389-5800,2309 antonio ave,camarillo,93010-1414,t. michael murray,president,john r. smith,catholic healthcare west,0,05-0616,hsc30616g,hsp30616g,180,180,180,19111,9863,3219,0,0,598,5600,0,1774,40165,2138,242,200,0,0,175,1239,0,136,4130,81,0,0,0,99,0,13729,0,0,0,26436,0,3239,0,0,0,891,0,61.1,61.1,9.699999999999999,4.2,7,1083,537,14421,896,2082,0,0,3295,9348,0,17657,47699,16537,0,0,28197,0,5,212480,232240,1787,4963,6416,215985052,155602480,0,60382572,176388,55038737,5520223,535932,114684,0,0,5941471,41743161,8878632,165363259,99724794,11068830,9977842,0,0,4152334,38142158,0,796657,163862615,19376542,781860,1842548,0,0,2281103,26403097,0,1437287,52122437,99348840,6281814,9412226,0,0,0,3638483,36504095,0,0,208435,-10908,219495,0,0,0,0,19752496,5568876,2408164,0,0,2794954,28041160,0,1816922,0,-923017,0,439779,0,0,14293976,1960776,17250749,0,0,0,0,8827659,5101962,6155590,1448025,25948816,8991075,400314,514758,7335162,6935428,1689361,824932,463571,106783,1828537,23203326,8993599,13626902,2665580,0,0,48489407,12131630,0,1249976,35107801,48489407,4820569,25963012,23375218,51542851,37915949,2574980,0,0,2574980,1325004,251757,23586,819,614,204,1087592,195367,1282959,598,0,69635,198707,242475,73348,107745,269015,88677,32111,0,5879,369966,42094,232610,0,143142,188891,110889,0,437833,49249,273602,0,169066,222217,130992,0,,2003
106560529,st. john's regional medical center,7/1/2002,6/30/2003,365,audited,excl. ind. audit,ventura,10,0811,non-profit,general,comparable,,(805)988-2500,1600 rose avenue,oxnard,93030-3722,t. michael murray,president,john r. smith,catholic healthcare west,0,05-0082,hsc30082f,zzt30082f,266,266,266,27280,2287,8370,0,0,3139,14225,0,4883,60184,4131,399,2260,0,0,713,2868,0,749,11120,221,22,0,23,0,0,49426,4123,0,6635,0,0,10420,366,0,334,0,0,62,62,5.4,5.4,16,3799,1878,19122,1155,14681,0,0,5831,30101,0,7562,78452,43692,0,0,36392,0,10,514458,410820,3826,3749,12913,531509758,382453143,0,149056615,604433,143227940,6433108,2733599,248511,0,0,8918196,100969363,30685047,399855348,194287090,20983337,46126688,0,0,18407798,126879005,0,6529876,413213794,39394024,1899966,14530186,0,0,8572385,47092835,0,6806568,118295964,173109793,16857224,53953105,0,0,0,17857269,115146067,2866440,0,1322531,-61937,1402651,0,0,0,0,60571321,6026079,6703769,0,0,9122914,58825773,0,7806759,0,-1814169,105542,1405268,0,0,29420112,6942148,52772318,0,0,0,0,24672493,4552303,16711648,8156918,56536575,21937027,997814,1268240,24682805,18937143,6782866,2616254,981730,2730846,5756640,74533065,4688464,69328680,12443261,15773150,0,176766620,34737464,3252343,37494020,101282793,176766620,35841925,101180277,40741607,156881692,87553012,39861908,0,0,39861908,2367888,17587493,545161,1658,1165,377,2068507,388833,2457340,598,0,170465,511589,635686,25396,123354,304887,209331,53825,0,33974,566707,136106,622610,0,386116,64910,292058,0,665708,159243,768219,0,448142,76203,339825,0,,2003
106121080,st. joseph hospital - eureka,7/1/2002,6/30/2003,365,audited,incl. ind. audit,humboldt,01,0105,non-profit,general,comparable,,(707)269-4209,2700 dolbeer street,eureka,95501-4736,michael l. purvis,ceo,jennifer floyd,st. joseph health system,0,05-0006,,zzr00006f,210,133,133,18253,157,5115,0,1586,1117,4305,46,678,31257,3818,33,1260,0,238,256,970,9,165,6749,195,0,0,15,0,0,27963,0,0,3294,0,0,6514,0,0,235,0,0,40.8,64.40000000000001,4.6,4.6,5,1349,615,48773,15,30611,0,12224,16426,47341,117,8747,164254,23399,25492,0,110395,0,5,398166,446613,3192,8477,0,324014793,221676267,0,102338526,997514,102801694,534346,154987,295140,0,0,394193,45596156,13595072,264823565,103255350,895888,31568997,0,10475329,9168470,29356693,269066,4367860,189357653,48100584,16571,19587748,0,5640589,12198882,45751617,176158,3184991,134657140,115452824,668608,31226663,0,0,10955002,10857126,40559747,5703976,0,5281215,0,971106,0,0,0,0,35903110,243851,15658645,0,4596362,10510226,34548563,0,877769,0,0,0,44596,0,0,16666327,5517792,42743804,0,0,0,0,14009317,3854989,14414908,5594557,31528126,17253702,3245303,8420669,18823346,8585353,5557200,1698572,1190939,1912724,4585760,25332645,11365567,43668236,7667802,236486,10976993,99247729,22176417,0,68693411,8377901,99247729,6255363,47967959,40974017,92388100,48719864,0,0,38379990,69379990,686579,0,31000000,916,820,407,1620841,182999,1803840,172,0,119969,436348,424045,18741,130726,224847,144103,23912,49697,48453,392956,101515,540738,0,302264,123723,159645,0,436208,114609,597034,0,332042,141109,182838,0,,2003
106301340,st. joseph hospital - orange,7/1/2002,6/30/2003,365,audited,excl. ind. audit,orange,13,1015,non-profit,general,comparable,,(714)771-8000,1100 west stewart drive,orange,92868-3891,larry k. ainsworth,president/ceo,belinda v. catamisan,st. joseph hospital-orange,0,05-0069,hsc30069f,,412,354,354,24335,7927,5747,2973,798,18150,25099,328,928,86285,4876,1934,1504,886,251,4628,6931,84,387,21481,375,37,0,0,0,0,77500,8785,0,0,0,0,20079,1402,0,0,0,0,57.4,66.8,4,4,31,9294,4449,34463,19314,5954,5394,2023,49029,35049,0,27157,178383,58267,65116,0,2738,6785,27,1549437,899495,9086,12360,15599,962288390,697106986,29718599,294900003,45992111,321395067,19497047,5376096,10226866,0,0,14646277,190883769,46078025,725326596,192278713,89653072,41750214,37976500,6356054,138750383,136292441,258507,6158644,649474528,80519375,29390793,12121831,18980789,2748760,79212647,73337352,0,16502315,312813862,205957622,85565125,51684232,33716159,0,8234297,113810536,164141207,27313249,0,2724553,0,3960006,20209902,9508697,0,0,65937262,53609922,1324167,32447825,766876,95143278,34003403,0,11667270,0,-2895116,772223,-1446089,0,0,40685832,12862081,129910732,14516419,0,0,0,47486958,13376932,45989111,16567002,106997794,41589095,2724623,12294121,69282547,48297606,16466014,3986193,3842064,3452194,12462816,75540695,97656492,112001581,25655509,13994821,0,324849098,76805840,0,89549039,158494219,324849098,24884290,131814223,162110734,318236848,206235267,0,0,92298311,92298311,2749272,10239784,0,2863,2306,1096,4417647,470294,4887941,568,0,412501,944661,1132975,40195,561556,827055,407756,0,90363,585,1078444,293100,1613853,0,634697,263998,484416,49139,1189097,321274,1780757,0,707084,295557,538594,55578,,2003
106392232,st. joseph's behavioral health center,7/1/2002,6/30/2003,365,audited,excl. ind. audit,san joaquin,06,0507,non-profit,psychiatric,comparable,,(209)948-2100,2510 north california street,stockton,95204-5502,james b. sondecker,director,jennifer hatch,catholic healthcare west,0,05-4123,,,35,35,35,7175,532,0,0,0,0,3739,0,31,11477,589,62,0,0,0,0,697,0,10,1358,0,27,8,0,0,0,0,10609,868,0,0,0,0,1181,177,0,0,0,89.8,89.8,8.5,8.5,0,0,0,32,2,0,0,0,0,3592,0,307,3933,0,0,0,0,0,0,0,0,0,0,15,20454212,13457879,0,6996333,10801,6895659,111475,-2887,6000,0,0,102588,15775290,1886449,2792473,10665683,897138,0,0,0,0,6260347,0,37581,17860749,20604,3557,0,0,0,0,2319537,0,249765,2593463,7042674,585452,0,0,0,0,0,5303268,320179,0,11868,0,194438,0,0,0,0,3403082,287162,0,0,0,0,3105879,0,200210,0,0,213,-3100,0,0,2718099,245620,545514,0,0,0,0,1304802,614273,1317925,149426,2820307,1368804,153284,302569,273219,1522045,104041,68393,69193,0,213804,2104378,0,780622,5545,2283,0,2892828,739351,0,41111,2112366,2892828,559892,1961238,432774,2959767,2179145,0,0,0,41111,0,0,0,92,73,24,142201,15272,157473,5,0,29234,39309,5501,6485,32546,13608,10154,0,5364,0,82974,6509,7237,0,19079,15045,11357,0,91984,7578,7764,0,21024,16517,12606,0,,2003
106391042,st. joseph's medical center of stockton,7/1/2002,6/30/2003,365,audited,incl. ind. audit,san joaquin,06,0507,non-profit,general,comparable,,(209)943-2000,1800 north california street,stockton,95204,edward g. shroeder,ceo,tracy moziak addleman,catholic healthcare west,0,05-0084,hsc00084f,zzr00084f,294,294,294,42342,5146,17285,0,382,18948,0,75,283,84461,7314,932,3450,0,79,5089,0,26,98,16988,251,0,0,0,43,0,75233,0,0,0,9228,0,16250,0,0,0,738,0,78.7,78.7,5,4.6,16,3043,1594,159546,15375,80317,0,953,172145,39776,500,8386,476998,39271,30135,24810,383565,0,15,524400,305380,4585,5469,12661,855379592,657566549,1458503,199271546,7579582,204005921,2845207,3477089,2177726,0,0,4144570,232730409,54629396,568019787,292199067,38243073,118167162,0,3740539,165780620,0,1085110,4137122,623352693,70435660,11060788,34721003,0,619883,86858527,21479253,356360,6495425,232026899,284789989,39648616,127532699,0,0,2565975,166173090,1369359,11656916,0,1441470,0,22388435,238305,0,0,1220198,77440365,9425508,25120921,0,1794447,61185614,21330092,0,2974599,0,2418072,291491,837677,0,0,36012274,11283146,79431665,0,0,0,848336,30353264,7898125,26357551,11821560,89448795,32752532,3660339,691512,37907430,17076577,9160823,1362080,1947974,3974100,6023759,54658579,30810463,72310356,2166534,5635242,0,165581174,38142690,0,51804525,75633959,165581174,13332510,117081286,59797236,191266809,118956453,0,0,56737066,56737066,4932541,2809167,0,2342,1871,548,3399391,491595,3890986,281,0,298902,473405,660536,145043,314693,784813,388499,333500,0,0,843279,241170,1183496,1996,555772,233769,339909,0,979411,272828,1339666,2221,623109,270963,402788,0,,2003
106301342,st. jude medical center,7/1/2002,6/30/2003,365,audited,incl. ind. audit,orange,13,1011,non-profit,general,comparable,,(714)992-3000,101 east valencia mesa drive,fullerton,92635,robert j. fraschetti,president/ceo,ryan bangerter,st. joseph health system,0,05-0168,hsc30168f,,333,309,309,28112,12602,3189,991,1007,1304,25988,15,1534,74742,4621,2223,709,238,147,307,6686,3,367,15301,232,24,0,40,37,0,57308,0,0,8089,9345,0,14087,0,0,407,807,0,61.5,66.3,4.9,4.5,26,4052,2094,61587,24628,6693,1757,3047,9054,136134,1361,7863,252124,42941,12197,0,178281,0,16,901928,1470738,8045,12823,20003,745483968,552540270,25499786,218443484,11643631,213200545,16886570,116724,2508143,0,0,14495151,125748563,58133870,561601535,191641519,83457901,19371261,6277344,7782762,10900157,187714109,60728,6170374,513376155,53839713,26908880,7442511,2478345,2715317,8256040,122652195,850131,6964681,232107813,204678567,109215450,25534847,11346221,0,10099056,8953123,166665747,7698283,0,2361943,0,5987033,20042534,5457252,0,0,40802665,21193865,190612,2503949,399023,3505567,143700557,0,6147246,0,-590436,0,116724,0,0,35604064,13532347,75172525,0,0,0,233214,24953534,10479371,42147386,11078104,91659897,21774656,2511047,9031137,36942708,26001332,10095144,3438826,3422022,2212100,6111676,50959002,97918368,63081230,22119597,8801638,3530507,246410342,39312105,0,68386258,138711979,246410342,13227780,77235399,76010843,165596156,102514926,0,0,68484427,71069317,2683059,7904133,0,2427,1621,555,3106610,370873,3477483,649,0,371677,784990,748872,9604,194244,567170,186816,136396,78554,28287,737956,245234,1036827,3297,426715,227993,428588,0,827430,270943,1153958,3822,476493,256797,488040,0,,2003
106434138,st. louise regional hospital,7/1/2002,6/30/2003,365,audited,incl. ind. audit,santa clara,07,0433,non-profit,general,comparable,,(408)848-8607,9400 no name uno,gilroy,95020,ted fox,president,tanya teig,daughters of charity health system,0,05-0688,,hsp30688g,93,89,89,8008,0,1686,0,0,886,5031,0,0,15611,1327,0,578,0,0,262,1585,0,0,3752,72,0,0,0,21,0,12257,0,0,0,3354,0,3449,0,0,0,303,0,46,48.1,4.2,3.6,4,1469,706,11199,0,12549,0,0,1308,49691,0,0,74747,21545,0,0,53054,0,3,91480,153700,950,2272,0,168121140,120862353,0,47258787,356434,46446272,1168949,213161,102763,0,0,1279347,47451069,21226984,99443087,44629629,0,14353961,0,0,763478,42643661,0,0,102390729,11169636,0,8869563,0,0,1125042,44566170,0,0,65730411,44434635,0,22429069,0,0,0,89805,47055093,5537207,0,1316544,0,0,0,0,0,0,11364630,0,794455,0,0,1681349,33418353,0,0,0,0,5324,75907,0,0,8695634,2499395,11975621,0,0,0,0,7421517,1778659,9176140,4899306,18516084,4809207,2023250,2398988,5405331,5299602,909922,883874,169748,3905652,2124614,22185324,137729,15461523,395625,1478590,0,39658791,9974859,0,40092977,-10409045,39658791,1602270,9021256,4528522,18705950,3244427,0,0,40092977,40092977,0,11993488,0,266,266,94,532046,66172,598218,64,0,38806,122433,129981,19802,27986,71490,58512,17354,18235,27447,149974,35729,126916,0,110587,34406,73792,642,166005,38948,144447,0,124450,38054,85623,691,,2003
106380964,st. luke's hospital,7/1/2002,6/30/2003,365,audited,excl. ind. audit,san francisco,04,0423,non-profit,general,comparable,,(415)647-8600,3555 caesar chavez street,san francisco,94110-4403,john williams,ceo,jim gomes,st luke's hospital,0,05-0055,hsc00055f,zzr00055f,260,209,170,14830,0,29706,2530,0,1018,8435,580,2710,59809,2331,0,2326,489,0,141,1396,33,343,7059,150,31,0,0,79,0,25854,6219,0,0,27736,0,5740,975,0,0,344,0,63,78.40000000000001,8.5,4.8,8,2262,988,25991,100,22185,10155,0,7889,39497,95,15264,121176,29045,1478,0,90796,0,9,160275,202125,1164,2795,0,274720774,195725753,3480889,82475910,1476671,119384610,-35432029,2201383,0,0,0,-33230646,105635058,23313597,145772119,55396604,0,74315408,17314507,0,3485360,29794169,1663576,10704171,192673795,17292780,558583,10895079,9333736,0,6820454,24856743,672354,11617250,82046979,49611127,335150,58799940,23545697,-2532093,0,4335896,41187233,2398215,0,6375232,0,11669356,0,3480889,0,0,23078257,223433,24791167,6695606,0,5969918,13463679,0,8253850,0,35674753,14117,219989,0,0,31268708,4427087,32326155,2862032,0,0,0,19362108,7227464,17501445,4409611,43375599,23456464,4693735,7302485,14566954,14232704,3661360,1689498,1175206,959053,4271552,25841252,2292985,26048664,5896269,0,0,60079170,19317168,915000,7244285,32602717,60079170,0,43400903,35013017,82164178,56115514,0,0,7918377,7918377,674092,0,678329,1108,832,750,1516133,292613,1808746,340,0,93288,249538,294721,122767,183527,335874,145404,12706,55219,23089,566236,70407,345303,0,283796,115108,135283,0,680401,80236,424097,0,337876,132174,153962,0,,2003
106380964,st. luke's hospital,7/1/2003,12/31/2003,184,audited,excl. ind. audit,san francisco,04,0423,non-profit,general,comparable,,(415)647-8600,3555 caesar chavez street,san francisco,94110-4403,john williams,ceo,jim gomes,st luke's hospital,0,05-0055,hsc00055f,zzr00055f,260,209,170,7270,0,14106,1037,0,268,3357,220,1178,27436,1054,0,891,312,0,48,608,6,243,3162,150,31,0,0,79,0,11845,1764,0,0,13827,0,2663,288,0,0,211,0,57.3,71.3,8.699999999999999,4.6,8,987,461,11101,951,8449,7330,0,1914,20266,98,5408,55517,15183,724,0,39613,0,10,66994,96405,518,1570,0,166860756,120605018,975119,47230857,2239137,60996657,-11526663,1430662,0,0,0,-10096001,63197126,13819418,89844212,35111052,0,43251054,10879485,0,2474051,18206228,566432,6791667,117279969,11405423,361073,6332094,5581007,0,3780157,15155667,253992,6711374,49580787,31554239,295053,35393399,15041739,-3012927,0,3792599,23829665,7919655,0,3344420,0,2447176,0,975119,0,0,14962236,66020,14448429,2624123,0,2461609,9532230,0,3136210,0,19366606,755077,238125,0,0,13868234,2131534,18901967,0,0,0,0,10390768,3138634,10044110,2521410,25100625,6485902,3023155,4756358,8583314,5751524,1909606,848221,711265,588221,3238466,25530376,1724298,29715283,7822785,0,0,64792742,14674864,915000,6600428,42602450,64792742,0,18762218,15991283,38466902,8751619,0,0,7303417,7303417,702989,0,464067,1078,770,506,740219,107110,847329,330,0,34014,147487,156707,52822,96425,131278,78031,2989,18990,21476,258047,32771,169176,0,154276,69102,56847,0,300432,36103,193372,0,175664,76086,65672,0,,2003
106190053,st. mary medical center,7/1/2002,6/30/2003,365,audited,incl. ind. audit,los angeles,11,0933,non-profit,general,comparable,,(562)491-9000,1050 linden avenue,long beach,90813,tanya field,coo,scott yasuda,catholic healthcare west-southern california,2,05-0191,hsc30191g,zzt30191g,465,461,248,37986,4355,25504,6282,705,2807,3430,866,845,82780,4067,986,4345,1570,128,408,636,499,170,12809,363,23,0,46,33,0,53332,4656,0,14035,10757,0,11170,375,0,818,446,0,48.8,49.2,6.5,5.8,25,5743,2313,78498,9890,68344,16604,1315,13912,38339,2019,16928,245849,42091,64098,22036,108909,2131,22,266061,169841,1837,5487,11858,639103179,499049404,9091377,149145152,1316204,160850167,-10388811,793725,3771973,0,0,-13367059,149174144,54877834,435051201,203453448,32206358,144091353,36881800,4111165,19276242,24217384,7411362,6517531,478166643,48679918,8472968,37959563,11257931,1137306,9198698,33950486,1260127,9019539,160936536,197106535,31600710,136327730,40138047,-3746891,4280460,20177435,37984476,11210227,0,20135982,0,3834693,3705963,3324291,0,2061123,55026831,12784579,39541012,9790547,968011,8297505,22244517,0,492150,0,0,0,307396,0,0,34058300,14698325,46760257,4216042,0,0,4415856,25030321,5378408,19828883,6463775,57573585,26075062,5958555,7971512,20996553,24307333,7209599,2120108,1153850,975246,6508764,40337340,6838430,46959921,3756670,554840,0,98447201,41632038,1060174,12199625,43555364,98447201,0,34844751,57074780,100834123,53874202,0,0,13567817,13567817,1368192,6861080,8214996,1405,1280,624,2480500,319933,2800433,149,38,256058,484053,530774,119034,161404,415328,319686,55646,72403,66114,747171,260595,604350,78624,391505,137884,260371,0,856246,292141,683682,79691,438540,159547,290586,0,,2003
106361343,st. mary regional medical center,7/1/2002,6/30/2003,365,audited,incl. ind. audit,san bernardino,12,1211,non-profit,general,comparable,small/rural,(760)242-2311,18300 highway 18,apple valley,92307,george perez,president/ceo,avie heilgeist,st joseph health system,0,05-0300,,zzt30300f,186,186,186,21012,6145,7989,2377,413,6472,4496,0,714,49618,4259,1182,2198,797,91,1577,1202,0,178,11484,166,0,0,0,20,0,45055,0,0,0,4563,0,10876,0,0,0,608,0,73.09999999999999,73.09999999999999,4.3,4.1,10,3209,1849,10361,5709,14791,10570,26,16902,11687,29,4777,74852,33521,11582,0,31625,0,6,659739,1187621,4084,4824,9549,325377841,240495835,18512584,103394590,1371532,99526145,5239977,27654,1110519,0,0,4157112,59818661,10416002,255143178,102593145,33451366,34682611,10949039,1836032,42814946,24905885,0,3114700,254347724,15764984,7062910,7503876,4737891,29770,19134600,14020380,11095,2764611,71030117,82394069,35754379,29907485,10423308,0,1324361,37908076,35790279,5860708,0,33825,-6843,1106188,6561947,1714967,0,10235670,35964060,11321844,12279002,6978589,541441,22935282,13371656,8711,-5995,0,1449280,0,0,0,0,20304532,5785729,38769245,0,0,0,0,13099356,2504220,13834452,5228611,33563285,14117461,1725336,6253015,21479165,10027293,4493254,836910,1619760,1192524,4218142,27322325,20465571,38079837,2119353,1956093,644641,90587820,27488763,0,19538940,43560117,90587820,11977032,45036098,46552826,94420503,56340666,0,0,19880748,19880748,341808,0,0,981,792,341,1507017,193304,1700321,150,0,85054,397144,490072,15850,139906,255817,66130,3662,42879,10503,495988,126620,447834,0,177974,101038,157563,0,563207,141684,505507,0,198072,111773,180078,0,,2003
106380965,st. mary's medical center-san francisco,7/1/2002,6/30/2003,365,audited,incl. ind. audit,san francisco,04,0423,non-profit,general,comparable,teaching,(415)668-1000,450 stanyan street,san francisco,94117,ken steele,president/ceo,glenn cody,catholic healthcare west,0,05-0457,hsc00457f,zzr00457f,430,430,430,28962,4549,4079,927,0,379,10460,0,907,50263,4212,661,593,134,0,55,1521,0,132,7308,314,60,0,24,32,0,29374,3890,0,7671,9328,0,5661,376,0,432,839,0,32,32,6.9,6.3,0,0,0,27179,3683,8287,2062,0,1537,35999,0,37537,116284,38413,42604,0,34686,0,15,320886,376109,2030,3995,0,537047392,399688715,0,137358677,1946028,132303488,7001217,2261693,754978,0,0,8507932,173841665,16496070,346709657,226702875,34091776,33863892,6727379,0,3132730,102004067,0,10075910,416598629,42092621,6154709,7452225,1394547,0,2260387,50966018,0,10128256,120448763,205624692,31956991,35935006,6348148,0,0,1637423,100219047,2706871,0,9126282,0,6134255,0,0,0,0,63170804,8289494,5381111,1773778,0,3185381,52751038,0,2807071,0,298711,1209051,-317690,0,0,25606688,6819799,42883185,0,0,0,4412052,19415130,1847073,24161045,7158516,45894846,26368932,2204685,4137409,22020857,17118534,7855005,855784,1332030,385556,4129850,30084371,23020133,57168152,1740016,2007654,0,114020326,19408651,0,14206289,80405386,114020326,2153467,55967313,139182317,200299414,143131262,0,0,0,15391025,1184736,325917,15391025,839,839,266,1521840,291182,1813022,244,38,112313,337685,335049,46783,85097,221802,174655,139880,27879,40697,404273,114477,371326,137788,294110,29253,170613,0,490281,135697,439198,149021,369528,32894,196403,0,,2003
106010967,st. rose hospital,10/1/2002,9/30/2003,365,audited,excl. ind. audit,alameda,05,0421,non-profit,general,comparable,,(510)264-4000,27200 calaroga avenue,hayward,94545-4339,michael mahoney,president/ceo,derick leslie,hayward sisters hospital,0,05-0002,hsc00002f,zzr00002f,175,175,175,13700,1284,11520,1974,0,168,4508,0,2086,35240,2204,259,2184,705,0,53,1186,0,465,7056,129,0,0,0,46,0,29674,0,0,0,5566,0,6692,0,0,0,364,0,55.2,55.2,5,4.4,23,2998,1333,12239,2297,16410,8790,0,495,33672,0,1766,75669,29950,32921,0,16506,0,4,112491,147969,891,1172,8324,246108488,172089357,0,74019131,706454,73447828,1277757,0,0,0,0,1277757,79270743,20085065,146752680,70375674,9679472,55723338,11648445,0,1017723,20091867,0,5895998,174432517,14241719,2175024,15540242,8321519,0,469635,29254294,0,1673538,71675971,43493393,11744592,60472137,7749399,-2505609,0,545421,35642740,8148740,0,6798544,0,0,0,0,0,0,41124000,109904,13297052,12220565,0,941937,5120753,0,1204920,0,0,0,0,0,0,18848888,7233346,22715764,0,0,0,0,11870150,3100611,7606131,2072938,39195756,9062458,1967966,0,8533600,6210240,2332494,975553,0,1289683,3880078,22963775,0,17848529,1432392,3668825,0,45913521,22474447,2179477,10562597,10697000,45913521,43778,25601197,24047778,50744913,32896384,0,0,505363,10562597,0,0,3949021,691,662,252,1212537,165874,1378411,93,0,108094,289414,337574,37673,82409,228091,117625,9817,0,1840,354882,135662,320501,0,196215,91862,113415,0,402250,152973,357505,0,227262,103678,134743,0,,2003
106190762,st. vincent medical center,7/1/2002,6/30/2003,365,audited,excl. ind. audit,los angeles,11,0925,non-profit,general,comparable,,(213)484-7111,2131 w. 3rd street,los angeles,90057-1901,bain j. farris,president/ceo,alfred aghajani,daughters of charity health system,0,05-0502,hsc30502h,,347,318,181,35635,3758,11168,522,0,7713,5168,13,1144,65121,5645,583,1792,86,0,1267,838,2,189,10402,320,0,0,0,27,0,57104,0,0,0,8017,0,9494,0,0,0,908,0,51.4,56.1,6.3,6,0,0,0,28155,2370,8097,824,0,1373,23109,40,2498,66466,0,5711,0,51533,718,15,693115,310487,3652,9222,7995,538920751,391356982,6884348,154448117,1248483,169275683,-13579083,8264662,5776721,0,0,-11091142,110082705,1391852,427446194,238454377,23465829,77798725,3915400,0,57454852,37033132,98673,8709548,446930536,39686322,3584297,12241567,1248473,0,2080275,29951701,60689,3136891,91990215,200354338,21649749,79758838,4387067,0,0,34890938,40048316,7661136,0,1846802,0,759798,4533271,0,0,2351077,76156024,9871018,9740972,757431,0,24386171,29042053,0,4494448,0,0,113527,1181874,0,0,29044224,2360229,78126846,2693807,0,1073524,266759,25212453,6067545,16108973,8321323,47658547,14220477,4537849,10887109,34932474,28266093,13798844,1311609,2051414,4613599,6997668,43435610,25227457,87756039,4885422,46598967,0,207903495,27330466,356818,64299529,115916682,207903495,9496969,71551629,108500568,255909938,168153899,0,0,64299529,64299529,0,21827148,0,1341,1079,564,2210967,272153,2483120,1159,7,192595,402117,511732,29018,123597,412540,202503,98224,219859,18782,722567,18014,664609,22439,431438,125905,217279,8716,827361,22354,738545,24327,478283,138044,244437,9769,,2003
106430905,stanford university hospital,9/1/2002,8/31/2003,365,audited,incl. ind. audit,santa clara,07,0429,non-profit,general,comparable,teaching,(650)723-4000,300 pasteur drive,stanford,94305-2295,martha h. marsh,ceo,stephen shahbazian,stanford university hospital,1,05-0441,hsc00441f,,431,431,431,41718,4520,5591,3175,352,3284,46127,0,5187,109954,5893,900,1130,645,65,670,9064,0,963,19330,384,30,0,17,0,0,97983,8232,0,3739,0,0,18215,848,0,267,0,0,69.90000000000001,69.90000000000001,5.7,5.7,0,0,0,62336,1815,16452,12432,119,14988,199188,0,35924,343254,38147,497517,0,0,0,33,2290365,2255640,11231,22608,58182,2327262288,1482233391,20049879,865078776,80330968,905918692,39491052,7726505,11261557,0,0,35956000,434814906,569629998,1322817384,436108642,53176283,84437532,42373231,4587749,58541508,638989389,0,67944943,1386159277,187557501,8927196,35781537,26193321,409522,34768599,477117901,0,170347434,941103011,441331686,55637877,105574730,54744363,0,2385034,38926440,563358559,52924000,0,8739619,0,158611083,16703413,5793,0,3340673,182334457,23169015,14644339,13827982,2612237,52672347,530708338,0,45110061,0,0,11655,6476081,0,0,85569884,167659461,284584713,0,0,0,46245712,127796241,42427601,120973776,30661304,255982451,133138698,97720,46774348,136815187,232382434,27175551,17354208,6553954,8349919,41294222,417515262,17340828,107812117,121862208,322001870,0,986532285,195399628,0,544061981,247070676,986532285,222673519,338689046,131633995,478227662,370415545,0,0,447708513,558528870,14466889,64173098,17312556,5510,4592,1225,9172801,970056,10142857,1416,283,653070,1734713,1350022,62197,550002,1807297,645212,1778483,197536,394269,1490427,1207775,2068118,1310442,1528817,769731,797491,0,1707704,1356391,2335874,1312260,1687517,857040,886071,0,,2003
106501016,stanislaus behavioral health center,7/1/2002,6/30/2003,365,audited,incl. ind. audit,stanislaus,06,0511,city/county,psychiatric,comparable,,(209)558-4700,800 scenic drive,modesto,95350-6131,dan souza,mental health director,bob backlund,county of stanislaus,0,05-0183,hsc00183f,,67,67,67,3569,0,8019,0,0,4533,0,4987,0,21108,488,0,1257,0,0,979,0,1044,0,3768,0,67,0,0,0,0,0,21108,0,0,0,0,0,3768,0,0,0,0,86.3,86.3,5.6,5.6,0,0,0,149,0,1196,0,0,3048,0,1183,0,5576,0,5445,0,0,0,0,0,0,0,0,0,30339785,15776989,0,14562796,4491,14970375,-403088,610290,0,0,0,207202,28387278,788585,1163922,4996600,0,11226601,0,0,6316799,0,7011200,0,29551200,20080,0,161750,0,0,446810,0,159945,0,788585,2648548,0,5741352,0,0,0,3274346,0,0,0,4112743,0,0,0,0,0,0,2368132,0,5646999,0,0,3489263,0,3058402,0,0,0,0,0,0,0,8449025,477274,868538,0,0,0,0,1740865,778546,2374840,281287,8413723,2275996,283107,583966,253117,1963974,217049,39813,34229,13018,892383,3710355,0,5742941,0,0,0,9453296,2924782,0,5911,6522603,9453296,0,7101633,338625,7559758,1816817,0,11410,0,11410,5499,304314,0,176,176,98,349311,32202,381513,19,0,15462,23045,46245,6298,139985,64330,0,38842,10636,4468,258835,7664,0,0,10118,23590,49104,0,278244,8063,0,0,11819,26323,57064,0,,2003
106504038,stanislaus surgical hospital,1/1/2003,12/31/2003,365,audited,excl. ind. audit,stanislaus,06,0511,investor,general,comparable,,(209)572-2700,1421 oakdale road,modesto,95355,mike lipomi,ceo,william a. fretwell,stanislaus surgical hospital,0,05-0726,,hsp40726f,23,23,8,474,0,0,0,0,2140,0,0,296,2910,174,0,0,0,0,925,0,0,136,1235,23,0,0,0,0,0,2910,0,0,0,0,0,1235,0,0,0,0,0,34.7,34.7,2.4,2.4,0,0,0,1942,0,573,0,0,6418,0,0,1284,10217,0,0,0,0,0,8,83912,558419,1235,10217,0,121960977,99936086,0,22024891,163954,19063751,3125094,965,28504,0,0,3097555,3637500,0,118323477,9275608,0,0,0,0,27055977,0,0,1179009,37510594,22280893,0,5530815,0,0,56457186,0,0,181489,84450383,25284121,0,3956564,0,0,0,67638393,0,2392444,0,0,0,664564,0,0,0,0,5836659,0,1541872,0,0,13819776,0,0,826584,0,0,0,965,0,0,2079839,0,9091291,0,0,0,0,2234484,1346232,2331874,1980031,5875466,2465503,0,1344902,5365822,808762,661253,1574038,167811,128507,671687,7402495,0,2223730,0,0,7350129,16976354,3942474,0,0,13033880,16976354,314768,1202414,5323390,6572096,4348366,0,0,0,33329,33329,0,0,180,144,100,287941,30582,318523,200,0,56378,29330,64133,0,13814,65696,40254,0,16290,2046,49241,0,83958,0,58527,42179,54036,0,53256,0,97142,0,62659,46457,59009,0,,2003
106194967,star view adolescent - phf,1/1/2003,12/31/2003,365,audited,incl. ind. audit,los angeles,11,0931,investor,psychiatric,phf,,(310)373-4556,4025 west 226th street,torrance,90505,kent dunlap,executive director,bruce wright,star view adolescent center,0,,,,16,16,16,0,0,0,0,0,0,0,0,5022,5022,0,0,0,0,0,0,0,0,128,128,0,16,0,0,0,0,0,5022,0,0,0,0,0,128,0,0,0,0,86,86,39.2,39.2,0,0,0,0,0,0,0,0,0,0,0,0,0,0,0,0,0,0,0,0,0,0,0,0,15928210,0,0,15928210,301308,14962845,1266673,9461,0,33000,0,1243134,2389991,0,13538219,0,0,0,0,0,0,0,0,15928210,15928210,0,0,0,0,0,0,0,0,0,0,0,0,0,0,0,0,0,0,0,0,0,0,0,0,0,0,0,0,0,0,0,0,0,0,0,15928210,0,0,0,9461,0,0,1729095,0,11097157,0,0,0,0,343816,101137,1620496,71144,7913245,1248844,0,2284237,414061,1409405,93501,726933,71144,0,801475,7739757,0,275519,0,0,0,8015276,6160389,0,0,1854887,8015276,0,0,618174,618174,342655,0,0,0,0,0,4388967,0,174,174,0,342590,32832,375422,0,0,39107,93488,6628,4312,157231,27447,100,0,0,14277,50475,0,287269,0,100,0,4746,0,55415,0,315151,0,110,0,4746,0,,2003
106190599,suburban medical center,6/1/2002,5/31/2003,365,audited,excl. ind. audit,los angeles,11,0921,investor,general,comparable,,(562)531-3110,16453 s colorado ave,paramount,90723,candice marwith,ceo,remedios h. maglaya,tenet healthcare corporation,0,05-0571,hsc30571i,hsp30571i,182,182,182,4836,718,18574,5375,0,77,3002,203,208,32993,512,87,2461,1915,0,22,905,59,61,6022,148,0,0,0,34,0,21711,0,0,0,11282,0,5985,0,0,0,37,0,49.7,49.7,5.5,3.6,20,6166,2567,4648,556,10638,8362,0,585,14302,238,2772,42101,21679,0,0,19970,0,4,166500,183660,1905,2195,2869,342076563,290359513,960964,52678014,233254,51539806,1371462,645988,936243,0,0,1081207,38428872,12711057,290936634,54639035,6139869,87546782,39622244,0,1316637,49086920,3461577,3537272,245350336,13394373,1083271,25515773,16824106,0,921750,35893519,387916,2705519,96726227,57214630,6538457,93669085,51047773,-9660707,0,2035869,74453118,5129594,0,9186786,0,744908,0,960964,0,0,10818778,684683,24804188,5272237,0,202518,10527321,0,368289,0,0,0,0,0,0,11508259,1916884,15906328,0,0,0,0,6604550,4004776,7937430,3661579,19759515,6217018,768576,2057188,7078967,9496958,925982,1764337,1716064,8137,1747064,46727967,0,5707275,9337,520552,2737631,55702762,4721884,0,0,50980878,55702762,600,3130280,9785805,12953371,7246096,0,0,0,0,0,20556420,0,516,403,286,797611,80444,878055,144,0,54733,147860,217507,65819,91172,126234,46674,7728,37481,2403,314223,36235,209582,0,95561,60182,81828,0,342354,38630,235330,0,106776,65517,89448,0,,2003
106190599,suburban medical center,6/1/2003,12/31/2003,214,audited,excl. ind. audit,los angeles,11,0921,investor,general,comparable,,(562)531-3110,16453 s colorado ave,paramount,90723,charles martinez,ceo,remedios h. maglaya,tenet healthcare corporation,0,05-0571,hsc30571i,hsp30571i,182,182,182,2867,183,11298,2189,0,96,2805,223,158,19819,374,64,1629,783,0,20,714,47,34,3665,148,0,0,0,34,0,12713,0,0,0,7106,0,3647,0,0,0,18,0,50.9,50.9,5.4,3.5,20,3745,2567,2597,296,6350,7148,0,375,7366,190,2632,26954,14322,0,0,11816,0,4,92880,111240,1548,1854,1563,196277102,172988096,433935,23722941,137289,33010531,-9150301,393688,507138,0,0,-9263751,22725855,8154161,165397086,28102126,2131033,52744512,21396476,0,985234,28872773,2284519,1625025,138141698,7658509,503021,13940061,10170211,0,571929,21517210,318015,3456448,58135404,35156371,2336483,53639946,28969746,-6201791,0,1389318,47044430,4382597,0,5913929,0,357067,0,433935,0,0,604264,297571,15935023,3030876,0,167845,3345553,0,341809,0,0,0,0,0,0,7439773,1318892,9692027,0,0,0,0,4100478,2696620,5199828,2562913,12242043,4512270,500253,1521187,4272051,5751593,625452,1034518,1398968,3354,1148842,36228591,0,6206610,33265,527944,2649681,45646091,4814482,0,0,40831609,45646091,400,3157269,10875399,14069954,7863344,0,0,0,0,0,20051050,0,522,433,292,498747,50940,549687,144,0,37755,91010,135865,43361,57194,80115,28466,3524,19978,1479,194472,24415,134328,0,58607,37915,49010,0,213105,25893,149983,0,65369,41248,54089,0,,2003
106364121,sun health robert h ballard rehab hsp,1/1/2003,12/31/2003,365,audited,excl. ind. audit,san bernardino,12,1209,investor,specialty,comparable,,(909)473-1200,1760 west 16th street,san bernardino,92411-1160,robert r herrick,ceo,leslie pagett,sun healthcare group inc.,0,05-3037,hsc33037f,,60,60,60,7214,0,3164,0,0,3905,0,0,0,14283,438,0,148,0,0,214,0,0,0,800,0,0,0,60,0,0,0,0,0,14283,0,0,0,0,0,800,0,0,65.2,65.2,17.9,17.9,0,0,0,3355,0,932,0,0,5033,0,0,0,9320,0,9320,0,0,0,0,0,0,0,0,0,22505532,8840379,0,13665153,40348,13395571,309930,14065,0,0,0,323995,10909850,2013693,9581989,10249036,0,4734709,0,0,5580530,0,0,0,20564275,692465,0,194389,0,0,1054403,0,0,0,1941257,3429339,0,2287928,0,0,0,3110529,0,12583,0,0,0,0,0,0,0,0,7512162,0,2641170,0,0,3511821,0,0,0,0,850578,0,0,0,0,2503933,767832,3155849,0,0,0,0,2347221,698559,2207275,1714902,4135883,1062268,232750,462877,985251,3940675,34282,1497088,161070,0,883427,2881859,0,349103,0,1612539,0,4843501,3077286,0,0,1766215,4843501,272358,0,195497,413817,64714,0,0,0,0,0,0,1841124,177,119,77,235075,12514,247589,25,0,50547,15151,26631,6573,64585,39773,31815,0,0,0,99248,0,3886,0,51562,27125,53254,0,103759,0,3965,0,53859,28687,57319,0,,2003
106250955,surprise valley community hospital,7/1/2002,6/30/2003,365,audited,excl. ind. audit,modoc,01,0201,district,general,comparable,small/rural,(530)279-6111,main and washington,cedarville,96104,joyce i. gysin,administrator,jennifer floyd,surprise valley healthcare district,0,05-1308,,hsp30676f,26,26,26,199,0,6823,0,0,1369,0,0,1,8392,30,0,12,0,0,8,0,0,1,51,4,0,0,0,22,0,94,0,0,0,8298,0,31,0,0,0,20,0,88.40000000000001,88.40000000000001,164.5,3,0,0,0,2427,0,993,0,0,2226,0,0,434,6080,478,3628,0,2050,0,0,0,0,0,0,0,2633570,143542,0,2490028,42735,2946094,-413331,227447,0,0,0,-185884,1715562,452010,465998,162684,0,1338824,0,0,320751,0,0,3841,1826100,445332,0,83036,0,0,199975,0,0,79127,807470,60888,0,17031,0,0,0,0,0,51132,0,4962,0,9529,0,0,0,0,547128,0,1404829,0,0,469594,0,0,68477,0,0,129148,49,98250,0,890654,444351,341671,0,0,0,0,533037,183824,428840,123717,1357869,565050,171513,157792,302276,61099,170398,5372,9316,22617,122792,270807,0,864273,0,0,0,1135080,548147,0,29899,557034,1135080,0,2190727,1208498,3399225,2534952,0,0,0,115382,85483,0,0,70,55,32,103644,10610,114254,4,0,20367,2255,15643,4680,28005,15718,15100,1876,0,0,47607,12203,3549,0,23422,7363,9500,0,51467,14181,4406,0,25176,8366,10658,0,,2003
106034002,sutter amador hospital,1/1/2003,12/31/2003,365,audited,excl. ind. audit,amador,06,0501,non-profit,general,comparable,small/rural,(209)223-7256,200 mission blvd,jackson,95642,bruce tigner,ceo,denise langley,sutter health,0,05-0014,,zzr00014g,66,66,66,10175,0,3332,0,222,2880,0,0,388,16997,1567,0,268,0,46,727,0,0,124,2732,42,0,0,0,24,0,9378,0,0,0,7619,0,2482,0,0,0,250,0,70.59999999999999,70.59999999999999,6.2,3.8,2,351,169,16620,0,8839,0,955,18607,0,0,3999,49020,14818,15046,0,20673,3,4,109571,203487,1251,2757,4803,103891405,62105474,0,41785931,159787,41572177,373541,0,0,0,0,373541,16606421,12386237,74898747,35087773,0,5321394,0,1334736,12149643,0,0,2231644,56125190,19334959,0,4587989,0,1059616,20319828,0,0,2463823,47766215,41755751,0,6464758,0,0,2221312,5749282,0,2535401,0,1640663,0,1738307,0,0,0,0,12666981,0,3444625,0,173040,26720189,0,0,-1218904,0,0,0,0,0,0,6835115,4843266,12796364,31249,0,0,0,5644178,2069044,5269443,4083518,16765591,5537007,0,4210779,5570905,2597260,2342339,98986,535881,1151557,2761872,16394183,0,31258232,215044,1003170,0,48870629,3299362,0,30155573,15415694,48870629,6997242,29009777,14890040,45537352,14279120,0,0,30155573,30155573,0,0,359020,410,339,365,600886,120082,720968,47,0,71850,108436,128490,15763,51505,134705,55083,18855,6888,9311,164686,57690,151160,0,102550,67006,57794,0,198371,71747,181193,0,123854,77994,67809,0,,2003
106310791,sutter auburn faith hospital,1/1/2003,12/31/2003,365,audited,incl. ind. audit,placer,02,0308,non-profit,general,comparable,,(530)888-4500,11815 education st,auburn,95602-2410,mitch hanna,chief administrator,sherry claborn,sutter health,0,05-0498,,zzr00498g,89,89,89,10404,3274,1726,222,372,451,4453,438,194,21534,2207,661,489,52,89,110,1082,66,46,4802,72,0,0,6,11,0,17190,0,0,1684,2660,0,4416,0,0,115,271,0,66.3,66.3,4.5,4.2,10,1122,457,21244,7432,6245,966,1201,5533,30741,827,2211,76400,22237,0,12658,35451,0,8,166221,137949,1340,1697,5758,215427189,152678435,5721714,68470468,944035,65855610,3558893,1426637,700417,0,0,4285113,47782459,23987546,143657184,64617127,21056545,10811916,1404143,2684336,3721140,33546699,1684553,1496789,141023248,20778884,7014427,5829525,993487,1292339,5024239,29962524,818732,2689784,74403941,65131580,21951257,12538815,1833816,0,3317698,5300160,36769130,2744538,0,2150844,0,940597,3120371,0,0,2601343,20221318,9165893,3874110,539060,622942,3362059,29035799,352441,1296846,0,6697147,48959,748572,0,0,13059531,6842322,23022111,0,0,0,138012,8843982,2188228,9240914,2520510,24625691,13043272,505225,2511225,9059784,9115626,2617923,298631,1010913,1278882,1788438,16964173,11571511,17317548,1626508,10705065,927061,59111866,5583312,21333,33377130,20130091,59111866,219896,29124335,21122890,51812178,34494630,0,0,31927708,33377130,0,4206,96267,730,502,178,921047,161234,1082281,119,2,70256,273751,199924,43611,58459,127913,83867,24835,36709,1722,257604,124027,272306,0,149001,26382,88589,3138,304635,145259,326255,0,171517,30416,100871,3328,,2003
106344017,sutter center for psychiatry,1/1/2003,12/31/2003,365,audited,incl. ind. audit,sacramento,02,0311,non-profit,psychiatric,comparable,,(916)386-3000,7700 folsom blvd,sacramento,95826,diane stewart,cao,sherry claborn,sutter health,0,05-4096,hsc34096f,,69,69,69,2656,1937,1398,905,0,352,10979,236,43,18506,305,222,212,111,0,49,1429,26,5,2359,0,69,0,0,0,0,0,18506,0,0,0,0,0,2359,0,0,0,0,73.5,73.5,7.8,7.8,0,0,0,502,438,78,151,0,11649,3216,11,49,16094,0,11242,0,2785,0,0,0,0,0,0,0,38505796,21485938,230898,17250756,924703,16451020,1724439,82653,45162,0,0,1761930,24143625,2891008,11471163,4591701,3188674,2256646,1455870,0,595485,18035691,360942,65311,30550320,851864,758212,155164,114836,0,1812282,4178912,19832,64374,7955476,3342835,2848648,1488997,1045265,0,0,582686,11787981,98973,0,217049,0,73504,230898,0,0,0,2100730,1329136,922813,525441,0,1825081,10327649,163725,56181,0,0,5860,76793,0,0,5207490,1772761,1513084,0,0,0,0,2258377,365158,4297451,1036699,7862773,3365955,1075202,507884,952488,1087794,449906,185919,225348,425303,312448,3318522,0,5637250,249198,0,0,9204970,46200,0,7356094,1802676,9204970,0,7496176,1081111,10448155,4810905,0,0,3556700,7402294,46200,0,3845594,224,165,93,321380,33464,354844,43,0,33303,83602,51592,10940,53602,41557,21296,13224,0,12264,130135,35798,21585,0,49462,8773,75627,0,142058,40541,24362,0,54909,9767,83207,0,,2003
106084001,sutter coast hospital,1/1/2003,12/31/2003,365,audited,excl. ind. audit,del norte,01,0101,non-profit,general,comparable,small/rural,(707)464-8511,800 e. washington blvd,crescent city,95531-8359,john menaugh,ceo,william k. russ,sutter coast hospital,0,05-0417,,hsp00417g,59,59,59,6941,0,1840,0,402,2180,0,7,495,11865,1519,0,596,0,91,736,0,7,144,3093,59,0,0,0,0,0,11865,0,0,0,0,0,3093,0,0,0,0,0,55.1,55.1,3.8,3.8,4,556,303,11761,0,20911,0,2200,29503,0,20,20220,84615,16986,25409,12437,26161,0,12,70490,216700,789,4046,6466,91112430,44818065,0,46294365,283031,42823500,3753896,552626,23651,0,0,4282871,15504307,17191312,58416811,23463683,0,6414651,0,1094423,8678894,0,98295,2013523,41763469,17289099,0,9867036,0,1760049,17482959,0,61794,2888024,49348961,23499751,0,11275824,0,0,2518082,3857741,0,3357743,0,165781,0,143143,0,0,0,0,17243227,0,5005863,0,336390,22300548,0,4112,1404225,0,-672488,15,386004,0,0,6987932,7976459,11294777,0,0,0,0,6275521,2605811,3730892,3952108,13325592,7183605,3190730,2979829,5812373,4122559,2454472,203054,403399,1037436,2110451,10583447,7564609,18976150,1138975,0,357264,38620445,4714499,0,16704153,17201793,38620445,1524097,25130250,17985103,43818054,24841904,0,0,15758817,16888767,184614,0,150753,385,323,185,648773,70935,719708,34,0,57655,96007,147058,14521,27609,139591,53857,65250,36026,11199,141508,118851,151333,0,127473,58031,49691,1886,160611,128444,168500,0,140356,63946,55756,2095,,2003
106574010,sutter davis hospital,1/1/2003,12/31/2003,365,audited,incl. ind. audit,yolo,02,0313,non-profit,general,comparable,,(530)757-5101,2000 sutter place,davis,95616,janet wagner,chief administrator,sherry claborn,sutter health,0,05-0537,hsc30537g,hsp30537g,48,48,48,2600,662,647,1356,600,171,2749,121,61,8967,717,182,308,510,170,59,1053,36,19,3054,48,0,0,0,0,0,8967,0,0,0,0,0,3054,0,0,0,0,0,51.2,51.2,2.9,2.9,14,2136,1076,14144,1947,16585,8018,3702,2994,63441,715,13161,124707,19768,19754,0,81894,0,5,96872,230144,875,3872,5335,157260074,114594448,9645726,52311352,2004598,47797583,6518367,4768436,2596666,0,0,8690137,20831915,23185681,113242478,21781942,5556062,3720803,9244468,4447776,1734164,19854721,799105,389510,67528551,13450887,4340426,5084699,7679189,4319877,4698483,44801786,1668648,3687528,89731523,29334518,8283360,7353862,14385110,0,8624711,3623988,36683516,2538756,0,1611161,0,2155466,2870560,0,0,6775166,5895518,4483434,1433361,2527630,142942,2018160,33747477,856592,1206238,0,-7158861,917,313377,0,0,6015829,7031215,17915906,0,0,0,113226,6196363,1820284,6550424,2154336,14764826,5758633,870926,1318077,7414460,11136921,2401106,588458,885039,1117607,1541530,10790290,0,21552435,378272,8555902,618713,41895612,5228484,0,32024494,4642634,41895612,1938023,22824354,14335559,41561431,20008996,0,0,32288870,32817494,793000,46942,82226,407,295,166,565562,67543,633105,73,1,54792,167379,136790,15148,40384,79163,48375,3832,11132,8567,117559,57671,232900,0,86506,25936,44990,0,133038,63758,261756,0,96568,28586,49399,0,,2003
106070934,sutter delta medical center,1/1/2003,12/31/2003,365,audited,excl. ind. audit,contra costa,05,0411,non-profit,general,comparable,,(925)779-7200,3901 lone tree way,antioch,94509-6200,linda horn,ceo,virginia lapid,sutter delta medical center,0,05-0523,hsc00523f,,111,111,111,10158,0,4804,0,0,526,9416,469,1045,26418,2113,0,1381,0,0,166,3125,165,366,7316,111,0,0,0,0,0,26418,0,0,0,0,0,7316,0,0,0,0,0,65.2,65.2,3.6,3.6,0,0,0,10865,0,15417,0,0,4955,24196,6618,8950,71001,49523,0,0,26554,0,3,210835,230060,1397,3569,8553,282915202,185661622,136391,97389971,472428,77963974,19898425,1999297,684142,0,0,21213580,91930324,24492324,166492554,82339547,0,25641417,0,0,4161225,68538037,5526942,11645750,197852918,17996163,0,11438410,0,0,8132426,39995334,2341900,5158051,85062284,76409850,0,34865052,0,0,0,3428851,58992182,2059073,0,7459834,0,2446780,0,0,0,136391,23911447,0,2210657,0,0,8800969,49599335,409008,12458555,0,-10447477,0,681298,0,0,17177203,5671226,22305885,0,0,0,0,10200417,4747360,12904775,4957108,25044054,16129549,219184,3509001,10241167,13436553,4194005,490874,1143859,1003800,2551928,18445431,48177066,32262138,4342301,4054430,0,107281366,5774925,576341,49664948,51265152,107281366,2692150,31234221,38127469,74501840,42239702,0,0,49919948,49919948,255000,213006,331252,643,479,155,883444,153798,1037242,245,0,58711,181202,223589,55287,29164,187031,76832,31712,26088,13828,249554,98619,217259,0,138665,95340,84007,0,306352,115611,254394,0,158111,108705,94069,0,,2003
106171395,sutter lakeside hospital,1/1/2003,12/31/2003,365,audited,incl. ind. audit,lake,01,0115,non-profit,general,comparable,small/rural,(707)262-5000,5176 hill road east,lakeport,95453-6300,kelly mather,ceo,robert anderson,sutter health,0,05-0476,,zzr00476f,69,69,69,5815,0,1594,0,34,1695,0,0,139,9277,1339,0,536,0,14,617,0,0,54,2560,57,0,0,0,12,0,8038,0,0,0,1239,0,2313,0,0,0,247,0,36.8,36.8,3.6,3.5,0,0,0,45220,0,28809,0,2254,40418,0,0,5984,122685,16860,24005,14050,66794,0,4,142650,263595,764,2198,4432,127024298,73915577,0,53108721,581463,50155068,3535116,167705,0,0,0,3702821,20743843,17840640,88439815,34277140,0,8032447,0,1440847,12537148,0,0,2108559,58396141,28661804,0,11571079,0,1657752,22822312,0,0,3915210,68628157,44319638,0,15935826,0,0,1189282,9741895,0,2342077,0,164278,0,222581,0,0,0,0,18509020,0,3633349,0,1903887,25391328,0,0,3671137,0,591535,0,167705,0,0,7602538,7186385,15993083,0,0,0,0,5810193,1733416,8220394,3609059,20484314,6337054,1984162,1276420,6095803,5710897,3052330,409878,756591,1440732,2606887,14566983,2127278,30124648,799527,1036,216305,47835777,4972593,0,13003758,29859426,47835777,2789212,36659701,19351860,57570233,27445585,0,0,13486518,13581758,578000,0,135634,455,347,150,638021,96632,734653,58,0,77191,119307,144016,26444,33491,117252,50959,56481,9577,3303,133018,119306,175675,0,101398,44095,64529,0,152005,138601,202959,0,115133,50480,75475,0,,2003
106444012,sutter maternity & surgery center,1/1/2003,12/31/2003,365,audited,incl. ind. audit,santa cruz,08,0703,non-profit,specialty,comparable,,(831)477-2200,2900 chanticleer ave,santa cruz,95065,richard nichols,administrator,beth squire,sutter health,0,05-0714,,hsp30714f,30,30,27,1006,0,124,328,15,3416,0,7,38,4934,298,0,48,150,4,1428,0,6,27,1961,30,0,0,0,0,0,4934,0,0,0,0,0,1961,0,0,0,0,0,45.1,45.1,2.5,2.5,0,0,0,860,0,0,160,11,3945,0,11,71,5058,0,0,0,0,0,6,157435,278139,926,4634,0,47519841,24448899,0,23070942,580544,20088933,3562553,244518,154487,0,0,3652584,12733176,191952,34594713,5132557,0,538390,1769046,67414,19153762,0,79915,393973,27135057,3531683,0,0,477844,63178,15783325,0,64817,463937,20384784,5048417,0,287234,1786111,0,97482,15545032,0,1539891,0,144732,0,0,0,0,0,0,3335056,0,250831,370846,33031,18251069,0,0,830109,0,0,0,86490,0,0,3981467,67163,7515379,0,0,0,0,2931539,1016262,2869400,1707723,5581741,2879939,133179,917821,3711244,3229488,1047423,72711,259512,799580,1456295,10605836,0,14343918,527465,0,349385,25826604,1872424,0,17720353,6233827,25826604,7302430,14308652,5440651,22424231,8080313,0,0,18151752,18173972,453619,0,111396,173,108,0,200069,28101,228170,185,0,14583,26912,82529,181,15823,24404,32316,0,3321,0,61711,1059,63866,0,45482,8624,19327,0,69522,1175,73315,0,51233,9865,23060,0,,2003
106341051,sutter medical center - sacramento,1/1/2003,12/31/2003,365,audited,incl. ind. audit,sacramento,02,0311,non-profit,general,comparable,,(916)454-2222,2801 l street,sacramento,95816,tom gagen,ceo,sherry claborn,sutter health,0,05-0108,hsc00108f,,754,678,678,59274,22929,49573,8777,2504,4461,44590,1277,624,194009,9380,2540,5830,2205,551,919,9503,254,100,31282,556,0,0,0,198,0,139181,0,0,0,54828,0,29804,0,0,0,1478,0,70.5,78.40000000000001,6.2,4.7,42,9396,4454,50757,14648,24782,20624,2293,7199,72130,1458,8478,202369,61406,20315,0,88913,0,21,1450217,405179,9630,5424,17565,2188234046,1677390860,42689076,553532262,13924069,497235380,70220951,12029576,5626979,0,0,76623548,513140435,103351779,1571741832,592528647,148331245,315984962,79240154,29794449,63215523,556081227,10270924,6977125,1802424256,91908745,29314952,40161234,31973436,5787604,14863902,157155414,2160365,12484138,385809790,568179281,171111032,298864396,75624223,0,30345443,50815311,434666875,29225453,0,11070227,0,7488619,14840436,0,0,27848640,111642194,18366839,54027372,35524958,5236610,24868628,292714853,1361062,9789746,0,-29618764,924954,9490201,0,0,115927066,19593230,175019668,0,0,3519192,1181350,67756059,15929902,81695514,16613399,162097031,76426338,9974610,27932420,93964573,76340485,18634723,3077584,5562122,9897853,13327641,114197942,156230355,126639844,18201962,83218349,4566157,503054609,40146938,0,260273438,202634233,503054609,5084077,212539253,155282359,392346351,265706507,0,0,252424138,260846150,572712,3845816,4426826,4312,3215,2164,6355563,708807,7064370,966,15,409916,1631390,1549777,174873,635961,840853,417602,319049,359401,16741,2552706,337804,1652699,67133,991124,156329,597768,0,2805156,369973,1861266,74933,1111011,174816,667215,0,,2003
106490919,sutter medical center of santa rosa,1/1/2003,12/31/2003,365,audited,incl. ind. audit,sonoma,03,0401,non-profit,general,comparable,teaching,(707)576-4200,3325 chanate road,santa rosa,95404-1707,mike cohill,ceo,robin aguillon,sutter health,0,05-0291,,zzr00291g,175,157,157,15813,13,10806,0,2629,1198,8447,934,1087,40927,2164,5,2696,0,451,310,2232,67,245,8170,135,30,0,0,10,0,28203,9491,0,0,3233,0,6921,999,0,0,250,0,64.09999999999999,71.40000000000001,5,4.8,10,3035,1419,19389,57,51714,0,6887,8782,26164,22,9409,122424,28370,43070,0,51176,1475,5,176161,183835,1599,2162,5973,262907726,163870312,8814438,107851852,8090630,114925957,1016525,180389,119869,0,0,1077045,63669578,31478427,167759721,85717443,130958,41422270,0,11958480,7164918,44462752,1371971,3410654,195639446,11715654,31090,18980193,0,2984858,5354711,23257415,24203,4920156,67268280,64830557,103098,33329008,0,-3791240,9907899,6195047,38352645,8122314,0,6820984,0,0,0,0,0,8814438,32602540,58950,25439885,0,5035439,6324582,38181960,0,208496,0,0,0,0,0,0,26782169,7655542,38353802,2692692,0,0,5574509,13511025,4148664,11750359,4457195,38818550,17984998,6869603,4608830,15561029,20600273,4134356,712900,1381347,1240667,3013404,26736249,0,21350529,380398,1083167,213641,49763984,12420025,0,13614242,23729717,49763984,824723,0,21774338,35192151,13841622,0,0,13297484,13614242,0,0,382546,1199,733,496,1398111,189071,1587182,369,36,92628,257687,369751,24806,71108,277000,123273,119296,52232,10330,357146,152487,372261,69866,223640,99605,123106,0,401295,174379,427748,77964,254034,111514,140248,0,,2003
106311000,sutter roseville medical center,1/1/2003,12/31/2003,365,audited,incl. ind. audit,placer,02,0309,non-profit,general,comparable,,(916)781-1000,one medical plaza,roseville,95661-3037,pat brady,ceo,sherry claborn,sutter health,2,05-0309,hsc00309f,zzr00309f,180,180,180,17815,4585,5541,983,1269,2874,16607,564,828,51066,4154,1070,1510,292,251,771,4997,125,186,13356,180,0,0,0,0,0,51066,0,0,0,0,0,13356,0,0,0,0,0,77.7,77.7,3.8,3.8,30,4806,2588,63106,16184,19592,13155,1787,20720,110699,1199,15576,262018,48199,22368,0,195304,0,8,572323,321655,4392,4667,17601,689968871,492039988,14541401,212470284,3056994,175375945,40151333,4999293,3189400,0,0,41961226,143761299,52006357,494201215,155539942,42744057,54009882,9842528,16169009,33179182,188489403,6409130,10743936,517127069,44038741,11240266,11118472,7306843,1216336,13229904,74890199,763053,9037988,172841802,160798754,49622517,56298415,13955349,0,14675841,23803706,145013119,17091034,0,7175551,0,3605702,6719929,0,0,7821472,36578415,10930012,8627254,3190490,2692100,22231089,123817501,-3368,4406791,0,-25734297,212410,3215775,0,0,36239778,10017964,64042930,0,0,0,270479,23965646,5461024,27954878,7423246,55423486,25366778,6582389,10624966,31402440,23961344,9955750,757147,2693340,4339461,4268844,46024572,53919227,100697660,15891124,25505591,0,242038174,21461671,0,137707321,82869182,242038174,3493372,87370258,44942417,160389713,59692053,0,0,134284808,140023990,2316669,0,127909,1465,1062,551,2123412,231214,2354626,229,6,123912,446937,577466,31718,216300,325167,230611,25031,106236,40034,697280,132334,693329,0,389720,58385,152364,0,774985,145115,771038,0,431267,63794,168427,0,,2003
106481094,sutter solano medical center,1/1/2003,12/31/2003,365,audited,excl. ind. audit,solano,03,0409,non-profit,general,comparable,,(707)554-4444,300 hospital drive,vallejo,94589-2517,beverly gilmore,administrator,linda a. doctor,sutter solano medical center,0,05-0101,,zzr00101f,111,111,111,11936,63,1078,4360,1496,4513,0,43,228,23717,2201,13,412,1149,319,1330,0,24,84,5532,102,0,0,0,9,0,20622,0,0,0,3095,0,5198,0,0,0,334,0,58.5,58.5,4.3,4,9,1699,921,10560,51,16994,25835,4193,20071,0,109,6301,84114,27191,15672,0,46163,1534,4,154864,148837,1650,2796,5278,265605562,192271246,7532555,80866871,261144,72280377,8847638,334982,6809,0,0,9175811,57000327,21654996,186950239,85029612,341041,8553903,34034451,11759231,41796218,0,1299998,1034397,183848851,20082570,85293,4578460,14769113,5713823,32253218,0,336619,3937615,81756711,80981264,254109,8834428,45254084,-881820,15711006,33535297,0,5226365,0,3155746,0,200767,0,6257738,1274817,0,24006720,167668,4539993,9549112,2984972,38764610,0,79226,774570,0,3048467,0,314268,0,0,13030602,4881954,24226050,2870781,0,0,0,11361550,2987410,9923045,2998985,24766484,12534390,3396108,2214426,9536793,12425891,3160260,211771,937060,833556,2263638,17715085,10784541,18845401,10840963,475939,576164,59238093,11518084,1032892,23364672,23322445,59238093,1426119,27605849,23767517,55692507,36847106,0,0,23364672,23364672,0,0,348762,674,412,306,876859,4275,881134,244,0,68128,207529,248739,26648,62019,160987,70027,8718,16572,7492,246557,75914,248108,0,139119,79963,87198,0,248354,76201,249860,0,139425,80001,87293,0,,2003
106391056,sutter tracy community hospital,1/1/2003,12/31/2003,365,audited,excl. ind. audit,san joaquin,06,0509,non-profit,general,comparable,,(209)385-1500,1420 north tracy boulevard,tracy,95376-3451,gary rapaport,ceo,linda willingham,sutter health,0,05-0313,hsc00313f,zzr00313f,79,79,79,7192,0,1583,548,0,5767,0,68,380,15538,1447,0,370,259,0,2258,0,20,116,4470,79,0,0,0,0,0,15538,0,0,0,0,0,4470,0,0,0,0,0,53.9,53.9,3.5,3.5,8,1355,667,11984,0,3575,5425,0,43199,0,249,3382,67814,24735,0,0,33152,0,2,193973,430413,3195,11810,6533,204429546,136127191,0,68302355,507435,51517249,17292541,1594360,904488,0,0,17982413,32465331,12130388,159833827,48579736,0,12672129,4207761,0,45676444,0,607913,2742527,114486510,17689728,0,3348427,4579293,0,61368745,0,199998,2756845,89943036,56646031,0,15353454,7607697,0,0,51659221,0,3460639,0,891406,0,508743,0,0,0,0,9623433,0,667102,1179357,0,53888841,0,85785,2857837,0,-8400000,0,1090580,0,0,9818091,3413054,17953945,0,0,0,0,7320670,2575577,6338917,4096995,19716608,7668902,818583,1586159,6133757,4895548,2848779,361407,653647,1107492,5726367,15957833,27165428,15818537,15267277,0,451236,74660311,5527601,0,33526044,35606666,74660311,544835,22870473,21389607,45513914,29695377,0,0,33728257,33873044,347000,0,237664,509,387,248,741894,82467,824361,195,0,60940,143928,190492,11670,58748,166928,88748,0,20440,0,197578,47153,229447,0,128173,37975,90684,10884,220370,52116,252490,0,144672,42036,101211,11466,,2003
106491103,sutter warrack hospital,1/1/2003,12/31/2003,365,audited,incl. ind. audit,sonoma,03,0401,non-profit,general,comparable,,(707)576-4200,2449 summerfield road,santa rosa,95405-7815,mike cohill,ceo,robin aguillon,sutter health,0,05-0728,,hsp30728f,63,37,37,4105,0,171,0,136,122,985,0,34,5553,757,0,30,0,23,36,207,0,9,1062,63,0,0,0,0,0,5553,0,0,0,0,0,1062,0,0,0,0,0,24.1,41.1,5.2,5.2,0,0,0,6269,2,2650,0,529,1490,10209,0,1055,22204,6538,0,0,14536,0,4,40051,166293,337,1616,1426,53499816,35212387,0,18287429,372351,23691527,-5031747,0,0,0,0,-5031747,6598903,5020705,41880208,18142355,0,646588,0,483781,855455,5590567,0,171114,25889860,7087718,982,1629201,0,343543,2316164,14700037,0,1532311,27609956,18766849,793,1621640,0,0,611039,1189310,11499895,1522861,0,0,0,0,0,0,0,0,6463224,189,654149,0,216285,1982309,8790709,0,180564,0,0,0,0,0,0,3321062,1247113,10860014,0,0,0,0,3113943,1095101,2548090,1506204,7890979,3689910,867976,1681403,4252645,2600913,737056,113172,329268,0,1528205,3199276,0,9952825,175548,0,708334,14035983,2107872,0,50862,11877249,14035983,389241,5531138,3987567,11589714,1636889,0,0,0,50862,0,0,78860,339,144,116,282015,39261,321276,281,0,24361,65042,68517,3981,17571,58940,15894,5838,10516,11355,62341,16368,109181,0,38943,27226,27956,0,72218,18321,124159,0,44422,30559,31597,0,,2003
106514001,sutter-yuba - phf,7/1/2002,6/30/2003,365,audited,excl. ind. audit,sutter,02,0227,city/county,psychiatric,phf,,(530)822-7200,1965 live oak blvd.,yuba city,95991-8828,joan hoss  lcsw,assistant director,keith crane,county of sutter,0,,,zzt70681z,16,16,16,0,0,2692,0,0,1526,0,0,0,4218,0,0,297,0,0,153,0,0,0,450,0,16,0,0,0,0,0,4218,0,0,0,0,0,450,0,0,0,0,72.2,72.2,9.4,9.4,0,0,0,0,0,0,0,0,0,0,0,0,0,0,0,0,0,0,0,0,0,0,0,0,2509685,0,0,2509685,0,2509685,0,0,0,0,0,0,2509685,0,0,0,0,0,0,0,0,0,0,0,0,0,0,0,0,0,0,0,0,0,0,0,0,0,0,0,0,0,0,0,0,0,0,0,0,0,0,0,0,0,0,0,0,0,0,0,0,0,0,0,0,0,0,0,0,0,0,0,0,0,0,0,0,0,0,0,0,0,0,0,0,0,0,0,0,0,0,0,0,0,0,0,0,0,0,0,0,0,0,0,0,0,0,0,0,0,0,0,0,0,0,0,0,0,0,2,0,0,0,0,0,0,0,0,0,0,0,0,0,0,0,0,0,0,0,0,0,0,0,0,0,0,0,,2003
106291053,tahoe forest hospital,7/1/2002,6/30/2003,365,audited,incl. ind. audit,nevada,02,0302,district,general,comparable,small/rural,(530)587-6011,10121 pine avenue,truckee,96160,robert schapper,ceo/administrator,ron curtis,tahoe forest hospital district,0,05-0494,,zzr00494f,72,72,66,2750,64,11896,0,11,687,1944,0,1066,18418,600,30,280,0,11,293,760,0,142,2116,35,0,0,0,37,0,6192,0,0,0,12226,0,2090,0,0,0,26,0,70.09999999999999,70.09999999999999,8.699999999999999,3,10,913,473,22880,578,9738,0,688,29507,37772,0,22232,123395,16472,24046,5944,74333,0,4,147689,180660,751,1461,3025,69389539,25793294,0,43596245,724232,45513336,-1192859,8997225,4030954,0,0,3773412,10257817,6254133,52877589,10723287,353517,5900321,0,39275,2972014,11005286,0,2783083,33776783,6154156,74594,1856495,0,119940,5070247,16728007,0,5609317,35612756,8622341,218713,4195398,0,0,-171370,0,8790361,3707502,0,430349,0,0,0,0,0,0,7793888,165649,3304488,0,330585,5547113,18614077,0,7840445,0,0,1629361,645643,2838577,0,5849829,5087125,15347152,0,0,0,0,7138610,3058301,6260905,2771414,16298822,10940724,0,3658146,4796570,3270145,2926681,332994,237882,1224155,1827217,21536029,15981535,27605950,7679485,1722630,0,74525629,10211377,0,30839982,33474270,74525629,4598934,29922793,24015280,59416473,31810523,540014,0,30795000,31335014,495032,0,0,518,414,225,735206,135006,870212,62,0,102171,130645,139448,12937,48808,196401,59020,37673,8103,0,130853,75624,168659,0,120162,82609,93577,63722,161253,86272,210406,0,142604,93993,106238,69446,,2003
106190782,tarzana treatment center,7/1/2002,6/30/2003,365,audited,incl. ind. audit,los angeles,11,0905,non-profit,specialty,comparable,,(818)996-1051,18646 oxnard st,tarzana,91356-1411,scott taylor,president,silvia cadena & stuart barney,tarzana treatment center  inc.,0,,hsc31408i,,60,60,60,0,0,0,0,11902,4501,0,0,0,16403,0,0,0,0,1455,948,0,0,0,2403,0,0,60,0,0,0,0,0,16403,0,0,0,0,0,2403,0,0,0,74.90000000000001,74.90000000000001,6.8,6.8,0,0,0,0,0,0,0,84385,9127,0,0,0,93512,0,0,0,0,0,0,0,0,0,0,0,12617968,1117923,0,11500045,0,13664727,-2164682,24038555,19974221,0,0,1899652,8201500,4416468,0,0,0,0,0,5951000,2250500,0,0,0,8201500,0,0,0,0,4045045,371423,0,0,0,4416468,0,0,0,0,0,1033921,84002,0,0,0,0,0,0,0,0,0,0,0,0,0,0,8962124,2537921,0,0,0,0,0,0,0,0,0,7574113,4016947,0,0,0,0,0,726494,670345,344635,332193,6355131,1278771,0,797433,855614,378717,262030,1169662,140862,52074,2374433,11289536,0,5781153,0,2144542,101582,19316813,5221823,0,2869987,11225003,19316813,4949341,0,2802220,8891993,3110840,0,713522,0,3065024,195037,0,0,477,387,47,764519,44687,809206,2,0,59453,218512,33202,11573,6799,169320,42377,218737,3741,805,186366,28070,0,0,80324,37628,42035,390096,190159,28643,0,0,83274,38473,42886,425771,,2003
106150808,tehachapi hospital,7/1/2002,6/30/2003,365,audited,incl. ind. audit,kern,09,0623,district,general,comparable,small/rural,(661)822-3241,115 west e st.,tehachapi,93561,ray hino,ceo,rodney a. phillips cpa,tehachapi valley healthcare district,0,05-0446,,zzt30446f,25,25,25,516,0,5606,0,0,541,0,0,500,7163,38,0,36,0,0,31,0,0,2,107,3,0,0,0,22,0,217,0,0,0,6946,0,85,0,0,0,22,0,78.5,78.5,66.90000000000001,2.6,0,0,0,11693,0,5383,0,92,26122,0,0,3232,46522,8966,8508,0,29160,0,1,0,875,0,11,393,15095336,7263102,0,7832234,52921,8050482,-165327,478153,0,0,0,312826,2312686,4750298,8032352,440514,0,1842992,0,0,407349,0,0,193041,2883896,3189290,0,1009288,0,30680,7027299,0,0,954883,12211440,1659079,0,2494931,0,-58418,0,2552648,0,608054,0,6808,0,0,0,0,0,0,1970725,0,415767,0,30680,4882000,0,0,533062,0,0,18398,7421,395466,0,967544,1426695,2331075,0,0,0,0,1288255,743780,884777,408356,3957571,944652,521106,242233,935519,565792,229179,70531,128143,38693,417063,1662344,0,942658,0,83885,0,2688887,1505195,0,348243,835449,2688887,485139,1185368,2584934,4110829,3168171,0,0,0,636993,288750,0,0,130,101,35,191119,23162,214281,59,0,22684,21273,28841,12605,20019,51157,28541,1098,2311,2590,32924,29438,41199,0,38675,30231,18652,0,35207,32311,44469,0,43087,33161,26046,0,,2003
106314029,telecare placer county p.h.f,7/1/2002,6/30/2003,365,audited,excl. ind. audit,placer,02,0309,investor,psychiatric,phf,,(916)787-8900,101 cirby way drive,roseville,95661,david crosby,administrator,hoi le,telecare corporation,0,,,,16,16,16,0,0,2733,0,2053,0,0,0,0,4786,0,0,218,0,226,0,0,0,0,444,0,16,0,0,0,0,0,4786,0,0,0,0,0,444,0,0,0,0,82,82,10.8,10.8,0,0,0,0,0,0,0,0,0,0,0,0,0,0,0,0,0,0,0,0,0,0,0,0,2088300,0,0,2088300,0,1975513,112787,0,0,44617,0,68170,2088300,0,0,0,0,1194695,0,893605,0,0,0,0,2088300,0,0,0,0,0,0,0,0,0,0,0,0,0,0,0,0,0,0,0,0,0,0,0,0,0,0,0,0,0,1194695,0,893605,0,0,0,0,0,0,0,0,0,0,1083227,0,0,0,0,0,0,334268,47086,477637,33295,1014233,327255,0,4708,47920,336765,6442,0,25859,0,212331,315617,0,36173,0,0,0,351790,190901,0,0,160889,351790,0,0,47280,49068,12895,0,0,0,0,0,0,73069,28,28,18,53479,5082,58561,9,0,3616,6090,9166,6130,21342,7135,0,0,0,0,40873,0,0,0,4699,1920,5987,0,44587,0,0,0,5116,2080,6778,0,,2003
106484028,telecare solano - phf,7/1/2002,6/30/2003,365,audited,excl. ind. audit,solano,03,0408,investor,psychiatric,phf,,(707)435-2130,2101 courage drive,fairfield,94533,linda reese,administrator,dave wytock,telecare corporation,0,05-4141,,hsp34141f,16,16,16,1203,0,330,1340,664,393,0,0,6,3936,115,0,45,108,100,73,0,0,1,442,0,16,0,0,0,0,0,3936,0,0,0,0,0,442,0,0,0,0,67.40000000000001,67.40000000000001,8.9,8.9,0,0,0,0,0,0,0,0,0,0,0,0,0,0,0,0,0,0,0,0,0,0,0,0,2810304,489000,0,2321304,0,2856595,-535291,0,0,-52850,0,-482441,2810304,0,0,858942,0,235620,956760,474096,280602,0,0,4284,2810304,0,0,0,0,0,0,0,0,0,0,305657,0,19800,0,0,38640,40460,0,84443,0,0,0,0,0,0,0,0,468842,0,215820,956760,435456,240142,0,0,4284,0,0,0,0,0,0,1378530,0,0,0,0,0,0,253217,34964,965102,224782,1130527,372472,0,203547,48290,475753,12229,57028,36469,0,520280,1059051,0,45562,0,0,0,1104613,1746941,0,0,-642328,1104613,0,0,40875,74232,28670,0,0,0,0,0,0,1460939,31,31,20,58363,6024,64387,9,0,6936,3687,8333,5787,26508,7112,0,0,0,0,44029,0,0,0,1943,2304,10087,0,48451,0,0,0,2039,2656,11241,0,,2003
106190784,temple community hospital,1/1/2003,12/31/2003,365,audited,excl. ind. audit,los angeles,11,0925,investor,general,comparable,,(213)382-7252,235 no. hoover st.,los angeles,90004-3627,herbert g. needman,president/ceo,keith l. reed c.p.a.,temple hospital inc.,0,05-0111,hsc30111f,zzt30111f,170,170,130,13510,0,10185,197,0,1304,283,0,45,25524,2057,0,1121,44,0,351,82,0,14,3669,150,0,0,0,20,0,21635,0,0,0,3889,0,3663,0,0,0,6,0,41.1,41.1,7,5.9,0,0,0,2984,0,1068,103,0,640,358,0,104,5257,0,0,0,1798,0,7,182485,191855,2262,3459,0,100610544,63067844,0,37542700,53709,35982305,1614104,26134,265,27000,0,1612973,23808404,0,76802140,42065416,0,25662886,464820,0,11009626,1169860,0,452875,80825483,11335130,0,4325584,546904,0,2349153,607883,0,620407,19785061,31658218,0,22970165,302147,0,0,6263354,437005,1034538,0,0,0,402417,0,0,0,0,21528738,0,6441861,705531,0,6463952,1333628,0,1068990,0,0,0,12192,0,0,8413068,0,12584511,0,0,0,0,4757061,959288,7450183,1818194,12195476,4641192,461275,3284105,5789489,5096786,537510,767432,642966,171324,2394750,5502978,0,6660731,0,84755,0,12248464,5998275,0,3193301,3056888,12248464,45345,5314823,5704026,11600849,4940118,3850301,0,0,3850301,657000,0,0,426,318,140,619187,65045,684232,49,0,50865,123987,146612,39283,65943,99649,24469,44705,10515,13159,204841,0,159982,0,147211,31162,75991,0,228017,0,176069,0,160849,35231,84066,0,,2003
106010782,thunder road chemical depndcy rcvry hosp,1/1/2003,12/31/2003,365,audited,incl. ind. audit,alameda,05,0417,non-profit,specialty,comparable,,(510)653-5040,390 - 40th street,oakland,94609-2633,tom gerstel,administrator,bharatha naotunne,adolescent treatment centers  inc.,0,,,,50,50,45,0,0,0,0,8148,5881,0,0,388,14417,0,0,0,0,104,194,0,0,16,314,0,0,50,0,0,0,0,0,14417,0,0,0,0,0,314,0,0,0,79,79,45.9,45.9,0,0,0,0,0,0,0,0,0,0,0,598,598,0,0,0,0,0,0,0,0,0,0,0,4452543,1849274,0,2603269,2294304,4854302,43271,146622,0,0,0,189893,4345684,100145,6714,0,0,0,0,1503473,2687113,0,0,161812,4352398,0,0,0,0,0,0,0,0,100145,100145,0,0,0,0,0,616499,1060753,0,172022,0,0,0,0,0,0,0,0,0,0,0,0,886974,1626360,0,0,89935,0,47735,134001,-424,0,0,3069617,52735,9030,0,0,0,0,536727,626340,310721,249132,2179849,814824,305213,84229,720543,194031,100177,130628,105460,0,219348,1703651,0,308686,0,0,0,2012337,449602,0,0,1562735,2012337,454577,62903,620414,1220252,911566,0,0,0,0,0,0,0,71,70,0,123969,22510,146479,4,0,9758,27776,3966,0,55647,18151,7947,724,0,0,83791,3677,0,0,11046,20291,5164,0,99466,3989,0,0,13644,23373,6007,0,,2003
106191225,tom redgate memorial recovery center,7/1/2002,6/30/2003,365,audited,excl. ind. audit,los angeles,11,0933,non-profit,specialty,comparable,,(310)599-8444,1775 chestnut street,long beach,90813-1674,bob worrell,administrator,andrew e. worrell,behavioral health services  inc,0,,,,63,63,63,0,0,0,0,19091,0,0,0,0,19091,0,0,0,0,1079,0,0,0,0,1079,0,0,63,0,0,0,0,0,19091,0,0,0,0,0,1079,0,0,0,83,83,17.7,17.7,0,0,0,0,0,0,0,0,0,0,0,0,0,0,0,0,0,0,0,0,0,0,0,0,3227468,76138,0,3151330,61534,3509403,-296539,0,0,0,0,-296539,3227468,0,0,0,0,0,0,3227468,0,0,0,0,3227468,0,0,0,0,0,0,0,0,0,0,0,0,0,0,0,76138,0,0,0,0,0,0,0,0,0,0,0,0,0,0,0,3151330,0,0,0,0,0,0,0,0,0,0,1319417,0,0,0,0,0,0,667732,123594,1168132,230528,1550215,421763,0,405784,213746,591183,75834,9613,20306,77434,143525,837599,0,2145082,0,1000,0,2983681,4096964,0,0,-1113283,2983681,205955,3063023,172246,3824542,1679460,0,0,0,0,0,0,2545797,0,52,9,95965,11429,107394,0,0,13095,7599,8572,10472,0,12485,16438,27304,0,0,58869,0,0,0,21289,6447,9360,0,65084,0,0,0,23409,7320,11581,0,,2003
106190422,torrance memorial medical center,1/1/2003,12/31/2003,365,audited,excl. ind. audit,los angeles,11,0931,non-profit,general,comparable,,(310)325-9110,3330 lomita boulevard,torrance,90505-5002,george graham,president,michelle neeno,torrance hospital association,0,05-0351,,zzt30351f,377,355,259,29433,16054,6041,1037,0,820,39354,10,1538,94287,5153,4399,1317,291,0,203,11014,6,467,22850,337,0,0,0,40,0,81485,0,0,0,12802,0,21496,0,0,0,1354,0,68.5,72.8,4.1,3.8,28,9076,3744,36512,32736,3849,4168,0,2680,154360,10,10524,244839,60002,0,21038,152035,0,8,2021580,537360,7203,9587,24728,874653457,696561429,65697524,243789552,0,239592872,4196680,11859600,0,0,0,16056280,175942275,40179615,658531567,182515389,118442345,37833339,5974270,0,5281506,259200731,49781,12145606,621442967,45994750,45013464,3327903,2534242,0,3292412,145675004,37916,7334799,253210490,171708049,157064671,34305389,6588973,0,0,5044749,300015749,8340000,0,4088683,0,9405166,31292845,0,0,34404679,56572459,37621863,6813251,1874812,0,3479987,134949715,0,2477465,0,0,0,0,0,0,42586554,11590755,104011868,0,0,0,0,40520559,5999872,17272233,17611031,91259490,33602324,0,8742534,52321072,20133204,15586797,4363588,1856000,3877478,7850385,51760336,246281414,95782002,33779165,1461498,0,429064415,86142601,0,97790000,245131814,429064415,8267073,182122658,83624436,271745023,175963021,0,0,99050000,99050000,1260000,0,0,2455,1990,900,3934445,430558,4365003,197,0,296863,758062,957350,46734,284079,772253,337663,254605,134952,91884,1053022,266384,1248208,0,812390,246190,308251,0,1157784,292922,1395490,0,900902,278683,339222,0,,2003
106370780,tri-city medical center,7/1/2002,6/30/2003,365,audited,incl. ind. audit,san diego,14,1414,district,general,comparable,,(760)724-8411,4002 vista way,oceanside,92056,dr. arthur gonzalez,president,ruth turner,tri-city hospital district,0,05-0128,hsc30128f,zzt30128f,397,397,208,23556,15652,7539,1836,0,1976,16370,2267,4848,74044,4189,3736,1881,539,0,476,4637,399,865,16722,326,29,0,10,32,0,65399,6684,0,1777,184,0,15870,682,0,142,28,0,51.1,51.1,4.4,4.4,38,4974,3107,63948,27814,11448,8242,0,28249,48157,571,19367,207796,54051,10285,31786,96453,0,12,906780,597300,5582,5559,30812,522305012,391376248,48755289,179684053,2941461,190298350,-7672836,10697106,56761,0,0,2967509,91987675,37091469,393225868,105338489,91445045,23546323,6241762,0,12160514,82668976,8868825,18617624,348887558,41683029,37046927,8787309,6298566,0,13043570,56397790,386053,9774210,173417454,98116825,125686221,29182531,8647821,0,0,10000993,93916285,14694203,0,2605359,-15509,8541519,36804670,0,0,11950619,48890554,39609944,2285847,3889803,0,15197328,57097711,102567,12610299,0,0,2077338,3261763,4711746,0,33103463,17154919,76653710,0,0,0,0,23213828,6559009,20909217,12704204,70358651,26742869,4114058,9201008,40840923,12809058,10535446,2174529,1053157,5136559,7332092,59839288,68262670,80291697,11734237,835448,1302655,222265995,37473079,0,78859971,105932945,222265995,22902632,132361528,88186473,228780874,148489177,0,382723,83538392,83921115,5061144,0,0,2053,1558,670,2958686,446384,3405070,508,0,250775,669252,678886,75716,207024,601324,259579,52102,133475,30553,775815,328254,854990,0,488064,205453,306110,0,901422,378294,990459,0,554768,231381,348746,0,,2003
106190159,tri-city regional medical center,1/1/2003,12/31/2003,365,audited,excl. ind. audit,los angeles,11,0921,non-profit,general,comparable,,(562)860-0401,21530 south pioneer boulevard,hawaiian gardens,90716,arthur gerrick,ceo,catherine matsuda,tri city regional medical center,0,05-0575,,hsp34099g,137,137,137,7056,0,2506,0,0,1010,1266,0,709,12547,1555,0,554,0,0,231,278,0,157,2775,137,0,0,0,0,0,12547,0,0,0,0,0,2775,0,0,0,0,0,25.1,25.1,4.5,4.5,0,0,0,1884,0,722,0,0,5130,1665,0,1157,10558,5644,1626,0,3993,0,6,138169,74473,1307,1484,1509,127017973,87791103,0,39226870,217903,37370576,2074197,2717038,0,0,0,4791235,18276270,14541563,94200140,42168677,0,13557154,0,0,11085868,10754840,0,8820808,86387347,8133267,0,2102657,0,0,24792603,3361436,0,2240663,40630626,40736158,0,15346615,0,0,0,18388088,7234738,3938407,0,0,0,2147097,0,0,0,0,9565786,0,313196,0,0,17490383,6881538,0,4975967,0,0,581484,34527,0,0,4166152,2344309,9511635,0,0,0,0,3638316,4498155,10496675,2715334,9968710,2607453,838490,8191549,5806980,5376408,494468,1223465,362981,1013902,1486170,17820003,0,2783686,44353,0,0,20648042,12599384,0,7415858,632800,20648042,3218986,0,6472246,6560289,3776603,0,619132,0,11361639,3945781,0,0,296,251,106,493027,35518,528545,86,0,48140,107696,108150,27996,32691,110051,50837,0,7466,0,133987,26626,104338,0,103555,62228,62293,0,143086,28593,110641,0,112389,67728,66108,0,,2003
106531059,trinity general hospital,7/1/2002,6/30/2003,365,audited,excl. ind. audit,trinity,01,0207,city/county,general,comparable,small/rural,(530)623-5541,north taylor street,weaverville,96093,george koortbojian,administrator,jennifer floyd,trinity hospital,0,05-0392,,hsp30392h,65,50,40,2118,0,8318,0,31,191,0,0,481,11139,243,0,71,0,14,50,0,0,34,412,39,0,0,0,26,0,2072,0,0,0,9067,0,392,0,0,0,20,0,47,61,27,5.3,0,0,0,7337,0,4795,0,651,6351,0,0,1761,20895,4795,3817,2199,10150,0,1,7588,11963,54,181,722,16217772,6729407,0,9488365,76135,10767387,-1202887,383326,376147,0,0,-1195708,3501273,3302855,9413644,3441763,0,3637640,0,118024,492338,0,0,500521,8190286,2835872,0,1612387,0,334553,2394053,0,0,850621,8027486,2488068,0,2389992,0,-22650,351050,759754,0,754375,0,0,0,8818,0,0,0,0,3789567,0,2882685,0,101527,2126637,0,0,587949,0,0,0,365,0,313000,2082171,2011714,2635653,0,0,0,0,1780975,790503,1281893,184478,3928631,2181649,601846,857415,1166480,1115086,335221,78734,102612,56527,343186,1936599,0,3191926,0,0,0,5128525,3576883,52557,201936,1297149,5128525,0,2533077,3194770,5727847,2535921,0,0,0,247737,45801,0,0,117,109,58,202801,30284,233085,42,0,22519,46207,29335,8314,51306,18786,0,20638,1274,4422,68521,35631,34604,0,18462,24110,21473,0,78275,40470,38579,0,21222,28491,26048,0,,2003
106540816,tulare district hospital,7/1/2002,6/30/2003,365,audited,incl. ind. audit,tulare,09,0611,district,general,comparable,,(559)688-0821,869 cherry avenue,tulare,93274-2207,robert montion,administrator,rick jackson,tulare local health care district,0,05-0359,,zzt30359f,112,112,112,8827,0,3643,2117,521,3369,0,0,734,19211,1831,0,1012,760,248,1156,0,0,294,5301,112,0,0,0,0,0,19211,0,0,0,0,0,5301,0,0,0,0,0,47,47,3.6,3.6,6,1931,975,28804,0,17727,11899,1213,29044,0,0,8810,97497,27596,0,7336,65990,0,3,164083,280393,1835,3405,6300,91779703,47252738,0,44526965,411506,45446384,-507913,2287984,0,0,0,1780071,14028523,9423016,68328164,23186444,0,10267654,6135550,1403478,7764618,0,0,1947224,50704968,11489305,0,7427959,4552620,419670,13558320,0,0,3626861,41074735,17513209,0,10545325,6573292,-1619994,924886,9268864,0,2618228,0,1428928,0,0,0,0,0,0,17162540,0,8770282,4114878,898262,12054074,0,0,1526929,1075786,0,0,1049738,862749,0,7456421,3389292,17889918,0,0,0,0,5894421,1968909,6298066,2549357,17861461,8000524,0,2571826,8012637,3113886,2753287,154221,384657,855363,1738522,14797689,19030285,20328567,1882713,0,1467668,57506922,9128941,0,26783093,21594888,57506922,8995487,26892123,18030199,48577678,28249111,156536,3135348,19495000,27976191,1193098,0,5189307,525,483,147,907482,110499,1017981,80,0,88297,159837,187979,36940,81621,235068,88690,16557,0,12493,215791,90217,258096,0,153452,88355,101571,0,237384,98494,292342,0,169341,98852,121568,0,,2003
106551061,tuolumne general hospital,7/1/2002,6/30/2003,365,audited,excl. ind. audit,tuolumne,06,0513,city/county,general,comparable,small/rural,(209)533-7144,101 e. hospital rd.,sonora,95370-5227,barry woerman,ceo,rodney a. phillips cpa,county of tuolumne,0,05-0325,hsc00325f,zzr00325f,80,80,80,3316,0,14514,0,755,1629,0,0,734,20948,726,0,500,0,170,206,0,0,145,1747,25,16,0,0,39,0,4488,2839,0,0,13621,0,1118,475,0,0,154,0,71.7,71.7,12,4.6,0,0,0,36862,0,32975,0,7289,24713,0,0,11225,113064,12303,27203,12244,47000,0,2,30992,40357,310,435,2494,63271144,40473999,0,22797145,324805,26519808,-3397858,4570329,457253,0,0,715218,14283980,10305636,38681528,12358607,0,10422780,0,2751293,3803802,0,0,2312542,31649024,10691843,0,7486231,0,2241718,8501446,0,0,2700882,31622120,15724920,0,10220578,0,-674715,3918400,7281117,0,3468606,0,483855,0,51238,0,0,0,0,7325530,0,8363148,0,1074611,4972893,0,0,1060963,0,0,84236,0,0,4325000,4627566,7627394,6058926,0,0,0,0,3208099,1423862,2480109,1093852,10539108,5301601,1524504,329294,3212344,2937460,824254,274008,456155,326486,794594,3253457,0,4491635,166626,10417,0,7922135,7380664,0,1920491,-1379020,7922135,1999,5851300,8422109,14584409,10092774,0,0,1142201,2182039,261548,0,0,350,271,150,504396,65026,569422,95,0,52798,114213,87480,29435,85019,99353,15237,15373,5447,41,132878,159246,72044,0,43122,43858,53248,0,146752,181257,82036,0,47451,49496,62430,0,,2003
106301357,tustin hospital medical center,9/1/2002,8/31/2003,365,audited,excl. ind. audit,orange,13,1015,investor,childrens,comparable,,(714)669-5880,14662 newport ave,tustin,92680,michael hartman,ceo,larry natsume,pacific health corporation,0,05-0560,hsc30560h,hsp30560i,177,177,177,1009,3,2487,2564,39,1872,480,224,8,8686,373,1,199,46,15,684,175,84,3,1580,135,0,0,0,42,0,4228,0,0,0,4458,0,1552,0,0,0,28,0,13.4,13.4,5.5,2.7,0,0,0,645,0,524,599,44,2518,4392,1377,78,10177,3622,1041,0,5549,0,5,62703,83073,371,883,573,59957954,46914312,0,13043642,290968,19373435,-6038825,0,0,-2657594,0,-3381231,10019994,1499517,48438443,4331547,40662,11846567,15826068,205681,11430499,4288311,1215298,120201,49304834,739463,0,422280,413936,22728,2211041,6003572,809487,30613,10653120,3254792,37882,10107220,14774311,0,212799,8237725,7908084,0,0,2241213,0,140286,0,0,0,0,1816218,2780,2131187,1439673,15610,5403815,1514081,709750,10528,0,0,0,0,0,0,3634366,732071,5260873,0,0,0,0,2848996,1006924,4779157,1111048,7988948,1360298,592445,1601518,2268026,2866457,393891,309643,154205,757115,1080889,8215054,0,6730180,0,0,107690,15052924,28456627,0,7741057,-21144760,15052924,0,4013552,2227716,8180618,1450438,0,2679,0,7778732,37675,0,5514716,254,172,58,341311,31674,372985,28,0,51741,73167,51871,29420,23440,63345,33444,0,13194,1689,97317,14835,84903,0,68621,37234,38401,0,109676,15812,90329,0,74619,39979,42570,0,,2003
106400548,twin cities community hospital,6/1/2002,5/31/2003,365,audited,excl. ind. audit,san luis obispo,08,0801,investor,general,comparable,small/rural,(805)434-3500,1100 las tables road,templeton,93465,mary jo gregory,ceo,remedios h. maglaya,tenet healthcare corporation,0,05-0633,hsc30633f,zzt30633f,84,73,73,13286,175,2101,29,286,300,5018,236,83,21514,2482,10,617,8,57,93,1721,74,26,5088,84,0,0,0,0,0,21514,0,0,0,0,0,5088,0,0,0,0,0,70.2,80.7,4.2,4.2,9,1295,636,18269,281,10873,288,670,2535,32848,472,5705,71941,31504,525,0,42134,0,3,212040,99120,1817,1286,5577,405263653,339389270,0,65874383,185783,46502936,19557230,158272,206664,0,0,19508838,69695355,16715352,318852946,173770344,2289020,25873683,437976,4974534,4639276,78351583,3644229,1280221,295260866,34822918,307655,12086233,304285,757210,2868123,51869696,533196,6453471,110002787,183013555,1949285,34882489,557204,0,4562854,5634342,97760160,5321166,0,4670893,0,1037322,0,0,0,0,25579707,647390,2583959,185057,1168890,1704391,29535480,0,4469509,0,0,0,0,0,0,8513888,3986845,17911144,0,0,0,0,5517876,3495254,5080356,1997573,16567504,5550889,1357971,2922804,9034369,6753748,1557166,124563,1112068,9230,1512624,10755596,0,20094587,4124248,71942926,96110,107013467,4866987,0,0,102146480,107013467,2839,17676794,19371367,38632832,18538245,0,0,0,0,0,71672629,0,448,334,261,646852,86843,733695,117,0,64095,134523,193548,3105,54874,135575,9643,11802,39411,276,209468,59333,199281,0,63605,50397,64768,0,237838,67800,228159,0,72068,57070,70760,0,,2003
106400548,twin cities community hospital,6/1/2003,12/31/2003,214,audited,excl. ind. audit,san luis obispo,08,0801,investor,general,comparable,small/rural,(805)434-3500,1100 las tables road,templeton,93465,rick lyons,ceo,remedios h. maglaya,tenet healthcare corporation,0,05-0633,hsc30633f,,84,84,72,6637,76,1544,17,210,123,2940,101,93,11741,1373,11,433,10,74,43,899,35,33,2911,84,0,0,0,0,0,11741,0,0,0,0,0,2911,0,0,0,0,0,65.3,65.3,4,4,9,708,346,10257,155,6454,274,434,1138,19288,151,3711,41862,19060,0,0,23291,0,3,113460,91680,982,1348,3497,234215007,197529383,0,36685624,146840,30317326,6515138,122733,170237,0,0,6467634,37849366,10222771,186142870,83827665,1328147,20172850,215844,3235778,1892688,47392289,1767679,1234128,161067068,22412039,175083,7982116,370868,520641,1368381,35670111,181393,4467307,73147939,94699396,1141254,26339680,445432,0,2745800,2475276,63063330,3973525,0,2208026,-48464,486128,0,0,0,0,11540308,361976,1555679,141280,1010619,725678,18467905,49117,2833062,0,0,0,0,0,0,5062652,2410934,10994643,0,0,0,0,3558876,2517280,3675168,2097773,10044921,4068346,771414,1570759,5495435,4930659,965180,49441,1505193,1069,914909,11868597,0,20785384,8684738,71522887,79926,112941532,5382083,0,0,107559449,112941532,31890,18206264,16682327,36473262,15687878,0,0,0,0,0,71252828,0,462,344,301,384102,53872,437974,75,0,37604,82005,117452,1659,32157,82048,5790,6843,18544,0,121688,35537,120571,0,37186,30873,38247,0,138598,40886,138756,0,42206,34882,42646,0,,2003
106190796,ucla medical center,7/1/2002,6/30/2003,365,audited,incl. ind. audit,los angeles,11,0927,non-profit,general,comparable,teaching,(310)825-5041,10833 leconte avenue,los angeles,90024,michael karpf,ceo,linda romov,regents of the university of california,1,05-0262,,zzt30262f,670,670,670,48451,4978,22383,3686,412,1898,80736,836,7267,170647,8002,759,3200,748,71,345,12787,134,1352,27398,670,0,0,0,0,0,170647,0,0,0,0,0,27398,0,0,0,0,0,69.8,69.8,6.2,6.2,20,3478,1616,212202,36027,44087,13700,258,15021,408145,1213,61944,792597,44252,682755,48063,0,0,43,2719604,1090604,12271,17444,0,1813708973,1143252741,15504575,685960807,50290419,781169127,-44917901,0,0,0,0,-44917901,259914330,86968671,1466825972,334211926,36719734,137204713,48907106,3147564,25737985,605876417,6084508,52910774,1250800727,151667436,19882522,32082384,12646721,346919,19093966,286947868,796863,39443567,562908246,285246244,33314207,99410444,36187957,0,2128703,26395922,581668181,8972901,0,6881371,0,63046811,865156,942678,55817,13640924,198228380,23872353,69038584,26003470,1403651,18213501,320378772,0,28822096,0,-25015305,0,0,0,0,144441397,46143147,331987380,0,0,0,4175565,118927569,29736473,73960552,31797044,244419879,179073284,19264693,24061963,151459486,78802100,38897238,12318595,5875000,9381297,17615592,346723429,7724315,217322925,434041367,0,0,1005812036,156629817,0,148985645,700196574,1005812036,0,374368252,246521041,630498116,413175191,0,0,160014544,160014544,11028899,162152468,0,5905,5023,3701,9363175,1336034,10699209,654,691,683963,2812642,2245639,192098,1018577,1510412,649311,0,187064,63469,2643757,772617,2812298,54597,1816460,541821,721625,0,2984867,850709,3253217,60921,2091178,633770,824547,0,,2003
106190930,ucla neuropsychiatric hospital,7/1/2002,6/30/2003,365,audited,incl. ind. audit,los angeles,11,0927,non-profit,psychiatric,comparable,,(310)794-8154,760 westwood plaza,los angeles,90024,michael karpf,ceo,michael hertel,regents of the university of california,0,05-4009,,zzt34009f,136,99,70,5922,630,2847,0,0,897,12638,0,2071,25005,588,54,278,0,0,104,1181,0,363,2568,0,136,0,0,0,0,0,25005,0,0,0,0,0,2568,0,0,0,0,50.4,69.2,9.699999999999999,9.699999999999999,0,0,0,4505,124,53,0,0,623,8360,0,623,14288,0,11430,0,0,0,0,0,0,0,0,0,40451824,6746213,0,33705611,0,31709816,1995795,1353885,0,0,0,3349680,30594735,3659724,6197365,9123729,1051555,3630818,0,0,1448812,16748959,0,3557774,35561647,1275896,62700,14206,0,0,274507,3029278,0,233590,4890177,1013711,499031,2590550,0,0,0,238777,8639037,3415264,0,0,0,-9650157,0,0,0,0,8507895,521150,746732,0,0,1339046,9469364,0,13121424,0,-352639,0,1353885,0,0,13722610,1902504,1873702,0,0,0,1313492,5321925,822383,5759275,993925,16018984,6189738,230642,839085,376536,5314724,1310197,58048,0,122377,1249485,40430796,0,14953759,0,0,0,55384555,5691239,0,7532603,42160713,55384555,35411966,31331394,1921909,33253303,18299544,0,0,7959249,7959249,426646,0,0,419,331,231,621786,85063,706849,154,38,33823,139198,176556,24813,60710,64395,34831,69423,18037,0,335263,49448,11388,44200,83336,0,98151,0,381243,55354,13205,44200,97156,0,115691,0,,2003
106381154,ucsf medical center,7/1/2002,6/30/2003,365,audited,incl. ind. audit,san francisco,04,0423,non-profit,general,comparable,teaching,(415)476-3001,505 parnassus avenue,san francisco,94143,mark laret,ceo,sheryl samonte,university of ca-san francisco,0,05-0454,hsc00454g,zzr00454g,688,552,552,40636,5043,33613,3284,1766,3686,63950,254,4398,156630,6919,816,4796,617,281,587,10360,39,699,25114,688,0,0,0,0,0,156630,0,0,0,0,0,25114,0,0,0,0,0,62.4,77.7,6.2,6.2,26,3471,1460,165876,15524,67889,24506,2740,28788,285782,259,23783,615147,38584,554028,28444,58667,0,37,2807424,1076267,10903,10715,17775,2580571221,1659353153,5009767,926227835,19801136,885468214,60560757,11596043,5944975,0,0,66211825,617607274,318646879,1644317068,426586747,59340831,342560055,31718259,23910029,47978981,761869546,2283848,42358873,1738607169,206796753,22028599,92413767,24197084,3862831,30352695,441720256,286243,20305824,841964052,406225847,60762470,312553533,44795359,0,19718133,30522213,702667672,48022390,0,2570091,-1002327,32517772,0,900517,0,4109250,215710414,19254501,114419789,10855270,7688284,46269381,482009486,0,30020710,0,0,0,2914743,0,0,111105827,98076070,351119672,13976,0,3138967,17633073,128243988,36030336,99168489,40937816,313478661,68245291,164771065,39369678,162316897,42537983,49662243,10999780,4207828,8102467,21776321,285667571,0,338367484,20226160,4570096,0,648831311,206910956,0,110522004,331398351,648831311,86708338,499225807,278361255,781230013,442862529,0,18208004,100090000,118298004,7776000,1056002,2835938,5725,4915,1922,9190739,1449648,10640387,1336,502,805954,2422523,2203961,71302,716877,2101068,395963,54923,202284,215884,2161632,1407511,2519066,44252,1538390,695099,824789,0,2484593,1637365,2923464,51833,1777373,812708,953051,0,,2003
106231396,ukiah valley medical center-hospital dr,1/1/2003,12/31/2003,365,audited,incl. ind. audit,mendocino,01,0113,non-profit,general,comparable,small/rural,(707)462-3111,275 hospital drive,ukiah,95482-4531,mark larose,president/ceo,colleen duncan,adventist health,0,05-0301,,zzr00301f,78,78,56,6094,19,3517,2,865,435,2843,172,107,14054,1464,3,1271,0,206,117,1008,59,42,4170,78,0,0,0,0,0,14054,0,0,0,0,0,4170,0,0,0,0,0,49.4,49.4,3.4,3.4,16,864,321,16394,72,12580,58,2466,3158,20312,166,3154,58360,23009,0,0,34313,0,4,159785,158546,1674,3199,3970,184709827,130416524,0,54293303,398691,49950330,4741664,1087300,145023,0,0,5683941,39098613,23749666,121861548,45069827,107066,23372598,37218,6645715,3970257,19261125,1052667,1662053,101178526,25651700,117967,15879836,63549,4142342,7830613,24851275,258579,4735440,83531301,52931687,158018,27445363,75624,0,9523843,4510756,26941418,3356183,0,3443646,0,2029986,0,0,0,0,17789840,67015,9674671,25143,1264214,7290114,17170982,0,1011324,0,0,42646,763839,0,0,8972305,3799193,17548321,0,0,0,0,6855142,2163956,9232517,1378896,20448265,9606144,990231,3226578,7119538,5011690,1381964,252388,405875,291273,1216384,23436246,1437456,12157376,979972,7621599,206119,45838768,15262896,0,20571768,10004104,45838768,15063192,16982578,11340990,30226787,18069411,0,0,19901901,21268381,696613,7621599,0,480,399,200,795969,71471,867440,91,0,62289,131199,167747,51147,31255,232983,81741,0,11113,26495,187016,67417,214013,0,135940,66451,125132,0,204262,74607,235154,0,145612,71851,135954,0,,2003
106370787,university community medical center,1/1/2003,12/31/2003,365,audited,incl. ind. audit,san diego,14,1418,investor,general,comparable,,(619)582-3516,5550 university ave,san diego,92105-2307,roy rodiguez,ceo,loretta masi,quantum health  inc,0,05-0447,hsc30447g,,100,100,100,9146,72,10710,331,402,326,40,199,4093,25319,1301,9,1717,83,102,70,7,52,733,4074,57,43,0,0,0,0,10648,14671,0,0,0,0,1977,2097,0,0,0,0,69.40000000000001,69.40000000000001,6.2,6.2,0,0,0,14160,22,2369,1941,617,725,93,15,1844,21786,8657,0,0,0,0,5,19060,31356,206,990,1139,66264969,36651874,0,29613095,334879,29280273,667701,0,0,0,0,667701,28770778,11696822,25797369,19169684,284335,18605406,1118889,1227972,968887,149038,341341,7355651,49221203,8408332,35338,2876861,2032062,971492,826041,118322,12614,1762704,17043766,15873738,127856,14327184,2095573,-5279355,1031348,13831,0,2614408,0,3022703,0,2824588,0,0,0,0,11648399,114343,11903701,992376,569598,906153,163330,17691,3297504,0,0,0,0,0,0,7488870,3512607,5111764,0,0,0,0,4132786,1170062,5081282,2782902,11313801,2716634,1755968,2076340,3107691,2490352,425120,2366546,108555,1424681,1494585,23211738,0,3070262,7453,0,5495491,31784944,10087616,0,19773711,1923617,31784944,407697,0,3721780,3721780,651518,5393572,0,2281136,24848925,5075214,10766090,0,371,305,151,622683,41621,664304,165,0,46788,136110,120253,19527,73147,143222,54447,0,29189,0,235213,81128,80575,0,114897,48544,62326,0,246466,85725,86778,0,124229,52079,69027,0,,2003
106341006,university of california davis med ctr,7/1/2002,6/30/2003,365,audited,incl. ind. audit,sacramento,02,0311,non-profit,general,comparable,teaching,(916)734-9136,2315 stockton boulevard,sacramento,95817-2201,robert chason,ceo,terrylee neal,uc davis medical center,1,05-0599,hsc00599g,zzr00599g,576,526,526,31868,5254,34931,12553,12408,5994,39159,3652,122,145941,4719,922,5397,2753,2375,999,7718,801,38,25722,557,0,0,19,0,0,141546,0,0,4395,0,0,25466,0,0,256,0,0,69.40000000000001,76,5.7,5.7,8,4248,2068,159299,36219,56860,56231,13474,37238,491431,15696,16949,883397,52527,792278,20765,10376,4119,24,2082360,853320,9993,8035,39935,2767449168,2074075461,80197466,773571173,41896108,785140098,30327183,10098634,1000731,0,0,39425086,817217914,324357733,1625873521,489496381,83697366,452484323,171652978,185945362,94368998,583230203,44771865,2297329,2107944805,135624991,25515828,66544071,50924402,27589335,48269763,264865532,28808955,11361486,659504363,466959873,111671759,329715766,186770536,-40750000,179664583,94973776,567053471,57053593,0,102249986,-95374,18807492,12985685,13039076,0,54172705,125736474,9009172,203859165,40283863,30937816,41454244,308626377,8435351,5228711,27050000,0,0,8765186,0,0,100104352,125692368,208903042,11380325,13975266,510697,13021407,122587442,26721907,84566934,77676358,303138252,136244111,812449,6697908,107896076,75612933,47946893,12133060,4941893,19809135,69907388,344570898,8185559,592424603,40209005,51517290,0,1036907355,139993044,0,384670020,512244291,1036907355,207207476,611906223,235951267,919144674,326720071,0,131052,390424775,390555827,5885807,0,0,7083,5705,2160,10304957,1561222,11866179,611,534,905288,2260109,2296422,146809,720152,2554078,508408,913691,0,0,1840587,2458161,1916452,602075,1797281,540855,1149546,0,2134573,2828622,2230885,603537,2088438,633562,1346562,0,,2003
106301279,university of california irvine med ctr,7/1/2002,6/30/2003,365,audited,incl. ind. audit,orange,13,1015,non-profit,general,comparable,teaching,(714)456-5678,101 south-the city drive,orange,92868-3201,dr. ralph cygan,executive director,neil myers,regents of the university of california,1,05-0348,hsc30348g,zzt30348g,453,383,383,20306,2512,28055,9130,6204,1707,22481,4506,0,94901,3142,564,4049,2094,1446,447,4206,1184,0,17132,350,84,0,19,0,0,75234,16375,0,3292,0,0,15160,1771,0,201,0,0,57.4,67.90000000000001,5.5,5.5,30,2543,1013,79450,2553,28783,106823,23703,6698,152100,34118,0,434228,40161,353061,0,50397,4726,11,981336,559635,4829,5261,23684,1109760727,731277094,21291985,399775618,22627901,351817217,70586302,1617454,102093,0,0,72101663,229054253,63478634,817227840,169152615,29772058,239973084,79334042,64498076,22947630,216249343,48549215,0,870476063,57952501,4874560,31547224,33109055,12228047,3551972,85726046,10295259,0,239284664,140444748,21425917,173749204,105617840,-65301970,62641299,0,241467842,6024899,0,47050134,-540579,-1302240,0,18384419,0,2907566,86660368,13220701,163073074,25209676,14625403,20474703,63415113,13096580,0,66741696,-20800000,0,1617454,0,0,61140183,33018316,110977936,3451941,4737507,0,13391444,55927441,18683968,41769365,8719116,144664591,65944705,14690042,7975309,47633191,36161076,13920996,3372533,1084604,0,16370170,109343621,0,123329234,0,0,0,232672855,56018484,0,19674760,156979611,232672855,117705,189094826,87895046,280387979,157058745,0,21031949,0,26118856,6444096,0,0,3297,2964,872,5431900,892639,6324539,564,252,586389,1243246,1098459,37521,531091,1335050,436219,3878,17208,142839,1300637,808956,1245073,0,1018102,485767,573365,0,1521530,951169,1450234,0,1180978,568144,652484,0,,2003
106370782,university of calif-san diego med ctr,7/1/2002,6/30/2003,365,audited,incl. ind. audit,san diego,14,1418,non-profit,general,comparable,teaching,(619)543-6222,200 west arbor drive,san diego,92103-1911,richard  liekweg,ceo,john rogers,regents of the university of california,1,05-0025,hsc30025f,zzt30025f,540,501,463,26525,5549,36348,4640,8230,3950,31254,5998,700,123194,4078,1113,4940,1084,1501,669,6010,1428,296,21119,473,67,0,0,0,0,105763,17431,0,0,0,0,19646,1473,0,0,0,0,62.5,67.40000000000001,5.8,5.8,15,5159,2174,78628,12934,74769,22998,17528,10447,118270,12598,2989,351161,55832,189108,0,77806,0,26,1467376,831541,7465,11439,17569,1040330586,535283382,0,505047204,30085350,476397820,58734734,7683325,1354875,0,0,65063184,264009813,50873876,725446897,163833924,41849702,186937110,27962037,45546783,28478652,215744801,40994114,3949399,755296522,62703203,14412651,47508484,10697148,10800923,10573469,117218479,9246615,1873092,285034064,139375321,34031502,112633464,27595826,-56810669,40672272,20437421,170484005,6884081,0,37649531,0,2330628,0,0,0,0,85754986,22178993,177403064,10740746,15638752,17976515,160392610,12591198,2370340,71237232,0,0,4415005,0,0,84112193,26955557,179120574,0,0,0,25242334,77761139,13465269,50313941,19426813,182010146,79910350,14081957,11087640,100044295,38317247,19762067,6091597,4353600,4853527,15885394,188642456,0,224139008,25436544,3681836,1630040,443529884,91741299,0,91893096,259895489,443529884,86426,282482859,96338274,389246914,165107906,3015000,3008787,71543006,96609849,4716753,257951,2069981,3741,3629,2062,6805146,952219,7757365,1223,297,443139,1268413,1383168,38961,819559,1028624,511851,1102968,155650,52813,1655950,578950,1698453,935488,1201074,242304,492927,0,1921290,666308,1961548,937961,1404481,299314,566463,0,,2003
106191216,usc kenneth norris jr. cancer hospital,7/1/2003,12/15/2003,168,audited,excl. ind. audit,los angeles,11,0925,non-profit,specialty,comparable,,(323)865-3000,1441 eastlake ave,los angeles,90033-1048,stephen tullman,ceo,al trivison,university of southern california,0,05-0660,hsc30660f,hsp40660f,60,50,47,3152,0,131,0,0,0,4522,72,66,7943,493,0,29,0,0,0,711,16,15,1264,60,0,0,0,0,0,7943,0,0,0,0,0,1264,0,0,0,0,0,78.8,94.59999999999999,6.3,6.3,0,0,0,10248,0,675,0,0,0,17909,175,564,29571,0,28962,0,1700,0,5,120240,29820,633,437,4283,120636456,79247568,0,41388888,230339,45342491,-3723264,126483,0,0,0,-3596781,14603141,3352972,102680343,23240077,0,1001754,0,0,0,36411765,577725,1150872,62382193,21660111,0,1167017,0,0,0,34144417,208148,1074570,58254263,32180340,0,1618189,0,0,0,0,43497614,304665,0,810298,0,836462,0,0,0,0,12408552,0,407823,0,0,0,26569248,0,2003265,0,0,0,0,0,0,4831372,2096006,19562691,0,0,0,658391,5189842,2311713,8365659,2326817,9341233,5136424,587411,8138589,12463740,4133113,2481088,886786,171725,521275,1481107,45795628,5088407,48227321,425970,122972,739255,100399553,23708045,1802445,15790000,59099063,100399553,14961841,71051315,30730838,103675701,55448380,0,0,16955000,16955000,1165000,0,0,537,480,201,412934,115250,528184,187,19,32062,96258,83302,7637,25657,78193,14171,7220,12042,56392,94800,42311,88534,0,54850,52500,79939,0,129575,49677,128028,0,67139,63332,90433,0,,2003
106191216,usc kenneth norris jr. cancer hospital,7/1/2002,6/30/2003,365,audited,incl. ind. audit,los angeles,11,0925,non-profit,specialty,comparable,,(323)865-3000,1441 eastlake ave,los angeles,90033-1048,stephen tullman,ceo,liz neira,university of southern california,0,05-0660,hsc30660f,hsp40660f,60,54,52,6182,109,173,0,0,10079,0,243,435,17221,1056,19,33,0,0,1686,0,14,50,2858,60,0,0,0,0,0,17221,0,0,0,0,0,2858,0,0,0,0,0,78.59999999999999,87.40000000000001,6,6,0,0,0,22157,145,1394,0,0,42244,0,411,980,67331,0,59674,0,8129,0,5,308214,71944,1467,864,8827,240160203,155664384,0,84495819,309244,81202042,3603021,496586,255263,0,0,3844344,30698491,6871367,202590345,43683754,786185,1576296,0,0,77265293,0,2210772,2392807,127915107,37566588,210476,1670625,0,0,70877449,0,815172,1104786,112245096,54152522,704008,2855698,0,0,0,86488640,0,7741384,0,3095179,0,626953,0,0,0,0,27097820,292653,391223,0,0,53553802,0,0,3160321,0,0,11054,305692,0,0,10239983,4492829,34808506,0,0,0,1049249,10045826,4267115,10615239,5683295,19520035,8416902,1462311,14772850,22282624,5500481,5055120,351170,689607,1111642,2039300,46203399,3582772,46894620,1918109,72172,131560,98802632,16985331,2166589,16955000,62695712,98802632,17040748,67115285,31951789,100960622,54066002,0,0,17920000,17920000,965000,0,0,537,414,201,855433,87468,942901,187,21,48085,216925,237055,13809,49250,166731,29480,11780,43306,39012,255457,75728,189716,0,116699,92861,124972,0,275305,84004,213382,0,128724,102643,138843,0,,2003
106194219,usc university hospital,6/1/2002,5/31/2003,365,audited,excl. ind. audit,los angeles,11,0925,investor,general,comparable,,(323)442-8500,1500 san pablo street,los angeles,90033,stephen m. tullman,ceo,remedios h. maglaya,tenet healthcare corporation,0,05-0696,hsc30696f,hsp30696f,293,256,201,30532,5236,6720,1354,0,855,28132,0,572,73401,3031,589,607,211,0,150,3822,0,95,8505,227,10,0,32,24,0,62822,2561,0,7322,696,0,7800,154,0,496,55,0,68.59999999999999,78.59999999999999,8.6,8.6,0,0,0,32466,3349,3875,1771,0,4140,64115,0,3751,113467,0,57599,0,53412,0,18,1162500,501540,5048,5321,8527,1510603610,1197472306,0,313131304,1558418,230401715,84288007,2450975,1063629,0,0,85675353,254290132,16205637,1240107841,461682164,114279648,112736642,27333876,0,14761197,540676790,0,9800337,1281270654,65743266,8497002,11248037,3984139,0,9378921,121981356,0,8500235,229332956,442183136,91486230,102025606,23325846,0,0,17484604,493802937,9024437,0,15229026,0,2910484,0,0,0,0,85242294,31290420,6309716,7981598,0,6353498,160564717,0,15389061,0,0,0,0,0,0,43561410,1976348,102760169,0,0,0,6643520,19880130,11553235,33065305,10961598,58766833,18226541,2343755,24953406,60964862,41400104,10020254,3041287,4343415,79824,6261434,99273383,0,136132887,16906035,127686024,142206,380140535,37690281,0,0,342450254,380140535,553271,137519741,82296321,221954991,85822104,0,0,0,0,0,127686024,0,1476,1239,945,2480480,343574,2824054,353,114,186699,529480,617414,23491,295130,388234,126167,67266,220411,26188,903894,44039,822999,8917,310538,88337,301756,0,1052767,47466,942300,9748,344100,99232,328441,0,,2003
106194219,usc university hospital,6/1/2003,12/31/2003,214,audited,excl. ind. audit,los angeles,11,0925,investor,general,comparable,,(323)442-8500,1500 san pablo street,los angeles,90033,ted schreck,ceo,remedios h. maglaya,tenet healthcare corporation,0,05-0696`,hsc30696f,hsp30696f,269,257,179,14675,2293,4658,1031,0,458,14572,0,381,38068,1745,335,420,153,0,93,2154,0,77,4977,259,10,0,0,0,0,36572,1496,0,0,0,0,4877,100,0,0,0,0,66.09999999999999,69.2,7.6,7.6,0,0,0,20382,1640,2657,593,0,2477,33715,0,1314,62778,0,30786,0,30819,0,14,688380,286380,2997,3006,4951,832479836,699324438,0,133155398,967402,138881668,-4758868,2135427,366822,0,0,-2990263,138950938,9364826,684164072,230582952,54836432,88229209,20010035,0,7597240,294894018,0,6322806,702472692,38567398,5005134,6120077,1573990,0,5362271,70537330,0,2840944,130007144,234837402,46500708,87480943,16772331,0,0,10164532,284182476,15318608,0,2447278,0,1620160,0,0,0,0,34312948,13340858,4422643,4810116,0,2125301,66599942,0,7543590,0,0,0,0,0,0,22574569,1390520,61636575,0,0,0,7001007,12492414,6674802,19582955,7528826,33609325,11845438,1801473,11961511,35944209,28357302,5697691,1647495,3098661,0,4918563,79203830,0,138152834,24550442,133461371,92796,375461273,40512520,0,0,334948753,375461273,503017,139065361,84718534,225922824,87769990,0,0,0,0,0,133461371,0,1497,1281,910,1434719,215586,1650305,339,112,111326,314332,379467,11386,174799,236145,76524,42323,82063,6354,501325,28043,486745,5381,187467,51372,174386,0,595329,30259,558062,6182,208012,58435,194026,0,,2003
106484001,vaca valley hospital,1/1/2003,12/31/2003,365,audited,incl. ind. audit,solano,03,0408,non-profit,general,comparable,,(707)446-4000,1000 nut tree road,vacaville,95688-4100,deborah sugiyama,president,william dean,northbay medical group,0,05-0680,,hsp30608o,50,44,44,6001,1303,294,1463,771,838,1248,64,76,12058,1061,285,68,287,174,317,372,17,25,2606,50,0,0,0,0,0,12058,0,0,0,0,0,2606,0,0,0,0,0,66.09999999999999,75.09999999999999,4.6,4.6,0,0,0,9008,2471,1650,5682,1326,24083,10099,65,2477,56861,19311,15609,0,27491,752,2,61130,56266,521,686,3959,210196850,156329050,6734597,60602397,182518,47617314,13167601,857686,2947,0,0,14022340,40784026,39694613,129718211,63201006,14237293,2916584,14889751,8420910,13839870,16582234,977948,906422,135972018,14320887,6788429,2002218,9319403,2992069,18138203,15793625,603242,4266756,74224832,67405777,20152426,2843982,22604621,0,10088324,10213366,13873784,6875482,0,2079636,-2936,194588,2139623,2234526,715440,1645008,10035227,2996454,2068640,3361317,2014443,19662879,19911315,2598,549524,0,-8583446,0,721788,0,0,8277039,5406890,14010426,2019579,0,0,0,6550788,2710135,6476674,2165783,14536241,5326897,2198164,3261432,5326241,11992937,1262316,1176697,143381,1088462,1304546,15474110,15649098,7524412,864500,47475,228958,39788553,6011237,0,19712174,14065142,39788553,703333,12912894,11526203,27724744,20200332,0,0,20599099,20599099,886925,0,0,310,258,138,532708,52478,585186,173,0,18938,131420,128106,5371,31572,122828,45218,0,44484,4771,166910,76381,134033,0,88187,22097,45100,0,179414,85361,148590,0,97908,24480,49433,0,,2003
106010983,valley memorial hospital,7/1/2002,6/30/2003,365,audited,incl. ind. audit,alameda,05,0419,non-profit,general,comparable,,(925)847-3000,1111 east stanley boulevard,livermore,94550,marcy feit,president/ceo,melinda staley,the hospital committe for livermore,0,05-0283,,zzr00283f,202,167,167,22957,701,2219,551,0,14217,0,94,444,41183,2773,146,400,190,0,4028,0,26,127,7690,162,14,0,6,20,0,30477,3715,0,0,6991,0,6877,262,0,0,551,0,55.9,67.59999999999999,5.4,4.8,10,2801,1249,34391,889,3125,3557,0,122336,0,579,6336,171213,22808,9873,0,134254,0,7,279349,264565,1916,4397,7841,498036256,361376514,0,136659742,2264642,134445776,4478608,1120428,423862,0,0,5175174,104510885,29366856,364158515,160963456,7718958,16398196,4272180,0,156826295,0,904537,8964735,356048357,28838418,763745,2657984,2548416,0,101300165,0,465619,5413552,141987899,156128034,7032318,14898632,6130402,0,0,154893245,0,11779068,0,1713646,0,8801169,0,0,0,0,33673840,1450385,4157548,690194,0,91454147,0,1225628,4008000,0,0,0,342806,0,0,24048589,4339467,46826059,0,0,0,20775,23174494,6207788,18921375,10907229,54405965,20205956,1929566,5427256,21438829,8646925,5836299,5949195,769908,3487430,6348447,49713009,0,75820058,9976864,27698352,3629946,166838229,37213733,1600608,63090000,64933888,166838229,4388663,79751839,27062251,123966085,48146027,0,0,65200000,65200000,2110000,0,0,1318,869,700,1639801,226855,1866656,166,0,206723,424918,351872,23695,123726,312943,136329,0,47507,12088,363745,61265,550982,216,342088,139123,182382,0,415995,69148,621889,216,392627,160674,206107,0,,2003
106332172,valley plaza doctors hospital,1/1/2003,12/31/2003,365,audited,excl. ind. audit,riverside,12,1109,investor,general,comparable,,(316)263-7002,2224 medical center drive,perris,92370-2638,george lewis,ceo,nancy s. padfield,southwest hospital development group,0,05-0718,hsc30718f,,41,41,41,1181,136,459,194,0,221,141,0,195,2527,375,51,177,113,0,79,61,0,76,932,41,0,0,0,0,0,2527,0,0,0,0,0,932,0,0,0,0,0,16.9,16.9,2.7,2.7,0,0,0,3759,438,4501,6281,0,2560,2051,0,13561,33151,22464,0,0,16504,0,1,16673,51912,416,1299,0,30676895,22476227,0,8200668,81258,9389926,-1108000,541765,269853,0,0,-836088,5265837,3624636,21786422,8163815,984202,2883696,1522925,0,2033695,1104452,0,2075206,18767991,1625074,132580,1337347,1654367,0,806664,607091,0,5745781,11908904,7057189,808437,3055602,2300034,0,0,2256129,1038982,298263,0,0,0,5661591,0,0,0,0,2681637,308345,1165441,877258,0,527255,638226,0,2002506,0,0,0,0,0,0,2832097,678155,2445430,0,0,0,0,917285,403293,1532452,581214,3957018,1295652,0,721020,673277,1649741,180402,108383,194794,82705,526934,4886240,0,2327531,0,0,0,7213771,9567581,0,895159,-3248969,7213771,0,0,1974176,4376147,2048616,940879,0,0,940879,45720,0,0,149,97,39,167714,34297,202011,66,0,11356,31673,47969,5280,16719,36068,0,18649,0,0,66478,7942,37849,0,25177,16103,14165,0,70097,8235,65785,0,26123,16627,15144,0,,2003
106190812,valley presbyterian hospital,11/1/2002,10/31/2003,365,audited,incl. ind. audit,los angeles,11,0905,non-profit,general,comparable,,(818)782-6600,15107 van owen street,van nuys,91405-4542,robert bills,president,john skelton,valley presbyterian hospital,0,05-0126,hsc30126f,zzt30126f,290,290,290,17544,1789,24941,4914,0,717,7903,429,822,59059,2714,438,4877,1355,0,290,2060,83,80,11897,273,0,0,17,0,0,56248,0,0,2811,0,0,11564,0,0,333,0,0,55.8,55.8,5,5,23,7627,3155,18168,1637,49127,11877,0,5014,66915,0,27784,180522,41551,0,0,145353,0,10,557161,109149,2486,1373,6854,311250389,217220412,1817503,95847480,1083318,103826041,-6895243,8899707,3925054,0,0,-1920590,97208748,12228194,201813447,79473162,8865499,109959660,17621537,0,4844449,37865677,1611651,3853426,264095061,7969563,1909792,12532679,6708575,0,1653848,12098978,0,4281893,47155328,55047768,7175476,82471831,19083813,-7721282,0,4941602,38625055,7724520,0,9871629,0,0,0,1817503,0,0,32394957,3599815,39899298,6646316,0,1556695,11339600,0,410799,0,0,0,563513,0,0,20974391,4013877,39069574,0,0,0,0,14961812,3456157,13276157,8074073,37128759,16594381,2009182,10227395,17030827,6517438,4988533,664408,1925044,2146855,4593219,42345533,0,28384076,46682924,25734889,1327398,144474820,26805312,906682,34325000,82437826,144474820,3945133,77057793,51383887,130028902,101644826,0,0,37520000,37520000,3195000,0,0,940,891,595,1745400,246379,1991779,464,0,133480,352467,325847,116173,99315,297717,172755,109489,74289,63868,488788,65929,423589,0,402239,111783,253072,0,544677,70602,515429,0,444198,125236,291637,0,,2003
106560481,ventura county medical center,7/1/2002,6/30/2003,365,audited,incl. ind. audit,ventura,10,0809,city/county,general,comparable,,(805)652-6058,3291 loma vista road,ventura,93003-3099,pierre durand  dpa,vcmc administrator,jennifer floyd,ventura county medical center,0,05-0159,hsc39008f,,223,196,137,9939,0,18368,0,903,3838,4705,3678,6957,48388,1358,0,4192,0,194,1402,1281,680,864,9971,180,43,0,0,0,0,35352,13036,0,0,0,0,7833,2138,0,0,0,0,59.4,67.59999999999999,4.9,4.9,23,3863,1643,46602,0,237755,0,13303,93401,113477,43041,34860,582439,32319,570529,0,0,0,6,200367,58123,3938,4128,6732,297802411,156644307,0,141158104,332321,172465276,-30974851,69247409,1075304,0,0,37197254,107412435,86886591,103503385,25119646,0,78219097,0,4538287,14813785,22447127,11241684,11873309,168252935,12559777,0,43919705,0,2540225,17463442,37074180,7950942,8041205,129549476,23984638,0,40926788,0,-30163179,6449110,19061929,51650970,19718607,0,25015444,0,0,0,0,0,0,13694785,0,105552375,0,629402,13215298,7870337,0,195907,32344497,0,253389,192871,0,27505131,22845650,68894903,30138569,848930,0,0,4121084,16188026,2794883,20614845,6018386,68077025,17632118,18984337,4700873,16564174,19986336,3002501,3187906,3503829,775778,16050399,34154482,0,26763730,19895090,14233321,0,95046623,19832342,4925191,30691241,39597849,95046623,12726247,39450592,19886243,62821129,36057399,0,0,32723275,32723275,2032034,2484872,0,1678,1448,439,2797851,322931,3120782,574,39,242088,919135,392591,42967,241976,601182,180704,67736,69348,40124,577490,1160940,371945,81597,336121,74144,192007,3607,636339,1311510,413992,84588,372431,80961,217336,3625,,2003
106190818,verdugo hills hospital,1/1/2003,12/31/2003,365,audited,excl. ind. audit,los angeles,11,0937,non-profit,general,comparable,,(818)790-7100,1812 verdugo blvd,glendale,91209-1407,leonard labella,ceo/president,susan dawson,verdugo hills hospital,0,05-0124,,,158,158,135,17489,2302,10214,121,0,520,9584,0,877,41107,1982,572,351,30,0,181,2622,0,112,5850,92,24,0,0,42,0,19544,7307,0,0,14256,0,4821,458,0,0,571,0,71.3,71.3,7,5.1,14,1717,759,17855,800,1282,929,0,2286,50807,0,2322,76281,16980,0,9958,49079,856,6,509427,796888,2040,3120,6332,216065216,155340840,2904080,63628456,181188,62759347,1050297,229269,18951,0,0,1260615,47965038,12341283,155758895,59284970,10943759,22797680,470022,0,2326009,45711063,0,3651582,145185085,17084245,2044530,1013155,952707,0,3760597,43291942,0,2732955,70880131,54938877,7506274,20443535,984642,0,0,4115067,63636122,3716323,0,0,0,0,1733535,0,0,1170545,21430338,7215550,3367300,438087,0,1971539,26537428,0,2668214,0,0,0,90697,0,0,14959317,3644108,22125417,1564571,736269,0,0,7912868,2449346,4308846,5058605,24939397,5550892,0,2308792,10307662,12264415,2290515,1641471,1010503,1660219,785481,13755469,6837952,18139510,68618,4576133,297424,43675106,12418650,0,17650000,13606456,43675106,531960,52501862,25439561,80968721,62829211,0,0,19205000,19205000,1555000,156978,1213579,571,527,344,932667,196464,1129131,494,0,55711,218337,226056,63764,150500,163034,0,21747,31194,2324,342346,71247,292879,0,85119,72234,68842,0,432204,81004,365032,0,94322,79968,76601,0,,2003
106361370,victor valley community hospital,10/1/2002,9/30/2003,365,audited,excl. ind. audit,san bernardino,12,1211,non-profit,general,comparable,small/rural,(760)245-8691,15248 eleventh street,victorville,92392-3704,jeff flood,ceo,robert c. perkins,victor valley community hospital,0,05-0517,,zzt30517f,115,115,74,7456,1075,5840,4769,922,719,5517,262,1009,27569,1270,312,1330,1587,293,211,1655,78,302,7038,99,16,0,0,0,0,21984,5585,0,0,0,0,5676,1362,0,0,0,0,65.7,65.7,3.9,3.9,6,2067,947,9968,6773,14599,20723,2719,1823,17762,3230,3640,81237,39601,3349,0,30120,0,7,163141,411259,2859,11130,5050,140614445,101918880,1061386,39756951,148479,39931114,-25684,856386,0,0,0,830702,27531195,9697825,103385425,22951596,4565635,16115286,15940863,2514126,1244535,15172383,1499110,2083094,82086628,8261819,4764496,7776963,15376211,2474001,1518170,14319924,1633867,2402366,58527817,19438575,6157907,17624245,24633580,-719480,4403027,1795757,20827653,4297683,0,3132977,0,326956,0,0,0,1061386,11011768,3172224,6897949,6683494,585100,966948,9726040,0,713428,0,0,41196,0,0,0,7596865,2113391,14619160,0,0,0,0,6484285,2066651,4369132,2681630,13445632,8064489,608141,2921404,7499048,1765694,1732895,6499,778520,882959,2225833,7184828,0,15231686,3999234,1225986,179547,27821281,17211208,0,6377810,4232263,27821281,124122,24619149,20437199,46612309,31380623,0,199387,6929913,7129300,751490,0,0,532,478,270,938665,93796,1032461,154,0,101045,172645,167544,54275,66634,249513,89780,0,37229,0,240938,74755,235117,0,162894,117340,107621,0,264388,80702,262481,0,177425,128379,119086,0,,2003
106010987,washington hospital - fremont,7/1/2002,6/30/2003,365,audited,incl. ind. audit,alameda,05,0421,district,general,comparable,,(510)797-1111,2000 mowry avenue,fremont,94538-1716,nancy farber,ceo,kathleen fernandes,washington township health care district,0,05-0195,hsc00195f,zzr00195f,311,311,311,27039,2366,9597,1817,17,995,18956,413,1184,62384,5061,432,1757,543,12,279,6308,124,370,14886,311,0,0,0,0,0,62384,0,0,0,0,0,14886,0,0,0,0,0,55,55,4.2,4.2,10,5643,2803,39081,516,10490,7633,0,7474,67147,80,5954,138375,41678,0,0,104019,0,6,444235,58909,2960,772,11223,552445941,350888137,0,201557804,2383629,194841272,9100161,8186357,143293,0,0,17143225,138597416,24640527,389207998,206530789,17796613,62210582,12557015,87767,9955623,138681389,2426903,9346640,459593321,30237767,1206689,7443650,5451080,0,3321258,40015071,74158,5102947,92852620,163585546,13603225,61342058,12844856,0,0,7598451,70712424,15723578,0,2501061,-14690,2991628,0,0,0,0,73183010,5400077,8312174,5163239,14690,4405208,95789085,0,9290321,0,0,0,6836984,0,0,43617413,9985829,63226461,0,0,0,0,36681006,9564530,23117326,8648707,74544793,39592543,6104960,8825792,29149932,11397812,13104382,1662905,907996,2282643,7267514,54892843,100174906,101886648,19425545,61547419,0,337927361,32595998,18505659,81429805,205395899,337927361,4280233,105147131,87857646,206251502,104364854,0,0,83329805,83329805,1900000,0,0,1508,1149,549,2157284,297119,2454403,268,0,174486,494210,629406,34937,129096,364716,219716,45807,33284,31626,678525,89068,532700,0,450375,171737,234879,0,783040,103022,603823,0,504380,195716,264422,0,,2003
106444013,watsonville community hospital,1/1/2003,12/31/2003,365,audited,excl. ind. audit,santa cruz,08,0711,investor,general,comparable,,(831)724-4741,75 nielson street,watsonville,95076,bill harrison,cfo,robert c. perkins,community health systems inc.,0,05-0194,,zzr00194f,106,106,64,8763,700,3497,3925,364,810,3684,185,612,22540,1776,139,1476,896,103,285,1450,57,36,6218,106,0,0,0,0,0,22540,0,0,0,0,0,6218,0,0,0,0,0,58.3,58.3,3.6,3.6,10,3063,1464,10885,2791,11826,2417,327,2686,8306,24,2497,41759,26688,0,16229,0,0,3,355075,183632,2268,2890,8400,423988130,338712159,0,85275971,192144,84437312,1030803,159161,163822,0,0,1026142,56902062,32378803,334707265,101963896,10098747,27081997,42239731,4990205,16370330,45411463,2068846,6962492,257187707,43874693,2788670,34260417,10363041,1213640,14905767,52141410,158311,7094474,166800423,126136766,7885023,54832524,41653793,-423043,5567599,14519907,73494875,7227562,0,2712669,0,5104484,0,0,0,0,19618046,5002394,6932933,10948979,636246,16375359,21895339,21996,3844679,0,0,0,0,0,0,14136816,8510090,29352481,0,0,0,0,11988973,4718382,8727621,7002949,30813903,14185154,2659356,2318243,12098496,6294680,4421456,1533610,1024453,3456086,5631875,21381628,0,54320149,0,1037756,0,76739533,12142105,0,63184690,1412738,76739533,0,50017119,16533825,69917779,15597630,0,0,0,63261698,77008,0,63261698,753,647,316,1276292,113287,1389579,163,0,76840,230973,392717,17468,71480,329336,114486,0,28787,14205,339466,128123,357627,0,205678,126302,119096,0,371282,144645,392861,0,220677,133876,126238,0,,2003
106301379,west anaheim medical center,7/1/2002,6/30/2003,365,audited,excl. ind. audit,orange,13,1012,investor,general,comparable,,(714)827-3000,3033 west orange ave,anaheim,92804-3156,david culberson,ceo,jeffrey n. brown,vanguard health systems of anaheim,0,05-0426,,zzt30426f,219,219,116,21996,7869,882,1464,1540,329,7207,0,326,41613,2770,2266,378,255,112,222,2788,0,160,8951,167,30,0,0,22,0,29555,6154,0,0,5904,0,8015,459,0,0,477,0,52.1,52.1,4.6,3.7,0,0,0,5076,3549,1785,4597,1047,748,16298,0,3609,36709,23926,0,288,14547,0,6,322874,222182,2272,2383,6695,239098710,175182308,0,63916402,540687,59864286,4592803,0,0,0,0,4592803,55403398,9452490,174242822,64743047,42895933,4987559,7992983,6663033,2028789,54470080,0,1918942,185700366,8307243,5979924,1444497,3778464,1286058,1388449,27819919,0,3393790,53398344,54621565,31769308,4438119,9417157,0,6974130,2300889,59560527,3993045,0,485848,0,1621720,0,0,0,0,18240193,17037807,1669604,2347748,577865,1103656,22422836,0,516693,0,0,0,0,0,0,15219245,2473152,19925979,0,0,0,0,7406190,2999849,7405439,4434432,24691551,7426881,745247,1956845,10789554,5304599,2260516,657292,1025736,1883658,3122407,11756740,0,26057994,3019613,0,0,40834347,8165064,0,11780309,20888974,40834347,0,16386662,12283400,32710062,6652068,0,0,0,11780309,0,0,11780309,711,533,398,1018473,119100,1137573,409,0,131140,183878,236835,73203,87393,180028,97934,0,28041,21,360268,55487,237684,0,193559,75237,96238,0,392946,60086,276108,0,215935,88240,104258,0,,2003
106190859,west hills hospital & medical center,1/1/2003,12/31/2003,365,audited,excl. ind. audit,los angeles,11,0905,investor,general,comparable,,(818)676-4000,7300 medical center drive,west hills,91307-1902,james sherman,ceo,james saurenmann,columbia hca corporation  inc.,0,05-0481,,zzt30481g,236,236,138,22460,2286,1032,261,0,4187,12334,56,531,43147,3398,509,200,50,0,1067,3171,19,166,8580,212,0,0,0,24,0,38755,0,0,0,4392,0,7933,0,0,0,647,0,50.1,50.1,5,4.9,18,3130,1226,34108,1204,1927,2307,0,16835,25176,122,3480,85159,31976,0,0,56052,0,6,290925,136260,2242,1379,9266,430265631,323457798,0,106807833,1375308,104613318,3569823,930482,1195046,0,0,3305259,75449510,13144704,341671417,156044259,23197466,7954626,3020359,0,2922422,119801052,619783,3948468,317508435,29740762,3308519,2370837,2643630,0,10348991,59601296,203904,4539257,112757196,154865949,17695581,9236409,3781319,0,0,6779317,122155523,7486110,0,404315,0,1053275,0,0,0,0,30556796,8810404,1084269,1882670,0,6107065,56897918,0,1468711,0,0,0,82357,0,0,20680677,3324458,37910467,0,0,0,0,13785996,4848800,17376905,6686015,34440349,14263535,169981,3976911,15926319,20753629,5067431,2134721,1240188,2075222,4565032,19209962,0,17279136,3868508,0,631691,40989297,10159709,0,20100588,10729000,40989297,1100,30071532,45009492,82916947,65637811,0,0,0,20100588,0,0,19922671,995,631,339,1270386,119341,1389727,392,0,192888,385590,346955,32479,13393,118271,87766,16431,52785,23828,443369,66965,428212,0,199588,11967,98530,21755,479394,72146,473577,0,218319,13046,109204,24041,,2003
106301188,western medical center-anaheim,6/1/2002,5/31/2003,365,audited,excl. ind. audit,orange,13,1012,investor,general,comparable,,(714)533-6220,1025 s anaheim blvd.,anaheim,92805-5806,patrick rafferty,ceo,remedios h. maglaya,tenet healthcare corporation,0,05-0594,hsc30594h,hsp30594h,188,181,181,13695,2820,12656,3083,2182,501,8170,199,1190,44496,1491,526,2528,919,511,112,1719,43,269,8118,97,91,0,0,0,0,20026,24470,0,0,0,0,5698,2420,0,0,0,0,64.8,67.40000000000001,5.5,5.5,5,3986,2217,6066,2035,32463,10361,2430,2532,22449,360,4221,82917,20274,29508,0,34187,0,4,152100,154200,1300,1168,3631,366736191,292353961,0,74382230,818024,67710009,7490245,40750,324361,0,0,7206634,76198702,11567500,278969989,79484585,36157861,71002368,24901037,12620758,2900837,63367158,1154562,6879451,298468617,9360282,2728466,13986009,9239939,2015350,2092276,27569565,305540,970147,68267574,69961284,35007803,70586843,31201197,-3992136,12136416,2808413,61348209,6484054,0,5883281,0,928597,0,0,0,0,18883583,3878524,14090043,2820227,2499692,2184700,29588514,0,436947,0,0,0,0,0,0,17585501,3909591,20997947,0,0,0,48955,8145240,4037483,10331349,2653943,23975435,6894954,1382167,6096346,11489583,11016338,1829155,1114315,1640237,9677,2261802,20684505,0,24861594,1737,0,678577,46226413,11941039,0,0,34285374,46226413,232855,16296045,12506575,33071804,8210210,0,0,0,0,0,7627533,0,613,450,349,923443,101580,1025023,76,4,73817,174708,258839,54444,87616,168037,12213,4785,87788,1196,443665,84696,191131,0,76935,39823,87193,0,492987,92787,215503,0,83291,45211,95244,0,,2003
106301188,western medical center-anaheim,6/1/2003,12/31/2003,214,audited,excl. ind. audit,orange,13,1012,investor,general,comparable,,(714)533-6220,1025 s anaheim blvd.,anaheim,92805-5806,patric rafferty,ceo,remedios h. maglaya,tenet healthcare corporation,0,05-0594,hsc30594h,hsp30594h,188,181,181,7148,1828,8282,2074,934,123,4809,54,736,25988,783,369,1843,593,196,24,983,9,157,4957,97,91,0,0,0,0,11321,14667,0,0,0,0,3495,1462,0,0,0,0,64.59999999999999,67.09999999999999,5.2,5.2,5,2712,735,3719,1213,18820,5911,2448,724,13532,230,2534,49131,12303,16837,0,20494,0,4,86280,94200,707,676,2420,209210853,168939599,0,40271254,341915,40359179,253990,27627,0,0,0,281617,47723882,7801385,153685586,41531397,17405805,41711380,15499243,6703986,890659,36464241,393229,5279770,165879710,6223466,1736914,8755585,5519447,1083463,571131,18548569,187599,704969,43331143,36413485,17750351,40829032,19158647,-1382739,6354968,1027489,39242974,5132604,0,3763087,0,649701,0,0,0,0,11341378,1392368,7856863,1841593,1432481,434301,15769836,0,202434,0,0,0,0,0,0,9728282,2396468,11567804,0,0,0,67336,5027413,2561671,6450345,2559860,14353574,4833126,737926,2911697,6159649,6532343,1193981,575318,1924951,2411,1134203,20355556,0,24244166,286401,0,617404,45503527,12128684,0,0,33374843,45503527,4240,16436068,12579306,33284558,9040392,0,0,0,0,0,3967736,0,293,489,144,566976,69619,636595,76,4,48195,104604,166983,35519,56332,104396,7566,2552,40797,32,272157,55609,111815,0,48692,25540,53163,0,305516,62718,128014,0,52734,28628,58985,0,,2003
106301566,western medical center-santa ana,6/1/2002,5/31/2003,365,audited,excl. ind. audit,orange,13,1015,investor,general,comparable,,(714)835-5555,1001 north tustin avenue,santa ana,92705-3502,dan brothman,ceo,remedios h. maglaya,tenet healthcare corporation,2,05-0065,hsc30065f,zzt30065f,280,280,280,18293,5407,11287,8477,3174,1157,15723,264,1144,64926,2405,1116,2560,2629,469,261,4350,59,259,14108,252,28,0,0,0,0,58209,6717,0,0,0,0,13648,460,0,0,0,0,63.5,63.5,4.6,4.6,16,5578,2882,8520,3822,25709,8736,2082,3088,33051,973,4513,90494,25037,15684,0,52861,0,13,528660,241980,3825,2904,13844,942928453,781632694,10693076,171988835,978609,146285176,26682268,585060,311453,0,0,26955875,236739367,19954008,686235078,200763553,78589995,118235053,98411779,42028958,15323375,245610572,3503244,15149137,817615666,20534584,8396991,12282017,13502487,1724797,2614673,62769374,879573,2608291,125312787,183350694,67817614,114478705,104299629,-3684602,41297543,14586481,233799301,12555259,0,8594497,0,4537573,0,9867910,0,825166,37947443,19169372,15574119,17419715,2456212,3351567,75405811,0,664596,0,0,0,0,0,0,30742589,7053177,53394609,0,0,0,735016,18904268,9120586,19293758,7041173,50609836,14920175,4063316,7408677,27302199,25299252,5403384,1865369,3848526,55202,5509240,125663262,0,81898880,569349,55680,27494495,235681666,21297305,0,0,214384361,235681666,12461,60306122,29779828,108336993,26438113,0,0,0,0,0,88946244,0,1267,979,756,1910054,249791,2159845,225,9,143216,322674,666396,38511,181802,384461,30861,18463,113177,10493,736125,127092,622398,979,177589,88280,157591,0,828159,142698,714533,1049,201498,96525,175383,0,,2003
106301566,western medical center-santa ana,6/1/2003,12/31/2003,214,audited,excl. ind. audit,orange,13,1015,investor,general,comparable,,(714)953-3500,1001 north tustin avenue,santa ana,92705-3502,dan brothman,ceo,remedios h. maglaya,tenet healthcare corporation,2,05-0065,hsc30065f,zzt30065f,280,280,280,10821,3200,7391,5473,1701,238,7937,251,673,37685,1421,766,1933,1388,506,71,1998,74,201,8358,252,28,0,0,0,0,33533,4152,0,0,0,0,8086,272,0,0,0,0,62.9,62.9,4.5,4.5,16,3664,1919,4745,1641,7301,5123,1351,721,15692,535,2913,40022,15475,10365,0,15681,0,11,274860,154260,3986,2095,8405,538677184,470661527,8051153,76066810,410230,90629971,-14152931,297073,69364,0,0,-13925222,135564519,13267535,389845130,124788683,46334540,72647430,55551894,24515269,3450885,123169726,3629383,9697300,463785110,12977285,4438645,7943537,8429396,1365483,729654,36242930,609717,2155427,74892074,126414745,42101339,69584640,60501588,-1810907,23895422,3466521,127863938,9866756,0,7154085,0,1623400,0,7438744,0,612409,11351223,8671846,9911368,10909327,1985330,714018,32161127,0,362571,0,0,0,0,0,0,18453288,4309429,31125953,0,0,0,345972,11223292,5752272,13672761,5747004,30075144,10129879,2351126,5609020,15787159,15591295,3222838,1044004,3780302,7063,3032141,112655653,0,79200192,91722,360474,27372704,219680745,21822508,0,0,197858237,219680745,29943,60552575,29025443,107829061,28628869,0,0,0,0,0,89751329,0,1229,1056,631,1211347,158692,1370039,223,9,89583,204639,420898,22403,113271,247939,18654,12049,80512,1399,473012,82714,386724,586,113052,60387,94872,0,529216,93764,443794,663,129940,66541,106121,0,,2003
106190878,white memorial medical center,1/1/2003,12/31/2003,365,audited,excl. ind. audit,los angeles,11,0925,non-profit,general,comparable,teaching,(323)268-5000,1720 caesar e. chavez dr,los angeles,90033-2414,beth d. zachary,ceo,lucy lu,adventist health,0,05-0103,hsc30103f,,350,350,273,25942,6256,40876,9240,0,626,10438,2053,681,96112,4434,950,7515,1813,0,110,2013,401,132,17368,252,35,0,22,41,0,68569,10727,0,4525,12291,0,14084,2092,0,373,819,0,75.2,75.2,5.5,5.1,34,6651,2914,26355,7716,27441,28356,0,2397,36263,1635,18328,148491,52166,16884,0,82663,0,16,443311,668029,3249,8205,0,555180582,397065882,9981610,168096310,5502020,175566871,-1968541,14816688,1874442,0,0,10973705,127264577,36014003,391902002,118982537,30861709,161783963,41764703,0,2940222,52516580,4774785,3370429,416994928,27207318,8422780,26487546,24964490,0,2104364,36516503,1582289,10900364,138185654,89987451,30667684,132849631,57535014,-19496266,0,3876807,66378891,13548173,0,21763697,-45200,0,3682266,6070626,0,228718,56202404,12299071,61372237,13404089,0,1167779,22882910,45200,722620,0,1352412,68384,11392595,0,0,36522038,7798133,51260672,0,0,0,5861009,24691670,7311384,32936240,9185725,73936910,17856938,8827088,9181851,27053557,19449059,9261462,1499986,1808442,205183,6486395,154098021,127240037,75936782,48106639,19816655,239192,425437326,28893618,30494067,30036757,336012884,425437326,110801950,118076206,53640541,178459356,102522574,0,102061,721000,30138818,102061,19897444,33156500,1729,1357,621,2521184,374941,2896125,397,67,212593,616115,617025,75891,244900,475460,137658,68351,53491,19700,842692,127102,623424,25371,324356,213416,364823,0,968986,150494,713132,28965,368899,240885,424764,0,,2003
106190883,whittier hospital medical center,6/1/2002,5/31/2003,365,audited,excl. ind. audit,los angeles,11,0919,investor,general,comparable,,(562)945-3561,9080 colima road,whittier,90605-1803,sandra chester,ceo,remedios h. maglaya,tenet healthcare corporation,0,05-0175,hsc30175g,,181,181,181,9663,6194,12983,4361,0,642,5717,29,566,40155,1626,1608,1601,1819,0,245,1986,10,220,9115,159,0,0,0,22,0,32361,0,0,0,7794,0,9101,0,0,0,14,0,60.8,60.8,4.4,3.6,20,4332,2070,5398,7805,5383,5196,0,4644,23194,135,901,52656,25658,0,0,32886,0,5,191854,202578,1741,2660,6598,526186376,454174630,1334014,73345760,908801,72669402,1585159,635835,526690,0,0,1694304,85320004,25850150,415016222,95367362,73500133,107094438,31657045,0,8032216,68383670,371905,7087945,391494714,15876922,22747296,10845602,11102309,0,10110278,61891919,222122,1895214,134691662,96714350,79095297,99226657,37591590,0,0,14915783,109231842,6618510,0,9480446,0,1300155,0,1334014,0,0,14529934,17152132,11597004,4731738,0,3226711,21043747,0,1064494,0,0,0,0,0,0,15362843,2794039,25424822,0,0,0,0,8999698,6312682,10815099,2960219,28778567,9159302,1813578,1274708,11846504,12690222,1897953,1072030,1488147,34529,2613862,49710532,0,30294950,160941,4870138,7384030,92420591,7184947,0,0,85235644,92420591,111546,27420504,10825199,40912202,10617252,0,0,0,0,0,26348837,0,750,590,325,1116586,134004,1250590,485,0,72883,207819,305800,49106,105662,275246,68853,7236,23685,296,379947,67857,323880,0,154703,77881,112318,0,428849,75954,366696,0,170685,85326,123080,0,,2003
106190883,whittier hospital medical center,6/1/2003,12/31/2003,214,audited,excl. ind. audit,los angeles,11,0919,investor,general,comparable,,(562)945-3561,9080 colima road,whittier,90605-1803,jeff comer,ceo,remedios h. maglaya,tenet healthcare corporation,0,05-0175,hsc30175g,,181,181,181,6124,3664,7485,1958,0,389,2731,118,511,22980,1078,1252,788,693,0,125,1008,37,163,5144,159,0,0,0,22,0,18373,0,0,0,4607,0,5137,0,0,0,7,0,59.3,59.3,4.5,3.6,20,2660,1263,3609,5608,20950,4823,0,2995,15384,59,616,54044,15227,17841,0,16494,0,5,105185,110581,961,1446,4255,309893713,273410666,605679,37088726,436305,45957872,-8432841,282084,200254,0,0,-8351011,48682362,15403891,245807460,55003870,38507960,69293351,18816176,0,4567978,33820184,1392319,5990268,227392106,7996113,14056836,6764271,8094507,0,5917122,38668287,98028,906443,82501607,58306526,43207178,63205272,23569761,0,0,8620666,62226060,5911829,0,7925708,0,437666,0,605679,0,0,4693457,9357618,7643747,2719843,0,1864434,10262411,0,547216,0,0,0,0,0,0,9899720,1935109,15488243,0,0,0,47155,5597013,4136732,6620050,2233850,17755521,6359441,1208308,514405,7061607,8308437,1162056,690749,1348454,0,1548894,40480225,0,29739496,229949,4797473,7328994,82576137,6950439,0,0,75625698,82576137,81199,27755922,10991898,41414319,11674823,0,0,0,0,0,24626793,0,837,659,452,717337,94619,811956,259,2,58565,130658,205765,29350,69358,167915,43485,3951,7271,1019,256553,43393,198715,1805,97464,47196,72211,0,291245,49732,227984,2132,108026,52037,80800,0,,2003
106571086,woodland memorial hospital,7/1/2002,6/30/2003,365,audited,excl. ind. audit,yolo,02,0313,non-profit,general,comparable,,(530)662-3961,1325 cottonwood st,woodland,95695,bill alger,interim president,stephen shahbazian,woodland memorial hospital,0,05-0127,hsc00127f,zzr01027f,111,111,111,5426,2093,1635,1408,147,57,4078,0,279,15123,1157,542,457,615,52,22,1695,0,83,4623,103,8,0,0,0,0,13069,2054,0,0,0,0,4379,244,0,0,0,0,37.3,37.3,3.3,3.3,0,0,0,12588,6929,11644,5381,213,1386,20727,0,4615,63483,20234,0,18149,9836,0,10,175044,288062,1570,5323,0,167812895,129715775,16584721,54681841,4487982,56055672,3114151,1993871,225483,0,0,4882539,34333747,21330268,112148880,33802165,14820697,5700780,7560455,792892,262078,32328099,0,3096416,98363582,15350553,7915565,2469572,7364412,382998,433992,30223142,0,5309079,69449313,36847769,16437123,4549265,8352129,0,624543,488708,57084139,3476803,0,1855296,0,0,0,0,0,16584721,10755960,6299139,3621087,6572738,551347,195425,20222330,0,6463815,0,-8703539,0,98427,0,0,8273074,4819883,16721603,0,0,0,0,8407891,1013355,12567192,4252674,18140653,5772680,33392,4791365,9809262,10635943,3368950,796830,0,1118639,1587958,7637000,0,16962710,830886,496000,0,25926596,26481175,0,14168421,-14723000,25926596,5000,21216544,16937272,43006710,26044000,0,2377953,0,15791421,1623000,0,19601000,461,461,262,917691,114123,1031814,98,0,96573,197526,141317,20033,60371,195861,55239,78447,71867,457,207055,104451,214976,0,164110,30400,196699,0,229314,118506,242412,0,184235,36128,221219,0,,2003
