fac_no,fac_name,beg_date,end_date,day_per,data_ind,audit_ind,county,hsa,hfpa,type_cntrl,type_care,type_hosp,teach_rurl,phone,address,city,zip_code,ceo,ceo_title,web_site,owner,rpt_prep,org_name,er_desig,mcar_pro,mcal_pro,reg_mcal,bed_lic,bed_avl,bed_stf,day_mcar_tr,day_mcar_mc,day_mcal_tr,day_mcal_mc,day_cnty,day_thrd_tr,day_thrd_mc,day_oth_ind,day_oth,day_tot,dis_mcar_tr,dis_mcar_mc,dis_mcal_tr,dis_mcal_mc,dis_cnty,dis_thrd_tr,dis_thrd_mc,dis_oth_ind,dis_oth,dis_tot,bed_acute,bed_psych,bed_chem,bed_rehab,bed_ltc,bed_resdnt,day_acute,day_psych,day_chem,day_rehab,day_ltc,day_resdnt,dis_acute,dis_psych,dis_chem,dis_rehab,dis_ltc,dis_resdnt,occ_lic,occ_avl,alos_all,alos_exltc,bas_nursry,day_nursry,dis_nursry,vis_mcar_tr,vis_mcar_mc,vis_mcal_tr,vis_mcal_mc,vis_cnty,vis_thrd_tr,vis_thrd_mc,vis_oth_ind,vis_oth,vis_tot,vis_er,vis_clin,vis_home,vis_ref_op,day_pips,op_room,op_min_ip,op_min_op,surg_ip,surg_op,nat_births,c_sections,gr_pt_rev,ded_fr_rev,tot_cap_rev,net_pt_rev,oth_op_rev,tot_op_exp,net_frm_op,nonop_rev,nonop_exp,inc_tax,ext_item,net_income,gr_rev_dly,gr_rev_amb,gr_rev_anc,gr_ip_mcar_tr,gr_ip_mcar_mc,gr_ip_mcal_tr,gr_ip_mcal_mc,gr_ip_cnty,gr_ip_thrd_tr,gr_ip_thrd_mc,gr_ip_oth_ind,gr_ip_oth,gr_ip_tot,gr_op_mcar_tr,gr_op_mcar_mc,gr_op_mcal_tr,gr_op_mcal_mc,gr_op_cnty,gr_op_thrd_tr,gr_op_thrd_mc,gr_op_oth_ind,gr_op_oth,gr_op_tot,c_adj_mcar_tr,c_adj_mcar_mc,c_adj_mcal_tr,c_adj_mcal_mc,disp_855,c_adj_cnty,c_adj_thrd_tr,c_adj_thrd_mc,bad_debt,char_hb,char_oth,sub_indgnt,ded_oth,cap_rev_mcar,cap_rev_mcal,cap_rev_cnty,cap_rev_thrd,netrv_mcar_tr,netrv_mcar_mc,netrv_mcal_tr,netrv_mcal_mc,netrv_cnty,netrv_thrd_tr,netrv_thrd_mc,netrv_oth_ind,netrv_oth,disp_trnfr,inter_tfr,contribtns,inc_invest,dist_rev,cnty_appro,exp_dly,exp_amb,exp_anc,exp_pip,exp_pop,exp_res,exp_ed,exp_gen,exp_fisc,exp_adm,exp_unassg,exp_sal,exp_ben,exp_phys,exp_othpro,exp_supp,exp_purch,exp_depre,exp_leases,exp_insur,exp_intrst,exp_oth,cur_asst,asst_limtd,net_ppe,const_prog,inv_oth,intan_asst,tot_asst,cur_liab,def_cred,net_ltdebt,equity,liab_eq,cash,accts_rec,allow_uncoll,bldgs,equipment,tot_ppe,acc_depre,mort_pay,cap_lease,bond_pay,tot_ltdebt,cur_mat,inter_rec,inter_pay,hosp_fte,nurs_fte,prod_hrs,non_prd_hr,paid_hrs,med_staff,stdnt_fte,prd_hr_mgt,prd_hr_tch,prd_hr_rn,prd_hr_lvn,prd_hr_aid,prd_hr_clr,prd_hr_env,prd_hr_oth,cnt_hr_rn,cnt_hr_oth,prd_hr_dly,prd_hr_amb,prd_hr_anc,prd_hr_ed,prd_hr_gen,prd_hr_fis,prd_hr_adm,prd_hr_non,pd_hr_dly,pd_hr_amb,pd_hr_anc,pd_hr_ed,pd_hr_gen,pd_hr_fis,pd_hr_adm,pd_hr_no,year
106431013,agnews state hospital,7/1/2004,6/30/2005,365,audited,incl. ind. audit,santa clara,07,0431,state,specialty,state,,(408)461-6000,3500 zanker road,san jose,95114,harold pitchford,executive director,,dept of developmental services,gale nagato,dept of developmental services,0,,,,919,919,350,247,0,124333,0,0,207,0,0,1989,126776,0,0,55,0,0,0,0,0,0,55,24,0,0,0,895,0,841,0,0,0,125935,0,0,0,0,0,55,0,37.8,37.8,2305,0,0,0,0,0,0,0,0,0,0,0,0,0,0,0,0,0,0,0,0,0,0,0,0,0,0,102555865,4917434,0,97638431,0,102555865,-4917434,4917434,0,0,0,0,95946959,0,6608906,0,0,0,0,0,0,0,0,0,0,0,0,0,0,0,0,0,0,0,0,6549,0,6253,0,0,0,0,0,0,0,0,0,4904632,0,0,0,0,0,0,0,0,0,0,0,0,0,0,0,0,0,0,0,0,0,0,0,0,0,0,0,0,0,0,0,0,0,0,0,0,0,0,0,0,0,0,0,0,0,0,0,0,0,0,0,0,0,0,0,0,0,0,0,0,0,0,0,0,0,0,0,0,0,0,0,0,41,0,0,0,0,0,0,0,0,0,0,0,0,0,0,0,0,0,0,0,0,0,0,0,0,0,0,0,2005
106010846,alameda county medical center,7/1/2004,6/30/2005,365,audited,excl. ind. audit,alameda,05,0417,city/county,general,comparable,teaching,(510)534-8055,1411 east 31st street,oakland,94602-1018,wright lassiter  iii,ceo,www.acmedctr.org,county of alameda,stan quan,toyon associates  inc.,2,05-0320,hsc00320g,zzr00320f,475,475,311,22317,265,55344,5736,7555,1924,0,5889,11909,110939,1946,74,5101,1089,1674,314,0,923,2703,13824,236,80,0,50,109,0,41631,24215,0,8127,36966,0,10131,3239,0,358,96,0,64,64,8,5.4,20,2933,1301,45536,663,65076,18043,86749,14291,0,9753,11502,251613,86935,128276,0,36436,339,7,389373,186664,2226,1673,1245,268,536965373,160375311,0,376590062,81692650,348673413,109609299,5712365,362106,0,0,114959558,296736805,66655893,173572675,54255139,2570773,219000627,28935859,46600875,18608415,0,24826933,23509278,418307899,16922420,316372,29363602,7986435,46593517,6525802,0,4964686,5984640,118657474,28945196,663226,103548473,26518083,-88657665,23644608,6843756,0,17033621,0,29791619,0,12044394,0,0,0,0,41712435,2223919,233473421,10404211,69549784,17449147,0,0,1777145,105753031,0,0,450454,0,5221380,74635538,46086617,60054689,3300673,0,0,27374019,58955562,17955117,44633957,15677241,131328504,67559390,29165831,31786559,29500187,27731218,14963350,2631584,1115450,4618049,8273291,109847638,0,202012124,744612,0,0,312604374,261031552,0,10294538,41278284,312604374,23507656,122846942,-96375346,225441407,86135848,317456444,115444320,10438013,1214965,0,11652978,1358440,13840262,185056391,2042,541,4015390,659539,4674929,380,105,239802,847088,678285,178341,268429,659184,327404,389970,403170,23717,1194690,700157,499090,267247,704338,286271,363597,0,1365212,807557,592718,278925,834708,351187,444622,0,2005
106010735,alameda hospital,7/1/2004,6/30/2005,365,audited,incl. ind. audit,alameda,05,0417,district,general,comparable,,(510)522-3700,2070 clinton avenue,alameda,94501-4320,kerry easthhope,associate administrator,www.alamedahospital.org,city of alameda healthcare district,ruth bolz,alameda hospital,0,05-0211,hsc00211f,zzr00211f,135,135,135,9916,1191,6590,361,0,1634,1924,154,652,22422,1543,314,210,92,0,352,430,34,121,3096,100,0,0,0,35,0,12454,0,0,0,9968,0,2990,0,0,0,106,0,45.5,45.5,7.2,4.2,0,0,0,10780,5311,2516,2975,0,6166,13671,2004,2378,45801,16950,0,0,30080,0,16,164950,145425,968,3239,0,0,221321373,176823123,0,44498250,232205,51734251,-7003796,6154081,104833,0,0,-954548,68664027,11235992,141421354,66789625,15108685,26763065,2318190,0,7098422,26020857,964836,3759622,148823302,18988403,9105403,3235153,3448110,0,9674945,22659675,2462728,2923654,72498071,67034717,20386644,26044339,5156398,0,0,11225195,35993918,822713,0,3627564,0,6531635,0,0,0,0,18735169,3827444,3163303,604352,0,5445373,12567512,0,155097,0,0,200000,0,5734321,0,12991398,2727727,14035763,0,0,0,0,8518688,2867237,8367810,2225628,21788083,12066333,1201784,3309235,4508068,2604184,2060290,426522,669709,99275,3000768,7910418,4617416,8338767,776108,0,0,21642709,8959476,0,2045416,10637817,21642709,226168,34697443,-28653359,25564289,12520220,38631558,30292791,0,2045416,0,2045416,0,0,0,370,124,684874,109167,794041,214,0,66239,155273,177845,15820,63485,115762,60295,4893,12408,12854,210553,37683,171039,0,131620,62428,71551,0,246743,43256,199338,0,149989,70378,84337,0,2005
106190017,alhambra hospital - alhambra,7/1/2004,6/30/2005,365,audited,excl. ind. audit,los angeles,11,0913,investor,general,comparable,,(626)570-1606,100 south raymond avenue,alhambra,91802,david chu,ceo,,alhambra limited partnership,robert c. perkins,hospital management services,0,05-0281,hsc30281f,,144,144,144,18853,1636,15738,455,0,96,1201,384,690,39053,2310,400,1048,134,0,19,316,43,154,4424,101,0,0,17,26,0,25901,0,0,3890,9262,0,4176,0,0,231,17,0,74.3,74.3,8.800000000000001,6.8,0,0,0,4578,1600,2288,2268,0,232,2992,231,4585,18774,13819,0,0,6618,0,5,43959,65408,680,1275,0,0,156264139,99878593,3313602,59699148,589471,54521651,5766968,78540,173173,0,0,5672335,49004064,4664204,102595871,68758266,7115206,41128590,1670970,0,434785,4870357,992773,3175042,128145989,10128793,2222672,3688040,1860481,0,1251722,6050490,126096,2789856,28118150,43457366,6086507,35891182,2818621,-2296955,0,195087,4992449,4647949,0,1118869,0,2967518,2629370,563675,0,120557,33344631,5880741,11008192,1276505,0,1491420,3879463,0,2818196,0,0,1332,77208,0,0,15669538,2566859,15290363,0,0,0,0,8180835,1682361,7989901,3141794,21706522,5948331,629500,4410032,7901311,7670348,1207794,2529728,604898,75206,1837981,21238406,0,0,0,10000000,828609,32067015,22230086,0,0,9836929,32067015,6092443,16502156,-7845604,0,0,0,0,0,0,0,0,0,0,0,477,201,953869,73672,1027541,111,0,36752,171237,245882,52837,119552,222327,40186,29767,35329,0,417006,36568,190775,0,153107,63164,93249,0,449703,38490,205192,0,162681,69533,101942,0,2005
106010739,alta bates summit med ctr-alta bates campus,1/1/2005,12/31/2005,365,audited,incl. ind. audit,alameda,05,0415,non-profit,general,comparable,,(510)204-4444,2450 ashby avenue,berkeley,94705,robert petrina,cfo,www.altabates.com,sutter health,bharatha naotunne,sutter health,0,05-0305,hsc00305f,zzr00305f,559,512,512,36884,7100,53455,7121,0,36645,4690,934,740,147569,4836,1108,6068,2804,0,10085,1617,194,254,26966,353,105,0,42,59,0,92333,27616,0,10289,17331,0,22867,3369,0,646,84,0,72.3,79,5.5,4.8,35,14687,6836,57532,12220,14222,5478,0,138233,16847,1271,7805,253608,41558,27157,0,102720,0,13,915276,810714,9648,8546,7238,362,1717590280,1289350544,45966376,474206112,16534779,461694880,29046011,2841381,3189337,0,0,28698055,653587700,65822494,998180086,327344635,78533510,413547953,74792508,0,349466319,56879535,12371726,8902290,1321838476,98413123,26578408,33727880,15960762,0,179815052,28711696,2682388,9862495,395751804,360295884,101004628,364621285,44986044,0,0,298587382,85780098,19021109,0,15054114,0,0,20142320,0,0,25824056,65205550,24249610,82654548,45767226,0,230693989,25635189,0,0,0,0,400461,49028,0,0,116380067,14274322,168216481,0,0,556535,0,61202736,10586163,73324808,17153768,146172111,89688936,15404240,18719433,42434604,113622487,15967682,1072940,4125841,3805689,10680917,82821842,850714,114623072,12413132,14225078,4226719,229160557,38190879,6885929,113078415,71005334,229160557,7984080,308241167,-241834961,196723401,133743487,345717213,231094141,0,261530,115542409,115803939,2725524,1725935,0,2077,720,3858160,751268,4609428,534,0,203685,898801,1144437,154508,198568,634341,330026,5363,230566,57865,1519551,186176,1021281,8802,664006,141148,317196,0,1862600,214740,1197821,9723,784504,165206,374834,0,2005
106010937,alta bates summit med ctr-summit-hawthorne,1/1/2005,12/31/2005,365,audited,incl. ind. audit,alameda,05,0417,non-profit,general,comparable,,(510)655-4000,350 hawthorne avenue,oakland,94609-3108,warren kirk,ceo,www.altabates.com,sutter health,matthew sur,toyon associates  inc.,0,05-0043,hsc00043f,,411,411,245,42343,8759,11872,2500,0,792,19663,2038,60,88027,7339,1387,2217,467,0,135,3517,381,11,15454,353,10,0,0,48,0,73169,2251,0,0,12607,0,13664,727,0,0,1063,0,58.7,58.7,5.7,5.2,0,0,0,28960,5058,16517,11824,0,3722,44929,2282,4609,117901,39719,14107,0,51292,0,20,1422627,1735331,5407,7642,0,0,1368337556,1064254667,0,304082889,33219919,330947057,6355751,8925401,2774724,0,0,12506428,349511996,54996013,963829547,412048712,87796618,126898011,32776584,0,12617882,366427631,21753911,660225,1060979574,88057054,14850808,28887763,27559913,0,9828826,127461549,4497710,6214359,307357982,332501758,68246466,135960263,52657991,0,0,19157226,421511460,6874584,0,27344919,0,0,0,0,0,0,167604008,34400960,18732213,7678506,0,3289482,72377720,0,0,0,-5127231,3157242,1855142,0,0,79873161,15549130,113341286,0,0,0,28128721,46361629,8933493,24533264,14226373,120363615,52870749,5854456,26946341,59543102,29880787,16649162,1629412,535921,4253420,12420092,97775202,37144367,126978555,9836197,5903444,0,277637765,81131952,0,97823528,98682285,277637765,27368304,237241202,-188230967,300075355,97517986,418907617,291929062,0,0,94795558,102992157,5168629,1827771,0,1644,525,3415421,430398,3845819,459,1,191653,623066,770045,62422,260282,604055,415860,61356,406170,20512,1211433,174550,766930,248178,631595,161381,221354,0,1335187,189409,871655,299143,713312,180955,256158,0,2005
106370652,alvarado hospital medical center,1/1/2005,12/31/2005,365,audited,excl. ind. audit,san diego,14,1418,investor,general,comparable,,(619)287-3270,6655 alvarado road,san diego,92120,mark palmer,ceo,www.alvaradohospital.com,tenet healthcare corporation,remedios h. maglaya,tenet healthcare corporation,0,05-0583,hsc30583h,hsp40583h,305,285,285,31549,2128,6898,596,1164,1676,11455,444,680,56590,4207,472,883,115,195,275,2017,78,188,8430,225,0,0,50,30,0,42485,0,0,5970,8135,0,7342,0,0,441,647,0,50.8,54.4,6.7,6.2,0,0,0,48685,1963,10236,3533,1468,6919,26591,334,5479,105208,22626,50081,3590,30560,0,8,391320,414000,2569,3882,0,0,724574042,604051227,5934744,126457559,2427976,133037693,-4152158,2411099,1299365,0,0,-3040424,125827080,32219321,566527641,296517760,27625978,72449864,7540755,11500599,16150952,114472242,4975018,9921496,561154664,58362243,5351199,13512913,5613750,2569633,8513094,54329195,656242,14511109,163419378,309378810,30672816,74524378,12091707,0,12360600,18157165,118155907,8811033,0,6110314,-4721,13793218,3320065,0,0,2614679,45308933,5606560,10782030,1041509,1709632,6346209,52160564,76023,3426099,0,0,0,3343,0,0,28804634,8824391,47894753,0,0,0,0,16986701,7826159,16808972,5892083,47504074,18291013,481426,6327989,26559903,21398251,5817859,1654725,881962,0,4120491,24699568,0,42876076,1042288,124566710,329919,193514561,13286089,161371,0,180067101,193514561,0,58073460,-36201052,48612097,51036244,103867675,60991599,0,0,0,0,0,120124023,0,814,293,1575121,186473,1761594,421,0,130664,425730,444711,41026,124056,310121,14425,15252,67136,2000,542367,189663,457692,0,136994,72938,175467,0,616913,209272,509008,0,149989,81928,194484,0,2005
106370749,alvarado parkway institute bhs,1/1/2005,12/31/2005,365,audited,excl. ind. audit,san diego,14,1422,investor,psychiatric,comparable,,(619)465-4411,7050 parkway drive,la mesa,91941-1535,roy rodriguez,ceo,http://alvaradoparkwayinstitute.com,helix healthcare,loretta masi,pacific hospital management,0,05-4075,,hsp34075g,66,66,66,15362,269,273,0,0,2115,2382,0,1067,21468,1640,29,29,0,0,226,254,0,114,2292,0,66,0,0,0,0,0,21468,0,0,0,0,0,2292,0,0,0,0,89.09999999999999,89.09999999999999,9.4,9.4,0,0,0,27793,91,68,0,0,546,5612,0,741,34851,0,0,0,0,0,0,0,0,0,0,0,0,40256096,22252370,0,18003726,64719,18094800,-26355,124309,0,0,0,97954,21335666,16084251,2836179,17589379,289931,283951,0,0,2174245,2549430,0,1095127,23982063,14291590,30314,34394,0,0,183644,1505067,0,229024,16274033,17451077,273941,213238,0,0,0,1316974,2243432,570192,0,88136,0,95380,0,0,0,0,13978326,41768,100598,0,0,1007518,1753636,0,1121880,0,0,0,0,0,0,4289024,2962550,605182,0,0,0,0,3333344,1342186,3539664,2022850,8677334,2151124,0,13854,1078685,2221494,289959,1811284,195963,327030,1328073,4133619,0,1358353,0,0,977708,6469680,5648406,0,0,821274,6469680,277572,6694827,-3270071,1404433,856057,2260490,902137,0,0,0,0,0,0,2299485,207,87,425664,5452,431116,82,0,25325,111139,49076,41424,90386,56347,48107,3427,433,0,171985,81827,0,0,86620,34967,50265,0,173908,83299,0,0,87648,35474,50787,0,2005
106194010,american recovery center,7/1/2004,6/30/2005,365,audited,excl. ind. audit,los angeles,11,0917,non-profit,specialty,comparable,,(909)865-2336,2180 w. valley blvd.,pomona,91768-3325,booker bledsoe,administrator,,behavioral health services  inc,andrew e. worrell,behavioral health sciences  inc.,0,,,,156,156,156,0,0,0,0,33059,0,0,38,0,33097,0,0,0,0,1631,0,0,6,0,1637,0,0,156,0,0,0,0,0,33097,0,0,0,0,0,1637,0,0,0,58.1,58.1,20.2,20.2,0,0,0,0,0,0,0,5424,0,0,0,0,5424,0,0,0,0,0,0,0,0,0,0,0,0,5718118,136183,0,5581935,27689,5766450,-156826,0,0,0,0,-156826,5351959,366159,0,0,0,0,0,5332661,0,0,19298,0,5351959,0,0,0,0,366159,0,0,0,0,366159,0,0,0,0,0,40699,0,0,95484,0,0,0,0,0,0,0,0,0,0,0,0,5562637,0,0,19298,0,0,0,0,0,0,0,2183461,256183,0,0,0,0,0,1489721,212423,1107569,517093,2426538,870949,0,356989,440809,908783,84651,30851,53328,263575,329977,3297815,0,2742547,0,487715,0,6528077,5246191,0,0,1281886,6528077,977909,539727,0,2698933,305593,4091269,1348722,0,0,0,0,0,1039819,0,79,14,143205,21043,164248,0,0,19486,1722,8461,20030,0,21223,22306,49977,0,0,75035,11491,0,0,36743,10706,9230,0,85133,12910,0,0,42603,12677,10925,0,2005
106301097,anaheim general hospital,9/1/2004,8/31/2005,365,audited,excl. ind. audit,orange,13,1012,investor,general,comparable,,(714)827-8700,3350 west ball road,anaheim,92804-3710,joshua luke,ceo,,pacific health corporation,larry natsume,pacific health corporation,0,05-0173,hsc30173h,hsp30173h,143,143,126,12765,209,2451,7367,337,353,515,1267,7,25271,1822,31,601,200,70,80,110,273,1,3188,101,21,0,0,21,0,11550,6602,0,0,7119,0,2588,571,0,0,29,0,48.4,48.4,7.9,5.7,14,1086,518,7523,318,1021,2959,300,857,1262,2553,154,16947,11842,15,0,0,0,3,27800,30068,461,873,373,150,177658586,144155835,0,33502751,77100,35434998,-1855147,1093017,925613,0,0,-1687743,52140637,10866546,114651403,67855909,2020860,15278810,40406258,2074783,2375222,4121322,8700336,35442,142868942,12883105,426236,4244716,3991587,1265011,3401464,4422604,4071044,83877,34789644,62579297,1271679,16977594,39254359,0,2395175,4641746,6565886,0,0,10350780,0,119319,0,0,0,0,18089416,1129560,2523947,5101052,944619,953708,1965560,2794889,0,0,0,0,570892,0,0,11830005,2049389,9681768,0,0,0,0,4225756,1492243,4799318,1356519,18098653,4378561,164599,765698,4603126,3146745,634981,1547518,424991,418953,1251173,7780257,0,2351937,930837,276675,0,11339706,36308958,0,3707957,-28677209,11339706,91443,49951566,-44457717,9428467,13651204,23489527,21137590,0,0,0,3707957,0,0,28306565,379,149,702157,89605,791762,259,0,36737,118919,163661,56697,88966,141811,92829,0,2537,0,273778,50858,136782,0,128555,53931,58253,0,315466,54885,155808,0,140862,59217,65524,0,2005
106301098,anaheim memorial medical center,7/1/2004,6/30/2005,365,audited,incl. ind. audit,orange,13,1012,non-profit,general,comparable,,(714)774-1450,1111 west la palma avenue,anaheim,92801-3005,melinda d. beswick,president/ceo,www.memorialcare.org,memorial health services,donna j. anglin,memorial health services,0,05-0226,hsc30226f,zzt30226f,217,217,163,19969,12653,2759,3616,1220,360,14842,1067,2840,59326,3404,3222,506,952,187,77,4292,205,722,13567,217,0,0,0,0,0,59326,0,0,0,0,0,13567,0,0,0,0,0,74.90000000000001,74.90000000000001,4.4,4.4,10,3212,1655,16959,11000,3496,12103,2092,1366,38329,630,14873,100848,49587,0,0,55131,5473,6,651585,446528,2821,3489,1278,502,695272717,563880683,17089227,148481261,1159704,160135662,-10494697,3247473,1849321,0,0,-9096545,111166873,26433146,557672698,168924418,109666269,26122712,29728913,16134858,3534862,145429846,2243732,14943839,516729449,32043404,26014095,5555442,17191140,3572388,1917705,79973327,873212,11402555,178543268,163293621,107950847,25373399,34688276,0,17642502,3914200,170128013,13012987,0,13641982,0,14234856,17089227,0,0,0,36164917,43805067,1931348,4147905,2064744,1087150,51307284,685841,7287005,0,0,322700,327382,0,0,32593517,6705989,63796761,3217724,2964262,0,0,23415291,7228794,17843513,2369811,46744466,19997134,2197833,13565969,32746913,30412185,6811198,3165793,443711,605893,3444567,32411081,0,39841187,2096354,3313844,0,77662466,38568539,0,4824067,34269860,77662466,247837,135914017,-111628356,35206940,44354207,113655404,73814217,0,30922,0,4841348,17281,0,1868244,943,277,1999045,168216,2167261,222,0,136914,273205,478483,73335,24507,476686,0,330461,174918,30536,727526,115047,659686,0,168733,125693,190261,12099,782272,122121,720511,0,184573,135848,208706,13230,2005
106190034,antelope valley hospital medical ctr,7/1/2004,6/30/2005,365,audited,incl. ind. audit,los angeles,11,0901,district,general,comparable,,(661)949-5000,1600 west avenue j,lancaster,93534-2814,les wong,ced,www.avhospital.org,antelope valley hospital district,jane gordon,antelope valley hospital district,0,05-0056,hsc30056f,zzt30056f,341,309,309,27784,8776,19281,8787,0,0,20549,373,6076,91626,4708,2312,4211,3032,0,0,6207,89,1867,22426,279,30,0,0,32,0,88351,3275,0,0,0,0,21660,766,0,0,0,0,73.59999999999999,81.2,4.1,4.1,32,11141,4987,92730,8064,43788,51175,0,0,57784,750,20490,274781,99785,13344,7973,165429,0,9,433185,213960,4042,2818,3659,1404,763821969,570026538,5349847,199145278,4668671,203940841,-126892,5717099,5115467,0,0,474740,178903287,98314533,486604149,158260389,65876402,123766766,49525424,0,0,141929820,2505199,40704563,582568563,26189881,8541012,28188305,34741459,0,0,79248405,856544,3487800,181253406,127330214,55628759,98950616,65100727,-10596961,0,0,167447349,44088038,0,22077796,0,0,2687048,2662799,0,0,57120056,21475703,45849901,20864417,0,0,53730876,0,104325,0,4864621,0,3459568,0,0,48068559,20220957,67089294,0,0,0,0,31537659,8121543,21534548,7368281,93766811,31639833,4193580,5474372,30644930,17501887,11565515,1499629,1424466,1675714,4554104,145714608,35149215,74901756,28744488,0,15094202,299604269,78777397,0,116056139,104770733,299604269,42547121,107492353,-85810648,78152584,120567643,213658885,138757129,0,20776131,0,136832269,20776130,0,0,1872,858,3431834,486959,3918793,401,0,143812,611909,1168564,224459,392344,586203,271242,7331,25970,0,1192740,372451,810109,0,569233,176821,310480,0,1327684,415605,923710,0,650642,203200,397952,0,2005
106364231,arrowhead regional medical center,7/1/2004,6/30/2005,365,audited,incl. ind. audit,san bernardino,12,1209,city/county,general,comparable,,(909)580-1000,400 north pepper avenue,colton,92324-1801,june griffith-collison,director,www.arrowheadmedcenter.org,county of san bernardino,vere l. williams,arrowhead regional medical center,2,05-0245,hsc30245f,zzt30245f,373,353,353,15011,327,44198,7053,8146,10539,0,0,21894,107168,2089,83,7729,1889,1714,2198,0,0,5239,20941,283,90,0,0,0,0,90582,16586,0,0,0,0,17488,3453,0,0,0,0,78.7,83.2,5.1,5.1,23,8368,3276,30287,90,85439,37368,55832,31498,0,0,55299,295813,81712,213306,12104,0,4310,14,678846,369285,6134,4737,2515,1065,880631961,484959051,8732150,404405060,3245043,342567756,65082347,27960462,175584,0,0,92867225,194594393,98207292,587830276,74980293,1988052,208227603,39388915,49010644,78708112,0,0,119572187,571875806,29063473,197359,78122237,27276430,83252222,26850168,0,0,63994266,308756155,71958029,1408643,142776328,66665344,-122905872,111170599,20404379,0,193481601,0,0,0,0,0,8732150,0,0,32085737,776768,246814444,28397091,21092267,58143071,0,0,17095682,85642905,0,0,0,0,0,58130166,27505200,92926893,4787692,3208555,0,11679796,50681942,10132417,31065916,52449179,117795323,36305972,24791332,3378972,56630145,33635343,21239630,2904111,3051733,31907266,10927929,67597647,70906084,458020056,1571888,0,0,598095675,77866278,0,539748796,-19519399,598095675,14997464,210982641,-184609527,491001903,95078689,608372898,150352842,0,1305209,563159587,564464796,24716000,2342417,10843026,2448,890,4544331,556255,5100586,199,104,273089,914286,1298366,80597,472622,766288,449288,280334,5853,3608,1376915,600103,859953,254134,776007,227261,449958,0,1517073,677129,974009,258969,891795,262810,518801,0,2005
106400466,arroyo grande community hospital,6/1/2004,6/30/2005,395,audited,incl. ind. audit,san luis obispo,08,0801,non-profit,general,comparable,,(805)489-4261,345 s. halcyon rd.,arroyo grande,93420-3896,richard castro,ceo,www.arroyograndehospital.org,catholic healthcare west,james r. saurenmann,saurenmann & associates,0,05-0016,hsc30016j,zzt40016h,65,65,34,5302,3963,756,2,338,71,1739,215,298,12684,1388,564,194,4,133,114,569,23,27,3016,53,0,0,0,12,0,9930,0,0,0,2754,0,2718,0,0,0,298,0,49.4,49.4,4.2,3.7,0,0,0,19632,1636,11311,545,973,2057,39519,458,14882,91013,24679,0,0,68149,0,3,108187,85222,898,993,0,0,194107169,157489781,49262,36666650,1058274,36325582,1399342,-17805,0,0,0,1381537,22132036,10668280,161306853,47703007,18578934,7370279,59451,3373036,709307,19750235,2659820,2348052,102552121,29280403,3913682,9104464,630983,968877,1213130,37991097,919522,7532890,91555048,69841879,13466629,16176108,412876,0,2620264,1574843,46000455,5249861,0,1362267,0,784599,0,0,0,49262,7046505,8998215,298635,277558,1721649,343862,11268262,0,6711964,0,-250823,0,-23116,0,0,4810488,2447304,13819080,0,0,0,0,4861446,2034959,6227897,2124408,12998186,6209185,1663329,344371,6569679,4715261,1024445,159637,538796,974432,1128261,10613528,0,11276194,204758,0,260537,22355017,5509480,0,15714823,1130714,22355017,664436,24176597,-16520758,5277380,5652122,12633442,1357248,0,7298946,0,16420243,705420,983449,1422466,301,85,591405,91488,682893,161,0,62746,205904,114910,33855,41715,100012,17196,9617,4192,1258,120331,48140,195868,0,93861,70233,62972,0,145365,58096,220675,0,103130,82236,73391,0,2005
106400683,atascadero state hospital,7/1/2004,6/30/2005,365,audited,incl. ind. audit,san luis obispo,08,0801,state,psychiatric,state,,(805)468-2000,10333 el camino real,atascadero,93422,melvin e. hunter ,executive director,,state of california,gale nagato,dept of developmental services,0,,,,1259,1230,1177,0,0,0,0,0,165,0,0,476951,477116,0,0,0,0,0,0,0,0,1127,1127,0,165,0,0,1094,0,0,42037,0,0,435079,0,0,7,0,0,1120,0,103.8,106.3,423.4,6005.3,0,0,0,0,0,0,0,0,0,0,0,0,0,0,0,0,0,0,0,0,0,0,0,0,0,183287037,8233626,0,175053411,0,183287037,-8233626,8233626,0,0,0,0,171265604,0,12021433,0,0,0,0,0,0,0,0,0,0,0,0,0,0,0,0,0,0,0,0,330,0,0,0,0,0,0,0,0,0,0,0,8233296,0,0,0,0,0,0,0,0,0,0,0,0,0,0,0,0,0,0,0,0,0,0,0,0,0,0,0,0,0,0,0,0,0,0,0,0,0,0,0,0,0,0,0,0,0,0,0,0,0,0,0,0,0,0,0,0,0,0,0,0,0,0,0,0,0,0,0,0,0,0,0,0,74,0,0,0,0,0,0,0,0,0,0,0,0,0,0,0,0,0,0,0,0,0,0,0,0,0,0,0,2005
106190163,aurora charter oak,1/1/2005,12/31/2005,365,audited,excl. ind. audit,los angeles,11,0915,investor,psychiatric,comparable,,(909)549-8032,1161 east covina boulevard,covina,91724-1523,todd a. smith,ceo,http://aurorabehavioral.com,signature health care,nick clark,southeast reimbursement group  llc,0,05-4069,,hsp34069h,95,95,95,8144,69,5453,0,2609,3959,4860,0,210,25304,706,12,980,0,573,584,944,0,110,3909,0,95,0,0,0,0,0,25304,0,0,0,0,0,3909,0,0,0,0,73,73,6.5,6.5,0,0,0,2987,6,0,0,0,537,1546,0,54,5130,0,0,0,0,0,0,0,0,0,0,0,0,24751246,9904236,0,14847010,285924,14348041,784893,0,0,0,0,784893,20855406,2282432,1613408,7320725,55302,4710566,0,2284057,3465845,4140171,0,215655,22192321,1490208,2800,0,0,0,267991,771326,0,26600,2558925,3411270,20362,1541977,0,0,813324,1304757,1771213,513163,0,0,0,528170,0,0,0,0,5162178,36121,3035658,0,1406277,1967946,3003212,0,235618,0,0,0,0,0,0,4828114,548603,510931,0,0,0,0,2780501,1371583,2942078,1366231,7341059,1664065,538981,188498,1311498,1334860,40796,978984,279124,37843,632333,5100606,0,305008,0,0,0,5405614,2492947,0,450000,2462667,5405614,89637,4118304,-502068,0,276846,512711,207703,0,0,0,600000,150000,0,0,192,64,382419,27160,409579,33,0,42518,116616,43356,26972,62417,49957,31111,0,3445,6027,162899,36261,0,0,63480,74865,44914,0,171511,37637,0,0,68161,80527,51743,0,2005
106190462,aurora las encinas hospital,1/1/2005,12/31/2005,365,audited,excl. ind. audit,los angeles,11,0911,investor,psychiatric,comparable,,(626)795-9901,2900 e del mar,pasadena,91107-4375,jim wilcox,ceo,,signature health care,nick clark,southeast reimbursement group  llc,0,05-4078,,hsm34078g,138,138,138,8588,162,1123,0,0,8747,8854,202,2474,30150,636,23,222,0,0,778,1072,16,201,2948,0,138,0,0,0,0,0,30150,0,0,0,0,0,2948,0,0,0,0,59.9,59.9,10.2,10.2,0,0,0,2509,14,0,0,0,2063,4355,0,464,9405,0,0,0,0,0,0,0,0,0,0,0,0,28126102,9637892,0,18488210,467430,19002590,-46950,0,0,0,0,-46950,24469933,2328088,1328081,7542715,141672,962375,0,0,7320410,7539112,155640,1919518,25581442,679015,3660,0,0,0,558096,1178068,0,125821,2544660,2933126,45512,396363,0,0,0,2370527,1980062,686706,0,155640,0,1069956,0,0,0,0,4729607,89940,500579,0,0,4972317,6300074,0,1895693,0,0,0,0,0,0,6601742,736567,822279,0,0,0,0,3564340,1412596,3946336,1918730,9771448,2181182,714321,205870,1696257,1714211,56219,1449245,284281,44101,885455,5132558,0,477594,0,0,0,5610152,4485649,0,500000,624503,5610152,0,5178509,-976635,0,250405,544519,66925,0,0,0,500000,0,0,1848110,230,76,458633,31845,490478,49,0,69096,133238,40224,11098,105747,28857,58581,0,172,11620,226911,38521,2486,0,94848,33740,62127,0,239957,41583,5358,0,102292,34982,66306,0,2005
106374024,aurora san diego,1/1/2005,12/31/2005,365,audited,excl. ind. audit,san diego,14,1412,investor,psychiatric,comparable,,(858)487-3200,11878 avenue of industry,san diego,92128-3423,jim plummer,ceo,http://aurorasandiego.com,signature health care,nick clark,southeast reimbursement group  llc,0,05-4095,,hsm34095h,80,80,80,5431,411,1767,0,12,8149,7081,0,380,23231,410,26,315,0,4,747,1035,0,55,2592,0,80,0,0,0,0,0,23231,0,0,0,0,0,2592,0,0,0,0,79.59999999999999,79.59999999999999,9,9,0,0,0,2720,51,1,0,0,2505,7045,0,329,12651,0,0,0,0,0,0,0,0,0,0,0,0,24830920,10580689,0,14250231,85138,13490369,845000,0,0,0,0,845000,19100144,4075720,1655056,4982496,375534,1570313,0,10358,7138794,6337655,0,339676,20754826,875932,15400,299,0,0,810970,2269393,0,104100,4076094,2911564,119401,1310610,0,0,2298,2741880,2925996,281556,0,0,0,287384,0,0,0,0,2812634,262576,224018,0,7823,5025739,5483837,0,433604,0,0,0,0,0,0,4260142,709286,449216,0,0,0,0,2135468,1202442,3239901,1493914,6751569,1448423,503358,195999,1043164,1434769,45559,960321,381952,55473,669782,4288032,0,282003,0,0,0,4570035,2196011,0,345411,2028613,4570035,0,4802530,-816590,0,170012,432630,150627,0,0,0,550000,204589,0,512622,155,76,311675,20124,331799,17,0,30006,75865,52282,27456,78543,15071,22392,0,680,9380,160954,28011,0,0,49861,24892,47957,0,170721,29940,0,0,53379,26468,51291,0,2005
106560203,aurora vista del mar hospital,1/1/2005,12/31/2005,365,audited,excl. ind. audit,ventura,10,0809,investor,psychiatric,comparable,,(805)653-6434,801 seneca st.,ventura,93001-1411,mayla krebsbach,ceo,http://vistadelmarhospital.com,signature health care,nick clark,southeast reimbursement group  llc,0,05-4077,,hsp34077f,87,87,87,6538,0,2817,0,3392,4127,5806,0,263,22943,591,0,339,0,410,652,950,0,59,3001,0,87,0,0,0,0,0,22943,0,0,0,0,0,3001,0,0,0,0,72.3,72.3,7.6,7.6,0,0,0,752,19,0,0,0,565,1118,0,43,2497,0,0,0,0,0,0,0,0,0,0,0,0,25843269,12143529,0,13699740,61240,12913480,847500,0,0,0,0,847500,22850082,1124424,1868763,7201061,0,2950960,0,3621051,4403156,6231304,0,285837,24693369,346455,8572,0,0,0,260244,514822,0,19807,1149900,3628773,0,1607553,0,0,1718327,1692247,2870546,260823,0,0,0,365260,0,0,0,0,3735912,8452,1271920,0,1814786,2858192,3712237,0,298241,0,0,0,0,0,0,4226768,253016,513136,0,0,0,0,2408079,1070747,2898913,1542821,6574885,1354814,313744,215388,1183502,1137017,58709,1022583,360040,158056,534742,4570453,0,342894,0,0,0,4913347,1454689,0,900000,2558658,4913347,8402,4031244,-801950,0,165907,473037,130143,0,0,0,900000,0,0,900000,148,71,297789,20339,318128,10,0,35081,51958,41397,34613,72607,17698,34799,0,5080,4556,159170,5894,640,0,65440,19723,46922,0,169071,6249,640,0,70338,20958,50872,0,2005
106154101,bakersfield heart hospital,10/1/2004,9/30/2005,365,audited,incl. ind. audit,kern,09,0617,investor,specialty,comparable,,(661)316-6075,3001 sillect ave,bakersfield,93308,randy rolfe,ceo,http://bakersfieldhearthospital.com,medcath  inc.,nick clark,southeast reimbursement group  llc,0,05-0724,hsc30724f,,47,47,47,7824,2825,966,0,0,1754,1119,0,306,14794,2095,759,234,0,0,467,293,0,85,3933,47,0,0,0,0,0,14794,0,0,0,0,0,3933,0,0,0,0,0,86.2,86.2,3.8,3.8,0,0,0,2410,1010,253,0,0,728,588,0,243,5232,8858,0,0,0,0,3,95200,9500,595,68,0,0,168441616,109907392,0,58534224,698977,54338688,4894513,22611,31714,0,0,4885410,32000421,13669771,122771424,70228901,25610168,7962119,0,0,15694207,9793798,0,2884607,132173800,16699073,7000843,1755213,0,0,5046815,4082888,0,1682984,36267816,63532352,16556148,7504829,0,0,0,5293811,11446063,5016748,0,189106,0,368335,0,0,0,0,20818349,15094201,1902573,0,0,14830065,2011535,0,3877501,0,0,0,22611,0,0,10617227,2260023,23559708,0,0,0,0,5350962,2091734,5008296,5450738,15598684,5713812,346540,3224367,14176770,4666882,2851956,889362,490887,3355770,3023658,10132363,0,28984572,138532,0,0,39255467,5642932,0,50163224,-16550689,39255467,962855,13994350,-5814896,27216076,19364664,48442333,19457761,0,0,0,50295818,132594,0,28415817,256,132,615559,53306,668865,316,0,26545,135128,188819,3091,81677,44867,0,0,11363,124069,203862,51379,154407,0,108954,49653,47304,0,226113,55931,170419,0,110016,52073,54313,0,2005
106150722,bakersfield memorial hospital,7/1/2004,6/30/2005,365,audited,excl. ind. audit,kern,09,0617,non-profit,general,comparable,,(661)327-4647,420-34th street,bakersfield,93301,jon von boening,president,www.chwhealth.org,catholic healthcare west,catherine matsuda,healthquest consulting,0,05-0036,,zzt30336f,367,349,349,27548,9623,10724,5234,0,1648,22332,276,1405,78790,4816,2113,905,1606,0,330,5418,65,294,15547,253,60,0,0,24,30,59010,6367,0,0,7110,6303,13944,1080,0,0,466,57,58.8,61.9,5.1,4.4,0,0,0,6575,5338,4111,10190,0,2620,26717,11,4447,60009,31028,2820,0,28603,0,11,641696,369731,4614,4340,2473,425,668198081,504854589,0,163343492,1098713,157190323,7251882,2377269,0,0,0,9629151,133723093,29216254,505258734,175534563,91534521,28535725,35509265,0,9673925,178600385,3878553,10515565,533782502,23119698,17935854,6076816,13381783,0,3733061,61141089,327441,8699837,134415579,155758863,84865958,28047698,38730100,0,0,9532019,171129760,12607525,0,4205994,-23328,0,0,0,0,0,42895398,24604417,6564843,10160948,0,3874967,68611714,0,6631205,0,0,7737,2335053,0,0,34927579,5384870,62098472,0,0,0,0,23310201,4538331,17746332,9184538,58008852,19312864,711140,10496682,34857936,14306887,6459751,1250653,2222895,4000871,5561792,67870060,23303366,56392060,5140716,242722,0,152948924,29478555,0,59784809,63685560,152948924,35511275,113491955,-85245041,112425247,67895082,184120320,127728260,0,604890,70039982,70644872,10860063,176848,37717,1266,540,2623598,175104,2798702,490,0,168333,560998,865350,48602,210047,335731,268711,0,129221,36605,931070,103433,785785,0,423034,125173,255103,0,980805,106755,843130,0,456353,136594,275065,0,2005
106184008,banner lassen medical center,1/1/2005,12/31/2005,365,audited,incl. ind. audit,lassen,01,0213,non-profit,general,comparable,,(530)257-5325,1800 spring ridge dr,susanville,96130,david anderson,administrator,http://bannerhealth.com,banner health system,andrew kinnaman,essential consulting llc,0,05-1320,hsc30251i,,38,25,25,1441,0,870,0,137,1281,0,0,197,3926,417,0,311,0,38,442,0,0,51,1259,38,0,0,0,0,0,3926,0,0,0,0,0,1259,0,0,0,0,0,28.3,43,3.1,3.1,0,0,0,9754,0,6506,0,1215,15476,0,0,1774,34725,10625,0,42,24088,0,3,22030,38882,227,688,182,56,50352904,25245897,0,25107007,59155,22886835,2279327,41,1712,0,0,2277656,7316762,9608211,33427931,6358268,0,4311381,0,607417,6800853,0,0,794345,18872264,8842168,0,5897739,0,1101191,14031180,0,0,1608362,31480640,10327801,0,7553579,0,0,1287844,4431798,0,1449076,0,195799,0,0,0,0,0,0,4435191,0,2361739,0,371593,15800722,0,0,2137762,0,0,0,41,0,0,3024576,2395562,7281489,0,0,0,0,2984392,992974,3855431,2352411,8956775,1955174,1739516,433892,2669306,2675422,1772348,173451,318756,932208,1259987,14200361,0,20657706,0,1257488,0,36115555,24048617,0,0,12066938,36115555,190471,8711668,-4531519,10286956,12615462,26295775,5638069,0,0,0,0,0,9294530,21275780,177,41,328600,47313,375913,22,0,38436,51461,65724,18844,147,91318,36600,18206,5468,2396,69074,26233,85371,0,64467,42839,40616,0,81278,32355,95265,0,72435,47946,46634,0,2005
106190052,barlow hospital,9/1/2004,8/31/2005,365,audited,incl. ind. audit,los angeles,11,0925,non-profit,specialty,comparable,,(213)250-4200,2000 stadium way,los angeles,90026-2606,margaret w. crane,ceo,www.barlow2000.org,barlow respiratory hospital,stephen t. mcgovern,western reimbursement group,0,05-2031,hsc33005f,,75,75,75,14431,0,2211,0,0,1224,1927,34,46,19873,429,0,57,0,0,31,47,1,2,567,75,0,0,0,0,0,19873,0,0,0,0,0,567,0,0,0,0,0,72.59999999999999,72.59999999999999,35,35,0,0,0,241,0,68,0,0,38,8,0,17,372,0,372,0,0,0,0,0,0,0,0,0,0,90310910,56220770,0,34090140,353298,30944970,3498468,402215,0,0,0,3900683,30406120,22165,59882625,69284283,0,7615320,0,0,4526169,8467984,161378,129740,90184874,81667,0,22938,0,0,12744,2878,0,5809,126036,41899234,0,4721838,0,0,0,3138622,5655860,627006,0,161378,0,16832,0,0,0,0,26937413,0,2916420,0,0,1400291,2815002,0,21014,0,400680,825,4551,0,0,11026766,101257,8011386,0,0,0,0,5392054,1082449,4669102,661956,11520922,4293615,491030,4571369,3785347,3375524,718094,643658,349720,33600,1162091,10951807,360957,2665422,1261690,0,0,15239876,3880798,64712,985396,10308970,15239876,5463606,14218156,-9775415,7021811,11285134,18567057,15901635,0,0,0,985396,0,0,0,226,72,475935,69353,545288,105,0,70146,89811,56946,42731,50705,56877,32952,0,56513,19254,233347,1660,91984,0,65588,20893,62463,0,268848,1922,105337,0,74842,23905,70434,0,2005
106361105,barstow community hospital,1/1/2005,12/31/2005,365,audited,excl. ind. audit,san bernardino,12,1213,investor,general,comparable,small/rural,(760)256-1761,555 south seventh st,barstow,92311,craig morse,assistant cfo,www.barstowhospital.com,community health systems inc.,jeffrey n. brown,hospital management services,0,05-0298,,zzt30298h,56,56,25,3949,708,2018,133,202,857,956,0,265,9088,1137,222,704,46,61,301,411,0,106,2988,56,0,0,0,0,0,9088,0,0,0,0,0,2988,0,0,0,0,0,44.5,44.5,3,3,14,596,292,6412,646,10399,1589,0,6328,5897,0,6124,37395,20517,0,0,17944,0,4,77677,73870,610,1092,230,94,181832952,143256072,0,38576880,163883,29086244,9654519,0,1432636,0,0,8221883,12590122,25014416,144228414,42261290,8716729,19672234,1183555,2378286,11141781,10478672,0,2457515,98290062,18168367,3038554,18351252,2204958,0,16980373,15533382,0,9266004,83542890,51478261,9167330,32961931,2944191,0,2235786,14167906,20168333,9343308,0,0,0,789026,0,0,0,0,8858979,2587953,5061555,444322,142500,13421909,5843721,0,2215941,0,0,0,0,0,0,4408197,2277413,8618306,0,0,0,0,3674499,1602938,6121159,2383732,10712167,2834170,608900,2093143,3764314,3924303,867843,413110,636966,1387678,1843650,11030276,0,3931513,0,31247621,0,46209410,7405699,0,0,38803711,46209410,0,26880331,-16769924,1715269,5438560,8594970,4663457,0,0,0,0,0,0,4305688,221,78,421245,46672,467917,72,0,59613,72748,90995,28327,43746,104947,12796,0,8073,0,104170,45801,103291,0,74767,45641,47575,0,117076,49344,114521,0,81264,51294,54418,0,2005
106090793,barton memorial hospital,1/1/2005,12/31/2005,365,audited,incl. ind. audit,el dorado,02,0306,non-profit,general,comparable,small/rural,(530)541-3420,2170 south avenue,south lake tahoe,96150-7026,william gordon,ceo,,barton memorial hospital,christine ponce,toyon associates  inc.,0,05-0357,,zzr00352f,121,121,121,5745,113,17789,0,779,3803,280,0,1401,29910,1107,48,643,0,128,1378,120,0,262,3686,73,0,0,0,48,0,13192,0,0,0,16718,0,3636,0,0,0,50,0,67.7,67.7,8.1,3.6,11,1031,554,28684,519,17548,0,3983,31019,2941,0,4846,89540,19469,8634,10892,44742,0,10,236188,245885,2218,2650,379,164,175588666,88556333,0,87032333,3201289,80308371,9925251,15264527,15151023,0,0,10038755,29927055,21674214,123987397,35796714,969989,15741743,0,6880165,33607287,1626059,0,4152994,98774951,18630584,302496,10253381,0,4203391,36866397,2164821,0,4392645,76813715,39448542,847326,15939658,0,0,7189009,14099379,1185360,4991928,0,1210742,0,3644389,0,0,0,0,14719015,250753,9664194,0,2614444,55665998,2438211,0,1679718,0,213402,0,1159260,0,0,12213898,10226524,24278917,0,0,0,0,15577492,4192344,10160962,3658234,26781262,17634820,3016497,4553823,11643131,4305707,4754588,750322,951004,359002,5558215,34131318,27339700,30893885,883276,18478875,85547,111812601,20605445,0,18735772,72471384,111812601,8140497,28402571,-14622202,29163306,38113752,70169444,39275559,0,0,0,21170959,2435187,0,962004,692,166,1318095,173516,1491611,154,0,85484,256430,214683,13526,116831,394947,103459,80235,35881,16619,258820,142912,261654,0,233688,93666,129739,197616,284863,162270,303283,0,265179,106913,146435,222668,2005
106361110,bear valley community hospital,7/1/2004,6/30/2005,365,audited,excl. ind. audit,san bernardino,12,1217,district,general,comparable,small/rural,(909)866-6501,41870 garstin drive,big bear lake,92315,vi colunga,ceo,www.bvchd.com,bear valley community hospital,rodney a. phillips,rodney a. phillips  cpa,0,05-0618,,hsp30618j,30,24,24,600,119,6724,0,0,208,5,0,248,7904,169,44,44,0,0,96,2,0,41,396,9,0,0,0,21,0,952,0,0,0,6952,0,378,0,0,0,18,0,72.2,90.2,20,2.5,0,0,0,4277,1283,11079,0,0,8482,323,0,5798,31242,9607,13432,0,8804,0,1,6876,10942,82,258,0,0,17446568,5904968,0,11541600,57099,12883110,-1284411,263027,0,0,0,-1021384,3170741,3535739,10740088,1428928,334367,2065098,0,0,777919,21173,0,339295,4966780,2564532,767332,2400853,0,0,4221911,194739,0,2330421,12479788,1253691,528524,837554,0,0,0,1494569,133358,1240402,0,71772,0,345098,0,0,0,0,2739769,573175,3628397,0,0,3160163,82554,0,1357542,0,0,263027,0,0,0,1692100,2547740,3466544,0,0,0,0,2107862,920996,1634291,513577,5494759,2416252,607644,396286,1282778,1253021,543652,100328,119109,2333,666948,3848908,0,3245211,87286,0,11875,7193280,1184569,0,13438351,-7429640,7193280,1120686,2765528,-806407,5124428,4216396,9649524,6404313,0,0,0,13438351,0,0,13438351,127,42,237017,29082,266099,11,0,30838,27497,38522,7776,41036,58032,26296,4940,2080,0,46465,50127,36396,0,43522,34530,25977,0,51627,57079,39729,0,48042,38626,30996,0,2005
106190066,bellflower medical center,9/1/2004,8/31/2005,365,audited,excl. ind. audit,los angeles,11,0921,investor,general,comparable,,(562)925-8355,9542 east artesia boulevard,bellflower,90706-6511,james linhares,ceo,,pacific health corporation,larry natsume,pacific health corporation,0,05-0531,hsc30531h,hsp40531h,144,133,133,11607,261,11148,1965,0,1060,334,969,84,27428,1829,49,1929,568,0,247,81,211,25,4939,112,32,0,0,0,0,17065,10363,0,0,0,0,4202,737,0,0,0,0,52.2,56.5,5.6,5.6,17,2869,1129,4733,222,6293,8320,0,4711,892,3321,371,28863,11192,0,0,17411,1368,4,218970,229791,1349,2874,719,407,187855101,160083418,2951811,30723494,132617,36908879,-6052768,0,0,-2663219,0,-3389549,46369934,5489720,135995447,54445705,1889753,53593163,14876378,0,11313499,2184607,6177808,963465,145444378,8860130,377604,9818896,10564991,0,7931388,1145477,2744630,967607,42410723,50487990,1897415,49770340,23540510,0,0,15759635,2128701,0,0,14812863,0,1685964,0,2951811,0,0,12816909,369925,8219507,4852670,0,3117790,1162846,0,183847,0,0,0,0,0,0,8415412,882954,10295699,798130,262351,0,0,4667376,1319584,8750827,1516546,16372524,3887751,1189020,257665,4894732,5848220,810273,879727,751043,0,2017924,17095120,0,3000946,214372,257304,0,20567742,10423679,0,0,10144063,20567742,0,65776190,-59553368,8269365,9050410,18421487,15420541,0,0,0,0,0,0,0,359,133,666687,79836,746523,89,0,40565,122305,167877,36559,72641,125919,100125,0,696,0,234276,18867,140354,0,143982,53519,75689,0,263323,20307,157725,0,160273,59062,85833,0,2005
106330120,betty ford center of eisenhower,7/1/2004,6/30/2005,365,audited,incl. ind. audit,riverside,12,1105,non-profit,specialty,comparable,,(760)773-4100,39000 bob hope drive,rancho mirage,92270-3221,john schwarzlose,president/ceo,www.bettyfordcenter.org,betty ford center,richard prusinowski,betty ford center,0,,,,100,100,100,0,0,0,0,0,913,0,0,29877,30790,0,0,0,0,0,35,0,0,1296,1331,0,0,100,0,0,0,0,0,30790,0,0,0,0,0,1331,0,0,0,84.40000000000001,84.40000000000001,23.1,23.1,0,0,0,0,0,0,0,0,369,0,0,18196,18565,0,0,0,0,0,0,0,0,0,0,0,0,28241200,2939871,0,25301329,3861318,27879599,1283048,852572,193268,0,0,1942352,22499629,5741571,0,0,0,0,0,0,1329948,0,0,21169681,22499629,0,0,0,0,0,98495,0,0,5643076,5741571,0,0,0,0,0,0,591804,0,0,0,1923764,0,424303,0,0,0,0,0,0,0,0,0,836639,0,0,24464690,0,0,45431,672211,0,0,7379254,4341037,0,0,0,0,0,4710354,1931180,7566505,1951269,9765329,4891481,756208,1018368,895805,3984780,2217208,1130723,396244,333436,2490017,1476934,13603987,30660511,126317,620258,0,46488007,10594295,0,0,35893712,46488007,318467,371833,-224795,30626691,11152551,45195545,14535034,0,0,0,0,0,0,0,192,14,360346,44924,405270,7,0,46303,198750,25215,1745,2366,51678,23803,5297,0,5189,151194,62364,0,0,34512,43507,68769,0,168439,69503,0,0,38814,49138,79376,0,2005
106190081,beverly hospital,1/1/2005,12/31/2005,365,audited,incl. ind. audit,los angeles,11,0919,non-profit,general,comparable,,(323)726-1222,309 west beverly boulevard,montebello,90640-4308,gary kiff,ceo,www.beverly.org,beverly community hospital association,jennifer floyd,clark koortbojian & associates inc.,0,05-0693,hsc30350f,zzt40350f,223,223,223,18031,5192,11784,4890,0,220,3612,661,311,44701,3079,1695,2531,1683,0,69,1139,141,96,10433,223,0,0,0,0,0,44701,0,0,0,0,0,10433,0,0,0,0,0,54.9,54.9,4.3,4.3,18,3829,3802,13727,4123,8466,10764,0,1084,13920,397,3647,56128,33321,0,4628,21180,0,7,173875,156178,1922,2712,1182,776,214058147,134542905,0,79515242,205222,92170273,-12449809,203936,107410,0,0,-12353283,46015061,13160258,154882828,62469458,21704596,42710541,11656667,0,1061237,13921359,2212472,1291963,157028293,14958763,5800093,7399666,9055542,0,990511,15652649,385068,2787562,57029854,40053031,17909921,25839741,15080057,-2546635,0,1341274,17398831,3322722,0,15642750,0,501213,0,0,0,0,37375190,9594768,14899313,4504730,0,710474,12175177,0,255590,0,0,0,104752,0,0,22912969,5342891,33617687,0,0,0,0,13478985,3521272,8827256,4469213,38748021,12633826,1503889,5596246,14607061,7447686,4304500,952274,1248772,519293,4608705,24489217,115845,27010975,11207799,883863,0,63707699,42273446,0,2040884,19393369,63707699,2398417,20619465,-9420550,50827264,45136282,100529741,73518766,0,0,0,2040884,0,6872245,0,883,272,1448052,475802,1923854,381,0,92072,310496,446066,69093,50064,237633,151797,2972,79485,8374,469062,91162,373472,0,299194,94376,119859,927,628783,120318,546182,0,360180,119464,147972,955,2005
106190020,bhc alhambra hospital,1/1/2005,12/31/2005,365,audited,excl. ind. audit,los angeles,11,0913,investor,psychiatric,comparable,,(818)286-1191,4619 north rosemead boulevard,rosemead,91770-1478,peggy minnick,ceo,,psychiatric solutions  inc.,lilian gong,gong nashed pascoe inc.,0,05-4032,,zzt34032f,85,85,85,4728,0,6417,0,0,0,10634,0,72,21851,418,0,820,0,0,0,2025,0,29,3292,0,85,0,0,0,0,0,21851,0,0,0,0,0,3292,0,0,0,0,70.40000000000001,70.40000000000001,6.6,6.6,0,0,0,6457,0,0,0,0,0,5698,0,112,12267,0,0,0,0,0,0,0,0,0,0,0,0,32139659,16196543,0,15943116,195042,11775234,4362924,0,0,0,0,4362924,27060066,4132329,947264,5382318,0,9158821,0,0,0,13055104,0,95536,27691779,2341248,0,0,0,0,0,2065923,0,40709,4447880,3377740,0,5453508,0,-67235,0,0,6916952,515578,0,0,0,0,0,0,0,0,4345826,0,3772548,0,0,0,7813192,0,11550,0,0,0,0,0,0,3734557,1150008,473941,0,0,0,0,1900428,1098300,3033848,384152,6733266,1113127,550524,423261,821895,1213724,211301,102395,180337,0,425404,2320071,0,9023880,0,0,0,11343951,1494822,0,6515810,3333319,11343951,0,2851392,-696660,5720175,522447,9147622,123742,0,0,0,6665810,150000,0,6665810,143,48,280508,20863,301371,20,0,43283,80776,23097,16974,59833,37052,15266,0,0,4227,118624,26367,6640,0,40044,38302,50531,0,126101,27906,6930,0,42652,41967,55815,0,2005
106040802,biggs-gridley memorial hospital,7/1/2004,6/30/2005,365,audited,incl. ind. audit,butte,01,0221,non-profit,general,comparable,small/rural,(530)846-5671,240 spruce street,gridley,95948-2216,thomas p. hayes,ceo,www.frhg.org,biggs gridley memorial hospital,georgia kaiser,fremont-rideout health group,4,05-0404,,zzr00404f,41,41,41,4056,0,4983,0,342,566,0,0,774,10721,549,0,129,0,33,79,0,0,34,824,20,0,0,0,21,0,3922,0,0,0,6799,0,754,0,0,0,70,0,71.59999999999999,71.59999999999999,13,5.2,0,0,0,8934,0,17221,0,1932,6500,0,0,4349,38936,6089,18341,0,14806,0,2,17535,32330,298,552,0,0,33306220,21077182,0,12229038,229983,14364520,-1905499,0,8392,0,0,-1913891,6804129,4531507,21970584,9468917,0,7059102,0,558672,1438532,0,0,909277,19434500,3970263,0,4760261,0,895945,3393808,0,0,851443,13871720,8624265,0,8227387,0,0,998204,2078982,0,958403,0,189941,0,0,0,0,0,0,4425803,0,3255002,0,415585,2427899,0,0,1704749,0,-550880,0,0,0,0,3886493,2316670,4046129,0,0,0,0,1572781,793068,1318280,431099,6203637,1771065,0,1927377,1442473,1628825,281856,438811,215102,10127,445247,3509698,0,2010845,49322,0,0,5569865,10119156,0,0,-4549291,5569865,530131,7089223,-4619078,1723859,5906331,7895275,5884430,0,0,0,10190,10190,0,8450000,150,58,287976,32134,320110,20,0,35696,30320,41666,40769,37998,55080,25744,12599,4837,3267,106268,28354,49550,0,41507,40969,21328,0,116962,31841,54787,0,45860,47084,23576,0,2005
106190110,brotman medical center,1/1/2005,8/31/2005,243,audited,excl. ind. audit,los angeles,11,0927,investor,general,comparable,,(310)836-7000,3828 delmas terrace,culver city,90232,maurine cate,ceo,www.brotmanmedicalcenter.com,tenet healthcare corporation,trina k thorson,tenet healthcare corporation,0,05-0144,hsc30144h,hsp30144h,420,240,240,24365,1751,11876,447,0,621,6801,964,927,47752,2796,265,1316,107,0,88,1146,150,326,6194,300,70,18,32,0,0,23985,13937,3654,6176,0,0,3708,1495,566,425,0,0,46.8,81.90000000000001,7.7,7.7,0,0,0,7060,421,2198,2858,0,613,6098,162,2978,22388,16411,0,0,8838,0,3,117198,98300,1026,1131,0,0,475821346,413580453,0,62240893,219506,77133632,-14673233,96051,164985,0,0,-14742167,126075418,3069107,346676821,226579760,24428161,77773271,5510598,0,6126997,63707291,6037427,4481420,414644925,25105573,1904181,5988443,3266259,0,1500659,18899993,365967,4145346,61176421,224283527,14921397,74934750,8850137,0,0,4224044,70576521,10160955,0,4586411,0,1042711,0,0,0,0,22027171,10848628,6631053,-73280,0,3240727,10266727,2036772,7263095,0,2134432,0,0,0,0,22501957,2701595,24005175,0,0,0,0,11688825,5166561,7677800,3391719,27080714,10225513,464664,5630513,12277026,14494697,1989474,647329,2197886,0,2125816,21312142,0,38139185,0,0,1161252,60612579,47465830,0,15925000,-2778251,60612579,0,72244077,-53212925,29418845,28493577,66067111,27927926,0,0,0,15925000,0,0,37217108,1082,453,1425017,162487,1587504,511,0,84252,265668,377970,66872,182011,260404,52411,46490,83597,5342,613973,66056,339496,0,192227,79261,134004,0,698423,71300,377302,0,206108,86929,147442,0,2005
106044006,butte county mental health - phf,7/1/2004,6/30/2005,365,audited,incl. ind. audit,butte,01,0219,city/county,psychiatric,phf,,(530)891-2775,592 rio lindo avenue,chico,95926,bradford r. luz  ph.d,administrator,,county of butte,carl evans,butte county mental health,0,,,zzz42951z,16,16,16,0,0,4015,0,0,899,0,0,0,4914,0,0,882,0,0,300,0,0,0,1182,0,16,0,0,0,0,0,4914,0,0,0,0,0,1182,0,0,0,0,84.09999999999999,84.09999999999999,4.2,4.2,0,0,0,0,0,0,0,0,0,0,0,0,0,0,0,0,0,0,0,0,0,0,0,0,0,3107831,0,0,3107831,0,3107831,0,0,0,0,0,0,3107831,0,0,0,0,0,0,0,0,0,0,0,0,0,0,0,0,0,0,0,0,0,0,0,0,0,0,0,0,0,0,0,0,0,0,0,0,0,0,0,0,0,0,0,0,0,0,0,0,0,0,0,0,0,0,0,0,0,0,0,0,0,0,0,0,0,0,0,0,0,0,0,0,0,0,0,0,0,0,0,0,0,0,0,0,0,0,0,0,0,0,0,0,0,0,0,0,0,0,0,0,0,0,0,0,0,0,0,15,0,0,0,0,0,0,0,0,0,0,0,0,0,0,0,0,0,0,0,0,0,0,0,0,0,0,0,2005
106190125,california hospital medical center,7/1/2004,6/30/2005,365,audited,incl. ind. audit,los angeles,11,0925,non-profit,general,comparable,,(213)748-2411,1401 south grand avenue,los angeles,90015-3011,mark a. meyers,ceo,www.chmcla.org,catholic healthcare west,joyce cheung,california hospital medical center,2,05-0149,hsc30149g,zzt40149g,316,276,276,10864,2117,30860,9664,0,799,5702,1460,4206,65672,1632,515,6179,2905,0,171,1532,308,1147,14389,285,0,0,0,31,0,59397,0,0,0,6275,0,14071,0,0,0,318,0,56.9,65.2,4.6,4.2,36,10420,4409,9973,3278,25467,24372,0,3462,12051,2673,123927,205203,42649,113185,0,53672,2796,7,315050,168941,2498,2275,3325,1486,659801419,517258826,10220152,152762745,10282095,186619253,-23574413,-16867,576872,0,0,-24168152,148319933,97925986,413555500,87776973,17402981,208816291,67041883,0,7116606,49942271,12655938,33109388,483862331,16567734,5420078,44539423,39820964,0,5714033,31385948,612535,31878373,175939088,72745160,16775551,201842329,100550551,-23559238,0,8151973,57460710,37765261,0,18555964,-681,26971246,0,10220152,0,0,31599547,6047508,69901798,16415782,0,4678666,23867509,681,251254,0,-2087053,0,-468811,0,0,35969481,23528291,48342426,3854007,0,0,3646096,25670164,7545160,28690811,9372817,65705689,33487856,8986783,5753087,23275861,28657465,7634594,2248189,2870689,1900381,6098659,39535546,1438502,54808476,5350395,1774695,0,102907614,75746336,0,31437908,-4276630,102907614,0,139412768,-113095902,72031108,25828322,103621910,48813434,0,0,32900353,32931092,1493184,0,0,1301,379,2425118,368645,2793763,461,31,267449,596555,572980,53709,161616,371742,246066,68082,59372,27547,675807,350073,461309,61945,398591,106757,370636,0,797298,401978,536882,65183,448689,120583,423150,0,2005
106380929,california pacific medical center,1/1/2005,12/31/2005,365,audited,incl. ind. audit,san francisco,04,0423,non-profit,general,comparable,teaching,(415)600-6000,2333 buchanan street,san francisco,94115,martin brotman md,president,www.cpmc.org,california pacific medical center,susan adams,california pacific medical center,0,05-0047,hsc00047f,zzr00047f,1054,776,776,63659,15242,17410,3821,334,6238,60809,3111,11112,181736,9042,2254,2052,389,35,1174,13636,442,956,29980,818,40,0,32,139,25,127269,6630,0,6975,32267,8595,26502,863,0,421,2189,5,47.2,64.2,6.1,5.1,50,13880,5478,125383,23349,13778,6363,49,15425,261441,3221,23181,472190,48421,54464,0,310241,0,32,1446089,1110615,8633,14879,4294,1605,2493890589,1689306229,0,804584360,46920018,755038461,96465917,21944410,8672852,0,0,109737475,626183911,88322940,1779383738,601480873,130429805,157132991,31754429,4178108,74435792,713121622,14916661,46175645,1773625926,167283739,43396059,18429267,8986186,112736,24079311,425331710,3790652,28855003,720264663,605188875,145170141,157174269,35102406,0,3791889,76077261,584606573,21204000,0,18707313,0,42283502,0,0,0,0,163575737,28655723,18387989,5638209,498955,22437842,553846759,0,11543146,0,0,3088802,10182756,0,0,134869094,20325684,236438641,0,0,22374467,9370100,120821032,34392226,133894919,42552298,287400164,128894003,20398411,32401471,103941332,82868097,38867402,7387481,4492746,12614185,35773169,210982670,114028356,320358041,101429248,714651,5846036,753359002,143144562,24126354,136955176,449132910,753359002,16784952,490418414,-336873762,298747729,201790920,635782825,315424784,2226082,0,140812699,143038781,6083605,0,0,3903,1099,7678170,896468,8574638,1481,99,741806,2041306,1931547,43949,311399,1215907,663725,271375,80190,376966,1768328,276415,2157072,509180,1460095,371568,1135512,0,2001587,307557,2443191,534259,1639005,418889,1230150,0,2005
106364050,canyon ridge hospital,1/1/2005,7/31/2005,212,audited,excl. ind. audit,san bernardino,12,1207,investor,psychiatric,comparable,,(909)590-3700,5353 g street,chino,91710-5249,jeff mc donald,ceo,,health care institution,william a. fretwell,hospital management services,0,05-4111,,hsm34111i,59,59,59,2714,99,0,2012,790,355,3239,66,183,9458,371,10,0,518,205,95,764,35,62,2060,0,59,0,0,0,0,0,9458,0,0,0,0,0,2060,0,0,0,0,75.59999999999999,75.59999999999999,4.6,4.6,0,0,0,285,37,0,0,0,43,1126,0,86,1577,0,0,0,0,0,0,0,0,0,0,0,0,10468578,4939337,0,5529241,836,5321718,208359,9632,0,0,0,217991,9596825,537395,334358,2915056,124769,0,2147034,744822,363604,3309981,57428,268489,9931183,97125,12500,0,0,0,14500,384270,0,29000,537395,1087042,49537,0,981792,0,539413,175583,1660568,309210,0,57428,0,78764,0,0,0,0,1811066,87732,0,1165242,205409,202521,2033683,0,23588,0,0,0,0,0,0,1693951,148514,193605,0,0,0,0,1080174,579530,827546,798398,2428724,812928,121200,230273,452356,202819,25560,414557,0,151525,481776,2137149,0,152255,0,0,0,2289404,3684361,0,0,-1394957,2289404,667310,4191352,-3185686,0,405270,405270,253015,0,0,0,0,0,0,0,124,52,139733,12441,152174,19,0,19610,10722,15020,12397,35472,29495,12764,1906,2347,0,64826,7225,0,0,30155,19046,18481,0,70068,7950,0,0,32912,20811,20433,0,2005
106364050,canyon ridge hospital,8/1/2005,12/31/2005,153,audited,excl. ind. audit,san bernardino,12,1207,investor,psychiatric,comparable,,(909)590-3700,5353 g street,chino,91710-5249,michelle jackson,cfo,,psychiatric solutions  inc.,lilian l. gong,gong nashed pascoe inc.,0,05-4111,,hsm34111i,59,59,59,2223,0,625,949,452,0,2562,101,189,7101,237,0,119,173,157,0,445,17,95,1243,0,59,0,0,0,0,0,7101,0,0,0,0,0,1243,0,0,0,0,78.7,78.7,5.7,5.7,0,0,0,766,0,0,0,0,0,1217,0,0,1983,0,0,0,0,0,0,0,0,0,0,0,0,7995667,3637356,0,4358311,59236,4060722,356825,739,0,0,0,357564,7208005,661600,126062,2301834,0,646316,979779,466381,0,2639737,103621,196158,7333826,278790,0,0,0,0,0,383051,0,0,661841,1019831,0,359062,387235,0,184325,0,1132073,197517,0,103621,0,253692,0,0,0,0,1440197,0,257048,546752,260259,0,1744592,0,109463,0,0,0,0,0,0,1301356,152024,110596,0,0,0,0,871538,318589,858662,447957,2092873,351904,94450,361065,241147,173319,13321,338708,28817,5762,359356,2619916,0,338763,0,0,92953,3051632,1064951,0,0,1986681,3051632,0,3358976,-914746,68402,258682,352084,13321,0,0,0,0,0,0,0,110,52,88976,11625,100601,27,0,12328,6535,10846,9102,25620,9151,7950,2721,1431,3292,47306,4982,0,0,18561,5828,12299,0,52995,5297,0,0,21128,7145,14036,0,2005
106190137,casa colina hosp for rehab medicine,4/1/2004,3/31/2005,365,audited,incl. ind. audit,los angeles,11,0917,non-profit,specialty,comparable,,(909)596-7733,255 e. bonita ave,pomona,91767-1923,felice loverso ph.d.,president/ceo,,casa colina inc.,mary reed,casa colina hospital for rehabilitative medicine,0,05-3027,hsc32019f,,68,62,52,13130,0,322,0,0,5550,0,0,90,19092,678,0,15,0,0,248,0,0,5,946,0,0,0,68,0,0,0,0,0,13073,6019,0,0,0,0,666,280,0,76.90000000000001,84.40000000000001,20.2,19.6,0,0,0,6139,0,848,0,0,10568,0,0,2807,20362,0,14011,0,6351,0,0,0,0,0,0,0,0,33887902,13358800,0,20529102,826897,24858490,-3502491,1135255,4858,0,0,-2372094,10926147,1398265,21563490,14006681,0,451276,0,0,7349624,0,0,133965,21941546,2857299,0,321130,0,0,7237522,0,0,1530405,11946356,5729120,0,717269,0,0,0,5818098,0,396072,0,89241,0,609000,0,0,0,0,10948264,0,-9962,0,0,8466228,0,0,1124572,0,0,978543,7109,0,0,4836148,947013,7637985,0,110,0,0,3549566,1618832,3203874,3064962,10963501,3958122,0,822821,2057646,3245095,1290684,880697,274830,712147,652947,4001037,0,43267237,433103,837950,0,48539327,35399626,0,10605215,2534486,48539327,0,7371779,-3688981,40078113,4533578,45023836,1756599,0,0,10605215,10605215,0,78956,30531004,307,103,593580,54827,648407,201,0,64605,176488,72539,49485,92888,43377,58381,25204,9499,1114,227153,23924,173423,0,105108,21155,42817,0,242535,26165,191910,0,117430,23898,46469,0,2005
106190045,catalina island medical center,7/1/2004,6/30/2005,365,audited,incl. ind. audit,los angeles,11,0933,non-profit,general,comparable,small/rural,(310)510-0700,100 falls canyon road,avalon,90704,william greene,administrator,,avalon medical development corporation,richard w. lakey,richard w. lakey-cpa,0,05-0427,,zzt30427g,12,12,12,601,0,1214,0,0,306,0,0,11,2132,40,0,11,0,0,7,0,0,2,60,4,0,0,0,8,0,99,0,0,0,2033,0,41,0,0,0,19,0,48.7,48.7,35.5,2.4,0,0,0,1634,0,2505,0,0,4830,0,0,1591,10560,1215,6953,0,2678,0,0,0,0,0,0,0,0,4871560,1493089,0,3378471,83303,3898764,-436990,1004951,0,0,0,567961,1062797,1708728,2100035,701666,0,635667,0,0,273547,0,0,22862,1633742,573192,0,449778,0,0,1787892,0,0,426956,3237818,278624,0,339599,0,0,0,548618,0,326248,0,0,0,0,0,0,0,0,996234,0,745846,0,0,1512821,0,0,123570,0,0,1002502,2449,0,0,713047,857447,581834,0,0,0,0,632291,350234,607590,156321,1945227,582561,41829,203750,327906,316275,149377,25938,83782,10485,211634,1173556,0,1223612,0,0,0,2397168,752590,0,139645,1504933,2397168,639450,1258821,-785213,919863,986139,2030979,807367,0,0,0,218145,78500,0,0,41,10,80183,6112,86295,9,0,11661,16952,11107,513,9648,10490,12390,7422,0,0,20806,18352,6829,0,17741,6446,10009,0,22495,19665,7341,0,19089,6936,10769,0,2005
106190555,cedars-sinai medical center,7/1/2004,6/30/2005,365,audited,incl. ind. audit,los angeles,11,0925,non-profit,general,comparable,teaching,(323)566-8504,8700 beverly blvd.,los angeles,90048-1804,priselac  thomas,president/ceo,,cedars~sinai medical center,barbara gates,cedars-sinai health system,1,05-0625,hsc30625f,zzt30625f,877,855,855,113170,1294,39760,2568,60,14661,57497,594,52372,281976,16157,201,5895,507,15,1729,11212,150,11732,47598,780,68,0,29,0,0,254014,18096,0,9866,0,0,45188,1520,0,890,0,0,88.09999999999999,90.40000000000001,5.9,5.9,80,16578,6662,108068,655,37058,4108,50,16316,178845,1288,56785,403173,75090,145576,17449,139760,0,39,2589300,998400,15395,12592,4924,2199,4648407466,3405693930,0,1242713536,121937162,1323016879,41633819,39534335,33397896,0,0,47770258,1076682607,143702570,3428022289,1525497239,26234931,336049254,25900881,2231025,121496148,1181868264,2086209,263330850,3484694801,308228587,2120098,79748969,8025822,156125,70532742,550075687,4602831,140221804,1163712665,1495943140,19470104,373708118,27822706,0,1804180,148813232,981187747,97384612,0,46365511,0,213194580,0,0,0,0,328614057,8743150,42090105,6103997,0,39375081,716117325,0,101669821,0,-7162160,1331,8754534,0,0,180039951,57655172,428114663,0,0,74261908,24499827,184842962,74618821,187216893,111766682,467369885,210389499,13819150,52213838,173943591,181994861,81656956,21333447,16029548,33535849,70730255,593072892,175560409,637499080,173186454,27837194,21700191,1628856220,227641334,80274833,715800000,605140053,1628856220,118435599,644303272,-324156000,765144086,373594123,1171659971,534160891,0,10000000,653795000,725875000,10075000,200000,0,7849,2031,15210122,1798754,17008876,1511,305,769491,4522973,2997932,144189,1082668,2880918,522725,1606441,412293,270492,3910416,1245996,3996903,185871,2531599,1318796,2017351,3190,4317403,1337454,4426025,206054,2830920,1474273,2413203,3544,2005
106190148,centinela freeman reg med ctr-centinela,11/19/2004,12/31/2005,408,audited,excl. ind. audit,los angeles,11,0929,investor,general,comparable,,(310)680-8200,555 east hardy street,inglewood,90301,michael rembis,ceo,www.centinelafreeman.com,cfhs holdings inc. a delaware corporation,ruth turner,healthcare management solutions  inc.,0,05-0739,hsc30240h,zzt30240h,362,344,344,47152,6408,17690,7420,0,918,14434,853,688,95563,6771,1454,3288,2036,0,185,3553,229,259,17775,301,28,0,9,24,0,83251,4048,0,1145,7119,0,16579,375,0,114,707,0,64.7,68.09999999999999,5.4,5.2,26,5515,2468,33292,4574,11480,16014,0,14456,47786,95,15189,142886,42936,62657,0,38756,0,13,579269,442429,5298,4717,1670,866,1753515190,1556535403,26135389,223115176,5492411,233082514,-4474927,242755,988172,0,0,-5220344,417920300,54490096,1281104794,655112784,103944156,250885335,97697102,0,18966427,260863799,12171678,11387828,1411029109,98423869,22847063,29448769,38460325,0,12202038,118596320,184051,22323646,342486081,663597765,135849489,266184533,130688015,0,0,23842496,289725922,12308578,0,12142620,0,22195985,17097090,9038299,0,0,84707742,7164911,11934027,13572259,0,7104415,87124778,14092,11492952,0,0,0,37952,0,0,52638885,13143375,95538953,0,0,0,0,25982270,15946877,23410654,6421500,88085704,30333906,4914839,14547096,55840843,26388280,36512,2136433,4653610,0,6145291,38026000,0,2054929,1280859,309000,0,41670788,46865707,25425,0,-5220344,41670788,132668,120617750,-88151744,58495,2032946,2091441,36512,0,0,0,0,0,0,15446591,1618,651,3669828,311653,3981481,557,0,226997,823432,1085183,131331,297564,681403,84527,119893,171335,48163,1413241,322318,881814,0,396179,371480,284796,0,1517936,348390,972475,0,425392,408110,309178,0,2005
106190500,centinela freeman reg med ctr-marina,11/19/2004,12/31/2005,408,audited,excl. ind. audit,los angeles,11,0927,investor,general,comparable,,(310)823-8911,4650 lincoln blvd,marina del rey,90291,michael rembis,ceo,www.centinelafreeman.com,cfhs holdings inc. a delaware corporation,ruth turner,healthcare management solutions  inc.,0,05-0740,,hsp30730g,90,90,39,7919,2398,900,128,0,621,2405,305,955,15631,1328,488,182,50,0,224,734,97,191,3294,90,0,0,0,0,0,15631,0,0,0,0,0,3294,0,0,0,0,0,42.6,42.6,4.7,4.7,0,0,0,4066,1240,1265,1693,0,3660,9808,30,6487,28249,22451,317,0,5805,0,4,111503,123002,834,1574,0,0,246738450,201263657,0,45474793,1183967,48306078,-1647318,1108012,482887,0,0,-1022193,47324106,23066257,176348087,84208347,27388550,15030352,1338147,0,9299701,29083383,3304389,6367909,176020778,13903500,4565085,2490203,2697030,0,11347016,25152825,58594,10503419,70717672,83260258,28332488,16157104,3800250,0,0,7940840,41822044,7951813,0,3362983,0,8635877,0,0,0,0,11447493,2563175,841840,234927,0,12387899,10549721,0,7449738,0,0,0,2293,0,0,9594832,3658085,15433058,0,0,0,0,8506448,3260150,6159317,1694188,18137145,5386146,943078,6418614,7462056,6274363,120546,1087663,854765,3167,1618535,14557727,0,1442052,2826245,0,709435,19535459,20557652,0,0,-1022193,19535459,550,32999967,-20741795,115900,1446699,1562599,120547,0,0,0,0,0,0,15537963,254,49,641724,61367,703091,350,0,67045,212690,93277,1911,19497,84363,43869,7597,99145,12330,186902,62169,148724,0,130517,51510,61902,0,199760,68176,164588,0,146312,55966,68289,0,2005
106190230,centinela freeman reg med ctr-memorial,11/19/2004,12/31/2005,408,audited,excl. ind. audit,los angeles,11,0929,investor,general,comparable,,(310)674-7050,333 n prairie ave.,inglewood,90301,michael rembis,ceo,www.centinelafreeman.com,cfhs holdings inc. a delaware corporation,ruth turner,healthcare management solutions  inc.,0,05-0741,hsc30729g,hsp30729g,358,329,185,30997,4209,19222,8098,0,877,9306,695,1796,75200,3739,732,3217,2340,0,223,1637,227,407,12522,276,0,0,53,29,0,58633,0,0,10404,6163,0,11349,0,0,737,436,0,51.5,56,6,5.7,24,3236,1667,11703,1643,9125,13610,0,1884,10356,55,15076,63452,48706,1220,0,17391,0,7,224405,194128,1848,2328,1588,333,890699669,756513857,465184,134650996,184976,148388709,-13552737,275294,301572,0,0,-13579015,258847437,46310800,585541432,299187624,42704566,192064674,70622213,0,13144892,89052716,8375792,10015509,725167986,45293508,7555545,23129366,27087373,0,4860781,32321428,215341,25068341,165531683,291532859,40953970,196560252,85919189,-6501825,0,10148216,99245373,12885679,0,8591133,0,17179011,0,465184,0,0,47967958,8579389,21894865,10844599,0,7610052,20338950,0,17415183,0,0,0,21779,0,0,39585157,7295240,46569484,0,0,0,0,23300950,7999387,18770814,4867677,60602774,22117104,3855503,14320561,19743851,15586106,22682,3373654,3561119,849,5204506,30285773,0,2503905,680650,417000,0,33887328,47466343,0,0,-13579015,33887328,2382,78560693,-52673494,94898,2431689,2526587,22682,0,0,0,0,0,0,33800205,963,295,2238432,242034,2480466,430,0,150309,700251,470197,90895,125084,313188,119540,26972,197330,44666,840548,126642,551594,0,303126,195229,215104,6189,924168,134843,615823,0,337656,221510,239831,6635,2005
106160787,central valley general hospital,1/1/2005,12/31/2005,365,audited,incl. ind. audit,kings,09,0615,non-profit,general,comparable,,(559)583-2100,1025 n douty st.,hanford,93230-3722,douglas lafferty,coo,www.hanfordhealth.com,pacific living centers inc.,crystal ruditsky,central valley general hospital,0,05-0196,,zzt30196t,45,45,28,2653,10,3964,270,472,53,2197,118,236,9973,581,0,1712,145,124,14,961,50,98,3685,45,0,0,0,0,0,9973,0,0,0,0,0,3685,0,0,0,0,0,60.7,60.7,2.7,2.7,11,2963,1890,21436,14,100546,12474,12141,4158,9574,11077,7992,179412,16674,147795,0,15108,0,3,84127,35612,1292,728,1178,703,153698193,101670972,0,52027221,369869,47830859,4566231,196192,3354,0,0,4759069,30818592,48454821,74424780,16333167,71797,32101715,2465203,2803680,293867,19780203,862098,1718149,76429879,10114126,11219,42163216,4550444,5070579,1226342,6446867,4484254,3201267,77268314,19721465,48642,44435262,5764285,-1831769,4980418,907320,15904992,2031483,0,7509080,0,2199794,0,0,0,0,6725828,34374,29826537,1174433,2642943,612889,10322078,0,688139,0,0,0,92879,0,0,4750754,10417935,10879990,0,0,0,0,5232021,2057887,11364680,3127592,20176964,5286457,6889873,1804529,4866529,4040817,878471,582951,661890,477983,2164395,6339833,967669,7859594,72106,13888,633661,15886751,6883250,0,14487312,-5483811,15886751,3900,17657334,-11655887,7783248,7167040,16409768,8550174,0,2693,0,15950005,1462693,0,15965541,402,133,771090,80826,851916,157,0,60954,91971,138389,46125,92761,242911,64193,18127,12081,3578,105800,282831,121144,0,109651,67137,84527,0,117583,314745,132708,0,120221,73969,92690,0,2005
106190155,century city hospital,10/14/2005,12/31/2005,79,audited,excl. ind. audit,los angeles,11,0927,investor,general,other non-comparable,,(310)772-4000,2070 century park east,los angeles,90067,joel bergenfeld,ceo,www.ccdoctorshospital.com,century city doctor's hospital llp,jeffrey n. brown,hospital management services,0,05-0753,,,119,73,34,352,0,0,3,0,435,178,0,42,1010,87,0,0,1,0,122,49,0,11,270,119,0,0,0,0,0,1010,0,0,0,0,0,270,0,0,0,0,0,10.7,17.5,3.7,3.7,0,0,0,54,0,0,0,0,241,111,0,21,427,0,0,0,0,0,14,56925,19860,801,368,0,0,21735876,12749037,0,8986839,1698,49168093,-40179556,26790,403,0,0,-40153169,2730304,50532,18955040,4907747,0,0,31452,0,10197913,2594301,0,1133855,18865268,426529,0,0,0,0,1620972,597201,0,225906,2870608,3873946,0,0,18871,0,0,5878444,1688449,325741,0,0,0,963586,0,0,0,0,1460330,0,0,12581,0,5912144,1457647,0,144137,0,0,0,10844,0,0,0,0,0,0,0,0,0,0,0,0,0,0,0,0,0,0,0,0,0,0,0,0,15863829,0,31675674,49941,0,4233778,51823222,28583169,0,19885366,3354687,51823222,447361,18592583,-10054587,163602,874629,32015674,340000,0,0,0,19885366,0,0,98579,0,0,0,0,0,335,0,0,0,0,0,0,0,0,0,0,0,0,0,0,0,0,0,0,0,0,0,0,0,0,0,0,0,2005
106301140,chapman medical center,1/1/2005,3/7/2005,66,audited,excl. ind. audit,orange,13,1015,investor,general,comparable,,(714)633-0011,2601 east chapman street,orange,92669-3206,doug norris,ceo,,tenet healthcare corporation,remedios h. maglaya,tenet healthcare corporation,0,05-0550,hsc30550g,,114,110,110,1053,109,1558,73,1,101,1672,23,101,4691,147,22,29,18,2,19,228,11,20,496,47,12,28,0,27,0,1110,619,1225,0,1737,0,302,54,113,0,27,0,62.3,64.59999999999999,9.5,6.3,0,0,0,2867,238,83,247,97,234,4226,11,929,8932,1813,2983,0,4137,0,6,19447,14602,152,165,0,0,33836071,28073525,0,5762546,48340,9069487,-3258601,93849,123997,0,0,-3288749,7942602,1600669,24292800,6524764,970509,6616431,710220,34268,943826,9153282,284162,512445,25749907,1529836,439324,230280,370755,123797,264893,4197651,76034,853594,8086164,6764519,1276621,5805302,1010812,0,142402,142827,11341408,298441,0,378072,0,913121,0,0,0,0,1233466,116954,1015009,56455,10673,1062198,1853807,0,413984,0,0,0,0,0,0,1690926,523101,2072559,0,0,0,0,994233,660296,2539400,588972,3058456,1383034,99425,180167,1188889,1455483,326708,116873,97609,116353,1046490,8349398,0,23964868,0,3087577,1294977,36696820,27777541,0,3140543,5778736,36696820,0,11126178,-3858663,30245901,15935687,46381814,22416946,0,3372361,0,3372361,231818,0,21507834,323,119,112035,13106,125141,203,0,11613,21944,21700,9860,13232,22605,5483,2023,3479,96,44544,11742,23671,0,13390,8364,10324,0,50783,12975,26560,0,14489,9218,11116,0,2005
106301140,chapman medical center,3/8/2005,12/31/2005,299,audited,excl. ind. audit,orange,13,1015,investor,general,comparable,,(714)633-0011,2601 east chapman street,orange,92669-3206,doug norris,ceo,,integrated healthcare holdings  inc.,tad erickson,tre reimbursement consulting  inc.,0,05-0745,hsc30550h,,114,110,110,4541,898,7580,407,344,708,6250,87,802,21617,565,175,59,81,55,61,856,26,99,1977,47,12,28,0,27,0,5057,2813,5845,0,7902,0,1345,205,420,0,7,0,63.4,65.7,10.9,7,0,0,0,4349,1205,884,1777,295,1094,10819,431,3697,24551,8252,12001,0,0,0,6,84278,59757,620,739,0,0,154561177,125459588,0,29101589,162427,33730409,-4466393,490966,570794,0,0,-4546221,36930920,7492548,110137709,30176616,6155330,32777062,4904345,2020527,4916765,33500655,818769,3506202,118776271,6209020,1934219,824114,1857685,540028,1774246,19420925,259420,2965249,35784906,30173840,6552429,28806052,2436486,0,2416403,3722829,43945926,3142122,0,1037001,0,3226500,0,0,0,0,5470807,1372377,4110840,4091716,91680,2831902,7993465,41188,3097614,0,0,0,0,0,0,8590510,2704510,9734753,0,0,0,0,4757783,1831893,4684687,1426273,13710153,5331405,550338,962110,5471643,4797364,455457,478739,320496,370985,1281719,7886457,0,5370661,0,0,0,13257118,16700401,0,0,-3443283,13257118,0,15458143,-8756344,356720,5305328,5826118,455457,0,0,0,0,0,0,0,346,118,529116,76381,605497,203,0,66992,107043,97740,48572,55280,109025,25516,2549,12502,3897,208881,52818,105219,0,67872,41781,52545,0,232832,58249,137197,0,74591,45985,56643,0,2005
106010776,childrens hosp & research ctr of oakland,1/1/2005,12/31/2005,365,audited,incl. ind. audit,alameda,05,0417,non-profit,childrens,comparable,teaching,(510)428-3000,747 - 52nd street,oakland,94609-1809,frank tiedemann,president/ceo,www.childrenshospitaloakland.org,children's hospital & research center at oakland,katy silverman,children's hospital and research center at oakland,1,05-3301,hsc00611f,,170,170,170,46,0,27664,7285,4,259,16632,307,21,52218,17,0,3859,2137,2,34,3371,107,2,9529,158,0,0,12,0,0,49552,0,0,2666,0,0,9449,0,0,80,0,0,84.2,84.2,5.5,5.5,0,0,0,626,0,40300,56609,850,878,82995,18218,959,201435,51608,143148,0,18283,0,9,448216,260991,3418,4657,0,0,526122977,289665321,9086253,245543909,57224112,304123708,-1355687,8886112,6446664,0,0,1083761,142931432,60765588,322425957,304774,0,179177417,36347308,47328,2451157,119377807,1516196,79801,339301788,1098655,0,51658880,49429519,685942,3776312,73185970,6636614,349297,186821189,803563,0,128508571,61280154,-8733272,638371,525777,96668972,9149664,0,823521,0,0,0,9086253,0,0,599866,0,111060998,33582926,75737,5538955,90862702,3404840,417885,0,0,0,1419814,0,0,63623579,35758254,74214610,0,0,46753007,7290866,32558845,8647131,21821640,13455776,128288627,67995622,14031053,10217669,30516609,20168463,11933877,2092433,2919704,4464933,11494718,113612447,0,143221100,6291400,175614097,3194900,441933944,61072714,0,119039700,261821530,441933944,7232053,56928104,-6925600,125882477,79500573,289752600,146531500,0,0,104603529,121719700,2680000,0,0,1892,397,3594917,502845,4097762,510,87,333023,1083622,727936,18473,79717,591266,241527,357503,43859,117991,767965,427260,676678,770750,524899,154849,188919,83597,879786,491447,779682,867502,589346,176825,217499,95675,2005
106370673,children's hospital - san diego,7/1/2004,6/30/2005,365,audited,incl. ind. audit,san diego,14,1416,non-profit,childrens,comparable,,(858)576-1700,3020 children's way,san diego,92123-4223,blair sadler,president/ceo,www.chsd.org,children's hospital san diego,jaycee lin,essential consulting llc,2,05-3303,hsc30271f,zzt30271f,313,297,297,209,0,46877,2177,0,529,30299,56,794,80941,30,0,5019,1004,0,130,6576,9,255,13023,248,0,0,0,65,0,62331,0,0,0,18610,0,12997,0,0,0,26,0,70.8,74.7,6.2,4.8,0,0,0,892,0,53690,41142,0,41156,77011,1491,41968,257350,51046,122806,4543,72471,0,13,745380,975870,5793,13114,0,0,756335685,503768541,28624964,281192108,27443337,318924653,-10289208,20597385,3371185,0,0,6936992,208681670,89488943,458165072,2825626,0,240798704,13769120,0,29292181,201239275,1433032,6007216,495365154,499486,0,63242551,38314330,0,12186180,132585537,712447,13430000,260970531,2837673,0,202135092,45838013,-6101747,0,19676867,220848821,16388343,0,2145479,0,0,0,7612341,0,21012623,487439,0,108007910,13857778,0,7215851,132185914,0,19437216,0,0,883770,7736806,0,0,59388966,29045482,77821983,0,0,2922638,2257317,55176640,26515946,44343645,21452036,129037427,30765866,0,22127171,44712979,32502423,16251279,6213624,1503394,5509048,30301442,225712185,20942505,115998468,7566064,0,692771,370911993,100211744,432867,93458628,176808754,370911993,8788726,61746046,-18562623,147522850,81099725,246265594,130267126,0,18160417,79996931,98157348,4698720,0,16766525,2132,582,4058884,474272,4533156,723,58,265642,1176672,928659,69813,211890,949419,217587,139620,99582,0,1036645,482701,908409,35576,630758,382860,520671,61264,1149539,548520,1020262,41275,675853,431143,598438,68126,2005
106304113,children's hospital at mission,7/1/2004,6/30/2005,365,audited,incl. ind. audit,orange,13,1017,non-profit,childrens,comparable,,(949)347-8400,27700 medical center rd-1st fl,mission viejo,92691,kimberly cripe,president/ceo,www.choc.org,children's hospital at mission,hao-michelle nguyen,children's hospital of orange county,0,05-3306,,hsp33306f,48,48,48,0,0,1373,806,0,164,6028,6,319,8696,0,0,197,251,0,59,1568,1,34,2110,48,0,0,0,0,0,8696,0,0,0,0,0,2110,0,0,0,0,0,49.6,49.6,4.1,4.1,0,0,0,0,0,926,4331,0,256,15921,9,1567,23010,15947,0,0,7553,0,9,47258,42285,491,746,0,0,82632264,50276809,0,32355455,649435,31131489,1873401,484187,1028132,0,0,1329456,19332159,13939339,49360766,0,0,8579044,4259165,0,855151,36496156,96258,2211341,52497115,0,0,1020764,4039605,0,380046,23116296,41083,1537355,30135149,0,0,5453700,7017085,0,0,702852,33920686,1288118,0,935964,0,958404,0,0,0,0,0,0,3996212,1152104,0,513058,24752224,104262,1837595,0,0,0,-8546,0,0,7983339,2526283,8000805,0,0,0,0,3915494,1206768,5559390,1939410,4982893,1806800,580936,1362874,114729,19880827,319001,1092429,278859,0,712141,10713000,0,4811998,5630,36077,7090040,22656745,5754359,196632,0,16705754,22656745,2806820,13662436,-6570992,0,2812319,9077728,4265730,0,0,0,0,0,381730,584487,76,40,155742,19855,175597,165,0,16552,9207,83333,0,546,28708,0,0,16568,828,114930,0,2469,0,3260,0,14476,20607,128525,0,2645,0,3780,0,17570,23077,2005
106204019,children's hospital central california,10/1/2004,9/30/2005,365,audited,incl. ind. audit,madera,09,0601,non-profit,childrens,comparable,,(559)353-3000,9300 valley children's place,madera,93638,william f. haug,president/ceo,www.childrenscentralcal.org,children's hospital central california,gerrie lenn boonstra,children's hospital central california,0,05-3300,hsc00130f,,255,255,255,128,0,46213,6070,15,2342,17608,2,226,72604,27,0,6379,2041,2,384,3269,1,72,12175,237,0,0,18,0,0,70756,0,0,1848,0,0,12111,0,0,64,0,0,78,78,6,6,0,0,0,231,0,84548,24981,29,4643,72919,153,2818,190322,45773,115495,3662,30466,0,8,866346,615959,4367,17000,0,0,585561673,329314013,0,256247660,8041743,255280629,9008774,23075324,7254165,0,0,24829933,192613951,51626997,341320725,695997,0,279046412,25231254,59714,19591210,101920275,9632,567138,427121632,340997,0,63598037,30584919,48747,6184251,52557355,132349,4993386,158440041,500701,0,214883241,38573469,-12247715,87708,11374238,72834966,3058288,0,141981,0,107136,0,0,0,0,536293,0,140008923,17242704,20753,14401223,81642664,0,2395100,0,43950,0,16401626,0,0,61737044,27443869,72460709,0,0,374163,975491,38385954,7552246,28877156,17473997,107418410,45358308,14508653,4764030,35557402,13395501,10804227,3462536,2580485,8621162,8809915,57752425,139211072,165974097,4650109,3086709,4819192,375493604,32039811,0,150078338,193375455,375493604,1919860,116778976,-77524459,158668947,68153404,249685703,83711606,0,0,141280814,153703338,3625000,0,0,2066,680,3931092,439509,4370601,387,15,254992,1114511,1039703,39219,335653,807173,161294,105075,42482,30990,1208508,509058,851078,10950,665732,274191,375869,35706,1334738,564069,954794,12138,737695,303624,424785,38758,2005
106190170,children's hospital of los angeles,7/1/2004,6/30/2005,365,audited,incl. ind. audit,los angeles,11,0925,non-profit,childrens,comparable,teaching,(323)660-2450,4650 sunset blvd.,los angeles,90027-6062,walter noce  jr.,ceo,www.chla.com,childrens hospital of los angeles,jeff wolf,essential consulting llc,1,05-3302,hsc30123f,,286,286,286,395,0,53160,6172,0,1342,23431,55,1160,85715,65,0,6888,955,0,161,2836,6,122,11033,286,0,0,0,0,0,85715,0,0,0,0,0,11033,0,0,0,0,0,82.09999999999999,82.09999999999999,7.8,7.8,0,0,0,647,0,161775,43386,0,2894,40393,873,19570,269538,58003,227273,0,0,0,15,852737,537842,6622,7273,0,0,804720443,512819694,0,291900749,95078200,445931981,-58953032,40589237,15088325,0,0,-33452120,282712037,33204560,488803846,2372337,0,370549444,38052049,0,10261162,192381143,481282,10016444,624113861,1424921,0,89324729,31256585,0,2838504,47259608,246460,8255775,180606582,2803886,0,295320915,49371797,-14321000,0,7662297,150785313,12552056,0,801591,0,7842839,0,0,0,0,972367,0,176330366,19553442,0,4750448,76289147,11821,13993158,0,0,14852202,58255,0,0,72886670,41793299,89536410,0,0,40799883,30721969,83302110,12970736,41129280,32791624,219120522,36460682,0,9188215,48344063,62612265,34150500,6224095,1796157,11429228,16606254,442514185,28213037,339331162,47733197,1194121,33685,859019387,106033327,0,343861883,409124177,859019387,7379203,175268258,-97434646,367302203,215691204,596340852,257009690,0,0,347836883,347836883,3975000,0,0,3119,743,5765064,792470,6557534,469,151,374495,1295786,1170443,112696,261734,1666599,181712,632312,69287,0,1404379,834453,952924,1044777,467831,220801,716783,123116,1620299,941082,1088342,1132552,527592,253740,852090,141837,2005
106300032,children's hospital of orange county,7/1/2004,6/30/2005,365,audited,incl. ind. audit,orange,13,1015,non-profit,childrens,comparable,,(714)997-3000,455 so main,orange,92668,kimberly cripe,president/ceo,www.choc.org,children's hospital of orange county,hao-michelle nguyen,children's hospital of orange county,0,05-3304,hsc31404f,zzt31404f,202,202,202,90,0,23196,5521,0,327,21376,97,572,51179,24,0,3242,2152,0,92,4491,45,244,10290,202,0,0,0,0,0,51179,0,0,0,0,0,10290,0,0,0,0,0,69.40000000000001,69.40000000000001,5,5,0,0,0,275,0,34073,43600,0,1613,57839,2056,30492,169948,41264,126666,0,0,0,23,368449,204689,3173,4071,0,0,681633367,455522104,49784100,275895363,34836930,305520788,5211505,2077962,287867,0,0,7001600,180357857,59388892,441886618,1241221,0,234638125,35060868,0,2479212,222988058,712069,3869391,500988944,303885,0,44164429,33317024,0,2280376,79637488,1095156,19846065,180644423,1110186,0,215307128,54137975,-5708926,0,2697767,171530232,8512691,0,3602790,0,4332261,0,49762351,0,21749,415573,0,64588838,63996855,0,2000640,127226998,1743014,15923445,0,0,908189,908884,0,0,51803840,21991205,121068777,0,0,4273130,3727426,33256626,11348876,43470896,14580012,72903421,28816516,4918179,33558410,32544821,101149461,7217822,12403005,2255732,281522,9471899,99153492,2138231,50179261,6785078,5526637,289405,164072104,63103906,2252446,28893781,69821971,164072104,35465094,101211790,-56455580,398980,82392784,97406855,47227594,0,700986,0,29234630,340849,4869783,15971819,1411,328,2816606,356009,3172615,525,55,292799,810659,465975,25777,191419,502187,147196,142891,208318,29385,950392,259854,287301,118324,480827,269921,447834,2153,1034750,289760,329042,138023,564861,308371,505654,2154,2005
106434051,childrens recovery ctr of no calif,1/1/2005,12/31/2005,365,audited,excl. ind. audit,santa clara,07,0431,investor,general,comparable,,(408)558-3640,3777 south bascom avenue,campbell,95008,mike zarcone,ceo,www.pedisubacute.com,m. zarcone,m. zarcone,children's recovery center,0,,hsc33307f,,29,29,21,0,0,6242,799,0,0,491,0,0,7532,0,0,9,1,0,0,2,0,0,12,0,0,0,0,29,0,0,0,0,0,7532,0,0,0,0,0,12,0,71.2,71.2,627.7,0,0,0,0,0,0,0,0,0,0,0,0,0,0,0,0,0,0,0,0,0,0,0,0,0,0,10217584,5140208,0,5077376,0,5042818,34558,0,0,0,0,34558,8119900,0,2097684,0,0,8656590,963371,0,0,597623,0,0,10217584,0,0,0,0,0,0,0,0,0,0,0,0,4460262,415730,0,0,0,264216,0,0,0,0,0,0,0,0,0,0,0,4196328,547641,0,0,333407,0,0,0,0,0,0,0,0,2444571,0,1126643,0,0,0,0,466942,89541,395410,519711,2660004,736130,53000,74999,550733,238027,45490,456950,47789,51518,128178,632994,0,215838,0,0,0,848832,2150639,0,902049,-2203856,848832,148614,717158,-343600,0,571329,607244,391406,0,0,0,902049,0,0,0,58,35,112933,7918,120851,12,0,4932,21173,19281,21353,31838,5587,8089,0,220,460,76752,0,16522,0,12900,328,6431,0,81510,0,18037,0,13930,358,7016,0,2005
106382715,chinese hospital,1/1/2005,12/31/2005,365,audited,incl. ind. audit,san francisco,04,0423,non-profit,general,comparable,,(415)982-2400,845 jackson street,san francisco,94133-4851,brenda yee,ceo,,chinese hospital association,sandra lee,toyon associates  inc.,0,05-0407,hsc00407f,zzr00407f,54,52,52,6714,2863,1202,66,0,685,137,24,94,11785,1228,499,233,34,0,153,45,9,26,2227,54,0,0,0,0,0,11785,0,0,0,0,0,2227,0,0,0,0,0,59.8,62.1,5.3,5.3,0,0,0,28680,10902,6712,2622,0,10865,4894,83,1175,65933,5790,10495,0,49077,8247,2,72151,120548,604,2149,0,0,109537587,79238545,28577261,58876303,1104391,56092955,3887739,623261,0,0,0,4511000,22363538,5049818,82124231,26635091,11793301,4718444,441948,0,3344361,774316,58123,665297,48430881,23327109,9745324,6698858,1849900,0,15838274,2784222,73189,789830,61106706,33484523,21334468,6604975,2224240,0,0,10983638,3257182,275245,0,530265,0,544009,22120944,2989304,0,3467013,16477677,22325101,4812327,3056912,0,8198997,3768369,87422,149498,0,0,0,0,0,0,6521805,2934448,17026300,16375520,0,0,0,6154286,1340763,4288477,1451356,15671401,6461940,1851760,868286,8085966,19556217,1747823,297082,331481,61004,1159995,12933338,6245742,12068622,0,5402037,94596,36744335,11965611,0,1462201,23316523,36744335,7811372,8510482,-5778193,16221204,18303345,34777878,22709256,0,0,1852562,1852562,390361,0,0,242,73,446417,61634,508051,102,0,44455,86076,106221,24074,22563,106013,50460,2703,1159,2693,106627,29878,117568,0,107040,26965,58339,0,122989,33313,131549,0,122406,31058,66736,0,2005
106361144,chino valley medical center,1/1/2005,12/31/2005,365,audited,excl. ind. audit,san bernardino,12,1207,investor,general,comparable,,(909)464-8600,5451 walnut ave,chino,91710-2609,gregory brentano,administrator,www.cvmc.com,prime care,jeffrey n. brown,hospital management services,0,05-0586,hsc30586i,,126,126,53,5867,1936,5411,1875,0,624,3058,0,686,19457,1880,790,1683,841,0,417,1556,0,147,7314,112,0,0,0,14,0,19457,0,0,0,0,0,7314,0,0,0,0,0,42.3,42.3,2.7,2.7,10,1093,513,3502,352,5049,8415,0,2256,6159,0,7287,33020,34009,0,0,0,0,4,161421,116261,2690,5813,361,155,232559665,156526035,0,76033630,609512,52510221,24132921,3213302,400751,1124623,0,25820849,51341404,48467978,132750283,48778401,18453571,40529355,15110455,0,6168944,30241807,0,5591804,164874337,9891885,1918617,10449381,13745043,0,5348911,13344289,0,12987202,67685328,35791660,11895813,42292443,23954453,-517474,0,7208224,13473265,9851859,0,3118531,0,9457261,0,0,0,0,22878626,8476375,9089923,5014889,0,4309631,27810261,0,-1546075,0,0,0,43845,0,0,12748220,4387560,10836712,0,0,0,930013,8337871,2582618,6944695,5742532,20178491,6228819,0,5799816,5059548,4668079,0,5925632,1629154,652859,2367823,16068142,0,0,0,0,0,16068142,5612324,0,0,10455818,16068142,3964478,69363854,-62683368,0,0,0,0,0,0,0,0,0,0,0,451,174,905583,86924,992507,253,16,58224,126528,241838,30666,90422,188411,80810,34886,52167,1631,331430,101255,151736,32935,143320,68661,76246,0,363422,108768,170852,35082,155738,75569,83076,0,2005
106200692,chowchilla district memorial hospital,7/1/2004,6/30/2005,365,audited,excl. ind. audit,madera,09,0601,district,general,comparable,small/rural,(559)665-3781,1104 ventura st.,chowchilla,93610,cathy flores,administrator,,chowchilla district,rodney a. phillips,rodney a. phillips  cpa,0,05-0377,hsc30377h,zzt30377h,24,24,24,2679,0,5020,0,0,378,0,0,0,8077,43,0,25,0,0,2,0,0,0,70,0,0,0,0,24,0,0,0,0,0,8077,0,0,0,0,0,70,0,92.2,92.2,115.4,0,0,0,0,4031,0,8742,0,0,3991,0,0,0,16764,0,16764,0,0,0,0,0,0,0,0,0,0,5105174,1888914,0,3216260,90379,3542285,-235646,434630,6203,0,0,192781,2019250,1777018,1308906,1524571,0,1259851,0,0,129473,0,0,0,2913895,645185,0,1104902,0,0,441192,0,0,0,2191279,757438,0,863572,0,0,0,267904,0,0,0,0,0,0,0,0,0,0,1412318,0,1501181,0,0,302761,0,0,0,0,0,25,3337,375000,0,760800,919446,489437,0,0,0,0,706533,181448,257119,227502,1499797,373609,284150,59233,303760,626683,22276,7351,53333,126556,185537,1288148,0,812756,0,242698,0,2343602,375660,99030,4506198,-2637286,2343602,600210,614171,-287808,0,915334,2610477,1797721,0,181200,2815000,4506198,0,0,0,50,22,94828,9762,104590,7,0,12724,4476,2064,12429,30824,16325,10950,4049,987,0,40367,20752,3224,0,16861,7585,6039,0,44636,22818,3419,0,18709,8636,6372,0,2005
106190636,citrus valley medical center-qv campus,1/1/2005,12/31/2005,365,audited,incl. ind. audit,los angeles,11,0915,non-profit,general,comparable,,(626)858-8541,1115 south sunset avenue,west covina,91790,james yoshioka,president/ceo,www.cvhp.org,citrus valley health partners,caroline formano,citrus valley medical center,0,05-0369,hsc30369f,,547,547,547,44280,11445,36939,11675,0,933,24493,2483,1334,133582,6196,2821,6327,3799,0,271,5949,430,885,26678,457,30,0,12,48,0,114145,6982,0,3977,8478,0,23717,1425,0,211,1325,0,66.90000000000001,66.90000000000001,5,4.9,25,11814,4980,38601,10611,27694,22760,0,5168,51689,4449,11829,172801,98509,0,0,89147,927,15,710295,748195,4045,5960,3166,2391,1065858114,825958444,5945607,245845277,2383563,239524727,8704113,2347562,0,0,0,11051675,296264660,52325209,717268245,263677675,86064891,225620311,51937487,0,10230115,170388012,15031043,8753578,831703112,55832163,24099698,26065657,26359513,0,7268364,80396518,1638099,12494990,234155002,244705072,82376688,196403498,68374808,-8112566,0,12514897,183444235,9243841,0,26199258,0,10808713,0,5945607,0,0,74804766,27787901,55109440,14623279,0,4983582,67340295,0,1196014,0,0,0,1346948,0,0,65000757,11882612,82077519,889245,514189,0,0,34756562,10219874,20585695,13598274,93044354,27114852,3801163,13032277,37670099,40871271,8652569,1785301,4128103,3789134,5635604,56247543,41265516,72565280,2579434,8498686,0,181156459,29902592,835510,85886396,64531961,181156459,1351081,81811305,-42273382,105366948,136377457,245961709,173396429,0,1449682,82659120,88525802,2639406,0,929509,1668,666,3544630,124712,3669342,528,0,310755,622277,972553,166396,246970,446262,304836,274661,164840,35080,1386387,209194,928097,0,711677,140575,168700,0,1439972,215175,964872,0,730990,144226,174107,0,2005
106190661,city of angels medical center,1/1/2005,12/31/2005,365,audited,excl. ind. audit,los angeles,11,0925,investor,general,comparable,,(213)989-6151,1711 w temple st,los angeles,90026,robert bourseau,ceo,,intercare health systems inc.,jeffrey n. brown,hospital management services,0,05-0725,hsc30725f,,180,180,118,16282,0,23708,0,59,763,497,0,1707,43016,2312,0,4312,0,2,178,72,0,138,7014,110,70,0,0,0,0,19276,23740,0,0,0,0,3338,3676,0,0,0,0,65.5,65.5,6.1,6.1,0,0,0,45199,0,1498,0,113,362,567,0,4048,51787,0,6984,0,29,0,2,159958,216662,1406,6566,0,0,195792089,129980296,0,65811793,783730,62799164,3796359,25510410,7245,0,0,29299524,72648012,12722635,110421442,63785302,0,68039064,0,130728,13137067,3699001,0,10235517,159026679,18467356,0,2825664,0,27196,11960386,1641723,0,1843085,36765410,51854961,0,54447010,0,-8016000,105808,18036895,2663281,1414941,0,0,0,9473400,0,0,0,0,29029042,0,24433718,0,52116,7060558,2677443,0,2558916,0,0,0,0,0,0,11863377,3117639,17392187,0,0,0,0,9560788,1799291,10030312,9035570,22231564,5462277,9253,13279515,8221987,586793,847484,5704881,891153,2384933,3179324,33907887,0,3749671,126961,0,0,37784519,16355983,0,13698367,7730169,37784519,0,77711193,-56461176,0,6384075,9163623,5413952,0,0,0,13726738,28371,0,0,561,219,1131890,66960,1198850,234,0,67627,315231,187750,67216,200879,150539,110894,0,31754,0,388655,79583,225983,0,237682,67694,132293,0,413919,82650,233851,0,253128,72684,142618,0,2005
106190176,city of hope national medical center,10/1/2004,9/30/2005,365,audited,incl. ind. audit,los angeles,11,0913,non-profit,specialty,comparable,,(626)256-4673,1500 east duarte rd,duarte,91010-3012,michael friedman,president/ceo,www.cityofhope.org,city of hope national medical center,garry griffiths,city of hope national medical center,0,05-0146,hsc30146f,zzt30146f,165,153,153,8776,353,7333,256,0,503,26325,156,43,43745,1089,34,801,23,0,47,2644,18,6,4662,165,0,0,0,0,0,43745,0,0,0,0,0,4662,0,0,0,0,0,72.59999999999999,78.3,9.4,9.4,0,0,0,32716,451,14728,508,0,441,49183,444,250,98721,0,96457,0,6148,0,6,428280,141060,2553,2278,0,0,736875444,466662466,0,270212978,14268800,301021867,-16540089,49323178,0,0,0,32783089,105345556,26771728,604758160,79478462,2920199,75498914,3232938,0,6264276,260548420,870564,449754,429263527,99061344,1138961,44397302,1580910,0,1509213,157785426,1150331,988430,307611917,131180955,2599833,71807207,4286881,0,0,2656482,223869570,0,0,21960691,0,8300847,0,0,0,0,47358851,1459327,23562201,526967,0,5117007,191242762,0,945863,0,0,45113006,2643523,0,0,37785671,7587225,114114016,0,0,22090041,3059334,46631537,10993964,40301904,18458175,91426701,38302496,18578719,10081711,74626510,21505609,18620287,7091641,1033593,7216442,12538158,89186986,6556774,281526140,18122046,47963712,2433296,445788954,88986701,3466779,185411778,167923696,445788954,13996626,101358620,-48387305,213268747,204695237,451729220,170203080,0,0,172920000,190362249,4950471,6432940,0,1646,397,3005809,459131,3464940,208,21,276868,890240,549501,26533,250293,747088,58507,165214,41565,0,662861,165171,773582,339253,502869,222095,339978,0,771509,193493,889539,385396,574985,260307,389711,0,2005
106100697,coalinga regional medical center,7/1/2004,6/30/2005,365,audited,excl. ind. audit,fresno,09,0609,district,general,comparable,small/rural,(559)936-6400,1191 phelps avenue,coalinga,93210-9609,sharon spurgeon,ceo/administrator,http://coalingamedicalcenter.com,coalinga hospital district,virginia lapid/sandra earls,nathan consulting group,0,05-0397,,zzr00397f,78,78,78,1913,144,10715,61,0,305,849,0,719,14706,244,21,94,29,0,25,208,0,47,668,24,0,0,0,54,0,1711,0,0,0,12995,0,600,0,0,0,68,0,51.7,51.7,22,2.9,0,0,0,1586,151,4514,4227,0,2615,5383,0,3324,21800,7107,0,0,15129,0,2,0,0,0,0,0,0,17389710,7787700,0,9602010,50237,10723918,-1071671,1891663,76328,0,0,743664,6879720,2135984,8374006,2179587,137904,5015360,157027,0,88734,1404505,0,474215,9457332,1288127,114251,1018967,886732,0,869389,2854168,0,900744,7932378,1348442,89519,3166088,657254,-36255,0,436185,1556522,545951,0,0,0,23994,0,0,0,0,2119272,162636,2904494,386505,0,521938,2702151,0,805014,0,0,1600,28166,1563958,0,2415035,1101710,2530791,0,0,0,0,1809671,701892,718623,1446196,3778625,1317315,336004,1009697,1066399,654848,616604,469154,111549,763814,599909,2504989,1840709,9132392,0,1765350,0,15243440,2788096,0,12225353,229991,15243440,655349,2289368,-1007599,13575746,5668220,19481247,10348855,0,256216,12775000,13031216,805863,0,0,99,37,214961,4579,219540,9,0,10609,23704,13039,16759,47637,50053,40340,0,11151,1669,75338,18240,35755,0,44218,29729,11681,0,76795,18518,36442,0,45205,30598,11982,0,2005
106190766,coast plaza doctors hospital,1/1/2005,12/31/2005,365,audited,excl. ind. audit,los angeles,11,0921,investor,general,comparable,,(562)868-3751,13100 south studebaker road,norwalk,90650-2531,craig garner,ceo,,coast plaza doctors hospital,stephen t. mcgovern,western reimbursement group,0,05-0219,hsc30219h,,123,123,123,7366,1269,3259,1560,0,3188,0,0,1116,17758,1515,481,749,590,0,976,0,0,247,4558,111,0,0,0,12,0,16852,0,0,0,906,0,4486,0,0,0,72,0,39.6,39.6,3.9,3.8,0,0,0,10526,222,1694,2715,0,4382,0,0,2837,22376,22133,0,0,0,0,4,344462,280181,2368,2124,0,0,189379273,133631334,0,55747939,168899,55361600,555238,827220,1461808,0,0,-79350,31822712,13978069,143578492,43975049,7795275,19537224,8181857,0,32983313,0,0,9563986,122036704,14759988,1375405,5798846,4284468,0,32071173,0,0,9052689,67342569,44013725,6630696,22500251,10845703,0,0,32813829,0,2391813,0,0,0,14435317,0,0,0,0,14166481,2539984,2835819,1620622,0,30822697,0,0,3762336,0,0,0,549492,0,0,8490777,3820676,16258230,0,0,0,211680,7373506,4793219,10599189,3814323,20430566,3906812,1548847,2716677,9152106,8022605,1997513,772024,823687,1356083,4634680,42224383,0,13800664,0,0,0,56025047,5690201,0,13594044,36740802,56025047,18180823,293848617,-280526630,7899889,19630145,29250109,15449445,12292709,2527703,0,14820412,1226368,0,0,404,137,754065,92024,846089,229,1,62821,132334,201919,34393,49397,205407,59180,3120,575,4919,230628,57025,171924,3120,129862,73534,85600,2372,251908,62530,215030,3237,137513,80829,92670,2372,2005
106301258,coastal communities hospital,1/1/2005,3/7/2005,66,audited,excl. ind. audit,orange,13,1015,investor,general,comparable,,(714)754-5454,2701 south bristol street,santa ana,92704-6201,jack chubb,ceo,www.coastalcommhospital.com,tenet healthcare corporation,trina k thorson,tenet healthcare corporation,0,05-5356,hsc30535h,hsp30535p,178,178,178,2091,28,1793,2007,139,21,1088,93,115,7375,259,8,503,143,30,3,108,26,66,1146,109,23,0,0,46,0,3431,1137,0,0,2807,0,1007,92,0,0,47,0,62.8,62.8,6.4,4.2,21,1186,491,984,34,1459,1416,281,93,891,72,970,6200,3794,0,0,2440,0,5,32622,17279,417,287,478,15,55263499,47030909,1561532,9794122,35592,12202633,-2372919,163694,201919,0,0,-2411144,7933373,1655726,45674400,11850889,260344,12489914,7224956,915742,111776,9354118,746733,926099,43880571,2031650,58924,2567723,2438584,575164,199775,1916385,153434,1441289,11382928,10754639,157770,13408638,8745714,-1219000,813239,126987,7712900,4680420,0,470489,0,1379113,0,1561532,0,0,1901889,133279,1499400,1623942,677667,156750,2561748,467779,771668,0,-36219,0,0,0,0,3266013,527701,3075530,1045421,245486,0,0,1538843,657518,1194022,652099,4387971,2070776,165008,542373,1254533,2823673,118551,45644,516203,0,277901,10135105,0,9759271,0,18113734,1373478,39381588,46868594,0,0,-7487006,39381588,0,18311840,-13833304,4775195,5440630,13338942,3579671,0,0,0,0,0,0,40395842,504,223,169718,26489,196207,325,0,11841,28718,47254,15402,21090,24399,13444,782,6788,0,73830,8816,40071,0,23757,10512,12732,0,82218,9952,52642,0,25836,11472,14087,0,2005
106301258,coastal communities hospital,3/8/2005,12/31/2005,299,audited,excl. ind. audit,orange,13,1015,investor,general,comparable,,(714)754-5454,2701 south bristol street,santa ana,92704-6201,craig myers,ceo,,integrated healthcare holdings  inc.,tad erickson,tre reimbursement consulting  inc.,0,05-0747,hsc30535i,hsp30535i,178,178,178,9828,186,6678,12611,670,95,1126,450,546,32190,1029,46,1966,481,116,17,260,110,276,4301,109,23,0,0,46,0,13993,5445,0,0,12752,0,3866,390,0,0,45,0,60.5,60.5,7.5,4.6,21,5006,2052,4884,174,9082,3875,961,436,4867,130,6750,31159,16952,0,0,11239,2193,5,142396,86605,1634,1365,1234,807,249555199,207156519,5930288,48328968,52983,51213568,-2831617,718833,718352,0,0,-2831136,34721702,8593932,206239565,56059890,1599158,48384360,64462931,4755818,893229,9451503,3737772,4955747,194300408,9984794,322256,12497640,9892621,2029679,1066373,9102371,360964,9998093,55254791,50895757,1547885,53237996,68566329,-5531306,6169398,1100557,13912484,7449000,0,4223289,0,5585130,0,5930288,0,0,15142927,373529,12812823,11719511,616099,754045,4131390,237934,2540710,0,0,0,0,0,0,13311277,2355221,12197603,3272981,1306853,0,0,6597851,2052081,7592585,2527116,17686857,10804990,849721,2225163,5352304,10750689,115134,924647,1111828,6037,1386198,8976452,0,1068512,0,0,0,10044964,12683695,0,0,-2638731,10044964,761,25931693,-17835037,0,1183646,1183646,115134,0,0,0,0,0,0,5728989,482,227,798876,102510,901386,325,0,51650,132403,217110,76876,93372,108915,33785,5290,77842,1633,374068,58974,182395,0,91018,41330,51091,0,407426,61474,227582,0,104412,44662,55830,0,2005
106190184,college hospital,1/1/2005,12/31/2005,365,audited,excl. ind. audit,los angeles,11,0921,investor,psychiatric,comparable,,(562)924-9581,10802 college place,cerritos,90701-1505,stephen witt,ceo,http://collegehospitals.com,cerritos townhouse investment co.,barry f. helfand,college hospital  inc.,0,05-4055,,hsm34055g,125,125,125,12320,0,7134,0,87,0,24549,525,109,44724,980,0,878,0,16,0,4107,229,36,6246,0,125,0,0,0,0,0,44724,0,0,0,0,0,6246,0,0,0,0,98,98,7.2,7.2,0,0,0,32559,0,0,0,0,0,7323,0,75,39957,0,0,0,0,0,0,0,0,0,0,0,0,92862292,57722911,0,35139381,124547,31395734,3868194,9141,0,-6494,0,3883829,68956830,14544825,9360637,21921564,0,11934452,0,149489,0,42966045,986609,187856,78146015,11704393,0,0,0,0,0,2981023,0,30861,14716277,17735040,0,8292505,0,-157944,103814,0,28611626,1873561,0,1264309,0,0,0,0,0,0,14943023,0,3569176,0,45675,0,16508905,0,72602,0,0,0,9141,0,0,10401519,5217464,1185354,0,0,37995,0,3493971,1636871,7310734,2111826,13942070,4291067,754891,2841388,588662,5371118,428089,2076442,224601,68677,808729,5572049,0,1297482,1501219,6151019,0,14521769,5943606,0,1018195,7559968,14521769,0,6906472,-1871591,0,3538125,5773168,4475686,0,0,0,1311301,293106,6151019,0,343,161,652104,65256,717360,39,0,27848,201765,102171,56978,175781,43023,0,39761,2529,2248,362818,152672,0,0,14995,57014,64605,0,401180,164478,0,0,16590,62615,72497,0,2005
106301155,college hospital costa mesa,1/1/2005,12/31/2005,365,audited,excl. ind. audit,orange,13,1016,investor,general,comparable,,(949)642-2734,301 victoria st,costa mesa,92627-1995,wayne m. lingenfelter,ceo,,chcm  inc.,dale bracy,college hospital costa mesa,0,05-0543,,hsp30543k,122,118,86,4622,25,20656,19,667,291,4731,228,370,31609,661,3,2579,6,20,74,1097,62,104,4606,38,80,4,0,0,0,2472,27763,1374,0,0,0,623,3598,385,0,0,0,71,73.40000000000001,6.9,6.9,0,0,0,7236,7,25,7,0,310,3464,0,92,11141,0,0,0,0,0,3,8851,26093,69,171,0,0,81830152,56581106,0,25249046,1337282,30575889,-3989561,0,0,0,0,-3989561,61482907,4038607,16308638,9761894,45885,50026946,45344,1261086,835952,9482957,434745,701875,72596684,3847209,15998,217183,12435,0,1252113,3722173,0,166357,9233468,7302173,33605,35925244,44210,-3233988,754494,1643790,8572559,434304,0,4670787,0,433928,0,0,0,0,6306930,28278,13316831,13569,506592,444275,4632571,0,0,0,0,0,0,0,0,8625448,1582090,4411370,0,0,0,0,4063664,2061298,8262172,1569847,13400953,3548563,1477653,3079784,1416023,4200495,480874,1496145,261857,0,1213542,2486651,0,942094,456719,0,0,3885464,6067999,0,107104,-2289639,3885464,29266,24010705,-22239283,0,5080921,10628631,9686537,0,165818,0,165818,58714,0,1362021,282,119,544372,48868,593240,51,0,41297,155726,109168,55117,83422,83164,8851,965,2580,4082,246217,41167,62809,0,66491,50514,77174,0,263128,44200,71214,0,73365,55282,86051,0,2005
106361458,colorado river medical center,1/1/2005,12/31/2005,365,audited,excl. ind. audit,san bernardino,12,1215,investor,general,comparable,small/rural,(760)326-2113,1401 bailey avenue,needles,92363-3103,jim matney,ceo,,providence healthcare systems,jennifer floyd,clark koortbojian & associates inc.,0,05-0469,,hsp30469k,49,49,49,3308,0,322,0,0,536,575,7,602,5350,630,0,127,0,0,176,176,3,218,1330,39,0,0,10,0,0,3947,0,0,1403,0,0,1199,0,0,131,0,0,29.9,29.9,4,4,4,207,126,6755,0,2820,0,59,4305,3464,31,5333,22767,12199,0,0,12564,0,2,50331,65142,287,517,80,36,41764187,24337993,0,17426194,44662,11563548,5907308,167664,22186,0,0,6052786,5525922,4326267,31911998,11567944,0,1356001,0,0,2500969,3095588,24213,2647848,21192563,7247333,0,1774759,0,40660,4124667,3710010,32414,3641781,20571624,10973261,0,2222701,0,0,5667,3085853,2374221,610564,0,240837,0,4824889,0,0,0,0,7842016,0,908059,0,34993,3539783,4431377,0,669966,0,0,0,3966,0,0,2088433,554039,3769988,0,0,0,0,1511117,607709,2361498,670764,5029982,976624,79684,559646,1439693,1322235,723359,256415,220554,56280,899076,13533850,0,21331857,754783,1335422,730193,37686105,1834303,0,3574312,32277490,37686105,5968581,10769767,-5098514,0,12819757,28860523,7528666,0,3574312,0,3574312,0,228094,0,107,31,203188,25303,228491,26,0,31724,52375,33495,12757,17228,37884,6167,5860,4407,1291,50171,11659,59918,0,32921,27448,21071,0,56508,12951,67912,0,37040,30432,23648,0,2005
106060870,colusa regional medical center,4/1/2004,3/31/2005,365,audited,incl. ind. audit,colusa,01,0225,non-profit,general,comparable,small/rural,(916)323-7685,199 east webster street,colusa,95932-2954,dale kirby,ceo,www.colusamedicalcenter.org,colusa regional medical center,s. craig steen ,bkd  llp,4,05-0434,,hsp30434g,48,48,48,2627,0,719,0,93,477,0,0,116,4032,500,0,279,0,31,150,0,0,42,1002,42,0,0,0,6,0,2818,0,0,0,1214,0,901,0,0,0,101,0,23,23,4,3.1,4,421,209,16603,0,6348,0,817,8557,0,0,2351,34676,6947,10072,5554,12356,0,2,11688,13142,201,436,150,58,30143761,16759218,0,13384543,185683,13541682,28544,31005,0,0,0,59549,4780022,5983406,19380333,7872041,0,2984431,0,361356,1761864,0,0,626868,13606560,5741812,0,3467089,0,514796,5547384,0,0,1266120,16537201,7034874,0,4863796,0,0,902844,3120146,0,837558,0,0,0,0,0,0,0,0,6578979,0,1587724,0,-26692,4189102,0,0,1055430,0,0,2000,12361,0,0,2421913,2412394,4434912,0,0,0,0,1683939,681935,1429694,476895,5400415,1845225,538824,1412107,1403179,1328590,423543,128270,150236,160221,751072,3347851,0,1953236,763002,336860,0,6400949,1713919,0,2691653,1995377,6400949,122235,3774854,-2145791,481405,1022102,2881186,927950,2713983,0,0,2989385,297732,0,0,119,32,244112,34432,278544,12,0,35322,26257,34794,10361,21161,64185,18627,2383,31022,0,53857,53861,55072,0,30087,23341,27894,0,60208,61260,63217,0,34719,26039,33101,0,2005
106190197,community & mission hosps-htg park,1/1/2005,12/31/2005,365,audited,excl. ind. audit,los angeles,11,0923,investor,general,comparable,,(323)583-1931,2623 east slauson avenue,huntington park,90255-2926,barbara schneider,ceo,www.communityhosp.com,tenet healthcare corporation,remedios h. maglaya,tenet healthcare corporation,0,05-0091,hsc30091g,hsp40091g,157,157,157,3836,97,10737,5984,0,101,1416,172,333,22676,663,19,2973,1854,0,36,389,47,118,6099,157,0,0,0,0,0,22676,0,0,0,0,0,6099,0,0,0,0,0,39.6,39.6,3.7,3.7,33,4867,1872,2324,59,15661,18073,0,740,3342,511,5015,45725,12507,0,0,33678,0,5,224880,163080,1650,1350,1078,802,225121176,186749646,3503131,41874661,108193,47869657,-5886803,172665,79697,0,0,-5793835,21844856,6892549,196383771,34147886,920026,70238058,30093842,0,726677,12362907,1625209,3375509,153490114,9275034,258695,20058540,21460384,0,1087053,9574361,1971188,7945807,71631062,33491666,900511,72954153,47011148,-10038995,0,267613,20628396,6096071,0,10227879,0,5211204,0,3485791,0,17340,9931254,278210,20749958,8028869,0,1546117,1326212,0,14041,0,0,0,0,0,0,10249169,3326865,13095577,0,0,0,0,7815120,4044435,7365914,1972577,17061048,5637348,2578876,4844251,2894029,10551756,903930,909402,704181,138160,1646676,21851585,0,11628155,0,739484,1795082,36014306,4702391,0,1055695,30256220,36014306,147428,25814524,-19523216,17493244,8794507,27201027,15572872,0,1075218,0,1076467,20772,12962333,0,309,105,669172,59890,729062,249,0,72803,105891,164675,42107,11458,141546,31839,12093,76591,10169,200910,45074,196790,0,63833,67345,95220,0,217405,48165,217137,0,68819,74370,103166,0,2005
106190196,community hospital of gardena,1/1/2005,12/31/2005,365,audited,excl. ind. audit,los angeles,11,0929,investor,general,comparable,,(310)323-5330,1246 west 155th street,gardena,90247-4011,raymond n. smith,ceo,,gardena physicians hospital inc.,mariano patacsil,community hospital of garena,0,05-0456,,hsp30456h,58,49,31,3353,0,27,1,0,195,58,0,0,3634,484,0,5,1,0,46,9,0,0,545,38,0,0,0,20,0,1328,0,0,0,2306,0,363,0,0,0,182,0,17.2,20.3,6.7,3.7,0,0,0,1043,1,7,6,0,805,49,0,88,1999,0,596,0,1182,0,3,11507,26510,63,384,0,0,17609784,11017329,0,6592455,20635,7235935,-622845,0,313958,0,0,-936803,1963180,100118,15546486,7396921,0,105259,3117,0,1620176,164727,0,0,9290200,4999567,2805,2433,2814,0,3040795,130724,0,140446,8319584,7925190,2045,74605,3585,0,0,2755133,179358,0,0,0,0,77413,0,0,0,0,4471298,760,33087,2346,0,1905838,116093,0,63033,0,0,0,0,0,0,1818877,131282,2434739,0,0,0,54946,1080390,375838,1216994,122869,3792915,675752,276051,423461,942889,563277,69234,205028,0,469,286859,930804,0,0,0,0,0,930804,3518567,0,0,-2587763,930804,0,7223379,-6293230,0,0,0,0,0,0,0,0,0,0,0,116,24,180953,61871,242824,89,1,32694,30913,18008,12386,18760,38908,24317,2984,1983,0,55242,3831,34764,2984,34076,19705,20221,10130,106619,3944,41224,2984,35651,20877,20865,10660,2005
106190475,community hospital of long beach,10/1/2004,9/30/2005,365,audited,incl. ind. audit,los angeles,11,0933,non-profit,general,comparable,,(562)498-1000,1720 termino ave,long beach,90804,raymond jankowski,president/ceo,www.chlb.org,community hospital of long beach,robert schirripa,community hospital of long beach,0,05-0727,,hsp30003f,256,147,81,9865,1622,2780,670,0,637,1504,0,1066,18144,1553,399,475,99,0,178,472,0,414,3590,201,28,0,0,27,0,10211,7933,0,0,0,0,2623,967,0,0,0,0,19.4,33.8,5.1,5.1,0,0,0,1615,1228,1136,1930,0,1420,3517,0,3144,13990,18743,0,0,110,0,18,39960,113550,386,647,0,0,148587811,111323084,0,37264727,1128815,37573594,819948,1236439,414116,0,0,1642271,43419395,22648773,82519643,51585322,11861577,10179171,1367896,0,2606524,9215074,0,12007578,98823142,10045764,5651483,2932358,4463709,0,2738191,11215662,0,12717502,49764669,50498343,14342733,11971701,5318424,0,0,2477540,15196557,11463987,0,0,0,53799,0,0,0,0,10824267,3170327,1139828,513181,0,2813728,5234179,0,13569217,0,0,0,0,0,0,9707045,3457070,11079352,0,0,0,0,5872404,2453664,3979317,1024742,16875247,3261942,1452609,3596568,5135835,3859888,713816,495792,312183,441107,1428607,12415123,0,3800556,166208,0,0,16381887,8274191,0,3318010,4789686,16381887,1770195,44172445,-35376391,0,4225989,5793751,1993195,2311276,561372,0,3318010,0,0,0,314,107,653256,52363,705619,232,0,58367,141473,127497,35718,59335,86895,53274,38586,46143,5968,225928,64530,124666,0,135467,45408,57257,0,244572,68323,134528,0,146418,48880,62898,0,2005
106430743,community hospital of los gatos,1/1/2005,12/31/2005,365,audited,excl. ind. audit,santa clara,07,0431,investor,general,comparable,,(408)378-6131,815 pollard road,los gatos,95030,gary honts,ceo,www.tenethealth.com,tenet healthcare corporation,sandy buranathawon,tenet healthcare corporation,0,05-0188,hsc30188g,hsp30188g,143,143,143,14049,879,490,66,0,560,9384,17,130,25575,2031,202,83,24,0,128,2483,5,58,5014,113,0,0,30,0,0,20166,0,0,5409,0,0,4508,0,0,506,0,0,49,49,5.1,5.1,6,1548,703,55528,2095,2561,1366,0,1964,24316,21,2430,90281,12683,47360,3353,29116,0,8,353411,230024,2238,3618,550,202,461051467,368819982,0,92231485,335906,102834538,-10267147,4146778,2577729,0,0,-8698098,69934781,19708146,371408540,162113104,12204730,5771305,689479,0,11956551,132142024,116737,1922996,326916926,47993108,2819905,1291007,1640368,0,3961761,72846525,60954,3520913,134134541,180464546,11776800,6368375,2012934,0,0,8266555,154995064,1507469,0,279702,0,3148537,0,0,0,0,29641666,3247835,649703,259136,0,6264886,49993485,0,2174774,0,-640332,0,0,0,0,18237613,5580188,41182592,0,0,0,0,12267089,6617093,11862798,7087165,37410892,13478371,1388183,3318445,20987218,13093207,3624452,5320256,653535,0,3559979,15896893,0,30477234,1794,49910833,1136435,97423189,14496084,0,0,82927105,97423189,107818,33568596,-20453094,31746005,33168190,68541293,38064059,0,0,0,0,0,49802199,0,543,184,1036677,136147,1172824,532,0,127270,225678,265047,11381,105728,198696,56024,3009,41147,2697,330432,72658,332614,0,136248,65694,99031,0,376499,79086,385373,0,150282,70503,111081,0,2005
106270744,community hospital of monterey peninsula,1/1/2005,12/31/2005,365,audited,incl. ind. audit,monterey,08,0707,non-profit,general,comparable,,(831)624-5311,23625 w. r. holman highway,monterey,93940,steven packer m.d.,president/ceo,www.chomp.org,community hospital foundation,marietta carlin / claudia eyre,community hospital of monterey peninsula,0,05-0145,,zzr00145f,173,173,173,31078,103,1230,2851,0,18416,0,1028,1852,56558,5795,29,258,586,0,4977,0,273,536,12454,159,14,0,0,0,0,52705,3853,0,0,0,0,11724,730,0,0,0,0,89.59999999999999,89.59999999999999,4.5,4.5,24,2192,1069,110515,5387,7632,15399,0,127650,1941,2729,15433,286686,49187,13193,0,210951,0,12,539835,364609,4543,3750,1241,477,658514358,353768500,0,304745858,9237825,290515300,23468383,1414521,361316,0,0,24521588,135371215,35821193,487321950,259074127,861495,7907796,19635184,0,160513160,0,7139566,13591895,468723223,73596276,3654700,4389622,8759546,0,88960761,1087765,1480885,7861580,189791135,248653968,3072138,6859763,22198838,0,0,29902377,0,20750867,0,15630117,0,6700432,0,0,0,0,80622124,1397977,3183974,5801022,0,210889350,1087765,0,1763646,0,405942,0,1214731,0,0,51801197,19641072,101825398,0,0,0,0,63877519,12734186,29354702,11281226,104865617,75211215,4468097,5711709,40212876,14582385,22892566,4830731,1932221,741672,15066211,80600613,39370249,149296176,111845641,10790763,10094463,401997905,51151206,130778658,114187305,105880736,401997905,847924,104694585,-38390280,164804354,169742052,345696192,196400016,0,10196365,108703947,118900312,4713007,7938730,3050486,1653,477,2998464,512866,3511330,321,0,78516,651144,721637,57636,212283,554762,313113,336561,18899,53913,701647,257463,847144,0,712540,204946,274724,0,842398,306903,1004094,0,807469,233846,316620,0,2005
106361323,community hospital of san bernardino,7/1/2004,6/30/2005,365,audited,incl. ind. audit,san bernardino,12,1209,non-profit,general,comparable,,(909)887-6333,1805 medical center drive,san bernardino,92411-1217,jeffery flocken,interim president,www.chw.edu,catholic healthcare west,scott curtis,community hospital of san bernardino,0,05-0089,hsc30089f,zzt30089f,321,303,292,18473,1753,44113,5787,270,619,2881,824,564,75284,2398,416,4530,1864,53,180,741,206,165,10553,196,37,0,0,88,0,37559,9044,0,0,28681,0,9040,1385,0,0,128,0,64.3,68.09999999999999,7.1,4.5,36,4880,2318,18610,587,30807,15337,1,5917,9646,103,9822,90830,39262,0,14618,27834,1263,8,395849,276113,4415,3519,2590,799,527723824,420775189,4110163,111058798,1618966,111922507,755257,1055464,228482,0,0,1582239,124368841,33775999,369578984,109592129,13750208,229728662,45494626,1268584,5104645,20762306,5955078,3510982,435167220,14208717,1808861,21473173,22558277,4218,4417346,13824436,1238966,13022610,92556604,91516322,11039399,204036365,60310583,-14781726,1127327,6365225,30581391,14333127,0,14500289,0,1746887,0,4110163,0,0,32284524,4519670,54937044,11556390,145475,3156766,4005351,0,453578,0,-1603788,0,541719,0,0,33841277,6420507,27355946,1374610,0,0,0,17487729,4168007,15522031,5752400,45592452,21896744,1768885,5949303,12655589,14127385,79126,910934,3859600,1718130,3364359,29187630,10328950,25083540,249608,33250,0,64882978,21258457,0,25691550,17932971,64882978,447521,110242879,-87357101,73816006,30614721,105230068,80146528,0,0,22262289,32117862,6426312,0,2762272,966,374,1849839,256421,2106260,218,0,148659,314537,454436,95892,228497,287054,169608,54332,96824,0,724743,131909,375526,0,326063,102411,189187,0,824268,152271,426050,0,371101,117618,214952,0,2005
106100005,community medical center - clovis,9/1/2004,8/31/2005,365,audited,incl. ind. audit,fresno,09,0605,non-profit,general,comparable,,(559)324-4000,2755 herndon avenue,clovis,93612,tim a. joslin,ceo,www.communitymedical.org,community medical centers,ana montes,government reimbursement,0,05-0492,hsc00492f,zzr00492f,109,109,109,8396,1787,2178,1569,17,193,14137,360,0,28637,1445,307,704,508,3,82,5992,214,0,9255,109,0,0,0,0,0,28637,0,0,0,0,0,9255,0,0,0,0,0,72,72,3.1,3.1,0,0,0,34896,8849,7581,6811,242,4203,56102,3521,0,122205,34344,7877,0,83103,0,10,373440,424740,3273,5865,2004,973,276037204,171417591,0,104619613,800421,92941278,12478756,265144,4301,0,0,12739599,36481950,23976944,215578310,47462977,10108424,10506203,7733259,155392,1187564,83636805,2030622,0,162821246,15635162,3187766,5284438,7123680,556762,3027876,75328226,3072048,0,113215958,37440693,5709606,5209024,4901014,0,706790,2877828,108523446,4040706,0,1996358,-1082,13208,0,0,0,0,23286729,7507609,10340973,9746186,6446,898613,48190515,4642542,0,0,0,0,262639,0,0,18019788,6203406,39549919,0,0,0,0,7690763,1241596,13654246,6581560,34610711,7918660,2214143,145393,21880442,14904735,5136351,443990,745604,3406906,1534343,60775694,9052800,36555434,231931,926359,0,107542218,52449950,0,56093307,-1001039,107542218,3630,26267868,-13598054,31034993,47867898,85428936,48873502,0,0,57439495,57439495,1346188,46756752,43395605,715,238,1300692,187501,1488193,898,0,53471,237158,354732,25495,115590,238217,111801,162419,1349,460,369888,116812,428178,0,274148,70118,41548,0,431259,131326,492816,0,307958,77357,47477,0,2005
106560473,community mem hosp - san buenaventura,1/1/2005,12/31/2005,365,audited,incl. ind. audit,ventura,10,0809,non-profit,general,comparable,,(805)652-5011,147 n brent street,ventura,93003-2854,gary k. wilde,president/ceo,http://cmhhospital.org,community memorial hospital,joseph f. lapid,nathan consulting group,0,05-0394,hsc30394f,,220,220,220,18716,96,7214,1,0,2547,29447,442,468,58931,4366,17,1931,1,0,611,7019,111,117,14173,220,0,0,0,0,0,58931,0,0,0,0,0,14173,0,0,0,0,0,73.40000000000001,73.40000000000001,4.2,4.2,20,6319,3266,15543,125,242842,24,0,7551,38991,3711,15559,324346,34745,173601,0,109252,0,7,871746,469401,4577,6748,2336,1016,928297056,753802361,0,174494695,2729457,174234437,2989715,4793543,1086730,0,0,6696528,114529113,53375796,760392147,220289064,1257313,56676297,4214,0,29379459,324376744,5165059,5475086,642623236,79436157,683500,43378091,26684,0,22780921,131509002,1612223,6247242,285673820,253511238,1630283,71676345,25007,0,0,40685095,362120481,14044499,0,6777282,0,3332131,0,0,0,0,46213983,310530,20011167,5891,0,11475285,93765265,0,2712574,0,21063350,0,4372853,0,0,31424049,17138344,79173275,0,0,0,0,19219123,5076907,15003593,7199146,66373213,28783526,169540,5453876,43160470,9639129,9716919,1860137,2629393,281709,6166525,95144853,0,68606354,6918238,11491581,0,182161026,21188384,0,2494037,158478605,182161026,7677,107618303,-78192333,89737160,85049602,177805583,109199229,0,767306,0,2944267,450230,5643330,0,1486,483,2743128,463567,3206695,296,0,186482,551977,733480,81855,190017,555259,177834,150581,51159,64484,719572,399035,850003,0,408297,151170,215051,0,840036,468584,995905,0,481353,176779,244038,0,2005
106100717,community regional med ctr-fresno,9/1/2004,8/31/2005,365,audited,incl. ind. audit,fresno,09,0605,non-profit,general,comparable,,(559)459-6000,fresno and r streets,fresno,93715,tim a. joslin,ceo,www.communitymedical.org,community medical centers,lee lenox,government reimbursement,1,05-0060,hsc00060f,zzr00060f,794,632,632,50777,2722,64431,16796,8851,7983,19672,1336,2480,175048,7313,397,10843,3758,1961,1786,4839,837,1551,33285,643,61,0,32,58,0,130056,16981,0,9474,18537,0,29480,2910,0,731,164,0,60.4,75.90000000000001,5.3,4.7,70,18111,7760,135515,7311,173937,45011,23367,21431,53307,3748,6960,470587,97249,141304,51426,140514,0,18,841920,508500,6617,6051,5560,2246,1204424181,773121536,1561372,432864017,18311521,479489807,-28314269,8336987,126320,0,0,-20103602,186926445,135363354,882134382,249336843,14654230,261392264,81725867,42187669,32157056,123227015,7789685,14466557,826937186,103594588,6124194,69116455,51733735,30972849,15785103,75533102,7880629,16746340,377486995,236829866,13943081,237584026,95936560,-41927815,53158669,24004810,99519900,25533447,0,28574435,-177418,141975,104189,581058,0,876125,105632638,6567608,115756845,30993686,20179267,20681606,89488727,14565955,28997685,0,1029527,0,8219672,0,0,90446075,39920426,173511316,0,1875284,0,21263149,46898231,5300807,74906002,25368517,182603891,45680775,29585085,14359504,78767992,83962295,16024973,5406102,4013160,8734382,10351648,225613869,82728622,242383630,23363672,8628646,77651871,660370310,104165476,0,193890925,362313909,660370310,33450580,159159951,-100096898,202067862,144903610,359169065,116785435,0,0,197757437,197757437,3866512,87748940,7287384,3615,1260,6736669,969773,7706442,898,128,236437,1579083,1540980,283036,795811,1229500,439925,445569,34821,151507,2019937,851812,2096335,30461,1160437,229027,348660,0,2328134,974616,2416119,34252,1288639,256763,407919,0,2005
106374094,continental rehab hosp for san diego,1/1/2005,12/31/2005,365,audited,excl. ind. audit,san diego,14,1418,investor,specialty,comparable,,(619)260-8300,555 washington street,san diego,92103-2289,greg davis,ceo,,sun healthcare group inc,leslie pagett,sun healthcare group inc,0,05-2044,,hsp33035f,110,110,110,17505,0,0,0,0,3212,0,0,0,20717,694,0,0,0,0,120,0,0,0,814,0,0,0,110,0,0,0,0,0,20717,0,0,0,0,0,814,0,0,51.6,51.6,25.5,25.5,0,0,0,6610,0,0,0,0,2053,0,0,0,8663,0,8663,0,0,0,0,0,0,0,0,0,0,52984197,28836444,0,24147753,116034,24854589,-590802,91237,0,0,0,-499565,26936330,874031,25173836,43344214,0,0,0,0,8765952,0,0,0,52110166,666900,0,0,0,0,207131,0,0,0,874031,23213600,0,0,0,0,0,5498852,0,123992,0,0,0,0,0,0,0,0,20673522,0,0,0,0,3474231,0,0,0,0,-193478,0,0,0,0,6925742,346553,5721231,0,0,0,0,4427425,693147,3204898,3535593,7889834,2021470,0,4468572,2343280,2693216,64437,3493899,362167,175,1517539,3704723,0,431841,0,0,0,4136564,5477859,0,0,-1341295,4136564,107407,3649200,-292487,0,297201,595673,163832,0,0,0,0,0,0,3100842,163,52,355240,113996,469236,0,0,49996,13783,44185,19223,45540,21984,30584,0,63976,65969,170466,8668,67495,0,48464,17535,42612,0,227807,8971,76930,0,71572,22461,61495,0,2005
106070924,contra costa regional medical ctr,7/1/2004,6/30/2005,365,audited,excl. ind. audit,contra costa,05,0411,city/county,general,comparable,,(925)370-5063,2500 alhambra avenue,martinez,94553-3156,william walker  m.d.,director,http://www.cchealth.org/cchealthpages/pages/medical_center/,county of contra costa,cristina fernandez,contra costa regional medical center,0,05-0276,hsc00276f,,166,166,122,9434,1048,20416,3513,6848,1630,1665,0,112,44666,1299,233,4217,1183,1927,435,479,0,36,9809,123,43,0,0,0,0,31569,13097,0,0,0,0,8542,1267,0,0,0,0,73.7,73.7,4.6,4.6,12,3459,1794,50302,12399,133626,92398,85361,9946,45068,0,3276,432376,59190,365276,0,10011,0,4,272610,176550,2164,2063,1596,484,404382082,166836994,0,237545088,10596336,281656271,-33514847,85589972,8884573,0,0,43190552,101736076,74705107,227940899,37069260,5084085,85046126,19104407,31744363,8344473,9324064,0,542903,196259681,28295476,5782389,58866256,33595036,52564180,7385680,20438067,0,1195317,208122401,38475221,3708057,12460915,37199306,-31399628,84308543,8492961,13940609,119449,0,0,-468439,0,0,0,0,0,26889515,7158417,162851095,15500137,468439,7237192,15821522,0,1618771,39737685,0,24287,1017493,0,84548192,48565101,70765672,55689727,0,0,0,3311356,49678959,18482217,20472431,14690808,131494289,58502447,12533998,6880122,28636778,14772895,7815916,3539471,0,9487692,7992663,77665920,0,147280489,0,11775095,12225798,248947302,44709453,28846425,147457694,27933730,248947302,49397125,167809956,-150554216,171971751,34369091,206766963,59486474,0,1201050,150885000,152142694,4685000,1062303,8500962,1898,498,3332338,657045,3989383,410,35,212854,607493,667492,209616,158535,796325,269252,370029,40611,131,578690,906144,440650,70715,636254,380586,319299,0,683392,1054781,513442,147610,751898,459006,379254,0,2005
106160702,corcoran district hospital,7/1/2004,6/30/2005,365,audited,excl. ind. audit,kings,09,0615,district,general,comparable,small/rural,(530)992-5051,1310 hanna ave,corcoran,93212,evan rayner,administrator,,corcoran hospital district,maurice d. vermillion jr.,hfs consultants,0,05-0349,,zzt30349f,32,32,32,2122,0,2013,0,200,224,0,0,70,4629,256,0,158,0,73,78,0,0,31,596,24,0,0,0,8,0,1542,0,0,0,3087,0,532,0,0,0,64,0,39.6,39.6,7.8,2.9,0,0,0,8217,0,17668,0,3023,4566,0,0,3849,37323,10696,18075,0,8839,0,1,5872,48256,46,666,0,0,16124783,6121460,0,10003323,59813,9401466,661670,352603,766737,0,0,247536,1675243,3451701,10997839,2587028,0,1439067,0,146626,709173,0,0,157120,5039014,2231191,0,3147880,0,609352,4482113,0,0,615233,11085769,1935774,0,1539159,0,0,502672,1905785,0,238070,0,0,0,0,0,0,0,0,2882445,0,3047788,0,253306,3285501,0,0,534283,0,0,77748,21908,209047,0,1398466,1888681,2651997,0,0,0,0,1305078,737044,1173857,246343,3034800,1633532,1692000,510342,1092015,566291,128849,116831,31889,119868,475049,3939658,0,971824,24114,230571,252000,5418167,2855612,0,1633413,929142,5418167,722701,4270424,-1231768,2057799,817186,3005478,2033654,0,0,885000,1688413,55000,0,0,96,34,173614,29034,202648,13,0,16183,11575,15279,18573,37533,41780,19041,11401,0,2249,40853,25580,31390,0,36324,20918,18549,0,49580,30427,36420,0,41697,24266,20258,0,2005
106331152,corona regional medical center - main,1/1/2005,12/31/2005,365,audited,excl. ind. audit,riverside,12,1111,non-profit,general,comparable,,(909)737-4343,800 south main street,corona,91720,john calderone,ceo,,universal health services inc,jeffrey n. brown,hospital management services,0,05-0329,hsc30329h,,216,216,139,22839,3376,11588,1307,802,0,10638,0,629,51179,3348,676,2045,490,183,0,2781,0,149,9672,136,40,0,10,30,0,32267,7617,0,2594,8701,0,8847,459,0,186,180,0,64.90000000000001,64.90000000000001,5.3,3.9,12,3664,2064,79920,9852,12769,4430,816,0,34997,0,13600,156384,39589,10808,12747,29087,0,6,279599,679982,3662,10599,1486,579,389555510,287447714,0,102107796,710045,110167372,-7349531,92648,309998,0,0,-7566881,62191200,44663999,282700311,95725361,19193182,44605557,8045577,2181506,0,68729828,0,6172699,244653710,36558509,16107848,11530751,7248531,727168,0,57189909,0,15539084,144901800,94352186,14103467,47875313,5740147,0,2664674,0,96161216,13750467,0,244000,0,12556244,0,0,0,0,33227684,19942563,6264995,9009961,0,0,25280521,0,8382072,0,0,0,0,0,0,23809908,10457957,24352146,0,0,0,0,17954526,4501336,11712492,17379007,41288808,11741624,482673,4251782,11770158,16407853,3642587,1813059,2568218,12784849,3415761,26122905,0,39150569,620240,0,40673826,106567540,8876908,0,1199302,96491330,106567540,0,45227738,-23288979,19092677,13480617,43612292,4461723,0,0,0,1608456,409154,0,0,885,228,1634449,316414,1950863,303,0,191475,310693,329678,82717,61548,351683,197559,0,100961,8135,510251,194263,346089,0,286234,145473,152139,0,674489,266111,373936,0,310211,158848,167268,0,2005
106390846,dameron hospital,1/1/2005,12/31/2005,365,audited,incl. ind. audit,san joaquin,06,0507,non-profit,general,comparable,,(209)944-5550,525 west acacia st,stockton,95203-2405,christopher arismendi  m.d.,administrator,www.dameronhospital.org,dameron hospital association,lorraine travis-brown,dameron hospital association,0,05-0122,hsc00122f,,188,188,188,13417,11237,4233,3746,0,600,18000,210,799,52242,2345,2602,892,1167,0,177,5486,55,211,12935,188,0,0,0,0,0,52242,0,0,0,0,0,12935,0,0,0,0,0,76.09999999999999,76.09999999999999,4,4,24,4511,2287,11647,4575,5480,9258,0,2672,35676,1880,7130,78318,31316,2557,5308,45000,0,11,516240,172095,4269,2092,2015,651,591288160,467964040,0,123324120,1331001,126417153,-1762032,4731232,2803758,0,0,165442,167946778,32570101,390771281,134075068,101998726,31053376,23465871,0,6200557,171701795,1828188,6936462,477260043,24894106,7922078,8003602,11287236,0,5195387,50286889,418909,6019910,114028117,136604234,84039417,33929503,28824009,0,0,4705797,150941328,9726546,0,2247098,0,16946108,0,0,0,0,19586752,24367378,3736298,5334990,0,6455096,54398353,-1,9445254,0,0,0,1779870,0,0,34933510,5398748,49398992,0,0,0,0,17643516,3997122,9941508,5103757,48007392,20565143,0,13024857,25248765,8826800,4536968,2124051,1875181,1125615,1082381,53548929,5518,27259791,14237869,45590249,302654,140945010,16171817,3254132,27619522,93899539,140945010,11062311,70121411,-43873936,41008221,42742940,88804172,61544381,0,0,29289567,29289567,1670045,0,0,1020,328,1962035,285723,2247758,478,0,245522,244890,409845,123113,149436,311952,202793,149042,115190,10252,691039,101939,517801,0,375882,136402,126239,12733,790263,114038,596604,0,428065,158965,145109,14714,2005
106190232,del amo hospital,1/1/2005,12/31/2005,365,audited,excl. ind. audit,los angeles,11,0931,investor,psychiatric,comparable,,(310)530-1151,23700 camino del sol,torrance,90505-5017,lisa montes,managing director,www.delamohospital.com,universal health systems inc.,jeffrey n. brown,hospital management services,0,05-4053,,zzt34053t,166,166,95,15554,434,3909,678,0,1941,10298,16,1254,34084,913,51,499,103,0,220,1112,0,126,3024,0,166,0,0,0,0,0,34084,0,0,0,0,0,3024,0,0,0,0,56.3,56.3,11.3,11.3,0,0,0,14341,0,0,0,0,433,1864,424,0,17062,0,0,0,10390,0,0,0,0,0,0,0,0,57327122,36353958,0,20973164,36611,18152487,2857288,37674,31364,0,0,2863598,40099375,3097138,14130609,24636923,619458,6344183,1104203,0,3005445,16416319,25412,2078041,54229984,2603180,0,0,0,0,78636,338447,76875,0,3097138,17460406,459982,4233640,732650,0,0,1092484,9528502,673195,0,306380,0,1866719,0,0,0,0,9175075,159476,1995704,371553,0,1585525,6791034,0,894797,0,-492293,0,2501,0,0,6636585,655165,2698064,0,0,0,0,2622794,1236399,3130910,1172570,8837848,3216046,786834,79453,1295097,2104995,295697,67949,147120,593484,727964,3321728,0,3020554,0,7844425,0,14186707,1254132,0,0,12932575,14186707,203889,4401521,-1451742,0,750573,6713496,3692942,0,0,0,0,0,6817087,0,196,109,371630,36791,408421,35,0,42987,50790,57052,40001,128981,24138,27681,0,0,0,198799,9894,44655,0,44471,29365,44446,0,218863,11180,49227,0,48188,32184,48779,0,2005
106150706,delano regional medical center,1/1/2005,12/31/2005,365,audited,excl. ind. audit,kern,09,0617,non-profit,general,comparable,,(661)725-4800,1401 garces highway,delano,93215,allan komarek  phd,ceo,www.drmc.com,central california foundation for health,daniel pelayo,toyon associates  inc.,0,05-0608,hsc30608g,zzt60608g,156,156,100,7055,617,20484,1402,342,5224,282,0,792,36198,1203,128,1147,528,66,493,80,0,221,3866,111,0,0,0,45,0,16828,0,0,0,19370,0,3851,0,0,0,15,0,63.6,63.6,9.4,4.4,16,1703,903,7285,706,27139,12255,447,9199,1678,0,5515,64224,22967,22318,0,14461,0,4,179192,137081,8189,6546,902,229,134343100,82462912,0,51880188,393954,49788335,2485807,1507946,7363,0,0,3986390,29771234,7426639,97145227,28320569,2414668,41883687,5261682,1540393,16616542,1332105,0,3970705,101340351,6351589,777423,8640881,7735586,244743,5275022,1362584,0,2614921,33002749,21991361,2023622,31903275,8188280,-4223703,1200648,13513235,1663379,2578573,0,3480118,0,144124,0,0,0,0,11985108,1168469,22844996,4808988,584488,5703022,1031310,0,3753807,0,33349,0,1190216,0,0,11787567,3267402,15340470,0,0,0,0,6686782,1841136,5690704,5174274,17615278,5400311,2361194,5947946,7166622,2591859,3319728,879043,562769,2329838,1613747,35549240,3898423,35262713,2953196,677941,0,78341513,8407258,0,39497789,30436466,78341513,2367419,24620897,-17131470,42407637,16350208,61204936,25942223,0,0,40591314,40591314,1093525,0,0,463,172,888862,90753,979615,69,0,59180,168072,98913,87581,171094,186377,96623,3699,17323,0,319046,56902,187240,0,171198,68308,86168,0,348114,61717,208151,0,189449,74920,97264,0,2005
106331164,desert regional medical center,1/1/2005,12/31/2005,365,audited,excl. ind. audit,riverside,12,1105,investor,general,comparable,,(760)323-6511,1150 n. indian drive,palm springs,92262,barry dykes,ceo,www.desertmedctr.com,tenet healthcare corporation,remedios h. maglaya,tenet healthcare corporation,2,05-0243,hsc30243h,zzt30243h,394,362,261,34225,9476,22667,3431,177,2530,19229,2053,1859,95647,5081,2882,3558,1044,30,416,5132,357,448,18948,321,27,0,12,34,0,77104,4726,0,4199,9618,0,16998,859,0,263,828,0,66.5,72.40000000000001,5,4.7,0,0,0,60214,24495,17222,12574,523,7101,69647,523,14064,206363,51273,21618,4008,124800,0,10,573070,342344,5995,5475,2237,1203,1545022801,1281004464,3421472,267439809,1192304,251263860,17368253,3940160,1466231,0,0,19842182,322649127,68184486,1154189188,392667888,170888946,264606303,35890898,650005,35543820,273287640,27440845,27603284,1228579629,105962228,29197695,24929538,17840818,339474,11609742,97889870,1592896,27080911,316443172,436828285,167191962,262169659,50855990,0,553071,28897905,253434418,22715532,0,29632617,0,28725025,0,3421472,0,0,61666361,32768920,26657703,6253080,436408,15755621,98063622,0,25838094,0,0,0,0,0,0,42529951,12440662,101925092,0,0,0,67804,30545447,15873385,37940140,9941379,85163157,31354773,5686233,4137725,46291043,55383860,6948848,2227954,4583133,0,9487134,313325089,0,88393824,692789,2482697,12147792,417042191,24633278,0,0,392408913,417042191,0,144062935,-94952513,82183849,51356067,139680824,51287000,0,0,0,0,0,256948365,0,1616,664,3014420,375321,3389741,311,2,179237,710368,996493,73285,310486,651886,36785,26690,16695,12495,1058997,261856,904553,0,287003,254994,247017,0,1186284,292013,1024045,0,319080,284187,284132,0,2005
106364144,desert valley hospital,1/1/2005,12/31/2005,365,audited,incl. ind. audit,san bernardino,12,1211,investor,general,comparable,,(760)241-8000,16850 bear valley road,victorville,92392-5794,lex reddy,ceo,http://dvmc.com,dr. prem n. reddy,derek f. petrak,petrak & associates  inc.,0,05-0709,,hsp30709f,83,83,83,9337,5815,3204,801,163,491,3981,588,199,24579,2503,1606,790,243,36,164,1336,173,68,6919,83,0,0,0,0,0,24579,0,0,0,0,0,6919,0,0,0,0,0,81.09999999999999,81.09999999999999,3.6,3.6,0,0,0,5589,4943,4688,5196,17,1446,11265,7042,2158,42344,30751,0,0,12029,0,4,354581,113371,4004,4286,453,136,328441422,257054092,11138172,82525502,233847,73214855,9544494,717625,776860,-1491,0,9486750,59857923,37437002,231146497,99496501,50474237,21519092,9175533,1699268,5832433,39919209,11681523,4709978,244507774,22618809,11793747,6797002,6138005,59747,2640472,21105129,9578253,3202484,83933648,93735795,59616064,21886355,8877616,0,1592228,3867037,35168377,16801375,0,10538545,0,4970700,11138172,0,0,0,28165572,11138172,5764429,6315878,76662,3250223,18711080,6424302,2679184,0,0,0,5425,0,0,12297540,4264125,20289548,0,0,0,0,6135274,4362123,18206039,7660206,26810748,5033585,303170,5110326,12213697,12117300,904179,4014213,3576823,288542,2842272,19110126,0,7702245,465807,74803,0,27352981,21416205,0,5821529,115247,27352981,2426342,56316953,-46088662,295231,18099182,19194268,11492023,0,6018473,0,7116473,1294944,74803,7240514,534,172,1085263,88784,1174047,86,0,82433,259920,233348,60090,64383,321710,143,0,63236,0,352579,140367,299785,0,127360,74444,90728,0,381379,149686,326540,0,138637,80119,97686,0,2005
106361166,doctors' hosp med ctr of montclair,7/1/2004,6/30/2005,365,audited,excl. ind. audit,san bernardino,12,1207,investor,general,comparable,,(909)625-5411,5000 san bernardino street,montclair,91763-2326,david chu,ceo,,doctors hospital of montclair llp,nancy padfield,hospital management services,0,05-0584,hsc30584i,zzt30584i,102,102,62,5805,3021,5842,2409,207,379,2718,217,1138,21736,1135,900,1420,864,71,127,1037,52,319,5925,102,0,0,0,0,0,21736,0,0,0,0,0,5925,0,0,0,0,0,58.4,58.4,3.7,3.7,20,2436,1033,4007,2976,6256,8210,0,1496,22873,1127,2482,49427,18509,7003,0,22990,0,3,122795,162930,1634,3682,763,270,172993850,145600021,8911278,36305107,214908,39540263,-3020248,444023,234027,800,0,-2811052,39665623,13886248,119441979,32905876,19073004,31588109,7378822,1262204,3216990,18376469,1365187,7147577,122314238,4355625,4145835,6064299,6038058,0,1606622,25952252,949129,1567792,50679612,25241189,17292321,30409924,10886926,0,1135454,2021965,46217438,8180613,0,4091405,0,122786,0,0,0,8911278,12020312,5926518,6033282,1962067,126750,2801647,7022561,0,411970,0,0,0,0,0,0,7861199,2736141,13446815,0,0,0,1082277,5930582,1272580,4541216,2669453,14414933,3779561,690772,5491575,6833554,3725894,502970,1303567,1456967,214272,1126198,15442162,0,1562849,802142,0,2123613,19930766,18380970,0,2853915,-1304119,19930766,1938024,38815955,-30241470,0,1586821,2065464,502615,2853915,0,0,2853915,0,0,0,331,109,693783,55075,748858,310,18,36803,139463,145216,28090,52444,168988,28734,33653,55038,5354,213145,52792,177159,33653,88497,47824,80713,0,228065,55812,192876,36268,94842,52868,88127,0,2005
106392287,doctors hospital of manteca,1/1/2005,12/31/2005,365,audited,excl. ind. audit,san joaquin,06,0507,investor,general,comparable,,(209)823-3111,1205 east north street,manteca,95336,katherine a. medeiros,ceo,www.tenethealth.com,tenet healthcare corporation,sandy buranathawon,tenet healthcare corporation,0,05-0118,hsc30118g,zzr00118g,73,73,73,7173,77,975,936,0,237,6923,186,84,16591,1463,12,274,407,0,77,1936,56,37,4262,73,0,0,0,0,0,16591,0,0,0,0,0,4262,0,0,0,0,0,62.3,62.3,3.9,3.9,5,1698,891,16947,171,2222,6186,0,1521,32707,189,5299,65242,26358,1357,0,35332,0,3,94440,172620,1325,4286,676,229,530412376,466270394,0,64141982,194614,51426045,12910551,225255,321147,0,0,12814659,74946782,18646786,436818808,127793513,1667431,16885894,16351712,0,4391635,120180514,3497012,2109697,292877408,63114016,392210,5595462,11797418,0,4491852,138623822,390964,13129224,237534968,178298066,1813841,21017127,26751836,0,0,7792204,211148750,5330263,0,4006381,0,10111926,0,0,0,0,12609463,245800,1357447,1385671,0,1091283,46589533,0,862785,0,-36878,0,0,0,0,9733771,3805080,16159442,0,0,0,0,7339565,4852374,7543442,1992371,19230833,7645335,932322,2853245,6342795,8587678,2607719,476557,738993,851,2009717,14405688,0,22778818,234586,66329419,552705,104301216,5977347,11780,0,98312089,104301216,800,34474839,-21166330,27365509,19638857,50165203,27386385,0,0,0,0,0,66318330,0,311,81,598589,90054,688643,66,0,89685,149411,124440,6578,36644,139223,4407,6993,41208,0,169465,53049,180756,0,45795,67524,82000,0,200705,61079,205870,0,52833,76977,91179,0,2005
106190857,doctors hospital of west covina,1/1/2005,12/31/2005,365,audited,incl. ind. audit,los angeles,11,0915,investor,general,comparable,,(818)338-8481,725 so orange ave,west covina,91790-2614,pareed mohamed m.d.,president,,doctor's hospital of west covina,william a. fretwell,hospital management services,0,05-0096,hsc30096h,hsp30096h,51,51,27,905,0,7861,19,0,481,220,0,53,9539,229,0,42,6,0,51,56,0,14,398,27,0,0,0,24,0,1620,0,0,0,7919,0,385,0,0,0,13,0,51.2,51.2,24,4.2,0,0,0,1701,0,195,177,0,1163,1402,0,231,4869,0,0,0,4065,0,2,11273,47182,173,804,0,0,33829131,24025031,0,9804100,55589,10395142,-535453,1297950,165312,925,0,596260,6460585,0,27368546,3838740,0,14463914,138964,0,1828080,652780,0,118511,21040989,4465336,0,511269,466736,0,3055502,3681807,0,607492,12788142,4443896,0,11762743,294154,-46142,0,2828468,3626721,303568,0,0,0,811623,0,0,0,0,3612219,0,3258582,311546,0,1256002,707866,0,657885,0,0,0,10979,0,0,2309946,0,3717510,0,0,0,124132,1607427,334964,1525666,775497,4199974,1381604,231912,960435,1400784,934915,128774,120002,308205,299739,428798,4023677,0,3892175,85280,60786,0,8061918,1105238,0,3202517,3754163,8061918,1099029,6391402,-4420288,5395070,1655612,8384578,4492403,3321600,0,0,3321600,119083,0,0,108,40,205029,21156,226185,110,3,43618,26750,22350,28250,32070,27023,23495,0,1473,0,74638,0,46973,0,42786,15805,24827,0,81830,0,52190,0,46851,17810,27504,0,2005
106500852,doctors medical center,1/1/2005,12/31/2005,365,audited,excl. ind. audit,stanislaus,06,0511,investor,general,comparable,,(209)578-1211,1441 florida avenue,modesto,95350,richard d. lyons,ceo,www.dmc-modesto.com,tenet healthcare corporation,remedios h. maglaya,tenet healthcare corporation,2,05-0464,hsc30464g,hsp30464g,396,389,278,30584,1415,33411,9166,3842,2199,18790,898,1016,101321,4736,344,6148,2207,716,388,3957,164,238,18898,396,0,0,0,0,0,101321,0,0,0,0,0,18898,0,0,0,0,0,70.09999999999999,71.40000000000001,5.4,5.4,24,9390,4275,13081,1508,19096,9715,3425,4144,18263,3286,17280,89798,61802,47823,0,25548,0,15,483840,294960,4591,4033,3230,1476,2642018183,2355923121,0,286095062,3355860,272917134,16533788,131203,91561,0,0,16573430,553420034,82978702,2005619447,763295787,33306506,614269860,125969692,97371107,56590443,441536085,23236586,26126554,2181702620,116110696,6773582,80575459,41373515,21524545,17461291,142096138,12947555,21452782,460315563,799566284,35552705,634613979,156076474,0,118117652,53685473,456868827,14102701,0,54354552,-19611,33004085,0,0,0,0,79840199,4527383,42060929,11266733,778000,20366261,126763396,19611,472550,0,0,0,0,0,0,68165888,22439434,95142335,0,0,0,3562665,29172074,17880164,24579699,11974875,104028065,38079111,9835463,6420640,48801819,41087912,11325377,1191860,4313080,1076,7832731,610622263,0,98104752,0,0,1794269,710521284,33912085,0,0,676609199,710521284,542644,207403681,-161050864,130452979,81104851,216431974,118327222,0,0,0,0,0,556807342,0,1641,668,2971459,512931,3484390,595,27,250985,557908,1067196,46912,276165,520297,53406,126623,71792,175,1193808,311673,770372,0,265609,119787,310210,0,1420821,363801,907092,0,305305,136668,350703,0,2005
106070904,doctors medical ctr - san pablo/pinole,1/1/2005,12/31/2005,365,audited,incl. ind. audit,contra costa,05,0413,district,general,comparable,,(510)970-5000,2000 vale road,san pablo,94806,irwin hansen,ceo,www.doctorsmedicalcenter.org,west contra costa healthcare district,joseph f. lapid,nathan consulting group,0,05-0079,hsc00079i,,247,247,247,17097,2661,8993,1457,0,815,4412,532,539,36506,2962,717,1672,420,0,214,1136,253,235,7609,233,0,14,0,0,0,34154,0,2352,0,0,0,7159,0,450,0,0,0,40.5,40.5,4.8,4.8,12,1344,679,38027,8640,15240,12292,0,4571,49289,456,12412,140927,45061,23736,0,58268,0,6,423648,456912,4411,2594,611,125,832678544,713879240,0,118799304,1463584,144584733,-24321845,9283072,913207,0,0,-15951980,150692768,64121822,617863954,250215283,44995730,127253545,21960994,0,13822431,78638729,18574181,11435128,566896021,79068829,18306147,26285661,22845104,0,8110374,77084174,1047898,33034336,265782523,282666120,53806595,139180702,11345592,0,0,18945104,143851648,8043859,0,24258238,0,31781382,0,0,0,0,46617992,9495282,9722345,33460506,0,2987701,11871255,0,4644223,0,0,0,276609,8393941,0,33920407,8447011,49757372,0,0,0,0,18400680,5656389,24169003,4233871,59945704,22702038,3457973,3136291,23879447,19782057,3969308,881650,825800,1607788,4396677,42083456,0,41089675,9306672,40981,0,92520784,22111277,11384,38916993,31481130,92520784,5718089,68542865,-44687781,32484396,31366934,75935522,34845847,0,411995,39228678,40402588,1485595,0,0,816,248,1433086,281893,1714979,308,0,188859,396387,424274,38415,52627,235875,43998,35706,107,16838,417278,123937,367991,0,267737,126526,129617,0,484105,135475,494502,0,308584,142554,149759,0,2005
106440755,dominican santa cruz hospital - soquel,7/1/2004,6/30/2005,365,audited,excl. ind. audit,santa cruz,08,0703,non-profit,general,comparable,,(831)462-7700,1555 soquel dr,santa cruz,95065-1705,julie hyer,president/ceo,www.dominicanhospital.org,catholic healthcare west,sheryl samonte,toyon associates  inc.,0,05-0242,hsc00242f,,379,282,282,33262,3874,4673,6781,2271,16711,0,193,628,68393,6071,767,869,1258,428,3644,0,43,146,13226,294,28,0,20,37,0,45612,7810,0,4933,10038,0,10846,1194,0,376,810,0,49.4,66.40000000000001,5.2,4.7,25,1931,875,41929,6821,5189,14855,2904,60491,0,717,11044,143950,37468,9034,16610,85607,0,7,515298,116772,3574,1198,823,287,794585930,591334986,0,203250944,1816537,195603350,9464131,11029196,4891458,0,0,15601869,215936668,32322258,546327004,280027831,38443055,31446029,58739686,17737065,184812738,0,1738706,6426299,619371409,53906112,8694787,3730330,20356647,3013114,75731758,0,1253963,8527810,175214521,267856812,35809289,33424195,60085458,0,14913925,148104793,0,14838951,0,8780714,-279053,7799902,0,0,0,0,64339283,10563799,692764,17027463,4888211,104981079,0,-176560,934905,0,1753704,0,4791465,0,0,55437892,13951114,60438064,0,0,0,0,26952593,7378278,24029894,7415515,78913837,41898323,3695533,8552551,26677998,16882388,6957967,1562580,1543056,1466877,7452240,47618766,73070126,44347656,2082291,5684397,0,172803236,30596228,2867690,20560719,118778599,172803236,3789350,131172302,-95159841,84045948,47964421,140167953,95820297,22199031,0,0,22199031,1638312,0,0,1165,407,2152601,370701,2523302,422,0,94810,488921,621573,55031,169093,339151,223071,61869,65822,33260,706788,191359,470340,0,394709,132312,242518,14575,835651,219737,560610,0,453854,153854,283212,16384,2005
106240853,dos palos memorial hospital,7/1/2004,6/30/2005,365,audited,excl. ind. audit,merced,06,0517,non-profit,general,comparable,small/rural,(209)392-6121,2118 marguerite st,dos palos,93620-2339,sandy ferry,administrator,,dos palos memorial hosptal  inc.,virginia lapid,nathan consulting group,0,05-0497,hsc30497i,,29,29,27,347,0,8278,0,0,35,0,0,418,9078,10,0,16,0,0,1,0,0,2,29,2,0,0,0,27,0,0,0,0,0,9078,0,0,0,0,0,29,0,85.8,85.8,313,0,0,0,0,825,0,3369,0,0,801,0,0,276,5271,0,4514,0,757,0,0,0,0,0,0,0,0,3061570,1013826,0,2047744,12322,2033522,26544,3435,0,0,0,29979,1815600,954088,291882,125917,0,1679840,0,0,12624,0,0,83600,1901981,174956,0,753322,0,0,48673,0,0,182638,1159589,133405,0,801993,0,0,0,30103,0,48325,0,0,0,0,0,0,0,0,167468,0,1631169,0,0,31194,0,0,217913,0,0,0,0,0,0,695587,293918,119672,0,0,0,0,398233,154866,233451,137795,943789,362352,163720,27238,194759,93304,58398,5585,48247,32290,103840,285968,0,827779,0,12301,0,1126048,443084,0,331321,351643,1126048,59738,307819,-240098,33105,532925,1736717,908938,0,0,25849,364171,32850,0,0,42,20,81892,7190,89082,8,0,10809,90,2205,9743,30583,10205,16607,0,0,1650,40868,5573,1412,0,17192,8719,8128,0,44526,6051,1562,0,18542,9550,8851,0,2005
106190243,downey regional medical center,7/1/2004,6/30/2005,365,audited,incl. ind. audit,los angeles,11,0921,non-profit,general,comparable,,(562)904-5000,11500 brookshire ave,downey,90241-4917,allen korneff,president/ceo,www.drmci.org,downey regional medical center,emy de la cruz,downey regional medical center,0,05-0393,hsc30393f,zzt30393f,199,193,193,19103,6961,5465,434,0,8363,1980,34,1837,44177,3681,2175,1518,191,0,2715,739,9,446,11474,199,0,0,0,0,0,44177,0,0,0,0,0,11474,0,0,0,0,0,60.8,62.7,3.9,3.9,17,2094,1205,28745,0,17785,728,0,37898,21084,251,14466,120957,46240,0,9422,66816,0,11,279439,221634,2085,4236,1004,392,514105092,421514988,18575364,111165468,278115,125764113,-14320530,8550745,168262,0,0,-5938047,76642625,35438120,402024347,149285057,70738473,45680733,3710363,0,91781886,7863572,222193,12903670,382185947,37960724,0,20484411,790972,0,48850819,16758783,119738,6953698,131919145,139585720,70738473,53326694,4501335,0,0,118867003,24622355,9531477,0,341931,0,0,12323580,502928,0,5748856,44137797,12323580,11189149,502928,0,17956183,5748856,0,19306975,0,0,1349892,814309,0,0,24082151,6571995,47628750,0,0,0,1436201,15063254,6640208,15953784,8387770,51806377,11621554,2990965,6690665,22888749,14695247,5458195,306728,2892706,2522727,3890200,31792602,40506653,28788963,5680853,37240050,0,144009121,42493318,3706403,39460575,58348825,144009121,0,50061319,-31588773,5220110,62377298,124718689,95929726,0,0,0,60176575,20716000,25645514,0,892,280,1587021,268287,1855308,374,27,133198,396035,474596,22052,85516,276501,143078,56045,0,0,386834,116757,466252,56045,284688,143770,132675,0,464442,138322,536163,56583,339447,165073,155278,0,2005
106196168,earl & lorraine miller childrens hosp,7/1/2004,6/30/2005,365,audited,incl. ind. audit,los angeles,11,0933,non-profit,childrens,comparable,,(562)933-2000,2801 atlantic avenue,long beach,90806-1734,byron schweigert,ceo,,memorial health services,eddie arvayo,miller children's hospital,2,05-3309,hsc30727f,hsp30727f,281,281,211,530,117,32037,10384,18,21223,8665,377,743,74094,165,35,8546,3208,4,1771,1818,100,224,15871,281,0,0,0,0,0,74094,0,0,0,0,0,15871,0,0,0,0,0,72.2,72.2,4.7,4.7,48,12335,5396,1934,747,19238,16585,49,14085,30787,425,2131,85981,26328,15462,0,44360,362,9,656815,268442,8506,3377,4191,1938,482392979,279205476,620900,203808403,5230809,216662210,-7622998,15971524,5498502,0,0,2850024,176848109,23622534,281922336,5982035,1124605,167238767,45015523,258430,121749292,52275943,2409108,4219899,400273602,2366658,236399,14946981,16381111,62439,12013883,33766159,494248,1851499,82119377,6336247,1152272,110753278,47284360,-5910564,191042,91228146,16390639,4079965,0,6275589,0,1424502,37049,389667,0,194184,2012446,245781,73999565,14473177,129827,42535029,69845647,0,566931,0,0,5260063,896954,0,0,47833144,11352043,81344295,310390,129094,0,4305049,29758319,6327761,31405679,3896436,81718893,27686340,6715551,20156666,40004570,22429149,7271646,2257334,1247531,283017,6891513,34419644,0,36325870,10648487,0,0,81394001,165664852,11672666,0,-95943517,81394001,1500,87870966,-58703821,38467062,61510226,120975438,84649568,0,0,0,0,0,0,145275845,1549,511,3236645,296695,3533340,775,53,196609,812032,866093,77742,118747,662989,37236,153126,222193,89878,954598,225876,998961,36811,353354,172505,467318,27222,1035041,243563,1097788,39948,382711,191266,512699,30324,2005
106190256,east los angeles doctor's hospital,1/1/2005,12/31/2005,365,audited,excl. ind. audit,los angeles,11,0925,investor,general,comparable,,(213)268-6514,4060 whittier blvd,los angeles,90023-2526,araceli longergan,ceo,,healthplus+,catherine matsuda,healthquest consulting,0,05-0641,hsc30641f,,127,127,127,6654,146,15761,1883,0,377,586,572,1087,27066,977,21,1904,457,0,74,115,118,223,3889,102,0,0,0,25,0,18062,0,0,0,9004,0,3866,0,0,0,23,0,58.4,58.4,7,4.7,8,2403,810,1119,94,2092,2397,0,423,707,95,2783,9710,12549,0,0,986,1912,6,57884,42847,1011,972,467,344,162362074,124527322,2113179,39947931,96966,39440231,604666,677,0,0,0,605343,41370267,8010554,112981253,33475364,996189,74215996,9697530,0,2395085,3341837,3654707,6932707,134709415,5362469,159259,7741915,5781026,0,1115195,1743578,189661,5559556,27652659,37054763,1010170,63687063,13268156,-5721525,0,2381975,3458058,3845468,0,5543194,0,0,4226,2064575,0,44378,1626622,149504,22293547,4274975,0,1128305,1671735,0,8803243,0,0,0,677,0,0,11661244,2241894,10270499,1242565,0,0,0,4353526,1568978,5038043,3063482,17616260,4405228,638616,1651593,4569337,5374922,1155811,378523,101098,1423882,2124961,10912787,0,5693160,248965,0,0,16854912,15246428,0,10310524,-8702040,16854912,340545,26570544,-20616123,3409634,4665545,10430924,4737764,0,0,0,10476148,165624,0,7666413,346,142,675840,70179,746019,146,0,66896,113130,182853,41094,71674,110273,64603,0,18563,6754,265335,40545,141898,0,99187,41725,87150,0,295319,42297,156527,0,108680,47963,95233,0,2005
106190328,east valley hospital medical center,1/1/2005,12/31/2005,365,audited,incl. ind. audit,los angeles,11,0915,investor,general,comparable,,(626)852-5000,150 w. route 66,glendora,91740-6207,c. joseph chang,ceo,,c. joseph chang,linda reitz,east valley hospital medical center,0,05-0205,hsc30205i,zzt40205i,128,118,118,10736,1701,4442,453,0,187,460,18,642,18639,1342,326,786,124,0,56,116,3,204,2957,107,21,0,0,0,0,12681,5958,0,0,0,0,2185,772,0,0,0,0,39.9,43.3,6.3,6.3,10,1231,474,5027,438,1532,1933,0,461,3314,32,2184,14921,8791,0,0,6312,0,3,53913,102676,870,1315,251,214,100375233,74769926,0,25605307,506162,27397483,-1286014,0,0,0,0,-1286014,21678353,3513704,75183176,31625702,5014640,26159341,2720146,0,768866,2295832,77576,2756395,71418498,6878686,1001149,3320246,2905224,0,2229668,11210890,31453,1379419,28956735,24581342,3970651,20696572,5070885,-1223341,0,2291184,11675620,3543051,0,3769583,-314,394693,0,0,0,0,13923046,2045138,6345802,554485,0,707350,1831102,314,198070,0,0,0,0,0,0,7627884,1864311,8815796,0,0,0,0,3129605,1133561,2872868,1953458,12712257,3257741,0,2044288,3987040,1920128,347098,649307,827216,702089,950319,7708797,0,6133452,0,91219,0,13933468,10206503,0,5617267,-1890302,13933468,714354,6224093,-1188853,17039,0,7224881,1091429,5625636,165961,0,5791597,174330,0,0,273,130,543707,43757,587464,186,0,48626,71670,156780,25496,87478,78916,53409,2378,16367,2587,216861,38851,118372,12,77879,39789,51943,0,234011,41215,129030,12,84428,42400,56368,0,2005
106320859,eastern plumas health care,7/1/2004,6/30/2005,365,audited,incl. ind. audit,plumas,01,0217,district,general,comparable,small/rural,(530)832-6500,500 first avenue,portola,96122-9406,charles guenther,administrator,www.ephc.org,eastern plumas health care,jeri nelson,eastern plumas hospital district,0,05-1300,,zzr00556g,76,76,76,1993,10,20266,0,28,101,150,0,2937,25485,359,3,124,0,14,4,77,0,38,619,10,0,0,0,66,0,1660,0,0,0,23825,0,498,0,0,0,121,0,91.90000000000001,91.90000000000001,41.2,3.3,0,0,0,10282,30,5698,5,656,3501,4645,0,8759,33576,3413,27858,2531,0,0,1,2755,8955,19,71,0,0,33844286,14898270,0,18946016,73192,19841928,-822720,919690,0,0,0,96970,8960658,9102180,15781448,5788546,16795,6267633,0,141004,324277,762766,0,844341,14145362,8599140,62713,2373442,1872,412511,2337278,4281250,0,1630718,19698924,7944334,59515,2847651,2775,0,362925,432622,1678455,1267566,0,109881,0,192546,0,0,0,0,6443352,19993,5793424,-903,190590,2228933,3365561,0,905066,0,0,389167,11113,435353,0,3542068,5597086,3609780,0,0,0,0,3115663,1214800,1682344,1080187,8485997,2692632,2208162,926736,1900283,587937,938347,62353,223512,528378,1287591,5142197,508103,9979515,181713,0,41940,15853468,2960082,0,8229303,4664083,15853468,645129,6053868,-2439139,9129735,7604627,17704430,7724915,4890802,3427162,0,8967964,738661,0,0,204,65,398112,44702,442814,49,0,30146,44524,44393,27694,62366,96330,67883,6471,9212,9093,121056,83527,49253,0,83461,36981,23834,0,132592,93189,54509,0,94293,41187,27044,0,2005
106010805,eden medical center,1/1/2005,12/31/2005,365,audited,incl. ind. audit,alameda,05,0421,non-profit,general,comparable,,(510)727-2700,20103 lake chabot road,castro valley,94546-5341,george bischalaney,president/ceo,www.orthohospital.org,eden medical center,abelardo nunez,,2,05-0488,hsc00488g,zzr00488g,356,356,356,43044,7065,7521,2245,0,686,14024,1368,6901,82854,7253,1583,1554,657,0,160,3886,196,1097,16386,217,23,0,31,85,0,57634,3038,0,5768,16414,0,14324,482,0,415,1165,0,63.8,63.8,5.1,4.4,11,2154,852,38721,9516,10144,11883,0,3568,48780,2963,18372,143947,58201,0,0,89851,0,12,661346,269192,3571,3181,1062,260,866539190,638169697,0,228369493,3681536,238815694,-6764665,1545546,1012992,0,0,-6232111,252968601,98233009,515337580,313386255,62937924,56066982,13047220,0,9138016,127609512,19133331,65443024,666762264,57950798,13640116,13892150,9955079,0,4386778,65669988,6048944,28233073,199776926,295118098,60573230,61567518,20286902,0,0,9278009,103434288,25221576,0,25182275,0,37507801,0,0,0,0,76218955,16004810,8391614,2715397,0,4246785,89845212,0,30946720,0,0,0,240781,0,0,64738664,13448143,61986953,0,0,0,0,35056583,8940548,35205057,19439746,89945879,42911405,5895461,13958344,27786849,25905200,11902356,2176646,1444278,2222519,14666757,49517924,0,69445991,1216307,642065,2580805,123403092,12309704,4316818,64671617,42104953,123403092,0,69100400,-32145016,74456999,32289607,119329566,49883575,0,0,64671617,64671617,0,0,0,1329,469,2520035,434788,2954823,468,0,184648,516756,717093,74907,183601,411663,191794,49464,155234,34875,888877,184462,618107,0,441292,128419,258878,0,1019995,207648,769776,0,512247,149969,295188,0,2005
106331168,eisenhower medical center,7/1/2004,6/30/2005,365,audited,incl. ind. audit,riverside,12,1105,non-profit,general,comparable,,(760)340-3911,39000 bob hope drive,rancho mirage,92270-3221,g. aubrey serfling,ceo,www.emc.org,eisenhower memorial hospital,oliver younggren,eisenhower memorial hospital,0,05-0573,hsc30573f,,253,253,241,47830,6408,2022,525,347,1849,13179,19,1426,73605,9261,2230,327,139,68,473,3778,4,340,16620,253,0,0,0,0,0,73605,0,0,0,0,0,16620,0,0,0,0,0,79.7,79.7,4.4,4.4,0,0,0,154621,4620,3977,2542,266,8281,65505,42,14048,253902,43033,7332,0,210575,0,14,888441,279400,7731,3246,0,0,1182223023,938900895,0,243322128,8051869,267353561,-15979564,29432196,6224872,0,0,7227760,186110893,41234285,954877845,555637338,82634806,19669342,6040387,3032021,26847812,173904290,209417,15518139,883493552,154029129,18310645,6754870,3776474,730726,9856091,87210298,75580,17985658,298729471,588311883,80716167,23356509,8773912,0,3713246,24006710,170587415,15535052,0,284997,0,23615004,0,0,0,0,118319719,19941920,2875206,1042949,18994,11411408,81833366,0,7878566,0,0,16531429,7266262,0,0,35770077,11421892,117714507,0,0,0,0,35645407,11782743,34200587,20818348,76678981,45216618,0,13580101,66839184,20789662,21675724,3770702,3389519,7173624,8239446,88767763,117503202,235962462,13565874,14374635,2546542,472720478,62317079,0,185764542,224638857,472720478,15535534,78953618,-35105884,234044884,136732583,400260911,164298449,0,0,152775000,188474542,2710000,0,59691,1661,389,3124072,433136,3557208,351,0,233127,916452,654593,15459,138256,552922,296052,215439,77733,24039,710669,187146,952939,0,595479,297605,380234,0,819869,214101,1091159,0,662872,338036,431171,0,2005
106430763,el camino hospital,7/1/2004,6/30/2005,365,audited,excl. ind. audit,santa clara,07,0429,non-profit,general,comparable,,(650)940-7300,2500 grant road,mountain view,94042,lee domanico,ceo,www.elcaminohospital.org,el camino hospital district,carrie yee,el camino hospital,0,05-0308,hsc30308h,hsp30308h,395,334,334,25950,5894,12398,521,0,24251,11038,0,1836,81888,4315,1353,482,150,0,6625,3099,0,318,16342,310,25,0,0,60,0,58711,5958,0,0,17219,0,15593,733,0,0,16,0,56.8,67.2,5,4,36,10004,4026,84352,19066,8790,5423,0,95071,28117,0,12324,253143,38099,0,0,127675,0,12,606386,116345,4112,1580,3120,1391,962993369,683253574,0,279739795,8234371,261027178,26946988,18198580,0,0,0,45145568,226246608,37713839,699032922,240515165,61855622,34848332,5026172,0,203286774,91169952,0,15441348,652143365,131756482,30595789,10156220,3555773,0,89256722,37108215,0,8420803,310850004,299577316,65761535,40722837,7763842,0,0,170084260,75990049,11455510,0,0,0,11898225,0,0,0,0,68040935,25916681,3497628,705014,0,121755602,51376418,0,8447517,0,0,0,10158815,0,0,63749715,7849226,98116055,0,0,0,0,47149033,9635062,31275456,3252631,105036896,45616123,1934603,9647587,43591993,23870250,19682046,3201372,980984,0,7465324,64300249,203437038,144500094,0,9417650,0,421655031,48923078,18828594,0,353903359,421655031,6127676,172828137,-122505363,164712994,93988181,300100519,155600425,0,0,0,0,0,0,0,1547,535,2888700,382879,3271579,512,0,154422,508083,918162,86323,109000,718461,339646,0,31027,23576,1019404,115558,943702,0,457412,186658,165966,0,1173457,130585,1061857,0,502552,209029,194099,0,2005
106130699,el centro regional medical center,7/1/2004,6/30/2005,365,audited,incl. ind. audit,imperial,14,1424,city/county,general,comparable,,(619)339-7100,1415 ross avenue,el centro,92243-4306,david green,ceo,www.ecrmc.org,city of el centro  ,carlos jimenez,phm  inc.,4,05-0045,,,165,165,165,14237,0,8090,31,1501,1362,808,735,1459,28223,2949,0,2394,9,326,393,257,216,429,6973,165,0,0,0,0,0,28223,0,0,0,0,0,6973,0,0,0,0,0,46.9,46.9,4,4,19,2140,1197,28813,0,47586,64,8496,21856,6673,4822,11526,129836,37577,36490,0,57245,0,4,167167,175340,1269,2634,1300,569,203161910,133648589,0,69513321,969777,69242724,1240374,762786,0,0,0,2003160,44206981,20266165,138688764,61102626,0,35028665,178577,6647478,6026270,3832892,3007286,6085976,121909770,23252888,0,23919183,47678,4718283,7888579,12323530,3510001,5591998,81252140,55430536,0,36144865,156451,-5946536,9261189,4823625,10591222,9751158,0,11986359,0,1449720,0,0,0,0,28924978,0,23299903,50348,2104572,9091224,5565200,0,477096,4152056,0,229874,455451,0,0,11717830,6600572,24177802,0,0,0,0,11076588,2773106,7917843,4978983,28565366,7070290,1617545,3150737,11519026,6244896,3507452,1766510,343091,2025820,3431991,22390253,17291602,46885114,3013725,0,0,89580694,13815253,0,37678801,38086640,89580694,8968851,28032398,-17927830,48790722,25039917,79743092,32857978,0,3076172,36882647,39958819,2280018,0,0,707,264,1352601,163014,1515615,59,0,116133,231387,271289,49039,228860,288693,116340,5451,14134,31275,359321,169718,347930,0,225643,103855,146134,0,411845,191496,384270,0,246999,115856,165149,0,2005
106094002,el dorado county mental health-phf,7/1/2004,6/30/2005,365,audited,incl. ind. audit,el dorado,02,0304,city/county,psychiatric,phf,,(530)621-6210,935-b spring street,placerville,95667-4543,barry wasserman  ,interim director,,county of el dorado,matthew lepore,el dorado co dept of mental hlth,0,,,,15,10,10,0,0,1499,0,916,531,0,0,0,2946,0,0,196,0,128,102,0,0,0,426,0,15,0,0,0,0,0,2946,0,0,0,0,0,426,0,0,0,0,53.8,80.7,6.9,6.9,0,0,0,0,0,0,0,0,0,0,0,0,0,0,0,0,0,0,0,0,0,0,0,0,0,1688905,0,0,1688905,0,1688905,0,0,0,0,0,0,1688905,0,0,0,0,859358,0,525131,304416,0,0,0,1688905,0,0,0,0,0,0,0,0,0,0,0,0,0,0,0,0,0,0,0,0,0,0,0,0,0,0,0,0,0,859358,0,525131,304416,0,0,0,0,0,0,0,0,0,0,0,0,0,0,0,0,0,0,0,0,0,0,0,0,0,0,0,0,0,0,0,0,0,0,0,0,0,0,0,0,0,0,0,0,0,0,0,0,0,0,0,0,0,0,0,0,0,0,0,0,0,0,0,0,0,0,0,0,0,0,0,0,0,0,0,0,0,0,0,0,0,0,0,0,0,0,0,0,0,0,2005
106500867,emanuel medical center,2/1/2004,1/31/2005,366,audited,incl. ind. audit,stanislaus,06,0516,non-profit,general,comparable,,(209)667-4200,825 delbon avenue,turlock,95380-2016,john sigsbury,president,www.emanuelmed.org,emanuel medical center,amy peterson,emanuel medical center,0,05-0179,hsc00179f,zzr00179f,341,332,330,19688,8340,36717,709,21,139,12590,0,21522,99726,2779,1450,2100,211,5,34,4540,0,429,11548,151,0,0,0,145,45,39436,0,0,0,48638,11652,10841,0,0,0,692,15,79.90000000000001,82.09999999999999,8.6,3.6,8,3969,2122,28885,2161,19790,5071,71,2896,39229,0,7263,105366,50198,0,12247,39665,0,7,285887,284838,4439,5856,1881,546,510585891,403262767,0,107323124,1801884,108766168,358840,7028861,2066026,0,0,5321675,97360780,58807884,354417227,106475038,50631426,46981086,4402372,216889,781496,97907585,0,17646637,325042529,44115729,9266563,24469774,6472793,178046,3369559,83593457,0,14077441,185543362,119674901,50054435,56296682,9376789,0,39794,2565463,147383417,12875805,0,4051100,0,944381,0,0,0,0,30915866,9843554,15154178,1498376,355118,1585158,34106857,0,13864017,0,0,9665,4478817,0,0,30330762,7745817,35586592,0,0,0,441613,13809259,2576441,13450622,4825062,46370531,18821825,2084338,5925417,18129547,5061291,4217529,931126,1530641,1362003,4331920,22612147,92033667,32649060,4755524,4841326,0,156891724,18964452,0,64741300,73185972,156891724,586441,68690788,-49784830,47208798,33593122,85012730,52363670,1587575,709362,64415945,66712882,1971582,0,0,1093,444,2117822,240787,2358609,85,0,138036,288241,469497,119539,336828,328673,207141,150493,51067,28307,802706,154320,469726,10960,374031,97400,208679,0,897341,168012,521128,12037,415478,111355,233258,0,2005
106190280,encino tarzana rgnl mc - encino,1/1/2005,12/31/2005,365,audited,excl. ind. audit,los angeles,11,0905,investor,general,comparable,,(818)995-5000,16237 ventura blvd,encino,91436,dale surowitz,ceo,www.tenethealth.com,tenet healthcare corporation,sandy buranathawon,tenet healthcare corporation,0,05-0158,hsc31408i,hsp41408i,151,151,151,19842,1397,9911,365,0,189,4189,127,578,36598,2682,226,211,88,0,34,733,35,60,4069,84,14,0,25,28,0,19265,2851,0,4529,9953,0,3460,242,0,349,18,0,66.40000000000001,66.40000000000001,9,6.6,0,0,0,8226,707,1050,1178,0,454,7955,120,1941,21631,11843,0,0,10035,0,8,156060,187392,1134,2055,0,0,419243039,366579816,4666484,57329707,402803,67774649,-10042139,124403,339988,0,0,-10257724,71432889,7854508,339955642,193731139,14098969,74227693,3961067,0,1646839,48538083,1255321,5563555,343022666,22877604,4299088,3198372,3164895,0,2246356,36362276,206315,3865467,76220373,188451250,15617786,70764133,10085135,0,0,3203817,67479960,4057738,0,1676678,0,5243319,0,4666484,0,0,28157493,2780271,6449350,1704851,0,689378,16162500,0,1385864,0,2430277,0,0,0,0,17214554,2093522,23706222,0,0,0,225431,9097449,2862676,7078271,5496524,23953667,8614949,173237,3841383,13577977,9579717,1105415,4582697,534762,0,1810845,10154477,0,8029452,17104,100605,1615449,19917087,18100001,0,0,1817086,19917087,3874,34191241,-25341844,5520029,12355661,19764556,11735104,0,0,0,0,0,0,5430089,454,183,900930,101426,1002356,673,9,63715,217368,212061,56320,111532,128741,47789,4407,57091,1906,391006,31595,225559,0,152604,36649,63517,0,433015,36363,252471,0,168223,41289,70995,0,2005
106190517,encino tarzana rgnl mc - tarzana,1/1/2005,12/31/2005,365,audited,excl. ind. audit,los angeles,11,0905,investor,general,comparable,,(818)881-0800,18321 clark street,tarzana,91356,dale surowitz,ceo,www.encino-tarzana.com,tenet healthcare corporation,sandy buranathawon,tenet healthcare corporation,0,05-0601,hsc31408l,hsp31408l,245,245,245,28675,1799,10584,2413,0,319,22108,506,408,66812,4507,406,2174,741,0,89,5742,116,155,13930,245,0,0,0,0,0,66812,0,0,0,0,0,13930,0,0,0,0,0,74.7,74.7,4.8,4.8,21,7319,3031,12653,1268,5426,5372,0,1341,23575,326,4303,54264,30760,0,0,25634,0,12,753769,542220,4308,4189,2213,1184,1064389350,904809602,0,159579748,1331927,161044460,-132785,4960708,12340467,0,0,-7512544,194269879,20620882,849498589,409235218,28661078,124694114,23325837,0,5103265,260741722,6746443,5686400,864194077,64013390,4783424,14152124,9627249,0,3613069,94889840,634559,8481618,200195273,418941780,27099743,128158968,27280270,0,0,2930375,277445990,8968320,0,7796124,0,6188032,0,0,0,0,54306828,6344759,10304956,5640008,0,5785959,73261067,0,3936171,0,-3967930,0,0,0,0,38988569,4836621,66146339,0,0,0,224718,19000524,9058411,14649248,8140030,59202886,20368466,1597721,8010694,34113842,22244491,4047058,2028032,4082890,841,5347539,31227205,0,31744460,22311,42028040,6545735,111567751,16666110,0,10050000,84851641,111567751,531550,98301992,-70299552,23652831,37617409,68623192,36878732,0,0,0,10050000,0,41808709,0,1028,436,2008322,258803,2267125,673,9,144730,423174,675057,115647,116641,299257,102136,3217,127766,697,810250,73403,609824,0,253594,106617,154634,0,910357,85092,697933,0,281173,119072,173498,0,2005
106040962,enloe medical center-esplanade campus,7/1/2004,6/30/2005,365,audited,excl. ind. audit,butte,01,0219,non-profit,general,comparable,,(530)332-7300,1531 esplanade,chico,95926-2224,philip r. wolfe,president/ceo,www.enloe.org,enloe health systems,erin clem,enloe medical center,2,05-0039,,zzr00039f,391,304,260,42880,0,10430,0,2518,3319,13447,129,298,73021,6778,0,2361,0,412,668,3599,29,67,13914,288,21,0,60,22,0,58618,6341,0,8062,0,0,12565,862,0,487,0,0,51.2,65.8,5.2,5.2,18,2848,1540,73104,0,57476,0,7024,21144,59539,2925,9698,230910,37809,85221,22114,79426,0,12,645000,423008,4551,5839,1183,386,891918818,665163473,0,226755345,2074513,223692807,5137051,2597066,299566,0,0,7434551,238639670,131130743,522148405,347800217,0,87886079,0,21389390,31418290,123980817,1394189,2159792,616028774,100038611,0,46695241,0,8808137,21962320,84369843,5498287,8517605,275890044,352061199,0,107986453,0,0,23804412,27749563,132606003,12992403,0,6892476,0,1070964,0,0,0,0,95777629,0,26594867,0,6393115,23199767,65961030,0,8828937,0,997418,0,405279,0,0,45011521,31154788,73695459,0,0,0,0,27636459,8851321,27165563,10177696,80346514,35950740,8297651,8499103,40404035,26221124,7903450,1743513,1760069,3562203,9004405,42080764,6163273,54544440,13719996,6109994,0,122618467,53235458,0,67950000,1433009,122618467,3890,88389976,-61005743,70801435,78465102,157175707,102631267,0,0,69570000,69570000,1620000,0,0,1703,662,3246318,399279,3645597,210,0,158740,666072,814324,115376,446638,735563,78607,127740,73010,30248,995142,524632,762996,0,336670,250733,376145,0,1098082,579839,843342,0,369349,278758,476227,0,2005
106474007,fairchild medical center,1/1/2005,12/31/2005,365,audited,incl. ind. audit,siskiyou,01,0203,non-profit,general,comparable,small/rural,(530)842-4121,444 bruce street,yreka,96097,dwayne jones,administrator,www.fairchildmed.org,fairchild medical center,jennifer hatch,hfs consultants,3,05-0217,,zzr00217f,30,27,27,2942,0,1028,0,99,1065,0,0,158,5292,941,0,404,0,45,433,0,0,64,1887,30,0,0,0,0,0,5292,0,0,0,0,0,1887,0,0,0,0,0,48.3,53.7,2.8,2.8,6,426,220,25599,0,11509,0,1809,18353,0,0,3896,61166,13382,3508,0,42824,0,3,94497,125123,762,2301,157,62,62431391,30315229,0,32116162,352561,29579013,2889710,0,6329,0,0,2883381,7503677,6093015,48834699,13197489,0,4396907,0,422349,5537688,0,0,1036050,24590483,17252292,0,5989884,0,996005,11834571,0,0,1768156,37840908,17090525,0,6430530,0,0,1296632,2688910,0,1264758,0,1183417,0,360457,0,0,0,0,13230351,0,3886108,0,115792,14609847,0,0,274064,0,-3185007,0,0,0,0,3305162,2775587,12546082,0,0,0,0,4319320,1422075,3553318,1657469,12233704,4312756,2034041,0,4909185,1630588,1693985,135245,360059,404202,1865248,12691658,0,14630019,428021,21038,0,27770736,2716677,0,8111817,16942242,27770736,2019315,9924584,-1141926,15966459,11049189,27404017,12773998,7357326,1246466,0,8641083,529266,0,0,251,59,447056,75449,522505,25,0,60785,104566,67782,20881,33071,96652,62059,1260,0,0,66499,29150,135560,0,106082,51016,58749,0,78852,33302,160471,0,123618,58339,67923,0,2005
106301781,fairview developmental center,7/1/2004,6/30/2005,365,audited,incl. ind. audit,orange,13,1016,state,specialty,state,,(714)957-5000,2501 harbor boulevard,costa mesa,92626,karen larson,executive director,,dept of developmental services,gale nagato,dept of developmental services,0,05-0548,,,1228,1218,842,1101,0,251215,0,0,40,0,0,2989,255345,0,0,72,0,0,0,0,0,0,72,30,0,0,0,1198,0,2942,0,0,0,252403,0,0,0,0,0,72,0,57,57.4,3546.5,0,0,0,0,0,0,0,0,0,0,0,0,0,0,0,0,0,0,0,0,0,0,0,0,0,0,143990551,763101,0,143227450,0,143990551,-763101,763101,0,0,0,0,132425934,0,11564617,0,0,0,0,0,0,0,0,0,0,0,0,0,0,0,0,0,0,0,0,37487,0,498675,0,0,0,0,0,0,0,0,0,226939,0,0,0,0,0,0,0,0,0,0,0,0,0,0,0,0,0,0,0,0,0,0,0,0,0,0,0,0,0,0,0,0,0,0,0,0,0,0,0,0,0,0,0,0,0,0,0,0,0,0,0,0,0,0,0,0,0,0,0,0,0,0,0,0,0,0,0,0,0,0,0,0,38,0,0,0,0,0,0,0,0,0,0,0,0,0,0,0,0,0,0,0,0,0,0,0,0,0,0,0,2005
106370705,fallbrook hospital district,7/1/2004,6/30/2005,365,audited,excl. ind. audit,san diego,14,1414,district,general,comparable,small/rural,(760)728-1191,624 east elder st,fallbrook,92028-3004,larry payton,ceo,www.fallbrook.ca.chs.net,fallbrook hospital district,robert c. perkins,hospital management services,0,05-0435,hsc30435f,,140,140,94,8278,263,13736,0,0,2420,6237,0,2744,33678,693,269,280,0,0,126,1286,0,205,2859,47,0,0,0,93,0,7980,0,0,0,25698,0,2571,0,0,0,288,0,65.90000000000001,65.90000000000001,11.8,3.1,8,834,503,23598,4443,7053,0,0,6403,35920,0,3993,81410,11617,0,9416,53810,0,5,113420,138595,946,1702,369,132,129023017,91809978,0,37213039,127700,33799977,3540762,313872,0,0,0,3854634,17669495,12754668,98598854,23619537,2348219,7980522,0,0,4386209,28584128,0,3251254,70169869,17598862,1389055,3970164,0,0,5312932,26999461,0,3582674,58853148,27389818,2488318,9389824,0,0,0,6492751,37902337,2269776,0,0,0,5877154,0,0,0,0,12356786,854051,2560862,0,0,3206390,17681252,0,553698,0,0,0,6329,0,0,5681881,3494028,11277859,0,0,0,0,5067815,1516161,4834517,1927716,13427890,4536594,325018,1539280,4746398,4274861,1510423,1250172,617281,112728,1459332,12041382,0,7088865,397103,628106,0,20155456,3675845,0,0,16479611,20155456,0,18497710,-11983692,4242098,5356154,12034087,4945222,0,0,0,0,0,4017096,0,308,97,592004,70518,662522,97,0,81864,79137,123365,23530,55651,122716,75834,7809,20529,1569,168030,85472,131836,0,113211,42567,50888,0,194565,94617,146505,0,122315,48306,56214,0,2005
106040875,feather river hospital,1/1/2005,12/31/2005,365,audited,incl. ind. audit,butte,01,0220,non-profit,general,comparable,,(530)877-9361,5974 pentz road,paradise,95969-5509,wayne ferch,president/ceo,www.frhosp.org,northern california conference of seventh-day adventists,geoff chinnock ,feather river hospital,0,05-0225,,zzr00225f,122,122,122,16980,0,2803,0,667,3175,0,51,52,23728,2844,0,760,0,133,847,0,11,12,4607,101,0,0,0,21,0,19602,0,0,0,4126,0,4296,0,0,0,311,0,53.3,53.3,5.2,4.6,12,1468,678,93741,0,60211,0,9191,34381,0,554,6172,204250,17882,59889,19612,101126,0,3,111777,77984,1375,1863,496,179,433885263,352046165,0,81839098,2023757,81593254,2269601,1724115,1719654,0,0,2274062,54487241,65937862,313460160,161284549,0,28887846,0,7607600,41533219,0,666563,669759,240649536,94035732,0,38487380,0,7684106,49462435,0,295577,3270497,193235727,220775388,0,55875049,0,0,11412969,59380874,0,2212116,0,962140,-6370,1433999,0,0,0,0,34544893,0,11500177,0,3885107,31614780,0,0,294141,0,0,7481,245669,0,0,13088551,15861028,28002498,0,0,0,0,8707661,2764580,10602963,2565973,36365507,12659327,4406651,1377354,13580030,6130691,3167500,451718,671595,629767,2153114,19426363,766425,22515473,584712,4214065,153754,47660792,16888646,3110827,23340725,4320594,47660792,3649436,64815251,-52370045,35267060,22677314,59572584,37057111,0,0,0,24519800,1179075,1020229,24718806,645,189,1216882,125710,1342592,69,0,68584,296838,268086,39370,85878,282303,101159,74664,0,0,278295,251485,329163,0,165587,78403,96876,17073,309182,278153,363707,0,180894,86474,105659,18523,2005
106190298,foothill presbyterian hospital,1/1/2005,12/31/2005,365,audited,incl. ind. audit,los angeles,11,0915,non-profit,general,comparable,,(626)858-8541,250 south grand ave,glendora,91741-4218,james t. yoshioka,president/ceo,www.cvhp.org,citrus valley health partners,debbie cooper,citrus valley health partners,0,05-0597,hsc30597f,,105,105,105,6587,4696,1896,473,0,177,5268,455,-25,19527,1304,1257,453,191,0,48,1936,127,7,5323,105,0,0,0,0,0,19527,0,0,0,0,0,5323,0,0,0,0,0,51,51,3.7,3.7,8,1450,689,17323,3242,3343,4370,0,2549,26910,656,14235,72628,24769,0,0,49180,0,4,126071,110434,1469,2030,433,256,217672408,168588380,0,49084028,477695,47177686,2384037,277711,0,0,0,2661748,44863441,17072981,155735986,45377973,37699095,12336087,3152138,0,1733492,38955629,3059105,332815,142646334,17977028,7440591,3677628,4120442,0,2213753,35360359,297754,3938519,75026074,51332014,33754886,13805990,6322646,0,0,2558867,52674434,2081330,0,3639275,0,2418938,0,0,0,0,11968950,11295250,1897147,914483,0,1270794,21111369,0,626035,0,0,0,71951,0,0,11233689,2595995,16567421,0,0,0,0,6273100,2213198,5950838,2343445,17706518,5471171,411672,5099882,7556984,6218897,1688081,456217,1170564,206379,1191321,9253753,3467312,10718657,3052465,0,199203,26691390,6807860,699000,4004269,15180261,26691390,733768,15297998,-8747993,16702666,23823621,42668796,31950139,0,0,4435724,4435724,431455,0,522433,332,106,758842,15342,774184,141,0,63113,140109,164290,42514,13764,134160,59925,56810,81030,3127,234784,54785,226264,0,133131,43508,66370,0,241774,55874,229200,0,134317,44910,68109,0,2005
106301175,fountain valley rgnl hosp & mc-euclid,1/1/2005,12/31/2005,365,audited,excl. ind. audit,orange,13,1014,investor,general,comparable,,(714)966-7200,17100 euclid street,fountain valley,92708-4004,deborah c. keel,ceo,www.fountainvalleyhospital.com`,tenet healthcare corporation,remedios h. maglaya,tenet healthcare corporation,0,05-0570,,zzt30570f,400,400,400,30483,3068,9695,14764,2935,741,21899,250,1478,85313,4760,696,1861,3218,568,151,5639,47,455,17395,400,0,0,0,0,0,85313,0,0,0,0,0,17395,0,0,0,0,0,58.4,58.4,4.9,4.9,55,7867,3264,19348,5031,6974,12708,4486,1774,51864,183,3456,105824,35114,0,0,70966,0,9,516650,615456,4227,7248,2482,1118,1144584186,966847125,27176037,204913098,1157317,214839330,-8768915,21000,2100000,0,0,-10847915,172731949,41055795,930796442,319688271,38361574,87102061,130912231,31186528,7593623,236787130,2555186,15366262,869552866,67366302,11042573,8823758,35144845,8849322,5490573,133216345,426544,4671058,275031320,313576140,46888824,70877419,155257584,-4360974,37097822,9307141,311349682,7258649,0,7643882,-123780,12074736,7055399,20120638,0,0,73478433,9570722,26077491,29589861,2938028,3777055,58653793,123780,703935,0,0,0,0,0,0,49435567,5071756,86143919,0,0,0,338585,25146479,12481190,29315605,6906229,80151397,30237810,1549259,8892814,47113590,29636342,5349001,3799393,3211516,1074,4897134,72067071,0,77538320,11018543,1138246,7953281,169715461,23141831,0,0,146573630,169715461,31835,82439602,-54199955,69443582,46948764,127308041,49769721,0,0,0,0,0,38147719,0,1347,548,2618851,341029,2959880,394,2,166981,526428,899814,45656,194630,554663,25844,46519,150351,7965,992358,104903,861680,0,207035,219974,232901,0,1125062,116716,979881,0,233418,244091,260712,0,2005
106230949,frank r howard memorial hospital,1/1/2005,12/31/2005,365,audited,incl. ind. audit,mendocino,01,0112,non-profit,general,comparable,small/rural,(707)459-6801,1 madrone street,willits,95490-4225,kevin erich,ceo,www.howardhospital.com,adventist health systems,moises da costa,adventist health,0,05-1310,,zzr00440g,25,25,25,2570,0,501,0,255,765,0,0,56,4147,578,0,165,0,86,280,0,0,24,1133,25,0,0,0,0,0,4147,0,0,0,0,0,1133,0,0,0,0,0,45.4,45.4,3.7,3.7,0,0,0,25664,0,8095,0,2053,15596,0,0,3617,55025,10133,0,14968,26140,0,2,61450,51460,573,663,0,0,70586938,43950149,0,26636789,171031,24494068,2313752,183891,0,0,0,2497643,7253729,12998117,50335092,17042006,0,3369034,0,2087561,8003236,0,0,370998,30872835,16575596,0,6442923,0,2125844,12813248,0,0,1756492,39714103,21273919,0,8529178,0,0,3758871,7693474,0,1274745,0,635318,0,784644,0,0,0,0,12088734,0,1281504,0,454534,12694686,0,0,117331,0,0,0,183891,0,0,2929326,5652509,8613257,0,0,0,0,2817824,1183657,2590226,707269,10742393,3748942,1237995,599605,3753720,1965776,565395,958861,202176,45,719160,10529705,437343,2542972,57369,2777,0,13570166,4368992,0,479242,8721932,13570166,5764334,11014381,-7076113,1714559,5601240,7332108,4789136,0,0,0,571064,91822,0,0,189,51,338925,62620,401545,16,0,36730,62404,77324,10301,19296,96317,27124,158,3951,5320,51125,72824,91670,0,46786,37955,38565,0,57065,85200,120374,0,52468,42331,44107,0,2005
106014034,fremont hospital - fremont,1/1/2005,12/31/2005,365,audited,excl. ind. audit,alameda,05,0421,investor,psychiatric,comparable,,(510)574-4825,39001 sundale drive,fremont,94538-2005,jay kellison,ceo,,psychiatric solutions  inc.,lilian l. gong,gong nashed pascoe inc.,0,05-4110,,hsp34110f,78,78,78,6474,0,7045,0,0,166,11592,80,166,25523,566,0,782,0,0,35,1915,13,17,3328,0,78,0,0,0,0,0,25523,0,0,0,0,0,3328,0,0,0,0,89.59999999999999,89.59999999999999,7.7,7.7,0,0,0,547,0,0,0,0,0,3064,0,53,3664,0,0,0,0,0,0,0,0,0,0,0,0,54513239,35588904,0,18924335,40905,16162787,2802453,17414,4019,0,0,2815848,51060242,1831921,1621076,13441390,0,14473251,0,0,344574,23915329,163717,340911,52679172,216948,0,0,0,0,0,1597375,0,19744,1834067,9900535,0,8790495,0,-150678,0,213228,15889013,411204,0,163718,0,371389,0,0,0,0,3582312,0,5639809,0,0,131346,9160922,160350,249596,0,0,0,0,0,0,6146519,528236,579100,0,0,0,0,2665314,1220176,3998722,1024720,8404810,1616751,1211252,1441699,1002964,822438,234738,72000,392003,199910,764222,3835653,0,12740086,0,520,-1915942,14660317,13169359,0,0,1490958,14660317,0,5531034,-1909358,8542706,428912,12896618,156532,0,0,0,0,0,0,11448355,146,73,312525,27796,340321,25,0,37537,44312,45078,25393,81798,30791,11103,0,55,36458,156142,15903,0,0,66435,32448,41597,0,171755,17694,0,0,70234,35043,45595,0,2005
106400480,french hospital medical center - slo,6/1/2004,6/30/2005,395,audited,incl. ind. audit,san luis obispo,08,0801,non-profit,general,comparable,,(805)542-6300,1911 johnson avenue,san luis obispo,93401,alan iftiniuk,ceo,www.frenchmedicalcenter.org,catholic healthcare west,james r. saurenmann,saurenmann & associates,0,05-0232,hsc30232h,hsp40232h,112,97,39,5875,2264,1278,19,186,120,3791,112,338,13983,1425,506,585,3,84,75,1413,24,96,4211,97,15,0,0,0,0,13983,0,0,0,0,0,4211,0,0,0,0,0,31.6,36.5,3.3,3.3,8,1535,785,15660,8479,11219,1169,1485,1462,43002,1490,16450,100416,17111,0,0,82204,0,14,228042,245049,1905,3816,611,176,318586305,271569563,344421,47361163,1148775,52039972,-3530034,41192,0,0,0,-3488842,40908129,6358646,271319530,78990983,28346384,13083386,174758,2953802,1446145,52396085,2460466,3785645,183637654,40699571,11256897,11685534,892833,1790508,1087201,61142450,1666646,4727011,134948651,102623732,33872686,23698938,967344,0,3553146,2262177,97028662,4751655,0,1032081,0,1779142,0,0,0,344421,16990439,5730595,1069982,100247,1191164,265108,16091829,0,5921799,0,-322282,0,41192,0,0,8056688,2150375,24380015,0,0,0,0,6180694,1928023,7036747,2307430,17127608,8831125,940364,1650638,12001261,6250817,1316887,485104,560787,1382489,1492892,16321692,0,14432191,505846,361530,260537,31881796,14779006,0,20913914,-3811124,31881796,2381383,34848120,-23961724,3391038,6701230,16281667,1849476,0,9025581,0,21597653,683739,682017,1665829,352,94,712831,104842,817673,300,0,76452,203089,187330,192,25102,131123,53051,12217,18192,6083,150622,31376,290857,0,103290,61086,75600,0,175511,38613,325120,0,116325,66740,95364,0,2005
106104089,fresno county - phf,7/1/2004,6/30/2005,365,audited,incl. ind. audit,fresno,09,0605,city/county,psychiatric,phf,,(559)443-6616,4411 e. kings canyon road,fresno,93702,giang nguyen,director,,county of fresno,edward chavez,county of fresno,0,,,,16,16,16,0,0,2445,0,0,49,0,1847,1029,5370,0,0,185,0,0,9,0,201,136,531,0,16,0,0,0,0,0,5370,0,0,0,0,0,531,0,0,0,0,92,92,10.1,10.1,0,0,0,0,0,0,0,0,0,0,0,0,0,0,0,0,0,0,0,0,0,0,0,0,0,3087750,1831176,0,1256574,0,3940950,-2684376,2684376,0,0,0,0,3087750,0,0,0,0,1405875,0,0,28175,0,1062025,591675,3087750,0,0,0,0,0,0,0,0,0,0,0,0,170783,0,0,0,22540,0,598704,0,1039149,0,0,0,0,0,0,0,0,1228063,0,0,5635,0,22876,0,0,0,0,0,0,2684376,0,0,0,0,0,0,0,0,0,0,0,0,0,0,0,0,0,0,0,0,0,0,0,0,0,0,0,0,0,0,0,0,0,0,0,0,0,0,0,0,0,0,0,0,0,0,0,0,0,0,0,0,0,2,0,0,0,0,0,0,0,0,0,0,0,0,0,0,0,0,0,0,0,0,0,0,0,0,0,0,0,2005
106105029,fresno heart hospital,9/1/2004,8/31/2005,365,audited,incl. ind. audit,fresno,09,0605,investor,general,comparable,,(559)433-8000,15 e. audubon drive,fresno,93720,carolyn webster,ceo,http://fresnoheart.com,community medical centers,bob stansbury,fresno heart hospital,0,05-0732,,hsp30732f,60,48,32,4371,0,49,0,0,2361,0,0,20,6801,1543,0,13,0,0,993,0,0,6,2555,60,0,0,0,0,0,6801,0,0,0,0,0,2555,0,0,0,0,0,31.1,38.8,2.7,2.7,0,0,0,2391,0,4,0,0,990,0,0,6,3391,0,3327,0,0,0,3,129214,5898,662,64,0,0,112822736,68387290,0,44435446,273016,49541775,-4833313,49286,15092,0,0,-4799119,10095007,2485651,100242078,54092212,0,669811,0,0,32740181,0,0,163433,87665637,14525644,0,12123,0,0,10591833,0,0,27499,25157099,37336583,0,1116318,0,0,0,28910041,0,1024348,0,0,0,0,0,0,0,0,31281273,0,-434384,0,0,13397625,0,0,190932,0,0,1500,45769,0,0,5840528,1210435,21446546,0,0,0,0,6966584,1100265,3430352,9547065,12314085,4260830,777015,2432697,13052457,1280001,5589340,266507,295439,6065792,3207612,10684276,0,59598041,2473,5000,572870,70862660,5889817,0,79971897,-14999054,70862660,2676162,12925966,-8451241,45215607,20159997,69743282,10145241,0,15386633,66700000,82598900,2627003,0,0,210,46,403283,51623,454906,136,0,59960,98931,94610,1047,0,89330,42018,0,13227,4160,104858,18798,118642,0,86663,39849,34473,0,123366,20481,131827,0,97273,44157,37802,0,2005
106104047,fresno surgery center,1/1/2005,12/31/2005,365,audited,excl. ind. audit,fresno,09,0605,investor,specialty,comparable,,(559)431-8000,6125 north fresno street,fresno,93710-5207,alan h. pierrot  m.d.,ceo,,fsc hospital  llc & fsc health  inc.,rick jackson,tca partners  llp,0,05-0708,,hsp40708f,20,20,20,969,0,6,0,0,2167,0,0,31,3173,447,0,2,0,0,1123,0,0,19,1591,20,0,0,0,0,0,3173,0,0,0,0,0,1591,0,0,0,0,0,43.5,43.5,2,2,0,0,0,1853,0,65,0,0,5500,0,0,96,7514,0,0,0,3824,0,6,374636,327935,1591,3690,0,0,94332761,67434795,0,26897966,273810,26970223,201553,10851,0,0,0,212404,4414253,0,89918508,13820219,0,30908,0,0,29506022,0,0,428967,43786116,14966594,0,168504,0,0,35093485,0,0,318062,50546645,23744870,0,159753,0,0,0,43174301,0,355871,0,0,0,0,0,0,0,0,5041943,0,39659,0,0,21425206,0,0,391158,0,0,0,438,0,0,2195826,0,13436400,0,0,0,0,2064041,827751,6554583,1891622,9643034,3074176,0,1556976,6806018,1415499,1651916,410957,168117,658295,1585235,5251400,0,8587349,8587475,170355,0,22596579,7056188,3460315,8798107,3281969,22596579,1333750,8333385,-5394958,9290144,10480783,22978728,14391379,8127519,1280089,0,10817413,2019306,0,0,159,57,310787,36675,347462,229,0,28290,37144,102841,1226,13597,47735,23465,40609,13634,2246,49253,0,134174,0,53024,27848,46488,0,55110,0,150003,0,59232,31552,51565,0,2005
106301283,garden grove hosp & medical center,1/1/2005,12/31/2005,365,audited,excl. ind. audit,orange,13,1012,investor,general,comparable,,(714)837-5160,12601 garden grove blvd.,garden grove,92843,maxine cooper,ceo,www.gardengrovehospital.com,tenet healthcare corporation,remedios h. maglaya,tenet healthcare corporation,0,05-0230,hsc30230f,,167,167,73,7386,1146,6662,5705,1065,1042,2239,208,677,26130,1400,329,2584,1431,189,331,689,80,330,7363,167,0,0,0,0,0,26130,0,0,0,0,0,7363,0,0,0,0,0,42.9,42.9,3.5,3.5,8,5390,2991,9375,1986,8307,9771,1152,1022,13495,376,3291,48775,27521,0,6725,14132,0,6,116635,214228,2451,3049,2080,1001,343611593,285674873,5034084,62970804,382015,65097007,-1744188,2762549,648774,0,0,369587,48240758,23998480,271372355,72305987,11662500,52051909,45619238,9634916,7497504,24310689,2376448,8093610,233552801,23217222,5429908,11870377,23643484,2199543,2738139,34970704,708583,5280832,110058792,73447879,14875670,52519854,63076894,-3232357,11042767,7427212,47114935,5950677,0,6687626,-79077,6842793,0,4894318,0,139766,22075330,2216738,11778777,10333563,859009,2808431,12306224,11760,580972,0,0,0,0,0,0,12489948,3922565,21318214,0,0,0,0,8257579,5068097,12135529,1905075,26532566,10312507,640792,1393301,9888579,11871236,686519,401695,600472,541,2768799,12831829,0,17266819,0,42301819,3012178,75412645,6983574,0,0,68429071,75412645,0,26322097,-17477019,22280206,8725548,35048622,17781803,0,0,0,0,0,37018877,0,504,209,941280,124582,1065862,340,0,97375,169936,326365,44808,63035,196725,19740,4807,18477,12,312259,91416,282379,0,93437,59148,102641,0,355398,97099,324813,0,103925,67187,117440,0,2005
106190315,garfield medical center,11/1/2004,6/30/2005,242,audited,incl. ind. audit,los angeles,11,0913,investor,general,comparable,,(626)307-2010,525 north garfield avenue,monterey park,91754,phil cohens,ceo,,ahmc healthcare inc.,john skelton,ahmc healthcare inc.,0,05-0737,hsc30432i,zzt30432i,208,208,208,21721,2011,11831,3217,0,207,5995,169,165,45316,2672,409,2353,940,0,50,1561,34,63,8082,180,0,0,28,0,0,40528,0,0,4788,0,0,7803,0,0,279,0,0,90,90,5.6,5.6,26,5646,3794,11865,2676,13760,6920,0,974,24171,39,988,61393,16557,25145,0,21699,0,6,160860,178140,1398,2375,1498,1073,658399155,588496136,16357093,86260112,410120,79784669,6885563,0,0,0,0,6885563,123318679,22441678,512638798,233035611,27432956,142148932,32291193,0,3082807,95021281,2248800,3201666,538463246,31721892,7110495,15120646,17654111,0,1343995,45938473,118301,927996,119935909,227416266,34543451,129359810,47071280,-3554775,0,2658912,131853415,4123115,0,15024662,0,0,3903076,5769911,0,6684106,37341237,3903076,18806982,8643935,0,1767890,15790445,0,6547,0,0,0,0,0,0,20650044,3102869,30825371,0,0,0,0,8593486,3993595,7031099,5588205,36133888,12723420,2018372,858670,14634129,4548627,120384,3772265,986831,579939,3408144,39376161,0,28034,13843,0,35122557,74540595,28505642,0,0,46034953,74540595,8147398,85099434,-64741156,0,28338,28338,304,0,0,0,0,0,3855429,0,896,372,1063768,171217,1234985,217,0,59042,217580,364789,40380,107981,190915,63478,19603,0,0,414285,41623,312334,0,132945,56933,105648,0,479474,48375,363906,0,156204,66210,120816,0,2005
106190317,gateways hospital and mental health ctr,7/1/2004,6/30/2005,365,audited,incl. ind. audit,los angeles,11,0925,non-profit,psychiatric,comparable,,(323)644-2000,1891 effie st,los angeles,90026-1711,mara pelsman,ceo,www.gatewayshospial.org,gateways hospital and mental health center,jeffrey n. brown,hospital management services,0,05-4028,,,55,55,32,0,0,0,0,11120,77,0,0,49,11246,0,0,0,0,677,16,0,0,3,696,0,55,0,0,0,0,0,11246,0,0,0,0,0,696,0,0,0,0,56,56,16.2,16.2,0,0,0,0,0,0,0,9588,0,0,38019,0,47607,0,47607,0,0,0,0,0,0,0,0,0,0,22206662,7920821,0,14285841,124685,15085506,-674980,1473448,0,0,0,798468,7906050,6377760,7922852,0,0,0,0,14386155,98269,0,0,62314,14546738,0,0,0,0,2955481,0,0,4704389,54,7659924,0,0,0,0,0,7991361,50702,0,-8734,0,4704389,-4704389,-112508,0,0,0,0,0,0,0,0,9483477,55476,0,4704389,42499,0,0,584312,885596,0,0,1957841,5301984,2712274,0,0,79969,0,2069966,645426,1616147,701899,7134560,2966736,1287110,396292,1161163,726415,144367,340084,150471,22991,755317,3883347,152233,2809563,252703,982101,0,8079947,1479466,131035,887238,5582208,8079947,556292,888007,-675617,5371784,1491489,7782318,4972755,304416,7014,0,981272,94034,0,0,190,21,380989,17909,398898,20,0,68905,172393,10898,14260,19514,46326,44993,914,2699,87,76548,154518,44880,1976,60421,16232,26414,0,80233,160212,47088,2024,63611,17471,28259,0,2005
106270777,george l. mee memorial hospital,10/1/2004,9/30/2005,365,audited,excl. ind. audit,monterey,08,0709,non-profit,general,comparable,small/rural,(831)385-6000,300 canal st,king city,93930-3431,walter beck,ceo,www.meememorial.com,county of southern monterey,tracy moziak addleman,hfs consultants,0,05-0189,,zzr00189f,68,68,57,5448,0,1129,11631,0,570,557,0,529,19864,488,0,494,484,0,373,114,0,62,2015,49,0,0,0,19,0,13083,0,0,0,6781,0,1842,0,0,0,173,0,80,80,9.9,7.1,8,2608,618,6961,5,19364,9759,0,17518,1259,0,22815,77681,8386,64121,0,0,0,4,27549,15368,406,423,450,172,89882437,49170676,0,40711761,425552,42112232,-974919,190920,34046,0,0,-818045,14794743,17848253,57239441,11684688,0,7480927,10739540,0,3919936,3831543,0,2542300,40198934,12238610,1712,7380322,8543812,0,9815654,4830254,0,6873139,49683503,16778311,1712,8695946,10682513,-480000,0,4577098,2158418,3446756,0,8186,0,3301736,0,0,0,0,7144987,0,6645303,8600839,0,9158492,6503379,0,2658761,0,0,3958,49968,0,0,8376485,9026756,10763101,0,0,0,0,4762248,2644828,3862969,2675845,17641275,8499914,1112608,2807311,4573784,2135425,889483,579894,830802,872254,2169482,10842280,89960,19981792,1592232,414404,0,32920668,9922778,0,14718011,8279879,32920668,457880,17482089,-8697648,19316261,9389947,30789273,10807481,0,3434355,12038156,15472511,754500,0,0,366,94,705690,94168,799858,86,0,73921,121072,104356,18601,72924,137671,74058,63672,3521,35894,178210,174540,132062,0,103410,65012,52456,0,202621,193478,151800,0,115731,75436,60792,0,2005
106190323,glendale adventist medical center,1/1/2005,12/31/2005,365,audited,incl. ind. audit,los angeles,11,0909,non-profit,general,comparable,,(818)409-8000,1509 wilson terrace,glendale,91206-4007,scott reiner,ceo,www.glendaleadventist.com,adventist health systems,deana allington,glendale adventist medical center,0,05-0239,hsc30067f,,448,396,396,56561,1897,27424,3920,0,2413,15927,127,1568,109837,6875,420,4016,1184,0,362,3818,36,538,17249,320,60,0,28,40,0,71011,20574,0,7320,10932,0,14175,1784,0,573,717,0,67.2,76,6.4,6,22,4896,2245,74633,5856,22439,11841,0,45934,66384,175,10453,237715,33280,28917,34395,129741,177,10,434400,325980,3025,4218,1679,738,1083043928,862398345,1256350,221901933,3974697,222263463,3613167,5241334,2549785,0,0,6304716,270597149,90521626,721925153,376737192,19811224,200167763,33775716,0,17734698,145289967,937689,13307420,807761669,86170633,6753998,32644782,22805020,0,19612277,95432736,416201,11446612,275282259,354039973,20721759,205365551,50439841,0,0,24690666,171227844,17243795,0,10367321,0,8301595,0,1256350,0,0,107734212,5749397,23238924,7174991,0,10850947,65385236,0,1768226,0,0,157240,2144539,0,0,50751055,14634895,70860375,99484,55960,0,4457608,30539083,9227152,28031224,13606627,88817493,33570704,4627833,5240356,38780659,25854306,10811314,1939642,3124972,1924793,7571391,100350151,3627432,74586796,67742162,48700079,2661919,297668539,50865749,39639485,124990978,82172327,297668539,48120188,213867460,-174572918,143346808,44060800,192285892,117699096,0,0,128209873,128265978,3275000,47852376,0,1657,624,3143503,346395,3489898,460,24,275871,802213,888552,142524,267647,566494,102933,53221,13490,30558,1200883,272221,716537,51892,300335,224537,311877,65221,1324165,306327,805816,52029,328835,250937,349686,72103,2005
106190522,glendale memorial hospital & health ctr,7/1/2004,6/30/2005,365,audited,incl. ind. audit,los angeles,11,0909,non-profit,general,comparable,,(818)502-1900,1420 s. central ave,glendale,91204-2508,catherine m. pelley,president/ceo,http://glendalememorial.com,catholic healthcare west,sherri jeakle/jose orozco,glendale memorial hospital finance department,0,05-0058,hsc30058f,zzt30058f,334,334,201,36540,6339,16259,2900,0,770,9732,345,562,73447,5682,1480,3598,936,0,149,2614,15,219,14693,241,49,0,14,30,0,54838,9086,0,3435,6088,0,12763,909,0,254,767,0,60.2,60.2,5,4.8,13,3424,1799,47869,15484,30530,15641,0,4898,45640,763,7295,168120,33009,40628,23873,65429,3426,10,364072,240719,2617,7950,1424,599,822828560,670275904,12305965,164858621,1630064,168079292,-1590607,1646795,666862,0,0,-610674,174732515,47074816,601021229,261388957,63817611,158230269,27687939,0,7854677,98279275,887723,4955095,623101546,57585431,15550434,32675000,19462374,0,8053698,56118764,450835,9830478,199727014,243864544,70599905,171779045,41424494,0,0,8265001,115019498,12751370,0,3565368,0,3006679,10547618,1235234,0,523113,69258906,16407411,15080361,6060225,0,6889569,39311234,112952,11737963,0,128647,8439,800875,0,0,40653491,11498119,60451450,3146361,0,0,0,20335356,8926147,15330170,7738198,66692896,21325262,1403322,8003375,30534578,20648973,8158449,1814563,2245310,1168298,6084266,48460965,0,58947406,3584598,2330034,0,113323003,20603950,0,20642689,72076364,113323003,23089429,112873815,-91849150,57316180,34327303,100913350,41965944,0,0,21397285,21397285,754596,784859,1575753,1148,415,2316631,237635,2554266,282,0,167858,589661,674617,51393,137510,323068,206662,0,30817,135045,755287,212208,583828,0,376759,170164,218385,0,842374,233280,644960,0,414890,179693,239069,0,2005
106110889,glenn medical center,7/1/2004,6/30/2005,365,audited,incl. ind. audit,glenn,01,0223,non-profit,general,comparable,small/rural,(530)934-1800,1133 west sycamore street,willows,95988-2601,woody laughnan,administrator,,glenn medical center,cora biglang-awa,glenn medical center,4,05-1306,,hsp30092j,49,15,15,398,0,137,0,26,86,0,0,67,714,162,0,67,0,15,40,0,0,27,311,49,0,0,0,0,0,714,0,0,0,0,0,311,0,0,0,0,0,4,13,2.3,2.3,0,0,0,7412,0,9350,0,415,6361,3960,0,4725,32223,5110,20901,0,6805,0,0,0,0,0,0,0,0,14544689,7362862,0,7181827,0,7576060,-394233,407290,0,0,0,13057,813998,5247447,8483244,1327058,0,398954,0,87886,174562,0,0,273326,2261786,3935201,0,3241710,0,332837,2441041,341654,0,1990460,12282903,2828809,0,1017923,0,0,252434,1307802,130780,693221,0,0,0,1131893,0,0,0,0,2433450,0,2622741,0,168289,1307801,210874,0,438672,0,354169,0,0,0,300000,763502,2652544,1870749,0,0,0,0,885186,571260,701044,131775,3181704,1010580,0,972764,706332,975787,115483,83326,116519,15256,398309,1933467,0,651833,0,0,0,2585300,1310526,0,118009,1156765,2585300,435,4468405,-2789996,156288,1387153,1585989,934156,0,118009,0,118009,0,0,2739,90,21,140085,47797,187882,22,0,10714,22628,18682,11368,13151,55844,5448,2250,0,0,18986,44197,29067,0,19604,23377,4854,0,24799,57464,37924,0,28242,30335,9118,0,2005
106420483,goleta valley cottage hospital,1/1/2005,12/31/2005,365,audited,incl. ind. audit,santa barbara,10,0807,non-profit,general,comparable,,(805)967-3411,351 s. patterson ave,santa barbara,93111-2403,ronald c. werft,president/ceo,http://cottagehealthsystem.org,goleta valley cottage hospital,wendy kaufmann,cottage health systems,4,05-0357,,zzt30357f,122,88,88,2289,862,4730,6729,123,2240,0,0,147,17120,664,241,75,148,45,833,0,0,82,2088,67,0,0,0,55,0,5726,0,0,0,11394,0,2061,0,0,0,27,0,38.4,53.3,8.199999999999999,2.8,10,801,349,7737,1544,569,3064,668,18840,0,0,3012,35434,17815,0,0,17398,0,4,154881,58917,1165,941,379,87,118213641,79746283,0,38467358,966974,34732472,4701860,303561,40698,0,0,4964723,19690352,6413943,92109346,23359808,7023731,12034986,17236844,589611,23341582,0,0,1701133,85287695,9240994,1483104,513315,2347855,569587,16746195,0,0,2024896,32925946,25104444,5929291,8074459,16656950,0,788026,17679116,0,1595812,0,644277,0,3273908,0,0,0,0,7454924,2557105,4429044,2906723,335421,20208960,0,0,575181,0,0,216946,80992,0,0,8678766,2108084,15090960,0,0,0,0,3957240,1093650,2911205,892567,12270408,5937912,561143,3426196,7014333,3028703,919268,519485,164737,27055,863232,9231897,8267,4890142,47744,412714,0,14590764,7068624,0,0,7522140,14590764,2992093,12504263,-7304326,13602554,8229976,22852485,17962343,0,0,0,0,0,3050,1219397,236,109,469526,49732,519258,121,0,27256,84352,120593,33224,73078,52975,45350,5346,27352,0,181371,41595,150904,0,64245,14132,17279,0,202303,45341,167863,0,69350,15239,19162,0,2005
106190392,good samaritan hospital - la,9/1/2004,8/31/2005,365,audited,incl. ind. audit,los angeles,11,0925,non-profit,general,comparable,,(213)977-2121,1225 wilshire boulevard,los angeles,90017-1901,andrew leeka,president/ceo,www.goodsam.org,good samaritan hospital,rainbow jung,good samaritan hospital,0,05-0471,hsc30471f,zzt30471f,408,376,376,44447,1454,14411,2260,0,4448,22002,594,2724,92340,6520,308,3251,604,0,458,5342,114,722,17319,357,0,0,23,28,0,75784,0,0,7509,9047,0,15786,0,0,597,936,0,62,67.3,5.3,5.1,21,7632,3650,26549,572,3552,1294,0,956,11313,83,3201,47520,28259,1668,0,17157,125,18,674862,349619,4042,4937,2838,1353,858883551,654798114,1011670,205097107,2280773,217875835,-10497955,10732980,777997,0,0,-542972,215031829,25865834,617985888,327920503,13825976,100322546,18284054,0,37668814,196313845,3443649,26810272,724589659,40811772,2649129,16675285,6063837,0,3850988,49247642,383896,14611343,134293892,261480093,12105591,94579287,18671565,0,0,31369100,180650710,19888603,0,3441047,0,32612118,58199,86010,0,867461,97576278,3981907,18918698,5074591,0,8989908,59125474,1108952,10321299,0,1567139,3676761,5239595,0,0,50437533,6433018,87175122,911723,0,2137544,705081,27374908,6564357,18597356,17539193,82749122,18639562,4670154,12380405,51117285,27934451,8539628,691285,1201002,5612839,4340102,47694263,26606270,74508577,5464447,37026443,0,191300000,81474692,0,77215243,32610065,191300000,1194340,36563064,-9081999,114998535,168235508,297963889,223455312,0,0,75740437,77215243,0,14864832,0,1328,500,2587746,353667,2941413,666,31,227031,656347,827738,46281,165363,359965,57315,69367,178339,0,998376,115985,786059,30782,300903,141854,213787,0,1157250,129024,880468,34478,339467,160754,239972,0,2005
106430779,good samaritan hospital - san jose,1/1/2005,12/31/2005,365,audited,incl. ind. audit,santa clara,07,0431,investor,general,comparable,,(408)559-2011,2425 samaritan dr,san jose,95124,william piche,ceo,www.goodsamsj.org,hca-the healthcare company,william a. fretwell,hospital management services,0,05-0380,hsc00380i,,429,317,211,22017,3921,3927,1067,0,2918,40765,115,798,75528,4079,866,519,254,0,378,11506,32,199,17833,381,21,0,0,27,0,68005,5304,0,0,2219,0,16821,847,0,0,165,0,48.2,65.3,4.2,4.1,46,6752,2678,16241,1749,1586,3311,0,2420,59062,718,2502,87589,42259,25555,0,20363,0,13,670189,422982,5023,5433,2028,1156,1172910050,863528350,0,309381700,3303571,292084947,20600324,1075882,210858,0,0,21465348,218033902,56216628,898659520,239328738,47722545,31615445,8133770,0,30545351,526296955,1347321,7588974,892579099,69407357,9318381,3703063,5342776,0,7672730,179708285,1259866,3918493,280330951,251836155,34550872,25808408,12234020,0,0,28952620,495062037,7581032,0,2124139,0,5379067,0,0,0,0,56681890,22457904,8595589,926749,0,9046745,206435715,339228,4897880,0,-8768864,0,248048,0,0,70268363,13355832,107423195,0,0,0,0,31940495,10183947,41228941,17684174,91816225,52305172,5081402,16585388,55336004,36908232,10229964,3510414,2015518,7860208,10436420,67368004,0,122942217,5735511,0,23354479,219400211,28560230,152187,105708324,84979470,219400211,19394,68891667,-9441363,102891982,62540033,180780463,57838246,0,0,0,105708324,0,0,105708324,1235,515,2363564,360417,2723981,789,0,140773,569235,898592,5491,167369,284480,142638,0,80248,74738,892586,144836,757933,0,339691,20649,207869,0,1030555,165971,881575,0,384635,23967,237278,0,2005
106150775,good samaritan hospital-bakersfield,1/1/2005,12/31/2005,365,audited,excl. ind. audit,kern,09,0617,investor,general,comparable,,(805)399-4661,901 olive drive,bakersfield,93308-4137,rick hurst,cfo,,alliance investment hc inc.,robert c. perkins,hospital management services,0,05-0257,hsc30257g,zzt30257g,64,64,44,7538,28,6186,491,0,829,276,96,176,15620,1105,4,1007,162,0,167,49,16,74,2584,43,21,0,0,0,0,10952,4668,0,0,0,0,1868,716,0,0,0,0,66.90000000000001,66.90000000000001,6,6,0,0,0,27269,0,2513,421,0,5087,2,0,734,36026,0,15264,0,15973,0,2,21859,24323,259,513,0,0,42582875,24853204,0,17729671,18179,19299427,-1551577,3463,45791,0,0,-1593905,16477700,6860812,19244363,14228540,50367,13824620,1016997,0,1826799,568897,214225,812361,32542806,6296056,0,1834148,233787,0,1298882,1336,0,375860,10040069,13377813,20902,9952593,874664,-2264822,0,837580,162977,777330,0,214225,0,899942,0,0,0,0,6408742,29465,7970997,376120,0,1890097,407256,0,646994,0,0,0,3463,0,0,5742838,1030871,3598982,0,0,0,0,2318232,647339,4502417,1458748,6850952,1290224,1153638,3834570,1828320,1574533,272417,743356,351311,609654,790452,3084469,0,1587068,0,0,0,4671537,4118448,0,8290205,-7737116,4671537,554500,6720900,-4696811,797342,1777651,2574993,987925,0,746591,0,9285990,995785,0,1331000,172,55,341372,38605,379977,119,0,43026,63726,42818,18739,52234,58906,39359,0,14897,7667,134703,20755,47800,0,65439,28754,43921,0,149785,22887,54508,0,72597,32582,47618,0,2005
106190352,greater el monte community hospital,11/1/2004,6/30/2005,242,audited,incl. ind. audit,los angeles,11,0913,investor,general,comparable,,(626)579-7777,1701 santa anita avenue,south el monte,91733-3482,phil cohens,ceo,www.greaterelmonte.com,ahmc healthcare inc.,john skelton,ahmc healthcare inc.,0,05-0738,hsc30615i,zzt30615i,117,117,117,4248,1190,7213,1503,0,55,2715,205,215,17344,482,120,880,465,0,20,787,36,55,2845,104,0,0,0,13,0,14395,0,0,0,2949,0,2832,0,0,0,13,0,61.3,61.3,6.1,5.1,4,1263,453,1822,247,3792,3131,0,236,2258,25,2022,13533,11092,0,0,3948,0,3,24044,14850,524,423,401,169,164185400,142128600,907509,22964309,207596,25514559,-2342654,0,0,0,0,-2342654,29881953,7602061,126701386,39597771,5801197,47753997,10624589,0,571715,27618684,1793746,2134190,135895889,3975787,745271,7743251,5539709,0,554212,5927785,56295,3747201,28289511,37036465,5507080,45275561,14958903,-3732569,0,562545,31578169,5875597,0,5066849,0,0,0,907509,0,0,6537093,1039388,10737448,2112904,0,563382,1968300,0,5794,0,0,0,0,0,0,7126560,1272190,7512489,0,0,0,0,3273833,1071506,3907908,1350073,12095012,3254388,1954923,683315,3114825,2080082,0,819035,264730,128490,1119759,9072108,0,0,0,0,578593,9650701,6850087,0,1869059,931555,9650701,1563780,29792574,-24278387,0,0,0,0,0,0,0,1869059,0,0,1869059,275,116,348329,33206,381535,191,0,20755,66634,115473,22815,22056,79220,18583,559,0,2234,134171,15682,74628,0,48232,27746,47870,0,147691,17947,81508,0,52457,30694,51238,0,2005
106160725,hanford community hospital,1/1/2005,12/31/2005,365,audited,incl. ind. audit,kings,09,0615,non-profit,general,comparable,small/rural,(559)582-9000,450 greenfield ave,hanford,93230-3513,richard rawson,president,www.hanfordhealth.com,adventist health systems,sheryl bickner,hanford community medical center,0,05-0121,,zzt30121f,121,121,66,11346,135,2983,298,830,227,3460,281,152,19712,2224,25,620,136,195,57,980,57,46,4340,121,0,0,0,0,0,19712,0,0,0,0,0,4340,0,0,0,0,0,44.6,44.6,4.5,4.5,8,242,133,64170,540,13334,2515,1790,20880,66005,1197,2951,173382,24395,60946,20912,61091,0,12,197432,258567,1526,3822,98,29,342010456,264880334,636613,77766735,439454,76962268,1243921,1617146,1594100,0,0,1266967,56167903,52985983,232856570,93371051,1059994,26871067,2087818,7178007,1727073,35267780,2443820,1327279,171333889,54311994,356887,20723208,5150058,3684994,7659123,73531106,1466499,3792698,170676567,120232962,894412,38032094,6400677,0,9219200,6141418,72979224,513827,0,6407458,0,4059062,0,0,0,636613,27450083,522469,7627055,613055,1305932,3244778,36456275,0,547088,0,0,86725,313602,0,0,11079962,15780414,24159240,0,0,0,32559,8414830,3972485,10354825,3167953,32921192,9740720,3654657,2736386,10610849,7375991,3828033,1913846,672501,1028728,2479365,13914569,656741,25388432,4932244,2460836,359318,47712140,18501511,0,27461921,1748708,47712140,581693,43323966,-32892853,41019925,20067610,63453176,38064744,0,2220818,25964977,29610131,2148210,962232,498060,636,205,1220320,131400,1351720,157,3,82183,219588,257675,34101,135590,333645,96806,32692,16620,11420,236005,285873,286078,0,164066,133875,114423,0,256580,318623,318315,0,181573,150058,126571,0,2005
106350784,hazel hawkins memorial hospital,7/1/2004,6/30/2005,365,audited,incl. ind. audit,san benito,08,0701,district,general,comparable,small/rural,(831)637-5711,911 sunset drive,hollister,95023-5602,ken underwood,ceo,www.hazelhawkins.com,san benito health care district,karen gambetta,san benito health care district,0,05-0296,,zzr00296f,176,154,125,11020,9,27129,0,438,1026,1309,51,4060,45042,952,4,777,0,114,384,532,13,83,2859,49,0,0,0,127,0,7946,0,0,0,37096,0,2630,0,0,0,229,0,70.09999999999999,80.09999999999999,15.8,3,10,1106,616,22390,12,22949,0,2445,17259,21347,1098,3545,91045,14358,16878,6236,52842,0,3,89473,76776,931,2124,426,189,117777518,64687673,0,53089845,569792,55082862,-1423225,2504820,66420,0,0,1015175,28123106,8355024,81299388,24626175,46247,16674524,0,2456155,6594340,8168118,368525,1876641,60810725,15222574,15693,9083298,0,1829972,12474498,15818490,596410,1925858,56966793,26436884,41585,14551272,0,0,2405093,5583481,11851733,2396190,0,287861,0,1133574,0,0,0,0,13062073,19864,11015453,0,1849238,13073758,11701359,167907,2200193,0,-327,331319,734917,1200963,0,12598380,5986451,16512696,0,0,0,0,8856568,2714192,5789096,2625479,21774570,10894932,2345301,2538422,6528170,5001179,2418941,438258,225663,1057040,1860386,15406805,13692328,25725855,6610520,0,1118133,62553641,8860153,0,22907475,30786013,62553641,2777464,17632889,-9819000,29107506,14137156,45354192,19628337,0,2884549,21130000,24014549,1107074,0,0,412,145,795079,98191,893270,42,0,67630,110835,149405,32398,120733,167572,92152,18806,28179,7369,253540,81496,174935,0,160874,64711,59523,0,285508,90993,198391,0,177384,72650,68344,0,2005
106490964,healdsburg district hospital,1/1/2005,12/31/2005,365,audited,incl. ind. audit,sonoma,03,0401,district,general,comparable,small/rural,(707)431-6500,1375 university street,healdsburg,95448-3314,evan j. rayner,ceo,www.nschd.org,north sonoma county hospital district,megan upham,hfs consultants,0,05-0331,,zzr00331i,43,43,39,2064,0,2637,228,42,484,353,226,54,6088,482,0,25,1,8,100,59,1,17,693,34,0,0,0,9,0,2851,0,0,0,3237,0,677,0,0,0,16,0,38.8,38.8,8.800000000000001,4.2,0,0,0,15594,0,4902,93,1032,16228,5824,0,12188,55861,7614,0,0,47245,0,2,25986,58906,150,1333,0,0,37444402,23852180,0,13592222,117279,18049846,-4340345,4692304,213649,0,0,138310,4307172,3804836,29332394,6350672,0,3788505,628995,85561,1332232,785432,765931,173052,13910380,6442293,0,1757098,20637,346949,7348676,3070815,0,4547554,23534022,7487032,0,3370405,243771,0,347868,6609330,2002202,784940,0,163684,0,2842948,0,0,0,0,5305933,0,2175198,405861,84642,2071578,1854045,602247,1092718,0,0,0,0,4349198,0,2954490,1702702,7492119,0,0,0,0,2430372,1412373,1566070,491720,7537240,2795098,956150,1713552,2776008,940072,202112,244272,214519,0,670823,3377709,0,3179253,605350,23157,0,7185469,10104289,0,0,-2918820,7185469,0,7199196,-5126250,955000,2236772,3647335,468082,0,0,0,0,0,0,0,159,35,310889,40668,351557,37,0,42747,54887,36046,12560,23838,81005,26628,12279,18249,2650,69933,17425,96478,0,48441,48238,30374,0,78851,20141,108980,0,54845,54298,34442,0,2005
106304159,healthbridge childrens hospital-orange,1/1/2005,12/31/2005,365,audited,incl. ind. audit,orange,13,1015,investor,childrens,comparable,,(714)289-2400,393 s. tustin street,orange,92866,ronell myburgh,administrator,www.nhsltd.com,nexus health systems,carol neilson,nexus health systems,0,05-3308,hsc33308f,,24,24,24,0,0,1892,3932,0,639,2081,0,0,8544,0,0,5,2,0,10,49,0,0,66,6,0,0,0,18,0,1980,0,0,0,6564,0,55,0,0,0,11,0,97.5,97.5,129.5,36,0,0,0,0,0,0,0,0,4473,0,0,0,4473,0,0,0,4473,0,0,0,0,0,0,0,0,46124559,37615021,0,8509538,16180,6520243,2005475,0,0,0,0,2005475,11668626,0,34455933,0,0,10151718,19681301,0,2492026,12887386,0,0,45212431,0,0,0,0,0,912128,0,0,0,912128,0,0,8816730,18672690,-425416,0,2386902,8221150,-57035,0,0,0,0,0,0,0,0,0,0,1760404,1008611,0,1017252,4723271,0,0,0,0,0,0,0,0,2149865,0,1776008,0,0,0,0,496961,202612,1676734,218063,3812451,859321,158000,48227,438141,117395,73774,659822,95091,0,258021,1540945,0,209248,256875,0,0,2007068,672329,98893,0,1235846,2007068,0,1471961,-112430,0,304671,412822,203574,0,0,0,0,0,0,0,112,35,147118,86449,233567,47,0,11797,33236,15098,28158,30214,17502,10913,0,165,35,73470,0,34911,0,15196,3629,19912,0,118167,0,56048,0,24219,5837,29296,0,2005
106154022,healthsouth bakersfield rgnl rehab hosp,1/1/2005,12/31/2005,365,audited,excl. ind. audit,kern,09,0617,investor,specialty,comparable,,(661)323-5500,5001 commerce drive,bakersfield,93309-0648,ann feaver,coo,,healthsouth corporation,robert mosesian,healthsouth bakersfield rehab hosp,0,05-3031,hsc33031f,,60,60,45,10145,0,1015,0,0,1564,1516,0,65,14305,825,0,56,0,0,131,145,0,4,1161,0,0,0,60,0,0,0,0,0,14305,0,0,0,0,0,1161,0,0,65.3,65.3,12.3,12.3,0,0,0,6268,0,562,0,0,4814,4126,0,88,15858,0,15858,0,0,0,0,0,0,0,0,0,0,24295258,7487801,0,16807457,53393,14698066,2162784,27321,0,0,0,2190105,11181140,3097092,10017026,14985071,0,1262493,0,0,2076231,2704845,0,169526,21198166,1095841,0,122365,0,0,1000578,862990,0,15318,3097092,3064347,0,846219,0,0,0,1477662,1718324,318458,0,0,0,62791,0,0,0,0,12773291,0,525960,0,0,1568715,1818516,0,120975,0,0,0,5440,0,0,4236851,888665,2701626,0,0,0,0,1850597,781737,3154608,1083982,7881153,1383307,0,429597,933968,2339873,598460,138185,367220,127,626176,3702274,11987,14023383,0,0,5516627,23254271,7667424,0,0,15586847,23254271,0,4022853,-1959218,15062406,1455422,18797828,4774445,0,0,0,0,0,0,0,156,61,297317,31983,329300,11,0,25269,67222,54130,27343,45850,34609,33716,4508,4159,511,120741,19447,55090,0,48428,24494,29117,0,133672,21949,60611,0,52531,27604,32933,0,2005
106331194,hemet valley medical center,7/1/2004,6/30/2005,365,audited,excl. ind. audit,riverside,12,1109,district,general,comparable,,(951)652-2811,1117 e. devonshire ave,hemet,92343-3083,james maki,ceo,http://valleyhealthsystem.com,valley health system,antonio saldana,valley health systems,0,05-0390,hsc30390f,zzt30390f,453,370,370,36651,29303,15046,2191,265,3389,6752,0,3528,97125,5079,4842,1772,766,54,717,1651,0,667,15548,283,16,18,0,136,0,54250,2754,5450,0,34671,0,12939,555,661,0,1393,0,58.7,71.90000000000001,6.2,4.4,14,2135,1013,16174,8818,11167,4529,151,4211,6730,0,5926,57706,37694,12915,0,21630,0,7,348330,95835,2534,971,730,249,435351861,335329567,4916592,104938886,895732,106651950,-817332,3309423,4635,0,0,2487456,110266606,56659939,268425316,145997854,98863760,43136218,10686324,733348,14129100,27784199,0,15517089,356847892,20223888,12509537,9986538,5509827,325548,8374235,12077031,0,9497365,78503969,126936531,84846931,43460123,13970868,0,635337,13440531,28525036,22957955,0,514574,0,41681,211222,4705370,0,0,31868116,26736158,9297154,6930653,211780,8098153,10604723,0,11192149,0,-3775561,0,3118485,0,0,27820286,5737246,32467716,0,0,0,0,18286478,2979610,13958640,5401974,38235270,10415513,853277,5114057,16390341,26171398,2620378,998394,680344,2735828,2437150,38982342,14776324,20657402,2987531,0,1223340,78626939,21577233,0,34406076,22643630,78626939,15787744,93530036,-74112385,56435456,32341169,92963277,72305875,0,1532681,34320305,35852986,1446910,0,0,806,419,1673903,132798,1806701,207,0,64350,392262,439507,193579,237520,209329,7373,0,119913,10070,849434,150543,405463,0,124127,56870,87466,0,907944,159195,440505,0,139482,62490,97085,0,2005
106190949,henry mayo newhall memorial hospital,10/1/2004,9/30/2005,365,audited,incl. ind. audit,los angeles,11,0903,non-profit,general,comparable,,(661)253-8000,23845 west mcbean parkway,valencia,91355-2001,roger e. seaver,president/ceo,www.hmnhm.com,henry mayo newhall memorial hospital,jeff wolf,essential consulting llc,2,05-0624,hsc30624f,zzt40624f,217,217,217,28000,0,4571,0,842,959,18162,0,3617,56151,5475,0,876,0,195,199,3904,0,767,11416,148,23,0,19,27,0,40982,5888,0,2779,6502,0,9618,915,0,251,632,0,70.90000000000001,70.90000000000001,4.9,4.6,12,2876,1489,13226,0,2958,0,1804,1893,44783,0,7920,72584,39934,0,0,36597,0,8,295548,499686,2371,3502,907,436,593616199,474495996,0,119120203,87161,116104392,3102972,929284,0,0,0,4032256,154856139,59025843,379734217,204715953,0,35513143,0,8966375,10016485,189645955,0,36138901,484996812,25220256,0,3673000,0,2329815,3687067,69588758,0,4120491,108619387,189573020,0,31717397,0,0,8010581,9717738,183833735,11542614,0,2233085,0,37867826,0,0,0,0,35376324,0,6234991,0,2929955,3263139,61729889,0,9585905,0,0,4139,906094,0,0,26076124,9269040,35400840,0,0,0,0,16093497,3879995,12841394,12543502,44954171,12996688,0,11183945,17572793,7999018,6395343,1126323,3438011,4663322,5774778,47047935,6463482,45663633,6577136,581940,4830398,111164524,21699662,0,73097339,16367523,111164524,14639714,46454447,-18488062,62361360,34338168,111452174,65788541,0,20457699,54454743,74912442,1815103,0,0,821,294,1682196,322364,2004560,368,0,108257,308502,429445,85342,97769,336422,0,20352,56241,239866,569428,131466,380575,0,351430,111081,138216,0,691998,153989,497207,0,370736,129207,161423,0,2005
106344021,heritage oaks hospital,1/1/2005,12/31/2005,365,audited,excl. ind. audit,sacramento,02,0311,investor,psychiatric,comparable,,(916)489-3336,4250 auburn blvd,sacramento,95841-4100,kenneth meibert,ceo,,psychiatric solutions  inc.,lilian gong,gong nashed pascoe inc.,0,05-4087,,hsm34104g,76,76,76,10291,221,2959,0,2617,7823,0,0,250,24161,772,21,341,0,290,1119,0,0,50,2593,0,76,0,0,0,0,0,24161,0,0,0,0,0,2593,0,0,0,0,87.09999999999999,87.09999999999999,9.300000000000001,9.300000000000001,0,0,0,2103,66,0,0,0,4476,0,0,175,6820,0,0,0,0,0,0,0,0,0,0,0,0,40583763,23781007,0,16802756,174380,13993590,2983546,29494,120848,0,0,2892192,35036180,3366702,2180881,15933864,338150,4470251,0,4035489,11983841,0,0,397603,37159198,1060077,32665,0,0,0,2243451,0,0,88372,3424565,5355609,111912,3631118,0,0,2163231,11630959,0,602629,0,0,0,285549,0,0,0,0,11505902,256075,651383,0,1825066,2081863,0,0,482467,0,0,0,0,0,0,4145257,769686,1099624,0,0,1553,0,1942481,1051328,4470476,513185,6970607,1368076,1227095,315559,869535,1449797,267569,236074,180307,53393,1055578,3121934,0,15725503,8554,0,-1089800,17766191,15821791,0,0,1944400,17766191,0,4059545,-1101483,7688975,502654,15877149,151646,0,0,0,0,0,0,14079842,229,106,469052,11409,480461,24,0,37344,161124,48841,172651,0,17396,26747,0,0,4949,289445,19715,2982,0,76885,30654,49371,0,295902,20289,2986,0,78681,31747,50856,0,2005
106362041,hi-desert medical center,7/1/2004,6/30/2005,365,audited,incl. ind. audit,san bernardino,12,1214,district,general,comparable,small/rural,(760)366-6478,6601 whitefeather road,joshua tree,92252-6607,david selman,ceo/president,www.hdmc.org,hi-desert memorial hospital district,derek f. petrak,petrak & associates  inc.,0,05-0279,,zzt30279f,179,179,161,10306,1419,34140,232,243,1506,2906,32,1528,52312,1476,286,897,32,61,267,626,9,147,3801,59,0,0,0,120,0,12314,0,0,0,39998,0,3439,0,0,0,362,0,80.09999999999999,80.09999999999999,13.8,3.6,0,0,0,30334,3515,20818,1069,17,9676,17053,1050,6049,89581,19026,0,5456,61353,0,4,46770,44463,537,1240,245,107,131720681,86260585,0,45460096,276879,44798027,938948,4176072,560696,0,0,4554324,43400096,18387465,69933120,31136510,4244251,31487945,622271,1223415,2212718,10211599,157510,3001946,84298165,14921862,1894993,11801832,597998,9484,5090140,9188357,581381,3336469,47422516,31302680,5248801,25284468,323093,-963214,1079237,3158426,14145826,5315299,0,1139584,-14300,240685,0,0,0,0,13165106,836300,18777633,891795,148225,3983418,4826400,21544,2809675,677881,0,2839381,632962,406240,0,11968406,3794196,12681910,0,0,0,0,6333204,1804428,5263943,2951940,16456347,7802426,2246378,2918228,5437590,3564465,3054405,246238,154492,1048280,1869178,30309132,0,22140737,170205,2503802,2006609,57130485,8582018,0,17715000,30833467,57130485,4640060,16776413,-10416778,33208249,19976292,55576716,33435979,0,0,18395000,18395000,680000,0,0,424,155,839355,72654,912009,75,0,70730,142891,137144,72318,113615,165948,105599,0,18127,12983,331806,80798,141907,0,156166,70659,58019,0,350092,88558,154819,0,172991,78824,66725,0,2005
106301205,hoag memorial hospital presbyterian,9/1/2004,8/31/2005,365,audited,excl. ind. audit,orange,13,1016,non-profit,general,comparable,,(949)764-4624,one hoag drive,newport beach,92660,richard afable,ceo/president,www.hoaghospital.org,hoag memorial hospital presbyterian,lurae greene,hoag memorial hospital presbyterian,0,05-0224,,zzt30224f,409,353,353,38043,9886,1280,1837,627,1830,47318,0,4312,105133,7535,2557,382,340,147,473,12606,0,1177,25217,388,0,21,0,0,0,100236,0,4897,0,0,0,24662,0,555,0,0,0,70.40000000000001,81.59999999999999,4.2,4.2,47,10156,4580,55026,29279,1233,3958,2262,2942,183164,0,9838,287702,58276,0,0,229966,11406,20,2276068,809374,8880,10238,2990,1612,1098585679,693064708,73760572,479281543,23559271,467789460,35051354,55158530,6937793,0,0,83272091,159058591,40839214,898687874,289479980,78624147,6391442,16875693,9236311,10156967,303788662,0,12864897,727418099,99032247,37957668,1708219,5974607,3764275,2773955,208615752,0,11340857,371167580,283048626,109580638,5803111,19686383,0,11857468,7000435,234623154,14993702,0,5280001,0,1191190,43777266,0,0,29983306,104573178,50675368,2279398,3153837,1010927,5323292,302311228,0,9954315,0,0,0,45523097,0,0,66261940,13463972,182088415,29325262,0,0,0,65780554,11915213,68979677,29974427,166677256,64952707,6554626,10613635,89544110,56402950,31479408,6433439,4385283,9306635,21439411,78768546,1016949134,329382073,192145039,23660358,4873660,1645778810,97107444,23625062,517248892,1007797412,1645778810,15544202,110327387,-62792753,340552244,233227265,624877761,295495688,0,0,516000000,517313230,64338,1304133,0,3201,805,5718283,1057512,6775795,860,0,576943,1614043,1270397,8908,394857,1055207,458129,222572,62564,54663,1298839,230981,1873619,0,1038026,322667,954151,0,1626447,282185,2231174,0,1173041,365537,1097411,0,2005
106190380,hollywood community hosp of hollywood,1/1/2005,12/31/2005,365,audited,excl. ind. audit,los angeles,11,0925,investor,psychiatric,comparable,,(323)462-2271,6245 de longpre ave,hollywood,90028-8253,david topper,ceo,www.altacorp.com,alta healthcare system  llc,jack lahidjani,alta healthcare system  llc,0,05-0135,hsc30135h,,160,160,160,14112,85,11981,27,0,230,129,235,19,26818,2111,16,2105,12,0,72,23,25,6,4370,101,59,0,0,0,0,12129,14689,0,0,0,0,2054,2316,0,0,0,0,45.9,45.9,6.1,6.1,0,0,0,7721,49,1419,38,0,91,21,167,21,9527,2607,0,0,0,0,3,28911,5298,323,86,0,0,118674334,88988104,378987,30065217,603487,30347532,321172,4135614,0,0,0,4456786,39032753,6724780,72916801,64837165,815057,37624554,240346,0,3601618,1632333,372476,269852,109393401,6700432,41376,2100180,48105,0,88328,21179,248632,32701,9280933,53875348,656533,29293984,223256,-2864805,0,3540050,1641614,255343,0,2366781,0,0,154457,0,0,224530,17662249,354357,11556038,59039,0,149896,236428,0,47210,0,0,0,0,0,0,7550635,1633428,7174371,0,0,0,0,3720033,579177,5713523,3976365,12446020,3349741,0,1312836,4354936,2639809,502026,439448,540231,1119755,3642730,8039960,0,5865314,0,631926,0,14537200,16454062,0,0,-1916862,14537200,3750,18201039,-11835375,4517168,4173965,9176926,3311612,0,0,0,0,0,0,10020172,290,85,541293,64203,605496,94,0,67349,120574,95081,43188,37740,72482,71237,31228,1374,1040,208676,38526,79337,0,111885,23173,79696,0,229450,43028,89348,0,127679,25242,90749,0,2005
106190382,hollywood presbyterian medical center,1/1/2005,12/31/2005,365,audited,incl. ind. audit,los angeles,11,0925,investor,general,comparable,,(213)413-3000,1300 north vermont avenue,los angeles,90027-6005,shawn bolouki,ceo,www.hollywoodpresbyterian.com,cha hollywood presbyterian medical center lp,tanya teig,moss adams llp,0,05-0063,hsc30063f,hsp30063f,410,386,386,35189,1221,51061,7264,0,270,6315,1096,834,103250,2929,180,7496,2994,0,84,1608,160,327,15778,293,0,0,28,89,0,68269,0,0,7589,27392,0,14483,0,0,566,729,0,69,73.3,6.5,5,34,8795,4005,12570,919,27761,10036,0,1964,12685,4786,7857,78578,38556,14892,0,19754,0,9,299880,600600,5689,12043,2528,1517,938257538,795143420,1121813,144235931,11321756,154714812,842875,11334243,13907863,0,0,-1730745,177626421,20390758,740240359,257932737,13227504,297867197,51350000,0,5225506,98869586,11812440,14367879,750652849,47216762,2486434,38845287,30008551,0,3488016,42595656,8180896,14783087,187604689,254454301,12805156,250293343,70973080,-18016865,0,6856538,130179809,13408000,0,58447092,0,15742966,0,1121813,0,0,50695198,2908782,68736829,8752705,0,1856984,11285433,0,0,0,0,0,0,0,0,43021299,6376046,45923485,0,0,0,459448,19893923,5003145,24636529,9400937,63292422,17058455,4295911,3699482,22140951,22955898,1183163,1079213,4034598,1403402,13571317,41421870,0,30751567,1693944,0,0,73867381,30485754,0,14643514,28738113,73867381,10688674,74368580,-52875180,12023384,3673398,31936673,1185106,0,0,0,20268014,5624500,0,0,1110,527,2098998,209583,2308581,346,6,241494,420754,767700,184713,144187,275638,23805,40707,0,0,991880,118531,513540,10648,152067,134212,153527,24593,1087088,132741,571144,10727,165884,144810,169128,27059,2005
106301209,huntington beach hospital,7/1/2004,6/30/2005,365,audited,excl. ind. audit,orange,13,1014,investor,general,comparable,,(714)842-1473,17772 beach blvd.,huntington beach,92647-6819,mary botticella,ceo,www.hbhospital.com,vanguard health systems of anaheim,jeffrey n. brown,hospital management services,0,05-0526,,zzt30526f,131,131,73,10016,1107,4220,5091,993,1507,2196,74,319,25523,2034,332,592,191,270,521,614,21,113,4688,88,25,0,0,18,0,13223,6580,0,0,5720,0,3727,933,0,0,28,0,53.4,53.4,5.4,4.2,0,0,0,19331,1358,1374,3289,1989,8368,12643,232,7285,55869,22191,0,0,24475,0,3,259106,300194,938,1711,0,0,206853294,160505844,0,46347450,377590,49120761,-2395721,239894,0,0,0,-2155827,38550486,16474126,151828682,57164018,8030028,12100487,19827161,6375135,14188905,12829402,529219,4024897,135069252,22810495,2730326,1987611,4253120,2470376,13949178,18515389,215355,4852192,71784042,58064226,8669485,12478218,21091491,-1045965,7513263,21968801,26504486,4505665,0,756174,0,0,0,0,0,0,21787051,2058916,2348936,2955995,1145003,5687939,4396004,44776,5922830,0,0,0,97163,0,0,10951591,4894202,16169198,0,0,0,0,5554439,2376184,5829259,3345888,19720863,6446506,554864,2881692,7897111,4843243,1024635,998831,930732,1427382,2394902,10109559,0,8132314,1854007,0,411456,20507336,7675719,0,3470338,9361279,20507336,0,12501921,-3794660,3389437,3611939,8785506,653192,0,0,0,3687234,216896,0,3687234,334,118,674009,56253,730262,254,0,60054,156559,153905,41695,49173,120313,52974,3971,28565,6800,210360,63673,161422,0,103350,63101,72103,0,225446,67108,177571,0,113353,68621,78163,0,2005
106190400,huntington memorial hospital,1/1/2005,12/31/2005,365,audited,incl. ind. audit,los angeles,11,0911,non-profit,general,comparable,teaching,(626)397-5000,100 w. california blvd,pasadena,91109-3010,stephen a. ralph,ceo,www.huntingtonhospital.com,pasadena hospital association  ltd,sherrie huang,huntington memorial hospital,2,05-0438,hsc30438f,zzt30438f,522,522,496,61734,8207,19015,2236,553,1858,41019,981,3592,139195,8409,2095,2983,688,45,364,9909,265,973,25731,444,54,0,24,0,0,118320,14077,0,6798,0,0,23876,1242,0,613,0,0,73.09999999999999,73.09999999999999,5.4,5.4,48,8188,3124,27366,2450,15654,7629,62,15348,50360,2003,7348,128220,57307,19102,0,59726,0,15,1393200,392994,7052,4176,2138,1361,1264159719,902354238,0,361805481,9878648,355830997,15853132,18693374,1517150,0,0,33029356,323631087,59295251,881233381,425192473,79353875,132976161,15642058,7308650,14979667,318916652,4923931,27705246,1026998713,68869935,13616172,21531145,9241306,882365,8343330,101651326,1963174,11062253,237161006,377677068,62176405,129250162,19602209,0,5633189,14715353,259350934,27061813,0,6887105,0,0,0,0,0,0,116385340,30793642,25257144,5281155,2557826,6792644,161217044,0,13520686,0,4533937,11814362,4941010,0,0,83955661,14046555,125110468,0,0,25675,3678837,53333767,10691264,39161084,25827686,135284503,55488217,7765017,19326420,69652425,19490223,15645639,11392526,5390611,2762263,13633153,182376849,190656179,123397161,47395893,8520710,2105566,554452358,81804495,1815473,234844240,235988150,554452358,14966103,147338872,-87445013,0,140413136,329301129,205903968,0,658761,237642615,238310372,3466132,3073842,0,2585,962,5060820,595252,5656072,975,35,297841,1091695,1408428,81015,512015,762356,436695,191869,232540,46366,1793921,236199,1219279,71189,891319,330545,498711,19657,1999720,263173,1358921,72181,1000762,375233,563921,22161,2005
106320874,indian valley hospital,7/1/2004,6/30/2005,365,audited,excl. ind. audit,plumas,01,0215,district,general,comparable,small/rural,(530)284-7191,184 hot springs road,greenville,95947-9746,terry martin,board chair,,indian valley hospital district,carlos jimenez,phm  inc.,0,05-0433,,zzr00433f,26,26,26,412,0,7127,0,5,8,35,0,527,8114,77,0,42,0,3,3,16,0,10,151,9,0,0,0,17,0,276,0,0,0,7838,0,112,0,0,0,39,0,85.5,85.5,53.7,2.5,0,0,0,3582,0,2385,0,395,489,1798,0,1435,10084,582,9572,0,0,0,1,0,0,0,0,0,0,5665493,1888672,0,3776821,147075,4651262,-727366,315012,0,0,0,-412354,2385635,1535098,1744760,750522,0,1958021,0,18465,14791,63892,0,174568,2980259,984562,0,570215,0,96432,172428,487855,0,373742,2685234,591120,0,646166,0,0,58818,91594,269935,50366,0,82182,0,98491,0,0,0,0,1143964,0,1882070,0,56079,81300,239597,0,373811,0,0,12218,3167,299627,0,1300585,942597,615161,0,0,0,0,812118,374621,451226,154954,2248710,831240,438345,184441,313711,197943,106941,40956,54064,37462,197449,412933,83908,542400,114468,1268424,0,2422133,902162,0,1810178,-290207,2422133,13543,561059,-308717,1497304,1552102,3208489,2666089,0,13041,0,1816410,6232,0,0,66,21,128365,13086,141451,9,0,16623,32454,12327,13303,18087,13765,16810,1639,3333,24,44474,19662,9933,0,30121,13944,10231,0,48427,21882,10985,0,32917,15616,11624,0,2005
106304045,irvine medical center,1/1/2005,12/31/2005,365,audited,excl. ind. audit,orange,13,1016,investor,general,comparable,,(949)753-2000,16200 sand canyon avenue,irvine,92718,don lorack,ceo,www.tenethealth.com,tenet healthcare corporation,sandy buranathawon,tenet healthcare corporation,0,05-0693,hsc30693f,hsp30693f,176,176,176,6213,6264,211,622,214,358,14684,126,262,28954,1332,1888,39,184,59,114,5489,32,103,9240,176,0,0,0,0,0,28954,0,0,0,0,0,9240,0,0,0,0,0,45.1,45.1,3.1,3.1,16,3608,1876,3509,3262,148,1339,339,967,21276,121,2106,33067,22676,0,0,10814,0,8,421137,245107,3228,2919,1213,712,561128460,463984874,0,97143586,463128,95803249,1803465,401,101593,0,0,1702273,62459252,28946062,469723146,85755586,83608864,2357569,8409821,3045386,7596860,202841241,2176568,3435790,399227685,17571733,17236345,479637,4236489,1382002,4240358,109112295,385410,7256506,161900775,89839065,84210029,2243197,12341084,0,4290628,8391803,250380918,4111052,0,2673872,0,5503226,0,0,0,0,13488254,16635180,575943,211398,136760,3445415,60626767,0,2023869,0,-550716,0,0,0,0,14163963,2430950,36212527,0,0,0,0,9507898,5948388,14142687,13396836,28146720,10077778,799920,6679602,19428735,14364078,615745,11935638,694783,3732,3056518,20707945,0,4725984,16236,4990435,31949984,62390584,128920916,0,0,-66530332,62390584,0,37901136,-20509827,2404548,19832906,22407892,17681908,0,0,0,0,0,0,119206172,444,169,938813,104056,1042869,854,0,92620,195830,293629,3580,55312,166221,9481,3517,117347,1276,302644,48821,335765,0,65903,67851,117829,0,333222,52029,379340,0,72507,76236,129535,0,2005
106121031,jerold phelps community hospital,7/1/2004,6/30/2005,365,audited,excl. ind. audit,humboldt,01,0109,district,general,comparable,small/rural,(707)923-3921,733 cedar street,garberville,95542-3201,deborah j. scaife,administrator,www.shchd.org,southern humboldt community healthcare district,lindy sauls,clark koortbojian & associates inc.,0,05-0482,,hsp30482g,17,16,16,243,0,2570,0,11,28,0,0,399,3251,55,0,15,0,6,12,0,0,6,94,9,0,0,0,8,0,343,0,0,0,2908,0,87,0,0,0,7,0,52.4,55.7,34.6,3.9,0,0,0,7932,0,5146,0,1420,8900,0,0,6359,29757,2308,10682,0,17421,0,0,0,0,0,0,0,0,4871965,1466308,0,3405657,73645,4455005,-975703,1425291,0,0,0,449588,936889,2609226,1325850,336663,0,762167,0,25241,65993,0,0,174956,1365020,944618,0,590186,0,163291,1014390,0,0,794460,3506945,20467,0,415656,0,-2351,107742,296541,0,549863,0,4172,0,74218,0,0,0,0,1260814,0,939048,0,80790,783842,0,0,341163,0,0,19222,37,982791,0,736952,1308674,607242,0,0,0,0,599286,333680,582621,286550,1741847,686827,701094,188731,363042,253289,85563,15492,202264,47531,169325,914488,0,422197,0,5852,0,1342537,1216535,0,699066,-573064,1342537,51773,997583,-563301,712626,1279657,2216662,1794465,0,0,725394,739179,40113,0,0,52,18,101018,8734,109752,4,0,14939,4804,17696,8138,11554,30922,7761,3433,131,1640,24193,24513,9972,0,14529,11166,16645,0,26356,26230,11151,0,16043,12176,17796,0,2005
106380842,jewish home,7/1/2004,6/30/2005,365,audited,excl. ind. audit,san francisco,04,0423,non-profit,psychiatric,ltc emphasis,,(415)334-2500,302 silver avenue,san francisco,94112-1510,daniel r. ruth,executive director,www.jhsf.org,hebrew home for the aged,hadley paculba,hfs consultants,0,05-4089,,zzr05169f,491,491,491,2802,0,135979,0,0,0,0,0,17602,156383,36,0,73,0,0,0,0,0,14,123,0,13,0,0,478,0,0,116,0,0,156267,0,0,15,0,0,108,0,87.3,87.3,1271.4,7.7,0,0,0,0,0,0,0,0,0,0,0,0,0,0,33320,0,0,0,0,0,0,0,0,0,0,46194486,8444168,0,37750318,245790,43857721,-5861613,1029698,1825494,0,0,-6657409,42863990,534313,2796183,2671275,0,38957912,0,0,0,0,0,4565299,46194486,0,0,0,0,0,0,0,0,0,0,35985,0,8077614,0,0,0,0,0,22476,0,0,0,308093,0,0,0,0,2635194,0,30858740,0,0,0,0,0,4256384,0,0,0,0,0,0,20963860,355686,2660474,0,0,0,0,11822355,1468388,4128001,2458957,22779388,10569670,66567,370375,4627382,970960,2154867,27477,198407,0,2092628,7872213,0,41794897,0,1908792,0,51575902,4100249,13982,0,47461671,51575902,2552035,4338874,-39566,63257288,6586733,70912718,29117821,0,0,0,0,0,0,0,521,247,990126,99276,1089402,23,0,47442,39443,74278,26386,413331,81553,0,301580,0,6113,592345,11788,8728,0,287658,24024,65583,0,640909,13519,9850,0,324850,26585,73689,0,2005
106220733,john c fremont healthcare district,7/1/2004,6/30/2005,365,audited,excl. ind. audit,mariposa,09,0603,district,general,comparable,small/rural,(209)966-3631,5189 hospital road,mariposa,95338,elnora george,administrator,,john c. fremont district,jeff clark,clark koortbojian & associates inc.,0,05-1304,,zzr00443f,34,34,34,623,0,8371,0,15,93,0,0,1042,10144,133,0,58,0,8,38,0,0,18,255,18,0,0,0,16,0,4628,0,0,0,5516,0,243,0,0,0,12,0,81.7,81.7,39.8,19,0,0,0,14204,0,3690,0,890,5735,0,0,3056,27575,4288,15113,3769,3747,0,0,0,0,0,0,0,0,17108480,5584653,0,11523827,376392,12987082,-1086863,893115,0,0,0,-193748,2909275,6281499,7917706,1080236,0,2099237,0,37895,182403,0,0,376618,3776389,6104341,0,2135462,0,514728,3141673,0,0,1435887,13332091,1856918,0,1580945,0,-3980,485416,878935,0,399741,0,14685,0,371993,0,0,0,0,5321897,0,2657734,0,67207,2445141,0,0,1031848,0,0,33315,23377,836423,0,1876308,5158298,2012106,0,0,0,0,1427214,624517,1094885,793754,5726165,2225053,1455872,446128,1124307,504578,491915,112272,70782,359599,470411,3481975,0,5354762,143405,230632,318946,9529720,1943625,0,5368098,2217997,9529720,29878,3473565,-986122,5748585,3093228,9855404,4500642,217701,525397,4775000,5518098,150000,0,0,168,60,325334,27748,353082,8,0,47490,28017,37301,6652,80240,80024,34277,7779,0,3554,73505,112961,34206,0,50028,24555,30079,0,79283,122068,36527,0,54949,27423,32832,0,2005
106331216,john f. kennedy memorial hospital,1/1/2005,12/31/2005,365,audited,excl. ind. audit,riverside,12,1103,investor,general,comparable,,(760)347-6191,47-111 monroe street,indio,92201,john ferrelli,ceo,www.jfkmemorialhosp.com,tenet healthcare corporation,sandy buranathawon,tenet healthcare corporation,0,05-0534,hsc30334i,hsp30534i,162,162,116,10300,1643,9433,3852,0,259,3767,267,709,30230,1886,635,3409,1485,0,62,1495,95,262,9329,162,0,0,0,0,0,30230,0,0,0,0,0,9329,0,0,0,0,0,51.1,51.1,3.2,3.2,24,5366,3266,15126,3471,10691,13548,0,2004,19738,1670,10927,77175,41772,10544,0,26433,0,5,291234,183840,2905,2550,2291,980,470792380,402069906,5148870,73871344,248831,78975671,-4855496,563043,443982,0,0,-4736435,62064446,29132883,379595051,123085740,20885582,88245046,34076448,0,3282462,56162293,2875796,9836406,338449773,28548783,7648476,14628790,21079075,0,3680052,43642840,2026140,11088451,132342607,128445093,22794926,88826764,53667593,-3024107,0,4660344,79923642,9150710,0,6117801,0,11507140,0,5148870,0,0,23189430,5739132,15855314,6636800,0,2302170,19881491,0,267007,0,-1903149,0,0,0,0,14932292,6361826,29081872,0,0,0,0,9969495,5302335,10868966,2458885,30747590,11419243,2175791,2858652,12521611,12573439,812369,839996,1408207,719,3618054,14105194,0,13623200,411444,38043409,178704,66361951,6115561,0,0,60246390,66361951,1100,35811158,-24696748,24340536,20599893,48118938,34495738,0,0,0,0,0,37836218,0,597,212,1110772,170583,1281355,172,0,87305,263415,308133,52109,81445,244328,11928,21556,38825,1728,355796,118619,335246,0,100957,71169,128985,0,410880,137125,392859,0,115601,79799,145091,0,2005
106074039,john muir behavioral health,1/1/2005,12/31/2005,365,audited,excl. ind. audit,contra costa,05,0411,non-profit,psychiatric,comparable,,(925)680-6500,2740 grant street,concord,94520-2265,elizabeth stallings,coo,www.johnmuirhealth.com,john muir/mt. diablo health system,evan chan,toyon associates  inc.,0,05-4131,,hsp34131f,73,71,71,3207,0,3326,0,0,706,10308,0,233,17780,448,0,420,0,0,91,1454,0,47,2460,0,65,8,0,0,0,0,15804,1976,0,0,0,0,2021,439,0,0,0,66.7,68.59999999999999,7.2,7.2,0,0,0,780,0,7,0,0,1,8981,0,465,10234,0,0,0,0,0,0,0,0,0,0,0,0,36939431,18503362,0,18436069,313493,21335383,-2585821,21914,0,0,0,-2563907,28199114,6187712,2552605,6422096,0,5167573,0,0,1163759,17581163,0,395637,30730228,470536,0,4179,0,0,137,5458184,0,276167,6209203,2490004,0,3123257,0,0,0,2309,11154947,594706,0,587613,0,550526,0,0,0,0,3822002,0,1916966,0,0,1087501,11517902,0,91698,0,0,0,21914,0,0,8910381,1195305,1165458,0,0,0,0,3754863,1438435,3841700,1029241,8831678,4152622,1054102,935402,609930,4285672,191869,925868,0,0,348240,4123349,0,935290,252064,0,0,5310703,10550890,0,0,-5240187,5310703,1298364,5711488,-3212510,0,1665017,2599202,1663912,0,0,0,0,0,0,0,143,30,273772,36422,310194,51,0,21887,115174,47998,14708,0,39554,21947,0,9512,2992,159092,22617,0,0,41632,23965,26466,0,179841,25436,0,0,46923,27209,30785,0,2005
106071018,john muir medical center-concord campus,1/1/2005,12/31/2005,365,audited,incl. ind. audit,contra costa,05,0411,non-profit,general,comparable,,(925)682-8200,2540 east street,concord,94520,thomas harland,coo,www.johnmuirhealth.com,john muir/mt. diablo health system,laura cherry,toyon associates  inc.,0,05-0496,hsc00496f,zzr00496f,241,210,210,23346,2659,3778,1005,0,837,17393,283,1046,50347,4554,523,709,200,0,167,3480,52,193,9878,241,0,0,0,0,0,50347,0,0,0,0,0,9878,0,0,0,0,0,57.2,65.7,5.1,5.1,0,0,0,56061,7560,8302,10620,0,8301,130732,2692,9957,234225,43902,10277,0,192300,0,8,506554,220654,2697,2945,0,0,1070751854,840714991,1133471,231170334,3661765,236775733,-1943634,5615889,6014663,0,0,-2342408,294827011,56177132,719747711,369531533,42550596,54358628,15706828,0,17491741,281286893,4674298,17295885,802896402,68159992,9447707,7681028,9540903,0,8663667,152295688,2567219,9499248,267855452,372800838,43170117,50231511,22184920,0,0,8755870,304676056,24695475,0,7241517,0,6958687,0,0,0,1133471,64890687,8828186,11808145,3062811,0,10440851,130039996,0,2099658,0,4397930,0,146755,0,0,50304440,15333887,88511595,0,390346,133005,0,37281778,6956636,26726574,11137472,77538411,43017794,6503181,9898709,38977763,40020875,10581080,1211463,1746756,2992738,4286963,36470302,2528652,71065761,12243917,14226580,0,136535212,46654954,0,74691482,15188776,136535212,1064994,182537905,-150801827,105404746,99637325,214158230,143092469,4434045,184234,70940015,75558294,866812,0,0,1050,379,1893215,410089,2303304,329,0,78972,493276,602518,19463,165507,160153,231142,22260,96119,23805,639054,134799,646894,1573,355308,0,115587,0,792861,164703,770657,1897,423312,0,149874,0,2005
106070988,john muir medical center-walnut creek,1/1/2005,12/31/2005,365,audited,incl. ind. audit,contra costa,05,0411,non-profit,general,comparable,,(925)939-3000,1601 ygnacio valley road,walnut creek,94598-3122,j. kendall anderson,president/ceo,www.johnmuirhealth.com,john muir/mt. diablo health system,macro linsao,john muir/mt diablo health system,2,05-0180,,zzr00180f,324,324,277,42907,0,4190,1881,432,5897,36024,0,2435,93766,7648,0,369,295,158,1375,7663,0,465,17973,306,0,0,18,0,0,87916,0,0,5850,0,0,17450,0,0,523,0,0,79.3,79.3,5.2,5.2,19,5995,2593,88836,0,2184,259,0,40151,133391,0,4835,269656,59276,27193,63140,132227,0,11,1924765,261349,9664,14627,2050,932,1726835711,1247025622,2196269,482006358,46550973,468221932,60335399,11131571,683592,0,1820461,68962917,531406274,103307420,1092122017,570611269,0,57268023,5233714,6042726,72215772,643707077,0,48623875,1403702456,104941612,0,3594359,802225,0,14629275,184995550,0,14170234,323133255,523230150,0,44352462,4053623,0,4680206,67263360,500671989,30144838,0,8361276,0,64267718,0,0,0,2196269,152322731,0,16509920,1982316,15,11630070,271299018,0,28262288,0,-58320856,0,8900810,0,0,97508170,31911927,182717924,0,0,490392,0,57686220,41463978,36539129,19904192,144138541,78932436,10869275,20023942,72140764,99937311,18782912,6760451,3060546,3160064,10415690,101451911,25232548,115813198,30624159,12096529,1332319,286550664,104384716,0,67578801,114587147,286550664,15659386,294770772,-213703170,143158287,131652839,298590450,182777252,1397736,0,64294541,70087932,2509131,0,0,2180,680,3974046,786773,4760819,1135,0,278522,1171655,1144612,17358,253371,530541,213987,137665,139012,87323,1182013,376222,1689101,8096,541237,9542,167835,0,1426725,438708,2028459,9113,631266,11024,215524,0,2005
106301132,kaiser fdn hosp - anaheim,1/1/2005,12/31/2005,365,in process,excl. ind. audit,orange,13,1011,non-profit,general,kaiser,,(714)281-8645,441 lakeview avenue,anaheim,92807,george c. halvorson,chairman,www.kp.org,kaiser foundation hospitals,debbie lindsey,kaiser permanente-regional office,0,05-0609,,zzt30609g,200,176,153,1664,15146,37,1496,8,141,27041,0,925,46458,358,3458,14,377,5,35,8202,0,257,12706,200,0,0,0,0,0,46458,0,0,0,0,0,12706,0,0,0,0,0,63.6,72.3,3.7,3.7,14,3910,2374,596,6167,0,946,0,837,26103,0,389,35038,5931,0,30301,0,0,11,582844,393371,4271,4737,2337,897,0,0,0,0,0,0,0,0,0,0,0,0,0,0,0,0,0,0,0,0,0,0,0,0,0,0,0,0,0,0,0,0,0,0,0,0,0,0,0,0,0,0,0,0,0,0,0,0,0,0,0,0,0,0,0,0,0,0,0,0,0,0,0,0,0,0,0,34215411,23588524,77815914,0,0,0,510904,25436640,0,44414243,14847105,0,0,4299885,0,0,0,0,0,0,826981,56,0,0,0,0,0,0,0,0,0,0,0,0,0,0,0,0,0,0,0,0,0,0,0,0,0,0,807,310,1463132,242896,1706028,1057,29,0,0,553920,8727,81607,0,0,790738,28140,0,769673,0,0,15164,395166,14183,268946,0,909887,0,0,17148,450535,15998,312460,0,2005
106196035,kaiser fdn hosp - baldwin park,1/1/2005,12/31/2005,365,in process,excl. ind. audit,los angeles,11,0915,non-profit,general,kaiser,,(626)851-1011,1011 baldwin park blvd,baldwin park,91706,george c. halvorson,chairman,www.kp.org,kaiser foundation hospitals,debbie lindsey,kaiser permanente-regional office,0,05-0723,,hsp30723f,269,207,140,335,17285,582,598,18,202,26277,0,986,46283,108,4784,188,191,6,40,8636,0,276,14229,269,0,0,0,0,0,46283,0,0,0,0,0,14229,0,0,0,0,0,47.1,61.3,3.3,3.3,41,4313,2578,81,1946,81,40,0,162,5797,0,0,8107,7708,0,0,0,0,11,325825,643866,2427,8107,0,0,0,0,0,0,0,0,0,0,0,0,0,0,0,0,0,0,0,0,0,0,0,0,0,0,0,0,0,0,0,0,0,0,0,0,0,0,0,0,0,0,0,0,0,0,0,0,0,0,0,0,0,0,0,0,0,0,0,0,0,0,0,0,0,0,0,0,0,27598864,30721608,70297179,0,0,0,0,53969979,0,40280052,14670488,0,0,4067239,0,0,0,0,0,0,710079,56,0,0,0,0,0,0,0,0,0,0,0,0,0,0,0,0,0,0,0,0,0,0,0,0,0,0,868,274,1520668,285624,1806292,747,1,0,0,486103,42581,41000,0,0,950984,0,0,660951,0,0,4654,571637,30290,253136,0,805844,0,0,4662,663122,34486,298178,0,2005
106190430,kaiser fdn hosp - bellflower,1/1/2005,12/31/2005,365,in process,excl. ind. audit,los angeles,11,0921,non-profit,general,kaiser,,(310)803-2121,9400 east rosecrans avenue,bellflower,90706,george c. halvorson,chairman,www.kp.org,kaiser foundation hospitals,debbie lindsey,kaiser permanente-regional office,0,05-0139,,zzt30139f,352,334,214,358,24542,1345,2023,5,88,38612,0,2294,69267,98,6434,417,559,1,34,11020,0,537,19100,352,0,0,0,0,0,69267,0,0,0,0,0,19100,0,0,0,0,0,53.9,56.8,3.6,3.6,0,4549,2680,1384,2259,196,0,0,0,7367,0,67797,79003,13468,0,69181,0,0,14,625319,867409,4784,9822,0,0,0,0,0,0,0,0,0,0,0,0,0,0,0,0,0,0,0,0,0,0,0,0,0,0,0,0,0,0,0,0,0,0,0,0,0,0,0,0,0,0,0,0,0,0,0,0,0,0,0,0,0,0,0,0,0,0,0,0,0,0,0,0,0,0,0,0,0,51315822,55841975,97163495,0,0,0,312263,66373054,0,57668233,13602699,0,0,4716149,0,0,0,0,0,0,1197936,56,0,0,0,0,0,0,0,0,0,0,0,0,0,0,0,0,0,0,0,0,0,0,0,0,0,0,1192,444,2093145,386330,2479475,1082,7,0,0,760890,57506,105816,0,0,1168933,0,0,1154784,0,0,4326,652139,38354,243542,0,1389793,0,0,4581,753210,44196,287695,0,2005
106361223,kaiser fdn hosp - fontana,1/1/2005,12/31/2005,365,in process,excl. ind. audit,san bernardino,12,1209,non-profit,general,kaiser,,(909)427-5015,9961 sierra avenue,fontana,92335,george c. halvorson,chairman,www.kp.org,kaiser foundation hospitals,debbie lindsey,kaiser permanente-regional office,0,05-0140,,zzt30140f,1172,440,307,587,50262,2424,2099,511,2856,61788,0,4165,124692,126,9056,614,560,208,340,15521,0,972,27397,404,0,0,768,0,0,124692,0,0,0,0,0,27397,0,0,0,0,0,29.1,77.59999999999999,4.6,4.6,22,5006,3200,1558,6454,58,14,0,23,2493,0,33909,44509,13811,0,35105,0,0,30,845936,826668,5671,9404,0,0,0,0,0,0,0,0,0,0,0,0,0,0,0,0,0,0,0,0,0,0,0,0,0,0,0,0,0,0,0,0,0,0,0,0,0,0,0,0,0,0,0,0,0,0,0,0,0,0,0,0,0,0,0,0,0,0,0,0,0,0,0,0,0,0,0,0,0,80008103,37736281,102173245,0,0,0,2367657,86795811,0,87503089,32593698,0,0,6104728,0,0,0,0,0,0,1808346,56,0,0,0,0,0,0,0,0,0,0,0,0,0,0,0,0,0,0,0,0,0,0,0,0,0,0,1656,617,2920931,556228,3477159,903,30,0,0,1027476,47949,207821,0,0,1606006,31679,0,1503106,0,0,76705,853313,35097,452710,0,1797847,0,0,87649,1014384,39902,537377,0,2005
106104062,kaiser fdn hosp - fresno,1/1/2005,12/31/2005,365,in process,excl. ind. audit,fresno,09,0605,non-profit,general,kaiser,,(510)987-3380,7300 north fresno street,fresno,93720,george c. halvorson,chairman,www.kp.org,kaiser foundation hospitals,debbie lindsey,kaiser permanente-regional office,0,05-0710,,hsp3071of,165,165,108,1466,20772,16,3,0,152,13811,0,495,36715,312,4436,5,3,0,39,4020,0,81,8896,165,0,0,0,0,0,36715,0,0,0,0,0,8896,0,0,0,0,0,61,61,4.1,4.1,0,1936,1034,575,0,0,0,0,0,19606,0,0,20181,25903,0,0,0,0,8,359106,332083,0,0,0,0,0,0,0,0,0,0,0,0,0,0,0,0,0,0,0,0,0,0,0,0,0,0,0,0,0,0,0,0,0,0,0,0,0,0,0,0,0,0,0,0,0,0,0,0,0,0,0,0,0,0,0,0,0,0,0,0,0,0,0,0,0,0,0,0,0,0,0,52043461,14630223,62987775,0,0,0,0,15994353,0,60141995,4400112,0,0,1787762,0,0,0,0,0,1011255,131570,56,0,0,0,0,0,0,0,0,0,0,0,0,0,0,0,0,0,0,0,0,0,0,0,0,0,0,537,168,1392190,135383,1527573,399,2,0,0,290180,21258,37525,0,0,632829,25232,385166,874939,0,0,0,315257,0,201994,0,943189,0,0,0,354616,0,229768,0,2005
106380857,kaiser fdn hosp - geary (s.f.),1/1/2005,12/31/2005,365,in process,excl. ind. audit,san francisco,04,0423,non-profit,general,kaiser,,(510)987-3380,2425 geary boulevard,san francisco,94115,george c. halvorson,chairman,www.kp.org,kaiser foundation hospitals,debbie lindsey,kaiser permanente-regional office,0,05-0076,,zzr00076f,247,247,217,5655,28730,173,172,11,221,34555,0,1174,70691,886,5435,41,47,3,50,8608,0,284,15354,247,0,0,0,0,0,70691,0,0,0,0,0,15354,0,0,0,0,0,78.40000000000001,78.40000000000001,4.6,4.6,22,3583,1713,8067,42510,0,0,0,0,25456,0,0,76033,48481,0,33208,0,0,13,755034,401213,0,0,0,0,0,0,0,0,0,0,0,0,0,0,0,0,0,0,0,0,0,0,0,0,0,0,0,0,0,0,0,0,0,0,0,0,0,0,0,0,0,0,0,0,0,0,0,0,0,0,0,0,0,0,0,0,0,0,0,0,0,0,0,0,0,0,0,0,0,0,0,62915346,22330871,143309821,0,0,0,4802968,34554839,0,98224066,9080719,0,0,1761334,0,0,0,0,0,1420629,1350574,56,0,0,0,0,0,0,0,0,0,0,0,0,0,0,0,0,0,0,0,0,0,0,0,0,0,0,994,387,2527671,277316,2804987,804,45,0,0,660581,27014,118359,0,0,984975,20417,716325,1678150,0,0,0,556466,0,293055,0,1825889,0,0,0,639121,0,339977,0,2005
106190431,kaiser fdn hosp - harbor city,1/1/2005,12/31/2005,365,in process,excl. ind. audit,los angeles,11,0933,non-profit,general,kaiser,,(310)517-5279,25825 south vermont avenue,harbor city,90710,george c. halvorson,chairman,www.kp.org,kaiser foundation hospitals,debbie lindsey,kaiser permanente-regional office,0,05-0411,,zzt30411f,275,275,196,475,21701,695,1237,0,170,25130,0,941,50349,121,5074,215,343,0,45,7090,0,279,13167,255,0,20,0,0,0,47813,0,2536,0,0,0,12430,0,737,0,0,0,50.2,50.2,3.8,3.8,0,2620,1360,33,1520,51,21,0,0,3294,0,148,5067,11021,0,0,0,0,7,492807,411224,3402,5067,0,0,0,0,0,0,0,0,0,0,0,0,0,0,0,0,0,0,0,0,0,0,0,0,0,0,0,0,0,0,0,0,0,0,0,0,0,0,0,0,0,0,0,0,0,0,0,0,0,0,0,0,0,0,0,0,0,0,0,0,0,0,0,0,0,0,0,0,0,33285839,24251012,68401654,0,0,0,368125,37142475,0,40362122,17911851,0,0,1935950,0,0,0,0,0,0,732687,56,0,0,0,0,0,0,0,0,0,0,0,0,0,0,0,0,0,0,0,0,0,0,0,0,0,0,815,266,1425183,269400,1694583,76,7,0,0,435344,30796,87447,0,0,871596,0,0,665906,0,0,2957,481520,30623,244177,0,809212,0,0,2957,558030,35233,289151,0,2005
106010858,kaiser fdn hosp - hayward,1/1/2005,12/31/2005,365,in process,excl. ind. audit,alameda,05,0421,non-profit,general,kaiser,,(510)987-3380,27400 hesperian boulevard,hayward,94545,george c. halvorson,chairman,www.kp.org,kaiser foundation hospitals,debbie lindsey,kaiser permanente-regional office,0,,,zzr00512f,328,326,155,4748,31616,116,797,0,275,35249,0,630,73431,870,6680,31,257,0,68,10431,0,185,18522,328,0,0,0,0,0,73431,0,0,0,0,0,18522,0,0,0,0,0,61.3,61.7,4,4,0,3954,2493,60458,3527,0,0,0,0,20667,0,0,84652,77867,0,18425,0,0,10,598865,718787,0,0,0,0,0,0,0,0,0,0,0,0,0,0,0,0,0,0,0,0,0,0,0,0,0,0,0,0,0,0,0,0,0,0,0,0,0,0,0,0,0,0,0,0,0,0,0,0,0,0,0,0,0,0,0,0,0,0,0,0,0,0,0,0,0,0,0,0,0,0,0,69875704,39451937,115219888,0,0,0,229502,34280421,0,128453303,12900530,0,0,1941955,0,0,0,0,0,2208918,1854000,56,0,0,0,0,0,0,0,0,0,0,0,0,0,0,0,0,0,0,0,0,0,0,0,0,0,0,1178,393,3043390,325416,3368806,719,0,0,0,667929,24568,123929,0,0,1309005,31577,886382,1914602,0,0,0,734943,0,393845,0,2072129,0,0,0,842720,0,453957,0,2005
106010856,kaiser fdn hosp - oakland campus,1/1/2005,12/31/2005,365,in process,excl. ind. audit,alameda,05,0417,non-profit,general,kaiser,,(510)987-3380,280 west mac arthur boulevard,oakland,94611,george c. halvorson,chairman,www.kp.org,kaiser foundation hospitals,mark luders,kaiser permanente-regional office,0,05-0075,,zzr00075f,396,396,231,7870,35833,752,523,0,1170,43574,6,3399,93127,1487,6860,134,147,0,168,11206,2,822,20826,396,0,0,0,0,0,93127,0,0,0,0,0,20826,0,0,0,0,0,64.40000000000001,64.40000000000001,4.5,4.5,0,2830,1412,8243,27994,0,0,0,0,38227,0,0,74464,68584,0,18526,0,0,16,1047675,668505,0,0,0,0,0,0,0,0,0,0,0,0,0,0,0,0,0,0,0,0,0,0,0,0,0,0,0,0,0,0,0,0,0,0,0,0,0,0,0,0,0,0,0,0,0,0,0,0,0,0,0,0,0,0,0,0,0,0,0,0,0,0,0,0,0,0,0,0,0,0,0,84081371,42154195,163000881,0,0,0,7455362,44971031,0,178255668,13168982,0,0,2925668,0,0,0,0,0,2149072,3826760,0,0,0,0,0,0,0,0,0,0,0,0,0,0,0,0,0,0,0,0,0,0,0,0,0,0,0,1331,446,3551590,344569,3896159,1027,45,0,0,793662,34012,100304,0,0,1494941,71550,1057121,2324850,0,0,0,834018,0,392722,0,2490398,0,0,0,959402,0,446359,0,2005
106190432,kaiser fdn hosp - panorama city,1/1/2005,12/31/2005,365,in process,excl. ind. audit,los angeles,11,0905,non-profit,general,kaiser,,(818)375-2295,13652 cantara street,panorama city,91402,george c. halvorson,chairman,www.kp.org,kaiser foundation hospitals,debbie lindsey,kaiser permanente-regional office,0,05-0137,,zzt30137f,262,262,126,626,20832,457,982,11,92,19467,0,1608,44075,190,5343,183,254,2,35,6501,0,579,13087,262,0,0,0,0,0,44075,0,0,0,0,0,13087,0,0,0,0,0,46.1,46.1,3.4,3.4,15,2404,1294,3183,7643,41,11,0,46,2363,0,44484,57771,6945,0,51106,0,0,8,494478,464028,3676,6665,0,0,0,0,0,0,0,0,0,0,0,0,0,0,0,0,0,0,0,0,0,0,0,0,0,0,0,0,0,0,0,0,0,0,0,0,0,0,0,0,0,0,0,0,0,0,0,0,0,0,0,0,0,0,0,0,0,0,0,0,0,0,0,0,0,0,0,0,0,32318780,39114833,62169532,0,0,0,59207,57904325,0,44205485,16088881,0,0,7251848,0,0,0,0,0,0,786843,56,0,0,0,0,0,0,0,0,0,0,0,0,0,0,0,0,0,0,0,0,0,0,0,0,0,0,852,287,1520687,286022,1806709,887,2,0,0,492949,28258,75819,0,0,889609,34052,0,716628,0,0,17257,578070,11407,197325,0,846949,0,0,19494,680449,13209,246608,0,2005
106410804,kaiser fdn hosp - redwood city,1/1/2005,12/31/2005,365,in process,excl. ind. audit,san mateo,04,0428,non-profit,general,kaiser,,(510)987-3380,1150 veterans blvd,redwood city,94063,george c. halvorson,chairman,www.kp.org,kaiser foundation hospitals,debbie lindsey,kaiser permanente-regional office,0,05-0541,,zzr00541f,213,192,119,2667,16304,119,102,0,213,15046,0,453,34904,367,3292,26,26,0,51,4695,0,135,8592,213,0,0,0,0,0,34904,0,0,0,0,0,8592,0,0,0,0,0,44.9,49.8,4.1,4.1,0,2110,1153,1224,0,0,0,0,0,19182,0,0,20406,24649,0,0,0,0,8,491995,294850,0,0,0,0,0,0,0,0,0,0,0,0,0,0,0,0,0,0,0,0,0,0,0,0,0,0,0,0,0,0,0,0,0,0,0,0,0,0,0,0,0,0,0,0,0,0,0,0,0,0,0,0,0,0,0,0,0,0,0,0,0,0,0,0,0,0,0,0,0,0,0,32205163,10353195,59533839,0,0,0,69536,15698474,0,57635865,2950824,0,0,742742,0,0,0,0,0,815089,32672,56,0,0,0,0,0,0,0,0,0,0,0,0,0,0,0,0,0,0,0,0,0,0,0,0,0,0,509,189,1607606,146299,1753905,499,0,0,0,291387,46721,54898,0,0,519052,26554,668994,1166725,0,0,0,276599,0,164282,0,1242691,0,0,0,317813,0,193401,0,2005
106334025,kaiser fdn hosp - riverside,1/1/2005,12/31/2005,365,in process,excl. ind. audit,riverside,12,1111,non-profit,general,kaiser,,(909)353-3091,10800 magnolia ave,riverside,92505,george c. halvorson,chairman,www.kp.org,kaiser foundation hospitals,debbie lindsey,kaiser permanente-regional office,0,05-0686,,zzt30686f,215,215,145,284,23026,740,807,435,130,27596,0,1874,54892,65,5389,171,267,219,41,9301,0,479,15932,215,0,0,0,0,0,54892,0,0,0,0,0,15932,0,0,0,0,0,69.90000000000001,69.90000000000001,3.4,3.4,0,4183,2713,432,1761,67,13,2,61,983,0,23551,26870,6987,0,20197,0,0,14,452725,506827,3235,6673,0,0,0,0,0,0,0,0,0,0,0,0,0,0,0,0,0,0,0,0,0,0,0,0,0,0,0,0,0,0,0,0,0,0,0,0,0,0,0,0,0,0,0,0,0,0,0,0,0,0,0,0,0,0,0,0,0,0,0,0,0,0,0,0,0,0,0,0,0,41839120,20018539,59081944,0,0,0,883783,63131299,0,44822659,16205789,0,0,3716600,0,0,0,0,0,0,964530,56,0,0,0,0,0,0,0,0,0,0,0,0,0,0,0,0,0,0,0,0,0,0,0,0,0,0,981,358,1725201,324548,2049749,594,19,0,0,652794,24574,67346,0,0,971518,8969,0,835593,0,0,59998,582376,16299,230935,0,1008614,0,0,67062,684270,18162,271641,0,2005
106340913,kaiser fdn hosp - sacramento/roseville,1/1/2005,12/31/2005,365,in process,excl. ind. audit,sacramento,02,0311,non-profit,general,kaiser,,(510)987-3380,2025 morse avenue,sacramento,95825,george c. halvorson,chairman,www.kp.org,kaiser foundation hospitals,debbie lindsey,kaiser permanente-regional office,0,05-0425,,zzr00425f,499,499,411,9767,48825,844,2452,1,552,61193,0,2539,126173,2127,10764,207,639,1,134,15276,0,528,29676,499,0,0,0,0,0,126173,0,0,0,0,0,29676,0,0,0,0,0,69.3,69.3,4.3,4.3,0,4771,2871,14290,69247,0,0,0,0,46140,0,0,129677,87030,0,63115,0,0,27,1458041,1323950,0,0,0,0,0,0,0,0,0,0,0,0,0,0,0,0,0,0,0,0,0,0,0,0,0,0,0,0,0,0,0,0,0,0,0,0,0,0,0,0,0,0,0,0,0,0,0,0,0,0,0,0,0,0,0,0,0,0,0,0,0,0,0,0,0,0,0,0,0,0,0,119807822,64165573,222843246,0,0,0,1710053,47265298,0,224153911,19097488,0,0,9193569,0,0,0,0,0,3757954,4231027,56,0,0,0,0,0,0,0,0,0,0,0,0,0,0,0,0,0,0,0,0,0,0,0,0,0,0,1920,750,5204646,529130,5733776,1094,28,0,0,1158543,100399,300636,0,0,1904816,18418,1721834,3562387,0,0,0,1062366,0,579893,0,3849290,0,0,0,1208118,0,676368,0,2005
106370730,kaiser fdn hosp - san diego,1/1/2005,12/31/2005,365,in process,excl. ind. audit,san diego,14,1416,non-profit,general,kaiser,,(619)528-3173,4647 zion avenue,san diego,92120,george c. halvorson,chairman,www.kp.org,kaiser foundation hospitals,debbie lindsey,kaiser permanente-regional office,0,05-0515,,zzt30515f,392,392,368,1318,52199,1080,1978,0,262,50896,0,1382,109115,268,11459,191,490,0,89,14122,0,346,26965,392,0,0,0,0,0,109115,0,0,0,0,0,26965,0,0,0,0,0,76.3,76.3,4,4,32,4647,2752,1869,7881,160,43,0,294,7458,0,35543,53248,19082,0,37278,0,0,18,1012645,1244755,6813,15970,0,0,0,0,0,0,0,0,0,0,0,0,0,0,0,0,0,0,0,0,0,0,0,0,0,0,0,0,0,0,0,0,0,0,0,0,0,0,0,0,0,0,0,0,0,0,0,0,0,0,0,0,0,0,0,0,0,0,0,0,0,0,0,0,0,0,0,0,0,73781532,50854823,129331713,0,0,0,977828,83958155,0,93679952,28216553,0,0,14245045,0,0,0,0,0,0,1907696,56,0,0,0,0,0,0,0,0,0,0,0,0,0,0,0,0,0,0,0,0,0,0,0,0,0,0,1549,484,2926970,493805,3420775,1234,19,0,0,970984,3146,33494,0,0,1721519,139839,57988,1524905,0,0,28779,900807,39345,433134,0,1769295,0,0,32137,1049249,43729,526365,0,2005
106210992,kaiser fdn hosp - san rafael,1/1/2005,12/31/2005,365,in process,excl. ind. audit,marin,04,0405,non-profit,general,kaiser,,(510)987-3380,99 montecillo road,san rafael,94903,george c. halvorson,chairman,www.kp.org,kaiser foundation hospitals,debbie lindsey,kaiser permanente-regional office,0,05-0510,,zzr00510f,120,120,80,2023,16096,205,79,0,163,8117,1,268,26952,442,3646,62,24,0,41,2203,1,73,6492,120,0,0,0,0,0,26952,0,0,0,0,0,6492,0,0,0,0,0,61.5,61.5,4.2,4.2,0,0,0,2345,14866,0,0,0,0,9705,0,0,26916,23541,0,8182,0,0,6,288718,256315,0,0,0,0,0,0,0,0,0,0,0,0,0,0,0,0,0,0,0,0,0,0,0,0,0,0,0,0,0,0,0,0,0,0,0,0,0,0,0,0,0,0,0,0,0,0,0,0,0,0,0,0,0,0,0,0,0,0,0,0,0,0,0,0,0,0,0,0,0,0,0,24310005,11832433,46465546,0,0,0,0,11250442,0,55635644,3939378,0,0,2023443,0,0,0,0,0,903162,474818,56,0,0,0,0,0,0,0,0,0,0,0,0,0,0,0,0,0,0,0,0,0,0,0,0,0,0,525,140,1120179,398778,1518957,423,0,0,0,222858,9012,58706,0,0,403017,51739,374847,782402,0,0,0,208159,0,129618,0,1130927,0,0,0,240666,0,147364,0,2005
106430805,kaiser fdn hosp - santa clara,1/1/2005,12/31/2005,365,in process,excl. ind. audit,santa clara,07,0429,non-profit,general,kaiser,,(510)987-3380,900 kiely boulevard,santa clara,95051,george c. halvorson,chairman,www.kp.org,kaiser foundation hospitals,debbie lindsey,,0,05-0071,,zzr00071f,286,280,224,3902,31470,553,120,8,371,40693,0,1517,78634,777,6262,44,40,2,71,10166,0,217,17579,286,0,0,0,0,0,78634,0,0,0,0,0,17579,0,0,0,0,0,75.3,76.90000000000001,4.5,4.5,0,4861,2610,5585,39133,0,0,0,0,27537,0,0,72255,38082,0,44026,0,0,18,633013,819104,0,0,0,0,0,0,0,0,0,0,0,0,0,0,0,0,0,0,0,0,0,0,0,0,0,0,0,0,0,0,0,0,0,0,0,0,0,0,0,0,0,0,0,0,0,0,0,0,0,0,0,0,0,0,0,0,0,0,0,0,0,0,0,0,0,0,0,0,0,0,0,73552651,29117524,117454037,0,0,0,6196699,27053573,0,121772949,13207064,0,0,4281762,0,0,0,0,0,2336790,4517701,56,0,0,0,0,0,0,0,0,0,0,0,0,0,0,0,0,0,0,0,0,0,0,0,0,0,0,1067,429,2514642,273553,2788195,807,36,0,0,701748,65419,125827,0,0,1053112,20738,547798,1675099,0,0,0,524351,0,315192,0,1836664,0,0,0,589004,0,362527,0,2005
106494019,kaiser fdn hosp - santa rosa,1/1/2005,12/31/2005,365,in process,excl. ind. audit,sonoma,03,0401,non-profit,general,kaiser,,(510)987-3380,401 bicentennial way,santa rosa,95403,george c. halvorson,chairman,www.kp.org,kaiser foundation hospitals,debbie lindsey,kaiser permanente-regional office,0,05-0690,,hsp3069of,117,117,108,4188,12006,748,228,0,3099,5362,0,367,25998,988,2822,248,72,0,1005,1996,0,84,7215,117,0,0,0,0,0,25998,0,0,0,0,0,7215,0,0,0,0,0,60.9,60.9,3.6,3.6,0,2077,1214,1544,18004,0,0,0,0,15769,0,0,35317,29830,0,10431,0,0,6,229279,366942,0,0,0,0,0,0,0,0,0,0,0,0,0,0,0,0,0,0,0,0,0,0,0,0,0,0,0,0,0,0,0,0,0,0,0,0,0,0,0,0,0,0,0,0,0,0,0,0,0,0,0,0,0,0,0,0,0,0,0,0,0,0,0,0,0,0,0,0,0,0,0,27612265,14760016,58246890,0,0,0,38147,12421048,0,46782179,3529253,9891,0,1264688,0,0,0,0,0,1030861,123326,56,0,0,0,0,0,0,0,0,0,0,0,0,0,0,0,0,0,0,0,0,0,0,0,0,0,0,454,169,1260150,121909,1382059,338,0,0,0,284068,9135,57482,0,0,470708,19605,419152,836680,0,0,0,247870,0,175600,0,895751,0,0,0,286150,0,200158,0,2005
106431506,kaiser fdn hosp - santa teresa comm hosp,1/1/2005,12/31/2005,365,in process,excl. ind. audit,santa clara,07,0431,non-profit,general,kaiser,,(510)987-3380,250 hospital parkway,san jose,95119,george c. halvorson,chairman,www.kp.org,kaiser foundation hospitals,debbie lindsey,kaiser permanente-regional office,0,05-0604,,zzr00604g,206,228,163,3955,24117,299,464,10,412,29297,16,834,59404,769,4711,75,87,3,84,8835,1,197,14762,206,0,0,0,0,0,59404,0,0,0,0,0,14762,0,0,0,0,0,79,71.40000000000001,4,4,0,3643,2030,713,0,0,0,0,0,17110,0,0,17823,25055,0,0,0,0,12,501533,450327,0,0,0,0,0,0,0,0,0,0,0,0,0,0,0,0,0,0,0,0,0,0,0,0,0,0,0,0,0,0,0,0,0,0,0,0,0,0,0,0,0,0,0,0,0,0,0,0,0,0,0,0,0,0,0,0,0,0,0,0,0,0,0,0,0,0,0,0,0,0,0,51163063,13956580,105928217,0,0,0,0,20254876,0,91070277,7757345,0,0,1191516,0,0,0,0,0,1630933,1427595,56,0,0,0,0,0,0,0,0,0,0,0,0,0,0,0,0,0,0,0,0,0,0,0,0,0,0,754,261,2120603,184676,2305279,619,0,0,0,395647,61670,84928,0,0,842331,110951,625076,1476197,0,0,0,389370,0,255036,0,1571820,0,0,0,443319,0,290140,0,2005
106342344,kaiser fdn hosp - south sacramento,1/1/2005,12/31/2005,365,in process,excl. ind. audit,sacramento,02,0311,non-profit,general,kaiser,,(510)987-3380,6600 bruceville road,sacramento,95823,george c. halvorson,chairman,www.kp.org,kaiser foundation hospitals,debbie lindsey,kaiser permanente-regional office,0,05-0674,,hsp30674f,162,162,153,3825,8814,628,1401,9,4602,1955,5,906,22145,663,143,155,430,1,2816,1872,2,257,6339,162,0,0,0,0,0,22145,0,0,0,0,0,6339,0,0,0,0,0,37.5,37.5,3.5,3.5,0,4194,2874,2741,0,0,0,0,0,51436,0,0,54177,59733,0,0,0,0,10,339945,519846,0,0,0,0,0,0,0,0,0,0,0,0,0,0,0,0,0,0,0,0,0,0,0,0,0,0,0,0,0,0,0,0,0,0,0,0,0,0,0,0,0,0,0,0,0,0,0,0,0,0,0,0,0,0,0,0,0,0,0,0,0,0,0,0,0,0,0,0,0,0,0,38797739,21786421,80624297,0,0,0,1445069,17437632,0,64040329,7636773,820286,0,4021768,0,0,0,0,0,1586953,161375,56,0,0,0,0,0,0,0,0,0,0,0,0,0,0,0,0,0,0,0,0,0,0,0,0,0,0,671,242,1624493,182659,1807152,598,11,0,0,362405,40593,99768,0,0,710951,7823,402953,1009935,0,0,0,381575,0,232983,0,1104436,0,0,0,435178,0,267538,0,2005
106410806,kaiser fdn hosp - south san francisco,1/1/2005,12/31/2005,365,in process,excl. ind. audit,san mateo,04,0425,non-profit,general,kaiser,,(510)987-3380,1200 el camino real,south san francisco,94080,george c. halvorson,chairman,www.kp.org,kaiser foundation hospitals,debbie lindsey,kaiser permanente-regional office,0,,,zzr00070f,120,120,72,3350,18270,138,92,0,298,10439,21,605,33213,639,3708,36,9,0,88,2753,3,187,7423,120,0,0,0,0,0,33213,0,0,0,0,0,7423,0,0,0,0,0,75.8,75.8,4.5,4.5,0,0,0,957,0,0,0,0,0,28214,0,0,29171,35150,0,0,0,0,7,311599,250347,0,0,0,0,0,0,0,0,0,0,0,0,0,0,0,0,0,0,0,0,0,0,0,0,0,0,0,0,0,0,0,0,0,0,0,0,0,0,0,0,0,0,0,0,0,0,0,0,0,0,0,0,0,0,0,0,0,0,0,0,0,0,0,0,0,0,0,0,0,0,0,27099989,11702148,47113562,0,0,0,0,14146350,0,66200041,5225065,0,0,906922,0,0,0,0,0,874606,1746644,56,0,0,0,0,0,0,0,0,0,0,0,0,0,0,0,0,0,0,0,0,0,0,0,0,0,0,428,135,1139941,104606,1244547,446,0,0,0,267471,8362,5121,0,0,504408,27361,327218,773089,0,0,0,227973,0,138879,0,825636,0,0,0,260527,0,158384,0,2005
106190429,kaiser fdn hosp - sunset,1/1/2005,12/31/2005,365,in process,excl. ind. audit,los angeles,11,0925,non-profit,general,kaiser,,(213)667-4867,4867 sunset blvd.,los angeles,90027,george c. halvorson,chairman,www.kp.org,kaiser foundation hospitals,mark luders,kaiser permanente-regional office,0,05-0138,,zzt30138f,507,505,306,712,44823,1433,2189,39,147,54630,0,2659,106632,126,7378,284,501,6,46,12280,0,656,21277,439,68,0,0,0,0,106632,0,0,0,0,0,21277,0,0,0,0,0,57.6,57.8,5,5,16,2845,1538,2489,8333,1148,18,0,18,3181,0,46862,62049,8731,0,53754,0,0,25,1667566,658961,8783,8295,1632,617,0,0,0,0,0,0,0,0,0,0,0,0,0,0,0,0,0,0,0,0,0,0,0,0,0,0,0,0,0,0,0,0,0,0,0,0,0,0,0,0,0,0,0,0,0,0,0,0,0,0,0,0,0,0,0,0,0,0,0,0,0,0,0,0,0,0,0,116749364,42124588,145326177,0,0,0,8946983,52648244,0,91550783,34128091,0,0,7988044,0,0,0,0,0,0,2165655,0,0,0,0,0,0,0,0,0,0,0,0,0,0,0,0,0,0,0,0,0,0,0,0,0,0,0,1906,770,3432315,585162,4017477,1293,197,0,0,1353333,51508,196117,0,0,1778294,53063,0,1937425,0,0,381850,839990,53628,219422,0,2311339,0,0,418135,962403,61545,264055,0,2005
106070990,kaiser fdn hosp - walnut creek,1/1/2005,12/31/2005,365,in process,excl. ind. audit,contra costa,05,0411,non-profit,general,kaiser,,(510)987-3380,1425 south main street,walnut creek,94596,george c. halvorson,chairman,www.kp.org,kaiser foundation hospitals,debbie lindsey,kaiser permanente-regional office,0,05-0072,,zzr00072f,284,284,214,10752,30651,194,589,2,7512,20813,0,460,70973,1718,5710,32,158,1,1969,7844,0,99,17531,284,0,0,0,0,0,70973,0,0,0,0,0,17531,0,0,0,0,0,68.5,68.5,4,4,0,5317,3203,3400,21399,0,0,0,0,43529,0,0,68328,43890,0,33966,0,0,19,856865,729790,0,0,0,0,0,0,0,0,0,0,0,0,0,0,0,0,0,0,0,0,0,0,0,0,0,0,0,0,0,0,0,0,0,0,0,0,0,0,0,0,0,0,0,0,0,0,0,0,0,0,0,0,0,0,0,0,0,0,0,0,0,0,0,0,0,0,0,0,0,0,0,73748503,45200177,129308759,0,0,0,322052,37076537,0,142432671,13697467,0,0,3799525,0,0,0,0,0,2999084,2654491,56,0,0,0,0,0,0,0,0,0,0,0,0,0,0,0,0,0,0,0,0,0,0,0,0,0,0,1198,398,2933188,338768,3271956,898,5,0,0,720187,25736,81689,0,0,1325072,10808,769696,1787114,0,0,0,635694,0,510380,0,1948204,0,0,0,736835,0,586917,0,2005
106190434,kaiser fdn hosp - west la,1/1/2005,12/31/2005,365,in process,excl. ind. audit,los angeles,11,0927,non-profit,general,kaiser,,(213)857-2135,6041 cadillac avenue,los angeles,90034,george c. halvorson,chairman,www.kp.org,kaiser foundation hospitals,debbie lindsey,kaiser permanente-regional office,0,05-0561,,zzt31414f,293,265,143,530,20790,647,1055,0,76,17760,0,949,41807,133,4775,221,307,0,27,5203,0,337,11003,293,0,0,0,0,0,41807,0,0,0,0,0,11003,0,0,0,0,0,39.1,43.2,3.8,3.8,40,2071,1066,643,1555,54,52,0,54,3004,0,0,5362,8018,0,0,0,0,8,320566,488148,1962,5362,0,0,0,0,0,0,0,0,0,0,0,0,0,0,0,0,0,0,0,0,0,0,0,0,0,0,0,0,0,0,0,0,0,0,0,0,0,0,0,0,0,0,0,0,0,0,0,0,0,0,0,0,0,0,0,0,0,0,0,0,0,0,0,0,0,0,0,0,0,30363128,18855678,54633795,0,0,0,235107,59480543,0,40080498,26617807,0,0,3198489,0,0,0,0,0,0,725059,56,0,0,0,0,0,0,0,0,0,0,0,0,0,0,0,0,0,0,0,0,0,0,0,0,0,0,862,259,1534925,291795,1826720,346,3,0,0,434420,23907,81281,0,0,961053,31964,2300,660304,0,0,17606,612191,31248,213576,0,799205,0,0,21268,710876,36616,258755,0,2005
106191450,kaiser fdn hosp - woodland hills,1/1/2005,12/31/2005,365,in process,excl. ind. audit,los angeles,11,0905,non-profit,general,kaiser,,(818)719-2777,5601 de soto avenue,woodland hills,91367,george c. halvorson,chairman,www.kp.org,kaiser foundation hospitals,debbie lindsey,kaiser permanente-regional office,0,05-0677,,zzt30677f,218,218,139,618,28331,490,479,0,162,21337,0,1034,52451,132,6283,78,99,0,27,5567,0,238,12424,218,0,0,0,0,0,52451,0,0,0,0,0,12424,0,0,0,0,0,65.90000000000001,65.90000000000001,4.2,4.2,24,2403,1310,593,1940,32,16,0,43,5759,0,46,8429,6155,0,0,0,0,9,542990,581298,3918,8429,0,0,0,0,0,0,0,0,0,0,0,0,0,0,0,0,0,0,0,0,0,0,0,0,0,0,0,0,0,0,0,0,0,0,0,0,0,0,0,0,0,0,0,0,0,0,0,0,0,0,0,0,0,0,0,0,0,0,0,0,0,0,0,0,0,0,0,0,0,36651813,16675287,66470104,0,0,0,870522,58110542,0,42268292,15881210,0,0,4593171,0,0,0,0,0,0,911066,56,0,0,0,0,0,0,0,0,0,0,0,0,0,0,0,0,0,0,0,0,0,0,0,0,0,0,917,316,1626720,302473,1929193,760,18,0,0,554742,10156,91829,0,0,947356,21630,1007,756921,0,0,39849,620829,12723,196398,0,900312,0,0,43641,725529,15501,244210,0,2005
106480989,kaiser fdn hosp rehab ctr - vallejo,1/1/2005,12/31/2005,365,in process,excl. ind. audit,solano,03,0409,non-profit,specialty,kaiser,,(510)987-3380,975 sereno drive,vallejo,94590,george c. halvorson,chairman,www.kp.org,kaiser foundation hospitals,debbie lindsey,kaiser permanente-regional office,0,,,zzr00073f,287,287,251,7861,35690,489,2262,5,229,37482,0,975,84993,1326,5781,118,536,2,63,8197,0,221,16244,287,0,0,0,0,0,84993,0,0,0,0,0,16244,0,0,0,0,0,81.09999999999999,81.09999999999999,5.2,5.2,0,2250,1465,8326,0,0,0,0,0,49470,0,0,57796,32379,0,34341,0,0,10,468750,478883,0,0,0,0,0,0,0,0,0,0,0,0,0,0,0,0,0,0,0,0,0,0,0,0,0,0,0,0,0,0,0,0,0,0,0,0,0,0,0,0,0,0,0,0,0,0,0,0,0,0,0,0,0,0,0,0,0,0,0,0,0,0,0,0,0,0,0,0,0,0,0,64467404,33981090,95493705,0,0,0,312358,30525984,0,92228986,25937039,312358,0,3042843,0,0,0,0,0,2065686,11049514,56,0,0,0,0,0,0,0,0,0,0,0,0,0,0,0,0,0,0,0,0,0,0,0,0,0,0,1051,376,3053971,302101,3356072,652,2,0,0,609509,71224,101987,0,0,1100473,32418,1138360,2113878,0,0,0,559481,0,380612,0,2265692,0,0,0,642908,0,447472,0,2005
106394009,kaiser fnd hosp - manteca,1/1/2005,12/31/2005,365,in process,excl. ind. audit,san joaquin,06,0507,non-profit,general,kaiser,,(209)825-3500,1777 west yosemite avenue,manteca,95336,george c. halvorson,chairman,www.kp.org,kaiser foundation hospitals,debbie lindsey,kaiser permanente-regional office,0,05-0748,,hsp30695h,99,99,99,697,7624,48,21,1,141,5659,2,156,14349,141,1630,13,6,1,27,1451,1,41,3311,61,0,0,0,38,0,12196,0,0,0,2153,0,3311,0,0,0,0,0,39.7,39.7,4.3,3.7,0,0,0,989,0,0,0,0,0,0,0,18783,19772,18523,0,0,0,0,5,49842,127678,0,4091,0,0,0,0,0,0,0,0,0,0,0,0,0,0,0,0,0,0,0,0,0,0,0,0,0,0,0,0,0,0,0,0,0,0,0,0,0,0,0,0,0,0,0,0,0,0,0,0,0,0,0,0,0,0,0,0,0,0,0,0,0,0,0,0,0,0,0,0,0,17173856,11756398,26482242,0,0,0,0,10076718,0,20933259,1929965,0,0,0,0,0,0,0,0,483250,306040,56,0,0,0,0,0,0,0,0,0,0,0,0,0,0,0,0,0,0,0,0,0,0,0,0,0,0,233,90,742404,52592,794996,387,45,0,0,128985,13476,44855,0,0,244639,2318,308131,535454,0,0,0,124782,0,82168,0,567142,0,0,0,136718,0,91136,0,2005
106015000,kaiser foundation northern region,1/1/2005,12/31/2005,365,in process,excl. ind. audit,alameda,05,0417,non-profit,general,kaiser,,(626)405-5000,1956 webster,oakland,94612,george c. halvorson,chairman,www.kp.org,kaiser foundation hospitals,carrie a. selman,kaiser permanente-regional office,0,,,,0,0,0,0,0,0,0,0,0,0,0,0,0,0,0,0,0,0,0,0,0,0,0,0,0,0,0,0,0,0,0,0,0,0,0,0,0,0,0,0,0,0,0,0,0,0,0,0,0,0,0,0,0,0,0,0,0,0,0,0,0,0,0,0,0,0,0,0,0,0,4824508926,0,0,4824508926,0,4473488942,351019984,-16673717,0,0,0,334346267,4824508926,0,0,0,0,0,0,0,0,0,0,0,0,0,0,0,0,0,0,0,0,0,0,0,0,0,0,0,0,0,0,0,0,0,0,0,0,0,0,0,0,0,0,0,0,0,0,0,0,0,0,0,0,0,0,0,0,0,0,0,0,0,0,0,0,0,0,0,0,0,0,0,0,0,0,0,0,2445943446,0,2571019740,922418739,86946221,0,6026328146,1688486801,678801764,234794681,3424244900,6026328146,837465,630912237,-481685531,3662629543,719365494,4924207088,2353187348,0,0,2197301,235183505,388824,1929712381,1369588385,0,0,0,0,0,0,0,0,0,0,0,0,0,0,0,0,0,0,0,0,0,0,0,0,0,0,0,0,0,0,0,0,0,2005
106191300,kaiser foundation southern region,1/1/2005,12/31/2005,365,in process,excl. ind. audit,los angeles,11,0925,non-profit,general,kaiser,,(626)405-5000,393 e. walnut street,pasadena,91188-0001,george c. halvorson,chairman,www.kp.org,kaiser foundation hospitals,debbie lindsey,kaiser permanente-regional office,0,,,,0,0,0,0,0,0,0,0,0,0,0,0,0,0,0,0,0,0,0,0,0,0,0,0,0,0,0,0,0,0,0,0,0,0,0,0,0,0,0,0,0,0,0,0,0,0,0,0,0,0,0,0,0,0,0,0,0,0,0,0,0,0,0,0,0,0,0,0,0,0,3597168454,0,0,3597168454,0,3245261340,351907114,78960103,0,0,0,430867217,3597168454,0,0,0,0,0,0,0,0,0,0,0,0,0,0,0,0,0,0,0,0,0,0,0,0,0,0,0,0,0,0,0,0,0,0,0,0,0,0,0,0,0,0,0,0,0,0,0,0,0,0,0,0,0,0,0,0,0,0,0,0,0,0,0,0,0,0,0,0,0,0,0,0,0,0,0,0,4725362316,0,1772210049,878560438,153820445,0,7529953248,2414853618,719198364,64876749,4331024517,7529953248,149244,449007023,-325183896,3544897841,678571383,4468780612,2696570563,0,79252,0,64956001,79252,4497280330,2039658001,0,0,0,0,0,0,0,0,0,0,0,0,0,0,0,0,0,0,0,0,0,0,0,0,0,0,0,0,0,0,0,0,0,2005
106364110,kaiser permanente chemical dep program,1/1/2005,12/31/2005,365,in process,excl. ind. audit,san bernardino,12,1209,non-profit,specialty,kaiser,,(909)427-5015,17046 marygold avenue,fontana,92335,george c. halvorson,chairman,www.kp.org,kaiser foundation hospitals,debbie lindsey,kaiser permanente-regional office,0,05-0140,,zzt30140f,20,20,20,0,268,4,28,0,0,1436,0,44,1780,0,36,1,11,0,0,483,0,12,543,0,0,20,0,0,0,0,0,1780,0,0,0,0,0,543,0,0,0,24.4,24.4,3.3,3.3,0,0,0,0,0,0,0,0,0,0,0,0,0,0,0,0,0,0,0,0,0,0,0,0,0,0,0,0,0,0,0,0,0,0,0,0,0,0,0,0,0,0,0,0,0,0,0,0,0,0,0,0,0,0,0,0,0,0,0,0,0,0,0,0,0,0,0,0,0,0,0,0,0,0,0,0,0,0,0,0,0,0,0,0,0,0,0,0,0,0,0,0,0,0,0,0,0,0,0,0,0,0,0,0,0,0,0,0,0,0,0,0,0,0,0,0,0,0,0,0,0,0,0,0,0,0,0,0,0,0,0,0,0,0,0,0,0,0,0,0,0,0,0,0,0,0,12,0,0,0,0,0,0,0,0,0,0,0,0,0,0,0,0,0,0,0,0,0,0,0,0,0,0,2005
106540734,kaweah delta district hospital,7/1/2004,6/30/2005,365,audited,incl. ind. audit,tulare,09,0611,district,general,comparable,,(559)624-2000,400 w mineral king,visalia,93291-6237,lindsay mann,ceo,www.kaweahdelta.org,kaweah delta health care district,kari vercruse,kaweah delta health care district,0,05-0057,,zzt30057f,490,489,382,55546,0,32881,9867,3690,4478,20580,539,3109,130690,7531,0,3761,2779,589,707,5040,74,1186,21667,312,63,0,45,70,0,86640,11370,0,11111,21569,0,18884,1399,0,880,504,0,73.09999999999999,73.2,6,5.2,32,6045,3578,121295,0,72661,34295,3486,17676,79381,2362,74437,405593,81226,36084,237636,0,0,11,684705,234000,4793,3196,2944,1327,1020499002,750284130,30609,270245481,22991613,285199901,8037193,8841209,2253298,0,0,14625104,202045480,59249415,759204107,361101897,0,137434053,41966920,17617125,31790024,150449743,2172742,18944248,761476752,104448161,0,21968288,20089387,2792411,13086705,82129851,751353,13756094,259022250,362018975,0,111890469,43618285,0,16281874,24305082,154366475,29406367,0,6623564,0,1773039,0,0,0,30609,103531083,0,44706066,18020682,3651339,20571647,78243728,0,1520936,0,1092227,0,3355573,3390586,800000,59960674,20003814,110393879,0,0,0,0,40647822,9315837,33402849,11475026,109707510,47765522,7184205,9880693,65560656,15170846,14524999,1386988,1260304,3435964,9322214,69638010,91878331,126738430,23357184,167984391,263390,479859736,77327187,0,216538169,185994380,479859736,704111,197376814,-141119064,123343671,134059161,270615615,143877185,0,2723473,215420000,224459102,7920933,0,0,2639,1000,4976534,617093,5593627,172,0,260120,1026399,1037941,197428,845313,980493,391109,132250,90358,15123,1532120,577645,1137833,0,821201,322000,553390,32345,1705812,625423,1314337,0,919576,359618,617502,51359,2005
106190150,kedren community mental health center,7/1/2004,6/30/2005,365,audited,incl. ind. audit,los angeles,11,0935,non-profit,psychiatric,comparable,,(323)233-0425,4211 south avalon blvd,los angeles,90011-5622,john h. griffith  ph.d.,president/ceo,,kedren community health center  inc.,kevin anuvat,kedren community mental health center,0,,,,48,48,48,0,0,3914,0,8072,0,0,0,0,11986,0,0,226,0,1025,0,0,0,0,1251,0,48,0,0,0,0,0,11986,0,0,0,0,0,1251,0,0,0,0,68.40000000000001,68.40000000000001,9.6,9.6,0,0,0,154,0,72249,0,35107,0,0,0,0,107510,0,0,0,0,0,0,0,0,0,0,0,0,19052152,0,0,19052152,0,19052152,0,0,0,0,0,0,5859318,1298423,11894411,0,0,1913359,0,3945959,0,0,0,0,5859318,17096,0,9169253,0,4006485,0,0,0,0,13192834,0,0,0,0,0,0,0,0,0,0,0,0,0,0,0,0,0,17096,0,11082612,0,7952444,0,0,0,0,0,0,0,0,0,0,3861720,1664644,5636208,0,0,0,0,2656802,1214739,2903125,1114914,11362034,2962905,369902,954551,626843,623264,320280,854573,282957,124820,570023,2584330,0,1361007,310971,0,0,4256308,1546698,0,3420905,-711295,4256308,148724,0,0,0,1970754,2893500,1532493,0,0,0,3420905,0,0,2533005,288,50,587185,41727,628912,19,0,83049,206229,25909,15112,63226,76643,11855,75726,0,29436,116193,71582,203173,0,106317,42161,47759,0,128395,79121,203173,0,116474,48711,53038,0,2005
106210993,kentfield rehabilitation hospital,1/1/2005,12/31/2005,365,audited,incl. ind. audit,marin,04,0405,investor,specialty,comparable,,(415)456-9680,1125-b sir francis drake blvd.,kentfield,94904-1455,ann gors,ceo,www. kentfieldrehab.com,vibra healthcare llc,robert witter,parente randolph llc,0,05-2043,,zzr00554g,60,60,60,9088,0,460,0,0,3634,0,0,0,13182,330,0,8,0,0,98,0,0,0,436,0,0,0,60,0,0,0,0,0,13182,0,0,0,0,0,436,0,0,60.2,60.2,30.2,30.2,0,0,0,18458,0,3104,0,0,22400,0,0,0,43962,0,43962,0,0,0,0,0,0,0,0,0,0,35249325,13128658,0,22120667,0,22138493,-17826,347597,0,0,0,329771,17845650,2883580,14520095,20889972,0,1150356,0,0,10256897,0,0,0,32297225,1217948,0,203590,0,0,1530562,0,0,0,2952100,7670672,0,831484,0,0,0,4517406,0,109096,0,0,0,0,0,0,0,0,14437248,0,522462,0,0,7160957,0,0,0,0,0,0,6971,0,0,7714276,1223212,3612719,0,0,0,0,2690672,1159193,3252090,2486331,10244612,2532233,681900,0,1622201,3165475,120063,2077959,120716,689360,883974,5645604,0,568695,10680,1818015,0,8042994,4082034,390922,4027389,-457351,8042994,148043,5080403,-634517,0,722787,722787,154092,0,92922,0,4027389,0,300000,1520186,151,58,293157,20549,313706,15,0,41820,85883,51004,16841,52098,20938,24383,190,0,0,115950,16655,43768,0,49800,29984,37000,0,117474,18248,47496,0,54915,32287,43286,0,2005
106150736,kern medical center,7/1/2004,6/30/2005,365,audited,excl. ind. audit,kern,09,0617,city/county,general,comparable,teaching,(661)326-2000,1830 flower st,bakersfield,93305-4144,peter bryan,ceo,,county of kern,robert bainbridge,kern medical center,2,05-0315,hsc30315f,,222,197,177,6252,702,25941,7794,10258,5491,1704,0,0,58142,959,129,5594,2576,2453,1162,417,0,0,13290,197,25,0,0,0,0,49226,8916,0,0,0,0,12435,855,0,0,0,0,71.8,80.90000000000001,4.4,4.4,0,6199,3797,10086,301,44763,34687,37875,7990,2815,0,0,138517,41035,90759,4545,0,398,8,396327,133653,2490,2066,3385,1097,361437201,182180786,1172210,180428625,813337,179544521,1697441,41238409,1142966,0,0,41792884,153671147,40861163,166904891,26755866,3977005,114759356,36345522,56740777,30922815,10995900,0,0,280497241,5454626,443176,21869431,13725119,28375216,8930065,2142327,0,0,80939960,17883373,1819491,96240739,36375626,-68320797,77171590,13930503,4739695,2164775,0,0,0,175791,0,1172210,0,0,14327119,2600690,108663977,14867225,7768612,23802470,8398532,0,0,40184772,0,0,0,0,29854865,34200478,26949119,49127491,422534,266173,0,10282425,27997871,6711828,17450426,6136176,76363337,29495005,7733840,18973558,23290392,9200701,4694954,911291,2268956,1276808,5335679,35970649,0,42181459,937550,9158703,0,88248361,44126284,0,51325014,-7202937,88248361,2341997,111919587,-89400029,60033069,40147958,100349142,58167683,0,0,52005024,52005024,680010,0,0,1460,434,2861261,391233,3252494,119,95,81822,343018,504584,82506,315514,607478,253358,456296,199123,17562,691922,589759,496938,189374,461453,165824,263806,2185,782298,655383,572235,213400,527699,191999,303482,5998,2005
106150737,kern valley healthcare district,7/1/2004,6/30/2005,365,audited,incl. ind. audit,kern,09,0619,district,general,comparable,small/rural,(760)379-2681,6412 laurel avenue,lake isabella,93240,pamela ott,ceo,,kern valley healthcare district,loretta masi,pacific hospital management,0,05-1314,,zzt30542f,101,101,101,2766,923,23877,132,0,1190,0,91,538,29517,584,267,221,58,0,196,0,41,35,1402,27,0,0,0,74,0,3150,0,0,0,26367,0,1105,0,0,0,297,0,80.09999999999999,80.09999999999999,21.1,2.9,0,0,0,5760,1592,5012,2613,0,4889,0,371,1685,21922,7171,14480,0,0,0,3,1400,13460,28,271,0,0,51880274,30612340,0,21267934,144581,21005559,406956,464086,108044,0,0,762998,16705158,6357232,28817884,6639580,2708324,14897626,273229,0,1888420,0,272368,453910,27133457,6637830,2482760,4822284,1605540,0,7066262,0,718845,1413296,24746817,9072674,4333435,9854744,1220368,-257526,0,3535712,0,470310,0,2029627,0,352996,0,0,0,0,4038121,785606,9910175,458717,0,5298172,0,292736,484407,0,0,0,109443,184849,0,4354280,2116513,6728660,0,0,0,0,4083776,842003,1625081,1255246,7354744,3020651,817855,464351,5351577,749802,1295840,135482,59929,965242,790086,5625878,2759459,6268543,86237,2119633,0,16859750,6626206,0,16670128,-6436584,16859750,1615235,9154032,-5752831,16782044,7711810,27073470,20804927,0,0,17455000,17455000,784872,0,0,224,105,435213,32751,467964,47,0,60651,19856,39884,66735,112811,83929,46934,2757,1656,0,187259,45947,40962,0,93176,29522,38347,0,199413,48644,44594,0,100180,32581,42552,0,2005
106190449,kindred hospital - la mirada,1/1/2005,12/31/2005,365,audited,excl. ind. audit,los angeles,11,0921,investor,general,comparable,,(562)944-1900,14900 east imperial highway,la mirada,90637-2172,adam darvise,ceo,http://kindredhealthcare.com,kindred healthcare inc.,steven popov,kindred healthcare inc.,0,05-2038,,hsp32038f,248,248,224,49599,0,1279,0,0,5289,0,0,0,56167,1921,0,32,0,0,140,0,0,0,2093,224,0,0,24,0,0,56167,0,0,0,0,0,2093,0,0,0,0,0,62,62,26.8,26.8,0,0,0,0,0,0,0,0,0,0,0,0,0,0,0,0,0,0,4,15133,0,303,0,0,0,182145154,109024782,0,73120372,88323,65630310,7578385,0,0,0,0,7578385,77086612,0,105058542,155484493,0,5286852,0,0,21373809,0,0,0,182145154,0,0,0,0,0,0,0,0,0,0,93553275,0,4251140,0,0,0,11220367,0,0,0,0,0,0,0,0,0,0,61931218,0,1035712,0,0,10153442,0,0,0,0,0,0,0,0,0,23571296,0,16400798,0,0,0,0,9907865,1065555,12521740,2163056,30718829,5746083,134904,998439,8478367,11937229,1626596,1704753,290714,0,3994396,25089727,0,16098539,1254168,1,0,42442435,4209437,0,0,38232998,42442435,1344,14140779,-2576626,12432569,5322589,20962071,4863532,0,0,0,0,0,11890216,0,526,278,1013341,89962,1103303,643,0,42006,200900,266880,129923,182318,70613,99895,11914,8892,0,560734,0,151999,0,155815,43248,101545,0,611467,0,164099,0,166864,46892,113981,0,2005
106190305,kindred hospital - los angeles,1/1/2005,12/31/2005,365,in process,excl. ind. audit,los angeles,11,0929,state,general,comparable,,(310)642-0325,5525 west slauson avenue,los angeles,90056-1047,adam darvish,ceo,http://kindredhealthcare.com,kindred healthcare inc.,michael gonzales,kindred hospital los angeles,0,05-8335,hsc32032f,,81,81,81,21475,0,2367,0,0,679,2185,0,175,26881,502,0,55,0,0,18,28,0,2,605,81,0,0,0,0,0,26881,0,0,0,0,0,605,0,0,0,0,0,90.90000000000001,90.90000000000001,44.4,44.4,0,0,0,0,0,0,0,0,0,0,0,0,0,0,0,0,0,0,2,13956,0,227,0,0,0,133319581,95631302,0,37688279,107551,31643973,6151857,27506,0,0,0,6179363,42582689,0,90736892,106409208,0,11691493,0,0,3575804,10784741,0,858335,133319581,0,0,0,0,0,0,0,0,0,0,79314810,0,9933154,0,0,0,1026041,3031088,2326209,0,0,0,0,0,0,0,0,26142331,0,1758339,0,0,2549763,7753653,0,-515807,0,0,0,0,0,0,9644820,0,10681989,0,0,0,0,3605555,1204606,5107377,1399626,14976400,2635333,0,696838,4077626,3749343,562833,316849,339604,854,4288293,15867662,0,8101629,69391,5366,0,24044048,1672341,0,0,22371707,24044048,116614,10131682,-2777953,5200888,2544636,10372108,2270479,0,0,0,0,0,8155115,0,235,117,457283,39430,496713,122,0,51473,71796,115585,59920,67314,39668,19400,23460,6167,2500,202784,0,139736,0,56898,24560,33305,0,224797,0,146681,0,62172,26677,36386,0,2005
106344035,kindred hospital - sacramento,1/1/2005,12/31/2005,365,audited,excl. ind. audit,sacramento,02,0309,investor,general,comparable,,(916)351-9151,223 fargo way,folsom,95630-2961,bruce mac neill,cfo,www.kindredsacramento.com,thc - orange county inc.,pat henning,kindred healthcare inc.,0,05-2033,,hsp32033h,39,37,33,7282,0,199,0,0,2843,0,0,0,10324,204,0,4,0,0,50,0,0,0,258,39,0,0,0,0,0,10324,0,0,0,0,0,258,0,0,0,0,0,72.5,76.40000000000001,40,40,0,0,0,0,0,0,0,0,0,0,0,0,0,0,0,0,0,0,1,2594,0,67,0,0,0,39816912,24599279,0,15217633,19883,15349434,-111918,0,0,0,0,-111918,14467953,0,25348959,25707609,0,737364,0,0,13371939,0,0,0,39816912,0,0,0,0,0,0,0,0,0,0,15684117,0,766436,0,0,0,8148726,0,0,0,0,0,0,0,0,0,0,10023492,0,-29072,0,0,5223213,0,0,0,0,0,0,0,0,0,5049947,0,4001294,0,0,0,0,1795385,286810,2338518,1877480,6846969,2073520,243691,0,1365936,2134269,742558,237268,47044,35,1658144,3110881,0,2478226,5481532,0,0,11070639,6260924,0,0,4809715,11070639,200,3454290,-447346,2014505,1315583,4020088,1541862,0,0,0,0,0,0,5255401,107,42,205324,17355,222679,78,0,48345,26018,34874,24522,28263,22605,20697,0,0,0,100885,0,33503,0,36414,8692,25830,0,108611,0,35392,0,39919,9554,29203,0,2005
106370721,kindred hospital - san diego,1/1/2005,12/31/2005,365,audited,excl. ind. audit,san diego,14,1418,investor,general,comparable,,(619)543-4500,1940 el cajon blvd.,san diego,92104-1005,susan bailey,ceo,http://kindredhealthcare.com,vencor  inc,john monteith,kindred healthcare inc.,0,05-9796,hsc30220g,zzt30220g,70,70,62,10472,0,114,0,0,1847,0,0,0,12433,351,0,3,0,0,38,0,0,0,392,70,0,0,0,0,0,12433,0,0,0,0,0,392,0,0,0,0,0,48.7,48.7,31.7,31.7,0,0,0,0,0,0,0,0,0,0,0,0,0,0,0,0,0,0,4,3535,0,55,0,0,0,46130283,25001812,0,21128471,37212,20275012,890671,0,0,0,0,890671,19613580,0,26516703,39191396,0,295733,0,0,6643154,0,0,0,46130283,0,0,0,0,0,0,0,0,0,0,21039762,0,331196,0,0,0,3821242,0,-190388,0,0,0,0,0,0,0,0,18151634,0,-35463,0,0,3012300,0,0,0,0,0,0,0,0,0,5357206,0,5201547,0,0,0,0,2888409,691909,2489110,3646831,7187171,1245981,0,434155,2237748,3746499,828143,2341657,74381,0,2179277,2677428,0,2715769,740994,0,0,6134191,4408326,0,0,1725865,6134191,1820,4254854,-1757802,48828,2347448,6093831,3378062,0,0,0,0,0,0,3189949,137,55,281611,22949,304560,77,0,24225,31851,47853,28614,37872,40282,30219,22104,16302,2289,141666,0,41251,0,45670,21378,31646,0,154220,0,44473,0,48881,23110,33876,0,2005
106301127,kindred hospital brea,1/1/2005,12/31/2005,365,audited,excl. ind. audit,orange,13,1011,investor,general,comparable,,(714)529-6842,875 n brea blvd,brea,92621-2606,kathleen smith,administrator,http://kindredhealthcare.com,kindred healthcare inc.,john browne,kindred hospital - brea,0,05-2039,,hsp30711f,48,48,48,12061,0,1266,0,0,900,167,0,0,14394,443,0,32,0,0,25,5,0,0,505,48,0,0,0,0,0,14394,0,0,0,0,0,505,0,0,0,0,0,82.2,82.2,28.5,28.5,0,0,0,0,0,0,0,0,0,0,0,0,0,0,0,0,0,0,2,8931,0,85,0,0,0,62284816,39243714,0,23041102,44163,19460184,3625081,0,0,0,0,3625081,21098896,0,41185920,49685225,0,6043069,0,0,5504701,1051821,0,0,62284816,0,0,0,0,0,0,0,0,0,0,32361517,0,5016460,0,0,0,1175025,543886,146826,0,0,0,0,0,0,0,0,17323708,0,1026609,0,0,4182850,507935,0,0,0,0,0,0,0,0,6538303,0,5587871,0,0,0,0,1888936,346464,3243698,1854912,8833278,1570172,0,390115,1905893,3624832,367843,1629998,145512,1182,991359,19295381,0,921766,160102,0,0,20377249,2076056,0,0,18301193,20377249,242,4899661,-2194137,530152,1889504,2439891,1518125,0,0,0,0,0,16453746,0,140,64,268491,25726,294217,128,0,38413,58766,68100,19492,45279,13167,23121,0,2060,93,149112,0,39660,0,42629,11095,25995,0,162750,0,43442,0,47065,12305,28655,0,2005
106500954,kindred hospital modesto,1/1/2005,12/31/2005,365,audited,excl. ind. audit,stanislaus,06,0511,investor,general,comparable,,(209)549-4106,730 17th st,modesto,95354-1706,william russell,ceo,http://kindredhealthcare.com,thc - orange county inc.,pat henning,kindred healthcare inc.,0,05-3036,hsc33036g,,136,136,136,11526,0,5899,0,0,6496,0,0,0,23921,546,0,25,0,0,368,0,0,0,939,36,0,0,0,100,0,3284,0,0,0,20637,0,127,0,0,0,812,0,48.2,48.2,25.5,25.9,0,0,0,7319,0,3945,0,0,4691,0,0,0,15955,0,0,0,15955,0,0,0,0,0,0,0,0,35678876,25265604,0,10413272,29738,18789466,-8346456,0,0,0,0,-8346456,18943804,0,16735072,17278187,0,8337448,0,0,9059242,0,0,0,34674877,468717,0,117758,0,0,417524,0,0,0,1003999,12638754,0,5973627,0,0,0,6653223,0,0,0,0,0,0,0,0,0,0,5108150,0,2481579,0,0,2823543,0,0,0,0,0,0,0,0,0,5469800,0,4405851,0,0,0,0,3066647,435060,3164718,2247390,6262283,1706008,187227,0,1424790,5657217,754161,325456,443643,0,2028681,3329488,0,8417748,535028,0,0,12282264,24283526,0,0,-12001262,12282264,192871,3569936,-571051,6910631,2702537,9631914,1214166,0,0,0,0,0,0,23350229,142,64,274447,21271,295718,110,0,33425,21609,25078,36912,70978,59289,27156,0,0,0,136631,0,32147,0,48019,14529,43121,0,147750,0,34238,0,51358,15788,46584,0,2005
106361274,kindred hospital ontario,1/1/2005,12/31/2005,365,audited,incl. ind. audit,san bernardino,12,1207,investor,general,comparable,,(909)391-0333,550 north monterey avenue,ontario,91764-3318,peter adamo,ceo,http://kindredhealthcare.com,kindred healthcare inc.,nancy wilson,kindred healthcare inc.,0,05-2037,,hsp30041k,91,91,91,26630,0,0,0,0,0,0,0,3313,29943,884,0,0,0,0,0,0,0,64,948,91,0,0,0,0,0,29943,0,0,0,0,0,948,0,0,0,0,0,90.09999999999999,90.09999999999999,31.6,31.6,0,0,0,0,0,0,0,0,0,0,0,0,0,0,0,0,0,0,3,33892,0,564,0,0,0,143153649,100993708,0,42159941,106573,38279533,3986981,0,0,0,0,3986981,49510940,0,93642709,123163828,0,0,0,0,0,0,0,19989821,143153649,0,0,0,0,0,0,0,0,0,0,89936513,0,0,0,0,0,0,0,1186466,0,0,0,9870729,0,0,0,0,33227315,0,0,0,0,0,0,0,8932626,0,0,0,0,0,0,10907827,0,9624511,0,0,0,0,4297979,351780,10811559,2285877,16712187,2989599,349459,67589,4322243,4672294,773145,5111527,1421760,0,1859730,16622250,0,3116184,79980,10398,0,19828812,1605063,0,0,18223749,19828812,100,9363601,-2562897,49440,2766780,6183372,3067188,0,0,0,0,0,9555149,0,297,142,564182,56091,620273,205,0,69688,126638,98143,80072,117509,28417,40945,0,36,2734,315910,0,118156,0,84362,9520,36234,0,336906,0,134059,0,99633,10448,39227,0,2005
106010887,kindred hospital san francisco bay area,1/1/2005,12/31/2005,365,audited,excl. ind. audit,alameda,05,0421,investor,general,comparable,,(510)367-8300,2800 benedict drive,san leandro,94577-6840,jim linhares,administrator,http://kindredhealthcare.com,the orange county inc.,william a. fretwell,hospital management services,0,05-2034,,hsp30705g,99,99,55,10912,4832,467,773,0,816,2105,0,8,19913,234,55,18,9,0,8,40,0,2,366,99,0,0,0,0,0,19913,0,0,0,0,0,366,0,0,0,0,0,55.1,55.1,54.4,54.4,0,0,0,0,0,0,0,0,0,0,0,0,0,0,0,0,0,0,3,17610,0,207,0,0,0,100554430,65503377,0,35051053,160381,30096310,5115124,17281,0,0,0,5132405,36958321,0,63596109,51374647,27958173,2060038,3036689,0,4406759,11680267,0,37857,100554430,0,0,0,0,0,0,0,0,0,0,32505556,17467464,2122812,2365755,0,0,2801691,8120102,83617,0,0,0,36380,0,0,0,0,18869091,10490709,-62774,670934,0,1521451,3560165,0,1477,0,0,0,17281,0,0,9242630,0,7922538,0,0,0,0,4882698,621475,4934660,2492309,11439226,3227715,415545,2277111,3129395,5470700,523977,2279555,87375,0,1245711,12241747,0,1712745,198496,0,0,14152988,2168002,0,0,11984986,14152988,14333,11996827,-1955667,35797,1455768,3135520,1422775,0,0,0,0,0,1913141,0,184,84,377068,37340,414408,91,0,35159,70576,79359,23884,72270,37245,27558,0,22339,8678,196998,0,68598,0,58685,18153,34634,0,219581,0,73298,0,64237,19951,37341,0,2005
106301380,kindred hospital westminster,1/1/2005,12/31/2005,365,audited,excl. ind. audit,orange,13,1014,investor,general,comparable,,(714)893-4541,200 hospital circle,westminster,92683-3910,jack boggess,ceo,http://kindredhealthcare.com,kindred healthcare inc.,steven popov,kindred hospital - westminster,0,05-2035,hsc39363g,,109,109,109,26656,0,0,2655,0,7282,0,0,0,36593,731,0,0,30,0,95,0,0,0,856,109,0,0,0,0,0,36593,0,0,0,0,0,856,0,0,0,0,0,92,92,42.7,42.7,0,0,0,0,0,0,0,0,0,0,0,0,0,0,0,0,0,0,3,17885,0,379,0,0,0,193404174,128283283,0,65120891,129782,47747685,17502988,0,0,0,0,17502988,74826957,0,118577217,135701538,0,0,16260706,0,41441930,0,0,0,193404174,0,0,0,0,0,0,0,0,0,0,101841263,0,0,13924515,0,0,11125468,0,1392037,0,0,0,0,0,0,0,0,33860275,0,0,2336191,0,28924425,0,0,0,0,0,0,0,0,0,17323169,0,11463214,0,0,0,0,5148824,941798,7823416,5047264,21123003,3751060,0,361761,5814902,9693388,329702,4353645,515541,0,1804683,55248952,0,3143245,0,122373,0,58514570,3140566,0,0,55374004,58514570,1178181,14777585,-3685955,29888,5057123,6329736,3186491,0,0,0,0,0,42650247,0,328,185,634172,52034,686206,125,0,33828,121369,207851,34327,142375,35901,49913,4248,3798,562,383950,0,91164,0,78129,27064,53865,0,414484,0,98875,0,84732,29449,58666,0,2005
106100745,kingsburg medical hospital,7/1/2004,6/30/2005,365,audited,incl. ind. audit,fresno,09,0607,district,general,comparable,small/rural,(559)897-5841,1200 smith street,kingsburg,93631-2216,luis sierra,cfo,,kingsburg district hospital,richard jackson ,tca partners  llp,0,05-0682,,hsp30682g,35,35,35,2201,0,4636,453,41,628,0,0,170,8129,245,0,143,220,22,100,0,0,82,812,15,0,0,0,20,0,1785,0,0,0,6344,0,691,0,0,0,121,0,63.6,63.6,10,2.6,0,0,0,1584,0,4431,5849,345,2218,0,0,1327,15754,6352,10463,0,0,0,1,6122,5571,78,137,0,0,14666633,7750412,0,6916221,10644,7316237,-389372,612486,0,0,0,223114,3317500,3166523,8182610,3977453,0,2382082,809443,66628,406944,0,0,218609,7861159,1311251,0,951199,2378155,110705,1169139,0,0,885025,6805474,2745251,0,1420742,2362878,-719315,32907,1392365,0,515584,0,0,0,0,0,0,0,0,2543453,0,2631854,824720,144426,183718,0,0,588050,503532,0,0,0,460872,0,1571593,1402028,1440871,0,0,0,0,994996,571735,767623,567391,3176841,934478,0,933468,628460,690110,178057,69972,270375,175348,259128,1407802,387377,563312,0,0,3810,2362301,4298130,0,2000371,-3936200,2362301,0,2981561,-1784558,1410077,1570504,3030532,2467220,0,170596,1710000,2158704,158333,0,0,93,38,190940,14638,205578,2,0,24234,19627,13694,16841,49146,37516,14842,3370,0,11670,67207,37303,21617,0,21429,24212,19172,0,72374,39794,22825,0,22774,26548,21263,0,2005
106194981,la casa psychiatric health facility,7/1/2004,6/30/2005,365,audited,excl. ind. audit,los angeles,11,0933,investor,psychiatric,phf,,(562)630-8672,6060 paramount blvd,long beach,90805,ed bienkowski,administrator,,telecare corporation,kevin moghannam,telecare corporation,0,,,,16,16,16,0,0,4773,0,893,21,0,0,0,5687,0,0,90,0,20,1,0,0,0,111,0,16,0,0,0,0,0,5687,0,0,0,0,0,111,0,0,0,0,97.40000000000001,97.40000000000001,51.2,51.2,0,0,0,0,0,0,0,0,0,0,0,0,0,0,0,0,0,0,0,0,0,0,0,0,0,2559150,190424,0,2368726,0,2308949,59777,0,0,0,0,59777,2559150,0,0,0,0,2147850,0,401850,9450,0,0,0,2559150,0,0,0,0,0,0,0,0,0,0,0,0,97204,0,0,93220,0,0,0,0,0,0,0,0,0,0,0,0,0,2050646,0,308630,9450,0,0,0,0,0,0,0,0,0,818564,0,0,0,0,0,0,196819,0,1211473,82093,1105673,427962,0,80612,19797,315970,15540,45488,24359,0,273548,403006,0,30616,0,0,0,433622,250986,0,0,182636,433622,0,0,0,0,23371,121371,90755,0,0,0,0,0,403006,0,28,16,51587,7351,58938,4,0,6208,3591,7378,5119,19983,9308,0,0,0,0,35662,0,0,0,1807,0,14118,0,40932,0,0,0,2055,0,15951,0,2005
106301234,la palma intercommunity hospital,7/1/2004,6/30/2005,365,audited,excl. ind. audit,orange,13,1013,investor,general,comparable,,(714)670-7400,7901 walker street,la palma,90623-1722,patricia wolfram,ceo,,vanguard health systems of orange county inc.,nancy armstrong,,0,05-0580,hsc30580g,,141,141,141,7575,0,3403,0,0,343,10501,0,289,22111,1257,0,833,0,0,171,2351,0,62,4674,97,17,0,27,0,0,12922,4768,0,4421,0,0,3831,559,0,284,0,0,43,43,4.7,4.7,8,1281,673,20954,0,1859,0,0,1674,12168,0,800,37455,16217,2615,0,0,0,3,112780,130355,724,1276,488,173,141844590,108863681,4702379,37683288,246468,39207724,-1277968,770039,533813,0,0,-1041742,27104348,11640849,103099393,27437440,0,14086348,0,0,2655841,46587054,0,1031247,91797930,11485943,0,3628899,0,0,2793282,30941632,0,1196904,50046660,25470393,0,14806928,0,0,0,0,61850334,2499243,0,548154,0,3688629,0,0,0,4702379,11604699,0,2067044,0,0,5190352,16698853,0,2122340,0,0,0,0,0,0,9760616,3221258,12166810,0,0,0,0,4831252,1984554,5191451,2051783,22211858,3209448,0,1151015,5558639,3048514,809012,338499,904992,0,1975747,7138258,0,11290572,457606,42052261,40476,60979173,6026331,0,1538845,53413997,60979173,0,7543881,-1213851,5334448,2658818,11923601,633029,0,0,0,1538845,0,290167,0,362,116,754979,46609,801588,326,0,85904,156837,193642,29489,17947,154150,68929,0,22265,25816,228538,61158,172111,0,123872,67780,101520,0,242427,64691,183848,0,132267,70346,108009,0,2005
106191227,lac/harbor+ucla medical ctr,7/1/2004,6/30/2005,365,audited,excl. ind. audit,los angeles,11,0933,city/county,general,comparable,teaching,(310)222-3221,1000 west carson street,torrance,90502-2004,tecla a. mickoseff,ceo,www.ladhs.org,county of los angeles,rosita banuelos,los angeles county/harbor-ucla medical center,1,05-0376,hsc30376f,zzt30376f,553,439,318,10966,924,61996,5181,30796,4816,813,0,556,116048,1577,179,9593,1383,6696,982,194,0,121,20725,514,39,0,0,0,0,103608,12440,0,0,0,0,19792,933,0,0,0,0,57.5,72.40000000000001,5.6,5.6,30,4179,1099,30249,616,87751,36535,164530,8322,5893,0,9462,343358,78102,284669,0,0,0,10,840810,137065,6429,2408,779,259,1094366506,654573041,13544896,453338361,5827471,386433753,72732079,119787096,4089096,0,0,188430079,413315084,114452313,566599109,102037594,9860246,495761651,47091309,231347397,42045760,6006821,0,2676360,936827138,11634060,341089,43989331,10763605,75010756,8268637,2396560,0,5135330,157539368,81786430,6373268,324812517,51521133,-137920192,300911737,16379716,8403379,2305053,0,0,0,0,0,8751292,0,4793604,31885224,3828067,352858657,15085073,5446416,33934681,4793606,0,5506637,168611047,0,0,0,0,119787096,63600597,43499033,122506737,0,0,0,24711527,55637188,16484268,55547237,4447166,179197112,65133267,446620,7310906,62750514,53076029,1420033,7815192,-1053491,4876291,5461280,278090622,1621000,36193137,14505000,16842000,0,347251759,318317896,1254000,84451000,-56771137,347251759,9180072,408114113,-316525481,77672030,31251530,110131813,73938676,0,0,0,84451000,0,170658000,230920465,3084,821,5726580,864692,6591272,272,457,475693,900636,1073118,217692,416939,932388,144636,1389376,0,176102,1282958,892254,1121730,730228,670688,449252,573415,6055,1451622,1020992,1323749,790139,778607,546267,673841,6055,2005
106191230,lac/martin luther king jr/drew med ctr,7/1/2004,6/30/2005,365,audited,excl. ind. audit,los angeles,11,0935,city/county,general,comparable,teaching,(562)401-8035,12021 wilmington avenue,los angeles,90059-3019,antionette smith epps,ceo,www.ladhs.org,county of los angeles,lupe  z. martinez,c/o rancho los amigos national rehabilitation ctr,0,05-0578,hsc30578f,zzt30578f,537,287,204,5689,476,31620,4430,20024,808,258,0,503,63808,783,90,3712,1033,3778,169,60,0,90,9715,461,76,0,0,0,0,56044,7764,0,0,0,0,9376,339,0,0,0,0,32.6,60.9,6.6,6.6,3,817,223,9876,260,57263,10302,98409,3345,2858,0,5249,187562,41628,149021,0,0,0,6,206821,199179,1840,2539,362,245,762294030,341584291,8865480,429575219,7320802,373609074,63286947,129319215,0,0,0,192606162,341680940,96112677,324500413,53421848,4083709,307415899,37267966,156364272,22187750,6958048,0,2955178,590654670,9756361,200585,71244826,7507476,74589522,4595048,2882568,0,862974,171639360,48709493,2136817,122734782,35394834,-115640463,225589784,9973323,9840614,2845107,0,0,0,0,0,5185148,0,3680332,14468716,2147477,371566406,14565756,5364010,16809475,3680334,0,973045,182458340,0,0,0,0,129319215,64958822,44321945,83206379,0,0,1314286,36173218,59936262,16953511,45406119,21338532,140977902,66294646,17666965,56433301,33323189,25784953,3328805,3738636,1920645,16422504,7717528,240602430,174115,95588530,0,17039856,0,353404931,269044088,1268365,239115755,-156023277,353404931,6397145,379450226,-273963400,174312326,37749790,213628167,118039637,0,0,0,288445781,49330026,121466620,318056269,2615,482,5109458,1052003,6161461,325,259,396889,780693,560113,130674,312446,744447,337342,1124755,559514,162585,1216094,875674,809179,501579,771410,336402,599120,0,1438537,1036197,996071,582588,955916,431305,720847,0,2005
106191231,lac/olive view-ucla medical center,7/1/2004,6/30/2005,365,audited,excl. ind. audit,los angeles,11,0903,city/county,general,comparable,teaching,(818)364-1555,14445 olive view dr,sylmar,91342-1437,melinda d. anderson,administrator,www.ladhs.org,county of los angeles,linda keith,los angeles county,0,05-0040,hsc30040g,zzt40040g,377,238,238,3286,203,33837,641,22174,588,1671,0,288,62688,594,50,6515,236,4973,137,444,0,64,13013,297,80,0,0,0,0,50607,12081,0,0,0,0,12231,782,0,0,0,0,45.6,72.2,4.8,4.8,34,1735,632,8302,79,69011,3273,100092,7623,11515,0,6077,205972,48209,161966,0,0,0,7,195790,291083,2251,3799,642,292,520814058,281808135,10837249,249843172,30362994,262355474,17850692,102460873,1716479,0,0,118595086,226795063,82690280,211328715,16562860,1261492,233256563,5223983,100702834,2063139,7631480,0,348719,367051070,6041935,100077,41419499,2100270,91215604,1801986,6043695,0,5039922,153762988,13493149,735022,124256406,4839955,-63274988,186607556,0,12317788,2833247,0,0,0,0,0,4839955,0,5997294,9111646,626547,213694644,7324253,5310882,3865125,7354681,0,2555394,99679731,0,0,28832,0,101392461,43574435,27030185,73631921,0,0,0,11459794,44285490,17338959,40502283,4532407,89345623,57111527,16259482,12907016,34549104,36719735,2892871,1852460,1726084,545628,8445944,239381833,7030000,72016687,58216000,15079000,0,391723520,346484247,1123000,86335726,-42219453,391723520,7842964,194182476,-103175136,135027823,15936222,152660232,80643545,0,0,0,86335726,0,135733016,259020807,1890,480,3691029,554057,4245086,676,184,334841,660938,641402,63982,293993,942822,96524,342868,159298,154361,905452,546512,737837,3008,453221,510849,521960,12190,1021932,627279,841267,3088,535335,607724,594626,13835,2005
106191306,lac/rancho los amigos national rehab ctr,7/1/2004,6/30/2005,365,audited,excl. ind. audit,los angeles,11,0921,city/county,specialty,comparable,teaching,(562)401-7111,7601 east imperial highway,downey,90242-3456,valerie orange,administrator,www.rancho.org,county of los angeles,lupe  z. martinez,la county dept of health services,0,05-0717,hsc32014f,zzt32014f,395,212,172,5656,0,32151,1538,9218,2052,1034,0,854,52503,286,0,1379,57,495,61,29,0,35,2342,395,0,0,0,0,0,52503,0,0,0,0,0,2342,0,0,0,0,0,36.4,67.90000000000001,22.4,22.4,0,0,0,7361,12,19408,248,7181,825,236,0,565,35836,0,36786,0,0,0,5,129492,48342,1006,395,0,0,292012581,117037528,0,174975053,1769905,157220091,19524867,42220658,0,0,0,61745525,223993675,10849644,57169262,31083819,0,164578242,8310598,52185870,10577059,5609524,0,4241318,276586430,3394372,6997,8239442,126322,2916498,389820,102072,0,250628,15426151,21268681,5751,66655406,7022325,-47977924,54581131,6424763,4937510,4119885,0,0,0,0,0,0,0,0,13209510,1246,154140202,1414595,521237,4542116,774086,0,372061,62998241,0,0,2648,0,42218010,27628914,6020914,36437919,0,0,0,30626,34584856,7988104,34285014,10243744,66432819,29190525,1318854,2554894,14412226,20848204,2206000,2117869,0,7841871,10296829,109095452,812000,105242000,6550000,12124000,0,233823452,107609248,903000,105636000,19675204,233823452,2597040,152582097,-101442685,185979000,10142000,197931000,92689000,0,0,0,105636000,0,54346000,132785474,1246,247,2187662,441410,2629072,157,18,313759,512873,256518,85126,172439,369748,200744,238035,11852,26568,619442,147362,480151,0,481952,195327,263428,0,722530,177899,599118,0,568391,235682,325452,0,2005
106191228,lac/usc medical center,7/1/2004,6/30/2005,365,audited,excl. ind. audit,los angeles,11,0925,city/county,general,comparable,teaching,(323)226-2400,1200 north state street,los angeles,90033-1029,pete delgado,executive director,www.ladhs.org,county of los angeles,andrew shimoda,lac+usc expenditure management,1,05-0373,hsc30373f,zzt30373f,1395,961,737,12348,943,92432,7012,112769,15563,1942,0,2156,245165,1696,149,11730,1506,19387,2597,452,0,379,37896,1335,60,0,0,0,0,227671,17494,0,0,0,0,36990,906,0,0,0,0,48.1,69.90000000000001,6.5,6.5,20,2798,1075,30840,379,166845,29397,439398,40830,8677,0,6898,723264,147563,612517,0,0,330,32,1273611,494352,9920,3436,962,462,1928023175,1026272031,23787856,925539000,24420282,861996321,87962961,312601266,1209372,0,0,399354855,1032652659,151647471,743723045,96699648,10390595,906548846,69015210,349439868,65488199,20066840,0,8864687,1526513893,15743310,115573,101266482,23483855,245091955,7804011,3852729,0,4151367,401509282,84469178,8182992,484516929,85419824,-272300806,582855119,30531728,18276180,4320887,0,0,0,0,0,11253466,0,12534390,27973780,2323176,795599205,18332707,11676704,42760482,18177779,0,8695167,382195151,0,0,0,0,312601266,167635091,82808039,236682631,318297,0,0,54546140,137068673,43848022,116057712,23031716,284298489,184519510,67858755,44969157,126542298,102361727,2656348,9930405,1719642,20141580,16998410,507915366,9663390,50795758,518254000,40035475,0,1126663989,650863830,4338133,363865747,107596279,1126663989,33517996,1014260171,-819581709,134055610,78331364,228058152,177262394,0,0,0,363865747,0,257722042,522083572,6540,1495,12510478,2054255,14564733,619,673,1162277,1902337,2108493,231321,770557,1966071,1052788,2355979,678405,282250,3094957,1462585,2010335,1650805,2108744,848388,1326335,8329,3570108,1716286,2407472,1788429,2495648,1047849,1529316,9625,2005
106380865,laguna honda hospital & rehab center,7/1/2004,6/30/2005,365,audited,excl. ind. audit,san francisco,04,0423,city/county,general,ltc emphasis,,(415)759-3371,375 laguna honda blv,san francisco,94116-1411,john t. kanaley,ceo,,city and county of san francisco,maurice d. vermillion jr.,hfs consultants,0,05-0668,hsc00228f,zzr02004f,1457,1147,1147,8263,0,355749,0,7170,1313,0,0,3836,376331,124,0,1123,0,114,18,0,0,9,1388,213,0,0,30,1214,0,918,0,0,573,374840,0,127,0,0,39,1222,0,70.8,89.90000000000001,271.1,9,0,0,0,3167,0,15214,0,0,51,0,0,1562,19994,0,5665,0,0,0,0,0,0,0,0,0,0,176924217,60863118,0,116061099,382259,155754581,-39311223,59924680,0,0,0,20613457,157876538,1726940,17320739,7422314,0,160591677,0,189107,6221471,0,0,757153,175181722,419613,0,1264241,0,0,51425,0,0,7216,1742495,3909602,0,55322208,0,0,189106,305012,0,1137190,0,0,0,0,0,0,0,0,3932325,0,106533710,0,1,4962095,0,0,632968,0,0,0,0,0,0,81164924,1681320,16002200,0,0,0,0,40112551,3231302,12425043,1137241,82019918,49025078,0,2106215,12467514,5562474,1022624,633731,0,356569,2560458,24669454,0,9056172,67918831,0,0,101644457,22257206,0,12609996,66777255,101644457,1500,25430020,-2203256,27388348,15708609,44010595,34954423,0,0,0,13108470,498474,0,99280,1439,684,2523566,482249,3005815,67,0,277358,440913,339012,117811,966192,368497,0,1778,12005,0,1499134,32384,66471,0,655650,69018,200909,0,1769199,40486,80333,0,785719,84094,245984,0,2005
106190240,lakewood regional medical center,1/1/2005,12/31/2005,365,audited,excl. ind. audit,los angeles,11,0933,investor,general,comparable,,(562)531-2550,3700 e. south street,lakewood,90712,mark korth,ceo,www.tenethealthcare.com,tenet healthcare corporation,sandy buranathawon,tenet healthcare corporation,0,05-0581,hsc30581g,hsp30581g,172,172,172,14371,11465,4621,1235,0,122,6489,774,238,39315,2361,3418,834,307,0,43,1718,167,77,8925,153,0,0,19,0,0,34939,0,0,4376,0,0,8624,0,0,301,0,0,62.6,62.6,4.4,4.4,0,0,0,9132,12583,4617,8263,0,1203,23769,418,5842,65827,36368,0,0,30952,0,7,329492,193711,2325,3147,0,0,613837260,514400073,0,99437187,438971,99115334,760824,1746990,3336594,0,0,-828780,73489171,27270101,513077988,134479791,151945313,51383116,14226267,0,1554006,77463841,7374219,3129931,441556484,26389664,42410533,10020428,12517177,0,2663862,69103580,684778,8490754,172280776,134583693,166579173,55725168,24409152,0,0,2669611,110950667,5936383,0,8776591,0,4769635,0,0,0,0,26285762,27776673,5267175,2027899,0,1548257,34904388,0,1627033,0,-587911,0,0,0,0,20334858,3809333,36745324,0,0,0,99107,11835608,6718076,15668900,3904128,34384880,12340513,1013718,5437851,21022164,16159791,3570844,522468,1590993,0,3072112,62468574,0,40831014,570065,0,540276,104409929,9985106,0,0,94424823,104409929,0,49734829,-31267874,52738533,31656169,90204954,49373940,0,0,0,0,0,41780867,0,577,225,1147336,139280,1286616,421,3,119226,214068,340211,11618,115520,227484,13504,18388,85915,1402,446734,70312,336173,0,76971,83588,133558,0,495682,78331,381914,0,85275,95518,149896,0,2005
106190455,lancaster community hospital,1/1/2005,12/31/2005,365,audited,incl. ind. audit,los angeles,11,0901,investor,general,comparable,,(661)948-4781,43830 n 10th st. w,lancaster,93534-4826,robert trautman,ceo,www.lancastercommunityhospital.com,universal health systems inc.,jeffrey n. brown,hospital management services,0,05-0204,,hsp30204g,117,117,80,15042,3383,1313,581,0,919,7028,299,237,28802,2539,1000,269,228,0,249,1865,97,53,6300,101,0,0,16,0,0,25181,0,0,3621,0,0,5997,0,0,303,0,0,67.40000000000001,67.40000000000001,4.6,4.6,0,0,0,7583,2218,1619,1730,0,2341,9240,2863,728,28322,18111,0,0,10822,0,5,281820,165720,3724,2877,0,0,345526311,275336792,0,70189519,34717,69378762,845474,450532,157155,0,0,1138851,50966105,25772541,268787665,108668665,36486085,9686631,6277837,0,9369655,75815053,2939838,1430288,250674052,24609000,9239712,3157731,7245881,0,6082238,37046057,3975026,3496614,94852259,104663128,35775898,10472102,11754235,0,0,6246038,94578896,6800999,0,682484,0,4363012,0,0,0,0,27814016,8878765,2181232,1609824,0,9154135,17239401,2748256,563890,0,0,0,31164,0,0,14134665,3216692,30303567,0,0,0,0,7245317,2563398,8816734,3098389,21127903,10127145,867750,2495965,16762960,9461119,3102787,647493,837410,211000,3737230,18237607,0,10683947,1813805,0,26199702,56935061,11605220,0,40938966,4390875,56935061,329613,19729891,-6398493,6980821,12906885,22158893,11474946,0,2622735,0,43561701,2622735,0,40938966,422,169,831292,77971,909263,226,0,75090,193721,240236,28707,81591,144305,35748,0,30703,1191,288339,49185,247213,0,72533,67570,106452,0,314892,52924,271951,0,80553,74745,114198,0,2005
106380868,langley porter psychiatric institute,7/1/2004,6/30/2005,365,audited,incl. ind. audit,san francisco,04,0423,non-profit,psychiatric,comparable,,(415)476-7000,401 parnassus ave,san francisco,94143-2720,craig van dyke  m.d.,administrator,www.ucsf.edu,regents of the university of california,jeanne hu,langley porter psychiatric hospital,0,05-4144,hsc04020f,,67,41,41,2107,0,18,0,0,23,2098,2058,13,6317,223,0,2,0,0,4,281,282,3,795,0,67,0,0,0,0,0,6317,0,0,0,0,0,795,0,0,0,0,25.8,42.2,7.9,7.9,0,0,0,3128,0,47,0,1295,1004,6549,7403,1442,20868,0,16659,0,0,0,0,0,0,0,0,0,0,17893607,5113193,0,12780414,1344079,14060026,64467,364748,0,0,0,429215,12333739,5022555,537313,3391500,0,27000,0,0,188427,6018280,3209482,32697,12867386,450592,0,10737,0,185027,401643,2290406,1372540,315276,5026221,310778,0,33031,0,0,120531,327025,3610148,301871,0,0,0,409809,0,0,0,0,3446788,0,3876,0,60425,245350,4515747,4172213,336015,0,0,0,324352,0,0,4233537,2014483,537314,0,0,0,2000890,2050980,1051044,1695097,476681,5444998,1946309,2701859,438395,453498,2148334,255643,14460,264651,0,391879,12184365,0,3360257,0,0,0,15544622,1636052,0,0,13908570,15544622,400,1651957,-436049,6407323,2294866,9465843,6105586,0,0,0,0,0,0,0,100,21,204034,20330,224364,49,31,29501,45692,29891,4971,8497,46587,18725,3943,6249,9978,80896,40645,0,0,33075,26625,22793,0,88553,43686,0,0,36077,30381,25667,0,2005
106191014,lanterman state hosp & developmental ctr,7/1/2004,6/30/2005,365,audited,incl. ind. audit,los angeles,11,0917,state,specialty,state,,(909)595-1221,3530 pomona boulevard,pomona,91766,alan h. medeiros,executive director,,dept of developmental services,gale nagato,dept of developmental services,0,05-0545,,,1286,1258,569,410,0,204561,0,0,215,0,0,3697,208883,0,0,31,0,0,0,0,0,0,31,67,0,0,0,1219,0,1943,0,0,0,206940,0,0,0,0,0,31,0,44.5,45.5,6738.2,0,0,0,0,0,0,0,0,0,0,0,0,0,0,0,0,0,0,0,0,0,0,0,0,0,0,129635234,6768820,0,122866414,0,129635234,-6768820,6768820,0,0,0,0,122310354,0,7324880,0,0,0,0,0,0,0,0,0,0,0,0,0,0,0,0,0,0,0,0,7654,0,877879,0,0,0,86181,0,0,0,0,0,5797106,0,0,0,0,0,0,0,0,0,0,0,0,0,0,0,0,0,0,0,0,0,0,0,0,0,0,0,0,0,0,0,0,0,0,0,0,0,0,0,0,0,0,0,0,0,0,0,0,0,0,0,0,0,0,0,0,0,0,0,0,0,0,0,0,0,0,0,0,0,0,0,0,11,0,0,0,0,0,0,0,0,0,0,0,0,0,0,0,0,0,0,0,0,0,0,0,0,0,0,0,2005
106190680,little co of mary-san pedro hospital,1/1/2005,12/31/2005,365,audited,excl. ind. audit,los angeles,11,0933,non-profit,general,comparable,,(310)832-3311,1300 west seventh st,san pedro,90732-3505,nancy carlson,administrator,http://lcmhs.org,providence healthcare systems,ana marie c. pagsisihan,little company of mary health services,0,05-0078,hsc30078f,,559,559,354,24182,10651,31659,1093,0,5647,34895,1056,5323,114506,2244,980,625,381,0,225,2954,294,171,7874,138,25,48,20,328,0,18449,8250,6083,5930,75794,0,5072,600,604,355,1243,0,56.1,56.1,14.5,5.8,18,1728,796,10999,2041,7488,6956,0,2185,18930,4514,3913,57026,31191,0,0,23837,0,7,150585,120840,1039,1315,552,242,435567446,325520111,0,110047335,918010,106188139,4777206,3772485,0,0,0,8549691,134160545,18911292,282495609,108372687,33860313,45786898,5850962,0,13739690,136707492,3527184,6032309,353877535,21858063,8867855,9300100,6519417,0,4711108,27293799,2533324,606245,81689911,98849568,33612675,23803919,10555782,-983372,0,10816804,132755172,5376065,0,10733498,0,0,0,0,0,0,31381182,9108166,27834826,1580559,0,7633994,31246119,0,1262489,0,-2596028,651875,3102710,0,0,38087433,3439698,26108730,0,0,0,0,16415140,2480222,14679305,4977611,38944362,17691149,685169,9374648,11998927,14937640,5468344,537835,1008263,1345613,4196189,28834288,52253943,30012444,1029970,6126209,1009549,119266403,7709514,0,32770781,78786108,119266403,152238,60288808,-39607433,46817901,47927182,97147945,67135501,0,317894,30212270,33555817,785036,3479805,3699987,867,338,1754211,218381,1972592,288,0,128977,388924,243739,160173,298910,176375,129534,57852,154412,15315,878693,61661,365906,0,300441,40609,106901,0,975508,68008,414375,0,341391,45656,127654,0,2005
106190470,little company of mary hospital,1/1/2005,12/31/2005,365,audited,excl. ind. audit,los angeles,11,0931,non-profit,general,comparable,,(310)540-6767,4101 torrance blvd,torrance,90503-4607,blair contratto,ceo,,providence healthcare systems,ana marie c. pagsisihan,little company of mary health services,0,05-0353,hsc30353f,,434,390,384,38188,18845,6935,2743,0,2239,23154,0,1494,93598,6624,2998,1023,660,0,282,6464,0,551,18602,273,0,0,0,161,0,63904,0,0,0,29694,0,15639,0,0,0,2963,0,59.1,65.8,5,4.1,26,5662,2384,51081,18562,5792,8628,0,5354,74744,767,8614,173542,55857,20909,52270,49574,0,11,600690,361395,3894,4096,1741,829,832950909,637053600,0,195897309,5210713,207854988,-6746966,597267,176698,0,0,-6326397,189857790,54540244,588552875,263327055,76327388,54686274,14571785,0,19337954,173794014,0,10360439,612404909,57445793,18886835,9337602,9631890,0,8657430,102200876,1127166,13258408,220546000,252161685,79859549,56496339,20848513,0,0,21091025,188530171,9706486,0,8359832,0,0,0,0,0,0,68533247,15335345,6975843,3297068,0,6649997,80261408,0,14844401,0,5009883,0,597267,0,0,43370897,18733930,75754385,0,0,0,0,26290682,7544453,22384767,13775874,63475591,29774903,750416,15623511,36433128,31147991,18565338,1551943,2501929,3055269,4974969,49598121,11833563,141781809,5953992,65360357,3136960,277664802,17754565,0,142695200,117215037,277664802,66146,92147166,-56742422,160562782,95847970,275389918,133608109,0,815720,134719048,143725296,1030096,63333794,15600714,1439,557,2813346,392139,3205485,812,0,197764,584862,809204,59020,290672,410469,171328,77481,179266,33280,1017124,354057,764745,0,410672,97329,169419,0,1134710,396194,877446,0,469013,109980,218142,0,2005
106390923,lodi memorial hospital,1/1/2005,12/31/2005,365,audited,incl. ind. audit,san joaquin,06,0505,non-profit,general,comparable,,(209)334-3411,975 s. fairmont ave,lodi,95240,joseph p. harrington,ceo,http://www.lodihealth.org,lodi memorial hospital association  inc.,cynthia butler,lodi memorial hospital association,0,05-0336,hsc00336f,,170,170,145,19393,187,12876,1754,0,366,6853,436,1024,42889,3222,53,955,652,0,75,2144,108,230,7439,110,0,0,24,36,0,29918,0,0,2613,10358,0,7132,0,0,278,29,0,69.09999999999999,69.09999999999999,5.8,4.4,15,2227,1305,56748,1844,25101,36208,0,28401,43199,260,15920,207681,20663,91452,18601,73706,0,6,184620,131460,1655,2169,838,467,600598348,499714826,955181,101838703,765299,95022846,7581156,5194734,1454574,0,0,11321316,177805090,57950553,364842705,206998101,2959228,102701512,18908122,0,5065405,82389353,4704955,13062959,436789635,54692425,1781988,14205071,19744961,0,8112022,53914244,976423,10381579,163808713,228279146,4234923,102758434,35304918,0,0,6845296,89187287,18246505,0,5933549,0,8924768,0,716385,0,238796,32090283,506092,10480872,4064550,0,6326330,45804919,21357,2544300,0,0,2001200,2927069,0,0,20528960,14025057,29681277,0,0,0,0,14914884,3808102,8896334,3168232,44823864,13017454,5143067,1492693,15561985,5213744,4113051,1051439,703152,302892,3599505,35107334,31531378,27581676,7392590,185989,0,101798967,12234285,0,5705000,83859682,101798967,11372960,94374162,-76974000,32449986,34207849,71157599,43575923,0,0,6960000,6960000,1255000,1066938,0,906,297,1720139,186093,1906232,125,0,129239,418716,386812,33764,196573,380063,144334,9420,3699,17519,458129,265369,375601,0,319311,117209,152019,32501,508341,291853,416846,0,353918,131425,168986,34863,2005
106364014,loma linda univ behavioral medicine ctr,1/1/2005,12/31/2005,365,audited,incl. ind. audit,san bernardino,12,1209,non-profit,psychiatric,comparable,,(909)558-9200,1710 barton road,redlands,92373-5304,ruthita j. fike,ceo,,loma linda university medical center,jeff clark,clark koortbojian & associates inc.,0,05-0493,,hsp34093g,89,89,89,3335,1977,2526,1746,179,1282,15124,0,937,27106,575,294,397,242,21,134,2482,0,118,4263,0,71,18,0,0,0,0,22043,5063,0,0,0,0,3547,716,0,0,0,83.40000000000001,83.40000000000001,6.4,6.4,0,0,0,1288,119,25,0,0,1328,19984,0,1913,24657,0,0,0,0,0,0,0,0,0,0,0,0,44755647,28679068,0,16076579,585922,21684172,-5021671,0,0,0,0,-5021671,31605990,9488548,3661109,3997522,2454289,3329518,2238136,220677,1520606,19348707,0,1223802,34333257,1231811,125002,13456,0,0,485696,8176019,0,390406,10422390,2369565,1382788,2119254,1109051,0,73309,747694,12854120,7531174,0,435536,0,56577,0,0,0,0,1840851,770196,1193757,1129085,147368,810174,9443561,0,741587,0,3500000,0,0,0,0,9112243,2623461,696020,0,0,0,421054,2791739,1154499,3583057,1302099,10442087,3275135,756046,704692,688813,3749235,667862,77599,135241,630823,556639,7762530,0,6765922,127081,0,504425,15159958,8467140,0,13454181,-6761363,15159958,20784,8659629,-4734841,11832122,3295345,16229018,9463096,0,13454181,0,13454181,0,3500000,1394244,224,113,434462,31956,466418,62,7,45398,89506,76866,44862,112676,56614,0,7011,0,1529,287711,69269,2919,0,4318,21822,48423,0,305038,75824,3153,0,4576,24073,53754,0,2005
106361246,loma linda university medical center,1/1/2005,12/31/2005,365,audited,excl. ind. audit,san bernardino,12,1209,non-profit,general,comparable,teaching,(909)558-4000,11234 anderson street,loma linda,92354-2804,b. lyn behrens ,president,www.llu.edu/llumc,loma linda university adventist health sciences center,jennifer floyd,clark koortbojian & associates inc.,1,05-0327,hsc30327g,hsp30327g,789,768,753,35384,6140,73425,13019,1562,10234,48055,5766,4774,198359,5647,1128,8645,2588,250,2157,9042,685,1187,31329,720,0,0,69,0,0,183765,0,0,14594,0,0,29110,0,0,2219,0,0,68.90000000000001,70.8,6.3,6.3,12,5231,2387,113063,3795,119835,39916,429,72617,164217,4766,14193,532831,57070,75121,39556,311751,0,27,2100371,744934,11343,11238,1992,871,2434120810,1729700532,945849,705366127,59487583,721111053,43742657,19593704,10202387,0,0,53133974,751639741,168898830,1513582239,347045073,71295646,644631218,89173488,19451357,109700128,452033110,47287436,45358624,1825976080,163602088,10347071,104473532,39603339,1141208,79285374,197044251,8027685,4620182,608144730,373959821,38301573,599188069,108050458,-19043052,17032424,135543649,367860036,37389413,0,60925657,0,10492484,0,687666,0,258183,136687340,43341144,163401817,21361415,3560141,53441853,281475508,0,2096909,0,0,9379215,8496494,0,0,155078535,58444871,220805681,0,0,809366,41964267,122672648,17737898,75686968,27910819,284620205,98623408,25610084,11177196,133320642,78165153,27847580,7162513,3185419,9345182,42053671,155975340,121623249,220998834,80527995,79659392,5074163,663858973,160749951,0,225580270,277528752,663858973,13353623,442605998,-343457705,156527702,396306622,670407141,449408307,0,0,233940270,233940270,8360000,0,0,5561,2213,11173885,553269,11727154,686,400,747071,2527428,3636702,179836,786272,1360279,290936,1485305,53293,106763,3453160,1072269,2575076,1181393,1407557,577674,898613,8143,3660933,1116082,2763140,1183241,1462698,600177,932355,8528,2005
106420491,lompoc healthcare district,7/1/2004,6/30/2005,365,audited,incl. ind. audit,santa barbara,10,0805,district,general,comparable,small/rural,(805)737-5700,508 east hickory,lompoc,93436-7337,james j. raggio,administrator,www.lompochospital.org,lompoc hospital district,jennifer hatch,hfs consultants,0,05-0110,,zzt30110f,170,170,170,4994,509,995,30689,125,1124,795,0,6444,45675,943,83,193,526,34,411,318,0,252,2760,60,0,0,0,110,0,7874,0,0,0,37801,0,2516,0,0,0,244,0,73.59999999999999,73.59999999999999,16.5,3.1,10,1154,513,20063,418,1864,10121,478,16975,8649,0,4459,63027,19881,0,0,41495,0,4,83362,176230,620,3121,389,124,71556653,37616796,0,33939857,604839,34718887,-174191,1841311,5170,0,0,1661950,15281195,8373696,47901762,11027111,747732,1180240,10064247,346481,3415985,2544852,0,4325585,33652233,12245009,342294,909388,5635398,413319,11115484,4841980,0,2401548,37904420,13502811,592389,1132787,6910600,-460453,537996,7935523,5080022,2113521,0,271600,0,0,0,0,0,0,9769309,497637,1417294,8789045,221804,6595946,2306810,0,4342012,325358,0,919695,-57,636248,0,8557291,2083562,11473774,0,0,0,0,6029337,1434487,3592833,1547603,13941197,4932726,208834,2701230,6207046,2439554,1904637,218967,298190,270376,1596130,8441997,7051372,7458531,442625,0,450602,23845127,6520581,0,4365000,12959546,23845127,2343785,7279101,-2247465,14219323,17532732,33776982,26318451,0,0,4710000,4710000,345000,0,0,385,108,751680,100884,852564,88,0,73844,138472,103001,17191,104669,151245,98260,12582,52368,48,259718,48652,153653,0,168566,45795,75296,0,298852,52012,172496,0,186455,56285,86464,0,2005
106190525,long beach memorial medical center,7/1/2004,6/30/2005,365,audited,incl. ind. audit,los angeles,11,0933,non-profit,general,comparable,teaching,(562)933-2000,2801 atlantic avenue,long beach,90806-1737,byron schweigert,ceo,www.memorialcare.org,memorial health services,donna j. anglin,memorial health services,2,05-0485,hsc30485g,hsp30485g,462,462,338,48392,5516,17139,4398,979,2485,36661,0,4242,119812,8271,1411,2705,938,205,430,8983,0,994,23937,378,0,0,42,42,0,104659,0,0,9392,5761,0,22621,0,0,747,569,0,71.09999999999999,71.09999999999999,5,4.9,0,0,0,71882,16225,13600,8550,61,16066,77319,0,10132,213835,47376,3878,44218,115558,17980,26,1579574,688047,7321,7825,0,0,1097486993,788302659,34811816,343996150,34470380,322659797,55806733,11273428,8490011,0,0,58590150,211921376,62906633,822658984,305943800,53708322,97207005,26934302,8459228,20653076,271346646,0,35945175,820197554,71056983,10238913,15786307,13548257,720239,9334601,137554582,0,19049557,277289439,249838602,81741836,89241031,33305815,0,6935942,16217760,237788337,28587964,0,34888522,-50623,9807473,31247086,1876357,0,1688373,123576815,11581771,7562354,8691337,2161495,13176113,166311319,0,10934946,0,0,996013,2035135,0,0,63898078,21994440,133291883,8602731,6338096,161526,4812976,42687561,8493549,29005634,3373323,119176006,40216747,2170718,19557397,62051146,53031226,10289439,4628302,-888186,640969,11786033,802073463,0,47103642,5063860,1752673,2591151,858584789,594328878,0,15664271,248591640,858584789,1832490,202612794,-135272846,48428016,80043580,159130905,112027263,0,0,0,16939451,1275180,717773588,524232096,2384,757,4790946,483356,5274302,913,58,260179,1479397,1105195,79904,389870,960439,50355,150886,163155,151566,1437736,490320,1641609,29261,507148,232578,415778,36516,1593185,531794,1808048,30829,553500,257857,457869,41220,2005
106301248,los alamitos medical center,1/1/2005,12/31/2005,365,audited,excl. ind. audit,orange,13,1013,investor,general,comparable,,(562)598-1311,3751 kattela avenue,los alamitos,90720,michele finney,ceo,www.tenethealth.com,tenet healthcare corporation,sandy buranathawon,tenet healthcare corporation,0,05-0551,hsc30551h,hsp30551h,167,167,167,21762,7614,2220,1023,349,420,8962,202,357,42909,3079,2023,628,352,66,135,3075,49,122,9529,142,25,0,0,0,0,36018,6891,0,0,0,0,9158,371,0,0,0,0,70.40000000000001,70.40000000000001,4.5,4.5,17,3975,1826,18709,18109,1783,2958,496,1818,43034,259,3436,90602,27294,0,0,63520,0,7,235669,343789,2392,4999,1336,449,711158588,609200748,10879025,112836865,506542,103568095,9775312,1364037,1710986,0,0,9428363,95402083,26610741,589145764,205983121,102669665,19081773,10937529,3655533,4733010,114195571,2145472,4416521,467818195,57801046,49319310,4589616,5087113,950407,4018907,114578209,453241,6542544,243340393,230809549,143893064,21407051,14903229,0,4147805,7226934,174948690,3945572,0,2816750,0,5102104,10879025,0,0,0,32974618,18974936,2055735,1111979,458135,1524983,52957064,0,2779415,0,-639288,0,0,0,0,24704858,3921800,39112724,0,0,0,0,11782544,8021715,12211499,3812955,39012104,15370108,921671,2965929,19295495,16783074,3276174,1635938,1357896,893,2948813,22142721,0,47536156,724170,95226219,2059030,167688296,10746678,0,0,156941618,167688296,0,51951687,-32038035,52267034,30993993,90141740,42605584,0,0,0,0,0,95226219,0,693,273,1314068,169210,1483278,174,0,114985,282596,420748,23513,124072,267619,15402,24027,40497,609,526780,72734,400060,0,79833,101088,133573,0,602391,77929,451211,0,87922,117943,145882,0,2005
106190198,los angeles community hospital,1/1/2005,12/31/2005,365,audited,excl. ind. audit,los angeles,11,0925,investor,general,comparable,,(323)267-0477,4081 east olympic boulevard,los angeles,90023-3330,david topper,cep/president,www.losangelescommunityhospital.com,alta healthcare system  llc,jack lahidjani,alta healthcare system  llc,0,05-0663,hsc30563f,,187,187,187,11017,1015,18510,4731,0,289,712,1756,1233,39263,1760,218,3021,1516,0,109,246,179,172,7221,157,0,0,0,30,0,28480,0,0,0,10783,0,7206,0,0,0,15,0,57.5,57.5,5.4,4,16,1136,431,1732,70,4103,4696,0,375,719,1470,1015,14180,16060,0,0,6,0,3,81626,40646,1136,751,180,254,233551822,182090888,0,51460934,213082,47951572,3722444,3442072,0,0,0,7164516,52419258,3991133,177141431,54388824,4695140,117560013,22712470,0,1815078,4483872,1615551,4508376,211779324,5867791,166525,7349457,3807317,0,616484,1067906,2619322,277696,21772498,41735065,4037820,102641331,21971860,-7574004,0,1649640,3928585,3743823,0,9393910,0,562858,0,0,0,0,18521550,823845,24977075,4253958,0,781922,1623193,0,479391,0,0,0,0,0,0,13260401,2464169,12489627,0,0,0,0,4754598,1140466,11170399,2671912,19844378,5223971,0,2453791,5687157,4039542,653714,499584,608487,1175809,7765139,15774988,0,4205803,4100,0,0,19984891,14490259,0,0,5494632,19984891,0,40508574,-29983611,0,5482941,9012595,4806792,0,0,0,0,0,296207,5073031,513,210,915020,167028,1082048,107,0,76647,184939,260922,112760,62711,100546,88871,13143,14481,0,465838,37190,137606,0,150575,45259,78552,0,573593,39828,157400,0,175189,50037,86001,0,2005
106190854,los angeles metropolitan medical center,9/1/2004,8/31/2005,365,audited,excl. ind. audit,los angeles,11,0925,investor,general,comparable,,(323)730-7300,2231 south western avenue,los angeles,90018-1302,john fenton,ceo,,pacific health corporation,larry natsume,pacific health corporation,0,05-0644,hsc30644f,hsp60644f,213,210,210,21496,487,17635,1008,0,929,191,410,481,42637,2807,55,2834,351,0,167,36,51,55,6356,115,98,0,0,0,0,12264,30373,0,0,0,0,3028,3328,0,0,0,0,54.8,55.6,6.7,6.7,10,2446,1066,5933,12,1873,435,0,1779,317,69,27,10445,0,182,0,5911,437,4,87750,44760,705,418,694,370,169528029,129488860,1926619,41965788,114678,45642388,-3561922,0,0,-1567253,0,-1994669,59682077,1512637,108333315,65197714,1190088,61986990,7829146,0,12346369,1241879,1234328,1044137,152070651,4398205,52720,5836332,1438733,0,4704933,800135,181790,44530,17457378,51290810,846002,47995719,8553115,0,0,8606272,1832505,0,0,10243666,0,120771,18922,1035778,0,871919,18301769,415728,11867960,1718916,0,8273432,1017089,1791,369103,0,0,0,0,0,0,15150029,261391,8262773,762813,153119,0,0,6236374,2208430,10442659,2164800,21418422,5049333,1207062,354751,4316147,8131778,786383,1107036,938621,0,2332855,40931629,0,5536787,62803,192134,0,46723353,9446097,0,0,37277256,46723353,8817539,54942215,-46488009,4502017,9774709,17960319,12423532,0,0,0,0,0,21428577,0,431,158,808470,88131,896601,136,0,74038,175023,239593,29196,60645,127373,102602,0,0,0,352281,7339,134023,0,191844,50986,71997,0,390507,7862,149536,0,211487,57499,79710,0,2005
106560492,los robles regional med ctr,1/1/2005,12/31/2005,365,audited,excl. ind. audit,ventura,10,0813,investor,general,comparable,,(805)494-2727,215 west janss road,thousand oaks,91360-1899,james f. sherman,ceo,www.losrobleshospital.com,hca-the healthcare company,jeffrey n. brown,hospital management services,0,05-0549,hsc30549f,zzt30549f,265,265,200,42816,1173,2893,29,0,1170,23484,68,1213,72846,5723,306,620,10,0,243,6056,32,256,13246,196,16,0,11,42,0,59353,2139,0,3184,8170,0,12127,201,0,222,696,0,75.3,75.3,5.5,5.2,21,8835,1759,14217,4854,7386,654,0,4522,59314,1612,7188,99747,60629,0,0,56398,0,10,863941,494075,3693,3264,1230,730,665553736,454876573,0,210677163,2008242,179982753,32702652,2494831,0,13417281,0,21780202,127316858,25637043,512599835,271336911,11017719,18027319,217192,0,10706660,175094615,1367472,5794323,493562211,53503628,3073532,6418954,207335,0,5893664,98902631,1120321,2871460,171991525,254126422,10778173,22602458,392491,0,0,8101811,133724742,6696541,0,5814280,0,12639655,0,0,0,0,64278959,3045468,1355532,22375,0,8034459,133703568,-836586,1073388,0,0,0,2325774,0,0,44510732,7215524,71992893,0,0,0,0,21768331,6985013,27978480,-468220,60924556,29047122,731811,14934680,38785198,25825061,7815004,1026544,2185727,-6538766,5245816,124810241,0,65743544,3719351,5275339,10626762,210175237,14969030,0,242344,194963863,210175237,0,48366151,-10394912,65558491,44505295,122102773,56359229,0,253968,0,253968,11624,82738057,0,914,382,1818395,207988,2026383,477,0,133004,395407,649599,26026,119593,206621,163163,0,117647,7335,708109,92356,551067,0,284629,16493,165741,0,780967,102701,631444,0,306775,19378,185118,0,2005
106434040,lucile s packard chldrn hosp at stanford,9/1/2004,8/31/2005,365,audited,incl. ind. audit,santa clara,07,0429,non-profit,childrens,comparable,,(650)497-8000,725 welch road,palo alto,94304-1601,christopher dawes,ceo,www.lpch.org,lucile salter packard children's hospital at stanford,david neapolitan,lucile salter packard children's hospital at stanford,0,05-3305,hsc11103g,zzr11103g,264,264,264,317,0,17179,10154,0,2007,49120,0,424,79201,33,0,3128,1619,0,287,7825,0,261,13153,264,0,0,0,0,0,79201,0,0,0,0,0,13153,0,0,0,0,0,82.2,82.2,6,6,64,10139,4413,892,0,35006,13808,0,62446,8272,15,3729,124168,0,112898,0,8598,0,12,629239,202745,3040,2395,3700,1341,1083859822,647074084,0,436785738,27990943,421858598,42918083,8716862,0,0,0,51634945,515518697,19915643,548425482,5447990,0,205354991,130301789,0,34509852,553626948,0,1884231,931125801,1567487,0,19636909,22151572,0,9343709,97621193,48754,2364397,152734021,5190279,0,166407932,130395082,-844101,0,27326523,305099751,8518117,0,2867280,0,2113221,0,0,0,0,1645693,0,56223586,21027954,0,15008995,340964840,0,1914670,0,11809148,1144270,4672401,0,0,106898701,19189068,113001416,0,0,1279498,5071973,55863331,10281818,90748648,19524145,134200670,66660545,0,19904497,30264846,125015749,12405670,11148052,1278414,2193968,18786187,283815377,221148811,102684035,73291045,264113227,0,945052495,354138733,0,151453492,439460270,945052495,159443079,236710181,-150435707,124510262,51281281,181851465,79167430,0,0,152653492,152653492,1200000,0,15485837,1823,646,3526827,447419,3974246,880,81,262110,738451,1187056,12221,145253,665990,201083,132934,116213,65516,1347944,315354,653651,18992,460976,168779,561131,0,1523658,353073,739521,21728,513944,190518,631804,0,2005
106121002,mad river community hospital,7/1/2004,6/30/2005,365,audited,incl. ind. audit,humboldt,01,0105,investor,general,comparable,,(707)822-3621,3800 janes road,arcata,95521,allen shaw,president,,american hospital management corporation,richard w. lakey,richard w. lakey-cpa,0,05-0028,,zzr00028f,80,48,40,4300,0,1985,0,297,1913,0,0,565,9060,1037,0,628,0,94,602,0,0,152,2513,80,0,0,0,0,0,9060,0,0,0,0,0,2513,0,0,0,0,0,31,51.7,3.6,3.6,6,904,499,47459,0,18543,0,2349,32684,0,0,11707,112742,20388,6395,15072,65836,0,2,60350,141026,1191,5060,319,185,92536386,63743185,0,28793201,231429,34390211,-5365581,32224,1699,0,0,-5335056,10159190,11926163,70451033,15596180,0,7397862,0,1105427,8288555,0,0,1957351,34345375,21886763,0,9730788,0,1454024,20449735,0,0,4669701,58191011,24259414,0,15534304,0,0,2004340,17321961,0,4069083,0,0,0,554083,0,0,0,0,12988004,0,1554854,0,555111,11416329,0,0,2278903,0,0,0,8224,0,0,4895295,5581175,12975159,0,0,0,0,4201392,1766761,2847278,2123151,13327101,6707675,811848,2313893,5048508,2371365,894937,250152,754758,577108,1332866,8353638,0,10306407,86144,0,155685,18901874,15326110,0,5599525,-2023761,18901874,162479,17400611,-10453995,12375200,10793546,23235421,12929014,4665993,1213532,0,5879525,280000,0,5035106,326,114,598405,85809,684214,72,0,56426,72635,189304,14104,33120,144119,67526,14355,6816,0,121972,109391,167271,0,113278,41467,45026,0,133734,126331,199015,0,128650,46501,49983,0,2005
106201281,madera community hospital,7/1/2004,6/30/2005,365,audited,incl. ind. audit,madera,09,0601,non-profit,general,comparable,,(559)675-5555,1250 east almond avenue,madera,93637-5606,john w. frye,administrator,www.maderahospital.org,madera community hospital,diane neff,madera community hospital,0,05-0568,hsc00568g,,103,103,103,11789,25,6863,62,1375,2731,2869,0,898,26612,1697,3,2000,17,237,609,811,0,231,5605,103,0,0,0,0,0,26612,0,0,0,0,0,5605,0,0,0,0,0,70.8,70.8,4.7,4.7,0,0,0,16135,5,27816,566,4861,6421,9023,0,12124,76951,25854,29015,8330,13400,0,6,111710,182392,1742,3383,1244,420,133985969,76067816,0,57918153,1110377,57742862,1285668,314888,0,0,0,1600556,26621472,11596841,95767656,38355215,86228,20906560,166877,5163105,8625094,9734959,0,2493591,85531629,12494565,8462,14457446,219873,3345267,5068208,9314653,0,3545866,48454340,30836519,50246,21115486,202065,-2361273,5487941,11171177,4185006,4578549,0,664482,0,137618,0,0,0,0,19974430,44444,16562440,182808,3004977,2341852,14606693,0,1200509,0,0,152447,123750,0,0,11327525,7702431,21305112,0,0,0,0,8639238,1683495,4908059,2177002,26608970,8250953,1038756,2600733,9839466,4085348,1693118,749864,925544,104875,1845235,20084912,225380,14213761,710223,1221663,0,36455939,7448393,0,2340916,26666630,36455939,5278127,29533628,-19902622,18417337,21785406,41356674,27142913,0,0,2880000,2897466,556550,0,0,664,186,1282184,133225,1415409,70,0,102578,298592,193923,69416,123814,288328,160793,11403,32151,1186,330397,207291,337197,0,242708,50488,114103,0,363638,225670,374831,0,266609,57426,127235,0,2005
106260011,mammoth hospital,7/1/2004,6/30/2005,365,audited,incl. ind. audit,mono,12,1205,district,general,comparable,small/rural,(760)993-4331,85 sierra park road,mammoth lakes,93546,gary myers,ceo,www.mammothhospital.com,southern mono healthcare district,carlos jimenez,phm  inc.,0,05-0638,,hsp30668g,15,15,15,242,18,453,1,28,809,89,0,239,1879,92,7,171,1,10,308,34,0,91,714,15,0,0,0,0,0,1879,0,0,0,0,0,714,0,0,0,0,0,34.3,34.3,2.6,2.6,0,0,0,2999,113,3013,31,783,20217,1212,0,6165,34533,8464,39002,0,0,0,2,87471,45151,439,554,119,37,45307125,11959895,0,33347230,181425,32974364,554291,2209777,0,0,0,2764068,3034535,10357679,31914911,2841663,157124,2380356,5204,318142,8806681,1164727,0,2510525,18184422,2619059,168033,1774063,19953,483956,15874377,1183589,0,4999673,27122703,2584592,152693,1864184,12201,0,365000,3644825,240480,1242961,0,10138,0,1842821,0,0,0,0,2726284,163544,2175613,12956,415087,20359148,2043394,0,5451204,0,0,0,0,2209777,0,2932806,10472827,8446602,0,0,0,0,4618394,2040709,3409485,1053541,14561432,4447108,5382930,537945,3391064,1393262,1157655,632392,92116,183961,1194499,19257241,9855226,14790001,11088074,0,768712,55759254,5332361,0,24492875,25934018,55759254,10245738,12455583,-5087781,14394560,5247817,21617101,6827100,0,19948422,0,24973986,481111,0,0,273,59,500776,71141,571917,20,0,88068,75116,93547,2041,26881,172839,33145,4605,4534,0,53533,143847,95662,0,88134,59679,59921,0,62230,164366,110905,0,99292,66981,68143,0,2005
106420493,marian medical center,7/1/2004,6/30/2005,365,audited,incl. ind. audit,santa barbara,10,0803,non-profit,general,comparable,,(805)739-3000,1400 e church st,santa maria,93454-5906,charles cova,president/ceo,www.marianmedicalcenter.org,catholic healthcare west,james r. saurenmann,saurenmann & associates,0,05-0107,hsc30107g,zzt30107g,262,262,162,27679,2730,4481,10089,865,810,8226,819,1865,57564,3801,527,1863,1629,172,227,2647,195,144,11205,167,0,0,0,95,0,40676,0,0,0,16888,0,10891,0,0,0,314,0,60.2,60.2,5.1,3.7,24,5957,3049,96629,5094,11969,33267,1855,10178,69083,19059,12584,259718,48039,0,40858,165852,0,7,373955,183221,3260,2607,1974,1055,491622144,356189127,0,135433017,1520559,125581271,11372305,746421,1108040,0,0,11010686,89684868,37369512,364567764,145314263,18508559,26206668,41626391,5845068,4547302,64160878,5845068,5523157,317577354,61967816,3542446,7694842,23956392,1463921,3489824,62571680,1457736,7900133,174044790,151674540,16131947,23396099,58743857,0,6491745,4701180,75415625,11163965,0,5784437,0,2685732,0,0,0,0,55047915,5859524,10459172,6838926,817244,3300229,49385122,0,3724885,0,-1238001,282371,395974,0,0,23141352,15051365,39399899,0,0,0,0,18275422,3868588,18882713,6961932,44425290,23055402,673703,7789821,21218408,12177991,5631424,1728075,2057455,2012691,4811011,53564432,1309726,45273251,4815839,11637873,0,116601121,26577401,857974,30559116,58606630,116601121,28139651,73536896,-53306080,67611528,45201333,129283962,84010711,0,292522,19570295,33196152,2637036,1880585,7133421,1104,400,2202034,272916,2474950,264,0,253351,394972,473764,100523,258688,305859,177277,58079,68426,111095,623882,315054,545415,0,348460,115717,253506,0,708000,351862,608620,0,382576,131624,292268,0,2005
106244027,marie green psychiatric center -phf,7/1/2004,6/30/2005,365,audited,incl. ind. audit,merced,06,0515,city/county,psychiatric,phf,,(209)381-6879,300 east 15th street,merced,95340,troy dean fox,director ,,county of merced,debbie rodriguez,merced co dept of mental health,0,,,,16,16,16,0,0,0,2704,0,1430,0,0,0,4134,0,0,0,426,0,230,0,0,0,656,0,16,0,0,0,0,0,4134,0,0,0,0,0,656,0,0,0,0,70.8,70.8,6.3,6.3,0,0,0,0,0,0,0,0,0,0,0,0,0,0,0,0,0,0,0,0,0,0,0,0,0,3333716,0,0,3333716,0,3333716,0,0,0,0,0,0,3333716,0,0,0,0,0,0,0,0,0,0,0,0,0,0,0,0,0,0,0,0,0,0,0,0,0,0,0,0,0,0,0,0,0,0,0,0,0,0,0,0,0,0,0,0,0,0,0,0,0,0,0,0,0,0,0,0,0,0,0,0,0,0,0,0,0,0,0,0,0,0,0,0,0,0,0,0,0,0,0,0,0,0,0,0,0,0,0,0,0,0,0,0,0,0,0,0,0,0,0,0,0,0,0,0,0,0,0,1,0,0,0,0,0,0,0,0,0,0,0,0,0,0,0,0,0,0,0,0,0,0,0,0,0,0,0,2005
106211006,marin general hospital,1/1/2005,12/31/2005,365,audited,incl. ind. audit,marin,04,0405,non-profit,general,comparable,,(415)925-7000,250 bon air road,san rafael,94904,david bradley,ceo,http://maringeneral.sutterhealth.org,marin health systems  inc.,jean johnson,marin general hospital,3,05-0360,hsc00360g,,235,235,148,21605,0,6261,0,2197,2027,12231,192,462,44975,4544,0,1729,0,524,568,3691,42,101,11199,218,17,0,0,0,0,40405,4570,0,0,0,0,10533,666,0,0,0,0,52.4,52.4,4,4,15,3827,1567,34998,0,9754,0,3454,6893,45654,1053,5085,106891,35037,0,0,70652,0,11,400523,262725,2784,3638,1277,490,780118464,552871264,257438,227504638,6372585,232838957,1038266,13943915,4704348,0,0,10277833,214293611,71459033,494365820,267671459,0,54098549,0,24917398,29518200,155682036,2869095,5925873,540682610,81963162,0,20092860,0,7026738,13586740,105518739,1737403,9510212,239435854,286182524,0,63599731,0,0,25802962,9372666,128244726,11362505,0,6757389,0,21548761,0,0,0,257438,57803017,0,9755219,0,6010301,28798372,116565544,-3,8572188,0,2517267,440051,11134112,0,0,45534596,11995553,91858164,0,0,0,0,37879926,9231274,27477203,8862241,72930630,37423373,6720964,13987432,32130132,25220377,14087476,3635049,1132962,3202976,22367586,51243418,0,53409940,1722934,20742513,324675,127443480,26436171,0,10674402,90332907,127443480,2599931,125612450,-88591676,0,91304434,136172741,82762801,0,45186,9011818,10685646,11244,2649809,4766810,998,311,2052416,232938,2285354,266,0,93306,470164,515613,13243,118413,371962,166564,93967,127255,81929,623267,109154,578337,0,393091,150347,198220,0,691121,119638,648089,0,440775,169118,216613,0,2005
106050932,mark twain st. joseph's hospital,7/1/2004,6/30/2005,365,audited,incl. ind. audit,calaveras,06,0503,non-profit,general,comparable,small/rural,(209)754-3521,768 mountain ranch road,san andreas,95249-9707,michael lawson,administrator,www.marktwainhospital.com,mark twain st. joseph's healthcare corporation,tracy moziak addleman,hfs consultants,0,05-0366,,zzr00366g,48,48,26,4405,0,964,0,107,1429,0,0,290,7195,998,0,304,0,27,437,0,0,83,1849,36,0,0,0,12,0,6998,0,0,0,197,0,1811,0,0,0,38,0,41.1,41.1,3.9,3.9,4,236,128,9383,0,13407,0,1443,18960,0,0,6445,49638,10449,38813,0,0,0,3,40407,78649,508,1270,108,28,79673303,42355157,0,37318146,494813,34250723,3562236,233048,33349,0,0,3761935,11471191,8676559,59525553,22192710,0,5661291,0,859697,8481356,0,0,854796,38049850,16110553,0,5448897,0,1081040,17054351,0,0,1928612,41623453,25403198,0,5565765,0,0,1132515,6642552,0,2311489,0,1100785,0,198853,0,0,0,0,11788831,0,5222093,0,751918,18152292,0,0,1403012,0,0,93437,139611,0,0,4371823,6259697,10450127,0,0,0,0,3924505,1662374,5463209,2118988,11938627,6713405,1791367,539304,3811044,4605955,1441707,1410978,780514,522634,695188,13843211,0,15657666,137808,1417246,0,31055931,3631884,0,8000000,19424047,31055931,7482446,11571479,-6964870,14934966,6838103,25588207,9930541,0,0,8438477,8438477,438477,0,0,250,56,461414,67069,528483,41,0,58234,79007,86530,9955,19295,115714,42856,41449,8374,0,75521,93352,108801,0,81789,32297,69654,0,86771,107012,125173,0,93259,36801,79467,0,2005
106090933,marshall medical center,11/1/2004,10/31/2005,365,audited,incl. ind. audit,el dorado,02,0304,non-profit,general,comparable,small/rural,(530)626-2786,1100 marshall way,placerville,95667,james whipple,ceo,www.marshalmedical.org,marshall medical center,jennifer floyd,clark koortbojian & associates inc.,0,05-0254,,zzr00254f,105,105,105,17850,0,3148,0,508,4880,0,0,458,26844,3453,0,870,0,114,1546,0,0,106,6089,91,0,0,0,14,0,22760,0,0,0,4084,0,5642,0,0,0,447,0,70,70,4.4,4,6,1136,640,96375,0,36937,0,4733,119510,0,0,6941,264496,26195,91051,11821,134330,0,11,172101,388080,1540,5041,439,165,363452408,250260922,0,113191486,1317679,109385851,5123314,2624520,1126022,0,0,6621812,57184839,42375628,263891941,129085397,0,27327348,0,3760851,47146065,0,0,3010616,210330277,56480616,0,21670341,0,4001866,67389542,0,0,3579766,153122131,142843705,0,39399666,0,0,3512571,52027016,0,8995023,0,2274150,0,1208791,0,0,0,0,42722308,0,9598023,0,4250146,53357513,0,0,3263496,0,0,0,160105,0,0,17799305,20626083,28165538,0,364295,0,0,16372630,6578630,13185010,6294360,45623183,20357118,9040201,2302425,12345769,5176672,6552370,1409430,515218,2257496,3805969,39171539,11817696,55189516,10494102,39922675,4794745,161390273,22041971,0,84494354,54853948,161390273,15401518,51667221,-31039241,61617118,49013671,121034571,65845055,0,0,85460000,86259354,1765000,0,0,935,219,1748903,260461,2009364,123,0,123136,376671,340953,10149,104381,490934,130782,107306,17914,46677,372063,287086,326749,0,314477,200776,247752,0,427073,322187,403546,0,355165,225187,276206,0,2005
106450936,mayers memorial hospital,7/1/2004,6/30/2005,365,audited,incl. ind. audit,shasta,01,0210,district,general,comparable,small/rural,(530)336-5511,43563 hwy 299 e,fall river mills,96028,jerry fikes,administrator,www.mayersmemorial.com,mayers memorial hospital district,carlos jimenez,phm  inc.,4,05-0406,,zzr00406f,119,119,119,1411,0,27507,0,0,306,0,0,3633,32857,324,0,231,0,0,136,0,0,30,721,20,0,0,0,99,0,2091,0,0,0,30766,0,681,0,0,0,40,0,75.59999999999999,75.59999999999999,45.6,3.1,2,84,94,2710,0,1373,0,0,2797,0,0,2832,9712,4633,3453,0,0,0,1,20265,30435,156,419,67,27,21697271,7651753,0,14045518,750859,15478093,-681716,613625,113923,0,0,-182014,7911638,2758466,11027167,2486215,0,6319275,0,0,1050072,0,0,1062299,10917861,4663817,0,2077084,0,0,3361626,0,0,676883,10779410,3614822,0,2652845,0,-312765,0,385606,0,929118,0,191591,0,190536,0,0,0,0,3535210,0,6056279,0,0,3359687,0,0,1094342,0,0,30000,19965,492366,0,4132317,1763730,3896109,0,0,0,0,2755423,641586,1312890,976038,7091714,2372748,245830,551397,2084926,1086162,635704,257105,28005,395526,728976,3969467,45752,5508513,0,0,1537618,11061350,2557035,0,6839349,1664966,11061350,176293,5765751,-2445808,9546628,5334592,15069048,9560535,0,0,6200000,7199349,360000,0,0,207,81,386054,44278,430332,10,0,30579,33791,34322,36318,97448,78359,75237,0,0,0,159385,41914,41528,0,91682,22161,29384,0,178133,46159,46591,0,101825,24415,33209,0,2005
106240924,memorial hospital los banos,1/1/2005,12/31/2005,365,audited,incl. ind. audit,merced,06,0517,non-profit,general,comparable,small/rural,(209)826-0591,"520 west ""i"" street",los banos,93635,paul dyer,administrator,www.memoriallosbanos.org,memorial hospitals association,karen updegraff,memorial hospital association,0,05-0528,hsc00528f,zzr00528f,48,48,48,4029,0,2063,30,17,1251,0,159,245,7794,546,0,834,12,5,442,0,40,68,1947,48,0,0,0,0,0,7794,0,0,0,0,0,1947,0,0,0,0,0,44.5,44.5,4,4,10,1412,700,8479,0,20691,734,252,12214,0,871,3622,46863,18999,14410,0,14333,0,2,34680,24125,527,449,473,226,120632273,87974997,0,32657276,96336,34055448,-1301836,286872,3163534,0,0,-4178498,15480987,15248258,89903028,25908665,0,14559354,193301,140147,9825660,0,1091528,1517806,53236461,16946521,0,21931957,899405,654358,21345501,0,1096315,4521755,67395812,36299232,0,26191731,991097,0,754071,12312041,0,6378485,0,4953234,0,95106,0,0,0,0,6555954,0,8242217,101609,26347,17424679,0,9038,297432,0,4448108,0,183314,0,0,5950796,4525756,9127296,0,0,0,0,5149790,1775898,5835027,1690885,11505365,5666512,2147174,1963911,3537468,4719871,1256026,165160,636582,0,2457379,6082478,0,8924177,1846836,0,0,16853491,10403045,0,0,6450446,16853491,26184,14022204,-9965526,6133864,10667828,17568483,8644306,0,0,0,0,0,0,5822533,223,59,442157,50787,492944,17,0,48966,84692,84922,21180,16101,93760,55575,7223,29682,56,111589,80296,91851,0,72719,20798,64904,0,121417,87691,103351,0,82203,23442,74840,0,2005
106500939,memorial hospital modesto,1/1/2005,12/31/2005,365,audited,incl. ind. audit,stanislaus,06,0511,non-profit,general,comparable,,(209)526-4500,1700 coffee road,modesto,95355,david benn,administrator,,memorial hospitals association,cheryl haygood,memorial hospital modesto,2,05-0557,hsc00557f,zzr00557f,313,313,263,27980,20781,11861,2531,167,20054,5315,1385,1449,91523,4441,3867,1952,582,43,5518,1485,279,274,18441,313,0,0,0,0,0,91523,0,0,0,0,0,18441,0,0,0,0,0,80.09999999999999,80.09999999999999,5,5,31,3842,1890,30294,26143,13181,7578,354,41121,16184,1611,10902,147368,63490,0,44202,41008,1949,16,904695,556865,5700,9367,1357,657,1534142386,1252416574,85620900,367346712,5424893,311235857,61535748,7536017,1090498,0,0,67981267,325084048,85271733,1123786605,340857663,269435143,133799421,23941609,3656692,273476201,68320307,17480892,18344884,1149312812,71828492,63698129,30359583,14894756,1450116,146904534,39152922,3914577,12626465,384829574,357942592,328409038,150090873,34974634,0,4934759,217195329,102987826,32730233,0,22029361,0,1121929,61847757,0,0,23773143,54743563,66571991,14068131,3861731,172049,194043471,28258546,106939,5520291,0,-57265676,141953,5221662,0,0,64322728,28607672,98044422,25209216,4014693,0,0,38257900,6101959,25801181,20876086,121251134,28212145,5108523,10481743,62439422,43931603,16582211,1451243,2825853,3332231,15619749,70906131,105901067,112137083,93274905,5458394,8681379,396358959,59142061,0,169821568,167395330,396358959,10375322,164148806,-120882075,117988000,144770889,270753772,158616689,0,0,169038989,171046568,1225000,6276080,788619,2183,746,4112186,588043,4700229,737,0,281606,823045,1142600,22637,386385,884932,410271,1762,158678,270,1320760,469921,869255,0,777266,273384,364239,37361,1504243,541548,991738,0,890164,314589,416309,41638,2005
106190521,memorial hospital of gardena,7/1/2004,6/30/2005,365,audited,excl. ind. audit,los angeles,11,0929,investor,general,comparable,,(310)532-4200,1145 west redondo beach blvd.,gardena,90247-3528,steve popkin,ceo,www.health-plus.net/hosp_gardena.html,healthplus+,catherine matsuda,healthquest consulting,0,05-0468,hsc30468i,,172,172,172,13212,657,26884,2157,0,613,627,0,1730,45880,2014,84,1819,539,0,137,100,0,340,5033,103,0,0,0,69,0,22620,0,0,0,23260,0,4961,0,0,0,72,0,73.09999999999999,73.09999999999999,9.1,4.6,18,2639,1166,3252,744,5536,7444,0,1545,3277,2,5744,27544,27885,7865,0,5210,1786,5,126279,61360,717,903,729,461,230939975,174716420,3966022,60189577,2654000,63034215,-190638,835244,814731,0,0,-170125,40267795,19251526,171420654,59759707,4067462,93857624,11233909,0,3667541,3811820,0,10244371,186642434,8265480,901464,9705441,11360576,0,2578015,4351137,660,7134768,44297541,43764886,675349,91660731,19177599,-5380472,0,4571759,6557557,9454334,0,2209974,0,2024703,0,3966022,0,0,24258616,4293577,15073492,7382908,0,1673797,1529470,0,5977717,0,0,0,368037,0,0,16641457,3981542,18900362,3058729,0,0,0,4795146,2123178,10079688,3454113,22894774,4225176,527963,7319631,8077868,13181908,1437147,1042424,-214675,2104363,2437636,26730427,0,10754428,3508730,0,0,40993585,27574353,0,15655134,-2235902,40993585,1711833,33840334,-25462236,7830045,7046304,17642489,6888061,0,1359318,0,21132502,5477368,6696538,5608834,509,221,1066382,98028,1164410,162,0,69408,204980,293310,52900,113768,162069,63349,0,77217,29381,432404,79147,244505,0,127576,82615,100135,0,473406,84933,267607,0,138439,91634,108391,0,2005
106231013,mendocino coast district hospital,7/1/2004,6/30/2005,365,audited,incl. ind. audit,mendocino,01,0111,district,general,comparable,small/rural,(707)961-1234,700 river drive,fort bragg,95437-5403,bryan ballard,ceo,,mendocino coast district hospital,jennifer floyd,clark koortbojian & associates inc.,0,05-0569,,zzr00569f,52,52,52,5998,0,1112,0,201,1225,0,0,270,8806,1063,0,271,0,52,364,0,0,71,1821,37,0,0,0,15,0,5483,0,0,0,3323,0,1540,0,0,0,281,0,46.4,46.4,4.8,3.6,0,348,187,11171,0,5486,0,738,6616,0,0,1482,25493,10662,4325,9426,0,0,2,47918,101103,429,2075,149,38,73235934,43122063,0,30113871,300404,32558521,-2144246,1067530,0,0,0,-1076716,8314555,11779063,53142316,17567875,0,3704098,0,918019,5549741,0,0,1141902,28881635,19409822,0,6842153,0,1761698,14122525,0,0,2218101,44354299,23291694,0,7720337,0,0,2609869,7646519,0,1204128,0,623320,0,26196,0,0,0,0,13686003,0,2825914,0,69848,12025747,0,0,1506359,0,0,671,179038,847055,0,4912391,5034487,11089331,0,0,0,0,4394832,2095826,4007693,1023961,11186690,6954210,1583659,2589768,5069776,2117689,852575,296150,155679,296383,1455942,7652507,5090339,11554598,3190683,0,198580,27686707,8513978,0,8603655,10569074,27686707,373505,10215171,-6260000,13860143,11463877,26466071,14911473,0,103799,8731364,8835163,231508,0,0,234,67,451823,49180,501003,35,0,73614,74772,104384,9378,26392,88471,43124,16925,14763,0,100555,77224,95595,0,85058,50849,42542,0,111715,84873,104745,0,95605,55414,48651,0,2005
106334018,menifee valley medical center,7/1/2004,6/30/2005,365,audited,excl. ind. audit,riverside,12,1109,district,general,comparable,,(951)679-8888,28400 mc call blvd.,sun city,92585-9658,james maki,ceo,,valley health system,antonio saldana,valley health systems,0,05-0684,hsc30684f,,84,84,84,11118,6921,1317,116,173,935,1711,0,612,22903,2040,1992,230,35,23,281,508,0,184,5293,84,0,0,0,0,0,22903,0,0,0,0,0,5293,0,0,0,0,0,74.7,74.7,4.3,4.3,0,0,0,8782,3411,1950,620,74,2334,12328,0,2508,32007,18375,0,0,16822,0,4,65700,69315,689,976,0,0,176065006,141036290,2417654,37446370,159078,37143676,461772,1018856,1653,0,0,1478975,41534832,26955715,107574459,61287309,42063470,6519079,584774,435632,5291396,10409599,0,5135229,131726488,9721414,8250489,3557899,1199155,179989,4692389,11625878,0,5111305,44338518,56933405,40021678,8696084,1639928,0,463593,6743012,16767000,9684439,0,87151,0,0,2165743,251911,0,0,13785021,12428704,1368926,393060,35019,2350757,5147415,0,1937468,0,-1465059,0,945719,0,0,8600128,2208465,10894175,0,0,0,0,5402142,1070665,5813307,3154794,13457187,3650940,294800,1549024,6247941,7427348,1580541,249147,272610,1463957,950181,13903471,5270135,13299195,470332,0,543254,33486387,7695752,0,19458573,6332062,33486387,5630869,33358492,-26432979,32141638,12529416,48318281,35019086,0,610458,19364171,19974629,516056,0,0,254,128,528426,39148,567574,226,0,19656,133338,165568,38466,62535,68468,717,0,30358,9320,262996,60925,112496,0,31820,20637,39552,0,281372,65040,121342,0,34959,22205,42656,0,2005
106414018,menlo park surgical hospital,1/1/2005,12/31/2005,365,audited,incl. ind. audit,san mateo,04,0428,investor,general,comparable,,(650)324-8500,570 willow road,menlo park,94025-2617,alex wilcox,ceo,www.menloparksurgical.com,kindred healthcare inc.,william a. fretwell,hospital management services,0,05-0707,,hsp30707f,16,16,3,44,9,0,0,0,109,139,0,464,765,21,5,0,0,0,43,55,0,305,429,16,0,0,0,0,0,765,0,0,0,0,0,429,0,0,0,0,0,13.1,13.1,1.8,1.8,0,0,0,260,159,0,0,0,435,862,0,116,1832,0,0,0,0,0,2,34988,149762,307,1832,0,0,16952503,10273315,0,6679188,3640,6980572,-297744,72356,0,0,0,-225388,561850,0,16390653,377056,80845,0,0,0,564866,847299,0,527421,2397487,2140665,935105,0,0,0,4496376,6738222,0,244648,14555016,1654087,740578,0,0,0,0,2772918,4929628,104808,0,0,0,71296,0,0,0,0,856374,275372,0,0,0,2211635,2650648,0,685159,0,0,0,5617,0,0,1171834,0,3408366,0,0,0,0,714834,367111,1176409,142018,2691183,787270,69,350908,1967458,761716,0,105195,12461,12,304300,1659964,0,5573199,68564,0,0,7301727,8306240,0,0,-1004513,7301727,84148,1790603,-586736,5048631,2095691,7335372,1762173,0,0,0,0,0,0,7587527,44,17,88460,7756,96216,170,0,16855,16508,33403,0,1872,11740,4394,0,3688,0,27658,0,25775,0,15194,8440,11393,0,29594,0,28015,0,16500,9431,12676,0,2005
106340947,mercy general hospital,7/1/2004,6/30/2005,365,audited,incl. ind. audit,sacramento,02,0311,non-profit,general,comparable,,(916)453-4545,4001 j street,sacramento,95819,denny powell,president,www.mercygeneral.org,catholic healthcare west,alan mcbride,certus corporation,0,05-0017,hsc00017g,zzr00017g,399,391,391,27715,7448,13158,4686,749,498,27012,0,172,81438,4904,1383,2718,1472,177,101,6916,0,20,17691,274,0,0,30,95,0,66164,0,0,5699,9575,0,16674,0,0,380,637,0,55.9,57.1,4.6,4.2,16,6050,2716,21087,5746,14831,7726,499,2045,32529,0,5483,89946,32451,11213,0,30381,5268,15,557927,701319,5258,21271,2086,693,1345249102,1062200247,37086700,320135555,3832503,285382136,38585922,9806033,6772738,0,0,41619217,209304642,52648215,1083296245,339814334,107150534,128340141,38422898,6320672,7951752,424542753,0,2007809,1054550893,70658898,26466766,27306845,18275569,1898022,6075244,127035387,0,12981478,290698209,333963493,132044209,131183386,49088418,0,6840679,10796330,376141396,13956251,0,7899626,0,286459,15209820,0,0,21876880,76336791,16626339,26367440,7631088,1669405,1642729,187975219,0,1886544,0,-8964983,1093730,0,0,0,62801569,10419371,124004473,5879442,0,1778558,632405,33120829,4106822,36157410,6481257,99060876,34696932,4477920,19842051,76180051,31386753,5254532,2923726,3097226,768165,7693904,146958202,65041,35409204,11413140,459299,0,194304886,37566975,0,19524182,137213729,194304886,159069,199949786,-153794371,88967697,71706631,166154348,130745144,0,0,21928226,21928226,2404044,89992413,0,1232,386,2558301,395409,2953710,472,3,197577,570137,643970,56697,102540,315460,176078,104427,199912,191503,831886,112121,776168,19890,461903,58466,287529,10338,980770,130176,902631,23108,515930,66617,322726,11752,2005
106150761,mercy hospital - bakersfield,7/1/2004,6/30/2005,365,audited,excl. ind. audit,kern,09,0617,non-profit,general,comparable,,(661)632-6523,2215 truxtun ave,bakersfield,93301,russell judd,president,www.chwhealth.org,catholic healthcare west,catherine matsuda,healthquest consulting,0,05-0295,,zzt30295f,269,269,269,25814,7552,3120,2093,0,695,30188,1260,1222,71944,4766,1327,559,440,0,151,6344,188,215,13990,219,0,0,0,50,0,63591,0,0,0,8353,0,13501,0,0,0,489,0,73.3,73.3,5.1,4.7,0,0,0,26039,15304,5053,10200,0,2720,56457,721,5669,122163,35679,53254,14469,23275,0,11,391115,490765,4031,4439,2506,811,609974187,449771261,0,160202926,1302594,158110958,3394562,1506044,1098209,0,0,3802397,131733426,64761073,413479688,134107530,42283461,17338048,14628752,0,5435054,214097228,7577772,8622327,444090172,27359450,14206969,6786068,10946097,0,4932217,90780221,1054572,9818421,165884015,132293232,43355855,21814057,23370761,0,0,7038301,207511856,10592241,0,3794958,0,0,0,0,0,0,29173748,13134575,2310059,2204088,0,3328970,97365593,4837386,7848507,0,0,0,-398459,0,0,40330060,12850031,48908474,0,0,0,0,24570314,4895222,20187823,6369034,53426163,20585969,1085673,19057673,26638322,17311496,6273567,1804388,1951181,1768278,8208248,39063221,5067807,57094117,3527683,742202,0,105495030,62102531,0,49728198,-6335699,105495030,8680,134883453,-100075225,114126280,93678271,218712273,161618156,0,558587,0,51701264,1973066,0,112233,1194,495,2621073,159268,2780341,281,0,197471,602492,742512,107027,179767,326854,167676,0,211144,86130,980056,272710,571100,0,377305,154611,265291,0,1029222,288523,610616,0,402980,166289,282711,0,2005
106344029,mercy hospital - folsom,7/1/2004,6/30/2005,365,audited,incl. ind. audit,sacramento,02,0309,non-profit,general,comparable,,(916)983-7400,1650 creekside drive,folsom,95630,donald hudson,president,,catholic healthcare west,alan mcbride,certus corporation,0,05-0414,hsc00414h,zzr00414h,85,85,85,5645,842,1069,135,152,104,6674,0,135,14756,1234,192,229,52,48,38,2475,0,34,4302,85,0,0,0,0,0,14756,0,0,0,0,0,4302,0,0,0,0,0,47.6,47.6,3.4,3.4,0,0,0,4242,1488,3142,1103,290,1712,18745,0,1278,32000,21292,0,0,9365,0,6,145223,154628,1441,3212,856,329,205565750,142555726,6910599,69920623,515065,59593081,10842607,697014,121680,0,0,11417941,42052601,28118503,135394646,42672523,9922260,9228469,1248385,1357943,1302944,49704356,0,2291295,117728175,13424251,4257257,6795854,2461545,153986,4523998,53615069,0,2605615,87837575,45299751,14037721,14385479,3401561,0,1231101,4103471,52237386,5486194,0,1491931,-2359,883490,2893369,0,0,4017230,10795659,2963540,1640715,308317,280828,1454586,51543976,0,933002,0,604465,31421,596676,0,0,12375882,5576495,19053276,0,1101119,0,0,7269950,968006,10323632,2924721,24991991,8893179,1687101,2329350,7703860,7502723,1771345,747429,858877,798535,2308691,48841414,0,17754222,2459651,49256,0,69104543,11355506,0,14727499,43021538,69104543,2400,29582674,-21160509,24152206,11835444,42182293,24428071,0,0,15536599,15536599,809100,39163002,0,351,105,683829,98988,782817,123,0,69029,164139,188593,12275,17089,95874,69290,15636,23723,28181,185327,70412,172221,0,147793,28771,79305,0,213220,80890,199220,0,165498,32845,91144,0,2005
106470871,mercy hospital of mt. shasta,7/1/2004,6/30/2005,365,audited,incl. ind. audit,siskiyou,01,0205,non-profit,general,comparable,small/rural,(530)225-6374,914 pine street,mt. shasta,96067,chuck gersdorf,ceo,www.mercy.org,catholic healthcare west,kathleen frey,toyon associates  inc.,3,05-0419,,hsp30419i,80,80,60,4004,0,13518,2,218,1976,0,96,69,19883,670,0,359,0,64,531,0,13,7,1644,33,0,0,0,47,0,4842,0,0,0,15041,0,1529,0,0,0,115,0,68.09999999999999,68.09999999999999,12.1,3.2,4,215,125,18770,0,7854,8,1719,14103,0,690,1086,44230,7531,0,0,34004,0,2,92040,172365,655,2275,84,49,90115507,55870367,0,34245140,355366,38536389,-3935883,248883,0,0,0,-3687000,13399251,8972375,67743881,16292729,0,10027554,10847,2335161,21420811,0,542920,393697,51023719,16932357,0,9445462,29208,1664851,10118082,0,535008,366820,39091788,26255405,0,8601339,22810,-132565,1942649,14180845,0,105805,0,4614805,0,279274,0,0,0,0,6969681,0,8704595,4638,832740,17358048,0,0,375438,0,0,0,248883,0,0,8146290,2036817,13102171,0,0,0,0,4716870,1765882,7016504,1751855,15030222,9663203,676583,182568,5144557,3683315,1715793,652011,480089,356998,951050,8962045,2088985,9501950,1193646,372846,0,22119472,2933289,0,5540040,13646143,22119472,200,11938932,-6852579,12237960,9334033,24186733,14684783,0,93795,5790036,5883831,343791,2279340,0,307,101,536118,103006,639124,86,0,46539,86187,106050,33586,69758,109773,54875,28280,0,1070,173671,27892,123992,0,92829,33393,84341,0,218043,33437,143288,0,109053,38623,96680,0,2005
106240942,mercy med ctr merced-community campus,7/1/2004,6/30/2005,365,audited,incl. ind. audit,merced,06,0515,non-profit,general,comparable,,(209)385-6795,301 east 13th street,merced,95340-6211,david dunham,ceo,www.mercymercedcares.org,catholic healthcare west,judy bain,toyon associates  inc.,0,05-0444,hsc30444f,,174,174,119,21986,0,11666,35,1325,765,4764,708,126,41375,4538,0,3546,9,269,198,1366,214,24,10164,174,0,0,0,0,0,41375,0,0,0,0,0,10164,0,0,0,0,0,65.09999999999999,65.09999999999999,4.1,4.1,15,4691,2627,31830,0,69503,410,13117,2427,28711,6618,21499,174115,43730,49199,6648,76864,0,8,213990,104950,2699,2675,2367,260,437283955,330498943,0,106785012,840141,104651626,2973527,46778,443350,0,0,2576955,70267885,47252287,319763783,143795487,0,79652873,221940,9735503,6396089,43780869,5087453,1012234,289682448,39192526,0,41718220,395212,8292512,1895111,38544000,2592203,14971723,147601507,137934226,0,96165434,492596,-3907340,16219294,1446471,56617758,14649860,0,10398735,0,481909,0,0,0,0,45053787,0,26395007,123469,1808721,6844729,25707111,0,852188,0,0,55313,-204895,0,0,22239570,9394186,33699593,0,0,0,2802504,13903067,1780859,16481366,4350481,40115371,14403712,4598061,6181028,16048205,12609049,3380007,1128667,2164342,1289387,2733797,23442127,17576173,24168599,8995846,1335152,9440795,84958692,39062110,0,21528265,24368317,84958692,3142251,72121402,-54959737,31733483,32687862,67518026,43349427,0,371674,4367257,38052764,16524499,0,53833,832,263,1601177,205403,1806580,217,22,130564,432434,404255,52218,90960,167503,165171,81667,76238,167,434246,173152,340041,51189,295206,57912,192348,57083,490408,194121,387677,51650,332799,64478,216885,68562,2005
106240948,mercy med ctr merced-dominican campus,7/1/2004,2/28/2005,243,audited,excl. ind. audit,merced,06,0515,non-profit,general,comparable,,(209)384-6795,2740 m street,merced,95340-2813,david dunham,ceo,www.mercymercedcares.org,catholic healthcare west,judy bain,toyon associates  inc.,0,05-0117,hsc00117f,zzr00117f,26,26,0,0,0,0,0,0,0,0,0,0,0,0,0,0,0,0,0,0,0,0,0,26,0,0,0,0,0,0,0,0,0,0,0,0,0,0,0,0,0,0,0,0,0,0,0,0,10334,0,4422,0,644,817,6955,515,100,23787,0,0,5145,16427,0,3,0,77193,0,2215,0,0,25949130,17170232,0,8778898,492242,13317865,-4046725,2221844,616636,0,0,-2441517,0,1257406,24691724,0,0,0,0,0,0,0,0,0,0,10226647,0,4812246,0,673025,876107,8642383,601413,117309,25949130,7657597,0,4004170,0,0,673023,296273,3844718,67371,0,601414,0,25666,0,0,0,0,2569050,0,808076,0,2,554168,4797665,-1,49938,0,0,46181,-63458,0,0,0,1024177,6147472,0,0,0,0,1411939,1936982,1816292,981003,4577042,2275325,106625,802072,1174773,1717242,1321514,417988,253496,164965,506823,26401498,2199289,13576421,6597071,1325639,35455,50135373,18820906,0,4196302,27118165,50135373,0,7443075,-5478632,21062251,28123582,51770253,38193832,0,0,4502410,4502410,306108,22848724,0,167,27,196712,35959,232671,217,0,25517,75164,30171,1563,5003,43822,14074,0,1398,0,0,18901,90463,0,16501,45607,24447,793,0,21076,107769,0,18786,51745,29345,3950,2005
106450949,mercy medical center-redding,7/1/2004,6/30/2005,365,audited,incl. ind. audit,shasta,01,0209,non-profit,general,comparable,,(530)225-6000,2175 roseville avenue,redding,96001,richard barnett,ceo,www.mercy.org,catholic healthcare west,judy bain,toyon associates  inc.,2,05-0280,,zzr00280g,264,264,167,27960,0,12465,0,2810,1947,12091,646,195,58114,5492,0,2884,0,650,533,3312,182,55,13108,264,0,0,0,0,0,58114,0,0,0,0,0,13108,0,0,0,0,0,60.3,60.3,4.4,4.4,9,3140,1597,62929,0,38714,0,4617,7423,27992,2569,5471,149715,41582,28904,19656,42226,0,6,596954,166481,4026,1961,1455,570,719561000,507027486,0,212533514,2483040,201569148,13447406,5041943,187165,0,0,18302184,135535143,83691443,500334414,255906246,0,85778839,0,26189729,19518895,113598655,6329703,1910944,509233011,85192699,0,42208023,0,11478989,9015586,53856918,2732808,5842966,210327989,259516953,0,101348926,0,0,25952095,13072975,76719203,11253028,0,17360610,-39580,1843276,0,0,0,0,81581992,0,18339837,0,11716623,13618230,87237252,39580,0,0,343354,0,4365834,0,0,41858464,25934425,64423665,0,0,0,2931230,22500593,7180427,29181191,7559153,68675264,40616325,7708591,8204612,37091037,21217234,8988207,1188746,2395986,252606,5230540,111387877,36721605,64824288,4854673,0,0,217788443,22084640,4451504,10274228,180978071,217788443,29118548,118175648,-82079197,106248095,49417948,162213579,97389291,0,0,10274228,10274228,0,40254370,0,1252,417,2392799,333680,2726479,288,18,127082,506595,795768,21370,51186,381064,232946,153953,113325,9510,741818,400121,498857,51839,342200,125066,232898,0,843654,463309,570426,54474,391481,140989,262146,0,2005
106340950,mercy san juan hospital,7/1/2004,6/30/2005,365,audited,incl. ind. audit,sacramento,02,0309,non-profit,general,comparable,,(916)534-5000,6501 coyle ave,carmichael,95608,michael uboldi,president,www.mercysanjuan.org,catholic healthcare west,alan mcbride,certus corporation,2,05-0516,hsc00516f,zzr00516f,254,254,254,23516,5146,13992,5110,2032,2777,21964,0,127,74664,4747,1069,3031,1623,435,297,5164,0,30,16396,254,0,0,0,0,0,74664,0,0,0,0,0,16396,0,0,0,0,0,80.5,80.5,4.6,4.6,0,0,0,42608,22811,19838,11127,2009,5990,30698,0,3004,138085,50929,16160,50225,11937,951,16,549772,341154,4363,6768,2191,742,976634139,750932942,35229039,260930236,3528537,239016215,25442558,4948412,2410653,0,0,27980317,228291253,105909447,642433439,226749544,49327229,127562893,46119968,16015631,24742088,209069034,0,4810245,704396632,61480091,23154679,35703866,22140655,1918547,8893379,105873719,0,13072571,272237507,240087351,60700039,143123632,58734759,0,12553925,25362264,162000730,30344018,0,16927777,-25673,1124120,16038825,0,0,19190214,48736304,27520827,19840452,8518692,5713616,6927233,142125208,0,1547904,0,4598153,563759,0,0,0,56110960,30996070,71542296,5009499,0,1200,0,26368075,2114484,38893157,7980474,100333375,36495862,10551120,10516575,34869234,22680113,7847581,3495121,2907497,616967,8702770,106915429,65041,54195077,4856384,508959,0,166540890,27007715,215248,19410655,119907272,166540890,5500,163949329,-124491838,90960849,48829799,142618776,88423699,0,0,13584766,20637631,1226976,63983147,0,1366,446,2643034,415171,3058205,390,0,205676,692621,803242,35674,87939,368924,172354,59012,84408,133184,886247,361968,606397,0,444621,63138,278226,2437,1033482,427318,704540,0,501880,72211,315275,3499,2005
106013687,merritt peralta institute cdrh,1/1/2005,12/31/2005,365,audited,incl. ind. audit,alameda,05,0417,non-profit,specialty,comparable,,(510)655-4000,3012 summit street - 5t floor,oakland,94609,warren kirk,ceo,www.altabates.com,sutter health,matthew sur,toyon associates  inc.,0,05-0043,hsc00043f,,24,24,21,5,49,0,0,0,218,6844,219,125,7460,1,4,0,0,0,17,533,17,10,582,0,0,24,0,0,0,0,0,7460,0,0,0,0,0,582,0,0,0,85.2,85.2,12.8,12.8,0,0,0,0,0,0,0,0,0,0,0,0,0,0,0,0,0,0,0,0,0,0,0,0,0,5657124,4859330,0,797794,20653,4611575,-3793128,0,0,0,0,-3793128,5657124,0,0,4501,31461,0,0,0,154121,5242564,166262,58215,5657124,0,0,0,0,0,0,0,0,0,0,2993,20917,0,0,0,0,131535,4474285,58215,0,171385,0,0,0,0,0,0,1508,5421,0,0,0,22586,768279,0,0,0,0,0,0,0,0,2972403,0,0,0,0,0,0,1167737,44090,234132,193213,1669292,655525,127291,113832,102000,1531148,130196,1368,2296,59315,219312,404238,0,455998,0,0,0,860236,150369,0,709867,0,860236,0,979913,-778295,955735,386140,1504357,1048359,0,0,731238,731238,21371,0,0,26,6,48957,5664,54621,11,0,5997,21276,3962,3942,4147,9596,0,0,37,0,48957,0,0,0,0,0,0,0,54621,0,0,0,0,0,0,0,2005
106340951,methodist hospital of sacramento,7/1/2004,6/30/2005,365,audited,incl. ind. audit,sacramento,02,0311,non-profit,general,comparable,,(916)423-3000,7500 hospital drive,sacramento,95823,tim moran,president,www.methodistsacramento.org,catholic healthcare west,roslyn e. adams,certus corporation,0,05-0590,hsc00590f,zzr00590f,333,333,333,13046,2328,42788,2867,574,336,9596,833,7220,79588,2091,417,1692,1025,157,71,2216,73,389,8131,162,0,0,0,171,0,29645,0,0,0,49943,0,7487,0,0,0,644,0,65.5,65.5,9.800000000000001,4,0,0,0,9574,1225,7882,10219,242,12315,16491,500,533,58981,35553,17639,0,5425,183,6,160919,188504,1750,3842,722,188,372930076,274502071,12429409,110857414,646877,110751332,752959,713439,470728,0,0,995670,115063742,50501031,207365303,85703476,18894949,68261496,16953178,3601555,3081200,43616176,2202535,9570089,251884654,20730506,4579303,15844393,19051638,1076699,5765872,50723891,1067480,2205640,121045422,81620242,18129829,61156099,28917467,-2494876,4073066,6036493,58043351,11049106,0,7342863,0,628431,5487905,0,0,6941504,24813740,10832328,23420715,5115985,527655,2810579,43238220,0,98192,0,1441313,22848,284804,0,0,33857624,8300955,26173540,1867911,0,0,1780106,15943392,1362457,17087118,4378229,49098605,17693323,1916605,6702832,13107830,10309940,2977593,1510498,2094268,325153,5014685,17002221,0,34463996,1692021,1013038,0,54171276,47170276,0,7976038,-975038,54171276,111217,58927455,-44008511,52499690,32309381,90081564,55617568,0,0,8927098,8927098,951060,0,30208993,778,293,1533642,233033,1766675,195,18,103634,284080,368347,51785,189183,174729,127438,86703,60384,87359,611021,114699,281369,55349,288239,44611,137206,1148,712722,134151,327993,62655,322813,52551,152479,1311,2005
106190529,methodist hospital of southern cal,1/1/2005,12/31/2005,365,audited,incl. ind. audit,los angeles,11,0913,non-profit,general,comparable,,(626)445-4441,300 w huntington dr,arcadia,91006-3402,dennis m. lee,ceo,www.methodisthospital.org,methodist hospital of southern california,derek f. petrak,petrak & associates  inc.,0,05-0238,hsc30238f,zzt30238f,460,460,267,41646,8048,8683,1500,0,630,18357,754,1871,81489,6824,1315,2144,425,0,194,5117,206,509,16734,414,0,0,20,26,0,68858,0,0,4175,8456,0,15392,0,0,389,953,0,48.5,48.5,4.9,4.6,24,4871,2016,15702,6077,4155,4519,0,1308,26065,1460,3624,62910,39490,0,0,31058,0,10,479854,159026,4184,2794,1491,722,605558077,425444633,0,180113444,1770136,174018901,7864679,3258884,64259,0,0,11059304,116538654,22519146,466500277,223525508,53177576,48211611,8679734,0,4727377,115689968,5271107,13088722,472371603,45383832,12449677,9514280,6171557,0,3175586,47484016,2586064,6421462,133186474,209808574,36402667,54539715,9113502,0,0,2430162,94854747,6895020,0,7070864,0,4329382,0,0,0,0,57307343,29050828,3033338,5718129,0,5420490,67239167,786307,11557842,0,-191931,0,3254884,0,0,42833281,6170542,64260086,0,832414,0,0,26001319,6501501,21596160,5823598,73829167,23610635,1202780,6733018,35675746,13603389,9359698,2667508,1091629,1457539,4787792,38908677,46350049,66153241,5780291,12984818,788875,170965951,21827917,2238000,20552401,126347633,170965951,2239600,100825384,-71349160,104525830,71359614,181216013,115062772,0,0,22495000,22797401,2245000,12484266,743361,1426,529,2750715,307615,3058330,276,0,163797,549019,717602,57307,325680,495328,221239,127607,43452,49684,987992,124406,621835,0,498606,181897,335979,0,1090744,141020,697725,0,548124,200801,379916,0,2005
106190958,metropolitan state hospital,7/1/2004,6/30/2005,365,audited,incl. ind. audit,los angeles,11,0921,state,psychiatric,state,,(562)651-2245,11400 norwalk blvd.,norwalk,90650,sharon smith nevims,executive director,,dept of developmental services,gale nagato,dept of developmental services,0,05-4133,,,1096,764,702,15,0,16393,0,0,71,0,0,232417,248896,0,0,36,0,0,0,0,0,523,559,0,825,0,0,271,0,0,191491,0,0,57405,0,0,430,0,0,129,0,62.2,89.3,445.3,445.3,0,0,0,0,0,0,0,0,0,0,0,0,0,0,0,0,0,0,0,0,0,0,0,0,0,145870377,123656387,0,22213990,0,145870377,-123656387,123656387,0,0,0,0,132528456,0,13341921,0,0,0,0,0,0,0,0,0,0,0,0,0,0,0,0,0,0,0,0,5602,0,91070,0,0,0,0,0,0,0,0,0,123559715,0,0,0,0,0,0,0,0,0,0,0,0,0,0,0,0,0,0,0,0,0,0,0,0,0,0,0,0,0,0,0,0,0,0,0,0,0,0,0,0,0,0,0,0,0,0,0,0,0,0,0,0,0,0,0,0,0,0,0,0,0,0,0,0,0,0,0,0,0,0,0,0,108,0,0,0,0,0,0,0,0,0,0,0,0,0,0,0,0,0,0,0,0,0,0,0,0,0,0,0,2005
106190681,miracle mile medical center,4/1/2005,6/30/2005,91,audited,excl. ind. audit,los angeles,11,0925,investor,general,comparable,,(323)930-1040,6000 san vicente boulevard,los angeles,90036-4404,james k. theiring,cfo,www.miraclemilemedicalcenter.com,gil tepper m.d.,james k. theiring,miracle mile medical center,0,05-0751,,hsp40001f,17,17,17,12,0,0,0,0,0,0,0,53,65,5,0,0,0,0,0,0,0,34,39,17,0,0,0,0,0,65,0,0,0,0,0,39,0,0,0,0,0,4.2,4.2,1.7,1.7,0,0,0,37,0,0,0,0,0,0,0,241,278,0,0,0,0,0,6,3510,8340,39,278,0,0,4145180,1974412,0,2170768,0,1873138,297630,0,0,0,0,297630,146415,0,3998765,77928,0,0,0,0,0,0,0,654147,732075,660948,0,0,0,0,0,0,0,2752157,3413105,361645,0,0,0,0,0,0,0,25000,0,0,0,1587767,0,0,0,0,377231,0,0,0,0,0,0,0,1793537,0,0,0,0,0,0,196074,0,378182,0,0,0,0,712430,148872,273583,163997,571636,134868,14300,59598,586924,171963,0,203359,9711,0,120779,2967690,0,325958,4428,0,0,3298076,2190088,0,0,1107988,3298076,78371,4663731,-1974412,80230,26390,325958,0,0,0,0,0,0,0,0,40,16,19321,1479,20800,8,0,3747,2372,4731,496,2909,2843,2223,0,0,0,3963,0,6864,0,3823,2323,2348,0,4111,0,7837,0,3981,2437,2434,0,2005
106190524,mission community hospital - panorama,7/1/2004,6/30/2005,365,audited,incl. ind. audit,los angeles,11,0905,non-profit,general,comparable,,(818)787-2222,14850 roscoe boulevard,panorama city,91402-4618,william daniel,ceo,www.mchonline.org,san fernando community inc.,roger wang,mission community hospital,0,05-0504,hsc30404e,,145,145,145,13769,121,16002,569,0,1488,1420,2040,1904,37313,2584,23,2867,116,0,287,284,302,368,6831,75,60,10,0,0,0,16652,17955,2706,0,0,0,3358,2945,528,0,0,0,70.5,70.5,5.5,5.5,0,0,0,13588,82,3309,2001,0,1067,1577,19,2490,24133,15382,0,0,0,0,8,50480,31958,843,843,0,0,131748042,84681566,0,47066476,243551,48447617,-1137590,782816,592094,0,0,-946868,46990937,14024879,70732226,33865141,411198,44607726,2509689,0,2858367,3480648,2588121,4931789,95252679,18525568,189804,5371289,3836125,0,1890397,3119581,100357,3462242,36495363,25556449,317088,33723383,5442150,-6671384,0,4349852,6045788,5538388,0,7775190,0,2604662,0,0,0,0,26834260,283914,17870832,873136,0,398912,554441,0,250981,0,665734,234442,157131,0,0,13105951,2890884,13605760,0,0,0,0,8575244,2452711,5053521,2763546,19339259,5823859,0,4112876,6429251,5394552,2512941,558121,568358,1770149,1938251,12732162,3548990,59897233,389426,0,2897450,79465261,8646163,0,32775000,38044098,79465261,4616228,25123978,-20293338,58531819,12305752,77067251,17170018,0,0,33692074,33710000,935000,0,0,396,150,790198,78112,868310,246,0,54726,189289,180716,63235,68573,119950,68518,0,25608,19583,334305,53647,121065,0,149419,59193,72569,0,369911,58264,131493,0,162454,65813,80375,0,2005
106301262,mission hospital regional medical center,7/1/2004,6/30/2005,365,audited,excl. ind. audit,orange,13,1017,non-profit,general,comparable,,(949)364-1400,27700 medical center,mission viejo,92691-6426,peter bastone,president/ceo,www.mission4health.com,st joseph health systems,louise pham,mission hospital,2,05-0567,,zzt30567i,340,340,296,32659,1899,3429,3708,1708,2899,23371,238,1224,71135,5591,499,1054,787,334,715,6783,57,376,16196,306,0,0,21,13,0,63033,0,0,5430,2672,0,15432,0,0,446,318,0,57.3,57.3,4.4,4.3,20,7115,3178,24498,2633,1691,5763,2233,3798,53868,104,6180,100768,41725,11718,0,54178,0,9,759977,234273,2808,5176,2148,942,837566241,591045586,599951,247120606,8355665,236127565,19348706,15737059,13881995,0,0,21203770,167044042,73209345,597312854,263869383,20542508,22720901,26895228,17161327,30094977,250190016,1133232,16933476,649541048,44640251,5000314,3128751,11518810,4568053,7488687,100638558,212276,10829493,188025193,230030879,19045233,17891552,34251285,0,18490727,10163931,229362536,20491444,0,4936596,0,6381403,0,0,0,599951,78478755,6497589,7958100,4162753,-1410088,27036276,118486574,1057653,4852994,0,0,0,3638872,0,0,49057216,10660148,79429260,0,0,201010,231393,38650433,10513159,31565075,15819871,80971860,33193497,1441853,14958675,46321422,29231477,10667041,4144784,3123424,5929270,6144262,104756822,16397385,118689320,26124895,53444609,15716003,335129034,78718430,0,149910273,106500331,335129034,55459173,100992538,-60901317,108131024,39133394,168744632,50055312,0,0,154621818,154621818,4711545,0,13438802,1480,509,3074023,273665,3347688,274,4,344792,519045,749091,20575,289994,423890,290526,166334,205284,64492,941702,202322,711401,4378,649477,216345,348398,0,1019353,218271,775817,4563,707493,237762,384429,0,2005
106250956,modoc medical center,7/1/2004,6/30/2005,365,audited,excl. ind. audit,modoc,01,0201,city/county,general,comparable,small/rural,(530)233-5131,228 mcdowell street,alturas,96101-4132,bruce porter,ceo,,county of modoc,hadley paculba,hfs consultants,0,05-0430,,hsp30430h,87,87,87,565,0,16611,0,4,1269,0,1,12,18462,95,0,109,0,3,39,0,1,6,253,16,0,0,0,71,0,445,0,0,0,18017,0,189,0,0,0,64,0,58.1,58.1,73,2.4,5,79,49,4584,0,4614,0,520,4540,0,95,1493,15846,2047,15887,0,0,0,1,627,469,10,17,40,7,11883978,3662689,0,8221289,113699,8982637,-647649,90235,12481,0,0,-569895,4191658,2158025,5534295,812745,0,4078907,0,19477,271226,0,39585,563776,5785716,2552400,0,1136147,0,165654,1652655,0,93550,497856,6098262,1789616,0,1038422,0,0,1577,261254,0,355407,0,0,0,216413,0,0,0,0,1575529,0,4176632,0,183554,1662627,0,133135,489812,0,0,31500,0,0,0,2615550,1837302,1448925,0,0,0,0,1482107,716645,570346,311762,3065780,1593178,918582,826550,891648,773254,248312,65563,185469,8983,405318,2247295,0,1654717,13288,0,0,3915300,5483843,0,22961,-1591504,3915300,281149,2963794,-1220355,2638515,1825416,5231546,3576829,0,0,67391,67391,44430,0,0,112,33,234005,22296,256301,23,0,22938,16346,13971,13220,41789,48722,40254,13917,22077,771,94147,32875,16061,0,53797,20999,16126,0,101499,35519,17949,0,59203,23524,18607,0,2005
106190547,monterey park hospital,11/1/2004,6/30/2005,242,audited,incl. ind. audit,los angeles,11,0913,investor,general,comparable,,(626)570-9000,900 s atlantic blvd,monterey park,91754-4716,phil cohen,ceo,www.montereyparkhosp.com,ahmc healthcare inc.,john skelton,ahmc healthcare inc.,0,05-0736,hsc30591j,zzt30591j,101,101,101,6117,648,5986,1985,0,70,1234,6,31,16077,1033,187,2217,877,0,9,440,2,16,4781,101,0,0,0,0,0,16077,0,0,0,0,0,4781,0,0,0,0,0,65.8,65.8,3.4,3.4,8,2807,1346,4088,482,3599,2915,0,205,2043,6,1107,14445,9273,0,0,6363,0,3,109197,80513,1126,926,876,486,229658692,204575534,4342884,29426042,101128,29528427,-1257,0,0,0,0,-1257,34395140,7032223,188231329,71481217,8777396,56059971,19271183,0,1204146,18319396,77697,682874,175873880,17014890,2647587,10777181,10758738,0,451069,9047878,23760,3063709,53784812,76600983,10592463,54866850,28682488,-3485730,0,1566058,26140645,2465547,0,5869097,0,1277133,0,4342884,0,0,11895124,832520,9688392,5690317,0,89157,1226629,0,3903,0,0,0,0,0,0,6437054,1412898,8881658,0,0,0,0,4626832,1669072,4386728,2114185,12781603,4419809,1689643,382759,3068704,4052186,0,1118577,363435,222420,1429291,9476590,0,0,0,1182551,588164,11247305,8305672,0,0,2941633,11247305,3646263,26579434,-22648338,0,0,0,0,0,0,0,0,0,1182551,0,354,170,425761,62985,488746,401,0,34597,45180,137155,30456,66502,98127,13744,0,0,0,143517,20504,164134,0,34831,26444,36331,0,166622,23805,185728,0,39728,30683,42180,0,2005
106334048,moreno valley community hospital,7/1/2004,6/30/2005,365,audited,excl. ind. audit,riverside,12,1109,district,general,comparable,,(951)243-0811,27300 iris avenue,moreno valley,92555-0000,james maki,ceo,valleyhealthsystem.com,valley health system,antonio saldana,valley health systems,0,05-0694,hsc30694f,hsp30694f,101,101,101,8335,1832,6903,3059,0,804,1557,30,1336,23856,1371,458,1697,1256,0,242,548,13,590,6175,71,30,0,0,0,0,19389,4467,0,0,0,0,5467,708,0,0,0,0,64.7,64.7,3.9,3.9,18,2667,1437,4068,477,8690,6415,0,2684,4974,0,3608,30916,22786,2857,0,8430,737,7,90945,56520,775,739,989,423,165023173,124356526,4424782,45091429,82947,47622682,-2448306,1362676,1944,0,0,-1087574,38855774,31399485,94767914,40831483,11585364,29772813,12863584,0,5328354,11256390,125385,5154098,116917471,6854513,1165920,7892410,12955104,0,4687553,8638553,0,5911649,48105702,36441369,8547357,26343271,24187740,-2788891,0,6108961,14833862,7942052,0,2740805,0,0,510877,3913905,0,0,11244627,4714804,11495423,5544853,0,3906946,5061081,0,3123695,0,2477950,0,1188136,0,0,10577997,2826056,13091942,3103217,0,0,0,5899430,1182164,6567244,4374632,14951349,3317427,724700,5147027,5942317,11386093,1863157,224024,309041,2471567,1285980,16354580,6199232,21281127,646427,0,639016,45120382,9052473,0,33055579,3012330,45120382,6623561,39239422,-31092976,37376458,13156374,52347252,31066125,0,673130,32989483,33662613,607034,0,0,265,129,650917,33026,683943,156,0,29072,146083,183667,37560,47061,71894,2130,0,101858,31592,289133,72016,179406,0,38782,20674,50906,0,299277,75146,190438,0,41777,22386,54919,0,2005
106190552,motion picture & television hospital,1/1/2005,12/31/2005,365,audited,incl. ind. audit,los angeles,11,0905,non-profit,general,comparable,,(818)876-1888,23388 mulholland drive,woodland hills,91364-2733,david tillman md,president/ceo,http://mptvfund.org,mptf corp,rima medved,mptf,0,05-0552,hsc30552f,zzt05034f,412,402,365,3413,0,49980,0,0,0,1354,43280,10224,108251,641,0,128,0,0,0,381,23,118,1291,61,0,0,22,167,162,3817,0,0,1752,59402,43280,962,0,0,33,273,23,72,73.8,83.90000000000001,5.6,0,0,0,17325,0,0,0,0,0,106611,0,9681,133617,0,131944,0,0,489,4,24625,77303,268,1558,0,0,91113780,31630043,0,59483737,394342,83171716,-23293637,8423110,5553275,0,0,-20423802,26113776,10457750,54542254,10721475,0,16142627,0,0,0,5568025,4882950,3741154,41056231,6343203,0,0,0,0,0,39899587,0,3814759,50057549,9197460,0,1217462,0,0,0,0,14922232,553587,0,777224,0,4962078,0,0,0,0,7867218,0,14925165,0,0,0,30545380,4105726,2040248,0,0,0,4701559,0,0,14180517,8432818,24175459,72072,0,0,0,20155934,2519491,6289414,7346011,29175906,11702229,56982,4697949,14905687,5730784,6662922,997393,894834,3660929,4686101,165781084,1330000,52013932,2719837,2776427,0,224621280,24200321,0,65353027,135067932,224621280,2495365,14002224,-6197904,74389133,42339335,129732198,77718266,0,182133,65440000,67278254,1925227,10521308,0,632,174,1190126,194583,1384709,150,0,141680,155400,42209,100115,220602,160749,276252,23597,33846,35676,367069,73220,125869,0,325036,53754,93684,151494,423555,95869,146352,0,374629,62735,110149,171420,2005
106361266,mountains community hospital,7/1/2004,6/30/2005,365,audited,incl. ind. audit,san bernardino,12,1209,district,general,comparable,small/rural,(714)992-1525,29101 hospital road,lake arrowhead,92352,james hoss,ceo,www.mchcares.com,san bernardino mountains community hospital district,ruth turner,healthcare management solutions  inc.,0,05-1312,,hsp30260i,35,35,24,1040,36,5777,10,0,390,114,0,858,8225,184,13,142,4,0,137,59,0,62,601,16,0,0,0,19,0,1374,0,0,0,6851,0,518,0,0,0,83,0,64.40000000000001,64.40000000000001,13.7,2.7,3,264,144,3845,533,6905,364,0,8855,3183,0,3227,26912,7055,4534,0,15186,0,2,6327,22560,141,374,107,40,20544368,9726419,0,10817949,113882,12893825,-1961994,3204474,340085,0,0,902395,3190199,3380109,13974060,2004234,71747,2955150,33299,0,1216506,403316,0,545130,7229382,2105076,288714,2188636,161424,0,4559937,2416720,0,1594479,13314986,2293816,36164,2322476,59322,-287367,0,4015035,231338,1022246,0,16830,0,16559,0,0,0,0,1813426,324297,3108677,135401,0,1761408,2588698,0,1086042,0,0,230114,125263,2747208,0,1814129,1437058,4142223,0,0,0,0,2061030,1014155,1581780,843450,4936470,1869199,647876,499659,1533482,1320660,642952,137803,73574,332412,899738,6515336,1565397,5416978,309885,551953,0,14359549,1470038,16200,4539963,8333348,14359549,1227130,4933970,-1812748,5988416,5010972,12351637,6934659,0,319817,4294859,4639963,100000,0,0,113,33,224791,16535,241326,15,0,40855,31741,23016,22503,22431,58063,15993,3776,0,6413,55293,32026,49562,0,36183,26634,23338,1755,57271,33911,53936,0,38973,29935,25211,2089,2005
106281266,napa state hospital,7/1/2004,6/30/2005,365,audited,incl. ind. audit,napa,03,0407,state,psychiatric,state,,(707)253-5000,box a,imola,94558,dave graziani,executive director,,dept of developmental services,gale nagato,dept of developmental services,0,05-4122,,,1362,1230,1116,19,0,901,0,0,1349,0,0,420682,422951,0,0,0,0,0,2,0,0,558,560,0,151,0,0,1211,0,0,8183,0,0,414768,0,0,11,0,0,549,0,85.09999999999999,94.2,755.3,743.9,0,0,0,0,0,0,0,0,0,0,0,0,0,0,0,0,0,0,0,0,0,0,0,0,0,186326342,172309815,0,14016527,0,186326342,-172309815,172309815,0,0,0,0,178342492,0,7983850,0,0,0,0,0,0,0,0,0,0,0,0,0,0,0,0,0,0,0,0,10805,0,0,0,0,0,1729,0,0,0,0,0,172297281,0,0,0,0,0,0,0,0,0,0,0,0,0,0,0,0,0,0,0,0,0,0,0,0,0,0,0,0,0,0,0,0,0,0,0,0,0,0,0,0,0,0,0,0,0,0,0,0,0,0,0,0,0,0,0,0,0,0,0,0,0,0,0,0,0,0,0,0,0,0,0,0,98,0,0,0,0,0,0,0,0,0,0,0,0,0,0,0,0,0,0,0,0,0,0,0,0,0,0,0,2005
106274043,natividad medical center,7/1/2004,6/30/2005,365,audited,incl. ind. audit,monterey,08,0705,city/county,general,comparable,,(831)755-0200,1441 constitution boulevard,salinas,93906,lionel chadwick,interim ceo,,county of monterey,juan polanco,natividad medical center,0,05-0248,,zzr00248f,172,159,159,6992,0,9366,6901,1578,6020,0,36,1226,32119,1061,0,3071,1938,391,1455,0,9,323,8248,130,22,0,20,0,0,22862,4134,0,5123,0,0,6990,921,0,337,0,0,51.2,55.3,3.9,3.9,18,5449,2657,26862,0,4198,24092,6395,69450,0,441,8963,140401,15848,66055,0,55025,0,4,130009,75741,4395,3473,2460,755,296509402,212937770,844522,84416154,5195591,114474492,-24862747,53025378,1704117,0,0,26458514,164603341,9699917,122206144,44780905,0,72253876,56372971,13048021,46207997,0,232433,9189873,242086076,6690826,0,5517294,17285915,2447696,15582553,0,241088,6657954,54423326,38805536,0,45746552,59925107,-7148696,15605457,43817050,0,15822983,0,473521,-109740,0,0,844522,0,0,12666195,0,39173314,14578301,0,16268501,0,0,1729843,0,0,42253003,62927,0,1792920,22151761,6539364,27087705,0,0,0,7670097,17715293,3399351,18860209,11050712,42043891,15195673,8129893,7754228,9737844,10162459,6272553,1469570,483157,5194451,8030773,18443288,0,126299963,4287589,8961108,0,157991948,21296988,0,82711723,53983237,157991948,1428597,61452132,-48452132,150841910,29014986,179856896,53556933,0,5216723,80260000,85476723,2765000,0,0,679,231,1331734,172171,1503905,239,23,105239,181792,348190,15978,115709,255664,156574,61958,88019,2611,364739,123152,315266,48736,230860,83775,165206,0,400943,137868,353268,53794,267549,97014,193469,0,2005
106281297,nelson m holderman memorial hospital,7/1/2004,6/30/2005,365,audited,incl. ind. audit,napa,03,0407,state,general,state,,(707)944-4541,veteran's home of california,yountville,94599,marcella m. mc cormack,administrator,,state of calif dept of veterans affairs,david s. kornblum ,,0,05-0667,,hsp03066f,809,427,404,3213,0,19101,0,0,320015,0,0,0,342329,167,0,79,0,0,1070,0,0,0,1316,30,6,0,0,773,0,1009,0,0,0,341320,0,205,0,0,0,1111,0,115.9,219.6,260.1,4.9,0,0,0,9800,0,0,0,0,27358,0,0,0,37158,3,18248,0,18579,0,3,55,4281,4,262,0,0,56128504,35697783,0,20430721,256012,70797859,-50111126,50111126,0,0,0,0,44121560,1474713,10532231,0,0,0,0,0,0,0,0,0,0,0,0,0,0,0,0,0,0,0,0,412188,0,2047533,0,0,0,33238062,0,0,0,0,0,0,0,0,0,0,0,0,0,0,0,0,0,0,0,0,0,0,0,0,0,0,0,0,0,0,0,0,0,0,0,0,0,0,0,0,0,0,0,0,0,0,0,135796852,0,9998007,0,0,0,145794859,72524494,0,0,73270365,145794859,2253910,1764917,0,39292924,14014714,53491118,43493111,0,0,0,0,0,0,0,0,0,0,0,0,62,0,0,0,0,0,0,0,0,0,0,0,0,0,0,0,0,0,0,0,0,0,0,0,0,0,0,0,2005
106301304,newport bay hospital,5/1/2004,4/30/2005,365,audited,incl. ind. audit,orange,13,1016,investor,psychiatric,comparable,,(949)650-9750,1501 east 16th street,newport beach,92663-5924,james e. parkhurst,ceo,www.newportbayhospital.com,beacon healthcare services  inc.,rocky gentner,gentner and company  inc.,0,05-4135,,,34,34,34,9076,0,0,0,0,201,0,0,0,9277,706,0,0,0,0,36,0,0,0,742,0,34,0,0,0,0,0,9277,0,0,0,0,0,742,0,0,0,0,74.8,74.8,12.5,12.5,0,0,0,0,0,0,0,0,0,0,0,0,0,0,0,0,0,0,0,0,0,0,0,0,0,11742777,2631512,0,9111265,1053,9159095,-46777,0,0,0,0,-46777,10688370,0,1054407,11439560,0,0,0,0,303217,0,0,0,11742777,0,0,0,0,0,0,0,0,0,0,2506737,0,0,0,0,0,124775,0,0,0,0,0,0,0,0,0,0,8932823,0,0,0,0,178442,0,0,0,0,0,0,0,0,0,5373206,0,600130,0,0,0,0,626435,267912,1422210,869202,912287,391946,0,5869207,218710,670040,13575,755009,21567,114060,192694,1365176,0,77048,0,53000,0,1495224,1732062,0,1568128,-1804966,1495224,1186429,23854517,-23686937,0,310453,330526,253478,0,0,0,1568128,0,0,0,18,0,144608,2337,146945,46,0,10273,1952,0,0,0,10991,12481,0,102440,6471,102440,0,1125,0,16385,6062,18596,0,102440,0,1125,0,17458,6459,19463,0,2005
106481357,north bay medical center,1/1/2005,12/31/2005,365,audited,incl. ind. audit,solano,03,0408,non-profit,general,comparable,,(707)429-3600,1200 b gale wilson blvd,fairfield,94533-3552,deborah sugiyama,president,http://northbay.org,northbay healthcare system,william dean,northbay healthcare corp,0,05-0367,,zzr00367f,140,140,140,8597,786,1854,5526,1415,750,3113,293,63,22397,1689,171,682,1346,313,267,1093,77,26,5664,140,0,0,0,0,0,22397,0,0,0,0,0,5664,0,0,0,0,0,43.8,43.8,4,4,10,2529,1487,33675,6607,11796,22256,4150,43321,24104,572,4593,151074,30826,63638,8004,45549,1711,4,120368,99853,1020,1531,1142,436,553429798,449086235,18217664,122561227,1848008,132623653,-8214418,3159193,736666,0,0,-5791891,100097221,102783739,350548838,126534761,13136341,20456232,66966495,20076179,12630599,41051929,4577614,1782672,307212822,67417152,14006028,14536201,41941063,14454407,27971200,51958240,2811791,11120894,246216976,166503851,23637820,24991050,102097418,0,31004221,13128429,62267947,17769843,0,7212551,0,473105,3990859,7909471,1211205,5106129,27308237,7463776,10001383,14627208,4715368,22586747,35031091,265961,561456,0,10899787,0,2048573,0,0,19951953,16829507,39609383,4728575,0,0,0,17901257,6350753,22511283,4740942,44665189,18535508,5101277,4628086,16605014,30441374,4190236,2548960,860270,1681563,3366176,34652740,31785023,34825972,1885350,4405340,1054565,108608990,23996405,0,27907936,56704649,108608990,10124607,104890963,-85780302,46950506,31837393,86119643,51293671,0,0,29426836,29426836,1518900,0,0,704,217,1327494,184093,1511587,206,0,66378,348592,409252,2496,40063,294439,118973,0,31860,15441,324499,230522,356171,0,215316,63406,137580,0,367897,259404,410338,0,239752,72533,161663,0,2005
106454012,northern calif rehabilitation hospital,5/1/2004,6/30/2005,426,audited,excl. ind. audit,shasta,01,0209,investor,specialty,comparable,,(530)246-9000,2801 eureka way,redding,96001-1706,christine jones,administrator,www.oakvalleycares.org,ocadian care centers,tammy staeden,hfs consultants,0,05-0699,hsc30699g,hsp30699g,88,88,88,24608,0,567,0,0,625,1284,0,459,27543,1419,0,35,0,0,51,103,0,38,1646,0,0,0,38,50,0,0,0,0,8259,19284,0,0,0,0,590,1056,0,73.5,73.5,16.7,14,0,0,0,7032,0,1490,0,0,622,3977,0,1524,14645,0,9829,0,4816,0,0,0,0,0,0,0,0,40928051,23603790,0,17324261,43389,17349330,18320,642,0,0,0,18962,19193576,3614269,18120206,32630136,0,1059543,0,0,675341,2064188,0,765461,37194669,1477431,0,500656,0,0,182645,1133465,0,439185,3733382,19263121,0,1421226,0,0,0,588050,2018150,-362044,0,0,0,675287,0,0,0,0,14820566,0,138973,0,0,269936,1179503,0,915283,0,0,0,642,0,0,7395634,653754,2312926,0,0,0,0,2669450,547940,3226847,542779,6584435,2363976,204925,286212,1861795,4740666,232890,151973,168938,0,753520,1316332,0,2424840,0,0,0,3741172,2864308,0,0,876864,3741172,670,1317664,-175355,3503113,776471,4279584,1854744,0,0,0,0,0,0,1616020,144,70,325822,28079,353901,94,0,35423,47387,43823,59707,67112,43453,24523,0,132,4262,170106,22228,26529,0,47414,22266,37279,0,193980,25324,27311,0,47527,22311,37448,0,2005
106454012,northern calif rehabilitation hospital,7/1/2005,12/31/2005,184,audited,incl. ind. audit,shasta,01,0209,investor,specialty,comparable,,(530)246-9000,2801 eureka way,redding,96001-1706,christine jones,administrator,www.norcalrehab.com,vibra management  llc,robert j witter,parente randolph llc,0,05-0699,hsc30699g,hsp30699g,88,88,74,10981,0,270,0,0,83,932,0,0,12266,552,0,13,0,0,12,64,0,0,641,14,0,0,24,50,0,0,0,0,3687,8579,0,0,0,0,145,496,0,75.8,75.8,19.1,25.4,0,0,0,3047,0,120,0,0,0,220,0,0,3387,0,847,0,2540,0,0,0,0,0,0,0,0,16303106,9969661,0,6333445,0,8186039,-1852594,17819,0,0,0,-1834775,8817630,322181,7163295,13809562,0,465222,0,0,1497167,206885,0,0,15978836,292082,0,11402,0,0,0,20786,0,0,324270,8676065,0,306146,0,0,0,846260,99859,41331,0,0,0,0,0,0,0,0,5425579,0,170478,0,0,609576,127812,0,0,0,0,0,7147,0,0,2203532,212565,1420686,0,0,0,0,1268770,178055,1384777,1517654,3623507,828155,88717,0,695084,919856,514887,92338,95306,822187,506002,3356086,0,14072048,21183,1169374,0,18618691,2550284,0,17903182,-1834775,18618691,220419,2132477,-86054,0,462450,14106884,34836,0,17903182,0,17903182,0,0,1541391,161,50,117814,51338,169152,93,0,16618,26899,7948,19594,24876,4859,7425,9595,0,0,58033,3981,18751,0,19990,3260,13799,0,105682,4183,19930,0,21093,3558,14706,0,2005
106141273,northern inyo hospital,7/1/2004,6/30/2005,365,audited,incl. ind. audit,inyo,12,1203,district,general,comparable,small/rural,(760)873-5811,150 pioneer lane,bishop,93514-2556,john halfen,ceo/cfo,www.nih.org,northern inyo county local hospital district,richard w. lakey,richard w. lakey-cpa,0,05-0015,,zzt30015f,32,32,32,1695,15,709,0,195,185,622,16,100,3537,442,7,265,0,51,58,258,4,38,1123,32,0,0,0,0,0,3537,0,0,0,0,0,1123,0,0,0,0,0,30.3,30.3,3.1,3.1,6,446,193,21291,79,5384,182,1921,4647,18460,159,3440,55563,6872,12578,0,35758,0,3,51146,59315,395,909,142,50,58263777,22925364,0,35338413,189659,33107510,2420562,1142681,348578,0,0,3214665,4814314,6301999,47147464,11422361,168932,3890084,0,1483008,1528742,4957017,83871,440976,23974991,14538243,122858,3206155,62901,1277854,3148872,10863753,95821,972329,34288786,15349615,163450,2960969,27450,0,1525862,345100,1267030,915311,0,55919,0,314658,0,0,0,0,10610989,128340,4135270,35451,1235000,4227864,14483740,100998,380761,0,0,144403,390918,469208,0,4311514,4086604,13453414,0,0,0,0,5381121,1752421,2953100,1169336,12507320,8510229,1832157,801549,3813848,1579486,1740992,86398,133207,589028,1513296,14363613,3255530,9015709,495801,7218656,169784,34519093,6079211,99485,7787987,20552410,34519093,7148391,5580542,-405295,6729965,16702977,24305827,15290118,0,216451,7850000,8066451,278464,0,0,283,60,521643,71154,592797,44,0,61705,115878,100368,11665,12469,134425,58200,23247,3686,0,86438,64212,159771,0,104551,53990,52681,0,96900,71477,182618,0,120995,60522,60285,0,2005
106190568,northridge hospital medical center,7/1/2004,6/30/2005,365,audited,excl. ind. audit,los angeles,11,0905,non-profit,general,comparable,,(818)885-8500,18300 roscoe boulevard,northridge,91324-4105,michael wall,president/ceo,www.northridgehospital.org,catholic healthcare west,james r. saurenmann,saurenmann & associates,2,05-0116,hsc30116f,zzt30116f,425,412,250,27758,6754,17228,3253,9,2336,30098,1199,1060,89695,5249,1285,3482,837,1,453,5512,225,224,17268,335,40,0,26,24,0,71510,10771,0,7414,0,0,15191,1710,0,367,0,0,57.8,59.6,5.2,5.2,16,5687,2497,15437,4543,9157,10934,0,10809,39684,1616,10407,102587,54687,0,0,37419,2860,14,510278,358495,3676,5103,1858,1205,1024760780,803325347,12037770,233473203,4088530,221253715,16308018,2085596,3632745,0,0,14760869,257868240,43254260,723638280,243677045,67869372,144434144,26387005,172535,23718734,237519890,11896946,6680864,762356535,64667054,16962696,24153036,15359503,0,23067613,98674644,1978589,17541110,262404245,289138200,37567704,124418784,35092744,0,82703,31525251,233628331,9334024,4388115,17812732,0,20336759,8541996,1118688,0,2377086,17774732,55560805,35863898,6944345,0,11013275,102578616,63252,3674280,0,0,0,379278,0,0,50075764,10440245,76235141,4900941,0,94888,2965288,30066509,7391628,26332328,12750983,77680799,37867436,2391835,20645475,32416512,26237940,8651164,1991251,3491014,2063731,7816558,87439432,810384,72351678,9885411,178101,0,170665006,43980419,2980551,42080152,81623884,170665006,35452492,189023594,-152039183,84448430,33592176,119928512,47576834,0,0,43939300,43939300,1859148,0,76580,1504,516,3100567,450680,3551247,211,21,287462,774293,732704,93618,247572,349424,162661,29922,79497,343414,998038,168509,747335,64926,579647,189930,304947,47235,1179096,190876,860895,66168,629578,210355,359109,55170,2005
106214034,novato community hospital,1/1/2005,12/31/2005,365,audited,incl. ind. audit,marin,04,0405,non-profit,general,comparable,,(415)209-1300,180 rowland way,novato,94945,anne l. hosfeld,cao,http://novatocommunity.sutterhealth.org,sutter health,jean johnson,marin general/novato community hospitals,0,05-0131,hsc00131g,,47,47,27,4933,0,527,0,281,1761,1549,31,83,9165,1023,0,107,0,67,485,356,7,21,2066,47,0,0,0,0,0,9165,0,0,0,0,0,2066,0,0,0,0,0,53.4,53.4,4.4,4.4,0,0,0,32286,0,6683,0,2167,17413,61451,401,4224,124625,15453,15895,0,92955,0,3,85173,143936,808,1861,0,0,176898181,114592608,50147,62355720,472613,53448488,9379845,1882877,3374457,0,0,7888265,34972205,15319520,126606456,49171281,0,5654662,0,3107200,12343641,19199263,348696,907606,90732349,24644128,0,4677165,0,1536137,7650159,44924842,259174,2474227,86165832,60049269,0,8936541,0,0,3495627,5727767,33954646,1298265,0,765967,0,364526,0,0,0,50147,13012601,0,1278526,0,1062582,13995474,30024122,0,2982415,0,-14042627,34772,143888,0,0,8401479,5453761,18991318,0,0,0,0,8234457,2462613,6200154,3704706,16820923,7166483,2121643,2552480,6381552,11050592,4312407,282548,69772,1365652,1324436,12024797,0,58482629,137960,14143,831593,71491122,6228206,0,30912623,34350293,71491122,2018085,24685347,-15903423,50900421,16014498,79291012,20808383,0,0,30912623,30912623,0,128009,1144053,227,66,462858,48833,511691,46,0,25580,100745,108650,9300,18788,86307,37956,36710,20414,18408,106203,56523,157500,0,70905,25057,46670,0,115860,62117,175090,0,79326,26983,52315,0,2005
106500967,oak valley district hospital,7/1/2004,6/30/2005,365,audited,excl. ind. audit,stanislaus,06,0511,district,general,comparable,small/rural,(209)847-3011,350 south oak avenue,oakdale,95361-3519,john friel,ceo,www.oakvalleycares.org,oak valley district hospital,hadley paculba,hfs consultants,0,05-0067,hsc00067f,zzr00067f,150,150,150,6761,3970,29830,234,6,1631,1807,261,1751,46251,632,342,470,76,4,338,473,9,71,2415,35,0,0,0,115,0,8503,0,0,0,37748,0,2100,0,0,0,315,0,84.5,84.5,19.2,4,0,0,0,14868,5874,29145,9912,18,9358,15999,391,15830,101395,20514,33460,0,48169,0,2,84357,96589,496,622,304,89,120352244,78026764,0,42325480,982896,40447916,2860460,519290,0,0,0,3379750,21762583,20970169,77619492,17701229,8847404,13754876,1445567,33225,4377294,10503914,196165,1559103,58418777,12293272,3735159,11580074,4058332,18230,7496832,14799522,207967,7744079,61933467,22700334,8862011,15889836,3897268,-526568,58618,1709741,16402710,5593027,0,404132,0,3035655,0,0,0,0,7294167,3720552,9971682,1606631,-7163,10164385,8900726,0,674500,0,0,0,483926,0,0,11385250,7011697,8979481,0,0,0,0,5332774,2090489,4625772,1022453,16014718,8073978,1774078,2944064,4127226,3184045,1390727,1146524,274742,0,1517814,14708137,31675271,7509670,4015098,1235227,0,59143403,8326641,22093,18048476,32746193,59143403,5251221,21995510,-13725352,10588816,12026186,24290834,16781164,0,0,18037000,18100776,52300,0,3338533,401,125,792600,82471,875071,27,0,55337,222784,105627,32001,122752,131802,81268,0,40869,160,297325,153173,90022,0,107857,68310,75913,0,326319,169396,99834,0,119625,76086,83811,0,2005
106334457,oasis psychiatric health facility,1/1/2005,12/31/2005,365,audited,excl. ind. audit,riverside,12,1103,investor,psychiatric,phf,,(760)863-8664,47-915 oasis street,indio,92201,steve harmon,administrator,www.starsgroup.org,oasis rehabilitation center  inc.,bruce j. wright ,good & fowler  llp,0,,,,50,50,50,0,0,0,0,0,0,0,0,16795,16795,0,0,0,0,0,0,0,0,795,795,0,16,0,0,0,34,0,5041,0,0,0,11754,0,670,0,0,0,125,92,92,21.1,7.5,0,0,0,0,0,0,0,0,0,0,0,0,0,0,0,0,0,0,0,0,0,0,0,0,0,6120950,0,0,6120950,0,5948775,172175,0,0,1028,0,171147,6120950,0,0,0,0,0,0,0,0,0,0,6120950,6120950,0,0,0,0,0,0,0,0,0,0,0,0,0,0,0,0,0,0,0,0,0,0,0,0,0,0,0,0,0,0,0,0,0,0,0,6120950,0,0,0,0,0,0,3863292,0,0,0,0,0,0,774521,83421,1139658,87883,2887712,739872,0,1006609,585307,231064,2256,406536,87883,0,1536,1406833,0,24816,0,0,0,1431649,611477,0,29385,790787,1431649,0,633325,0,0,36699,36699,11883,0,0,0,29385,0,724593,0,59,16,119445,11200,130645,0,0,8093,38213,14601,13451,5977,15644,16002,0,0,7464,80961,0,0,0,18398,3275,16811,0,88562,0,0,0,20233,3603,18247,0,2005
106430837,o'connor hospital,7/1/2004,6/30/2005,365,audited,incl. ind. audit,santa clara,07,0431,non-profit,general,comparable,,(408)947-2500,2105 forest ave,san jose,95128-1425,rob curry,president,www.oconnorhospital.org,daughters of charity health system,tanya teig,moss adams llp,0,05-0153,hsc00153f,zzr00153f,358,306,225,30298,5298,6433,1059,0,406,15760,0,1358,60612,3858,1764,2548,420,0,134,5246,0,339,14309,312,22,0,0,24,0,49967,3231,0,0,7414,0,13509,225,0,0,575,0,46.4,54.3,4.2,3.9,14,8598,3000,52243,6711,8321,6316,0,3192,63191,0,3472,143446,31697,20793,30661,53440,0,10,691440,1450386,5542,13463,2346,974,900064417,689561977,0,210502440,1775411,204620147,7657704,10069887,1328944,0,0,16398647,272600651,58049718,569414048,287616236,79780500,68399643,8382911,0,5684083,190094734,0,10561430,650519537,75500679,22107360,19834778,6271806,0,2067399,116285599,0,7477259,249544880,296602466,0,79783028,12987935,0,0,2416251,283084609,11939487,0,2748201,0,0,0,0,0,0,66514449,101887860,8451393,1666782,0,2587030,23295724,0,6099202,0,0,3491736,3511932,0,0,42021652,15466560,68984726,0,0,0,0,30586316,3830519,34626444,9103930,94020495,25736117,3146437,10229851,31833016,18143230,6578413,2338915,829214,3916763,7847696,50541160,46594940,54106355,3137717,4061738,0,158441910,40536686,0,78206068,39699156,158441910,5492346,154548285,-122859322,62143311,71293454,211148300,157041945,0,0,78206068,78206068,0,8291646,0,1210,395,2328185,343752,2671937,582,0,252592,538381,625018,77782,119373,298339,191583,70358,99686,55073,612155,236861,624653,0,400596,53166,400754,0,718211,269763,724431,0,455205,60732,443595,0,2005
106560501,ojai valley community hospital,10/1/2004,5/31/2005,243,audited,excl. ind. audit,ventura,10,0809,non-profit,general,comparable,small/rural,(805)640-2230,1306 maricopa highway,ojai,93023-3131,victoria alexander,ceo,www.ojaihospital.org,ojai valley community hospital foundation,tracy moziak addleman,hfs consultants,0,05-0046,hsc30046k,,103,103,103,3186,1280,10221,0,0,0,550,42,511,15790,443,207,76,0,0,0,171,17,23,937,37,0,0,0,66,0,2189,0,0,0,13601,0,730,0,0,0,207,0,63.1,63.1,16.9,3,0,0,0,2807,1061,5527,0,0,77,7482,91,1837,18882,5243,4554,0,9243,0,2,19342,27831,154,394,0,0,26122732,14934964,0,11187768,343578,13041336,-1509990,233407,0,0,0,-1276583,5473513,2494734,18154485,5228529,2708829,3130174,0,0,0,2056435,183898,301252,13609117,3066349,1394444,1029080,0,0,34594,6327420,56922,604806,12513615,4661342,2578055,1311922,0,-9717,0,0,5476779,430431,0,236695,0,249457,0,0,0,0,3595647,1514006,2834624,0,0,19130,2884651,4125,335585,0,0,163407,0,0,0,3170788,869693,3727831,0,11959,0,0,1985666,503596,1910604,861199,5530883,1951869,222307,692318,1996409,693458,410450,356945,266640,141870,778187,3154506,194636,3607348,244038,7723,0,7208251,4300306,0,2136352,771593,7208251,69358,4438139,-2452724,1942216,2933313,6311375,2704027,0,2443508,0,2443508,307156,0,0,192,62,256865,21771,278636,30,0,33467,51426,29378,13893,42330,36916,32172,4489,11855,939,88854,24871,46364,0,52069,17125,27582,0,96611,27053,49683,0,55625,19446,30218,0,2005
106560501,ojai valley community hospital,6/1/2005,12/31/2005,214,audited,excl. ind. audit,ventura,10,0809,non-profit,general,comparable,small/rural,(805)640-2230,1306 maricopa highway,ojai,93023-3131,gary k. wilde,president/ceo,www.ojaihospital.org,community memorial health system,joseph f. lapid,nathan consulting group,0,05-0046,hsc30046k,,103,103,103,2528,0,6679,0,0,65,1346,653,2623,13894,242,0,107,0,0,18,195,34,138,734,37,0,0,0,66,0,1828,0,0,0,12066,0,578,0,0,0,156,0,63,63,18.9,3.2,0,0,0,3749,128,4582,0,0,1111,7698,174,4088,21530,5853,4190,0,12184,0,2,26431,39647,137,349,0,0,33959316,23579394,0,10379922,303996,11213728,-529810,201406,105206,0,0,-433610,5049922,2846122,26063272,6810050,0,2424895,0,0,440230,5437291,596340,2395365,18104171,3445866,137394,1403063,0,0,890188,6957449,144808,2876377,15855145,8933277,122280,1958318,0,0,0,589306,10291754,566541,0,741147,0,376771,0,0,0,0,1322639,15114,1869640,0,0,741112,2102986,1,4328430,0,-98627,0,1921,0,0,3125327,596039,3301243,0,0,0,0,1851241,205251,1389185,745442,4835004,1328411,114089,786571,1822728,939268,393400,414486,180787,128137,270847,4950667,0,4248559,248059,7723,0,9455008,7235820,0,1979832,239356,9455008,831630,11027783,-7426962,1970123,3473396,6879365,2630806,0,2260735,0,2260735,280903,0,5324323,171,63,206928,16266,223194,30,0,21387,35317,31279,9609,36386,27316,28523,1958,12912,2241,82278,15270,38924,0,44256,7906,18294,0,88349,16528,41942,0,47352,8731,20292,0,2005
106190534,olympia medical center,12/1/2004,12/31/2005,396,audited,incl. ind. audit,los angeles,11,0925,investor,general,comparable,,(323)932-5377,5925 san vicente boulevard,los angeles,90019-6630,john calderone,ceo,,olympia medical center,lilian gong,gong nashed pascoe inc.,0,05-0742,hsc30477g,,204,103,101,23837,1867,2581,527,0,612,6622,182,747,36975,3952,456,454,129,0,219,1617,30,200,7057,204,0,0,0,0,0,36975,0,0,0,0,0,7057,0,0,0,0,0,45.8,90.7,5.2,5.2,0,0,0,18182,7262,4057,3149,0,2435,9382,92,18155,62714,22010,12870,0,24516,0,9,275348,340412,2411,4158,0,0,841831993,751375500,0,90456493,289095,97821564,-7075976,1739273,824666,0,0,-6161369,153116454,33982751,654732788,382365217,36305274,50408843,10245719,0,12914259,128726450,3744183,18043346,642753291,66931532,9708159,21412312,9266778,0,18467471,63739853,153929,9398668,199078702,417844221,42738280,69951271,18576558,0,0,25178360,136297447,22489046,0,3907909,0,14392408,0,0,0,0,31452528,3275153,1716858,935939,0,3048133,40014887,143229,9869766,0,0,0,100996,0,0,20671015,6028250,32938899,0,0,0,174638,13120859,3279943,15520204,6087756,33358477,12856518,0,8093081,17256973,16769842,3005969,2445145,809615,10124,3215820,14186176,0,10562788,0,771838,0,25520802,16022014,0,11978612,-2479824,25520802,10561410,75717901,-75066348,1343703,5348060,11526706,963918,0,0,0,12589723,611111,0,0,545,187,1142996,184131,1327127,654,4,93186,241536,381655,10539,28772,240541,30546,19854,86145,10222,423117,101987,296860,0,111709,78271,131052,0,462021,110776,400027,0,125638,86372,142293,0,2005
106300225,orange coast memorial medical center,7/1/2004,6/30/2005,365,audited,incl. ind. audit,orange,13,1016,non-profit,general,comparable,,(714)378-7000,9920 talbert avenue,fountain valley,92728-5153,marcia manker,ceo,www.memorialcare.org,memorial health services,donna j. anglin,memorial health services,0,05-0678,,hsp30678g,224,216,120,6327,10039,522,906,130,201,20926,0,842,39893,1297,2547,137,234,27,69,6440,0,280,11031,224,0,0,0,0,0,39893,0,0,0,0,0,11031,0,0,0,0,0,48.8,50.6,3.6,3.6,15,3125,1413,4274,9308,267,1912,205,686,36028,0,2918,55598,20493,0,0,34659,10644,6,464676,427249,3217,4194,1104,460,404216287,322164985,42034982,124086284,748438,121209104,3625618,2181426,1112691,0,0,4694353,80834769,16421833,306959685,42318656,81340992,3051214,5984111,804450,1702145,144074169,0,8482209,287757946,7144688,23382954,382022,3054908,251035,1271088,74672219,0,6299427,116458341,36851039,95026449,2910556,8069251,0,993460,2101333,162467633,2992949,0,64306,-27466,10715475,38322245,3712737,0,0,12502475,47790216,522680,4378924,62025,816954,54828227,0,3184783,0,0,0,61649,0,0,20617910,2984079,43308144,9424115,14745111,0,0,12880034,5359750,10339199,1550762,37199502,11620551,1319257,7243721,19702145,35639922,1732683,2058718,344521,0,4348084,25043976,0,41380749,7348591,0,0,73773316,55707054,485855,5277061,12303346,73773316,272694,82706354,-67542293,31957654,13120232,56578738,15197989,0,0,0,5277061,0,2000,28500967,742,277,1568765,112457,1681222,101,0,151585,311125,352358,17115,207056,256322,119492,16559,104631,32522,489521,62057,489028,0,236312,121371,157805,12671,518411,65859,527016,0,254233,129451,172521,13731,2005
106040937,oroville hospital,12/1/2004,11/30/2005,365,audited,incl. ind. audit,butte,01,0221,non-profit,general,comparable,,(530)533-8500,2767 olive highway,oroville,95966-6118,robert j. wentz,ceo,www.orovillehospital.com,orohealth corporation,jo l. dilbeck ,orohealth corporation,3,05-0030,hsc00030f,zzr00030f,153,153,128,21672,137,7296,0,1816,2468,1131,0,791,35311,4186,19,2087,0,355,872,382,0,368,8269,133,0,0,0,20,0,29298,0,0,0,6013,0,7738,0,0,0,531,0,63.2,63.2,4.3,3.8,10,1527,685,54798,67,70449,0,10460,34868,16379,0,11164,198185,34093,104583,7783,72492,0,5,197257,156652,1883,2778,435,177,271871923,182631994,0,89239929,768387,89839161,169155,165744,0,0,0,334899,57074954,35878428,178918541,100014936,624086,44466957,0,11432919,16847881,7458041,0,3199199,184044019,29982829,48465,25850434,0,4675832,15899674,7512281,0,3858389,87827904,88846923,342925,49085266,0,-1558000,9356880,16697554,7633173,9513667,0,1794328,0,919278,0,0,0,0,40456928,329626,22790125,0,6751871,11502423,7057570,0,351386,0,0,6620,60973,0,0,17711017,17126412,31241906,0,0,0,0,10170528,3996873,5397333,4195092,33477488,17685275,9004378,4578279,11466408,4471555,2031579,2043438,1011868,2045575,2023318,13543790,216185,23570281,0,2767102,612953,40710311,27405841,0,23651666,-10347196,40710311,554668,30822792,-18788209,25516081,25060263,52524106,28953825,0,1734016,21420000,27316458,3664792,0,124649,798,203,1525367,201047,1726414,64,0,124034,420960,231265,108884,82695,322480,140432,27298,67319,0,387020,243421,389465,0,245262,142047,118152,0,429004,279201,446306,0,277213,160910,133780,0,2005
106190581,orthopaedic hospital,11/1/2004,11/30/2005,395,audited,incl. ind. audit,los angeles,11,0925,non-profit,specialty,comparable,,(213)742-1000,2400 so flower st,los angeles,90007-2629,james v. luck jr.  m.d.,ceo/president,www.orthohospital.org,l.a. orthopaedic hospital foundation,loida a. villanueva,orthopaedic hospital,0,05-2056,hsc30256f,,112,112,112,615,21,1105,423,0,111,689,233,218,3415,132,5,358,198,0,25,196,55,81,1050,112,0,0,0,0,0,3415,0,0,0,0,0,1050,0,0,0,0,0,7.7,7.7,3.3,3.3,0,0,0,2990,57,18396,19884,0,7684,8556,316,2644,60527,12261,30395,0,17158,0,7,125992,90461,988,713,0,0,61597549,41289675,0,20307874,4247865,41881606,-17325867,18501542,1049125,0,0,126550,1889164,4531290,55177095,6289077,196582,6099141,3075307,0,834422,7235051,535757,2787313,27052650,4511190,31148,14040065,5116533,0,2537500,5123597,67876,3116990,34544899,5825375,117007,16687735,4744579,-467155,0,2394438,8420872,246368,0,950844,0,2369612,0,0,0,0,4949318,110723,3237092,3447261,0,977484,3937776,0,3648220,0,0,15046554,1210858,0,0,2287150,4627678,15556580,0,0,351865,837555,8087286,1917360,5613875,2602257,11507577,5887858,2208089,2755902,10668702,3172602,2177270,218282,364651,799328,2121345,16301641,4600030,15086334,27174635,38053836,0,101216476,7663964,595324,56447181,36510007,101216476,2277762,5557091,-3966432,20574179,7650223,28921126,13834792,0,0,52916757,56447181,0,0,0,231,36,499265,57858,557123,52,7,72802,98825,56085,5059,20308,174020,12671,21371,663,37461,42028,77059,113544,11389,100157,72155,67110,15823,46481,86712,124786,13448,111828,79580,76604,17684,2005
106190307,pacific alliance medical center,1/1/2005,12/31/2005,365,audited,incl. ind. audit,los angeles,11,0925,investor,general,comparable,,(213)624-8111,531 w. college st.,los angeles,90012-2315,john edwards,ceo,www.pamc.net,pamc ltd.,robert c. perkins,hospital management services,0,05-0018,hsc30018f,zzt30018f,138,138,78,13087,214,10219,2431,0,196,695,415,350,27607,2055,33,2720,641,0,47,148,109,62,5815,115,0,0,23,0,0,23930,0,0,3677,0,0,5531,0,0,284,0,0,54.8,54.8,4.7,4.7,25,4772,2030,4373,65,5024,4878,0,530,1031,509,1506,17916,0,10076,0,7915,1187,4,135068,61181,1462,1463,1355,675,86842053,38624981,2998683,51215755,174027,53815241,-2425459,19912219,2667843,0,0,14818917,21967591,3053633,61820829,30595378,588367,30296539,6267211,0,565634,2175322,1088080,822536,72399067,4376471,74391,4422835,3265329,0,354259,819164,784526,346011,14442986,6574522,418430,19978782,6678456,-4830362,0,568152,2116359,702970,0,6417672,0,0,0,2998683,0,0,28397327,244328,15025888,5852767,0,351741,878127,0,465577,0,0,0,402372,0,0,11586878,1577129,13429008,2347979,0,0,0,7955625,2360544,11087653,3470425,20786374,7136120,1646349,2944485,5410486,8386837,1347942,1736957,743872,284460,3391359,26732753,0,20946750,9300870,27689088,0,84669461,10458401,555435,6966981,66688644,84669461,19090860,9367906,-4109289,14290961,10720522,34357167,13410417,2821947,0,0,7894169,927188,645933,0,431,134,821916,95640,917556,108,0,93596,122778,168748,43203,67153,166633,121078,17803,16684,4240,263503,18491,162864,0,190450,73474,113134,0,293506,19528,181027,0,212747,81948,128800,0,2005
106190587,pacific hospital of long beach,1/1/2005,12/31/2005,365,audited,incl. ind. audit,los angeles,11,0933,investor,general,comparable,,(562)424-7422,2776 pacific avenue,long beach,90806-2613,michael drobot,ceo,www.phlb.org,pacific hospital of long beach,loretta masi,pacific hospital management,0,05-0277,hsc30277f,,184,184,160,14079,0,25543,2399,0,5189,0,0,146,47356,1673,0,3253,411,0,1123,0,0,42,6502,84,73,0,0,27,0,17171,23635,0,0,6550,0,4124,2282,0,0,96,0,70.5,70.5,7.3,6.4,13,2631,1075,16560,0,9228,7831,0,3997,0,0,3346,40962,15539,10564,0,0,0,6,340988,472938,1408,2913,684,393,371903212,278999802,9091376,101994786,1277548,101928758,1343576,775479,574328,553724,0,991003,56680943,14779132,300443137,67789997,0,98339176,16742555,0,81299023,0,0,606799,264777550,19749812,0,16734429,14184221,0,53091080,0,0,3366120,107125662,67219853,0,99544974,32316276,-6283436,0,67224427,0,15664919,0,0,0,3312789,0,9091376,0,0,16632695,0,16965057,6399211,0,61476155,0,0,521668,0,0,0,299299,0,0,24812475,4141762,23036522,0,0,0,1156613,12665815,4346538,25227843,6541190,32986317,11972631,1017805,18459351,10678971,15027326,2755807,1282363,2326572,1930581,3491034,42211898,0,11149989,108886,1520694,0,54991467,29979701,0,15787864,9223902,54991467,2478680,127296384,-91171447,12613680,13693851,28731765,17581776,0,0,0,20100253,4312389,0,0,657,258,1317647,105617,1423264,311,26,196538,256946,344408,83921,107856,211946,19187,39927,56918,0,614233,80694,277691,39927,52565,132522,120015,0,652815,88579,307612,40256,57442,146195,130365,0,2005
106560838,pacific shores hospital,1/1/2005,12/31/2005,365,audited,excl. ind. audit,ventura,10,0811,investor,psychiatric,comparable,,(805)604-1216,2130 north ventura rd.,oxnard,93030,jonathan rader,ceo,,rehabilitation institutes of america  inc.,hadley paculba,hfs consultants,0,,,hsp34116f,30,30,30,0,0,0,0,0,8027,913,0,193,9133,0,0,0,0,0,330,39,0,8,377,0,30,0,0,0,0,0,9133,0,0,0,0,0,377,0,0,0,0,83.40000000000001,83.40000000000001,24.2,24.2,0,0,0,0,0,0,0,0,3045,600,0,84,3729,0,0,0,0,0,0,0,0,0,0,0,0,19711315,5829892,0,13881423,0,5225769,8655654,5050,3223,0,0,8657481,16118584,2542750,1049981,0,0,0,0,0,15094178,1712764,0,361623,17168565,0,0,0,0,0,2080600,404750,0,57400,2542750,0,0,0,0,0,0,4778753,577429,329418,0,0,0,144292,0,0,0,0,0,0,0,0,0,12108997,1504697,0,267729,0,0,0,0,0,0,1641541,239844,134596,0,0,0,0,1770596,125229,990379,323584,2157381,308584,744574,745358,455466,246525,44246,16989,112924,47062,346660,8045512,0,793636,0,0,67433,8906581,1528789,0,0,7377792,8906581,9699,9521806,-2007416,571132,60066,1030966,237330,0,0,0,0,0,438588,0,46,16,91888,4499,96387,2,0,22151,14375,9325,6786,16877,0,20084,2287,3,0,32282,5562,0,0,34459,2393,17192,0,32587,6143,0,0,36755,3287,17615,0,2005
106190696,pacifica hospital of the valley,1/1/2005,12/31/2005,365,audited,excl. ind. audit,los angeles,11,0907,investor,general,comparable,,(818)767-3310,9449 san fernando rd,sun valley,91352-1421,dr. durairaj,ceo,,doctors community healthcare corporation,george watkins,pacifica hospital of the valley,0,05-0378,hsc30378h,zzt30378h,231,221,167,8338,249,45800,2720,0,495,1823,512,664,60601,1289,86,2770,789,0,76,497,121,311,5939,95,38,0,0,98,0,15431,12430,0,0,32740,0,4216,1628,0,0,95,0,71.90000000000001,75.09999999999999,10.2,4.8,9,2615,1023,1616,183,4389,5879,0,1107,2809,693,2650,19326,16220,0,0,4605,241,5,56431,44168,942,906,576,454,160866049,100262339,3381727,63985437,827557,63430887,1382107,1588143,0,0,0,2970250,65601295,5860997,89403757,19931617,1044666,99340746,9004039,0,1475188,6213871,1389773,2469433,140869333,1938192,165782,5658429,5377650,0,1349831,2995715,558100,1953017,19996716,11240925,-67937,79884766,5492962,-11571144,0,2561548,8542848,1744022,0,2434349,0,0,0,2956677,0,425050,10628884,1278385,36685553,11845404,0,263471,1091788,1,2191951,0,0,0,0,0,0,22889586,2996972,14750356,1315459,0,0,0,7950966,2317040,6985166,4225342,27636593,13288330,1543944,2247808,6558793,5381164,1402851,353988,297984,2543236,2176196,17760394,0,15614000,288192,0,446304,34108890,26381315,0,12833911,-5106336,34108890,761654,43138053,-31478662,16368194,10560260,30696266,15082266,0,0,0,13055763,221852,0,11983547,564,240,1012784,182462,1195246,66,0,73153,150021,218335,183691,96772,130629,111347,26997,21839,0,493260,38934,158429,0,186639,58140,77382,0,585651,47075,185897,0,216298,67861,92464,0,2005
106491338,palm drive hospital,7/1/2004,6/30/2005,365,audited,excl. ind. audit,sonoma,03,0401,district,general,comparable,small/rural,(707)823-8511,501 petaluma avenue,sebastopol,95472-4215,shawndra l. nimtz,administrator/ceo,,palm drive healthcare district,david s. kornblum ,,0,05-0385,,zzr00385h,37,37,16,3003,0,242,0,313,795,82,0,222,4657,738,0,60,0,75,199,20,0,51,1143,37,0,0,0,0,0,4657,0,0,0,0,0,1143,0,0,0,0,0,34.5,34.5,4.1,4.1,0,0,0,5433,0,1840,0,524,9687,907,0,2201,20592,9029,5115,0,6135,0,3,76395,95349,411,1470,0,0,62242085,44970743,34480,17305822,231900,21067555,-3529833,3961081,0,0,0,431248,6847531,10023723,45370831,16269200,0,1718827,0,1366196,7884328,640872,0,1812395,29691818,8352890,0,2561259,0,820552,15668259,1520389,0,3626918,32550267,18741780,0,3170941,0,0,1720655,14891766,1648098,512135,0,119689,0,4165679,0,0,0,34480,5880310,0,1109145,0,466093,8276720,511793,0,1061761,0,0,74512,0,3350480,0,3147944,2200229,7367041,0,0,0,0,2575641,1992865,2732907,1050928,7943361,2863777,802641,2219538,1908243,2102285,660000,373312,208692,514098,1471608,8277475,0,6890281,1544699,963674,1367332,19043461,3892024,0,16005000,-853563,19043461,3441071,12534485,-9504860,2018615,2664563,9197278,2306997,0,0,5805000,16105000,100000,0,0,143,43,307034,24831,331865,51,0,35486,47817,65682,1630,21866,71001,18425,10382,17347,17398,66780,23063,87216,0,46507,36704,46764,0,71045,24707,95321,0,49965,39622,51205,0,2005
106331288,palo verde hospital,1/1/2005,12/31/2005,365,audited,excl. ind. audit,riverside,12,1101,investor,general,comparable,small/rural,(760)922-5201,250 north first street,blythe,92225,jim matney,ceo,www.mypvh.org,providence healthcare systems,jeff clark,clark koortbojian & associates inc.,0,05-0423,,zzt30423g,51,35,35,2004,0,986,0,29,1394,274,34,319,5040,570,0,408,0,11,477,107,14,86,1673,51,0,0,0,0,0,5040,0,0,0,0,0,1673,0,0,0,0,0,27.1,39.5,3,3,0,0,0,6424,0,5451,0,413,6546,1054,416,3687,23991,11843,0,0,13031,0,2,28351,60463,264,564,0,0,59137641,39444624,0,19693017,61364,21851206,-2096825,93017,103387,0,0,-2107195,8238760,8133434,42765447,12283375,0,5669251,0,133732,6487028,1676997,240574,2387483,28878440,9226351,0,6634719,0,476076,8516122,1205110,701537,3499286,30259201,17569106,0,8931038,0,-307397,477752,5055559,2732572,2967628,0,2018366,0,0,0,0,0,0,3940620,0,3680329,0,132056,9947591,149535,40842,1802044,0,0,0,3686,0,0,4694084,1949015,5541932,0,0,0,0,2794482,1193782,5146464,531447,6809638,1795363,1337005,5079829,1836731,2241332,253957,513693,244549,0,1739109,9734154,0,3561777,0,761749,6763384,20821064,2964305,0,0,17856759,20821064,494957,22379250,-14240493,0,5538472,8372925,4811148,0,0,0,0,0,152503,0,133,34,270058,35059,305117,22,0,41277,57585,40172,21692,8624,48862,12242,11656,27948,0,84323,15271,57367,0,49954,32447,30696,0,90805,17884,66654,0,57106,37875,34793,0,2005
106370755,palomar medical center,7/1/2004,6/30/2005,365,audited,incl. ind. audit,san diego,14,1412,district,general,comparable,,(760)739-3000,555 e. valley parkway,escondido,92025-3048,gerald bracht,administrator,www.pph.org,palomar pomerado health system,ruth turner,healthcare management solutions  inc.,2,05-0115,hsc30115f,,420,420,321,26219,18441,35834,2604,2788,2385,21630,2484,2791,115176,4343,3721,3725,921,600,526,6073,600,893,21402,280,26,0,18,96,0,74399,4078,0,4791,31908,0,19779,743,0,406,474,0,75.09999999999999,75.09999999999999,5.4,4,0,0,0,50617,22133,21901,7757,2316,11902,39944,8560,8468,173598,51323,2411,39527,68565,3438,11,693848,123195,6461,1572,3147,1249,718011426,507076460,50458110,261393076,5379209,258691584,8080701,9976768,4102,0,0,18053367,205966197,65546456,446498773,155424223,107895706,83557899,13988073,16496850,34482062,126664452,17883097,20351522,576743884,29897144,19002330,13039666,7661079,2856550,14326912,36637414,4772031,13074416,141267542,135340677,116704996,73231067,13468856,0,14516479,20804242,94083349,13987088,0,22655127,-23994,2308573,35823949,0,0,14634161,49807620,45937409,23038871,8145689,4345165,27446090,82278173,1,20394058,0,-46777,0,2060810,7556788,0,62308784,23266162,73537366,8896048,7241444,0,0,37955701,8369890,28495221,8620968,83931592,31531531,6573861,13320894,40934297,63749081,7688878,1079029,1075952,4120017,4686452,114621148,39373554,50572892,15535532,0,4223556,224326682,42767774,0,58165000,123393908,224326682,6884,140139823,-88305886,108450840,55423475,170126686,119553794,0,0,63095000,63095000,4930000,0,23705060,1612,640,3280418,329491,3609909,297,0,222619,595507,921448,85330,323725,470767,249303,153838,149251,108630,1302364,403157,750625,0,550363,91334,182575,0,1438436,440564,828968,0,598592,100988,202361,0,2005
106370759,paradise valley hospital,1/1/2005,12/31/2005,365,audited,incl. ind. audit,san diego,14,1420,non-profit,general,comparable,,(619)470-4321,2400 e 4th street,national city,91950-2026,alan b. soderblom,president/ceo,www.paradisevalleyhospital.org,adventist health systems,michelle galvan,paradise valley hospital,0,05-0024,hsc30024f,zzt30024f,301,301,205,29042,893,27197,2543,1915,3115,3327,564,6524,75120,3763,180,4252,795,374,415,830,106,2557,13272,176,103,0,22,0,0,40290,29206,0,5624,0,0,8830,4096,0,346,0,0,68.40000000000001,68.40000000000001,5.7,5.7,0,0,0,66153,660,17654,9142,3429,3121,25976,799,5303,132237,38896,31311,22982,20030,0,4,216362,125580,1672,1996,1492,670,553929976,423247800,741511,131423687,2892186,140718188,-6402315,7690030,1059489,0,0,228226,188741981,92298851,272889144,166603707,7874947,129421911,16827083,16232640,14675018,17324378,3241924,29166464,401368072,75638903,1316354,24751754,15438730,6100263,5463660,11477146,1279454,11095640,152561904,178541801,6615924,114185783,26527152,-8199307,19972580,13054036,24862777,23756842,0,10963275,0,12966937,0,0,0,741511,63700809,2575377,42957990,4636453,2249833,7084642,4680258,0,3538325,0,180000,102774,684625,0,0,37025164,13152351,32544786,0,0,0,0,20228313,5916766,27307615,4543193,63250418,13798172,6694085,7420817,18997060,17548935,3939405,2086350,1677446,712257,4593243,30145045,18972683,36789261,2244652,2894345,57212,91103198,24955760,0,16252238,49895200,91103198,0,88843535,-68553333,58190608,38028837,105911488,69122227,0,89000,0,17371712,1119474,1874961,13854916,1169,375,2353038,218389,2571427,186,0,143014,571323,592522,66211,121028,432909,201013,85736,120742,18540,852337,267547,324338,0,413406,183954,311456,0,922187,292809,359094,0,452326,202680,342331,0,2005
106331293,parkview community hospital,1/1/2005,12/31/2005,365,audited,incl. ind. audit,riverside,12,1111,non-profit,general,comparable,,(951)688-2211,3865 jackson street,riverside,92503-3919,doug drumwright,ceo,www.pchmc.org,parkview community hospital medical center,william a. fretwell,hospital management services,0,05-0102,hsc30102f,zzt30102f,193,193,104,11477,3400,9629,2973,155,2353,4894,750,1270,36901,1874,1040,2333,1004,35,566,1577,181,327,8937,193,0,0,0,0,0,36901,0,0,0,0,0,8937,0,0,0,0,0,52.4,52.4,4.1,4.1,24,3138,1672,4227,3782,5495,4499,99,3272,7372,2077,2641,33464,27651,0,0,13845,0,6,238852,120733,3934,2578,1211,680,328134861,248937924,0,79196937,586963,89026978,-9243078,872625,1196643,0,0,-9567096,58802811,26962556,242369494,75371049,28682941,62782903,18701980,803408,20230613,43095094,5710996,7377125,262756109,9018716,6781857,10010766,9857151,230303,6440295,15810463,3989826,3239375,65378752,61691926,25804571,55773040,23639836,-2125591,975175,17393423,42145429,2112547,0,13532151,0,7995417,0,0,0,0,22697839,9660227,16037787,4196399,58536,9277485,16760128,0,508536,0,0,636689,48032,0,0,20955051,4146785,29016315,0,0,0,0,12400580,5037618,12549414,4921215,37715209,13899171,1718153,6633054,14766992,4682892,1814813,2039476,1560000,1868993,2328225,27708814,0,16326682,1427188,85894,0,45548578,23564391,0,43094681,-21110494,45548578,4158978,29029950,-11423426,26384427,22147110,52944448,36617766,9300000,1748134,0,47017428,3922747,0,0,764,240,1523827,140258,1664085,225,0,123341,323653,358753,58598,82867,318116,137548,46530,68665,5756,472288,93400,341582,0,283038,147555,185964,0,506208,99795,371199,0,317416,161361,208106,0,2005
106454013,patient's hospital of redding,1/1/2005,12/31/2005,365,audited,excl. ind. audit,shasta,01,0209,investor,specialty,comparable,,(530)225-8700,2900 eureka way,redding,96001-0220,lori wenham,administrator,www.patientshospital.com,dr. james d. tate,avie heilgeist,healthcare consulting,0,05-0697,,hsp30697f,10,10,10,184,0,2,0,0,468,124,0,10,788,88,0,1,0,0,210,59,0,4,362,10,0,0,0,0,0,788,0,0,0,0,0,362,0,0,0,0,0,21.6,21.6,2.2,2.2,0,0,0,973,0,535,0,70,1577,555,0,61,3771,0,0,0,3296,0,2,37856,32648,350,475,0,0,27128488,22342670,0,4785818,13092,4591179,207731,0,0,0,0,207731,1948010,0,25180478,2713352,0,56262,0,0,6735322,2087636,0,141244,11733816,4008616,0,2228820,0,296158,6384929,2208311,0,267838,15394672,5706566,0,2206963,0,0,218370,9942584,3890815,36670,0,0,0,340702,0,0,0,0,1015402,0,78119,0,77788,3177667,405132,0,31710,0,0,0,0,0,0,821940,0,1508878,0,0,0,0,916665,183407,751956,408333,2322454,588134,0,0,710306,337622,139310,50467,95576,87997,259313,751094,0,2146151,0,0,0,2897245,1942743,0,1184961,-230459,2897245,75405,3614600,-3039710,3346766,1136735,4683625,2537474,1123309,0,0,1294223,109262,0,0,53,15,99035,11155,110190,0,0,21682,13915,22522,4722,4278,13569,18347,0,0,0,22724,0,20970,0,30300,6463,18578,0,25572,0,23398,0,33547,7076,20597,0,2005
106361768,patton state hospital,7/1/2004,6/30/2005,365,audited,incl. ind. audit,san bernardino,12,1209,state,psychiatric,state,,(909)425-7000,3102 e highland avenue,patton,92369,octavio c. luna,executive director,,dept of developmental services,gale nagato,dept of developmental services,0,,,,1293,1293,1293,0,0,0,0,0,451,0,0,541403,541854,0,0,0,0,0,1,0,0,1622,1623,0,387,0,0,906,0,0,167893,0,0,373961,0,0,503,0,0,1120,0,114.8,114.8,333.9,333.8,0,0,0,0,0,0,0,0,0,0,0,0,0,0,0,0,0,0,0,0,0,0,0,0,0,207789086,204056101,0,3732985,0,207789086,-204056101,204056101,0,0,0,0,186510469,0,21278617,0,0,0,0,0,0,0,0,0,0,0,0,0,0,0,0,0,0,0,0,112,0,0,0,0,0,0,0,0,0,0,0,204055989,0,0,0,0,0,0,0,0,0,0,0,0,0,0,0,0,0,0,0,0,0,0,0,0,0,0,0,0,0,0,0,0,0,0,0,0,0,0,0,0,0,0,0,0,0,0,0,0,0,0,0,0,0,0,0,0,0,0,0,0,0,0,0,0,0,0,0,0,0,0,0,0,97,0,0,0,0,0,0,0,0,0,0,0,0,0,0,0,0,0,0,0,0,0,0,0,0,0,0,0,2005
106410852,peninsula medical center,1/1/2005,12/31/2005,365,audited,excl. ind. audit,san mateo,04,0427,non-profit,general,comparable,,(650)696-5400,1783 el camino real,burlingame,94010-3205,robert merwin,ceo,http://mills-peninsula.org,mills peninsula health services,celia lung,mills peninsula hospital,0,05-0007,,hsp30007g,403,374,363,40700,16625,5710,0,0,21191,4284,1051,1313,90874,5916,2169,645,0,0,5437,1136,193,207,15703,207,28,12,28,128,0,50523,7028,1864,3482,27977,0,12054,941,351,240,2117,0,61.8,66.59999999999999,5.8,4.6,0,0,0,124853,43004,5406,0,0,218664,64144,1951,21699,479721,60463,0,0,345679,1469,14,471226,566870,4771,14305,1637,561,1172310575,876055603,46951117,343206089,4703619,309233763,38675945,4044664,2858090,0,0,39862519,383594279,58416191,730300105,299587288,102709741,26960657,0,0,218429948,41080127,6299244,8607961,703674966,142978914,42332838,3817633,0,0,213799014,56204812,2198769,7303629,468635609,362178053,144076520,25003895,0,0,0,223003584,96278632,12694296,0,7977242,0,4843381,23610794,0,0,23340323,80106618,24561144,5738350,0,0,206716454,24182623,520771,1380129,0,0,0,943395,0,0,70856687,12955335,107619704,10916159,0,0,0,45361971,9022111,40511336,11990460,112909227,63068657,2368649,8354908,45629025,41409613,17189847,3622039,1560324,2670745,10450729,52588253,16141571,106714060,42300129,1237663,0,218981676,39147233,0,0,179834443,218981676,4668641,158242961,-122622040,118692311,137648455,264771853,158057793,0,0,0,0,0,4412223,0,1873,618,3462474,476631,3939105,657,0,288973,784600,864280,63047,357541,764515,294730,1688,43100,0,1079020,162517,1021782,0,636654,170353,392148,0,1224328,181804,1169670,0,719398,196621,447284,0,2005
106491001,petaluma valley hospital,7/1/2004,6/30/2005,365,audited,incl. ind. audit,sonoma,03,0403,non-profit,general,comparable,,(707)778-1111,400 north mcdowell boulevard,petaluma,94954-2366,george perez,ceo,www.stjosephhealth.org,santa rosa memorial hospital,sam o-young,santa rosa memorial hospital,0,05-0136,,zzr00136f,80,80,69,9162,67,1711,0,799,461,2449,0,346,14995,1716,37,535,0,99,167,754,0,201,3509,60,0,0,0,20,0,10951,0,0,0,4044,0,3051,0,0,0,458,0,51.4,51.4,4.3,3.6,10,1022,539,42697,1105,10054,0,2469,5734,26065,0,2727,90851,18584,0,0,41366,0,4,102194,79130,943,1301,425,109,224911817,166920337,0,57991480,2297097,59783474,505103,256796,418833,0,0,343066,43635607,36621162,144655048,61101446,1101352,15481765,0,5942503,5521881,22974205,0,1514584,113637736,38150476,1649304,12991884,0,3885284,9741290,40817682,0,4038161,111274081,74018535,1961943,23207673,0,0,8274069,10329749,42247453,6008339,0,453878,0,418698,0,0,0,0,25107777,788713,5265976,0,1553718,4489414,19235715,0,1550167,0,0,20102,235597,0,0,11364595,11844102,17176845,0,0,0,0,8849511,2182582,6800872,1564967,23981724,12720004,381389,4413675,6667588,5844870,1825220,612501,637089,188036,2511378,19713851,0,11166198,871648,4764532,0,36516229,11395315,0,10346034,14774880,36516229,7445828,33994560,-22829712,7709267,11427422,22071784,10905586,0,0,5551506,11015967,669933,0,5345601,400,139,799519,99716,899235,230,0,70846,156141,180921,8135,99247,150382,63269,4069,33020,33489,181502,172807,176043,0,126849,57580,75707,9031,204987,192119,202273,0,140656,64623,85140,9437,2005
106130760,pioneers memorial hospital,7/1/2004,6/30/2005,365,audited,incl. ind. audit,imperial,14,1424,district,general,comparable,small/rural,(760)351-3333,207 west legion road,brawley,92227-7780,richard mendoza,ceo,,pioneers memorial healthcare district,maria s aguayo,pioneers memorial healthcare district,4,05-0342,,zzt30342f,107,107,107,6046,50,6514,65,614,460,2769,71,1757,18346,1287,18,2018,13,274,177,1023,21,696,5527,107,0,0,0,0,0,18346,0,0,0,0,0,5527,0,0,0,0,0,47,47,3.3,3.3,0,0,0,16997,88,38295,147,7605,14661,10876,288,6255,95212,33930,18551,0,43456,0,5,172394,137998,1637,2015,1175,433,146620152,95954736,0,50665416,783007,55215367,-3766944,3032623,211595,0,0,-945916,29812888,16261863,100545401,29183555,274489,28576371,395478,3652503,2654640,12989986,627375,7064531,85418928,14115072,65887,18844154,72735,3501917,4206871,17624331,357194,2413063,61201224,30620111,161135,31161844,365803,-2085026,5085194,3409447,15803265,7652242,0,2351395,0,1429326,0,0,0,0,12678516,179241,17295387,102410,1750720,3452064,14811052,0,396026,1341212,0,159497,72511,2663466,0,11259683,5684679,16749177,0,0,0,0,9677143,2276947,5626892,3940846,18471684,9206013,1150043,5488443,8599560,4050709,3532176,476398,349408,1360365,2530568,16239613,636496,27567938,1236374,0,1759089,47439510,9168099,38993,22081009,16151409,47439510,5506903,25094492,-17794890,39875693,22673345,63893753,36325815,0,201090,22710000,22911090,830081,0,0,485,153,974735,115976,1090711,51,0,82812,151707,172082,33006,113498,194657,112062,32184,66228,16499,264438,133742,191567,0,195150,83098,102531,4209,291681,147015,214998,0,221003,94366,116866,4782,2005
106301297,placentia-linda community hospital,1/1/2005,12/31/2005,365,audited,excl. ind. audit,orange,13,1011,investor,general,comparable,,(714)993-2000,1301 north rose drive,placentia,92870,kent clayton,ceo,www.tenethealth.com,tenet healthcare corporation,sandy buranathawon,tenet healthcare corporation,0,05-0589,hsc30598h,hsp30598h,114,114,114,4318,2878,985,878,329,337,4812,92,237,14866,1076,959,334,165,89,134,1757,36,93,4643,114,0,0,0,0,0,14866,0,0,0,0,0,4643,0,0,0,0,0,35.7,35.7,3.2,3.2,12,1766,826,5146,3392,1121,2606,477,1908,17909,231,2484,35274,22406,0,0,12983,0,4,124140,164040,1363,2339,616,200,263674481,214000674,0,49673807,208428,47377856,2504379,352357,467301,0,0,2389435,34264381,19127412,210282688,45307213,32135911,9072563,12440317,3165085,4545544,55237940,1133137,2482184,165519894,15108466,12785646,2110595,4007487,1152315,5194457,52432342,434174,4929105,98154587,51598588,38450209,10179301,15365083,0,3860781,4005079,82072742,4004136,0,1627915,0,2836840,0,0,0,0,8817091,6471348,1001658,1024316,456619,5734922,24366465,0,1801388,0,-1379362,0,0,0,0,8230875,2655661,17323777,0,0,0,0,6316979,4084553,6506188,2259823,16371618,6231103,698438,3071977,8302224,7893854,1663575,345744,1321887,1589,1475847,10969342,0,20916418,902927,0,562604,33351291,4864159,0,0,28487132,33351291,2312,24503179,-14586673,21492621,12209238,41128760,20212342,0,0,0,0,0,0,0,282,93,584456,56505,640961,379,0,65192,119140,167558,16691,9886,105677,42456,3286,52486,2084,158832,47984,173498,0,88015,46359,69768,0,174293,52464,192616,0,95409,52430,73749,0,2005
106320986,plumas district hospital,7/1/2004,6/30/2005,365,audited,incl. ind. audit,plumas,01,0215,district,general,comparable,small/rural,(530)283-2121,1065 bucks lake road,quincy,95971-9507,richard hathaway,administrator,,plumas hospital district,carlos jimenez,phm  inc.,0,05-0148,,zzr00148f,24,24,24,811,0,315,0,33,58,455,0,111,1783,257,0,118,0,12,21,169,0,42,619,24,0,0,0,0,0,1783,0,0,0,0,0,619,0,0,0,0,0,20.4,20.4,2.9,2.9,2,136,82,8692,0,9132,0,896,3170,12096,0,2262,36248,4440,32488,0,0,0,2,11594,15135,143,314,82,0,28351439,11780208,0,16571231,138572,16107038,602765,291133,3935,0,0,889963,2152279,8850516,17348644,3453833,0,1734958,0,169636,267526,2607411,0,507192,8740556,6491666,0,3449359,0,427018,1228261,6711502,0,1303077,19610883,5399122,0,1951536,0,0,346161,305954,1906125,1268150,0,422687,0,180473,0,0,0,0,4546377,0,3232781,0,250493,1039585,6476724,0,1025271,0,0,22383,25742,237000,0,1239592,5024778,4515999,0,0,0,0,1941140,1140915,1690488,554126,6929290,1841539,2636299,134968,1578183,1357612,485505,137069,292078,41914,672581,6180853,0,2832797,1071060,39258,0,10123968,2008762,12892,430665,7671649,10123968,2252799,5244084,-1900911,4529458,5131826,9916207,7083410,0,646265,0,646265,215600,0,0,148,34,278863,29308,308171,37,0,33863,50708,50089,21294,36,96357,23729,2787,0,0,32734,92161,44105,0,40143,33185,36535,0,34896,101239,49004,0,44451,37611,40970,0,2005
106370977,pomerado hospital,7/1/2004,6/30/2005,365,audited,incl. ind. audit,san diego,14,1412,district,general,comparable,,(760)485-6511,15615 pomerado road,poway,92064-2405,james flinn,vp/administrator,www.pph.org,palomar pomerado health system,ruth turner,healthcare management solutions  inc.,0,05-0636,hsc30636f,zzt30636f,236,236,193,15678,7313,26657,539,148,2201,11665,339,3875,68415,2357,1251,527,141,70,99,2800,34,283,7562,95,12,0,0,129,0,22093,3355,0,0,42967,0,6602,271,0,0,689,0,79.40000000000001,79.40000000000001,9,3.7,0,0,0,25520,7053,3826,2375,827,4669,31435,1296,4581,81582,24649,10298,0,41353,842,4,276525,136440,2060,1694,883,330,257998873,180814518,12570486,89754841,1270825,97702842,-6677176,3249346,0,0,0,-3427830,64885753,25864023,167249097,58141628,25146728,21920248,1802760,770448,8054887,64954500,545221,6242566,187578986,18848436,6450130,3161003,2314141,881231,10112577,22398686,337130,5916553,70419887,57349453,31204410,17271671,2545055,0,852764,5381280,56679967,7408694,0,882348,-1903,1240779,8959860,0,0,3610626,19512226,9268354,7619819,1545690,769348,12629529,32802538,3,5607334,0,0,0,579516,2661600,0,26366327,8367609,25219068,2261569,1840933,0,0,17095215,3120064,11315301,2116756,33654724,12155746,2400694,3014419,15619768,23260123,3505893,781538,395297,603547,2311093,42672497,3495431,22876438,4015013,0,146592,73205971,32188390,0,6785000,34232581,73205971,3425,48650617,-31289358,48346162,24509533,76744079,53867641,0,0,7375000,7375000,590000,0,26977867,679,293,1339493,134351,1473844,178,0,102587,218792,325936,41317,241816,153169,139781,54965,36731,24399,609606,130788,248835,0,243541,34271,72452,0,673436,143016,274923,0,264503,37131,80835,0,2005
106190630,pomona valley hospital medical center,1/1/2005,12/31/2005,365,audited,incl. ind. audit,los angeles,11,0917,non-profit,general,comparable,,(909)865-9500,1798 north garey ave,pomona,91767-2918,richard e. yochum,ceo,www.pvhmc.com,pomona valley hospital medical center,anita valoff,pomona valley hospital medical center,0,05-0231,hsc30231f,,446,443,443,26353,13996,40218,7790,17,738,18064,1347,4167,112690,4351,2404,7994,2148,2,129,3877,287,782,21974,408,0,0,0,38,0,103439,0,0,0,9251,0,20957,0,0,0,1017,0,69.2,69.7,5.1,4.9,26,649,134,47890,46143,35316,28705,1074,10610,110919,3203,11603,295463,56583,11465,0,231054,0,11,660712,444159,3445,6679,4316,2686,1332150951,1088756476,43403295,286797770,2395214,278999445,10193539,11279862,7749116,0,0,13724285,399956344,36722037,895472570,216344771,133725554,340545858,60682735,482471,8899024,202023175,9729201,13273619,985706408,61054697,58768892,35455314,29720566,1491178,9217688,136702204,3440804,10593200,346444543,228107474,198298409,310144292,80468995,-8517210,1964011,13568517,223975886,14789023,0,22680551,0,3276528,38378394,3203211,0,1821690,49291994,32574431,64858355,13137517,9638,4548195,116571183,0,5806457,0,0,1285918,2564907,0,0,73566242,14062370,94183832,0,0,0,2007026,37145739,16158754,25449208,16426274,120518661,44167601,5416920,13121512,46412686,14260409,16965590,1800911,2513490,3718074,10103591,75315358,46058496,112411635,8764466,16668110,1562815,260780880,45768845,14486180,62912782,137613073,260780880,16125049,134752492,-81198504,88023782,217931511,324773859,212362224,0,0,66235000,66691437,3778655,0,0,2277,762,4486159,423761,4909920,384,18,366518,802390,1113090,131450,340026,1045749,387710,124478,118132,56616,1447390,257058,1066473,40538,702135,467241,352999,152325,1582375,278184,1173313,45115,762049,514064,390294,164526,2005
106541123,porterville state hospital,7/1/2004,6/30/2005,365,audited,incl. ind. audit,tulare,09,0613,state,specialty,state,,(559)782-2222,26501 avenue 140,porterville,93258,john sawyer,executive director,,dept of developmental services,gale nagato,dept of developmental services,0,05-0546,,,1210,1210,763,762,0,163130,0,0,1804,0,0,106179,271875,0,0,55,0,0,0,0,0,35,90,44,0,0,0,1166,0,1982,0,0,0,269893,0,0,0,0,0,90,0,61.6,61.6,3020.8,0,0,0,0,0,0,0,0,0,0,0,0,0,0,0,0,0,0,0,0,0,0,0,0,0,0,149687250,12988629,0,136698621,0,149687250,-12988629,12988629,0,0,0,0,140627316,0,9059934,0,0,0,0,0,0,0,0,0,0,0,0,0,0,0,0,0,0,0,0,1540,0,86048,0,0,0,42,0,0,0,0,0,12900999,0,0,0,0,0,0,0,0,0,0,0,0,0,0,0,0,0,0,0,0,0,0,0,0,0,0,0,0,0,0,0,0,0,0,0,0,0,0,0,0,0,0,0,0,0,0,0,0,0,0,0,0,0,0,0,0,0,0,0,0,0,0,0,0,0,0,0,0,0,0,0,0,20,0,0,0,0,0,0,0,0,0,0,0,0,0,0,0,0,0,0,0,0,0,0,0,0,0,0,0,2005
106190631,presbyterian intercommunity hospital,10/1/2004,9/30/2005,365,audited,excl. ind. audit,los angeles,11,0919,non-profit,general,comparable,,(562)698-0811,12401 e washington,whittier,90602-1006,james r. west,ceo,www.whittierpres.com,interhealth corporation,elizabeth velasquez,presbyterian intercommunity hospital,0,05-0169,hsc30169f,zzt30169f,483,483,232,24049,9265,13094,3675,0,1273,27199,1610,4781,84946,4898,2195,3182,886,0,272,6456,354,1053,19296,409,10,12,17,35,0,73632,1887,0,2124,7303,0,17961,490,0,181,664,0,48.2,48.2,4.4,4.2,0,0,0,80412,20277,10847,9581,0,30663,100856,1374,8968,262978,57999,44875,49437,106675,0,13,479039,412581,3722,5997,2553,1321,1126861919,873421114,263034,253703839,3874188,224657872,32920155,25364777,0,0,0,58284932,253576318,93784251,779501350,240181160,122037425,102275746,23495779,0,14027232,228959532,4698410,17802366,753477650,85065874,44829052,17557163,13855021,0,12163645,157481657,1191528,41240329,373384269,268033574,132680552,112586431,26142873,0,0,15070359,258317535,10029457,0,5889938,0,44670395,263034,0,0,0,56815862,34258399,7165239,4850776,0,11008188,124987443,0,14617932,0,0,0,25364777,0,0,53378266,18980844,65718155,0,0,79566,1501723,36921776,6702743,30665189,10709610,94652215,26509387,7269050,7858411,35410140,27799493,8929793,1793859,3053576,2721178,8660770,137668847,179415443,150563070,8533436,28817696,2598648,507597140,29657111,13951229,116356628,347632172,507597140,578284,115575083,-78232698,142892454,96708164,249379182,98816112,0,0,116356628,116356628,0,59048698,0,1794,631,3537531,308151,3845682,227,18,187088,598581,903796,67394,340705,889507,0,435620,85668,29172,1172759,342548,709612,53532,542720,231643,484717,0,1258567,376866,769805,55309,598022,255600,531513,0,2005
106190468,promise hospital of east los angeles,7/1/2004,6/30/2005,365,audited,excl. ind. audit,los angeles,11,0925,investor,general,comparable,,(562)408-3100,443 south soto street,los angeles,90033-4315,richard mccarthy,administrator,www.promiseeastla.com,promise hospital of east los angeles lp,don lee,promise hospital of east los angeles lp,0,05-2046,hsc30713g,,213,213,213,11717,0,4922,2340,0,13,629,0,1816,21437,518,0,446,216,0,3,199,0,86,1468,179,0,0,0,34,0,16939,0,0,0,4498,0,1454,0,0,0,14,0,27.6,27.6,14.6,11.6,20,1698,719,1364,0,2882,2001,0,527,2917,0,904,10595,0,3262,0,6468,0,6,54735,74193,667,862,720,71,143800699,107414651,0,36386048,87739,41100499,-4626712,0,0,0,0,-4626712,31876338,2126519,109797842,56527682,0,14013455,12422306,0,684854,28617384,0,4474521,116740202,4564164,0,3339649,6144979,0,1044331,10343326,0,1624048,27060497,36432177,0,11785611,15786220,-46424,0,1037507,36320991,3481837,0,0,0,2616732,0,0,0,0,24659669,0,5613917,2781065,0,691678,2639719,0,0,0,924237,0,0,0,0,9970421,990714,10249848,0,0,0,0,4725062,1587012,7531209,6046233,14128616,5099029,311688,2208461,4020620,7760920,183960,1237452,497222,4606556,1045975,48774858,0,1655862,0,7975786,0,58406506,62108981,0,0,-3702475,58406506,25865651,24856681,-6454288,0,1549295,1791156,135294,0,0,0,0,0,0,51925814,276,101,593426,27136,620562,109,0,84993,106666,73630,56087,79566,95323,40601,9670,23969,22921,253291,11113,138500,0,78237,46123,66162,0,263436,11833,145186,0,81549,48960,69598,0,2005
106190385,providence holy cross medical center,1/1/2005,12/31/2005,365,audited,excl. ind. audit,los angeles,11,0903,non-profit,general,comparable,,(818)365-8051,15031 rinaldi street,mission hills,91345-1207,michael j. madden,administrator/ceo,www.providence.org/losangeles,sister of providence health system,glenn bales,providence holy cross medical center,2,05-0278,hsc30278g,zzt30278g,254,254,254,24817,7485,23266,3348,5593,1103,13816,645,1723,81796,4288,1385,3510,996,873,167,3263,165,305,14952,206,0,0,0,48,0,65552,0,0,0,16244,0,14732,0,0,0,220,0,88.2,88.2,5.5,4.4,28,5610,2824,19880,6102,14815,16086,1096,11478,32359,2471,5046,109333,48884,622,0,63506,0,7,616699,325571,6181,5407,1895,944,1010441289,856601278,23927863,177767874,2115981,170283340,9600515,671222,54684,0,0,10217053,243232161,51126668,716082460,257617209,94205292,150082269,26676309,47610815,16306654,197340418,8527471,22731764,821098201,41176092,11048726,17614602,16503073,3910162,9565455,74398786,5024048,10102144,189343088,256259646,91932724,120349694,37681719,-2076942,49174128,11906756,219167017,18035343,0,40151517,0,14019676,8902429,0,0,15025434,42533655,22223723,24007822,4313962,2346849,13965353,67597621,0,778889,0,3827132,11619,535022,0,0,43440264,9812371,63819433,0,0,0,0,21027062,5295986,22891032,3997192,71023823,24974956,3615102,4965867,31023685,17734089,3658223,1941173,1687443,846012,8812967,46594526,8952970,27990704,6118611,0,319099,89975910,27643548,370614,24703680,37258068,89975910,8441877,138671245,-104332698,19312839,32733236,54376561,26385857,0,0,25318680,25318680,615000,0,4037552,1270,507,2500671,291577,2792248,116,0,108308,521185,702330,83283,269574,439009,153258,73633,87755,62336,968237,117447,669303,0,407192,84631,253861,0,1088231,132888,748600,0,446093,93739,282697,0,2005
106190758,providence saint joseph medical center,1/1/2005,12/31/2005,365,audited,incl. ind. audit,los angeles,11,0907,non-profit,general,comparable,,(818)843-5111,501 s buena vista,burbank,91505-1555,michael j. madden,ceo,,sister of providence health system,glenn bales,providence st. joseph medical center,0,05-0235,hsc30235g,zzt40235g,498,498,498,46602,7752,14677,3021,0,852,34730,459,1987,110080,7940,1342,2740,614,0,135,7033,83,356,20243,405,0,0,0,93,0,92399,0,0,0,17681,0,18338,0,0,0,1905,0,60.6,60.6,5.4,5,24,6494,2834,80772,8601,13883,6146,0,9794,121572,1580,19700,262048,55547,4834,30636,189709,0,17,914580,370740,8651,3507,1915,875,1383339105,1115053689,24146026,292431442,4134533,285155864,11410111,1870562,383921,0,0,12896752,287535604,60565560,1035237941,442529792,80658582,138073358,27298875,0,10950128,321969688,4705958,20334055,1046520436,103756131,11055356,17815587,7904321,0,12597003,156317874,2031649,25340748,336818669,483288977,78752396,142618839,26179146,0,0,13746579,330843764,14715929,0,6737606,0,18170453,24146026,0,0,0,62996946,37107568,13270106,9024050,0,9800552,147443798,1,12788421,0,-5884521,0,946541,0,0,61952166,15247700,107027657,0,0,0,0,36399811,7964127,42651905,13912498,104230749,43404884,1886615,8224791,47701351,36792348,17599679,2784878,2403796,1500270,18626503,79588480,26407414,222647004,7524518,20519367,642534,357329317,44069659,1681459,53294066,258284133,357329317,13462110,167802776,-112530243,213973057,230716148,454373999,231726995,0,543470,51821900,57416945,4122879,4671836,118036,1930,682,3718897,436902,4155799,172,0,251879,775695,1088095,68610,261687,741548,321218,68743,140543,879,1229125,276766,1064699,0,602429,153758,386837,5283,1368729,308489,1194736,0,674603,171830,431379,6033,2005
106281047,queen of the valley hosp,7/1/2004,6/30/2005,365,audited,incl. ind. audit,napa,03,0407,non-profit,general,comparable,,(707)252-4411,1000 trancas st,napa,94558-2906,dennis sisto,president/ceo,,queen of the valley hospital,kathleen frey,toyon associates  inc.,3,05-0009,,zzr00009f,179,179,169,25727,843,2243,3533,1187,1023,11042,0,509,46107,3935,149,519,742,198,204,2269,0,172,8188,141,0,0,14,24,0,37421,0,0,3817,4869,0,7296,0,0,333,559,0,70.59999999999999,70.59999999999999,5.6,5.4,6,1595,795,58859,4789,5030,9172,3031,7870,102137,63,5141,196092,28858,38447,0,133685,9,7,397600,315880,2704,4450,697,249,601638819,418237033,3692440,187094226,2012070,173743847,15362449,4092932,1522381,0,0,17933000,94925720,42224868,464488231,211253421,10209484,13317345,28061066,10478895,11079311,102763266,0,4113399,391276187,74745534,5531607,3650870,12191115,3855532,9046960,94691810,81850,6567354,210362632,209525919,11528805,10974585,26040856,0,11822400,12453715,122880604,9451616,0,728897,0,2829636,0,0,0,3692440,75760139,4212286,5993630,14211325,2512027,6082214,78266912,353,55340,0,-1764000,0,3562637,0,0,29657986,10675309,56897150,12222,0,0,0,24565093,5358161,44993498,1584428,64288721,30876218,5833688,8380202,25570639,17578656,8228437,1832850,0,1213247,9941189,116595751,22567000,57730822,14259435,7933000,0,219086008,28806000,291008,33845000,156144000,219086008,1560000,68426120,-38180779,45251313,82954583,162829725,105098903,2050000,0,32235000,34285000,440000,0,0,1001,350,1949512,220536,2170048,135,0,153942,458409,506377,30597,191839,332012,147582,40881,74500,13373,557451,134798,601657,0,282165,117326,256115,0,619372,149053,672821,0,311999,131340,285463,0,2005
106171049,redbud community hospital,1/1/2005,12/31/2005,365,audited,incl. ind. audit,lake,01,0115,non-profit,general,comparable,small/rural,(707)994-6486,15630 18th ave - hwy 53,clearlake,95422,carrie luyster,president/ceo,,adventist health systems,duane barnes,adventist health redbud community hospital,0,05-0539,,zzr00536g,25,25,25,3452,13,1426,5,412,32,489,169,128,6126,1001,1,404,1,129,20,105,47,70,1778,25,0,0,0,0,0,6126,0,0,0,0,0,1778,0,0,0,0,0,67.09999999999999,67.09999999999999,3.4,3.4,0,0,0,39056,192,48019,6,6804,5151,21024,9740,5499,135491,14906,74777,7378,38478,0,2,44073,64991,549,1356,152,33,134157765,91377814,0,42779951,369984,45310790,-2160855,189739,142408,0,0,-2113524,19613284,28449318,86095163,27779182,114871,13508598,75461,3410831,265159,4525934,1115518,1018563,51814117,35639017,159930,21736491,9116,4309978,1919705,13844745,1785453,2939213,82343648,47132463,180381,20978441,61511,-506371,5657449,1326450,8808458,3094626,0,4296631,0,347775,0,0,0,0,16285736,94420,13650044,23066,1790675,858414,9562221,0,515375,0,-5163173,38832,20628,0,0,5956106,11298501,13633623,0,0,0,0,4216882,2112442,5256425,2836811,17026405,5743714,5529281,2663020,3781947,4702586,1996383,655532,331097,1363725,1517100,9520651,702934,12292877,41458,379286,543047,23480253,23026630,0,23471636,-23018013,23480253,833563,21391161,-14152979,12188638,7608221,21338744,9045867,0,33196,16680774,23780379,308743,305028,5163174,308,75,559939,96502,656441,65,0,63793,91308,96013,15485,43685,157739,47451,29522,7703,7240,87172,171941,122205,0,72772,60401,45448,0,98719,223987,139476,0,75836,68565,49858,0,2005
106361308,redlands community hospital,10/1/2004,9/30/2005,365,audited,incl. ind. audit,san bernardino,12,1209,non-profit,general,comparable,,(909)335-5500,350 terracina boulevard,redlands,92373-4850,james holmes,president/ceo,,redlands community hospital,mercy s. damoo,redlands community hospital,0,05-0272,hsc30272f,,172,172,172,12201,14601,7068,6253,314,1061,11791,393,450,54132,2455,3186,1654,2001,72,297,3494,89,180,13428,138,18,0,0,16,0,45151,5420,0,0,3561,0,11358,1247,0,0,823,0,86.2,86.2,4,4,22,4327,2146,31895,23523,7009,3204,41,4948,52849,415,7231,131115,46233,1010,15796,48958,28600,9,300747,175759,3363,3002,1657,606,405845007,294373164,40562932,152034775,649451,150198471,2485755,3212066,0,0,0,5697821,72827089,47661717,285356201,60633175,113307901,26982656,5911897,1687885,6809477,55279091,1446308,4377053,276435443,22075603,28926616,9996386,6693582,66946,5084057,43667290,519335,12379749,129409564,60042411,88181641,30713590,1300911,0,1643305,6330708,95374785,6531995,0,507951,0,3745867,27462783,618165,0,12481984,22666367,81515659,6265452,11922733,111526,5562826,16053580,1457692,6478940,0,0,0,2618517,0,0,24242161,9941236,45051317,20705989,14993992,0,0,14788245,3486243,12695432,4293856,46967258,14711988,411399,4713223,24088625,46300354,5645556,822884,1936444,410151,4190589,16574916,93692512,40903534,9833257,17350121,3413892,181768232,28249185,0,66239398,87279649,181768232,0,21875013,-9924264,70712529,56856415,130836653,89933119,0,0,69671092,69671092,3431694,1150215,0,959,366,1740261,287419,2027680,211,0,168186,472545,496461,119173,144969,305529,0,66,24309,9023,609699,237706,522889,0,87069,117069,165829,0,686353,271629,644534,0,105108,130613,189443,0,2005
106121051,redwood memorial hospital,7/1/2004,6/30/2005,365,audited,incl. ind. audit,humboldt,01,0107,non-profit,general,comparable,small/rural,(707)725-3361,3300 renner drive,fortuna,95540-3120,michael l. purvis,ceo,www.stjosepheureka.org,st. joseph health system,jeff clark,clark koortbojian & associates inc.,0,05-0172,,zzr00172f,46,35,35,3496,3,1323,0,189,172,582,14,199,5978,890,2,476,0,45,56,186,4,53,1712,36,0,0,0,10,0,5631,0,0,0,347,0,1635,0,0,0,77,0,35.6,46.8,3.5,3.4,8,722,369,12638,11,14419,0,1619,2558,15269,149,2562,49225,13012,11050,0,24467,0,2,69690,123428,559,1794,306,67,80652374,56575875,0,24076499,201983,23248284,1030198,548422,332223,0,0,1246397,12139977,9604186,58908211,22459500,6842,7845733,0,1618719,1349849,4522838,96751,1536778,39437010,13801551,15324,8594075,0,1513820,2711972,13257177,136254,1185191,41215364,28288487,6389,10023690,0,0,2141228,2919089,8705115,2044361,0,2213248,0,234268,0,0,0,0,7972564,15777,4634898,0,792288,1142732,9074900,0,443340,0,-124600,0,533056,0,0,4232880,2916517,7688500,0,0,0,0,2999563,825758,3641728,943338,9103084,4517394,1190704,587485,3118042,2042453,1201669,190947,331275,91890,873341,8552439,11960521,7859603,1990050,0,61018,30423631,7087512,0,2184490,21151629,30423631,3374225,8255632,-4790397,10302038,13242573,23847966,15988363,0,0,2216950,2216950,32460,50774,0,197,61,374284,44041,418325,31,0,66372,56863,88692,7151,31816,70981,32916,11677,2250,5566,92248,50775,88255,0,61400,26194,45388,10024,103691,56586,99556,0,69209,29307,48805,11171,2005
106430705,regional medical center of san jose,1/1/2005,12/31/2005,365,audited,excl. ind. audit,santa clara,07,0431,investor,general,comparable,,(408)259-5000,225 north jackson avenue,san jose,95116-1603,william gilbert,administrator,http://regionalmedicalsanjose.com,hca-the healthcare company,william a. fretwell,hospital management services,2,05-0125,hsc00125f,,184,184,153,31631,1881,6151,3798,0,564,9558,254,1985,55822,4709,426,1354,1433,0,161,3007,79,503,11672,184,0,0,0,0,0,55822,0,0,0,0,0,11672,0,0,0,0,0,83.09999999999999,83.09999999999999,4.8,4.8,20,2806,1284,54061,6719,27341,49712,0,3388,76919,10646,13727,242513,56005,12626,0,177024,0,7,304285,368118,2631,6895,1022,399,895817251,704946245,0,190871006,997872,221195459,-29326581,48134,2459,0,0,-29280906,191812251,63017558,640987442,315071526,22538356,68706310,40363365,0,4690272,124142030,4436893,31708685,611657437,69411416,7916605,30291109,50011224,0,2349487,99154397,11149860,13875716,284159814,305477773,20159082,95539542,80746936,-1233205,0,5358074,131831991,29353944,0,13768590,0,23943518,0,0,0,0,76657756,10109940,4691082,9627653,0,932951,81729911,616678,6505035,0,0,0,45404,0,0,48604216,19999240,64649813,0,0,0,0,24799659,8827856,28416170,25898505,71865316,41471876,8868629,12702928,23219197,17219812,10114265,1732068,986752,19237863,13776753,45716633,0,66040816,2636959,0,20556195,134950603,164228011,0,0,-29277408,134950603,54498,70136888,-30028636,41820702,43364689,100222004,34181188,0,0,0,0,0,0,137073939,970,436,1815241,294057,2109298,555,0,166086,250020,629000,15860,262759,244398,128988,27399,90731,0,578799,164595,587768,0,261349,25224,197506,0,671918,194369,691367,0,296507,29398,225739,0,2005
106424047,rehabilitation inst at santa barbara,7/1/2004,6/30/2005,365,audited,incl. ind. audit,santa barbara,10,0807,non-profit,specialty,comparable,,(805)687-7444,2415 de la vina,santa barbara,93105,melinda staveley,president/ceo,http://www.risb.org,rehabilitation institute at santa barbara,suzi wiley,rehabilitation institute at santa barbara,0,05-3028,,hsp30031g,38,38,29,4600,518,0,307,159,191,2248,46,32,8101,450,43,0,27,11,15,159,4,3,712,0,0,0,38,0,0,0,0,0,8101,0,0,0,0,0,712,0,0,58.4,58.4,11.4,11.4,0,0,0,3999,215,0,490,32,330,2997,2,322,8387,0,0,0,8387,0,0,0,0,0,0,0,0,19335948,7564646,0,11771302,1150854,16044101,-3121945,873252,41266,800,0,-2290759,8732326,0,10603622,10062448,1073959,0,638911,363820,428771,5165274,99508,61756,17894447,623652,50821,0,53876,4600,57230,597166,320,53836,1441501,4196012,357263,0,377516,0,110627,104232,2332983,-134747,0,89653,-43611,174718,0,0,0,0,6505812,766729,0,334432,258068,381769,3390641,54993,78858,0,0,275169,501188,0,0,3145626,0,3943853,0,0,0,0,3172245,1021730,3759128,1001519,7609262,3470119,214200,696518,643183,1454003,680517,271939,214748,203142,586470,2810695,456800,14320808,30367,0,0,17618670,4181826,284109,1743720,11409015,17618670,351380,3699319,-1791214,15281767,3278424,18560191,4239383,0,0,0,1831613,87893,0,0,164,25,316376,38984,355360,82,0,50365,98934,26963,6247,19151,58112,19334,23622,9266,4382,78940,0,72487,0,63626,29743,71580,0,86288,0,81546,0,72055,33828,81643,0,2005
106580996,rideout memorial hospital,7/1/2004,6/30/2005,365,audited,incl. ind. audit,yuba,02,0227,non-profit,general,comparable,,(530)749-4545,726 4th street,marysville,95901-5656,thomas p. hayes,ceo,www.frhg.org,fremont rideout health group,georgia kaiser,fremont-rideout health group,3,05-0133,,zzr00133f,281,281,213,26798,109,17017,39,2264,5045,260,0,649,52181,5233,20,4933,11,510,1953,104,0,243,13007,281,0,0,0,0,0,52181,0,0,0,0,0,13007,0,0,0,0,0,50.9,50.9,4,4,14,4173,2122,52339,318,34893,159,6335,52340,1268,0,10954,158606,46908,0,0,109897,0,5,336018,234669,3052,3299,1547,681,424346423,252392815,0,171953608,974691,164064450,8863849,1466799,946294,0,0,9384354,79879241,36419164,308048018,148419186,572532,51336947,166957,18028880,57576297,2116587,0,4165705,282383091,48725217,221352,30352762,163338,6180776,46238391,1152084,0,8929412,141963332,134292826,624744,76751918,148333,0,4648379,26304833,438126,8815930,0,367726,0,0,0,0,0,0,62851577,169140,4937791,181962,19561277,77509855,2830545,0,3911461,0,10786838,0,-341613,0,0,28993725,13954264,72590716,0,0,0,0,19796608,3986850,16020013,8722274,54868354,20292144,0,12923648,36371625,18806400,9367941,2611381,1908943,2640645,4273369,63541720,212549528,59995833,1158157,0,4899312,342144550,21679802,6663611,86704077,227097060,342144550,23378413,97988225,-64990941,82499016,79673187,170851047,110855214,0,0,84247798,87290798,586721,0,586721,1130,359,2114929,255520,2370449,158,0,128224,464887,599849,105707,40877,434915,155567,163897,10324,10682,627428,153022,620486,0,361778,136944,215271,0,693586,169809,696771,0,413799,157616,238868,0,2005
106150782,ridgecrest regional hospital,2/1/2004,1/31/2005,366,audited,excl. ind. audit,kern,09,0621,non-profit,general,comparable,small/rural,(760)446-0621,1081 north china lake blvd,ridgecrest,93555-3130,david mechtenberg,ceo,www.rrh.org,ridgecrest regional hospital,bob miller,ridgecrest regional hospital,0,05-0448,,zzt30448f,74,74,74,4379,0,1358,305,0,2560,0,151,0,8753,995,0,467,114,0,862,0,44,0,2482,74,0,0,0,0,0,8753,0,0,0,0,0,2482,0,0,0,0,0,32.3,32.3,3.5,3.5,8,1017,447,18171,0,6454,1486,0,24704,0,2350,0,53165,14424,0,5093,30812,0,5,65894,189844,680,4138,311,136,76974138,41825310,0,35148828,128744,33201721,2075851,452090,182676,0,0,2345265,12861678,4622802,59489658,18461621,0,5716758,935409,0,11486514,0,724269,0,37324571,14553165,0,4273805,1053384,0,18117541,0,1651672,0,39649567,21830516,0,7172161,1477563,0,0,8431593,0,1755323,0,927699,-36185,266640,0,0,0,0,11074133,0,2818402,511230,0,20460479,0,284584,0,0,0,1935,153374,0,0,4517216,2995365,13274994,0,0,0,0,5419497,1849527,3785844,1359278,14424307,6442647,411360,946258,4706660,2446985,1527288,295797,461452,122083,1416884,9824786,17297071,11095992,2929361,0,22736,41169946,4487336,0,2252754,34429856,41169946,2060905,14544194,-8060000,13899360,14668594,29038414,17942422,420216,0,0,2975886,723132,0,0,327,83,627869,78741,706610,39,0,60447,125058,111799,34181,27368,143865,54047,45847,8153,17104,116157,59071,198261,0,122216,59834,72330,0,131480,64233,225100,0,135007,67620,83170,0,2005
106331226,riverside center for behavioral medicine,1/1/2005,12/31/2005,365,audited,excl. ind. audit,riverside,12,1111,investor,psychiatric,comparable,,(909)275-8400,5900 brockton avenue,riverside,92506-1862,rance leth,administrator,,knollwood psych & chemical dependency center,william a. fretwell,hospital management services,0,05-4130,,hsp34130f,68,68,39,4171,0,0,0,0,285,6306,0,394,11156,342,0,0,0,0,35,578,0,54,1009,0,50,10,0,0,8,0,5043,3854,0,0,2259,0,425,483,0,0,101,44.9,44.9,11.1,11.1,0,0,0,2416,0,0,0,0,3564,0,0,256,6236,0,0,0,6236,0,0,0,0,0,0,0,0,17809452,10587496,0,7221956,21183,6862306,380833,0,218804,0,0,162029,10026000,0,7783452,5773735,0,0,0,0,361699,7751505,0,537137,14424076,1312017,0,0,0,0,1934603,0,0,138756,3385376,3884282,0,0,0,0,0,348050,6128178,188979,0,0,0,38007,0,0,0,0,3201470,0,0,0,0,1759273,1623327,0,637886,0,0,0,0,0,0,2332119,0,818030,0,0,0,0,1262338,660351,906670,882798,3500788,1095331,48212,94546,404951,606177,26643,516843,96000,173485,299330,1441307,0,162441,0,0,1395,1605143,8034457,0,0,-6429314,1605143,31699,2850934,-1511114,110125,268530,378655,216214,0,0,0,0,0,0,0,92,23,178325,13763,192088,6,0,37645,29109,19473,27790,0,35176,27740,0,1392,0,84877,0,18279,0,39838,15774,19557,0,90177,0,20248,0,42805,17230,21628,0,2005
106331312,riverside community hospital,1/1/2005,12/31/2005,365,audited,excl. ind. audit,riverside,12,1111,investor,general,comparable,,(951)788-3000,4445 magnolia ave,riverside,92501-4135,jaime wesolowski,president/ceo,,hca-the healthcare company,dorothy butler,riverside community hospital,2,05-0022,hsc30022g,,372,338,338,24059,9845,14835,2613,391,2359,24075,849,2081,81107,4132,2168,2679,1350,76,513,6386,220,541,18065,338,0,0,0,34,0,81107,0,0,0,0,0,18065,0,0,0,0,0,59.7,65.7,4.5,4.5,21,5468,3105,13212,11938,9715,9117,1809,4729,27564,4908,12035,95027,69986,0,0,29491,0,11,720732,159091,5514,1583,2293,1059,842723472,611852881,0,230870591,2314818,207305933,25879476,4150236,0,0,0,30029712,184985140,51168205,606570127,197382485,89474480,102561923,17405991,3134459,25542053,203304233,10255060,16123688,665184372,36497880,13972621,15744992,8498001,1439638,9054654,62326948,6076745,23927621,177539100,174931316,73995602,106385370,16849718,0,3641665,15461474,145992078,31924809,0,9658510,0,33012339,0,0,0,0,50108423,25614036,7532328,8027884,774388,17812763,109608219,6487718,4904832,0,0,0,4150236,0,0,44275814,11677303,80230027,0,0,0,0,24996395,7679267,33501055,4946072,64263581,27936318,4553370,7813488,42541700,41965918,7041145,2514098,2837674,0,5838641,110342999,0,72704946,7096327,88500,5855618,196088390,17962780,0,0,178125610,196088390,0,98773204,-48000067,34491386,68514763,108649297,35944351,0,0,0,0,0,52388832,0,1287,604,2527889,259841,2787730,299,0,150468,432105,897872,100610,258344,298961,277749,0,81384,30396,956027,168165,746067,0,411776,15610,230244,0,1055334,182750,819614,0,455359,18127,256546,0,2005
106334487,riverside county regional med ctr,7/1/2004,6/30/2005,365,audited,incl. ind. audit,riverside,12,1109,city/county,general,comparable,teaching,(951)486-4000,26520 cactus avenue,moreno valley,92555,douglas bagley,administrator,www.rcrmc.org,county of riverside,kathleen a. karhu,riverside county regional medical center,2,05-0292,hsc30292t,zzt30292t,439,359,359,8462,1326,33681,5268,13065,13046,1169,9896,1931,87844,1642,322,6011,1413,6231,2857,337,247,48,19108,362,77,0,0,0,0,64779,23065,0,0,0,0,15113,3995,0,0,0,0,54.8,67,4.6,4.6,32,5741,2630,12961,402,59023,23027,38507,29779,1041,36689,6934,208363,76588,111451,0,28409,1275,10,642196,292693,5086,3363,2252,677,659351178,290723600,0,368627578,6505511,263022256,112110833,45784893,231683,0,0,157664043,169487561,57218573,432645044,45966073,12277631,169046142,33203770,40624162,90271036,5511412,67127747,13099642,477127615,12086601,867786,47813820,17158054,33119575,36010483,1617699,26838699,6710846,182223563,41225205,11468043,77851556,43658396,-108513209,37883937,73628891,5138108,14416227,0,93966446,0,0,0,0,0,0,16827469,1677374,227070726,27154317,35859800,52652628,1991003,0,5394261,125071038,0,0,0,0,44256703,52935975,26445363,66907081,9647068,0,0,3066286,41961686,14078805,24601111,23378881,92409204,33417764,20155304,14404124,33703367,28359142,5371553,3798222,3913109,13471435,14019032,82602371,28951446,163727109,6519870,2604508,0,284405304,67875783,0,199899716,16629805,284405304,18369505,611397074,-565864058,169322863,67070086,256047002,92319893,0,13550565,199558072,213108637,13208921,0,0,1919,709,3911614,331487,4243101,277,96,241759,795168,821660,233675,419225,671567,296428,181370,250762,0,1206798,587873,682131,9682,813271,244919,366940,0,1289137,629112,744853,10022,896979,270525,402473,0,2005
106344011,sacramento county mental health ctr-phf,7/1/2004,6/30/2005,365,audited,incl. ind. audit,sacramento,02,0311,city/county,psychiatric,phf,,(916)875-1000,2150 stockton blvd.,sacramento,95817-1337,sandy damiano  ph.d,administrator,www.saccounty.net,county of sacramento,bonnie cooper-elsberry,county of sacramento,0,,,,100,100,100,0,0,0,0,0,32400,0,0,0,32400,0,0,0,0,0,3128,0,0,0,3128,0,100,0,0,0,0,0,32400,0,0,0,0,0,3128,0,0,0,0,88.8,88.8,10.4,10.4,0,0,0,0,0,0,0,0,0,0,0,0,0,0,0,0,0,0,0,0,0,0,0,0,0,23537450,0,0,23537450,0,23537450,0,0,0,0,0,0,23537450,0,0,0,0,0,0,0,0,0,0,0,0,0,0,0,0,0,0,0,0,0,0,0,0,0,0,0,0,0,0,0,0,0,0,0,0,0,0,0,0,0,0,0,0,0,0,0,0,0,0,0,0,0,0,0,0,0,0,0,0,0,0,0,0,0,0,0,0,0,0,0,0,0,0,0,0,0,0,0,0,0,0,0,0,0,0,0,0,0,0,0,0,0,0,0,0,0,0,0,0,0,0,0,0,0,0,0,5,8,0,0,0,0,0,0,0,0,0,0,0,0,0,0,0,0,0,0,0,0,0,0,0,0,0,0,2005
106301317,saddleback memorial medical center,7/1/2004,6/30/2005,365,audited,incl. ind. audit,orange,13,1017,non-profit,general,comparable,,(949)837-4500,24451 health center drive,laguna hills,92653-3689,stephen b. geidt,ceo,www.memorialcare.org/saddleback/about.cfm,memorial health services,donna j. anglin,memorial health services,0,05-0603,,zzt30603f,325,282,200,24657,16122,789,649,307,1352,24393,0,1507,69776,5243,4657,242,156,63,268,6857,0,437,17923,303,0,0,22,0,0,65495,0,0,4281,0,0,17554,0,0,369,0,0,58.8,67.8,3.9,3.9,24,6934,2726,79310,34101,1731,3417,1146,13722,161532,0,11730,306689,38390,4073,57411,165977,8693,13,759480,441662,4797,3903,2097,959,734394812,534098144,31787692,232084360,2495625,220407377,14172608,12329238,10501047,0,0,16000799,159986111,58119467,516289234,163481167,129707055,5325373,7695293,2266588,9180049,195742655,0,20771873,534170053,50913289,41228630,929069,3500149,755680,7364206,82908592,0,12625144,200224759,160308787,149511914,5530520,10020584,0,2974082,5525815,171123644,13685457,0,1870641,0,13546700,31787692,0,0,0,54070155,53079533,721183,425523,48186,10461928,105996601,0,7281251,0,-26000000,228094,1064867,0,0,45681167,22752488,72496537,4298587,5004292,0,196711,32314927,11283422,23213922,3165324,79697302,31005884,1338051,14505363,40926781,31134673,7873579,4994393,554078,395439,7981834,70418720,0,68405567,6751672,2463611,0,148039570,34889286,11714718,0,101435566,148039570,1106587,127481367,-97483360,66724541,61419811,156648953,88243386,0,0,0,0,0,32506344,0,1699,531,3484048,283247,3767295,759,1,171737,692080,826526,18812,258627,684131,295090,303987,173548,59510,954977,435233,748850,2212,559049,248142,306055,229530,1025004,472065,811612,2344,601232,269977,333494,251567,2005
106270875,salinas valley memorial hospital,7/1/2004,6/30/2005,365,audited,incl. ind. audit,monterey,08,0705,district,general,comparable,,(831)757-4333,450 e. romie lane,salinas,93901-4029,samuel w. downing,president,http://svmh.com,salinas valley memorial hospital district,michael lee,salinas valley memorial hospital district,0,05-0334,hsc00334f,zzr00334f,308,198,198,30794,48,1198,4967,111,3600,15459,355,1415,57947,5332,7,243,1310,9,1136,4489,83,330,12939,308,0,0,0,0,0,57947,0,0,0,0,0,12939,0,0,0,0,0,51.5,80.2,4.5,4.5,24,3632,1812,16889,15,1222,9657,32,13365,31774,1432,5593,79979,34354,31669,0,17156,0,7,500426,146493,4663,2399,1364,511,586013844,317750435,0,268263409,1756854,264102338,5917925,7975241,589376,0,0,13303790,117241157,40163823,428608864,235605502,408388,7893474,33968423,912702,29469147,120317461,3051338,12168279,443794714,50401791,28181,2470196,18525536,214129,14671019,48343025,1541432,6023821,142219130,204781021,71160,6198981,42207179,0,958936,6940953,24317774,27711662,0,4562769,0,0,0,0,0,0,81226272,365409,4164689,10286780,167895,34402001,133654505,30001,3965857,0,0,1000000,2834843,3008945,0,61417013,16940220,88483916,0,0,0,0,44946016,10055884,32887359,9371930,99306133,65084983,4729087,11667012,46563679,14238040,12862089,928595,1854122,505050,6363548,107197261,14496118,136605244,17590545,18840442,3063195,297792805,33891238,0,22284080,241617487,297792805,55329859,37896829,-3659381,150707911,79304663,246910814,110305570,0,0,0,32078221,9794141,0,0,1630,587,2940780,509066,3449846,194,0,96635,642259,855746,62196,302054,574178,273956,73903,29149,30704,877096,203358,668580,0,692185,190270,309291,0,1026111,232970,780474,0,815153,227337,367801,0,2005
106361318,san antonio community hospital,1/1/2005,12/31/2005,365,audited,incl. ind. audit,san bernardino,12,1207,non-profit,general,comparable,,(909)985-2811,999 san bernardino road,upland,91786-4920,steven c. moreau,president,http://sach.org,san antonio community hospital,ken eras,san antonio community hospital,0,05-0099,hsc30099f,zzt30099f,308,308,308,20842,5623,5685,711,0,1708,22601,491,885,58546,4936,1246,1291,196,0,476,6382,120,217,14864,308,0,0,0,0,0,58546,0,0,0,0,0,14864,0,0,0,0,0,52.1,52.1,3.9,3.9,0,0,0,54534,2553,7129,4133,0,2793,118760,421,8693,199016,61981,0,0,138051,0,9,528212,353372,3704,4220,1650,574,826101925,605984520,0,220117405,1427861,199525293,22019973,8782718,1379806,0,0,29422885,180600162,82356090,563145673,184880579,60574880,47304045,6228103,0,16200936,201680871,4733427,8456853,530059694,67382944,6784480,11269919,6946807,0,16813913,169302104,1086061,16456003,296042231,206218683,32879853,41851684,5389872,0,0,19667178,268922517,16385857,0,5819488,0,8849388,0,0,0,0,44044840,33479507,15722280,6785038,0,9347671,102060458,0,8677611,0,0,0,4895480,0,0,42221441,13280523,73199604,0,0,0,0,35358602,9907138,15434213,10123772,76574657,38220920,1925626,5724814,39605059,15574628,10076813,1313107,3386373,2114808,5008488,88968953,106784389,66878662,13746836,23565835,0,299944675,36553893,6626196,41881508,214883078,299944675,40010464,49090913,-10800000,105838611,101675986,227167078,160288416,0,0,45501508,45501508,3620000,445846,0,1604,534,2981484,403466,3384950,539,0,78111,788336,829637,40493,240576,589636,366324,0,35148,13223,830084,226041,801191,0,684275,243637,196256,0,954866,257810,913436,0,762223,275822,220793,0,2005
106301325,san clemente hospital & med ctr,1/1/2004,1/30/2005,396,audited,excl. ind. audit,orange,13,1017,investor,general,comparable,,(949)489-4570,654 camino de los mares,san clemente,92672-2827,pat wolfram,ceo,,netcare health systems,nancy padfield,hospital management services,0,05-0585,,hsp30585i,73,73,32,7319,873,59,294,255,296,2336,0,584,12016,1662,355,26,83,13,109,1087,0,98,3433,63,0,0,10,0,0,9794,0,0,2222,0,0,3204,0,0,229,0,0,41.6,41.6,3.5,3.5,0,0,0,6339,1212,339,1668,460,2917,17423,0,3275,33633,17908,0,0,19203,0,2,101108,173291,568,2626,0,0,105184214,77252449,0,27931765,517853,30479724,-2030106,239168,592331,0,-22645,-2360624,19768711,10225225,75190278,33866345,5891721,498063,3278876,1500222,2053805,15349776,0,2459573,64898381,9221239,1542035,274942,1269517,466201,2838490,21741819,0,2931590,40285833,29703213,2466678,482028,4081000,0,1651304,842370,32870645,3285853,0,72687,0,1796671,0,0,0,0,12870364,4594192,290977,467393,242432,3781949,2360393,0,3324065,0,0,0,0,0,0,6295498,1758132,10497305,0,0,0,0,4523434,1970922,3717013,1717420,12011213,3742488,292576,2872962,4404879,2766511,737352,951534,392977,626509,1680723,6900114,0,4401790,112586,750001,0,12164491,10230127,0,5080467,-3146103,12164491,942447,14450319,-9185017,2090340,3662331,6552671,2150881,5080467,0,0,5080467,0,0,0,237,75,505859,58930,564789,133,0,41909,110176,93085,28363,47949,118970,33900,674,30648,185,135314,37985,146997,0,69176,60340,56047,0,157141,40601,156453,0,84171,66018,60405,0,2005
106374055,san diego county psychiatric hospital,7/1/2004,6/30/2005,365,audited,excl. ind. audit,san diego,14,1418,city/county,psychiatric,ltc emphasis,,(619)692-8211,3853 rosecrans street,san diego,92110-3115,jean m. shepard,hhsa acting director,http://www2.sdcounty.ca.gov/hhsa/programs.asp,county of san diego,megan upham,hfs consultants,0,05-4114,,hsp34114f,431,431,357,433,0,59236,0,7883,135,0,0,967,68654,11,0,103,0,875,10,0,0,2,1001,0,109,0,0,322,0,0,8051,0,0,60603,0,0,894,0,0,107,0,43.6,43.6,68.59999999999999,9,0,0,0,1048,0,149,0,31511,528,0,0,0,33236,33236,0,0,0,0,0,0,0,0,0,0,0,34916569,2685085,0,32231484,75413,55540259,-23233362,23233362,0,0,0,0,24066654,7577335,3272580,229005,0,20797845,0,5468358,93648,0,0,326853,26915709,307189,0,35018,0,7491295,167358,0,0,0,8000860,65248,0,6981,0,0,2561301,51555,0,0,0,0,0,0,0,0,0,0,470946,0,20825882,0,10398352,209451,0,0,326853,0,0,0,0,0,22854891,17787331,4961160,3076241,0,0,0,0,12053906,2998252,14296612,366757,21791302,10854497,0,154173,4068604,3647270,260514,137175,106243,0,14520481,10953738,0,5548948,0,0,0,16502686,101917,0,0,16400769,16502686,1,10953737,0,9783632,654454,10438086,4889138,0,0,0,0,0,0,0,483,243,980379,78446,1058825,0,0,78163,73372,116776,55664,333059,52124,114395,102705,54121,0,531084,94669,7744,0,215303,25780,105799,0,585693,99893,7753,0,225200,28078,112208,0,2005
106374084,san diego hospice & palliative care ctr,1/1/2005,12/31/2005,365,audited,incl. ind. audit,san diego,14,1418,non-profit,general,comparable,,(619)688-1600,4311 third avenue,san diego,92103-1407,jan cetti,president/ceo,www.sdhospice.org,san diego hospice and palliative care,jesse gould,sdhpc,0,05-1511,hsc01511f,,24,24,24,4489,0,1463,100,0,0,1110,181,196,7539,356,0,77,10,0,0,86,18,13,560,24,0,0,0,0,0,7539,0,0,0,0,0,560,0,0,0,0,0,86.09999999999999,86.09999999999999,13.5,13.5,0,0,0,0,0,0,0,0,0,0,0,0,0,0,0,0,0,0,0,0,0,0,0,0,0,8687691,4522060,0,4165631,165607,9525824,-5194586,0,0,0,0,-5194586,8687691,0,0,5277500,0,1624800,111600,0,0,1180314,257791,235686,8687691,0,0,0,0,0,0,0,0,0,0,2621318,0,803453,90369,0,0,0,575562,173567,0,257791,0,0,0,0,0,0,2656182,0,821347,21231,0,0,604752,0,62119,0,0,0,0,0,0,5736935,0,0,0,0,0,0,2290388,350484,949430,198587,4830535,1514105,67015,29310,318390,659465,1030170,503394,13360,2607,557473,10470224,0,12283227,0,23364514,0,46117965,6862180,0,0,39255785,46117965,1900330,7064757,-201462,16885672,7083176,27310378,15027151,0,0,0,0,0,0,0,70,33,128681,19582,148263,49,11,6020,13747,42396,2745,22719,9632,11909,17870,1027,616,85001,0,0,0,23197,7114,13369,0,100652,0,0,0,24729,7919,14963,0,2005
106190673,san dimas community hospital,1/1/2005,12/31/2005,365,audited,excl. ind. audit,los angeles,11,0917,investor,general,comparable,,(909)599-6811,1350 w. covina blvd.,san dimas,91773,dan bowers,ceo,www.tenethealth.com,tenet healthcare corporation,sandy buranathawon,tenet healthcare corporation,0,05-0588,hsc30588g,,93,93,93,5224,2806,7590,326,0,100,4931,251,246,21474,901,806,319,92,0,42,1780,61,77,4078,64,0,0,0,29,0,15647,0,0,0,5827,0,4050,0,0,0,28,0,63.3,63.3,5.3,3.9,12,1567,750,2654,3534,1342,1659,0,1052,18339,77,2289,30946,16594,0,0,13799,0,4,147780,243780,1277,2912,492,264,340249841,293898517,0,46351324,196502,47145239,-597413,690952,470074,0,0,-376535,41322962,16286528,282640351,55034215,35982713,66292577,4032920,0,1079390,57664141,2514730,3367166,225967852,11024171,13392464,3020038,3424127,0,3928327,74225981,173180,5093701,114281989,57825842,44688249,64956358,7003104,0,0,3233151,106878340,2697151,0,2910397,0,3705925,0,0,0,0,8232544,4686928,4234652,353061,0,1046335,25011782,0,2786022,0,384206,0,0,0,0,10738323,2143587,16215853,0,0,0,0,6228149,4177791,5931259,1710277,17975424,6830229,132243,2305320,8315447,7769950,1121373,237369,1085980,0,1371904,10629457,0,17015435,22089,2665583,940062,31272626,28196313,0,0,3076313,31272626,0,26739372,-17180591,8298966,11548490,26010005,8994570,0,0,0,0,0,0,23119271,351,120,693718,76362,770080,360,0,113763,143864,145196,43344,60593,114697,25523,6878,37883,1977,257658,42019,189754,0,73937,57853,72497,0,285215,46693,212647,0,80932,64467,80126,0,2005
106380939,san francisco general hosp med ctr,7/1/2004,6/30/2005,365,audited,incl. ind. audit,san francisco,04,0423,city/county,general,comparable,teaching,(415)206-8100,1001 potrero ave-bldg 20-5th f,san francisco,94110-3518,valerie inouye,cfo,,city and county of san francisco,james c. young,toyon associates  inc.,1,05-0228,hsc00228f,zzr00228f,598,564,363,24394,802,47698,1562,9049,26480,453,0,20458,130896,3560,100,8029,1070,1505,3222,72,0,642,18200,403,165,0,0,30,0,71789,52134,0,0,6973,0,14062,3729,0,0,409,0,60,63.6,7.2,5.9,7,2419,326,114820,589,225681,132337,175217,57337,1675,0,58994,766650,120630,442937,0,228337,0,10,734272,242372,4919,2707,975,271,885507506,475880680,24114998,433741824,17074329,425900623,24915530,15554446,25954380,0,0,14515596,361551864,143785223,380170419,126966817,8662707,254790146,26899635,52719064,107094690,4828541,0,49663068,631624668,38478118,450422,65351983,31885453,66194699,20800607,840238,0,29881318,253882838,111343811,9008778,192725249,11580953,-113112064,61745536,99642608,4071147,35747183,0,44810146,0,18317333,0,5451903,0,18663095,54101124,104351,236521266,51920141,57168227,6799321,19309835,0,7817559,7727485,0,0,13528,0,12704289,92307785,73804881,93343808,0,0,0,13067970,70729934,29302392,48775318,4568535,189073437,55648392,26271023,6837647,50048926,53367104,6654396,4991648,0,684376,32323674,75529520,0,50766263,2683839,0,0,128979622,61800197,21734285,0,45445140,128979622,23343620,160065076,-134713063,128432683,48441363,177415571,126649308,0,0,0,0,0,0,0,2695,864,5011403,631777,5643180,496,231,268882,762362,1416552,219613,161778,929466,460471,754076,38203,0,1400639,746095,449339,433779,1022019,395252,548587,15693,1593568,842300,515505,433779,1167614,456118,616379,17917,2005
106190200,san gabriel valley medical center,7/1/2004,6/30/2005,365,audited,incl. ind. audit,los angeles,11,0913,non-profit,general,comparable,,(626)289-5454,438 w las tunas drive,san gabriel,91776-1216,makoto nakayama,ceo,,catholic healthcare west,sokhay laidlaw,san gabriel valley medical center,0,05-0132,hsc30132g,zzt30132g,231,231,231,25373,7210,5959,3196,0,433,9911,4,650,52736,3242,1336,576,953,0,99,2421,2,201,8830,190,0,0,0,41,0,40829,0,0,0,11907,0,8207,0,0,0,623,0,62.5,62.5,6,5,0,0,0,14188,3887,5639,8251,0,4049,18818,6,4714,59552,24092,0,0,25089,3249,6,240199,376861,4358,12366,1176,733,501396940,412264419,7343368,96475889,437091,104194515,-7281535,159440,79577,0,0,-7201672,129928964,23169859,348298117,182525655,57386980,37474671,25985915,0,3983065,90470729,59385,6069355,403955755,24789026,9444722,8693880,8883923,0,5149565,34451914,10514,6017641,97441185,166631742,56397617,45670080,29931567,0,0,4311339,96312942,6468942,0,3241506,0,3298684,6583111,0,0,760257,40034269,17017196,498471,4938271,0,1522607,29369958,0,3095117,0,-2310252,0,0,0,0,28206843,3353967,28590356,1968128,0,0,1705492,15260974,3885472,15794984,5428299,35866411,18464272,885395,4235360,14136894,18954866,4633806,748767,1418136,1147741,3702867,16803794,350484,25510061,933372,3300964,0,46898675,50994157,1139000,17597646,-22832128,46898675,0,63494481,-50219998,25688933,22124249,52380149,26870088,0,197331,18509029,18727338,1129692,176083,0,671,292,1230848,209306,1440154,590,18,98427,275467,433692,31333,141760,197690,0,8908,32262,11309,558330,59847,303135,0,95286,58999,155251,0,655471,69599,354838,0,111403,66886,181957,0,2005
106331326,san gorgonio memorial hospital,7/1/2004,6/30/2005,365,audited,incl. ind. audit,riverside,12,1107,district,general,comparable,small/rural,(951)845-1121,600 north highland springs ave,banning,92220-3046,don larkin,ceo,www.sgmh.org,san gorgonio memorial healthcare district,jeffrey n. brown,hospital management services,0,05-0054,hsc30054g,,62,62,51,8415,1313,2125,804,63,391,4257,0,538,17906,1517,293,573,223,14,108,1121,0,151,4000,46,0,0,0,16,0,13468,0,0,0,4438,0,3566,0,0,0,434,0,79.09999999999999,79.09999999999999,4.5,3.8,8,876,375,3802,1946,679,6479,624,2378,6897,0,4816,27621,19573,0,0,12487,0,3,32450,5985,430,183,242,133,73022027,48699391,0,24322636,149223,25791020,-1319161,139223,30632,0,0,-1210570,16182487,8374408,48465132,22019884,3573050,6980638,2857844,239375,1294348,14199922,0,2160085,53325146,5593398,1608559,1861761,2730713,274131,1380569,3894483,0,2353267,19696881,15113660,1917827,7340846,4654000,0,502379,2594108,12135871,4232233,0,124038,0,84429,0,0,0,0,11868208,3263782,1501553,934557,11127,80809,2671545,0,3991055,0,0,75943,63280,0,0,5812644,2177237,9018739,0,0,0,0,3209587,1103048,3419033,1050732,9651936,3840606,666518,2436347,4346703,2607824,806544,208833,184229,370,1041110,6526314,996902,9124199,321740,39309,162418,17170882,5256968,0,7902060,4011854,17170882,2394658,10531579,-7279762,14481665,9960335,26254087,17129888,0,0,7701572,8313397,411337,0,0,263,102,539817,40445,580262,69,0,58400,97745,122095,46289,43826,93302,43933,0,33609,618,190343,45093,128306,0,70547,46425,59103,0,200863,46449,139089,0,77649,50781,65431,0,2005
106150788,san joaquin community hospital,1/1/2005,12/31/2005,365,audited,incl. ind. audit,kern,09,0617,non-profit,general,comparable,,(661)395-3000,2615 chester avenue,bakersfield,93301,robert beehler,ceo,,san joaquin community hospital,lindy murray,clark koortbojian & associates inc.,0,05-0455,hsc30455f,zzt30455f,161,153,153,20394,2479,11626,4641,15,474,4936,1255,303,46123,3073,628,2322,1640,3,126,1352,250,66,9460,161,0,0,0,0,0,45354,0,0,0,769,0,9394,0,0,0,66,0,78.5,82.59999999999999,4.9,4.8,0,0,0,14411,1601,9142,10191,14,1023,9347,1911,2234,49874,32742,0,9538,8895,0,6,297445,168772,3342,3374,1438,377,546319785,442768981,0,103550804,1795487,110176208,-4829917,2703797,0,0,69650,-2195770,149297755,36990133,360031897,179972038,27707089,96139603,41777234,107833,5965724,71230012,11435783,3592664,437927980,28126626,4984048,16226963,23194690,36771,2095426,28700832,2830477,2195972,108391805,169088250,25407435,95961140,55640242,0,47479,3982456,72413912,2457079,0,15113941,0,2657047,0,0,0,0,39010414,7283702,15652859,9236568,97125,4078694,27516932,0,674510,0,0,0,2205747,0,0,24060066,6413300,38034300,0,0,0,0,15462560,3262649,19448034,3495299,44072037,14797313,2606131,5668353,20378815,11692486,3987527,656239,1209738,1230353,3877216,45466785,883557,19065356,27993078,58929881,792544,153131201,18103346,0,93318659,41709196,153131201,26343155,78998626,-65221756,35856772,26545278,65382616,46317260,0,0,0,93506805,188146,58707881,95322335,842,306,1523123,270347,1793470,455,0,126409,359595,397221,31792,208080,249189,67312,42120,25232,16173,525716,130819,337445,0,256746,87358,185039,0,625099,151615,399868,0,293833,101385,221670,0,2005
106394003,san joaquin county mental health - phf,7/1/2004,6/30/2005,365,audited,incl. ind. audit,san joaquin,06,0507,city/county,psychiatric,phf,,(209)468-8750,1212 no. california,stockton,95202-1552,bruce hopperstad,director,,county of san joaquin,lewis rose,san joaquin county behavioral health services,0,,,,40,40,40,0,0,0,0,0,13563,0,0,0,13563,0,0,0,0,0,1405,0,0,0,1405,0,40,0,0,0,0,0,13563,0,0,0,0,0,1405,0,0,0,0,92.90000000000001,92.90000000000001,9.699999999999999,9.699999999999999,0,0,0,0,0,0,0,0,0,0,0,0,0,0,0,0,0,0,0,0,0,0,0,0,0,5814312,0,0,5814312,0,5814312,0,0,0,0,0,0,5814312,0,0,0,0,0,0,0,0,0,0,0,0,0,0,0,0,0,0,0,0,0,0,0,0,0,0,0,0,0,0,0,0,0,0,0,0,0,0,0,0,0,0,0,0,0,0,0,0,0,0,0,0,0,0,0,0,0,0,0,0,0,0,0,0,0,0,0,0,0,0,0,0,0,0,0,0,0,0,0,0,0,0,0,0,0,0,0,0,0,0,0,0,0,0,0,0,0,0,0,0,0,0,0,0,0,0,0,4,0,0,0,0,0,0,0,0,0,0,0,0,0,0,0,0,0,0,0,0,0,0,0,0,0,0,0,2005
106391010,san joaquin general hospital,7/1/2004,6/30/2005,365,audited,incl. ind. audit,san joaquin,06,0507,city/county,general,comparable,,(209)468-6000,500 west hospital road,french camp,95231,ken cohen,director,,county of san joaquin,denise warmsley,toyon associates  inc.,0,05-0167,hsc00167f,zzr00167f,196,196,141,8648,0,19620,7102,6619,2930,0,2036,1800,48755,1610,0,4028,1472,1381,588,0,426,377,9882,178,0,0,18,0,0,45796,0,0,2959,0,0,9697,0,0,185,0,0,68.2,68.2,4.9,4.9,15,4442,2229,33539,0,58658,46348,43111,29747,0,26781,1201,239385,42187,155206,0,30876,0,7,236458,108443,2197,1561,1890,766,270527315,95224894,0,175302421,5906630,169147984,12061067,11212248,2084519,0,0,21188796,114075118,31663379,124788818,34534228,0,71683404,25060079,28867412,12757076,0,8412765,7407660,188722624,13987883,0,21554084,13735758,14676563,9347269,0,8397263,105871,81804691,24148665,0,41029128,24906053,-30247866,2097194,6682374,0,4945019,0,17945189,0,3719138,0,0,0,0,24116182,0,80146827,13889784,41446781,15214681,0,1,488165,19487473,0,0,762642,0,4638054,34881608,20414996,38440898,0,0,0,10886517,27302527,8142567,16923835,12155036,58336405,34433215,16952634,2696860,21669983,14979890,6361784,1284221,3451223,4456703,4525066,64990540,9453536,72151873,3186868,0,0,149782817,19904682,2599275,75611255,51667605,149782817,1659244,69862706,-46422988,111060551,34948366,153728065,81576192,0,0,79331255,79331255,3720000,0,0,1322,453,2455928,301811,2757739,212,53,92582,393199,593873,50606,297994,512607,314336,193285,7446,0,622536,379261,369754,118764,564377,206145,195091,0,701782,424493,419326,119856,635256,234621,222405,0,2005
106104023,san joaquin valley rehab hospital,1/1/2005,12/31/2005,365,audited,incl. ind. audit,fresno,09,0605,investor,specialty,comparable,,(916)323-7685,7173 n. sharon avenue,fresno,93720-3329,edward palacias,ceo,www.sjvrehab.com,vibra healthcare llc,robert j witter,parente randolph llc,0,05-3032,hsc33032f,,62,62,62,14288,0,651,0,0,383,2455,0,0,17777,981,0,40,0,0,36,161,0,0,1218,0,0,0,62,0,0,0,0,0,17777,0,0,0,0,0,1218,0,0,78.59999999999999,78.59999999999999,14.6,14.6,0,0,0,18900,0,0,0,0,8804,2032,0,0,29736,0,7434,0,22302,0,0,0,0,0,0,0,0,33482861,12715758,0,20767103,438446,22592631,-1387082,43835,0,0,0,-1343247,13698688,7349336,12434837,21070570,0,1102927,0,0,1844742,2111554,0,0,26129793,3376397,0,0,0,0,3467985,508686,0,0,7353068,9816405,0,731711,0,0,0,1385675,683416,98551,0,0,0,0,0,0,0,0,14630562,0,371216,0,0,3828501,1936824,0,0,0,0,0,5009,0,0,4261259,2711070,3706244,0,0,0,0,2681448,1174716,3918645,4139249,10470704,2241471,260064,0,1191808,2550231,179724,3617300,107446,667023,1306860,3576036,0,771309,0,3744607,0,8091952,3644293,0,6378363,-1930704,8091952,105801,2786393,-319825,0,970447,1010060,238751,5368393,54379,0,6378363,0,0,1613732,245,52,346932,163520,510452,10,0,50893,65615,25487,17852,64155,29102,16489,77339,0,0,92773,45413,47861,0,57990,49266,53629,0,196072,54683,54686,0,81067,55767,68177,0,2005
106404046,san luis obispo co - phf,7/1/2004,6/30/2005,365,audited,incl. ind. audit,san luis obispo,08,0801,city/county,psychiatric,phf,,(805)784-4700,2178 johnson ave,san luis obispo,93401-4535,karen baylor ph.d,administrative director,,county of san luis obispo,wes hamilton,san luis obispo co dept of mental health,0,,,hsd00004f,16,16,16,0,0,690,0,1828,0,472,0,0,2990,0,0,255,0,380,0,103,0,0,738,0,16,0,0,0,0,0,2990,0,0,0,0,0,738,0,0,0,0,51.2,51.2,4.1,4.1,0,0,0,0,0,0,0,0,0,0,0,0,0,0,0,0,0,0,0,0,0,0,0,0,0,1419286,-63266,0,1482552,0,4070737,-2588185,2588185,0,0,0,0,912373,0,506913,0,0,388571,0,632578,0,398137,0,0,1419286,0,0,0,0,0,0,0,0,0,0,0,0,0,0,-63266,0,0,0,0,0,0,0,0,0,0,0,0,0,0,451837,0,632578,0,398137,0,0,0,0,0,0,0,2588185,0,0,0,0,0,0,0,0,0,0,0,0,0,0,0,0,0,0,0,0,0,0,0,0,0,0,0,0,0,0,0,0,0,0,0,0,0,0,0,0,0,0,0,0,0,0,0,0,0,0,0,0,0,0,0,0,0,0,0,0,0,0,0,0,0,0,0,0,0,0,0,0,0,0,0,0,0,0,0,0,0,2005
106410782,san mateo medical center,7/1/2004,6/30/2005,365,audited,excl. ind. audit,san mateo,04,0427,city/county,general,comparable,,(650)573-2711,222 west 39th ave,san mateo,94403-4364,nancy steiger,ceo,www.co.sanmateo.ca.us,county of san mateo,grace mesina,san mateo medical center,0,05-0113,,zzr00113f,509,455,455,14092,174,95567,7871,3099,2489,0,0,5370,128662,975,35,656,1097,366,164,0,0,713,4006,100,34,0,0,375,0,12800,10778,0,0,105084,0,2630,792,0,0,584,0,69.3,77.5,32.1,6.9,0,0,0,26193,152,25222,49174,82036,19545,0,0,45154,247476,31835,216879,0,0,0,3,198099,146608,1143,998,0,0,277465702,163398479,0,114067223,6837373,178736386,-57831790,67521677,9616641,0,0,73246,112780096,68399969,96285637,29567655,684400,70126942,27599394,13678639,3817723,0,0,3622750,149097503,16519029,119237,13981543,27261947,43319672,7207111,0,0,19959660,128368199,19111848,393126,37544800,14706987,-10395833,46562049,5107819,0,33011551,0,0,0,17356132,0,0,0,0,21251622,292786,43458334,33211958,10436262,4387433,0,0,1028828,0,0,0,0,0,56135920,43440303,48188885,29437763,0,0,544328,528928,27003621,8130352,20307816,1154390,64568570,39325995,16127234,3887593,17893111,23944425,910500,3419452,1107713,0,7551793,42263934,0,10104082,754301,659776,0,53782093,46521637,13102560,30466,-5872570,53782093,750310,73713293,-53986563,3678247,10664381,15183419,5079337,0,30466,0,30466,0,0,0,1194,414,2178871,377263,2556134,145,9,158094,295016,357015,140858,364160,433194,154472,203507,66632,5923,741256,601380,218457,3437,348768,134679,130894,0,853597,723125,251731,3888,411488,157460,154845,0,2005
106074017,san ramon regional medical center,1/1/2005,12/31/2005,365,audited,excl. ind. audit,contra costa,05,0411,investor,general,comparable,,(925)275-9200,6001 norris canyon road,san ramon,94583,gary sloan,ceo,www.tenethealth.com,tenet healthcare corporation,sandy buranathawon,tenet healthcare corporation,0,05-0689,hsc30689f,hsp30689f,123,123,123,7978,969,306,132,0,263,11416,92,315,21471,1438,201,79,34,0,67,3299,22,83,5223,123,0,0,0,0,0,21471,0,0,0,0,0,5223,0,0,0,0,0,47.8,47.8,4.1,4.1,10,2048,795,13935,1425,243,221,0,1374,52927,38,4530,74693,17895,0,0,53458,0,11,393600,247080,2137,4793,473,338,523048876,411774031,0,111274845,644774,106870119,5049500,739784,257191,0,0,5532093,88693175,23963293,410392408,118125959,15447249,4367619,1866652,0,5312437,181177113,1030391,5127538,332454958,32490703,3505123,613523,445187,0,2774663,135522551,115337,15126831,190593918,130327909,13112007,3030953,1395850,0,0,5351994,239610470,2092585,0,1188135,0,15664128,0,0,0,0,20288753,5840365,1918699,905072,0,2735106,75875495,0,3711355,0,-5806759,0,0,0,0,18989675,4257595,40590609,0,0,0,0,12084503,6540294,19547722,4859721,40725538,15926831,1964530,4384659,20715343,12290245,4538719,458762,2169869,0,3695623,23399759,0,65601944,73943,0,715951,89791597,16283821,0,0,73507776,89791597,2824,41836553,-22567578,60450762,31578320,104140173,38538229,0,0,0,0,0,0,0,551,177,1055779,139104,1194883,409,0,126396,201950,301467,10337,56745,223620,78010,7938,46782,2534,313519,41785,336410,0,173147,82700,108218,0,360471,46507,382429,0,191574,94810,119092,0,2005
106190681,san vicente hospital,1/1/2005,3/31/2005,90,audited,excl. ind. audit,los angeles,11,0925,investor,general,comparable,,(323)930-1040,6000 san vicente boulevard,los angeles,90036-4404,john fenton,ceo,www.miraclemilemedicalcenter.com,avalon memorial hospital,james k. theiring,miracle mile medical center,0,05-0681,,hsp40001f,17,17,17,12,0,0,0,0,0,0,0,125,137,5,0,0,0,0,0,0,0,53,58,17,0,0,0,0,0,137,0,0,0,0,0,58,0,0,0,0,0,9,9,2.4,2.4,0,0,0,44,0,3,0,0,0,0,0,233,280,0,0,0,0,0,5,6960,16800,58,280,0,0,4859413,3299590,0,1559823,0,1413101,146722,0,0,0,0,146722,352761,0,4506652,267962,0,0,0,0,0,0,0,2083784,2351746,252678,0,18642,0,0,0,0,0,2236347,2507667,349521,0,14913,0,0,0,0,0,25000,0,0,0,2910156,0,0,0,0,171119,0,3729,0,0,0,0,0,1384975,0,0,0,0,0,0,264424,0,381485,0,0,0,0,160640,38624,370908,197020,658392,116240,35650,156744,175597,41461,5000,95430,87086,0,41501,2212135,0,373735,0,0,0,2585870,2244721,0,0,341149,2585870,198890,2730445,-819133,0,432377,811872,438137,0,0,0,0,0,0,0,50,17,27465,993,28458,8,0,8820,2612,5678,496,2621,2682,1546,0,870,2140,10077,0,8098,0,4245,1558,3487,0,10225,0,8585,0,4403,1638,3607,0,2005
106420514,santa barbara cottage hospital,1/1/2005,12/31/2005,365,audited,excl. ind. audit,santa barbara,10,0807,non-profit,general,comparable,,(805)682-7111,pueblo at bath sts.,santa barbara,93105,ronald c. werft,president,,santa barbara cottage hospital,wendy kaufmann,cottage health systems,2,05-0396,,zzt30396f,366,315,315,25522,7100,3494,10401,1573,26853,0,0,2888,77831,5137,1707,1054,1757,374,7263,0,0,807,18099,346,20,0,0,0,0,71950,5881,0,0,0,0,17045,1054,0,0,0,0,58.3,67.7,4.3,4.3,42,5409,2231,45426,5456,2983,9378,3379,55905,0,0,12815,135342,39362,3197,0,88944,0,20,970202,456678,6304,6210,1723,701,946823873,661706503,0,285117370,9750883,255147841,39720412,28074581,4627068,0,0,63167925,151851765,34130277,760841831,266965241,74882878,29087952,80934925,21087405,262707266,0,0,25276263,760941930,70778849,7962198,3839032,12025271,4646755,73855207,0,0,12774631,185881943,271423433,61443184,22726984,77361498,0,22741156,152184182,0,12296666,0,13200635,0,28328765,0,0,0,0,63417401,21312555,9950749,15026896,2801546,169054603,0,0,3553620,0,0,8645373,14901339,0,0,47830294,9861468,101999962,0,0,489976,4921129,40703457,9207817,26247138,13886600,88496732,39090579,3983760,15489244,56965532,19255651,15510586,3523196,4252263,932830,7647468,177212795,210206547,98519796,43282033,11251760,4201707,544674638,80481358,125000,112508079,351560201,544674638,8487536,111584553,-61587874,132724487,106952377,258482004,159962208,1738079,0,0,114928079,2420000,6116011,0,1639,504,3311159,324641,3635800,562,47,236840,786543,791485,28635,228243,554846,293973,163241,227353,0,954429,196288,873731,132323,615839,196560,341989,0,1048310,214866,969339,134836,674201,216181,378067,0,2005
106424002,santa barbara county - phf,7/1/2004,6/30/2005,365,audited,excl. ind. audit,santa barbara,10,0807,city/county,psychiatric,phf,,(805)681-5220,315 camino del remedio,santa barbara,93110,james l. broderick  ph.d.,director,,county of santa barbara,yolanta maraboli,santa barbara county - admhs,0,05-4125,,,16,16,16,1326,0,2968,0,657,587,23,0,0,5561,114,0,181,0,109,9,3,0,0,416,0,16,0,0,0,0,0,5561,0,0,0,0,0,416,0,0,0,0,95.2,95.2,13.4,13.4,0,0,0,0,0,0,0,0,0,0,0,0,0,0,0,0,0,0,0,0,0,0,0,0,0,3541369,467327,0,3074042,0,4910947,-1836905,0,0,0,0,-1836905,3541369,0,0,878157,0,1785068,0,472048,390296,15800,0,0,3541369,0,0,0,0,0,0,0,0,0,0,0,0,0,0,0,467327,0,0,0,0,0,0,0,0,0,0,0,878157,0,1785068,0,4721,390296,15800,0,0,0,0,0,0,0,0,3878601,0,0,0,0,0,0,0,0,1032346,0,3276361,953094,0,76520,318134,125891,2374,0,0,0,158573,0,0,0,0,0,0,0,1836905,0,0,-1836905,0,0,0,0,0,0,0,0,0,0,0,0,0,0,0,0,0,0,0,0,3,0,0,0,0,0,0,0,0,0,0,0,0,0,0,0,0,0,0,0,0,0,0,0,0,0,0,0,2005
106430883,santa clara valley medical center,7/1/2004,6/30/2005,365,audited,incl. ind. audit,santa clara,07,0431,city/county,general,comparable,teaching,(408)885-1000,751 south bascom avenue,san jose,95128-2604,susan murphy,administrator,www.scvmed.org,county of santa clara,amy woo,santa clara valley health and hospital system,1,05-0038,hsc00038f,zzr00038f,574,510,510,18642,720,58000,9015,15811,5755,10718,5243,1295,125199,2759,123,10535,2467,4091,683,1561,1311,108,23638,464,50,0,60,0,0,96377,17391,0,11431,0,0,21347,1795,0,496,0,0,59.8,67.3,5.3,5.3,45,14127,4886,105952,324,189373,130290,146010,9485,50731,30762,54074,717001,51259,573579,0,56199,0,9,783390,340283,5477,3817,4267,1096,1357526411,675300613,64113179,746338977,7352884,667130752,86561109,96569081,0,0,0,183130190,448491409,140448482,768586520,112629976,6394287,396519545,67115315,102243426,57269346,82482608,43046871,7055700,874757074,70070950,439222,131360806,50699954,122477003,12577150,30449675,26529387,38165190,482769337,103557837,4347538,274393850,90888525,-173130252,218711530,23649517,36356640,6726591,0,55044020,0,34754817,0,27463139,4312228,32337812,76040065,2435883,394749949,85573516,10299854,43391468,107900923,15482248,10465071,190849270,-1299691,0,4151374,0,92417707,156268284,110506449,175996071,0,0,848196,17300554,85865003,20245101,63655971,36445123,300891856,161321035,16475591,6377403,81257567,42234308,23138840,5348931,1887968,15223990,12973263,724951082,0,198956285,18450436,32921105,0,975278908,517488649,0,455189058,2601201,975278908,352800276,272630649,-202188572,311377609,83344963,420501165,221544880,0,0,429337534,471149834,15960776,277225593,273728887,3890,1230,8002769,132146,8134915,523,164,599535,2296189,1586955,164621,805907,1363414,323738,817679,32318,12413,2245106,1701968,1626709,209514,1212179,407209,600084,0,2305378,1716123,1642138,211601,1237783,416000,605892,0,2005
106190687,santa monica - ucla medical center,7/1/2004,6/30/2005,365,audited,incl. ind. audit,los angeles,11,0927,non-profit,general,comparable,,(310)319-4000,1250-16th street,santa monica,90404,david callender,ceo,www.mednet.ucla.edu,regents of the university of california,joelle pham,medical center-financial services,0,05-0112,hsc30112g,,291,291,291,16273,8248,4923,683,0,206,20340,0,1883,52556,2693,1344,675,167,0,52,4705,0,336,9972,291,0,0,0,0,0,52556,0,0,0,0,0,9972,0,0,0,0,0,49.5,49.5,5.3,5.3,24,4390,1630,15268,9355,4248,3766,1045,1731,54614,0,12326,102353,29897,0,0,58338,0,13,540572,330152,3115,5486,1052,762,463288790,363278430,27416241,127426601,4001950,148437544,-17008993,2655399,0,0,0,-14353594,71488049,29936049,361864692,110297769,51550574,16307538,5712308,0,2953552,125822607,0,15051640,327695988,21551319,15419203,4398829,3479299,1059528,1923804,78689287,0,9071533,135592802,90811967,53540412,18929518,8504566,0,821162,3373710,162114862,6929629,0,1493736,0,16758868,6666092,749644,0,20000505,40636831,20065628,1276127,1383579,237770,1309572,60026394,0,2490700,0,-50001,0,777151,0,0,35476293,6069207,61001266,0,0,0,1194278,26816411,2523507,12600672,2755910,54499702,22901851,703391,3969584,30097580,22243863,5478915,2957737,899860,1286684,3398377,38125200,0,31779504,194816895,13213481,0,277935080,222188402,0,36994904,18751774,277935080,14932282,23538351,-3351943,7632015,36687144,53131601,21352097,0,5925281,0,38575172,1580268,0,226031106,1088,478,2071996,271384,2343380,1182,22,83408,475838,676851,15722,302639,188467,206178,42289,30943,49661,758244,117629,501409,45614,394903,55707,198490,0,864965,133921,574119,46245,442998,62363,218769,0,2005
106491064,santa rosa memorial hospital,7/1/2004,6/30/2005,365,audited,incl. ind. audit,sonoma,03,0401,non-profit,general,comparable,,(707)525-5300,1165 montgomery drive,santa rosa,95402,george perez,ceo,www.stjosephhealth.org,santa rosa memorial hospital,joni murphy,santa rosa memorial hospital,2,05-0174,,zzr00174f,365,365,325,42570,0,10764,0,4679,2290,18269,0,820,79392,6319,0,1780,0,600,2157,2746,0,492,14094,272,20,0,19,54,0,56804,7286,0,3079,12223,0,12138,831,0,232,893,0,59.6,59.6,5.6,5.1,12,2316,1155,36947,0,31970,0,14609,15955,63093,0,11709,174283,35962,90535,0,50770,0,12,1314170,987069,4236,4797,901,407,1011048631,740206898,0,270841733,3209239,258483047,15567925,5737970,5093438,0,0,16212457,176317214,83736829,750994588,339944977,0,82451802,0,52695769,25563111,209669625,0,9198182,719523466,116485015,0,25926366,0,16721195,12065603,112766092,0,7560894,291525165,375436684,0,75810744,0,0,48345795,1742824,215122462,19611781,0,2650157,0,1486451,0,0,0,0,70775390,0,30504152,0,19755386,35838457,101458463,0,12509885,0,0,158986,2484121,0,0,61658031,21866014,84367113,0,0,0,54078,33139995,4621107,30276810,22499899,91961843,51714778,5951648,15633493,43305638,17617014,16303717,4092803,1838387,1562985,8500741,100576562,3419015,85997170,7509877,11436994,1080901,210020519,52570425,0,41709839,115740255,210020519,51019401,151488633,-107808411,93712763,78380312,192292558,106295388,0,0,0,43071513,1361674,7079405,0,1477,612,2924645,377844,3302489,524,0,234980,527435,770445,56756,445139,443087,203756,12281,147388,83378,956979,264890,713130,610,501250,105748,367776,14262,1081534,302159,805950,862,561835,119447,415222,15480,2005
106420522,santa ynez valley cottage hospital,1/1/2005,12/31/2005,365,audited,incl. ind. audit,santa barbara,10,0805,non-profit,general,comparable,small/rural,(805)688-6431,700 alamo pintado rd,solvang,93463-2269,ronald c. werft,president,www.cottagehealthsystem.org,santa ynez valley cottage hospital,wendy kaufmann,cottage health systems,0,05-0478,,zzt30478f,22,20,20,608,105,1,12,3,112,0,0,24,865,182,36,1,6,1,58,0,0,13,297,22,0,0,0,0,0,865,0,0,0,0,0,297,0,0,0,0,0,10.8,11.8,2.9,2.9,0,0,0,12318,1049,261,1213,347,12770,0,0,1665,29623,6241,0,0,23269,0,2,2525,25126,23,323,0,0,23389951,14686484,0,8703467,146382,8059297,790552,125718,104027,0,0,812243,1025970,3105369,19258612,3041879,527361,5350,55678,54763,555359,0,0,121258,4361648,7974246,724789,152650,737660,434207,7887007,0,0,1117744,19028303,8034370,764105,137072,703142,0,318285,2841942,0,1200130,0,94076,0,593362,0,0,0,0,2923201,479290,9593,66123,162303,4792040,0,0,270917,0,0,-172929,107509,0,0,783323,1320559,3689183,0,0,0,0,800070,387597,877295,201270,2983403,1283373,258431,481253,784263,1345344,458794,76889,85007,0,302540,6715900,14519,1579536,37777,0,144347,8492079,1560391,0,600000,6331688,8492079,5046192,3010511,-1774905,2055135,3673146,5848247,4268711,0,0,0,600000,0,0,0,52,21,99999,10227,110226,27,0,5619,33583,25852,983,16509,14576,0,0,2877,0,18856,22192,40220,0,3274,6479,8978,0,20471,24339,44569,0,3597,7027,10223,0,2005
106371256,scripps green hospital,10/1/2004,9/30/2005,365,audited,incl. ind. audit,san diego,14,1416,non-profit,general,comparable,,(858)455-9100,10666 north torrey pines road,la jolla,92037-1513,robin brown,administrator,http://www.scripps.org/locations.asp?id=1,scripps health,tracy seavy,scripps health,0,,hsc30424j,,173,171,171,11735,8312,490,24,6,312,14380,95,427,35781,3062,2293,92,5,3,96,4157,58,261,10027,173,0,0,0,0,0,35781,0,0,0,0,0,10027,0,0,0,0,0,56.7,57.3,3.6,3.6,0,0,0,17946,14341,201,16,3,986,61275,337,3924,99029,0,0,0,91413,0,12,834600,594300,4959,7599,0,0,617364857,418375648,2496,198991705,9507050,174383714,34115041,0,0,0,0,34115041,92138058,0,525226799,151477493,85235055,6371199,269920,71995,4026705,170623389,1342826,6040551,425459133,42264470,33566785,437005,74675,3288,2292716,107831636,430195,5004954,191905724,145729718,91358748,5982207,133240,0,70670,3345026,158364731,1674606,0,1773021,0,9943681,0,0,0,2496,47919494,27369701,825997,211355,4613,2839008,118719713,0,1101824,0,0,0,0,0,0,27480116,0,91143230,0,0,726090,4670861,24793004,5644595,15444867,4480951,51855884,12271682,1679277,7932384,53544051,32715736,7734356,633161,948637,1535898,3532648,50004233,0,51424178,3354738,0,0,104783149,7221155,0,0,97561994,104783149,373239,73527052,-49548778,51913975,53481347,105843248,54419070,0,0,0,0,0,21575112,0,1005,284,1806938,405988,2212926,354,49,94261,382495,488981,3255,97718,241846,0,376258,109507,12617,541253,0,617869,109925,323811,48155,165925,0,640477,0,839320,111645,375338,54666,191480,0,2005
106371394,scripps memorial hospital - encinitas,10/1/2004,9/30/2005,365,audited,incl. ind. audit,san diego,14,1416,non-profit,general,comparable,,(760)633-7660,354 santa fe drive,encinitas,92024-1513,carl etter,ceo,,scripps health,phu han,scripps health,0,05-0503,hsc30503g,zzt30503g,138,134,116,16656,3866,3506,313,928,567,10751,890,1148,38625,2464,576,888,106,111,109,2457,190,244,7145,108,0,0,30,0,0,31439,0,0,7186,0,0,6533,0,0,612,0,0,76.7,79,5.4,5.4,0,0,0,16319,1534,2070,948,1046,897,32463,1064,4513,60854,27366,0,0,33488,0,6,254460,201360,1782,2915,1146,346,344530514,239059152,119982,105591344,2191638,106495839,1287143,0,821182,0,0,465961,92190505,16489046,235850963,115124562,26220741,20007227,1433616,5759170,5175061,77412884,5028830,6479568,262641659,24303440,5490558,2028428,1159098,1189455,2598573,40615680,1014473,3489150,81888855,109206590,24023984,17898020,1656736,0,6156164,4219783,60015748,3648407,0,6043303,0,6190417,0,0,0,119982,30012052,7687315,4137635,935978,792461,3352783,56773167,0,1899953,0,0,0,0,0,0,27916596,4986647,37782225,0,0,0,0,14367044,4015186,14350906,3077235,42682576,9882897,2375446,6901369,20597719,14440220,4064560,1300202,767063,0,3483787,20483711,0,37168928,4965507,0,0,62618146,47829518,0,0,14788628,62618146,426129,68336557,-49927348,36119727,25828363,72059893,34890965,0,0,0,0,0,0,41638487,777,266,1457619,254712,1712331,405,0,105450,393337,414925,46406,91799,190035,112915,6359,88998,7395,556301,80302,415898,0,193648,53541,157929,0,638055,92660,527494,0,221821,59969,172332,0,2005
106370771,scripps memorial hospital - la jolla,10/1/2004,9/30/2005,365,audited,incl. ind. audit,san diego,14,1416,non-profit,specialty,comparable,,(858)457-4123,9888 genesee ave.,la jolla,92037-1513,gary fybel,ceo,www.scrippshealth.org,scripps health,mayflor mejia-obispo,scripps health,2,05-0324,hsc30324f,,422,396,265,33979,4366,4578,429,1158,3479,36111,4818,7702,96620,5032,904,492,77,183,723,9896,789,834,18930,293,0,66,0,63,0,76745,0,10676,0,9199,0,17399,0,990,0,541,0,62.7,66.8,5.1,4.8,27,13966,4512,28923,2113,1642,567,1046,3170,68251,963,10778,117453,29300,3866,0,77141,0,18,938220,571980,5594,9078,2556,1465,1033750989,710489138,320795,323582646,7958259,303533959,28006946,1794301,13470,0,0,29787777,235571893,61319394,736859702,280689965,68384042,45230991,4779277,11857959,36248151,339767473,20422413,13625647,821005918,60191558,5085483,5010217,1305745,2115813,4893685,120185096,2117159,11840315,212745071,268676144,56562838,43403025,4138815,0,12507162,24757616,252507742,9345717,0,23374147,0,15215932,94511,0,0,226284,71615428,16988621,6060066,1889749,1466610,15350990,202997468,0,7213714,0,0,0,679559,0,0,62942722,11750117,134630688,0,0,0,0,44990280,10564318,28624813,10031021,108691118,24063653,4408819,8306501,83308233,46842507,13763701,3257416,1634021,3074239,6183751,65441287,0,96386805,10868734,116540,0,172813366,46258006,0,0,126555360,172813366,1147780,216972027,-158781746,140197346,82927194,226516116,130129311,0,0,0,0,0,0,31060877,1971,699,3515425,687851,4203276,816,0,210939,897225,1205967,38367,210268,483101,0,365902,88830,14826,1263144,167266,1126104,0,577305,88487,293119,0,1490397,196941,1421792,0,664249,103182,326715,0,2005
106370744,scripps mercy hospital,10/1/2004,9/30/2005,365,audited,incl. ind. audit,san diego,14,1418,non-profit,general,comparable,teaching,(619)294-8111,4077 fifth avenue,san diego,92103-2105,tom gammiere,senior vp,www.scrippshealth.org,scripps health,jessica mester,scripps health,1,05-0077,hsc30077f,zzt30077f,700,566,380,50446,6105,31939,5266,5728,2871,23915,6018,6088,138376,8363,1554,6231,1522,1017,813,6755,1682,1700,29637,650,50,0,0,0,0,124972,13404,0,0,0,0,27955,1682,0,0,0,0,54.2,67,4.7,4.7,37,6924,3832,38592,3580,30726,22415,7877,4326,48894,17633,2762,176805,89276,26167,0,68860,0,16,1363560,1499916,7852,8950,3785,775,1283224737,936053814,12245188,359416111,7603982,364393034,2627059,4206428,743116,0,0,6090371,334058322,110697490,838468925,341670365,59164760,200004922,35031962,43534018,38114170,210711207,40077167,40534158,1008842729,86144969,15659613,26162581,15979657,9762661,10414141,91425259,5284589,13548538,274382008,314262475,64947692,158376876,29669522,-10052445,46065810,24493210,179272973,30348502,0,73199753,0,25469446,7711014,0,0,4534174,112518326,17022631,55480069,15867103,7230869,22117321,122962155,0,6217637,0,0,0,0,0,0,77504423,29760465,131489758,0,0,1351071,8162192,50495950,11137694,44946505,9544976,150175168,35575792,11261541,10633988,76578590,48384401,13910684,3731726,3228158,3169335,7743651,75685656,0,96369286,6269333,0,0,178324275,106522924,0,0,71801351,178324275,1796334,251679946,-185648785,170056133,81766609,275141667,178772381,0,0,0,0,0,0,84713239,2730,956,4864530,944218,5808748,1616,68,251037,1378730,1467758,154871,365155,665347,439333,11908,122543,7848,1591660,493606,1305531,57560,868063,134222,410528,3360,1875332,585988,1672299,63964,966522,153875,486793,3975,2005
106100793,selma community hospital,1/1/2005,10/28/2005,301,audited,excl. ind. audit,fresno,09,0607,non-profit,general,comparable,small/rural,(559)891-6200,1141 rose avenue,selma,93662-3241,richard rawson,ceo,www.selmahospital.org,adventist health systems,scott cleveland,selma community hospital,0,05-0470,,zzr00470g,57,57,32,2011,180,1648,716,2,31,783,191,203,5765,478,53,699,351,0,10,364,80,65,2100,43,0,0,0,14,0,5730,0,0,0,35,0,2096,0,0,0,4,0,33.6,33.6,2.7,2.7,8,1444,781,18205,639,24854,33926,9,17112,22730,816,5199,123490,19660,76382,0,26713,0,3,64260,104100,597,1562,528,253,116972385,89021245,259710,28210850,515300,28178484,547666,80199,133741,0,0,494124,21998357,24265133,70708895,12976877,1058528,15488935,8014311,12985,299662,8214668,1381437,1466955,48914358,12629724,747006,12942433,15413012,22531,3627899,19470537,345442,2859443,68058027,20274064,1165474,19212036,19982411,-1222134,29547,2264910,20148764,1721125,0,3393188,0,2051860,0,0,0,259710,5332537,640060,9353133,2869135,3770,1662651,7796151,0,553413,0,0,0,39290,0,0,2848963,7592794,7271516,0,0,0,520644,3213882,1484088,3987272,1259325,11864927,3291083,3181151,806750,2866084,3097055,697949,336218,398352,307980,1330935,5406005,727777,4995813,0,897547,363514,12390656,13093036,423842,8648517,-9774739,12390656,692139,14883123,-11481997,4345440,3319547,9731687,4735874,162540,0,9130000,9292540,644023,897547,7644259,320,90,498667,55815,554482,60,4,49170,61628,72964,16273,65031,169072,51018,7248,5650,613,66734,157792,95266,0,78117,50123,50635,0,73068,176801,104616,0,86512,55808,57677,0,2005
106124004,sempervirens - phf,7/1/2004,6/30/2005,365,audited,incl. ind. audit,humboldt,01,0105,city/county,psychiatric,phf,,(707)268-2990,720 wood street,eureka,95501-4413,lance morton,director,,county of humboldt,melissa chilton,co of humboldt  mental health branch,0,05-4124,,,16,16,16,1601,0,1349,0,121,610,0,53,0,3734,153,0,168,0,32,101,0,11,0,465,0,16,0,0,0,0,0,3734,0,0,0,0,0,465,0,0,0,0,63.9,63.9,8,8,0,0,0,0,0,0,0,0,0,0,0,0,0,0,0,0,0,0,0,0,0,0,0,0,0,3080550,-139755,0,3220305,0,3220305,0,0,0,0,0,0,3080550,0,0,1320825,0,1112925,0,99825,503250,0,43725,0,3080550,0,0,0,0,0,0,0,0,0,0,0,0,0,0,-139755,0,0,0,0,0,0,0,0,0,0,0,0,1320825,0,1252680,0,99825,503250,0,43725,0,0,0,0,0,0,0,0,0,0,0,0,0,0,0,0,0,0,0,0,0,0,0,0,0,0,0,0,0,0,0,0,0,0,0,0,0,0,0,0,0,0,0,0,0,0,0,0,0,0,0,0,0,0,0,0,0,0,0,0,6,0,0,0,0,0,0,0,0,0,0,0,0,0,0,0,0,0,0,0,0,0,0,0,0,0,0,0,2005
106321016,seneca healthcare district,7/1/2004,6/30/2005,365,audited,incl. ind. audit,plumas,01,0215,district,general,comparable,small/rural,(530)258-2151,brentwood drive,chester,96020,warren benincosa,ceo,http://senecahospital.org,seneca healthcare district,derek f. petrak,petrak & associates  inc.,4,05-0333,,zzr00333f,24,24,24,729,0,4756,0,13,20,113,0,502,6133,193,0,30,0,7,9,48,0,17,304,8,0,0,0,16,0,805,0,0,0,5328,0,269,0,0,0,35,0,70,70,20.2,3,0,0,0,9068,0,2868,0,408,2381,10344,0,2389,27458,3510,23934,0,0,0,1,1857,4505,22,103,0,0,14162403,4673609,0,9488794,27676,11004107,-1487637,1074659,0,0,0,-412978,1943228,4333941,7885234,1998737,0,1380514,0,110150,72751,412255,0,293997,4268404,3939823,0,977188,0,220127,971904,3202431,0,582526,9893999,2272749,0,272836,0,0,172709,49378,177945,1419223,0,111438,0,197331,0,0,0,0,3631502,0,2062638,0,157568,875059,2393157,0,368870,0,0,135494,4307,866470,0,1494929,3029918,2570870,0,0,0,0,1691769,613756,1199462,403403,3741740,1846676,1428570,1209529,850929,560343,441155,130393,36402,120968,637402,1907698,241863,3519117,45372,0,0,5714050,1238370,0,1711555,2764125,5714050,73008,2831956,-1465552,5168546,4053190,9312346,5793229,0,470235,0,1914264,202709,0,0,125,27,214106,54435,268541,8,0,30263,25502,16021,14534,26072,67898,22276,3475,8065,0,48969,55540,25786,0,35364,25003,23444,0,57201,65055,43024,0,47276,28879,27106,0,2005
106410891,sequoia hospital,7/1/2004,6/30/2005,365,audited,incl. ind. audit,san mateo,04,0428,non-profit,general,comparable,,(650)369-5811,170 alameda de las pulgas,redwood city,94062,glenna l. vaskelis,ceo/president,www.sequoiahospital.org,catholic healthcare west,louise liberati,chw west bay financial services,0,05-0197,hsc00197g,zzr00197g,421,299,299,24739,656,525,951,0,222,13991,211,398,41693,4196,145,72,225,0,45,3680,79,317,8759,355,22,0,0,44,0,29772,4081,0,0,7840,0,7269,783,0,0,707,0,27.1,38.2,4.8,4.2,15,3068,1273,75195,567,660,4165,0,1509,95637,3143,2384,183260,21238,0,0,162374,0,11,419770,678688,2446,2966,875,395,711496459,531672493,0,179823966,2345864,160345314,21824516,1413620,968390,0,0,22269746,163731233,30201701,517563525,304876274,9053694,6022773,9204089,0,3911373,181917573,2799990,4376914,522162680,66780162,567716,1067131,6356649,0,2609080,105588910,1041546,5322585,189333779,305484920,6525560,6640442,13990785,0,0,4062227,183543901,5935442,0,3841536,0,1647680,0,0,0,0,66171516,3095850,449462,1569953,0,2458226,103962582,0,2116377,0,0,10249,696474,0,0,31165166,3613149,65085105,0,0,0,0,23709083,4656834,25064149,7051828,51765008,31615315,2790262,7169516,32159592,18165780,6220366,1438265,1560050,1483940,5977220,65768209,0,32460348,7123535,7878685,0,113230777,27341934,0,21751338,64137505,113230777,36614838,92309078,-67410000,45173778,37147409,84252887,51792539,0,0,23926470,23926470,2175132,0,0,748,238,1445427,236884,1682311,638,0,78765,298112,406393,19092,69110,274109,173367,0,22468,104011,404692,41502,493761,0,303162,45008,153768,3534,485454,49106,571839,0,344192,51703,176259,3758,2005
106410817,seton medical center,7/1/2004,6/30/2005,365,audited,incl. ind. audit,san mateo,04,0425,non-profit,general,comparable,,(415)992-4000,1900 sullivan ave,daly city,94015,bernadette smith,president,,daughters of charity health system,tanya teig,moss adams llp,0,05-0289,hsc00289f,zzr00289f,478,354,354,52712,242,25388,9705,0,400,11008,0,2473,101928,5498,49,1146,438,0,82,2248,0,329,9790,255,24,0,0,199,0,57697,0,0,0,44231,0,8813,0,0,0,977,0,58.4,78.90000000000001,10.4,6.5,3,1638,622,131524,169,5138,21031,0,1213,78952,0,40566,278593,27981,6314,38163,201262,0,17,447375,348121,3026,4048,505,169,1085617538,855545942,0,230071596,2088753,227587922,4572427,6656161,3821187,0,0,7407401,332107475,50080900,703429163,498117553,3378697,111915988,60055113,0,5583199,153820919,0,19429716,852301185,89699307,210025,4031475,21018771,0,1504242,97924219,0,18928314,233316353,497262501,3035872,103058555,74411511,0,0,4082003,144992291,15339259,0,3384481,0,9979469,0,0,0,0,89134506,552850,12888908,6662373,0,3005438,106752847,0,11074674,0,0,2133759,410758,0,0,58320928,17003296,72371328,0,0,0,0,31541187,4151458,31289086,12910639,107376721,29970485,3163106,5207698,34927707,19310665,8448830,4037484,1157188,5403611,8584427,86441346,0,59144873,5562125,288187,0,151436531,51285422,19334,95167160,4964615,151436531,27650505,164770991,-130704058,98554567,92596671,252274074,193129201,0,0,95167160,95167160,0,17328849,16887486,1403,512,2545839,449157,2994996,383,0,273823,563630,643936,118891,302187,328415,221375,17014,8636,67932,875204,231868,596945,0,430737,53307,344532,13246,1041966,276882,719318,0,490449,63890,387613,14878,2005
106410828,seton medical center - coastside,7/1/2004,1/31/2005,215,audited,excl. ind. audit,san mateo,04,0427,non-profit,general,comparable,small/rural,(650)992-4000,600 moss beach boulevard,moss beach,94038,bernadette smith,president,www.dochs.org,daughters of charity health system,tanya teig,moss adams llp,0,05-0613,,hsp00613f,121,121,121,1747,0,17600,3712,0,11,201,0,537,23808,32,0,27,6,0,2,1,0,4,72,5,0,0,0,116,0,33,0,0,0,23775,0,10,0,0,0,62,0,91.5,91.5,330.7,3.3,0,0,0,1012,2,45,361,0,158,2501,0,539,4618,2081,0,0,2549,0,0,0,0,0,0,0,0,16077142,9062190,0,7014952,197525,8584037,-1371560,444189,0,0,0,-927371,10699670,1711345,3666127,1479161,0,8975627,1544770,0,5612,303589,0,373173,12681932,648905,1590,44375,357506,0,117016,1853832,0,371986,3395210,1502723,0,6333591,0,0,0,0,508789,414418,0,171765,0,130904,0,0,0,0,623061,1590,2555507,1902276,0,122628,1648632,0,161258,0,0,444189,0,0,0,3129572,194013,1139733,0,0,0,0,2074125,259808,1489809,296977,4715815,1348198,238000,62515,899461,761021,204775,31461,37939,86559,198293,3629639,0,2757270,47560,0,0,6434469,15835574,17048,0,-9418153,6434469,915917,5864419,-3795225,5093593,2635353,9288026,6530756,0,0,0,0,0,20283,14129831,136,64,146772,22155,168927,31,0,15111,16806,6355,11984,60574,17799,12790,3587,911,855,79460,2644,13387,0,29609,4731,16941,0,92559,2792,16022,0,32994,5434,19126,0,2005
106370875,sharp chula vista medical center,10/1/2004,9/30/2005,365,audited,incl. ind. audit,san diego,14,1420,non-profit,general,comparable,,(619)482-5800,751 medical center court,chula vista,92010,chris boyd,ceo,www.sharp.com,san diego hospital association,jeff anderson,sharp healthcare corporation,0,05-0222,hsc30222f,zzt30222f,330,326,326,29732,11710,30863,3210,1428,733,13702,834,3924,96136,4086,1899,2313,949,248,60,3280,98,716,13649,230,0,0,0,100,0,64393,0,0,0,31743,0,12935,0,0,0,714,0,79.8,80.8,7,5,0,0,0,13774,5499,6220,7118,1262,1324,23659,238,6824,65918,42867,3711,0,23122,0,6,418695,301410,2909,3592,1859,929,802155397,660914618,33401393,174642172,887732,173807262,1722642,2724021,695735,0,0,3750928,207362269,41827652,552965476,244898582,83607074,110408364,25171258,10484337,3012942,107149426,7372954,18593551,610698488,57246971,23265905,19281173,13642592,3173709,2430336,60695703,507782,11212738,191456909,246938780,105538087,109149054,33931641,0,12344147,3130554,114121287,23466249,0,7880736,-7677,4421760,17077912,2078688,0,14244793,55031308,18234833,20453673,6959270,1321576,2226940,66725173,0,3689399,0,0,138062,1590405,0,0,42695264,9811796,65144196,0,0,0,88759,26938691,3676633,16027821,9424102,62791485,20603662,2563339,4788069,33033354,29156217,9358761,2986729,2285522,2911784,3328340,88465545,0,43969827,484442,3978838,1498000,138396652,16243230,0,64144666,58008756,138396652,283946,75719294,-54916048,58786845,54080435,116554282,72584455,0,0,65529484,66669629,2524963,62906469,0,1252,521,2204533,483273,2687806,449,0,85299,470659,770415,56759,257389,383547,14610,81666,28463,55726,968863,159023,670253,215,168211,63155,169712,5101,1164641,197316,835378,3756,197119,74381,210114,5101,2005
106370689,sharp coronado hospital & healthcare ctr,10/1/2004,9/30/2005,365,audited,incl. ind. audit,san diego,14,1420,non-profit,general,comparable,,(619)522-3600,250 prospect pl,coronado,92118,marcia k. hall,ceo,www.sharp.com/hospital/index.cfm?id=916,sharp healthcare corporation,mildred a. reyes,sharp healthcare corporation,0,05-0234,hsc30234f,zzt30234f,204,204,175,6114,2185,35024,136,341,125,4498,103,3126,51652,927,506,137,37,58,43,585,14,37,2344,46,0,0,0,158,0,8174,0,0,0,43478,0,2054,0,0,0,290,0,69.40000000000001,69.40000000000001,22,4,0,0,0,12641,1237,2904,1753,650,812,15332,39,7519,42887,10647,0,0,32332,0,4,114527,92831,900,1121,0,0,143128804,98377761,2731311,47482354,23982,48188075,-681739,2633654,2281307,0,0,-329392,42815583,7713643,92599578,27159600,15745652,40478556,749572,1077545,783249,16503225,546579,3107093,106151071,10390327,2673966,2327355,1224643,685400,620576,15445367,102988,3507111,36977733,29174145,15999148,23456983,1709039,-303345,1514179,929450,20217498,3479313,0,649567,-1261,1553045,1270515,67503,0,1393293,8339525,3675018,19611209,332590,250027,466305,12773402,0,2034278,0,0,625,0,0,0,17671425,2038223,11443917,0,0,0,0,8631597,1583028,5258674,1561211,22262540,4266609,392070,1729877,5971181,7848517,2032123,1184341,496485,67279,1937053,6285141,0,6229217,1486358,168017,2575765,16744498,10520150,0,1394842,4829506,16744498,46178,12145609,-7365938,10768384,9386911,21056627,14827410,0,0,0,1523060,128218,0,6619296,430,205,781404,147197,928601,34,0,43634,128700,158874,93132,175354,97512,9689,40196,26682,7631,458879,29178,147015,0,59723,30406,48569,7634,543774,35189,178009,0,69048,35554,57944,9083,2005
106370714,sharp grossmont hospital,10/1/2004,9/30/2005,365,audited,incl. ind. audit,san diego,14,1422,non-profit,general,comparable,,(619)740-6000,5555 grossmont center drive,la mesa,91942,michele tarbett,ceo,http://sharpnet/entities/hospitals/display.cfm?id=3749,san diego hospital association,donna wells,sharp healthcare corporation,0,05-0026,hsc30026g,zzt30026g,481,457,457,43075,20691,18515,4714,3112,887,23589,544,5326,120453,7035,3993,3601,1530,627,163,6515,101,1458,25023,375,46,0,30,30,0,93158,12366,0,6352,8577,0,22224,1306,0,521,972,0,68.59999999999999,72.2,4.8,4.7,0,0,0,99080,39347,32471,22427,8544,4044,111793,205,27568,345479,72743,48654,45673,135519,0,17,913389,425520,6805,6848,2466,1061,1372871360,1105903949,62823502,329790913,748716,328808040,1731589,7277953,4747855,0,0,4261687,338339654,117967531,916564175,329295807,168964536,140154707,36324291,25163261,9960910,218999115,4572227,35851701,969286555,105144979,49838226,34087447,24542595,11274441,3926129,146964650,584860,27221478,403584805,334278535,213393595,153946641,53027672,0,33073880,10274645,243324358,55646256,0,5487673,0,3450694,32830624,2949955,0,27042923,99723585,37802081,19978782,10761534,3363822,3547812,147766289,0,6847008,0,5067274,1571939,2735268,0,0,71048191,44960897,112091271,0,0,0,0,46536444,9938103,30959609,13273525,120445026,39772878,4579525,7589021,60394948,62048512,19034127,4552973,2194244,2537557,5659229,86213415,50602397,146140949,2202806,15173302,2930346,303263215,35542295,0,69076138,198644782,303263215,33640374,138137976,-103032217,191083594,91116780,293558194,147417245,0,0,56478888,72558163,3482025,0,5715160,2390,841,4244985,834479,5079464,540,0,146436,1016161,1383376,86218,279718,862160,51039,310579,107927,1371,1532111,703202,1160657,0,276448,221008,342618,8941,1842204,844319,1397531,0,319605,259157,406239,10409,2005
106370695,sharp mary birch hospital for women,10/1/2004,9/30/2005,365,audited,excl. ind. audit,san diego,14,1416,non-profit,general,comparable,,(858)541-3400,7901 frost street,san diego,92123,dan gross,ceo,www.sharp.com,sharp healthcare corporation,kathy graves,sharp memorial hospital,0,05-0722,hsc30722f,zzt30722f,166,166,166,204,129,13315,3484,41,89,31386,48,393,49089,76,46,2365,1014,14,22,6896,22,177,10632,166,0,0,0,0,0,49089,0,0,0,0,0,10632,0,0,0,0,0,81,81,4.6,4.6,40,15055,7297,250,209,1457,776,4,26,9703,134,1028,13587,0,0,0,11360,0,18,199541,136217,1346,1975,5512,2518,330956473,253369291,19250134,96837316,629999,73808100,23659215,0,1047718,0,0,22611497,153474829,591339,176890305,2042426,1472775,83566162,19571791,309419,460018,192637193,375478,2985030,303420292,482405,398836,3081337,1629233,7611,56309,19540159,261645,2078646,27536181,2275852,1856013,71635183,18251304,0,277211,255969,154439415,2890929,0,637124,0,850291,421768,1441064,0,17387302,248979,437366,15012316,4390784,39819,260358,75125239,0,1322455,0,108136,0,0,0,0,27168113,119156,26974079,0,0,0,0,8467696,1990440,5071002,4017614,34015811,12037706,2103481,836729,6665847,11978823,2012494,265472,302976,2507122,1081639,74836411,0,39907044,0,930524,154284,115828263,8301285,0,6615076,100911902,115828263,0,36770376,-21004323,44985115,21598215,71679620,31772576,0,0,8163910,8163910,1548834,56972232,0,584,340,1083547,137822,1221369,331,0,23572,164393,669520,6111,31847,170168,0,10955,6981,0,575316,2598,379347,0,44909,26449,49485,5443,649778,2838,430898,0,48705,29239,54059,5852,2005
106370694,sharp memorial hospital,10/1/2004,9/30/2005,365,audited,excl. ind. audit,san diego,14,1416,non-profit,general,comparable,,(858)541-3400,7901 frost street,san diego,92123,dan gross,ceo,www.sharp.com,san diego hospital association,kathy graves,sharp metropolitan medical campus,2,05-0100,hsc30100f,zzt30100f,566,566,541,44707,22604,19720,2128,1750,1895,49322,1450,4426,148002,5816,4021,1992,431,303,329,9244,249,760,23145,301,134,15,40,76,0,77102,37288,4283,6984,22345,0,16514,4558,745,349,979,0,71.59999999999999,71.59999999999999,6.4,5.7,0,0,0,135528,89005,23008,10749,6173,4599,188487,1209,28019,486777,45938,19924,80236,331513,0,12,805866,464665,6535,11914,0,0,1433835828,1112821355,90388462,411402935,7497209,394351931,24548213,5462776,5015321,0,0,24995668,327522465,89442072,1016871291,302661379,165460940,104515714,13050769,14103333,15552558,338263043,6991904,21328268,981927908,113844634,68766278,21074338,10279827,6079706,4611855,200241472,1133398,25876412,451907920,314980070,229543567,113746829,20744474,0,18009248,13183956,355974116,17085023,0,8125301,0,21428771,38527286,1093060,0,50768116,101525943,43210937,11843223,3679182,2173791,6980457,233298515,1,8690886,0,0,0,0,0,0,70870391,29863092,150658422,0,0,2007565,0,57709910,15121721,44667345,23453485,143742749,49054579,5536730,4177408,71654867,74086281,16563544,6415536,3107254,7986154,12026829,309793147,0,111833895,44344331,64862681,8911141,539745195,41431986,0,267146800,231166409,539745195,816641,160898416,-108688533,150734143,142018906,308083909,196250014,0,0,275151148,275151148,8004348,246826500,0,2759,925,5165392,630498,5795890,1130,0,214880,1588808,1543054,110817,270611,1010004,118369,252574,53902,2373,1643369,599578,1671252,30822,467672,191276,557604,3819,1842098,676777,1886513,34507,517111,212128,622550,4206,2005
106374049,sharp vista pacifica,10/1/2004,9/30/2005,365,audited,excl. ind. audit,san diego,14,1416,non-profit,specialty,comparable,,(619)576-1200,7989 linda vista rd,san diego,92111-5106,dan gross,ceo,www.sharp.com,sharp healthcare corporation,kathy graves,sharp metropolitan medical campus,0,,,,16,12,12,0,27,0,0,0,0,2645,0,1136,3808,0,3,0,0,0,0,180,0,73,256,0,0,16,0,0,0,0,0,3808,0,0,0,0,0,256,0,0,0,65.2,86.90000000000001,14.9,14.9,0,0,0,0,0,0,0,0,6,3663,0,490,4159,0,0,0,603,0,0,0,0,0,0,0,0,4519961,2549758,298,1970501,273,1943351,27423,0,24351,0,0,3072,2318287,1487345,714329,0,17327,0,0,0,0,2096504,0,776134,2889965,0,0,0,0,0,3570,1427557,0,198869,1629996,0,17327,0,0,0,0,1887,1746433,134442,0,0,0,649669,298,0,0,0,0,298,0,0,0,1683,1777628,0,190892,0,82079,0,0,0,0,981950,259192,76034,0,0,0,0,191841,91092,261194,82048,929633,306140,56258,18133,110916,351994,36797,77210,16966,3079,36225,1011454,0,612550,0,10621,2109,1636734,113639,0,0,1523095,1636734,0,502183,-296507,475048,93758,939850,327300,0,0,23783,23783,23783,783517,0,18,4,35166,3622,38788,34,0,3502,16669,7801,149,18,4839,1775,0,413,0,23293,8072,0,0,1775,0,2026,0,25913,8490,0,0,2099,0,2286,0,2005
106450940,shasta regional medical center,10/1/2004,9/30/2005,365,audited,incl. ind. audit,shasta,01,0209,investor,general,comparable,,(530)244-5400,1100 butte street,redding,96001,thomas salerno,ceo,www.shastaregional.com,hospital partners of america,jennifer floyd,clark koortbojian & associates inc.,3,05-0733,,hsp30312j,246,185,185,24081,139,4670,4,1883,449,5150,164,451,36991,4133,18,918,1,320,110,1345,31,132,7008,246,0,0,0,0,0,36991,0,0,0,0,0,7008,0,0,0,0,0,41.2,54.8,5.3,5.3,0,0,0,14749,46,10214,13,2278,1314,10798,55,4494,43961,27778,0,0,15235,0,12,430320,290760,3038,3931,0,0,913162267,814776725,0,98385542,471784,126676399,-27819073,63075,29428,0,0,-27785426,108722462,28253464,776186341,431449235,2726219,78636389,43601,33098598,9788632,121515033,3585828,8206312,689049847,90068941,263480,38352493,18604,10160389,6609763,66779174,245200,11614376,224112420,473095822,2863016,108023708,42810,0,40018320,13724146,157783844,10292076,0,2711511,0,6221472,0,0,0,0,48418682,126683,8965174,19395,3240667,2674249,30510363,1119517,3310812,0,0,0,57945,0,0,23522942,9909550,49155953,0,0,0,0,14556609,4402913,14712571,10415861,40202745,19616942,2637510,3898411,26780083,16738242,3690593,1418107,1719821,5519603,4454342,24600665,0,56620196,179962,189599,1184326,82774748,50674103,348742,47159880,-15407977,82774748,441357,80704363,-66020022,31170849,21932028,60258535,3638339,51388205,0,0,51388205,4228325,0,14077911,619,269,1179263,152432,1331695,305,0,98074,267111,436405,25046,97833,173267,0,36837,42664,2026,404411,93559,379080,0,116689,82718,102806,0,457514,103976,433745,0,131109,91372,113979,0,2005
106190708,sherman oaks hospital & health center,2/1/2004,1/31/2005,366,audited,incl. ind. audit,los angeles,11,0905,non-profit,general,comparable,,(818)981-7111,4929 van nuys blvd,sherman oaks,91403-1702,david levinsohn,ceo,http://shermanoakshospital.com,sherman oaks health system,gina rondolo,sherman oaks hospital & health care,0,05-0114,hsc30114h,,153,153,153,19584,945,1720,288,0,2551,2198,0,1221,28507,3515,190,305,50,0,435,402,0,223,5120,112,19,0,0,22,0,19975,4051,0,0,4481,0,4024,445,0,0,651,0,50.9,50.9,5.6,5.4,0,0,0,22222,708,1715,1252,0,6779,7723,0,3701,44100,22457,6043,0,10783,0,9,265758,330742,1577,2839,0,0,258810699,194743557,1291,64068433,887193,70368237,-5412611,338449,0,0,0,-5074162,57015027,20491712,181303960,97173973,8114690,14046818,2443226,0,28817948,20597205,0,8992908,180186768,34618109,988147,2239114,1691365,0,17161340,18405174,0,3520682,78623931,99045073,6841010,12400347,3148138,0,0,42056151,19006887,8294130,0,2048966,0,1902855,0,1291,0,0,32498577,2254780,2907155,984543,0,3887542,19965298,0,1570538,0,0,28049,278265,0,0,15919324,4294531,27286066,0,0,0,228832,7978393,2841166,7137224,4682701,22679002,8485420,884996,5491898,15618630,7136033,2060395,1760858,768523,2582880,2899602,32044996,0,27304822,541794,1040827,0,60932439,11920554,0,44134925,4876960,60932439,1372984,26335063,-16128050,22535974,20767715,54114406,26809584,38765159,5544291,0,44309450,174525,16646899,155647,441,137,908604,95130,1003734,75,2,74448,218761,173676,35828,75257,161916,81087,3883,72844,10904,314876,58167,225840,3883,163305,61872,80661,0,342459,63217,247294,4043,181217,70404,95100,0,2005
106190708,sherman oaks hospital & health center,2/1/2005,12/31/2005,334,audited,excl. ind. audit,los angeles,11,0905,non-profit,general,comparable,,(818)981-7111,4929 van nuys blvd,sherman oaks,91403-1702,david levinsohn,ceo,http://shermanoakshospital.com,sherman oaks hospital,gina rondolo,,0,05-0114,hsc30114h,,153,153,153,16404,933,1897,332,0,2446,1696,0,1005,24713,3099,190,351,62,0,415,329,0,191,4637,112,19,0,0,22,0,18286,3459,0,0,2968,0,3763,450,0,0,424,0,48.4,48.4,5.3,5.2,0,0,0,17175,807,1285,1378,0,3993,4422,0,3672,32732,21210,5755,0,0,0,9,228395,303060,1357,2564,0,0,272838095,204279234,13571,68572432,1288287,68860981,999738,-62300,-19655998,0,0,20593436,56898218,24138581,191801296,97336861,9373848,15039549,3233793,0,31384591,18486271,0,9092836,183947749,41622444,1410927,2294063,2313873,0,16852036,19269321,0,5127682,88890346,108396071,8412671,16118660,5158817,0,0,35641613,13659418,11304013,0,1761355,0,3826616,0,13571,0,0,30051845,2345786,352906,388882,0,8650685,24004039,0,2778289,0,0,41149,17373,0,0,15103425,3956839,25615231,0,0,0,259837,7469953,3279532,8079722,5096442,22632279,7247928,702295,6426976,14327065,6715736,1768685,1972398,508110,2364545,4194964,31445011,0,0,0,498764,0,31943775,6473379,0,0,25470396,31943775,1934927,15361483,-10969409,0,0,0,0,0,0,0,0,0,18000296,130837,898,518,1708549,90538,1799087,75,1,182217,198922,890463,30730,63985,176492,73046,2898,78077,11719,1010105,53821,355531,2816,145825,60880,79571,0,1034024,58591,379995,3056,164618,69657,89146,0,2005
106190712,shriners hospital - los angeles,1/1/2005,12/31/2005,365,audited,incl. ind. audit,los angeles,11,0925,non-profit,childrens,other non-comparable,,(213)368-3355,3160 geneva street,los angeles,90020,terence cunningham,administrator,http://shrinershq.org,shriners hospitals for children,victoria vu,shriners hospital - los angeles,0,,,,60,60,60,0,0,0,0,0,0,0,0,5855,5855,0,0,0,0,0,0,0,0,1516,1516,60,0,0,0,0,0,5855,0,0,0,0,0,1516,0,0,0,0,0,26.7,26.7,3.9,3.9,0,0,0,0,0,0,0,0,0,0,0,16499,16499,0,16499,0,0,0,2,153874,0,5855,0,0,0,0,0,0,0,263914,23373803,-23109889,0,0,0,0,-23109889,0,0,0,0,0,0,0,0,0,0,0,0,0,0,0,0,0,0,0,0,0,0,0,0,0,0,0,0,0,0,0,0,0,0,0,0,0,0,0,0,0,0,0,0,0,0,0,0,0,0,22116179,0,0,0,0,0,0,0,0,0,0,0,0,0,0,0,0,0,0,0,0,0,0,0,0,0,0,210761,0,22191193,0,0,0,22401954,841190,0,0,21560764,22401954,90785,15734,0,37440406,8226396,46586073,24394880,0,0,0,0,0,0,0,0,0,0,0,0,32,7,0,0,0,0,0,0,0,0,0,0,0,0,0,0,0,0,0,0,0,0,0,0,0,0,0,0,2005
106344114,shriners hospital - northern calif,1/1/2005,12/31/2005,365,audited,incl. ind. audit,sacramento,02,0311,non-profit,childrens,other non-comparable,,(916)453-2000,2425 stockton blvd,sacramento,95817,margaret bryan,administrator,http://shrinershq.org,shriners hospitals for children,donna schmitt,shriners hospitals for children no calif,0,,,,80,60,40,0,0,0,0,0,0,0,0,10975,10975,0,0,0,0,0,0,0,0,2161,2161,60,0,0,20,0,0,8689,0,0,2286,0,0,2096,0,0,65,0,0,37.6,50.1,5.1,5.1,0,0,0,0,0,0,0,0,0,0,0,19049,19049,0,18227,0,0,0,5,154423,29081,1068,822,0,0,0,0,0,0,43303188,44494823,-1191635,0,0,0,0,-1191635,0,0,0,0,0,0,0,0,0,0,0,0,0,0,0,0,0,0,0,0,0,0,0,0,0,0,0,0,0,0,0,0,0,0,0,0,0,0,0,0,0,0,0,0,0,0,0,0,0,0,0,0,0,0,0,0,0,0,0,0,0,0,0,0,0,0,0,0,0,0,0,0,0,0,0,0,0,479074,0,102248422,0,0,0,102727496,2316445,106693,0,100304358,102727496,0,16023,0,111648977,17082804,135645936,33397514,0,0,0,0,0,0,0,0,0,0,0,0,19,13,0,0,0,0,0,0,0,0,0,0,0,0,0,0,0,0,0,0,0,0,0,0,0,0,0,0,2005
106100797,sierra kings district hospital,7/1/2004,6/30/2005,365,audited,excl. ind. audit,fresno,09,0607,district,general,comparable,small/rural,(559)638-8155,372 west cypress avenue,reedley,93654-2113,mel patershnick,administrator,www.skdh.org,sierra kings health care district,jennifer hatch,hfs consultants,0,05-0192,hsc00192f,zzr00192f,44,34,34,1822,19,1548,977,0,363,352,3,166,5250,519,6,931,593,0,189,186,0,82,2506,35,0,0,0,9,0,5250,0,0,0,0,0,2506,0,0,0,0,0,32.7,42.3,2.1,2.1,8,2123,1534,19501,440,21134,44540,0,8330,6595,48,7670,108258,16357,47901,0,44101,0,3,23895,28711,91,506,1027,508,51876315,28931616,0,22944699,155875,22307610,792964,920277,204546,0,0,1508695,4575002,16672311,30629002,4470451,37628,5799761,3681625,0,1266484,1313033,14735,522969,17106686,7653930,181410,9037485,11563805,0,1926046,1653407,29831,2723715,34769629,7040681,98836,7226660,8952391,-2863781,0,2855140,2665496,0,0,161340,-20343,2815196,0,0,0,0,5083700,120202,10367149,6283483,0,337390,300944,20343,431488,1474657,0,55435,119098,428187,0,2327917,6629554,6858116,0,0,0,0,2528661,1086245,1904469,972648,8740363,2824116,3599262,1228393,1865687,1361912,648520,254302,175464,415975,1193616,4901907,6167158,8339201,1124923,6067074,0,26600263,8785841,0,13097392,4717030,26600263,774341,9046511,-5843114,8878889,8778815,19288351,10949150,0,0,13097392,13097392,0,0,10000,215,75,416966,39794,456760,16,0,56767,40145,64112,24123,67565,126332,15928,12524,7617,1853,64176,102862,98565,0,58641,53054,39668,0,69719,112865,106222,0,64639,59154,44161,0,2005
106291023,sierra nevada memorial hospital,7/1/2004,6/30/2005,365,audited,excl. ind. audit,nevada,02,0301,non-profit,general,comparable,small/rural,(916)851-2183,155 glasson way,grass valley,95945,c. thomas collier,ceo,www.snmh.org,sierra nevada memorial hospital,sandra lee,toyon associates  inc.,0,05-0150,,zzr00150f,121,121,121,17364,0,1493,0,688,5242,0,0,291,25078,3831,0,609,0,205,2079,0,0,130,6854,104,0,0,0,17,0,19868,0,0,0,5210,0,6385,0,0,0,469,0,56.8,56.8,3.7,3.1,10,1048,468,76138,0,26102,0,4919,68151,0,0,10225,185535,35107,10929,0,133167,0,8,197788,230721,1741,4278,342,135,247214008,163502920,1005359,84716447,1010821,82351801,3375467,5493438,145880,0,0,8723025,25581134,21820554,199812320,79428740,0,7959011,0,3467229,34051086,0,0,1661937,126568003,56687445,0,9591327,0,2471364,48353005,0,0,3542864,120646005,98000180,0,12635236,0,0,4704230,39706051,0,3182037,0,935561,0,4339625,0,0,0,1005359,37587148,0,4460608,0,1066871,40389019,1005359,0,207442,0,0,0,5205705,0,0,13111753,7499275,27928572,0,106990,0,0,11892489,2269134,12992425,6551163,32860595,18585878,1600792,1546842,10448221,7519053,4202719,767290,1320565,1078285,2421561,24249129,80115775,27104453,2643574,914909,0,135027840,8686601,0,18477891,107863348,135027840,14127474,29441474,-20860913,40384216,33007808,78100683,50996230,0,0,19345155,19345155,867264,321432,469386,702,219,1303899,180895,1484794,106,0,78665,415385,321716,42098,92352,178834,108458,40878,9333,16180,316733,168166,408326,0,223033,74685,112956,0,360011,189858,465944,0,251077,84414,133490,0,2005
106540798,sierra view district hospital,7/1/2004,6/30/2005,365,audited,incl. ind. audit,tulare,09,0613,district,general,comparable,,(559)784-1110,465 w. putnam,porterville,93257-3320,kelly morgan,ceo,www.sierra-view.com,sierra view district hospital,rodney a. phillips,rodney a. phillips  cpa,0,05-0261,,zzt30261f,163,163,163,16566,0,15259,3884,876,1151,3400,0,1090,42226,2962,0,1636,1346,120,195,1224,0,603,8086,128,0,0,0,35,0,31355,0,0,0,10871,0,8054,0,0,0,32,0,71,71,5.2,3.9,10,3792,2108,51197,0,18238,26951,2096,7041,38849,0,10224,154596,47127,0,0,117228,0,4,153565,160670,2078,2738,1521,589,350660476,255218234,0,95442242,871787,86174826,10139203,6483739,97747,0,0,16525195,47048032,25838913,277773531,92057526,0,53838329,20337960,4038837,5609720,22691801,0,6339972,204914145,51714292,0,16638514,23276004,1847202,6414461,37700688,0,8155170,145746331,111455510,0,56578354,32889359,0,3825925,8127566,28108347,13651142,0,245016,0,337015,0,0,0,0,32316308,0,13898489,10724605,2060114,3035785,28030057,0,5376884,0,0,0,2770825,707739,0,16447831,7233497,31673544,0,0,0,0,11974779,3554142,9506838,5784195,31043260,13002418,3499149,5260210,15164802,5303844,4689652,1559364,926600,1963762,3761765,46945202,58245170,42231700,5422793,2846798,0,155691663,21744752,0,36259197,97687714,155691663,30932444,90768516,-79442311,36641720,61646716,103278626,61046926,0,0,37505000,37602494,1343297,0,0,774,253,1451942,227106,1679048,59,0,127624,233486,232629,138784,154863,343974,142837,7715,59048,10982,428516,136754,363298,0,259754,125266,138354,0,466319,150157,465215,0,302790,140462,154105,0,2005
106342392,sierra vista hospital,1/1/2005,12/31/2005,365,audited,excl. ind. audit,sacramento,02,0311,investor,psychiatric,comparable,,(702)631-2000,8001 bruceville road,sacramento,95823-2329,nancy purtell,ceo,,psychiatric solutions  inc.,lilian l. gong,gong nashed pascoe inc.,0,05-4087,hsc34087g,,72,72,72,8536,874,2233,0,1993,210,9355,0,177,23378,876,102,129,0,258,21,1420,0,27,2833,0,72,0,0,0,0,0,23378,0,0,0,0,0,2833,0,0,0,0,89,89,8.300000000000001,8.300000000000001,0,0,0,1590,101,50,0,308,56,4010,0,24,6139,0,0,0,0,0,0,0,0,0,0,0,0,37978017,21416415,0,16561602,25241,13967061,2619782,31031,16811,0,0,2634002,33898999,2677551,1401467,13146558,1333708,3235479,0,2995551,321077,13993357,0,257569,35283299,784568,57634,47131,0,129495,48478,1602229,0,25183,2694718,8321842,742828,1361886,0,0,1619670,151861,8299533,476766,0,84218,0,357811,0,0,0,0,5302006,617870,1849349,0,1439597,209405,6950853,0,192522,0,0,0,0,0,0,4956119,668150,760156,0,0,0,0,2031938,1116017,3909406,525275,7289765,1275709,944734,595992,1005000,1680202,180106,29247,261015,114363,590928,3218436,0,8176907,0,-1504662,0,9890681,8685993,0,0,1204688,9890681,0,3857173,-809405,4998729,300315,8279044,102137,0,0,0,0,0,0,7201569,200,35,391770,37045,428815,16,0,38701,228534,55524,17825,0,17144,14249,6289,9396,4108,193150,18218,1811,0,83284,44465,50394,448,208889,20160,1882,0,90367,48493,58571,453,2005
106400524,sierra vista regional medical center,1/1/2005,12/31/2005,365,audited,excl. ind. audit,san luis obispo,08,0801,investor,general,comparable,,(808)546-7600,1010 murray street,san luis obispo,93405,candace markwith,ceo,www.sierravistaregional.com,tenet healthcare corporation,remedios h. maglaya,tenet healthcare corporation,0,05-0506,hsc30506f,zzt40506f,200,160,137,9733,468,5213,1249,457,1074,12713,243,195,31345,1931,98,1112,67,110,180,2874,52,75,6499,200,0,0,0,0,0,31345,0,0,0,0,0,6499,0,0,0,0,0,42.9,53.7,4.8,4.8,8,2310,1114,33694,209,7633,502,361,1990,51561,148,3030,99128,22009,769,0,76422,0,9,342120,172320,2566,2025,849,434,631677655,519429420,0,112248235,1057509,104962430,8343314,169519,0,0,0,8512833,158728250,17396510,455552895,174945827,8825136,61351448,17085150,7664861,13867794,189718104,3667380,3403166,480528866,46882406,744208,12011094,1322650,1863548,3443221,73854288,449583,10577791,151148789,196752965,8513961,67685896,17269628,0,8908978,9746050,194187605,3729139,0,4083494,-64767,8616471,0,0,0,0,25075268,1055383,5490591,1137915,619431,7348426,66475674,284548,4760999,0,0,0,0,0,0,21545444,7238847,42399082,0,0,0,0,11430017,7831131,9817000,4700909,34574103,15135007,2773025,5344696,21341035,16202985,3618776,846861,2093311,0,3032631,161445871,0,59090919,51215,450640,2799390,223838035,12592898,0,0,211245137,223838035,0,63140645,-38879583,50475981,29167187,88336964,29246045,0,0,0,0,0,133648767,0,589,219,1104408,196577,1300985,352,0,85180,252486,387985,2584,64470,194510,16739,25554,73215,1685,398711,85866,343149,0,96892,83111,96679,0,468832,104533,413312,0,112361,93815,108132,0,2005
106560525,simi valley hosp & hlth svcs - sycamore,1/1/2005,12/31/2005,365,audited,incl. ind. audit,ventura,10,0813,non-profit,general,comparable,,(805)955-6000,2975 north sycamore drive,simi valley,93065-1201,gary irish,ceo,www.simivalleyhospital.com,adventist health systems,lindy sauls,clark koortbojian & associates inc.,0,05-0236,hsc30236f,zzt30236f,195,185,185,14221,854,3924,0,0,222,13655,524,800,34200,2373,143,655,0,0,36,2278,29,191,5705,96,32,0,13,54,0,21394,2510,0,2417,7879,0,4672,363,0,190,480,0,48.1,50.6,6,5,10,1256,617,15526,768,5273,0,0,467,19905,421,2505,44865,27539,0,11292,7200,0,6,141421,188593,1143,2501,436,192,310433204,231994548,0,78438656,761030,80367023,-1167337,614924,128543,0,0,-680956,72754830,28269229,209409145,102001189,4470924,25383761,0,0,1800577,64402766,229633,8522751,206811601,17269661,2160843,12264985,0,0,1890682,62065951,350811,7618670,103621603,95962183,5305906,34997241,0,0,0,2338716,80358166,7351957,0,3389741,0,2290638,0,0,0,0,19799782,1165298,1750947,0,0,1177831,43598748,1,10946049,0,0,0,0,0,0,15365548,5320405,26337384,0,0,0,0,12148708,4031734,10956234,6207010,31958806,11829074,860760,3751429,10423297,10992126,2835359,1798908,1029551,1462408,3425305,14480545,1845787,22397118,21602135,33715692,885139,94926416,32155251,2105745,80173750,-19508330,94926416,0,45344396,-33443055,40224426,27034804,75920198,53523080,0,0,0,82411778,2238028,33422961,84077224,728,293,1427488,125047,1552535,128,0,84887,248712,446146,49647,114395,332326,72013,42018,34067,3277,477482,119551,372318,0,163024,129904,165209,0,507818,129677,410737,0,177098,142625,184580,0,2005
106491267,sonoma developmental center,7/1/2004,6/30/2005,365,audited,incl. ind. audit,sonoma,03,0403,state,specialty,state,,(707)938-6000,p.o. box 1400,eldridge,95431,james e. rogers,executive director,,dept of developmental services,gale nagato,dept of developmental services,0,05-0547,,,1413,1413,762,936,0,279710,0,0,5,0,0,2731,283382,0,0,37,0,0,0,0,0,0,37,13,0,0,0,1400,0,1509,0,0,0,281873,0,0,0,0,0,37,0,54.9,54.9,7659,0,0,0,0,0,0,0,0,0,0,0,0,0,0,0,0,0,0,0,0,0,0,0,0,0,0,166163632,11404729,0,154758903,0,166163632,-11404729,11404729,0,0,0,0,157208273,0,8955359,0,0,0,0,0,0,0,0,0,0,0,0,0,0,0,0,0,0,0,0,64199,0,92439,0,0,0,0,0,0,0,0,0,11248091,0,0,0,0,0,0,0,0,0,0,0,0,0,0,0,0,0,0,0,0,0,0,0,0,0,0,0,0,0,0,0,0,0,0,0,0,0,0,0,0,0,0,0,0,0,0,0,0,0,0,0,0,0,0,0,0,0,0,0,0,0,0,0,0,0,0,0,0,0,0,0,0,34,0,0,0,0,0,0,0,0,0,0,0,0,0,0,0,0,0,0,0,0,0,0,0,0,0,0,0,2005
106491076,sonoma valley hospital,7/1/2004,6/30/2005,365,audited,incl. ind. audit,sonoma,03,0403,district,general,comparable,,(707)935-5000,347 andrieux st.,sonoma,95476-6811,robert p. kowal,president/ceo,www.svh.com,sonoma valley healthcare district,kathleen roualdes,sonoma valley health care district,0,05-0900,,,83,83,48,9120,0,1290,0,236,1476,103,0,92,12317,1234,0,317,0,25,463,31,0,18,2088,56,0,0,0,27,0,6696,0,0,0,5621,0,1678,0,0,0,410,0,40.7,40.7,5.9,4,4,482,236,31417,0,5815,0,503,31978,1985,0,3705,75403,9301,0,9776,56035,68,3,79039,122072,700,1331,179,61,111227219,79077742,1181267,33330744,101990,34923134,-1490400,2840759,394667,0,0,955692,23787165,9542521,77897533,36123976,0,5891636,0,1608646,10249961,622778,0,450994,54947991,20872140,0,4021537,0,608315,27085757,1495256,0,2196223,56279228,42433731,0,8087988,0,0,1879662,22159901,2118034,1491771,0,418191,0,488464,0,0,0,1181267,13833261,0,1695837,0,310256,14611367,1181267,0,1698756,0,0,591395,195151,2000803,0,5552678,3363766,12589841,421719,229740,0,0,6209356,1789927,3896872,869235,15858929,4729766,791391,2561290,4591507,3064308,1325947,283668,117914,317797,1280617,11291162,4596030,4876979,658913,1397403,0,22820487,9963705,0,6330000,6526782,22820487,2407335,16815637,-11704131,19267360,10737510,30966761,26089782,0,109874,6935000,7044874,714874,0,0,280,85,557978,69688,627666,46,0,42478,117969,100628,9945,66563,109482,50072,15803,42573,2465,125182,59956,166836,0,110866,40417,54721,0,136532,67748,187444,0,127130,46188,62624,0,2005
106551034,sonora regional medical center,1/1/2005,12/31/2005,365,audited,incl. ind. audit,tuolumne,06,0513,non-profit,general,comparable,small/rural,(209)536-5000,1 south forest road,sonora,95370,lary davis,president/ceo,,adventist health systems,poline king,sonora regional medical center,0,05-0335,hsc00335f,zzr00335f,152,152,147,13104,0,24442,0,160,3294,0,136,551,41687,2256,0,385,0,42,1075,0,40,157,3955,84,0,0,0,68,0,17485,0,0,0,24202,0,3887,0,0,0,68,0,75.09999999999999,75.09999999999999,10.5,4.5,6,1035,506,98043,0,13641,0,1855,105942,0,267,7558,227306,21781,115911,16952,71995,0,4,156120,167003,1319,2378,331,174,340227918,243309849,0,96918069,706262,99091573,-1467242,3917928,2881929,0,0,-431243,45390946,27309722,267527250,86708658,0,15771155,0,1050916,39427862,0,664497,3487098,147110186,90388235,0,10391907,0,2855698,84499900,0,145760,4836232,193117732,142903599,0,18251924,0,0,3396424,67735947,0,3565615,0,810257,0,6646083,0,0,0,0,33984377,0,7911138,0,510190,47875781,0,0,6636583,0,0,0,701592,0,0,13758901,18926650,31554169,0,102408,0,0,12510135,4618111,11624892,5996307,31985741,17586475,8540159,3803626,15933492,8466342,4363413,1662930,702907,2169659,3876829,18532749,8202198,60245979,218272,883000,554098,88636296,12816223,0,57376714,18443359,88636296,834521,44999307,-30209845,58037946,33646991,101812900,41566921,7123250,0,49264956,58750518,1373804,1031880,223506,663,168,1274656,150711,1425367,82,0,106642,226898,227431,22743,99654,328824,70626,146447,28860,16531,275851,235509,294496,0,200754,123070,138059,6917,311542,263863,333435,0,218963,137326,152509,7729,2005
106301337,south coast medical center,1/1/2005,12/31/2005,365,audited,incl. ind. audit,orange,13,1017,non-profit,general,comparable,,(949)499-1311,31872 coast highway,south laguna,92677-3290,bruce christian,president/ceo,http://southcoastmedcenter.com,adventist health systems,linda aranas,south coast medical center,0,05-0193,,zzt30193f,189,189,189,6330,2328,1883,5222,59,1665,11533,124,311,29455,1361,587,153,123,108,40,2595,0,330,5297,114,36,10,0,29,0,11145,6525,2495,0,9290,0,3774,965,545,0,13,0,42.7,42.7,5.6,3.8,19,1721,787,7941,4076,89,452,276,806,14069,276,1892,29877,11602,4243,6028,0,0,5,98502,119569,679,1519,521,251,244633309,185886570,0,58746739,1558917,65371370,-5065714,149731,444569,0,0,-5360552,52241789,31525603,160865917,41764758,21575,6230868,14895729,1316840,882603,75096568,574956,5429564,146213461,30953381,368431,585256,973839,757839,2439760,58299134,74545,3967663,98419848,57623788,214308,5207084,12610728,0,2064414,2489005,94691465,5636608,0,2198091,0,3151079,0,0,0,0,15012947,175605,1593807,3243951,-7099,597958,37245682,3086,880802,0,-1428630,0,0,0,0,12136055,4062635,20830943,0,0,0,0,10965528,3921940,9720982,3733287,29277914,7091757,641036,2995248,9740366,6805497,3276399,1166331,670800,1153134,2552888,12639969,1045487,16326873,1287037,245708,0,31545074,22584880,0,16831610,-7871416,31545074,130942,37500417,-28285647,36206296,36864845,76933078,60606205,14370000,0,0,18051610,1220000,0,0,513,165,960890,133896,1094786,140,0,93112,258927,213536,55797,74736,171171,65031,0,21287,7293,292598,87813,265367,0,147035,89824,71686,6567,319311,96519,326992,0,163356,99302,82479,6827,2005
106141338,southern inyo hospital,7/1/2004,6/30/2005,365,audited,incl. ind. audit,inyo,12,1201,district,general,comparable,small/rural,(760)876-5501,501 east locust st,lone pine,93545,lee barron,administrator,www.sihd.org,southern inyo healthcare district,jennifer floyd,clark koortbojian & associates inc.,0,05-0388,,zzt30388f,37,37,37,716,0,10516,0,4,133,0,0,484,11853,63,0,35,0,4,12,0,0,11,125,4,0,0,0,33,0,261,0,0,0,11592,0,58,0,0,0,67,0,87.8,87.8,94.8,4.5,0,0,0,2825,0,1571,0,308,3368,0,80,690,8842,1289,6271,0,1294,0,0,0,0,0,0,0,0,7828264,3461072,0,4367192,177455,5023400,-478753,381892,0,0,0,-96861,3276508,1325862,3225894,542358,0,3190817,0,16366,63536,0,0,192392,4005469,1452726,0,667744,0,108356,968968,0,69647,555354,3822795,813372,0,1809332,0,0,0,102517,0,323816,0,237421,0,174614,0,0,0,0,1163382,0,1888126,0,124722,929987,0,0,260975,0,0,25510,2570,292473,0,1254096,1031744,803608,0,0,0,0,856397,496164,430141,151250,2259941,910676,603032,212072,384908,139693,148986,38739,44142,1169,280042,1060842,0,446286,0,0,0,1507128,725480,0,529,781119,1507128,243697,1534009,-936336,2845152,1356261,4254617,3808331,0,40249,0,40249,39720,0,0,72,27,137351,14271,151622,10,0,20960,10114,7950,11845,37140,26020,18212,2827,583,1700,53150,11016,14790,0,32299,16560,9536,0,58473,11745,15924,0,35124,18526,11830,0,2005
106334068,southwest healthcare system-murrieta,1/1/2005,12/31/2005,365,audited,incl. ind. audit,riverside,12,1109,investor,general,comparable,,(951)696-6000,25500 medical center drive,murrieta,92362,d. scott crane,ceo,www.ivrmc-rsmc.com,universal health systems inc.,jeffrey n. brown,hospital management services,3,05-0701,hsc30701f,,176,176,154,17889,8088,4888,2308,400,386,18022,1125,2683,55789,4019,2490,1378,853,84,137,7289,344,573,17167,176,0,0,0,0,0,55789,0,0,0,0,0,17167,0,0,0,0,0,86.8,86.8,3.2,3.2,15,6361,3618,16655,4278,4802,8362,231,2237,44174,495,17582,98816,70934,0,0,34627,0,9,1069140,680820,4616,3481,2702,907,565206370,402233779,0,162972591,708698,147604105,16077184,247562,36817,0,0,16287929,74058515,80380677,410767178,123474793,62827793,26360411,13021173,2519788,3488961,123664311,6387327,20415721,382160278,32472564,15085639,7355989,11671946,639368,4217172,92055531,1688277,17859606,183046092,115984260,55354086,31606294,21333045,0,3159156,5477690,129565125,24321192,0,8075604,0,7357327,0,0,0,0,39549448,22559346,2104361,3360074,0,2228443,67396223,0,25774696,0,0,0,198812,0,0,28922473,10166163,55619144,0,0,0,0,13589177,6495663,16639765,16171720,50442761,22167149,1127200,4274923,30735916,14631726,4598951,2398168,4064568,8706355,4456388,35797305,0,28446844,10343698,77825271,5027761,157440879,16012420,0,0,141428459,157440879,299616,55555910,-23632052,18860607,21626527,45363194,16916350,0,0,0,0,0,77825271,0,995,393,1928176,200868,2129044,306,0,250740,374233,625638,23440,168696,312283,112710,0,58091,2345,594343,181776,544838,0,216480,197809,192930,0,652937,199941,606467,0,239544,218048,212107,0,2005
106100899,st. agnes medical center,7/1/2004,6/30/2005,365,audited,incl. ind. audit,fresno,09,0605,non-profit,general,comparable,,(559)450-3000,1303 e. herndon,fresno,93720-3309,mathew abraham,president/ceo,http://samc.com,trinity health,craig warkentin,st. agnes medical center,0,05-0093,hsc00093f,hsp00093f,436,340,340,61586,0,7972,4929,0,1109,23374,660,729,100359,11442,0,1879,1580,0,327,7099,223,241,22791,436,0,0,0,0,0,100359,0,0,0,0,0,22791,0,0,0,0,0,63.1,80.90000000000001,4.4,4.4,30,5250,2804,129459,0,28106,22141,0,9290,135682,4710,9140,338528,56411,19139,14999,220405,0,23,705609,508716,6189,10389,1952,852,967287814,651170901,0,316116913,5518087,308397182,13237818,17300511,476383,0,0,30061946,142324125,94153936,730809753,354231184,0,42972417,27555428,0,8060275,200211049,5905329,6436759,645372441,125534955,0,17582585,19240342,0,7498952,142706026,3208806,6143707,321915373,349091902,0,52053685,35002966,0,0,0,200098782,5809431,0,9114135,0,0,0,0,0,0,130556666,0,8444152,11759937,0,15271655,141578540,0,8505963,0,0,240718,15442420,0,0,57527984,18939611,119843582,0,0,434317,0,49165639,7922352,40357510,14206187,124655865,55213497,5077780,5514003,60612365,20514127,20475419,2068656,1675653,3086748,9503069,67706706,174925812,219242943,9575143,5366841,10848175,487665620,34209923,0,109388585,344067112,487665620,13739407,121369688,-78169524,229260308,147842490,389466733,170223790,0,1980484,0,111984265,2595680,0,111588414,2457,734,4548818,584151,5132969,571,0,282687,1176428,1127802,46599,352312,849779,316711,373482,15326,7692,1222944,375977,1266633,7143,940707,233436,485438,16540,1375906,415941,1432040,8121,1061406,266050,554676,18829,2005
106361339,st. bernardine medical center,7/1/2004,6/30/2005,365,audited,incl. ind. audit,san bernardino,12,1209,non-profit,general,comparable,,(909)883-8711,2101 north waterman avenue,san bernardino,92404-4836,steve barron,president,,catholic healthcare west,toni moffett,st. bernardine medical center,0,05-0129,hsc30129g,zzt30129g,463,285,285,18560,12663,13939,5389,562,945,15827,0,2897,70782,3527,3025,2826,1605,115,274,4747,0,575,16694,427,36,0,0,0,0,70782,0,0,0,0,0,16694,0,0,0,0,0,41.9,68,4.2,4.2,0,0,0,9735,4163,8918,14590,0,602,15916,0,13903,67827,43565,0,0,21745,5274,10,539584,831825,5374,9112,2183,450,795470708,629813646,11656440,177313502,895450,178573144,-364192,2838573,890609,0,0,1583772,183545863,29121541,582803304,172466229,141223528,106181640,35761678,4072808,14785541,172031674,0,7729047,654252145,28601364,17839677,11228303,13368518,0,5747432,54778554,0,9654715,141218563,153335614,131642429,103200789,39827784,0,1576133,12312781,171089107,12210345,0,3302653,0,1316011,11656440,0,0,0,47731979,39077216,14209154,9302412,2496675,8220192,55721121,0,554753,0,118213,0,-91776,0,0,39484689,5013978,68054603,4463135,0,0,0,25009019,6258279,20411252,9878189,58421097,30596618,2653743,5272185,37153367,22156119,8443441,1363156,3728940,3095535,5688943,37433358,9457546,67076960,116735,0,0,114084599,46242731,11620759,49562332,6658777,114084599,0,34978586,-5963952,62800232,61471126,130904611,63827651,53403472,0,0,53403472,3841140,37158,0,1173,430,2114330,406109,2520439,324,0,131145,478405,782223,12925,98797,297529,198736,34338,73729,6503,750841,90768,593041,0,350913,118027,210740,0,910283,103855,717839,0,401331,138200,248931,0,2005
106521041,st. elizabeth community hospital,7/1/2004,6/30/2005,365,audited,incl. ind. audit,tehama,01,0211,non-profit,general,comparable,small/rural,(530)225-6374,2550 sr mary columba drive,red bluff,96080,john halfide,president,www.mercy.org,catholic healthcare west,judy bain,toyon associates  inc.,3,05-0042,,zzr00042g,76,76,36,6794,0,2256,0,383,285,1918,81,126,11843,2226,0,887,0,122,99,721,28,43,4126,66,0,0,0,10,0,11726,0,0,0,117,0,4113,0,0,0,13,0,42.7,42.7,2.9,2.9,6,1175,660,23092,0,19591,0,2394,2945,10869,2348,3645,64884,29271,1373,12363,24739,0,3,219465,180300,1773,2812,490,170,178599886,113318271,0,65281615,478817,55001013,10759419,1285749,462690,0,0,11582478,22784586,34324471,121490829,59063384,0,14669845,0,2772927,2525266,19931184,534660,830182,100327448,30132478,0,18924572,0,3104779,2630038,18897368,1795306,2787897,78272438,63614162,0,26304937,0,0,4401799,1145004,8626874,3712242,0,5021491,0,491762,0,0,0,0,25209832,0,4597955,0,1475907,3518538,30201678,0,277705,0,0,0,724816,0,0,6598444,7302868,21404594,0,0,0,0,7536546,2004004,8909372,1245185,19612869,11038284,1293417,688712,11737265,6065214,1949650,742030,257323,56122,1560127,36122066,4960988,13307530,695245,615623,0,55701452,7863001,0,1974036,45864415,55701452,850,23774447,-14392445,17314767,19486582,45462028,32154498,0,0,1974036,1974036,0,25293360,0,377,96,690706,101019,791725,71,0,42698,185923,176129,5430,17562,131322,78514,46053,7075,0,126784,134649,163249,0,125059,27917,102657,10391,150082,154004,186647,0,140175,32188,116613,12016,2005
106190754,st. francis medical center,7/1/2004,6/30/2005,365,audited,incl. ind. audit,los angeles,11,0923,non-profit,general,comparable,,(310)603-6000,3630 e imperial highway,lynwood,90262-2636,gerald kozai,ceo,www.stfrancismedicalcenter.org,daughters of charity health system,jennifer floyd,clark koortbojian & associates inc.,2,05-0104,hsc30104f,zzt30104f,384,383,323,22481,5276,46260,10896,2768,590,345,3076,11004,102696,3113,1419,8752,3713,832,167,94,652,2061,20803,314,40,0,0,30,0,82857,11850,0,0,7989,0,18714,1578,0,0,511,0,73.3,73.5,4.9,4.7,40,15045,6258,19265,4910,63487,47671,7761,6996,32637,2370,7944,193041,60680,81988,0,75633,8796,7,329539,178662,2980,7900,4694,2142,796613042,601641715,18567700,213539027,5326137,214798171,4066993,8652727,798027,0,0,11921693,187189503,79974032,529449507,145596226,34174397,239769309,69763374,15529772,5021117,2872935,21600340,77249042,611576512,28317612,8052162,42986794,36591260,4052422,4423381,51058352,1615608,7938939,185036530,125709005,11843658,195123430,94471009,-30660789,15439014,1756832,57314330,7458197,0,45514352,0,77672677,4550602,6679577,0,7337521,48204833,34933503,96606101,17952159,4143180,7687666,3954478,0,57107,0,0,4000000,3511653,0,0,51099754,13927569,55216271,8337312,0,0,3228288,26561419,5868294,28855264,21704000,82036862,32219704,7972774,4256444,25620030,28287110,8931641,3564429,2507449,10892153,8509575,56986466,100173876,146816378,3852134,3789438,0,311618292,48618872,3145586,179595912,80257922,311618292,15195546,129709208,-106587535,177900569,84216515,262941221,116124843,0,0,188005067,188005067,8409155,5484728,387609,1658,595,2976354,509284,3485638,323,0,270919,606889,889766,138882,209068,507813,268249,48283,27180,9305,1056417,296387,629883,48104,491861,168073,285629,0,1244546,329328,761905,53268,552963,188465,355163,0,2005
106380960,st. francis memorial hospital,7/1/2004,6/30/2005,365,audited,incl. ind. audit,san francisco,04,0423,non-profit,general,comparable,,(415)353-6000,900 hyde street,san francisco,94109,cheryl fama,ceo/president,http://www.saintfrancismemorial.org/,catholic healthcare west,brett linder,chw,0,05-0152,hsc00152f,zzr00152f,356,239,239,22390,2897,5680,431,0,495,10094,1594,1914,45495,3418,443,867,65,0,76,1541,243,292,6945,267,35,0,20,34,0,24311,6311,0,5606,9267,0,4862,1002,0,357,724,0,35,52.2,6.6,5.8,0,0,0,42780,3441,9666,1068,0,3577,94269,4268,36673,195742,25858,65038,0,100702,0,15,535605,355089,3245,5566,0,0,517480792,390477019,0,127003773,1512304,125347386,3168691,14400028,5753212,0,0,11815507,163771150,32499006,321210636,167724179,21115317,50169017,2413133,0,4435468,93987570,7523540,19175074,366543298,40595880,4456985,8057355,925929,0,2488566,74016703,1982165,18413911,150937494,161858505,18460074,52277598,3016008,0,0,4977542,113458763,11217793,0,9505705,0,15705031,0,0,0,0,46461554,7112228,5948774,323054,0,1946492,54545510,0,10666161,0,0,541463,6983844,0,0,32142055,9327220,36186888,0,0,85455,138318,20522161,3824626,17904253,5216410,50688830,20414320,2728992,4710322,17224483,17035458,5317421,1109829,1062632,846895,4208204,25886191,102469219,45504053,15100600,52240000,0,241200063,21676002,0,37874396,181649665,241200063,2494653,27484752,-8030000,92642904,58697478,153587010,108082957,0,0,39434916,39949916,2075520,0,0,795,224,1454559,250233,1704792,179,1,162175,330014,381036,1441,83123,282809,162194,110,30461,21196,420709,147068,361819,3029,279925,41141,170064,30804,514250,166072,416874,3363,324786,46721,196943,35783,2005
106281078,st. helena hospital,1/1/2005,12/31/2005,365,audited,incl. ind. audit,napa,03,0407,non-profit,general,comparable,,(707)963-3611,10 woodland road,st. helena,94574,joaline olson,president/ceo,www.sthelenahospital.org,st. helena hospital,jay whitcomb,st. helena hospital,0,05-0013,,zzr00013f,181,137,137,12377,0,2795,0,1047,250,9091,41,756,26357,2331,0,444,0,174,70,1560,12,96,4687,91,37,30,0,23,0,12138,4431,5936,0,3852,0,3121,613,529,0,424,0,39.9,52.7,5.6,5.3,0,0,0,34942,0,6192,0,1276,19309,49204,48,3324,114295,6053,18135,9173,70847,0,8,187151,191371,1964,5376,206,87,322535584,241656847,387306,81266043,5211839,89182605,-2704723,3756480,1728363,168262,0,-844868,93164236,19208049,210163299,144308502,0,20265678,0,8119975,3808485,47447735,260056,1566316,225776747,43414998,0,2543424,0,1131953,6830597,38422931,142229,4272705,96758837,147769053,0,18733843,0,0,7661512,7025981,56276904,1120784,0,1238249,0,1830521,0,0,0,387306,39861863,0,3757219,0,1586527,3434283,29426708,13941,3185502,0,345827,238506,229468,0,0,15424578,8724893,29243315,0,0,0,0,12880457,4051970,14448157,4409235,36463621,11125173,3336505,3946494,17177635,7884673,4634165,877206,673533,637460,2426140,17551219,2860144,32900498,3591828,8092616,239971,65236276,13458366,0,39545257,12232653,65236276,1221257,44690744,-32795879,59596810,28155624,93118828,60218330,2330508,109083,34665846,40595815,1050558,8447614,642175,559,137,1051439,123762,1175201,116,0,103573,290814,244089,17759,22562,219320,135854,5997,8218,3253,265813,116167,196987,0,237230,108978,126264,0,296623,129402,222189,0,265156,121062,140769,0,2005
106481015,st. helena hospital-behavioral health,1/1/2005,12/31/2005,365,audited,incl. ind. audit,solano,03,0409,non-profit,psychiatric,comparable,,(707)968-2200,525 oregon street,vallejo,94590-3201,joaline olson,president/ceo,http://www.sthelenahospital.org/behavioral/,st helena hospital,jay whitcomb,st helena hospital,0,05-4074,,hsp30182i,61,61,61,2446,0,5307,790,1270,10,9064,0,142,19029,202,0,427,63,159,3,1175,0,18,2047,0,61,0,0,0,0,0,19029,0,0,0,0,0,2047,0,0,0,0,85.5,85.5,9.300000000000001,9.300000000000001,0,0,0,1405,0,0,0,0,0,2418,54,20,3897,0,0,0,0,0,0,0,0,0,0,0,0,44567246,29190355,0,15376891,258851,14240832,1394910,0,0,0,0,1394910,39082308,3121445,2363493,5466686,0,12297668,541908,2848244,18566,19955997,0,313420,41442489,1125137,0,0,0,0,0,1939335,43905,16380,3124757,4243095,0,8688589,131108,-107410,1814111,7466,13954732,329800,0,128864,0,0,0,0,0,0,2348728,0,3667924,410800,997739,11100,7940600,0,0,0,0,0,0,0,0,7339727,616256,1389258,0,0,0,0,2286053,597803,1678032,333703,7836189,1883894,456407,157046,799257,2368184,103439,2368,88740,67200,478108,3389449,0,1357199,163851,0,0,4910499,2302481,0,0,2608018,4910499,2050,9486900,-6239169,1528375,620264,2361883,1004684,0,0,0,0,0,0,2084772,132,29,251698,23616,275314,8,0,18175,64210,53115,2981,3639,80147,27894,0,1537,0,157928,13494,1750,0,36413,18407,23706,0,171845,14671,1975,0,39274,21174,26375,0,2005
106190756,st. john's hospital and health center,6/1/2004,5/31/2005,365,audited,incl. ind. audit,los angeles,11,0927,non-profit,general,comparable,,(310)829-8139,1328 22nd street,santa monica,90404-2032,lourdes lazatin,ceo,www.stjohns.org,sisters of charity of leavenworth health system,kay richter,saint john's hospital and health center,0,05-3029,,zzt30290f,334,309,309,31353,4033,502,7,0,1789,21657,36,1170,60547,5550,817,112,2,0,483,5669,10,290,12933,334,0,0,0,0,0,60547,0,0,0,0,0,12933,0,0,0,0,0,49.7,53.7,4.7,4.7,22,3690,1444,55502,49609,2379,10,0,62801,76237,12101,22396,281035,33120,185668,0,52039,0,15,962472,1531142,8130,20497,1035,505,862328041,676247973,0,186080068,2936371,216090969,-27074530,15169802,907064,0,0,-12811792,175278179,40091668,646958194,306467622,36195650,4206677,45118,0,29449597,237483199,4709133,8292894,626849890,79642099,54875101,2481369,9039,0,10628766,73861237,4864652,9115888,235478151,320468615,40617450,5417310,42782,0,0,25368395,257498709,8446938,0,9573785,0,8813989,0,0,0,0,65641106,50453301,1270736,11375,0,14709968,48859749,0,5133833,0,0,1066820,6832579,0,0,35694045,12046011,89028852,0,0,0,0,32899552,8443808,28225082,9753619,69745167,33276841,2314067,16063075,45526612,23160720,12026309,1753272,1483015,4462,10737429,45959599,100413801,189800935,43715972,8149810,0,388040117,37980291,0,0,350059826,388040117,0,96210943,-65146003,197251057,137549557,361593361,171792426,0,0,0,0,0,0,0,1343,428,2646734,366397,3013131,915,0,169272,769486,714136,16437,159327,387479,164346,46233,8726,211292,692148,216103,861921,0,509043,115387,252132,0,780455,243917,977125,0,564432,133002,314200,0,2005
106560508,st. john's pleasant valley hospital,7/1/2004,6/30/2005,365,audited,incl. ind. audit,ventura,10,0811,non-profit,general,comparable,,(805)389-5800,2309 antonio ave,camarillo,93010-1414,michael murray,president,www.stjohnshealth.org,catholic healthcare west,jeff wolf,essential consulting llc,0,05-0616,hsc30618g,hsp30616g,180,180,180,25020,2894,3659,0,0,463,4929,55,206,37226,2143,360,274,0,0,135,1011,10,34,3967,81,0,0,0,99,0,14174,0,0,0,23052,0,3204,0,0,0,763,0,56.7,56.7,9.4,4.4,7,1056,515,15705,1415,2583,0,0,2009,23902,68,3427,49109,16069,0,0,33986,0,3,255562,242146,833,1155,406,108,246282734,190426562,0,55856172,6057401,67675246,-5761673,680733,0,0,0,-5080940,45073989,11990130,189218615,108124015,14600036,12126192,0,0,3788096,37846284,397726,1473015,178355364,25135168,1564582,2424028,0,0,3741359,33286347,3260,1772626,67927370,105472878,11979496,13584957,0,0,0,6420411,40946040,9705039,0,400986,0,1916755,0,0,0,0,20642438,4059317,852022,0,0,878992,26373254,0,3050149,0,75000,0,680733,0,0,15929034,2536496,19049273,57598,0,0,0,10431725,9272118,7373001,3026001,28957287,9142539,423183,971425,8227573,12194974,1904064,1324857,945678,235029,3348637,17403037,9568072,14290084,4538253,0,0,45799446,14547095,19786,2222297,29010268,45799446,2637656,38750362,-28789945,26502828,25747441,54454890,40164806,0,269616,1950000,2222297,0,3003098,0,500,175,899517,139947,1039464,326,0,84918,162023,204664,63555,96374,188253,84842,14888,0,0,306057,34681,193486,0,154915,154630,55748,0,360647,40684,222080,0,173167,176786,66100,0,2005
106560529,st. john's regional medical center,7/1/2004,6/30/2005,365,audited,excl. ind. audit,ventura,10,0811,non-profit,general,comparable,,(805)988-2500,1600 rose avenue,oxnard,93030-3722,t. michael murray,president,www.stjohnshealth.org,catholic healthcare west,jeff wolf,essential consulting llc,0,05-0082,hsc30082f,zzt30082f,266,266,266,30982,4466,11067,0,0,2112,13812,0,1584,64023,5160,765,2709,0,0,491,2829,0,320,12274,221,22,0,23,0,0,51847,5426,0,6750,0,0,11253,475,0,546,0,0,65.90000000000001,65.90000000000001,5.2,5.2,0,0,0,12268,2156,23646,0,0,1004,26948,0,21111,87133,46145,746,0,40249,0,14,284915,383446,2670,6038,1746,633,666408108,497825588,0,168582520,239048,185419287,-16597719,4505924,80673,0,0,-12172468,127029114,28156989,511222005,238908826,37837256,69761748,0,0,15689331,129333943,0,14148616,505679720,47986354,5901004,18283559,0,0,13342985,64861683,0,10352803,160728388,226529123,32599853,70252712,0,0,0,19088478,127682026,19034689,0,2638707,0,0,0,0,0,0,51595823,11138407,15101096,0,0,9056336,60577142,0,21113716,0,1563000,0,2546152,0,0,41441194,6358740,60042208,57885,0,4513,508723,34816209,7169419,24202665,10817731,69510528,21501073,1955165,1278446,28784591,28570445,6318254,3513470,2026996,2256520,19703799,85205391,8080619,79730770,12547519,0,0,185564299,35177745,0,49895692,100490862,185564299,19989483,118077014,-68793628,103436634,56778906,175313612,95582842,0,355263,48726122,52263580,2367888,7533414,0,1100,365,1959720,333729,2293449,326,0,182431,519087,640629,25079,94020,242146,188620,62708,5000,0,650611,102873,530812,7228,396241,52379,219576,0,775771,121859,622044,10050,449306,59270,255149,0,2005
106121080,st. joseph hospital - eureka,7/1/2004,6/30/2005,365,audited,incl. ind. audit,humboldt,01,0105,non-profit,general,comparable,,(707)445-8121,2700 dolbeer street,eureka,95501-4736,michael l. purvis,ceo,www.stjosepheureka.org,st. joseph health system,jeff clark,clark koortbojian & associates inc.,0,05-0006,,zzr00006f,210,125,125,18359,48,4423,0,1565,984,4782,0,326,30487,3695,10,1143,0,341,221,1142,0,70,6622,195,0,0,15,0,0,27017,0,0,3470,0,0,6373,0,0,249,0,0,39.8,66.8,4.6,4.6,4,2040,564,50429,15,31769,0,7706,13464,45572,0,10433,159388,38999,12755,0,102301,0,5,395510,457062,3244,8444,453,227,419605150,296969149,0,122636001,695752,122349104,982649,583231,27721,0,0,1538159,56132284,18343534,345129332,135172779,390761,32316612,0,12520304,10165725,46331111,0,3361242,240258534,65604649,19628,28599606,0,7368332,15171155,57200421,0,5382825,179346616,159145773,297564,47180736,0,0,15846655,17438341,46974225,8290294,0,917534,0,878027,0,0,0,0,36718720,102783,13735482,0,4041981,7278557,54023936,0,6734542,0,-145800,0,416622,0,0,19757446,7353458,52620741,0,0,0,0,16041840,4297842,15557342,6720435,37636332,19264265,4916144,9593814,23280497,11145820,6348621,2025526,1490724,2365340,4282021,32898312,1678515,44342845,13353104,250925,8094328,100618029,21710852,0,67446733,11460444,100618029,7705859,41944754,-24026437,47141114,51155020,103253859,58911014,0,0,37317583,68155867,709134,0,30838284,770,237,1550730,163987,1714717,164,0,177989,276300,338095,10903,144360,289070,136535,64179,73929,39370,373449,101071,498270,0,263155,128652,186133,0,410066,110470,552494,0,288886,143894,208907,0,2005
106301340,st. joseph hospital - orange,7/1/2004,6/30/2005,365,audited,incl. ind. audit,orange,13,1015,non-profit,general,comparable,,(714)771-8000,1100 west stewart drive,orange,92868-3891,larry k. ainsworth,ceo,www.sjo.org,st. joseph health system,hoang m. bui,st. joseph hospital - orange,0,05-0069,hsc30069f,,412,366,366,26619,9664,6993,57,877,17304,24131,310,952,86907,5311,2155,1974,13,179,4643,6999,87,265,21626,375,37,0,0,0,0,77577,9330,0,0,0,0,20001,1625,0,0,0,0,57.8,65.09999999999999,4,4,31,10318,4595,26315,8705,5294,6,1430,32383,33913,5950,18241,132237,51964,30112,0,5447,7641,27,1719463,1235324,9123,15583,3242,1615,1263977028,945232269,35303837,354048596,57524192,377940236,33632552,14917649,9652709,0,0,38897492,230365496,61538097,972073435,265666153,99955925,55687711,462043,8890066,178312017,202364502,2487571,7884249,821710237,116382678,43404543,19940797,7102,4367953,97623439,135196275,6232229,19111775,442266791,298650989,142439570,70599208,324439,0,13176522,152074225,231500722,18117496,0,8719800,0,9629298,31595808,14717,0,3693312,80604341,32516706,3886367,159423,81497,119943637,105845937,0,11010688,0,476214,1678672,6504753,0,0,55350430,17619009,160867931,6992439,0,0,0,52147931,14299609,56120658,14542229,132727952,54867887,4093944,15415936,85190984,46042879,14537628,5235508,2977044,3197879,13652595,116347090,134385657,117589759,64041592,17676470,0,450040568,67600415,0,132421925,250018228,450040568,60517020,94922420,-56743035,137194770,182372464,349406457,231816698,0,0,135287918,135287918,2865993,9432712,0,2443,887,4698771,563643,5262414,915,0,462243,968361,1211708,47518,586230,868288,373653,0,141687,39083,1194839,369732,1638767,0,600774,291400,545452,57807,1334298,402576,1835179,0,684966,326100,614056,65239,2005
106392232,st. joseph's behavioral health center,7/1/2004,6/30/2005,365,audited,incl. ind. audit,san joaquin,06,0507,non-profit,psychiatric,comparable,,(209)948-2100,2510 north california street,stockton,95204-5502,james b. sondecker,director,www.stjosephscanhelp.org,catholic healthcare west,jennifer hatch,hfs consultants,0,05-4123,,,35,35,35,6311,379,0,0,0,0,4866,0,20,11576,575,49,0,0,0,0,867,0,5,1496,0,27,8,0,0,0,0,10514,1062,0,0,0,0,1265,231,0,0,0,90.59999999999999,90.59999999999999,7.7,7.7,0,0,0,30,0,0,0,0,0,4301,0,430,4761,0,0,0,0,0,0,0,0,0,0,0,0,23616335,13819615,0,9796720,6747,7980782,1822685,41694,0,0,0,1864379,17590510,2924261,3101564,11531106,757118,0,0,0,0,7760049,0,23229,20071502,13631,0,0,0,0,0,3172365,0,358837,3544833,5859279,492127,0,0,0,0,0,6619489,465138,0,76143,0,307439,0,0,0,0,5410002,252013,0,0,0,0,3859716,0,274989,0,-51314,0,41694,0,0,3381425,246631,608658,0,0,0,0,1533852,709703,1303659,196854,3328056,1612043,183158,761475,356062,1220965,87793,69247,132350,0,229633,4998185,0,778835,303,2283,0,5779606,1222227,0,65787,4491592,5779606,2689993,5098651,-3540924,2087591,452321,3139217,2360382,0,0,0,65787,0,0,0,76,21,150297,19777,170074,5,0,22711,44459,3344,4740,35950,16135,10637,118,0,12203,83957,5172,6855,0,23465,18348,12500,0,95281,5761,7520,0,26115,20952,14445,0,2005
106391042,st. joseph's medical center of stockton,7/1/2004,6/30/2005,365,audited,incl. ind. audit,san joaquin,06,0507,non-profit,general,comparable,,(209)943-2000,1800 north california street,stockton,95204,edward g. shroeder,ceo,www.stjosehscares.org,catholic healthcare west,tracy moziak addleman,hfs consultants,0,05-0084,hsc00084f,zzr00084f,294,294,294,43995,223,12260,7023,74,20174,0,153,497,84399,8314,64,2273,1990,32,5275,0,45,144,18137,267,0,0,0,27,0,75145,0,0,0,9254,0,17386,0,0,0,751,0,78.59999999999999,78.59999999999999,4.7,4.3,16,3702,1816,88647,296,21088,39386,454,110557,13478,718,9700,284324,42171,27972,18538,194999,0,18,672200,236253,6091,6779,1631,523,1065638546,827742749,1307859,239203656,4095053,230074044,13224665,4831869,1013108,0,0,17043426,279866591,84933033,700838922,399767660,3752102,125542030,44590211,2051772,191882669,0,2121497,5361753,775069694,94151063,592381,31309963,27860544,1619264,100778321,24675201,663880,8918235,290568852,396230182,3609000,137068847,58221592,0,3412632,182428098,19279335,23363407,0,2785377,0,1344279,182560,0,0,1125299,97162876,855210,17974236,14195490,258404,104594102,6521165,0,-2357827,0,0,0,2918585,0,0,45385759,13937565,88935792,0,0,0,1255557,34398077,7687314,28183548,10290432,102603740,36645807,4949792,610373,42361332,21010135,7971788,1751108,3260649,3039876,5869444,71284364,42569089,62777514,9356848,6800321,0,192788136,42562232,0,48350997,101874907,192788136,28323302,162438880,-127081902,118578606,58980838,190544954,127767440,0,0,46873213,53373213,5022216,1563451,0,1757,505,3084647,569850,3654497,300,0,316666,447640,692619,126949,231433,647580,350769,270581,410,0,787670,211086,1044985,22536,505103,191812,321455,0,933899,254315,1232131,26550,580075,227719,399808,0,2005
106301342,st. jude medical center,7/1/2004,6/30/2005,365,audited,incl. ind. audit,orange,13,1011,non-profit,general,comparable,,(714)992-3000,101 east valencia mesa drive,fullerton,92635,robert j. fraschetti,president/ceo,www.stjudemedicalcenter.org,st. joseph health system,barbara lauper,st. jude medical center,0,05-0168,hsc30168f,,359,359,359,31981,12910,5791,0,937,1074,25081,0,1539,79313,4757,2160,969,0,155,254,6497,0,325,15117,282,0,0,40,37,0,62850,0,0,7659,8804,0,13946,0,0,434,737,0,60.5,60.5,5.2,4.9,26,4250,2033,78678,37881,5828,0,2914,17484,139160,1646,7808,291399,48415,46876,0,180544,0,17,573197,587232,4654,10166,1521,679,970990912,709542694,31926505,293374723,14760401,266056252,42078872,4654171,0,0,0,46733043,161291652,79494378,730204882,245200369,93820183,42540561,0,9564314,8403230,225540482,0,8763973,633833112,82436777,34210816,13404838,0,3508544,8703634,183421910,568935,10902346,337157800,268604093,140688634,53861831,0,0,9301712,11833748,199470162,19028850,0,4401033,0,2352631,31926505,0,0,0,57935400,18183165,396445,0,3667646,3254649,198859474,-42395,11120339,0,377377,0,504461,0,0,47101230,17518886,98246454,0,0,0,985102,28372349,12592236,53104792,8135203,111593094,30051134,2823741,14784947,43949907,30652117,14310906,4804798,2930685,1697509,8457414,50645254,161441415,115354596,25182605,7544331,4724731,364892932,43929869,0,79308076,241654987,364892932,13931905,101216705,-68739393,118859556,105761536,242515138,127160542,0,0,80509991,82147202,2839126,5721588,0,1899,705,3597404,495854,4093258,579,0,419721,745868,894318,9147,562786,635022,187362,0,128532,14648,935399,264513,1266347,16081,380887,248242,485935,0,1057815,300290,1433795,17178,441019,287237,555924,0,2005
106434138,st. louise regional hospital,7/1/2004,6/30/2005,365,audited,incl. ind. audit,santa clara,07,0433,non-profit,general,comparable,,(408)848-8607,9400 no name uno,gilroy,95020,ted fox,president,,daughters of charity health system,tanya teig,moss adams llp,0,05-0688,,hsp30688g,93,89,89,8771,434,1227,758,0,54,4163,0,917,16324,1444,131,401,248,0,16,1252,0,253,3745,72,0,0,0,21,0,12325,0,0,0,3999,0,3401,0,0,0,344,0,48.1,50.3,4.4,3.6,5,1414,662,11182,1280,3522,4270,0,466,26430,0,6416,53566,22882,0,0,30471,0,3,99055,158215,913,2391,475,187,231801399,173690620,0,58110779,244651,58345576,9854,278777,73571,0,0,215060,62199206,27178981,142423212,66777213,6815087,15392681,5437822,0,317613,40835391,0,6141693,141717500,17430605,2221054,6864742,8354478,0,857140,45701164,0,8654716,90083899,63751665,6841039,17962672,11589513,0,0,803035,59154476,11213750,0,2191609,0,182861,0,0,0,0,20295938,2195102,4294751,2202787,0,371718,27382079,0,1368404,0,0,100000,116505,0,0,11941926,3769765,15106584,0,0,0,0,9483985,1867352,12399853,3776111,25589527,7485068,2233445,3188688,6465284,5542255,1252289,892680,177170,2845882,2673288,15327635,165608,16145023,253272,588411,0,32479949,10575515,0,47030460,-25126026,32479949,5827088,40205810,-32166447,9334190,7073888,21760407,5615384,0,0,47030460,47030460,0,483592,130963,327,99,631796,98853,730649,118,0,77822,140032,155710,19845,29350,77496,60186,20115,16521,34719,172898,48256,138774,0,118603,37036,116229,0,203947,56026,161415,0,134125,42118,133018,0,2005
106380964,st. luke's hospital,1/1/2005,12/31/2005,365,audited,excl. ind. audit,san francisco,04,0423,non-profit,general,comparable,,(415)647-8600,3555 caesar chavez street,san francisco,94110-4403,martin brotman md,ceo,www.stlukes-sf.org,st. luke's hospital,sue adams,st. luke's hospital,0,05-0055,hsc00055f,zzr00055f,260,207,153,13667,1954,26138,3178,0,312,3793,619,657,50318,1897,328,1457,803,0,81,920,189,150,5825,150,31,0,0,79,0,20960,1541,0,0,27817,0,5055,262,0,0,508,0,53,66.59999999999999,8.6,4.2,15,2269,917,4614,636,5883,7123,0,1824,7277,1789,4099,33245,30349,1596,0,1596,0,8,111383,168875,929,2192,890,204,401086965,304103338,0,96983627,4102557,127220327,-26134143,4538686,1847197,0,0,-23442654,163080172,40408323,197598470,91793370,10269203,125404543,15855027,0,2302507,31450783,4783472,5412604,287271509,24592470,2772482,17965119,10263626,0,8231636,37430769,3320392,9238962,113815456,90605612,10033558,117618526,22462042,-4623030,0,5779081,40810619,5043692,0,14820924,0,1552314,0,0,0,0,25780228,3008127,27178428,3656611,0,4755062,28070933,0,4534238,0,23062875,3342405,271507,0,0,31441791,5835281,37657114,0,0,0,0,20714407,6835999,19909745,4825990,52319966,13427712,5421475,10180652,16606167,17246236,5222900,1189212,407902,1127268,4070837,16220329,1330637,43075006,3735221,291853,0,64653046,16532113,866097,5152015,42102821,64653046,0,64000616,-52367049,30752980,28029766,62496147,19421141,0,0,5822015,5822015,670000,0,1611476,725,282,1453616,199827,1653443,322,0,66857,265338,310488,97466,179259,236540,147873,4212,76805,68778,521439,69669,333839,0,288449,132024,95931,12265,591992,77937,381154,0,327687,149484,110931,14258,2005
106361343,st. mary medical center - apple valley,7/1/2004,6/30/2005,365,audited,incl. ind. audit,san bernardino,12,1211,non-profit,general,comparable,small/rural,(760)242-2311,18300 highway 18,apple valley,92307,jason barker,president/ceo,www.stmary4health.com,st. joseph health system,avie heilgeist,healthcare consulting,0,05-0300,,zzt30300f,186,186,186,18771,4795,9387,2618,235,6782,6564,67,1015,50234,4150,1047,2452,907,54,1722,1637,16,251,12236,186,0,0,0,0,0,50234,0,0,0,0,0,12236,0,0,0,0,0,74,74,4.1,4.1,10,3702,2186,10753,4081,9321,7720,4,19114,18160,56,6145,75354,45049,7433,0,25573,0,6,1369497,1265087,3728,4572,1775,591,468639961,354552171,19937536,134025326,1642356,129831157,5836525,1809280,593148,0,0,7052657,76320257,36472743,355846961,128254550,38673650,52063726,14318655,1410205,56682693,52092616,346114,6609722,350451931,22654328,8175501,11876632,8210046,11421,28421227,32224907,78795,6535173,118188030,114559103,44458526,48994496,9435697,-1695871,1019825,60385540,63940957,11465101,0,1287394,-657,702060,8781980,0,0,11155556,36349775,11172605,16641733,13093004,401801,24391115,31207876,0,767417,0,1209446,0,1743116,0,0,27299155,7976075,50230377,0,0,0,0,16951309,3490046,19233811,4650384,45600406,20784894,2182522,9477427,24897952,11777800,5856650,1390278,1391925,1049798,5421505,32343279,41590780,36815951,5760432,739315,751939,118001696,31642759,0,28342102,58016835,118001696,14139006,40443798,-25321605,45929909,55205473,104136356,67320405,0,0,28654810,28654810,312708,0,0,999,351,1869579,292798,2162377,154,0,141221,397640,540444,7435,182132,332445,174806,10025,80908,2523,561404,171246,491992,0,324126,108493,212318,0,656022,202375,574430,0,361139,120652,247759,0,2005
106190053,st. mary medical center - long beach,7/1/2004,6/30/2005,365,audited,incl. ind. audit,los angeles,11,0933,non-profit,general,comparable,,(562)491-9000,1050 linden avenue,long beach,90813,tanya field,coo,,catholic healthcare west,jennifer floyd,clark koortbojian & associates inc.,2,05-0191,hsc30191g,zzt30191g,539,465,220,27966,4042,24128,6755,415,1530,4195,848,2405,72284,3316,889,2761,1476,53,267,854,116,1716,11448,386,23,0,50,80,0,54962,0,0,11976,5346,0,10649,0,0,755,44,0,36.7,42.6,6.3,5.9,25,5524,2200,50237,6690,47416,22234,972,8209,27912,60,6808,170538,41988,20658,0,98584,1975,22,208117,191246,1533,6141,1794,600,769859405,625226489,5955463,150588379,2069066,158498759,-5841314,1442001,398768,0,0,-4798081,154503208,59200734,556155463,222402382,37895844,196247615,50908278,3142504,15147836,37704422,9591018,20464698,593504597,47316602,12662769,37971515,23248540,1484853,8763183,40063703,695863,4147780,176354808,212943440,43726240,177414084,65678282,-5820823,2812721,7882933,67775050,20504267,0,28844005,0,3466290,2625865,2154757,0,1174841,56775544,9458238,45931410,10064016,521248,16028086,11167916,0,641921,0,-7504312,0,236829,0,0,35300845,8068289,47394141,2163719,0,0,3242140,24175779,6512078,20012823,11628945,55891845,29065781,4271062,7345975,21105682,21968941,7082279,2009683,3678179,0,6079332,38193337,11506083,45999764,1243774,683295,0,97626253,53977031,406431,19231433,24011358,97626253,0,125492377,-100981900,43738695,60055192,112725979,66726215,0,0,20599625,20599625,1368192,0,7676001,1204,347,2331148,344563,2675711,149,29,297271,536134,498539,88357,134173,329224,248436,27275,91223,80516,682477,151289,562960,74267,361988,145315,164747,188105,800527,174941,653273,75711,417119,158597,184544,210999,2005
106380965,st. mary's medical center-san francisco,7/1/2004,6/30/2005,365,audited,incl. ind. audit,san francisco,04,0423,non-profit,general,comparable,teaching,(415)668-1000,450 stanyan street,san francisco,94117,ken steele,president/ceo,www.stmarysmedicalcenter.org,catholic healthcare west,glenn cody,chw bay area financial services,0,05-0457,hsc00457f,zzr00457f,403,322,322,24382,3778,4329,505,0,424,12685,863,1091,48057,3974,616,706,82,0,69,2068,140,176,7831,289,46,0,36,32,0,27443,3990,0,6734,9890,0,5777,647,0,429,978,0,32.7,40.9,6.1,5.6,0,0,0,25156,2987,6599,1842,0,824,48846,6548,7611,100413,17338,41101,0,31540,0,15,342125,377380,1977,4423,0,0,658575216,507869906,0,150705310,3057625,150083627,3679308,8574219,711677,0,0,11541850,182208941,24769468,451596807,259872505,39517002,31835093,3444347,0,4461220,130350936,7843310,11641177,488965590,62532432,9195892,8531977,2144103,0,1784321,68251832,6013427,11155642,169609626,260560055,40261452,35944131,4918861,0,0,4078243,131396085,7127339,0,13856737,0,9727003,0,0,0,0,61844882,8451442,4422939,669589,0,2167298,67206683,0,5942477,0,0,826129,2313448,0,0,29274178,8994294,50365860,0,0,0,6271478,21491353,4056003,21350410,8280051,55076631,30418870,2792707,2766822,26853448,15769048,7879629,685233,1920565,1345049,4575625,53125889,28062069,55342392,1070895,3554336,0,141155581,20259061,0,24808397,96088123,141155581,29531426,24770979,-6880000,60644928,127414789,191209501,135867109,0,0,0,26130701,1322304,244770,26130701,904,243,1635503,287534,1923037,244,43,159127,342348,381541,43512,79786,226831,180866,178043,8555,34894,422350,139408,370647,145831,303735,38144,215388,0,512580,160059,437647,158737,355907,44752,253355,0,2005
106010967,st. rose hospital,10/1/2004,9/30/2005,365,audited,excl. ind. audit,alameda,05,0421,non-profit,general,comparable,,(510)264-4000,27200 calaroga avenue,hayward,94545-4339,michael mahoney,president/ceo,http://strosehospital.org,hayward sisters hospital,walton k luke ,l h & associates,0,05-0002,hsc00002f,zzr00002f,163,163,163,15468,1247,11075,2707,0,209,4932,864,1149,37651,2298,196,2128,817,0,50,1323,237,357,7406,141,0,0,0,22,0,32543,0,0,0,5108,0,7080,0,0,0,326,0,63.3,63.3,5.1,4.6,20,2695,1133,7939,807,17260,14288,0,1486,25978,1222,9371,78351,33729,37900,0,11631,0,5,194564,162192,3716,3991,942,328,307913330,223388431,0,84524899,773469,85059446,238922,1019311,621356,0,0,636877,99655695,32813431,175444204,94692184,8338721,61068741,15752879,0,1193641,24341357,5673971,7895941,218957435,21351346,1191932,12913444,14753712,0,2794450,25281261,2169610,8500140,88955895,85326566,7157900,60192583,23901762,-8208595,0,91234,36936233,10147167,0,7843581,0,0,0,0,0,0,30716964,2372753,21998197,6604829,0,2716124,10397351,0,9718681,0,0,45197,258164,0,0,22095647,8393780,27140890,0,0,0,0,11191163,3756941,8197783,4283242,40331422,15399578,2880386,2529411,10756541,6145321,2696017,1186779,505009,477693,2151289,29256868,2618723,17775125,965318,0,0,50616034,12906060,0,17312847,20397127,50616034,5120230,58358691,-40070183,30165522,25617302,57104583,39329458,0,1152775,0,17812847,500000,354394,354394,732,221,1425357,158020,1583377,93,0,189057,266324,357076,28143,75463,256906,107161,84649,34205,26373,409990,147007,421637,0,220996,94815,130628,284,455177,164275,456728,0,248247,107968,150698,284,2005
106190762,st. vincent medical center,7/1/2004,6/30/2005,365,audited,incl. ind. audit,los angeles,11,0925,non-profit,general,comparable,,(213)484-7111,2131 w. 3rd street,los angeles,90057-1901,gerold b. clute,interim ceo,,daughters of charity health system,lindy sauls,clark koortbojian & associates inc.,0,05-0502,hsc30502h,,347,318,181,36720,4786,10275,652,11,1021,8652,6,1073,63196,5545,1032,1801,120,3,248,1831,2,238,10820,320,0,0,0,27,0,55105,0,0,0,8091,0,9896,0,0,0,924,0,49.9,54.4,5.8,5.6,0,0,0,30204,3835,10968,1958,6,7954,20039,8,1805,76777,1403,17560,0,52439,3304,18,513238,219364,4113,4068,0,0,658808027,490994824,7753633,175566836,4304477,190913381,-11042068,8756306,5929005,0,0,-8214767,129405641,10794369,518608017,283042723,41548428,83085797,8847367,57753,25497455,87366069,87350,2543664,532076606,49290525,7112710,17607422,2865596,14700,12070158,36195372,17722,1557216,126731421,243530011,35658327,73786842,8583126,0,53093,27529118,90544414,9175366,0,380664,0,1753863,5982002,0,0,1771631,83098005,18149438,25177757,2928758,18158,9393563,32667453,103226,4030478,0,10931,2911804,1333353,0,0,29063945,3779767,85388834,5974810,0,749410,273213,26637187,7343076,20404546,11298593,53815466,23595111,4172068,10956160,41324653,32395469,10833276,873583,2234288,3986650,6726657,32638331,26068308,79268104,7561561,24298320,0,169834624,34439105,317167,86917459,48160893,169834624,4775313,104293262,-85672765,78658272,115004718,270166993,190898889,0,0,86917459,86917459,0,2251153,1620,1147,360,2340325,245863,2586188,941,3,178501,380659,566303,54987,126827,447560,220906,163746,59452,141384,710939,101402,652945,15122,461740,158166,228039,11972,782885,111253,716584,16703,513979,174700,257119,12965,2005
106430905,stanford university hospital,9/1/2004,8/31/2005,365,audited,incl. ind. audit,santa clara,07,0429,non-profit,general,comparable,teaching,(650)723-4000,300 pasteur drive,stanford,94305-2295,martha h. marsh,ceo,www.stanfordhospital.com,stanford university hospital,jan roy,essential consulting llc,1,05-0441,hsc00441f,,613,449,449,42410,4835,7633,4599,763,4037,52182,0,7408,123867,6866,1044,1173,706,140,699,9069,0,1995,21692,566,30,0,17,0,0,110880,8377,0,4610,0,0,20549,798,0,345,0,0,55.4,75.59999999999999,5.7,5.7,0,0,0,87084,3783,20216,17019,169,64533,260430,0,27597,480831,40176,377428,0,226924,0,33,2864179,1061334,13661,11836,0,0,3551768949,2349858228,19079393,1220990114,81105473,1169332665,132762922,33333069,26360584,0,0,139735407,707493180,664364017,2179911752,662121213,74763766,124092378,78476704,8939572,107887182,927840311,0,116565615,2100686741,276501375,13159727,58793930,41124829,795039,285864112,710314252,0,64528944,1451082208,689408596,80375106,155922840,100176208,0,7939888,110342055,903598213,50332941,0,19416001,0,232346380,17864924,334042,0,880427,249213992,25413311,26963468,19759367,1794723,244590822,639971049,0,13283382,0,0,29765,15384239,0,0,125129031,199709424,354764175,0,0,0,47115000,190759897,42639589,158952744,50262805,306175442,158024077,551702,46938125,185836961,335880219,39083080,20735660,10250785,16046056,49810558,238679148,111446651,215587258,54849200,623352441,0,1243914698,222687726,0,566166826,455060146,1243914698,31251082,589982007,-411902011,462768835,182355371,653752769,438165511,0,0,426555066,580868063,14701237,2056272,41079898,5115,1005,10078435,1338402,11416837,1320,390,684832,1963092,1605627,51041,434536,1733102,789663,2038379,337852,440311,1787165,1315337,2160712,1341604,1592299,631765,895611,353942,2063515,1511709,2505475,1344621,1851501,733483,1017114,389419,2005
106501016,stanislaus behavioral health center,7/1/2004,6/30/2005,365,audited,excl. ind. audit,stanislaus,06,0511,city/county,psychiatric,comparable,,(209)558-4700,800 scenic drive,modesto,95350-6131,denise hunt,director,,county of stanislaus,jessica vollmer,stanislaus behavioral health center,0,05-0183,hsc00183f,,67,67,67,3915,0,0,0,0,14392,0,2169,0,20476,486,0,0,0,0,2909,0,441,0,3836,0,67,0,0,0,0,0,20476,0,0,0,0,0,3836,0,0,0,0,83.7,83.7,5.3,5.3,0,0,0,269,0,0,0,0,3208,0,0,682,4159,0,4111,0,0,0,0,0,0,0,0,0,0,29246076,13350588,0,15895488,2538,17782507,-1884481,535754,0,0,0,-1348727,27114839,579676,1551561,5394200,0,0,0,0,20232103,0,3040097,0,28666400,33643,0,0,0,0,458291,0,0,87742,579676,3486002,0,0,0,0,0,6736747,0,0,0,3040097,0,87742,0,0,0,0,1941841,0,0,0,0,13953647,0,0,0,0,0,0,0,0,87742,10617414,519132,857441,0,0,0,0,1684317,679775,3227419,197009,9137388,2914729,532497,1541554,255596,2018520,190872,36171,270,0,1154910,3786052,0,5338617,0,0,0,9124669,5365189,0,0,3759480,9124669,0,2788313,0,7101633,338625,7559758,2221141,0,0,0,0,0,997739,0,146,62,303024,33124,336148,14,0,25221,51889,55452,5565,68425,43355,0,19776,27872,5469,220540,8414,0,0,7834,16799,49437,0,242833,9081,0,0,9528,18418,56288,0,2005
106504038,stanislaus surgical hospital,1/1/2005,12/31/2005,365,audited,excl. ind. audit,stanislaus,06,0511,investor,general,comparable,,(209)572-2700,1421 oakdale road,modesto,95355,mike lipomi,ceo,www.stanislaussurgical.com,stanislaus surgical hospital,william a. fretwell,hospital management services,0,05-0726,,hsp40726f,23,23,9,706,0,0,0,0,2226,0,0,371,3303,262,0,0,0,0,971,0,0,204,1437,23,0,0,0,0,0,3303,0,0,0,0,0,1437,0,0,0,0,0,39.3,39.3,2.3,2.3,0,0,0,2375,0,622,0,0,6661,0,0,1430,11088,0,0,0,0,0,8,109147,632200,1437,11088,0,0,190661126,162737075,0,27924051,396458,23727598,4592911,34996,226553,0,0,4401354,7266600,0,183394526,14420031,0,0,0,0,43976539,0,0,1423041,59819611,34530084,0,8570543,0,0,87390311,0,0,350577,130841515,41228935,0,6451675,0,0,0,110292891,0,3921963,0,0,0,841611,0,0,0,0,7235457,0,2077863,0,0,17697685,0,0,913046,0,0,0,34996,0,0,2037127,0,12897067,0,0,0,0,2036024,1587475,3127910,2041995,7040699,3467415,0,908194,7526208,1054402,689450,1845409,270749,50866,874206,7816369,0,2523480,0,0,10232080,20571929,3087676,0,184556,17299697,20571929,1750365,32658713,-27619342,1202414,6670892,7919598,5396118,0,258825,0,258825,74269,0,0,151,47,285140,34646,319786,183,0,39931,36618,78229,0,20026,62635,42261,0,4831,609,42046,0,107059,0,66659,35755,33621,0,46542,0,119475,0,74603,39993,39173,0,2005
106194967,star view adolescent - phf,1/1/2005,12/31/2005,365,audited,incl. ind. audit,los angeles,11,0931,investor,psychiatric,phf,,(310)373-4556,4025 west 226th street,torrance,90505,kent dunlap,executive director,www.starsgroup.org,star view adolescent center,bruce j. wright ,good & fowler  llp,0,,,,16,16,16,0,0,0,0,0,0,0,0,4894,4894,0,0,0,0,0,0,0,0,64,64,0,16,0,0,0,0,0,4894,0,0,0,0,0,64,0,0,0,0,83.8,83.8,76.5,76.5,0,0,0,0,0,0,0,0,0,0,0,0,0,0,0,0,0,0,0,0,0,0,0,0,0,18983561,0,0,18983561,0,18407152,576409,12200,0,0,0,588609,2358838,0,16624723,0,0,0,0,0,0,0,0,18983561,18983561,0,0,0,0,0,0,0,0,0,0,0,0,0,0,0,0,0,0,0,0,0,0,0,0,0,0,0,0,0,0,0,0,0,0,0,18983561,0,0,0,0,0,0,1893752,0,14802181,0,0,0,0,335588,46864,1263960,64807,8570132,2023524,0,2482763,414435,3055687,113923,910578,64807,0,771303,16342502,0,223174,0,0,0,16565676,13540252,0,0,3025424,16565676,0,13532762,0,0,772588,772588,549414,0,0,0,0,0,2630380,0,144,19,288226,27319,315545,0,0,43445,163381,7408,4687,26507,27751,0,0,0,15047,48215,0,231607,0,0,2620,5784,0,52925,0,253604,0,0,2882,6134,0,2005
106190599,suburban medical center,11/1/2004,2/14/2005,106,audited,excl. ind. audit,los angeles,11,0921,investor,general,comparable,,(562)531-3110,16453 s colorado ave,paramount,90723,richard mccarthy,administrator,www.promiseeastla.com,promise hospital of east los angeles lp,don lee,promise hospital of east los angeles lp,0,05-0743,hsc30571j,hsp30571j,177,177,177,2753,113,4684,1191,0,8,638,77,242,9706,207,19,526,329,0,2,207,19,248,1557,143,0,0,0,34,0,6212,0,0,0,3494,0,1547,0,0,0,10,0,51.7,51.7,6.2,4,20,1559,665,766,137,1435,4174,0,1399,2234,5,1498,11648,5905,0,0,5696,0,4,37770,41340,485,458,421,250,88639713,70256926,37988,18420775,244939,17741480,924234,0,0,0,0,924234,11224653,3223128,74191932,16576465,1096038,19058606,9730232,0,172481,10165216,1172930,6738992,64710960,4399288,209940,1894233,7240283,0,363833,8807375,15261,998540,23928753,15883995,1005603,17340860,12410991,-2375987,0,214525,16851216,113175,0,1188191,0,7624357,0,0,0,37988,5091758,300375,5987966,4559524,0,321789,2159363,0,0,0,-511494,0,0,0,0,4108065,871503,5004667,0,0,0,0,2443503,633097,3043932,1636713,6314879,2786941,0,1996777,2361574,1428510,32778,419428,347903,997096,1055594,17528985,0,773430,0,1500000,0,19802415,19389675,0,0,412740,19802415,216760,18880484,-2670332,0,812554,812554,39124,0,0,0,0,0,0,0,572,219,336302,46504,382806,220,0,22196,64724,49876,30693,51754,61478,17813,648,12653,24467,129059,17120,81792,0,30085,29194,49052,0,150594,18784,94027,0,33335,32979,53087,0,2005
106364121,sun health robert h ballard rehab hsp,1/1/2005,12/31/2005,365,audited,excl. ind. audit,san bernardino,12,1209,investor,specialty,comparable,,(909)473-1200,1760 west 16th street,san bernardino,92411-1160,robert herrick,ceo,,sun healthcare group inc,leslie pagett,sun healthcare group inc,0,05-3037,hsc33037f,,60,60,60,6258,0,4129,0,0,3645,0,0,0,14032,415,0,186,0,0,201,0,0,0,802,0,0,0,60,0,0,0,0,0,14032,0,0,0,0,0,802,0,0,64.09999999999999,64.09999999999999,17.5,17.5,0,0,0,4429,0,1602,0,0,2675,0,0,0,8706,0,8706,0,0,0,0,0,0,0,0,0,0,22230203,7825603,0,14404600,53411,14879097,-421086,9640,0,0,0,-411446,11196589,1855588,9178026,8911794,0,6324566,0,0,5181153,0,0,0,20417513,922138,0,333628,0,0,556924,0,0,0,1812690,1958458,0,3079778,0,0,0,2695019,0,92348,0,0,0,0,0,0,0,0,7783126,0,3578416,0,0,3043058,0,0,0,0,2917,0,0,0,0,3456056,834313,3263924,0,0,0,0,2581487,574509,2272001,1896807,5013337,1284575,232750,6989,1039690,4640769,64176,1603978,205107,14160,773566,2930442,0,409894,0,1286586,0,4626922,2360428,0,0,2266494,4626922,250483,2686236,-372654,0,240732,596043,186149,0,0,0,0,0,2910,2066263,123,61,243565,12594,256159,25,0,49307,3678,38830,32115,55210,38630,25795,0,0,0,126155,2522,3678,0,45166,20629,45415,0,132097,2655,3750,0,47400,21615,48642,0,2005
106250955,surprise valley community hospital,7/1/2004,6/30/2005,365,audited,excl. ind. audit,modoc,01,0201,district,general,comparable,small/rural,(530)279-6111,main and washington,cedarville,96104,dannette e. depaul,administrator,,surprise valley healthcare district,jeff clark,clark koortbojian & associates inc.,0,05-1308,,hsp30676f,26,26,26,113,0,7244,0,0,8,0,0,1347,8712,25,0,22,0,0,3,0,0,14,64,4,0,0,0,22,0,121,0,0,0,8591,0,34,0,0,0,30,0,91.8,91.8,136.1,3.6,0,0,0,2371,0,985,0,0,2417,0,0,565,6338,507,3733,0,2175,0,0,0,0,0,0,0,0,3036542,197160,0,2839382,69642,3145846,-236822,140896,0,0,0,-95926,1951466,590764,494312,230220,0,1553600,0,0,22746,0,0,306265,2112831,329713,0,155651,0,0,293367,0,0,144980,923711,16630,0,57849,0,0,0,74884,0,18718,0,3300,0,25779,0,0,0,0,543303,0,1651402,0,0,241229,0,0,403448,0,0,38115,31,102750,0,1054614,495859,327535,0,0,0,0,582635,203230,354409,127564,1401682,604765,278812,158059,313280,78935,142489,5498,14569,17102,130655,437540,0,564375,14259,0,0,1016174,469879,0,79404,466891,1016174,3055,432602,-70187,2190727,1200994,3391721,2827346,0,0,0,115904,36500,0,0,56,25,108851,9923,118774,8,0,21865,1652,17365,3682,31339,14692,15285,1434,112,1425,52562,11664,4163,0,24018,7343,9101,0,55734,12304,4368,0,26129,8151,12088,0,2005
106034002,sutter amador hospital,1/1/2005,12/31/2005,365,audited,excl. ind. audit,amador,06,0501,non-profit,general,comparable,small/rural,(209)223-7500,200 mission blvd,jackson,95642,anne platt,ceo,www.sutterhealth.org,sutter health,denise langley,sutter amador hospital,0,05-0014,,zzr00014g,66,66,66,10661,0,1732,0,196,1847,0,1284,0,15720,1589,0,286,0,51,608,0,258,0,2792,42,0,0,0,24,0,8880,0,0,0,6840,0,2450,0,0,0,342,0,65.3,65.3,5.6,3.6,6,457,220,17160,0,8862,0,1021,18592,0,4121,0,49756,15388,15296,0,21325,3,4,123801,264567,1145,3112,165,54,130725636,82783957,0,47941679,6878,49737401,-1788844,0,0,0,0,-1788844,16700053,13350242,100675341,43646241,0,5318798,0,1068857,16202033,0,4223421,0,70459350,23793587,0,6315609,0,1206372,25159347,0,3791371,0,60266286,51472782,0,9979862,0,0,2074644,11419083,0,5090467,0,2747119,0,0,0,0,0,0,15967046,0,1654545,0,200585,29942297,0,177206,0,0,0,0,0,0,0,8221071,6108673,14685614,68654,0,0,0,7500178,2639229,6736909,3777073,18726262,8467890,0,5892130,6664592,3101410,2367623,160427,566777,816220,2974070,15558944,0,29895212,4046842,517257,0,50018255,3739465,0,30617160,15661630,50018255,5935149,21577989,-13067042,31371262,12140476,45936727,16041515,0,0,30617160,30617160,0,0,185470,336,89,628001,84787,712788,47,0,75143,128570,134289,15809,35612,149473,53053,21517,11844,2691,163309,72061,164957,0,111123,63999,52552,0,187340,80204,186449,0,125830,73619,59346,0,2005
106310791,sutter auburn faith hospital,1/1/2005,12/31/2005,365,audited,incl. ind. audit,placer,02,0308,non-profit,general,comparable,,(530)888-4500,11815 education st,auburn,95602-2410,mitch hanna,chief administrator,www.sutterauburnfaith.com,sutter health,sherry claborn,sutter health,0,05-0498,,zzr00498g,97,97,97,8814,2770,1906,50,395,293,3880,359,85,18552,2033,643,568,13,95,66,965,93,23,4499,86,0,0,11,0,0,15946,0,0,2606,0,0,4274,0,0,225,0,0,52.4,52.4,4.1,4.1,12,1085,469,32227,8928,8504,275,1545,10852,33853,2686,2561,101431,22800,0,10245,63320,0,4,172407,147203,1356,1751,328,142,260947504,187993856,7539245,80492893,1508078,73471582,8529389,1616811,414307,0,0,9731893,50079298,32129146,178739060,74242907,23773753,14403477,360255,3355113,2498064,36360158,3325510,737887,159057124,31188919,9889164,8088376,248762,2270494,5535969,38045727,2961408,3661561,101890380,80581098,31587121,18170770,489695,0,4787045,5311615,39731950,1206928,0,6127634,0,0,5051294,0,0,2487951,24770105,7111400,4274737,117994,838562,2575414,36415281,159284,4230116,0,-1635471,99619,842837,0,0,15336183,7496686,23936041,0,0,0,219718,9988252,2247738,11200187,3046777,26467397,14252319,680404,2341616,9731602,11290191,4068218,405417,91230,1848072,2295116,23772790,12777214,20303342,7199134,6638279,833521,71524280,6252691,40374,33693422,31537793,71524280,3875048,40727097,-24097264,29976285,28059808,60737631,40434289,0,0,32002751,33693422,0,603,97294,446,154,841807,109644,951451,113,0,58407,240298,224345,35987,60121,117984,66436,13614,24357,258,265842,116386,234881,0,127069,25152,72477,0,301461,130849,266890,0,142713,28356,81182,0,2005
106344017,sutter center for psychiatry,1/1/2005,12/31/2005,365,audited,incl. ind. audit,sacramento,02,0311,non-profit,psychiatric,comparable,,(916)386-3000,7700 folsom blvd,sacramento,95826,diane stewart,cao,www.sutterhealth.org,sutter health,sherry claborn,sutter health,0,05-4096,hsc34096f,,69,69,69,3895,1242,1929,952,227,464,10391,262,30,19392,438,132,212,106,26,53,1252,30,3,2252,0,69,0,0,0,0,0,19392,0,0,0,0,0,2252,0,0,0,0,77,77,8.6,8.6,0,0,0,691,308,0,82,177,6826,2845,3,0,10932,0,6627,0,2633,0,0,0,0,0,0,0,0,38485801,20213874,266472,18538399,1015881,18398163,1156117,96208,0,0,0,1252325,24019692,2628461,11837648,7180523,2177238,2185114,1429571,351527,689959,16774517,396632,53928,31239009,1141152,511261,0,75366,151161,1796197,3569024,2631,0,7246792,5498756,1986233,1263937,900939,0,379730,379618,9259884,294533,0,250244,0,0,266472,0,0,0,2822919,968738,921177,603998,122958,2106538,10789124,149019,53928,0,-882029,220,95988,0,0,5998408,1714666,1648862,0,0,0,0,2690883,352851,5435218,557275,9089073,3704339,760239,764814,1072443,1203530,442479,311864,119888,418630,510864,3298836,0,5697937,0,0,0,8996773,46000,0,7629222,1321551,8996773,0,5876524,-2879801,7936627,1426841,11395128,5697191,0,0,3556700,7675222,46000,0,4118522,164,57,314368,30548,344916,46,0,35781,85078,51410,11789,55531,42101,21152,8030,3060,436,133836,30091,22176,0,54362,8629,65274,0,144036,34035,24425,0,60367,9927,72126,0,2005
106084001,sutter coast hospital,1/1/2005,12/31/2005,365,audited,excl. ind. audit,del norte,01,0101,non-profit,general,comparable,small/rural,(707)464-8511,800 e. washington blvd,crescent city,95531-8359,john menaugh,ceo,www.suttercoast.org,sutter coast hospital,teresa harris,sutter health,0,05-0417,,hsp00417g,59,59,59,5798,0,1517,0,276,1646,0,0,408,9645,1411,0,528,0,65,591,0,0,135,2730,59,0,0,0,0,0,9645,0,0,0,0,0,2730,0,0,0,0,0,44.8,44.8,3.5,3.5,0,0,0,39280,0,26022,0,3554,28263,0,0,7088,104207,21585,20533,10876,45298,0,12,48795,170775,941,4362,254,70,130169651,78693509,0,51476142,899882,49678442,2697582,412353,0,0,0,3109935,17569062,33215438,79385151,30073604,0,8015507,0,1407287,8977663,0,0,3672267,52146328,28969608,0,16710786,0,2466095,24016574,0,0,5860260,78023323,40439008,0,20814329,0,0,3767086,7583648,0,4220138,0,1869300,0,0,0,0,0,0,18604204,0,3911964,0,106296,25410589,0,0,3443089,0,-2973479,0,412353,0,0,7701874,11386000,12041631,0,0,0,0,7296371,1531587,5779907,3941072,15498512,8192727,4966900,3981583,6003423,5349846,2396696,314039,562441,820558,1591717,10472879,8352320,17830165,462332,0,331478,37449174,4839037,0,16252663,16357474,37449174,931068,19773359,-11287758,25346103,17588880,43983408,26153243,0,0,15779021,16437277,184614,0,146447,332,86,670444,78298,748742,34,0,60173,91929,131009,29549,18927,167634,66408,47528,46720,10567,137016,147744,146178,0,134947,58230,46329,0,152728,162703,164598,0,149338,65827,53548,0,2005
106574010,sutter davis hospital,1/1/2005,12/31/2005,365,audited,incl. ind. audit,yolo,02,0313,non-profit,general,comparable,,(530)757-5101,2000 sutter place,davis,95616,janet wagner,chief administrator,www.sutterdavis.com,sutter health,sherry claborn,sutter health,0,05-0537,hsc30537g,hsp30537g,48,48,48,2610,716,869,1478,230,95,2715,151,43,8907,814,217,411,578,73,35,1088,52,15,3283,48,0,0,0,0,0,8907,0,0,0,0,0,3283,0,0,0,0,0,50.8,50.8,2.7,2.7,14,2539,1316,20271,7464,4181,13410,3334,3272,43649,4031,4876,104488,19974,0,0,78817,0,5,116698,385144,1057,4325,1144,210,195296772,146439864,13800124,62657032,970072,56950136,6676968,262785,255989,0,0,6683764,25312978,21999038,147984756,26927995,7811606,6508420,12723050,2721976,1186640,26252155,1552007,488732,86172581,19793420,6363591,2441927,10673930,4326029,3777276,57241665,2000084,2506269,109124191,38792073,14338349,7862912,20655231,0,6927556,3128232,47893627,3405693,0,3436191,0,0,2236204,0,3532888,8031032,7877594,2064017,1067054,2701077,3644333,1514091,42407963,115900,1265003,0,-6256774,49222,186068,0,0,7198151,3272743,23909522,0,3748700,0,310249,7281858,2087223,7178964,1962726,17494120,7228923,1066811,1314518,8936270,13594876,3534596,399352,667834,971802,1741034,12845903,0,20289679,1035021,6735776,58157,40964536,7050413,0,25091839,8822284,40964536,2513435,25886835,-17634030,22737621,17044623,44127989,23838310,0,0,24832005,25701559,609720,42088,1950443,287,96,557611,58405,616016,168,3,58221,151451,165757,5258,27999,82667,46058,1423,14949,3828,124405,56407,227623,0,77378,28788,43010,0,137340,60957,252970,0,85897,31648,47204,0,2005
106070934,sutter delta medical center,1/1/2005,12/31/2005,365,audited,incl. ind. audit,contra costa,05,0411,non-profit,general,comparable,,(925)779-7200,3901 lone tree way,antioch,94509-6200,gary rappaport,ceo,www.sutterdelta.org,sutter delta medical center,virginia lapid,nathan consulting group,0,05-0523,hsc00523f,,141,141,141,10902,393,4154,495,0,522,6271,1134,1079,24950,2165,76,1108,117,0,147,1826,289,275,6003,141,0,0,0,0,0,24950,0,0,0,0,0,6003,0,0,0,0,0,48.5,48.5,4.2,4.2,17,2263,853,10792,1146,13899,2240,0,4281,24549,7379,2731,67017,55885,0,0,19893,0,3,207780,217985,1325,1641,778,279,327758465,226564015,0,101194450,991178,94094140,8091488,2146299,385862,0,0,9851925,110639027,30827851,186291587,101666322,3815073,31571955,3929977,0,4719570,62382278,11869595,11029549,230984319,20595470,1372616,13550456,2210461,0,5472869,42428110,6679091,4465073,96774146,94641882,1809849,34028520,4262112,0,0,2618137,57466405,11265984,0,18548686,0,1922440,0,0,0,0,27619910,3377840,11093891,1878326,0,7574302,45652655,0,3997526,0,-3369515,0,549128,0,0,22015219,7570869,27536842,0,0,0,0,12454208,4637539,15055978,4823485,31071594,19333825,386157,5190596,12020621,14090711,4651250,612429,706614,1160655,4869688,25374461,32741213,58349223,0,1872245,0,118337142,10050792,807049,49114948,58364353,118337142,4872452,58182332,-40733227,56771555,47564548,109618253,51269030,0,0,49394948,49394948,280000,0,385782,546,173,996710,199040,1195750,254,0,57112,237879,275761,52548,32352,190529,89698,0,48372,12459,312318,112728,237377,0,156530,89738,88019,0,376920,130188,281823,0,182946,105899,117974,0,2005
106171395,sutter lakeside hospital,1/1/2005,12/31/2005,365,audited,incl. ind. audit,lake,01,0115,non-profit,general,comparable,small/rural,(707)262-5000,5176 hill road east,lakeport,95453-6300,kelly mather,ceo,www.sutterlakeside.org,sutter health,suzanne blechel,sutter medical center of santa rosa,0,05-0476,,zzr00476f,69,69,53,6129,0,1854,0,313,426,1385,55,143,10305,1345,0,522,0,65,142,468,19,48,2609,57,0,0,0,12,0,9242,0,0,0,1063,0,2427,0,0,0,182,0,40.9,40.9,3.9,3.8,0,0,0,33442,0,25266,0,2862,6332,21247,802,6436,96387,17921,17895,12826,46510,0,4,97442,146492,887,2624,344,51,163043089,105070549,0,57972540,906228,58859197,19571,458558,114745,0,0,363384,29902411,14956743,118183935,46485786,0,15117524,0,2524328,3757840,13845214,515837,1093836,83340365,33408113,0,13791736,0,2885102,5932190,20973489,300702,2411392,79702724,61477562,0,21720257,0,0,4328223,2948017,10369632,3426857,0,800001,0,0,0,0,0,0,18416337,0,7189003,0,1081207,6742013,24449071,16538,78371,0,-1916213,0,239797,0,0,10154747,7561085,18709738,0,0,0,0,9389951,2056927,8640387,2346362,17733410,14014280,2613195,1956105,7225099,6733584,3258493,382079,711371,1286605,2944976,10328524,2356257,30962798,1817927,0,169047,45634553,6202194,0,11931679,27500680,45634553,395087,23712012,-15388015,38177326,23680617,64554113,33591315,0,0,12275345,12582474,650795,190549,225164,364,114,680307,100703,781010,43,0,67024,153738,161924,26444,49499,155123,35401,8137,16248,6769,155274,120944,179222,0,108243,48050,68574,0,179677,139206,205858,0,122237,55114,78918,0,2005
106444012,sutter maternity & surgery center,1/1/2005,12/31/2005,365,audited,excl. ind. audit,santa cruz,08,0703,non-profit,specialty,comparable,,(831)477-2200,2900 chanticleer ave,santa cruz,95065,richard nichols,administrator,www.suttermatsurg.com,sutter health,laura cherry,toyon associates  inc.,0,05-0714,,hsp30714f,30,30,14,759,0,222,406,10,2961,0,57,164,4579,273,0,86,164,8,1327,0,21,60,1939,30,0,0,0,0,0,4579,0,0,0,0,0,1939,0,0,0,0,0,41.8,41.8,2.4,2.4,0,0,0,959,0,70,129,22,4579,0,86,235,6080,0,0,0,0,0,6,149654,315849,943,5788,863,0,75188266,42552321,0,32635945,547129,26536536,6646538,564289,188710,0,0,7022117,16934508,154581,58099177,7269107,0,1112966,2639107,134663,25477920,0,782180,2276722,39692665,5965922,0,110930,855444,133350,27109973,0,337527,982455,35495601,9588604,0,1033922,3317207,0,267546,26673357,0,551977,0,1119708,0,0,0,0,0,0,3646425,0,189974,177344,467,25914536,0,0,2707199,0,0,0,375563,0,0,5355559,41585,10331424,0,0,0,0,4190056,1189083,3647768,1781061,8243175,4366846,438954,745414,4447729,5062159,1064513,51079,278389,860280,977998,23716994,0,14032115,59799,1068882,218248,39096038,1930479,0,18443669,18721890,39096038,18963805,11503312,-7264494,15435248,5498732,23608908,9576793,0,0,18951006,18951006,507337,0,92580,128,54,244950,28345,273295,209,0,16110,23082,99239,275,13252,38128,48411,225,2089,4139,66150,501,86918,0,65954,7244,18183,0,75062,580,96929,0,72458,7910,20356,0,2005
106341051,sutter medical center - sacramento,1/1/2005,12/31/2005,365,audited,excl. ind. audit,sacramento,02,0311,non-profit,general,comparable,,(916)454-2222,2801 l street,sacramento,95816,tom gagen,ceo,www.suttermedicalcenter.org,sutter health,sherry claborn,sutter health sacramento sierra region,0,05-0108,hsc00108f,,754,722,660,51497,13456,60662,10928,2203,4438,41963,1476,1565,188188,8747,2321,6006,2728,463,843,8650,291,120,30169,567,0,0,0,187,0,139189,0,0,0,48999,0,29223,0,0,0,946,0,68.40000000000001,71.40000000000001,6.2,4.8,42,10400,4833,91718,21338,45919,35299,3136,12712,104023,7562,6517,328224,66540,16310,0,216921,0,21,1372367,444014,8867,5969,3770,1697,2466369302,1919126224,53835373,601078451,14855170,548159534,67774087,12913223,4456829,0,0,76230481,612942190,106236357,1747190755,642727492,162749276,348792091,115212291,28465407,69280768,586207154,19985679,6128431,1979548589,131981543,31122983,57639976,49217009,5590422,27591512,163036740,11465716,9174812,486820713,648997390,188076262,350735307,136097045,0,31353300,66724154,449676532,16755951,0,30710283,0,0,22072503,0,0,31762870,125329147,27863078,53789544,28241150,1207905,29216070,326973493,741112,7716952,0,-32392126,1043997,10285820,0,0,118550882,20116924,202939858,0,0,3814174,2584581,73559979,16332291,94332795,15928050,192192444,87365736,13769339,7977966,105691813,86115848,23858296,3456003,947920,10936713,15847456,147243579,172658308,124447382,52854329,92258846,4046521,593508965,36232641,0,275801982,281474342,593508965,17400950,395291297,-293607514,211488059,184910296,422034974,297587592,0,0,229724260,276336375,534393,4944939,5315545,3255,1172,6078153,767125,6845278,997,20,430185,1608925,1856499,135189,445558,826764,425299,275204,54971,19559,2183246,358325,1693245,68170,967302,160741,622897,24227,2460495,395395,1912184,76126,1091019,181420,701369,27270,2005
106490919,sutter medical center of santa rosa,1/1/2005,12/31/2005,365,audited,incl. ind. audit,sonoma,03,0401,non-profit,general,comparable,teaching,(707)576-4200,3325 chanate road,santa rosa,95404-1707,mike cohill,ceo,www.suttersantarosa.org,sutter health,suzanne blechel,sutter medical center of santa rosa,0,05-0291,,zzr00291g,238,238,181,18385,77,10837,0,2997,1123,9278,291,909,43897,2608,16,2569,0,453,319,2000,45,243,8253,198,30,0,0,10,0,32063,8742,0,0,3092,0,7075,973,0,0,205,0,50.5,50.5,5.3,5.1,10,3099,1738,20481,84,42185,0,4286,6354,30399,180,7338,111307,30818,25348,0,54678,60,9,296131,301909,2130,3213,1494,405,407827337,255392293,233689,152668733,4379712,164209199,-7160754,443376,120001,0,0,-6837379,79801054,34590505,293435778,134156915,440254,55811197,0,19859042,9288340,67964616,1758438,4936333,294215135,27686889,146017,22388009,0,3613943,6438055,44907139,372167,8059983,113612202,114408715,423239,48907938,0,-2702137,17359892,7131848,50959461,11373462,0,7529875,0,0,0,0,0,233689,47366487,163032,27445902,0,6113093,8590351,61992518,-320611,1317961,0,16346492,0,161034,0,0,37077689,7920398,65126931,-350868,0,0,5049327,22049714,5865183,17016932,4453893,57250903,23726677,9203295,4862311,28919576,25159563,5535882,1392321,1195677,1173097,5789897,32535957,0,39125068,6165081,890605,709279,79425990,14950956,0,14165861,50309173,79425990,0,68389772,-43709062,6511803,39772950,64702300,25577232,0,0,13297484,14165861,0,0,295936,906,295,1713234,235274,1948508,249,36,151418,299233,493552,24722,94802,329126,130350,126749,33901,29381,441523,132564,518506,69777,274115,130110,146639,0,504502,151533,589478,80283,309784,147714,165214,0,2005
106311000,sutter roseville medical center,1/1/2005,12/31/2005,365,audited,incl. ind. audit,placer,02,0309,non-profit,general,comparable,,(916)781-1000,one medical plaza,roseville,95661-3037,pat brady,ceo,www.sutterroseville.org,sutter health,sherry claborn,sutter health,2,05-0309,hsc00309f,zzr00309f,180,180,180,18887,4762,6225,874,1295,1994,16618,1020,363,52038,4392,1137,1734,268,270,532,5005,234,97,13669,180,0,0,0,0,0,52038,0,0,0,0,0,13669,0,0,0,0,0,79.2,79.2,3.8,3.8,30,5100,2623,86674,24135,43781,18476,5148,20460,189404,8709,25078,421865,52814,22226,0,350309,0,8,594536,353492,4193,5007,1896,699,828768465,604433164,21952658,246287959,2728869,208038501,40978327,5929157,1326489,0,0,45580995,154494395,90817595,583456475,188056572,49803504,63954169,9011002,17718864,30243437,210397424,11079224,4404071,584668267,61249076,14447859,21231244,8066036,2616764,12165678,109343310,4856249,10123982,244100198,202311426,64332561,79300433,14854514,0,18067662,29825624,161285724,14942461,0,19512759,0,0,9847962,0,0,12104696,46791273,9760029,5103564,2191836,1937699,10334260,167559106,-3577286,6187478,0,-10223080,163765,4368700,0,0,41473105,11866072,79010334,0,0,0,715653,26388612,6411544,32055969,10117212,66510646,31993811,7439634,6254343,35723687,31989427,13849268,1067845,1855954,6287939,5065947,61191302,56700922,109311194,54678760,71017702,4405130,357305010,18289186,0,207590437,131425387,357305010,10786975,126098515,-83095478,97927663,64810847,192268470,82957276,0,0,203579336,210181448,2591011,0,88472,1132,444,2190365,239355,2429720,291,0,128496,492676,704666,22513,197058,339039,223347,6987,50364,25219,695346,154040,777080,0,355462,58068,150369,0,774027,167895,862054,0,394424,64940,166380,0,2005
106481094,sutter solano medical center,1/1/2005,12/31/2005,365,audited,excl. ind. audit,solano,03,0409,non-profit,general,comparable,,(707)554-4444,300 hospital drive,vallejo,94589-2517,teresa glubka,administrator,,sutter solano medical center,sherry claborn,sutter health,0,05-0101,,zzr00101f,111,111,111,12624,87,1029,4165,1976,4038,0,23,306,24248,2269,17,390,1236,440,1279,0,6,137,5774,102,0,0,0,9,0,21382,0,0,0,2866,0,5502,0,0,0,272,0,59.8,59.8,4.2,3.9,7,1843,1022,13059,56,13265,22750,4138,21169,0,453,4565,79455,31854,17938,0,30217,1416,4,144075,132590,1509,2705,740,266,310002845,230884303,9852264,88970806,476481,87192972,2254315,280673,8562,0,0,2526426,64575219,26189943,219237683,92295331,611390,8502588,35733659,18172780,41511667,0,222855,3064758,200115028,28424433,164524,6549048,23876028,7137746,37588713,0,467261,5680064,109887817,97316288,596824,9818778,51233942,-1885173,20351697,38850680,0,2957033,0,11644234,0,0,0,8210197,1642067,0,23106440,151688,4750570,15785667,6418637,37786316,0,125898,845590,0,16012941,0,280673,0,0,18061664,6355479,28868383,2389895,0,0,0,14637879,3585030,11788001,1506641,27244522,13984766,3985560,9198579,10465663,15456992,3572187,370990,330970,476793,2105950,20211514,3372008,19599758,30761723,0,519874,74464877,10062149,1015571,23382104,40005053,74464877,0,49479113,-36538084,32553940,23822363,58996629,39396871,0,0,23382104,23382104,0,0,337530,448,140,909700,144348,1054048,196,0,53679,197591,212888,13596,63905,159833,76872,9100,104623,17613,268842,87914,233434,0,149429,75740,94341,0,302003,97635,289456,0,171890,86037,107027,0,2005
106391056,sutter tracy community hospital,1/1/2005,12/31/2005,365,audited,excl. ind. audit,san joaquin,06,0509,non-profit,general,comparable,,(209)385-1500,1420 north tracy boulevard,tracy,95376-3451,david thompson,ceo,,sutter health,linda willingham,sutter health,0,05-0313,hsc00313f,zzr00313f,82,82,82,7083,0,1979,901,0,5037,0,233,500,15733,1389,0,416,303,0,1743,0,70,126,4047,82,0,0,0,0,0,15733,0,0,0,0,0,4047,0,0,0,0,0,52.6,52.6,3.9,3.9,8,1556,749,12160,0,4617,7272,0,38674,0,691,4129,67543,27895,0,0,36699,0,2,312949,546335,2757,5062,552,193,235943451,157451834,0,78491617,830125,64330815,14990927,1240186,878675,0,0,15352438,37868063,16562491,181512897,50520437,0,14295453,6276934,0,38650277,0,1702644,3205871,114651616,26636679,0,6919788,8111967,0,73357839,0,628308,5637254,121291835,63453407,0,19150347,12627285,0,0,49719554,0,8759283,0,2330952,0,1411006,0,0,0,0,13703709,0,2064894,1761616,0,59746203,0,239559,975636,0,-13100000,0,725039,0,0,12009469,4665667,20600298,0,0,0,0,9885524,3611634,9109155,4449068,24458420,8674961,1068589,893171,6763156,8353308,4838997,420947,1023387,1466417,6369462,17270631,13172207,38879859,3215478,0,353006,72891181,5080300,0,30584488,37226393,72891181,4907068,31430123,-21092094,44412510,28892189,75562478,36682619,0,0,30505766,30851647,267159,0,279268,414,137,776815,96393,873208,197,0,59437,152896,236947,5709,42595,171397,87422,8471,11941,0,199253,54686,241774,0,140377,41691,94398,4636,225220,61072,271299,0,158430,45605,106616,4966,2005
106514001,sutter-yuba - phf,7/1/2004,6/30/2005,365,audited,incl. ind. audit,sutter,02,0227,city/county,psychiatric,phf,,(530)822-7200,1965 live oak blvd.,yuba city,95991-8828,joan hoss ,assistant director,,county of sutter,keith crane,sutter yuba mental health svcs,0,,,zzt70681z,16,16,16,0,0,3219,0,0,1337,0,0,0,4556,0,0,414,0,0,142,0,0,0,556,0,16,0,0,0,0,0,4556,0,0,0,0,0,556,0,0,0,0,78,78,8.199999999999999,8.199999999999999,0,0,0,0,0,0,0,0,0,0,0,0,0,0,0,0,0,0,0,0,0,0,0,0,0,2110249,0,0,2110249,573348,2683597,0,0,0,0,0,0,2110249,0,0,0,0,0,0,0,0,0,0,0,0,0,0,0,0,0,0,0,0,0,0,0,0,0,0,0,0,0,0,0,0,0,0,0,0,0,0,0,0,0,0,0,0,0,0,0,0,0,0,0,0,0,0,0,0,0,0,0,0,0,0,0,0,0,0,0,0,0,0,0,0,0,0,0,0,0,0,0,0,0,0,0,0,0,0,0,0,0,0,0,0,0,0,0,0,0,0,0,0,0,0,0,0,0,0,0,2,0,0,0,0,0,0,0,0,0,0,0,0,0,0,0,0,0,0,0,0,0,0,0,0,0,0,0,2005
106291053,tahoe forest hospital,7/1/2004,6/30/2005,365,audited,incl. ind. audit,nevada,02,0302,district,general,comparable,small/rural,(530)587-6011,10121 pine avenue,truckee,96160,robert schapper,ceo/administrator,,tahoe forest hospital district,ron curtis,tahoe forest hospital district,0,05-0494,,zzr00494f,72,72,66,5597,108,8191,0,43,663,2038,0,1665,18305,511,79,262,0,22,241,692,0,140,1947,35,0,0,0,37,0,6070,0,0,0,12235,0,1923,0,0,0,24,0,69.7,69.7,9.4,3.2,10,882,448,23334,264,11422,0,177,12300,41224,0,25130,113851,15454,23832,5034,67687,0,4,159412,110991,835,869,338,115,83431838,32529458,0,50902380,703583,52106497,-500534,9631121,5430741,0,0,3699846,12163935,7873275,63394628,15659339,667496,6632233,0,283367,3613802,13845869,0,3959076,44661182,7694619,131947,2100978,0,57067,4947796,17222790,0,6615459,38770656,15939475,411945,4649336,0,0,314740,11608,6417994,3916823,0,867537,0,0,0,0,0,0,6927230,341279,3812439,0,25694,5913969,24303243,0,9578526,0,0,520865,743078,3442107,0,6670395,6210507,16327543,0,0,0,0,8162349,3299407,8550884,2885412,19407400,11284162,0,4540237,5463600,3752565,3663490,173149,496512,1021149,2304233,26925234,15052216,28067601,24236257,1541483,0,95822791,12122413,0,33379677,50320701,95822791,12073715,15037430,-6005204,30191836,31939265,67171304,39103703,443127,2095392,29865000,34938661,1558984,0,0,430,78,712202,181734,893936,62,0,117953,134054,134455,12808,15313,194846,59646,43127,0,0,130332,90718,133285,0,122850,80470,93509,61038,152885,105864,222990,0,147198,91816,105977,67206,2005
106190782,tarzana treatment center,7/1/2004,6/30/2005,365,audited,incl. ind. audit,los angeles,11,0905,non-profit,specialty,comparable,,(818)996-1051,18646 oxnard st,tarzana,91356-1411,scott taylor,president,,tarzana treatment center  inc.,silvia cadena & stuart barney,tarzana psychiatric hospital,0,,hsc31408i,,60,60,60,0,0,0,0,12732,3961,0,0,0,16693,0,0,0,0,1464,647,0,0,0,2111,0,0,60,0,0,0,0,0,16693,0,0,0,0,0,2111,0,0,0,76.2,76.2,7.9,7.9,0,0,0,0,0,0,0,61149,11933,0,0,0,73082,0,0,0,0,0,0,0,0,0,0,0,0,13960562,3390780,0,10569782,0,10597702,-27920,26927048,25460323,0,0,1438805,9980835,3979727,0,0,0,0,0,7320900,2659935,0,0,0,9980835,0,0,0,0,3076947,902780,0,0,0,3979727,0,0,0,0,0,3032065,358715,0,0,0,0,0,0,0,0,0,0,0,0,0,0,7365782,3204000,0,0,0,0,0,0,0,0,0,4181916,4322598,0,0,0,0,0,1103898,416263,249036,323991,5050665,1114681,0,526706,594752,38803,259386,951503,101043,34348,1925815,13425091,0,5573866,0,3147852,0,22146809,6494362,0,1957838,13694609,22146809,7986055,5575623,-680767,0,3344734,10581972,5008106,0,77147,0,2324836,366998,0,0,472,15,947361,40431,987792,2,0,52901,576027,21079,4711,6272,157989,70657,52192,708,4825,116052,148220,0,0,19905,17723,9517,635944,119188,151309,0,0,20312,18113,9731,669139,2005
106150808,tehachapi hospital,7/1/2004,6/30/2005,365,audited,incl. ind. audit,kern,09,0623,district,general,comparable,small/rural,(661)822-3241,115 west e st.,tehachapi,93561,ray hino,ceo,www.tvhd.org,tehachapi valley healthcare district,rodney a. phillips,rodney a. phillips  cpa,0,05-0446,,zzt30446f,25,25,25,1178,0,4955,0,0,501,0,0,607,7241,46,0,45,0,0,29,0,0,6,126,3,0,0,0,22,0,298,0,0,0,6943,0,107,0,0,0,19,0,79.40000000000001,79.40000000000001,57.5,2.8,0,0,0,7185,0,10645,0,0,11765,0,0,3602,33197,9474,7999,0,15750,0,1,0,60,0,1,0,0,17125693,7754958,0,9370735,26277,9939141,-542129,962634,0,0,0,420505,2491111,4687501,9947081,769129,0,1786006,0,0,322900,0,0,225748,3103783,3739323,0,2907409,0,0,5969636,0,0,1405542,14021910,1643425,0,2771847,0,-19401,0,2478470,0,842398,0,38219,0,0,0,0,0,0,2865027,0,1940969,0,0,3814066,0,0,750673,0,0,87913,29700,673456,0,1018980,1765542,2760815,0,0,0,0,1712905,938669,1365795,376435,4263362,1960633,533253,436659,986220,673212,175609,178570,136304,17786,577533,2707254,0,752889,496973,9297679,451585,13706380,1904908,0,9778634,2022838,13706380,956087,4365322,-3056201,1219904,2849272,4306528,3553639,0,0,9724988,9911286,132652,0,0,109,29,212124,20249,232373,59,0,26649,24701,20195,18647,22295,59904,32048,1289,4387,2009,33616,35890,44997,0,41613,32314,23694,0,35464,39195,48757,0,46236,36005,26716,0,2005
106314029,telecare placer county p.h.f,7/1/2004,6/30/2005,365,audited,incl. ind. audit,placer,02,0309,investor,psychiatric,phf,,(916)787-8900,101 cirby way drive,roseville,95661,david crosby,administrator,,telecare corporation,kevin moghannam,telecare corporation,0,,,,16,16,16,0,0,3886,0,1178,0,0,0,0,5064,0,0,244,0,143,0,0,0,0,387,0,16,0,0,0,0,0,5064,0,0,0,0,0,387,0,0,0,0,86.7,86.7,13.1,13.1,0,0,0,0,0,0,0,0,0,0,0,0,0,0,0,0,0,0,0,0,0,0,0,0,0,2128273,0,0,2128273,400,2040113,88560,0,0,0,0,88560,2128273,0,0,0,0,1602155,0,526118,0,0,0,0,2128273,0,0,0,0,0,0,0,0,0,0,0,0,0,0,0,0,0,0,0,0,0,0,0,0,0,0,0,0,0,1602155,0,526118,0,0,0,0,0,0,0,0,0,0,1129277,0,0,0,0,0,0,306562,50478,516129,37667,1134432,298538,0,12987,41510,347708,11195,0,25099,0,168644,593923,0,31581,0,0,0,625504,225677,0,0,399827,625504,0,378448,0,0,58996,65484,33903,0,0,0,0,0,214346,0,26,17,49055,5882,54937,9,0,4136,5617,8554,6463,19917,4368,0,0,0,0,38715,0,0,0,1857,2348,6135,0,43377,0,0,0,2080,2660,6820,0,2005
106484028,telecare solano - phf,7/1/2004,6/30/2005,365,audited,incl. ind. audit,solano,03,0408,investor,psychiatric,phf,,(707)436-2130,2101 courage drive,fairfield,94533,linda reese,administrator,,telecare corporation,kevin moghannam,telecare corporation,0,05-4141,,hsp34141f,16,16,16,766,0,277,1120,925,17,2026,0,0,5131,95,0,27,106,98,2,351,0,0,679,0,16,0,0,0,0,0,5131,0,0,0,0,0,679,0,0,0,0,87.90000000000001,87.90000000000001,7.6,7.6,0,0,0,0,0,0,0,0,0,0,0,0,0,0,0,0,0,0,0,0,0,0,0,0,0,4536426,719757,0,3816669,335,3389962,427042,0,0,0,0,427042,4536426,0,0,656378,0,377121,922960,691158,40567,1848242,0,0,4536426,0,0,0,0,0,0,0,0,0,0,190478,0,39024,123280,-112000,180163,0,224812,74000,0,0,0,0,0,0,0,0,391900,0,450097,799680,510995,40567,1623430,0,0,0,612760,0,0,0,0,1908236,0,0,0,0,0,0,288373,61556,899537,232260,1346748,306926,0,127797,72011,686538,15937,184280,42279,0,607446,1033206,0,31556,0,0,0,1064762,1071750,0,0,-6988,1064762,0,943591,-42990,0,53838,92702,61146,0,0,0,0,0,0,491936,32,19,61414,6300,67714,9,0,5281,7168,9469,2645,27979,8172,0,0,700,0,45796,0,0,0,1816,1872,11930,0,50426,0,0,0,2080,2112,13096,0,2005
106190784,temple community hospital,1/1/2005,12/31/2005,365,audited,excl. ind. audit,los angeles,11,0925,investor,general,comparable,,(213)382-7252,235 no. hoover st.,los angeles,90004-3627,herbert g. needman,president/ceo,www.templecommunityhospital.com,temple hospital inc.,keith l. reed,keith l. reed c.p.a.,0,05-0111,hsc30111f,zzt30111f,170,170,130,11390,0,9314,144,0,888,200,0,75,22011,1779,0,927,31,0,215,56,0,15,3023,150,0,0,0,20,0,18031,0,0,0,3980,0,3018,0,0,0,5,0,35.5,35.5,7.3,6,0,0,0,3660,0,850,139,0,611,296,0,247,5803,0,0,0,2398,0,7,121315,208485,1284,3405,0,0,116715688,78381724,89754,38423718,16523,36186385,2253856,33442,0,42500,0,2244798,29948435,0,86767253,48341250,0,29679329,632585,0,9739471,884359,0,689368,89966362,17304401,0,3624019,844439,0,3071283,608011,0,1297173,26749326,41659815,0,27735277,481652,0,0,6383903,346124,1206597,0,0,0,568356,0,0,0,89754,23737127,0,4808254,989776,0,5805360,1230346,0,1852855,0,0,0,25864,0,0,8766265,0,12806805,0,0,64000,0,4563412,1103765,7066710,1815428,12371173,4581811,574508,3104260,5654386,5974143,397175,618982,545280,80584,2284083,5825467,0,6066990,0,261689,0,12154146,7041235,0,1197985,3914926,12154146,769946,17119622,-14731330,5439481,5874144,11895625,5828635,3182985,0,0,3182985,1985000,0,0,288,118,570357,59604,629961,49,0,46555,115036,141800,49452,54821,90272,8034,34179,14876,15332,207681,0,170689,0,86617,35297,70073,0,232946,0,185059,0,93882,40057,78017,0,2005
106564121,thousand oaks surgical hospital,1/1/2005,12/31/2005,365,audited,incl. ind. audit,ventura,10,0813,investor,specialty,comparable,,(805)418-1252,401 rolling oaks drive,thousand oaks,91361,craig corley,director of finance,www.toshospital.com,cirrus health,jeffrey n. brown,hospital management services,0,05-0749,,,21,21,3,234,0,0,0,0,84,518,0,54,890,140,0,0,0,0,51,293,0,33,517,21,0,0,0,0,0,890,0,0,0,0,0,517,0,0,0,0,0,11.6,11.6,1.7,1.7,0,0,0,576,0,0,0,0,308,1915,0,58,2857,0,0,0,1054,0,7,75188,116110,497,1803,0,0,26131382,20290758,0,5840624,93965,13776911,-7842322,16886,20007,0,0,-7845443,1464376,0,24667006,3221836,0,0,0,0,1134632,6432552,0,297305,11086325,2543167,0,0,0,0,1857014,10210741,0,434135,15045057,4632803,0,0,0,0,0,2327817,12653328,136072,0,0,0,540738,0,0,0,0,1115866,0,0,0,0,663829,3876655,0,184274,0,0,7915,8971,0,0,894093,0,4076393,0,0,0,0,2199412,434981,1934821,4237211,3013726,885729,43593,506600,1697932,1154744,797583,1086127,236778,2721837,1632262,3340264,0,23117178,0,0,91778,26549220,7391704,0,20533062,-1375546,26549220,1004619,10465373,-8766597,0,5688228,25069452,1952274,0,21387387,0,21387387,854325,0,749720,45,19,87652,5591,93243,169,0,11848,16790,37252,0,1546,15876,0,4200,0,140,17072,0,40691,0,6119,13697,10073,0,17991,0,43305,0,6404,14266,11277,0,2005
106010782,thunder road chemical depndcy rcvry hosp,1/1/2005,12/31/2005,365,audited,incl. ind. audit,alameda,05,0417,non-profit,specialty,comparable,,(510)653-5040,390 - 40th street,oakland,94609-2633,tom gerstel,administrator,,adolescent treatment centers  inc.,christine ponce,toyon associates  inc.,0,,,,50,50,45,0,0,0,0,10145,3255,0,0,146,13546,0,0,0,0,99,109,0,0,7,215,0,0,50,0,0,0,0,0,13546,0,0,0,0,0,215,0,0,0,74.2,74.2,63,63,0,0,0,0,0,0,0,0,0,0,0,661,661,0,0,0,0,0,0,0,0,0,0,0,0,3729262,1377423,0,2351839,2436876,4970422,-181707,144857,0,0,0,-36850,3604329,111280,13653,0,0,0,0,1804127,1674735,0,0,139120,3617982,0,0,0,0,0,0,0,0,111280,111280,0,0,0,0,0,697184,621936,0,53635,0,0,0,4668,0,0,0,0,0,0,0,0,1106943,1052799,0,0,192097,0,0,141659,3198,0,0,2967141,49748,2667,0,0,0,0,712878,596302,388712,252974,2506564,990933,233199,59394,242420,317641,65829,182134,84160,0,288148,1135705,0,160214,0,0,0,1295919,337804,0,0,958115,1295919,13866,1244667,-775704,62903,622723,840580,680366,0,0,0,0,0,0,0,66,13,72319,65106,137425,4,0,10631,16023,986,0,25548,14523,4608,0,0,0,45529,1344,0,0,7830,10178,7438,0,96694,1345,0,0,13416,18492,7478,0,2005
106191225,tom redgate memorial recovery center,7/1/2004,6/30/2005,365,audited,excl. ind. audit,los angeles,11,0933,non-profit,specialty,comparable,,(310)599-8444,1775 chestnut street,long beach,90813-1674,alyce belford,administrator,,behavioral health services  inc,andrew e. worrell,behavioral health services  inc.,0,,,,63,63,63,0,0,0,0,17108,0,0,0,0,17108,0,0,0,0,874,0,0,0,0,874,0,0,63,0,0,0,0,0,17108,0,0,0,0,0,874,0,0,0,74.40000000000001,74.40000000000001,19.6,19.6,0,0,0,0,0,0,0,0,0,0,0,0,0,0,0,0,0,0,0,0,0,0,0,0,0,3101927,51183,0,3050744,55874,3062121,44497,0,0,0,0,44497,3101927,0,0,0,0,0,0,3101927,0,0,0,0,3101927,0,0,0,0,0,0,0,0,0,0,0,0,0,0,0,51183,0,0,0,0,0,0,0,0,0,0,0,0,0,0,0,3050744,0,0,0,0,0,0,0,0,0,0,1371053,0,0,0,0,0,0,600616,139088,723663,227701,1283621,449618,0,321516,207728,495304,69769,12073,27751,72197,122544,796519,0,2141255,0,138625,0,3076399,4181155,0,0,-1104756,3076399,281192,305911,0,3063023,175464,3827760,1686505,0,0,0,0,0,0,2675717,39,9,71966,9692,81658,0,0,15751,0,5318,12788,0,12021,8316,17772,0,0,37614,0,0,0,17868,6025,10459,0,42149,0,0,0,20016,7154,12339,0,2005
106190422,torrance memorial medical center,1/1/2005,12/31/2005,365,audited,excl. ind. audit,los angeles,11,0931,non-profit,general,comparable,,(310)325-9110,3330 lomita boulevard,torrance,90505-5002,george graham,president,www.torrancememorial.org,torrance hospital association,jennifer floyd,clark koortbojian & associates inc.,0,05-0351,,zzt30351f,377,355,287,32674,16413,7363,721,0,1092,42692,0,1336,102291,4483,5318,1474,208,0,231,11386,0,476,23576,337,0,0,0,40,0,89672,0,0,0,12619,0,22307,0,0,0,1269,0,74.3,78.90000000000001,4.3,4,28,9429,3695,49889,33863,4278,3972,0,2287,143326,0,7822,245437,62449,0,20073,147077,0,14,928149,635850,6495,10568,2323,1737,1274668552,1050228882,86686000,311125670,0,297446056,13679614,28268276,15651482,0,0,26296408,216857960,59064142,998746450,271020582,151752716,56995785,6031497,0,9290794,343014186,0,11966304,850071864,78448458,73622429,5774239,3667604,0,4818607,247677957,0,10587394,424596688,292762900,218759711,43606684,8690514,0,0,10687857,447647579,8283343,0,5810721,0,13979573,40775610,0,0,45910390,52842046,44899062,18469289,901344,0,3265536,182423645,0,8324748,0,0,0,0,0,0,55929433,15195859,129106223,0,0,0,0,49264589,5955550,21123450,20870952,111982603,45153572,0,15366816,66409938,22270501,19779345,4169197,3008381,3788235,5517468,89982296,247948027,166563596,17337051,1273245,0,523104215,135328607,0,98145000,289630608,523104215,13992768,154328596,-106691906,267948950,100571734,375557656,208994060,0,0,99490000,99490000,1345000,0,0,2180,696,4323779,504597,4828376,305,0,317455,912760,1095239,42647,309430,777075,352611,222784,78309,215469,1193611,288380,1396394,0,843331,254921,347142,0,1321195,317700,1570747,0,942556,289883,386295,0,2005
106370780,tri-city medical center,7/1/2004,6/30/2005,365,audited,incl. ind. audit,san diego,14,1414,district,general,comparable,,(760)724-8411,4002 vista way,oceanside,92056,dr. arthur gonzalez,president,http://tri-citymed.com,tri-city hospital district,ruth turner,healthcare management solutions  inc.,0,05-0128,hsc30128f,zzt30128f,397,397,215,25528,13620,7847,2123,0,2296,17191,1898,6148,76651,4746,3311,1994,675,0,488,4914,339,1297,17764,358,29,0,10,0,0,67385,7406,0,1860,0,0,16720,853,0,191,0,0,52.9,52.9,4.3,4.3,38,5254,2996,71396,23434,11580,7960,0,24145,50394,1466,19038,209413,55722,13797,25695,92867,0,12,854580,753480,5268,7118,2561,886,648760869,475897905,37877139,210740103,2917910,219740150,-6082137,9843683,0,0,0,3761546,105740859,55905023,487114987,145428099,98167152,30300915,8635420,0,14443129,105200400,9221079,21017109,432413303,53262521,40158996,10503951,7951818,0,13441931,75189496,1347507,14491346,216347566,132407923,129408124,35737405,10003543,0,0,16652312,116706843,20583551,0,10130179,-2868,4270893,29501305,0,0,8375834,66268993,38389195,4376924,6582383,0,11229491,72011970,0,11881147,0,0,1329105,2596821,5797621,0,40591331,20823532,88555514,0,0,0,0,29257576,7387107,20520955,12604135,85222641,29844922,5416488,7067424,47470518,14938867,11922217,2613471,1333333,4704826,9205443,66759359,66565825,85398950,5669495,1448606,1093527,226935762,50984872,0,68996305,106954585,226935762,9143723,64733072,-14882297,138154217,106010344,252394965,166996015,0,0,74391305,74391305,5395000,0,0,1647,523,3057528,507003,3564531,438,0,219788,704452,821585,78094,188072,643282,250093,12732,82402,57028,834026,340174,892779,0,489193,206724,294632,0,996533,403565,1038408,0,557936,232951,335138,0,2005
106190159,tri-city regional medical center,1/1/2005,12/31/2005,365,audited,excl. ind. audit,los angeles,11,0921,non-profit,general,comparable,,(562)860-0401,21530 south pioneer boulevard,hawaiian gardens,90716,arthur gerrick,ceo,http://tri-cityrmcorg.verizonsupersite.com,tri city regional medical center,catherine matsuda,healthquest consulting,0,05-0575,,hsp34099g,137,137,137,8659,151,2616,168,0,736,484,7,646,13467,1920,25,579,37,0,167,107,1,125,2961,137,0,0,0,0,0,13467,0,0,0,0,0,2961,0,0,0,0,0,26.9,26.9,4.5,4.5,0,0,0,3369,176,1309,955,0,6323,1202,26,2303,15663,6051,1456,0,6051,0,6,132520,140002,1018,2100,0,0,140622722,104721513,0,35901209,237287,36010491,128005,77948,0,0,0,205953,21836540,11592125,107194057,52720409,1262517,16005410,1198020,0,11550872,4679682,69519,6599870,94086299,9620843,264281,2329709,2541593,0,23812314,3704431,44436,4218816,46536423,44506254,1408435,17968417,2319394,0,0,23546885,5582632,6187355,0,113955,0,3088186,0,0,0,0,17834998,118363,366702,1420219,0,11816301,2801481,0,1543145,0,0,0,18600,0,0,4578484,2451312,9895076,0,0,0,0,4143654,2773052,9943624,2225289,11062709,2909567,500250,955764,2988014,10570630,629874,1077581,348911,637449,4329742,19767641,0,3781418,66709,0,0,23615768,11778862,0,5438967,6397939,23615768,2429399,98814500,-82302945,0,8347548,8617211,4835793,0,893726,0,10777830,5338863,0,0,282,69,469600,119780,589380,86,0,45777,125142,84155,30020,30209,101997,49800,0,2336,164,115753,24150,120989,0,88624,55194,64890,0,163895,32824,154871,0,104147,61194,72449,0,2005
106531059,trinity general hospital,7/1/2004,6/30/2005,365,audited,excl. ind. audit,trinity,01,0207,city/county,general,comparable,small/rural,(530)623-5541,north taylor street,weaverville,96093,james sato,administrator,www.trinitycounty.org/departments/hospital/hospital.htm,trinity hospital,jim dregney,wipfli  llp,0,05-1315,,hsp30392h,51,51,51,1380,0,6411,0,80,200,0,0,896,8967,230,0,64,0,21,63,0,0,22,400,25,0,0,0,26,0,1232,0,0,0,7735,0,373,0,0,0,27,0,48.2,48.2,22.4,3.3,0,0,0,6760,0,5034,0,920,5745,0,0,1312,19771,4820,3155,1115,10490,0,1,5550,11484,50,183,0,0,15302050,1881598,0,13420452,51835,10098017,3374270,337,0,0,0,3374607,2204790,4684333,8412927,1961700,0,2193594,0,110478,303652,0,0,415548,4984972,3570689,0,2054265,0,428926,3142700,0,0,1120498,10317078,834578,0,450065,0,-1681,73927,337248,0,183773,0,0,0,3688,0,0,0,0,4697811,0,3799475,0,465477,3109104,0,0,1348585,0,0,0,325,0,0,2098719,1824519,2509329,0,0,0,0,1509124,894600,1143563,118163,3135873,2605313,573472,1270785,1333726,497090,234726,59832,48344,27560,311296,3561098,0,2696783,0,0,0,6257881,1814287,0,105763,4337831,6257881,1020150,4009529,-1709198,2533077,3163851,5696928,3000145,0,0,0,154271,48508,0,0,117,50,229468,32847,262315,42,0,27638,35584,47641,11113,45488,20344,17968,4175,10226,9291,82507,39191,38450,0,28111,20573,20636,0,89924,43701,46925,0,31536,24540,25689,0,2005
106540816,tulare district hospital,7/1/2004,6/30/2005,365,audited,incl. ind. audit,tulare,09,0611,district,general,comparable,,(559)688-0821,869 cherry avenue,tulare,93274-2207,robert montion,ceo/administrator,www.tdhs.org,tulare local healthcare district,rick jackson,tca partners  llp,0,05-0539,,zzt30359f,112,112,112,9583,0,4049,2375,985,4022,0,0,843,21857,2110,0,1788,923,556,1173,0,0,291,6841,112,0,0,0,0,0,21857,0,0,0,0,0,6841,0,0,0,0,0,53.5,53.5,3.2,3.2,6,1925,1076,29163,0,18264,10274,3624,21888,0,0,13814,97027,27464,0,5709,63058,0,3,106052,165875,1864,3609,691,393,127244645,73983177,0,53261468,420411,53394743,287136,3283772,202438,0,0,3368470,16389523,10283989,100571133,30186197,0,13632914,8148800,3466122,11491798,0,0,2914596,69840427,17013747,0,10930374,6601754,997021,17538639,0,0,4322683,57404218,26020278,0,15408209,10370519,-1924725,2550619,15790318,0,5135597,0,632362,0,0,0,0,0,0,21179666,0,11079804,4380035,1912524,13240119,0,0,1469320,1376985,0,882610,929922,981671,0,10446575,4542148,21901059,0,0,0,0,7378628,2415478,4677819,2033036,21763941,9094778,0,2864840,9599341,3860667,2732759,247052,309586,51545,2870234,22748483,8224856,20835769,10274746,1309312,0,63393166,10902912,0,27738962,24751292,63393166,15261798,21041247,-16998032,29312390,19971896,51912105,31076336,142273,1663250,18570000,29018415,1279453,0,8642892,520,155,1002309,134544,1136853,58,0,73009,208873,202102,40979,78959,242262,101772,0,23157,31196,253571,95664,269114,0,175806,94626,113528,0,292112,110111,306103,0,194798,104510,129219,0,2005
106551061,tuolumne general hospital,7/1/2004,6/30/2005,365,audited,excl. ind. audit,tuolumne,06,0513,city/county,general,comparable,small/rural,(209)533-7144,101 e. hospital rd.,sonora,95370-5227,barry woerman,ceo,http://tghhospital.com,county of tuolumne,rodney a. phillips,rodney a. phillips  cpa,0,05-0325,hsc00325f,zzr00325f,79,79,79,3202,0,16626,0,1029,1278,0,0,1052,23187,736,0,574,0,224,282,0,0,48,1864,19,16,0,0,44,0,4394,3495,0,0,15298,0,1088,690,0,0,86,0,80.40000000000001,80.40000000000001,12.4,4.4,0,0,0,24631,0,43764,0,11049,28043,0,0,8121,115608,11391,46566,0,50000,0,2,27399,43929,248,552,0,0,76412920,50996780,0,25416140,279953,30803270,-5107177,3971906,0,0,0,-1135271,15726966,13632779,47053175,13722504,0,12402497,0,3723676,5074880,0,0,1564307,36487864,10344992,0,11920779,0,4284181,11070947,0,0,2304157,39925056,16600376,0,15356231,0,-829089,5649554,10326543,0,3710692,0,94411,0,88062,0,0,0,0,7467120,0,9796134,0,2358303,5731222,0,0,63361,0,0,15512,0,0,3200000,5577255,6126811,9042037,0,0,0,0,4110842,2128889,2981072,836364,10656086,6676690,2712810,710070,3572784,3346719,1056612,268821,302291,245396,1254991,5137060,0,3805881,274772,417,0,9218130,8661476,0,1619093,-1062439,9218130,378232,15225668,-11656806,5988111,9479438,15778549,11972668,0,0,722637,1916575,297482,0,0,266,90,502493,62585,565078,95,0,44992,120182,65126,29240,92581,107001,17960,14390,7580,3441,148339,124779,84363,0,46675,45874,52463,0,166323,137387,96164,0,51728,53041,60435,0,2005
106301357,tustin hospital medical center,9/1/2004,8/31/2005,365,audited,excl. ind. audit,orange,13,1015,investor,general,comparable,,(714)669-5880,14662 newport ave,tustin,92680,michael hartman,ceo,,pacific health corporation,larry natsume,pacific health corporation,0,05-0720,hsc30720f,hsp40720f,177,177,177,1837,0,3534,7138,95,1133,78,276,0,14091,758,0,617,69,39,477,35,117,0,2112,135,0,0,0,42,0,5007,0,0,0,9084,0,2076,0,0,0,36,0,21.8,21.8,6.7,2.4,0,0,0,1093,0,592,948,145,5857,854,2526,27,12042,7815,0,0,4966,0,5,144019,82438,615,793,0,0,126731561,107347566,0,19383995,381656,25122979,-5357328,0,0,-2357224,0,-3000104,23276149,3112766,100342646,10636277,0,22413500,57856147,603469,16080630,1912768,2167281,0,111670072,1022620,0,267338,616794,414676,9200365,1795366,1723279,21051,15061489,7677331,0,19294210,53785953,0,329422,16953824,3355013,0,0,5932540,0,19273,0,0,0,0,3981566,0,2142644,4284105,257118,7695647,353121,668016,1778,0,0,0,0,0,0,5753705,904972,6165330,0,0,0,0,3173198,1200436,6808146,1117192,11625751,2020845,789828,725388,2525237,2948568,579322,575069,123088,769440,2440443,23864130,0,7100278,0,0,3693,30968101,47228228,0,8016726,-24276853,30968101,0,84505465,-62019332,4037554,2970694,8947598,1847320,0,0,0,8016726,0,0,12791570,229,83,440661,37763,478424,207,0,59974,102131,76566,45502,50729,67002,36239,0,2518,0,159017,18062,88581,0,82804,44010,48187,0,172828,18791,97821,0,88861,48067,52056,0,2005
106400548,twin cities community hospital,1/1/2005,12/31/2005,365,audited,excl. ind. audit,san luis obispo,08,0801,investor,general,comparable,small/rural,(805)434-3500,1100 las tables road,templeton,93465,rick lyons,ceo,www.twincitieshospital.com,tenet healthcare corporation,remedios h. maglaya,tenet healthcare corporation,0,05-0633,hsc30633f,,84,84,72,12731,114,2352,39,436,300,5837,97,250,22156,2425,26,564,11,74,84,1515,25,85,4809,84,0,0,0,0,0,22156,0,0,0,0,0,4809,0,0,0,0,0,72.3,72.3,4.6,4.6,9,1299,616,13025,106,10063,251,311,2252,21381,59,5523,52971,23226,52,0,30027,0,4,163332,178717,1559,2541,577,153,426765204,357701452,0,69063752,321312,60661399,8723665,123711,202281,0,0,8645095,71421370,24647328,330696506,158774396,1475018,29719778,659487,5231723,4644732,87332368,1260347,3704208,292802057,39266379,351431,15981727,397837,1471271,4281687,63904406,237261,8071148,133963147,177235728,1593881,42399061,1021190,0,5978861,5732864,111349955,6348990,0,1585902,-46692,4501712,0,0,0,0,20805047,232568,3112893,36134,724133,3054638,37506891,147949,3443499,0,0,0,0,0,0,11789271,5322556,21286587,0,0,0,0,7396905,5020514,7160660,2684906,20496628,8463832,1342457,4594124,10401583,9997345,2026299,201265,1311210,1313,1825343,12978283,0,29920130,21772376,64054019,703387,129428195,7203584,0,0,122224611,129428195,0,30925022,-19667859,30030637,19073103,49753555,19833425,0,0,0,0,0,62843590,0,352,124,694549,99214,793763,127,0,82036,131645,198269,7308,51627,143512,7906,10353,60951,942,231490,67886,197846,0,66031,59341,71955,0,264963,80220,228023,0,73674,67418,79465,0,2005
106190796,ucla medical center,7/1/2004,6/30/2005,365,audited,incl. ind. audit,los angeles,11,0927,non-profit,general,comparable,teaching,(310)825-5041,10833 leconte avenue,los angeles,90024,david callender,ceo,http://healthcare.ucla.edu/ucla-medical/,regents of the university of california,siri welch,ucla medical center,1,05-0262,,zzt30262f,669,669,669,45965,4802,28576,4015,1025,1337,80560,1126,8260,175666,6813,629,3801,704,70,243,12730,193,1423,26606,669,0,0,0,0,0,175666,0,0,0,0,0,26606,0,0,0,0,0,71.90000000000001,71.90000000000001,6.6,6.6,20,3874,1861,234378,24893,51093,19372,596,18463,378241,2584,34339,763959,44724,656897,50724,0,0,43,2689245,1171716,16404,11542,2007,597,2320065276,1568444369,5679516,757300423,51489964,895768337,-86977950,0,0,0,0,-86977950,328149514,108735627,1883180135,432854163,44542687,189889572,79919438,8139325,27012727,734325258,10068930,74260263,1601012363,195667566,22422670,35035331,22049643,431734,28286181,359471514,3838691,51849583,719052913,401211423,54942861,177369788,65128919,0,5288546,23896515,719619637,16985001,0,13956024,0,90045655,298742,455498,38053,4887223,225792347,12320638,46332786,36887785,3319965,30706642,370734008,12673725,18532527,0,-21821656,0,0,0,0,167680223,49249614,381670377,0,0,0,5342345,130755156,33798968,91103243,36168411,274385172,229319772,22968256,19154574,169028257,92763333,38483319,13783400,7766000,9787843,18328411,450085376,81777989,199116536,661912881,0,0,1392892782,216459954,0,296683958,879748870,1392892782,28751326,187606913,-39095551,381781286,253101046,641783659,442667123,0,0,339237987,339237987,42554029,233108429,75000000,5253,1832,9658683,1401792,11060475,654,691,759912,3116031,2587384,181913,1041020,1568780,269436,0,64343,69864,2786922,775183,2748678,57687,1852237,551438,886538,0,3205018,844884,3183316,64458,2125564,642478,994757,0,2005
106190930,ucla neuropsychiatric hospital,7/1/2004,6/30/2005,365,audited,incl. ind. audit,los angeles,11,0927,non-profit,psychiatric,comparable,,(310)794-8154,760 westwood plaza,los angeles,90024,david callender,ceo,www.mednet.ucla.edu,regents of the university of california,michael hertel,ucla,0,05-4009,,zzt34009f,136,113,70,5408,343,1768,0,0,660,10247,5791,2403,26620,418,30,164,0,0,54,789,478,265,2198,0,136,0,0,0,0,0,26620,0,0,0,0,0,2198,0,0,0,0,53.6,64.5,12.1,12.1,0,0,0,3195,46,26,0,0,175,8041,3606,2051,17140,0,13712,0,0,0,0,0,0,0,0,0,0,52959523,20573193,0,32386330,0,33511029,-1124699,1253623,0,0,0,128924,39507002,5570862,7881659,11017975,661990,3093250,0,0,1339503,16916200,8594979,4080612,45704509,1580189,32296,14608,0,0,86425,4063655,1172043,305798,7255014,6642334,468380,2866065,0,0,0,561972,14364199,3502176,0,0,0,-7831933,0,0,0,0,4952670,170506,2613,0,0,746326,4884340,19534044,2095831,0,-2200405,0,1253623,0,0,14989745,2265424,2155450,0,0,0,1266640,5305617,865743,5742829,919581,16898452,7241516,0,842476,360739,5580609,884239,59089,0,64416,1579493,37474258,0,13011744,0,0,0,50486002,7695801,0,6650677,36139524,50486002,33419989,5717955,-1667844,31331394,1334685,32666079,19654335,0,0,7077323,7077323,426646,0,0,332,131,616315,89025,705340,152,50,27600,133226,190514,22195,59774,53829,36075,79303,12742,1057,335050,52133,9891,49329,80008,0,89904,0,385337,59650,11344,49337,94938,0,104734,0,2005
106381154,ucsf medical center,7/1/2004,6/30/2005,365,audited,incl. ind. audit,san francisco,04,0423,non-profit,general,comparable,teaching,(415)476-3001,505 parnassus avenue,san francisco,94143,mark laret,ceo,www.ucsfhealth.org,uc regents,laura cherry,toyon associates  inc.,0,05-0454,hsc00454g,zzr00454g,586,574,574,45786,4059,37588,4546,1687,2753,66441,1524,3369,167753,7725,662,5425,824,274,483,10810,261,529,26993,586,0,0,0,0,0,167753,0,0,0,0,0,26993,0,0,0,0,0,78.40000000000001,80.09999999999999,6.2,6.2,26,3315,1389,147153,9411,88873,35522,2530,18314,259689,118,17921,579531,35815,593184,26590,55940,0,37,3608086,1039125,12602,11090,1235,492,3437810226,2334623293,3824242,1107011175,12237596,1129052839,-9804068,6876504,2303135,0,0,-5230699,855193646,378937320,2203679260,617325958,60554976,476961216,56835238,28706007,44326869,973964251,11552269,36639972,2306866756,279425595,21108986,124722524,37516044,8192663,34571992,592302262,154340,32949064,1130943470,654812338,63807778,459950407,74292987,0,27232950,38271741,940180272,45381254,0,10960683,-2986502,22719385,0,0,0,3824242,237542497,16776599,136655644,17048891,9018386,39022432,608972046,2,41974678,0,0,0,5537780,0,0,157731278,124340654,447817248,0,0,3487591,23489846,153147879,34652721,128527377,55858245,363394519,176751890,196811513,43335567,181899691,53397486,51434248,23508797,4626987,6575327,27316814,380321308,0,333824644,81815573,4589003,0,800550528,194915310,0,121811473,483823745,800550528,144248124,253176876,-46928798,545514158,258205821,804757875,470933231,0,37603473,96700000,134303473,12492000,0,411214,5249,1564,9970808,1511668,11482476,1440,549,895364,2820000,2397410,64070,790724,1969272,444894,23837,232987,332250,2399646,1564348,2793141,49345,1769833,523254,865057,6184,2749488,1801751,3227613,56715,2032796,609176,997986,6951,2005
106231396,ukiah valley medical center-hospital dr,1/1/2005,12/31/2005,365,audited,incl. ind. audit,mendocino,01,0113,non-profit,general,comparable,small/rural,(707)462-3111,275 hospital drive,ukiah,95482-4531,mark larose,president/ceo,http://www.uvmc.org,adventist health systems,colleen duncan,ukiah valley medical center,0,05-0301,,zzr00301f,78,78,51,5044,22,3127,11,731,288,2675,114,217,12229,1268,5,1254,2,178,65,962,45,100,3879,78,0,0,0,0,0,12229,0,0,0,0,0,3879,0,0,0,0,0,43,43,3.2,3.2,0,0,0,17508,90,13923,82,2737,2683,21634,388,1805,60850,24802,0,0,35001,0,8,150324,165440,1529,3118,613,219,185830693,136104802,0,49725891,735078,49382929,1078040,840470,270539,0,0,1647971,41778228,23810625,120241840,42022634,154338,24162458,78967,6309741,2198335,19999415,1204269,1859162,97989319,26431848,157767,18978772,127617,4527363,5370304,29459095,648700,2139908,87841374,50711156,250671,32943761,173686,0,8243289,5933049,30305291,1683941,0,4169235,0,1690723,0,0,0,0,17743326,61434,8261380,24316,2222220,1635590,19153219,0,624406,0,0,127205,340809,0,0,8337376,3531602,18053037,0,0,0,0,6634792,2217583,8037751,2570788,21318147,7363152,2100864,2322749,6862317,4408447,1674643,558123,646775,648665,1479047,17867320,1543549,17807986,328885,1651169,179628,39378537,7450694,0,21225147,10702696,39378537,7400674,30100457,-21259760,22212691,14073670,38385745,20577759,0,0,19082836,21771760,546613,1085009,0,389,108,762860,72830,835690,87,0,72432,133440,169840,31514,23460,225915,79528,0,12299,14432,167761,59429,207360,0,132011,75917,120382,0,182294,65272,227812,0,142711,84409,133192,0,2005
106370787,university community medical center,1/1/2005,12/31/2005,365,audited,excl. ind. audit,san diego,14,1418,investor,general,comparable,,(619)582-3516,5550 university ave,san diego,92105-2307,tim patten,ceo,www.ucmedctr.com,quantum health  inc,loretta masi,pacific hospital management,0,05-0447,hsc30447g,,100,100,100,6045,12,11770,92,93,166,22,0,5391,23591,873,6,1416,34,25,32,10,0,622,3018,57,43,0,0,0,0,9176,14415,0,0,0,0,1355,1663,0,0,0,0,64.59999999999999,64.59999999999999,7.8,7.8,0,0,0,436,2,90442,358,148,223,33,0,730,92372,1469,0,0,0,0,5,10041,39856,75,1062,0,0,53115673,29128974,0,23986699,663726,29341917,-4691492,345405,0,0,0,-4346087,28115636,7722904,17277133,12207592,35953,17101728,398005,308145,552016,68016,0,8744420,39415875,1589391,6081,8576251,755262,329511,1287924,142183,0,1013195,13699798,4886691,1396,18109957,734464,-4377076,195468,552492,116290,1045305,0,2364604,0,5499383,0,0,0,0,8496682,39378,10234741,384230,423072,877511,87607,0,3443478,0,0,0,0,0,0,7995102,2019379,4598583,0,0,0,0,3916216,1043851,3867284,5901502,11904567,3479238,893837,407970,2905025,1891530,700549,1074099,143038,4300452,1641612,27075062,0,2281137,20000,329334,0,29705533,23464381,0,15000000,-8758848,29705533,0,4499876,-1185969,48978,4089182,4173321,1892184,0,0,0,15500000,500000,74896,0,283,113,545459,44574,590033,165,0,55524,124520,165523,32090,38285,81725,42559,4616,617,0,231488,39133,79601,0,106246,38441,50550,0,248458,42152,85571,0,115729,42122,56001,0,2005
106341006,university of california davis med ctr,7/1/2004,6/30/2005,365,audited,incl. ind. audit,sacramento,02,0311,non-profit,general,comparable,teaching,(916)734-9136,2315 stockton boulevard,sacramento,95817-2201,robert chason,ceo,www.ucdmc.ucdavis.edu,uc davis medical center,terrylee neal,uc davis medical center,1,05-0599,hsc00599g,zzr00599g,530,528,528,35037,4354,39475,13102,10359,6409,37424,3349,220,149729,6228,823,5590,2190,1807,1716,7210,2167,48,27779,511,0,0,19,0,0,144867,0,0,4862,0,0,27510,0,0,269,0,0,77.40000000000001,77.7,5.4,5.4,8,4715,2280,176734,35695,54910,40027,11060,34289,507684,17383,4203,881985,45822,794951,19855,12674,4484,25,2185410,875940,10639,8507,1958,704,3081531081,2212358126,97667059,966840014,30046628,907944828,88941814,5625788,1646945,0,0,92920657,836605585,361275350,1883650146,539025220,68983869,518795645,183820050,187495100,115796396,640747991,65296222,5196081,2325156574,142316233,25841152,79773727,56430908,31465551,56589306,315498041,38161354,10298235,756374507,539348635,82581025,332205235,178896697,-56409338,187151621,133167331,660724398,39314802,0,81101740,-95374,34371354,9621629,10288736,0,77756694,131773438,20826236,317447185,69131058,26721475,36088226,349094094,11302958,4455344,20455360,0,0,5152348,0,0,126458539,147179442,265167064,6508914,6162917,274590,19289477,135965512,28862069,112065767,60010537,355544434,195110856,504767,5716502,133872202,67680457,49238147,14065117,5395907,17022832,63793607,330408563,8551087,596937302,112285548,39787101,0,1087969601,143240258,0,377284978,567444365,1087969601,164585920,349405809,-214765626,627838318,263051552,966212927,369275625,0,810733,371924059,392481634,15196656,0,19746842,6006,1633,10813209,1678920,12492129,753,555,1027743,2524074,2452497,135863,807967,2478345,501580,885140,0,0,2004421,2566378,2107010,553446,1842499,527398,1212057,0,2325282,2956038,2464485,554333,2150632,626280,1415079,0,2005
106301279,university of california irvine med ctr,7/1/2004,6/30/2005,365,audited,incl. ind. audit,orange,13,1015,non-profit,general,comparable,teaching,(714)456-5678,101 south-the city drive,orange,92868-3201,dr. ralph cygan,executive director,www.ucihs.uci.edu,regents of the university of california,neil myers,uci medical center,1,05-0348,hsc30348g,zzt30348g,453,383,383,24237,2374,21303,18376,6850,1262,25505,6842,0,106749,3573,392,1688,3785,1110,339,4998,1644,0,17529,350,84,0,19,0,0,84409,17573,0,4767,0,0,15180,2041,0,308,0,0,64.59999999999999,76.40000000000001,6.1,6.1,30,3144,1225,112347,2655,66183,95183,15861,5131,161885,48788,0,508033,37817,414421,0,71999,3344,15,1091880,610770,5046,5552,1030,476,1637009424,1153211157,15589497,499387764,28273123,462691755,64969132,2053811,228243,0,0,66794700,416602810,166822650,1053583964,265250710,33020373,221570277,222066642,77147856,22166073,326845229,92960093,0,1261027253,95357708,4789719,32293638,65337824,11379908,3716380,134393067,28713927,0,375982171,274617273,25836383,140149583,255173434,-59511949,77749637,0,331738480,6436532,0,103690894,-2723488,54378,0,14878605,0,710892,85991145,11973709,173226281,47109637,13501615,19391543,130210708,17983126,0,55194845,-24904582,0,2053811,0,0,80877497,54646013,154549878,2442698,3826886,0,15236835,66346230,23396985,50888085,10480648,169918399,97662158,16737223,17774897,77427235,47941831,15201377,5667303,1129300,1475149,11756883,177630075,0,112706444,68107988,0,0,358444507,66709960,0,19709715,272024832,358444507,118630,86994233,-27332572,185761662,102382502,295538065,182831621,0,22962156,0,27357833,7648118,0,0,3213,799,6022247,994109,7016356,637,257,539233,1581218,1237127,42656,382049,1435138,466030,4636,264170,69990,1442194,1077217,1347978,0,1078288,534176,542394,0,1673129,1264592,1572042,0,1248515,624231,633847,0,2005
106370782,university of calif-san diego med ctr,7/1/2004,6/30/2005,365,audited,incl. ind. audit,san diego,14,1418,non-profit,general,comparable,teaching,(619)543-6222,200 west arbor drive,san diego,92103-1911,richard liekweg,ceo,http://health.ucsd.edu,regents of the university of california,john rogers,ucsd medical center,1,05-0025,hsc30025f,zzt30025f,540,480,466,30816,3568,36021,3929,9076,4330,32316,6512,737,127305,4625,743,5145,892,1359,702,6068,1493,307,21334,473,67,0,0,0,0,113346,13959,0,0,0,0,19925,1409,0,0,0,0,64.59999999999999,72.7,6,6,15,5695,3030,80629,7259,69482,17248,19539,8953,133834,11089,3269,351302,57855,187943,0,75538,0,26,1436464,866166,7518,13294,1918,1023,1267038490,651455947,0,615582543,38794026,588820458,65556111,6919894,534634,0,0,71941371,363173721,65830790,838033979,212892000,29339031,205237561,25063736,50415243,31959689,240855363,45374267,3367967,844504857,99720797,17591250,67702741,12906355,17400311,13197822,181673921,10215030,2125406,422533633,204552900,28987636,91861490,27712228,-51979225,49131827,26107325,225999365,4159369,0,44923032,0,0,0,0,0,0,106856813,17935881,233036090,10254633,18683727,18800174,196112112,10666265,3236848,80860535,0,0,5072418,0,0,106935147,34101367,229669763,0,0,0,26094531,93639108,15346088,65427538,17606916,207928379,116669740,16983627,18554694,116851639,56839920,20892328,7105418,5550797,4446982,16996934,221359925,0,224709644,67078037,4428468,1431456,519007530,93242029,0,100161285,325604216,519007530,3486176,70227271,-3009678,329693951,67819933,408477400,183767756,1590000,7975851,80346818,106865166,6703881,0,0,3760,1150,7555159,876510,8431669,1097,315,502458,1360581,1547754,70114,774960,996891,548154,1142688,295178,316381,2014027,677951,1978111,973339,1204448,251873,455410,0,2247816,759448,2241805,975561,1386673,297899,522467,0,2005
106191216,usc kenneth norris jr. cancer hospital,1/1/2005,12/31/2005,365,audited,excl. ind. audit,los angeles,11,0925,investor,specialty,comparable,,(323)865-3000,1441 eastlake ave,los angeles,90033-1048,ted schreck,ceo,www.uscnorris.com,tenet healthcare corporation,remedios h. maglaya,tenet healthcare corporation,0,05-0660,hsc30660g,hsp30660g,60,51,49,6933,0,188,0,0,0,8595,3,494,16213,1039,0,19,0,0,0,1623,1,79,2761,60,0,0,0,0,0,16213,0,0,0,0,0,2761,0,0,0,0,0,74,87.09999999999999,5.9,5.9,0,0,0,42393,0,1223,0,0,0,72148,61,4262,120087,0,45589,0,73534,0,5,396960,217500,1340,1068,0,0,286714736,194599916,0,92114820,1540745,99824522,-6168957,182815,125103,0,0,-6111245,27809422,3968428,254936886,51878660,0,1243682,0,0,0,66461829,3499,3796816,123384486,61218788,0,1469667,0,0,0,96752979,47351,3841465,163330250,83713451,0,1869015,0,0,0,0,98699684,7331342,0,80324,0,2906100,0,0,0,0,29383997,0,814860,0,0,0,58312243,0,3603720,0,0,0,0,0,0,10132928,3531398,48587324,0,0,0,1240622,11734286,6304339,12512437,5781188,23649552,8218190,737827,7779677,33045373,16687280,4108348,1444247,953607,459231,2741190,27710133,0,28305162,843068,50000,71709,56980072,58385773,0,1173045,-2578746,56980072,4099,57700874,-33001493,26343192,8835687,36709156,8403994,0,1173045,0,1173045,0,0,30074492,408,111,841818,96511,938329,196,25,74916,144062,165541,14166,50974,260086,27996,14776,44028,45273,198518,70834,225375,0,116234,109915,120942,0,223204,80791,252812,0,129327,119233,132962,0,2005
106194219,usc university hospital,1/1/2005,12/31/2005,365,audited,excl. ind. audit,los angeles,11,0925,investor,general,comparable,,(323)442-8500,1500 san pablo street,los angeles,90033,ted schreck,ceo,http:\\www.uscuh.com,tenet healthcare corporation,remedios h. maglaya,tenet healthcare corporation,0,05-0696,hsc30696f,hsp30696f,269,267,174,24991,4438,8366,2369,0,1516,21976,40,261,63957,2942,512,866,199,0,236,3639,4,62,8460,257,12,0,0,0,0,61348,2609,0,0,0,0,8143,317,0,0,0,0,65.09999999999999,65.59999999999999,7.6,7.6,0,0,0,23284,1229,3572,681,0,5131,36144,1,810,70852,0,24106,0,40937,0,14,1346220,462900,5753,4858,0,0,1469611729,1190291167,0,279320562,2338711,267995744,13663529,467286,552950,0,0,13577865,248272389,5858268,1215481072,443836044,102882420,156179962,48766608,0,28278918,472895511,871380,8135578,1261846421,67588540,7471908,11208724,3658970,0,12821316,102774215,6543,2235092,207765308,433540012,92656902,159069569,48953095,0,0,22562496,429167059,-5346001,0,2086045,0,7601990,0,0,0,0,77884572,17697426,7118065,3465413,0,18889866,151434751,0,2830469,0,0,0,0,0,0,44628749,1830378,127450361,0,0,0,10933070,28520442,12711493,30029555,11891696,68311386,27338510,1394364,16223362,71902416,55743720,10389847,3983530,4194493,194,8513922,60101064,0,145398798,79577949,100805939,1041747,386925497,46033460,0,0,340892037,386925497,148123,160648267,-110033057,149273878,99906967,251319774,105920976,0,0,0,0,0,100805939,0,1207,438,2250971,389659,2640630,599,135,138693,486283,662571,9344,239790,392752,128892,62946,123678,6022,789367,31276,799418,5516,304165,79902,241327,0,971694,33719,923540,9650,337281,89342,275404,0,2005
106484001,vaca valley hospital,1/1/2005,12/31/2005,365,audited,incl. ind. audit,solano,03,0408,non-profit,general,comparable,,(707)446-4000,1000 nut tree road,vacaville,95688-4100,deborah sugiyama,president,http://www.northbay.org,northbay healthcare system,william dean,northbay healthcare corp,0,05-0680,,hsp30680f,50,50,50,6584,847,162,982,624,1068,1421,155,87,11930,1205,187,34,223,143,317,322,19,8,2458,50,0,0,0,0,0,11930,0,0,0,0,0,2458,0,0,0,0,0,65.40000000000001,65.40000000000001,4.9,4.9,0,0,0,15505,5725,2811,9444,1725,25141,14894,358,2278,77881,20553,39947,0,18772,1057,2,50043,60479,433,680,0,0,295717068,235265395,9272793,69724466,207631,56617905,13314192,740043,0,0,0,14054235,53035173,64757235,177924660,88409571,13017152,3104068,13524178,9339122,19901040,20900756,2181267,1136866,171514020,26133331,13593328,4200832,16544063,6454628,26567262,23960136,1151000,5598468,124203048,101366864,25228805,5775820,28799253,0,14125624,18616991,30009036,7850689,0,3074012,-255,418556,3009407,1918186,463031,3882169,13121251,4275652,1529080,3187174,2131157,26713003,18334891,271902,160356,0,-12260779,0,740028,0,0,10000164,8721615,14268654,2919446,0,0,0,7483490,3041727,8139338,2043471,19002402,7021284,3127841,1551199,5869488,15284544,1161231,1225720,247315,913599,1213282,10812920,15966525,7545619,2775302,47478,153104,37300948,6866493,0,17842848,12591607,37300948,0,51969906,-41790390,13478396,11500036,28670963,21125344,0,0,18813948,18813948,971100,0,0,305,98,589629,64237,653866,206,0,16548,159468,167359,7151,29877,141056,48214,0,15941,4015,172976,121798,122855,0,92716,26558,52726,0,188667,136367,136796,0,103220,29759,59057,0,2005
106010983,valley memorial hospital,7/1/2004,6/30/2005,365,audited,incl. ind. audit,alameda,05,0419,non-profit,general,comparable,,(925)847-3000,1111 east stanley boulevard,livermore,94550,marcy feit,president/ceo,http://valleycare.com,the hospital committee for livermore,melinda staley,valleycare health system,0,05-0283,,zzr00283f,212,177,167,24018,711,2720,818,0,882,14656,68,613,44486,3062,167,601,205,0,216,3931,16,148,8346,172,14,0,6,20,0,34408,3337,0,1264,5477,0,7584,256,0,110,396,0,57.5,68.90000000000001,5.3,4.9,15,2981,1292,32655,724,3723,4299,0,11418,99051,2582,23242,177694,25768,10104,0,140105,0,11,289812,410583,2059,5482,991,467,688888759,520266110,0,168622649,7112497,172887721,2847425,3514289,520052,0,0,5841662,156471297,37836410,494581052,220106133,10114325,27216090,7454243,0,16727204,180250283,1872595,7137020,470877893,39823535,1128104,4730575,4785522,0,18110865,123101828,560251,25770186,218010866,218558393,9585623,25246784,11123313,0,0,26108199,192735403,17785582,0,3583116,0,15539697,0,0,0,0,40605843,1626153,6575923,1095796,0,8282732,107692746,0,2743456,0,0,0,381976,0,0,30249204,4544484,62877104,0,0,0,253693,30509042,7177573,22970956,14305665,64190863,24555065,2783227,4390798,26827736,16785106,8873779,10269020,1106429,3934571,9171127,55906530,627416,102438111,3635746,19014038,2079123,183700964,44515807,0,65496790,73688367,183700964,11192394,99718802,-68606331,95653073,34096678,161487779,59049668,8131848,0,60355000,68486848,2990058,0,0,975,254,1827955,259439,2087394,366,0,268584,488722,385353,19564,122527,338292,145148,0,58010,1755,438413,62797,688452,498,335627,140265,161903,0,502389,72893,780189,521,381975,164733,184694,0,2005
106190812,valley presbyterian hospital,11/1/2004,10/31/2005,365,audited,incl. ind. audit,los angeles,11,0905,non-profit,general,comparable,,(818)782-6600,15107 van owen street,van nuys,91405-4542,albert l. greene,president,www.valleypres.org,valley presbyterian hospital,robert flores,valley presbyterian hospital,0,05-0126,hsc30126f,zzt30126f,380,380,363,14335,618,27740,9128,0,1295,6771,429,509,60825,2485,127,6676,1540,0,404,2118,102,158,13610,363,0,0,17,0,0,60825,0,0,0,0,0,13610,0,0,0,0,0,43.9,43.9,4.5,4.5,23,10513,4317,16806,1249,43522,13824,0,3102,21592,959,13320,114374,40918,0,0,74935,0,10,663301,261798,2633,2116,4291,344,440944755,330636609,5058369,115366515,2394962,127160904,-9399427,1603630,478445,0,0,-8274242,118331980,24227533,298385242,97404562,4741051,156859611,36853166,0,10351673,40820443,2935659,6576060,356542225,15623670,1242921,22524608,17130740,0,3016691,14291691,721215,9850994,84402530,75488539,4405461,127158041,45535496,-13384245,0,9210258,50247882,15721491,0,16253686,0,0,0,5058369,0,0,37539693,1578511,53013611,13506779,0,4158106,4864252,0,705563,0,0,0,714018,0,0,28470734,5094620,44337116,0,0,0,0,16289404,4781061,17037174,11150795,43926804,20004572,3337125,13804798,18904528,8889061,6135421,1387120,4575712,1752466,4443297,39130150,0,71989499,505813,18375264,1015067,131015793,32370341,1598836,27070000,69976616,131015793,1095182,52414635,-31692652,126325867,57544755,185457844,113468345,0,0,30615000,30615000,3545000,0,0,1094,379,2228825,249424,2478249,462,0,157569,544327,524543,185136,79029,301925,171920,61905,156568,45903,625589,97628,830517,0,405209,132591,137291,0,711836,104404,891156,0,455709,146005,169139,0,2005
106560481,ventura county medical center,7/1/2004,6/30/2005,365,audited,incl. ind. audit,ventura,10,0809,city/county,general,comparable,,(805)652-6058,3291 loma vista road,ventura,93003-3099,pierre durand,administrator,,ventura county medical center,jennifer floyd,clark koortbojian & associates inc.,0,05-0159,hsc39008f,,223,196,144,7225,0,24613,0,510,2290,2098,0,10696,47432,1342,0,5422,0,108,661,573,0,2224,10330,180,43,0,0,0,0,34928,12504,0,0,0,0,8323,2007,0,0,0,0,58.3,66.3,4.6,4.6,23,4099,1809,39224,0,281804,0,15986,61031,28586,0,71411,498042,35071,470154,0,0,0,6,201624,66392,4026,4407,1629,582,348946565,195289051,555924,154213438,781369,203401073,-48406266,93075292,41531420,0,0,3137606,126338251,102808680,119799634,30045707,0,109034650,0,3048969,11283257,12524501,0,34775369,200712453,16309769,0,73560729,0,3630163,13757901,15302844,0,25672706,148234112,32058756,0,141050683,0,-78117372,6585231,19429055,22237224,52045474,0,0,0,0,0,0,0,555924,14296720,0,119662068,0,93901,5612103,6146045,0,8402601,48040192,0,395280,220122,0,32596923,31646276,75886817,36107071,497292,0,0,5103177,20931020,3292030,23585765,6351625,74202231,25322976,21974972,5252618,21798556,24295418,3655157,3712897,2397663,1482785,19305800,36451246,0,28314686,26144431,3385005,0,94295368,22556886,4683196,25151996,41903290,94295368,2497770,112383728,-86432146,39735588,29811625,73105500,44790814,0,0,28381854,28381854,3229858,0,0,1497,380,2857467,327479,3184946,518,41,199905,828030,500829,48294,241796,686577,232104,48362,67603,3967,696080,1100875,374231,74781,347265,43887,211390,8958,776998,1238976,416056,77179,387248,49590,228722,10177,2005
106190818,verdugo hills hospital,1/1/2005,12/31/2005,365,audited,excl. ind. audit,los angeles,11,0937,non-profit,general,comparable,,(818)790-7100,1812 verdugo blvd,glendale,91209-1407,leonard labella,president/ceo,http://verdugohillshsopital.org,verdugo hills hospital,susan dawson,verdugo hills hospital,0,05-0124,hsc30124g,,158,134,132,21551,2687,3947,139,0,1676,7610,0,396,38006,2661,604,324,45,0,485,2014,0,139,6272,92,24,0,0,42,0,21201,7670,0,0,9135,0,5118,575,0,0,579,0,65.90000000000001,77.7,6.1,5.1,14,2220,897,29222,2509,3848,4475,0,6364,18371,0,10201,74990,18948,0,3924,53708,696,6,396184,785059,1552,2893,548,350,253766846,188745248,2455457,67477055,867464,67486215,858304,477089,254384,0,334870,746139,52522383,19441073,181803390,84326494,17029811,11903324,705857,0,6432619,42703212,0,3830257,166931574,24488461,2535277,2063807,1400800,0,4374692,47749497,0,4222738,86835272,60640925,17096985,12928194,2102466,0,0,8083804,82908323,4984551,0,0,0,0,0,0,0,2455457,48174030,2468103,1038937,4191,0,2723507,9999843,0,3068444,0,0,0,383002,0,0,16135955,3953041,25188108,276271,1021056,0,0,9010782,2863603,4922436,4114963,28311790,5709299,0,2582010,11774008,10870723,2452292,1367007,1041049,1404999,1973038,15497211,11706665,17677100,326759,3559795,237542,49005072,12725363,0,14061346,22218363,49005072,0,35798505,-21825973,53948345,28668550,85578304,67901204,0,0,0,16944170,2882824,3096,689776,579,269,1158792,82420,1241212,384,0,53816,266419,291557,78906,188286,216808,0,25420,36032,1548,438169,80024,344756,0,116313,99119,80411,0,463607,85174,370360,0,126139,107824,88108,0,2005
106361370,victor valley community hospital,10/1/2004,9/30/2005,365,audited,excl. ind. audit,san bernardino,12,1211,non-profit,general,comparable,small/rural,(760)256-8691,15248 eleventh street,victorville,92392-3704,margaret peterson,ceo,www.vvch.org,victor valley community service,william a. fretwell,hospital management services,0,05-0517,,zzt30517f,106,106,64,5979,381,4643,5739,531,1753,3146,527,809,23508,1141,122,1296,1981,75,523,1092,149,263,6642,90,16,0,0,0,0,22194,1314,0,0,0,0,6298,344,0,0,0,0,60.8,60.8,3.5,3.5,9,2796,1293,7428,1060,8791,19759,212,10420,21116,302,8102,77190,30447,0,0,34128,0,7,186276,367213,3805,15440,850,525,166518620,121160582,213509,45571547,380595,49657034,-3704892,0,68708,0,0,-3773600,30592553,15797999,120128068,25342932,2497267,18673995,19454338,2517400,9097955,16701445,2162522,3755092,100202946,7874638,1021043,6969363,14609087,150648,9478486,20495702,425577,5291130,66315674,21848837,2737947,17506979,26846048,-1841882,2596358,13229451,26169651,3519554,0,3459225,0,5088414,0,0,0,213509,11368733,780363,9107135,7217377,71690,5346990,11241005,0,438254,0,0,0,0,0,0,9688215,2908039,16965545,0,0,0,0,6075030,1833272,5277844,6909089,18425536,6269801,670033,4467345,8569963,1730403,1482271,24490,1345608,1155177,5516407,13195805,0,14377775,392096,1149144,138507,29253327,23067596,0,8068850,-1883119,29253327,1600,29606781,-19822945,25807352,21073122,48436435,34058660,0,99206,5599663,8833869,765019,0,0,461,153,920013,88420,1008433,178,0,152046,159556,199425,64005,54718,162046,79324,0,48893,0,260782,69256,248696,0,149052,90857,101370,0,283005,73151,277091,0,163758,99215,112213,0,2005
106190049,vista specialty hsp of san gabriel valley,9/1/2004,8/31/2005,365,audited,excl. ind. audit,los angeles,11,0915,investor,general,comparable,,(626)388-2700,14148 francisquito avenue,baldwin park,91706,ron kuperferstein,ceo,,vista specialty hospital of san gabriel valley,jackie brown,j. brown & associates,0,05-0245,,hsp32045f,52,52,50,15217,0,0,0,0,103,0,0,0,15320,504,0,0,0,0,3,0,0,0,507,52,0,0,0,0,0,15320,0,0,0,0,0,507,0,0,0,0,0,80.7,80.7,30.2,30.2,0,0,0,0,0,0,0,0,66,97,0,279,442,0,0,0,437,0,3,4212,165,108,5,0,0,70370983,50509837,0,19861146,39930,16048130,3852946,7677,0,0,0,3860623,20296583,0,50074400,69308707,0,0,0,0,872579,0,0,0,70181286,0,0,0,0,0,28604,42549,0,118544,189697,49678153,0,0,0,0,0,717390,38294,0,0,0,0,76000,0,0,0,0,19630554,0,0,0,0,183793,4255,0,42544,0,0,0,7677,0,0,5085011,0,4640146,0,0,0,0,1824503,328015,3138251,1032204,6142104,1204786,0,1363200,2585572,3158444,84382,610026,350947,167308,381361,5236006,0,772185,0,0,0,6008191,5231900,0,0,776291,6008191,2502407,10929716,-8455514,0,696204,890726,118541,0,0,0,0,0,0,0,111,57,254906,4593,259499,97,0,23531,39323,54604,22867,41952,19783,23863,0,20518,8465,136045,0,46072,0,41531,10460,20798,0,137304,0,46368,0,43871,10703,21253,0,2005
106010987,washington hospital - fremont,7/1/2004,6/30/2005,365,audited,incl. ind. audit,alameda,05,0421,district,general,comparable,,(510)797-1111,2000 mowry avenue,fremont,94538-1716,nancy farber,ceo,,washington township health care district,daniel nardoni,washington township health care district,0,05-0195,hsc00195f,zzr00195f,315,315,315,32791,1704,10555,2752,18,852,17610,445,1656,68383,5786,353,2085,852,12,262,5949,133,492,15924,315,0,0,0,0,0,68383,0,0,0,0,0,15924,0,0,0,0,0,59.5,59.5,4.3,4.3,0,0,0,42937,504,9495,8640,0,5936,62385,63,5438,135398,40030,0,0,103244,0,6,469358,60962,3320,751,2126,745,740012044,488288454,0,251723590,3050831,241646757,13127664,6281834,490305,0,0,18919193,206330017,34118186,499563841,309016860,15230098,85574296,23451117,191733,10955331,160290140,3730717,14822741,623263033,42297206,1557451,8770063,8871818,0,3532900,45921354,49202,5749017,116749011,251161113,12263922,79820532,25804454,0,0,9260765,84996093,17978101,0,3806043,0,3197431,0,0,0,0,100152953,4523627,14523827,6518481,0,4081988,109575033,0,12347681,0,0,0,4345646,0,0,65478328,12738345,72007013,0,0,0,0,40005483,10061068,29973670,11382850,96774192,45906854,8486461,10838325,39177637,14420967,11957432,1707581,1347299,3101209,7928800,72153407,145907351,104443042,29904086,19893072,0,372300958,37674870,20291121,77667390,236667577,372300958,5422834,131789353,-90562147,125018223,96384232,236157994,131714952,0,0,79752390,79752390,2085000,0,0,1261,440,2361791,310787,2672578,299,0,183887,534521,748140,52620,114333,398709,232663,46710,17504,32704,827236,90808,524910,0,490898,170354,257585,0,947375,104662,591533,0,544600,194209,290199,0,2005
106444013,watsonville community hospital,1/1/2005,12/31/2005,365,audited,excl. ind. audit,santa cruz,08,0711,investor,general,comparable,,(831)724-4741,75 nielson street,watsonville,95076,carol schmoyer,interim ceo,,community health systems inc.,jeff clark,clark koortbojian & associates inc.,0,05-0194,,zzr00194f,106,106,106,8868,1131,4236,3533,459,558,3764,295,439,23283,2362,301,1127,940,122,148,1004,78,117,6199,106,0,0,0,0,0,23283,0,0,0,0,0,6199,0,0,0,0,0,60.2,60.2,3.8,3.8,10,3341,1525,15997,1206,5304,13788,977,3978,24085,419,4014,69768,27035,0,4963,39869,0,3,227952,82871,2098,929,1706,454,550377561,456868789,0,93508772,195863,95018845,-1314210,191774,0,0,0,-1122436,89332849,36581635,424463077,142569446,19136788,52227398,51668002,6873492,13568302,61552264,4607062,7699136,359901890,51174302,3927381,8194397,25889826,2135958,11038244,81031613,1064243,6019707,190475671,164004622,11127812,45416198,67469055,-1569376,8220183,21660421,114620869,9504536,0,12207366,0,4207103,0,0,0,0,29739126,11936357,11146976,8980721,789255,2946125,27963008,0,7204,0,0,0,0,0,0,15865057,6458741,29881109,0,0,0,0,11686757,4578842,19660084,6888255,39480218,12041713,2605022,4234720,13954671,8344002,3667748,1698437,767062,3424163,4801089,26726127,0,49403714,21548,294661,0,76446050,15455853,0,67216557,-6226360,76446050,0,25753907,-2023625,50539538,16664096,70560618,21156904,0,0,0,67216557,0,0,67216557,518,183,976524,158007,1134531,163,0,74718,194696,316900,9896,53878,159261,79168,31026,36919,20062,268488,81284,271748,0,185478,61102,108424,0,305804,97205,319275,0,211791,76739,123717,0,2005
106301379,west anaheim medical center,7/1/2004,6/30/2005,365,audited,excl. ind. audit,orange,13,1012,investor,general,comparable,,(714)827-3000,3033 west orange ave,anaheim,92804-3156,david cullberson,ceo,www.westanaheimmedctr.com,vanguard health systems of anaheim,jeffrey n. brown,hospital management services,0,05-0426,,zzt30426f,219,219,114,22970,6010,604,1298,1747,634,7128,35,236,40662,3193,1918,277,313,273,195,2798,14,128,9109,167,30,0,0,22,0,28408,6084,0,0,6170,0,8060,504,0,0,545,0,50.9,50.9,4.5,3.5,0,0,0,19038,5430,2003,4531,2581,2455,23766,868,5454,66126,26543,0,0,29764,0,6,308313,159555,2170,1750,0,0,289341102,221527451,6838609,74652260,730940,66272697,9110503,1485721,0,0,0,10596224,64739422,17679842,206921838,85619621,45077333,4086528,8299404,9601868,4778234,64204755,290475,1931461,223889679,12807459,6996390,2341672,5341066,1998756,3087909,26889114,793120,5195937,65451423,69651477,37828002,5258349,12137162,0,9571848,1768007,75966926,4604363,0,1185748,0,3555569,0,0,0,6838609,28604216,14113576,931615,1470831,1782682,5594369,20657956,5362,1491653,0,0,0,1475721,0,0,16873323,3484462,23005192,0,0,0,0,8139718,3072685,8174604,3522713,28757407,9122092,547022,4273306,12249157,3284239,3026839,714884,1459284,0,2838467,13365197,0,47654895,683254,0,11033048,72736394,10015287,0,0,62721107,72736394,0,18091773,-8112102,24687521,9262098,50021906,2367011,0,0,0,0,0,1900566,0,543,201,1005605,149393,1154998,382,0,90133,217757,284583,68970,64786,151416,89031,12420,22172,4337,352484,66072,231918,0,194056,64132,96943,0,394625,71000,272292,0,215835,94264,106982,0,2005
106190859,west hills hospital & medical center,1/1/2005,12/31/2005,365,audited,excl. ind. audit,los angeles,11,0905,investor,general,comparable,,(818)676-4000,7300 medical center drive,west hills,91307-1902,beverly gilmore,ceo,www.westhillshospital.com,columbia hca corporation  inc.,james r. saurenmann,saurenmann & associates,0,05-0481,,zzt30481g,236,236,106,20149,1525,1760,235,0,1063,14224,80,628,39664,3185,243,264,76,0,247,3817,22,169,8023,212,0,0,0,24,0,38553,0,0,0,1111,0,7861,0,0,0,162,0,46,46,4.9,4.9,18,2943,1188,34958,3903,1705,3244,0,2767,33336,762,3737,84412,32976,0,0,53643,0,6,281235,132210,2160,2378,842,483,535427171,413246726,0,122180445,1529593,116910332,6799706,961181,455998,0,0,7304889,94849273,17895137,422682761,191742821,16544183,16987762,2695069,0,5635039,145146158,859151,7541119,387151302,39218818,4716292,2940640,4641638,0,13568992,74919313,1402362,6867814,148275869,195725713,14176307,17308176,6372062,0,0,8542302,151476566,10923848,0,1716259,0,7005493,0,0,0,0,34205610,7084168,2611333,958219,0,10115365,65185671,0,2020079,0,0,0,73071,0,0,24573805,4439804,45153408,0,0,0,0,13960575,4640284,19084541,5057915,37473595,17963081,613318,5975202,18557140,22175413,4254964,2061415,1214391,1642370,4979443,23694782,0,16030437,1631702,0,631691,41988612,11800365,0,13185442,17002805,41988612,6224,58546351,-38030557,38393545,43766135,90552715,74522278,0,0,0,13185442,0,152429,13031155,598,267,1237656,120050,1357706,261,0,97132,222680,398830,27236,129103,144250,96624,8208,85153,28440,421586,65848,418473,0,192466,11644,120503,7136,456132,70290,461975,0,212854,12426,136184,7845,2005
106301188,western medical center-anaheim,1/1/2005,3/7/2005,66,audited,excl. ind. audit,orange,13,1012,investor,general,comparable,,(714)533-6220,1025 s anaheim blvd.,anaheim,92805-5806,patrick rafferty,ceo,,tenet healthcare corporation,remedios h. maglaya,tenet healthcare corporation,0,05-0594,hsc30594h,hsp30594h,188,188,188,1989,416,2892,547,40,820,844,35,108,7691,226,87,513,135,16,144,182,6,40,1349,97,91,0,0,0,0,3207,4484,0,0,0,0,935,414,0,0,0,0,62,62,5.7,5.7,5,672,393,366,63,6852,1753,51,1311,1043,31,927,12397,3622,4111,0,4793,0,4,18385,15180,213,169,314,92,58525212,49069068,0,9456144,108852,14689667,-5124671,0,60197,0,0,-5184868,13377414,2515001,42632797,11049748,4074637,13073126,5379195,193885,4993589,6178156,286380,1032274,46260990,1826882,490070,2594930,2133116,229502,955226,2807333,57977,1169186,12264222,10558330,3604650,14147842,6355820,-628049,302378,4525097,8498246,1021095,0,223777,0,459882,0,0,0,0,2318300,960057,2130334,1156491,121009,1143233,63580,138509,1424631,0,0,0,0,0,0,3651416,917892,3305886,0,0,0,0,1691963,875207,3508899,738404,4598667,1824344,233537,1560077,1675254,2207996,342789,178338,509281,0,1559384,9463272,0,23025709,0,0,1223332,33712313,13072537,0,0,20639776,33712313,956733,11842232,-7211764,16958214,12842530,34356354,11330645,0,0,0,0,0,0,5970955,417,188,166301,17688,183989,89,0,12480,25714,44546,13580,12535,27572,2291,320,26981,282,82483,19750,29168,0,13658,6983,14259,0,91052,21434,32902,0,14908,7987,15706,0,2005
106301188,western medical center-anaheim,3/8/2005,12/31/2005,299,audited,excl. ind. audit,orange,13,1012,investor,general,comparable,,(714)533-6220,1025 s anaheim blvd.,anaheim,92805-5806,casey fatch,ceo,,integrated healthcare holdings  inc.,tad erickson,tre reimbursement consulting  inc.,0,05-0744,hsc30594j,,188,188,181,9669,1455,12702,2219,1240,1991,3785,146,1979,35186,860,229,2308,545,183,384,683,43,276,5511,97,91,0,0,0,0,15038,20148,0,0,0,0,4114,1397,0,0,0,0,62.6,62.6,6.4,6.4,5,3737,2012,3035,873,26759,4835,563,2482,7293,431,5526,51797,16017,15454,0,19523,0,4,82868,61465,792,698,1527,586,251643096,206107173,0,45535923,187126,57847607,-12124558,180333,0,0,0,-11944225,57319965,11421570,182901561,48206390,13540240,59262970,20534810,10902493,15847319,24246311,1343302,2921649,196805484,7531060,1908185,11411853,7748378,1977016,4828662,13245685,453612,5733161,54837612,44145668,12044616,61759125,25575874,-2722235,11648047,14002078,28600125,7358536,0,1758273,0,1937066,0,0,0,0,11591782,3403809,11637933,2707314,1231462,6673903,5567335,38641,2683744,0,0,0,0,0,0,16491638,4522185,13147726,0,0,0,0,6819327,2014081,11449571,3403079,21730941,7340970,1240223,5016886,6696079,5877765,185688,2292548,1242324,11438,6212745,12008794,0,1790152,0,0,433565,14232511,21421664,0,0,-7189153,14232511,0,21051331,-10303762,0,1975840,1975840,185688,0,0,0,0,0,0,16066188,440,189,786724,69290,856014,89,0,66504,120677,209112,62938,49270,125442,12271,34924,63463,42123,379473,91369,124236,0,67228,55825,68593,0,413340,98551,136444,0,72637,59361,75681,0,2005
106301566,western medical center-santa ana,1/1/2005,3/7/2005,66,audited,excl. ind. audit,orange,13,1015,investor,general,comparable,,(714)953-3560,1001 north tustin avenue,santa ana,92705-3502,dan brothman,ceo,,tenet healthcare corporation,remedios h. maglaya,tenet healthcare corporation,2,05-0065,hsc30065f,zzt30065f,282,282,282,2870,1027,2095,1595,383,55,2512,294,111,10942,437,211,650,409,57,15,613,65,63,2520,254,28,0,0,0,0,9654,1288,0,0,0,0,2435,85,0,0,0,0,58.8,58.8,4.3,4.3,16,1074,558,1126,310,5355,1653,124,672,3440,89,2218,14987,4543,3200,0,7546,0,15,73380,40740,529,576,399,204,160215102,136754781,2936951,26397272,202903,33440397,-6840222,80428,17840,0,0,-6777634,40203425,4381921,115629756,31891587,14815628,20237399,16344643,6068865,995173,36808680,8120605,1610315,136892895,4488909,1386673,2489147,2803952,217000,353702,9679569,158784,1744471,23322207,30187546,13405680,20779550,17977076,-549590,3807777,458285,40502666,611616,0,8326617,0,1247558,0,2936951,0,0,6192950,2796621,2449358,4108470,2478088,890590,5983078,0,1498117,0,0,0,0,0,0,7264785,1675492,10571117,1290127,542092,0,115950,3666470,1924922,4542879,1846563,10192729,4395952,720789,2297608,5078850,6452717,671881,384224,1164562,158,2080927,98528513,0,75396068,0,345815,27752281,202022677,18331194,0,0,183691483,202022677,967683,42157076,-42479834,61838446,28425946,108515435,33119367,0,0,0,0,0,91926942,0,937,386,341911,44663,386574,247,10,24134,55470,114171,6588,24535,74567,5128,3029,33946,343,134843,25080,102660,146,35018,17235,26929,0,151146,28263,118421,180,39722,18886,29956,0,2005
106301566,western medical center-santa ana,3/8/2005,12/31/2005,299,audited,excl. ind. audit,orange,13,1015,investor,general,comparable,,(717)953-3500,1001 north tustin avenue,santa ana,92705-3502,dan brothman,ceo,,integrated healthcare holdings  inc.,tad erickson,tre reimbursement consulting  inc.,2,05-0746,hsc30065h,zzt30065h,282,282,282,12719,3823,10732,3766,1519,0,12462,640,1901,47562,1674,780,2936,808,295,0,3343,175,552,10563,254,28,0,0,0,0,41370,6192,0,0,0,0,10160,403,0,0,0,0,56.4,56.4,4.5,4.5,16,5333,2735,5924,1681,6150,3322,429,0,12993,246,17225,47970,20097,9940,0,6272,3502,11,307980,183120,2447,2452,2024,921,704348034,582518164,10789235,132619105,535380,133201914,-47429,0,0,1,0,-47430,175637525,23059832,505650677,129483876,56399395,114252514,79143525,24970520,0,173138082,10926374,12893298,601207584,19415012,7038454,10572596,12455878,2192097,0,43694327,533020,7239066,103140450,123150685,52506160,111385531,84646757,-2694711,24951138,0,156773204,21504000,0,10295400,0,0,0,10789235,0,0,25748203,10931689,16134290,17741881,2211479,0,57615483,1163994,1072086,0,0,0,0,0,0,32287560,8880008,42121328,4078119,4413549,0,498698,16561366,3596863,12682367,8082056,45178501,15884675,3228581,9730762,20885914,25993143,363604,5756814,1741827,9826,4428267,28079126,0,3662661,0,0,0,31741787,30041858,0,0,1699929,31741787,339298,59845794,-35681434,0,4026265,4026265,363604,0,0,0,0,0,0,12139102,1012,393,1698417,172457,1870874,231,7,142322,261433,530895,27425,110499,441409,29608,8979,138195,7652,628204,137655,437255,1132,187733,164670,141768,0,680810,153440,487674,1248,208255,182613,156834,0,2005
106190878,white memorial medical center,1/1/2005,12/31/2005,365,audited,incl. ind. audit,los angeles,11,0925,non-profit,general,comparable,teaching,(323)268-5000,1720 caesar e. chavez dr,los angeles,90033-2414,beth d. zachary,ceo,www. whitememorial.com,adventist health systems,lucy lu,,0,05-0103,hsc30103f,,367,367,274,22801,5950,41498,9539,1205,8972,3110,1355,1535,95965,3627,843,7579,1785,247,1769,552,214,294,16910,269,35,0,22,41,0,70682,9472,0,4900,10911,0,14036,1618,0,427,829,0,71.59999999999999,71.59999999999999,5.7,5.3,34,7715,3320,24158,5926,23313,18390,0,3404,20392,3381,12084,111048,43525,18730,0,51442,1268,16,323790,225450,3341,7977,2554,1031,819113056,636905439,8412839,190620456,5613598,205564305,-9330251,15400432,2461089,0,0,3609092,188921492,67029797,563161767,167427797,44353813,250648693,63741281,1847202,37452376,19964009,11750851,16959567,614145589,46978767,13712162,42098397,37526671,0,7950793,38828770,8134131,9737776,204967467,158851624,43858712,230944379,91463293,-31144999,1082142,37535672,38550800,15970845,0,39838340,0,9954631,3464608,4948231,0,0,55554940,17671871,73785186,13962056,765060,7867497,20241979,0,771867,0,3216974,288787,11725872,0,0,46325047,9165224,62400385,801197,1101042,0,5727386,28513669,7594577,34125011,9810767,86680101,22296038,8396848,13772208,31878437,20862110,10434350,1941946,2713883,0,6588384,175854619,136415252,96377884,122445817,18505582,503293,550102447,51998112,77910182,70746721,349447432,550102447,139588610,118784966,-95246084,147057426,56611257,211230145,114852261,0,1528870,576000,71753348,1006627,18755611,65428654,1492,488,2843736,416771,3260507,492,67,232917,636905,664458,108377,242639,465560,156268,179196,151737,5679,976165,139414,639238,162861,384489,191201,350368,0,1102815,161757,730551,166365,436958,218321,443740,0,2005
106190883,whittier hospital medical center,11/1/2004,6/30/2005,242,audited,incl. ind. audit,los angeles,11,0919,investor,general,comparable,,(562)945-3561,9080 colima road,whittier,90605-1803,howard ternes,ceo,www.whittierhospiital.com,ahmc healthcare inc.,john skelton,ahmc healthcare inc.,0,05-0735,hsc30175h,zzt30175h,181,181,102,6083,5027,7567,1577,0,427,3306,113,543,24643,1169,1573,793,602,0,81,1180,33,201,5632,159,0,0,0,22,0,19670,0,0,0,4973,0,5629,0,0,0,3,0,56.3,56.3,4.4,3.5,20,2933,1403,4078,6623,7832,5124,0,934,12962,3,1262,38818,16108,0,0,23909,0,5,122475,114868,1261,1644,1076,436,335029964,284135982,939809,51833791,82885,50110820,1805856,0,0,0,0,1805856,52180725,14388046,268461193,52820314,53505434,61192118,13833592,0,4145427,39063758,2066756,4932875,231560274,12156073,22445656,8634422,12665288,0,2889641,44135286,105461,437863,103469690,54316896,61006286,58024966,24472413,-1901656,0,5475743,72084243,5316295,0,5340796,0,0,0,939809,0,0,10659491,14944804,10699951,2800976,0,1559325,11114801,0,54443,0,0,0,0,0,0,11330362,2280275,19156969,0,0,0,0,6707073,2193988,5937997,2504156,21777089,7628056,1851547,715357,9018282,3885320,0,1742877,732119,131131,2629042,23186458,0,0,0,0,596898,23783356,7396318,0,8044901,8342137,23783356,4032596,55400115,-38718911,0,0,0,0,0,0,0,8044901,0,0,8044901,630,242,772119,97224,869343,198,0,46699,142023,257943,23127,52005,185855,39543,24924,0,0,298013,18054,226422,0,117610,16644,95376,0,341280,22843,252678,0,127651,21858,103033,0,2005
106571086,woodland memorial hospital,7/1/2004,6/30/2005,365,audited,incl. ind. audit,yolo,02,0313,non-profit,general,comparable,,(530)662-3961,1325 cottonwood st,woodland,95695,william alger,ceo,,catholic healthcare west,kenton fong,chw,0,05-0127,hsc00127f,zzr01027f,115,115,111,5090,1723,2369,1370,277,15,3157,0,191,14192,1050,432,456,419,78,3,1252,0,10,3700,107,8,0,0,0,0,10588,3604,0,0,0,0,3341,359,0,0,0,0,33.8,33.8,3.8,3.8,0,0,0,13478,6763,11404,5755,865,1284,16622,0,5586,61757,22715,0,13928,10939,573,8,158985,273786,1657,4739,519,151,205462444,161179647,19932787,64215584,1484371,63819737,1880218,6181002,4334724,0,0,3726496,38318170,32383270,134761004,35680099,16021037,10444640,10568993,2087442,172487,27684121,0,2819424,105478243,19512752,11213751,4171178,10901929,1377435,4992386,42148901,0,5665869,99984201,44644898,26936814,11788051,19294792,0,2455414,3338079,43267245,6524572,0,2633754,-3308,299336,8708515,1989038,0,9235234,10547953,8975819,2827419,4165168,1009451,1826001,34092967,0,770806,0,1834762,213198,92027,0,0,10154709,7178281,16074506,6261816,-60832,0,0,9824677,810414,10305177,3270989,23822559,7841755,106161,5253301,6561002,11972056,2731895,1112896,882580,829024,2706508,8504990,0,18301203,651867,1427117,0,28885177,55574431,57469,8105873,-34852596,28885177,43297,27476366,-20401154,26085259,19266302,48227011,29925808,0,0,11524688,11524688,3418815,0,38027182,436,106,885721,124490,1010211,96,0,72863,230972,181360,9659,28996,146936,59967,51852,36501,66615,191849,125055,226767,0,172573,32016,123635,13826,221239,143734,258819,0,195703,36566,139160,14990,2005
,,,,,,,,,,,,,,,,,,,,,,,,,,,,,,,,,,,,,,,,,,,,,,,,,,,,,,,,,,,,,,,,,,,,,,,,,,,,,,,,,,,,,,,,,,,,,,,,,,,,,,,,,,,,,,,,,,,,,,,,,,,,,,,,,,,,,,,,,,,,,,,,,,,,,,,,,,,,,,,,,,,,,,,,,,,,,,,,,,,,,,,,,,,,,,,,,,,,,,,,,,,,,,,,,,,,,,,,,,,,,,,,,,,,,,,,,,,,,,,,,,,,,,2005
